# Converted from the official Rethink Robotics Baxter DAE
v 0.1540145 -0.01745009 0
v -0.01394259 -0.1500318 0
v -0.01401823 -0.1543648 0
v 0.01611089 -0.1541604 0
v -0.01394259 0.1500318 0
v -0.03392434 -0.0568735 0.5607581
v -0.03713351 -0.05747824 0.5586624
v -0.03441959 -0.05761337 0.5559346
v -0.03678107 -0.05782681 0.556185
v -0.03644835 -0.05815583 0.5538467
v -0.03353238 -0.05558228 0.5645753
v -0.03802984 -0.0560624 0.5645891
v -0.03776067 -0.05656975 0.5628061
v -0.0331248 -0.05423963 0.5685448
v -0.03847169 -0.05499041 0.5676518
v -0.03810137 -0.05588907 0.5650843
v -0.03275257 -0.05204361 0.5721696
v -0.03906983 -0.05239689 0.5728869
v -0.03882014 -0.05377143 0.5703928
v -0.0324555 -0.05029076 0.5750631
v -0.0391041 -0.05212885 0.5733185
v -0.03907191 -0.05238014 0.5729138
v -0.03208333 -0.04673826 0.5786871
v -0.03915423 -0.04712569 0.5793418
v -0.03924274 -0.04897218 0.5774759
v -0.03239721 -0.04973447 0.5756306
v -0.03923267 -0.04990559 0.5763517
v -0.03922486 -0.05063003 0.5754793
v -0.03913754 -0.04695188 0.5794892
v -0.03895533 -0.04505544 0.5810972
v -0.03195577 -0.04552084 0.5799292
v -0.03874135 -0.04342836 0.582266
v -0.0318067 -0.04321908 0.581381
v -0.03869473 -0.04307448 0.5825201
v -0.03154546 -0.03918486 0.5839255
v -0.03829181 -0.04051738 0.584068
v -0.03133732 -0.03446018 0.5859527
v -0.03722423 -0.03457838 0.5867526
v -0.03147351 -0.03807497 0.5846256
v -0.03778952 -0.03765714 0.5854974
v -0.0380795 -0.03930866 0.584672
v -0.03113663 -0.02913773 0.5879068
v -0.03605228 -0.02804118 0.5887258
v -0.03625023 -0.02915948 0.5884141
v -0.03680801 -0.03231167 0.5875356
v -0.03720253 -0.03446054 0.5868006
v -0.0308026 0 0.5911594
v -0.0334497 0 0.5914328
v -0.03359842 -0.00642246 0.5913301
v -0.03089338 -0.01616621 0.5902756
v -0.03399986 -0.01246988 0.5910134
v -0.03438508 -0.01617044 0.5906592
v -0.03089845 -0.0170592 0.5902268
v -0.03458678 -0.0181086 0.5904736
v -0.03113102 -0.02899074 0.5879608
v -0.0352925 -0.02330601 0.5897091
v -0.03359842 0.00642246 0.5913301
v -0.03399986 0.01246988 0.5910134
v -0.03089588 0.01616472 0.5902509
v -0.03438508 0.01617044 0.5906592
v -0.03458678 0.0181086 0.5904736
v -0.03090333 0.01745146 0.5901785
v -0.0352925 0.02330601 0.5897091
v -0.03113722 0.02913862 0.5879005
v -0.03605228 0.02804118 0.5887258
v -0.03625023 0.02915948 0.5884141
v -0.03114205 0.0293765 0.5878541
v -0.03680801 0.03231167 0.5875356
v -0.03133893 0.03445172 0.5859361
v -0.03720253 0.0344606 0.5868006
v -0.0314998 0.03859543 0.5843701
v -0.0380795 0.03930866 0.584672
v -0.03778952 0.03765714 0.5854974
v -0.03722423 0.03457838 0.5867526
v -0.03180712 0.0432133 0.5813773
v -0.03869473 0.04307448 0.5825201
v -0.03154087 0.03921228 0.5839703
v -0.03829181 0.04051738 0.584068
v -0.03208333 0.04673278 0.5786874
v -0.03913754 0.04695188 0.5794892
v -0.03197801 0.04578143 0.579713
v -0.03895533 0.04505544 0.5810972
v -0.03874135 0.04342836 0.582266
v -0.03240543 0.04964309 0.5755497
v -0.03924274 0.04897218 0.5774759
v -0.03915423 0.04712569 0.5793418
v -0.03274917 0.0520842 0.5722021
v -0.03907191 0.05238014 0.5729138
v -0.0391041 0.05212885 0.5733185
v -0.03256827 0.05111366 0.5739643
v -0.03922486 0.05063003 0.5754793
v -0.03923267 0.04990559 0.5763517
v -0.03906983 0.05239689 0.5728869
v -0.03882014 0.05377143 0.5703928
v -0.03325152 0.05477845 0.5673104
v -0.03847169 0.05499041 0.5676518
v -0.03810137 0.05588907 0.5650843
v -0.03353124 0.05559271 0.5645859
v -0.03802984 0.0560624 0.5645891
v -0.03441905 0.05758893 0.5559399
v -0.03678107 0.05782681 0.556185
v -0.03410255 0.05725544 0.5590223
v -0.03713351 0.05747824 0.5586624
v -0.03776067 0.05656975 0.5628061
v -0.03575539 0.05856847 0.548159
v -0.03644835 0.05815583 0.5538467
v -0.03216165 0.03984338 0.5779245
v -0.03241342 0.04306733 0.5754728
v -0.03252738 0.04425281 0.5743625
v -0.03283941 0.04686337 0.5713233
v -0.03319168 0.04899579 0.5678933
v -0.03336298 0.04980504 0.5662251
v -0.03383404 0.0514726 0.561638
v -0.03437018 0.0526542 0.5564166
v -0.03468096 0.05309146 0.55339
v -0.03540271 0.05862516 0.546361
v -0.03542035 0.05362516 0.5461884
v -0.03194952 0.03621983 0.5799907
v -0.03186094 0.0343551 0.5808525
v -0.01445853 -0.002201259 0.6908454
v -0.01445692 0 0.6908491
v -0.01632559 0 0.7071853
v -0.01660776 0.000728855 0.7100147
v -0.01660269 0 0.710052
v -0.01169407 -0.03088188 0.7261291
v -0.009095668 -0.03613728 0.7250597
v -0.01235091 -0.0287342 0.7235299
v -0.01247662 -0.0287857 0.7259802
v -0.0153886 -0.01941317 0.7235299
v -0.01548337 -0.01943641 0.7253924
v -0.01409655 -0.0244463 0.7256719
v -0.0161342 -0.01168435 0.7144058
v -0.01603233 -0.01310169 0.7156572
v -0.01391422 -0.01903349 0.7071853
v -0.01584309 -0.01639771 0.7205761
v -0.01584422 -0.01701569 0.7221293
v -0.01597565 -0.01392716 0.716674
v -0.01591747 -0.01477253 0.7177153
v -0.01587587 -0.01568216 0.7193164
v -0.01593732 -0.01779639 0.7253009
v -0.01588535 -0.01736044 0.7235299
v -0.01584661 -0.0170359 0.7222113
v -0.01660269 -5.83858e-07 0.710052
v -0.01658511 -0.002560377 0.7101831
v -0.0157203 -0.009592771 0.7071853
v -0.01656711 -0.003180742 0.7103219
v -0.01650625 -0.005274415 0.71079
v -0.01645934 -0.006235957 0.7111843
v -0.01635754 -0.008324027 0.7120404
v -0.01630634 -0.009123802 0.7125374
v -0.01627177 -0.009663403 0.7128726
v -0.01621031 -0.01062375 0.7134693
v -0.0162723 0.009663522 0.7128764
v -0.01630824 0.009133279 0.7124982
v -0.0157203 0.009592771 0.7071853
v -0.01631307 0.009063303 0.7124483
v -0.0164476 0.006627619 0.7112646
v -0.01646173 0.00624603 0.7111527
v -0.01656484 0.003461182 0.7103359
v -0.01656937 0.003171384 0.7103019
v -0.01584023 0.01679027 0.7215128
v -0.01586842 0.01572233 0.7192814
v -0.01391422 0.01903349 0.7071853
v -0.01587206 0.01558387 0.7189921
v -0.01597523 0.01393038 0.716654
v -0.01599049 0.01368659 0.7163093
v -0.01613026 0.01175475 0.7143682
v -0.01613217 0.01172673 0.7143483
v -0.01593732 0.01779639 0.7253009
v -0.01590836 0.01768565 0.7246505
v -0.0153886 0.01941317 0.7235299
v -0.01588404 0.01736587 0.7235298
v -0.01585543 0.01698994 0.7222126
v -0.01210725 0.02988815 0.7260522
v -0.01249867 0.02879446 0.725977
v -0.01235091 0.0287342 0.7235299
v -0.01441723 0.02343517 0.7256088
v -0.01549428 0.01943987 0.7253906
v -0.009095668 0.03613728 0.7250597
v -0.01026058 0.02980673 0.7071849
v -0.009624481 0.032377 0.7117771
v -0.009051144 0.03476965 0.717379
v -0.008605539 0.03679096 0.7235299
v -0.01093596 0.02817231 0.7071853
v -0.01055485 0.02861273 0.7053557
v -0.01030462 0.02962839 0.7068665
v -0.01254171 0.01966053 0.696473
v -0.01197832 0.02245455 0.6985855
v -0.0112487 0.02571845 0.7017309
v -0.01068383 0.02807486 0.7046821
v -0.01385718 0.01101899 0.6923614
v -0.01375371 0.011909 0.6926472
v -0.01319271 0.01593077 0.6943079
v -0.01270508 0.0187242 0.6959295
v -0.01445519 0.002341747 0.6908529
v -0.0142458 0.006753802 0.6913492
v -0.01400685 0.009376823 0.6919717
v -0.01379764 -0.01153928 0.6925252
v -0.01400578 -0.009376645 0.6919764
v -0.01420801 -0.007275342 0.6914432
v -0.0143646 -0.004771471 0.691062
v -0.01093596 -0.02817231 0.7071853
v -0.01068389 -0.02807563 0.7047044
v -0.01087373 -0.02730017 0.7035977
v -0.01130843 -0.02546215 0.7014519
v -0.01201593 -0.02227705 0.6984369
v -0.01270526 -0.01878505 0.6959035
v -0.01324528 -0.01559484 0.6941444
v -0.008733749 -0.03618741 0.7215276
v -0.009189546 -0.0341776 0.7158477
v -0.009640872 -0.03231024 0.7116411
v -0.01021903 -0.02997434 0.7074145
v -0.01025837 -0.02981352 0.707185
v -0.1005519 0.03920984 0.6337583
v -0.1011282 0.04063028 0.6327989
v -0.1025403 0.04066354 0.6304485
v -0.1027563 0.04203867 0.6300888
v -0.1030117 0.04225957 0.6296638
v -0.1043747 0.04263001 0.627395
v -0.1044248 0.04401171 0.6273117
v -0.1047101 0.0443654 0.6268368
v -0.1060341 0.04509252 0.6246332
v -0.1059293 0.04643607 0.6248077
v -0.1064292 0.04580169 0.6239757
v -0.1062569 0.04699248 0.6242625
v -0.0709663 -0.07453656 0.5844809
v -0.07221877 -0.07423126 0.5870285
v -0.07368332 -0.07560294 0.5863812
v -0.06306332 -0.08035802 0.5444267
v -0.06183379 -0.07922059 0.5443227
v -0.06234741 -0.07837784 0.5518152
v -0.1144446 -0.07342016 0.610506
v -0.1151595 -0.07396233 0.608822
v -0.1119117 -0.07391846 0.6087166
v -0.1142569 -0.07315403 0.6109481
v -0.1117139 -0.0712884 0.6125082
v -0.1132693 -0.07128506 0.6125918
v -0.1117891 -0.07306808 0.6109335
v -0.1135361 -0.07200211 0.6121479
v -0.1142072 -0.0730744 0.611031
v -0.06614309 -0.08027219 0.5517151
v -0.06571274 -0.08117741 0.544447
v -0.06474953 -0.08106362 0.5444626
v -0.1079016 -0.07132488 0.6120612
v -0.1061843 -0.07307171 0.6102804
v -0.1059255 -0.07134383 0.6118294
v -0.101951 -0.07143121 0.6109589
v -0.1017076 -0.07313132 0.609304
v -0.1012865 -0.07144588 0.6108134
v -0.09692072 -0.07326138 0.60773
v -0.09631311 -0.07162404 0.6091725
v -0.09240204 -0.0734595 0.6056426
v -0.09161072 -0.07187044 0.6069941
v -0.09074199 -0.0719273 0.6064999
v -0.09063673 -0.07356017 0.6046409
v -0.0897727 -0.07199078 0.6059484
v -0.08665031 -0.07384413 0.6019243
v -0.08562475 -0.07232022 0.6031147
v -0.0829792 -0.07418864 0.5987554
v -0.08181232 -0.07270771 0.5998165
v -0.08121716 -0.07278364 0.5991756
v -0.0796172 -0.07459276 0.5951424
v -0.07833093 -0.07315164 0.5960675
v -0.07652127 -0.07506233 0.5910331
v -0.07386064 -0.07390862 0.5897244
v -0.07513636 -0.07365792 0.5918191
v -0.07726895 -0.07331997 0.5946552
v -0.06969064 -0.07484751 0.5818862
v -0.07121628 -0.07619303 0.5813696
v -0.06850302 -0.07519114 0.5790159
v -0.06995648 -0.07655417 0.5783272
v -0.06840246 -0.07522022 0.5787728
v -0.06783682 -0.07729679 0.5721116
v -0.06623744 -0.07597661 0.5724265
v -0.06497865 -0.07655239 0.5675542
v -0.06616312 -0.07807797 0.5656159
v -0.06452852 -0.07675832 0.5658117
v -0.06490314 -0.07889461 0.5588521
v -0.06323891 -0.07756036 0.5589368
v -0.1065396 -0.07389813 0.6081257
v -0.1022654 -0.07393652 0.6072216
v -0.0977078 -0.07404065 0.605754
v -0.09341186 -0.07421046 0.6038002
v -0.09173381 -0.07429891 0.6028606
v -0.08793967 -0.07455331 0.6003037
v -0.08443498 -0.07486814 0.5973063
v -0.08121216 -0.07524305 0.5938695
v -0.07823002 -0.07568442 0.5899372
v -0.0754835 -0.07619851 0.5854591
v -0.07308685 -0.07676547 0.5806093
v -0.07186043 -0.07711505 0.5776538
v -0.06979644 -0.07783955 0.5715964
v -0.06817072 -0.07860887 0.5652428
v -0.06695783 -0.07942062 0.5586097
v -0.06403809 -0.0797438 0.5518354
v -0.06357723 -0.08057308 0.5444377
v -0.06283837 -0.07792764 0.5557371
v -0.1419551 -0.08236193 0.5456952
v -0.1483549 -0.08436805 0.5306184
v -0.1377943 -0.08433544 0.5321747
v -0.09293919 -0.08414298 0.5391697
v -0.1197838 -0.08301615 0.5438205
v -0.1230768 -0.08317667 0.5422655
v -0.1206794 -0.07569271 0.5958176
v -0.1145915 -0.07603359 0.5922504
v -0.1102907 -0.07669544 0.5863784
v -0.08645629 -0.08205819 0.5403397
v -0.07606476 -0.08189368 0.5401937
v -0.1119509 -0.07966023 0.563004
v -0.1171302 -0.08056724 0.5565077
v -0.08645629 -0.08199536 0.5408397
v -0.1310243 -0.08158749 0.5503303
v -0.1237844 -0.08123773 0.5521013
v -0.1083058 -0.07759672 0.5789237
v -0.1088808 -0.07862681 0.5708026
v -0.1119451 -0.07965886 0.563014
v -0.01272982 -0.0390771 0.7259098
v -0.01101016 -0.03808939 0.7262551
v -0.01273012 -0.03804177 0.7259121
v -0.01615482 -0.03898113 0.7252556
v -0.01777184 -0.03790205 0.7249067
v -0.02076667 -0.03885883 0.724158
v -0.02076411 -0.03782457 0.72415
v -0.02266979 -0.03880822 0.7237051
v -0.02416974 -0.03773623 0.7232888
v -0.02453148 -0.0387634 0.7231374
v -0.02756124 -0.03765738 0.7221921
v -0.03353458 -0.03752923 0.7199488
v -0.03228473 -0.03858739 0.7204686
v -0.03019881 -0.03759604 0.7213392
v -0.02881461 -0.03866016 0.7218313
v -0.02756822 -0.0386902 0.7222114
v -0.03916698 -0.03742837 0.7172244
v -0.03916227 -0.03846114 0.7172151
v -0.03799468 -0.03744542 0.7179173
v -0.03753679 -0.03848552 0.7181541
v -0.0358603 -0.03748261 0.7189795
v -0.03458303 -0.03853923 0.7195662
v -0.03354585 -0.03856092 0.7199735
v -0.04813241 -0.03732156 0.7111687
v -0.04648166 -0.03836941 0.7124248
v -0.04455852 -0.03735637 0.7138329
v -0.04455381 -0.0383892 0.7138251
v -0.04323136 -0.03736931 0.7148221
v -0.04270225 -0.03840816 0.7151699
v -0.0396558 -0.03845375 0.71693
v -0.05393493 -0.0373035 0.7056856
v -0.05261415 -0.03833872 0.7070173
v -0.05284553 -0.03730207 0.7068534
v -0.05170214 -0.03833788 0.7079773
v -0.04927211 -0.03731685 0.7101252
v -0.04927146 -0.0383501 0.7101229
v -0.04750853 -0.03835892 0.7116789
v -0.05867022 -0.03732436 0.7002258
v -0.05809324 -0.03835511 0.70094
v -0.0562855 -0.0373066 0.7031656
v -0.05643171 -0.03834199 0.7029986
v -0.05390584 -0.03833985 0.7056575
v -0.06387019 -0.03738057 0.6933568
v -0.06309545 -0.03840506 0.6944565
v -0.06130933 -0.03734397 0.6969724
v -0.06150501 -0.03838187 0.6967131
v -0.05866986 -0.03835964 0.7002258
v -0.07451343 -0.03757697 0.6770519
v -0.07454335 -0.03861367 0.6770027
v -0.07214254 -0.03856492 0.6808077
v -0.06989979 -0.03748393 0.6843493
v -0.06990557 -0.0385195 0.684353
v -0.06698971 -0.03742522 0.6889523
v -0.06725251 -0.03846555 0.6885578
v -0.06387025 -0.03841626 0.6933571
v -0.09716802 -0.03913617 0.6393911
v -0.08986026 -0.03896695 0.6515539
v -0.08985906 -0.0379309 0.6515532
v -0.08400994 -0.03883141 0.6612909
v -0.07782953 -0.03765237 0.6715701
v -0.07731741 -0.03764075 0.6724166
v -0.07730942 -0.03867733 0.6724119
v -0.08067864 -0.03875482 0.6668199
v -0.09710925 -0.03809875 0.6394889
v -0.01023334 0.03000622 0.7066097
v -0.009534299 0.03279465 0.7115598
v -0.01049023 0.028975 0.7050863
v -0.01120269 0.02603495 0.7014303
v -0.01112818 0.03084295 0.7062115
v -0.0109474 0.02963089 0.7046994
v -0.01137399 0.02978801 0.7046625
v -0.01165002 0.02661824 0.7009909
v -0.0120573 0.02677267 0.7009367
v -0.01195025 0.02271854 0.6982616
v -0.01252597 0.01988095 0.6961377
v -0.01319003 0.01609796 0.6939647
v -0.01358979 0.01642626 0.6934224
v -0.01330912 0.0204389 0.6955252
v -0.01294332 0.02030432 0.6956222
v -0.01324898 0.02076339 0.6957664
v -0.01238274 0.023216 0.6977755
v -0.01276761 0.02336221 0.6976986
v -0.01213294 0.02640968 0.700592
v -0.01414626 0.01225775 0.6917418
v -0.01423078 0.01422935 0.6923669
v -0.01393401 0.01653957 0.6933024
v -0.01424902 0.01133728 0.6914533
v -0.01447308 0.0123434 0.6916032
v -0.01424437 0.01412338 0.6923239
v -0.01376092 0.01202499 0.6923011
v -0.01386612 0.01112461 0.6920151
v -0.0142607 0.006813824 0.6910032
v -0.01484286 0.00240159 0.6899358
v -0.01494783 0.006985247 0.6902812
v -0.01463478 0.006937265 0.690434
v -0.01492798 0.00721997 0.6903358
v -0.01457273 0.01141661 0.6913115
v -0.01447296 0.002361059 0.6905075
v -0.01447629 -0.002219319 0.6905
v -0.0147528 -0.004897475 0.6901455
v -0.01515412 -0.002272546 0.6897703
v -0.0148462 -0.002257287 0.6899282
v -0.01515251 1.41192e-07 0.689774
v -0.01515078 0.002417743 0.6897779
v -0.01438111 -0.004812479 0.6907163
v -0.01422238 -0.007340729 0.6910971
v -0.01380556 -0.01165086 0.692179
v -0.01418989 -0.01187533 0.6916186
v -0.01491129 -0.007526338 0.6903767
v -0.01459723 -0.007474482 0.6905285
v -0.01492905 -0.007220923 0.6903312
v -0.0150628 -0.004931092 0.6899898
v -0.01364201 -0.01607757 0.6932567
v -0.01424437 -0.01411741 0.6923239
v -0.01451534 -0.0119583 0.6914786
v -0.01310592 -0.01939284 0.6950426
v -0.01398456 -0.0161888 0.6931348
v -0.01423037 -0.01422959 0.6923678
v -0.01324349 -0.01575756 0.6938008
v -0.01269298 -0.01899242 0.6955657
v -0.01198863 -0.02253824 0.6981121
v -0.01126384 -0.02577441 0.7011488
v -0.0108177 -0.02764201 0.7033132
v -0.009672224 0.03321272 0.7113701
v -0.01037323 0.03038597 0.706386
v -0.0106309 0.02933973 0.7048512
v -0.01134562 0.02635544 0.7011666
v -0.01209342 0.02298814 0.6979748
v -0.01266747 0.02010774 0.6958379
v -0.01332908 0.01627153 0.6936545
v -0.01389783 0.01214671 0.6919853
v -0.01400274 0.01123559 0.6916986
v -0.01439601 0.006877601 0.6906849
v -0.01460748 0.002381861 0.6901891
v -0.01461088 -0.00223881 0.6901816
v -0.01451593 -0.004856288 0.6903979
v -0.01435768 -0.00740993 0.690779
v -0.01394242 -0.0117681 0.6918628
v -0.01338249 -0.01592659 0.6934899
v -0.01283401 -0.01920622 0.6952628
v -0.01213175 -0.02280509 0.6978244
v -0.01140701 -0.02609091 0.7008829
v -0.01095932 -0.02798694 0.7030646
v -0.01000654 0.03353524 0.7112517
v -0.01069444 0.03068619 0.706243
v -0.01242017 -0.02303099 0.6976239
v -0.01171052 -0.02635109 0.7007051
v -0.01127022 -0.02826571 0.7029017
v -0.01168775 -0.02842235 0.7028572
v -0.01211613 -0.02650511 0.7006494
v -0.01280385 -0.02317667 0.6975457
v -0.01324576 -0.02073878 0.6958069
v -0.01346611 -0.01952302 0.6949397
v -0.0101453 -0.03035748 0.7071623
v -0.01060777 -0.03104543 0.7068027
v -0.01028496 -0.0307421 0.7069426
v -0.01002311 -0.03346621 0.7111133
v -0.009689092 -0.03314417 0.7112323
v -0.009551167 -0.032727 0.7114228
v -0.009086966 -0.03461837 0.7156594
v -0.00922358 -0.03505933 0.7154943
v -0.01663327 -0.02639013 0.6995311
v -0.04361152 -0.03660809 0.7068631
v -0.06764084 -0.03677916 0.6763449
v -0.06902867 0.02807217 0.6349661
v -0.07488822 0.03173273 0.6361908
v -0.06467008 0.03138995 0.6545646
v -0.05392408 0.0383386 0.705673
v -0.05259746 0.03833997 0.7069987
v -0.04940664 0.0365836 0.701647
v -0.03355085 0.03856027 0.7199885
v -0.03230667 0.03858476 0.7205246
v -0.03009539 0.03679955 0.7146787
v -0.00926584 0.03917402 0.7265715
v -0.009456872 0.0382272 0.7231826
v -0.01272732 0.03907746 0.7258971
v -0.00967276 0.03720974 0.7201198
v -0.0174787 0.0389449 0.7249715
v -0.03212201 0.03858846 0.7206042
v -0.02755945 0.03869116 0.7221908
v -0.02260756 0.03695666 0.7172456
v -0.02567648 0.03873354 0.7228456
v -0.02453464 0.03876292 0.7231417
v -0.02075642 0.03886038 0.7241216
v -0.03549468 0.038522 0.7191511
v -0.04079568 0.03843408 0.7163546
v -0.03966903 0.0384528 0.7169489
v -0.03714442 0.0366804 0.7112399
v -0.03916496 0.03846108 0.7172148
v -0.04570835 0.03837436 0.7130756
v -0.04456603 0.03838825 0.7138381
v -0.0436117 0.03660809 0.7068631
v -0.05037921 0.03834217 0.7092152
v -0.04927676 0.03834974 0.7101263
v -0.04648512 0.03836894 0.7124337
v -0.05499649 0.0383374 0.7046014
v -0.06909501 0.03849935 0.6857407
v -0.06790488 0.03847724 0.6875703
v -0.05921357 0.03664213 0.689516
v -0.06392204 0.03841328 0.6933937
v -0.07731747 0.03867667 0.6724167
v -0.07663619 0.038661 0.6735495
v -0.06764078 0.03677916 0.6763449
v -0.0721451 0.03856474 0.6808099
v -0.06993985 0.03851747 0.6843749
v -0.08354645 0.03533142 0.6377099
v -0.07561343 0.03694432 0.6628812
v -0.0830065 0.03511273 0.637616
v -0.07004815 0.03453356 0.658609
v -0.08218616 0.0347805 0.6374735
v -0.07571381 0.03215885 0.636349
v -0.09716802 0.03913617 0.6393912
v -0.08986049 0.03896689 0.651554
v -0.09060525 0.03730309 0.6385811
v -0.08587765 0.03887456 0.6581832
v -0.08068221 0.03875452 0.666822
v -0.07530564 0.0319935 0.636278
v -0.06363445 0.02280545 0.6337008
v -0.0661906 0.02538526 0.6343065
v -0.05972594 0.02716654 0.6509354
v -0.06835186 0.02756655 0.6348187
v -0.06856739 0.02778404 0.6348698
v -0.05290412 0.01492637 0.6459345
v -0.0596224 0.01517522 0.6326614
v -0.05974894 0.01562613 0.6326958
v -0.05993688 0.01629543 0.6327469
v -0.06154155 0.01912075 0.6331609
v -0.05565655 0.02162623 0.6479833
v -0.06315362 0.02195876 0.6335768
v -0.06349045 0.02255195 0.6336637
v -0.05793434 0.009160876 0.6322021
v -0.05149668 0.007574439 0.644814
v -0.05783581 0.007937073 0.6321746
v -0.05719721 0 0.6319966
v -0.05781716 0.007704198 0.6321694
v -0.05149662 -0.007573962 0.644814
v -0.05781126 -0.007704377 0.6321678
v -0.05719721 0 0.6319966
v -0.05110889 2.25673e-07 0.6444793
v -0.0599398 -0.0163027 0.6327477
v -0.052904 -0.01492601 0.6459344
v -0.06151634 -0.01913821 0.6331556
v -0.05565637 -0.02162599 0.6479832
v -0.06310111 -0.02198863 0.6335656
v -0.06333047 -0.02240121 0.6336249
v -0.05975037 -0.01562583 0.6326962
v -0.05962419 -0.01517432 0.6326618
v -0.0579214 -0.009087324 0.6321985
v -0.05782979 -0.007937729 0.632173
v -0.06347668 -0.02255243 0.6336597
v -0.05972576 -0.02716642 0.6509353
v -0.06620514 -0.02537441 0.6343092
v -0.06842583 -0.02767115 0.6348378
v -0.06899613 -0.02811795 0.6349658
v -0.06466984 -0.03138989 0.6545645
v -0.07491278 -0.03169572 0.636189
v -0.07582962 -0.03225004 0.6363785
v -0.07004797 -0.03453356 0.6586089
v -0.0822345 -0.03468227 0.6374461
v -0.08305615 -0.0349943 0.637583
v -0.07561331 -0.03694432 0.6628811
v -0.08606988 -0.03613871 0.6380854
v -0.09058451 -0.03735798 0.6386166
v -0.05921375 -0.03664213 0.689516
v -0.05456674 -0.03659868 0.6957968
v -0.04940652 -0.0365836 0.7016471
v -0.0371443 -0.0366804 0.71124
v -0.03009527 -0.03679955 0.7146787
v -0.0226075 -0.03695666 0.7172457
v -0.00926584 -0.03917402 0.7265715
v -0.009585022 -0.03760397 0.7211384
v -0.009664773 -0.03723752 0.7201141
v -0.01003342 -0.03554278 0.7153769
v -0.02048939 -0.03436577 0.7108395
v -0.01026731 -0.03452754 0.7131162
v -0.01109039 -0.0310021 0.7064914
v -0.01846182 -0.03090983 0.7048383
v -0.01104414 -0.03120189 0.7067729
v -0.01047658 -0.0336191 0.7110933
v -0.0151757 -0.02076578 0.695266
v -0.01995968 -0.007221758 0.6884297
v -0.01428562 -0.01423376 0.6923553
v -0.02047634 -0.01424795 0.6900636
v -0.01983392 2.15176e-07 0.6879331
v -0.01995968 0.007222115 0.6884297
v -0.0204764 0.01424825 0.6900637
v -0.0151757 0.0207659 0.695266
v -0.01663339 0.02639025 0.6995311
v -0.01846194 0.03090989 0.7048383
v -0.01109123 0.03100067 0.7064897
v -0.01046049 0.03368794 0.7112319
v -0.02048945 0.03436577 0.7108394
v -0.01027369 0.03450518 0.7131233
v -0.00989747 0.03615105 0.7169327
v -0.04690796 0.02660959 0.674514
v -0.05339884 0.0268712 0.6627777
v -0.05071574 0.03093433 0.6790338
v -0.05781787 0.03114646 0.6668795
v -0.05488413 0.03418701 0.684114
v -0.06264042 0.03434628 0.6714734
v -0.04380106 0.02107214 0.6708586
v -0.06264036 -0.03434622 0.6714733
v -0.05781781 -0.0311464 0.6668795
v -0.05339872 -0.02687108 0.6627777
v -0.05488431 -0.03418701 0.6841139
v -0.05071574 -0.03093427 0.6790337
v -0.04690796 -0.02660953 0.6745139
v -0.043801 -0.02107203 0.6708585
v -0.04172015 -0.01450723 0.6683083
v -0.04067057 -0.007357656 0.6668915
v -0.04038769 2.1923e-07 0.6664612
v -0.04067057 0.007358074 0.6668916
v -0.04172021 0.01450753 0.6683084
v -0.02534937 -0.0308274 0.7024471
v -0.02767288 -0.03424197 0.7083641
v -0.02924382 -0.02633589 0.6940506
v -0.03167402 -0.03077709 0.699207
v -0.03435367 -0.0341525 0.7050292
v -0.03234994 -0.02080112 0.6860241
v -0.03459388 -0.02635818 0.6900855
v -0.03737241 -0.03076523 0.6951225
v -0.04042977 -0.03410506 0.700805
v -0.03508049 -0.01435106 0.6787296
v -0.03675734 -0.02086889 0.6814777
v -0.03928858 -0.02641505 0.6854145
v -0.04241091 -0.03079187 0.6902927
v -0.04584026 -0.03410017 0.6957902
v -0.03774118 -0.007313787 0.672258
v -0.03867816 -0.01442241 0.6737322
v -0.04055351 -0.02096104 0.6763812
v -0.04336833 -0.02650111 0.6801773
v -0.04682916 -0.03085106 0.6848766
v -0.05062347 -0.03413075 0.6901663
v -0.01428484 0.014234 0.6923543
v -0.02156549 0.02075117 0.6929985
v -0.02324748 0.02634817 0.6972109
v -0.02534955 0.03082746 0.7024471
v -0.02767306 0.03424197 0.7083641
v -0.04042989 0.03410506 0.7008049
v -0.03435379 0.0341525 0.7050292
v -0.03737252 0.03076529 0.6951225
v -0.03167414 0.03077721 0.699207
v -0.03459393 0.0263583 0.6900855
v -0.02924406 0.02633595 0.6940506
v -0.03235012 0.02080136 0.6860242
v -0.02729016 0.0207619 0.6898974
v -0.03087335 0.014297 0.683189
v -0.02601486 0.01426255 0.687
v -0.03015154 0.00724864 0.6816074
v -0.02540075 0.007230341 0.6853843
v -0.02996641 2.15971e-07 0.6811252
v -0.02524733 2.15422e-07 0.6848921
v -0.02540075 -0.007229924 0.6853843
v -0.05810827 0.03835403 0.7009503
v -0.05456668 0.03659868 0.6957969
v -0.05062347 0.03413081 0.6901663
v -0.04584038 0.03410017 0.6957901
v -0.04682916 0.03085112 0.6848767
v -0.04241102 0.03079193 0.6902927
v -0.04336839 0.02650123 0.6801773
v -0.03928869 0.0264151 0.6854146
v -0.04055351 0.02096122 0.6763812
v -0.03675746 0.02086913 0.6814778
v -0.03867822 0.01442277 0.6737322
v -0.03508061 0.0143513 0.6787297
v -0.03774124 0.007314205 0.672258
v -0.03425079 0.007277131 0.6771979
v -0.03749227 2.17923e-07 0.6718096
v -0.03403377 2.16818e-07 0.6767313
v -0.03425073 -0.007276773 0.6771979
v -0.03015142 -0.007248342 0.6816073
v -0.03087329 -0.01429677 0.6831889
v -0.0260148 -0.01426225 0.6869999
v -0.02729004 -0.02076172 0.6898974
v -0.02156537 -0.02075099 0.6929984
v -0.02324742 -0.02634805 0.6972109
v -0.06312912 0.03840321 0.6944798
v -0.0593971 0.03836095 0.6994383
v -0.05974292 0.01495975 0.6117206
v -0.06144672 0.01967567 0.6123885
v -0.06285935 0.0178641 0.6190356
v -0.07306396 0.03401398 0.619076
v -0.07310926 0.03235399 0.6221699
v -0.06718224 0.02574557 0.6204574
v -0.1004886 -0.05589723 0.6183535
v -0.09909009 -0.05560261 0.6181158
v -0.09891635 -0.0522018 0.6197316
v -0.0603283 -0.009128689 0.6181185
v -0.05951797 0 0.6178076
v -0.05939984 0 0.6250726
v -0.1031931 -0.04245269 0.6293618
v -0.1044188 -0.04402834 0.6273217
v -0.09675681 -0.04343837 0.6266506
v -0.1023938 -0.04642647 0.6245127
v -0.09775257 -0.04601126 0.6240339
v -0.1049009 -0.04464811 0.6265192
v -0.1077166 0.05041939 0.6218331
v -0.107232 0.04926019 0.6226395
v -0.1034072 0.04933273 0.6222663
v -0.09903764 0.03951722 0.6362789
v -0.1064292 0.04733932 0.6239757
v -0.1023938 0.04642647 0.6245127
v -0.108316 0.05240923 0.6208356
v -0.1041615 0.05257648 0.6203852
v -0.1087363 0.05380463 0.620136
v -0.104648 0.05583256 0.6188449
v -0.1091843 0.05580395 0.6193904
v -0.1059229 -0.04644805 0.6248181
v -0.1064292 -0.04733932 0.6239757
v -0.1034072 -0.04933273 0.6222663
v -0.1071585 -0.04896456 0.6227619
v -0.1008755 -0.04045933 0.6332195
v -0.09404104 -0.03953164 0.6324945
v -0.09908771 -0.03955483 0.6361955
v -0.09240859 -0.03814661 0.6355893
v -0.09837645 -0.0393092 0.6373795
v -0.09895199 -0.03948611 0.6364215
v -0.05914443 -0.008151829 0.6287987
v -0.05855095 0 0.6286149
v -0.06120342 -0.01602274 0.6294113
v -0.06290686 -0.01969647 0.629895
v -0.06508356 -0.0230841 0.6304862
v -0.06769776 -0.02611613 0.6311579
v -0.07067686 -0.02876049 0.631874
v -0.07740485 -0.03295445 0.6333037
v -0.08474892 -0.03597325 0.6345769
v -0.08615809 -0.03744262 0.6314685
v -0.07867962 -0.0342319 0.6301404
v -0.07189297 -0.02973848 0.6286411
v -0.06625348 -0.02378773 0.6271761
v -0.06006491 -0.008415997 0.6252985
v -0.06226766 -0.01651042 0.6260062
v -0.06285935 -0.0178641 0.6190356
v -0.06403326 -0.02028799 0.6265398
v -0.1009652 -0.04053264 0.6330703
v -0.1027524 -0.04199534 0.6300954
v -0.09550803 -0.04127764 0.6294929
v -0.08732801 -0.03917795 0.6284062
v -0.07963865 -0.03573668 0.6269866
v -0.07271474 -0.03092867 0.6253834
v -0.06718224 -0.02574557 0.6204574
v -0.0558142 0 0.6076089
v -0.05754238 0 0.6108154
v -0.0560832 -0.005341172 0.6077247
v -0.05778568 -0.005064666 0.6109181
v -0.0568881 -0.01061654 0.6080684
v -0.05852007 -0.0100702 0.611224
v -0.05821478 -0.01576465 0.6086234
v -0.05363929 0 0.6046869
v -0.05412805 -0.005619347 0.604906
v -0.05445533 -0.009381949 0.6050527
v -0.06507432 -0.02993142 0.6112836
v -0.06144672 -0.01967567 0.6123885
v -0.06621938 -0.02838987 0.6141264
v -0.06366533 -0.03147631 0.6088107
v -0.06209719 -0.02930063 0.6082304
v -0.0616548 -0.02868688 0.6080667
v -0.06066125 -0.02663236 0.6076611
v -0.06004196 -0.02072924 0.6093658
v -0.05974292 -0.01495975 0.6117206
v -0.0583238 -0.02179855 0.6067068
v -0.05732101 -0.01972478 0.6062974
v -0.0573008 -0.01968306 0.6062892
v -0.05644088 -0.01657015 0.6059155
v -0.05494683 -0.01116132 0.6052662
v -0.05460238 -0.009914219 0.6051166
v -0.07310932 -0.03235399 0.6221699
v -0.08023059 -0.03752917 0.6239084
v -0.08024972 -0.04196828 0.6182696
v -0.0882005 -0.04125839 0.6254575
v -0.09318244 -0.04509228 0.6234207
v -0.08874511 -0.04369556 0.6226921
v -0.08411973 -0.04725927 0.6169568
v -0.08343172 -0.05028188 0.6150012
v -0.0827682 -0.0498352 0.6148219
v -0.08448398 -0.04442685 0.6192604
v -0.07968419 -0.04455894 0.6158518
v -0.07907295 -0.04734718 0.6138231
v -0.07886028 -0.04720407 0.6137656
v -0.07601773 -0.04529029 0.6129973
v -0.0755276 -0.04481661 0.6128398
v -0.0725916 -0.03588402 0.6161766
v -0.07170712 -0.0379436 0.6135383
v -0.07056766 -0.04002332 0.6112458
v -0.1072511 -0.04922789 0.6226078
v -0.1083043 -0.05222392 0.620855
v -0.1041615 -0.05257648 0.6203852
v -0.09847879 -0.04894459 0.6217073
v -0.09377872 -0.05115169 0.6189251
v -0.09363877 -0.04796826 0.6210047
v -0.09200197 -0.05410951 0.6169109
v -0.0888288 -0.04948014 0.6179907
v -0.08895778 -0.04644411 0.6201806
v -0.1083422 -0.05237823 0.6207919
v -0.1091843 -0.05580395 0.6193904
v -0.1046464 -0.05585265 0.6188493
v -0.103311 -0.05586689 0.61869
v -0.09857565 -0.05549424 0.6180283
v -0.09666699 -0.05509215 0.6177039
v -0.09363865 -0.0544542 0.6171891
v -0.08982235 -0.05316197 0.6164307
v -0.0884574 -0.05256867 0.6161299
v -0.08385956 -0.05057001 0.6151168
v -0.06904107 -0.03854811 0.6107552
v -0.06814599 -0.03768306 0.6104676
v -0.06812244 -0.03766036 0.61046
v -0.09675675 0.04343837 0.6266506
v -0.09775251 0.04601126 0.6240339
v -0.09847873 0.04894459 0.6217073
v -0.08874511 0.04369556 0.6226921
v -0.08895778 0.04644411 0.6201806
v -0.09318244 0.04509228 0.6234207
v -0.09363877 0.04796826 0.6210047
v -0.08023053 0.03752917 0.6239084
v -0.08043235 0.03961831 0.620978
v -0.08820044 0.04125839 0.6254575
v -0.06621938 0.02838987 0.6141264
v -0.07259154 0.03588396 0.6161766
v -0.08024972 0.04196828 0.6182696
v -0.08448398 0.04442685 0.6192604
v -0.09846311 0.05549705 0.6180152
v -0.09891635 0.0522018 0.6197316
v -0.09667026 0.0551086 0.617708
v -0.09377872 0.05115169 0.6189251
v -0.0990836 0.05563145 0.6181216
v -0.1001428 0.05586087 0.6183031
v -0.1033061 0.05584096 0.6186835
v -0.08845794 0.05256903 0.6161301
v -0.08882874 0.04948014 0.6179907
v -0.08371573 0.05049043 0.6150814
v -0.08411973 0.04725927 0.6169568
v -0.07569086 0.04502546 0.6129004
v -0.07887071 0.04719096 0.6137647
v -0.07968413 0.04455894 0.6158518
v -0.07909649 0.04734474 0.613826
v -0.08276945 0.04984605 0.6148243
v -0.08342462 0.05029225 0.6150023
v -0.0898233 0.05316752 0.616432
v -0.0918889 0.05407285 0.6168888
v -0.09363996 0.05445224 0.6171888
v -0.05821478 0.01576465 0.6086234
v -0.06004196 0.02072924 0.6093658
v -0.06507426 0.02993142 0.6112836
v -0.07170712 0.0379436 0.6135383
v -0.05415701 0.005614817 0.6049187
v -0.05455386 0.009918093 0.6050965
v -0.0568881 0.01061654 0.6080684
v -0.05455595 0.00993973 0.6050974
v -0.05490189 0.01117563 0.6052477
v -0.0616188 0.02862602 0.6080526
v -0.06209915 0.02930039 0.6082311
v -0.06365549 0.03148514 0.6088093
v -0.06771939 0.03719013 0.6103193
v -0.05641454 0.01657783 0.6059048
v -0.05723673 0.01951432 0.606262
v -0.05733692 0.01972275 0.6063029
v -0.05833297 0.02179384 0.6067099
v -0.06066125 0.02663511 0.6076613
v -0.06814301 0.03760653 0.6104564
v -0.06909328 0.0385406 0.6107642
v -0.07058548 0.04000729 0.6112473
v -0.07552981 0.04486715 0.6128483
v -0.09240853 0.03814661 0.6355893
v -0.08474892 0.03597325 0.6345769
v -0.07740479 0.03295445 0.6333037
v -0.07067686 0.02876049 0.631874
v -0.09550803 0.04127764 0.6294929
v -0.09404098 0.03953164 0.6324945
v -0.08732801 0.03917795 0.6284062
v -0.08615809 0.03744262 0.6314685
v -0.07867956 0.0342319 0.6301404
v -0.06769776 0.02611613 0.6311579
v -0.06625348 0.02378767 0.6271761
v -0.0650835 0.0230841 0.6304862
v -0.06403326 0.02028799 0.6265398
v -0.0629068 0.01969641 0.629895
v -0.1009647 0.04054319 0.6330711
v -0.09908896 0.03954452 0.6361935
v -0.07189297 0.02973848 0.6286411
v -0.06226766 0.01651036 0.6260062
v -0.06006491 0.008415937 0.6252985
v -0.0603283 0.00912863 0.6181185
v -0.05852007 0.0100702 0.611224
v -0.06120342 0.01602274 0.6294113
v -0.05778568 0.005064666 0.6109181
v -0.0560832 0.005341172 0.6077247
v -0.06183379 0.07922059 0.5443227
v -0.05542516 0.07051646 0.5402178
v -0.06174808 0.07947462 0.5420879
v -0.05864346 0.07470631 0.5451266
v -0.06969064 0.07484751 0.5818862
v -0.0709663 0.07453656 0.5844809
v -0.06685692 0.06781387 0.5870612
v -0.08181232 0.07270771 0.5998165
v -0.08562475 0.07232022 0.6031147
v -0.08256018 0.06535279 0.6061562
v -0.09057343 0.05581933 0.6156361
v -0.06111496 0.02935916 0.6073142
v -0.07782661 -0.06590056 0.6020862
v -0.05709791 -0.0604152 0.57833
v -0.05707985 -0.05977815 0.5791949
v -0.05917155 -0.05927008 0.5842931
v -0.05089581 -0.006057441 0.6010565
v -0.05076521 0 0.6011472
v -0.05330812 0 0.6043012
v -0.05811816 0.07132339 0.5573284
v -0.05624324 0.06840258 0.557976
v -0.05597698 0.0692318 0.5534228
v -0.06036496 0.06990522 0.5695918
v -0.05695879 0.06434124 0.5711194
v -0.05693733 0.06465154 0.5704668
v -0.05674111 0.06619417 0.5664082
v -0.05661213 0.06691664 0.5641194
v -0.05630373 0.06821382 0.5590124
v -0.05706053 0.06286561 0.5742234
v -0.06423521 0.06850141 0.5814194
v -0.05710023 0.06081753 0.5777197
v -0.05664086 0.05290383 0.5868352
v -0.05674707 0.05411583 0.5856865
v -0.05917155 0.05927008 0.5842931
v -0.05688238 0.05565857 0.5842244
v -0.05703389 0.05815654 0.5813961
v -0.05707985 0.05977815 0.5791949
v -0.05709791 0.0604152 0.57833
v -0.05809235 0.04929351 0.5926346
v -0.05630809 0.04987627 0.5892375
v -0.06211811 0.05868083 0.5900657
v -0.05497533 0.04027742 0.5946369
v -0.05546087 0.04354059 0.5931158
v -0.05595099 0.04705655 0.5911294
v -0.05626791 0.04955977 0.5894499
v -0.05639261 0.02963423 0.6020851
v -0.05388629 0.03316658 0.5972242
v -0.0587849 0.03931069 0.6003727
v -0.05428463 0.03576052 0.5963973
v -0.05488634 0.03968244 0.5949063
v -0.05243086 0.02303051 0.5995157
v -0.05314821 0.02822756 0.5985085
v -0.05338782 0.02983063 0.5980917
v -0.05178183 0.01759088 0.6002629
v -0.05206167 0.01993644 0.5999408
v -0.05467993 0.01982849 0.6033147
v -0.05125236 0.01192635 0.6007693
v -0.05365133 0.009935975 0.6040543
v -0.05113452 0.009986937 0.6008642
v -0.05089581 0.006057441 0.6010565
v -0.05365133 -0.009935975 0.6040543
v -0.05113452 -0.009986937 0.6008642
v -0.05467993 -0.01982849 0.6033147
v -0.05206167 -0.01993644 0.5999408
v -0.05178183 -0.01759088 0.6002629
v -0.05125236 -0.01192635 0.6007693
v -0.05639261 -0.02963423 0.6020851
v -0.05314821 -0.02822756 0.5985085
v -0.05243086 -0.02303051 0.5995157
v -0.05428463 -0.03576052 0.5963973
v -0.05388629 -0.03316658 0.5972242
v -0.05338782 -0.02983063 0.5980917
v -0.05497533 -0.04027742 0.5946369
v -0.0549004 -0.03977447 0.5948713
v -0.0587849 -0.03931069 0.6003727
v -0.05488634 -0.03968244 0.5949063
v -0.05595099 -0.04705655 0.5911294
v -0.05546087 -0.04354059 0.5931158
v -0.05809235 -0.04929351 0.5926346
v -0.06185126 -0.04881548 0.5981868
v -0.06331986 -0.03894382 0.6055688
v -0.06211811 -0.05868083 0.5900657
v -0.05674707 -0.05411583 0.5856865
v -0.05664086 -0.05290383 0.5868352
v -0.05630809 -0.04987627 0.5892375
v -0.05626791 -0.04955977 0.5894499
v -0.05703389 -0.05815654 0.5813961
v -0.05688238 -0.05565857 0.5842244
v -0.05674111 -0.06619417 0.5664082
v -0.05693733 -0.06465154 0.5704668
v -0.06036496 -0.06990522 0.5695918
v -0.05695879 -0.06434124 0.5711194
v -0.06423521 -0.06850141 0.5814194
v -0.05706053 -0.06286561 0.5742234
v -0.05710023 -0.06081753 0.5777197
v -0.05811816 -0.07132339 0.5573284
v -0.05630373 -0.06821382 0.5590124
v -0.05661213 -0.06691664 0.5641194
v -0.05569231 -0.06999254 0.5472568
v -0.05597698 -0.0692318 0.5534228
v -0.05624324 -0.06840258 0.557976
v -0.05864346 -0.07470631 0.5451266
v -0.05730599 -0.07265931 0.5454671
v -0.06685692 -0.06781387 0.5870612
v -0.06997877 -0.06714463 0.5924398
v -0.07363027 -0.06650263 0.5974799
v -0.08256018 -0.06535279 0.6061562
v -0.08778685 -0.06487411 0.6095914
v -0.09937286 -0.06416183 0.6143139
v -0.0934261 -0.06447547 0.6123205
v -0.1055197 -0.06393122 0.6155844
v -0.1111431 -0.06377989 0.6161304
v -0.1109896 -0.0632379 0.6163859
v -0.09677153 -0.05555039 0.6176872
v -0.09057343 -0.05581933 0.6156361
v -0.08467161 -0.05616092 0.6128586
v -0.07626837 -0.04753559 0.6121475
v -0.07096028 -0.0479269 0.6080198
v -0.06111496 -0.02935916 0.6073142
v -0.06331986 0.03894382 0.6055688
v -0.07096028 0.0479269 0.6080198
v -0.06836688 0.03859972 0.6102758
v -0.08467161 0.05616092 0.6128586
v -0.0791608 0.0565713 0.609387
v -0.07626837 0.04753559 0.6121475
v -0.09937286 0.06416183 0.6143139
v -0.1111397 0.0637843 0.616136
v -0.1055197 0.06393122 0.6155844
v -0.1012865 0.07144588 0.6108134
v -0.101951 0.07143121 0.6109589
v -0.1059255 0.07134383 0.6118294
v -0.1079016 0.07132488 0.6120612
v -0.1112176 0.06410181 0.6160066
v -0.1117139 0.0712884 0.6125082
v -0.1132693 0.07128506 0.6125918
v -0.09631311 0.07162404 0.6091725
v -0.0934261 0.06447547 0.6123205
v -0.09161072 0.07187044 0.6069941
v -0.08778685 0.06487411 0.6095914
v -0.09074199 0.0719273 0.6064999
v -0.0897727 0.07199078 0.6059484
v -0.07782661 0.06590056 0.6020862
v -0.08121716 0.07278364 0.5991756
v -0.07513636 0.07365792 0.5918191
v -0.07726895 0.07331997 0.5946552
v -0.07363027 0.06650263 0.5974799
v -0.07833093 0.07315164 0.5960675
v -0.07221877 0.07423126 0.5870285
v -0.07386064 0.07390862 0.5897244
v -0.06997877 0.06714463 0.5924398
v -0.06497865 0.07655239 0.5675542
v -0.06623744 0.07597661 0.5724265
v -0.06840246 0.07522022 0.5787728
v -0.06850302 0.07519114 0.5790159
v -0.06234741 0.07837784 0.5518152
v -0.06283837 0.07792764 0.5557371
v -0.06323891 0.07756036 0.5589368
v -0.06452852 0.07675832 0.5658117
v -0.05730599 0.07265931 0.5454671
v -0.05569231 0.06999254 0.5472568
v -0.06958454 -0.0575568 0.6006399
v -0.07411605 -0.05704081 0.6052858
v -0.0791608 -0.0565713 0.609387
v -0.06558501 -0.05810707 0.5955383
v -0.06614524 -0.04835695 0.6033403
v -0.06836688 -0.03859972 0.6102758
v -0.06558501 0.05810707 0.5955383
v -0.06185126 0.04881548 0.5981868
v -0.0549004 0.03977447 0.5948713
v -0.09677153 0.05555039 0.6176872
v -0.07411605 0.05704081 0.6052858
v -0.06614524 0.04835695 0.6033403
v -0.06958454 0.0575568 0.6006399
v -0.1138648 0.07106399 0.6116008
v -0.1138653 0.07262521 0.6115999
v -0.1142569 0.07195866 0.6109481
v -0.1142028 0.07308095 0.6110382
v -0.1078121 0.04879975 0.6216741
v -0.1097252 0.05541872 0.6184901
v -0.1117565 0.06370455 0.6151095
v -0.1089404 0.05214643 0.6197963
v -0.1091646 0.05296903 0.6194232
v -0.1151595 0.07396233 0.608822
v -0.1149479 0.07386988 0.6093202
v -0.1119117 0.07391846 0.6087166
v -0.1142569 0.07315403 0.6109481
v -0.06403809 0.0797438 0.5518354
v -0.06354969 0.08063846 0.5444467
v -0.06571274 0.08117741 0.544447
v -0.1117891 0.07306808 0.6109335
v -0.1061843 0.07307171 0.6102804
v -0.1017076 0.07313132 0.609304
v -0.09692072 0.07326138 0.60773
v -0.09240204 0.0734595 0.6056426
v -0.09063673 0.07356017 0.6046409
v -0.08665031 0.07384413 0.6019243
v -0.0829792 0.07418864 0.5987554
v -0.0796172 0.07459276 0.5951424
v -0.07652127 0.07506233 0.5910331
v -0.07368332 0.07560294 0.5863812
v -0.07121628 0.07619303 0.5813696
v -0.06995648 0.07655417 0.5783272
v -0.06616312 0.07807797 0.5656159
v -0.06783682 0.07729679 0.5721116
v -0.06354963 0.08063846 0.5444467
v -0.06490314 0.07889461 0.5588521
v -0.06614309 0.08027219 0.5517151
v -0.06695783 0.07942062 0.5586097
v -0.06817072 0.07860887 0.5652428
v -0.06979644 0.07783955 0.5715964
v -0.07186043 0.07711505 0.5776538
v -0.07308685 0.07676547 0.5806093
v -0.0754835 0.07619851 0.5854591
v -0.07823002 0.07568442 0.5899372
v -0.08121216 0.07524305 0.5938695
v -0.08443498 0.07486814 0.5973063
v -0.08793967 0.07455331 0.6003037
v -0.09173381 0.07429891 0.6028606
v -0.09341186 0.07421046 0.6038002
v -0.0977078 0.07404065 0.605754
v -0.1022654 0.07393652 0.6072216
v -0.1065396 0.07389813 0.6081257
v -0.1483549 0.08336001 0.5306184
v -0.1430717 0.08246403 0.543065
v -0.1483549 0.08436805 0.5306184
v -0.1430433 0.08242934 0.5431314
v -0.1483549 0.08336001 0.5306184
v -0.1401916 0.08080106 0.5498499
v -0.1431261 0.08272898 0.5429368
v -0.1396537 0.0829817 0.5415738
v -0.1391378 0.08300644 0.5414626
v -0.1359995 0.08315688 0.5407855
v -0.1354823 0.08317494 0.540722
v -0.09293919 0.08384174 0.5413131
v -0.1228414 0.08313405 0.5425982
v -0.1199911 0.08300507 0.5438738
v -0.1204559 0.08258104 0.5438601
v -0.08645629 0.08199536 0.5408397
v -0.09123569 0.08358454 0.5414558
v -0.1246938 0.07466524 0.6038995
v -0.1250942 0.07627141 0.6032061
v -0.1254547 0.07467687 0.6039081
v -0.1258819 0.07628351 0.6032143
v -0.1293414 0.07478201 0.603582
v -0.1143915 0.07489693 0.601273
v -0.1177641 0.07477879 0.6026858
v -0.06564652 0.08145558 0.5422229
v -0.07606476 0.08189368 0.5401937
v -0.1083447 0.07821178 0.574032
v -0.1088473 0.07532566 0.5970824
v -0.1084842 0.07537794 0.5966156
v -0.1141692 0.0749076 0.6011567
v -0.1124901 0.07500153 0.6001739
v -0.1101251 0.07518762 0.5983607
v -0.1087918 0.07721805 0.5820069
v -0.111739 0.07639962 0.5889366
v -0.1084837 0.07537913 0.5966058
v -0.1084831 0.07537877 0.5966087
v -0.1243385 0.08127713 0.5518649
v -0.1214827 0.08104926 0.5532793
v -0.1183966 0.08072692 0.5554138
v -0.1155183 0.08033561 0.5581259
v -0.1142785 0.08013117 0.5595804
v -0.127614 0.08146655 0.5508157
v -0.1305187 0.08228641 0.5446946
v -0.1119787 0.07966679 0.5629559
v -0.1104527 0.07925856 0.5659924
v -0.1119509 0.07966023 0.563004
v -0.06346911 0.08091002 0.5422176
v -0.04595857 0 0.5963588
v -0.04609352 0.006088078 0.5962672
v -0.04351133 0.06015712 0.547681
v -0.04400044 0.05974781 0.5533918
v -0.05038762 0.06409734 0.5473699
v -0.05072438 0.06356137 0.5532459
v -0.05110132 0.06276422 0.5584545
v -0.04451072 0.05907332 0.5583342
v -0.04498565 0.05815184 0.5626723
v -0.04518908 0.05762869 0.5645652
v -0.05145829 0.06170439 0.5631232
v -0.05161011 0.06110548 0.5651894
v -0.05184823 0.05981785 0.5688186
v -0.05201262 0.0583198 0.5721445
v -0.04551756 0.05650568 0.5678535
v -0.04576426 0.05520457 0.5708323
v -0.04592114 0.05371445 0.5735652
v -0.05209308 0.05659687 0.5752195
v -0.05209803 0.05625784 0.5757548
v -0.0520724 0.05434995 0.5784418
v -0.0459395 0.05342161 0.5740396
v -0.04598069 0.05177551 0.5764179
v -0.0519579 0.05222988 0.5809209
v -0.05175173 0.04987561 0.5832163
v -0.04592704 0.04994386 0.5786136
v -0.04577571 0.04790103 0.5806555
v -0.0455234 0.04561781 0.582559
v -0.0514518 0.04726487 0.5853401
v -0.05112022 0.04480803 0.5870248
v -0.04522585 0.04344791 0.584084
v -0.04479146 0.0406748 0.5857196
v -0.05065518 0.04170727 0.5888097
v -0.05011439 0.03833723 0.5904051
v -0.04427075 0.03761404 0.5872038
v -0.04951179 0.03468853 0.5918099
v -0.0436778 0.03424453 0.5885324
v -0.04328531 0.03200769 0.5892706
v -0.04911828 0.03229963 0.5925796
v -0.04838263 0.02768546 0.5937896
v -0.04766052 0.02274262 0.5947541
v -0.04700154 0.01748234 0.5954806
v -0.04254305 0.0276218 0.5904481
v -0.04180562 0.02283674 0.5914039
v -0.04112654 0.01765912 0.592136
v -0.04646021 0.01192265 0.5959802
v -0.04056507 0.01210838 0.5926467
v -0.04018265 0.00621283 0.5929436
v -0.0400415 0 0.5930392
v -0.05072438 -0.06356137 0.5532459
v -0.05038762 -0.06409734 0.5473699
v -0.04351133 -0.06015712 0.547681
v -0.03575539 -0.05856847 0.548159
v -0.04400044 -0.05974781 0.5533919
v -0.04451066 -0.05907332 0.5583342
v -0.04498565 -0.05815184 0.5626723
v -0.04518908 -0.05762869 0.5645652
v -0.04551756 -0.05650568 0.5678535
v -0.05184823 -0.05981785 0.5688186
v -0.05161011 -0.06110548 0.5651894
v -0.05145829 -0.06170439 0.5631232
v -0.05110132 -0.06276422 0.5584546
v -0.04576426 -0.05520457 0.5708323
v -0.0459395 -0.05342161 0.5740396
v -0.04592114 -0.05371445 0.5735652
v -0.05209803 -0.05625784 0.5757549
v -0.05209308 -0.05659687 0.5752195
v -0.05201262 -0.0583198 0.5721445
v -0.04598069 -0.05177551 0.5764179
v -0.04592704 -0.04994386 0.5786136
v -0.0519579 -0.05222988 0.5809209
v -0.0520724 -0.05434995 0.5784418
v -0.04577571 -0.04790103 0.5806555
v -0.0455234 -0.04561781 0.582559
v -0.0514518 -0.04726487 0.5853401
v -0.05175173 -0.04987561 0.5832163
v -0.04522585 -0.04344791 0.584084
v -0.05065518 -0.04170727 0.5888097
v -0.05112022 -0.04480803 0.5870248
v -0.04479146 -0.0406748 0.5857196
v -0.04427075 -0.03761404 0.5872038
v -0.05011439 -0.03833723 0.5904051
v -0.0436778 -0.03424453 0.5885324
v -0.04911828 -0.03229963 0.5925796
v -0.04951179 -0.03468853 0.5918099
v -0.04328531 -0.03200769 0.5892706
v -0.04254305 -0.0276218 0.5904481
v -0.04766052 -0.02274262 0.5947541
v -0.04838263 -0.02768546 0.5937896
v -0.04056507 -0.01210838 0.5926467
v -0.04112654 -0.01765912 0.592136
v -0.04180562 -0.02283674 0.5914039
v -0.04700154 -0.01748234 0.5954806
v -0.04646021 -0.01192265 0.5959802
v -0.04609352 -0.006088078 0.5962672
v -0.04018265 -0.00621283 0.5929436
v -0.02652013 0.04302752 0.5741264
v -0.02629292 0.04504173 0.5763388
v -0.02696037 0.04673671 0.5698391
v 0.1114727 -0.05049431 0.5048606
v 0.1039118 -0.05075836 0.2318447
v 0.09992218 -0.05089765 0.5107336
v 0.09992218 -0.05089765 0.5107336
v 0.1039118 -0.05075836 0.2318447
v 0.0477758 -0.05271863 0.2397341
v 0.1039118 0.05075836 0.2318447
v 0.1114727 0.05049431 0.5048606
v 0.0477758 0.05271863 0.2397341
v -0.2078135 0.0611844 0.5172895
v -0.2109253 0.06118184 0.5171803
v -0.2094244 0.05552965 0.5173104
v -0.2125162 0.05551308 0.5172026
v -0.2114493 0.04637497 0.5173325
v -0.2144654 0.04658085 0.5172254
v -0.2164566 -0.03475832 0.5172431
v -0.2153229 -0.04104173 0.5172322
v -0.2122816 -0.0410422 0.5173388
v -0.2149952 -0.04285848 0.517229
v -0.210317 -0.05174422 0.5173208
v -0.2133999 -0.05169993 0.5172137
v -0.2091739 -0.05653035 0.5173075
v -0.21249 -0.05561959 0.5172024
v -0.2077796 -0.06117284 0.517289
v -0.2108874 -0.06116956 0.5171796
v -0.2099864 -0.06428962 0.5171668
v 0.1149832 -0.006297886 0.5530664
v 0.115 0 0.5531802
v 0.115 0 0.5553798
v 0.1146499 -0.0256462 0.5528759
v 0.1146491 -0.02567142 0.5506057
v 0.1147354 -0.02247625 0.5535113
v 0.1147146 -0.02347534 0.5511175
v 0.1147982 -0.0201478 0.553978
v 0.1148421 -0.01804554 0.5520724
v 0.1149921 -0.004363358 0.5553272
v 0.1149641 -0.008031785 0.5551378
v 0.1149682 -0.008031845 0.5529631
v 0.1149613 -0.008398652 0.5551189
v 0.1149312 -0.01231604 0.5527078
v 0.114932 -0.01225662 0.5549197
v 0.1148727 -0.01587206 0.554504
v 0.1148158 -0.0193392 0.5541053
v 0.1134644 -0.04658418 0.5359232
v 0.1133479 -0.04786455 0.5379682
v 0.1132575 -0.04879975 0.5360522
v 0.1133806 -0.04751265 0.5339478
v 0.1131987 -0.04940825 0.5348052
v 0.1132445 -0.04894471 0.5298878
v 0.1131017 -0.05035102 0.5321328
v -0.01497054 0.05787736 0.5450166
v -0.01522785 0.05589008 0.545027
v -0.0267148 0.05828654 0.5464669
v -0.03331917 0.05651867 0.5470895
v 0.1141373 0.03729182 0.545916
v 0.1141156 0.03759491 0.5482122
v 0.1142894 0.03449302 0.5474616
v 0.1148473 0.01778084 0.5543289
v 0.1149196 0.01324868 0.552626
v 0.1147986 0.02013123 0.5517522
v 0.1147388 0.02248334 0.5535424
v 0.1146525 0.02556473 0.5506325
v 0.1145783 0.0277689 0.5523195
v 0.1142481 0.03529119 0.5495063
v 0.1143305 0.03358489 0.550234
v 0.114331 0.03358519 0.5478412
v 0.1143449 0.03328698 0.550361
v 0.1144813 0.03029876 0.5492151
v 0.1144234 0.03166204 0.5510539
v 0.1148763 0.01587581 0.5545315
v 0.1149336 0.01212275 0.5549305
v 0.1149651 0.008400022 0.5551445
v 0.1149653 0.008027672 0.5529425
v 0.114987 0.005550265 0.5530927
v 0.1149682 0.008027732 0.5551659
v 0.1149837 0.00619328 0.5552713
v 0.003062129 0 0.5868383
v 0.01157057 0 0.5853068
v 0.01156365 0.008437454 0.5852566
v 0.03173804 0 0.5816768
v 0.03230971 0 0.5815431
v 0.03227126 0.008430123 0.5813573
v 0.08031874 0 0.5688496
v 0.0941528 0 0.5638922
v 0.09411531 0.008408606 0.5637959
v 0.09857237 0 0.5623085
v 0.114495 0 0.5555927
v 0.1144186 0.008401811 0.5554251
v 0.05600744 0 0.5760007
v 0.07361215 0 0.5708223
v 0.07359695 0.008415639 0.5707803
v 0.06348949 0.05453556 0.5380643
v 0.04448485 0.05515205 0.5432892
v 0.04660165 0.05340087 0.5515998
v 0.1145583 0.02827197 0.5521559
v 0.1132205 0.02828341 0.552784
v 0.1116763 0.0376442 0.5493802
v 0.113137 0.05001795 0.5332526
v 0.1131011 0.05035918 0.532137
v 0.1054815 0.05058509 0.5357252
v -0.009219288 0.01604515 0.5877839
v -0.02886337 0.01266455 0.5904656
v -0.009137868 0.008444905 0.5883893
v -0.02883768 0.008450269 0.590716
v -0.02882552 0.00645709 0.5908344
v -0.009352803 0.02284365 0.586791
v -0.02892971 0.01861524 0.5898194
v -0.02890127 0.01606816 0.590096
v -0.009536683 0.02888375 0.5854237
v -0.02914339 0.0289793 0.5877389
v -0.02902793 0.02430063 0.5888625
v -0.02900367 0.0228964 0.5890989
v -0.02915465 0.02943801 0.5876287
v -0.02929604 0.03371477 0.586252
v -0.009769201 0.03420835 0.5836951
v -0.0293231 0.0343461 0.5859887
v -0.02946782 0.03772634 0.5845791
v -0.01004844 0.03886079 0.5816183
v -0.02953952 0.03904157 0.583881
v -0.02965474 0.04115599 0.5827588
v -0.01037281 0.04288411 0.5792065
v -0.02978909 0.04311603 0.5814497
v -0.02987176 0.04432004 0.5806455
v -0.01074045 0.04632133 0.5764727
v -0.03007042 0.04661744 0.5787104
v -0.03011858 0.04717367 0.578242
v -0.0111497 0.04921567 0.5734302
v -0.03038305 0.0495857 0.5756661
v -0.01159858 0.05161017 0.570092
v -0.03052943 0.05072474 0.5742399
v -0.03039652 0.04970878 0.5755347
v -0.01208555 0.05354803 0.5664713
v -0.03086322 0.0528385 0.5709899
v -0.03073048 0.05199766 0.5722828
v -0.01260876 0.05507236 0.5625811
v -0.03150331 0.05560106 0.5647554
v -0.03122919 0.05459368 0.5674254
v -0.03110361 0.05399131 0.5686485
v -0.03152894 0.05569523 0.5645059
v -0.03202509 0.05701392 0.5596743
v -0.01375681 0.05705291 0.5540452
v -0.03238493 0.05761015 0.5561705
v 0.004291117 0.05720615 0.5422306
v -0.0101276 0.05770856 0.5444186
v -0.03319638 0.05846202 0.5482673
v -0.03257685 0.05792832 0.5543007
v -0.01485866 0.05787336 0.5450028
v 0.01718789 0.05675685 0.5399795
v 0.005898237 0.05715018 0.5419867
v 0.005804002 0.05641299 0.5511831
v 0.004398763 0.05720233 0.5422142
v 0.04224181 0.0558843 0.5344804
v 0.03157204 0.05625581 0.5370287
v 0.02523428 0.05577874 0.5476266
v 0.02347695 0.05653774 0.5386893
v 0.05760741 0.05534929 0.53038
v 0.04538702 0.05577474 0.5337292
v 0.0423395 0.0558809 0.5344571
v 0.06959372 0.05493211 0.5266422
v 0.06089925 0.05523473 0.5293534
v 0.06080704 0.05523794 0.5293822
v 0.09197527 0.05415356 0.5182192
v 0.08794409 0.05429375 0.5198312
v 0.08215355 0.05393266 0.5318206
v 0.08104676 0.05453366 0.5225894
v 0.07906287 0.05460268 0.5232914
v 0.1051676 0.0536949 0.5121304
v 0.1035479 0.05375117 0.5129618
v 0.1092254 0.05306392 0.5202358
v 0.09668326 0.05398982 0.516115
v 0.1003524 0.05334776 0.524419
v 0.0966019 0.05399262 0.5161524
v 0.09393376 0.05408543 0.517378
v 0.1128147 0.05297118 0.5181575
v 0.1128063 0.05304306 0.517238
v 0.1052458 0.05369216 0.5120903
v 0.1127631 0.053411 0.5091574
v 0.1038801 0.05181419 0.5321952
v 0.1130066 0.05125749 0.5292009
v 0.1129774 0.05152201 0.5278816
v 0.1069684 0.04897528 0.5390027
v 0.108336 0.04693061 0.5420174
v 0.113444 0.04679197 0.5396175
v 0.1133685 0.0476427 0.5383555
v 0.1132574 0.048801 0.5360509
v 0.113209 0.04930466 0.5350487
v 0.1106947 0.04131937 0.5472165
v 0.1138561 0.04165613 0.5454454
v 0.1095797 0.04439669 0.5447587
v 0.1136683 0.04415339 0.5430791
v 0.113654 0.0443269 0.5428747
v 0.1135464 0.04563719 0.5413304
v 0.1140439 0.03884226 0.5475115
v 0.1138822 0.0412659 0.545732
v 0.1125198 0.03331696 0.5512395
v 0.1147233 0.02315855 0.5534295
v 0.1137737 0.02248924 0.5540034
v 0.1141746 0.0158801 0.5548872
v 0.05299746 0 0.5767046
v 0.05296367 0.008422791 0.5765774
v 0.05281531 0.01596051 0.5759952
v 0.0734207 0.01593297 0.5702098
v 0.05257195 0.02266186 0.5750395
v 0.07313126 0.02260291 0.5692729
v 0.05223637 0.02857571 0.5737223
v 0.07273221 0.02847594 0.5679812
v 0.05181187 0.03375113 0.5720553
v 0.072227 0.03360283 0.5663459
v 0.05130124 0.03823661 0.5700507
v 0.07161927 0.03803426 0.5643787
v 0.05070763 0.04208129 0.5677202
v 0.07091248 0.041821 0.5620911
v 0.0500341 0.04533398 0.5650761
v 0.0701102 0.04501366 0.5594943
v 0.04928374 0.04804337 0.5621299
v 0.06921595 0.04766315 0.5565999
v 0.04845947 0.05025839 0.5588939
v 0.06823337 0.04981994 0.5534192
v 0.04756438 0.052028 0.5553799
v 0.06716585 0.05153495 0.549964
v 0.06601703 0.05285871 0.5462454
v 0.07004821 0.05491638 0.5264813
v 0.07897514 0.05460578 0.5233225
v 0.09390729 0.01590621 0.5632398
v 0.09356558 0.02254515 0.5623264
v 0.09309428 0.02837818 0.5610665
v 0.09249746 0.03345769 0.5594711
v 0.09177923 0.03783631 0.5575512
v 0.09094369 0.04156637 0.5553177
v 0.0899949 0.04470056 0.5527815
v 0.08893698 0.04729127 0.5499536
v 0.08777403 0.04939121 0.5468448
v 0.08651012 0.05105274 0.5434662
v 0.08514934 0.05232852 0.5398287
v 0.1129748 0.05154567 0.5277636
v 0.1128932 0.05228513 0.5240763
v 0.1128181 0.05294138 0.5184147
v -0.009133756 0 0.5884124
v 0.01146245 0.01601666 0.5846575
v 0.03214788 0.01598834 0.5807657
v 0.01129633 0.0227825 0.5836746
v 0.03194528 0.02272176 0.5797949
v 0.01106745 0.0287801 0.5823206
v 0.03166627 0.02867734 0.5784572
v 0.01077795 0.03405439 0.5806084
v 0.0313133 0.03390187 0.5767651
v 0.01043009 0.03865069 0.5785506
v 0.03088891 0.03844243 0.5747309
v 0.01002603 0.0426138 0.5761602
v 0.03039574 0.042346 0.5723669
v 0.009567975 0.04598885 0.5734498
v 0.02983629 0.04565942 0.5696856
v 0.009057879 0.04882097 0.5704322
v 0.02921324 0.04842972 0.5666993
v 0.008498013 0.05115509 0.5671201
v 0.02852922 0.050704 0.5634204
v 0.007890522 0.05303627 0.5635265
v 0.02778673 0.05252903 0.5598614
v 0.007237613 0.05450958 0.5596639
v 0.02698832 0.05395185 0.5560345
v 0.02337431 0.05654138 0.5387104
v -0.02881342 0 0.5909524
v -0.02971673 -0.03813838 0.5821546
v -0.02952337 -0.03882974 0.5840383
v -0.02952688 -0.03403049 0.5840036
v -0.02916771 -0.0298838 0.5875016
v -0.02936553 -0.02938157 0.5855749
v -0.02932173 -0.03435164 0.5860022
v -0.02932989 -0.03458946 0.5859224
v -0.0298469 0.04040229 0.5808873
v -0.02965289 0.03687924 0.5827768
v -0.02949035 0.03309142 0.5843601
v -0.02914303 -0.02897942 0.5877425
v -0.02923154 -0.0240665 0.5868794
v -0.02935588 0.02905339 0.5856691
v -0.02924698 0.02477711 0.5867301
v -0.0290184 -0.02383214 0.5889562
v -0.02900338 -0.02289682 0.5891025
v -0.02911818 -0.01730674 0.5879845
v -0.02913159 0.01830476 0.5878537
v -0.02890759 -0.01694113 0.5900342
v -0.02889978 -0.01606976 0.5901103
v -0.02904725 -0.009835839 0.5886749
v -0.02903693 0.008025527 0.5887751
v -0.02906286 0.01201057 0.5885223
v -0.02883952 -0.00934875 0.5906971
v -0.02883678 -0.008451163 0.5907243
v -0.0290184 -0.00160861 0.5889558
v -0.02881366 -0.001007795 0.5909497
v -0.02901762 0 0.5889629
v 0.03173804 0 0.5816768
v 0.01157057 0 0.5853068
v 0.01156365 -0.008437216 0.5852566
v 0.003062129 0 0.5868383
v -0.009133756 0 0.5884124
v -0.009137868 -0.008444666 0.5883893
v 0.02523463 -0.05577844 0.5476285
v 0.04448533 -0.05515182 0.5432911
v 0.04660201 -0.05340039 0.5516012
v 0.08031874 0 0.5688496
v 0.07361215 0 0.5708223
v 0.07359695 -0.0084154 0.5707803
v 0.05600744 0 0.5760007
v 0.05299746 0 0.5767046
v 0.05296367 -0.008422553 0.5765774
v 0.00238806 -0.05727249 0.5425592
v 0.004289329 -0.05720627 0.5422238
v 0.0058043 -0.05641263 0.5511851
v 0.1128129 -0.0529865 0.5179698
v 0.1128183 -0.05293977 0.5184161
v 0.1092263 -0.05306375 0.5202376
v 0.114495 0 0.5555927
v 0.1144186 -0.008401572 0.5554251
v 0.1141746 -0.01587975 0.5548872
v 0.1137737 -0.02248871 0.5540034
v 0.1132205 -0.02828282 0.5527842
v 0.1145545 -0.02826082 0.5521163
v 0.1144706 -0.03056031 0.5514483
v 0.1125199 -0.03331631 0.5512397
v 0.1143438 -0.03328156 0.5503465
v 0.1116765 -0.03764349 0.5493806
v 0.1141176 -0.03761506 0.5482526
v 0.1142665 -0.0349403 0.5496749
v 0.1143295 -0.03358733 0.5502226
v 0.1106949 -0.04131865 0.547217
v 0.1138826 -0.04126268 0.5457329
v 0.1139079 -0.04091674 0.5460404
v 0.1141046 -0.03784739 0.548129
v 0.1137104 -0.04361766 0.5436403
v 0.10958 -0.04439604 0.5447594
v 0.1136548 -0.0442968 0.5428459
v 0.1135162 -0.04599082 0.5408642
v 0.1083364 -0.04693001 0.5420182
v 0.113444 -0.04679447 0.5396221
v 0.1069689 -0.04897475 0.5390037
v 0.1054821 -0.05058461 0.5357264
v 0.1130527 -0.05082672 0.530784
v 0.1038807 -0.05181384 0.5321965
v 0.1129761 -0.05153352 0.5278883
v 0.1128672 -0.05251407 0.522478
v 0.112946 -0.05181145 0.5267494
v 0.1129723 -0.0515694 0.5277413
v 0.112779 -0.05327671 0.5132229
v 0.1052774 -0.05369102 0.5121131
v 0.1127607 -0.05343198 0.5082336
v 0.1003532 -0.05334758 0.5244208
v 0.09668433 -0.05398976 0.5161179
v 0.1051818 -0.05369436 0.5121577
v 0.08324146 -0.0544573 0.5217531
v 0.08793979 -0.05429393 0.5198223
v 0.09467476 -0.05405968 0.5170545
v 0.09660321 -0.05399256 0.5161558
v 0.07004588 -0.05491644 0.526473
v 0.07101702 -0.05488258 0.5261651
v 0.08215427 -0.05393242 0.5318225
v 0.07896554 -0.05460608 0.5232964
v 0.04670733 -0.05572885 0.5333872
v 0.05926871 -0.05529153 0.5298895
v 0.06349009 -0.05453532 0.5380662
v 0.06081253 -0.05523777 0.5294001
v 0.02347826 -0.05653774 0.5386965
v 0.03334039 -0.0561943 0.5366321
v 0.04223948 -0.05588442 0.5344718
v 0.004396617 -0.05720245 0.5422049
v 0.01916182 -0.05668807 0.5396001
v 0.02337568 -0.05654138 0.538718
v -0.01485419 -0.05787324 0.5450405
v -0.0333122 -0.0585187 0.5471587
v -0.01534241 -0.05789023 0.5451108
v -0.03279477 -0.05816656 0.5521792
v -0.01375651 -0.05705267 0.5540471
v -0.03238403 -0.05764007 0.5561785
v -0.03150385 -0.05558246 0.5647502
v -0.03157442 -0.05584019 0.5640632
v -0.01260852 -0.05507189 0.5625827
v -0.03183823 -0.05658131 0.5614942
v -0.03230398 -0.05753749 0.556958
v -0.03120082 -0.05447494 0.5677018
v -0.01208537 -0.0535475 0.5664726
v -0.03110313 -0.05399906 0.5686537
v -0.03085201 -0.05277657 0.5710986
v -0.01159846 -0.05160945 0.5700931
v -0.03072983 -0.05200433 0.5722888
v -0.03054535 -0.0508387 0.5740853
v -0.01114952 -0.04921483 0.5734311
v -0.03038603 -0.04954791 0.5756373
v -0.03024739 -0.04842567 0.5769866
v -0.01074033 -0.04632043 0.5764734
v -0.03007143 -0.04660373 0.5787003
v -0.02998161 -0.04567295 0.5795758
v -0.01037269 -0.04288321 0.579207
v -0.0297873 -0.04312533 0.5814677
v -0.02975022 -0.04263997 0.5818281
v -0.01004838 -0.03886002 0.5816187
v -0.02953672 -0.03905445 0.583908
v -0.009769141 -0.03420764 0.5836954
v -0.009536683 -0.02888298 0.5854239
v -0.02915102 -0.02931094 0.5876643
v -0.009352803 -0.02284306 0.5867911
v -0.009219288 -0.01604467 0.587784
v 0.0941528 0 0.5638922
v 0.0734207 -0.01593255 0.5702099
v 0.05281531 -0.01595997 0.5759953
v 0.07313132 -0.02260226 0.569273
v 0.05257201 -0.0226612 0.5750396
v 0.07273226 -0.02847522 0.5679814
v 0.05223643 -0.02857512 0.5737224
v 0.07222706 -0.03360199 0.5663462
v 0.05181193 -0.03375035 0.5720556
v 0.07161939 -0.03803342 0.5643792
v 0.05130136 -0.0382359 0.5700511
v 0.07091265 -0.04182016 0.5620916
v 0.05070775 -0.04208058 0.5677208
v 0.07011044 -0.04501301 0.5594949
v 0.05003434 -0.04533314 0.5650768
v 0.06921625 -0.04766243 0.5566007
v 0.04928398 -0.04804265 0.5621308
v 0.06823366 -0.04981935 0.5534203
v 0.0484597 -0.0502578 0.558895
v 0.0671662 -0.05153441 0.5499652
v 0.0475648 -0.05202746 0.5553811
v 0.06601744 -0.05285829 0.5462468
v 0.04233711 -0.05588102 0.534448
v 0.06090462 -0.05523461 0.5293709
v 0.08514988 -0.0523281 0.5398302
v 0.08651059 -0.05105233 0.5434675
v 0.08777445 -0.04939067 0.5468459
v 0.08893734 -0.04729068 0.5499544
v 0.08999514 -0.04469978 0.5527822
v 0.09094387 -0.04156559 0.5553182
v 0.09177941 -0.03783547 0.5575516
v 0.09249758 -0.03345704 0.5594714
v 0.09309434 -0.02837759 0.5610667
v 0.09356564 -0.02254468 0.5623265
v 0.09390729 -0.01590573 0.5632399
v 0.09411531 -0.008408367 0.5637959
v 0.09857237 0 0.5623085
v 0.0790531 -0.05460304 0.5232648
v 0.007237792 -0.05450916 0.5596654
v 0.02698868 -0.05395144 0.5560359
v 0.00789076 -0.05303561 0.5635278
v 0.02778697 -0.0525285 0.5598626
v 0.008498191 -0.05115443 0.5671213
v 0.02852952 -0.05070334 0.5634216
v 0.009057998 -0.04882013 0.5704331
v 0.02921342 -0.04842907 0.5667002
v 0.009568095 -0.04598808 0.5734505
v 0.02983647 -0.04565858 0.5696863
v 0.01002615 -0.04261296 0.5761608
v 0.03039586 -0.0423451 0.5723675
v 0.01043021 -0.03864979 0.5785511
v 0.03088897 -0.03844159 0.5747313
v 0.010778 -0.03405368 0.5806087
v 0.0313133 -0.03390103 0.5767654
v 0.01106745 -0.02877932 0.5823208
v 0.03166627 -0.02867656 0.5784574
v 0.01129633 -0.02278184 0.5836747
v 0.03194534 -0.02272123 0.579795
v 0.01146245 -0.01601618 0.5846575
v 0.03214794 -0.01598793 0.5807657
v 0.03227126 -0.008429825 0.5813573
v 0.03230971 0 0.5815431
v -0.1160433 -0.07231408 0.6118583
v -0.1156057 -0.07125598 0.6125866
v -0.117722 -0.07121235 0.6124663
v -0.1166334 -0.07340723 0.6104683
v -0.1161566 -0.07252401 0.6115913
v -0.1176601 -0.07253873 0.6115318
v -0.2028882 -0.08265686 0.5195522
v -0.2019225 -0.0837962 0.5195475
v -0.2004215 -0.08280348 0.52692
v -0.1219425 -0.07115352 0.6120516
v -0.1218199 -0.07250165 0.6111251
v -0.1233586 -0.07115215 0.6117993
v -0.1292364 -0.07252514 0.6098077
v -0.1294695 -0.07114607 0.6107108
v -0.1319156 -0.07118618 0.6100122
v -0.1364845 -0.07266587 0.6077407
v -0.1368263 -0.07126677 0.6086099
v -0.1402183 -0.07138448 0.6072555
v -0.1435768 -0.07292515 0.6049108
v -0.1440231 -0.07151651 0.6057363
v -0.146905 -0.07165491 0.6043415
v -0.1464176 -0.07306486 0.6035364
v -0.1481766 -0.07173323 0.6036132
v -0.153117 -0.07348173 0.5997
v -0.153698 -0.0720734 0.6004509
v -0.1556566 -0.07223302 0.5990689
v -0.1594823 -0.07400059 0.5952088
v -0.160147 -0.07259893 0.5959006
v -0.1626324 -0.07285225 0.5937902
v -0.1655151 -0.07461488 0.5900859
v -0.1662544 -0.07322144 0.5907146
v -0.1692126 -0.07505786 0.5864703
v -0.1691109 -0.07356369 0.5879214
v -0.1699948 -0.07366955 0.5870572
v -0.1749705 -0.07586294 0.580005
v -0.1749834 -0.07436537 0.5814553
v -0.1758149 -0.0744813 0.5805217
v -0.1802595 -0.07674854 0.5729974
v -0.1803178 -0.07523018 0.5745548
v -0.1811566 -0.07536965 0.5734432
v -0.1850833 -0.0777105 0.5654768
v -0.1851103 -0.07615011 0.5672774
v -0.1860247 -0.07633054 0.5658516
v -0.1867442 -0.07648742 0.5646179
v -0.1857964 -0.07786786 0.5642542
v -0.1913931 -0.07761847 0.5557708
v -0.1904067 -0.0790041 0.5554841
v -0.1931015 -0.07812768 0.5518345
v -0.1943848 -0.08020555 0.5463218
v -0.2014843 -0.08140927 0.5269784
v -0.1991453 -0.08025884 0.5355592
v -0.1977283 -0.08147108 0.5367969
v -0.1987712 -0.08007484 0.5369318
v -0.1954025 -0.07881361 0.5465324
v -0.117567 -0.07349503 0.6102229
v -0.1216472 -0.07347482 0.6098158
v -0.128917 -0.07352161 0.6085126
v -0.1360194 -0.0736764 0.6064789
v -0.1429715 -0.07394093 0.6036997
v -0.1457573 -0.07408052 0.6023506
v -0.1523314 -0.07449287 0.5985841
v -0.1585857 -0.07500278 0.5941711
v -0.16452 -0.07560658 0.589132
v -0.1681609 -0.07604271 0.5855719
v -0.1738352 -0.07683783 0.579199
v -0.1790519 -0.07771623 0.5722833
v -0.1838124 -0.07867377 0.5648537
v -0.1845166 -0.07883071 0.5636453
v -0.1890683 -0.07996523 0.5549737
v -0.192997 -0.08116561 0.5459091
v -0.1962999 -0.08242833 0.5364832
v -0.1989619 -0.08375304 0.5267081
v -0.2018151 -0.08392286 0.5195471
v -0.2004377 -0.08472293 0.5195322
v -0.1174528 -0.07398045 0.6086777
v -0.1214434 -0.07396817 0.6082648
v -0.1285472 -0.07402497 0.6069694
v -0.1354839 -0.07418411 0.6049672
v -0.1422765 -0.07444739 0.6022418
v -0.1449999 -0.07458513 0.6009204
v -0.151432 -0.07499015 0.5972319
v -0.1575608 -0.07548987 0.5929071
v -0.1633839 -0.07608211 0.5879631
v -0.1669605 -0.0765106 0.5844658
v -0.1725403 -0.07729327 0.5781968
v -0.1776739 -0.07816028 0.5713839
v -0.1823614 -0.07910758 0.5640555
v -0.1830548 -0.07926297 0.5628629
v -0.1875374 -0.08038735 0.5543004
v -0.1914068 -0.08157783 0.5453442
v -0.1946605 -0.08282965 0.5360289
v -0.1972852 -0.08414101 0.5263689
v -0.2003609 -0.08476752 0.5195313
v -0.1987097 -0.08508044 0.5195062
v -0.1160433 -0.06926333 0.6118583
v -0.1130275 -0.06206792 0.6168774
v -0.1775492 0.03018385 0.5974408
v -0.1728483 0.03425079 0.6009091
v -0.1757119 0.03697973 0.5970333
v -0.1475614 0.05196666 0.6115604
v -0.1527181 0.05049031 0.6096305
v -0.1499011 0.04520171 0.6135501
v -0.1562972 -0.04918712 0.608102
v -0.1526539 -0.05038636 0.6095743
v -0.1499012 -0.04520171 0.6135501
v -0.1097047 -0.04946243 0.6224076
v -0.1095654 -0.04916375 0.6226394
v -0.1155457 -0.04922688 0.6221898
v -0.1022691 0.03999376 0.6347835
v -0.1033045 0.04066807 0.63306
v -0.1162956 0.04009354 0.6312708
v -0.1104766 0.05166918 0.6211229
v -0.1114988 0.05569756 0.6194216
v -0.1176235 0.05564451 0.6186416
v -0.1081435 0.04611468 0.6250058
v -0.1092154 0.04828202 0.6232217
v -0.1155457 0.04922688 0.6221899
v -0.1095501 0.04918092 0.6226648
v -0.1044216 0.04139572 0.6312007
v -0.1063137 0.04335743 0.6280512
v -0.1067477 0.04401135 0.6273289
v -0.09952497 0.0393002 0.6393516
v -0.1001041 0.03934353 0.6383875
v -0.1100539 0.03840386 0.6377062
v -0.1014388 0.03974437 0.6361656
v -0.1144601 0.03882485 0.6341773
v -0.1125749 -0.0381934 0.6370763
v -0.1144601 -0.03882485 0.6341773
v -0.1075114 -0.03861385 0.6381496
v -0.1014433 -0.0397017 0.6361582
v -0.1066665 -0.03868407 0.6383286
v -0.09952497 -0.0393002 0.6393515
v -0.1033138 -0.04060786 0.6330447
v -0.1031254 -0.04045665 0.6333582
v -0.1017279 -0.0397613 0.6356844
v -0.1126655 -0.0439459 0.6268129
v -0.1067655 -0.04396998 0.6272993
v -0.1052621 -0.0421729 0.6298015
v -0.1162956 -0.04009354 0.6312708
v -0.1081435 -0.04611468 0.6250058
v -0.1068826 -0.04411005 0.6271043
v -0.1176428 -0.05577099 0.6188159
v -0.1162832 -0.05581837 0.619033
v -0.1108546 -0.05296063 0.6204938
v -0.1114988 -0.05569756 0.6194216
v -0.1838399 -0.009303987 0.5960763
v -0.1842204 -0.007167994 0.5956538
v -0.1859745 -0.007045984 0.5925599
v -0.1846861 -0.004553914 0.5951367
v -0.1865894 0 0.5918928
v -0.1849085 1.94565e-06 0.594887
v -0.1822388 -0.01391506 0.5978024
v -0.1840873 -0.01359391 0.5945553
v -0.1804617 -0.01733523 0.5996577
v -0.1810255 -0.01920801 0.5976227
v -0.1796457 -0.01842695 0.6004708
v -0.1824313 -0.01354449 0.5976014
v -0.1838382 -0.009313225 0.5960781
v -0.1748875 -0.02364021 0.6050379
v -0.1770623 -0.02378165 0.6013017
v -0.1710886 -0.02634221 0.6083715
v -0.1724447 -0.02745157 0.6052166
v -0.1703886 -0.02670812 0.6089365
v -0.1459118 -0.03446531 0.6251977
v -0.1527744 -0.03308641 0.6213541
v -0.1535636 -0.03330409 0.6201104
v -0.1630448 -0.03007787 0.6146067
v -0.1659275 -0.02987051 0.6113157
v -0.1606569 -0.03098845 0.6163492
v -0.1543689 -0.03368127 0.6188926
v -0.1546002 -0.03266429 0.6202681
v -0.1538705 -0.03286623 0.6207402
v -0.1531022 -0.03302067 0.6211705
v -0.1645069 -0.02952039 0.6135399
v -0.1663624 -0.02881288 0.612186
v -0.1698772 -0.02697545 0.6093491
v -0.1758193 -0.02273839 0.6041615
v -0.1780006 -0.02062755 0.6021098
v -0.1789848 -0.01931101 0.6011292
v -0.1408976 -0.03561031 0.6266803
v -0.1377441 -0.03567522 0.6290453
v -0.1400148 -0.03533881 0.6279756
v -0.1417672 -0.03611695 0.6253766
v -0.1283891 -0.03772509 0.6305177
v -0.1274825 -0.03719216 0.631906
v -0.1369948 -0.03578633 0.6293982
v -0.1274204 -0.03687053 0.633065
v -0.1171908 -0.03781002 0.636098
v -0.1207805 -0.03748041 0.6350337
v -0.125185 -0.03707587 0.6337278
v -0.126577 -0.03694808 0.6333151
v -0.1301802 -0.03914552 0.6278095
v -0.1434955 -0.03743124 0.6228366
v -0.1559799 -0.03466707 0.6165168
v -0.1673304 -0.03039348 0.6091395
v -0.1877737 -0.01973426 0.5874448
v -0.1852024 -0.02006983 0.5909821
v -0.1886407 -0.01801717 0.586687
v -0.1879011 -0.013933 0.588431
v -0.1896157 -0.007153749 0.5867303
v -0.1912474 -0.009193181 0.5842372
v -0.1897608 -0.0142672 0.5856363
v -0.1886917 -0.0179162 0.5866425
v -0.1755145 -0.03694021 0.5970932
v -0.1735705 -0.03854203 0.5983687
v -0.1728483 -0.03425079 0.6009091
v -0.1728885 -0.03910398 0.5988163
v -0.1770721 -0.03565692 0.5960713
v -0.1775492 -0.03018385 0.5974407
v -0.179962 -0.03207117 0.5938421
v -0.1872477 -0.02077597 0.5879045
v -0.1843497 -0.02651548 0.5904374
v -0.1817018 -0.02547681 0.594071
v -0.1840119 -0.02704608 0.5907181
v -0.1808803 -0.03093183 0.5931338
v -0.1226698 -0.04912298 0.621278
v -0.1197227 -0.04380798 0.6258491
v -0.1366343 -0.04795187 0.6181898
v -0.1335707 -0.04286342 0.6226793
v -0.1467971 -0.04074573 0.6179618
v -0.1620975 -0.04070705 0.6076411
v -0.1590846 -0.03723019 0.6119199
v -0.1676779 -0.03774178 0.604342
v -0.1700938 -0.03197896 0.6049213
v -0.164875 -0.0447244 0.6036436
v -0.1646668 -0.04483669 0.6037543
v -0.1570894 -0.04892635 0.6077819
v -0.1386891 -0.05401766 0.6144976
v -0.1307514 -0.05531316 0.6167229
v -0.1296181 -0.05535274 0.6169039
v -0.1293758 -0.05536127 0.6169425
v -0.1249361 -0.0555163 0.6176514
v -0.1201654 -0.05568283 0.6184132
v -0.1475915 -0.05205273 0.61162
v -0.1445072 -0.0530681 0.6128664
v -0.139197 -0.05393481 0.6143552
v -0.1683307 -0.04285931 0.6018068
v -0.1704258 -0.0411331 0.6004321
v -0.1700938 0.03197896 0.6049213
v -0.1590846 0.03723019 0.6119199
v -0.1620973 0.04070705 0.6076411
v -0.1467971 0.04074573 0.6179618
v -0.1366343 0.04795187 0.6181898
v -0.1335707 0.04286342 0.6226793
v -0.1226699 0.0491231 0.6212782
v -0.1197227 0.04380798 0.6258492
v -0.1126655 0.0439459 0.6268129
v -0.1410775 0.05382299 0.6139869
v -0.139249 0.05405914 0.6144468
v -0.1201438 0.05562263 0.6183205
v -0.1249552 0.05558103 0.6177078
v -0.1276479 0.05555766 0.6173648
v -0.1291851 0.05535912 0.6169782
v -0.1295935 0.05530637 0.6168755
v -0.1387345 0.05412554 0.6145762
v -0.1654981 0.04466146 0.6034517
v -0.1703386 0.04102087 0.6004099
v -0.1676779 0.03774178 0.604342
v -0.1728866 0.03910458 0.5988088
v -0.1736341 0.03854238 0.5983391
v -0.1817018 0.02547681 0.594071
v -0.1839777 0.02676671 0.5907065
v -0.1852024 0.02006983 0.5909822
v -0.1873217 0.02082902 0.5878528
v -0.1879011 0.013933 0.588431
v -0.1897538 0.01425266 0.5856376
v -0.1896157 0.00715363 0.5867303
v -0.1909133 0.01075565 0.5845593
v -0.1879336 0.01974248 0.5873306
v -0.1879362 0.01973474 0.5873282
v -0.1886337 0.01763117 0.5866795
v -0.1799761 0.03207719 0.593829
v -0.1808902 0.03102618 0.5931421
v -0.1828435 0.02878046 0.5916743
v -0.1544294 0.05000036 0.6089901
v -0.1562669 0.04911404 0.6080707
v -0.1647294 0.04503232 0.6038364
v -0.1650027 0.04490041 0.6036997
v -0.1749849 0.02853149 0.6012478
v -0.1793567 0.02440017 0.5976234
v -0.1830782 0.01946717 0.5942536
v -0.1859511 0.01364886 0.5914543
v -0.1877475 0.007042527 0.5896124
v -0.1883486 0 0.5889813
v -0.1902058 0 0.5861312
v -0.1877475 -0.007042527 0.5896124
v -0.1859511 -0.01364886 0.5914543
v -0.1830782 -0.01946717 0.5942535
v -0.1793567 -0.02440023 0.5976234
v -0.174985 -0.02853149 0.6012477
v -0.1274825 0.03719216 0.631906
v -0.1265521 0.03693181 0.6332461
v -0.1251507 0.03706848 0.6337013
v -0.1204891 0.03752321 0.6352159
v -0.1125785 0.0381909 0.6371037
v -0.1400411 0.03536427 0.6280196
v -0.1376994 0.03565639 0.6289941
v -0.1408976 0.03561031 0.6266803
v -0.1368277 0.03576517 0.6293569
v -0.1307938 0.03651797 0.631868
v -0.12094 0.03747928 0.6350694
v -0.1283891 0.03772509 0.6305177
v -0.1417672 0.03611695 0.6253766
v -0.1543689 0.03368127 0.6188926
v -0.1535636 0.03330409 0.6201104
v -0.1527526 0.0330578 0.6213331
v -0.1500931 0.03368866 0.6229439
v -0.1407814 0.03527188 0.6277115
v -0.1618199 0.03275972 0.6129343
v -0.1603001 0.03199768 0.6152176
v -0.1673304 0.03039348 0.6091395
v -0.1645462 0.02958256 0.6135612
v -0.1630539 0.030083 0.6146008
v -0.1587865 0.03151381 0.6175737
v -0.1576368 0.03189939 0.6183747
v -0.1545037 0.03264254 0.6202724
v -0.1530628 0.03298419 0.6211451
v -0.177759 0.02089822 0.6023437
v -0.1770623 0.02378159 0.6013017
v -0.1789806 0.01930463 0.6011314
v -0.1810255 0.01920795 0.5976227
v -0.1796499 0.01843142 0.6004673
v -0.1859745 0.007045984 0.59256
v -0.1842297 0.007170081 0.5956435
v -0.1838243 0.009312987 0.596093
v -0.1840873 0.01359391 0.5945554
v -0.183785 0.009520888 0.5961366
v -0.1823081 0.01383239 0.5977327
v -0.1803222 0.01755428 0.5998
v -0.1724447 0.02745151 0.6052166
v -0.1703358 0.026744 0.6089863
v -0.1699072 0.02702564 0.6093549
v -0.1698116 0.02708858 0.6094371
v -0.175755 0.02274626 0.6042095
v -0.1747674 0.02365684 0.6051288
v -0.1741071 0.0242657 0.6057435
v -0.170377 0.02671694 0.6089509
v -0.1849284 0.000409376 0.5948647
v -0.1846232 0.005090296 0.5952072
v -0.1559799 0.03466707 0.6165168
v -0.1434955 0.03743124 0.6228366
v -0.1301804 0.03914552 0.6278095
v -0.1913883 0.007284641 0.5840969
v -0.1921167 0.001961231 0.5833876
v -0.1921589 0 0.583346
v -0.1914343 -0.007306993 0.5840544
v -0.1134206 0.07205873 0.6097194
v -0.1149422 0.07242888 0.6086341
v -0.1149347 0.07186269 0.6100982
v -0.1149422 0.07067644 0.6111263
v -0.1127067 0.07063978 0.6111011
v -0.1131405 0.07159382 0.6103792
v -0.1221228 0.07347458 0.6097536
v -0.1167182 0.07347393 0.6102683
v -0.1173914 0.07398086 0.6086823
v -0.1160433 0.07231408 0.6118583
v -0.1161568 0.07252365 0.6115911
v -0.1223048 0.07249963 0.6110625
v -0.1166388 0.07341408 0.6104555
v -0.2014145 0.0834288 0.5223409
v -0.2024849 0.08203864 0.522364
v -0.2000207 0.08063954 0.5326926
v -0.1989687 0.08203595 0.5325903
v -0.1991122 0.08026158 0.5355471
v -0.195779 0.08069664 0.5426099
v -0.1968073 0.07930248 0.5427907
v -0.1931589 0.07812315 0.5518597
v -0.1918743 0.07941848 0.5523117
v -0.1928725 0.07803052 0.5525717
v -0.1882281 0.07682496 0.5619679
v -0.1872677 0.07820671 0.5616278
v -0.1873248 0.07661718 0.5635985
v -0.1863721 0.07799804 0.5632439
v -0.1850728 0.07615333 0.5672559
v -0.1813228 0.07694655 0.5714422
v -0.1822299 0.07556778 0.5718729
v -0.180283 0.07523369 0.5745306
v -0.1757971 0.07599133 0.5789833
v -0.1766499 0.07461035 0.5794893
v -0.1749556 0.07436865 0.5814322
v -0.1698004 0.07513332 0.5858591
v -0.170589 0.07374584 0.5864391
v -0.1690765 0.07356911 0.5878856
v -0.1633282 0.07437741 0.5920485
v -0.1640411 0.07298088 0.5927009
v -0.1626438 0.07285088 0.5937994
v -0.1564358 0.0737366 0.5974676
v -0.1570611 0.0723313 0.5981885
v -0.155667 0.07223165 0.5990781
v -0.1497088 0.07325381 0.6017596
v -0.1502429 0.0718438 0.6025391
v -0.1463308 0.07306027 0.6035805
v -0.1481946 0.07172811 0.6036435
v -0.1468169 0.07165032 0.6043863
v -0.1402441 0.07137286 0.6073236
v -0.1393713 0.07275635 0.6066891
v -0.1397561 0.07135224 0.6075417
v -0.132455 0.07117915 0.609956
v -0.1321775 0.07256764 0.6090653
v -0.1319335 0.07117611 0.6100708
v -0.1247332 0.07249689 0.6107
v -0.1156057 0.07125598 0.6125866
v -0.1224346 0.07114917 0.6119878
v -0.1233671 0.07114392 0.6118481
v -0.124899 0.07113528 0.6116187
v -0.1999441 0.08437234 0.5221768
v -0.1975256 0.0829907 0.5323199
v -0.1943741 0.08165597 0.5422361
v -0.1905176 0.08037918 0.5518356
v -0.1859691 0.07916885 0.5610491
v -0.1850849 0.07896059 0.5626466
v -0.180101 0.07791304 0.5707475
v -0.1746503 0.07696491 0.5781912
v -0.1687397 0.07611715 0.5849699
v -0.1623679 0.07537305 0.5910633
v -0.1555914 0.0747435 0.596391
v -0.1489859 0.07426798 0.6006065
v -0.1456722 0.07407593 0.6023939
v -0.1388489 0.07377004 0.6054458
v -0.1317991 0.0735709 0.6077815
v -0.1245034 0.07348024 0.609394
v -0.1219083 0.07396876 0.6082022
v -0.124235 0.07397818 0.6078431
v -0.1313619 0.07407677 0.6062481
v -0.1382479 0.07427787 0.6039533
v -0.1449167 0.0745806 0.6009628
v -0.1481574 0.07476949 0.5992125
v -0.1546255 0.07523584 0.5950832
v -0.1612712 0.07585293 0.5898588
v -0.1675294 0.07658374 0.5838739
v -0.1733421 0.07741856 0.5772045
v -0.1787069 0.07835489 0.5698697
v -0.1836144 0.07939165 0.5618771
v -0.1844851 0.07959794 0.5603
v -0.1889648 0.08079785 0.5512002
v -0.1927632 0.08206403 0.5417146
v -0.1958686 0.08338665 0.5319142
v -0.1982553 0.08475315 0.521892
v -0.1461194 0.07689821 0.5843216
v -0.1494268 0.07809519 0.5753895
v -0.1974915 0.085105 0.5194842
v -0.1495054 0.07939207 0.566152
v -0.1463429 0.08058232 0.5580798
v -0.1498468 0.08194267 0.5479609
v -0.1495212 0.08200526 0.5475562
v -0.18512 0.0852195 0.5202208
v -0.1448982 0.08260333 0.5438805
v -0.1509916 0.08451342 0.5295252
v -0.1483395 0.08218675 0.5464131
v -0.1483395 0.08218675 0.5464131
v -0.1509916 0.08451342 0.5295252
v -0.1702308 0.08486294 0.5246253
v -0.1702308 0.08486294 0.5246253
v -0.1487013 0.08213442 0.54674
v -0.1196976 0.07470381 0.6032494
v -0.1207828 0.07464957 0.6034992
v -0.1261266 0.07451593 0.6037799
v -0.1373133 0.07575571 0.5935551
v -0.1441159 0.07651126 0.5873262
v -0.1458545 0.08068978 0.5573762
v -0.1498472 0.08194136 0.5479699
v -0.1495212 0.08200526 0.5475562
v -0.1702308 0.08486294 0.5246253
v -0.1724362 0.08491015 0.5240129
v -0.1495212 0.08200526 0.5475562
v -0.1724362 0.08491015 0.5240129
v -0.18512 0.0852195 0.5202208
v -0.1261648 0.07451772 0.6037622
v -0.1123859 0.05523538 0.6179444
v -0.10863 0.05520373 0.617886
v -0.114117 0.06237167 0.6150642
v -0.1122871 0.06923437 0.6117995
v -0.1160433 0.06926333 0.6118583
v -0.1078308 0.05191504 0.619216
v -0.1116003 0.05199033 0.6192528
v -0.1068599 0.04902803 0.6208319
v -0.1106282 0.04905009 0.6208706
v -0.1067227 0.04861992 0.6210603
v -0.1105979 0.04895836 0.6209211
v -0.1053577 0.04560297 0.6233319
v -0.1090108 0.0454424 0.6235624
v -0.1043793 0.04390132 0.6249603
v -0.1081435 0.04394865 0.6250058
v -0.1062511 0.04145067 0.6281554
v -0.1039493 0.03935641 0.6319867
v -0.09809774 0.03820341 0.6354161
v -0.1003164 0.03939646 0.6317229
v -0.1041318 0.03951704 0.6316829
v -0.1003609 0.03943663 0.6316489
v -0.1060966 0.04124671 0.6284127
v -0.1024456 0.04132187 0.6281789
v -0.1024879 0.04137831 0.6281084
v -0.06045562 0.03693747 0.7013149
v -0.05796211 0.03693336 0.7041378
v -0.05360943 0.03685402 0.7041692
v -0.05667865 0.03693115 0.7055908
v -0.0521838 0.03684794 0.7057452
v -0.05478489 0.03692799 0.7077347
v -0.04724693 0.03685224 0.710279
v -0.05193454 0.03694456 0.7103533
v -0.04518556 0.0370078 0.7157826
v -0.04015785 0.03688931 0.7152795
v -0.04192936 0.03687763 0.7141813
v -0.05131083 0.0369482 0.7109264
v -0.04704475 0.03685319 0.7104274
v -0.04904782 0.03696125 0.7130054
v -0.04587543 0.03699958 0.7152865
v -0.04302263 0.03703385 0.7173379
v -0.03908199 0.03689771 0.7158315
v -0.03958785 0.03709274 0.7192391
v -0.03373312 0.03693997 0.7185754
v -0.03776818 0.03712385 0.7202463
v -0.02935397 0.03697896 0.7202128
v -0.0297693 0.03729486 0.7235742
v -0.02647674 0.03700459 0.7212886
v -0.03089267 0.03726744 0.7232151
v -0.03303742 0.03722202 0.7223092
v -0.03727394 0.03713238 0.7205198
v -0.02604442 0.0373857 0.7247651
v -0.01770126 0.03708446 0.72359
v -0.01937431 0.03706961 0.7232536
v -0.0241031 0.03743296 0.7253858
v -0.02145671 0.03750437 0.7260313
v -0.008582293 0.03716534 0.7254242
v -0.008565485 0.03730881 0.7261012
v -0.01790261 0.03760015 0.7268981
v -0.01690238 0.03762716 0.727142
v -0.009291112 0.03784525 0.728599
v -0.0298931 0.03431648 0.7516402
v -0.02776139 0.03118413 0.7618248
v -0.01774686 0.03131461 0.7647109
v -0.03797292 0.0362538 0.7381754
v -0.04338264 0.03619086 0.7346238
v -0.04014843 0.03419154 0.74625
v -0.03710782 -0.03114515 0.7574558
v -0.02775985 -0.03118145 0.7618319
v -0.02586007 -0.0263167 0.7711803
v -0.1705477 0.02278691 0.6129615
v -0.170391 0.01853209 0.6161885
v -0.06225788 -0.03847616 0.6989338
v -0.06019902 -0.0384581 0.701607
v -0.05296957 -0.03617864 0.726128
v -0.009134471 -0.03827112 0.7390546
v -0.01041132 -0.03697156 0.7471063
v -0.01973426 -0.03668934 0.7452002
v -0.02172422 -0.03900688 0.7259274
v -0.0178886 -0.03911083 0.7268383
v -0.01480138 -0.03919458 0.7275715
v -0.008447706 -0.03937709 0.7287501
v -0.0292977 -0.03881543 0.7237237
v -0.02808231 -0.03884255 0.7241861
v -0.02604252 -0.03650867 0.7434169
v -0.02605682 -0.0388928 0.7248029
v -0.0246303 -0.03892815 0.7252372
v -0.03215736 -0.03636032 0.7411131
v -0.03523707 -0.03868287 0.7214642
v -0.0330373 -0.03873205 0.7223011
v -0.04338133 -0.03854417 0.7170048
v -0.0416342 -0.038567 0.7181824
v -0.03797084 -0.03625261 0.7381834
v -0.03958743 -0.03860414 0.7192324
v -0.03657281 -0.03865867 0.7207789
v -0.04589575 -0.03851133 0.7153102
v -0.04338014 -0.03618973 0.7346323
v -0.04749923 -0.03849041 0.7142295
v -0.05498254 -0.03844571 0.7075314
v -0.05133002 -0.03846269 0.7109482
v -0.04836159 -0.0361678 0.7305682
v -0.0497784 -0.03846997 0.7123998
v -0.04963839 -0.03847122 0.7125123
v -0.05987817 -0.0384553 0.7020236
v -0.05669492 -0.03844904 0.7056049
v -0.0551871 -0.03844606 0.7073013
v -0.07168078 -0.03861194 0.6854108
v -0.06914466 -0.03857076 0.689164
v -0.06138521 -0.03626573 0.7165668
v -0.06826728 -0.03855645 0.6904624
v -0.06458097 -0.03849655 0.6959177
v -0.08671462 -0.03897905 0.6606732
v -0.07873219 -0.03877741 0.6739471
v -0.08457946 -0.03674173 0.6851954
v -0.07753646 -0.03874927 0.675891
v -0.06915956 -0.03640443 0.7064908
v -0.07570904 -0.03870648 0.678862
v -0.1035721 -0.03713315 0.659262
v -0.09409141 -0.03916394 0.6483951
v -0.08928447 -0.03904342 0.6563959
v -0.1245203 -0.03556996 0.6467349
v -0.153279 -0.03266489 0.6223022
v -0.1382678 -0.03250986 0.6437698
v -0.1539772 -0.03006958 0.6284554
v -0.1541815 -0.02676343 0.6339761
v -0.1705476 -0.02278125 0.6129665
v -0.1703907 -0.01852607 0.6161925
v -0.1701211 -0.01405036 0.6187025
v -0.1822908 -0.01381492 0.5977481
v -0.1698693 -0.00942856 0.6204773
v -0.16964 3.34887e-06 0.6218672
v -0.1696994 -0.004727721 0.6215242
v -0.1696996 0.004734337 0.6215232
v -0.1698696 0.009435057 0.6204753
v -0.1701215 0.01405668 0.6186994
v -0.1532779 0.03266793 0.6222931
v -0.1539767 0.0300737 0.6284471
v -0.1541818 0.02676844 0.6339687
v -0.1382678 0.03251284 0.6437594
v -0.1245211 0.03557175 0.6467224
v -0.1035748 0.03713434 0.6592476
v -0.09408873 0.03916364 0.6483985
v -0.08138412 0.0388447 0.6695417
v -0.08928358 0.039043 0.6563954
v -0.0845831 0.03674286 0.6851815
v -0.06967264 0.03857296 0.6885219
v -0.0691629 0.03640556 0.706479
v -0.06919574 0.03856462 0.6892425
v -0.06138819 0.03626686 0.7165561
v -0.07568168 0.0387091 0.6788448
v -0.07753044 0.03875094 0.6758675
v -0.07904136 0.03878515 0.6734343
v -0.0622971 0.03847324 0.6989644
v -0.0683366 0.03855085 0.6905089
v -0.05518919 0.03844588 0.7073032
v -0.0561034 0.03844493 0.7063502
v -0.05297225 0.03617984 0.7261185
v -0.05671459 0.03844767 0.7056239
v -0.06014585 0.03846281 0.7015457
v -0.06218248 0.03847175 0.6991249
v -0.05131834 0.03846359 0.7109339
v -0.05438148 0.03844678 0.708145
v -0.04836434 0.03616899 0.7305593
v -0.04961299 0.03847295 0.7124866
v -0.03659331 0.038657 0.7208107
v -0.03725641 0.03864318 0.7205283
v -0.0395829 0.03860425 0.7192308
v -0.04336649 0.03854107 0.7171205
v -0.04588401 0.03851217 0.7152989
v -0.04900324 0.03847622 0.7130419
v -0.02929675 0.03881597 0.7237117
v -0.0313009 0.03876745 0.7230642
v -0.03215909 0.03636145 0.7411055
v -0.03304272 0.03873109 0.7223225
v -0.02604377 0.03650999 0.7434095
v -0.02418828 0.03893935 0.725362
v -0.02604353 0.03889459 0.7247626
v -0.008891284 0.03848016 0.737429
v -0.008447706 0.03937709 0.7287501
v -0.01657509 0.03914421 0.7272109
v -0.01041507 0.03695446 0.7470957
v -0.01973497 0.03669059 0.7451929
v -0.0179004 0.03910863 0.726889
v -0.02173113 0.03900551 0.7259587
v -0.01347255 0.03254979 0.7628003
v -0.01211154 0.03475207 0.7564667
v -0.0187124 0.03457552 0.7551206
v -0.01205533 0.0348429 0.7562054
v -0.01059156 0.03677779 0.7482151
v -0.01527863 0.02898424 0.7698153
v -0.01411879 0.03133428 0.7654239
v -0.01793807 0.02196842 0.7778817
v -0.01761394 0.02290457 0.7769728
v -0.02505111 0.0230357 0.7752296
v -0.01676917 0.02534443 0.7746041
v -0.0343858 0.02637684 0.7677161
v -0.02586138 0.02632099 0.7711741
v -0.01688861 0.02630126 0.7734681
v -0.01975661 0.01466184 0.7820829
v -0.0191558 0.0175479 0.7808212
v -0.02437591 0.01915144 0.7786405
v -0.01903092 0.01805889 0.7805402
v -0.01875877 0.01903265 0.779878
v -0.02052915 0.009943664 0.7835888
v -0.02005553 0.01322603 0.7827106
v -0.02385663 0.01475298 0.7812587
v -0.02099686 0.005015492 0.7844014
v -0.02082055 0.007698357 0.7841166
v -0.02349835 0.009994685 0.7830345
v -0.02072858 0.008561015 0.7839587
v -0.02115803 4.06067e-06 0.7846627
v -0.02116894 0.002397418 0.7846792
v -0.02329319 0.005037665 0.7840197
v -0.02329295 -0.005030632 0.7840205
v -0.02100741 -0.005009651 0.7844192
v -0.02114397 -0.003099799 0.7846413
v -0.02322793 3.56834e-06 0.7843219
v -0.02080261 -0.007874011 0.7840861
v -0.02349787 -0.009987711 0.7830365
v -0.02052116 -0.009932816 0.7835711
v -0.02012711 -0.01281392 0.7828504
v -0.02385604 -0.0147463 0.7812619
v -0.01978129 -0.01469016 0.7821605
v -0.0250501 -0.02303051 0.7752351
v -0.01770555 -0.02269893 0.7772697
v -0.02437502 -0.01914548 0.7786448
v -0.01881998 -0.0188871 0.780055
v -0.01978003 -0.01469641 0.7821581
v -0.0144878 -0.03064107 0.7669165
v -0.01493322 -0.02972728 0.7685807
v -0.01774621 -0.03131169 0.7647176
v -0.0161572 -0.02694481 0.7727504
v -0.01688808 -0.02629685 0.773474
v -0.01871168 -0.03457367 0.7551278
v -0.01315253 -0.03310436 0.7614023
v -0.01412612 -0.03130841 0.7654228
v -0.01052099 -0.03685992 0.7477977
v -0.01189178 -0.03508102 0.7553743
v -0.01211977 -0.03472357 0.7564643
v -0.0948385 0.0297662 0.7056758
v -0.122927 0.02993041 0.6711854
v -0.1220198 0.02683568 0.6781458
v -0.07081907 -0.02680099 0.7380093
v -0.06877934 -0.02342659 0.744796
v -0.09125584 -0.02334773 0.7202122
v -0.08960258 -0.01931595 0.7259875
v -0.06698328 -0.0194658 0.7505567
v -0.0882461 -0.01483279 0.7305424
v -0.06554442 -0.01499336 0.7550942
v -0.08726197 -0.01002871 0.7337757
v -0.06451654 -0.01015573 0.7582998
v -0.08667403 -0.005046904 0.7356789
v -0.06390929 -0.00511533 0.760173
v -0.08648055 3.57899e-06 0.7362995
v -0.06371098 3.62832e-06 0.7607793
v -0.08667463 0.005053997 0.7356771
v -0.06390988 0.005122423 0.7601712
v -0.08726304 0.01003569 0.7337721
v -0.06451773 0.01016283 0.7582961
v -0.08824783 0.01483935 0.7305369
v -0.06554621 0.01499998 0.7550887
v -0.08960479 0.01932197 0.7259801
v -0.06698566 0.01947176 0.7505493
v -0.0912584 0.02335298 0.7202032
v -0.06878215 0.02343165 0.744787
v -0.0930621 0.02685332 0.713378
v -0.1039731 -0.01919895 0.7090832
v -0.1027712 -0.01471382 0.7134464
v -0.1018898 -0.009936571 0.7165471
v -0.10136 -0.00499773 0.7183759
v -0.1011851 3.54354e-06 0.7189737
v -0.1013606 0.005004703 0.7183742
v -0.1018908 0.009943425 0.7165436
v -0.1027727 0.01472032 0.7134411
v -0.1039751 0.01920497 0.7090762
v -0.1054118 0.02327609 0.7035401
v -0.1069208 0.02685177 0.6969842
v -0.153429 -0.01871848 0.642733
v -0.1363779 -0.01889681 0.6672192
v -0.152917 -0.01423823 0.6458478
v -0.1356171 -0.01441353 0.6708516
v -0.1525025 -0.009571969 0.6480578
v -0.1350343 -0.00970596 0.6734328
v -0.1522405 -0.004803836 0.6493635
v -0.1346759 -0.004875004 0.6749583
v -0.1521516 3.40409e-06 0.6497916
v -0.1345561 3.45526e-06 0.6754583
v -0.1522408 0.004810631 0.6493623
v -0.1346763 0.004881799 0.6749569
v -0.152503 0.009578585 0.6480553
v -0.135035 0.009712636 0.6734299
v -0.1529177 0.01424461 0.645844
v -0.1356181 0.01441997 0.6708471
v -0.1534298 0.0187245 0.6427279
v -0.1363791 0.01890283 0.6672133
v -0.1539207 0.02293062 0.6387484
v -0.1372107 0.02306205 0.6625891
v -0.1379199 0.02680724 0.6570712
v -0.1382849 0.03000426 0.6507515
v -0.1703666 0.02672111 0.609046
v -0.09305942 -0.02684885 0.7133884
v -0.1054096 -0.02327078 0.7035487
v -0.1069186 -0.02684718 0.6969941
v -0.1208834 -0.02317273 0.684269
v -0.1220183 -0.02683103 0.6781551
v -0.1372094 -0.0230565 0.6625964
v -0.137919 -0.02680248 0.6570797
v -0.1539199 -0.02292501 0.6387546
v -0.1703671 -0.02671611 0.609052
v -0.02989149 -0.03431469 0.7516477
v -0.03517341 -0.03423339 0.7491999
v -0.04014617 -0.03418982 0.7462582
v -0.04914414 -0.03420001 0.7392338
v -0.01737242 -0.02369743 0.7763633
v -0.01676267 -0.0253269 0.7745503
v -0.1370279 -0.03578138 0.6293826
v -0.1235584 -0.0323556 0.6635379
v -0.1095203 -0.03220248 0.6814333
v -0.09991973 -0.03514689 0.6789566
v -0.09652352 -0.03205049 0.6972822
v -0.07968813 -0.03476428 0.7042832
v -0.07513266 -0.03175073 0.7221466
v -0.0647059 -0.03443241 0.7228216
v -0.06052559 -0.0314579 0.7382581
v -0.05327993 -0.0313186 0.7452843
v -0.0572074 -0.03429383 0.7312864
v -0.04554855 -0.03120428 0.7517783
v -0.03438395 -0.02637267 0.7677229
v -0.0332095 -0.0231195 0.7721895
v -0.03222417 -0.01925033 0.7759645
v -0.03146266 -0.01484513 0.7788814
v -0.03093481 -0.01006197 0.7808753
v -0.03063124 -0.005069792 0.7819913
v -0.03053432 3.59642e-06 0.7823364
v -0.03063154 0.005076885 0.7819903
v -0.05143553 -0.02922058 0.7518478
v -0.05855131 -0.02934479 0.7454578
v -0.07295918 -0.02957081 0.7303977
v -0.09483593 -0.02976256 0.7056874
v -0.1083074 -0.02984762 0.6895685
v -0.1229258 -0.02992653 0.6711959
v -0.1382845 -0.03000026 0.650761
v -0.04914683 0.03420174 0.7392246
v -0.03710997 0.03114777 0.757448
v -0.0351755 0.03423511 0.749192
v -0.01391792 0.0317412 0.7646635
v -0.03321111 0.02312463 0.7721835
v -0.04229682 0.02647209 0.763213
v -0.03222543 0.01925623 0.7759597
v -0.04087311 0.02322727 0.7681878
v -0.04968768 0.02657854 0.7579596
v -0.09992235 0.03514856 0.678943
v -0.07969158 0.03476595 0.70427
v -0.06470912 0.03443408 0.7228103
v -0.05721026 0.03429543 0.7312762
v -0.03146368 0.01485162 0.7788779
v -0.03966999 0.01935744 0.7724058
v -0.048087 0.02332133 0.7634587
v -0.05665832 0.02667576 0.7521392
v -0.04968518 -0.02657437 0.757968
v -0.04229474 -0.02646785 0.7632205
v -0.04808491 -0.02331626 0.7634661
v -0.04087126 -0.02322214 0.7681944
v -0.04672104 -0.01943236 0.7681345
v -0.0396685 -0.01935154 0.7724111
v -0.04565614 -0.01499748 0.7717811
v -0.03873473 -0.01493281 0.775689
v -0.04491287 -0.0101704 0.7743151
v -0.03808546 -0.01012545 0.7779493
v -0.04448336 -0.005125463 0.7757633
v -0.03771138 -0.005102694 0.7792282
v -0.04434573 3.63616e-06 0.7762213
v -0.03759181 3.61993e-06 0.7796283
v -0.04448372 0.005132794 0.775762
v -0.03771162 0.005109906 0.779227
v -0.04491364 0.01017743 0.7743123
v -0.03808611 0.01013249 0.7779468
v -0.04565739 0.01500403 0.7717767
v -0.0309354 0.01006901 0.7808731
v -0.03873574 0.01493936 0.7756851
v -0.04672271 0.01943832 0.7681286
v -0.05490195 0.023391 0.7581381
v -0.07082217 0.02680534 0.737999
v -0.04555106 0.0312069 0.7517696
v -0.05328261 0.03132116 0.7452747
v -0.05143809 0.02922385 0.7518387
v -0.06052857 0.03146052 0.7382476
v -0.05855417 0.02934825 0.7454479
v -0.07513588 0.03175348 0.7221345
v -0.07296234 0.02957433 0.7303864
v -0.09652602 0.03205329 0.6972698
v -0.1235593 0.03235846 0.6635267
v -0.01641833 0.02625483 0.7735264
v -0.05665558 -0.02667146 0.7521482
v -0.05489957 -0.023386 0.7581461
v -0.05969071 -0.01949191 0.7577725
v -0.05338788 -0.01948118 0.7632417
v -0.05836069 -0.01502907 0.7620806
v -0.05219882 -0.01503092 0.7672365
v -0.0574187 -0.01018607 0.7651108
v -0.05136364 -0.01019144 0.7700308
v -0.05686646 -0.005132079 0.766871
v -0.05087828 -0.005135715 0.7716418
v -0.05668747 3.64052e-06 0.7674371
v -0.05072212 3.64329e-06 0.7721559
v -0.05686706 0.005139291 0.7668694
v -0.05087876 0.005142927 0.7716403
v -0.05741965 0.0101931 0.7651074
v -0.05136466 0.01019847 0.7700277
v -0.05836242 0.01503562 0.7620754
v -0.05220025 0.01503747 0.7672317
v -0.0596928 0.01949787 0.7577655
v -0.05338984 0.01948714 0.7632352
v -0.1197288 -0.0190581 0.6894149
v -0.1187317 -0.01457303 0.6934669
v -0.1179887 -0.009828209 0.6963477
v -0.1175382 -0.004939973 0.6980491
v -0.1173888 3.50202e-06 0.6986061
v -0.1175387 0.004946947 0.6980475
v -0.1179895 0.009835004 0.6963444
v -0.1187329 0.01457953 0.693462
v -0.1197303 0.01906412 0.6894083
v -0.1208851 0.02317816 0.6842609
v -0.05682343 -0.03686773 0.7006161
v -0.05360925 -0.03685402 0.7041694
v -0.05799275 -0.03693103 0.7041668
v -0.03373193 -0.03693997 0.7185758
v -0.02935373 -0.03697896 0.7202129
v -0.0377711 -0.03712373 0.7202475
v -0.01770114 -0.03708446 0.7235901
v -0.008565485 -0.03730881 0.7261013
v -0.02145993 -0.03750383 0.7260402
v -0.02271366 -0.03746902 0.7257634
v -0.03303706 -0.03722196 0.7223108
v -0.02647531 -0.03700459 0.7212891
v -0.0297603 -0.03729599 0.7235459
v -0.03135436 -0.03725689 0.7230442
v -0.02603048 -0.0373876 0.7247197
v -0.01937317 -0.03706961 0.7232538
v -0.03908181 -0.03689771 0.7158316
v -0.03820246 -0.03711479 0.7200595
v -0.03959167 -0.03709226 0.7192495
v -0.04440885 -0.03701418 0.7164408
v -0.0452426 -0.03700363 0.7158594
v -0.04015684 -0.03688931 0.7152801
v -0.04192841 -0.03687763 0.7141819
v -0.05199348 -0.03694021 0.7104204
v -0.04704463 -0.03685319 0.7104275
v -0.05166471 -0.03694123 0.7107496
v -0.04593861 -0.03699481 0.715374
v -0.04634714 -0.03698956 0.7150891
v -0.05137056 -0.03694397 0.7109897
v -0.04724597 -0.03685224 0.7102798
v -0.05218303 -0.03684794 0.7057461
v -0.05663162 -0.03692615 0.7057772
v -0.05674183 -0.0369265 0.7056468
v -0.05937618 -0.03689044 0.697436
v -0.0613361 -0.03694313 0.7002115
v -0.06207782 -0.03694885 0.6992607
v -0.06229275 -0.03695154 0.6989612
v -0.06341129 -0.03696531 0.6974026
v -0.05949175 -0.03689152 0.6972921
v -0.06527626 -0.0369724 0.6892609
v -0.06829029 -0.03702539 0.6906042
v -0.06834667 -0.03702652 0.6905162
v -0.06928402 -0.03705674 0.6830423
v -0.07313001 -0.03712385 0.683043
v -0.07105219 -0.03709393 0.6802988
v -0.07449346 -0.03715163 0.6809129
v -0.07572919 -0.03718286 0.6788745
v -0.07708877 -0.03724688 0.6703771
v -0.0810666 -0.03731793 0.6700698
v -0.07837414 -0.03727972 0.6682382
v -0.0996074 -0.03779107 0.6392142
v -0.09581637 -0.03772491 0.6392138
v -0.08928346 -0.03752762 0.6563953
v -0.08216655 -0.037346 0.6682393
v -0.009291112 -0.03784525 0.728599
v -0.01264244 -0.03774863 0.7279867
v -0.01788789 -0.03760302 0.7268288
v -0.09801846 -0.03816086 0.6355481
v -0.101651 -0.03817123 0.6358124
v -0.09809726 -0.03820317 0.6354169
v -0.1018771 -0.03828775 0.6354361
v -0.1003164 -0.03939646 0.6317229
v -0.1039493 -0.03935641 0.6319867
v -0.1003606 -0.03943634 0.6316494
v -0.1041315 -0.03951674 0.6316834
v -0.1024456 -0.04132187 0.6281789
v -0.1060966 -0.04124671 0.6284127
v -0.1024878 -0.0413782 0.6281086
v -0.106251 -0.04145056 0.6281556
v -0.1081435 -0.04394865 0.6250058
v -0.1043793 -0.04390132 0.6249603
v -0.1053577 -0.04560297 0.6233319
v -0.1090019 -0.04542595 0.6235772
v -0.1067284 -0.04863482 0.6210507
v -0.1105906 -0.04893922 0.6209332
v -0.1068722 -0.04906308 0.6208114
v -0.1106393 -0.04908645 0.620852
v -0.1078399 -0.05194669 0.6192009
v -0.1115943 -0.05196952 0.6192626
v -0.10863 -0.05520373 0.617886
v -0.1123895 -0.05524957 0.6179393
v -0.1122871 -0.06923437 0.6117995
v -0.1141094 -0.06234264 0.6150768
v -0.1103349 -0.06224334 0.6150485
v -0.1163473 -0.07069945 0.611142
v -0.1127067 -0.07063978 0.6111011
v -0.1221545 -0.07401192 0.5970398
v -0.1138864 -0.07241183 0.608622
v -0.1174001 -0.07246863 0.608662
v -0.1173914 -0.07398086 0.6086823
v -0.1223375 -0.0741083 0.5970302
v -0.1167186 -0.07347178 0.6102674
v -0.1169332 -0.07211416 0.6097619
v -0.1165399 -0.07137542 0.6106883
v -0.1356724 -0.07565402 0.5944845
v -0.1274569 -0.07547879 0.5967618
v -0.1509916 -0.08451342 0.5295252
v -0.1410896 -0.08140945 0.5528529
v -0.1540895 -0.08456271 0.5287863
v -0.1540895 -0.08456271 0.5287863
v -0.1410896 -0.08140945 0.5528529
v -0.1427474 -0.08121019 0.5540632
v -0.1428489 -0.07631772 0.5888621
v -0.145336 -0.08079439 0.5566971
v -0.1847774 -0.08521014 0.5203304
v -0.1427474 -0.08121019 0.5540632
v -0.1427474 -0.08121019 0.5540632
v -0.1847774 -0.08521014 0.5203304
v -0.1731991 -0.0849269 0.5237982
v -0.1427474 -0.08121019 0.5540632
v -0.1731991 -0.0849269 0.5237982
v -0.1540895 -0.08456271 0.5287863
v -0.1465868 -0.08052492 0.5584576
v -0.197493 -0.08510482 0.5194852
v -0.145336 -0.08079439 0.5566971
v -0.1972092 -0.08560132 0.5159881
v -0.1847774 -0.08521014 0.5203304
v -0.1223375 -0.0755313 0.5970302
v -0.1481471 -0.07746863 0.5800083
v -0.1461471 -0.07690441 0.5842736
v -0.148335 -0.08000344 0.5619487
v -0.1491056 -0.07965499 0.5643312
v -0.1498043 -0.07905918 0.5684832
v -0.1498512 -0.07859259 0.5717971
v -0.149246 -0.07797354 0.5762781
v -0.2077888 -0.06441932 0.5274983
v -0.2073363 -0.06449663 0.5288235
v -0.2020696 -0.06416887 0.5284535
v -0.2018989 -0.06351268 0.5273495
v -0.2078189 -0.06438791 0.527434
v -0.2083945 -0.06378889 0.5262055
v -0.2089273 -0.06287127 0.525408
v -0.2018113 -0.06244701 0.5266177
v -0.2089828 -0.0627287 0.5253692
v -0.2018229 -0.06117069 0.5263947
v -0.20947 -0.06147772 0.5250293
v -0.2154486 -0.03117358 0.5250287
v -0.2145025 -0.02738916 0.5252871
v -0.2161937 -0.02533018 0.5250287
v -0.2142378 -0.02663505 0.5253487
v -0.2169601 -0.01564776 0.5250287
v -0.2136911 -0.02642524 0.5254492
v -0.2026924 -0.02598333 0.5273975
v -0.2041518 0 0.5273959
v -0.2175775 0 0.5250285
v -0.2041102 -0.004199326 0.527396
v -0.2172594 -0.01186704 0.5250286
v -0.20355 -0.01567918 0.5273965
v -0.2034404 -0.01792514 0.5273965
v -0.2129483 -0.04657232 0.5250288
v -0.1994673 -0.04665124 0.5274022
v -0.2007507 -0.04009419 0.5274001
v -0.2148014 -0.0362485 0.5250287
v -0.2020054 -0.03122657 0.5273984
v -0.2024801 -0.02787178 0.5273977
v -0.2137457 -0.02794343 0.5254094
v -0.1984534 -0.05183094 0.5274038
v -0.2124431 -0.04938715 0.5250288
v -0.2137457 0.02794343 0.5254094
v -0.20248 0.02787178 0.5273977
v -0.2020053 0.03122657 0.5273984
v -0.2018229 0.06117069 0.5263947
v -0.20947 0.06147772 0.5250293
v -0.2119183 0.05179888 0.525029
v -0.2169864 0.01564949 0.5250286
v -0.2144263 0.02686625 0.5253109
v -0.2159428 0.0276097 0.5250287
v -0.2144107 0.02760612 0.525299
v -0.215444 0.03117227 0.5250287
v -0.2142065 0.04001343 0.5250288
v -0.2007507 0.04009419 0.5274001
v -0.2129338 0.04656869 0.525029
v -0.1994673 0.04665124 0.5274022
v -0.1984534 0.05183094 0.5274038
v -0.2026927 0.02598339 0.5273974
v -0.2136911 0.02642524 0.5254492
v -0.2034404 0.01792514 0.5273965
v -0.20355 0.01567918 0.5273965
v -0.217157 0.01369547 0.5250286
v -0.2041102 0.004199326 0.527396
v -0.2041867 0.06436973 0.5293851
v -0.2073363 0.06449663 0.5288235
v -0.2077889 0.0644192 0.5274981
v -0.2091144 0.06245833 0.525213
v -0.2018113 0.06244701 0.5266177
v -0.2089859 0.06272119 0.5253665
v -0.2087013 0.06330305 0.5257065
v -0.2084038 0.06374585 0.526217
v -0.2018989 0.06351268 0.5273495
v -0.2020696 0.06416887 0.5284535
v -0.2078188 0.06439119 0.5274316
v -0.208229 0.06400597 0.5265169
v -0.1971625 -0.01094341 0.5595368
v -0.197459 0 0.5595368
v -0.202561 0 0.5574005
v -0.193273 -0.04206317 0.5595368
v -0.1949711 -0.03106522 0.5595368
v -0.2002997 -0.0310955 0.5574737
v -0.1963133 -0.02183431 0.5595368
v -0.1967979 -0.01561915 0.5595368
v -0.2005534 -0.02211946 0.5578338
v -0.2019954 -0.01562428 0.5574737
v -0.2014079 -0.02217978 0.557468
v -0.2035194 -0.02232891 0.556564
v -0.2045367 -0.01562428 0.5563817
v -0.2038108 -0.02239125 0.5564337
v -0.2028412 -0.0310955 0.5563817
v -0.2039453 -0.02383577 0.556306
v -0.2041053 -0.0310955 0.5558208
v -0.2058009 -0.01562428 0.5558208
v -0.2039341 -0.02241778 0.5563785
v -0.203664 -0.02385962 0.5564285
v -0.2012379 -0.02375757 0.5574671
v -0.2003772 -0.02372139 0.5578356
v -0.19613 -0.02355873 0.5595368
v -0.2022379 -0.04638761 0.5553595
v -0.1978943 -0.06097733 0.5555086
v -0.2019178 -0.04638761 0.5555366
v -0.1972718 -0.06093329 0.5557771
v -0.2012875 -0.04638761 0.5558208
v -0.1960266 -0.06084501 0.5563142
v -0.2000234 -0.04638761 0.5563817
v -0.1935356 -0.06066852 0.5573886
v -0.1974819 -0.04638761 0.5574737
v -0.188555 -0.06031566 0.5595368
v -0.1921674 -0.04634058 0.5595368
v -0.2050556 -0.0310955 0.5553595
v -0.2047356 -0.0310955 0.5555366
v -0.2051123 0 0.5563322
v -0.2063878 0 0.5557982
v -0.2064313 -0.01562428 0.5555366
v -0.207207 0 0.5554552
v -0.2067513 -0.01562428 0.5553595
v -0.2046033 -0.02323544 0.5560442
v -0.1994526 0.0236845 0.558217
v -0.19613 0.02355873 0.5595368
v -0.194971 0.03106558 0.5595368
v -0.1982231 0.06100207 0.555355
v -0.2022377 0.04638808 0.5553595
v -0.2019177 0.04638808 0.5555366
v -0.1978935 0.06097728 0.5555089
v -0.2012873 0.04638808 0.5558208
v -0.1972796 0.06093096 0.5557954
v -0.2000232 0.04638808 0.5563817
v -0.1960518 0.06083858 0.5563685
v -0.1952597 0.06077879 0.5567383
v -0.1974818 0.04638808 0.5574737
v -0.1935645 0.06066131 0.557449
v -0.1890385 0.06034761 0.5593464
v -0.1921673 0.04634112 0.5595368
v -0.2012348 0.02375859 0.5574601
v -0.2002996 0.03109586 0.5574737
v -0.203664 0.02385962 0.5564285
v -0.2028411 0.03109586 0.5563817
v -0.2045367 0.01562446 0.5563817
v -0.2041236 0.02252799 0.5562899
v -0.2058009 0.01562446 0.5558208
v -0.2041051 0.03109586 0.5558208
v -0.2039337 0.02382922 0.5563114
v -0.2019954 0.01562446 0.5574737
v -0.1967979 0.01561933 0.5595368
v -0.1963133 0.02183431 0.5595368
v -0.1993122 0.02203422 0.5583459
v -0.2014044 0.02218079 0.5574598
v -0.2035194 0.02232891 0.556564
v -0.2047355 0.03109586 0.5555366
v -0.2050556 0.03109586 0.5553595
v -0.193273 0.04206317 0.5595368
v -0.2064313 0.01562446 0.5555366
v -0.1971625 0.01094341 0.5595368
v -0.204604 0.02321112 0.5560451
v -0.2067513 0.01562446 0.5553595
v -0.1927255 0.02078843 0.5675368
v -0.1969845 0.02059882 0.5697048
v -0.1983545 0.02092713 0.5672117
v -0.1974779 0.02269196 0.5655471
v -0.1925424 0.02249842 0.5675368
v -0.1912699 0.03055459 0.5675368
v -0.1943225 0.05994004 0.5634216
v -0.1984927 0.04560923 0.5633594
v -0.1981726 0.04560923 0.5635366
v -0.1940818 0.05992329 0.5635249
v -0.1975422 0.04560923 0.5638207
v -0.1934592 0.05987972 0.5637923
v -0.196278 0.04560923 0.5643816
v -0.1922138 0.05979245 0.5643272
v -0.1937366 0.04560923 0.5654735
v -0.1897222 0.05961805 0.5653973
v -0.197652 0.02269941 0.5654723
v -0.1966124 0.03058773 0.5654735
v -0.1998621 0.02279406 0.5645222
v -0.1991539 0.03058773 0.5643816
v -0.2001518 0.022771 0.5643965
v -0.2008851 0.01537626 0.5643816
v -0.2003381 0.02145653 0.5643778
v -0.2021492 0.01537626 0.5638207
v -0.2005957 0.02162545 0.5642566
v -0.2004179 0.03058773 0.5638207
v -0.2002605 0.02276223 0.5643492
v -0.1983436 0.01537626 0.5654735
v -0.1931462 0.01537132 0.5675368
v -0.1970682 0.02107828 0.5657909
v -0.1978207 0.02113091 0.5654691
v -0.1996864 0.02126157 0.5646714
v -0.1847406 0.0592693 0.5675368
v -0.188405 0.04555606 0.5675368
v -0.1896166 0.04102212 0.5675368
v -0.2010483 0.03058773 0.5635366
v -0.2013683 0.03058773 0.5633594
v -0.1989079 0 0.5654005
v -0.2014592 0 0.5643322
v -0.2027346 0 0.5637982
v -0.2035537 0 0.5634552
v -0.2027796 0.01537626 0.5635366
v -0.2037469 0 0.5633
v -0.2030997 0.01537626 0.5633594
v -0.1938058 0 0.5675368
v -0.1935307 0.0104193 0.5675368
v -0.2008578 0.02219307 0.5641135
v -0.1935307 -0.0104193 0.5675368
v -0.1896166 -0.04102212 0.5675368
v -0.1912698 -0.03055542 0.5675368
v -0.1966122 -0.03058856 0.5654735
v -0.2008851 -0.01537674 0.5643816
v -0.1999874 -0.02131742 0.5645377
v -0.1996854 -0.02126151 0.5646719
v -0.1983436 -0.01537674 0.5654735
v -0.1978137 -0.02113294 0.5654527
v -0.1931462 -0.01537173 0.5675368
v -0.1942487 -0.02088809 0.56694
v -0.2021492 -0.01537674 0.5638207
v -0.2003386 -0.02146673 0.564377
v -0.1991537 -0.03058856 0.5643816
v -0.2001879 -0.02275276 0.5643814
v -0.2004178 -0.03058856 0.5638207
v -0.1998631 -0.02279412 0.5645218
v -0.1976419 -0.02270275 0.565449
v -0.1940869 -0.02255642 0.566933
v -0.1922385 -0.05978626 0.5643799
v -0.1919123 -0.05976229 0.5645283
v -0.1937363 -0.04561054 0.5654735
v -0.1897429 -0.05961292 0.5654402
v -0.1884047 -0.04555737 0.5675368
v -0.1849642 -0.05928403 0.5674489
v -0.1962777 -0.04561054 0.5643816
v -0.1975419 -0.04561054 0.5638207
v -0.1934717 -0.05987656 0.5638188
v -0.1981723 -0.04561054 0.5635366
v -0.1940848 -0.05992239 0.5635318
v -0.1938603 -0.05990505 0.5636419
v -0.1984923 -0.04561054 0.5633594
v -0.194393 -0.05994945 0.563355
v -0.2010481 -0.03058856 0.5635366
v -0.2013682 -0.03058856 0.5633594
v -0.2027795 -0.01537674 0.5635366
v -0.2008593 -0.02214956 0.5641149
v -0.2030996 -0.01537674 0.5633594
v -0.1893092 -0.00989592 0.5755369
v -0.1895709 0 0.5755369
v -0.1946729 0 0.5734005
v -0.1853451 -0.03998631 0.5755369
v -0.1869585 -0.03005182 0.5755369
v -0.1923187 -0.03008884 0.5734736
v -0.1885405 -0.01974385 0.5755369
v -0.1889008 -0.01512891 0.5755369
v -0.1921489 -0.01998126 0.5740959
v -0.1940956 -0.01513373 0.5734736
v -0.196637 -0.01513373 0.5723817
v -0.1955265 -0.02027612 0.5726573
v -0.1951761 -0.02018964 0.5728135
v -0.1936346 -0.02008348 0.5734665
v -0.1960713 -0.02160131 0.5723561
v -0.1961243 -0.03008884 0.5718207
v -0.1948602 -0.03008884 0.5723817
v -0.1979011 -0.01513373 0.5718207
v -0.1961855 -0.02056938 0.5723561
v -0.1953945 -0.02172464 0.5726458
v -0.195724 -0.02169185 0.5725036
v -0.1934651 -0.02164155 0.5734688
v -0.1926493 -0.02160644 0.5738167
v -0.1883577 -0.02143681 0.5755369
v -0.1898958 -0.05889505 0.571372
v -0.1895838 -0.05887329 0.5715068
v -0.1937959 -0.04483777 0.5715366
v -0.1889623 -0.05883008 0.5717754
v -0.1931656 -0.04483777 0.5718207
v -0.187719 -0.05874347 0.5723128
v -0.1919015 -0.04483777 0.5723817
v -0.1852319 -0.0585705 0.5733877
v -0.1893601 -0.04483777 0.5734736
v -0.1802592 -0.05822438 0.5755369
v -0.1840092 -0.04477685 0.5755369
v -0.1941159 -0.04483777 0.5713595
v -0.1899082 -0.05889678 0.5713591
v -0.1967547 -0.03008884 0.5715366
v -0.1970747 -0.03008884 0.5713595
v -0.1972243 0 0.5723322
v -0.1984996 0 0.5717982
v -0.1985315 -0.01513373 0.5715366
v -0.1993188 0 0.5714552
v -0.1988515 -0.01513373 0.5713595
v -0.1964678 -0.02111363 0.5722055
v -0.190133 0.0215047 0.5748413
v -0.1883577 0.02143681 0.5755369
v -0.1869585 0.03005206 0.5755369
v -0.189902 0.05889582 0.571366
v -0.1941159 0.04483801 0.5713595
v -0.1937959 0.04483801 0.5715366
v -0.1895826 0.05887359 0.5715043
v -0.1931656 0.04483801 0.5718207
v -0.1889612 0.05883032 0.5717732
v -0.1919015 0.04483801 0.5723817
v -0.1877182 0.05874365 0.5723113
v -0.18936 0.04483801 0.5734736
v -0.1852318 0.0585705 0.5733875
v -0.1803359 0.05822932 0.5755067
v -0.1840091 0.04477715 0.5755369
v -0.1953945 0.02172464 0.5726458
v -0.1934586 0.02164369 0.5734536
v -0.1923187 0.03008902 0.5734736
v -0.196637 0.01513379 0.5723817
v -0.1961318 0.02052807 0.5723817
v -0.1979011 0.01513379 0.5718207
v -0.1961243 0.03008902 0.5718207
v -0.1960672 0.02161145 0.5723574
v -0.1948602 0.03008902 0.5723817
v -0.1960086 0.02164137 0.5723817
v -0.1940956 0.01513379 0.5734736
v -0.1889008 0.01512897 0.5755369
v -0.1885405 0.01974385 0.5755369
v -0.1922163 0.01998585 0.574068
v -0.1936348 0.02008342 0.5734668
v -0.1951761 0.02018964 0.5728135
v -0.1955077 0.02025103 0.572667
v -0.1967546 0.03008902 0.5715366
v -0.1970747 0.03008902 0.5713595
v -0.1853451 0.03998631 0.5755369
v -0.1985315 0.01513379 0.5715366
v -0.1893092 0.00989592 0.5755369
v -0.1964679 0.02108412 0.5722069
v -0.1988515 0.01513379 0.5713595
v -0.1894769 0.05911403 0.5695009
v -0.1844184 0.05913561 0.5685904
v -0.1934516 0.05970358 0.5652304
v -0.1938744 0.06151062 0.5506464
v -0.1977896 0.06122434 0.553501
v -0.2002454 0.06162381 0.5506454
v -0.1954579 0.06023645 0.5611832
v -0.1921765 0.06017279 0.5612166
v -0.202023 0.06294721 0.5403211
v -0.1995334 0.06276738 0.5414028
v -0.2010402 0.06227916 0.5455009
v -0.1954101 0.06246942 0.5431941
v -0.2032676 0.06303715 0.5397804
v -0.2032926 0.06267732 0.5426429
v -0.1992834 0.06189554 0.5483219
v -0.1967938 0.0617184 0.5493918
v -0.2037865 0.06333374 0.5375009
v -0.2065294 0.0641629 0.5313361
v -0.1965098 0.06332081 0.5365904
v -0.2006947 0.04717129 0.549471
v -0.2032321 0.04717129 0.5483803
v -0.2005279 0.06198424 0.5477871
v -0.2044941 0.04717129 0.54782
v -0.2011501 0.06202846 0.5475198
v -0.2051234 0.04717129 0.5475362
v -0.2014142 0.0620473 0.5474062
v -0.2054429 0.04717129 0.547359
v -0.2060171 0.03161084 0.5483803
v -0.2043354 0.0248146 0.5494642
v -0.2034798 0.03161084 0.549471
v -0.2035028 0.02477985 0.5498213
v -0.2070665 0.02345705 0.5483608
v -0.2089596 0.01587891 0.54782
v -0.2076977 0.01587891 0.5483803
v -0.2072791 0.03161084 0.54782
v -0.2069113 0.02492201 0.5483594
v -0.2068636 0.02492004 0.5483798
v -0.2051604 0.01587891 0.549471
v -0.1999702 0.01587373 0.551531
v -0.1994205 0.02288252 0.551531
v -0.2036803 0.02317094 0.5498195
v -0.2045065 0.02322977 0.549465
v -0.2067912 0.02339249 0.5484847
v -0.195403 0.04712915 0.551531
v -0.1964164 0.04310786 0.551531
v -0.1981736 0.03158313 0.551531
v -0.2082279 0.03161084 0.547359
v -0.2079084 0.03161084 0.5475362
v -0.1992354 0.0246182 0.551531
v -0.2057238 0 0.5493976
v -0.208271 0 0.5483307
v -0.2095444 0 0.5477975
v -0.2103615 0 0.5474551
v -0.209589 0.01587891 0.5475362
v -0.2105547 0 0.5472999
v -0.2099086 0.01587891 0.547359
v -0.20063 0 0.551531
v -0.2003157 0.0114693 0.551531
v -0.2030001 -0.01199507 0.5435369
v -0.2033341 0 0.5435369
v -0.2084361 0 0.5414005
v -0.199064 -0.04415464 0.5435369
v -0.2008903 -0.03210902 0.5435369
v -0.2061914 -0.03213459 0.5414735
v -0.2020534 -0.02392953 0.5435369
v -0.2026717 -0.01613444 0.5435369
v -0.206327 -0.02422076 0.5418194
v -0.2078703 -0.01613956 0.5414735
v -0.2104117 -0.01613956 0.5403816
v -0.2095839 -0.02445423 0.5404204
v -0.2071468 -0.02427953 0.5414673
v -0.2116758 -0.01613956 0.5398207
v -0.2098365 -0.02451652 0.5403064
v -0.2099969 -0.03213459 0.5398207
v -0.2087329 -0.03213459 0.5403816
v -0.2095054 -0.02597522 0.5403797
v -0.2069736 -0.02587062 0.5414665
v -0.2061468 -0.0258364 0.5418214
v -0.2018657 -0.02567595 0.5435369
v -0.2072229 -0.04796135 0.5398207
v -0.2020251 -0.06294685 0.5403248
v -0.2059589 -0.04796135 0.5403816
v -0.1995306 -0.06276822 0.5413957
v -0.2034174 -0.04796135 0.5414735
v -0.1945425 -0.06241106 0.5435369
v -0.1981307 -0.04792308 0.5435369
v -0.2081734 -0.04796135 0.5393595
v -0.2038956 -0.06308072 0.5395219
v -0.2078533 -0.04796135 0.5395366
v -0.2033287 -0.06304013 0.5397652
v -0.2032722 -0.06303608 0.5397895
v -0.2109475 -0.03213459 0.5393595
v -0.2106274 -0.03213459 0.5395366
v -0.2109875 0 0.5403322
v -0.2122629 0 0.5397982
v -0.2123062 -0.01613956 0.5395366
v -0.213082 0 0.5394552
v -0.2126263 -0.01613956 0.5393595
v -0.2069619 0.02587443 0.5414394
v -0.2061915 0.03213453 0.5414735
v -0.2087329 0.03213453 0.5403816
v -0.2078533 0.04796123 0.5395366
v -0.2041948 0.06310415 0.5393776
v -0.2081734 0.04796123 0.5393595
v -0.2033028 0.06303972 0.5397652
v -0.2038898 0.06308209 0.5395101
v -0.2072229 0.04796123 0.5398207
v -0.2059589 0.04796123 0.5403816
v -0.2034174 0.04796123 0.5414735
v -0.1981307 0.04792296 0.5435369
v -0.2116758 0.01613956 0.5398207
v -0.2104117 0.01613956 0.5403816
v -0.209671 0.024468 0.5403816
v -0.2098322 0.02450072 0.5403091
v -0.2101196 0.02462357 0.5401766
v -0.2099971 0.03213453 0.5398207
v -0.2096841 0.02598261 0.5403031
v -0.2095047 0.02597552 0.5403779
v -0.2078703 0.01613956 0.5414735
v -0.2026718 0.01613438 0.5435369
v -0.2020534 0.02392953 0.5435369
v -0.2053468 0.02415239 0.542225
v -0.2071435 0.02428036 0.5414598
v -0.2095839 0.02445423 0.5404204
v -0.2106274 0.03213453 0.5395366
v -0.2109475 0.03213453 0.5393595
v -0.2029288 0.02571409 0.5431231
v -0.2008903 0.03210896 0.5435369
v -0.199064 0.04415464 0.5435369
v -0.2123062 0.01613956 0.5395366
v -0.2030001 0.01199507 0.5435369
v -0.2126263 0.01613956 0.5393595
v -0.1885551 -0.01975321 0.5865493
v -0.180369 0.03886872 0.5918899
v -0.1562396 0.05613857 0.6058727
v -0.1641741 0.05657482 0.6004127
v -0.1824876 0.06744831 0.5772483
v -0.2175537 -0.01362025 0.5240284
v -0.2179691 0 0.5240291
v -0.2189741 0 0.5195357
v -0.2177773 0 0.5248403
v -0.2173563 0.01370739 0.5248404
v -0.2166986 0.02124238 0.5248406
v -0.2183996 0.01611012 0.519536
v -0.2184026 0.01607453 0.519536
v -0.2189558 0.002769351 0.5195356
v -0.2161409 0.02763241 0.5248407
v -0.2177222 0.02413249 0.5195363
v -0.2179549 0.02137666 0.5195362
v -0.2096599 0.06153178 0.5248436
v -0.2103043 0.06342309 0.5195412
v -0.2114213 0.05977833 0.5195401
v -0.2114543 0.05964654 0.5195401
v -0.2128221 0.05420005 0.5195391
v -0.2118884 0.05272573 0.5248425
v -0.213047 0.05308425 0.5195389
v -0.2121119 0.05184239 0.5248423
v -0.2141878 0.04742187 0.5195382
v -0.2139624 0.04231309 0.5248416
v -0.2151607 0.04259222 0.5195376
v -0.2144027 0.04004603 0.5248414
v -0.2153863 0.04147285 0.5195375
v -0.216792 0.03216534 0.5195367
v -0.2093023 0.06259697 0.5250378
v -0.2091426 0.06295406 0.5252435
v -0.2082967 0.06997394 0.5195432
v -0.2088918 0.06351506 0.5255666
v -0.2072412 0.07278901 0.5195446
v -0.2084267 0.06427991 0.5264374
v -0.2052678 0.06374794 0.5370499
v -0.2027371 0.07175838 0.5363982
v -0.2075666 0.06481707 0.5289205
v -0.2069451 0.07357901 0.519545
v -0.2079974 0.06473064 0.5274938
v -0.1962709 0.06993067 0.5535115
v -0.1876475 0.06823402 0.5696672
v -0.1767457 0.06671392 0.5844042
v -0.1704154 0.06603944 0.5910543
v -0.1635056 0.06543546 0.5971068
v -0.1560359 0.06491339 0.602467
v -0.1480534 0.06448543 0.6070421
v -0.1388839 0.0555188 0.6142184
v -0.129611 0.05540674 0.6168338
v -0.1138267 0.06509643 0.6155474
v -0.147785 0.05578315 0.6104995
v -0.1715289 0.05708134 0.5942036
v -0.1885551 0.01975321 0.5865493
v -0.1870298 0.03926438 0.5840505
v -0.1782724 0.05764842 0.5873398
v -0.1937281 0.01992011 0.5793986
v -0.1946201 0.01008749 0.5793978
v -0.1948048 0.006155312 0.5793977
v -0.1949166 0 0.5793976
v -0.1934002 -0.01990705 0.5798261
v -0.1938261 -0.01578009 0.5798252
v -0.1941981 -0.01217406 0.5798244
v -0.1946271 0 0.5798271
v -0.1870298 -0.03926438 0.5840505
v -0.180369 -0.03886872 0.5918899
v -0.1641741 -0.05657482 0.6004127
v -0.1715289 -0.05708134 0.5942036
v -0.1562396 -0.05613857 0.6058727
v -0.147785 -0.05578315 0.6104995
v -0.1388839 -0.0555188 0.6142184
v -0.1396194 -0.06416356 0.6107444
v -0.1480534 -0.06448549 0.6070421
v -0.1560359 -0.06491339 0.602467
v -0.1635056 -0.06543546 0.5971068
v -0.1767457 -0.06671392 0.5844041
v -0.1704154 -0.06603944 0.5910543
v -0.1824876 -0.06744831 0.5772483
v -0.1962709 -0.06993067 0.5535115
v -0.1876475 -0.06823402 0.5696672
v -0.2027371 -0.07175838 0.5363982
v -0.2068822 -0.07380992 0.519545
v -0.2059032 -0.07623207 0.5195464
v -0.2046523 -0.07891589 0.5195488
v -0.2030162 -0.08242589 0.5195521
v -0.2047446 -0.06421887 0.538108
v -0.2050746 -0.06436473 0.536997
v -0.2067821 -0.06511956 0.5312484
v -0.208499 -0.0660693 0.5240427
v -0.20696 -0.07358485 0.5195449
v -0.2073092 -0.07257294 0.5195445
v -0.2099301 -0.06497824 0.5195415
v -0.2093417 -0.06303662 0.5240415
v -0.2103496 -0.06343835 0.5195411
v -0.2188237 -0.008085608 0.5195356
v -0.2184044 -0.01601368 0.519536
v -0.217265 -0.01685088 0.5240285
v -0.2183966 -0.01616114 0.519536
v -0.2168709 -0.02126044 0.5240287
v -0.217893 -0.02137041 0.5195362
v -0.2161931 -0.02884376 0.5240288
v -0.2170261 -0.03033816 0.5195366
v -0.2154887 -0.03359961 0.5240302
v -0.2167919 -0.03216564 0.5195367
v -0.2141906 -0.04236352 0.5240325
v -0.2151399 -0.04259032 0.5195376
v -0.2141315 -0.04276227 0.5240326
v -0.2147753 -0.04489082 0.5195378
v -0.2125836 -0.05018597 0.5240359
v -0.2142046 -0.04756641 0.5195382
v -0.2115957 -0.05492365 0.524038
v -0.212512 -0.05550193 0.5195393
v -0.2114398 -0.05943727 0.5195402
v -0.1858727 0.05786126 0.578193
v -0.1856515 0.05723053 0.5787943
v -0.1843861 0.05826675 0.5799162
v -0.1856231 0.05643391 0.5792157
v -0.1858706 0.05534672 0.5794056
v -0.1897614 0.05916392 0.5719287
v -0.1868324 0.05855607 0.5765549
v -0.1987445 0.06139224 0.5549699
v -0.1982142 0.06123262 0.5561844
v -0.1936534 0.06002414 0.5653822
v -0.1915982 0.05954509 0.5690276
v -0.2044859 0.06338429 0.5398147
v -0.2035118 0.0629971 0.5427598
v -0.199658 0.0616672 0.5528781
v -0.1994822 -0.06229341 0.5527975
v -0.2037211 -0.0637663 0.5415545
v -0.1896726 -0.05979835 0.5718078
v -0.1899663 -0.05985522 0.5713723
v -0.1925109 -0.06044685 0.5668482
v -0.1950038 -0.06102651 0.5624161
v -0.198534 -0.0620234 0.5548481
v -0.199447 -0.06228131 0.5528905
v -0.1842952 -0.0587576 0.5797841
v -0.1842608 -0.05875086 0.5798352
v -0.1900943 -0.03946751 0.5798292
v -0.1882926 -0.046651 0.5798293
v -0.1880778 -0.04750728 0.5798293
v -0.192961 -0.0241633 0.579827
v -0.1917001 -0.03138589 0.5798282
v -0.1907358 -0.03690987 0.5798291
v -0.1891514 0.04478383 0.5794029
v -0.190364 0.03948503 0.5794017
v -0.1917123 0.03359323 0.5794005
v -0.1935451 0.02193731 0.5793988
v -0.1782724 -0.05764842 0.5873398
v -0.1843861 -0.05826675 0.5799162
v -0.1849066 -0.05707401 0.5798339
v -0.1843312 -0.05856812 0.579835
v -0.1868076 0.05854499 0.5765941
v -0.1945393 -0.01140004 0.5793979
v -0.1941175 -0.01578843 0.5793983
v -0.1934655 -0.0225721 0.5793989
v -0.1920632 -0.03141027 0.5794002
v -0.1917384 -0.03345698 0.5794005
v -0.1893594 -0.04399877 0.5794027
v -0.1886028 -0.0466777 0.5794034
v -0.187854 -0.0493291 0.579404
v -0.1858706 -0.05534672 0.5794056
v -0.1856518 -0.056198 0.5792906
v -0.1844449 -0.05827295 0.5798348
v -0.1856219 -0.05701386 0.5789383
v -0.1857748 -0.0576592 0.5784223
v -0.1858727 -0.05786126 0.578193
v -0.1862331 -0.05828595 0.5775012
v -0.1868321 -0.05855602 0.5765554
v -0.1921042 -0.05965977 0.5681549
v -0.1988642 -0.06142467 0.5547234
v -0.1927288 -0.05980849 0.5670234
v -0.1943022 -0.06018292 0.5641731
v -0.1996397 -0.06166595 0.5528878
v -0.2004024 -0.06190311 0.5510827
v -0.2041883 -0.06326335 0.5407349
v -0.2049938 -0.06359934 0.5381792
v -0.205214 -0.06369125 0.5374805
v -0.2075666 -0.06481701 0.5289204
v -0.2079976 -0.0647304 0.5274932
v -0.2085893 -0.06404358 0.5261026
v -0.2091158 -0.06304568 0.5252466
v -0.2095643 -0.06185126 0.5248607
v -0.2096599 -0.06153178 0.5248436
v -0.2124605 -0.05014699 0.5248421
v -0.2126373 -0.04942822 0.524842
v -0.2149984 -0.036278 0.5248411
v -0.2170662 -0.01683592 0.5248405
v -0.2163922 -0.0253511 0.5248407
v -0.2153432 -0.0335744 0.524841
v -0.2174588 -0.01187747 0.5248404
v -0.2037865 -0.06333374 0.5375009
v -0.1968353 -0.06345975 0.5355368
v -0.2018232 -0.06381869 0.5333979
v -0.2043171 -0.0639981 0.5323284
v -0.2010402 -0.06227916 0.5455009
v -0.1954674 -0.06023567 0.5611886
v -0.1977896 -0.06122434 0.553501
v -0.1924965 -0.06140947 0.5512626
v -0.2001885 -0.06158322 0.5509536
v -0.2002945 -0.0616213 0.5506638
v -0.1967919 -0.0617187 0.5493891
v -0.1992751 -0.06189745 0.5483059
v -0.1921765 -0.06017279 0.5612166
v -0.1894769 -0.05911403 0.5695009
v -0.1940991 -0.05986255 0.5640233
v -0.2003157 -0.0114693 0.551531
v -0.1964164 -0.04310786 0.551531
v -0.1981736 -0.03158313 0.551531
v -0.2034798 -0.03161084 0.549471
v -0.2025665 -0.02309387 0.5502798
v -0.1999702 -0.01587373 0.551531
v -0.2051604 -0.01587897 0.549471
v -0.2076977 -0.01587897 0.5483803
v -0.2067912 -0.02339249 0.5484847
v -0.2045031 -0.02323085 0.549457
v -0.2089596 -0.01587897 0.54782
v -0.207377 -0.02359497 0.5482177
v -0.2070658 -0.02348738 0.5483595
v -0.2072791 -0.03161084 0.54782
v -0.2060171 -0.03161084 0.5483803
v -0.2068636 -0.02492004 0.5483797
v -0.2043325 -0.02481549 0.5494576
v -0.2026818 -0.02474737 0.5501605
v -0.1992354 -0.0246182 0.551531
v -0.1939043 -0.0615108 0.5506485
v -0.195403 -0.04712915 0.551531
v -0.2006947 -0.04717129 0.549471
v -0.2032321 -0.04717129 0.5483803
v -0.2044941 -0.04717129 0.54782
v -0.2005167 -0.06198686 0.5477643
v -0.2051234 -0.04717129 0.5475362
v -0.2011374 -0.0620315 0.5474936
v -0.2054429 -0.04717129 0.547359
v -0.2014646 -0.06205511 0.5473509
v -0.2079084 -0.03161084 0.5475362
v -0.2082279 -0.03161084 0.547359
v -0.209589 -0.01587897 0.5475362
v -0.2099086 -0.01587897 0.547359
v -0.2053157 -0.01252132 0.5355368
v -0.2056717 0 0.5355368
v -0.2107719 0 0.5334014
v -0.2013157 -0.04520088 0.5355368
v -0.2032241 -0.03263103 0.5355368
v -0.2084929 -0.03265476 0.5334319
v -0.2004536 -0.04871356 0.5355368
v -0.2057095 -0.04874867 0.5334319
v -0.2085748 -0.02527666 0.5337737
v -0.2050034 -0.01639235 0.5355368
v -0.2101823 -0.01639777 0.5334319
v -0.2093847 -0.02533453 0.5334292
v -0.2127283 -0.01639777 0.5323542
v -0.2119125 -0.02551537 0.5323541
v -0.2139986 -0.01639777 0.5318092
v -0.2122142 -0.02558022 0.5322222
v -0.2120459 -0.0270462 0.5322247
v -0.2123093 -0.03265476 0.5318092
v -0.2117441 -0.02703392 0.5323538
v -0.211039 -0.03265476 0.5323542
v -0.2104383 -0.02698063 0.5329121
v -0.2092065 -0.02693247 0.5334238
v -0.2041195 -0.02673351 0.5355368
v -0.2082555 -0.04874867 0.5323542
v -0.2095258 -0.04874867 0.5318092
v -0.205564 -0.06408786 0.5317937
v -0.2101603 -0.04874867 0.5315351
v -0.2061874 -0.06413269 0.5315264
v -0.2104836 -0.04874867 0.5313609
v -0.2065485 -0.06416624 0.5313124
v -0.2132671 -0.03265476 0.5313609
v -0.2129437 -0.03265476 0.5315351
v -0.2133221 0 0.5323337
v -0.2145971 0 0.5317998
v -0.2146331 -0.01639777 0.5315351
v -0.2154117 0 0.5314587
v -0.2149564 -0.01639777 0.5313609
v -0.2092033 0.02693355 0.5334166
v -0.2084929 0.03265482 0.5334319
v -0.211039 0.03265482 0.5323542
v -0.2065004 0.06416076 0.5313487
v -0.2104836 0.04874873 0.5313609
v -0.2101603 0.04874873 0.5315351
v -0.2061709 0.0641368 0.5314922
v -0.2095258 0.04874873 0.5318092
v -0.2055491 0.0640915 0.531763
v -0.2082555 0.04874873 0.5323542
v -0.2043054 0.0640009 0.5323047
v -0.2057095 0.04874873 0.5334319
v -0.2018181 0.06381982 0.533388
v -0.1978386 0.06353002 0.5351212
v -0.2004536 0.04871368 0.5355368
v -0.2139986 0.01639777 0.5318092
v -0.2122024 0.02560126 0.5322263
v -0.2124916 0.02570104 0.5320978
v -0.2123093 0.03265482 0.5318092
v -0.2120459 0.0270462 0.5322247
v -0.2117432 0.02703416 0.5323516
v -0.2052482 0.02504318 0.535154
v -0.2093799 0.02533596 0.5334179
v -0.2101823 0.01639777 0.5334319
v -0.2119123 0.02551537 0.5323538
v -0.2127283 0.01639777 0.5323542
v -0.2129437 0.03265482 0.5315351
v -0.2132671 0.03265482 0.5313609
v -0.2050769 0.02676999 0.5351469
v -0.2032241 0.03263109 0.5355368
v -0.2013157 0.04520088 0.5355368
v -0.2149564 0.01639777 0.5313609
v -0.2156084 0 0.5313058
v -0.2146331 0.01639777 0.5315351
v -0.2050034 0.0163924 0.5355368
v -0.2053157 0.01252132 0.5355368
vn 0 0 1
vn 0.3151036 -0.005493283 0.9490036
vn 0.6862697 -0.7259133 -0.04495376
vn 0 0 1
vn 0.3151036 0.005493283 0.9490036
vn 0.7200537 -0.6874294 0.0945158
vn 0.1380352 -0.9727165 0.1864376
vn 0.7450178 -0.6663106 0.03024381
vn 0.1515854 -0.9757683 0.1576281
vn 0.148503 -0.980224 0.1306802
vn 0.7474288 -0.6478164 0.1470077
vn 0.1481673 -0.9353313 0.3211768
vn 0.1324503 -0.9551683 0.264687
vn 0.7259438 -0.6492813 0.2266914
vn 0.1413312 -0.9155248 0.3765679
vn 0.151677 -0.9262978 0.3448897
vn 0.7578051 -0.589404 0.2798242
vn 0.1561326 -0.8451186 0.5112156
vn 0.1420331 -0.8783227 0.4564348
vn 0.7349773 -0.5664541 0.3727226
vn 0.1532945 -0.8237251 0.5458235
vn 0.1594897 -0.8327891 0.5301065
vn 0.7605823 -0.4956206 0.4193243
vn 0.1630909 -0.6769311 0.7177343
vn 0.1580858 -0.7314066 0.6633504
vn 0.7622303 -0.5018159 0.4088259
vn 0.1490219 -0.7593616 0.6333506
vn 0.1463057 -0.7855464 0.6012147
vn 0.1628468 -0.6468703 0.7449873
vn 0.1603137 -0.620777 0.7673879
vn 0.7402875 -0.4648274 0.4856715
vn 0.1660817 -0.5860164 0.7930845
vn 0.7766656 -0.3719901 0.5083163
vn 0.1734367 -0.5605335 0.8097476
vn 0.7706229 -0.3667104 0.5211646
vn 0.1727958 -0.4995575 0.8488419
vn 0.7813654 -0.2356334 0.5778375
vn 0.1737723 -0.3935972 0.9026765
vn 0.7501145 -0.3300882 0.572985
vn 0.1657765 -0.4340037 0.8854945
vn 0.1677907 -0.4632099 0.8702048
vn 0.7685782 -0.2426527 0.5919065
vn 0.1670888 -0.2585223 0.9514145
vn 0.1717276 -0.3000274 0.9383221
vn 0.1906491 -0.3186743 0.9284646
vn 0.1806085 -0.3744621 0.9094516
vn 0.7717826 0.000457778 0.6358532
vn 0.1693472 6.1037e-05 0.9855343
vn 0.2045961 -0.04715108 0.977691
vn 0.7820978 -0.04895168 0.6212043
vn 0.1911984 -0.08233892 0.9780877
vn 0.1697744 -0.1088595 0.9794305
vn 0.764977 -0.08478039 0.6384167
vn 0.177221 -0.1486251 0.972869
vn 0.7570727 -0.2049012 0.6203193
vn 0.1985229 -0.1904355 0.9613941
vn 0.2159489 0.0514847 0.9750359
vn 0.1983398 0.0801416 0.9768365
vn 0.7812128 0.05465865 0.6218451
vn 0.1760613 0.111423 0.9780267
vn 0.1712088 0.1387371 0.9754021
vn 0.7632985 0.078341 0.6412244
vn 0.1837824 0.1973326 0.96292
vn 0.7781609 0.144261 0.6112247
vn 0.1680043 0.2570879 0.9516587
vn 0.1626331 0.2897427 0.9431746
vn 0.7598804 0.1906186 0.6214484
vn 0.1769158 0.327372 0.9281594
vn 0.7807245 0.2506485 0.5723747
vn 0.1813715 0.3740043 0.9094821
vn 0.7509689 0.329783 0.5719779
vn 0.1614124 0.4643697 0.8707846
vn 0.1684622 0.4269539 0.8884243
vn 0.1806696 0.3987243 0.8990753
vn 0.7742851 0.3828547 0.5038301
vn 0.1715445 0.5608081 0.8099308
vn 0.7715995 0.3763542 0.512772
vn 0.1679128 0.5000458 0.8495132
vn 0.7645497 0.5075228 0.3972899
vn 0.1579332 0.6498917 0.7434004
vn 0.7419965 0.4664754 0.4814295
vn 0.1623279 0.614948 0.77163
vn 0.1712698 0.5890988 0.7896664
vn 0.7646718 0.512009 0.3912473
vn 0.1626331 0.7325663 0.6609699
vn 0.163213 0.6769616 0.7176427
vn 0.7535631 0.6042665 0.2587054
vn 0.1552171 0.8335826 0.5301065
vn 0.1494186 0.8244575 0.5458235
vn 0.7319865 0.584521 0.3499557
vn 0.1531419 0.7813349 0.6049684
vn 0.1596423 0.7589038 0.6312754
vn 0.155034 0.8458815 0.5102695
vn 0.1499374 0.8767663 0.4568621
vn 0.7255165 0.6575518 0.2029786
vn 0.1357158 0.9143651 0.3813898
vn 0.1423688 0.9300821 0.3385723
vn 0.7452315 0.6565142 0.1165196
vn 0.1505172 0.9356365 0.3191931
vn 0.7513047 0.6598712 0.006347835
vn 0.1473433 0.9778131 0.1487472
vn 0.7116611 0.6973479 0.08471935
vn 0.1337016 0.9702445 0.2017884
vn 0.1595202 0.9524522 0.2595599
vn 0.2029786 0.9773858 0.05877864
vn 0.1785943 0.9766228 0.1194189
vn 0.9947508 0 -0.1021149
vn 0.9947508 0 -0.1021454
vn 0.9947508 0 -0.1021454
vn 0.9947508 0 -0.1021149
vn 0.9947508 0 -0.1021454
vn 0.9947508 0 -0.1021454
vn 0.9947508 0 -0.1021454
vn 0.9947508 0 -0.1021149
vn 0.9947508 0 -0.1021149
vn 0.8942534 0.4422132 -0.06869715
vn 0.8959929 0.4373608 -0.07666248
vn 0.9947508 0 -0.1021454
vn 0.9947508 0 -0.1021454
vn 0.9994202 0.01953184 0.02697831
vn 0.9994812 -0.000762963 0.03128147
vn 0.9935606 0.000549333 0.1131626
vn 0.6770532 -0.02612382 0.7354351
vn 0.6593524 0.01840263 0.7515794
vn 0.9090853 0.4042482 0.10065
vn 0.8960235 0.4331187 0.09756767
vn 0.9284341 0.3613697 0.08603167
vn 0.9341105 0.3526414 0.05529952
vn 0.9594409 0.2725303 0.0720542
vn 0.9575182 0.2784814 0.07458722
vn 0.9385968 0.285165 0.1940367
vn 0.6174505 0.5423139 0.5697501
vn 0.6336253 0.5837581 0.5076449
vn 0.9636524 0.247444 0.1004059
vn 0.6159551 0.7161169 0.3282266
vn 0.6184576 0.7457503 0.2475966
vn 0.6118046 0.6282541 0.480575
vn 0.6292917 0.6576739 0.4139836
vn 0.6048769 0.6969512 0.3851741
vn 0.6635029 0.7217018 0.1971495
vn 0.5965148 0.7748039 0.2092959
vn 0.6063722 0.7673879 0.2081972
vn 0.6667379 0.02145451 0.7449568
vn 0.6631978 0.1268349 0.7375714
vn 0.9856258 0.1305887 0.1069368
vn 0.6414685 0.1825007 0.7450789
vn 0.6602985 0.2483596 0.7087314
vn 0.6483352 0.3125401 0.6942045
vn 0.6615192 0.3768426 0.6483352
vn 0.641377 0.4314097 0.6344188
vn 0.6229743 0.448439 0.6408887
vn 0.6346019 0.4933317 0.5948363
vn 0.6313364 -0.4827418 0.6068911
vn 0.6332896 -0.4732505 0.6122928
vn 0.9857784 -0.1275979 0.1091647
vn 0.659444 -0.4163945 0.6258431
vn 0.6638386 -0.2920621 0.6884365
vn 0.6457412 -0.2433546 0.723716
vn 0.657033 -0.1661427 0.7352824
vn 0.6580096 -0.09793388 0.7465743
vn 0.6156194 -0.7356487 0.2824793
vn 0.5982238 -0.724662 0.3419904
vn 0.9634083 -0.2491531 0.09869682
vn 0.623188 -0.6841334 0.3788263
vn 0.6028627 -0.6628925 0.4439222
vn 0.6275826 -0.6147344 0.4776757
vn 0.6376842 -0.5258644 0.5628224
vn 0.6411328 -0.4731895 0.6041444
vn 0.6665242 -0.7313455 0.144261
vn 0.6109195 -0.7677847 0.1929685
vn 0.9597156 -0.2674947 0.08578753
vn 0.5926389 -0.7710196 0.2328867
vn 0.5923643 -0.7713248 0.2326425
vn 0.9154638 -0.3923155 0.08941918
vn 0.9380474 -0.3402509 0.0650044
vn 0.9277322 -0.3626514 0.08807641
vn 0.9434187 -0.3053072 0.1293069
vn 0.9630421 -0.2628254 0.05844295
vn 0.8970305 -0.4315928 0.09506511
vn 0.9554125 -0.2933439 0.03360086
vn 0.9515976 -0.3050325 0.03707998
vn 0.9458602 -0.3220618 0.03976559
vn 0.9393292 -0.3393353 0.04983669
vn 0.9334086 -0.3461714 0.09408855
vn 0.9593493 -0.2798852 0.03601181
vn 0.9565111 -0.2898038 0.03210544
vn 0.9799188 -0.1977599 0.02526932
vn 0.9740898 -0.2249519 0.0228278
vn 0.9693899 -0.2444227 0.02221745
vn 0.9598987 -0.27781 0.03714102
vn 0.9935606 -0.1097751 0.02746665
vn 0.9906308 -0.1345255 0.02331614
vn 0.9866939 -0.1611072 0.0217902
vn 0.9815363 -0.1889095 0.02929776
vn 0.9992981 -0.02624589 0.02572709
vn 0.9971923 -0.07061982 0.0242927
vn 0.9946898 -0.09805595 0.03027433
vn 0.9922788 0.1214637 0.0242927
vn 0.994171 0.1035187 0.0298776
vn 0.9964904 0.08023315 0.02307194
vn 0.9983215 0.05301064 0.02307194
vn 0.9333781 0.3447676 0.09958189
vn 0.964568 0.2622455 0.02880942
vn 0.9673147 0.2530595 0.0145573
vn 0.9697256 0.2433241 0.01937925
vn 0.9748222 0.2216559 0.02328562
vn 0.9826045 0.1845759 0.01928764
vn 0.9870907 0.1590014 0.01779228
vn 0.9429914 0.3303934 0.03918576
vn 0.9469283 0.31901 0.03900265
vn 0.9521775 0.3031404 0.0374462
vn 0.9566332 0.2894986 0.03143405
vn 0.9549242 0.2937712 0.04202395
vn -0.8572039 0 0.5149388
vn -0.5093234 0.622303 0.5943785
vn -0.8571734 6.1037e-05 0.5149999
vn -0.4928434 0.6148564 0.6156499
vn -0.5037996 0.5463424 0.6690573
vn -0.8572039 -3.05185e-05 0.5149694
vn -0.4847865 0.5363934 0.6907865
vn -0.4992523 0.4606769 0.7338176
vn -0.8571734 -3.05185e-05 0.5149999
vn -0.4931486 0.4431288 0.7485885
vn -0.8571429 0 0.5149999
vn -0.5085299 0.3935362 0.765801
vn 0.6294137 -0.6731773 0.3881039
vn 0.6159551 -0.666097 0.4205451
vn 0.3812677 -0.8703269 0.311594
vn 0.544908 -0.8282113 0.1307107
vn 0.765862 -0.6324351 0.1158177
vn 0.7193213 -0.6791284 0.1460921
vn -0.5382855 -0.6480606 0.5386822
vn -0.6020081 -0.6928007 0.3969237
vn 0.0303964 -0.9697867 0.2419812
vn -0.5337992 -0.5665151 0.6277352
vn 0.06460767 -0.5561388 0.828547
vn -0.4527116 -0.3413801 0.8236946
vn 0.05804616 -0.821192 0.5676748
vn -0.4187445 -0.4185003 0.8059023
vn -0.5085909 -0.4479507 0.7352824
vn 0.1252174 -0.9826655 0.1365703
vn 0.05032497 -0.9906919 0.1263466
vn 0.2513504 -0.9589526 0.1310769
vn 0.09210485 -0.5660268 0.8191778
vn 0.0866115 -0.8232368 0.5609912
vn 0.1260109 -0.5674917 0.813654
vn 0.1637928 -0.5760674 0.8007752
vn 0.1323282 -0.8272042 0.5460372
vn 0.1989196 -0.5781427 0.7912839
vn 0.1770989 -0.831782 0.5260475
vn 0.2733543 -0.5891293 0.7603687
vn 0.2139347 -0.8384655 0.5011445
vn 0.3356731 -0.6002991 0.7259133
vn 0.3627125 -0.6078677 0.7063204
vn 0.2456434 -0.841731 0.4807276
vn 0.3867 -0.6100345 0.6915799
vn 0.2787865 -0.8461562 0.4541459
vn 0.4416944 -0.6213569 0.647145
vn 0.3122044 -0.852504 0.4191717
vn 0.498001 -0.633076 0.5925779
vn 0.5243995 -0.6400342 0.56151
vn 0.3400983 -0.8586993 0.383282
vn 0.5451216 -0.6449171 0.5355998
vn 0.3631398 -0.864803 0.3466902
vn 0.6021302 -0.6633504 0.4442579
vn 0.5846126 -0.6557818 0.4775841
vn 0.5674307 -0.6519364 0.5029451
vn 0.6384167 -0.6741844 0.3713187
vn 0.3930479 -0.8753319 0.2815027
vn 0.6444289 -0.680868 0.3479415
vn 0.4029359 -0.8785058 0.2565691
vn 0.6581012 -0.6790063 0.3252968
vn 0.4134037 -0.8812525 0.2290109
vn 0.6737266 -0.6809595 0.2869045
vn 0.6757714 -0.6909696 0.2565691
vn 0.4224677 -0.8839687 0.2002014
vn 0.6897488 -0.6865139 0.230018
vn 0.4321116 -0.8850673 0.1727653
vn 0.7022004 -0.685934 0.1906491
vn 0.03604233 -0.9693899 0.2427442
vn 0.04779195 -0.9699088 0.2386547
vn 0.05981624 -0.9705497 0.2332835
vn 0.0693075 -0.9716483 0.225959
vn 0.07751697 -0.9722892 0.2204962
vn 0.08648943 -0.9729911 0.2138737
vn 0.09527873 -0.9742119 0.204474
vn 0.1025117 -0.9754326 0.1948301
vn 0.1084017 -0.9766839 0.1851863
vn 0.112949 -0.9779046 0.1758171
vn 0.1155126 -0.9790338 0.1676687
vn 0.1180456 -0.9798273 0.1611072
vn 0.1209143 -0.9806208 0.1540269
vn 0.1232032 -0.9815058 0.1463972
vn 0.1255226 -0.9822077 0.1394696
vn 0.4418165 -0.8835414 0.1552171
vn 0.3852046 -0.9140904 0.1264687
vn 0.7024751 -0.6917325 0.167333
vn -0.002471983 -0.9894711 0.1446577
vn -0.01742607 -0.990112 0.1391339
vn -0.01742607 -0.990112 0.1391339
vn -0.01742607 -0.990112 0.1391339
vn 0.3111972 -0.7516709 -0.5814692
vn 0.2830592 -0.7793207 -0.5590075
vn -0.4424268 -0.845027 0.3002411
vn 0.01742607 -0.9920347 0.1245765
vn 0.01742607 -0.9920347 0.1245765
vn 0.01739555 -0.9920347 0.124607
vn 0.01742607 -0.9920347 0.1245765
vn 0.0180059 -0.9919431 0.1252174
vn 0.01742607 -0.9920347 0.1245765
vn 0.04397714 -0.8989837 0.4357433
vn 0.01742607 -0.9920347 0.1245765
vn 0.01742607 -0.9920347 0.1245765
vn 0.01742607 -0.9920347 0.1245765
vn 0.01742607 -0.9920347 0.1245765
vn 0.01788383 -0.9919736 0.1250953
vn -0.1375469 -0.8027284 0.5802179
vn -0.1821955 -0.02636796 0.9828791
vn -0.1922361 0.000305185 0.9813227
vn -0.1392865 -0.790643 0.5961791
vn -0.2270882 -0.0190435 0.973632
vn -0.164159 -0.7975097 0.5804926
vn -0.240028 0.0122379 0.9706717
vn -0.1730094 -0.7860347 0.5934324
vn -0.2898343 -0.02209538 0.9567858
vn -0.1960204 -0.8083743 0.5550401
vn -0.2962431 0.01925712 0.9548937
vn -0.373455 0.02600175 0.9272744
vn -0.2444227 -0.7993408 0.5488754
vn -0.3574328 -0.02319401 0.9336223
vn -0.2087771 -0.7827082 0.5862911
vn -0.1947691 -0.7938475 0.5760369
vn -0.505234 -0.006958186 0.8629414
vn -0.3098544 -0.8019654 0.5106662
vn -0.4832301 -0.009643793 0.8754234
vn -0.2949614 -0.7892392 0.5385907
vn -0.4244209 -0.002349913 0.9054537
vn -0.2531205 -0.7792901 0.5731986
vn -0.2378612 -0.7910093 0.5636159
vn -0.6450087 -0.00653094 0.7641224
vn -0.3703726 -0.7916196 0.4859157
vn -0.5939512 -0.005005002 0.8044679
vn -0.359508 -0.801355 0.4780725
vn -0.5645924 -0.006378352 0.8253121
vn -0.3375042 -0.781518 0.5246437
vn -0.3082675 -0.8012024 0.5128026
vn -0.7260048 -0.03881949 0.6865749
vn -0.4209723 -0.8150578 0.3980224
vn -0.7194128 -0.03466898 0.6936857
vn -0.429487 -0.7775811 0.459151
vn -0.6698508 0.003448545 0.7424543
vn -0.4030885 -0.799646 0.4449904
vn -0.3828547 -0.778222 0.4977264
vn -0.7775811 -0.000457778 0.6287423
vn -0.4630879 -0.8004395 0.3805048
vn -0.751793 -0.000854518 0.6593524
vn -0.4653767 -0.7895444 0.3999756
vn -0.4232917 -0.8115177 0.4027833
vn -0.8170415 9.15555e-05 0.5765557
vn -0.4857326 -0.7999817 0.3521836
vn -0.7932371 -0.003204405 0.6088748
vn -0.4875942 -0.7912839 0.3688772
vn -0.4632099 -0.8010804 0.3790094
vn -0.8508256 -0.00061037 0.5253762
vn -0.5094455 -0.7964721 0.325663
vn -0.5036775 -0.798822 0.3288064
vn -0.8454543 0.006317317 0.5339823
vn -0.5051729 -0.7976623 0.3293557
vn -0.82696 -0.004547238 0.562212
vn -0.506241 -0.7916501 0.3420209
vn -0.4855189 -0.8009278 0.350383
vn -0.513657 -0.7702566 0.3779107
vn -0.5107272 -0.798761 0.3179724
vn -0.8571734 0.001342773 0.5149999
vn -0.5114597 -0.7981811 0.318186
vn -0.8561968 -0.009857475 0.5165258
vn -0.8555254 -0.008941888 0.517655
vn -0.5074008 -0.8008667 0.3179724
vn -0.5073397 -0.8015076 0.316477
vn -0.8571429 0 0.5150304
vn 0.988403 3.05185e-05 -0.1518296
vn 0.9922483 0.005096554 -0.1240272
vn 0.9850459 -0.008819818 -0.1719107
vn 0.9803461 -0.01333653 -0.1966918
vn 0.2157964 0.8162786 -0.5357829
vn 0.524308 0.6358837 -0.566332
vn 0.2200689 0.7661977 -0.6037172
vn 0.5306254 0.5646229 -0.6321299
vn 0.2432325 0.6940519 -0.6775414
vn 0.9760125 -0.02475047 -0.2162846
vn 0.9733573 -0.03411966 -0.2266304
vn 0.9718315 -0.03854483 -0.2324594
vn 0.5691397 0.2879726 -0.7701346
vn 0.2941069 0.487228 -0.8222297
vn 0.5523545 0.382458 -0.7406537
vn 0.2981963 0.5318461 -0.7925657
vn 0.5425276 0.4719382 -0.694876
vn 0.2539445 0.5945921 -0.7628407
vn 0.2498855 0.6388134 -0.7276223
vn 0.5865352 0.208594 -0.7825862
vn 0.3319193 0.3157445 -0.8888516
vn 0.1727042 0.3885312 -0.9050874
vn 0.5858028 0.1586657 -0.7947325
vn 0.3780938 0.2715232 -0.8850368
vn 0.3774224 0.3142491 -0.8710593
vn 0.9719535 -0.04037594 -0.2315744
vn 0.9722587 -0.0374462 -0.230781
vn 0.9722892 -0.02710038 -0.2321237
vn 0.5999634 0.03070157 -0.7994018
vn 0.3969237 0.1279641 -0.9088717
vn 0.595111 0.09613329 -0.7978454
vn 0.4004639 0.1745964 -0.8995026
vn 0.3774224 0.2154912 -0.9006012
vn 0.9729911 -0.01040679 -0.2305368
vn 0.9733573 0.008117914 -0.2290414
vn 0.5996582 -0.06357002 -0.7976928
vn 0.4007385 -0.03613388 -0.9154638
vn 0.600879 -0.0216071 -0.7990051
vn 0.4116642 0.001159667 -0.9113132
vn 0.3978087 0.04931789 -0.9161351
vn 0.9732658 0.02154606 -0.2285531
vn 0.9724113 0.03076261 -0.2311167
vn 0.9716178 0.03753775 -0.2335276
vn 0.5838801 -0.1866512 -0.7900326
vn 0.3912778 -0.1593066 -0.9063387
vn 0.5957518 -0.1116062 -0.7953734
vn 0.4000672 -0.1117588 -0.9096347
vn 0.3965575 -0.08438366 -0.9140904
vn 0.5700553 -0.2749108 -0.7742241
vn 0.3274941 -0.3070772 -0.8935209
vn 0.3728446 -0.2425306 -0.8955962
vn 0.5576037 -0.3665883 -0.7447432
vn 0.1388286 -0.3768426 -0.9157994
vn 0.3039643 -0.3358562 -0.8914762
vn 0.971862 0.03970456 -0.2321237
vn 0.9731132 0.03527939 -0.227546
vn 0.9756768 0.02587968 -0.2175664
vn 0.9797052 0.01767021 -0.1995605
vn 0.9837031 0.008453607 -0.1795709
vn 0.851558 0.4205756 -0.3129063
vn 0.8474685 0.3823359 -0.3681753
vn 0.8413343 0.3499863 -0.4118473
vn 0.834315 0.3049104 -0.4592425
vn 0.8307138 0.2454909 -0.499588
vn 0.8290048 0.1898556 -0.526017
vn 0.8300119 0.1342814 -0.5412763
vn 0.8345286 0.09024322 -0.5434736
vn 0.8332164 0.06469923 -0.5491195
vn 0.8348643 0.03689682 -0.5491501
vn 0.8363292 0.010773 -0.5481125
vn 0.8370617 -0.007171809 -0.5470443
vn 0.8372143 -0.02221745 -0.5463729
vn 0.8356884 -0.0432142 -0.547441
vn 0.8324839 -0.0793786 -0.548265
vn 0.8303171 -0.1269569 -0.5425886
vn 0.8301645 -0.1792962 -0.5278481
vn 0.8300424 -0.2394177 -0.503647
vn 0.8336436 -0.29429 -0.4672689
vn 0.8406018 -0.3373821 -0.4236885
vn 0.5183264 0.7392498 -0.4298837
vn 0.5273904 0.6826075 -0.5058443
vn 0.5414289 -0.4627217 -0.7019257
vn 0.5299234 -0.5497604 -0.6456801
vn 0.5303202 -0.6160161 -0.5824458
vn 0.2162541 -0.7455977 -0.6302988
vn 0.2344126 -0.6855373 -0.68923
vn 0.2259285 -0.5785394 -0.7837153
vn 0.289407 -0.5365765 -0.7926267
vn 0.2884304 -0.4635761 -0.8377636
vn 0.9881283 0.000396741 -0.1534776
vn 0.5236061 -0.6811121 -0.5117344
vn 0.8460036 -0.3813288 -0.3725394
vn 0.5183569 -0.737022 -0.433668
vn 0.8520463 -0.4177984 -0.3153172
vn 0.9921873 -0.003326475 -0.124546
vn 0.9952391 -0.005737423 -0.09717088
vn 0.8568072 -0.4448683 -0.260567
vn 0.1870174 -0.7098605 -0.6790369
vn 0.1840876 -0.9519639 -0.2445448
vn 0.2686239 -0.9509873 -0.1530808
vn 0.4969634 0.8514969 -0.1672109
vn 0.4939421 0.8553118 -0.1562547
vn 0.4452956 0.8652913 -0.2300485
vn -0.423017 0.8015686 0.4224677
vn -0.4129154 0.8180181 0.4003418
vn 0.2194891 0.9509568 -0.2178716
vn -0.2513504 0.7878658 0.5621815
vn -0.2576678 0.7860957 0.5618153
vn 0.1026337 0.9504685 -0.2933134
vn -0.05038601 0.8145085 0.5778985
vn 0.1367229 0.9427168 -0.3042085
vn -0.1351054 0.811945 0.5678274
vn 0.1599169 0.935667 -0.3145238
vn -0.1546373 0.7753227 0.6122928
vn -0.2349315 0.7482833 0.6203498
vn -0.2072206 0.7989746 0.5645009
vn 0.06567579 0.9486984 -0.309183
vn -0.1837519 0.7442244 0.64214
vn -0.2002624 0.7909787 0.5781121
vn -0.1601306 0.8122807 0.5608081
vn -0.2701498 0.7891781 0.5515305
vn -0.3346049 0.7710196 0.5417646
vn -0.2851039 0.8082827 0.5150914
vn 0.1437727 0.9518113 -0.2708212
vn -0.2900784 0.8116703 0.5069735
vn -0.4214606 0.7516404 0.5073092
vn -0.3481246 0.8027894 0.4839931
vn 0.1836603 0.9519333 -0.2450331
vn -0.4276254 0.7742546 0.4664754
vn -0.3898129 0.8054445 0.4463942
vn -0.3733024 0.7895749 0.4870144
vn -0.4578692 0.7794427 0.4275338
vn -0.5099948 0.7904294 0.3392437
vn -0.5108188 0.7876217 0.3444624
vn 0.2602313 0.9500717 -0.1720023
vn -0.4963225 0.7913144 0.356975
vn -0.5193335 0.7908872 0.3236488
vn -0.520951 0.7858821 0.333079
vn 0.2663961 0.9517197 -0.1523789
vn -0.4902799 0.8142033 0.3108615
vn -0.4961699 0.8055055 0.323893
vn 0.3186132 0.9467452 -0.04617446
vn 0.2624287 0.9540086 -0.1446577
vn 0.3622242 0.9297464 -0.06564527
vn 0.333842 0.9256874 -0.1777397
vn 0.3646046 0.9282205 -0.07382422
vn 0.3625904 0.9286782 -0.07770007
vn -0.502121 0.7833186 0.3663747
vn -0.5074923 0.8015686 0.3160802
vn 0.2584307 0.9657582 -0.02172917
vn -0.5076754 0.801416 0.3161107
vn -0.513657 0.7959533 0.3202612
vn 0.4439222 0.8873867 -0.1242408
vn 0.7488021 0.5927 -0.2965789
vn 0.6601764 0.7109897 -0.2421338
vn 0.594409 0.7477035 -0.295938
vn 0.6444594 0.7256386 -0.2409741
vn 0.5958129 0.7722709 -0.2204046
vn 0.8424329 0.3440352 -0.4145939
vn 0.8809168 0.2851955 -0.377636
vn 0.8758507 0.2760399 -0.395764
vn 0.8445997 0.3892331 -0.3675344
vn 0.8051698 0.4994049 -0.3198034
vn 0.7405927 0.5634022 -0.3661305
vn 0.7899411 0.5095981 -0.3409528
vn 0.7902768 0.513657 -0.3340251
vn 0.9091769 0.1842402 -0.3733634
vn 0.8888211 0.1472518 -0.4339122
vn 0.9234901 0.08261358 -0.3746147
vn 0.9121983 0.08239996 -0.4013184
vn 0.9217811 0.07614368 -0.3800775
vn 0.8876308 -0.1507004 -0.4351634
vn 0.9122593 -0.08160644 -0.4013794
vn 0.9101535 -0.05749684 -0.4102298
vn 0.898648 -0.00021363 -0.4386425
vn 0.8454848 -0.3855098 -0.3694266
vn 0.8432875 -0.3417768 -0.4147465
vn 0.8016907 -0.4981842 -0.3302408
vn 0.742729 -0.5610218 -0.3654592
vn 0.7903684 -0.4918974 -0.3650929
vn 0.7343669 -0.5973388 -0.3222144
vn 0.8761254 -0.2751854 -0.3957945
vn 0.8783532 -0.2722556 -0.3928648
vn 0.8966033 -0.1877804 -0.4010132
vn 0.9122593 -0.08157593 -0.4013794
vn 0.6675924 -0.6946623 -0.2677389
vn 0.593463 -0.7492905 -0.2938627
vn 0.6685079 -0.7025056 -0.2439344
vn 0.6147344 -0.7528916 -0.2349925
vn 0.5339518 -0.8228095 -0.194525
vn 0.4488968 -0.8646199 -0.2255623
vn 0.4876552 -0.8592486 -0.1543321
vn 0.423719 -0.8981903 -0.117069
vn 0.3346354 -0.9257485 -0.1759086
vn 0.3484298 -0.9363384 -0.04281747
vn 0.3473312 -0.9369183 -0.03860586
vn 0.2656026 -0.9531846 -0.1444441
vn 0.2952361 -0.9546495 -0.0376293
vn 0.2581561 -0.9658192 -0.02291935
vn 0.2606891 -0.949736 -0.1732535
vn 0.2453993 -0.9498581 -0.1935788
vn 0.2195501 -0.9508957 -0.2180852
vn 0.1429792 -0.9520249 -0.270516
vn 0.1030305 -0.9505295 -0.2930082
vn 0.06540113 -0.948851 -0.3088473
vn -0.1207617 -0.801355 0.5858333
vn 0.1188085 -0.9393292 -0.3216956
vn 0.1547899 -0.9306314 -0.3315225
vn 0.1782891 -0.9087496 -0.3773003
vn 0.09448528 -0.9082003 -0.4076967
vn 0.1890011 -0.8879361 -0.4192938
vn 0.2175054 -0.7780389 -0.5893124
vn 0.1368449 -0.8320567 -0.5375225
vn 0.2117984 -0.8149052 -0.5394757
vn 0.1935483 -0.8688315 -0.4556413
vn 0.2417371 -0.5467391 -0.8015992
vn 0.4127323 -0.1554918 -0.8974578
vn 0.2744224 -0.3740959 -0.8858303
vn 0.3884701 -0.3380535 -0.8571734
vn 0.4195685 0.001281738 -0.9077121
vn 0.4119694 0.149327 -0.8988617
vn 0.385876 0.3410138 -0.8571734
vn 0.227485 0.5327006 -0.8151189
vn 0.1824396 0.7087314 -0.6814478
vn 0.1352885 0.8330943 -0.5362713
vn 0.2143009 0.8368175 -0.503769
vn 0.1940977 0.871395 -0.4505142
vn 0.09482097 0.9081088 -0.4078189
vn 0.1896114 0.8939787 -0.4059572
vn 0.1749016 0.9166539 -0.3593555
vn 0.6090884 0.7135838 -0.3460189
vn 0.6103091 0.7268288 -0.3149205
vn 0.4641255 0.8418531 -0.275399
vn 0.458449 0.854091 -0.2455824
vn 0.3444014 0.9136937 -0.2157048
vn 0.3423871 0.9199805 -0.1907712
vn 0.743614 0.5322123 -0.4045839
vn 0.3442183 -0.9192786 -0.1906491
vn 0.459975 -0.8534196 -0.2450941
vn 0.6040223 -0.7350383 -0.3079317
vn 0.3417158 -0.9140294 -0.2185125
vn 0.460097 -0.8427381 -0.2794275
vn 0.6046633 -0.7164831 -0.34785
vn 0.743492 -0.5310221 -0.406415
vn 0.8374279 -0.3204138 -0.442732
vn 0.8790552 -0.1390118 -0.4559465
vn 0.8890347 -0.000244148 -0.4577776
vn 0.8798791 0.1382183 -0.4546037
vn 0.8395642 0.3189489 -0.4396802
vn 0.2080752 -0.8374584 -0.505295
vn 0.1477706 -0.9113438 -0.3841059
vn 0.3719291 -0.7166967 -0.5898923
vn 0.2789697 -0.8408154 -0.4638508
vn 0.2002624 -0.9136937 -0.3535264
vn 0.5645924 -0.5362102 -0.62743
vn 0.4582964 -0.7165136 -0.5258339
vn 0.3461409 -0.8414869 -0.4148076
vn 0.2517472 -0.914182 -0.3175451
vn 0.7318034 -0.3249306 -0.5990173
vn 0.6498612 -0.5311442 -0.5436262
vn 0.5295572 -0.713889 -0.4581438
vn 0.402234 -0.8402051 -0.3635975
vn 0.2954802 -0.9132664 -0.280343
vn 0.8413038 -0.1388897 -0.5223548
vn 0.8016297 -0.3192236 -0.5054171
vn 0.713065 -0.5268716 -0.462447
vn 0.5816523 -0.7119969 -0.393292
vn 0.4425794 -0.8395032 -0.3151646
vn 0.3267312 -0.9126255 -0.2456129
vn 0.2700888 0.3691214 -0.8892483
vn 0.3428144 0.5375225 -0.7703787
vn 0.277871 0.7133702 -0.6432996
vn 0.2080752 0.8374584 -0.505295
vn 0.1477706 0.9113743 -0.3841059
vn 0.2517472 0.914182 -0.3175451
vn 0.2002624 0.9137242 -0.3535264
vn 0.3461104 0.8414869 -0.4148076
vn 0.2789697 0.8408154 -0.4638508
vn 0.4582964 0.7165136 -0.5258339
vn 0.3718985 0.7166967 -0.5898923
vn 0.5645924 0.5362102 -0.62743
vn 0.4598834 0.5387433 -0.7058321
vn 0.6381115 0.3313699 -0.6949675
vn 0.5215003 0.3360088 -0.7842647
vn 0.6727805 0.1474959 -0.7249672
vn 0.5514695 0.1512497 -0.8203375
vn 0.6814173 0 -0.7318644
vn 0.5592212 0 -0.8290048
vn 0.5514695 -0.1512497 -0.8203375
vn -0.4627827 0.8012329 0.3791925
vn 0.2456434 0.9498276 -0.1934568
vn 0.3267312 0.9126255 -0.2456129
vn 0.2955107 0.9132664 -0.280343
vn 0.4425794 0.8395032 -0.3151646
vn 0.402234 0.8402051 -0.3635975
vn 0.5816523 0.7119969 -0.393292
vn 0.5295572 0.713889 -0.4581438
vn 0.713065 0.5269021 -0.462447
vn 0.6498612 0.5311442 -0.5435957
vn 0.8016297 0.3192236 -0.5054171
vn 0.7318034 0.3249306 -0.5990173
vn 0.8413038 0.1388897 -0.5223548
vn 0.7693411 0.1429487 -0.6226081
vn 0.8506425 0 -0.5257118
vn 0.7783135 0 -0.6277962
vn 0.7693106 -0.1429487 -0.6226081
vn 0.6727805 -0.1474959 -0.7249672
vn 0.6381115 -0.3313699 -0.6949675
vn 0.5215003 -0.3360088 -0.7842647
vn 0.4598834 -0.5387433 -0.7058626
vn 0.3428144 -0.5375225 -0.7703787
vn 0.277871 -0.7133396 -0.6433302
vn -0.4918974 0.7930235 0.3593249
vn -0.483169 0.779931 0.3977477
vn 0.8932768 0.2175664 0.3932615
vn 0.8612018 0.3238319 0.3916745
vn 0.9204382 0.3627735 0.1454512
vn 0.6751 0.6080203 0.4177069
vn 0.6772973 0.6841639 0.270516
vn 0.815363 0.5431379 0.2003235
vn 0.1734977 -0.4077883 0.8964202
vn 0.2366405 -0.413892 0.8789941
vn 0.1911984 -0.4741356 0.8594012
vn 0.9744865 -0.1733756 0.1425214
vn 0.9901425 -0.00125122 0.1398358
vn 0.9920652 -0.001464843 -0.1255837
vn -0.4939726 -0.535905 0.6846218
vn -0.4920499 -0.5085909 0.706534
vn 0.1875972 -0.7745903 0.6039613
vn 0.1131321 -0.6481216 0.7530443
vn 0.1763359 -0.6843165 0.7075106
vn -0.5106357 -0.4529252 0.7307962
vn -0.4955595 0.3006073 0.8148747
vn -0.4793237 0.3572802 0.8015992
vn 0.09262365 0.5734733 0.8139592
vn -0.496292 0.7166662 0.4899442
vn -0.5070956 0.3675039 0.7795648
vn 0.1053498 0.6600543 0.7437666
vn -0.468276 0.2791833 0.8382824
vn 0.09530925 0.4684897 0.8782922
vn -0.476516 0.2443616 0.8444777
vn 0.09717088 0.406476 0.9084445
vn -0.446852 0.233314 0.8636128
vn -0.4992828 -0.4103519 0.7630543
vn -0.5281838 -0.3805963 0.7589954
vn 0.09326452 -0.5742363 0.8133183
vn -0.49794 -0.32902 0.8023316
vn -0.5055391 -0.6426588 0.5756402
vn 0.2327342 -0.9133885 0.333903
vn -0.4866787 -0.6984772 0.5246132
vn 0.2645649 -0.9491562 0.1704764
vn -0.5175939 -0.7465133 0.4180426
vn -0.4960784 -0.7198096 0.4855189
vn 0.9367046 -0.1645558 -0.3089999
vn 0.9525743 -0.00213629 -0.3042085
vn 0.8882107 -0.3481857 -0.2996307
vn 0.8318735 -0.5018769 -0.2367321
vn 0.7664418 -0.607654 -0.2079836
vn 0.6885586 -0.7083346 -0.1552476
vn 0.5889768 -0.8057192 -0.06213563
vn 0.46498 -0.8828089 0.06634724
vn 0.3508408 -0.921659 0.1656239
vn 0.3485519 -0.8843044 0.3106479
vn 0.4934538 -0.8470107 0.1976379
vn 0.6433607 -0.7640614 0.04736471
vn 0.7850887 -0.6176946 -0.04556411
vn 0.9754631 -0.1784722 -0.1288796
vn 0.9280374 -0.3523972 -0.1205786
vn 0.9219642 -0.3585619 0.1462141
vn 0.8661153 -0.4908597 -0.0941801
vn -0.4808191 -0.637257 0.6022217
vn -0.49559 -0.5850093 0.6419264
vn 0.2001709 -0.8553423 0.4777978
vn 0.3548997 -0.8396863 0.4110233
vn 0.5138707 -0.8043459 0.2981963
vn 0.6713462 -0.7224342 0.1653493
vn 0.8133488 -0.5443892 0.2050843
vn 0.8438978 -0.003509581 0.5364239
vn 0.9259621 -0.00021363 0.3776055
vn 0.8460952 -0.05713063 0.5298929
vn 0.9219031 -0.0736106 0.3802911
vn 0.8349254 -0.1310159 0.5345012
vn 0.9139989 -0.1510056 0.3765069
vn 0.8261971 -0.1843013 0.5323649
vn 0.7815485 -0.001678466 0.6237983
vn 0.7909482 -0.04226809 0.6104007
vn 0.7776421 -0.08651995 0.6226997
vn 0.731254 -0.3542588 0.5828425
vn 0.8621174 -0.3220618 0.3910947
vn 0.7883542 -0.4397107 0.4302194
vn 0.6787011 -0.3118381 0.6648762
vn 0.6781518 -0.311655 0.6655172
vn 0.6926481 -0.2403027 0.6800134
vn 0.7142247 -0.226783 0.6621296
vn 0.797174 -0.2576678 0.5459762
vn 0.8955657 -0.2252876 0.3835871
vn 0.7399518 -0.2218085 0.6350291
vn 0.7239296 -0.2183904 0.6543474
vn 0.739433 -0.1931211 0.6448866
vn 0.7740409 -0.1383709 0.6177862
vn 0.7697989 -0.1384014 0.6230659
vn 0.7693716 -0.1376385 0.6237678
vn 0.6825464 -0.6518754 0.3303323
vn 0.5209205 -0.7299112 0.4425184
vn 0.5285806 -0.5858638 0.614246
vn 0.3638722 -0.7683035 0.5265664
vn 0.2766808 -0.6804102 0.678579
vn 0.3807795 -0.6852931 0.620777
vn 0.4358043 -0.4766381 0.763451
vn 0.4768822 -0.3926817 0.7863399
vn 0.474044 -0.3997619 0.7844783
vn 0.4510025 -0.541734 0.7092807
vn 0.5165563 -0.4646443 0.7191687
vn 0.4797509 -0.4097415 0.775811
vn 0.4794763 -0.398236 0.7819452
vn 0.5361797 -0.3464461 0.7697073
vn 0.5594958 -0.3526108 0.7500534
vn 0.6715598 -0.5399945 0.5073092
vn 0.6300241 -0.430372 0.646382
vn 0.590228 -0.3734245 0.7156285
vn -0.4778893 -0.3123264 0.8210089
vn -0.492111 -0.2587054 0.8311716
vn 0.09936827 -0.4653157 0.8795434
vn 0.1826533 -0.5830867 0.7915891
vn 0.2676779 -0.4817957 0.834376
vn 0.2756432 -0.5892819 0.7594226
vn 0.2863857 -0.4212775 0.8604999
vn 0.3609424 -0.4855189 0.7961974
vn 0.3664662 -0.5875424 0.721427
vn -0.4679708 -0.2334666 0.8523209
vn -0.4577166 -0.2413098 0.8557085
vn 0.1018708 -0.4103214 0.9062166
vn 0.1037324 -0.4086428 0.9067659
vn 0.2163152 -0.4029359 0.8892788
vn 0.2122257 -0.2606891 0.9417707
vn 0.2525407 -0.4148991 0.8740807
vn 0.36021 -0.4019593 0.8418226
vn 0.368633 -0.4119389 0.8333079
vn 0.4279916 -0.4043703 0.8082522
vn 0.5784478 -0.3680227 0.727958
vn 0.5787835 -0.352977 0.7350993
vn 0.629841 -0.3201087 0.7076632
vn 0.1892758 0.7766961 0.6007264
vn 0.1760613 0.6835231 0.7083346
vn 0.184637 0.5841243 0.7903379
vn 0.3738517 0.6783959 0.6324351
vn 0.3659474 0.5897397 0.7199012
vn 0.29017 0.6607562 0.6921903
vn 0.2773217 0.5897702 0.758446
vn 0.5245522 0.7570117 0.3895077
vn 0.531663 0.6651815 0.5242164
vn 0.3660085 0.7729728 0.5181738
vn 0.7820673 0.4454482 0.4357738
vn 0.661977 0.5222327 0.5376141
vn 0.5328532 0.562273 0.6323435
vn 0.4531694 0.5454268 0.7050386
vn 0.2195501 0.4011658 0.8892788
vn 0.1907712 0.4714194 0.8610187
vn 0.2500687 0.2909024 0.9234596
vn 0.2677999 0.4787133 0.8361156
vn 0.2399365 0.4123051 0.878872
vn 0.1708731 0.4161199 0.8930937
vn 0.1126133 0.4184393 0.9012116
vn 0.3672292 0.418897 0.8304392
vn 0.3604236 0.4818567 0.7986694
vn 0.4315317 0.403882 0.8066042
vn 0.4395581 0.4735252 0.7632069
vn 0.5437483 0.3435469 0.7656789
vn 0.4813684 0.394818 0.7825251
vn 0.5158849 0.4654988 0.7191076
vn 0.4737693 0.4070253 0.7809076
vn 0.4784082 0.3903012 0.7865841
vn 0.4800257 0.391705 0.7849056
vn 0.3696707 0.4079715 0.8347728
vn 0.2898343 0.4189276 0.8604999
vn 0.2434766 0.4405957 0.86404
vn 0.824366 0.1836603 0.5353862
vn 0.7922605 0.2696616 0.5472884
vn 0.727195 0.364452 0.5816523
vn 0.6261178 0.440199 0.6435438
vn 0.7858821 0.05233919 0.6161077
vn 0.773217 0.04574722 0.6324656
vn 0.8358715 0.1245155 0.5345622
vn 0.7720878 0.09018218 0.629078
vn 0.7731865 0.1398053 0.6185492
vn 0.6938383 0.2373729 0.6798608
vn 0.6787622 0.3069552 0.6670736
vn 0.6703696 0.3134556 0.6725364
vn 0.6279183 0.3201697 0.7093417
vn 0.7737053 0.140904 0.6176336
vn 0.740318 0.1918393 0.6442763
vn 0.7397382 0.2189702 0.6362194
vn 0.7384869 0.2367321 0.6313059
vn 0.7126682 0.2088381 0.6696677
vn 0.6136967 0.3597217 0.7028108
vn 0.5744194 0.3389385 0.7450484
vn 0.5743584 0.3726615 0.7288125
vn 0.5573595 0.3205664 0.765862
vn 0.2502213 0.9462874 0.2047181
vn 0.3494369 0.9234291 0.1586047
vn 0.4651936 0.882931 0.06295967
vn 0.5969421 0.7982727 -0.07983642
vn 0.2080141 0.8583636 0.4689474
vn 0.2329173 0.9122898 0.3368023
vn 0.3571276 0.8415479 0.4052553
vn 0.3548997 0.8830226 0.3070467
vn 0.4977569 0.8381603 0.2229377
vn 0.66039 0.7260964 -0.191351
vn 0.788995 0.6120182 -0.05355995
vn 0.7647939 0.6078372 -0.2135685
vn 0.8570818 0.5033113 -0.1098971
vn 0.8329417 0.497177 -0.2428358
vn -0.5006256 0.690817 0.5215919
vn -0.4842372 0.6952117 0.5311747
vn 0.6500138 0.755089 0.08536022
vn 0.9215674 0.3655812 -0.1305581
vn 0.9727165 0.1691641 -0.1585437
vn 0.9748833 0.1767022 0.1355327
vn 0.911069 0.1547594 0.3820307
vn 0.7466048 0.6382336 -0.1876277
vn 0.9216895 0.07327491 0.3809015
vn 0.8477737 0.06649982 0.5261086
vn 0.7312235 0.6732994 0.1093478
vn 0.8098087 0.5836665 0.05887019
vn 0.7374188 0.6671041 0.1054414
vn 0.8143559 0.5741752 0.08429211
vn 0.6372875 0.6763817 0.3691824
vn 0.6268502 0.675222 0.3887143
vn 0.7099215 0.5518662 0.4375134
vn 0.4984893 0.6318247 0.5934935
vn 0.4425184 0.6177862 0.6499832
vn 0.4912564 0.490585 0.7196875
vn 0.3293252 0.4022035 0.8542436
vn 0.6898404 0.2499771 0.6794031
vn 0.5673391 -0.5059053 0.6497391
vn 0.7330851 -0.5625782 0.3821527
vn 0.7348552 -0.5535142 0.3918271
vn 0.7601245 -0.5079196 0.4051637
vn 0.738609 -0.05014187 0.6722312
vn 0.7415083 0.003112852 0.6708884
vn 0.7673574 0.003082334 0.6411634
vn 0.7968688 0.5803095 0.1678212
vn 0.7722709 0.6157109 0.1562852
vn 0.7694632 0.6249275 0.1316568
vn 0.7702872 0.579516 0.2659993
vn 0.7425459 0.595233 0.3070162
vn 0.7471237 0.5987122 0.2886136
vn 0.7514573 0.6107059 0.2495498
vn 0.7505417 0.6227912 0.2208319
vn 0.7645497 0.6177862 0.1837519
vn 0.7363201 0.5901669 0.3308817
vn 0.7410504 0.563158 0.3655507
vn 0.7339397 0.5755181 0.3606677
vn 0.727897 0.4875637 0.4820399
vn 0.7303079 0.5030061 0.4621418
vn 0.7601245 0.5082553 0.4047365
vn 0.7350078 0.5112766 0.4452956
vn 0.737785 0.5399029 0.4051332
vn 0.7316508 0.5572069 0.3926512
vn 0.7322001 0.5625782 0.3838618
vn 0.7503891 0.4208197 0.5096896
vn 0.7285379 0.4611957 0.5064547
vn 0.7332987 0.4900968 0.4711753
vn 0.717185 0.3809626 0.5834834
vn 0.7108066 0.3945738 0.5822626
vn 0.7322611 0.4237495 0.5330668
vn 0.7333598 0.4409925 0.5173803
vn 0.7353129 0.252205 0.629017
vn 0.7252418 0.2920011 0.6234626
vn 0.7249977 0.3318278 0.6035035
vn 0.724662 0.3218787 0.6092715
vn 0.7256386 0.3398846 0.5982238
vn 0.7314066 0.2040773 0.6506546
vn 0.7310099 0.2476882 0.6357921
vn 0.729545 0.2729576 0.6270638
vn 0.7355571 0.149327 0.6607562
vn 0.7381817 0.1780145 0.6506546
vn 0.7497788 0.170629 0.6392712
vn 0.7379071 0.1067537 0.6663717
vn 0.7618336 0.08493298 0.64214
vn 0.744499 0.07788324 0.6630451
vn 0.7333598 0.04553359 0.6782739
vn 0.7602466 -0.09036529 0.6432691
vn 0.744499 -0.07788324 0.6630451
vn 0.7507858 -0.1698355 0.6382946
vn 0.7381817 -0.1780145 0.6506546
vn 0.7350688 -0.1493576 0.6613056
vn 0.7374188 -0.1067232 0.666921
vn 0.7366558 -0.2518998 0.6275826
vn 0.7289956 -0.245674 0.6388745
vn 0.726188 -0.2074953 0.6554155
vn 0.72219 -0.3202612 0.6130558
vn 0.7201148 -0.2953886 0.6277657
vn 0.729545 -0.2729576 0.6270638
vn 0.717185 -0.3809626 0.5834834
vn 0.7215491 -0.3613086 0.5905942
vn 0.7253639 -0.3313089 0.6033509
vn 0.7256386 -0.3398846 0.5982238
vn 0.7314982 -0.4247871 0.5332804
vn 0.7101352 -0.394055 0.5833919
vn 0.7504501 -0.4212164 0.5092624
vn 0.711478 -0.4046144 0.5745109
vn 0.6712241 -0.3192846 0.6689352
vn 0.7334209 -0.4899442 0.4711447
vn 0.7289651 -0.5035859 0.4636067
vn 0.7266152 -0.4886929 0.4828944
vn 0.7266457 -0.4624775 0.5080111
vn 0.7333598 -0.4409925 0.5173803
vn 0.7373577 -0.5405744 0.4050416
vn 0.73455 -0.5112766 0.4460585
vn 0.7510606 -0.6111942 0.2496109
vn 0.7468795 -0.5988342 0.2889798
vn 0.7705008 -0.5785699 0.2673727
vn 0.7368999 -0.5987427 0.3137302
vn 0.7405622 -0.5643788 0.3646656
vn 0.7327189 -0.5959349 0.3285623
vn 0.733604 -0.5757012 0.3610645
vn 0.797174 -0.5796076 0.1688589
vn 0.7597583 -0.6221809 0.1886959
vn 0.746086 -0.6289865 0.2183904
vn 0.7854244 -0.6125065 0.08886986
vn 0.764275 -0.6316416 0.1298562
vn 0.7722709 -0.6157109 0.1562852
vn 0.8144475 -0.571276 0.1011688
vn 0.8243355 -0.5577563 0.09653002
vn 0.7090671 -0.553209 0.4371472
vn 0.6724448 -0.5391705 0.5069735
vn 0.6277047 -0.5223548 0.577105
vn 0.493057 -0.4882351 0.7200537
vn 0.405591 -0.4709922 0.7833491
vn 0.2173833 -0.4404431 0.8710288
vn 0.3123264 -0.455977 0.833369
vn 0.1208838 -0.4219794 0.8984954
vn -0.4686728 -0.2630695 0.843257
vn -0.4556108 -0.2519608 0.8537553
vn 0.2096316 -0.2659688 0.9408857
vn 0.3282876 -0.4038209 0.8538774
vn 0.4173101 -0.4167302 0.8075503
vn 0.5111851 -0.3734245 0.7740715
vn 0.5911741 -0.377575 0.7126682
vn 0.6882229 -0.2518693 0.6803491
vn 0.6715293 0.3198645 0.6683248
vn 0.5917844 0.3781548 0.7118442
vn 0.5863826 0.3003327 0.7522813
vn 0.4163945 0.4168523 0.807947
vn 0.5032503 0.4295175 0.7498093
vn 0.5063021 0.3748283 0.7766045
vn 0.2136601 0.4389783 0.8727073
vn -0.4620807 0.2326425 0.855739
vn 0.1236305 0.4194769 0.8992889
vn 0.1986144 0.5772882 0.7919858
vn 0.1622363 0.5739006 0.8026673
vn 0.1281472 0.5657827 0.8145085
vn 0.08847314 0.5654164 0.8200019
vn -0.4571673 0.2570269 0.8514054
vn 0.07681506 0.5491195 0.8321787
vn -0.4625385 0.3370769 0.8200019
vn 0.2727134 0.5880612 0.7614063
vn 0.311655 0.4554582 0.8339183
vn 0.3369854 0.6006959 0.7249367
vn 0.4070864 0.4723045 0.7817621
vn 0.3627125 0.6078677 0.7063204
vn 0.3893246 0.6075625 0.6922819
vn 0.5665151 0.506241 0.6501663
vn 0.5240638 0.6402783 0.5615711
vn 0.5839412 0.6573382 0.4763024
vn 0.5658132 0.6536149 0.5025788
vn 0.6278573 0.5215613 0.5776849
vn 0.5451216 0.6452528 0.5352031
vn 0.615009 0.6681417 0.4186834
vn 0.5998108 0.6653951 0.4443495
vn 0.6730858 0.5379498 0.5074618
vn 0.6762291 0.6906339 0.2562944
vn 0.6724753 0.6830958 0.2847988
vn 0.6560869 0.6802576 0.3267312
vn 0.6444289 0.680868 0.3479415
vn 0.7169713 0.6819361 0.1444746
vn 0.7042146 0.6896573 0.1684927
vn 0.7014679 0.6867886 0.1903744
vn 0.6886807 0.6874905 0.2302621
vn 0.8244881 0.5583667 0.0916776
vn 0.794641 0.6015198 0.08163696
vn 0.6420484 -0.4618671 0.6118656
vn 0.5786004 -0.4461196 0.6827601
vn 0.5030671 -0.4293649 0.7500229
vn 0.6915189 -0.4761193 0.543199
vn 0.6574908 -0.3913999 0.643788
vn 0.585223 -0.3216956 0.7443159
vn 0.6915189 0.4761193 0.543199
vn 0.711478 0.4046144 0.5745109
vn 0.7215491 0.3613086 0.5905942
vn 0.2340769 0.258034 0.937315
vn 0.5786004 0.4461196 0.6827601
vn 0.6574908 0.3913999 0.643788
vn 0.6420484 0.4618671 0.6118656
vn -0.8571429 0 0.5150304
vn -0.4674215 0.4661702 0.7511216
vn -0.8572039 0 0.5149388
vn -0.5140843 0.4885403 0.7049471
vn -0.8571429 0 0.5150304
vn -0.8571734 0 0.5149694
vn -0.8571734 -6.1037e-05 0.5149999
vn -0.8571734 0 0.5149999
vn -0.8571734 0 0.5149999
vn 0.0180059 0.9894406 0.1437727
vn 0.03753775 0.9631031 0.2664266
vn 0.03024381 0.9697256 0.2421948
vn -0.2059084 0.7976623 0.5668508
vn 0.4411146 0.8850063 0.1488083
vn 0.1198157 0.9847713 0.1258888
vn 0.1301614 0.9831538 0.1281472
vn 0.06341743 0.8229926 0.5644704
vn 0.08630633 0.82284 0.5616322
vn 0.1313211 0.8273263 0.5460982
vn 0.1768547 0.8323313 0.5252541
vn 0.2147282 0.8386791 0.5004425
vn 0.244789 0.8418226 0.4810022
vn 0.2784814 0.8465834 0.4535661
vn 0.3126011 0.8526567 0.4185613
vn 0.3404645 0.8585467 0.383282
vn 0.3634144 0.8644979 0.347148
vn 0.3815119 0.8701132 0.3119297
vn 0.393231 0.8752098 0.2816858
vn 0.4029969 0.8785058 0.2565081
vn 0.4227424 0.8839687 0.1995605
vn 0.4131596 0.881344 0.229133
vn 0.3415021 0.9309977 0.1288186
vn 0.4320811 0.8850063 0.1733451
vn 0.1282082 0.9827265 0.1332438
vn 0.1258278 0.9821772 0.1394085
vn 0.1233863 0.9814447 0.1463362
vn 0.1210058 0.9806208 0.1539658
vn 0.1180456 0.9798273 0.1610462
vn 0.1154515 0.9790338 0.1676076
vn 0.1128269 0.9779351 0.1757255
vn 0.1082491 0.9767449 0.1850337
vn 0.1023285 0.9754936 0.1946165
vn 0.09506511 0.9742729 0.2042298
vn 0.08630633 0.9730827 0.2135685
vn 0.07721179 0.9723808 0.2202215
vn 0.06921595 0.9717399 0.2255318
vn 0.05960261 0.9706717 0.2328257
vn 0.04763936 0.9700309 0.2381664
vn 0.03601181 0.9695425 0.2422254
vn -0.9204993 0 0.390698
vn -0.9205298 -0.002594053 0.3906064
vn -0.7001251 0.6058534 0.3777886
vn -0.9205017 5.97573e-05 0.3907385
vn -0.9205017 5.97573e-05 0.3907385
vn -0.9205017 5.97573e-05 0.3907385
vn -0.7990661 -0.09982603 -0.5928526
vn -0.2662129 0.5984069 -0.7556383
vn -0.1972106 0.5839717 -0.7874386
vn -0.1551256 0.6053652 -0.7806635
vn -0.07107758 0.6126896 -0.7871029
vn -0.01742607 0.990112 0.1391339
vn 0.347972 0.6458022 -0.6795862
vn 0.7439192 0.3115634 -0.5911741
vn 0.08563494 -0.1257362 0.9883419
vn 0.04403817 0.8989837 0.4357433
vn 0.08563494 -0.1256447 0.9883419
vn 0.01629686 0.3996399 0.9165014
vn 0.01620531 0.4474014 0.8941618
vn -0.01803642 0.3921629 0.9197058
vn -0.02728354 0.4394665 0.8978241
vn -0.11948 0.3682668 0.9219947
vn 0.1132847 0.9356365 0.3342387
vn 0.20777 0.631428 0.7470626
vn 0.1230506 0.9833064 0.1339152
vn 0.01742607 0.9920347 0.1245765
vn 0.01742607 0.9920347 0.1245765
vn 0.01742607 0.9920347 0.124607
vn 0.01794487 0.9922178 0.1231421
vn 0.124485 0.9441511 0.305063
vn 0.2680135 0.8312937 0.4868923
vn 0.01745659 0.9920347 0.1245765
vn 0.01742607 0.9920347 0.1245765
vn 0.01742607 0.9920347 0.1245765
vn 0.01745659 0.9922483 0.1229285
vn 0.01794487 0.9924314 0.1213111
vn 0.01742607 0.9920347 0.1245765
vn 0.01742607 0.9920347 0.1245765
vn 0.01742607 0.9920347 0.1245765
vn 0.01742607 0.9920347 0.1245765
vn 0.01742607 0.9920347 0.1245765
vn 0.01742607 0.9920347 0.1245765
vn 0.01986753 0.9880368 0.1528367
vn 0.01745659 0.9920042 0.1247596
vn 0.01742607 0.9920347 0.1245765
vn 0.01745659 0.9920042 0.1248817
vn 0.458388 0.8780786 0.1372722
vn 0.602588 0.000122074 0.7980285
vn 0.6022828 0.05117952 0.7965942
vn 0.352916 0.9339274 0.05648976
vn 0.3464766 0.9288919 0.1305581
vn 0.6286203 0.7749871 0.0644856
vn 0.6158635 0.7761467 0.1351054
vn 0.609241 0.7693106 0.1922361
vn 0.3449812 0.9177221 0.1968443
vn 0.3443709 0.9024628 0.2587054
vn 0.3441877 0.8863186 0.3097018
vn 0.6040529 0.7593311 0.2418591
vn 0.601001 0.7473983 0.2830897
vn 0.5989868 0.7302774 0.3284097
vn 0.5966979 0.7066866 0.380108
vn 0.3451948 0.8635212 0.3675954
vn 0.3461104 0.8323008 0.432905
vn 0.3465682 0.8034608 0.4840541
vn 0.5940123 0.6860866 0.4199957
vn 0.5934324 0.6682333 0.4485915
vn 0.5931578 0.6418958 0.4858547
vn 0.3469954 0.7802973 0.5202795
vn 0.3489486 0.7458419 0.5673391
vn 0.5918149 0.6075015 0.5297403
vn 0.591052 0.5686514 0.572039
vn 0.3501999 0.6994232 0.6230049
vn 0.3512986 0.6485794 0.6751915
vn 0.3518174 0.5964843 0.7213965
vn 0.5904111 0.5298013 0.6088138
vn 0.5904416 0.4875637 0.6431165
vn 0.3531907 0.542497 0.7621693
vn 0.3543504 0.486404 0.7986389
vn 0.5898007 0.4444715 0.6741844
vn 0.5912046 0.3977782 0.7015595
vn 0.3548082 0.4269234 0.831721
vn 0.5915403 0.3530076 0.7248451
vn 0.3559374 0.3720816 0.8572039
vn 0.3580431 0.323954 0.8756676
vn 0.5927 0.3126927 0.7422102
vn 0.5946531 0.2641377 0.7593311
vn 0.5966063 0.2102725 0.7744683
vn 0.5990784 0.1560716 0.7853023
vn 0.3595996 0.2666707 0.8941618
vn 0.3617664 0.2067323 0.9090243
vn 0.3629872 0.1498458 0.9196448
vn 0.600879 0.1034882 0.7925962
vn 0.3643299 0.09619432 0.9262673
vn 0.3651235 0.04672384 0.9297769
vn 0.3653066 0.000122074 0.9308756
vn 0.6166875 -0.7752007 0.1368755
vn 0.6276437 -0.7757805 0.06476026
vn 0.3567003 -0.9324625 0.05722218
vn 0.1188085 -0.9919431 0.04367196
vn 0.3476058 -0.9285256 0.1301919
vn 0.3457747 -0.9171118 0.1982787
vn 0.3458663 -0.9020661 0.258095
vn 0.3442183 -0.8864406 0.3093051
vn 0.3454085 -0.863094 0.3683584
vn 0.5999329 -0.7294534 0.3284707
vn 0.6020997 -0.7465743 0.2829371
vn 0.6052736 -0.7582934 0.2420117
vn 0.610126 -0.7687308 0.1917478
vn 0.3474227 -0.8319956 0.4324778
vn 0.3474838 -0.7799005 0.5204932
vn 0.347148 -0.8037355 0.483169
vn 0.5935545 -0.6681417 0.4485915
vn 0.5946837 -0.6855983 0.4198431
vn 0.5975829 -0.7063509 0.3793756
vn 0.3497421 -0.746025 0.5666677
vn 0.3508408 -0.6994537 0.6226081
vn 0.591876 -0.6071658 0.530076
vn 0.593585 -0.6421705 0.4850001
vn 0.3524582 -0.6484573 0.6747032
vn 0.3533433 -0.5963011 0.7207862
vn 0.5901364 -0.5292215 0.6096072
vn 0.5909605 -0.5695059 0.571276
vn 0.3541368 -0.5431684 0.7612537
vn 0.5891904 -0.4437391 0.6751915
vn 0.5899228 -0.4887234 0.6427198
vn 0.3556322 -0.4857631 0.7984253
vn 0.3569139 -0.4269539 0.8308359
vn 0.5895566 -0.3980224 0.7028413
vn 0.356975 -0.3723868 0.8566546
vn 0.591937 -0.3124485 0.7429121
vn 0.5906552 -0.3533433 0.7253944
vn 0.3589892 -0.3237404 0.8753624
vn 0.3603931 -0.2674032 0.8936125
vn 0.596118 -0.209418 0.7750481
vn 0.5937376 -0.2646565 0.7598499
vn 0.3646656 -0.09628587 0.9261147
vn 0.3633534 -0.1489914 0.9196448
vn 0.3616138 -0.2063661 0.9091769
vn 0.598529 -0.1562242 0.785699
vn 0.6006653 -0.1029694 0.7928099
vn 0.6020997 -0.05105745 0.7967467
vn 0.3650624 -0.04635757 0.9298074
vn -0.9947687 7.40646e-06 0.1021538
vn -0.9947687 7.40646e-06 0.1021538
vn -0.9947687 7.40646e-06 0.1021538
vn -0.03490352 0.9993907 0
vn -0.03490352 0.9993907 0
vn -0.03490352 0.9993907 0
vn -0.03489983 0.9993907 0
vn -0.03489983 0.9993907 0
vn -0.03489983 0.9993907 0
vn -0.03489983 -0.9993909 0
vn -0.03489983 -0.9993909 0
vn -0.03489983 -0.9993909 0
vn -0.03509628 0.01373332 0.9992676
vn -0.7024446 0.1997742 0.6830653
vn -0.03491312 0.01217687 0.9992981
vn -0.7126072 0.1809747 0.6777856
vn -0.0348826 0.008606195 0.9993286
vn -0.719718 0.1375774 0.6804712
vn -0.7219154 -0.1120945 0.6827906
vn -0.7140111 -0.1299783 0.6879177
vn -0.03503525 -0.008056879 0.9993286
vn -0.7140111 -0.1300088 0.6879177
vn -0.03485208 -0.009765923 0.9993286
vn -0.7167272 -0.1511887 0.6807154
vn -0.03540146 -0.0134586 0.9992676
vn -0.7107761 -0.1873226 0.6779687
vn -0.03515732 -0.01437419 0.9992676
vn -0.7005829 -0.2050843 0.6834315
vn -0.7004609 -0.2051759 0.6835231
vn 0.9999695 -0.006561458 0.001342773
vn 1 -3.05185e-05 6.1037e-05
vn 0.8311411 0.001647949 0.5560473
vn 0.8215278 -0.157567 0.5478988
vn 0.9994507 -0.03295993 0.000885037
vn 0.8489334 -0.1260109 0.5132298
vn 0.9995728 -0.02899253 0.002838194
vn 0.8270821 -0.1091647 0.5513474
vn 0.9998169 -0.01876884 0.000457778
vn 0.8117924 -0.01608324 0.5836665
vn 0.8627583 -0.03271579 0.5045015
vn 0.999939 -0.00866723 0.001800537
vn 0.8628804 -0.03274631 0.5042878
vn 0.9999085 -0.01202428 0.000244148
vn 0.8173772 -0.0554521 0.5733513
vn 0.8588519 -0.07235938 0.5070345
vn 0.8202155 -0.09936827 0.5633412
vn 0.995819 -0.09118926 0.000671407
vn 0.7488632 -0.5956298 0.2904751
vn 0.7538377 -0.6035951 0.2595905
vn 0.9954833 -0.09466838 0.000518815
vn 0.7317423 -0.6412244 0.2309641
vn 0.9949339 -0.100528 0.000122074
vn 0.736198 -0.6461379 0.201178
vn -0.05847346 0.7423933 -0.6673788
vn -0.1304666 0.01467937 -0.9913328
vn -0.04309213 0.7619251 -0.6461684
vn -0.773217 0.02856528 -0.6334727
vn 0.9981994 0.05972468 0.000671407
vn 0.815302 0.3317362 0.4745323
vn 0.9986572 0.0514847 0.000854518
vn 0.8235115 0.09677416 0.5589465
vn 0.9999085 0.01336705 -0.000274667
vn 0.9997254 0.02328562 0.000183111
vn 0.842555 0.1076388 0.5277261
vn 0.9994812 0.03100675 0.004333615
vn 0.8282418 0.1759697 0.5319681
vn 0.8003479 0.2848903 0.5274819
vn 0.8253121 0.2667317 0.4976654
vn 0.9989013 0.04675436 0.000762963
vn 0.8332469 0.249855 0.4931486
vn 0.9991455 0.0408948 0.001647949
vn 0.8153935 0.2238532 0.5338298
vn 0.8506425 0.06836146 0.5212256
vn 0.8174993 0.05484175 0.5732902
vn 0.8535112 0.03707998 0.5197302
vn 0.999939 0.008636713 -0.001312255
vn 0.9999695 0.004943966 0
vn 0.8534501 0.03707998 0.5198218
vn 0.819361 0.01861625 0.572924
vn 0.1399884 0.04434335 0.9891354
vn 0.1771294 0.005981624 0.9841609
vn 0.1678212 0.04715108 0.9846797
vn 0.2044435 0.0216071 0.9786065
vn 0.2276681 0.02246159 0.9734489
vn 0.2057863 0.05142366 0.9772332
vn 0.3134861 0.02581864 0.9492172
vn 0.3372905 0.01226842 0.9412824
vn 0.350322 0.05233919 0.9351482
vn 0.3673818 0.02722251 0.9296548
vn 0.3870968 0.01965391 0.9218116
vn 0.4120304 0.05316323 0.9096042
vn 0.255501 0.02185124 0.9665517
vn 0.2821741 0.00527966 0.9593188
vn 0.2937712 0.04892116 0.9545885
vn 0.06866663 0.9901731 0.1217383
vn 0.06463819 0.9895017 0.1291238
vn 0.09121978 0.9632862 0.2524186
vn 0.8342845 0.2055727 0.5115208
vn 0.3837397 0.2766503 0.8810083
vn 0.3555712 0.4890896 0.7964416
vn 0.7259133 0.657857 0.2005371
vn 0.727897 0.6622211 0.1776482
vn 0.163213 0.9341716 0.3172094
vn 0.1345561 0.112949 0.9844356
vn -0.6193426 0.06024348 0.7827693
vn 0.1356242 0.04165774 0.9898679
vn -0.6253548 0.0424512 0.7791376
vn -0.6182135 0.0255745 0.7855769
vn 0.1331523 0.1843623 0.9737846
vn -0.6186712 0.09903252 0.7793512
vn -0.6259041 0.07724231 0.7760552
vn 0.1308023 0.2671896 0.9547106
vn -0.6270028 0.1672719 0.7608265
vn -0.6180608 0.1449324 0.7726371
vn -0.6263924 0.118839 0.7703482
vn -0.6180608 0.196234 0.7612232
vn -0.6188238 0.250618 0.744438
vn 0.1278115 0.3610645 0.9237343
vn -0.630604 0.2755211 0.7255165
vn -0.6205329 0.3102512 0.7201758
vn 0.1236305 0.4645833 0.8768273
vn -0.6335032 0.33549 0.6971954
vn -0.6227302 0.3729057 0.6878262
vn 0.117191 0.5726798 0.811304
vn -0.6368297 0.3975036 0.6605731
vn -0.6252937 0.4378491 0.6459548
vn 0.1084628 0.6781213 0.7268593
vn -0.6407666 0.4613483 0.6136357
vn -0.6289255 0.5025178 0.5931883
vn 0.09891045 0.7725151 0.6272164
vn -0.6454665 0.5233314 0.5562609
vn 0.08859521 0.8506119 0.5182348
vn -0.6420484 0.5906552 0.4887234
vn -0.637257 0.551561 0.538194
vn 0.07773059 0.9089328 0.4095889
vn -0.6447646 0.6344493 0.426252
vn -0.6554766 0.6005127 0.4578692
vn 0.06720173 0.9548631 0.2892239
vn -0.6668905 0.671926 0.3220924
vn -0.6532487 0.6682943 0.3557848
vn -0.662038 0.6431776 0.3846858
vn -0.6591082 0.6929228 0.2922452
vn -0.6648152 0.7120579 0.2256844
vn 0.05240023 0.9872738 0.1499374
vn -0.6744285 0.717185 0.1753898
vn -0.07956171 0.7505417 -0.6559649
vn -0.06479078 0.7580493 -0.6489456
vn -0.6799829 0.7228919 0.1224402
vn -0.6442152 0.7437971 0.1780755
vn -0.0563066 0.7422407 -0.667745
vn -0.09830009 0.7508469 -0.6530961
vn -0.08163696 0.7586901 -0.6462905
vn 0.0554521 0.9879147 0.1445356
vn -0.07330542 0.7521287 -0.6548967
vn -0.1305276 0.7489852 -0.649556
vn -0.1160314 0.7516404 -0.6492508
vn 0.06002986 0.9887387 0.1369365
vn -0.1089205 0.7468795 -0.6559343
vn -0.1559801 0.7524338 -0.6399121
vn -0.1346171 0.7523118 -0.6448561
vn -0.1295205 0.7491379 -0.6495865
vn -0.1833246 0.7529832 -0.6319468
vn -0.1762749 0.7416303 -0.647206
vn -0.1770684 0.7414777 -0.647145
vn -0.2229377 0.7574389 -0.6136052
vn -0.2270272 0.7470626 -0.6247749
vn 0.07345801 0.990875 0.1127048
vn -0.2009949 0.7548753 -0.6242561
vn -0.1993468 0.7491074 -0.6317026
vn -0.2888882 0.7370525 -0.6109501
vn -0.2598651 0.7522813 -0.6053957
vn 0.07254248 0.9927671 0.09561449
vn -0.2600787 0.7428205 -0.6168707
vn 0.07663196 0.9916685 0.1034577
vn -0.2595905 0.7417524 -0.6183661
vn -0.2466201 0.7453536 -0.6193426
vn 0.6851711 0.7264931 0.0520035
vn 0.6778161 0.7338481 0.04458749
vn -0.2886441 0.7350688 -0.6134526
vn 0.6808985 0.7320475 0.02059996
vn 0.1197851 0.9703665 0.2098147
vn 0.7093417 0.6888638 0.1491134
vn 0.7142247 0.6889554 0.1230811
vn 0.2052369 0.8833582 0.421308
vn 0.2479323 0.8106632 0.5304117
vn 0.7658925 0.5579699 0.3194677
vn 0.7452926 0.5910215 0.3085116
vn 0.7477951 0.6102481 0.2614521
vn 0.7315897 0.6329539 0.2531205
vn 0.322367 0.6012452 0.7311014
vn 0.7912839 0.4287545 0.4358654
vn 0.2872707 0.7148045 0.6375316
vn 0.7805719 0.4838404 0.3956725
vn 0.7810297 0.5051119 0.3671682
vn 0.7652516 0.5342265 0.3591418
vn 0.7875607 0.3559374 0.5029756
vn 0.8107547 0.3800775 0.4451735
vn 0.3728141 0.3773308 0.8476821
vn 0.8302255 0.1409955 0.5392621
vn 0.3917661 0.1823176 0.9017915
vn 0.4054689 0.10889 0.90759
vn 0.2266609 0.01641893 0.9738152
vn 0.2451246 0.05069124 0.9681387
vn 0.2462538 0.1125217 0.9626454
vn 0.2945647 0.1122776 0.9490036
vn 0.2436903 0.1847895 0.9520554
vn 0.2914518 0.1848811 0.9385358
vn 0.2392041 0.2697836 0.9327067
vn 0.2859279 0.2705466 0.9192481
vn 0.2320322 0.3673208 0.9006623
vn 0.2769555 0.3691824 0.8870815
vn 0.2212287 0.4750206 0.85168
vn 0.2633748 0.4783471 0.8377331
vn 0.2060915 0.5873287 0.7826167
vn 0.2442396 0.5921201 0.7679067
vn 0.1866512 0.695822 0.6935026
vn 0.2196417 0.7016205 0.6778161
vn 0.1638538 0.7913144 0.5890073
vn 0.1908932 0.7973266 0.5725272
vn 0.1395916 0.8673055 0.4777367
vn 0.1605274 0.8726463 0.4611652
vn 0.1160314 0.9219947 0.369335
vn 0.1312906 0.9261147 0.353618
vn 0.09997862 0.9658803 0.2388684
vn -0.197943 0.7451705 -0.6367992
vn -0.1978515 0.7486801 -0.6326792
vn 0.3496201 0.1120945 0.9301431
vn 0.3458968 0.1850032 0.9198279
vn 0.3392132 0.2713401 0.9006928
vn 0.3281655 0.3711051 0.8686484
vn 0.3113193 0.4817041 0.8191473
vn 0.2874844 0.5969726 0.7489547
vn 0.2568132 0.7074496 0.6584063
vn 0.2211066 0.8032777 0.5529954
vn 0.1836603 0.8778954 0.4422132
vn 0.1478927 0.9300821 0.3362224
vn 0.1102328 0.9681692 0.2246162
vn 0.7040925 0.7014985 0.1100497
vn 0.6677145 0.7347026 0.1196936
vn 0.7004914 0.7098605 0.07321387
vn 0.1341593 0.01092559 0.990875
vn 0.1662954 0.1128269 0.9795832
vn 0.2037721 0.1127048 0.9725028
vn 0.1646474 0.1844844 0.9689322
vn 0.2016968 0.1846675 0.9618518
vn 0.1619006 0.2680441 0.949675
vn 0.1981567 0.2689596 0.9425337
vn 0.1576281 0.3633229 0.9182104
vn 0.1925413 0.3653676 0.9107028
vn 0.1512802 0.4681539 0.870571
vn 0.1841182 0.471633 0.862331
vn 0.1425214 0.5775323 0.8038271
vn 0.1724296 0.5824763 0.7943053
vn 0.1312296 0.6839198 0.7176122
vn 0.1573839 0.6899014 0.706534
vn 0.1178625 0.7789545 0.6158635
vn 0.1396832 0.7851802 0.6032594
vn 0.1034577 0.8562578 0.5060579
vn 0.1207007 0.8618427 0.4925687
vn 0.08911401 0.9133885 0.3971679
vn 0.1020539 0.9177526 0.3837702
vn 0.07312232 0.957976 0.2773217
vn 0.08163696 0.9606006 0.2655721
vn -0.1089205 0.7468184 -0.6559954
vn -0.6184271 0.005615353 0.7857906
vn -0.9947508 0 0.1021454
vn -0.6192511 -0.3307901 0.7120884
vn -0.9947508 0 0.1021454
vn -0.6220282 -0.2134159 0.7533189
vn -0.9947508 0 0.1021454
vn -0.6285287 -0.2279122 0.743614
vn -0.6179082 -0.2637715 0.7406537
vn -0.9947508 0 0.1021149
vn -0.9947508 0 0.1021149
vn -0.9947508 0 0.1021454
vn -0.6268807 -0.1644337 0.7615589
vn -0.9947508 0 0.1021149
vn -0.9947508 0 0.1021149
vn -0.9947508 0 0.1021454
vn -0.6170232 -0.1395001 0.7744683
vn -0.6262093 -0.1106601 0.7717216
vn -0.9947508 0 0.1021454
vn -0.9947508 0 0.1021454
vn -0.6172674 -0.08740496 0.7818537
vn -0.6254463 -0.06228822 0.7777642
vn -0.9947508 0 0.1021454
vn -0.9947508 0 0.1021454
vn -0.9947508 0 0.1021454
vn -0.6180914 -0.04235965 0.7849361
vn -0.6251106 -0.02166813 0.7802057
vn -0.9947508 0 0.1021149
vn -0.619129 -0.009613275 0.7851802
vn -0.9947508 0 0.1021149
vn 0.2044435 -0.0216071 0.9786065
vn 0.1771294 -0.005981624 0.9841609
vn 0.1691641 -0.04763936 0.9844051
vn 0.1522263 -0.02142399 0.9880978
vn 0.1279946 -0.002746641 0.99176
vn 0.132725 -0.04568618 0.9900815
vn 0.05990779 -0.9887081 0.1373028
vn 0.0650044 -0.9894101 0.1296121
vn 0.09137237 -0.9630726 0.2531815
vn 0.3217566 -0.03997921 0.9459517
vn 0.2821741 -0.00527966 0.9593188
vn 0.2950224 -0.04831075 0.9542528
vn 0.255501 -0.02185124 0.9665517
vn 0.2276986 -0.01559495 0.9736015
vn 0.2456129 -0.05105745 0.9680166
vn -0.08273565 -0.7542039 -0.6513871
vn -0.08819848 -0.7514573 -0.6538286
vn 0.0557878 -0.9878231 0.145024
vn 0.6871853 -0.7248146 0.04879909
vn 0.699057 -0.7119969 0.0661031
vn 0.07016205 -0.9928892 0.09601122
vn 0.3855708 -0.01727342 0.922483
vn 0.4298532 -0.0509659 0.9014253
vn 0.4202399 -0.1107822 0.9006012
vn 0.4011658 -0.1861019 0.896878
vn 0.3883786 -0.2714927 0.8805811
vn 0.8437147 -0.1777092 0.5065157
vn 0.8192694 -0.2188177 0.5299844
vn 0.3715018 -0.3721732 0.8505508
vn 0.8358715 -0.2384716 0.4943999
vn 0.3476364 -0.4873501 0.8009888
vn 0.8218635 -0.30253 0.4826807
vn 0.8135625 -0.2840358 0.5073397
vn 0.8354442 -0.2393261 0.494705
vn 0.3215125 -0.6020386 0.7308573
vn 0.8026368 -0.4268929 0.4164861
vn 0.7961364 -0.4066286 0.4480727
vn 0.8066958 -0.343791 0.4806055
vn 0.7809992 -0.476455 0.4036683
vn 0.2846156 -0.7139806 0.639668
vn 0.7882321 -0.4938811 0.3670461
vn 0.7651296 -0.5413678 0.3485519
vn 0.2426832 -0.8098392 0.5340739
vn 0.7713553 -0.5537889 0.3134861
vn 0.1996216 -0.8835719 0.4235359
vn 0.1593371 -0.9342631 0.3188879
vn 0.7159337 -0.6766869 0.1717581
vn 0.1173742 -0.9705497 0.2102725
vn 0.7196264 -0.6786401 0.1467024
vn 0.6835536 -0.723777 0.09408855
vn 0.6336253 -0.7570117 0.1593981
vn 0.7017121 -0.7015595 0.1239662
vn 0.6815088 -0.7311624 0.02941983
vn -0.2754906 -0.7462386 -0.6059755
vn 0.3955809 -0.6076235 -0.6886807
vn 0.07644885 -0.9916685 0.1033661
vn -0.2620624 -0.742729 -0.6161382
vn -0.2615131 -0.7426679 -0.6164434
vn -0.2156743 -0.7487106 -0.6267892
vn -0.2323068 -0.742729 -0.6279489
vn -0.2437818 -0.7481918 -0.6170232
vn -0.2616352 -0.7429121 -0.6161077
vn -0.1783807 -0.7448958 -0.6428419
vn -0.1890316 -0.7486495 -0.6354259
vn 0.07330542 -0.990875 0.1128879
vn -0.2036805 -0.7439192 -0.6364635
vn -0.1417585 -0.7498093 -0.64626
vn -0.1645253 -0.7489852 -0.6417738
vn 0.06894129 -0.9901425 0.1218299
vn -0.1779534 -0.7449568 -0.6429029
vn -0.1110873 -0.7481002 -0.6541948
vn -0.1245765 -0.7520982 -0.647145
vn -0.1316568 -0.747673 -0.6508682
vn -0.08951079 -0.7509689 -0.6541643
vn -0.1035798 -0.7527695 -0.6500443
vn -0.1097751 -0.748497 -0.6539506
vn -0.06918543 -0.7490158 -0.6589251
vn -0.6210212 -0.6190069 -0.4807581
vn -0.05609297 -0.7520676 -0.6566668
vn -0.6767479 -0.7224037 0.1417585
vn 0.05365151 -0.986816 0.152562
vn -0.6823328 -0.7124241 0.1638233
vn -0.6673788 -0.6721091 0.3206885
vn -0.6606342 -0.6899625 0.2957243
vn 0.06686604 -0.9549547 0.2890408
vn -0.663686 -0.7079073 0.2415845
vn -0.66863 -0.7177954 0.1941282
vn -0.6522721 -0.6682638 0.3576769
vn 0.07864618 -0.9089022 0.4094668
vn -0.6614582 -0.6414075 0.3885922
vn -0.6452528 -0.6330149 0.4276559
vn 0.08960235 -0.8506119 0.5180517
vn -0.6553545 -0.6010926 0.4572893
vn -0.6383557 -0.5874813 0.4972991
vn 0.1003143 -0.7727287 0.6267281
vn -0.6495255 -0.5504319 0.5244911
vn -0.6318858 -0.5313578 0.5641957
vn 0.1098666 -0.6779077 0.7268593
vn -0.6436964 -0.4904019 0.5874813
vn -0.6270028 -0.4676046 0.6230049
vn 0.1174963 -0.5724662 0.8114261
vn -0.6385083 -0.4268319 0.6403699
vn -0.6225471 -0.4006165 0.6722312
vn 0.1231421 -0.4645528 0.8769189
vn -0.6341747 -0.3592944 0.6845607
vn 0.1275674 -0.3614002 0.9236122
vn 0.1308023 -0.267098 0.9547411
vn -0.6215094 -0.1816461 0.7620167
vn 0.1326639 -0.1842402 0.9738762
vn 0.1338236 -0.1128879 0.9845271
vn 0.3315225 -0.01709032 0.9432661
vn 0.2945647 -0.1123081 0.9489731
vn 0.2462538 -0.1125217 0.9626454
vn 0.2914518 -0.1849116 0.9384747
vn 0.2436597 -0.1848506 0.9520554
vn 0.2859279 -0.2706076 0.9192175
vn 0.2392041 -0.2698447 0.9327067
vn 0.2769555 -0.369274 0.887051
vn 0.2320017 -0.3673818 0.9006317
vn 0.2633442 -0.4784387 0.8376721
vn 0.2211982 -0.4750816 0.8516495
vn 0.2442396 -0.5922117 0.7678457
vn 0.206061 -0.5874203 0.7825862
vn 0.2196112 -0.7016816 0.6777551
vn 0.1866207 -0.695883 0.6934416
vn 0.1908627 -0.7973571 0.5724967
vn 0.1638233 -0.791345 0.5889768
vn 0.1604968 -0.8726463 0.4611652
vn 0.1395916 -0.8673055 0.4777367
vn 0.1312906 -0.9260842 0.353679
vn 0.1160314 -0.9219947 0.369396
vn 0.1001923 -0.9656667 0.2395703
vn -0.1322977 -0.7473068 -0.6511429
vn -0.1779534 -0.7449568 -0.6429029
vn 0.1104465 -0.9679861 0.2253181
vn 0.1478927 -0.9300516 0.3362529
vn 0.1836298 -0.8778649 0.4422132
vn 0.2210761 -0.8033082 0.5529649
vn 0.2567827 -0.7075106 0.6583758
vn 0.2874538 -0.5970336 0.7488937
vn 0.3112888 -0.4817957 0.8190863
vn 0.3281655 -0.3711966 0.8686178
vn 0.3392132 -0.2714011 0.9006928
vn 0.3459273 -0.1850337 0.9198279
vn 0.3496506 -0.112125 0.9301126
vn 0.34785 -0.04998928 0.9361858
vn 0.3673818 -0.02722251 0.9296548
vn -0.2036195 -0.7438887 -0.6364941
vn 0.07324439 -0.9577624 0.2780541
vn 0.08175909 -0.960387 0.266335
vn 0.08911401 -0.913358 0.3972289
vn 0.1020539 -0.9177221 0.3838008
vn 0.1034272 -0.8562578 0.5060579
vn 0.1206701 -0.8618427 0.4925687
vn 0.1178625 -0.778985 0.615833
vn 0.1396527 -0.7852107 0.6032289
vn 0.1311991 -0.6839808 0.7175512
vn 0.1573534 -0.6899625 0.7065035
vn 0.1424909 -0.5776239 0.8037355
vn 0.1723991 -0.5825678 0.7942748
vn 0.1512802 -0.4682455 0.8705405
vn 0.1841182 -0.4717246 0.8623005
vn 0.1575976 -0.3634144 0.9181799
vn 0.1925107 -0.3654286 0.9106723
vn 0.1619006 -0.2681051 0.949675
vn 0.1981567 -0.2690206 0.9425032
vn 0.1646474 -0.1845149 0.9689322
vn 0.2016968 -0.1847285 0.9618518
vn 0.1662954 -0.1128574 0.9795832
vn 0.2037721 -0.1127048 0.9725028
vn 0.205298 -0.05178987 0.9773247
vn 0.2266609 -0.0216071 0.9737236
vn 0.7274697 -0.5903195 0.3496811
vn 0.7899716 -0.4670553 0.3971679
vn -0.08114868 -0.4785608 0.8742638
vn 0.6862392 -0.7153233 0.1316874
vn 0.7421491 -0.6425977 0.1902829
vn -0.06772053 -0.7021393 0.7087924
vn -0.667806 -0.4592425 -0.5857418
vn -0.605121 -0.5108188 -0.6106144
vn -0.6452834 -0.7203894 0.2542192
vn -0.1267128 -0.4703513 0.8733177
vn -0.09991759 -0.6944182 0.7125767
vn -0.154271 -0.4669027 0.8707236
vn -0.15656 -0.6873074 0.7092502
vn -0.1979125 -0.4603412 0.8653829
vn -0.2362132 -0.4595477 0.8561357
vn -0.2188482 -0.6835536 0.6962798
vn -0.2707297 -0.4626911 0.844142
vn -0.3121433 -0.4727622 0.8240303
vn -0.2699972 -0.6831874 0.6784875
vn -0.3423566 -0.4660481 0.8158208
vn -0.3929563 -0.4670858 0.7920774
vn -0.310007 -0.684347 0.6599628
vn -0.417188 -0.4680929 0.7789545
vn -0.3556322 -0.6855678 0.6351817
vn -0.4504227 -0.4685202 0.7599719
vn -0.4819483 -0.4727928 0.7376629
vn -0.40318 -0.6895047 0.6016419
vn -0.5118259 -0.4729148 0.717185
vn -0.5395062 -0.4784692 0.6927702
vn -0.4414502 -0.694113 0.5685598
vn -0.5628834 -0.4769738 0.6749779
vn -0.4729759 -0.6979583 0.5376751
vn -0.5825678 -0.48146 0.6548051
vn -0.6086307 -0.4764855 0.6344188
vn -0.5051424 -0.701651 0.5024567
vn -0.6205634 -0.4846644 0.6164129
vn -0.6498917 -0.4817957 0.587756
vn -0.5362408 -0.7055574 0.4632099
vn -0.6647542 -0.4878689 0.5657216
vn -0.6900235 -0.4853358 0.5369427
vn -0.5579699 -0.7083957 0.4321726
vn -0.7032075 -0.4898526 0.5152745
vn -0.7162389 -0.4892422 0.4976043
vn -0.7395246 -0.4840541 0.4676961
vn -0.5722831 -0.7108982 0.4087344
vn -0.7605823 -0.4856715 0.4307687
vn -0.5933409 -0.7112339 0.3769036
vn -0.7713859 -0.4954375 0.3993042
vn -0.6151311 -0.7136753 0.3350322
vn -0.8295236 -0.490585 0.2667928
vn -0.8180181 -0.4968413 0.2897427
vn -0.633137 -0.7163305 0.2931608
vn -0.8109378 -0.4892117 0.3209021
vn -0.796289 -0.4809412 0.366802
vn -0.03921627 -0.8970916 0.4400769
vn -0.06265449 -0.889584 0.4524064
vn -0.09268468 -0.887051 0.4522538
vn -0.1261635 -0.886166 0.4457839
vn -0.1532639 -0.8869289 0.4357128
vn -0.1747795 -0.8877835 0.4257332
vn -0.1994995 -0.8884549 0.4132816
vn -0.2248909 -0.8906217 0.3951537
vn -0.2449415 -0.8931852 0.3770562
vn -0.2618183 -0.8952299 0.3605151
vn -0.2793359 -0.8972136 0.3419904
vn -0.2959685 -0.8995941 0.3210242
vn -0.3067415 -0.9018525 0.3042085
vn -0.3145238 -0.9033173 0.2916349
vn -0.3268837 -0.9040803 0.2752465
vn -0.3387554 -0.9061556 0.2531815
vn -0.3486434 -0.9083834 0.230781
vn -0.3548692 -0.910947 0.210242
vn -0.5316324 -0.6222724 -0.5745415
vn -0.3992736 -0.6757408 -0.6196173
vn -0.02172917 -0.974456 0.223487
vn -0.0293588 -0.9747307 0.2213813
vn -0.03714102 -0.9743645 0.2217475
vn -0.04583877 -0.9743645 0.22013
vn -0.05264443 -0.9747002 0.2171392
vn -0.05819875 -0.9749748 0.2145451
vn -0.06476026 -0.9751884 0.2116459
vn -0.07126069 -0.9757378 0.2069154
vn -0.07626575 -0.9763787 0.2020325
vn -0.08062988 -0.9768975 0.1977599
vn -0.08526867 -0.9774468 0.1930906
vn -0.08951079 -0.9781183 0.1876583
vn -0.09189122 -0.9787591 0.1830805
vn -0.09390544 -0.9791864 0.1798455
vn -0.09750664 -0.9795526 0.1758781
vn -0.1005585 -0.9802545 0.1702017
vn -0.1030915 -0.9809564 0.1644337
vn -0.1042512 -0.9816889 0.159215
vn -0.2985626 -0.7504807 -0.5895566
vn -0.09775078 -0.7744683 -0.6249886
vn 0.8370922 -0.4075747 0.3648183
vn 0.7941527 -0.4155095 0.4434034
vn -0.7395856 0.2503433 0.6247139
vn -0.6843776 0.2938322 0.6672567
vn -0.6822413 0.2518693 0.6863613
vn -0.404004 0.3117771 0.8599506
vn -0.4230781 0.3354595 0.84167
vn -0.4495071 0.4003113 0.7985168
vn -0.4449294 -0.3292947 0.8327891
vn -0.4483474 -0.3229469 0.83343
vn -0.4581744 -0.3902402 0.7985779
vn 0.7986084 -0.5247048 0.2947173
vn 0.7727592 -0.5822016 0.2527238
vn -0.08340704 -0.5385907 0.8384045
vn 0.6291696 0.7537767 -0.1894589
vn 0.640553 0.7630238 -0.08624529
vn -0.147679 0.8241218 0.5468001
vn 0.8116703 0.4634541 0.3554491
vn 0.80459 0.3894772 0.4482253
vn -0.1140171 0.4035767 0.9078036
vn 0.7643666 0.6175115 0.1853999
vn 0.7886899 0.5552538 0.2638325
vn -0.07968378 0.5472579 0.8331248
vn 0.7908872 0.5068514 0.3428449
vn 0.6708884 0.739494 -0.05514693
vn 0.7277139 0.6815088 0.07690662
vn 0.7322611 0.6658834 0.1425519
vn 0.5771661 0.7472763 -0.3292337
vn 0.5948668 0.7487106 -0.2924283
vn -0.108829 0.9797663 0.1677907
vn 0.5989563 0.769921 -0.2200689
vn -0.1399884 0.9167455 0.3740959
vn -0.1219825 -0.9733268 0.1941587
vn -0.1330912 -0.9195227 0.3697928
vn -0.1043428 -0.9820551 0.1568956
vn 0.5907163 -0.765923 -0.2537004
vn -0.1082797 -0.9853206 0.1317179
vn 0.5858944 -0.7478561 -0.3121128
vn 0.6567583 -0.7533189 -0.03387552
vn 0.6470534 -0.7539903 -0.1131321
vn 0.615009 -0.7520982 -0.2368236
vn -0.06857508 -0.718955 0.6916105
vn 0.7086703 -0.7011933 0.07785272
vn 0.6920377 -0.7218238 0.00338751
vn -0.1394085 -0.8276925 0.5435346
vn 0.7807245 -0.5921506 0.19953
vn 0.7307657 -0.6753441 0.09921562
vn -0.155919 -0.3906369 0.9072237
vn -0.1101718 -0.3897213 0.914304
vn 0.8270821 -0.4190191 0.3745842
vn 0.8216499 -0.3671072 0.4359874
vn -0.8690146 -0.06237983 0.4907987
vn -0.8683127 -0.05639815 0.4927213
vn -0.864803 -0.06308174 0.4981231
vn -0.8721885 -0.03665268 0.4877468
vn -0.8649556 0.001220703 0.5017853
vn -0.8711203 -0.007782161 0.4909512
vn -0.8566546 -0.1835688 0.4821009
vn -0.8577532 -0.1444135 0.4933012
vn -0.8493912 -0.2222357 0.4786523
vn -0.8333384 -0.2570269 0.4893338
vn -0.8345592 -0.2635579 0.4837183
vn -0.8629719 -0.1496017 0.4825282
vn -0.8734092 -0.099002 0.4767296
vn -0.774102 -0.4275338 0.4668111
vn -0.7839289 -0.3645436 0.5025178
vn -0.716422 -0.5143589 0.4713279
vn -0.724601 -0.4455702 0.5256813
vn -0.607654 -0.7470626 0.2693564
vn -0.2861415 -0.9335612 0.2156438
vn -0.3548692 -0.8803369 0.3147374
vn -0.4053773 -0.7937864 0.4533219
vn -0.5754876 -0.6999115 0.422956
vn -0.6077761 -0.6204718 0.4955595
vn -0.5102084 -0.787225 0.3462325
vn -0.4627217 -0.7092807 0.5317545
vn -0.4384289 -0.8231757 0.3606982
vn -0.407239 -0.8567461 0.3163854
vn -0.3539842 -0.8800013 0.316538
vn -0.5799738 -0.6905729 0.4320811
vn -0.6403699 -0.6324656 0.4357433
vn -0.6723838 -0.5789361 0.4611652
vn -0.8001343 -0.361858 0.4783471
vn -0.8226264 -0.3157445 0.4728233
vn -0.8345592 -0.2635884 0.4837183
vn -0.3138218 -0.8379467 0.4464858
vn -0.2755821 -0.9140294 0.297586
vn -0.2756432 -0.9139989 0.2976775
vn -0.3721122 -0.7273781 0.5765557
vn -0.2604449 -0.8101749 0.5251015
vn -0.2977996 -0.8559221 0.4226813
vn -0.2112186 -0.9563586 0.2017884
vn -0.1664479 -0.966094 0.1973021
vn -0.1373638 -0.9732353 0.1842097
vn -0.1462447 -0.9655751 0.2150334
vn -0.1655629 -0.9541001 0.2493057
vn -0.1473739 -0.9692679 0.1968138
vn -0.2706381 -0.7299417 0.6275826
vn -0.4018372 -0.6418348 0.6530961
vn -0.5266579 -0.5711539 0.6295663
vn -0.6342967 -0.5303812 0.5623951
vn -0.7792291 -0.1221351 0.6147038
vn -0.8058413 -0.1502426 0.5727103
vn -0.7934202 -0.1148411 0.597705
vn -0.8229316 -0.09375286 0.5603199
vn -0.8280892 -0.04220706 0.558977
vn -0.8174688 -0.0489822 0.5738701
vn -0.8157293 -0.08175909 0.5725578
vn -0.7965636 -0.1134373 0.5937681
vn -0.6715293 -0.2636189 0.692465
vn -0.6724448 -0.2623066 0.6920682
vn -0.6877346 -0.2863246 0.6670736
vn -0.6653035 -0.2574847 0.7007355
vn -0.6975616 -0.2238227 0.6806238
vn -0.7389752 -0.2400891 0.6294443
vn -0.7349162 -0.1871089 0.6518144
vn -0.7873165 -0.1430708 0.5996582
vn -0.7806635 -0.1502121 0.6065859
vn -0.7720878 -0.2022461 0.6024354
vn -0.7578356 -0.1758781 0.6282541
vn -0.7426679 -0.1926023 0.6413465
vn -0.1737723 -0.504532 0.8456984
vn -0.1617175 -0.6830043 0.712241
vn -0.3122654 -0.4466078 0.838435
vn -0.2907804 -0.6058229 0.7405316
vn -0.4308603 -0.5263222 0.7330241
vn -0.5584582 -0.3738822 0.7404706
vn -0.5581836 -0.4507279 0.696585
vn -0.6313364 -0.3100375 0.7108066
vn -0.6761376 -0.3650014 0.6399732
vn -0.5752434 -0.3016144 0.7603076
vn -0.5574511 -0.2932829 0.7766656
vn -0.5138401 -0.2594989 0.8176519
vn -0.3012482 -0.2806482 0.9112827
vn -0.1659291 -0.6738182 0.7199927
vn -0.1814935 -0.3511765 0.9185461
vn -0.1767937 -0.3698538 0.9120762
vn -0.1579943 -0.4028748 0.9014863
vn -0.1531113 -0.3963134 0.90524
vn -0.4421827 -0.3103122 0.8414869
vn -0.3600574 -0.3551744 0.8626667
vn -0.3238624 -0.2988678 0.897641
vn -0.6211432 -0.2737815 0.7342754
vn -0.665273 -0.2461622 0.704825
vn -0.6723228 0.3787958 0.6359447
vn -0.5560168 0.4672079 0.6873989
vn -0.568865 0.3447065 0.7466658
vn -0.4271981 0.5290994 0.7331461
vn -0.306589 0.4506058 0.8384045
vn -0.2861415 0.6070132 0.7413557
vn -0.1691641 0.506241 0.8456069
vn -0.1636097 0.6810511 0.7137058
vn -0.06842249 0.7234413 0.6869717
vn -0.3744621 0.3885312 0.8418836
vn -0.2696005 0.3162023 0.9095432
vn -0.1172521 0.4083682 0.90524
vn -0.1192052 0.4054384 0.9062777
vn -0.2142704 0.371868 0.9031953
vn -0.2650837 0.3490096 0.8988311
vn -0.2569048 0.3519394 0.9000519
vn -0.2696005 0.3162023 0.9095432
vn -0.591052 0.294351 0.7509689
vn -0.6484268 0.2663045 0.713126
vn -0.6310312 0.3118991 0.7102573
vn -0.6484573 0.2656942 0.7133702
vn -0.6573382 0.2719199 0.7028108
vn -0.7762993 0.2028565 0.596759
vn -0.7816095 0.1520432 0.6049074
vn -0.805475 0.1549119 0.5720084
vn -0.7856685 0.1545763 0.5989868
vn -0.8261666 0.09381389 0.5555284
vn -0.8121586 0.08261358 0.5775323
vn -0.8287606 0.04531997 0.5577258
vn -0.8077945 0.06421095 0.5859249
vn -0.7880184 0.1131626 0.605121
vn -0.793115 0.08359014 0.6032899
vn -0.8027894 0.08407849 0.590289
vn -0.7242348 0.1983093 0.66039
vn -0.7240517 0.1898556 0.6630756
vn -0.7560045 0.1697744 0.6321299
vn -0.4807276 0.295938 0.8254036
vn -0.5262306 0.2804346 0.8027284
vn -0.5391705 0.3025605 0.7859432
vn -0.5495773 0.3123264 0.7748345
vn -0.7355877 0.3215735 0.5961791
vn -0.7831355 0.2592547 0.5652028
vn -0.8188116 0.1877193 0.542436
vn -0.8389844 0.1150547 0.531785
vn -0.8456984 0.0521866 0.5310831
vn -0.8464003 0.000305185 0.532487
vn -0.82696 -0.001220703 0.562212
vn -0.8456984 -0.05273598 0.5309916
vn -0.8388012 -0.1180761 0.5314493
vn -0.8180487 -0.192175 0.5420698
vn -0.7819758 -0.2625202 0.5652638
vn -0.7347636 -0.3224586 0.5966979
vn -0.2858974 0.8555254 0.4316233
vn -0.1647084 0.9618824 0.2182378
vn -0.1597338 0.9583117 0.2367931
vn -0.1453291 0.9746391 0.1701406
vn -0.1289712 0.9718925 0.1968138
vn -0.2262947 0.9379559 0.2625812
vn -0.2263557 0.9379253 0.2626728
vn -0.309183 0.8521073 0.4221931
vn -0.2149723 0.94879 0.2313913
vn -0.1820734 0.9691458 0.1660512
vn -0.1498153 0.9742119 0.1686758
vn -0.2525712 0.8149968 0.5214698
vn -0.3736076 0.7249977 0.5785394
vn -0.465865 0.691702 0.5518052
vn -0.4317454 0.7652516 0.4774621
vn -0.4019593 0.8545183 0.3289285
vn -0.3118686 0.9203467 0.2359386
vn -0.2593768 0.929014 0.263863
vn -0.5891599 0.5619373 0.5805841
vn -0.5435652 0.6464736 0.5353252
vn -0.6499527 0.5221717 0.5521409
vn -0.6126896 0.6422315 0.4605854
vn -0.5494247 0.6990265 0.4576556
vn -0.5057222 0.7673879 0.3940855
vn -0.4804224 0.8114871 0.3325907
vn -0.4311044 0.8224738 0.370983
vn -0.4020509 0.8544267 0.3289895
vn -0.8274484 0.3263649 0.4569231
vn -0.7871029 0.3469954 0.5099338
vn -0.8302866 0.2942594 0.473281
vn -0.8331553 0.2456129 0.495468
vn -0.8322703 0.2667623 0.4859462
vn -0.8650166 0.06131166 0.4979095
vn -0.8682211 0.06006038 0.4924772
vn -0.8757286 0.07812738 0.4764245
vn -0.8574175 0.144383 0.4938811
vn -0.8851894 0.08896142 0.456618
vn -0.8619037 0.1602832 0.4810633
vn -0.8485977 0.2272713 0.4777062
vn -0.7268593 0.4341868 0.5320597
vn -0.681692 0.6780908 0.2746971
vn -0.6967071 0.5598316 0.4485
vn -0.7107151 0.5447554 0.445082
vn -0.7935118 0.3684194 0.4842982
vn -0.78399 0.4131596 0.463271
vn -0.7788324 0.446089 0.4408398
vn -0.7723014 0.4999237 0.3918882
vn -0.8725547 0.005493283 0.4884487
vn -0.8734397 0.03878897 0.4853664
vn -0.5198828 0.5722526 0.6342052
vn -0.3983276 0.6433607 0.653737
vn -0.2644124 0.7334209 0.6261788
vn -0.8205512 0.03674423 0.5703299
vn -0.8180181 0.01757866 0.5748772
vn -0.8191473 -0.009124994 0.5734733
vn -0.823603 -0.02746665 0.5664846
vn 0.0127567 0.8866543 0.4622333
vn 0.01989805 0.9417096 0.3357952
vn 0.01892143 0.8174383 0.5756707
vn 0.02206486 0.6357311 0.771569
vn 0.01892143 0.6087222 0.793115
vn 0.01440471 0.6971038 0.7167882
vn -0.05813771 0.8903775 0.4514298
vn 0.683462 0.7276834 -0.05737477
vn 0.6594745 0.746025 -0.09213536
vn 0.7202063 0.5958739 0.3552355
vn 0.7291177 0.6535539 0.202948
vn -0.09189122 0.6944182 0.7136448
vn 0.6815394 0.7186804 0.1376079
vn -0.6489456 0.7217933 0.2404553
vn -0.8331859 0.4933622 0.2497329
vn -0.8219245 0.490463 0.2895291
vn -0.6396985 0.7178869 0.2745445
vn -0.8065432 0.4953764 0.3225501
vn -0.6228828 0.7144383 0.3186438
vn -0.8031861 0.4753563 0.3589892
vn -0.7870113 0.4900357 0.3747368
vn -0.6014893 0.7119663 0.3623157
vn -0.7705008 0.4900662 0.4074831
vn -0.7491684 0.4817041 0.4546037
vn -0.5801264 0.7116611 0.3961913
vn -0.7282327 0.486404 0.4827418
vn -0.5653249 0.7089145 0.4216437
vn -0.7107761 0.4940336 0.5006867
vn -0.5427107 0.7060152 0.4549394
vn -0.6951811 0.4804529 0.5346233
vn -0.6779077 0.4865566 0.5510422
vn -0.5103915 0.7020478 0.4965667
vn -0.6521195 0.486465 0.5814082
vn -0.6266366 0.4883267 0.6073184
vn -0.4733421 0.6972564 0.538255
vn -0.6036256 0.4820704 0.6349681
vn -0.5746635 0.4838709 0.6599933
vn -0.4304636 0.6920377 0.5793939
vn -0.5475936 0.4769127 0.6874905
vn -0.5145421 0.478988 0.7111423
vn -0.3819696 0.6873379 0.6177557
vn -0.4845424 0.4718466 0.7365642
vn -0.4491409 0.4743492 0.7571032
vn -0.3357036 0.68511 0.6464431
vn -0.4242683 0.4673604 0.7755669
vn -0.2944731 0.6833705 0.6679891
vn -0.3986633 0.4683676 0.7884457
vn -0.3725089 0.466567 0.802179
vn -0.3417158 0.4572893 0.8210089
vn -0.2433851 0.6827601 0.6888943
vn -0.3123264 0.4529252 0.835017
vn -0.2294381 0.4586322 0.8584552
vn -0.1811578 0.6851406 0.7054964
vn -0.1876583 0.4623859 0.8665731
vn -0.1286355 0.6916105 0.7106845
vn 0.7826167 0.4659871 0.4127018
vn -0.1120945 0.465743 0.8777734
vn -0.1321146 0.4664754 0.8745689
vn -0.1603137 0.465865 0.8701743
vn -0.3528245 0.9140904 0.1997131
vn -0.3522446 0.9094516 0.2208624
vn -0.3429365 0.9069796 0.2444227
vn -0.3312479 0.9047822 0.2675558
vn -0.3187963 0.9039278 0.2850124
vn -0.3108005 0.9023408 0.2985931
vn -0.2993561 0.9000214 0.3167211
vn -0.2820826 0.8974884 0.338908
vn -0.2624287 0.8947417 0.3612781
vn -0.2396313 0.8919035 0.3834345
vn -0.2136906 0.8894314 0.404004
vn -0.1885433 0.8883328 0.4186529
vn -0.1664174 0.8872646 0.4301584
vn -0.1394085 0.886227 0.4417249
vn -0.1062654 0.8866237 0.4500564
vn -0.07748645 0.8890652 0.4511246
vn -0.028077 0.9749138 0.2207708
vn -0.0331431 0.9747307 0.2208319
vn -0.04068112 0.9743645 0.2211371
vn -0.04922634 0.974456 0.2189702
vn -0.05603194 0.9748222 0.2157353
vn -0.06176942 0.9751274 0.212775
vn -0.06845301 0.9754326 0.2093265
vn -0.07513654 0.9760735 0.2039857
vn -0.08099609 0.9768059 0.1981567
vn -0.08600115 0.9775384 0.1923276
vn -0.09042632 0.9782403 0.1865901
vn -0.09295934 0.9789422 0.1816461
vn -0.09500408 0.9793695 0.1781671
vn -0.09863579 0.9797968 0.1738944
vn -0.1016266 0.9805292 0.1679433
vn -0.1040376 0.9812921 0.1619006
vn -0.107181 0.9820857 0.1548509
vn -0.01742607 0.990112 0.1391339
vn -0.01742607 0.990112 0.1391339
vn -0.2777795 0.9584949 -0.06372261
vn -0.01742607 0.990112 0.1391339
vn -0.01742607 0.990112 0.1391339
vn -0.01690721 0.9902341 0.1382488
vn -0.01742607 0.990112 0.1391339
vn -0.01742607 0.990112 0.1391339
vn -0.4781945 -0.08731341 -0.873867
vn -0.01742607 0.990112 0.1391339
vn -0.01745659 0.990112 0.1391339
vn -0.01745176 0.9901175 0.1391503
vn -0.01745176 0.9901175 0.1391503
vn -0.01745176 0.9901175 0.1391503
vn -0.01742607 0.990112 0.1391339
vn -0.6119571 0.5777459 -0.540025
vn 0.3267312 0.6633198 0.6732078
vn 0.07293921 0.8225349 0.5639821
vn -0.01757866 0.9901425 0.1388592
vn -0.01742607 0.990112 0.1391339
vn -0.01742607 0.990112 0.1391339
vn -0.01742607 0.990112 0.1391034
vn -0.02059996 0.9892575 0.144322
vn -0.01744234 0.9901188 0.1391424
vn -0.01744234 0.9901188 0.1391424
vn -0.01744234 0.9901188 0.1391424
vn -0.01745444 0.9901168 0.139154
vn -0.01745444 0.9901168 0.139154
vn -0.01745444 0.9901168 0.139154
vn -0.01632738 0.9898068 0.1413617
vn 0.8429518 0.3642079 0.3959166
vn 0.0242927 0.3826106 0.9235512
vn 0.8525345 0.3790704 0.3596606
vn 0.03173923 0.4224372 0.9058199
vn 0.9716483 0.1991027 -0.1272317
vn 0.0178228 0.445967 0.8948637
vn 0.8255562 0.4098331 0.3878292
vn 0.01318395 0.490463 0.871334
vn 0.82107 0.4586932 0.339671
vn 0.01989805 0.5660879 0.8240913
vn 0.802179 0.5008087 0.3250526
vn 0.01849418 0.6609393 0.7501755
vn 0.7764214 0.5841853 0.2363048
vn 0.01828056 0.7558825 0.6544084
vn 0.7485885 0.6444289 0.155797
vn 0.7415998 0.6654866 0.08441418
vn 0.6751 0.7337566 -0.07617419
vn 0.02099668 0.9556566 0.2936491
vn 0.01562547 0.9318827 0.3624073
vn 0.7026887 0.7099521 -0.04663223
vn 0.02124083 0.8847011 0.4656209
vn 0.7135227 0.6985077 0.05404824
vn 0.01611375 0.8491165 0.5279092
vn 0.0228278 0.7867672 0.6167791
vn 0.5633106 0.6776025 -0.4727317
vn 0.5436567 0.698996 -0.4645223
vn 0.01849418 0.9997254 -0.01339757
vn 0.5289163 0.7118137 -0.4620502
vn 0.01757866 0.9996948 -0.01669359
vn 0.5125584 0.6927702 -0.5072482
vn 0.01879936 0.9993591 -0.03015226
vn 0.4804529 0.6988739 -0.5298013
vn 0.4150212 0.694937 -0.5871762
vn 0.01855522 0.9985961 -0.04928737
vn 0.01879936 0.9989929 -0.04019284
vn 0.4819483 0.6974395 -0.5303507
vn 0.01779228 0.9993897 -0.02914518
vn 0.4591815 0.6826381 -0.5684072
vn 0.415479 0.6939299 -0.5880612
vn 0.3821833 0.6769616 -0.6289865
vn 0.01730394 0.9984436 -0.05261391
vn 0.3467513 0.6836146 -0.6421705
vn 0.01757866 0.9976501 -0.06588941
vn 0.345378 0.6826381 -0.6439406
vn 0.01959288 0.9963073 -0.08328497
vn 0.2150639 0.6634724 -0.7165746
vn 0.01898247 0.995117 -0.09662157
vn 0.2447584 0.663625 -0.7068697
vn 0.2741783 0.6787317 -0.6812342
vn 0.3162023 0.6727195 -0.6689047
vn 0.2152165 0.6586199 -0.7210303
vn 0.01828056 0.9899594 -0.1400494
vn 0.01751762 0.991638 -0.1275979
vn 0.1926023 0.6509598 -0.7342143
vn 0.1645558 0.6495255 -0.7423017
vn 0.01644945 0.9799799 -0.1983703
vn 0.01364177 0.9784234 -0.2059999
vn 0.1653187 0.640614 -0.7498398
vn 0.1520127 0.6359447 -0.7565844
vn 0.09640794 0.7572253 -0.6459548
vn -0.1221045 0.955443 0.2686544
vn -0.1613513 0.8988617 0.4073916
vn -0.1309854 0.8986786 0.4185308
vn -0.1143223 0.978576 0.1711173
vn -0.1337016 0.976104 0.1712393
vn -0.1892452 0.9455855 0.2645955
vn -0.229255 -0.8898282 0.3944823
vn -0.1617175 -0.8989227 0.4071474
vn -0.1794183 -0.8077029 0.5616016
vn -0.7723014 0.4178594 0.4784082
vn -0.8163396 0.2890713 0.5000153
vn 0.5148473 -0.7695853 -0.377636
vn 0.5049288 -0.7729728 -0.3841059
vn -0.1768853 -0.9691458 0.1714835
vn -0.0680868 -0.9898679 0.1243934
vn -0.06048768 -0.9868465 0.1497238
vn -0.07547223 -0.9819636 0.173223
vn 0.1436506 -0.7432173 -0.6534318
vn 0.1281472 -0.7533494 -0.6449782
vn 0.111362 -0.7642445 -0.6352123
vn 0.01232945 -0.9718315 -0.2352672
vn 0.2103335 -0.7537156 -0.6225776
vn 0.1704459 -0.7835322 -0.5974609
vn -0.08185064 -0.9816889 0.1719717
vn 0.1691641 -0.7742851 -0.6097903
vn 0.1280251 -0.7936338 -0.5947142
vn -0.09830009 -0.9800104 0.1728873
vn 0.2337412 -0.7824336 -0.5771355
vn 0.2300485 -0.7503891 -0.6196478
vn 0.3695486 -0.741142 -0.5604419
vn 0.2976165 -0.7874081 -0.5397809
vn -0.11713 -0.977691 0.1741997
vn 0.3002105 -0.7513962 -0.5875424
vn 0.2927336 -0.7428205 -0.6020386
vn 0.3679311 -0.7466658 -0.5541551
vn -0.1379131 -0.9749138 0.1746574
vn 0.3768426 -0.7828608 -0.4950407
vn 0.4002503 -0.810419 -0.4277474
vn 0.4474624 -0.7582629 -0.4740745
vn -0.1514939 -0.9737846 0.1695608
vn 0.381695 -0.7925962 -0.4754478
vn 0.3804438 -0.7888424 -0.4826502
vn 0.4433424 -0.8069399 -0.3901792
vn 0.4882046 -0.7648854 -0.4202094
vn 0.4824366 -0.7646412 -0.4272592
vn 0.4956817 -0.8053529 -0.3250526
vn 0.5388653 -0.7712943 -0.3386639
vn -0.1861629 -0.9689627 0.1624805
vn 0.5401471 -0.7624744 -0.35609
vn 0.4866787 -0.8003479 -0.3500168
vn 0.5543382 -0.7676321 -0.321543
vn 0.5418561 -0.7763909 -0.3218177
vn -0.1471908 -0.9813532 0.1234474
vn 0.5545213 -0.767449 -0.3216345
vn -0.1633045 -0.9763177 0.1418195
vn 0.5447859 -0.7742851 -0.3219703
vn -0.1276894 -0.985931 0.1078524
vn 0.5669423 -0.7564623 -0.3259987
vn 0.5544298 -0.767571 -0.321543
vn -0.1985229 -0.9672536 0.1580858
vn -0.3839533 -0.8825343 0.2714011
vn -0.3411969 -0.9052095 0.2532426
vn -0.5177465 -0.7777947 0.3562425
vn -0.6493118 -0.6219672 0.4376354
vn -0.7685171 -0.4207282 0.4819788
vn -0.8143864 -0.2903836 0.5023957
vn -0.8380078 -0.1925413 0.5105136
vn -0.8561663 -0.181463 0.4837489
vn -0.8502762 -0.1169469 0.5131382
vn -0.8587298 -6.1037e-05 0.5123752
vn -0.8567461 -0.05432289 0.5128331
vn -0.8570208 0.05413979 0.5123752
vn -0.8512833 0.1169164 0.5114902
vn -0.8399304 0.1906186 0.5080721
vn -0.4106265 0.8763695 0.2516251
vn -0.5202795 0.7767876 0.3547471
vn -0.6485794 0.6230049 0.4372082
vn -0.3400067 0.9059725 0.2520829
vn -0.1993163 0.9669179 0.1590014
vn -0.1275368 0.9858089 0.1089816
vn 0.5703299 0.7547227 -0.3241676
vn 0.5517136 0.7697378 -0.3210242
vn 0.5547655 0.7672353 -0.3217566
vn -0.1568346 0.9793695 0.1273843
vn 0.5094455 0.7928709 -0.3343303
vn -0.1827143 0.9716483 0.1498458
vn 0.5084384 0.7969604 -0.3260293
vn -0.1873226 0.9685965 0.1633656
vn 0.5378887 0.7797479 -0.3203223
vn 0.5493332 0.7690359 -0.3267922
vn 0.5406659 0.7783135 -0.319132
vn 0.5042268 0.7825862 -0.3650319
vn 0.502884 0.7935423 -0.3425092
vn 0.4587848 0.7717216 -0.4403516
vn 0.4549089 0.7940001 -0.403241
vn -0.1778008 0.9688406 0.1723075
vn 0.4711753 0.7857601 -0.400647
vn 0.4940336 0.7595142 -0.4230781
vn 0.4911649 0.7904905 -0.3658254
vn 0.4258248 0.7722098 -0.4714804
vn 0.4262215 0.7845088 -0.4503921
vn -0.151738 0.9739067 0.1686148
vn 0.428785 0.7700125 -0.472396
vn 0.2400891 0.7587817 -0.6054262
vn 0.2659688 0.7717216 -0.5776544
vn 0.3069247 0.7587206 -0.574572
vn 0.332255 0.7780999 -0.5330363
vn 0.3692129 0.7681204 -0.5230873
vn 0.3831904 0.7834101 -0.4892727
vn 0.1842402 0.7527695 -0.6319163
vn 0.2129886 0.7682119 -0.6036866
vn -0.09622484 0.9805597 0.1709342
vn 0.2401196 0.7606738 -0.6030458
vn -0.08154541 0.9817194 0.1718192
vn 0.1581469 0.7629628 -0.6267892
vn 0.1844539 0.7545701 -0.6297189
vn -0.087466 0.9876706 0.1297342
vn 0.01358073 0.9726859 -0.231666
vn 0.1116062 0.7569811 -0.6438185
vn -0.06265449 0.9883725 0.1385235
vn -0.07159638 0.9825739 0.1713919
vn 0.1368144 0.7509689 -0.6459853
vn 0.136021 0.7521897 -0.6447035
vn -0.107181 0.9348735 0.3383587
vn -0.08853417 0.9465316 0.3101291
vn -0.09863579 0.9568163 0.2734153
vn -0.08325445 0.961211 0.2629169
vn -0.07116913 0.9797357 0.1871089
vn -0.2471083 0.8307443 0.4987335
vn -0.09332555 0.887875 0.4504837
vn -0.1615955 0.6580706 0.7353435
vn -0.147618 0.714774 0.6835841
vn -0.2142094 0.6829127 0.6983551
vn -0.1714529 0.7338176 0.6573077
vn -0.2576678 0.8014466 0.5396893
vn -0.1866817 0.8044069 0.5639516
vn -0.0781579 0.8211005 0.5653554
vn -0.1856746 0.4422132 0.8774682
vn -0.2162541 0.4640644 0.858974
vn -0.2277291 0.5486007 0.8044374
vn -0.1797845 0.5446333 0.8191473
vn -0.1625721 0.5854976 0.7941832
vn -0.1863765 0.2956328 0.9369183
vn -0.2125003 0.3414716 0.9155248
vn -0.2262032 0.4077883 0.884579
vn -0.1818597 0.1400799 0.9732658
vn -0.2627643 0.1431928 0.9541612
vn -0.228431 0.2599261 0.9382
vn -0.1998657 0.2281258 0.9528794
vn -0.181524 0.01617479 0.9832453
vn -0.2730186 0.02056944 0.9617603
vn -0.22013 0.1256142 0.9673147
vn -0.2313913 -0.117954 0.9656667
vn -0.1693777 -0.1257668 0.9774773
vn -0.2010864 -0.06637775 0.9772942
vn -0.2192144 0.008453607 0.9756157
vn -0.1980041 -0.1945555 0.9606617
vn -0.2319101 -0.2533646 0.9391461
vn -0.1659901 -0.2605975 0.9510483
vn -0.1990112 -0.3272194 0.9237343
vn -0.2316049 -0.4057741 0.8841212
vn -0.1947386 -0.3746147 0.9064608
vn -0.2053896 -0.6862087 0.6977752
vn -0.1684927 -0.6581622 0.733726
vn -0.2203741 -0.5533006 0.8032777
vn -0.1786248 -0.5502182 0.8156682
vn -0.188879 -0.4297617 0.882931
vn -0.1052583 -0.896878 0.4295175
vn -0.1882687 -0.8529008 0.4868923
vn -0.1302835 -0.8998688 0.4162114
vn -0.2076784 -0.8258004 0.524308
vn -0.1065096 -0.7784357 0.6185797
vn -0.1006195 -0.9564196 0.2740257
vn -0.1022675 -0.9371014 0.3336894
vn -0.0754112 -0.9171118 0.3914304
vn -0.07010102 -0.9803461 0.1842707
vn -0.08038574 -0.9646596 0.2509232
vn -0.08148437 -0.9519639 0.295114
vn -0.4133732 0.8368785 0.358745
vn -0.454268 0.8159124 0.3575854
vn -0.5694449 0.6909391 0.4452956
vn -0.4842982 -0.7444685 0.4595477
vn -0.5589465 -0.6303293 0.5387127
vn -0.600238 -0.6032899 0.525071
vn -0.6616413 -0.4730979 0.5816828
vn -0.6249275 -0.4974822 0.6016114
vn -0.7034516 -0.3448591 0.6214484
vn -0.6684469 -0.3628041 0.6492508
vn -0.7291787 -0.2228766 0.6469924
vn -0.6933195 -0.2351146 0.6811732
vn -0.7425459 -0.1084933 0.6609393
vn -0.705771 -0.1142002 0.6991485
vn -0.7464827 0.000152593 0.6653951
vn -0.7091586 0.000427259 0.7050081
vn -0.7422102 0.108951 0.6612141
vn -0.7050386 0.1153294 0.6996979
vn -0.7285684 0.2235481 0.6474196
vn -0.6919462 0.2367931 0.6819666
vn -0.7026277 0.3457137 0.6219062
vn -0.6665853 0.3651235 0.6498306
vn -0.6605731 0.4741966 0.581988
vn -0.6192816 0.503769 0.6022217
vn -0.5987427 0.6046633 0.525193
vn -0.5540331 0.6346019 0.5388043
vn -0.514481 0.7301248 0.4496292
vn -0.6921598 -0.4451125 0.5681021
vn -0.7317423 -0.3210242 0.6012147
vn -0.7556688 -0.2062135 0.621601
vn -0.7680898 -0.1001312 0.6324046
vn -0.7718436 6.1037e-05 0.6357921
vn -0.7679983 0.1002838 0.6325266
vn -0.7554857 0.2064272 0.6217536
vn -0.7314982 0.3212683 0.6013672
vn -0.6917936 0.4455092 0.5682241
vn -0.6311533 0.577105 0.5182348
vn -0.5348369 0.726249 0.4318369
vn -0.7842342 -0.336314 0.5213782
vn -0.75103 -0.3791925 0.5404828
vn -0.811304 -0.2313913 0.5368511
vn -0.7829829 -0.2665792 0.5619679
vn -0.826075 -0.1444135 0.5446944
vn -0.801294 -0.1687368 0.5739616
vn -0.8333995 -0.06909388 0.5482956
vn -0.8105716 -0.08139282 0.5799127
vn -0.8355968 -9.15555e-05 0.5493026
vn -0.8133793 -3.05185e-05 0.5817133
vn -0.8333995 0.06888025 0.5483261
vn -0.8105411 0.08130127 0.5799432
vn -0.826075 0.1442304 0.5447554
vn -0.8012635 0.1686453 0.5740227
vn -0.8112735 0.2312387 0.5369427
vn -0.7829524 0.2665181 0.5620594
vn -0.7841426 0.336314 0.5215003
vn -0.7509079 0.3792535 0.5406049
vn -0.7350078 0.4668722 0.4916837
vn -0.6967986 0.5106967 0.5035859
vn -0.60918 0.6581927 0.4423047
vn -0.4873195 0.7972961 0.3560594
vn -0.8254952 0.5345012 0.1812189
vn -0.5166784 -0.7284463 0.4498428
vn -0.6318247 -0.5764031 0.5181738
vn -0.5455489 -0.7087314 0.4472182
vn -0.6625874 -0.5468307 0.5117649
vn -0.5754265 -0.6859951 0.4452345
vn -0.6972564 -0.510239 0.5034334
vn -0.6102176 -0.6572772 0.4422437
vn -0.7353435 -0.466506 0.4915006
vn -0.5449995 -0.787286 0.2882473
vn -0.1249427 -0.95468 0.2700583
vn -0.1473739 -0.9541001 0.2606281
vn -0.1864376 -0.9469894 0.2615131
vn -0.2216254 -0.9417707 0.2528153
vn -0.1608936 -0.7315287 0.6625263
vn -0.1452986 -0.7441633 0.6519669
vn -0.2789697 -0.9127781 0.2982268
vn -0.3231605 -0.911832 0.2531205
vn -0.3119907 -0.9150059 0.2556841
vn -0.19718 -0.9661855 0.1660817
vn -0.303415 -0.9164403 0.2608112
vn -0.2128055 -0.9593188 0.1853999
vn -0.3064669 -0.9102146 0.2784509
vn -0.2137821 -0.9551378 0.2048097
vn -0.2861415 -0.910947 0.2970977
vn -0.262978 -0.9131138 0.3114719
vn -0.2294076 -0.9460433 0.2287973
vn -0.241676 -0.9029511 0.3552355
vn -0.2500992 -0.8075808 0.5340434
vn -0.2886746 -0.6853847 0.6684774
vn -0.305948 -0.5581836 0.7712028
vn -0.3142796 -0.4118778 0.8553118
vn -0.3149815 -0.262154 0.9121372
vn -0.3123264 -0.1230201 0.9419538
vn -0.310831 0.001403808 0.950438
vn -0.3125706 0.1256142 0.9415265
vn -0.3240761 -0.8486282 0.418012
vn -0.3727226 -0.8393506 0.3956114
vn -0.3985107 -0.8385266 0.3715018
vn -0.41554 -0.835139 0.360271
vn -0.4367198 -0.8251594 0.3582568
vn -0.4601886 -0.8127384 0.3572192
vn -0.488815 -0.7963195 0.3561815
vn -0.2240363 0.9409162 0.2538835
vn -0.2304147 0.8893094 0.39494
vn -0.1495407 0.9533982 0.2619404
vn -0.09613329 0.9082919 0.4071169
vn -0.2905362 0.6844081 0.6686605
vn -0.315775 0.7983032 0.512772
vn -0.3069857 0.5582141 0.7707755
vn -0.3629567 0.6833094 0.6334727
vn -0.3788873 0.7759941 0.5041963
vn -0.1961424 0.9662771 0.1667226
vn -0.2086245 0.9605396 0.1838129
vn -0.232612 0.9492172 0.2117069
vn -0.2293466 0.9460738 0.2287362
vn -0.3148289 0.4129459 0.8545793
vn -0.3874325 0.5610828 0.7314371
vn -0.4222541 0.6790674 0.6004211
vn -0.4339427 0.7608265 0.4824976
vn -0.3643605 -0.7875607 0.4969329
vn -0.307474 -0.8055666 0.5063936
vn -0.4239937 -0.677633 0.6008484
vn -0.3630787 -0.6831569 0.6335948
vn -0.4586932 -0.556505 0.6927092
vn -0.3883786 -0.5599536 0.7318339
vn -0.4811243 -0.417951 0.7705619
vn -0.4027833 -0.4177374 0.8143559
vn -0.4917448 -0.2728049 0.8268685
vn -0.4072695 -0.2696921 0.8725547
vn -0.4944304 -0.1314127 0.8591876
vn -0.4062014 -0.1282998 0.9046907
vn -0.4941252 0.001525878 0.8693503
vn -0.404828 0.001617431 0.9143651
vn -0.4933622 0.134434 0.8593402
vn -0.4056215 0.1313517 0.9045381
vn -0.4898221 0.2757042 0.8270516
vn -0.4061709 0.2722861 0.8722496
vn -0.4787439 0.4206671 0.7705619
vn -0.3153783 0.2641377 0.9114353
vn -0.4015015 0.4197211 0.8139897
vn -0.4564043 0.5587024 0.6924345
vn -0.4767602 0.6717124 0.5669423
vn -0.4787133 0.748558 0.4587237
vn -0.2399975 0.9043245 0.3529465
vn -0.2746055 0.9079867 0.3164159
vn -0.33726 0.8428602 0.4192633
vn -0.2952666 0.9071322 0.2997528
vn -0.3698843 0.8415784 0.3935667
vn -0.2948393 0.9155553 0.2734153
vn -0.3926206 0.8419141 0.3700979
vn -0.3027741 0.9169896 0.259621
vn -0.3197729 0.9129612 0.2533341
vn -0.02270573 0.8370312 0.5466476
vn -0.4372692 -0.7577441 0.4843288
vn -0.4842067 -0.6643574 0.5692923
vn -0.5818964 -0.5279702 0.6185492
vn -0.523423 -0.543199 0.6564531
vn -0.6186712 -0.3868221 0.6837672
vn -0.5537584 -0.4078494 0.7259438
vn -0.640614 -0.2528153 0.7250282
vn -0.5706656 -0.2674642 0.7763909
vn -0.6509293 -0.1231116 0.7490463
vn -0.5775018 -0.1299173 0.8059633
vn -0.6533708 0.000854518 0.7570117
vn -0.5786309 0.001281738 0.8155767
vn -0.6497696 0.1250648 0.7497482
vn -0.5762505 0.1325418 0.8064211
vn -0.6385388 0.2554399 0.7259438
vn -0.5684072 0.2703635 0.7770318
vn -0.6159856 0.3900876 0.6843776
vn -0.5508896 0.4110233 0.72631
vn -0.5844905 0.5300455 0.6143071
vn -0.5196692 0.5458235 0.6572161
vn -0.7202368 -0.4154179 0.5555589
vn -0.7564318 -0.2964568 0.5829645
vn -0.7778558 -0.1893368 0.5992004
vn -0.7889035 -0.09170812 0.6076235
vn -0.79223 0 0.6101871
vn -0.7888424 0.09173864 0.6076846
vn -0.7777642 0.1893673 0.599292
vn -0.7563097 0.2965179 0.5830867
vn -0.7200232 0.4156316 0.5556505
vn -0.6620686 0.5473495 0.511887
vn 0.02056944 -0.9997254 -0.01101714
vn 0.01751762 -0.9997559 -0.01193273
vn 0.5578173 -0.6848049 -0.4688864
vn 0.01812797 -0.9976501 -0.06582838
vn 0.01861625 -0.9959716 -0.08761864
vn 0.2875149 -0.6881619 -0.6661275
vn 0.01599168 -0.9892575 -0.1451155
vn 0.0205084 -0.9793695 -0.2008728
vn 0.1547288 -0.6383252 -0.7540208
vn 0.2015137 -0.6189459 -0.7591174
vn 0.2718894 -0.6788538 -0.6820582
vn 0.02075254 -0.9949339 -0.09820854
vn 0.2150028 -0.6814783 -0.6995148
vn 0.2566606 -0.6514176 -0.71395
vn 0.1977294 -0.6771752 -0.7087314
vn 0.01794487 -0.9913938 -0.1296121
vn 0.01702928 -0.9983825 -0.05383461
vn 0.3297525 -0.6630756 -0.6719565
vn 0.3465071 -0.6887418 -0.6367992
vn 0.4150212 -0.6599323 -0.6262704
vn 0.4151738 -0.6688742 -0.6165655
vn 0.01715135 -0.9987487 -0.04654067
vn 0.01803642 -0.999115 -0.03784292
vn 0.5213782 -0.6744285 -0.5227516
vn 0.01745659 -0.9993286 -0.03128147
vn 0.5027924 -0.6668599 -0.5499436
vn 0.4174321 -0.672811 -0.610767
vn 0.4266793 -0.6763512 -0.6003601
vn 0.4659261 -0.68746 -0.5570238
vn 0.01767021 -0.9994202 -0.028077
vn 0.01754814 -0.9996643 -0.01818901
vn 0.5580005 -0.6700339 -0.4895169
vn 0.5558336 -0.6821802 -0.4749596
vn 0.01776176 -0.9997864 -0.007812738
vn 0.5663015 -0.6916715 -0.4481643
vn 0.5854366 -0.68511 -0.4334239
vn 0.5906247 -0.6903592 -0.4177679
vn 0.5707572 -0.7058626 -0.4194769
vn 0.01861625 -0.9997864 -0.006469905
vn 0.01745659 -0.9998169 -0.000885037
vn 0.6173589 -0.6765343 -0.4013794
vn 0.6178472 -0.6815394 -0.3920713
vn 0.01757866 -0.9998169 0.001983702
vn 0.5921201 -0.7150487 -0.3715323
vn 0.01739555 -0.9998169 0.00314337
vn 0.6179388 -0.6934416 -0.3704642
vn 0.6164434 -0.6977142 -0.3649098
vn 0.01745659 -0.9998169 0.004760861
vn 0.6151616 -0.701651 -0.3594165
vn 0.01745659 -0.9998169 0.004821896
vn 0.6170538 -0.7228309 -0.3109531
vn 0.01742607 -0.9990845 0.03860586
vn 0.6143987 -0.7028718 -0.3583483
vn 0.6148259 -0.7022309 -0.3589282
vn 0.09823906 -0.7459945 -0.6586505
vn 0.1317179 -0.6302683 -0.7650991
vn 0.1523789 -0.6390271 -0.7539293
vn 0.01742607 -0.9846492 0.1735892
vn 0.6376537 -0.7421796 -0.206183
vn 0.02365183 -0.955504 0.2939237
vn 0.6654866 -0.7265236 -0.1710867
vn 0.0190435 -0.9339274 0.3569139
vn 0.6739403 -0.7347331 -0.07702869
vn 0.02368235 -0.8844875 0.4658955
vn 0.7024751 -0.7104099 -0.04251223
vn 0.01916557 -0.8518326 0.5233924
vn 0.7125157 -0.6996063 0.05325478
vn 0.02221745 -0.7872555 0.6161687
vn 0.7416303 -0.6657003 0.08239996
vn 0.7489242 -0.6436964 0.1572619
vn 0.01739555 -0.7539903 0.6566057
vn 0.01940977 -0.661916 0.7492905
vn 0.7759331 -0.5851925 0.2354808
vn 0.01947081 -0.5652943 0.8246406
vn 0.8020875 -0.5015717 0.3240455
vn 0.01226842 -0.4907071 0.8711814
vn 0.8212836 -0.4598224 0.3375653
vn 0.01586961 -0.4430372 0.8963592
vn 0.825953 -0.4094668 0.3874019
vn 0.01763969 -0.3776971 0.9257485
vn 0.8431044 -0.3639637 0.3958556
vn 0.01751762 -0.4354686 0.9000214
vn 0.8422803 -0.3867916 0.3753471
vn 0.01745659 -0.3977782 0.9172949
vn 0.9798273 -0.1990417 -0.01681566
vn 0.01742607 -0.4491409 0.8932768
vn 0.01730394 -0.9920347 0.124607
vn 0.01742607 -0.9920347 0.1245765
vn 0.8125553 -0.5130162 -0.2766503
vn 0.6597186 -0.7459334 -0.09121978
vn 0.9204993 -9.15555e-05 -0.390698
vn 0.6969512 -0.7139806 -0.06671345
vn 0.9204688 0 -0.3907285
vn 0.9204688 0 -0.3907285
vn -0.01742607 -0.990112 0.1391339
vn -0.01742607 -0.990112 0.1391339
vn -0.01743483 -0.9901185 0.1391451
vn -0.01743483 -0.9901185 0.1391451
vn -0.01743483 -0.9901185 0.1391451
vn -0.01742714 -0.9901192 0.1391412
vn -0.01742714 -0.9901192 0.1391412
vn -0.01742714 -0.9901192 0.1391412
vn -0.01742607 -0.990112 0.1391339
vn -0.01745271 -0.9901174 0.1391512
vn -0.01745271 -0.9901174 0.1391512
vn -0.01745271 -0.9901174 0.1391512
vn -0.01745826 -0.9901162 0.139158
vn -0.01745826 -0.9901162 0.139158
vn -0.01745826 -0.9901162 0.139158
vn -0.01745241 -0.9901172 0.1391522
vn -0.01745241 -0.9901172 0.1391522
vn -0.01745241 -0.9901172 0.1391522
vn -0.01742607 -0.990112 0.1391339
vn -0.2837611 -0.956267 -0.07055878
vn -0.01742607 -0.990112 0.1391339
vn -0.7424543 -0.6689352 0.03506577
vn -0.01742607 -0.990112 0.1391339
vn 0.5407575 -0.832728 -0.118717
vn -0.01745659 -0.990112 0.1391339
vn -0.01242101 -0.9907224 0.135258
vn -0.01745659 -0.990112 0.1391339
vn -0.01742607 -0.990112 0.1391339
vn -0.01742607 -0.990112 0.1391339
vn -0.01742607 -0.990112 0.1391339
vn -0.01745659 -0.990112 0.1391339
vn -0.09927672 0.9313944 0.3501694
vn -0.03305155 0.9984436 -0.04467904
vn -0.09244054 0.9407636 0.3261513
vn -0.1511582 0.7360759 0.6597492
vn -0.120365 0.8683127 0.4811548
vn -0.1529282 0.6976531 0.6999115
vn -0.1756645 0.3448897 0.9220252
vn -0.1723685 0.3756218 0.9105808
vn -0.178045 0.191412 0.9652089
vn -0.1741081 0.06137269 0.9827876
vn -0.2411878 0.003601133 0.9704581
vn -0.2673422 -0.03451639 0.9629505
vn -0.6236457 -0.1305276 0.770684
vn -0.2681967 -0.02667313 0.9629811
vn -0.5383465 0.4224067 0.7291787
vn -0.2679525 -0.02124083 0.9631642
vn -0.2491836 0.5113987 0.8224128
vn -0.1745659 -0.01532024 0.9844966
vn -0.1736503 0 0.9848018
vn -0.2705771 0.000488296 0.9626759
vn -0.1734672 -0.004760861 0.9848018
vn -0.2691428 -0.0142216 0.9629811
vn -0.1733146 -0.008880853 0.9848018
vn -0.1745964 -0.01284825 0.9845271
vn -0.2659383 -0.04803609 0.9627674
vn -0.1734672 -0.03363138 0.9842525
vn -0.1734977 -0.02966398 0.9843745
vn -0.2676473 -0.04068112 0.9626454
vn -0.1732841 -0.02404856 0.9845576
vn -0.1736198 -0.02435374 0.9844966
vn -0.1554918 -0.5079501 0.8471938
vn -0.1738334 -0.03946042 0.9839778
vn -0.2663961 -0.05590987 0.9622181
vn -0.1335185 0.6627705 0.7367779
vn -0.1174657 0.7127903 0.6914579
vn -0.1736198 0.02435374 0.9844966
vn -0.1792962 -0.0612201 0.981872
vn -0.2391735 0.01623582 0.9708243
vn -0.266335 0.05908381 0.962035
vn -0.2678915 0.02313297 0.9631642
vn -0.6187628 -0.2324289 0.7503586
vn -0.269509 0.03073209 0.9624928
vn -0.5637379 0.2833644 0.7757805
vn -0.2668538 0.03738516 0.9629811
vn -0.2678304 0.0444349 0.9624317
vn -0.1736503 0.02951139 0.984344
vn -0.2661519 0.05163729 0.9625233
vn -0.1736503 0.0336619 0.9842219
vn -0.1736808 0.03933835 0.9840083
vn -0.1737418 0.01599168 0.9846492
vn -0.2494888 -0.5109409 0.8225654
vn -0.1738944 0.01251256 0.9846797
vn -0.1731315 0.008728265 0.9848323
vn -0.2698141 0.01596117 0.9627674
vn -0.1736503 0.004821896 0.9847713
vn -0.05117952 -0.9959411 0.07391583
vn -0.03167819 -0.998413 -0.0464186
vn -0.09311193 -0.9449141 0.3136997
vn -0.1787774 -0.236671 0.9549852
vn -0.1833552 -0.3770257 0.9078646
vn -0.1708731 -0.4333323 0.8848537
vn -0.1654408 -0.5322734 0.8302255
vn -0.1462752 -0.7034822 0.6954558
vn -0.1561326 -0.7343669 0.6605121
vn -0.09274572 -0.9407941 0.3260293
vn -0.1209143 -0.8921171 0.4352855
vn -0.1410565 -0.7790765 0.6107975
vn -0.3803521 -0.01519817 0.9246803
vn -0.3859981 -0.000305185 0.922483
vn -0.3863338 -0.000488296 0.9223304
vn -0.3707084 -0.07553327 0.9256569
vn -0.3617359 -0.05404824 0.9306619
vn -0.3794366 -0.05819875 0.923368
vn -0.1816461 0.9379253 0.2953886
vn -0.3691824 -0.02929776 0.9288919
vn -0.3015839 0.7338481 0.6086307
vn -0.3844722 -0.02365183 0.9228187
vn -0.3118991 0.7299723 0.6081423
vn -0.3964965 0.6700949 0.6274605
vn -0.3999756 -0.02337718 0.9161962
vn -0.4210333 0.6614582 0.6205939
vn -0.3993042 -0.06222718 0.9146702
vn -0.3548082 -0.6285898 0.6920682
vn -0.4086734 -0.06195253 0.9105502
vn -0.4090396 -0.02722251 0.9120762
vn -0.5533311 0.4925993 0.6716514
vn -0.3710135 -0.5371868 0.7574694
vn -0.391644 -0.04974514 0.9187597
vn -0.3781548 -0.05163729 0.9242836
vn -0.369335 -0.05700856 0.9275186
vn -0.6871853 -0.1582079 0.7090365
vn -0.32313 0.7045809 0.6317331
vn -0.4462416 -0.103824 0.8888516
vn -0.3229469 0.7040315 0.6324656
vn -0.4062929 -0.09515666 0.9087496
vn -0.323252 0.7035127 0.6328929
vn -0.3983581 -0.09405803 0.9123508
vn -0.3233131 0.7030549 0.6333506
vn -0.3813898 -0.09183019 0.9198279
vn -0.1746879 0.9504075 0.2572405
vn -0.3595996 -0.09292882 0.9284341
vn -0.6928007 -0.1017182 0.713889
vn -0.4477981 -0.0658589 0.8916898
vn -0.3867 -0.000793481 0.9221778
vn -0.3866695 -0.000701926 0.9222083
vn -0.4481338 -0.03299045 0.8933378
vn -0.5144505 0.000762963 0.8575091
vn -0.6957915 -0.05185091 0.7163305
vn -0.7193823 -0.06381416 0.691641
vn -0.2538835 0.679281 0.6885281
vn -0.1675466 0.8480483 0.5027009
vn -0.3641163 0.05978572 0.9294107
vn -0.4776452 -0.7411725 0.471633
vn -0.6873074 0.1576891 0.709006
vn -0.4462111 0.1030305 0.8889431
vn -0.3440657 -0.7011933 0.6244087
vn -0.4065371 0.09430217 0.9087191
vn -0.3440352 -0.7011322 0.6245003
vn -0.3989074 0.09198278 0.9123203
vn -0.3442183 -0.7012848 0.6242256
vn -0.3266396 -0.708121 0.6259651
vn -0.3803827 0.08829003 0.9205908
vn -0.315012 -0.7056795 0.6346324
vn -0.3030488 -0.7113865 0.6340526
vn -0.3595996 0.09292882 0.9284341
vn -0.2642598 0.6753136 0.6885281
vn -0.3782769 0.06033504 0.9237037
vn -0.3486129 0.6175726 0.7050081
vn -0.3994873 0.0625019 0.9145787
vn -0.3996093 0.02459788 0.9163488
vn -0.5661794 -0.5111545 0.6465957
vn -0.4090701 0.02804648 0.9120457
vn -0.4086734 0.06195253 0.9105502
vn -0.3732414 0.6131474 0.6961882
vn -0.3848689 0.02453684 0.9226356
vn -0.3687552 0.02874839 0.929075
vn -0.1806085 -0.9377422 0.2965789
vn -0.2982268 -0.7344279 0.6096377
vn -0.3098239 -0.7300333 0.6091189
vn -0.3794977 -0.6837672 0.6232185
vn -0.447737 0.06582838 0.8917204
vn -0.6927397 0.1017182 0.71395
vn -0.3793756 0.07080292 0.922483
vn -0.4487442 0.03274631 0.8930326
vn -0.3796808 0.01562547 0.924955
vn -0.7210303 0.05224764 0.6909086
vn -0.6957915 0.05056911 0.716422
vn -0.1849421 -0.9336833 0.3065584
vn -0.1084933 -0.9915464 -0.07083344
vn -0.1443525 -0.9880978 -0.05288857
vn -0.2569353 0.679342 0.6873379
vn -0.1721854 0.8432264 0.5091708
vn -0.3648793 0.06039613 0.929075
vn -0.4389172 -0.7093722 0.5514084
vn -0.6870632 0.163213 0.7079989
vn -0.4460585 0.1063265 0.888638
vn -0.3216651 -0.7031159 0.6341136
vn -0.4061709 0.09750664 0.908536
vn -0.3221839 -0.7025056 0.6345409
vn -0.398175 0.09637743 0.9122288
vn -0.3222144 -0.7018952 0.6352123
vn -0.3789178 0.09479045 0.9205603
vn -0.3185827 -0.7038789 0.6348155
vn -0.2662435 0.6763207 0.6867581
vn -0.3770257 0.0612201 0.9241615
vn -0.3363445 0.6247139 0.7046724
vn -0.3994567 0.06469923 0.9144566
vn -0.3558153 0.61919 0.6999725
vn -0.3997924 0.02465891 0.9162572
vn -0.6000549 -0.4310434 0.6738487
vn -0.4091922 0.02880942 0.9119846
vn -0.6366466 -0.2729576 0.7212134
vn -0.4085208 0.06418043 0.9104587
vn -0.4670248 0.4860073 0.73867
vn -0.3846553 0.02441477 0.9226966
vn -0.3687857 0.02862632 0.9290445
vn -0.3019501 -0.7330241 0.6094546
vn -0.3117465 -0.7296366 0.6086001
vn -0.415479 -0.6462905 0.6400342
vn -0.1794488 -0.9477523 0.2636189
vn -0.3616138 0.1020234 0.9266945
vn -0.3808405 0.07254248 0.9217811
vn -0.447737 0.06839197 0.8915067
vn -0.6925871 0.1056246 0.7135227
vn -0.3863949 -0.000427259 0.9222999
vn -0.3867306 -0.000793481 0.9221778
vn -0.386639 -0.000732444 0.9222083
vn -0.5143589 0.000762963 0.8575396
vn -0.4487442 0.03381448 0.8930021
vn -0.802057 0.001617431 0.5972167
vn -0.6960967 0.05221712 0.7159948
vn -0.3860896 -0.000152593 0.9224219
vn -0.3806269 0.01528972 0.9245887
vn -0.6859645 0.07052826 0.7241737
vn -0.3809931 -0.01504558 0.9244362
vn -0.3705862 -0.0778222 0.9255043
vn -0.3595386 -0.05658131 0.9313944
vn -0.3802301 -0.06033504 0.9229103
vn -0.4000061 -0.02368235 0.9161962
vn -0.4033326 0.6682638 0.6250496
vn -0.4135258 0.5720695 0.7083041
vn -0.3835261 -0.02548295 0.9231544
vn -0.3791925 -0.03439432 0.9246498
vn -0.3705862 -0.03003019 0.9282815
vn -0.3751946 -0.02523881 0.9265725
vn -0.4091616 -0.02801597 0.9120151
vn -0.5623646 0.4917142 0.6647847
vn -0.3989074 -0.06381416 0.9147313
vn -0.3812677 -0.5998413 0.7033906
vn -0.4085208 -0.06414991 0.9104587
vn -0.3556932 -0.6052126 0.7121495
vn -0.2610248 -0.6752831 0.6897794
vn -0.2498855 -0.6791895 0.6900845
vn -0.336314 0.7014985 0.6282846
vn -0.3252663 0.7058321 0.6292306
vn -0.379162 -0.0941801 0.9204993
vn -0.3133335 0.7053438 0.6358227
vn -0.3607288 -0.1002533 0.9272439
vn -0.3045442 0.7108371 0.6339915
vn -0.3984802 -0.09494304 0.9122288
vn -0.4064455 -0.09695726 0.9085055
vn -0.33726 0.7011017 0.6282235
vn -0.4463637 -0.1067537 0.8884243
vn -0.3579821 0.6978362 0.6203498
vn -0.3455916 0.7029023 0.6216315
vn -0.6868801 -0.1638233 0.7079989
vn -0.5999023 0.6549882 0.4594256
vn -0.447737 -0.06839197 0.8915372
vn -0.6926481 -0.1056551 0.7134617
vn -0.4481338 -0.03405863 0.8932768
vn -0.6877956 -0.04739522 0.7243263
vn -0.6959746 -0.05349892 0.7160253
vn -0.3816645 -0.01522868 0.9241615
vn -0.3862423 0 0.9223609
vn -0.3864864 -0.000366222 0.9222694
vn -0.3703421 -0.0808435 0.9253517
vn -0.3599353 -0.05642867 0.9312418
vn -0.3786432 -0.06228822 0.9234291
vn -0.1839351 0.9337748 0.3068941
vn -0.3689688 -0.02880942 0.9289835
vn -0.2988373 0.7329325 0.6111332
vn -0.3848384 -0.02426218 0.9226356
vn -0.4000977 -0.0242927 0.9161351
vn -0.4420911 0.6255989 0.6427503
vn -0.418836 0.6338695 0.6501663
vn -0.3090609 0.7286599 0.6111637
vn -0.5088351 -0.4424268 0.7384564
vn -0.4083987 -0.06689655 0.9103366
vn -0.3993042 -0.06707966 0.9143345
vn -0.4092837 -0.02917569 0.9119236
vn -0.6180303 0.259743 0.741966
vn -0.3760185 -0.5327006 0.7581408
vn -0.3661305 -0.6041444 0.7077547
vn -0.3902707 -0.05307167 0.9191565
vn -0.3774224 -0.05465865 0.9244056
vn -0.369335 -0.05996882 0.9273355
vn -0.5233619 -0.1550035 0.8378857
vn -0.3870052 -0.1180761 0.9144566
vn -0.4455092 -0.1121555 0.8882107
vn -0.3872494 -0.1188085 0.9142735
vn -0.4059572 -0.1034272 0.9079867
vn -0.3871883 -0.1203039 0.9140904
vn -0.3980835 -0.1022065 0.9116184
vn -0.3869137 -0.1215857 0.9140294
vn -0.3804743 -0.099765 0.9193701
vn -0.379223 -0.116306 0.9179357
vn -0.356975 -0.09955137 0.9287698
vn -0.6858425 -0.1713614 0.7072665
vn -0.6221199 0.6289255 0.4662312
vn -0.4475845 -0.07153534 0.8913541
vn -0.6922513 -0.1104465 0.7130955
vn -0.3867306 -0.000824 0.9221778
vn -0.3866695 -0.000732444 0.9221778
vn -0.4480727 -0.03549301 0.8932768
vn -0.5145726 0.000793481 0.8574175
vn -0.695883 -0.0557878 0.7159643
vn -0.6523637 -0.05758839 0.7556688
vn -0.2497634 0.6790979 0.6902066
vn -0.1659901 0.8461867 0.5063326
vn -0.3623462 0.06442457 0.9298074
vn -0.5178991 -0.6390271 0.5686209
vn -0.6856899 0.1708426 0.7075106
vn -0.4456923 0.1119724 0.8881497
vn -0.3877071 0.1190832 0.9140294
vn -0.4060488 0.1029084 0.9080172
vn -0.3877071 0.120487 0.9138463
vn -0.3980224 0.1015961 0.91171
vn -0.3874019 0.1216773 0.9138157
vn -0.380047 0.09808647 0.9197363
vn -0.3870663 0.122074 0.9139073
vn -0.3679617 0.1072725 0.9236122
vn -0.356975 0.09955137 0.9287698
vn -0.3628956 0.5919981 0.7195654
vn -0.2599567 0.6748864 0.6905729
vn -0.3776055 0.06503492 0.9236427
vn -0.3997619 0.02545243 0.9162267
vn -0.6332591 -0.2775048 0.7224342
vn -0.4093447 0.02999967 0.9118626
vn -0.4084292 0.06689655 0.9103061
vn -0.5224158 0.4185613 0.742851
vn -0.3993652 0.06720173 0.914304
vn -0.5203711 0.4233833 0.7415693
vn -0.3849605 0.02514719 0.9225745
vn -0.3689383 0.02877891 0.9289835
vn -0.3690909 0.02899253 0.9289224
vn -0.3766289 0.03247165 0.925779
vn -0.3888974 0.03613388 0.9205603
vn -0.4127628 -0.5765557 0.7050997
vn -0.401593 -0.6658834 0.6287118
vn -0.4475539 0.07153534 0.8913846
vn -0.6922208 0.1104465 0.7131565
vn -0.3826411 0.07492291 0.920835
vn -0.4486831 0.03524887 0.8929716
vn -0.3817255 0.01519817 0.924131
vn -0.6563616 0.04419076 0.7531358
vn -0.695883 0.05444496 0.7160558
vn -0.01745659 -0.992523 -0.1206091
vn -0.01757866 -0.992523 -0.1206701
vn -0.1245155 -0.990112 -0.0643025
vn -0.3185522 -0.707419 0.6309092
vn -0.01788383 -0.9921873 -0.1233558
vn -0.1280251 -0.9884335 -0.08111816
vn -0.1243629 -0.9898374 -0.06891077
vn -0.01770073 -0.9923093 -0.1222571
vn -0.3246254 -0.7058321 0.6295663
vn -0.3245643 -0.7057405 0.6297189
vn -0.01754814 -0.9920652 -0.1244239
vn -0.3068026 -0.713889 0.6294443
vn -0.3247475 -0.7059236 0.6294137
vn -0.1297952 -0.9879452 -0.08398693
vn -0.3220924 -0.7049165 0.6318858
vn -0.3218482 -0.704764 0.6322215
vn -0.01794487 -0.9919126 -0.1254006
vn -0.4728843 -0.7574999 0.4499954
vn -0.01751762 -0.9919431 -0.1254311
vn -0.3807795 0.08798485 0.9204382
vn -0.3986023 0.09042632 0.9126255
vn -0.3219703 -0.7054659 0.6313669
vn -0.4066286 0.09146398 0.9089938
vn -0.3216956 -0.7060457 0.6308481
vn -0.4467299 0.09970396 0.8890652
vn -0.4285104 -0.7341838 0.5266274
vn -0.6886197 0.1529588 0.7087924
vn -0.3995178 0.06079286 0.9146702
vn -0.2665792 0.6761681 0.6868191
vn -0.3785821 0.05835133 0.9237037
vn -0.2562639 0.6794946 0.6874294
vn -0.431196 -0.6635945 0.6112552
vn -0.4091311 0.02746665 0.9120457
vn -0.3999756 0.02414011 0.9161962
vn -0.408887 0.06045717 0.9105502
vn -0.3811762 0.5930662 0.7091586
vn -0.2660909 0.6761376 0.6870022
vn -0.3846248 0.02392649 0.9227271
vn -0.3687247 0.02890098 0.929075
vn -0.3699454 0.03003019 0.9285562
vn -0.3804743 0.03305155 0.924192
vn -0.3922544 0.03518784 0.9191565
vn -0.442793 -0.541612 0.7145299
vn -0.3617969 0.09353923 0.9275186
vn -0.3781853 0.06976526 0.9230629
vn -0.365276 0.05813771 0.9290445
vn -0.6935942 0.09906303 0.7134922
vn -0.4482253 0.0640583 0.8915982
vn -0.1688589 0.8483535 0.5017243
vn -0.3863949 -0.000549333 0.9223304
vn -0.3867611 -0.000793481 0.9221473
vn -0.3867611 -0.000701926 0.9221473
vn -0.5144505 0.000732444 0.8574786
vn -0.4490799 0.03198337 0.89288
vn -0.802057 0.001556396 0.5972167
vn -0.6964019 0.04940944 0.7159337
vn -0.3859676 -0.000457778 0.922483
vn -0.3788873 0.01596117 0.9252907
vn -0.379284 -0.01559495 0.9251381
vn -0.3858455 -0.000549333 0.922544
vn -0.3862728 -0.00061037 0.9223609
vn -0.3709525 -0.07303076 0.9257485
vn -0.3633839 -0.05343788 0.9300821
vn -0.3799249 -0.05642867 0.9232765
vn -0.370983 -0.02941983 0.9281594
vn -0.3690909 -0.02975553 0.9288919
vn -0.3802911 -0.03250217 0.9242836
vn -0.3844112 -0.02340769 0.9228492
vn -0.3999146 -0.02313297 0.9162267
vn -0.4498733 0.5323039 0.7170629
vn -0.3922239 -0.03555405 0.9191565
vn -0.4087954 -0.02633744 0.9122288
vn -0.439436 0.6602985 0.6089969
vn -0.4086734 -0.05932796 0.9107028
vn -0.3995178 -0.05990779 0.9147618
vn -0.2671285 -0.6769921 0.6857814
vn -0.2667928 -0.6761376 0.6867581
vn -0.2565691 -0.6797083 0.6871243
vn -0.172338 -0.8433485 0.5089267
vn -0.4063845 -0.09009063 0.9092075
vn -0.321482 0.7067171 0.6301767
vn -0.3985107 -0.08917504 0.9127781
vn -0.3216651 0.7061678 0.630726
vn -0.3819696 -0.0871303 0.9200415
vn -0.1760002 0.949736 0.2587969
vn -0.3615528 -0.08954131 0.9280068
vn -0.6881008 -0.1503952 0.70983
vn -0.3213294 0.7078158 0.6290475
vn -0.4463637 -0.09823906 0.8894314
vn -0.3216651 0.7070223 0.6297799
vn -0.3213294 0.7072665 0.6296579
vn -0.6931059 -0.09704881 0.7142552
vn -0.447676 -0.06277656 0.8919645
vn -0.3867 -0.000762963 0.9221778
vn -0.386639 -0.000671407 0.9222083
vn -0.4479812 -0.03167819 0.8934599
vn -0.51442 0.000732444 0.8575091
vn -0.6958525 -0.04980617 0.716422
vn -0.2622761 0.6747337 0.6898404
vn -0.3804132 0.05682545 0.9230629
vn -0.3986633 0.05874812 0.9151891
vn -0.446089 0.0979644 0.889584
vn -0.4514603 -0.7435835 0.4931791
vn -0.6881924 0.1497543 0.7098605
vn -0.3233741 -0.7072665 0.6286203
vn -0.3241981 -0.7067782 0.6287423
vn -0.4066591 0.09018218 0.9090853
vn -0.3985107 0.08868676 0.9128391
vn -0.3816034 0.08563494 0.9203162
vn -0.3615223 0.08951079 0.9280374
vn -0.4088565 0.02710038 0.9121677
vn -0.3996399 0.02417063 0.9163488
vn -0.3802301 -0.7006134 0.6037782
vn -0.530076 -0.5840327 0.6147038
vn -0.6242867 -0.4211859 0.6578875
vn -0.4087954 0.05941951 0.9106723
vn -0.3497421 0.6228523 0.6997589
vn -0.2606586 0.6758934 0.6893521
vn -0.3846553 0.02414011 0.9227271
vn -0.3687247 0.02923673 0.9290445
vn -0.1809442 -0.9382916 0.2946257
vn -0.3000885 -0.7347941 0.6082644
vn -0.3112583 -0.7306436 0.607654
vn -0.36198 -0.7022309 0.6130253
vn -0.4477065 0.06277656 0.8919645
vn -0.6931059 0.09704881 0.7142552
vn -0.2497329 0.6796777 0.6896573
vn -0.3642689 0.05908381 0.9294107
vn -0.3771477 0.06927698 0.9235512
vn -0.448561 0.03143405 0.8931852
vn -0.3782159 0.01635789 0.9255654
vn -0.6958525 0.04855489 0.7165136
vn -0.7777642 -0.1048921 0.6197088
vn -0.7091891 0.2070375 0.6739097
vn -0.4934538 0.2978606 0.8171331
vn -0.5684683 0.2930082 0.7687308
vn -0.7341838 0.3598132 0.5757317
vn -0.9683828 -0.06399726 0.2410657
vn -0.9742729 0.000244148 0.2252876
vn -0.7892392 -0.008301019 -0.6140019
vn -0.9462874 0.001831054 0.3232215
vn -0.947142 0.05267494 0.3163549
vn -0.9422895 0.08163696 0.3246254
vn -0.786462 0.06738483 -0.6139103
vn -0.7896359 0.05197298 -0.6113163
vn -0.7928404 0.0237739 -0.6089358
vn -0.9407636 0.1077609 0.3213904
vn -0.7878048 0.07501447 -0.6112858
vn -0.7871639 0.06646931 -0.6131169
vn -0.9245277 0.252205 0.2855922
vn -0.7502976 0.2296518 -0.6198614
vn -0.7657704 0.2081057 -0.6084781
vn -0.7672659 0.1927854 -0.6116214
vn -0.7732475 0.178106 -0.6085086
vn -0.9172949 0.2304452 0.3246864
vn -0.7700735 0.1572924 -0.618244
vn -0.9246193 0.2059084 0.3203223
vn -0.7712333 0.1528062 -0.6179082
vn -0.929136 0.1812189 0.322245
vn -0.7729728 0.1550951 -0.6151311
vn -0.9349346 0.1543931 0.3194067
vn -0.7804194 0.1374554 -0.6099429
vn -0.7863094 0.1109042 -0.6077761
vn -0.9341716 0.2859584 0.2132633
vn -0.9322489 0.290231 0.2158879
vn -0.7572863 0.2705771 -0.594348
vn -0.9272134 0.3004242 0.2235175
vn -0.7496872 0.2803735 -0.5994141
vn -0.9206824 0.3154698 0.2297738
vn -0.9387189 0.186346 0.2899258
vn -0.8802149 0.3563341 0.3134251
vn -0.9295633 0.2463148 0.2741783
vn -0.7470626 0.2968841 -0.5946837
vn -0.911008 0.3301798 0.2469558
vn -0.8368785 0.3595691 0.4126408
vn -0.7769097 0.3581652 0.517777
vn -0.6851711 0.3558763 0.6354869
vn -0.6306955 0.3525803 0.6912748
vn -0.566393 0.3498642 0.746147
vn -0.4932401 0.3471786 0.7975707
vn -0.4039125 0.3472701 0.8462783
vn -0.2974029 0.2935575 0.908475
vn -0.2593158 0.3398846 0.9039888
vn 0.7734916 0.4328745 0.4628742
vn -0.3990295 0.2868435 0.8709067
vn -0.642201 0.2839137 0.7119969
vn -0.7876217 0.1013824 0.6077151
vn -0.7638173 0.1901608 0.6167486
vn -0.6998199 0.2817774 0.6563616
vn -0.873867 0.08044677 0.4794152
vn -0.8782007 0.0592364 0.4745628
vn -0.879635 0.03051847 0.4746239
vn -0.88464 -0.005127072 0.4662007
vn -0.8023622 -0.08038574 0.5913572
vn -0.815424 -0.0821253 0.5729545
vn -0.8272042 -0.06906336 0.5576037
vn -0.8261666 0.006500422 0.5633412
vn -0.7618336 -0.1896725 0.6193121
vn -0.7122715 -0.2041688 0.6715293
vn -0.5743278 -0.2870876 0.7665944
vn -0.6417127 -0.2834254 0.7126072
vn -0.4885708 -0.2974639 0.8202155
vn -0.4087344 -0.2933134 0.8642231
vn -0.3136692 -0.2456129 0.9172033
vn -0.2867214 -0.3531297 0.8905301
vn -0.4106265 -0.3507187 0.841609
vn -0.4913785 -0.3521531 0.7965331
vn -0.5674917 -0.351146 0.7447127
vn -0.6825159 -0.3605151 0.6357311
vn -0.632191 -0.3527024 0.6898709
vn -0.731315 -0.3616443 0.5782037
vn -0.8374584 -0.3567613 0.4139226
vn -0.7762078 -0.3611255 0.5167394
vn -0.8793908 -0.3567308 0.3152257
vn -0.7739799 -0.2780236 -0.568865
vn -0.7426374 -0.3135777 -0.5916929
vn -0.7182837 -0.3350017 -0.6097293
vn -0.7119663 -0.3635975 -0.6007264
vn -0.8852809 -0.3454085 0.3113498
vn -0.8821986 -0.3546251 0.3096713
vn -0.9161046 -0.2865993 0.2802515
vn -0.9206213 -0.3079622 0.2399365
vn -0.7562487 -0.2764366 -0.5929747
vn -0.7507858 -0.2678915 -0.6037477
vn -0.7600024 -0.2304147 -0.607654
vn -0.9400922 -0.2721335 0.2052674
vn -0.7625965 -0.2079226 -0.6125065
vn -0.7963805 -0.02108824 -0.6043885
vn -0.7870419 -0.04751729 -0.6150395
vn -0.9682913 -0.08633685 0.2343821
vn -0.7922911 -0.05609297 -0.6075015
vn -0.9749748 -0.08368176 0.2058779
vn -0.7833186 -0.07394635 -0.6171758
vn -0.9623402 -0.1163671 0.2455519
vn -0.7849666 -0.09497356 -0.6122013
vn -0.9693899 -0.138493 0.2025818
vn -0.7863705 -0.1081881 -0.6081728
vn -0.9754631 -0.1463667 0.1644337
vn -0.7737053 -0.1226233 -0.6215094
vn -0.9479964 -0.1664174 0.271218
vn -0.7776116 -0.1482589 -0.6109806
vn -0.960448 -0.2045961 0.1887875
vn -0.7705008 -0.1638233 -0.6159856
vn -0.933134 -0.2276375 0.2782067
vn -0.7699515 -0.1894283 -0.6092715
vn -0.762627 -0.2079531 -0.6124455
vn -0.7560045 0.3004547 0.5814997
vn -0.7564928 0.2882778 0.586993
vn -0.7378765 0.2920926 0.608417
vn -0.7512437 0.2783288 0.5984069
vn -0.7771844 0.2572405 0.5742668
vn -0.8160955 0.1908322 0.5454573
vn -0.7970519 0.2448195 0.5520188
vn -0.8904996 0.1892147 0.4137089
vn -0.8791772 0.1900388 0.4368724
vn -0.8548235 0.1991027 0.4791406
vn -0.8319651 0.1904965 0.5210425
vn -0.9305704 0.189642 0.3130894
vn -0.9148533 0.1958678 0.352977
vn -0.8996857 0.1919614 0.3920102
vn -0.8725547 -0.3104343 0.3771477
vn -0.8867153 -0.3002411 0.3515122
vn -0.7946105 -0.2548906 0.5509507
vn -0.8205206 -0.1548509 0.5502182
vn -0.7917722 -0.3624988 0.4915616
vn -0.8409681 -0.2835475 0.4607685
vn -0.8343455 -0.3398846 0.4339427
vn -0.8666647 -0.3033235 0.3960082
vn -0.761803 -0.3289895 0.558031
vn -0.7280191 -0.2971892 0.6177557
vn -0.7538377 -0.1890316 0.6292306
vn -0.7845699 -0.2017884 0.58623
vn -0.7667471 -0.2278206 0.600116
vn -0.8204291 -0.1238746 0.558153
vn -0.7669912 -0.131901 0.6279183
vn -0.8250374 -0.1753288 0.5371258
vn -0.8354137 0.2315439 0.4984283
vn -0.8541215 0.1952879 0.4819483
vn -0.8558 0.16245 0.4910733
vn -0.8693808 0.1090426 0.4819177
vn -0.7003998 -0.2805871 0.6562395
vn -0.7425153 -0.2797021 0.6086001
vn -0.7220069 -0.2674642 0.6380505
vn -0.7389752 -0.295053 0.6056398
vn -0.7530137 0.3252663 0.5719474
vn -0.8776208 -0.04907375 0.4767907
vn -0.8793603 -0.08572649 0.4683371
vn -0.8643453 -0.1024506 0.4923246
vn -0.8464614 -0.1372112 0.51442
vn -0.835963 -0.1543931 0.5265664
vn -0.8220771 -0.2079836 0.5299844
vn -0.8427686 -0.2340159 0.484695
vn -0.8171331 -0.2568438 0.5160375
vn -0.779046 -0.2595905 0.5706656
vn -0.7562487 -0.2780846 0.5921812
vn -0.7606738 -0.2922452 0.5796076
vn -0.75515 -0.2860805 0.5897702
vn -0.7564318 -0.2932829 0.5846126
vn -0.7904905 -0.2419812 0.5625782
vn -0.7989746 -0.2239143 0.5580615
vn -0.7898495 -0.2640461 0.5535142
vn -0.8297983 -0.2284005 0.5091403
vn -0.879574 -0.2054201 0.4290597
vn -0.8380383 -0.2305673 0.4944609
vn -0.854915 -0.1985534 0.4792321
vn -0.9006012 -0.1667226 0.4013794
vn -0.9009674 -0.2136296 0.377636
vn -0.9262673 -0.1868953 0.3272194
vn -0.9208655 -0.2262642 0.317484
vn -0.9221168 -0.2331614 0.3086947
vn -0.9321879 -0.2441175 0.2672201
vn -0.9151586 -0.3126621 0.2543107
vn -0.9302652 -0.2873318 0.2280648
vn -0.9296548 -0.3259072 0.1718192
vn -0.9474471 -0.2820826 0.1507309
vn -0.9401837 -0.2525712 0.2284615
vn -0.9295328 -0.2205267 0.2954802
vn -0.9379253 -0.2015748 0.2821741
vn -0.9506821 -0.142796 0.2752465
vn -0.941435 -0.07876825 0.3278298
vn -0.9537339 -0.09262365 0.2859279
vn -0.9448836 -0.1250038 0.30253
vn -0.9509873 -0.04257327 0.3061922
vn -0.0180059 0.9919431 -0.12537
vn -0.1763665 0.9502854 0.2565996
vn -0.32078 0.7079684 0.6291086
vn -0.3208411 0.708121 0.628956
vn -0.01776176 0.9920652 -0.1243934
vn -0.1249427 0.9896543 -0.07010102
vn -0.01757866 0.9922178 -0.1232032
vn -0.3089999 0.7144078 0.6277657
vn -0.1291238 0.9884335 -0.07931756
vn -0.1286965 0.9881893 -0.08282721
vn -0.3258767 0.7042757 0.6306955
vn -0.3260293 0.7044893 0.6303598
vn -0.01770073 0.9923093 -0.1223182
vn -0.01791435 0.992523 -0.120487
vn -0.1250343 0.9899594 -0.0655232
vn -0.3798334 -0.01532024 0.924894
vn -0.3708609 -0.07397687 0.925718
vn -0.3620105 -0.05407875 0.9305704
vn -0.380047 -0.05764943 0.9231544
vn -0.3764458 -0.03183078 0.9258705
vn -0.368572 -0.02868735 0.929136
vn -0.3847774 -0.02328562 0.9226966
vn -0.4001587 -0.02319401 0.9161351
vn -0.4911649 0.4899442 0.7201758
vn -0.3885922 -0.03646957 0.9206519
vn -0.4091006 -0.02667313 0.9120762
vn -0.4974517 0.6005432 0.6259346
vn -0.4936674 0.6118351 0.6179998
vn -0.408887 -0.06042665 0.9105502
vn -0.3997009 -0.06100648 0.9145787
vn -0.2657857 -0.6766869 0.6866055
vn -0.2650837 -0.6754357 0.6881008
vn -0.2544633 -0.6794641 0.6881313
vn -0.1680349 -0.8480789 0.5024873
vn -0.3219703 0.7072665 0.6293222
vn -0.3616138 -0.09295934 0.9276711
vn -0.3813898 -0.0894497 0.9200415
vn -0.3987548 -0.09158605 0.9124424
vn -0.4065676 -0.09286779 0.9088717
vn -0.3258156 0.7048555 0.6300547
vn -0.4468215 -0.1014435 0.8888211
vn -0.3259377 0.7054048 0.6293832
vn -0.6881313 -0.1537522 0.7090671
vn -0.3250526 0.7051912 0.6300852
vn -0.4482253 -0.0640583 0.8915982
vn -0.6935942 -0.09906303 0.7134922
vn -0.4485 -0.03222751 0.8931852
vn -0.696524 -0.05069124 0.7157201
vn -0.3844417 -0.0178228 0.9229408
vn -0.3865169 0.000457778 0.9222694
vn -0.3864559 3.05185e-05 0.9222999
vn -0.3785821 -0.07415997 0.9225745
vn -0.3726615 -0.05389565 0.9263893
vn -0.3805658 -0.05511641 0.9230934
vn -0.3697317 -0.09070098 0.9246803
vn -0.3830378 -0.08505505 0.9197974
vn -0.3057344 0.7330546 0.6075625
vn -0.3769036 -0.03112888 0.925718
vn -0.3852351 -0.02490305 0.9224525
vn -0.3106174 0.7311624 0.6073489
vn -0.3918271 -0.02392649 0.9197058
vn -0.3106784 0.7317423 0.6066164
vn -0.3960387 -0.02606278 0.9178442
vn -0.4319895 0.6660665 0.6080203
vn -0.3683584 -0.6073489 0.7038484
vn -0.3960692 -0.05697804 0.9164403
vn -0.2660604 -0.6769616 0.6862087
vn -0.3914609 -0.05844295 0.9183019
vn -0.2628864 -0.677572 0.6868191
vn -0.258034 -0.6765648 0.6896573
vn -0.1767327 -0.8446608 0.505234
vn -0.3906064 -0.08502453 0.9165929
vn -0.3939329 -0.08548229 0.9151281
vn -0.3206885 0.7083346 0.6287729
vn -0.4347972 -0.09442424 0.8955046
vn -0.3206275 0.7083652 0.6287729
vn -0.6838282 -0.147679 0.7145299
vn -0.6156804 0.6933805 0.37434
vn -0.6885892 -0.09527873 0.718833
vn -0.4357433 -0.06033504 0.8980377
vn -0.3864254 -0.000305185 0.9222999
vn -0.3863949 -0.000274667 0.9222999
vn -0.4361095 -0.03076261 0.8993499
vn -0.5071566 0.000854518 0.8618122
vn -0.6911832 -0.04907375 0.7209693
vn -0.3853877 0.04629653 0.9215674
vn -0.3813288 0.05728322 0.9226356
vn -0.3909726 0.05774098 0.9185766
vn -0.3295388 -0.7020478 0.6312448
vn -0.6840419 0.147679 0.7143163
vn -0.434431 0.09460735 0.8956878
vn -0.324839 -0.7073885 0.6277352
vn -0.3939634 0.08639788 0.9150364
vn -0.3252052 -0.7065951 0.6284372
vn -0.3906064 0.08578753 0.9165319
vn -0.3249916 -0.7067171 0.6283761
vn -0.3828547 0.08447521 0.9199194
vn -0.3250221 -0.7069918 0.628071
vn -0.31489 -0.7118442 0.6277352
vn -0.3698538 0.09100615 0.9246193
vn -0.3960387 0.02636796 0.9178442
vn -0.4863735 -0.6294748 0.6059145
vn -0.4898221 -0.6212348 0.6116214
vn -0.3960692 0.05700856 0.9164098
vn -0.3864559 0.5113071 0.767571
vn -0.3845943 0.04773092 0.9218421
vn -0.3023774 -0.7333903 0.6088138
vn -0.3076876 -0.7309488 0.6091189
vn -0.3852962 0.02478098 0.9224525
vn -0.3080233 -0.7315592 0.6081728
vn -0.3918271 0.02423167 0.9197058
vn -0.4357433 0.06033504 0.8980377
vn -0.6885892 0.09527873 0.718833
vn -0.3765069 0.05288857 0.9248635
vn -0.3726005 0.05960261 0.9260537
vn -0.3839228 0.07074189 0.9206213
vn -0.6912748 0.04788351 0.7209693
vn -0.7930845 0.001464843 0.6090884
vn -0.4365673 0.03036588 0.8991363
vn -0.3763237 0.03033536 0.9259621
vn -0.3853267 0.01718187 0.922605
f 1//1 2//2 3//3
f 3//3 4//4 1//1
f 5//5 2//2 1//1
f 6//6 7//7 8//8
f 8//8 7//7 9//9
f 8//8 9//9 10//10
f 11//11 12//12 6//6
f 6//6 12//12 13//13
f 6//6 13//13 7//7
f 14//14 15//15 11//11
f 11//11 15//15 16//16
f 17//17 18//18 14//14
f 14//14 18//18 19//19
f 14//14 19//19 15//15
f 20//20 21//21 17//17
f 17//17 21//21 22//22
f 23//23 24//24 25//25
f 23//23 25//25 26//26
f 26//26 25//25 27//27
f 26//26 27//27 20//20
f 20//20 27//27 28//28
f 20//20 28//28 21//21
f 29//29 23//23 30//30
f 30//30 23//23 31//31
f 30//30 31//31 32//32
f 32//32 31//31 33//33
f 34//34 33//33 35//35
f 34//34 35//35 36//36
f 37//37 38//38 39//39
f 39//39 38//38 40//40
f 39//39 40//40 35//35
f 35//35 40//40 41//41
f 35//35 41//41 36//36
f 42//42 43//43 44//44
f 42//42 44//44 37//37
f 37//37 44//44 45//45
f 37//37 45//45 46//46
f 47//47 48//48 49//49
f 47//47 49//49 50//50
f 49//49 51//51 50//50
f 50//50 51//51 52//52
f 50//50 52//52 53//53
f 53//53 52//52 54//54
f 53//53 54//54 55//55
f 55//55 54//54 56//56
f 55//55 56//56 43//43
f 57//57 48//48 47//47
f 57//57 47//47 58//58
f 58//58 47//47 59//59
f 58//58 59//59 60//60
f 60//60 59//59 61//61
f 61//61 59//59 62//62
f 61//61 62//62 63//63
f 63//63 62//62 64//64
f 63//63 64//64 65//65
f 65//65 64//64 66//66
f 66//66 67//67 68//68
f 68//68 67//67 69//69
f 68//68 69//69 70//70
f 71//71 72//72 73//73
f 71//71 73//73 69//69
f 69//69 73//73 74//74
f 75//75 76//76 77//77
f 77//77 76//76 78//78
f 77//77 78//78 72//72
f 79//79 80//80 81//81
f 81//81 80//80 82//82
f 81//81 82//82 75//75
f 75//75 82//82 83//83
f 84//84 85//85 79//79
f 79//79 85//85 86//86
f 87//87 88//88 89//89
f 87//87 89//89 90//90
f 90//90 89//89 91//91
f 90//90 91//91 84//84
f 84//84 91//91 92//92
f 84//84 92//92 85//85
f 93//93 87//87 94//94
f 94//94 87//87 95//95
f 94//94 95//95 96//96
f 96//96 95//95 97//97
f 97//97 95//95 98//98
f 97//97 98//98 99//99
f 100//100 101//101 102//102
f 102//102 101//101 103//103
f 102//102 103//103 98//98
f 98//98 103//103 104//104
f 98//98 104//104 99//99
f 100//100 105//105 106//106
f 100//100 106//106 101//101
f 107//107 108//108 81//81
f 81//81 108//108 79//79
f 79//79 108//108 109//109
f 79//79 109//109 84//84
f 84//84 109//109 110//110
f 84//84 110//110 90//90
f 90//90 110//110 87//87
f 87//87 110//110 111//111
f 87//87 111//111 95//95
f 95//95 111//111 112//112
f 95//95 112//112 98//98
f 98//98 112//112 113//113
f 98//98 113//113 102//102
f 102//102 113//113 114//114
f 102//102 114//114 100//100
f 100//100 114//114 115//115
f 100//100 115//115 116//116
f 116//116 115//115 117//117
f 81//81 75//75 107//107
f 107//107 75//75 77//77
f 107//107 77//77 118//118
f 118//118 71//71 119//119
f 119//119 71//71 69//69
f 120//120 121//121 122//122
f 123//123 124//124 122//122
f 125//125 126//126 127//127
f 125//125 127//127 128//128
f 129//129 130//130 127//127
f 127//127 130//130 131//131
f 127//127 131//131 128//128
f 132//132 133//133 134//134
f 135//135 136//136 129//129
f 133//133 137//137 134//134
f 134//134 137//137 138//138
f 134//134 138//138 139//139
f 140//140 130//130 141//141
f 141//141 130//130 129//129
f 141//141 129//129 142//142
f 122//122 143//143 144//144
f 122//122 144//144 145//145
f 145//145 144//144 146//146
f 146//146 147//147 145//145
f 145//145 147//147 148//148
f 145//145 148//148 149//149
f 149//149 150//150 145//145
f 145//145 150//150 151//151
f 145//145 151//151 134//134
f 134//134 151//151 152//152
f 134//134 152//152 132//132
f 153//153 154//154 155//155
f 155//155 156//156 157//157
f 157//157 158//158 155//155
f 155//155 158//158 159//159
f 155//155 159//159 122//122
f 122//122 160//160 123//123
f 161//161 162//162 163//163
f 163//163 162//162 164//164
f 163//163 164//164 165//165
f 165//165 166//166 163//163
f 163//163 166//166 167//167
f 163//163 167//167 155//155
f 155//155 168//168 153//153
f 169//169 170//170 171//171
f 171//171 170//170 172//172
f 171//171 172//172 173//173
f 174//174 175//175 176//176
f 176//176 175//175 177//177
f 176//176 177//177 171//171
f 171//171 177//177 178//178
f 171//171 178//178 169//169
f 176//176 179//179 174//174
f 180//180 181//181 176//176
f 176//176 181//181 182//182
f 176//176 182//182 183//183
f 184//184 185//185 186//186
f 187//187 188//188 163//163
f 163//163 188//188 189//189
f 163//163 189//189 184//184
f 184//184 189//189 190//190
f 184//184 190//190 185//185
f 191//191 192//192 155//155
f 155//155 192//192 193//193
f 155//155 193//193 163//163
f 163//163 193//193 194//194
f 163//163 194//194 187//187
f 121//121 195//195 122//122
f 122//122 195//195 196//196
f 122//122 196//196 155//155
f 155//155 196//196 197//197
f 155//155 197//197 191//191
f 198//198 199//199 145//145
f 145//145 199//199 200//200
f 145//145 200//200 122//122
f 122//122 200//200 201//201
f 122//122 201//201 120//120
f 202//202 203//203 134//134
f 134//134 203//203 204//204
f 134//134 204//204 205//205
f 205//205 206//206 134//134
f 134//134 206//206 207//207
f 134//134 207//207 145//145
f 145//145 207//207 208//208
f 145//145 208//208 198//198
f 127//127 209//209 210//210
f 211//211 212//212 202//202
f 202//202 212//212 213//213
f 202//202 213//213 203//203
f 139//139 135//135 134//134
f 134//134 135//135 129//129
f 134//134 129//129 202//202
f 202//202 129//129 127//127
f 202//202 127//127 211//211
f 211//211 127//127 210//210
f 186//186 180//180 184//184
f 184//184 180//180 176//176
f 184//184 176//176 163//163
f 163//163 176//176 171//171
f 163//163 171//171 161//161
f 161//161 171//171 173//173
f 214//214 215//215 216//216
f 215//215 217//217 216//216
f 216//216 218//218 219//219
f 218//218 220//220 219//219
f 219//219 221//221 222//222
f 222//222 221//221 223//223
f 222//222 223//223 224//224
f 224//224 223//223 225//225
f 226//226 227//227 228//228
f 229//229 230//230 231//231
f 232//232 233//233 234//234
f 232//232 234//234 235//235
f 236//236 237//237 238//238
f 238//238 237//237 239//239
f 238//238 239//239 240//240
f 241//241 242//242 243//243
f 236//236 238//238 244//244
f 244//244 238//238 245//245
f 244//244 245//245 246//246
f 246//246 245//245 247//247
f 247//247 245//245 248//248
f 247//247 248//248 249//249
f 249//249 248//248 250//250
f 249//249 250//250 251//251
f 251//251 250//250 252//252
f 251//251 252//252 253//253
f 253//253 252//252 254//254
f 254//254 252//252 255//255
f 254//254 255//255 256//256
f 256//256 255//255 257//257
f 256//256 257//257 258//258
f 258//258 257//257 259//259
f 258//258 259//259 260//260
f 260//260 259//259 261//261
f 261//261 259//259 262//262
f 261//261 262//262 263//263
f 228//228 227//227 264//264
f 227//227 265//265 264//264
f 264//264 265//265 266//266
f 264//264 266//266 262//262
f 262//262 266//266 267//267
f 262//262 267//267 263//263
f 226//226 228//228 268//268
f 268//268 228//228 269//269
f 268//268 269//269 270//270
f 270//270 269//269 271//271
f 272//272 271//271 273//273
f 272//272 273//273 274//274
f 274//274 273//273 275//275
f 275//275 273//273 276//276
f 275//275 276//276 277//277
f 277//277 276//276 278//278
f 277//277 278//278 279//279
f 235//235 234//234 238//238
f 238//238 234//234 280//280
f 238//238 280//280 245//245
f 245//245 280//280 281//281
f 245//245 281//281 248//248
f 248//248 281//281 282//282
f 248//248 282//282 250//250
f 250//250 282//282 283//283
f 250//250 283//283 252//252
f 252//252 283//283 284//284
f 252//252 284//284 255//255
f 255//255 284//284 285//285
f 255//255 285//285 257//257
f 257//257 285//285 286//286
f 257//257 286//286 259//259
f 259//259 286//286 287//287
f 259//259 287//287 262//262
f 262//262 287//287 288//288
f 262//262 288//288 264//264
f 264//264 288//288 289//289
f 264//264 289//289 228//228
f 228//228 289//289 290//290
f 228//228 290//290 269//269
f 269//269 290//290 291//291
f 269//269 291//291 271//271
f 271//271 291//291 292//292
f 271//271 292//292 273//273
f 273//273 292//292 293//293
f 273//273 293//293 276//276
f 276//276 293//293 294//294
f 276//276 294//294 278//278
f 278//278 294//294 241//241
f 278//278 241//241 295//295
f 295//295 241//241 243//243
f 295//295 243//243 296//296
f 296//296 229//229 295//295
f 295//295 229//229 231//231
f 295//295 231//231 278//278
f 278//278 231//231 297//297
f 278//278 297//297 279//279
f 298//298 299//299 300//300
f 301//301 302//302 303//303
f 233//233 304//304 234//234
f 234//234 304//304 305//305
f 234//234 305//305 280//280
f 285//285 284//284 306//306
f 294//294 307//307 308//308
f 294//294 308//308 241//241
f 241//241 308//308 242//242
f 309//309 310//310 311//311
f 312//312 298//298 311//311
f 312//312 311//311 313//313
f 313//313 311//311 310//310
f 284//284 283//283 306//306
f 306//306 283//283 282//282
f 306//306 282//282 305//305
f 305//305 282//282 281//281
f 305//305 281//281 280//280
f 289//289 288//288 314//314
f 314//314 288//288 287//287
f 314//314 287//287 306//306
f 306//306 287//287 286//286
f 306//306 286//286 285//285
f 315//315 294//294 293//293
f 293//293 292//292 315//315
f 315//315 292//292 291//291
f 315//315 291//291 314//314
f 314//314 291//291 290//290
f 314//314 290//290 289//289
f 294//294 315//315 311//311
f 311//311 315//315 316//316
f 317//317 318//318 319//319
f 317//317 319//319 320//320
f 320//320 319//319 321//321
f 320//320 321//321 322//322
f 322//322 321//321 323//323
f 322//322 323//323 324//324
f 324//324 323//323 325//325
f 324//324 325//325 326//326
f 326//326 325//325 327//327
f 328//328 329//329 330//330
f 330//330 329//329 331//331
f 330//330 331//331 327//327
f 327//327 332//332 326//326
f 333//333 334//334 335//335
f 335//335 334//334 336//336
f 335//335 336//336 337//337
f 337//337 336//336 338//338
f 337//337 338//338 328//328
f 328//328 338//338 339//339
f 340//340 341//341 342//342
f 342//342 341//341 343//343
f 342//342 343//343 344//344
f 344//344 343//343 345//345
f 344//344 345//345 333//333
f 333//333 345//345 346//346
f 347//347 348//348 349//349
f 349//349 348//348 350//350
f 349//349 350//350 351//351
f 351//351 350//350 352//352
f 351//351 352//352 340//340
f 340//340 352//352 353//353
f 354//354 355//355 356//356
f 356//356 355//355 357//357
f 356//356 357//357 347//347
f 347//347 357//357 358//358
f 347//347 358//358 348//348
f 359//359 360//360 361//361
f 361//361 362//362 354//354
f 354//354 362//362 363//363
f 354//354 363//363 355//355
f 364//364 365//365 366//366
f 364//364 366//366 367//367
f 367//367 366//366 368//368
f 367//367 368//368 369//369
f 369//369 368//368 370//370
f 369//369 370//370 359//359
f 359//359 370//370 371//371
f 359//359 371//371 360//360
f 372//372 373//373 374//374
f 374//374 373//373 375//375
f 374//374 375//375 376//376
f 364//364 377//377 378//378
f 378//378 377//377 376//376
f 378//378 376//376 379//379
f 380//380 372//372 374//374
f 180//180 381//381 181//181
f 181//181 381//381 382//382
f 381//381 186//186 185//185
f 381//381 185//185 383//383
f 383//383 185//185 190//190
f 383//383 190//190 384//384
f 385//385 386//386 387//387
f 387//387 386//386 388//388
f 387//387 388//388 389//389
f 190//190 189//189 384//384
f 384//384 189//189 188//188
f 384//384 188//188 390//390
f 390//390 188//188 187//187
f 390//390 187//187 391//391
f 391//391 187//187 194//194
f 391//391 194//194 392//392
f 393//393 394//394 395//395
f 395//395 396//396 397//397
f 397//397 396//396 398//398
f 388//388 398//398 399//399
f 400//400 401//401 393//393
f 393//393 401//401 402//402
f 393//393 402//402 394//394
f 403//403 404//404 400//400
f 400//400 404//404 405//405
f 194//194 193//193 392//392
f 392//392 193//193 192//192
f 392//392 192//192 406//406
f 406//406 192//192 191//191
f 406//406 191//191 407//407
f 407//407 191//191 197//197
f 407//407 197//197 408//408
f 409//409 410//410 411//411
f 411//411 412//412 403//403
f 403//403 412//412 413//413
f 403//403 413//413 404//404
f 197//197 196//196 408//408
f 408//408 196//196 195//195
f 408//408 195//195 414//414
f 414//414 195//195 121//121
f 414//414 121//121 415//415
f 416//416 417//417 418//418
f 418//418 417//417 419//419
f 418//418 419//419 409//409
f 409//409 419//419 420//420
f 409//409 420//420 410//410
f 121//121 120//120 415//415
f 415//415 120//120 201//201
f 415//415 201//201 421//421
f 421//421 201//201 200//200
f 421//421 200//200 422//422
f 422//422 200//200 199//199
f 422//422 199//199 423//423
f 424//424 425//425 426//426
f 426//426 427//427 416//416
f 416//416 427//427 428//428
f 416//416 428//428 417//417
f 429//429 430//430 424//424
f 424//424 430//430 431//431
f 424//424 431//431 425//425
f 432//432 433//433 429//429
f 429//429 433//433 434//434
f 199//199 198//198 423//423
f 423//423 198//198 208//208
f 423//423 208//208 435//435
f 435//435 208//208 207//207
f 435//435 207//207 436//436
f 436//436 207//207 206//206
f 436//436 206//206 437//437
f 437//437 206//206 205//205
f 437//437 205//205 438//438
f 438//438 205//205 204//204
f 438//438 204//204 439//439
f 440//440 382//382 381//381
f 440//440 381//381 441//441
f 441//441 381//381 383//383
f 441//441 383//383 442//442
f 442//442 383//383 384//384
f 442//442 384//384 443//443
f 443//443 384//384 390//390
f 443//443 390//390 444//444
f 444//444 390//390 391//391
f 444//444 391//391 445//445
f 445//445 391//391 392//392
f 445//445 392//392 446//446
f 446//446 392//392 406//406
f 446//446 406//406 447//447
f 447//447 406//406 407//407
f 447//447 407//407 448//448
f 448//448 407//407 408//408
f 448//448 408//408 449//449
f 449//449 408//408 414//414
f 449//449 414//414 450//450
f 450//450 414//414 415//415
f 450//450 415//415 451//451
f 451//451 415//415 421//421
f 451//451 421//421 452//452
f 452//452 421//421 422//422
f 452//452 422//422 453//453
f 453//453 422//422 423//423
f 453//453 423//423 454//454
f 454//454 423//423 435//435
f 454//454 435//435 455//455
f 455//455 435//435 436//436
f 455//455 436//436 456//456
f 456//456 436//436 437//437
f 456//456 437//437 457//457
f 457//457 437//437 438//438
f 457//457 438//438 458//458
f 458//458 438//438 439//439
f 458//458 439//439 459//459
f 460//460 440//440 441//441
f 460//460 441//441 461//461
f 461//461 441//441 442//442
f 461//461 442//442 386//386
f 386//386 442//442 443//443
f 386//386 443//443 388//388
f 388//388 443//443 444//444
f 388//388 444//444 397//397
f 397//397 444//444 445//445
f 397//397 445//445 395//395
f 395//395 445//445 446//446
f 395//395 446//446 393//393
f 393//393 446//446 447//447
f 393//393 447//447 400//400
f 400//400 448//448 403//403
f 403//403 448//448 449//449
f 403//403 449//449 411//411
f 411//411 449//449 450//450
f 411//411 450//450 409//409
f 409//409 450//450 451//451
f 409//409 451//451 418//418
f 418//418 451//451 452//452
f 418//418 452//452 416//416
f 416//416 452//452 453//453
f 416//416 453//453 426//426
f 426//426 453//453 454//454
f 426//426 454//454 424//424
f 424//424 454//454 455//455
f 424//424 455//455 429//429
f 429//429 455//455 456//456
f 429//429 456//456 432//432
f 432//432 456//456 457//457
f 432//432 457//457 462//462
f 462//462 457//457 458//458
f 462//462 458//458 463//463
f 463//463 458//458 459//459
f 463//463 459//459 464//464
f 464//464 465//465 466//466
f 463//463 466//466 467//467
f 462//462 467//467 468//468
f 462//462 468//468 432//432
f 432//432 469//469 433//433
f 213//213 470//470 203//203
f 471//471 464//464 472//472
f 472//472 464//464 459//459
f 472//472 459//459 470//470
f 470//470 459//459 439//439
f 470//470 439//439 203//203
f 203//203 439//439 204//204
f 473//473 471//471 474//474
f 474//474 471//471 472//472
f 474//474 472//472 475//475
f 475//475 472//472 470//470
f 475//475 470//470 211//211
f 211//211 470//470 212//212
f 211//211 210//210 475//475
f 475//475 476//476 474//474
f 474//474 477//477 473//473
f 467//467 466//466 478//478
f 343//343 341//341 479//479
f 368//368 366//366 480//480
f 481//481 482//482 483//483
f 484//484 485//485 486//486
f 487//487 488//488 489//489
f 490//490 491//491 492//492
f 492//492 491//491 493//493
f 492//492 493//493 494//494
f 495//495 496//496 497//497
f 496//496 498//498 497//497
f 497//497 498//498 499//499
f 497//497 499//499 500//500
f 487//487 489//489 501//501
f 502//502 503//503 504//504
f 504//504 503//503 505//505
f 506//506 507//507 508//508
f 509//509 510//510 508//508
f 508//508 510//510 511//511
f 508//508 511//511 506//506
f 484//484 486//486 512//512
f 513//513 514//514 515//515
f 514//514 516//516 515//515
f 517//517 518//518 519//519
f 519//519 518//518 520//520
f 519//519 520//520 521//521
f 522//522 523//523 524//524
f 524//524 523//523 525//525
f 524//524 525//525 526//526
f 526//526 525//525 527//527
f 528//528 529//529 530//530
f 530//530 529//529 531//531
f 530//530 531//531 522//522
f 522//522 531//531 532//532
f 522//522 532//532 523//523
f 483//483 482//482 525//525
f 525//525 482//482 533//533
f 534//534 535//535 536//536
f 536//536 535//535 537//537
f 536//536 537//537 483//483
f 483//483 538//538 481//481
f 539//539 540//540 541//541
f 541//541 542//542 539//539
f 539//539 542//542 543//543
f 539//539 543//543 544//544
f 544//544 543//543 545//545
f 544//544 545//545 546//546
f 540//540 539//539 547//547
f 547//547 539//539 548//548
f 547//547 548//548 549//549
f 548//548 550//550 551//551
f 552//552 553//553 554//554
f 552//552 554//554 555//555
f 555//555 554//554 548//548
f 556//556 557//557 558//558
f 558//558 557//557 559//559
f 558//558 559//559 560//560
f 560//560 559//559 561//561
f 556//556 562//562 557//557
f 557//557 562//562 563//563
f 557//557 563//563 552//552
f 552//552 563//563 564//564
f 552//552 564//564 565//565
f 566//566 567//567 568//568
f 568//568 567//567 569//569
f 569//569 567//567 570//570
f 570//570 567//567 571//571
f 570//570 571//571 572//572
f 572//572 571//571 573//573
f 573//573 571//571 574//574
f 573//573 574//574 575//575
f 575//575 574//574 576//576
f 576//576 574//574 577//577
f 576//576 577//577 578//578
f 365//365 378//378 577//577
f 577//577 378//378 379//379
f 577//577 379//379 578//578
f 578//578 379//379 375//375
f 578//578 375//375 579//579
f 579//579 375//375 373//373
f 579//579 373//373 372//372
f 368//368 480//480 370//370
f 580//580 360//360 371//371
f 355//355 363//363 581//581
f 581//581 363//363 362//362
f 348//348 358//358 582//582
f 582//582 358//358 357//357
f 341//341 353//353 479//479
f 479//479 353//353 352//352
f 479//479 352//352 350//350
f 334//334 346//346 583//583
f 583//583 346//346 345//345
f 329//329 339//339 584//584
f 584//584 339//339 338//338
f 584//584 338//338 336//336
f 585//585 332//332 331//331
f 586//586 317//317 587//587
f 587//587 317//317 588//588
f 320//320 322//322 585//585
f 322//322 324//324 585//585
f 585//585 324//324 326//326
f 585//585 326//326 332//332
f 317//317 320//320 588//588
f 588//588 320//320 585//585
f 588//588 585//585 589//589
f 589//589 585//585 590//590
f 589//589 590//590 591//591
f 465//465 592//592 593//593
f 593//593 594//594 595//595
f 596//596 433//433 469//469
f 596//596 469//469 468//468
f 428//428 427//427 597//597
f 597//597 427//427 425//425
f 598//598 596//596 599//599
f 598//598 599//599 431//431
f 600//600 419//419 417//417
f 601//601 410//410 600//600
f 600//600 410//410 420//420
f 600//600 420//420 419//419
f 405//405 404//404 602//602
f 602//602 404//404 413//413
f 602//602 413//413 601//601
f 601//601 413//413 412//412
f 402//402 603//603 394//394
f 394//394 603//603 396//396
f 396//396 603//603 398//398
f 398//398 603//603 604//604
f 398//398 604//604 399//399
f 605//605 385//385 387//387
f 605//605 387//387 604//604
f 604//604 387//387 389//389
f 604//604 389//389 399//399
f 606//606 605//605 607//607
f 607//607 605//605 608//608
f 607//607 608//608 609//609
f 609//609 608//608 610//610
f 610//610 608//608 497//497
f 610//610 497//497 493//493
f 493//493 497//497 500//500
f 493//493 500//500 494//494
f 611//611 612//612 613//613
f 613//613 612//612 614//614
f 613//613 614//614 615//615
f 615//615 614//614 616//616
f 615//615 616//616 515//515
f 515//515 616//616 519//519
f 515//515 519//519 513//513
f 513//513 519//519 521//521
f 611//611 617//617 612//612
f 612//612 617//617 536//536
f 612//612 536//536 614//614
f 614//614 536//536 483//483
f 614//614 483//483 616//616
f 616//616 483//483 525//525
f 616//616 525//525 519//519
f 519//519 525//525 523//523
f 519//519 523//523 517//517
f 517//517 523//523 532//532
f 366//366 365//365 480//480
f 480//480 365//365 577//577
f 480//480 577//577 618//618
f 618//618 577//577 574//574
f 618//618 574//574 619//619
f 619//619 574//574 571//571
f 619//619 571//571 620//620
f 620//620 571//571 567//567
f 620//620 567//567 559//559
f 559//559 567//567 566//566
f 371//371 370//370 580//580
f 580//580 370//370 480//480
f 580//580 480//480 621//621
f 621//621 480//480 618//618
f 621//621 618//618 622//622
f 622//622 618//618 619//619
f 622//622 619//619 623//623
f 623//623 619//619 620//620
f 623//623 620//620 624//624
f 624//624 620//620 559//559
f 624//624 559//559 625//625
f 625//625 559//559 557//557
f 625//625 557//557 626//626
f 626//626 557//557 552//552
f 626//626 552//552 627//627
f 627//627 552//552 555//555
f 627//627 555//555 628//628
f 628//628 555//555 548//548
f 628//628 548//548 629//629
f 629//629 548//548 539//539
f 629//629 539//539 617//617
f 617//617 539//539 544//544
f 617//617 544//544 536//536
f 536//536 544//544 546//546
f 630//630 590//590 631//631
f 631//631 590//590 585//585
f 631//631 585//585 584//584
f 584//584 585//585 331//331
f 584//584 331//331 329//329
f 632//632 630//630 633//633
f 633//633 630//630 631//631
f 633//633 631//631 634//634
f 634//634 631//631 584//584
f 634//634 584//584 583//583
f 583//583 584//584 336//336
f 583//583 336//336 334//334
f 635//635 632//632 636//636
f 636//636 632//632 633//633
f 636//636 633//633 637//637
f 637//637 633//633 634//634
f 637//637 634//634 638//638
f 638//638 634//634 583//583
f 638//638 583//583 479//479
f 479//479 583//583 345//345
f 479//479 345//345 343//343
f 639//639 635//635 640//640
f 640//640 635//635 636//636
f 640//640 636//636 641//641
f 641//641 636//636 637//637
f 641//641 637//637 642//642
f 642//642 637//637 638//638
f 642//642 638//638 643//643
f 643//643 638//638 479//479
f 643//643 479//479 582//582
f 582//582 479//479 350//350
f 582//582 350//350 348//348
f 644//644 639//639 645//645
f 645//645 639//639 640//640
f 645//645 640//640 646//646
f 646//646 640//640 641//641
f 646//646 641//641 647//647
f 647//647 641//641 642//642
f 647//647 642//642 648//648
f 648//648 642//642 643//643
f 648//648 643//643 649//649
f 649//649 643//643 582//582
f 649//649 582//582 581//581
f 581//581 582//582 357//357
f 581//581 357//357 355//355
f 627//627 644//644 626//626
f 626//626 644//644 645//645
f 626//626 645//645 625//625
f 625//625 645//645 646//646
f 625//625 646//646 624//624
f 624//624 646//646 647//647
f 624//624 647//647 623//623
f 623//623 647//647 648//648
f 623//623 648//648 622//622
f 622//622 648//648 649//649
f 622//622 649//649 621//621
f 621//621 649//649 581//581
f 621//621 581//581 580//580
f 580//580 581//581 362//362
f 580//580 362//362 360//360
f 650//650 602//602 603//603
f 603//603 602//602 651//651
f 603//603 651//651 604//604
f 604//604 651//651 652//652
f 604//604 652//652 605//605
f 605//605 652//652 653//653
f 605//605 653//653 608//608
f 608//608 653//653 654//654
f 608//608 654//654 497//497
f 497//497 654//654 489//489
f 497//497 489//489 495//495
f 507//507 502//502 508//508
f 508//508 502//502 504//504
f 508//508 504//504 655//655
f 655//655 504//504 656//656
f 655//655 656//656 657//657
f 657//657 656//656 658//658
f 657//657 658//658 659//659
f 659//659 658//658 660//660
f 659//659 660//660 661//661
f 661//661 660//660 662//662
f 661//661 662//662 663//663
f 663//663 662//662 664//664
f 663//663 664//664 665//665
f 665//665 664//664 666//666
f 665//665 666//666 667//667
f 667//667 666//666 668//668
f 667//667 668//668 669//669
f 669//669 668//668 597//597
f 669//669 597//597 599//599
f 599//599 597//597 425//425
f 599//599 425//425 431//431
f 670//670 512//512 671//671
f 671//671 512//512 486//486
f 671//671 486//486 672//672
f 672//672 486//486 673//673
f 672//672 673//673 674//674
f 674//674 673//673 675//675
f 674//674 675//675 676//676
f 676//676 675//675 677//677
f 676//676 677//677 678//678
f 678//678 677//677 679//679
f 678//678 679//679 680//680
f 680//680 679//679 681//681
f 680//680 681//681 682//682
f 682//682 681//681 683//683
f 682//682 683//683 684//684
f 684//684 683//683 685//685
f 684//684 685//685 686//686
f 686//686 685//685 687//687
f 686//686 687//687 688//688
f 688//688 687//687 689//689
f 688//688 689//689 690//690
f 690//690 689//689 691//691
f 690//690 691//691 692//692
f 692//692 691//691 478//478
f 692//692 478//478 593//593
f 593//593 478//478 466//466
f 593//593 466//466 465//465
f 485//485 509//509 486//486
f 486//486 509//509 508//508
f 486//486 508//508 673//673
f 673//673 508//508 655//655
f 673//673 655//655 675//675
f 675//675 655//655 657//657
f 675//675 657//657 677//677
f 677//677 657//657 659//659
f 677//677 659//659 679//679
f 679//679 659//659 661//661
f 679//679 661//661 681//681
f 681//681 661//661 663//663
f 681//681 663//663 683//683
f 683//683 663//663 665//665
f 683//683 665//665 685//685
f 685//685 665//665 667//667
f 685//685 667//667 687//687
f 687//687 667//667 669//669
f 687//687 669//669 689//689
f 689//689 669//669 599//599
f 689//689 599//599 691//691
f 691//691 599//599 596//596
f 691//691 596//596 478//478
f 478//478 596//596 468//468
f 478//478 468//468 467//467
f 505//505 501//501 504//504
f 504//504 501//501 489//489
f 504//504 489//489 656//656
f 656//656 489//489 654//654
f 656//656 654//654 658//658
f 658//658 654//654 653//653
f 658//658 653//653 660//660
f 660//660 653//653 652//652
f 660//660 652//652 662//662
f 662//662 652//652 651//651
f 662//662 651//651 664//664
f 664//664 651//651 602//602
f 664//664 602//602 666//666
f 666//666 602//602 601//601
f 666//666 601//601 668//668
f 668//668 601//601 600//600
f 668//668 600//600 597//597
f 597//597 600//600 417//417
f 597//597 417//417 428//428
f 693//693 694//694 515//515
f 515//515 694//694 671//671
f 515//515 671//671 615//615
f 615//615 671//671 672//672
f 615//615 672//672 613//613
f 613//613 672//672 674//674
f 613//613 674//674 611//611
f 611//611 674//674 676//676
f 611//611 676//676 617//617
f 617//617 676//676 678//678
f 617//617 678//678 629//629
f 629//629 678//678 680//680
f 629//629 680//680 628//628
f 628//628 680//680 682//682
f 628//628 682//682 627//627
f 627//627 682//682 684//684
f 627//627 684//684 644//644
f 644//644 684//684 686//686
f 644//644 686//686 639//639
f 639//639 686//686 688//688
f 639//639 688//688 635//635
f 635//635 688//688 690//690
f 635//635 690//690 632//632
f 632//632 690//690 692//692
f 632//632 692//692 630//630
f 630//630 692//692 593//593
f 630//630 593//593 590//590
f 590//590 593//593 595//595
f 590//590 595//595 591//591
f 695//695 696//696 697//697
f 698//698 699//699 700//700
f 701//701 702//702 703//703
f 704//704 705//705 706//706
f 707//707 708//708 709//709
f 710//710 711//711 712//712
f 713//713 714//714 715//715
f 716//716 528//528 530//530
f 714//714 717//717 715//715
f 715//715 225//225 718//718
f 718//718 225//225 223//223
f 718//718 223//223 221//221
f 719//719 720//720 721//721
f 721//721 720//720 722//722
f 721//721 722//722 723//723
f 724//724 725//725 726//726
f 726//726 725//725 727//727
f 712//712 711//711 708//708
f 728//728 729//729 730//730
f 579//579 372//372 731//731
f 731//731 372//372 732//732
f 731//731 732//732 733//733
f 553//553 734//734 554//554
f 554//554 734//734 735//735
f 736//736 556//556 737//737
f 737//737 556//556 558//558
f 737//737 558//558 738//738
f 738//738 558//558 560//560
f 738//738 560//560 561//561
f 734//734 565//565 564//564
f 734//734 564//564 736//736
f 736//736 564//564 563//563
f 736//736 563//563 562//562
f 739//739 568//568 569//569
f 739//739 569//569 740//740
f 740//740 569//569 570//570
f 740//740 570//570 741//741
f 579//579 731//731 578//578
f 578//578 731//731 742//742
f 578//578 742//742 576//576
f 570//570 572//572 741//741
f 741//741 572//572 573//573
f 741//741 573//573 742//742
f 742//742 573//573 575//575
f 742//742 575//575 576//576
f 731//731 730//730 729//729
f 731//731 729//729 742//742
f 742//742 729//729 743//743
f 742//742 743//743 741//741
f 741//741 743//743 744//744
f 741//741 744//744 740//740
f 740//740 744//744 745//745
f 740//740 745//745 739//739
f 739//739 745//745 746//746
f 747//747 748//748 749//749
f 749//749 748//748 750//750
f 751//751 752//752 729//729
f 729//729 752//752 753//753
f 729//729 753//753 743//743
f 743//743 753//753 754//754
f 743//743 754//754 744//744
f 744//744 754//754 755//755
f 744//744 755//755 745//745
f 745//745 755//755 756//756
f 745//745 756//756 746//746
f 746//746 756//756 757//757
f 758//758 759//759 760//760
f 760//760 759//759 761//761
f 760//760 761//761 762//762
f 762//762 761//761 763//763
f 762//762 763//763 764//764
f 765//765 758//758 766//766
f 766//766 758//758 760//760
f 766//766 760//760 767//767
f 767//767 760//760 762//762
f 768//768 769//769 770//770
f 770//770 769//769 749//749
f 770//770 749//749 757//757
f 757//757 749//749 750//750
f 757//757 750//750 746//746
f 771//771 772//772 768//768
f 768//768 772//772 773//773
f 773//773 774//774 768//768
f 768//768 774//774 775//775
f 768//768 775//775 769//769
f 769//769 775//775 776//776
f 769//769 776//776 749//749
f 749//749 776//776 704//704
f 749//749 704//704 747//747
f 747//747 704//704 706//706
f 777//777 778//778 764//764
f 764//764 779//779 780//780
f 764//764 780//780 762//762
f 762//762 780//780 781//781
f 762//762 781//781 782//782
f 783//783 784//784 785//785
f 785//785 784//784 786//786
f 708//708 711//711 709//709
f 709//709 711//711 787//787
f 709//709 787//787 786//786
f 786//786 787//787 788//788
f 786//786 788//788 785//785
f 789//789 790//790 791//791
f 788//788 792//792 785//785
f 785//785 792//792 789//789
f 785//785 789//789 793//793
f 793//793 789//789 791//791
f 793//793 791//791 794//794
f 793//793 795//795 796//796
f 793//793 796//796 797//797
f 783//783 785//785 798//798
f 798//798 785//785 793//793
f 798//798 793//793 799//799
f 799//799 793//793 797//797
f 799//799 797//797 800//800
f 801//801 802//802 726//726
f 726//726 802//802 803//803
f 726//726 803//803 804//804
f 703//703 805//805 806//806
f 807//807 808//808 805//805
f 805//805 808//808 809//809
f 805//805 809//809 806//806
f 810//810 811//811 803//803
f 803//803 811//811 812//812
f 803//803 812//812 813//813
f 813//813 701//701 803//803
f 803//803 701//701 703//703
f 803//803 703//703 804//804
f 804//804 703//703 806//806
f 702//702 814//814 703//703
f 703//703 814//814 815//815
f 703//703 815//815 805//805
f 805//805 815//815 816//816
f 805//805 816//816 807//807
f 807//807 817//817 808//808
f 808//808 817//817 818//818
f 808//808 818//818 819//819
f 712//712 724//724 710//710
f 710//710 724//724 726//726
f 710//710 726//726 711//711
f 711//711 726//726 804//804
f 711//711 804//804 787//787
f 787//787 804//804 806//806
f 787//787 806//806 788//788
f 788//788 806//806 809//809
f 788//788 809//809 792//792
f 792//792 809//809 808//808
f 792//792 808//808 789//789
f 789//789 808//808 819//819
f 789//789 819//819 790//790
f 800//800 820//820 799//799
f 799//799 820//820 821//821
f 752//752 707//707 753//753
f 753//753 707//707 709//709
f 753//753 709//709 754//754
f 754//754 709//709 786//786
f 754//754 786//786 755//755
f 755//755 786//786 784//784
f 755//755 784//784 756//756
f 756//756 784//784 783//783
f 756//756 783//783 757//757
f 757//757 783//783 798//798
f 757//757 798//798 770//770
f 770//770 798//798 799//799
f 770//770 799//799 768//768
f 768//768 799//799 822//822
f 768//768 822//822 771//771
f 220//220 823//823 221//221
f 221//221 823//823 824//824
f 221//221 824//824 718//718
f 718//718 824//824 825//825
f 718//718 825//825 715//715
f 826//826 827//827 828//828
f 828//828 827//827 829//829
f 699//699 698//698 830//830
f 830//830 698//698 831//831
f 830//830 831//831 832//832
f 832//832 831//831 826//826
f 832//832 826//826 823//823
f 823//823 826//826 828//828
f 823//823 828//828 824//824
f 824//824 828//828 829//829
f 824//824 829//829 825//825
f 697//697 696//696 700//700
f 700//700 696//696 833//833
f 700//700 833//833 698//698
f 698//698 833//833 834//834
f 698//698 834//834 831//831
f 831//831 834//834 835//835
f 831//831 835//835 826//826
f 826//826 835//835 836//836
f 826//826 836//836 827//827
f 837//837 838//838 839//839
f 839//839 838//838 840//840
f 837//837 841//841 838//838
f 838//838 841//841 842//842
f 838//838 842//842 720//720
f 720//720 842//842 843//843
f 720//720 843//843 722//722
f 844//844 845//845 846//846
f 846//846 845//845 847//847
f 848//848 849//849 850//850
f 850//850 851//851 847//847
f 847//847 851//851 852//852
f 847//847 852//852 853//853
f 844//844 854//854 845//845
f 845//845 854//854 855//855
f 845//845 855//855 840//840
f 840//840 855//855 856//856
f 840//840 856//856 839//839
f 695//695 857//857 696//696
f 696//696 857//857 858//858
f 696//696 858//858 833//833
f 833//833 858//858 859//859
f 833//833 859//859 834//834
f 834//834 859//859 860//860
f 834//834 860//860 835//835
f 835//835 860//860 850//850
f 835//835 850//850 836//836
f 836//836 850//850 847//847
f 836//836 847//847 827//827
f 827//827 847//847 845//845
f 827//827 845//845 829//829
f 829//829 845//845 840//840
f 829//829 840//840 825//825
f 825//825 840//840 838//838
f 825//825 838//838 715//715
f 715//715 838//838 720//720
f 715//715 720//720 713//713
f 713//713 720//720 719//719
f 861//861 862//862 863//863
f 863//863 864//864 865//865
f 866//866 867//867 859//859
f 859//859 867//867 868//868
f 859//859 868//868 860//860
f 860//860 868//868 869//869
f 870//870 871//871 857//857
f 857//857 872//872 858//858
f 858//858 872//872 873//873
f 858//858 873//873 859//859
f 859//859 873//873 874//874
f 859//859 874//874 866//866
f 875//875 876//876 860//860
f 860//860 876//876 877//877
f 860//860 877//877 850//850
f 850//850 877//877 878//878
f 716//716 530//530 879//879
f 879//879 530//530 522//522
f 879//879 522//522 880//880
f 527//527 881//881 526//526
f 526//526 881//881 880//880
f 526//526 880//880 524//524
f 524//524 880//880 522//522
f 481//481 882//882 482//482
f 482//482 882//882 881//881
f 217//217 215//215 883//883
f 883//883 215//215 884//884
f 883//883 884//884 885//885
f 885//885 884//884 886//886
f 885//885 886//886 887//887
f 481//481 538//538 882//882
f 882//882 537//537 888//888
f 888//888 537//537 535//535
f 888//888 535//535 534//534
f 889//889 890//890 891//891
f 891//891 890//890 892//892
f 893//893 894//894 884//884
f 884//884 894//894 879//879
f 884//884 879//879 886//886
f 886//886 879//879 880//880
f 886//886 880//880 887//887
f 887//887 880//880 881//881
f 887//887 881//881 895//895
f 895//895 881//881 882//882
f 895//895 882//882 889//889
f 889//889 882//882 888//888
f 889//889 888//888 890//890
f 890//890 888//888 534//534
f 890//890 546//546 545//545
f 890//890 545//545 892//892
f 892//892 545//545 543//543
f 892//892 543//543 542//542
f 547//547 896//896 540//540
f 547//547 897//897 896//896
f 896//896 897//897 898//898
f 896//896 898//898 697//697
f 697//697 898//898 899//899
f 697//697 899//899 695//695
f 695//695 899//899 863//863
f 695//695 863//863 857//857
f 857//857 863//863 865//865
f 857//857 865//865 870//870
f 547//547 549//549 897//897
f 897//897 551//551 735//735
f 735//735 551//551 550//550
f 220//220 218//218 823//823
f 823//823 218//218 883//883
f 823//823 883//883 832//832
f 832//832 883//883 885//885
f 832//832 885//885 830//830
f 830//830 885//885 887//887
f 830//830 887//887 699//699
f 699//699 887//887 895//895
f 699//699 895//895 700//700
f 700//700 895//895 889//889
f 700//700 889//889 697//697
f 697//697 889//889 891//891
f 697//697 891//891 896//896
f 896//896 891//891 892//892
f 896//896 892//892 900//900
f 900//900 892//892 542//542
f 900//900 542//542 541//541
f 774//774 777//777 775//775
f 775//775 777//777 764//764
f 775//775 764//764 776//776
f 776//776 764//764 763//763
f 776//776 763//763 704//704
f 704//704 763//763 761//761
f 704//704 761//761 705//705
f 705//705 761//761 759//759
f 705//705 759//759 901//901
f 901//901 759//759 758//758
f 901//901 758//758 902//902
f 902//902 758//758 765//765
f 902//902 765//765 861//861
f 861//861 863//863 902//902
f 902//902 863//863 899//899
f 902//902 899//899 901//901
f 901//901 899//899 898//898
f 901//901 898//898 705//705
f 705//705 898//898 897//897
f 705//705 897//897 706//706
f 706//706 897//897 735//735
f 706//706 735//735 747//747
f 747//747 735//735 734//734
f 747//747 734//734 748//748
f 748//748 734//734 736//736
f 748//748 736//736 750//750
f 750//750 736//736 737//737
f 750//750 737//737 746//746
f 746//746 737//737 738//738
f 746//746 738//738 739//739
f 739//739 738//738 566//566
f 739//739 566//566 568//568
f 903//903 904//904 905//905
f 903//903 906//906 904//904
f 907//907 908//908 909//909
f 910//910 911//911 912//912
f 855//855 854//854 913//913
f 866//866 874//874 914//914
f 260//260 261//261 915//915
f 916//916 917//917 918//918
f 919//919 920//920 921//921
f 922//922 923//923 924//924
f 925//925 926//926 927//927
f 927//927 928//928 925//925
f 925//925 928//928 929//929
f 925//925 929//929 922//922
f 922//922 929//929 930//930
f 922//922 930//930 923//923
f 926//926 925//925 931//931
f 931//931 925//925 932//932
f 931//931 932//932 933//933
f 934//934 935//935 936//936
f 936//936 935//935 937//937
f 937//937 938//938 936//936
f 936//936 938//938 939//939
f 936//936 939//939 932//932
f 932//932 939//939 940//940
f 932//932 940//940 933//933
f 941//941 942//942 943//943
f 944//944 945//945 941//941
f 941//941 945//945 946//946
f 941//941 946//946 947//947
f 948//948 949//949 950//950
f 950//950 949//949 951//951
f 950//950 951//951 952//952
f 953//953 954//954 948//948
f 948//948 954//954 955//955
f 948//948 955//955 949//949
f 956//956 957//957 958//958
f 958//958 957//957 953//953
f 956//956 958//958 959//959
f 959//959 958//958 960//960
f 959//959 960//960 961//961
f 921//921 920//920 960//960
f 960//960 920//920 962//962
f 960//960 962//962 961//961
f 963//963 964//964 919//919
f 965//965 966//966 967//967
f 965//965 967//967 963//963
f 963//963 967//967 968//968
f 963//963 968//968 964//964
f 969//969 970//970 965//965
f 965//965 970//970 971//971
f 965//965 971//971 966//966
f 972//972 973//973 969//969
f 969//969 973//973 974//974
f 969//969 974//974 970//970
f 975//975 976//976 977//977
f 977//977 978//978 972//972
f 979//979 980//980 981//981
f 981//981 980//980 975//975
f 981//981 975//975 982//982
f 982//982 975//975 977//977
f 982//982 977//977 983//983
f 984//984 918//918 985//985
f 986//986 987//987 981//981
f 981//981 988//988 979//979
f 917//917 989//989 918//918
f 918//918 989//989 990//990
f 918//918 990//990 985//985
f 991//991 992//992 993//993
f 993//993 992//992 994//994
f 993//993 994//994 995//995
f 995//995 994//994 996//996
f 995//995 996//996 997//997
f 998//998 999//999 993//993
f 993//993 999//999 1000//1000
f 993//993 1000//1000 991//991
f 1001//1001 1002//1002 998//998
f 998//998 1002//1002 1003//1003
f 998//998 1003//1003 999//999
f 297//297 231//231 998//998
f 998//998 231//231 230//230
f 230//230 1004//1004 998//998
f 998//998 1004//1004 1005//1005
f 998//998 1005//1005 1001//1001
f 274//274 275//275 993//993
f 993//993 275//275 277//277
f 993//993 277//277 998//998
f 998//998 277//277 279//279
f 998//998 279//279 297//297
f 274//274 993//993 272//272
f 272//272 993//993 995//995
f 1006//1006 1007//1007 265//265
f 265//265 227//227 1006//1006
f 1006//1006 227//227 226//226
f 1006//1006 226//226 995//995
f 995//995 226//226 268//268
f 995//995 268//268 270//270
f 915//915 261//261 1008//1008
f 261//261 263//263 1008//1008
f 1008//1008 263//263 267//267
f 1008//1008 267//267 1007//1007
f 1007//1007 267//267 266//266
f 1007//1007 266//266 265//265
f 260//260 915//915 258//258
f 258//258 915//915 1009//1009
f 258//258 1009//1009 256//256
f 256//256 1009//1009 1010//1010
f 256//256 1010//1010 254//254
f 1011//1011 249//249 1012//1012
f 1012//1012 249//249 251//251
f 1012//1012 251//251 1010//1010
f 1010//1010 251//251 253//253
f 1010//1010 253//253 254//254
f 236//236 244//244 1013//1013
f 1013//1013 244//244 246//246
f 1013//1013 246//246 1011//1011
f 1011//1011 246//246 247//247
f 1011//1011 247//247 249//249
f 1013//1013 813//813 812//812
f 237//237 236//236 1014//1014
f 1014//1014 236//236 1013//1013
f 1014//1014 1013//1013 1015//1015
f 1015//1015 1013//1013 812//812
f 1015//1015 812//812 811//811
f 813//813 1013//1013 701//701
f 701//701 1013//1013 1011//1011
f 701//701 1011//1011 702//702
f 815//815 1016//1016 816//816
f 816//816 1016//1016 1017//1017
f 816//816 1017//1017 807//807
f 790//790 819//819 1018//1018
f 1018//1018 819//819 818//818
f 1018//1018 818//818 1017//1017
f 1017//1017 818//818 817//817
f 1017//1017 817//817 807//807
f 797//797 796//796 1019//1019
f 1019//1019 796//796 795//795
f 797//797 1019//1019 800//800
f 800//800 1019//1019 1020//1020
f 800//800 1020//1020 820//820
f 771//771 822//822 983//983
f 773//773 1021//1021 774//774
f 774//774 1021//1021 777//777
f 777//777 1021//1021 969//969
f 777//777 969//969 778//778
f 778//778 969//969 965//965
f 963//963 782//782 781//781
f 963//963 781//781 965//965
f 965//965 781//781 780//780
f 965//965 780//780 779//779
f 919//919 921//921 963//963
f 963//963 921//921 766//766
f 963//963 766//766 767//767
f 960//960 862//862 861//861
f 960//960 861//861 921//921
f 921//921 765//765 766//766
f 958//958 871//871 870//870
f 958//958 870//870 960//960
f 960//960 870//870 865//865
f 960//960 865//865 864//864
f 953//953 948//948 958//958
f 958//958 948//948 873//873
f 958//958 873//873 872//872
f 875//875 869//869 1022//1022
f 1022//1022 869//869 868//868
f 1022//1022 868//868 914//914
f 914//914 868//868 867//867
f 1023//1023 877//877 1024//1024
f 913//913 854//854 1025//1025
f 1025//1025 854//854 844//844
f 1025//1025 844//844 846//846
f 846//846 853//853 1025//1025
f 1025//1025 853//853 852//852
f 1025//1025 852//852 1026//1026
f 1026//1026 852//852 851//851
f 1026//1026 851//851 1027//1027
f 1027//1027 849//849 848//848
f 913//913 839//839 856//856
f 913//913 856//856 855//855
f 843//843 842//842 1028//1028
f 1028//1028 842//842 841//841
f 723//723 722//722 1029//1029
f 1029//1029 722//722 1030//1030
f 1031//1031 1032//1032 1028//1028
f 1028//1028 1032//1032 1030//1030
f 1028//1028 1030//1030 843//843
f 843//843 1030//1030 722//722
f 1032//1032 1033//1033 1030//1030
f 1030//1030 1033//1033 1034//1034
f 1030//1030 1034//1034 1035//1035
f 1035//1035 1034//1034 1036//1036
f 1035//1035 1036//1036 1037//1037
f 1031//1031 1028//1028 1038//1038
f 1038//1038 1028//1028 1039//1039
f 1038//1038 1039//1039 1040//1040
f 1040//1040 1039//1039 1041//1041
f 1040//1040 1041//1041 1042//1042
f 912//912 911//911 1041//1041
f 1041//1041 911//911 1043//1043
f 1041//1041 1043//1043 1042//1042
f 1044//1044 1045//1045 910//910
f 1046//1046 1047//1047 1048//1048
f 1048//1048 1047//1047 1049//1049
f 1050//1050 1051//1051 1052//1052
f 1052//1052 1051//1051 1046//1046
f 925//925 1053//1053 1054//1054
f 925//925 1054//1054 932//932
f 932//932 1054//1054 1055//1055
f 932//932 1055//1055 1056//1056
f 1057//1057 1058//1058 922//922
f 922//922 1058//1058 1059//1059
f 922//922 1059//1059 925//925
f 925//925 1059//1059 1060//1060
f 925//925 1060//1060 1053//1053
f 903//903 1057//1057 906//906
f 906//906 1057//1057 922//922
f 906//906 922//922 1061//1061
f 1061//1061 922//922 924//924
f 1061//1061 924//924 1062//1062
f 1063//1063 1020//1020 1064//1064
f 1064//1064 1020//1020 1019//1019
f 1064//1064 1019//1019 1065//1065
f 1065//1065 1019//1019 794//794
f 1065//1065 794//794 1018//1018
f 1018//1018 794//794 791//791
f 1018//1018 791//791 790//790
f 1007//1007 1063//1063 1008//1008
f 1008//1008 1063//1063 1064//1064
f 1008//1008 1064//1064 915//915
f 915//915 1064//1064 1065//1065
f 915//915 1065//1065 1009//1009
f 1009//1009 1065//1065 1018//1018
f 1009//1009 1018//1018 1010//1010
f 1010//1010 1018//1018 1017//1017
f 1010//1010 1017//1017 1012//1012
f 1012//1012 1017//1017 1016//1016
f 1012//1012 1016//1016 1011//1011
f 1011//1011 1016//1016 814//814
f 1011//1011 814//814 702//702
f 972//972 969//969 977//977
f 977//977 969//969 1021//1021
f 977//977 1021//1021 983//983
f 983//983 1021//1021 772//772
f 983//983 772//772 771//771
f 985//985 986//986 984//984
f 984//984 986//986 981//981
f 984//984 981//981 1066//1066
f 1066//1066 981//981 982//982
f 1066//1066 982//982 1067//1067
f 1067//1067 982//982 983//983
f 1067//1067 983//983 1068//1068
f 1068//1068 983//983 822//822
f 997//997 916//916 995//995
f 995//995 916//916 918//918
f 995//995 918//918 1006//1006
f 1006//1006 918//918 984//984
f 1006//1006 984//984 1007//1007
f 1007//1007 984//984 1066//1066
f 1007//1007 1066//1066 1063//1063
f 1063//1063 1066//1066 1067//1067
f 1063//1063 1067//1067 1020//1020
f 1020//1020 1067//1067 1068//1068
f 1020//1020 1068//1068 820//820
f 820//820 1068//1068 821//821
f 908//908 1050//1050 909//909
f 909//909 1050//1050 1052//1052
f 909//909 1052//1052 943//943
f 943//943 1052//1052 1069//1069
f 943//943 1069//1069 941//941
f 941//941 1069//1069 1070//1070
f 941//941 1070//1070 944//944
f 944//944 1070//1070 950//950
f 944//944 950//950 1071//1071
f 942//942 934//934 943//943
f 943//943 934//934 936//936
f 943//943 936//936 909//909
f 909//909 936//936 932//932
f 909//909 932//932 907//907
f 907//907 932//932 1056//1056
f 841//841 837//837 1028//1028
f 1028//1028 837//837 1072//1072
f 1028//1028 1072//1072 1039//1039
f 1039//1039 1072//1072 913//913
f 1039//1039 913//913 1041//1041
f 1041//1041 913//913 1025//1025
f 1041//1041 1025//1025 912//912
f 912//912 1025//1025 1026//1026
f 910//910 912//912 1044//1044
f 1044//1044 912//912 1026//1026
f 1044//1044 1026//1026 1073//1073
f 1073//1073 1026//1026 1027//1027
f 1073//1073 1027//1027 1023//1023
f 1023//1023 1027//1027 878//878
f 1023//1023 878//878 877//877
f 875//875 1022//1022 1024//1024
f 1024//1024 1022//1022 1074//1074
f 1024//1024 1074//1074 1023//1023
f 1023//1023 1074//1074 1075//1075
f 1023//1023 1075//1075 1073//1073
f 1073//1073 1075//1075 1048//1048
f 1073//1073 1048//1048 1044//1044
f 1044//1044 1048//1048 1049//1049
f 1044//1044 1049//1049 1045//1045
f 1046//1046 1048//1048 1052//1052
f 1052//1052 1048//1048 1075//1075
f 1052//1052 1075//1075 1069//1069
f 1069//1069 1075//1075 1074//1074
f 1069//1069 1074//1074 1070//1070
f 1070//1070 1074//1074 1022//1022
f 1070//1070 1022//1022 950//950
f 950//950 1022//1022 914//914
f 950//950 914//914 948//948
f 948//948 914//914 874//874
f 948//948 874//874 873//873
f 1076//1076 1077//1077 1078//1078
f 1078//1078 1077//1077 1079//1079
f 1080//1080 224//224 717//717
f 1081//1081 1029//1029 1082//1082
f 1082//1082 1035//1035 1076//1076
f 1076//1076 1035//1035 1037//1037
f 1076//1076 1037//1037 1077//1077
f 717//717 714//714 1080//1080
f 1080//1080 714//714 713//713
f 1080//1080 713//713 1083//1083
f 1083//1083 713//713 719//719
f 1083//1083 719//719 1084//1084
f 1084//1084 719//719 721//721
f 1084//1084 721//721 1081//1081
f 1081//1081 721//721 723//723
f 1081//1081 723//723 1029//1029
f 1077//1077 1037//1037 1036//1036
f 1085//1085 1086//1086 1087//1087
f 1087//1087 1086//1086 1088//1088
f 1089//1089 1090//1090 1091//1091
f 1079//1079 1077//1077 1092//1092
f 1092//1092 1077//1077 1036//1036
f 1092//1092 1036//1036 1093//1093
f 1093//1093 1036//1036 1034//1034
f 1034//1034 1033//1033 1093//1093
f 1093//1093 1033//1033 1032//1032
f 1093//1093 1032//1032 1094//1094
f 1032//1032 1031//1031 1094//1094
f 1094//1094 1031//1031 1038//1038
f 1094//1094 1038//1038 1095//1095
f 1095//1095 1038//1038 1040//1040
f 1095//1095 1040//1040 1096//1096
f 1096//1096 1040//1040 1042//1042
f 1096//1096 1042//1042 1097//1097
f 1042//1042 1043//1043 1097//1097
f 1097//1097 1043//1043 911//911
f 1097//1097 911//911 1098//1098
f 1098//1098 911//911 910//910
f 1098//1098 910//910 1099//1099
f 1099//1099 910//910 1045//1045
f 1099//1099 1045//1045 1100//1100
f 1045//1045 1049//1049 1100//1100
f 1100//1100 1049//1049 1047//1047
f 1100//1100 1047//1047 1101//1101
f 1047//1047 1046//1046 1101//1101
f 1101//1101 1046//1046 1051//1051
f 1101//1101 1051//1051 1102//1102
f 1051//1051 1050//1050 1102//1102
f 1102//1102 1050//1050 908//908
f 1102//1102 908//908 1103//1103
f 908//908 907//907 1103//1103
f 1103//1103 907//907 1056//1056
f 1103//1103 1056//1056 1104//1104
f 1104//1104 1055//1055 1054//1054
f 1053//1053 1105//1105 1054//1054
f 1054//1054 1105//1105 1106//1106
f 1054//1054 1106//1106 1104//1104
f 903//903 1107//1107 1057//1057
f 1057//1057 1107//1107 1089//1089
f 1057//1057 1089//1089 1058//1058
f 1058//1058 1089//1089 1108//1108
f 1058//1058 1108//1108 1059//1059
f 1059//1059 1108//1108 1105//1105
f 1059//1059 1105//1105 1060//1060
f 1060//1060 1105//1105 1053//1053
f 1091//1091 1109//1109 1089//1089
f 1089//1089 1109//1109 1110//1110
f 1089//1089 1110//1110 1108//1108
f 1108//1108 1110//1110 1111//1111
f 1108//1108 1111//1111 1105//1105
f 1105//1105 1111//1111 1112//1112
f 1105//1105 1112//1112 1106//1106
f 1106//1106 1112//1112 1113//1113
f 1106//1106 1113//1113 1104//1104
f 1104//1104 1113//1113 1114//1114
f 1104//1104 1114//1114 1103//1103
f 1103//1103 1114//1114 1115//1115
f 1103//1103 1115//1115 1102//1102
f 1102//1102 1115//1115 1116//1116
f 1102//1102 1116//1116 1101//1101
f 1101//1101 1116//1116 1117//1117
f 1101//1101 1117//1117 1100//1100
f 1100//1100 1117//1117 1118//1118
f 1100//1100 1118//1118 1099//1099
f 1099//1099 1118//1118 1119//1119
f 1099//1099 1119//1119 1098//1098
f 1098//1098 1119//1119 1120//1120
f 1098//1098 1120//1120 1097//1097
f 1097//1097 1120//1120 1121//1121
f 1097//1097 1121//1121 1096//1096
f 1096//1096 1121//1121 1122//1122
f 1096//1096 1122//1122 1095//1095
f 1095//1095 1122//1122 1123//1123
f 1095//1095 1123//1123 1094//1094
f 1094//1094 1123//1123 1124//1124
f 1094//1094 1124//1124 1093//1093
f 1093//1093 1124//1124 1087//1087
f 1093//1093 1087//1087 1092//1092
f 1092//1092 1087//1087 1088//1088
f 1125//1125 1126//1126 1127//1127
f 1128//1128 1129//1129 1130//1130
f 1127//1127 1131//1131 1132//1132
f 1132//1132 1133//1133 1127//1127
f 1127//1127 1133//1133 1134//1134
f 1127//1127 1134//1134 1135//1135
f 1136//1136 1137//1137 1138//1138
f 1139//1139 1140//1140 1141//1141
f 1142//1142 1143//1143 1144//1144
f 1144//1144 1145//1145 1146//1146
f 1147//1147 1148//1148 1085//1085
f 1149//1149 1150//1150 1091//1091
f 1114//1114 1113//1113 1151//1151
f 1152//1152 1121//1121 1153//1153
f 1153//1153 1121//1121 1120//1120
f 1154//1154 1085//1085 1155//1155
f 1085//1085 1087//1087 1155//1155
f 1155//1155 1087//1087 1124//1124
f 1155//1155 1124//1124 1156//1156
f 1156//1156 1124//1124 1123//1123
f 1156//1156 1123//1123 1152//1152
f 1152//1152 1123//1123 1122//1122
f 1152//1152 1122//1122 1121//1121
f 1114//1114 1151//1151 1115//1115
f 1115//1115 1151//1151 1157//1157
f 1115//1115 1157//1157 1116//1116
f 1116//1116 1157//1157 1158//1158
f 1116//1116 1158//1158 1159//1159
f 1120//1120 1119//1119 1160//1160
f 1160//1160 1119//1119 1118//1118
f 1159//1159 1118//1118 1117//1117
f 1159//1159 1117//1117 1116//1116
f 1140//1140 1161//1161 1162//1162
f 1162//1162 1163//1163 1140//1140
f 1140//1140 1163//1163 1164//1164
f 1140//1140 1164//1164 1165//1165
f 1161//1161 1140//1140 1166//1166
f 1166//1166 1140//1140 1167//1167
f 1165//1165 1168//1168 1140//1140
f 1140//1140 1168//1168 1110//1110
f 1140//1140 1110//1110 1150//1150
f 1150//1150 1110//1110 1109//1109
f 1150//1150 1109//1109 1091//1091
f 1113//1113 1112//1112 1151//1151
f 1151//1151 1112//1112 1111//1111
f 1151//1151 1111//1111 1169//1169
f 1169//1169 1111//1111 1110//1110
f 1169//1169 1110//1110 1170//1170
f 903//903 905//905 1107//1107
f 1107//1107 905//905 1171//1171
f 1090//1090 1171//1171 1149//1149
f 1090//1090 1149//1149 1091//1091
f 920//920 1172//1172 1173//1173
f 105//105 1174//1174 1175//1175
f 105//105 1175//1175 106//106
f 1176//1176 1062//1062 924//924
f 1176//1176 924//924 1177//1177
f 1177//1177 924//924 923//923
f 1177//1177 923//923 1178//1178
f 106//106 1175//1175 101//101
f 101//101 1175//1175 1179//1179
f 101//101 1179//1179 103//103
f 103//103 1179//1179 1180//1180
f 103//103 1180//1180 104//104
f 104//104 1180//1180 1181//1181
f 104//104 1181//1181 99//99
f 923//923 930//930 1178//1178
f 1178//1178 930//930 929//929
f 1178//1178 929//929 1182//1182
f 1182//1182 929//929 928//928
f 1182//1182 928//928 1183//1183
f 1183//1183 928//928 927//927
f 1183//1183 927//927 1184//1184
f 1184//1184 927//927 926//926
f 1184//1184 926//926 1185//1185
f 97//97 1181//1181 1186//1186
f 97//97 1186//1186 96//96
f 96//96 1186//1186 1187//1187
f 96//96 1187//1187 94//94
f 94//94 1187//1187 1188//1188
f 94//94 1188//1188 93//93
f 926//926 931//931 1185//1185
f 1185//1185 931//931 933//933
f 1185//1185 933//933 1189//1189
f 1189//1189 933//933 940//940
f 1189//1189 940//940 1190//1190
f 1190//1190 940//940 939//939
f 1190//1190 939//939 1191//1191
f 88//88 1188//1188 1192//1192
f 88//88 1192//1192 89//89
f 89//89 1192//1192 1193//1193
f 89//89 1193//1193 91//91
f 939//939 938//938 1191//1191
f 1191//1191 938//938 937//937
f 1191//1191 937//937 1194//1194
f 1194//1194 937//937 935//935
f 1194//1194 935//935 1195//1195
f 91//91 1193//1193 92//92
f 92//92 1193//1193 1196//1196
f 92//92 1196//1196 85//85
f 85//85 1196//1196 1197//1197
f 85//85 1197//1197 86//86
f 80//80 1197//1197 1198//1198
f 80//80 1198//1198 82//82
f 935//935 934//934 1195//1195
f 1195//1195 934//934 942//942
f 1195//1195 942//942 1199//1199
f 1199//1199 942//942 947//947
f 1199//1199 947//947 1200//1200
f 82//82 1198//1198 83//83
f 83//83 1198//1198 1201//1201
f 83//83 1201//1201 76//76
f 76//76 1201//1201 1202//1202
f 76//76 1202//1202 78//78
f 947//947 946//946 1200//1200
f 1200//1200 946//946 945//945
f 1200//1200 945//945 1203//1203
f 1203//1203 945//945 944//944
f 1203//1203 944//944 1204//1204
f 78//78 1202//1202 72//72
f 72//72 1202//1202 1205//1205
f 72//72 1205//1205 73//73
f 944//944 1071//1071 1204//1204
f 1204//1204 952//952 1206//1206
f 73//73 1205//1205 74//74
f 74//74 1205//1205 1207//1207
f 70//70 1207//1207 1208//1208
f 70//70 1208//1208 68//68
f 952//952 951//951 1206//1206
f 1206//1206 951//951 949//949
f 1206//1206 949//949 1209//1209
f 1209//1209 949//949 955//955
f 1209//1209 955//955 1210//1210
f 955//955 954//954 1210//1210
f 1210//1210 954//954 953//953
f 1210//1210 953//953 1211//1211
f 1211//1211 953//953 957//957
f 1211//1211 957//957 1212//1212
f 68//68 1208//1208 66//66
f 66//66 1208//1208 1213//1213
f 66//66 1213//1213 65//65
f 65//65 1213//1213 1214//1214
f 65//65 1214//1214 63//63
f 63//63 1214//1214 1215//1215
f 63//63 1215//1215 61//61
f 957//957 956//956 1212//1212
f 1212//1212 956//956 959//959
f 1212//1212 959//959 1216//1216
f 1216//1216 959//959 961//961
f 1216//1216 961//961 1173//1173
f 1173//1173 961//961 962//962
f 1173//1173 962//962 920//920
f 1174//1174 1176//1176 1177//1177
f 1174//1174 1177//1177 1175//1175
f 1175//1175 1177//1177 1178//1178
f 1175//1175 1178//1178 1179//1179
f 1179//1179 1178//1178 1182//1182
f 1179//1179 1182//1182 1180//1180
f 1180//1180 1182//1182 1183//1183
f 1180//1180 1183//1183 1181//1181
f 1181//1181 1183//1183 1184//1184
f 1181//1181 1184//1184 1186//1186
f 1186//1186 1184//1184 1185//1185
f 1186//1186 1185//1185 1187//1187
f 1187//1187 1185//1185 1189//1189
f 1187//1187 1189//1189 1188//1188
f 1188//1188 1189//1189 1190//1190
f 1188//1188 1190//1190 1192//1192
f 1192//1192 1190//1190 1191//1191
f 1192//1192 1191//1191 1193//1193
f 1193//1193 1191//1191 1194//1194
f 1193//1193 1194//1194 1196//1196
f 1196//1196 1194//1194 1195//1195
f 1196//1196 1195//1195 1197//1197
f 1197//1197 1195//1195 1199//1199
f 1197//1197 1199//1199 1198//1198
f 1198//1198 1199//1199 1200//1200
f 1198//1198 1200//1200 1201//1201
f 1201//1201 1200//1200 1203//1203
f 1201//1201 1203//1203 1202//1202
f 1202//1202 1203//1203 1204//1204
f 1202//1202 1204//1204 1205//1205
f 1205//1205 1204//1204 1206//1206
f 1205//1205 1206//1206 1207//1207
f 1207//1207 1206//1206 1209//1209
f 1207//1207 1209//1209 1208//1208
f 1208//1208 1209//1209 1210//1210
f 1208//1208 1210//1210 1213//1213
f 1213//1213 1210//1210 1211//1211
f 1213//1213 1211//1211 1214//1214
f 1214//1214 1211//1211 1212//1212
f 1214//1214 1212//1212 1215//1215
f 1215//1215 1212//1212 1216//1216
f 1215//1215 1216//1216 1217//1217
f 1217//1217 1216//1216 1173//1173
f 1217//1217 1173//1173 1218//1218
f 1218//1218 1173//1173 1172//1172
f 1218//1218 1172//1172 1219//1219
f 61//61 1215//1215 60//60
f 60//60 1215//1215 1217//1217
f 60//60 1217//1217 58//58
f 58//58 1217//1217 1218//1218
f 58//58 1218//1218 57//57
f 57//57 1218//1218 1219//1219
f 57//57 1219//1219 48//48
f 1220//1220 1001//1001 1221//1221
f 1222//1222 1223//1223 10//10
f 1222//1222 10//10 1224//1224
f 1224//1224 10//10 9//9
f 1224//1224 9//9 1225//1225
f 9//9 7//7 1225//1225
f 1225//1225 7//7 13//13
f 1225//1225 13//13 1226//1226
f 1226//1226 13//13 12//12
f 1226//1226 12//12 1227//1227
f 1227//1227 16//16 1228//1228
f 1229//1229 991//991 1230//1230
f 1230//1230 991//991 1000//1000
f 1230//1230 1000//1000 1231//1231
f 1231//1231 1000//1000 999//999
f 1231//1231 999//999 1232//1232
f 1232//1232 999//999 1003//1003
f 1232//1232 1003//1003 1220//1220
f 1220//1220 1003//1003 1002//1002
f 1220//1220 1002//1002 1001//1001
f 16//16 15//15 1228//1228
f 1228//1228 15//15 19//19
f 1228//1228 19//19 1233//1233
f 1233//1233 19//19 18//18
f 18//18 1234//1234 1235//1235
f 18//18 1235//1235 1233//1233
f 1236//1236 997//997 1237//1237
f 1237//1237 997//997 996//996
f 1237//1237 996//996 1238//1238
f 1238//1238 996//996 994//994
f 1238//1238 994//994 1229//1229
f 1229//1229 994//994 992//992
f 1229//1229 992//992 991//991
f 1234//1234 21//21 28//28
f 1234//1234 28//28 1239//1239
f 1239//1239 28//28 27//27
f 1239//1239 27//27 1240//1240
f 1241//1241 989//989 1242//1242
f 1242//1242 989//989 917//917
f 1242//1242 917//917 1236//1236
f 1236//1236 917//917 916//916
f 27//27 25//25 1240//1240
f 1240//1240 25//25 24//24
f 1240//1240 24//24 1243//1243
f 1243//1243 29//29 1244//1244
f 1245//1245 986//986 1246//1246
f 1246//1246 986//986 985//985
f 1246//1246 985//985 1241//1241
f 1241//1241 985//985 990//990
f 1241//1241 990//990 989//989
f 29//29 30//30 1244//1244
f 1244//1244 30//30 32//32
f 1244//1244 32//32 1247//1247
f 1248//1248 979//979 1249//1249
f 1249//1249 979//979 988//988
f 1249//1249 988//988 1245//1245
f 1245//1245 987//987 986//986
f 32//32 34//34 1247//1247
f 1247//1247 34//34 36//36
f 1247//1247 36//36 1250//1250
f 1250//1250 36//36 41//41
f 1250//1250 41//41 1251//1251
f 1252//1252 975//975 1248//1248
f 1248//1248 975//975 980//980
f 1248//1248 980//980 979//979
f 41//41 40//40 1251//1251
f 1251//1251 40//40 38//38
f 1251//1251 38//38 1253//1253
f 1254//1254 972//972 1255//1255
f 1255//1255 972//972 978//978
f 1255//1255 978//978 1252//1252
f 1252//1252 976//976 975//975
f 1253//1253 46//46 45//45
f 1253//1253 45//45 1256//1256
f 1256//1256 45//45 44//44
f 1256//1256 44//44 1257//1257
f 1258//1258 970//970 1259//1259
f 1259//1259 970//970 974//974
f 1259//1259 974//974 1254//1254
f 1254//1254 974//974 973//973
f 1254//1254 973//973 972//972
f 51//51 1260//1260 52//52
f 52//52 1260//1260 1261//1261
f 52//52 1261//1261 54//54
f 54//54 1261//1261 1262//1262
f 54//54 1262//1262 56//56
f 56//56 1262//1262 1257//1257
f 56//56 1257//1257 43//43
f 43//43 1257//1257 44//44
f 1221//1221 1222//1222 1224//1224
f 1221//1221 1224//1224 1220//1220
f 1220//1220 1224//1224 1225//1225
f 1220//1220 1225//1225 1232//1232
f 1232//1232 1225//1225 1226//1226
f 1232//1232 1226//1226 1231//1231
f 1231//1231 1226//1226 1227//1227
f 1231//1231 1227//1227 1230//1230
f 1230//1230 1227//1227 1228//1228
f 1230//1230 1228//1228 1229//1229
f 1229//1229 1228//1228 1233//1233
f 1229//1229 1233//1233 1238//1238
f 1238//1238 1233//1233 1235//1235
f 1238//1238 1235//1235 1237//1237
f 1237//1237 1234//1234 1236//1236
f 1236//1236 1234//1234 1239//1239
f 1236//1236 1239//1239 1242//1242
f 1242//1242 1239//1239 1240//1240
f 1242//1242 1240//1240 1241//1241
f 1241//1241 1240//1240 1243//1243
f 1241//1241 1243//1243 1246//1246
f 1246//1246 1243//1243 1244//1244
f 1246//1246 1244//1244 1245//1245
f 1245//1245 1244//1244 1247//1247
f 1245//1245 1247//1247 1249//1249
f 1249//1249 1247//1247 1250//1250
f 1249//1249 1250//1250 1248//1248
f 1248//1248 1250//1250 1251//1251
f 1248//1248 1251//1251 1252//1252
f 1252//1252 1251//1251 1253//1253
f 1252//1252 1253//1253 1255//1255
f 1255//1255 1253//1253 1256//1256
f 1255//1255 1256//1256 1254//1254
f 1254//1254 1256//1256 1257//1257
f 1254//1254 1257//1257 1259//1259
f 1259//1259 1257//1257 1262//1262
f 1259//1259 1262//1262 1258//1258
f 1258//1258 1262//1262 1261//1261
f 1258//1258 1261//1261 1263//1263
f 1263//1263 1261//1261 1260//1260
f 1263//1263 1260//1260 1264//1264
f 964//964 968//968 1264//1264
f 1264//1264 968//968 967//967
f 1264//1264 967//967 1263//1263
f 1263//1263 967//967 966//966
f 1263//1263 966//966 1258//1258
f 1258//1258 966//966 971//971
f 1258//1258 971//971 970//970
f 919//919 964//964 1265//1265
f 1265//1265 964//964 1264//1264
f 1265//1265 1264//1264 1266//1266
f 1266//1266 1264//1264 1260//1260
f 1266//1266 1260//1260 49//49
f 49//49 1260//1260 51//51
f 920//920 919//919 1172//1172
f 1172//1172 919//919 1265//1265
f 1172//1172 1265//1265 1219//1219
f 1219//1219 1265//1265 1266//1266
f 1219//1219 1266//1266 48//48
f 48//48 1266//1266 49//49
f 1267//1267 1268//1268 1269//1269
f 1270//1270 1271//1271 1272//1272
f 1273//1273 1274//1274 1275//1275
f 1276//1276 1277//1277 1278//1278
f 1279//1279 1280//1280 1281//1281
f 1281//1281 1280//1280 1282//1282
f 1283//1283 1282//1282 1284//1284
f 1285//1285 1286//1286 1287//1287
f 1287//1287 1286//1286 1288//1288
f 1287//1287 1288//1288 1289//1289
f 1289//1289 1288//1288 1290//1290
f 1289//1289 1290//1290 1291//1291
f 1291//1291 1290//1290 1292//1292
f 1291//1291 1292//1292 1293//1293
f 1292//1292 1294//1294 1293//1293
f 1293//1293 1294//1294 1295//1295
f 1296//1296 1297//1297 1298//1298
f 1299//1299 1300//1300 1301//1301
f 1301//1301 1300//1300 1302//1302
f 1303//1303 1302//1302 1304//1304
f 1298//1298 1305//1305 1296//1296
f 1296//1296 1305//1305 1306//1306
f 1307//1307 1308//1308 1309//1309
f 1309//1309 1308//1308 1310//1310
f 1309//1309 1310//1310 1304//1304
f 1304//1304 1310//1310 1311//1311
f 1304//1304 1311//1311 1312//1312
f 1313//1313 1314//1314 1315//1315
f 1316//1316 1315//1315 1317//1317
f 1316//1316 1317//1317 1318//1318
f 1318//1318 1317//1317 1319//1319
f 1320//1320 1321//1321 1322//1322
f 1322//1322 1321//1321 1323//1323
f 1324//1324 1325//1325 1326//1326
f 1327//1327 1328//1328 1329//1329
f 1327//1327 1329//1329 1330//1330
f 1331//1331 1332//1332 1329//1329
f 1333//1333 1334//1334 1335//1335
f 1335//1335 1336//1336 1337//1337
f 1337//1337 1338//1338 1331//1331
f 1339//1339 1340//1340 1328//1328
f 1328//1328 1341//1341 1342//1342
f 1343//1343 1344//1344 1345//1345
f 1343//1343 1345//1345 1297//1297
f 1297//1297 1345//1345 1298//1298
f 1346//1346 1347//1347 1348//1348
f 1349//1349 1350//1350 1351//1351
f 1352//1352 1353//1353 1354//1354
f 1355//1355 1356//1356 1357//1357
f 1358//1358 1359//1359 1360//1360
f 1361//1361 1362//1362 1363//1363
f 1332//1332 1364//1364 1365//1365
f 1333//1333 1325//1325 1366//1366
f 1367//1367 1368//1368 1369//1369
f 1370//1370 1371//1371 1372//1372
f 1372//1372 1371//1371 1373//1373
f 1372//1372 1373//1373 1374//1374
f 1375//1375 1376//1376 1370//1370
f 1370//1370 1376//1376 1377//1377
f 1370//1370 1377//1377 1371//1371
f 1378//1378 1379//1379 1380//1380
f 1378//1378 1380//1380 1375//1375
f 1375//1375 1380//1380 1381//1381
f 1375//1375 1381//1381 1376//1376
f 1382//1382 1378//1378 1383//1383
f 1383//1383 1378//1378 1384//1384
f 1383//1383 1384//1384 1385//1385
f 1385//1385 1384//1384 1386//1386
f 1386//1386 1384//1384 1387//1387
f 1386//1386 1387//1387 1388//1388
f 1388//1388 1387//1387 1389//1389
f 1389//1389 1387//1387 1390//1390
f 1389//1389 1390//1390 1391//1391
f 1391//1391 1390//1390 1392//1392
f 1392//1392 1390//1390 1393//1393
f 1392//1392 1393//1393 1394//1394
f 1394//1394 1393//1393 1395//1395
f 1395//1395 1393//1393 1396//1396
f 1395//1395 1396//1396 1397//1397
f 1398//1398 1399//1399 1396//1396
f 1396//1396 1399//1399 1400//1400
f 1401//1401 1402//1402 1398//1398
f 1398//1398 1402//1402 1403//1403
f 1398//1398 1403//1403 1399//1399
f 1404//1404 1405//1405 1406//1406
f 1404//1404 1406//1406 1401//1401
f 1401//1401 1406//1406 1407//1407
f 1401//1401 1407//1407 1402//1402
f 1408//1408 1404//1404 1409//1409
f 1409//1409 1404//1404 1410//1410
f 1409//1409 1410//1410 1411//1411
f 1412//1412 1413//1413 1410//1410
f 1414//1414 1415//1415 1322//1322
f 1322//1322 1415//1415 1411//1411
f 1322//1322 1411//1411 1320//1320
f 1320//1320 1411//1411 1410//1410
f 1416//1416 1410//1410 1413//1413
f 1417//1417 1418//1418 1419//1419
f 1419//1419 1418//1418 1420//1420
f 1421//1421 1422//1422 1423//1423
f 1423//1423 1422//1422 1424//1424
f 1361//1361 1425//1425 1362//1362
f 1362//1362 1425//1425 1426//1426
f 1362//1362 1426//1426 1427//1427
f 1428//1428 1429//1429 1361//1361
f 1361//1361 1430//1430 1425//1425
f 1431//1431 1432//1432 1433//1433
f 1432//1432 1434//1434 1433//1433
f 1433//1433 1434//1434 1435//1435
f 1436//1436 1437//1437 1438//1438
f 1438//1438 1437//1437 1439//1439
f 1438//1438 1439//1439 1440//1440
f 1440//1440 1441//1441 1442//1442
f 1438//1438 1443//1443 1436//1436
f 1436//1436 1443//1443 1444//1444
f 1445//1445 1444//1444 1446//1446
f 1369//1369 1368//1368 1447//1447
f 1447//1447 1368//1368 1448//1448
f 1447//1447 1448//1448 1449//1449
f 1450//1450 1451//1451 1452//1452
f 1452//1452 1453//1453 1450//1450
f 1450//1450 1453//1453 1454//1454
f 1450//1450 1454//1454 1369//1369
f 1369//1369 1454//1454 1455//1455
f 1369//1369 1455//1455 1367//1367
f 1456//1456 1457//1457 1458//1458
f 1457//1457 1459//1459 1458//1458
f 1458//1458 1460//1460 1451//1451
f 1451//1451 1460//1460 1461//1461
f 1451//1451 1461//1461 1452//1452
f 1366//1366 1325//1325 1456//1456
f 1456//1456 1325//1325 1462//1462
f 1456//1456 1462//1462 1463//1463
f 1333//1333 1366//1366 1334//1334
f 1334//1334 1366//1366 1464//1464
f 1334//1334 1464//1464 1336//1336
f 1365//1365 1364//1364 1464//1464
f 1464//1464 1364//1364 1338//1338
f 1464//1464 1338//1338 1336//1336
f 1332//1332 1365//1365 1465//1465
f 1465//1465 1365//1365 1466//1466
f 1465//1465 1466//1466 1330//1330
f 1330//1330 1466//1466 1327//1327
f 1327//1327 1466//1466 1467//1467
f 1327//1327 1467//1467 1339//1339
f 1339//1339 1467//1467 1340//1340
f 1340//1340 1467//1467 1357//1357
f 1340//1340 1357//1357 1341//1341
f 1356//1356 1298//1298 1345//1345
f 1356//1356 1345//1345 1357//1357
f 1357//1357 1345//1345 1344//1344
f 1468//1468 1358//1358 1469//1469
f 1469//1469 1358//1358 1360//1360
f 1469//1469 1360//1360 1470//1470
f 1470//1470 1360//1360 1471//1471
f 1470//1470 1471//1471 1472//1472
f 1472//1472 1471//1471 1473//1473
f 1472//1472 1473//1473 1474//1474
f 1474//1474 1473//1473 1475//1475
f 1474//1474 1475//1475 1476//1476
f 1476//1476 1475//1475 1477//1477
f 1476//1476 1477//1477 1478//1478
f 1478//1478 1477//1477 1479//1479
f 1478//1478 1479//1479 1480//1480
f 1480//1480 1479//1479 1481//1481
f 1480//1480 1481//1481 1482//1482
f 1482//1482 1481//1481 1483//1483
f 1482//1482 1483//1483 1484//1484
f 1484//1484 1483//1483 1485//1485
f 1484//1484 1485//1485 1486//1486
f 1486//1486 1485//1485 1487//1487
f 1486//1486 1487//1487 1488//1488
f 1488//1488 1487//1487 1489//1489
f 1488//1488 1489//1489 1363//1363
f 1363//1363 1489//1489 1490//1490
f 1363//1363 1490//1490 1361//1361
f 1361//1361 1490//1490 1433//1433
f 1361//1361 1433//1433 1491//1491
f 1491//1491 1433//1433 1492//1492
f 1353//1353 1355//1355 1354//1354
f 1354//1354 1355//1355 1357//1357
f 1354//1354 1357//1357 1493//1493
f 1493//1493 1357//1357 1467//1467
f 1493//1493 1467//1467 1494//1494
f 1494//1494 1467//1467 1466//1466
f 1494//1494 1466//1466 1495//1495
f 1495//1495 1466//1466 1365//1365
f 1495//1495 1365//1365 1496//1496
f 1496//1496 1365//1365 1464//1464
f 1496//1496 1464//1464 1497//1497
f 1497//1497 1464//1464 1366//1366
f 1497//1497 1366//1366 1498//1498
f 1498//1498 1366//1366 1456//1456
f 1498//1498 1456//1456 1499//1499
f 1499//1499 1456//1456 1458//1458
f 1499//1499 1458//1458 1500//1500
f 1500//1500 1458//1458 1451//1451
f 1500//1500 1451//1451 1501//1501
f 1501//1501 1451//1451 1450//1450
f 1501//1501 1450//1450 1502//1502
f 1502//1502 1450//1450 1369//1369
f 1502//1502 1369//1369 1503//1503
f 1503//1503 1369//1369 1447//1447
f 1503//1503 1447//1447 1440//1440
f 1440//1440 1447//1447 1504//1504
f 1440//1440 1504//1504 1438//1438
f 1438//1438 1504//1504 1505//1505
f 1438//1438 1505//1505 1506//1506
f 1359//1359 1352//1352 1360//1360
f 1360//1360 1352//1352 1354//1354
f 1360//1360 1354//1354 1471//1471
f 1471//1471 1354//1354 1493//1493
f 1471//1471 1493//1493 1473//1473
f 1473//1473 1493//1493 1494//1494
f 1473//1473 1494//1494 1475//1475
f 1475//1475 1494//1494 1495//1495
f 1475//1475 1495//1495 1477//1477
f 1477//1477 1495//1495 1496//1496
f 1477//1477 1496//1496 1479//1479
f 1479//1479 1496//1496 1497//1497
f 1479//1479 1497//1497 1481//1481
f 1481//1481 1497//1497 1498//1498
f 1481//1481 1498//1498 1483//1483
f 1483//1483 1498//1498 1499//1499
f 1483//1483 1499//1499 1485//1485
f 1485//1485 1499//1499 1500//1500
f 1485//1485 1500//1500 1487//1487
f 1487//1487 1500//1500 1501//1501
f 1487//1487 1501//1501 1489//1489
f 1489//1489 1501//1501 1502//1502
f 1489//1489 1502//1502 1490//1490
f 1490//1490 1502//1502 1503//1503
f 1490//1490 1503//1503 1433//1433
f 1433//1433 1503//1503 1440//1440
f 1433//1433 1440//1440 1431//1431
f 1431//1431 1440//1440 1442//1442
f 1346//1346 1348//1348 1507//1507
f 1347//1347 1349//1349 1348//1348
f 1348//1348 1349//1349 1351//1351
f 1348//1348 1351//1351 1508//1508
f 1508//1508 1351//1351 1509//1509
f 1508//1508 1509//1509 1510//1510
f 1510//1510 1509//1509 1511//1511
f 1510//1510 1511//1511 1512//1512
f 1512//1512 1511//1511 1513//1513
f 1512//1512 1513//1513 1514//1514
f 1514//1514 1513//1513 1515//1515
f 1514//1514 1515//1515 1516//1516
f 1516//1516 1515//1515 1517//1517
f 1516//1516 1517//1517 1518//1518
f 1518//1518 1517//1517 1519//1519
f 1518//1518 1519//1519 1520//1520
f 1520//1520 1519//1519 1521//1521
f 1520//1520 1521//1521 1522//1522
f 1522//1522 1521//1521 1523//1523
f 1522//1522 1523//1523 1524//1524
f 1524//1524 1523//1523 1525//1525
f 1524//1524 1525//1525 1526//1526
f 1526//1526 1525//1525 1527//1527
f 1526//1526 1527//1527 1528//1528
f 1528//1528 1527//1527 1529//1529
f 1528//1528 1529//1529 1419//1419
f 1419//1419 1529//1529 1423//1423
f 1419//1419 1423//1423 1417//1417
f 1417//1417 1423//1423 1530//1530
f 1419//1419 1412//1412 1410//1410
f 1419//1419 1410//1410 1528//1528
f 1528//1528 1410//1410 1404//1404
f 1528//1528 1404//1404 1526//1526
f 1526//1526 1404//1404 1401//1401
f 1526//1526 1401//1401 1524//1524
f 1524//1524 1401//1401 1398//1398
f 1524//1524 1398//1398 1522//1522
f 1522//1522 1398//1398 1396//1396
f 1522//1522 1396//1396 1520//1520
f 1520//1520 1396//1396 1393//1393
f 1520//1520 1393//1393 1518//1518
f 1518//1518 1393//1393 1390//1390
f 1518//1518 1390//1390 1516//1516
f 1516//1516 1390//1390 1387//1387
f 1516//1516 1387//1387 1514//1514
f 1514//1514 1387//1387 1384//1384
f 1514//1514 1384//1384 1512//1512
f 1512//1512 1384//1384 1378//1378
f 1512//1512 1378//1378 1510//1510
f 1510//1510 1378//1378 1375//1375
f 1510//1510 1375//1375 1508//1508
f 1508//1508 1375//1375 1370//1370
f 1508//1508 1370//1370 1348//1348
f 1348//1348 1370//1370 1372//1372
f 1348//1348 1372//1372 1507//1507
f 1507//1507 1372//1372 1374//1374
f 1507//1507 1374//1374 1531//1531
f 1350//1350 1468//1468 1351//1351
f 1351//1351 1468//1468 1469//1469
f 1351//1351 1469//1469 1509//1509
f 1509//1509 1469//1469 1470//1470
f 1509//1509 1470//1470 1511//1511
f 1511//1511 1470//1470 1472//1472
f 1511//1511 1472//1472 1513//1513
f 1513//1513 1472//1472 1474//1474
f 1513//1513 1474//1474 1515//1515
f 1515//1515 1474//1474 1476//1476
f 1515//1515 1476//1476 1517//1517
f 1517//1517 1476//1476 1478//1478
f 1517//1517 1478//1478 1519//1519
f 1519//1519 1478//1478 1480//1480
f 1519//1519 1480//1480 1521//1521
f 1521//1521 1480//1480 1482//1482
f 1521//1521 1482//1482 1523//1523
f 1523//1523 1482//1482 1484//1484
f 1523//1523 1484//1484 1525//1525
f 1525//1525 1484//1484 1486//1486
f 1525//1525 1486//1486 1527//1527
f 1527//1527 1486//1486 1488//1488
f 1527//1527 1488//1488 1529//1529
f 1529//1529 1488//1488 1363//1363
f 1529//1529 1363//1363 1423//1423
f 1423//1423 1363//1363 1362//1362
f 1423//1423 1362//1362 1421//1421
f 1532//1532 1533//1533 1534//1534
f 1535//1535 1536//1536 1537//1537
f 1537//1537 1536//1536 1534//1534
f 1538//1538 1534//1534 1533//1533
f 1389//1389 1539//1539 1388//1388
f 1388//1388 1539//1539 1540//1540
f 1386//1386 1540//1540 1385//1385
f 1385//1385 1540//1540 1541//1541
f 1536//1536 1542//1542 1543//1543
f 1383//1383 1541//1541 1382//1382
f 1382//1382 1541//1541 1544//1544
f 1379//1379 1544//1544 1545//1545
f 1379//1379 1545//1545 1380//1380
f 1542//1542 1546//1546 1543//1543
f 1543//1543 1547//1547 1548//1548
f 1549//1549 1376//1376 1545//1545
f 1545//1545 1376//1376 1381//1381
f 1547//1547 1550//1550 1548//1548
f 1548//1548 1551//1551 1552//1552
f 1553//1553 1373//1373 1554//1554
f 1554//1554 1373//1373 1371//1371
f 1554//1554 1371//1371 1549//1549
f 1549//1549 1371//1371 1377//1377
f 1549//1549 1377//1377 1376//1376
f 1551//1551 1555//1555 1552//1552
f 1552//1552 1556//1556 1557//1557
f 1557//1557 1556//1556 1558//1558
f 1557//1557 1558//1558 1559//1559
f 1559//1559 1531//1531 1553//1553
f 1553//1553 1531//1531 1374//1374
f 1560//1560 1561//1561 1562//1562
f 1563//1563 1564//1564 1565//1565
f 1566//1566 1567//1567 1568//1568
f 1569//1569 1570//1570 1571//1571
f 1572//1572 1573//1573 1574//1574
f 1575//1575 1576//1576 1577//1577
f 1578//1578 1579//1579 1580//1580
f 1298//1298 1581//1581 1305//1305
f 1305//1305 1581//1581 1582//1582
f 1305//1305 1582//1582 1306//1306
f 1583//1583 1310//1310 1582//1582
f 1582//1582 1310//1310 1308//1308
f 1582//1582 1308//1308 1306//1306
f 1301//1301 1303//1303 1584//1584
f 1584//1584 1303//1303 1312//1312
f 1584//1584 1312//1312 1583//1583
f 1583//1583 1312//1312 1311//1311
f 1583//1583 1311//1311 1310//1310
f 1301//1301 1584//1584 1299//1299
f 1299//1299 1584//1584 1585//1585
f 1299//1299 1585//1585 1586//1586
f 1586//1586 1585//1585 1587//1587
f 1587//1587 1585//1585 1588//1588
f 1587//1587 1588//1588 1589//1589
f 1590//1590 1591//1591 1592//1592
f 1590//1590 1592//1592 1588//1588
f 1588//1588 1592//1592 1593//1593
f 1588//1588 1593//1593 1589//1589
f 1594//1594 1595//1595 1596//1596
f 1594//1594 1596//1596 1590//1590
f 1590//1590 1596//1596 1597//1597
f 1595//1595 1594//1594 1598//1598
f 1598//1598 1594//1594 1599//1599
f 1598//1598 1599//1599 1600//1600
f 1600//1600 1599//1599 1601//1601
f 1601//1601 1599//1599 1602//1602
f 1601//1601 1602//1602 1603//1603
f 1603//1603 1602//1602 1314//1314
f 1314//1314 1602//1602 1604//1604
f 1314//1314 1604//1604 1315//1315
f 1315//1315 1604//1604 1317//1317
f 1317//1317 1604//1604 1605//1605
f 1317//1317 1605//1605 1319//1319
f 1319//1319 1605//1605 1606//1606
f 1606//1606 1605//1605 1607//1607
f 1606//1606 1607//1607 1608//1608
f 1579//1579 1609//1609 1580//1580
f 1580//1580 1609//1609 1610//1610
f 1580//1580 1610//1610 1611//1611
f 1578//1578 1580//1580 1612//1612
f 1612//1612 1580//1580 1613//1613
f 1612//1612 1613//1613 1614//1614
f 1611//1611 1607//1607 1615//1615
f 1611//1611 1615//1615 1580//1580
f 1580//1580 1615//1615 1616//1616
f 1580//1580 1616//1616 1617//1617
f 1618//1618 1619//1619 1615//1615
f 1615//1615 1619//1619 1620//1620
f 1615//1615 1620//1620 1621//1621
f 1622//1622 1623//1623 1624//1624
f 1624//1624 1623//1623 1625//1625
f 1626//1626 1627//1627 1628//1628
f 1628//1628 1627//1627 1629//1629
f 1566//1566 1630//1630 1567//1567
f 1567//1567 1630//1630 1631//1631
f 1567//1567 1631//1631 1632//1632
f 1633//1633 1634//1634 1566//1566
f 1566//1566 1634//1634 1635//1635
f 1575//1575 1577//1577 1636//1636
f 1637//1637 1638//1638 1639//1639
f 1639//1639 1638//1638 1640//1640
f 1639//1639 1640//1640 1641//1641
f 1642//1642 1643//1643 1644//1644
f 1644//1644 1643//1643 1645//1645
f 1644//1644 1645//1645 1646//1646
f 1642//1642 1644//1644 1647//1647
f 1647//1647 1644//1644 1648//1648
f 1647//1647 1648//1648 1649//1649
f 1649//1649 1648//1648 1650//1650
f 1650//1650 1648//1648 1651//1651
f 1650//1650 1651//1651 1652//1652
f 1652//1652 1651//1651 1653//1653
f 1653//1653 1651//1651 1654//1654
f 1653//1653 1654//1654 1655//1655
f 1655//1655 1654//1654 1656//1656
f 1656//1656 1654//1654 1657//1657
f 1656//1656 1657//1657 1658//1658
f 1658//1658 1657//1657 1659//1659
f 1659//1659 1657//1657 1660//1660
f 1659//1659 1660//1660 1661//1661
f 1662//1662 1660//1660 1663//1663
f 1662//1662 1663//1663 1664//1664
f 1533//1533 1663//1663 1665//1665
f 1533//1533 1665//1665 1538//1538
f 1666//1666 1667//1667 1535//1535
f 1666//1666 1535//1535 1665//1665
f 1665//1665 1535//1535 1537//1537
f 1542//1542 1666//1666 1546//1546
f 1546//1546 1666//1666 1668//1668
f 1546//1546 1668//1668 1547//1547
f 1547//1547 1668//1668 1550//1550
f 1550//1550 1668//1668 1669//1669
f 1550//1550 1669//1669 1551//1551
f 1551//1551 1669//1669 1555//1555
f 1555//1555 1669//1669 1565//1565
f 1555//1555 1565//1565 1556//1556
f 1556//1556 1565//1565 1558//1558
f 1558//1558 1565//1565 1564//1564
f 1558//1558 1564//1564 1531//1531
f 1569//1569 1571//1571 1670//1670
f 1570//1570 1572//1572 1571//1571
f 1571//1571 1572//1572 1574//1574
f 1571//1571 1574//1574 1671//1671
f 1671//1671 1574//1574 1672//1672
f 1671//1671 1672//1672 1673//1673
f 1673//1673 1672//1672 1674//1674
f 1673//1673 1674//1674 1675//1675
f 1675//1675 1674//1674 1676//1676
f 1675//1675 1676//1676 1677//1677
f 1677//1677 1676//1676 1678//1678
f 1677//1677 1678//1678 1679//1679
f 1679//1679 1678//1678 1680//1680
f 1679//1679 1680//1680 1681//1681
f 1681//1681 1680//1680 1682//1682
f 1681//1681 1682//1682 1683//1683
f 1683//1683 1682//1682 1684//1684
f 1683//1683 1684//1684 1685//1685
f 1685//1685 1684//1684 1686//1686
f 1685//1685 1686//1686 1687//1687
f 1687//1687 1686//1686 1688//1688
f 1687//1687 1688//1688 1689//1689
f 1689//1689 1688//1688 1690//1690
f 1689//1689 1690//1690 1691//1691
f 1691//1691 1690//1690 1568//1568
f 1691//1691 1568//1568 1628//1628
f 1628//1628 1568//1568 1567//1567
f 1628//1628 1567//1567 1626//1626
f 1626//1626 1567//1567 1692//1692
f 1693//1693 1622//1622 1628//1628
f 1628//1628 1622//1622 1624//1624
f 1628//1628 1624//1624 1691//1691
f 1691//1691 1624//1624 1694//1694
f 1691//1691 1694//1694 1689//1689
f 1689//1689 1694//1694 1695//1695
f 1689//1689 1695//1695 1687//1687
f 1687//1687 1695//1695 1696//1696
f 1687//1687 1696//1696 1685//1685
f 1685//1685 1696//1696 1697//1697
f 1685//1685 1697//1697 1683//1683
f 1683//1683 1697//1697 1698//1698
f 1683//1683 1698//1698 1681//1681
f 1681//1681 1698//1698 1699//1699
f 1681//1681 1699//1699 1679//1679
f 1679//1679 1699//1699 1700//1700
f 1679//1679 1700//1700 1677//1677
f 1677//1677 1700//1700 1701//1701
f 1677//1677 1701//1701 1675//1675
f 1675//1675 1701//1701 1702//1702
f 1675//1675 1702//1702 1673//1673
f 1673//1673 1702//1702 1703//1703
f 1673//1673 1703//1703 1671//1671
f 1671//1671 1703//1703 1704//1704
f 1671//1671 1704//1704 1571//1571
f 1571//1571 1704//1704 1705//1705
f 1571//1571 1705//1705 1670//1670
f 1670//1670 1705//1705 1706//1706
f 1581//1581 1706//1706 1582//1582
f 1582//1582 1706//1706 1705//1705
f 1582//1582 1705//1705 1583//1583
f 1583//1583 1705//1705 1704//1704
f 1583//1583 1704//1704 1584//1584
f 1584//1584 1704//1704 1703//1703
f 1584//1584 1703//1703 1585//1585
f 1585//1585 1703//1703 1702//1702
f 1585//1585 1702//1702 1588//1588
f 1588//1588 1702//1702 1701//1701
f 1588//1588 1701//1701 1590//1590
f 1590//1590 1701//1701 1700//1700
f 1590//1590 1700//1700 1594//1594
f 1594//1594 1700//1700 1699//1699
f 1594//1594 1699//1699 1599//1599
f 1599//1599 1699//1699 1698//1698
f 1599//1599 1698//1698 1602//1602
f 1602//1602 1698//1698 1697//1697
f 1602//1602 1697//1697 1604//1604
f 1604//1604 1697//1697 1696//1696
f 1604//1604 1696//1696 1605//1605
f 1605//1605 1696//1696 1695//1695
f 1605//1605 1695//1695 1607//1607
f 1607//1607 1695//1695 1694//1694
f 1607//1607 1694//1694 1615//1615
f 1615//1615 1694//1694 1624//1624
f 1615//1615 1624//1624 1618//1618
f 1618//1618 1624//1624 1707//1707
f 1640//1640 1636//1636 1577//1577
f 1640//1640 1577//1577 1708//1708
f 1708//1708 1577//1577 1709//1709
f 1708//1708 1709//1709 1710//1710
f 1710//1710 1709//1709 1711//1711
f 1710//1710 1711//1711 1712//1712
f 1712//1712 1711//1711 1713//1713
f 1712//1712 1713//1713 1714//1714
f 1714//1714 1713//1713 1715//1715
f 1714//1714 1715//1715 1716//1716
f 1716//1716 1715//1715 1717//1717
f 1716//1716 1717//1717 1718//1718
f 1718//1718 1717//1717 1719//1719
f 1718//1718 1719//1719 1720//1720
f 1720//1720 1719//1719 1721//1721
f 1720//1720 1721//1721 1722//1722
f 1722//1722 1721//1721 1723//1723
f 1722//1722 1723//1723 1724//1724
f 1724//1724 1723//1723 1725//1725
f 1724//1724 1725//1725 1726//1726
f 1726//1726 1725//1725 1727//1727
f 1726//1726 1727//1727 1728//1728
f 1728//1728 1727//1727 1729//1729
f 1728//1728 1729//1729 1562//1562
f 1562//1562 1729//1729 1730//1730
f 1562//1562 1730//1730 1560//1560
f 1560//1560 1730//1730 1731//1731
f 1561//1561 1563//1563 1562//1562
f 1562//1562 1563//1563 1565//1565
f 1562//1562 1565//1565 1728//1728
f 1728//1728 1565//1565 1669//1669
f 1728//1728 1669//1669 1726//1726
f 1726//1726 1669//1669 1668//1668
f 1726//1726 1668//1668 1724//1724
f 1724//1724 1668//1668 1666//1666
f 1724//1724 1666//1666 1722//1722
f 1722//1722 1666//1666 1665//1665
f 1722//1722 1665//1665 1720//1720
f 1720//1720 1665//1665 1663//1663
f 1720//1720 1663//1663 1718//1718
f 1718//1718 1663//1663 1660//1660
f 1718//1718 1660//1660 1716//1716
f 1716//1716 1660//1660 1657//1657
f 1716//1716 1657//1657 1714//1714
f 1714//1714 1657//1657 1654//1654
f 1714//1714 1654//1654 1712//1712
f 1712//1712 1654//1654 1651//1651
f 1712//1712 1651//1651 1710//1710
f 1710//1710 1651//1651 1648//1648
f 1710//1710 1648//1648 1708//1708
f 1708//1708 1648//1648 1644//1644
f 1708//1708 1644//1644 1640//1640
f 1640//1640 1644//1644 1646//1646
f 1640//1640 1646//1646 1641//1641
f 1577//1577 1633//1633 1566//1566
f 1577//1577 1566//1566 1709//1709
f 1709//1709 1566//1566 1568//1568
f 1709//1709 1568//1568 1711//1711
f 1711//1711 1568//1568 1690//1690
f 1711//1711 1690//1690 1713//1713
f 1713//1713 1690//1690 1688//1688
f 1713//1713 1688//1688 1715//1715
f 1715//1715 1688//1688 1686//1686
f 1715//1715 1686//1686 1717//1717
f 1717//1717 1686//1686 1684//1684
f 1717//1717 1684//1684 1719//1719
f 1719//1719 1684//1684 1682//1682
f 1719//1719 1682//1682 1721//1721
f 1721//1721 1682//1682 1680//1680
f 1721//1721 1680//1680 1723//1723
f 1723//1723 1680//1680 1678//1678
f 1723//1723 1678//1678 1725//1725
f 1725//1725 1678//1678 1676//1676
f 1725//1725 1676//1676 1727//1727
f 1727//1727 1676//1676 1674//1674
f 1727//1727 1674//1674 1729//1729
f 1729//1729 1674//1674 1672//1672
f 1729//1729 1672//1672 1730//1730
f 1730//1730 1672//1672 1574//1574
f 1730//1730 1574//1574 1731//1731
f 1731//1731 1574//1574 1573//1573
f 1732//1732 1733//1733 1734//1734
f 1735//1735 1736//1736 1737//1737
f 1738//1738 1739//1739 1740//1740
f 1737//1737 1741//1741 1742//1742
f 1742//1742 1741//1741 1743//1743
f 1742//1742 1743//1743 1744//1744
f 1743//1743 1745//1745 1744//1744
f 1744//1744 1745//1745 1746//1746
f 1744//1744 1746//1746 1747//1747
f 1746//1746 1748//1748 1747//1747
f 1747//1747 1748//1748 1749//1749
f 1747//1747 1749//1749 1750//1750
f 1749//1749 1751//1751 1750//1750
f 1750//1750 1751//1751 1752//1752
f 1750//1750 1752//1752 1753//1753
f 1753//1753 1752//1752 1754//1754
f 1753//1753 1754//1754 1755//1755
f 1754//1754 1756//1756 1755//1755
f 1755//1755 1756//1756 1757//1757
f 1755//1755 1757//1757 1758//1758
f 1757//1757 1759//1759 1758//1758
f 1758//1758 1759//1759 1760//1760
f 1758//1758 1760//1760 1761//1761
f 1761//1761 1760//1760 1762//1762
f 1761//1761 1762//1762 1763//1763
f 1762//1762 1764//1764 1763//1763
f 1763//1763 1764//1764 1765//1765
f 1763//1763 1765//1765 1766//1766
f 1765//1765 1767//1767 1766//1766
f 1766//1766 1767//1767 1768//1768
f 1766//1766 1768//1768 1769//1769
f 1768//1768 1770//1770 1769//1769
f 1769//1769 1770//1770 1771//1771
f 1769//1769 1771//1771 1772//1772
f 1772//1772 1771//1771 1773//1773
f 1773//1773 1774//1774 1772//1772
f 1772//1772 1774//1774 1775//1775
f 1772//1772 1775//1775 1776//1776
f 1776//1776 1775//1775 1777//1777
f 1776//1776 1777//1777 1778//1778
f 1778//1778 1777//1777 1779//1779
f 1778//1778 1779//1779 1780//1780
f 1781//1781 1738//1738 1740//1740
f 1781//1781 1740//1740 1782//1782
f 1782//1782 1740//1740 1783//1783
f 1782//1782 1783//1783 1784//1784
f 1784//1784 1783//1783 1780//1780
f 1784//1784 1780//1780 1785//1785
f 1785//1785 1780//1780 1779//1779
f 1786//1786 1737//1737 1742//1742
f 1786//1786 1742//1742 1787//1787
f 1787//1787 1742//1742 1744//1744
f 1787//1787 1744//1744 1788//1788
f 1788//1788 1744//1744 1747//1747
f 1788//1788 1747//1747 1789//1789
f 1789//1789 1747//1747 1750//1750
f 1789//1789 1750//1750 1790//1790
f 1790//1790 1750//1750 1753//1753
f 1790//1790 1753//1753 1791//1791
f 1791//1791 1753//1753 1755//1755
f 1791//1791 1755//1755 1792//1792
f 1792//1792 1755//1755 1758//1758
f 1792//1792 1758//1758 1793//1793
f 1793//1793 1758//1758 1761//1761
f 1793//1793 1761//1761 1794//1794
f 1794//1794 1761//1761 1763//1763
f 1794//1794 1763//1763 1795//1795
f 1795//1795 1763//1763 1766//1766
f 1795//1795 1766//1766 1796//1796
f 1796//1796 1766//1766 1769//1769
f 1796//1796 1769//1769 1797//1797
f 1797//1797 1769//1769 1772//1772
f 1797//1797 1772//1772 1798//1798
f 1798//1798 1772//1772 1776//1776
f 1798//1798 1776//1776 1799//1799
f 1799//1799 1776//1776 1778//1778
f 1799//1799 1778//1778 1800//1800
f 1800//1800 1778//1778 1780//1780
f 1800//1800 1780//1780 1801//1801
f 1801//1801 1780//1780 1783//1783
f 1801//1801 1783//1783 1802//1802
f 1802//1802 1783//1783 1740//1740
f 1802//1802 1740//1740 1803//1803
f 1803//1803 1740//1740 1804//1804
f 1803//1803 1804//1804 1805//1805
f 1806//1806 1786//1786 1787//1787
f 1806//1806 1787//1787 1807//1807
f 1807//1807 1787//1787 1788//1788
f 1807//1807 1788//1788 1808//1808
f 1808//1808 1788//1788 1789//1789
f 1808//1808 1789//1789 1809//1809
f 1809//1809 1789//1789 1790//1790
f 1809//1809 1790//1790 1810//1810
f 1810//1810 1790//1790 1791//1791
f 1810//1810 1791//1791 1811//1811
f 1811//1811 1791//1791 1792//1792
f 1811//1811 1792//1792 1812//1812
f 1812//1812 1792//1792 1793//1793
f 1812//1812 1793//1793 1813//1813
f 1813//1813 1793//1793 1794//1794
f 1813//1813 1794//1794 1814//1814
f 1814//1814 1794//1794 1795//1795
f 1814//1814 1795//1795 1815//1815
f 1815//1815 1795//1795 1796//1796
f 1815//1815 1796//1796 1816//1816
f 1816//1816 1796//1796 1797//1797
f 1816//1816 1797//1797 1817//1817
f 1817//1817 1797//1797 1798//1798
f 1817//1817 1798//1798 1818//1818
f 1818//1818 1798//1798 1799//1799
f 1818//1818 1799//1799 1819//1819
f 1819//1819 1799//1799 1800//1800
f 1819//1819 1800//1800 1820//1820
f 1820//1820 1800//1800 1801//1801
f 1820//1820 1801//1801 1821//1821
f 1821//1821 1801//1801 1802//1802
f 1821//1821 1802//1802 1822//1822
f 1822//1822 1802//1802 1803//1803
f 1822//1822 1803//1803 1823//1823
f 1823//1823 1803//1803 1824//1824
f 1823//1823 1824//1824 1825//1825
f 1826//1826 1827//1827 1733//1733
f 1828//1828 1829//1829 1830//1830
f 1831//1831 1832//1832 1833//1833
f 1834//1834 1835//1835 1836//1836
f 1837//1837 1838//1838 1839//1839
f 1840//1840 1841//1841 1842//1842
f 1843//1843 1844//1844 1845//1845
f 1846//1846 1847//1847 1848//1848
f 1848//1848 1847//1847 1849//1849
f 1848//1848 1849//1849 1843//1843
f 1841//1841 1850//1850 1842//1842
f 1842//1842 1850//1850 1851//1851
f 1842//1842 1851//1851 1852//1852
f 1853//1853 1854//1854 1855//1855
f 1855//1855 1854//1854 1856//1856
f 1855//1855 1856//1856 1857//1857
f 1858//1858 1859//1859 1860//1860
f 1860//1860 1859//1859 1861//1861
f 1860//1860 1861//1861 1862//1862
f 1862//1862 1861//1861 1863//1863
f 1864//1864 1865//1865 1859//1859
f 1859//1859 1865//1865 1866//1866
f 1859//1859 1866//1866 1861//1861
f 1867//1867 1868//1868 1869//1869
f 1867//1867 1869//1869 1870//1870
f 1839//1839 1838//1838 1867//1867
f 1867//1867 1838//1838 1871//1871
f 1867//1867 1871//1871 1872//1872
f 1839//1839 1873//1873 1874//1874
f 1837//1837 1839//1839 1875//1875
f 1875//1875 1839//1839 1874//1874
f 1875//1875 1874//1874 1876//1876
f 1877//1877 1878//1878 1879//1879
f 1879//1879 1878//1878 1880//1880
f 1879//1879 1880//1880 1881//1881
f 1881//1881 1880//1880 1882//1882
f 1883//1883 1884//1884 1885//1885
f 1885//1885 1884//1884 1886//1886
f 1885//1885 1886//1886 1887//1887
f 1884//1884 1888//1888 1879//1879
f 1879//1879 1888//1888 1889//1889
f 1890//1890 1891//1891 1892//1892
f 1892//1892 1891//1891 1893//1893
f 1892//1892 1893//1893 1894//1894
f 1895//1895 1896//1896 1897//1897
f 1898//1898 1899//1899 1900//1900
f 1900//1900 1899//1899 1901//1901
f 1900//1900 1901//1901 1902//1902
f 1902//1902 1901//1901 1897//1897
f 1903//1903 1897//1897 1904//1904
f 1898//1898 1905//1905 1899//1899
f 1899//1899 1905//1905 1906//1906
f 1899//1899 1906//1906 1907//1907
f 1890//1890 1908//1908 1891//1891
f 1891//1891 1908//1908 1909//1909
f 1891//1891 1909//1909 1886//1886
f 1886//1886 1909//1909 1910//1910
f 1886//1886 1910//1910 1887//1887
f 1911//1911 1912//1912 1913//1913
f 1914//1914 1915//1915 1911//1911
f 1911//1911 1915//1915 1916//1916
f 1911//1911 1916//1916 1917//1917
f 1917//1917 1916//1916 1918//1918
f 1858//1858 1919//1919 1859//1859
f 1859//1859 1919//1919 1920//1920
f 1859//1859 1920//1920 1915//1915
f 1915//1915 1920//1920 1921//1921
f 1915//1915 1921//1921 1916//1916
f 1916//1916 1921//1921 1922//1922
f 1916//1916 1922//1922 1918//1918
f 1869//1869 1864//1864 1870//1870
f 1870//1870 1864//1864 1859//1859
f 1870//1870 1859//1859 1923//1923
f 1923//1923 1859//1859 1915//1915
f 1923//1923 1915//1915 1924//1924
f 1924//1924 1915//1915 1914//1914
f 1924//1924 1914//1914 1925//1925
f 1913//1913 1895//1895 1911//1911
f 1911//1911 1895//1895 1897//1897
f 1911//1911 1897//1897 1914//1914
f 1914//1914 1897//1897 1901//1901
f 1914//1914 1901//1901 1925//1925
f 1925//1925 1901//1901 1899//1899
f 1925//1925 1899//1899 1926//1926
f 1926//1926 1899//1899 1907//1907
f 1926//1926 1907//1907 1893//1893
f 1927//1927 1928//1928 1929//1929
f 1929//1929 1928//1928 1930//1930
f 1931//1931 1932//1932 1930//1930
f 1930//1930 1932//1932 1933//1933
f 1930//1930 1933//1933 1934//1934
f 1935//1935 1936//1936 1937//1937
f 1937//1937 1936//1936 1938//1938
f 1935//1935 1937//1937 1939//1939
f 1939//1939 1937//1937 1940//1940
f 1939//1939 1940//1940 1941//1941
f 1927//1927 1942//1942 1928//1928
f 1928//1928 1942//1942 1943//1943
f 1928//1928 1943//1943 1944//1944
f 1944//1944 1943//1943 1945//1945
f 1944//1944 1945//1945 1940//1940
f 1940//1940 1945//1945 1946//1946
f 1940//1940 1946//1946 1941//1941
f 1947//1947 1948//1948 1949//1949
f 1949//1949 1948//1948 1950//1950
f 1949//1949 1950//1950 1836//1836
f 1836//1836 1950//1950 1951//1951
f 1836//1836 1951//1951 1952//1952
f 1952//1952 1951//1951 1953//1953
f 1952//1952 1953//1953 1954//1954
f 1954//1954 1953//1953 1955//1955
f 1952//1952 1956//1956 1957//1957
f 1952//1952 1957//1957 1836//1836
f 1836//1836 1957//1957 1958//1958
f 1836//1836 1958//1958 1834//1834
f 1949//1949 1959//1959 1960//1960
f 1960//1960 1961//1961 1949//1949
f 1949//1949 1962//1962 1947//1947
f 1947//1947 1962//1962 1963//1963
f 1947//1947 1963//1963 1964//1964
f 1835//1835 1965//1965 1836//1836
f 1836//1836 1965//1965 1966//1966
f 1836//1836 1966//1966 1949//1949
f 1949//1949 1966//1966 1967//1967
f 1949//1949 1967//1967 1959//1959
f 1956//1956 1952//1952 1968//1968
f 1968//1968 1952//1952 1954//1954
f 1968//1968 1954//1954 1969//1969
f 1970//1970 1971//1971 1972//1972
f 1972//1972 1971//1971 1833//1833
f 1833//1833 1971//1971 1973//1973
f 1833//1833 1973//1973 1974//1974
f 1974//1974 1973//1973 1975//1975
f 1974//1974 1975//1975 1976//1976
f 1976//1976 1975//1975 1977//1977
f 1976//1976 1977//1977 1848//1848
f 1848//1848 1977//1977 1978//1978
f 1848//1848 1978//1978 1846//1846
f 1831//1831 1833//1833 1979//1979
f 1979//1979 1833//1833 1974//1974
f 1979//1979 1974//1974 1980//1980
f 1843//1843 1845//1845 1848//1848
f 1848//1848 1845//1845 1981//1981
f 1848//1848 1981//1981 1976//1976
f 1976//1976 1981//1981 1982//1982
f 1976//1976 1982//1982 1983//1983
f 1983//1983 1984//1984 1976//1976
f 1976//1976 1984//1984 1985//1985
f 1976//1976 1985//1985 1974//1974
f 1974//1974 1985//1985 1986//1986
f 1974//1974 1986//1986 1980//1980
f 1987//1987 1988//1988 1989//1989
f 1989//1989 1988//1988 1990//1990
f 1989//1989 1990//1990 1829//1829
f 1829//1829 1990//1990 1991//1991
f 1829//1829 1991//1991 1830//1830
f 1992//1992 1993//1993 1994//1994
f 1994//1994 1993//1993 1995//1995
f 1996//1996 1997//1997 1998//1998
f 1998//1998 1997//1997 1999//1999
f 1995//1995 2000//2000 1994//1994
f 1994//1994 2001//2001 1996//1996
f 1996//1996 2001//2001 2002//2002
f 1996//1996 2002//2002 1997//1997
f 1830//1830 2003//2003 1828//1828
f 1828//1828 2003//2003 2004//2004
f 1828//1828 2004//2004 1992//1992
f 1992//1992 2004//2004 2005//2005
f 1992//1992 2005//2005 1993//1993
f 1832//1832 2006//2006 1833//1833
f 1833//1833 2006//2006 2007//2007
f 1833//1833 2007//2007 1972//1972
f 1972//1972 2007//2007 2008//2008
f 1972//1972 2008//2008 2009//2009
f 2009//2009 1987//1987 1972//1972
f 1972//1972 1987//1987 1989//1989
f 1972//1972 1989//1989 1970//1970
f 1970//1970 1989//1989 1829//1829
f 1970//1970 1829//1829 2010//2010
f 2010//2010 1829//1829 1828//1828
f 2010//2010 1828//1828 2011//2011
f 2011//2011 1828//1828 1992//1992
f 2011//2011 1992//1992 2012//2012
f 2012//2012 1992//1992 1994//1994
f 2012//2012 1994//1994 2013//2013
f 2013//2013 1994//1994 1996//1996
f 2013//2013 1996//1996 2014//2014
f 2014//2014 1996//1996 1998//1998
f 2014//2014 1998//1998 2015//2015
f 2015//2015 1998//1998 2016//2016
f 2015//2015 2016//2016 2017//2017
f 2017//2017 2016//2016 1931//1931
f 2017//2017 1931//1931 2018//2018
f 2018//2018 1931//1931 1930//1930
f 2018//2018 1930//1930 2019//2019
f 2019//2019 1930//1930 1928//1928
f 2019//2019 1928//1928 2020//2020
f 2020//2020 1928//1928 1944//1944
f 2020//2020 1944//1944 2021//2021
f 2021//2021 1944//1944 1940//1940
f 2021//2021 1940//1940 1955//1955
f 1955//1955 1940//1940 1937//1937
f 1955//1955 1937//1937 1954//1954
f 1954//1954 1937//1937 1938//1938
f 1954//1954 1938//1938 1969//1969
f 2022//2022 2023//2023 2024//2024
f 1857//1857 2025//2025 2026//2026
f 1857//1857 2026//2026 1855//1855
f 2027//2027 2028//2028 2029//2029
f 2029//2029 2030//2030 2022//2022
f 2022//2022 2030//2030 2031//2031
f 2022//2022 2031//2031 2023//2023
f 2032//2032 1857//1857 2024//2024
f 2024//2024 1857//1857 2033//2033
f 2024//2024 2033//2033 2022//2022
f 2022//2022 2033//2033 2034//2034
f 2022//2022 2034//2034 2029//2029
f 2029//2029 2034//2034 2035//2035
f 2029//2029 2035//2035 2036//2036
f 2036//2036 2037//2037 2038//2038
f 2036//2036 2038//2038 2029//2029
f 2029//2029 2038//2038 2039//2039
f 2040//2040 2041//2041 2035//2035
f 2042//2042 2043//2043 2040//2040
f 2040//2040 2043//2043 2044//2044
f 2040//2040 2044//2044 2041//2041
f 2041//2041 2044//2044 2045//2045
f 2041//2041 2045//2045 2035//2035
f 2035//2035 2045//2045 2046//2046
f 2035//2035 2046//2046 2036//2036
f 2036//2036 2046//2046 2047//2047
f 2036//2036 2047//2047 2048//2048
f 2049//2049 2050//2050 2051//2051
f 2051//2051 2050//2050 2052//2052
f 2051//2051 2052//2052 2053//2053
f 2054//2054 2055//2055 2056//2056
f 2054//2054 2056//2056 2057//2057
f 2057//2057 2058//2058 2059//2059
f 2057//2057 2059//2059 2052//2052
f 2052//2052 2059//2059 2060//2060
f 2052//2052 2060//2060 2053//2053
f 2061//2061 2062//2062 2063//2063
f 2061//2061 2063//2063 2042//2042
f 2042//2042 2064//2064 2043//2043
f 2049//2049 2065//2065 2050//2050
f 2050//2050 2065//2065 2066//2066
f 2050//2050 2066//2066 2061//2061
f 2061//2061 2066//2066 2067//2067
f 2061//2061 2067//2067 2068//2068
f 1881//1881 2069//2069 2054//2054
f 2054//2054 2069//2069 2070//2070
f 2054//2054 2070//2070 2055//2055
f 1971//1971 2071//2071 1973//1973
f 1973//1973 2071//2071 2072//2072
f 1973//1973 2072//2072 1975//1975
f 1975//1975 2072//2072 2073//2073
f 1975//1975 2073//2073 1977//1977
f 1977//1977 2073//2073 1842//1842
f 1977//1977 1842//1842 1978//1978
f 1978//1978 1842//1842 1852//1852
f 1978//1978 1852//1852 1846//1846
f 1999//1999 2074//2074 1998//1998
f 1998//1998 2074//2074 2075//2075
f 1998//1998 2075//2075 2016//2016
f 2016//2016 2075//2075 2076//2076
f 2016//2016 2076//2076 1931//1931
f 1931//1931 2076//2076 2077//2077
f 1931//1931 2077//2077 1932//1932
f 1856//1856 1840//1840 1857//1857
f 1857//1857 1840//1840 1842//1842
f 1857//1857 1842//1842 2033//2033
f 2033//2033 1842//1842 2073//2073
f 2033//2033 2073//2073 2034//2034
f 2034//2034 2073//2073 2072//2072
f 2034//2034 2072//2072 2035//2035
f 2035//2035 2072//2072 2071//2071
f 2035//2035 2071//2071 2040//2040
f 2040//2040 2071//2071 1971//1971
f 2040//2040 1971//1971 2042//2042
f 2042//2042 1971//1971 1970//1970
f 2042//2042 1970//1970 2061//2061
f 2061//2061 1970//1970 2010//2010
f 2061//2061 2010//2010 2050//2050
f 2050//2050 2010//2010 2011//2011
f 2050//2050 2011//2011 2052//2052
f 2052//2052 2011//2011 2012//2012
f 2052//2052 2012//2012 2057//2057
f 2057//2057 2012//2012 2013//2013
f 2057//2057 2013//2013 2054//2054
f 2054//2054 2013//2013 2014//2014
f 2054//2054 2014//2014 1881//1881
f 1881//1881 2014//2014 2015//2015
f 1881//1881 2015//2015 1879//1879
f 1879//1879 2015//2015 2017//2017
f 1879//1879 2017//2017 1884//1884
f 1884//1884 2017//2017 2018//2018
f 1884//1884 2018//2018 1886//1886
f 1886//1886 2018//2018 2019//2019
f 1886//1886 2019//2019 1891//1891
f 1891//1891 2019//2019 2020//2020
f 1891//1891 2020//2020 1893//1893
f 1893//1893 2020//2020 2021//2021
f 1893//1893 2021//2021 1926//1926
f 1926//1926 2021//2021 1955//1955
f 1926//1926 1955//1955 1925//1925
f 1925//1925 1955//1955 1953//1953
f 1925//1925 1953//1953 1924//1924
f 1924//1924 1953//1953 1951//1951
f 1924//1924 1951//1951 1923//1923
f 1923//1923 1951//1951 1950//1950
f 1923//1923 1950//1950 1870//1870
f 1870//1870 1950//1950 1948//1948
f 1870//1870 1948//1948 1867//1867
f 1867//1867 1948//1948 1947//1947
f 1867//1867 1947//1947 1839//1839
f 1839//1839 1947//1947 1964//1964
f 1839//1839 1964//1964 1873//1873
f 2078//2078 2079//2079 2080//2080
f 2081//2081 2082//2082 2083//2083
f 2083//2083 2080//2080 2081//2081
f 2084//2084 2085//2085 2086//2086
f 2087//2087 2088//2088 2089//2089
f 2089//2089 2088//2088 2090//2090
f 2091//2091 2092//2092 2093//2093
f 2091//2091 2093//2093 2094//2094
f 2094//2094 2093//2093 2095//2095
f 2094//2094 2095//2095 2096//2096
f 2095//2095 2097//2097 2096//2096
f 2096//2096 2097//2097 2098//2098
f 2096//2096 2098//2098 2099//2099
f 2098//2098 2100//2100 2099//2099
f 2099//2099 2100//2100 2101//2101
f 2099//2099 2101//2101 2102//2102
f 2102//2102 2101//2101 2103//2103
f 2102//2102 2103//2103 2104//2104
f 2104//2104 2103//2103 2105//2105
f 2104//2104 2105//2105 2106//2106
f 2105//2105 2107//2107 2106//2106
f 2106//2106 2107//2107 2108//2108
f 2106//2106 2108//2108 2109//2109
f 2108//2108 2110//2110 2109//2109
f 2109//2109 2110//2110 2111//2111
f 2109//2109 2111//2111 2112//2112
f 2111//2111 2113//2113 2112//2112
f 2112//2112 2113//2113 2114//2114
f 2112//2112 2114//2114 2115//2115
f 2114//2114 2116//2116 2115//2115
f 2115//2115 2116//2116 2117//2117
f 2115//2115 2117//2117 2118//2118
f 2117//2117 2119//2119 2118//2118
f 2118//2118 2119//2119 2120//2120
f 2118//2118 2120//2120 2121//2121
f 2121//2121 2120//2120 2122//2122
f 2121//2121 2122//2122 2123//2123
f 2123//2123 2122//2122 2124//2124
f 2124//2124 2125//2125 2123//2123
f 2123//2123 2125//2125 2126//2126
f 2123//2123 2126//2126 2127//2127
f 2126//2126 2128//2128 2127//2127
f 2127//2127 2128//2128 2129//2129
f 2127//2127 2129//2129 2130//2130
f 2130//2130 2129//2129 2131//2131
f 2130//2130 2131//2131 2132//2132
f 2133//2133 2087//2087 2134//2134
f 2134//2134 2087//2087 2089//2089
f 2134//2134 2089//2089 2135//2135
f 2135//2135 2089//2089 2132//2132
f 2135//2135 2132//2132 2136//2136
f 2136//2136 2132//2132 2131//2131
f 2137//2137 2091//2091 2094//2094
f 2137//2137 2094//2094 2138//2138
f 2138//2138 2094//2094 2096//2096
f 2138//2138 2096//2096 2139//2139
f 2139//2139 2096//2096 2099//2099
f 2139//2139 2099//2099 2140//2140
f 2140//2140 2099//2099 2102//2102
f 2140//2140 2102//2102 2141//2141
f 2141//2141 2102//2102 2104//2104
f 2141//2141 2104//2104 2142//2142
f 2142//2142 2104//2104 2106//2106
f 2142//2142 2106//2106 2143//2143
f 2143//2143 2106//2106 2109//2109
f 2143//2143 2109//2109 2144//2144
f 2144//2144 2109//2109 2112//2112
f 2144//2144 2112//2112 2145//2145
f 2145//2145 2112//2112 2115//2115
f 2145//2145 2115//2115 2146//2146
f 2146//2146 2115//2115 2118//2118
f 2146//2146 2118//2118 2147//2147
f 2147//2147 2118//2118 2121//2121
f 2147//2147 2121//2121 2148//2148
f 2148//2148 2121//2121 2123//2123
f 2148//2148 2123//2123 2149//2149
f 2149//2149 2123//2123 2127//2127
f 2149//2149 2127//2127 2150//2150
f 2150//2150 2127//2127 2130//2130
f 2150//2150 2130//2130 2151//2151
f 2151//2151 2130//2130 2132//2132
f 2151//2151 2132//2132 2152//2152
f 2152//2152 2132//2132 2089//2089
f 2152//2152 2089//2089 2084//2084
f 2084//2084 2089//2089 2090//2090
f 2086//2086 2153//2153 2084//2084
f 2084//2084 2153//2153 2154//2154
f 2084//2084 2154//2154 2152//2152
f 2152//2152 2154//2154 2155//2155
f 2152//2152 2155//2155 2151//2151
f 2151//2151 2155//2155 2156//2156
f 2151//2151 2156//2156 2150//2150
f 2150//2150 2156//2156 2157//2157
f 2150//2150 2157//2157 2149//2149
f 2149//2149 2157//2157 2158//2158
f 2149//2149 2158//2158 2148//2148
f 2148//2148 2158//2158 2159//2159
f 2148//2148 2159//2159 2147//2147
f 2147//2147 2159//2159 2160//2160
f 2147//2147 2160//2160 2146//2146
f 2146//2146 2160//2160 2161//2161
f 2146//2146 2161//2161 2145//2145
f 2145//2145 2161//2161 2162//2162
f 2145//2145 2162//2162 2144//2144
f 2144//2144 2162//2162 2163//2163
f 2144//2144 2163//2163 2143//2143
f 2143//2143 2163//2163 2164//2164
f 2143//2143 2164//2164 2142//2142
f 2142//2142 2164//2164 2165//2165
f 2142//2142 2165//2165 2141//2141
f 2141//2141 2165//2165 2166//2166
f 2141//2141 2166//2166 2140//2140
f 2140//2140 2166//2166 2167//2167
f 2140//2140 2167//2167 2139//2139
f 2139//2139 2167//2167 2168//2168
f 2139//2139 2168//2168 2138//2138
f 2138//2138 2168//2168 2169//2169
f 2138//2138 2169//2169 2137//2137
f 2170//2170 2171//2171 2172//2172
f 2172//2172 2171//2171 2173//2173
f 2172//2172 2173//2173 2174//2174
f 2175//2175 2176//2176 2172//2172
f 2172//2172 2176//2176 2177//2177
f 2178//2178 2179//2179 2180//2180
f 2181//2181 2182//2182 2183//2183
f 2180//2180 2184//2184 2185//2185
f 2086//2086 2186//2186 2153//2153
f 2153//2153 2186//2186 2187//2187
f 2153//2153 2187//2187 2154//2154
f 2154//2154 2187//2187 2188//2188
f 2154//2154 2188//2188 2155//2155
f 2189//2189 2190//2190 2158//2158
f 2174//2174 2191//2191 2172//2172
f 2172//2172 2191//2191 2192//2192
f 2185//2185 2184//2184 2176//2176
f 2193//2193 2194//2194 2195//2195
f 2196//2196 2197//2197 2198//2198
f 2158//2158 2157//2157 2189//2189
f 2189//2189 2157//2157 2156//2156
f 2189//2189 2156//2156 2199//2199
f 2199//2199 2156//2156 2155//2155
f 2172//2172 2169//2169 2190//2190
f 2190//2190 2169//2169 2168//2168
f 2190//2190 2168//2168 2167//2167
f 2164//2164 2163//2163 2190//2190
f 2190//2190 2163//2163 2162//2162
f 2190//2190 2162//2162 2161//2161
f 2167//2167 2166//2166 2190//2190
f 2190//2190 2166//2166 2165//2165
f 2190//2190 2165//2165 2164//2164
f 2161//2161 2160//2160 2190//2190
f 2190//2190 2160//2160 2159//2159
f 2190//2190 2159//2159 2158//2158
f 2200//2200 2201//2201 2202//2202
f 2202//2202 2201//2201 2203//2203
f 2202//2202 2203//2203 2204//2204
f 2201//2201 2200//2200 2205//2205
f 2205//2205 2206//2206 2207//2207
f 2207//2207 2206//2206 2208//2208
f 2207//2207 2208//2208 2209//2209
f 2209//2209 2210//2210 2211//2211
f 2211//2211 2210//2210 2212//2212
f 2211//2211 2212//2212 2213//2213
f 2213//2213 2212//2212 2214//2214
f 2213//2213 2214//2214 2215//2215
f 2216//2216 2217//2217 2218//2218
f 2219//2219 2220//2220 2221//2221
f 2221//2221 2220//2220 2222//2222
f 2215//2215 2223//2223 2213//2213
f 2224//2224 2225//2225 2226//2226
f 2226//2226 2225//2225 2227//2227
f 2226//2226 2227//2227 2228//2228
f 2228//2228 2227//2227 2229//2229
f 2228//2228 2229//2229 2230//2230
f 2230//2230 2229//2229 2231//2231
f 2232//2232 2233//2233 2234//2234
f 2231//2231 2235//2235 2236//2236
f 2236//2236 2235//2235 2237//2237
f 2236//2236 2237//2237 2234//2234
f 2234//2234 2237//2237 2238//2238
f 2234//2234 2238//2238 2232//2232
f 2232//2232 2239//2239 2240//2240
f 2240//2240 2239//2239 2241//2241
f 2240//2240 2241//2241 2242//2242
f 2242//2242 2241//2241 2243//2243
f 2242//2242 2243//2243 2244//2244
f 2245//2245 2246//2246 2247//2247
f 2247//2247 2246//2246 2244//2244
f 2247//2247 2244//2244 2248//2248
f 2248//2248 2244//2244 2249//2249
f 2250//2250 2251//2251 2245//2245
f 2245//2245 2252//2252 2246//2246
f 2250//2250 2253//2253 2251//2251
f 2251//2251 2253//2253 2254//2254
f 2251//2251 2254//2254 2255//2255
f 2256//2256 2254//2254 2257//2257
f 2258//2258 2259//2259 2256//2256
f 2260//2260 2261//2261 2262//2262
f 2263//2263 2264//2264 2265//2265
f 2266//2266 2267//2267 2268//2268
f 2066//2066 2065//2065 2269//2269
f 2051//2051 2053//2053 2270//2270
f 2271//2271 2272//2272 2273//2273
f 2274//2274 2275//2275 2276//2276
f 2277//2277 2278//2278 2276//2276
f 2276//2276 2278//2278 2279//2279
f 2276//2276 2279//2279 2274//2274
f 2274//2274 2279//2279 2280//2280
f 2281//2281 2282//2282 2283//2283
f 2283//2283 2282//2282 2284//2284
f 2283//2283 2284//2284 2285//2285
f 2286//2286 2287//2287 2288//2288
f 2289//2289 2290//2290 2291//2291
f 2291//2291 2290//2290 2292//2292
f 2291//2291 2292//2292 2286//2286
f 2286//2286 2292//2292 2293//2293
f 2286//2286 2293//2293 2287//2287
f 2289//2289 2291//2291 2294//2294
f 2294//2294 2291//2291 2295//2295
f 2294//2294 2295//2295 2296//2296
f 2297//2297 2298//2298 2299//2299
f 2299//2299 2298//2298 2300//2300
f 2299//2299 2300//2300 2295//2295
f 2295//2295 2301//2301 2296//2296
f 2273//2273 2302//2302 2303//2303
f 2273//2273 2303//2303 2299//2299
f 2299//2299 2303//2303 2304//2304
f 2305//2305 2306//2306 2307//2307
f 2307//2307 2306//2306 2308//2308
f 2307//2307 2308//2308 2309//2309
f 2310//2310 2311//2311 2312//2312
f 2312//2312 2311//2311 2313//2313
f 2312//2312 2313//2313 2314//2314
f 2314//2314 2313//2313 2315//2315
f 1862//1862 1863//1863 2316//2316
f 2316//2316 1863//1863 2317//2317
f 2316//2316 2317//2317 2312//2312
f 2312//2312 2317//2317 2318//2318
f 2312//2312 2318//2318 2310//2310
f 2316//2316 1920//1920 1919//1919
f 1919//1919 1858//1858 2316//2316
f 2316//2316 1858//1858 1860//1860
f 2316//2316 1860//1860 1862//1862
f 1917//1917 1918//1918 2319//2319
f 2319//2319 1918//1918 1922//1922
f 2319//2319 1922//1922 1921//1921
f 2320//2320 1896//1896 2321//2321
f 2321//2321 1896//1896 1895//1895
f 2321//2321 1895//1895 1913//1913
f 1902//1902 1903//1903 2320//2320
f 2320//2320 1903//1903 1904//1904
f 1905//1905 1898//1898 2322//2322
f 2322//2322 1898//1898 1900//1900
f 1906//1906 1905//1905 2323//2323
f 2323//2323 1907//1907 1906//1906
f 1892//1892 2324//2324 1890//1890
f 1890//1890 2324//2324 1908//1908
f 1887//1887 1910//1910 2325//2325
f 2325//2325 1910//1910 1909//1909
f 1887//1887 2325//2325 1885//1885
f 1885//1885 2325//2325 2326//2326
f 1885//1885 2326//2326 1883//1883
f 2327//2327 2326//2326 2328//2328
f 1882//1882 1880//1880 2329//2329
f 2329//2329 1880//1880 1878//1878
f 2329//2329 1878//1878 2330//2330
f 2330//2330 1878//1878 1877//1877
f 2330//2330 1877//1877 2328//2328
f 2328//2328 1889//1889 1888//1888
f 2070//2070 2069//2069 2329//2329
f 2070//2070 2329//2329 2055//2055
f 2055//2055 2329//2329 2331//2331
f 2055//2055 2331//2331 2056//2056
f 2056//2056 2331//2331 2332//2332
f 2058//2058 2332//2332 2333//2333
f 2058//2058 2333//2333 2059//2059
f 2270//2270 2053//2053 2333//2333
f 2333//2333 2053//2053 2060//2060
f 2333//2333 2060//2060 2059//2059
f 2269//2269 2065//2065 2270//2270
f 2270//2270 2065//2065 2049//2049
f 2270//2270 2049//2049 2051//2051
f 2269//2269 2068//2068 2067//2067
f 2269//2269 2067//2067 2066//2066
f 2334//2334 2047//2047 2335//2335
f 2335//2335 2047//2047 2046//2046
f 2046//2046 2045//2045 2335//2335
f 2335//2335 2045//2045 2044//2044
f 2335//2335 2044//2044 2336//2336
f 2336//2336 2044//2044 2043//2043
f 2336//2336 2043//2043 2064//2064
f 2039//2039 2337//2337 2027//2027
f 2027//2027 2337//2337 2028//2028
f 2038//2038 2037//2037 2334//2334
f 2334//2334 2048//2048 2047//2047
f 2028//2028 2337//2337 2030//2030
f 2030//2030 2337//2337 2338//2338
f 2030//2030 2338//2338 2031//2031
f 2339//2339 2024//2024 2338//2338
f 2338//2338 2024//2024 2023//2023
f 2338//2338 2023//2023 2031//2031
f 2340//2340 1853//1853 1855//1855
f 2026//2026 2025//2025 2339//2339
f 2339//2339 2032//2032 2024//2024
f 2341//2341 2342//2342 2343//2343
f 2343//2343 2342//2342 2340//2340
f 2343//2343 2340//2340 2339//2339
f 2339//2339 2340//2340 1855//1855
f 2339//2339 1855//1855 2026//2026
f 2344//2344 2345//2345 2346//2346
f 2346//2346 2345//2345 2347//2347
f 2344//2344 2348//2348 2345//2345
f 2345//2345 2348//2348 2349//2349
f 2345//2345 2349//2349 2343//2343
f 2343//2343 2349//2349 2350//2350
f 2343//2343 2350//2350 2341//2341
f 2351//2351 2352//2352 2347//2347
f 2353//2353 2354//2354 2355//2355
f 2354//2354 2356//2356 2355//2355
f 2355//2355 2356//2356 2357//2357
f 2355//2355 2357//2357 2347//2347
f 2347//2347 2357//2357 2358//2358
f 2359//2359 2360//2360 2361//2361
f 2359//2359 2361//2361 2362//2362
f 2363//2363 2364//2364 2263//2263
f 2364//2364 2365//2365 2263//2263
f 2263//2263 2365//2365 2366//2366
f 2263//2263 2366//2366 2264//2264
f 2264//2264 2366//2366 2367//2367
f 2264//2264 2367//2367 2368//2368
f 2369//2369 2370//2370 2371//2371
f 2371//2371 2370//2370 2372//2372
f 2373//2373 2374//2374 2375//2375
f 2376//2376 2377//2377 2378//2378
f 2376//2376 2378//2378 2379//2379
f 2379//2379 2378//2378 2380//2380
f 2380//2380 2378//2378 2381//2381
f 2380//2380 2381//2381 2382//2382
f 2383//2383 2384//2384 2385//2385
f 2385//2385 2386//2386 2380//2380
f 2380//2380 2386//2386 2387//2387
f 2380//2380 2387//2387 2379//2379
f 2388//2388 2389//2389 2262//2262
f 2390//2390 2391//2391 2392//2392
f 2392//2392 2391//2391 2393//2393
f 2394//2394 2392//2392 2395//2395
f 2395//2395 2392//2392 2393//2393
f 2395//2395 2393//2393 2396//2396
f 2397//2397 2398//2398 2399//2399
f 2399//2399 2400//2400 2401//2401
f 2402//2402 2403//2403 2404//2404
f 2405//2405 2406//2406 2407//2407
f 2407//2407 2406//2406 2408//2408
f 2409//2409 2410//2410 2411//2411
f 2412//2412 2413//2413 2414//2414
f 2412//2412 2414//2414 2415//2415
f 2413//2413 2412//2412 2416//2416
f 2416//2416 2412//2412 2417//2417
f 2416//2416 2417//2417 2418//2418
f 2418//2418 2417//2417 2419//2419
f 2419//2419 2417//2417 2420//2420
f 2419//2419 2420//2420 2421//2421
f 2422//2422 2423//2423 2424//2424
f 2424//2424 2423//2423 2425//2425
f 2424//2424 2425//2425 2420//2420
f 2420//2420 2425//2425 2426//2426
f 2427//2427 2428//2428 2429//2429
f 2429//2429 2428//2428 2430//2430
f 2429//2429 2430//2430 2431//2431
f 2432//2432 2433//2433 2429//2429
f 2429//2429 2433//2433 2434//2434
f 2429//2429 2434//2434 2427//2427
f 2275//2275 2435//2435 2276//2276
f 2276//2276 2435//2435 2436//2436
f 2276//2276 2436//2436 2432//2432
f 2432//2432 2436//2436 2437//2437
f 2432//2432 2437//2437 2433//2433
f 2438//2438 2439//2439 2440//2440
f 2441//2441 2442//2442 2443//2443
f 2444//2444 2445//2445 2446//2446
f 2446//2446 2445//2445 2447//2447
f 2446//2446 2447//2447 2448//2448
f 2448//2448 2447//2447 2449//2449
f 2448//2448 2449//2449 2450//2450
f 2450//2450 2449//2449 2451//2451
f 2450//2450 2451//2451 2452//2452
f 2452//2452 2451//2451 2453//2453
f 2452//2452 2453//2453 2454//2454
f 2454//2454 2453//2453 2455//2455
f 2454//2454 2455//2455 2456//2456
f 2456//2456 2455//2455 2457//2457
f 2456//2456 2457//2457 2458//2458
f 2458//2458 2457//2457 2459//2459
f 2458//2458 2459//2459 2460//2460
f 2460//2460 2459//2459 2461//2461
f 2460//2460 2461//2461 2462//2462
f 2462//2462 2461//2461 2463//2463
f 2462//2462 2463//2463 2464//2464
f 2465//2465 2444//2444 2466//2466
f 2466//2466 2444//2444 2446//2446
f 2466//2466 2446//2446 2467//2467
f 2467//2467 2446//2446 2448//2448
f 2467//2467 2448//2448 2468//2468
f 2468//2468 2448//2448 2450//2450
f 2468//2468 2450//2450 2469//2469
f 2469//2469 2450//2450 2452//2452
f 2469//2469 2452//2452 2470//2470
f 2470//2470 2452//2452 2454//2454
f 2470//2470 2454//2454 2471//2471
f 2471//2471 2454//2454 2456//2456
f 2471//2471 2456//2456 2472//2472
f 2472//2472 2456//2456 2458//2458
f 2472//2472 2458//2458 2473//2473
f 2473//2473 2458//2458 2460//2460
f 2473//2473 2460//2460 2474//2474
f 2474//2474 2460//2460 2462//2462
f 2474//2474 2462//2462 2475//2475
f 2475//2475 2462//2462 2464//2464
f 2476//2476 2477//2477 2478//2478
f 2478//2478 2477//2477 2479//2479
f 2478//2478 2479//2479 2480//2480
f 2480//2480 2479//2479 2481//2481
f 2480//2480 2481//2481 2482//2482
f 2482//2482 2481//2481 2483//2483
f 2482//2482 2483//2483 2484//2484
f 2484//2484 2483//2483 2485//2485
f 2484//2484 2485//2485 2486//2486
f 2486//2486 2485//2485 2487//2487
f 2486//2486 2487//2487 2488//2488
f 2488//2488 2487//2487 2489//2489
f 2488//2488 2489//2489 2490//2490
f 2490//2490 2489//2489 2491//2491
f 2490//2490 2491//2491 2492//2492
f 2492//2492 2491//2491 2493//2493
f 2492//2492 2493//2493 2494//2494
f 2494//2494 2493//2493 2495//2495
f 2494//2494 2495//2495 2336//2336
f 2336//2336 2495//2495 2496//2496
f 2336//2336 2496//2496 2335//2335
f 2335//2335 2496//2496 2497//2497
f 2335//2335 2497//2497 2334//2334
f 2334//2334 2497//2497 2337//2337
f 2334//2334 2337//2337 2038//2038
f 2038//2038 2337//2337 2039//2039
f 2325//2325 2476//2476 2326//2326
f 2326//2326 2476//2476 2478//2478
f 2326//2326 2478//2478 2328//2328
f 2328//2328 2478//2478 2480//2480
f 2328//2328 2480//2480 2330//2330
f 2330//2330 2480//2480 2482//2482
f 2330//2330 2482//2482 2329//2329
f 2329//2329 2482//2482 2484//2484
f 2329//2329 2484//2484 2331//2331
f 2331//2331 2484//2484 2486//2486
f 2331//2331 2486//2486 2332//2332
f 2332//2332 2486//2486 2488//2488
f 2332//2332 2488//2488 2333//2333
f 2333//2333 2488//2488 2490//2490
f 2333//2333 2490//2490 2270//2270
f 2270//2270 2490//2490 2492//2492
f 2270//2270 2492//2492 2269//2269
f 2269//2269 2492//2492 2494//2494
f 2269//2269 2494//2494 2498//2498
f 2498//2498 2494//2494 2336//2336
f 2498//2498 2336//2336 2063//2063
f 2441//2441 2443//2443 2499//2499
f 2499//2499 2443//2443 2500//2500
f 2499//2499 2500//2500 2501//2501
f 2501//2501 2500//2500 2502//2502
f 2501//2501 2502//2502 2503//2503
f 2503//2503 2502//2502 2504//2504
f 2503//2503 2504//2504 2505//2505
f 2505//2505 2504//2504 2506//2506
f 2505//2505 2506//2506 2323//2323
f 2323//2323 2506//2506 2324//2324
f 2323//2323 2324//2324 2507//2507
f 2507//2507 2324//2324 1892//1892
f 2508//2508 2267//2267 2509//2509
f 2509//2509 2267//2267 2266//2266
f 2509//2509 2266//2266 2510//2510
f 2510//2510 2266//2266 2511//2511
f 2512//2512 2422//2422 2513//2513
f 2513//2513 2422//2422 2268//2268
f 2513//2513 2268//2268 2431//2431
f 2431//2431 2268//2268 2267//2267
f 2431//2431 2267//2267 2429//2429
f 2429//2429 2267//2267 2508//2508
f 2429//2429 2508//2508 2432//2432
f 2432//2432 2508//2508 2283//2283
f 2432//2432 2283//2283 2276//2276
f 2276//2276 2283//2283 2285//2285
f 2276//2276 2285//2285 2277//2277
f 2309//2309 2271//2271 2307//2307
f 2307//2307 2271//2271 2273//2273
f 2307//2307 2273//2273 2511//2511
f 2511//2511 2273//2273 2299//2299
f 2511//2511 2299//2299 2510//2510
f 2510//2510 2299//2299 2295//2295
f 2510//2510 2295//2295 2509//2509
f 2509//2509 2295//2295 2291//2291
f 2509//2509 2291//2291 2508//2508
f 2508//2508 2291//2291 2286//2286
f 2508//2508 2286//2286 2283//2283
f 2283//2283 2286//2286 2288//2288
f 2283//2283 2288//2288 2281//2281
f 1913//1913 1912//1912 2321//2321
f 2321//2321 1912//1912 2514//2514
f 2321//2321 2514//2514 2515//2515
f 2515//2515 2514//2514 2319//2319
f 2515//2515 2319//2319 2516//2516
f 2516//2516 2319//2319 2517//2517
f 2516//2516 2517//2517 2518//2518
f 2518//2518 2517//2517 2519//2519
f 2518//2518 2519//2519 2520//2520
f 2520//2520 2519//2519 2521//2521
f 2520//2520 2521//2521 2522//2522
f 2522//2522 2521//2521 2523//2523
f 2315//2315 2305//2305 2314//2314
f 2314//2314 2305//2305 2307//2307
f 2314//2314 2307//2307 2524//2524
f 2524//2524 2307//2307 2511//2511
f 2524//2524 2511//2511 2525//2525
f 2525//2525 2511//2511 2266//2266
f 2525//2525 2266//2266 2526//2526
f 2526//2526 2266//2266 2268//2268
f 2526//2526 2268//2268 2527//2527
f 2527//2527 2268//2268 2422//2422
f 2527//2527 2422//2422 2528//2528
f 2528//2528 2422//2422 2424//2424
f 2528//2528 2424//2424 2529//2529
f 2529//2529 2424//2424 2420//2420
f 2529//2529 2420//2420 2530//2530
f 2530//2530 2420//2420 2417//2417
f 2530//2530 2417//2417 2531//2531
f 2531//2531 2417//2417 2412//2412
f 2531//2531 2412//2412 2532//2532
f 2532//2532 2412//2412 2415//2415
f 2532//2532 2415//2415 2533//2533
f 2525//2525 2523//2523 2524//2524
f 2524//2524 2523//2523 2521//2521
f 2524//2524 2521//2521 2314//2314
f 2314//2314 2521//2521 2519//2519
f 2314//2314 2519//2519 2312//2312
f 2312//2312 2519//2519 2517//2517
f 2312//2312 2517//2517 2316//2316
f 2316//2316 2517//2517 2319//2319
f 2316//2316 2319//2319 1920//1920
f 1920//1920 2319//2319 1921//1921
f 2525//2525 2534//2534 2523//2523
f 2523//2523 2534//2534 2535//2535
f 2523//2523 2535//2535 2522//2522
f 2522//2522 2535//2535 2536//2536
f 2522//2522 2536//2536 2520//2520
f 2520//2520 2536//2536 2537//2537
f 2520//2520 2537//2537 2518//2518
f 2518//2518 2537//2537 2538//2538
f 2518//2518 2538//2538 2516//2516
f 2516//2516 2538//2538 2539//2539
f 2516//2516 2539//2539 2515//2515
f 2515//2515 2539//2539 2540//2540
f 2515//2515 2540//2540 2321//2321
f 2321//2321 2540//2540 2322//2322
f 2321//2321 2322//2322 2320//2320
f 2320//2320 2322//2322 1900//1900
f 2320//2320 1900//1900 1902//1902
f 2362//2362 2361//2361 2264//2264
f 2264//2264 2361//2361 2541//2541
f 2264//2264 2541//2541 2265//2265
f 2261//2261 2260//2260 2542//2542
f 2375//2375 2369//2369 2373//2373
f 2373//2373 2369//2369 2371//2371
f 2373//2373 2371//2371 2260//2260
f 2260//2260 2371//2371 2543//2543
f 2260//2260 2543//2543 2542//2542
f 2544//2544 2383//2383 2262//2262
f 2262//2262 2383//2383 2385//2385
f 2262//2262 2385//2385 2260//2260
f 2260//2260 2385//2385 2380//2380
f 2260//2260 2380//2380 2373//2373
f 2373//2373 2380//2380 2382//2382
f 2373//2373 2382//2382 2374//2374
f 2401//2401 2390//2390 2399//2399
f 2399//2399 2390//2390 2392//2392
f 2399//2399 2392//2392 2545//2545
f 2545//2545 2392//2392 2394//2394
f 2545//2545 2394//2394 2546//2546
f 2403//2403 2397//2397 2404//2404
f 2404//2404 2397//2397 2399//2399
f 2404//2404 2399//2399 2547//2547
f 2547//2547 2399//2399 2545//2545
f 2547//2547 2545//2545 2548//2548
f 2548//2548 2545//2545 2546//2546
f 2548//2548 2546//2546 2549//2549
f 2338//2338 2550//2550 2339//2339
f 2339//2339 2550//2550 2551//2551
f 2339//2339 2551//2551 2343//2343
f 2343//2343 2551//2551 2552//2552
f 2343//2343 2552//2552 2345//2345
f 2345//2345 2552//2552 2553//2553
f 2345//2345 2553//2553 2347//2347
f 2347//2347 2553//2553 2541//2541
f 2347//2347 2541//2541 2355//2355
f 2355//2355 2541//2541 2361//2361
f 2355//2355 2361//2361 2353//2353
f 2353//2353 2361//2361 2360//2360
f 2408//2408 2402//2402 2407//2407
f 2407//2407 2402//2402 2404//2404
f 2407//2407 2404//2404 2554//2554
f 2554//2554 2404//2404 2547//2547
f 2554//2554 2547//2547 2555//2555
f 2555//2555 2547//2547 2548//2548
f 2555//2555 2548//2548 2556//2556
f 2556//2556 2548//2548 2549//2549
f 2556//2556 2549//2549 2557//2557
f 2558//2558 2559//2559 2560//2560
f 2560//2560 2559//2559 2561//2561
f 2560//2560 2561//2561 2562//2562
f 2562//2562 2561//2561 2563//2563
f 2562//2562 2563//2563 2564//2564
f 2564//2564 2563//2563 2565//2565
f 2564//2564 2565//2565 2566//2566
f 2566//2566 2565//2565 2567//2567
f 2566//2566 2567//2567 2568//2568
f 2568//2568 2567//2567 2569//2569
f 2568//2568 2569//2569 2570//2570
f 2570//2570 2569//2569 2571//2571
f 2570//2570 2571//2571 2572//2572
f 2572//2572 2571//2571 2573//2573
f 2572//2572 2573//2573 2574//2574
f 2574//2574 2573//2573 2575//2575
f 2574//2574 2575//2575 2576//2576
f 2410//2410 2405//2405 2411//2411
f 2411//2411 2405//2405 2407//2407
f 2411//2411 2407//2407 2577//2577
f 2577//2577 2407//2407 2554//2554
f 2577//2577 2554//2554 2578//2578
f 2578//2578 2554//2554 2555//2555
f 2578//2578 2555//2555 2579//2579
f 2579//2579 2555//2555 2556//2556
f 2579//2579 2556//2556 2580//2580
f 2580//2580 2556//2556 2557//2557
f 2580//2580 2557//2557 2581//2581
f 2582//2582 2583//2583 2584//2584
f 2584//2584 2583//2583 2585//2585
f 2584//2584 2585//2585 2586//2586
f 2586//2586 2585//2585 2587//2587
f 2586//2586 2587//2587 2588//2588
f 2588//2588 2587//2587 2589//2589
f 2588//2588 2589//2589 2438//2438
f 2438//2438 2589//2589 2590//2590
f 2438//2438 2590//2590 2439//2439
f 2438//2438 2581//2581 2588//2588
f 2588//2588 2581//2581 2557//2557
f 2588//2588 2557//2557 2586//2586
f 2586//2586 2557//2557 2549//2549
f 2586//2586 2549//2549 2584//2584
f 2584//2584 2549//2549 2546//2546
f 2584//2584 2546//2546 2582//2582
f 2582//2582 2546//2546 2394//2394
f 2582//2582 2394//2394 2542//2542
f 2542//2542 2394//2394 2395//2395
f 2542//2542 2395//2395 2261//2261
f 2261//2261 2395//2395 2396//2396
f 2261//2261 2396//2396 2262//2262
f 2262//2262 2591//2591 2388//2388
f 2441//2441 2592//2592 2442//2442
f 2442//2442 2592//2592 2593//2593
f 2442//2442 2593//2593 2594//2594
f 2594//2594 2593//2593 2595//2595
f 2594//2594 2595//2595 2596//2596
f 2596//2596 2595//2595 2597//2597
f 2596//2596 2597//2597 2598//2598
f 2598//2598 2597//2597 2599//2599
f 2598//2598 2599//2599 2600//2600
f 2600//2600 2599//2599 2601//2601
f 2600//2600 2601//2601 2602//2602
f 2602//2602 2601//2601 2603//2603
f 2602//2602 2603//2603 2604//2604
f 2604//2604 2603//2603 2605//2605
f 2604//2604 2605//2605 2606//2606
f 2606//2606 2605//2605 2607//2607
f 2606//2606 2607//2607 2608//2608
f 2608//2608 2607//2607 2609//2609
f 2608//2608 2609//2609 2610//2610
f 2610//2610 2609//2609 2611//2611
f 2612//2612 2465//2465 2613//2613
f 2613//2613 2465//2465 2466//2466
f 2613//2613 2466//2466 2614//2614
f 2614//2614 2466//2466 2467//2467
f 2614//2614 2467//2467 2615//2615
f 2615//2615 2467//2467 2468//2468
f 2615//2615 2468//2468 2616//2616
f 2616//2616 2468//2468 2469//2469
f 2616//2616 2469//2469 2617//2617
f 2617//2617 2469//2469 2470//2470
f 2617//2617 2470//2470 2618//2618
f 2618//2618 2470//2470 2471//2471
f 2618//2618 2471//2471 2619//2619
f 2619//2619 2471//2471 2472//2472
f 2619//2619 2472//2472 2620//2620
f 2620//2620 2472//2472 2473//2473
f 2620//2620 2473//2473 2621//2621
f 2621//2621 2473//2473 2474//2474
f 2621//2621 2474//2474 2440//2440
f 2440//2440 2474//2474 2475//2475
f 2440//2440 2475//2475 2438//2438
f 2438//2438 2475//2475 2464//2464
f 2438//2438 2464//2464 2581//2581
f 2581//2581 2464//2464 2463//2463
f 2581//2581 2463//2463 2580//2580
f 2580//2580 2463//2463 2461//2461
f 2592//2592 2558//2558 2593//2593
f 2593//2593 2558//2558 2560//2560
f 2593//2593 2560//2560 2595//2595
f 2595//2595 2560//2560 2562//2562
f 2595//2595 2562//2562 2597//2597
f 2597//2597 2562//2562 2564//2564
f 2597//2597 2564//2564 2599//2599
f 2599//2599 2564//2564 2566//2566
f 2599//2599 2566//2566 2601//2601
f 2601//2601 2566//2566 2568//2568
f 2601//2601 2568//2568 2603//2603
f 2603//2603 2568//2568 2570//2570
f 2603//2603 2570//2570 2605//2605
f 2605//2605 2570//2570 2572//2572
f 2605//2605 2572//2572 2607//2607
f 2607//2607 2572//2572 2574//2574
f 2607//2607 2574//2574 2609//2609
f 2609//2609 2574//2574 2576//2576
f 2609//2609 2576//2576 2611//2611
f 2372//2372 2363//2363 2371//2371
f 2371//2371 2363//2363 2263//2263
f 2371//2371 2263//2263 2543//2543
f 2543//2543 2263//2263 2265//2265
f 2543//2543 2265//2265 2542//2542
f 2542//2542 2265//2265 2541//2541
f 2542//2542 2541//2541 2582//2582
f 2582//2582 2541//2541 2553//2553
f 2582//2582 2553//2553 2583//2583
f 2583//2583 2553//2553 2552//2552
f 2583//2583 2552//2552 2585//2585
f 2585//2585 2552//2552 2551//2551
f 2585//2585 2551//2551 2587//2587
f 2587//2587 2551//2551 2550//2550
f 2587//2587 2550//2550 2589//2589
f 2589//2589 2550//2550 2338//2338
f 2589//2589 2338//2338 2590//2590
f 2590//2590 2338//2338 2337//2337
f 2590//2590 2337//2337 2439//2439
f 2439//2439 2337//2337 2497//2497
f 2439//2439 2497//2497 2440//2440
f 2440//2440 2497//2497 2496//2496
f 2440//2440 2496//2496 2621//2621
f 2621//2621 2496//2496 2495//2495
f 2621//2621 2495//2495 2620//2620
f 2620//2620 2495//2495 2493//2493
f 2620//2620 2493//2493 2619//2619
f 2619//2619 2493//2493 2491//2491
f 2619//2619 2491//2491 2618//2618
f 2618//2618 2491//2491 2489//2489
f 2618//2618 2489//2489 2617//2617
f 2617//2617 2489//2489 2487//2487
f 2617//2617 2487//2487 2616//2616
f 2616//2616 2487//2487 2485//2485
f 2616//2616 2485//2485 2615//2615
f 2615//2615 2485//2485 2483//2483
f 2615//2615 2483//2483 2614//2614
f 2614//2614 2483//2483 2481//2481
f 2614//2614 2481//2481 2613//2613
f 2613//2613 2481//2481 2479//2479
f 2613//2613 2479//2479 2612//2612
f 2612//2612 2479//2479 2477//2477
f 1905//1905 2322//2322 2323//2323
f 2323//2323 2322//2322 2540//2540
f 2323//2323 2540//2540 2505//2505
f 2505//2505 2540//2540 2539//2539
f 2505//2505 2539//2539 2503//2503
f 2503//2503 2539//2539 2538//2538
f 2503//2503 2538//2538 2501//2501
f 2501//2501 2538//2538 2537//2537
f 2501//2501 2537//2537 2499//2499
f 2499//2499 2537//2537 2536//2536
f 2499//2499 2536//2536 2441//2441
f 2441//2441 2536//2536 2535//2535
f 2441//2441 2535//2535 2592//2592
f 2592//2592 2535//2535 2534//2534
f 2592//2592 2534//2534 2558//2558
f 2558//2558 2534//2534 2525//2525
f 2558//2558 2525//2525 2559//2559
f 2559//2559 2525//2525 2526//2526
f 2559//2559 2526//2526 2561//2561
f 2561//2561 2526//2526 2527//2527
f 2561//2561 2527//2527 2563//2563
f 2563//2563 2527//2527 2528//2528
f 2563//2563 2528//2528 2565//2565
f 2565//2565 2528//2528 2529//2529
f 2565//2565 2529//2529 2567//2567
f 2567//2567 2529//2529 2530//2530
f 2567//2567 2530//2530 2569//2569
f 2569//2569 2530//2530 2531//2531
f 2569//2569 2531//2531 2571//2571
f 2571//2571 2531//2531 2532//2532
f 2571//2571 2532//2532 2573//2573
f 2573//2573 2532//2532 2533//2533
f 2573//2573 2533//2533 2575//2575
f 2414//2414 2409//2409 2415//2415
f 2415//2415 2409//2409 2411//2411
f 2415//2415 2411//2411 2533//2533
f 2533//2533 2411//2411 2577//2577
f 2533//2533 2577//2577 2575//2575
f 2575//2575 2577//2577 2578//2578
f 2575//2575 2578//2578 2576//2576
f 2576//2576 2578//2578 2579//2579
f 2576//2576 2579//2579 2611//2611
f 2611//2611 2579//2579 2580//2580
f 2611//2611 2580//2580 2610//2610
f 2610//2610 2580//2580 2461//2461
f 2610//2610 2461//2461 2608//2608
f 2608//2608 2461//2461 2459//2459
f 2608//2608 2459//2459 2606//2606
f 2606//2606 2459//2459 2457//2457
f 2606//2606 2457//2457 2604//2604
f 2604//2604 2457//2457 2455//2455
f 2604//2604 2455//2455 2602//2602
f 2602//2602 2455//2455 2453//2453
f 2602//2602 2453//2453 2600//2600
f 2600//2600 2453//2453 2451//2451
f 2600//2600 2451//2451 2598//2598
f 2598//2598 2451//2451 2449//2449
f 2598//2598 2449//2449 2596//2596
f 2596//2596 2449//2449 2447//2447
f 2596//2596 2447//2447 2594//2594
f 2594//2594 2447//2447 2445//2445
f 2594//2594 2445//2445 2442//2442
f 2442//2442 2445//2445 2444//2444
f 2442//2442 2444//2444 2443//2443
f 2443//2443 2444//2444 2465//2465
f 2443//2443 2465//2465 2500//2500
f 2500//2500 2465//2465 2612//2612
f 2500//2500 2612//2612 2502//2502
f 2502//2502 2612//2612 2477//2477
f 2502//2502 2477//2477 2504//2504
f 2504//2504 2477//2477 2476//2476
f 2504//2504 2476//2476 2506//2506
f 2506//2506 2476//2476 2325//2325
f 2506//2506 2325//2325 2324//2324
f 2324//2324 2325//2325 1909//1909
f 2324//2324 1909//1909 1908//1908
f 2622//2622 2623//2623 2624//2624
f 2625//2625 2626//2626 2627//2627
f 2628//2628 2629//2629 2630//2630
f 2628//2628 2630//2630 2631//2631
f 2627//2627 2626//2626 2632//2632
f 2633//2633 2634//2634 2626//2626
f 2626//2626 2634//2634 2635//2635
f 2626//2626 2635//2635 2632//2632
f 2631//2631 2636//2636 2628//2628
f 2628//2628 2636//2636 2634//2634
f 2637//2637 2634//2634 2633//2633
f 2625//2625 2627//2627 2638//2638
f 2638//2638 2639//2639 2640//2640
f 2640//2640 2641//2641 2638//2638
f 2638//2638 2641//2641 2642//2642
f 2643//2643 2642//2642 2644//2644
f 2645//2645 2646//2646 2647//2647
f 2642//2642 2648//2648 2644//2644
f 2644//2644 2648//2648 2649//2649
f 2644//2644 2649//2649 2646//2646
f 2646//2646 2649//2649 2650//2650
f 2651//2651 2645//2645 2652//2652
f 2652//2652 2645//2645 2653//2653
f 2652//2652 2653//2653 2623//2623
f 2623//2623 2654//2654 2624//2624
f 2622//2622 2624//2624 2655//2655
f 2655//2655 2624//2624 2656//2656
f 2655//2655 2656//2656 2657//2657
f 2657//2657 2658//2658 2655//2655
f 2655//2655 2658//2658 2659//2659
f 2660//2660 2659//2659 2661//2661
f 2659//2659 2662//2662 2661//2661
f 2661//2661 2663//2663 2664//2664
f 2664//2664 2663//2663 2665//2665
f 2664//2664 2665//2665 2666//2666
f 2665//2665 2667//2667 2666//2666
f 2666//2666 2667//2667 2668//2668
f 2666//2666 2668//2668 2669//2669
f 2669//2669 2668//2668 2670//2670
f 2669//2669 2670//2670 2671//2671
f 2672//2672 2673//2673 2674//2674
f 2674//2674 2673//2673 2671//2671
f 2674//2674 2671//2671 2675//2675
f 2675//2675 2671//2671 2670//2670
f 2676//2676 2677//2677 2629//2629
f 2629//2629 2677//2677 2678//2678
f 2629//2629 2678//2678 2630//2630
f 2673//2673 2672//2672 2679//2679
f 2679//2679 2672//2672 2680//2680
f 2681//2681 2682//2682 2683//2683
f 2683//2683 2682//2682 2684//2684
f 2685//2685 2686//2686 2687//2687
f 2687//2687 2686//2686 2688//2688
f 2689//2689 2690//2690 2691//2691
f 2689//2689 2691//2691 2692//2692
f 2692//2692 2691//2691 2693//2693
f 2693//2693 2691//2691 2694//2694
f 2693//2693 2694//2694 2695//2695
f 2695//2695 2694//2694 2696//2696
f 2695//2695 2696//2696 2697//2697
f 2697//2697 2698//2698 2699//2699
f 2699//2699 2698//2698 2700//2700
f 2699//2699 2700//2700 2701//2701
f 2701//2701 2700//2700 2702//2702
f 1826//1826 2703//2703 2704//2704
f 2704//2704 2703//2703 2705//2705
f 2704//2704 2705//2705 2702//2702
f 2702//2702 2705//2705 2701//2701
f 2706//2706 2707//2707 1826//1826
f 1826//1826 2707//2707 2703//2703
f 2708//2708 2709//2709 2710//2710
f 2711//2711 2712//2712 2710//2710
f 2711//2711 2710//2710 2713//2713
f 1736//1736 2714//2714 2715//2715
f 1809//1809 2716//2716 2717//2717
f 2718//2718 2719//2719 2720//2720
f 2721//2721 2722//2722 2723//2723
f 1814//1814 1815//1815 2724//2724
f 2724//2724 1818//1818 1819//1819
f 2725//2725 2726//2726 2727//2727
f 2728//2728 2729//2729 2730//2730
f 2731//2731 2732//2732 2733//2733
f 2734//2734 2735//2735 2736//2736
f 2736//2736 2735//2735 2737//2737
f 2736//2736 2737//2737 2738//2738
f 1814//1814 2724//2724 1813//1813
f 2739//2739 1806//1806 1807//1807
f 2739//2739 1807//1807 2717//2717
f 2717//2717 1807//1807 1808//1808
f 2717//2717 1808//1808 1809//1809
f 1809//1809 1810//1810 2716//2716
f 2716//2716 1810//1810 1811//1811
f 2716//2716 1811//1811 2724//2724
f 2724//2724 1811//1811 1812//1812
f 2724//2724 1812//1812 1813//1813
f 1815//1815 1816//1816 2724//2724
f 2724//2724 1816//1816 1817//1817
f 2724//2724 1817//1817 1818//1818
f 1825//1825 2735//2735 1823//1823
f 1823//1823 2735//2735 2724//2724
f 1823//1823 2724//2724 1822//1822
f 2740//2740 2741//2741 2735//2735
f 2734//2734 2742//2742 2735//2735
f 2735//2735 2742//2742 2743//2743
f 2735//2735 2743//2743 2744//2744
f 2744//2744 2745//2745 2735//2735
f 2735//2735 2745//2745 2746//2746
f 2735//2735 2746//2746 2740//2740
f 1819//1819 1820//1820 2724//2724
f 2724//2724 1820//1820 1821//1821
f 2724//2724 1821//1821 1822//1822
f 2747//2747 2748//2748 2749//2749
f 2749//2749 2750//2750 2751//2751
f 2751//2751 2750//2750 2752//2752
f 2752//2752 2750//2750 2753//2753
f 2753//2753 2750//2750 2754//2754
f 2755//2755 2754//2754 2756//2756
f 2755//2755 2756//2756 2757//2757
f 2758//2758 2759//2759 2760//2760
f 2760//2760 2761//2761 2762//2762
f 2762//2762 2763//2763 2764//2764
f 2765//2765 2766//2766 2767//2767
f 2767//2767 2766//2766 2768//2768
f 2767//2767 2768//2768 2769//2769
f 2769//2769 2768//2768 2762//2762
f 2769//2769 2762//2762 2770//2770
f 2770//2770 2762//2762 2764//2764
f 2771//2771 2772//2772 2773//2773
f 2771//2771 2773//2773 2774//2774
f 2774//2774 2773//2773 2775//2775
f 2774//2774 2775//2775 2758//2758
f 2758//2758 2775//2775 2776//2776
f 2758//2758 2776//2776 2777//2777
f 2756//2756 2778//2778 2757//2757
f 2772//2772 2771//2771 2778//2778
f 2778//2778 2771//2771 2779//2779
f 2778//2778 2779//2779 2757//2757
f 2780//2780 2781//2781 2782//2782
f 2783//2783 2784//2784 2785//2785
f 2786//2786 2787//2787 2788//2788
f 2788//2788 2789//2789 2790//2790
f 2790//2790 2780//2780 2782//2782
f 2790//2790 2782//2782 2791//2791
f 2791//2791 2782//2782 2792//2792
f 2791//2791 2792//2792 2793//2793
f 2793//2793 2792//2792 2794//2794
f 2793//2793 2794//2794 2785//2785
f 2785//2785 2794//2794 2795//2795
f 2785//2785 2795//2795 2783//2783
f 2796//2796 2797//2797 2798//2798
f 2798//2798 2797//2797 2786//2786
f 2798//2798 2786//2786 2799//2799
f 2799//2799 2786//2786 2800//2800
f 2799//2799 2800//2800 2801//2801
f 2801//2801 2800//2800 2766//2766
f 2801//2801 2766//2766 2765//2765
f 2802//2802 2803//2803 2804//2804
f 2784//2784 2783//2783 2805//2805
f 2805//2805 2783//2783 2806//2806
f 2807//2807 2806//2806 2808//2808
f 2809//2809 2808//2808 2810//2810
f 2810//2810 2808//2808 2806//2806
f 2811//2811 2812//2812 2810//2810
f 2810//2810 2812//2812 2813//2813
f 2814//2814 2815//2815 2816//2816
f 2817//2817 2818//2818 2819//2819
f 2820//2820 2821//2821 2822//2822
f 2822//2822 2821//2821 2823//2823
f 2822//2822 2823//2823 2824//2824
f 2824//2824 2823//2823 2825//2825
f 2825//2825 2823//2823 2826//2826
f 2825//2825 2826//2826 2827//2827
f 2828//2828 2829//2829 2830//2830
f 2831//2831 2832//2832 2826//2826
f 2833//2833 2828//2828 2834//2834
f 2834//2834 2828//2828 2819//2819
f 2834//2834 2819//2819 2835//2835
f 2835//2835 2819//2819 2818//2818
f 2835//2835 2818//2818 2836//2836
f 2837//2837 2838//2838 2839//2839
f 2839//2839 2838//2838 2840//2840
f 2839//2839 2840//2840 2841//2841
f 2841//2841 2840//2840 2842//2842
f 2841//2841 2842//2842 2843//2843
f 2843//2843 2842//2842 2844//2844
f 2843//2843 2844//2844 2845//2845
f 2845//2845 2844//2844 2846//2846
f 2845//2845 2846//2846 2847//2847
f 2848//2848 2837//2837 2849//2849
f 2849//2849 2837//2837 2839//2839
f 2849//2849 2839//2839 2830//2830
f 2830//2830 2839//2839 2841//2841
f 2830//2830 2841//2841 2828//2828
f 2828//2828 2841//2841 2843//2843
f 2828//2828 2843//2843 2819//2819
f 2819//2819 2843//2843 2845//2845
f 2819//2819 2845//2845 2817//2817
f 2817//2817 2845//2845 2847//2847
f 2821//2821 2814//2814 2823//2823
f 2823//2823 2814//2814 2816//2816
f 2823//2823 2816//2816 2826//2826
f 2826//2826 2816//2816 2850//2850
f 2826//2826 2850//2850 2831//2831
f 2831//2831 2850//2850 2851//2851
f 2831//2831 2851//2851 2852//2852
f 2852//2852 2851//2851 2853//2853
f 2852//2852 2853//2853 2854//2854
f 2854//2854 2848//2848 2852//2852
f 2852//2852 2848//2848 2849//2849
f 2852//2852 2849//2849 2831//2831
f 2831//2831 2849//2849 2830//2830
f 2831//2831 2830//2830 2855//2855
f 2856//2856 2857//2857 2858//2858
f 2859//2859 2860//2860 2861//2861
f 2859//2859 2861//2861 2862//2862
f 2862//2862 2861//2861 2863//2863
f 2862//2862 2863//2863 2864//2864
f 2864//2864 2863//2863 2865//2865
f 2864//2864 2865//2865 2866//2866
f 2866//2866 2865//2865 2867//2867
f 2867//2867 2865//2865 2868//2868
f 2867//2867 2868//2868 2869//2869
f 2869//2869 2868//2868 2870//2870
f 2870//2870 2868//2868 2871//2871
f 2872//2872 2873//2873 2874//2874
f 2874//2874 2873//2873 2875//2875
f 2876//2876 2877//2877 2878//2878
f 2879//2879 2880//2880 2875//2875
f 2881//2881 2882//2882 2883//2883
f 2883//2883 2884//2884 2881//2881
f 2881//2881 2884//2884 2885//2885
f 2881//2881 2885//2885 2876//2876
f 2876//2876 2885//2885 2886//2886
f 2873//2873 2868//2868 2875//2875
f 2875//2875 2868//2868 2865//2865
f 2875//2875 2865//2865 2879//2879
f 2879//2879 2865//2865 2863//2863
f 2879//2879 2863//2863 2887//2887
f 2887//2887 2863//2863 2861//2861
f 2887//2887 2861//2861 2888//2888
f 2888//2888 2861//2861 2860//2860
f 2872//2872 2856//2856 2873//2873
f 2873//2873 2856//2856 2858//2858
f 2873//2873 2858//2858 2868//2868
f 2868//2868 2858//2858 2889//2889
f 2868//2868 2889//2889 2871//2871
f 2816//2816 2881//2881 2850//2850
f 2850//2850 2881//2881 2876//2876
f 2850//2850 2876//2876 2851//2851
f 2851//2851 2876//2876 2878//2878
f 2851//2851 2878//2878 2853//2853
f 2853//2853 2878//2878 2890//2890
f 2816//2816 2815//2815 2881//2881
f 2881//2881 2815//2815 2891//2891
f 2881//2881 2891//2891 2882//2882
f 2878//2878 2892//2892 2879//2879
f 2878//2878 2879//2879 2890//2890
f 2890//2890 2879//2879 2887//2887
f 2890//2890 2887//2887 2893//2893
f 2893//2893 2887//2887 2888//2888
f 2894//2894 2895//2895 2896//2896
f 2897//2897 2898//2898 2899//2899
f 2900//2900 2901//2901 2902//2902
f 2903//2903 2902//2902 2904//2904
f 2903//2903 2904//2904 2905//2905
f 2905//2905 2904//2904 2906//2906
f 2905//2905 2906//2906 2907//2907
f 2907//2907 2906//2906 2908//2908
f 2907//2907 2908//2908 2909//2909
f 2910//2910 2911//2911 2912//2912
f 2912//2912 2911//2911 2913//2913
f 2912//2912 2913//2913 2914//2914
f 2915//2915 2916//2916 2917//2917
f 2917//2917 2916//2916 2918//2918
f 2919//2919 2920//2920 2913//2913
f 2921//2921 2922//2922 2894//2894
f 2894//2894 2923//2923 2921//2921
f 2921//2921 2923//2923 2924//2924
f 2921//2921 2924//2924 2915//2915
f 2915//2915 2924//2924 2925//2925
f 2926//2926 2909//2909 2927//2927
f 2927//2927 2909//2909 2908//2908
f 2927//2927 2908//2908 2928//2928
f 2928//2928 2908//2908 2899//2899
f 2897//2897 2899//2899 2911//2911
f 2911//2911 2899//2899 2908//2908
f 2911//2911 2908//2908 2913//2913
f 2913//2913 2908//2908 2906//2906
f 2913//2913 2906//2906 2919//2919
f 2919//2919 2906//2906 2904//2904
f 2919//2919 2904//2904 2929//2929
f 2929//2929 2904//2904 2902//2902
f 2929//2929 2902//2902 2930//2930
f 2930//2930 2902//2902 2901//2901
f 2931//2931 2921//2921 2932//2932
f 2932//2932 2921//2921 2915//2915
f 2932//2932 2915//2915 2933//2933
f 2933//2933 2915//2915 2917//2917
f 2933//2933 2917//2917 2934//2934
f 2934//2934 2917//2917 2935//2935
f 2936//2936 2935//2935 2937//2937
f 2931//2931 2938//2938 2921//2921
f 2921//2921 2938//2938 2939//2939
f 2921//2921 2939//2939 2922//2922
f 2930//2930 2937//2937 2929//2929
f 2929//2929 2937//2937 2935//2935
f 2929//2929 2935//2935 2919//2919
f 2919//2919 2935//2935 2917//2917
f 2919//2919 2917//2917 2940//2940
f 2941//2941 2938//2938 2931//2931
f 2942//2942 2943//2943 2944//2944
f 2945//2945 2946//2946 2947//2947
f 2945//2945 2947//2947 2948//2948
f 2948//2948 2947//2947 2949//2949
f 2948//2948 2949//2949 2950//2950
f 2950//2950 2949//2949 2951//2951
f 2952//2952 2953//2953 2945//2945
f 2954//2954 2955//2955 2956//2956
f 2957//2957 2954//2954 2958//2958
f 2958//2958 2954//2954 2944//2944
f 2958//2958 2944//2944 2959//2959
f 2959//2959 2944//2944 2943//2943
f 2960//2960 2961//2961 2962//2962
f 2962//2962 2961//2961 2963//2963
f 2962//2962 2963//2963 2964//2964
f 2964//2964 2963//2963 2965//2965
f 2962//2962 2966//2966 2960//2960
f 2960//2960 2966//2966 2967//2967
f 2960//2960 2967//2967 2968//2968
f 2969//2969 2970//2970 2967//2967
f 2967//2967 2971//2971 2968//2968
f 2972//2972 2973//2973 2969//2969
f 2964//2964 2942//2942 2962//2962
f 2962//2962 2942//2942 2944//2944
f 2962//2962 2944//2944 2966//2966
f 2966//2966 2944//2944 2954//2954
f 2966//2966 2954//2954 2967//2967
f 2967//2967 2954//2954 2956//2956
f 2967//2967 2956//2956 2969//2969
f 2969//2969 2956//2956 2974//2974
f 2969//2969 2974//2974 2972//2972
f 2972//2972 2974//2974 2975//2975
f 2950//2950 2941//2941 2948//2948
f 2948//2948 2941//2941 2931//2931
f 2948//2948 2931//2931 2945//2945
f 2945//2945 2931//2931 2932//2932
f 2945//2945 2932//2932 2952//2952
f 2952//2952 2932//2932 2933//2933
f 2952//2952 2933//2933 2976//2976
f 2976//2976 2933//2933 2934//2934
f 2956//2956 2977//2977 2952//2952
f 2956//2956 2952//2952 2974//2974
f 2974//2974 2952//2952 2976//2976
f 2974//2974 2976//2976 2975//2975
f 2975//2975 2976//2976 2978//2978
f 2979//2979 2980//2980 2981//2981
f 2982//2982 2983//2983 2984//2984
f 2985//2985 2986//2986 2987//2987
f 2987//2987 2986//2986 2988//2988
f 2989//2989 2990//2990 2991//2991
f 2989//2989 2991//2991 2988//2988
f 2988//2988 2991//2991 2992//2992
f 2988//2988 2992//2992 2987//2987
f 2993//2993 2994//2994 2995//2995
f 2996//2996 2997//2997 2989//2989
f 2998//2998 2999//2999 2995//2995
f 2998//2998 2995//2995 3000//3000
f 3000//3000 2995//2995 2984//2984
f 3000//3000 2984//2984 3001//3001
f 3001//3001 2984//2984 2983//2983
f 3001//3001 2983//2983 3002//3002
f 3003//3003 3004//3004 3005//3005
f 3005//3005 3004//3004 3006//3006
f 3005//3005 3006//3006 3007//3007
f 3007//3007 3006//3006 3008//3008
f 3007//3007 3008//3008 3009//3009
f 3009//3009 3008//3008 3010//3010
f 3009//3009 3010//3010 3011//3011
f 3011//3011 3010//3010 3012//3012
f 3011//3011 3012//3012 3013//3013
f 3014//3014 3015//3015 3005//3005
f 3013//3013 2982//2982 3011//3011
f 3011//3011 2982//2982 2984//2984
f 3011//3011 2984//2984 3009//3009
f 3009//3009 2984//2984 2995//2995
f 3009//3009 2995//2995 3007//3007
f 3007//3007 2995//2995 2994//2994
f 3007//3007 2994//2994 3005//3005
f 3005//3005 2994//2994 3016//3016
f 3005//3005 3016//3016 3014//3014
f 3014//3014 3016//3016 3017//3017
f 2986//2986 2979//2979 2988//2988
f 2988//2988 2979//2979 2981//2981
f 2988//2988 2981//2981 2989//2989
f 2989//2989 2981//2981 3018//3018
f 2989//2989 3018//3018 2996//2996
f 2996//2996 3018//3018 3019//3019
f 2996//2996 3019//3019 3020//3020
f 3020//3020 3019//3019 3021//3021
f 3022//3022 3017//3017 3020//3020
f 3020//3020 3017//3017 3016//3016
f 3020//3020 3016//3016 2996//2996
f 2996//2996 3016//3016 2994//2994
f 2996//2996 2994//2994 3023//3023
f 3024//3024 3025//3025 3026//3026
f 3027//3027 3028//3028 3029//3029
f 3027//3027 3029//3029 3030//3030
f 3030//3030 3029//3029 3031//3031
f 3030//3030 3031//3031 3032//3032
f 3032//3032 3031//3031 3033//3033
f 3032//3032 3033//3033 3034//3034
f 3034//3034 3033//3033 3035//3035
f 3034//3034 3035//3035 3036//3036
f 3036//3036 3035//3035 3037//3037
f 3037//3037 3035//3035 3038//3038
f 3039//3039 3040//3040 3041//3041
f 3042//3042 3043//3043 3044//3044
f 3045//3045 3046//3046 3047//3047
f 3047//3047 3048//3048 3041//3041
f 3049//3049 3050//3050 3051//3051
f 3051//3051 3052//3052 3049//3049
f 3049//3049 3052//3052 3053//3053
f 3049//3049 3053//3053 3042//3042
f 3042//3042 3053//3053 3054//3054
f 3042//3042 3054//3054 3055//3055
f 3041//3041 3035//3035 3047//3047
f 3047//3047 3035//3035 3033//3033
f 3047//3047 3033//3033 3045//3045
f 3045//3045 3033//3033 3031//3031
f 3045//3045 3031//3031 3056//3056
f 3056//3056 3031//3031 3029//3029
f 3056//3056 3029//3029 3057//3057
f 3057//3057 3029//3029 3028//3028
f 3040//3040 3024//3024 3041//3041
f 3041//3041 3024//3024 3026//3026
f 3041//3041 3026//3026 3035//3035
f 3035//3035 3026//3026 3058//3058
f 3035//3035 3058//3058 3038//3038
f 2981//2981 3049//3049 3018//3018
f 3018//3018 3049//3049 3042//3042
f 3018//3018 3042//3042 3019//3019
f 3019//3019 3042//3042 3044//3044
f 3019//3019 3044//3044 3021//3021
f 3021//3021 3044//3044 3059//3059
f 2981//2981 2980//2980 3049//3049
f 3049//3049 2980//2980 3060//3060
f 3049//3049 3060//3060 3050//3050
f 3044//3044 3061//3061 3045//3045
f 3044//3044 3045//3045 3059//3059
f 3059//3059 3045//3045 3056//3056
f 3059//3059 3056//3056 3062//3062
f 3062//3062 3056//3056 3057//3057
f 2907//2907 2909//2909 3063//3063
f 3063//3063 2909//2909 3064//3064
f 2905//2905 2907//2907 3065//3065
f 3065//3065 2907//2907 3063//3063
f 3066//3066 3067//3067 3068//3068
f 3069//3069 2867//2867 2869//2869
f 3069//3069 2869//2869 3070//3070
f 3070//3070 2869//2869 2870//2870
f 3071//3071 3072//3072 3073//3073
f 3073//3073 3072//3072 3074//3074
f 3075//3075 3071//3071 3076//3076
f 3076//3076 3071//3071 3073//3073
f 3068//3068 3077//3077 3078//3078
f 3068//3068 3078//3078 3066//3066
f 3079//3079 3080//3080 3081//3081
f 3066//3066 3078//3078 3082//3082
f 3082//3082 3078//3078 3077//3077
f 3082//3082 3077//3077 3083//3083
f 3083//3083 3077//3077 3084//3084
f 3083//3083 3084//3084 3085//3085
f 3085//3085 3084//3084 3086//3086
f 3085//3085 3086//3086 3087//3087
f 3087//3087 3088//3088 3089//3089
f 3090//3090 3091//3091 3092//3092
f 3092//3092 3091//3091 3093//3093
f 3094//3094 3095//3095 3096//3096
f 3097//3097 3098//3098 3090//3090
f 3090//3090 3099//3099 3091//3091
f 3100//3100 3101//3101 3102//3102
f 3102//3102 3103//3103 3100//3100
f 3100//3100 3103//3103 3104//3104
f 3100//3100 3104//3104 3096//3096
f 3096//3096 3104//3104 3105//3105
f 3106//3106 3066//3066 3082//3082
f 3106//3106 3082//3082 3107//3107
f 3107//3107 3082//3082 3108//3108
f 3089//3089 3109//3109 3087//3087
f 3087//3087 3109//3109 3110//3110
f 3087//3087 3110//3110 3085//3085
f 3085//3085 3110//3110 3097//3097
f 3085//3085 3097//3097 3083//3083
f 3083//3083 3097//3097 3090//3090
f 3083//3083 3090//3090 3082//3082
f 3082//3082 3090//3090 3092//3092
f 3082//3082 3092//3092 3108//3108
f 3108//3108 3092//3092 3093//3093
f 3108//3108 3093//3093 3111//3111
f 3112//3112 3100//3100 3113//3113
f 3113//3113 3100//3100 3096//3096
f 3113//3113 3096//3096 3114//3114
f 3114//3114 3096//3096 3095//3095
f 3114//3114 3095//3095 3115//3115
f 3115//3115 3095//3095 3116//3116
f 3117//3117 3116//3116 3118//3118
f 3112//3112 3119//3119 3100//3100
f 3100//3100 3119//3119 3120//3120
f 3100//3100 3120//3120 3101//3101
f 3109//3109 3118//3118 3110//3110
f 3110//3110 3118//3118 3116//3116
f 3110//3110 3116//3116 3097//3097
f 3097//3097 3116//3116 3095//3095
f 3121//3121 3122//3122 3123//3123
f 3124//3124 3125//3125 3126//3126
f 3127//3127 3128//3128 3129//3129
f 3129//3129 3128//3128 3130//3130
f 3131//3131 3132//3132 3130//3130
f 3130//3130 3132//3132 3133//3133
f 3130//3130 3133//3133 3129//3129
f 3134//3134 3135//3135 3131//3131
f 3136//3136 3137//3137 3138//3138
f 3138//3138 3137//3137 3126//3126
f 3138//3138 3126//3126 3139//3139
f 3139//3139 3126//3126 3140//3140
f 3140//3140 3126//3126 3125//3125
f 3140//3140 3125//3125 3141//3141
f 3142//3142 3143//3143 3144//3144
f 3144//3144 3143//3143 3145//3145
f 3144//3144 3145//3145 3146//3146
f 3146//3146 3145//3145 3147//3147
f 3146//3146 3147//3147 3148//3148
f 3149//3149 3150//3150 3151//3151
f 3151//3151 3150//3150 3152//3152
f 3151//3151 3152//3152 3142//3142
f 3142//3142 3153//3153 3143//3143
f 3154//3154 3149//3149 3155//3155
f 3155//3155 3149//3149 3151//3151
f 3155//3155 3151//3151 3136//3136
f 3136//3136 3151//3151 3142//3142
f 3136//3136 3142//3142 3137//3137
f 3137//3137 3142//3142 3144//3144
f 3137//3137 3144//3144 3126//3126
f 3126//3126 3144//3144 3146//3146
f 3126//3126 3146//3146 3124//3124
f 3124//3124 3146//3146 3148//3148
f 3128//3128 3121//3121 3130//3130
f 3130//3130 3121//3121 3123//3123
f 3130//3130 3123//3123 3131//3131
f 3131//3131 3123//3123 3156//3156
f 3131//3131 3156//3156 3134//3134
f 3134//3134 3156//3156 3157//3157
f 3134//3134 3157//3157 3158//3158
f 3158//3158 3157//3157 3159//3159
f 3158//3158 3159//3159 3160//3160
f 3160//3160 3154//3154 3158//3158
f 3158//3158 3154//3154 3155//3155
f 3158//3158 3155//3155 3134//3134
f 3134//3134 3155//3155 3136//3136
f 3161//3161 3162//3162 3163//3163
f 3164//3164 3165//3165 3166//3166
f 3164//3164 3167//3167 3168//3168
f 3164//3164 3168//3168 3165//3165
f 3164//3164 3169//3169 3075//3075
f 3075//3075 3169//3169 3170//3170
f 3075//3075 3170//3170 3071//3071
f 3071//3071 3170//3170 3171//3171
f 3071//3071 3171//3171 3072//3072
f 3072//3072 3171//3171 3074//3074
f 3074//3074 3171//3171 3172//3172
f 3173//3173 3174//3174 3175//3175
f 3173//3173 3176//3176 3177//3177
f 3178//3178 3179//3179 3163//3163
f 3163//3163 3180//3180 3161//3161
f 3181//3181 3182//3182 3183//3183
f 3183//3183 3184//3184 3181//3181
f 3181//3181 3184//3184 3185//3185
f 3181//3181 3185//3185 3174//3174
f 3174//3174 3185//3185 3186//3186
f 3162//3162 3171//3171 3163//3163
f 3163//3163 3171//3171 3170//3170
f 3163//3163 3170//3170 3178//3178
f 3178//3178 3170//3170 3169//3169
f 3178//3178 3169//3169 3187//3187
f 3187//3187 3169//3169 3164//3164
f 3187//3187 3164//3164 3188//3188
f 3188//3188 3164//3164 3166//3166
f 3161//3161 3189//3189 3162//3162
f 3162//3162 3189//3189 3190//3190
f 3162//3162 3190//3190 3171//3171
f 3171//3171 3190//3190 3191//3191
f 3171//3171 3191//3191 3172//3172
f 3123//3123 3181//3181 3156//3156
f 3156//3156 3181//3181 3174//3174
f 3156//3156 3174//3174 3157//3157
f 3157//3157 3174//3174 3173//3173
f 3157//3157 3173//3173 3159//3159
f 3159//3159 3173//3173 3192//3192
f 3123//3123 3122//3122 3181//3181
f 3181//3181 3122//3122 3193//3193
f 3181//3181 3193//3193 3182//3182
f 3173//3173 3178//3178 3192//3192
f 3192//3192 3178//3178 3187//3187
f 3192//3192 3187//3187 3194//3194
f 3194//3194 3187//3187 3188//3188
f 1929//1929 3195//3195 1927//1927
f 2005//2005 2004//2004 3196//3196
f 2007//2007 3197//3197 3198//3198
f 2110//2110 2108//2108 3199//3199
f 3200//3200 3201//3201 3202//3202
f 3201//3201 3203//3203 3204//3204
f 3205//3205 3206//3206 3204//3204
f 3204//3204 3207//3207 3201//3201
f 3201//3201 3207//3207 3208//3208
f 3201//3201 3208//3208 3202//3202
f 3209//3209 3210//3210 3205//3205
f 3205//3205 3210//3210 3211//3211
f 3205//3205 3211//3211 3206//3206
f 3212//3212 3213//3213 3214//3214
f 3212//3212 3215//3215 3216//3216
f 3212//3212 3216//3216 3217//3217
f 3217//3217 3216//3216 3218//3218
f 3217//3217 3218//3218 3219//3219
f 3219//3219 3218//3218 3220//3220
f 3219//3219 3220//3220 3221//3221
f 3221//3221 3220//3220 3222//3222
f 3221//3221 3222//3222 3223//3223
f 3223//3223 3222//3222 3224//3224
f 3223//3223 3224//3224 3209//3209
f 3209//3209 3224//3224 3225//3225
f 3209//3209 3225//3225 3210//3210
f 3212//3212 3226//3226 3213//3213
f 3213//3213 3227//3227 3228//3228
f 3228//3228 3227//3227 3229//3229
f 3228//3228 3229//3229 3230//3230
f 3230//3230 3229//3229 3231//3231
f 3232//3232 3233//3233 3234//3234
f 3234//3234 3233//3233 3235//3235
f 3234//3234 3235//3235 3236//3236
f 3236//3236 3235//3235 3231//3231
f 2092//2092 3235//3235 2093//2093
f 2093//2093 3235//3235 3233//3233
f 2093//2093 3233//3233 2095//2095
f 3237//3237 2098//2098 3233//3233
f 3233//3233 2098//2098 2097//2097
f 3233//3233 2097//2097 2095//2095
f 2105//2105 2103//2103 3238//3238
f 3238//3238 2103//2103 2101//2101
f 3238//3238 2101//2101 3237//3237
f 3237//3237 2101//2101 2100//2100
f 3237//3237 2100//2100 2098//2098
f 3199//3199 2108//2108 3238//3238
f 3238//3238 2108//2108 2107//2107
f 3238//3238 2107//2107 2105//2105
f 2111//2111 3239//3239 2113//2113
f 2113//2113 3239//3239 3240//3240
f 3241//3241 2116//2116 3240//3240
f 3240//3240 2116//2116 2114//2114
f 3240//3240 2114//2114 2113//2113
f 3242//3242 2119//2119 3241//3241
f 3241//3241 2119//2119 2117//2117
f 3241//3241 2117//2117 2116//2116
f 3243//3243 2122//2122 3242//3242
f 3242//3242 2122//2122 2120//2120
f 3242//3242 2120//2120 2119//2119
f 2126//2126 2125//2125 3243//3243
f 3243//3243 2125//2125 2124//2124
f 3243//3243 2124//2124 2122//2122
f 2128//2128 3244//3244 2129//2129
f 2129//2129 3244//3244 3245//3245
f 2129//2129 3245//3245 2131//2131
f 1981//1981 2135//2135 1982//1982
f 1982//1982 2135//2135 2136//2136
f 1982//1982 2136//2136 1983//1983
f 1983//1983 2136//2136 1984//1984
f 1844//1844 3246//3246 1845//1845
f 1845//1845 3246//3246 2133//2133
f 1845//1845 2133//2133 1981//1981
f 1981//1981 2133//2133 2134//2134
f 1981//1981 2134//2134 2135//2135
f 1980//1980 1986//1986 3244//3244
f 3244//3244 1986//1986 1985//1985
f 3245//3245 1984//1984 2131//2131
f 2131//2131 1984//1984 2136//2136
f 2007//2007 2006//2006 3197//3197
f 3197//3197 2006//2006 1832//1832
f 3197//3197 1832//1832 3247//3247
f 3247//3247 1832//1832 1831//1831
f 3247//3247 1831//1831 3244//3244
f 3244//3244 1831//1831 1979//1979
f 3244//3244 1979//1979 1980//1980
f 1988//1988 1987//1987 3248//3248
f 3248//3248 1987//1987 2009//2009
f 3248//3248 2009//2009 3198//3198
f 3198//3198 2009//2009 2008//2008
f 3198//3198 2008//2008 2007//2007
f 2004//2004 2003//2003 3196//3196
f 3196//3196 2003//2003 1830//1830
f 3196//3196 1830//1830 1991//1991
f 2002//2002 2001//2001 3249//3249
f 3249//3249 2000//2000 3250//3250
f 3250//3250 2000//2000 1995//1995
f 3250//3250 1995//1995 1993//1993
f 1993//1993 2005//2005 3250//3250
f 3250//3250 2005//2005 3196//3196
f 3250//3250 3196//3196 3251//3251
f 3251//3251 3196//3196 1991//1991
f 3251//3251 1991//1991 3248//3248
f 3248//3248 1991//1991 1990//1990
f 3248//3248 1990//1990 1988//1988
f 2002//2002 3249//3249 1997//1997
f 1997//1997 3249//3249 3252//3252
f 1997//1997 3252//3252 1999//1999
f 1999//1999 3252//3252 3253//3253
f 1999//1999 3253//3253 2074//2074
f 2074//2074 3253//3253 3254//3254
f 2074//2074 3254//3254 2075//2075
f 2075//2075 3254//3254 3255//3255
f 3195//3195 1929//1929 3256//3256
f 3256//3256 1934//1934 3257//3257
f 3257//3257 1934//1934 1933//1933
f 3257//3257 1933//1933 3258//3258
f 1933//1933 1932//1932 3258//3258
f 3258//3258 1932//1932 2077//2077
f 3258//3258 2077//2077 3259//3259
f 3259//3259 2077//2077 2076//2076
f 3259//3259 2076//2076 2075//2075
f 1942//1942 3195//3195 3260//3260
f 1942//1942 3260//3260 1943//1943
f 1939//1939 3261//3261 1935//1935
f 1935//1935 3261//3261 1936//1936
f 1939//1939 1941//1941 3261//3261
f 3261//3261 1941//1941 1946//1946
f 3261//3261 1946//1946 3260//3260
f 3260//3260 1946//1946 1945//1945
f 3260//3260 1945//1945 1943//1943
f 3262//3262 1956//1956 3263//3263
f 3263//3263 1956//1956 1968//1968
f 3263//3263 1968//1968 1969//1969
f 1957//1957 3262//3262 1958//1958
f 1958//1958 3262//3262 3264//3264
f 1958//1958 3264//3264 1834//1834
f 1834//1834 3264//3264 1835//1835
f 1835//1835 3264//3264 3265//3265
f 1835//1835 3265//3265 1965//1965
f 3266//3266 1967//1967 3265//3265
f 3265//3265 1967//1967 1966//1966
f 3265//3265 1966//1966 1965//1965
f 3266//3266 1960//1960 1959//1959
f 3266//3266 1959//1959 1967//1967
f 1962//1962 1745//1745 1743//1743
f 1876//1876 1874//1874 1827//1827
f 1827//1827 1874//1874 1733//1733
f 1733//1733 1874//1874 1734//1734
f 1734//1734 1874//1874 1873//1873
f 1734//1734 1873//1873 1741//1741
f 1741//1741 1873//1873 1964//1964
f 1741//1741 1964//1964 1743//1743
f 1743//1743 1964//1964 1963//1963
f 1743//1743 1963//1963 1962//1962
f 3267//3267 1749//1749 1748//1748
f 1749//1749 3267//3267 1751//1751
f 1751//1751 3267//3267 3268//3268
f 1751//1751 3268//3268 1752//1752
f 3269//3269 1756//1756 3268//3268
f 3268//3268 1756//1756 1754//1754
f 3268//3268 1754//1754 1752//1752
f 1762//1762 1760//1760 3270//3270
f 3270//3270 1760//1760 1759//1759
f 3270//3270 1759//1759 3269//3269
f 3269//3269 1759//1759 1757//1757
f 3269//3269 1757//1757 1756//1756
f 3271//3271 1767//1767 3272//3272
f 3272//3272 1767//1767 1765//1765
f 3272//3272 1765//1765 1764//1764
f 1773//1773 1771//1771 3273//3273
f 3273//3273 1771//1771 1770//1770
f 3273//3273 1770//1770 3271//3271
f 3271//3271 1770//1770 1768//1768
f 3271//3271 1768//1768 1767//1767
f 3274//3274 1779//1779 1777//1777
f 3274//3274 1777//1777 3275//3275
f 3275//3275 1777//1777 1775//1775
f 3275//3275 1775//1775 1774//1774
f 1781//1781 1782//1782 3276//3276
f 3276//3276 1782//1782 1784//1784
f 3276//3276 1784//1784 3274//3274
f 3274//3274 1784//1784 1785//1785
f 3274//3274 1785//1785 1779//1779
f 3277//3277 3278//3278 1781//1781
f 1781//1781 3278//3278 3279//3279
f 1781//1781 3279//3279 3280//3280
f 3281//3281 3282//3282 3276//3276
f 3276//3276 3282//3282 3283//3283
f 3276//3276 3283//3283 3284//3284
f 3285//3285 1781//1781 3276//3276
f 3285//3285 3276//3276 3286//3286
f 3286//3286 3276//3276 3284//3284
f 3286//3286 3284//3284 3287//3287
f 3287//3287 3284//3284 3288//3288
f 3287//3287 3288//3288 3289//3289
f 3202//3202 3290//3290 3200//3200
f 3200//3200 3290//3290 3291//3291
f 3200//3200 3291//3291 3292//3292
f 3292//3292 3293//3293 3294//3294
f 3294//3294 3293//3293 3295//3295
f 3294//3294 3295//3295 3296//3296
f 3296//3296 3295//3295 3297//3297
f 3296//3296 3297//3297 3298//3298
f 3298//3298 3297//3297 3299//3299
f 3298//3298 3299//3299 3300//3300
f 3300//3300 3299//3299 3301//3301
f 3302//3302 3301//3301 3303//3303
f 3302//3302 3303//3303 3304//3304
f 3304//3304 3303//3303 3305//3305
f 3304//3304 3305//3305 3306//3306
f 3306//3306 3305//3305 3307//3307
f 3306//3306 3307//3307 3288//3288
f 3288//3288 3307//3307 3308//3308
f 3288//3288 3308//3308 3289//3289
f 3309//3309 3310//3310 3311//3311
f 3311//3311 3310//3310 3312//3312
f 3311//3311 3312//3312 3313//3313
f 3238//3238 3314//3314 3199//3199
f 3199//3199 3314//3314 3315//3315
f 3316//3316 3317//3317 3237//3237
f 3237//3237 3317//3317 3318//3318
f 3237//3237 3318//3318 3238//3238
f 3238//3238 3318//3318 3319//3319
f 3238//3238 3319//3319 3314//3314
f 3232//3232 3320//3320 3233//3233
f 3233//3233 3320//3320 3321//3321
f 3233//3233 3321//3321 3237//3237
f 3237//3237 3321//3321 3322//3322
f 3237//3237 3322//3322 3316//3316
f 3274//3274 3323//3323 3276//3276
f 3276//3276 3323//3323 3324//3324
f 3276//3276 3324//3324 3281//3281
f 3275//3275 3325//3325 3326//3326
f 3326//3326 3327//3327 3275//3275
f 3275//3275 3327//3327 3328//3328
f 3275//3275 3328//3328 3274//3274
f 3274//3274 3328//3328 3329//3329
f 3274//3274 3329//3329 3330//3330
f 1774//1774 1773//1773 3275//3275
f 3275//3275 1773//1773 3273//3273
f 3275//3275 3273//3273 3325//3325
f 3325//3325 3273//3273 3331//3331
f 3332//3332 3273//3273 3271//3271
f 3333//3333 3334//3334 3260//3260
f 3260//3260 3334//3334 3335//3335
f 3256//3256 3336//3336 3195//3195
f 3195//3195 3336//3336 3337//3337
f 3195//3195 3337//3337 3260//3260
f 3260//3260 3337//3337 3338//3338
f 3260//3260 3338//3338 3333//3333
f 3339//3339 3340//3340 3250//3250
f 3250//3250 3340//3340 3341//3341
f 3250//3250 3341//3341 3249//3249
f 3249//3249 3341//3341 3342//3342
f 3249//3249 3342//3342 3252//3252
f 1969//1969 1938//1938 3263//3263
f 3263//3263 1938//1938 1936//1936
f 3263//3263 1936//1936 3343//3343
f 3343//3343 1936//1936 3261//3261
f 3343//3343 3261//3261 3344//3344
f 3344//3344 3261//3261 3260//3260
f 3344//3344 3260//3260 3345//3345
f 3345//3345 3260//3260 3335//3335
f 3343//3343 3346//3346 3271//3271
f 3343//3343 3271//3271 3263//3263
f 3263//3263 3271//3271 3272//3272
f 3263//3263 3272//3272 3262//3262
f 1764//1764 1762//1762 3272//3272
f 3272//3272 1762//1762 3270//3270
f 3272//3272 3270//3270 3262//3262
f 3262//3262 3270//3270 3269//3269
f 3262//3262 3269//3269 3264//3264
f 3264//3264 3269//3269 3268//3268
f 3264//3264 3268//3268 3265//3265
f 3265//3265 3268//3268 3267//3267
f 3265//3265 3267//3267 3266//3266
f 3266//3266 3267//3267 1748//1748
f 3266//3266 1748//1748 1961//1961
f 1961//1961 1748//1748 1746//1746
f 1961//1961 1746//1746 1745//1745
f 2111//2111 2110//2110 3239//3239
f 3239//3239 2110//2110 3199//3199
f 3239//3239 3199//3199 3311//3311
f 3311//3311 3199//3199 3347//3347
f 2128//2128 2126//2126 3244//3244
f 3244//3244 2126//2126 3243//3243
f 3244//3244 3243//3243 3247//3247
f 3247//3247 3243//3243 3242//3242
f 3247//3247 3242//3242 3197//3197
f 3197//3197 3242//3242 3241//3241
f 3197//3197 3241//3241 3198//3198
f 3198//3198 3241//3241 3240//3240
f 3198//3198 3240//3240 3248//3248
f 3248//3248 3240//3240 3239//3239
f 3248//3248 3239//3239 3251//3251
f 3251//3251 3239//3239 3311//3311
f 3251//3251 3311//3311 3250//3250
f 3250//3250 3311//3311 3313//3313
f 3250//3250 3313//3313 3339//3339
f 3259//3259 3255//3255 3258//3258
f 3258//3258 3255//3255 3348//3348
f 3258//3258 3348//3348 3257//3257
f 3257//3257 3348//3348 3349//3349
f 3257//3257 3349//3349 3256//3256
f 3256//3256 3349//3349 3350//3350
f 3256//3256 3350//3350 3336//3336
f 3336//3336 3350//3350 3351//3351
f 3336//3336 3351//3351 3337//3337
f 3337//3337 3351//3351 3352//3352
f 3337//3337 3352//3352 3338//3338
f 3338//3338 3352//3352 3353//3353
f 3333//3333 3353//3353 3334//3334
f 3334//3334 3353//3353 3354//3354
f 3354//3354 3355//3355 3335//3335
f 3335//3335 3355//3355 3356//3356
f 3335//3335 3356//3356 3345//3345
f 3345//3345 3356//3356 3357//3357
f 3345//3345 3357//3357 3358//3358
f 3358//3358 3357//3357 3359//3359
f 3346//3346 3359//3359 3360//3360
f 3361//3361 3362//3362 3331//3331
f 3331//3331 3363//3363 3325//3325
f 3325//3325 3363//3363 3364//3364
f 3365//3365 3329//3329 3328//3328
f 3326//3326 3364//3364 3327//3327
f 3327//3327 3364//3364 3366//3366
f 3327//3327 3366//3366 3328//3328
f 3328//3328 3366//3366 3367//3367
f 3328//3328 3367//3367 3365//3365
f 3329//3329 3365//3365 3330//3330
f 3330//3330 3365//3365 3368//3368
f 3323//3323 3369//3369 3324//3324
f 3324//3324 3369//3369 3370//3370
f 3324//3324 3370//3370 3281//3281
f 3281//3281 3370//3370 3371//3371
f 3281//3281 3371//3371 3282//3282
f 3282//3282 3372//3372 3283//3283
f 3283//3283 3372//3372 3373//3373
f 3283//3283 3373//3373 3284//3284
f 3373//3373 3374//3374 3284//3284
f 3284//3284 3374//3374 3375//3375
f 3284//3284 3375//3375 3288//3288
f 3376//3376 3377//3377 3288//3288
f 3288//3288 3378//3378 3306//3306
f 3306//3306 3378//3378 3379//3379
f 3306//3306 3379//3379 3304//3304
f 3304//3304 3380//3380 3302//3302
f 3302//3302 3380//3380 3381//3381
f 3382//3382 3294//3294 3383//3383
f 3383//3383 3294//3294 3296//3296
f 3383//3383 3296//3296 3384//3384
f 3384//3384 3296//3296 3298//3298
f 3384//3384 3298//3298 3381//3381
f 3381//3381 3298//3298 3300//3300
f 3203//3203 3201//3201 3385//3385
f 3385//3385 3201//3201 3200//3200
f 3385//3385 3200//3200 3382//3382
f 3382//3382 3200//3200 3292//3292
f 3382//3382 3292//3292 3294//3294
f 3386//3386 3387//3387 3388//3388
f 3386//3386 3388//3388 3389//3389
f 3147//3147 3145//3145 3390//3390
f 3390//3390 3145//3145 3143//3143
f 2844//2844 2842//2842 3391//3391
f 3392//3392 3393//3393 3394//3394
f 3395//3395 3396//3396 3397//3397
f 2846//2846 2844//2844 3398//3398
f 3398//3398 2844//2844 3391//3391
f 3399//3399 2965//2965 2963//2963
f 3399//3399 2960//2960 3400//3400
f 3401//3401 3119//3119 3112//3112
f 3402//3402 3403//3403 3404//3404
f 3405//3405 3406//3406 3407//3407
f 3408//3408 3409//3409 3407//3407
f 3407//3407 3409//3409 3410//3410
f 3407//3407 3410//3410 3405//3405
f 3411//3411 3412//3412 3413//3413
f 3411//3411 3413//3413 3408//3408
f 3414//3414 3415//3415 3416//3416
f 3416//3416 3415//3415 3404//3404
f 3416//3416 3404//3404 3417//3417
f 3417//3417 3404//3404 3418//3418
f 3418//3418 3404//3404 3403//3403
f 3418//3418 3403//3403 3419//3419
f 3420//3420 3421//3421 3422//3422
f 3420//3420 3422//3422 3396//3396
f 3396//3396 3422//3422 3423//3423
f 3396//3396 3423//3423 3397//3397
f 3397//3397 3423//3423 3424//3424
f 3397//3397 3424//3424 3425//3425
f 3425//3425 3424//3424 3426//3426
f 3425//3425 3426//3426 3427//3427
f 3427//3427 3426//3426 3428//3428
f 3427//3427 3428//3428 3429//3429
f 3421//3421 3402//3402 3422//3422
f 3422//3422 3402//3402 3404//3404
f 3422//3422 3404//3404 3423//3423
f 3423//3423 3404//3404 3415//3415
f 3423//3423 3415//3415 3424//3424
f 3424//3424 3415//3415 3414//3414
f 3424//3424 3414//3414 3426//3426
f 3426//3426 3414//3414 3430//3430
f 3426//3426 3430//3430 3428//3428
f 3428//3428 3430//3430 3431//3431
f 3406//3406 3401//3401 3407//3407
f 3407//3407 3401//3401 3112//3112
f 3407//3407 3112//3112 3408//3408
f 3408//3408 3112//3112 3113//3113
f 3408//3408 3113//3113 3411//3411
f 3411//3411 3113//3113 3114//3114
f 3411//3411 3114//3114 3432//3432
f 3432//3432 3114//3114 3115//3115
f 3414//3414 3411//3411 3430//3430
f 3430//3430 3411//3411 3432//3432
f 3430//3430 3432//3432 3431//3431
f 3431//3431 3432//3432 3433//3433
f 3434//3434 3435//3435 3436//3436
f 3437//3437 3438//3438 3439//3439
f 3387//3387 3440//3440 3441//3441
f 3442//3442 3443//3443 3444//3444
f 3442//3442 3444//3444 3445//3445
f 3445//3445 3444//3444 3446//3446
f 3445//3445 3446//3446 3447//3447
f 3448//3448 3449//3449 3446//3446
f 3450//3450 3451//3451 3452//3452
f 3452//3452 3451//3451 3453//3453
f 3452//3452 3453//3453 3454//3454
f 3454//3454 3453//3453 3439//3439
f 3454//3454 3439//3439 3455//3455
f 3455//3455 3439//3439 3438//3438
f 3455//3455 3438//3438 3456//3456
f 3387//3387 3441//3441 3388//3388
f 3388//3388 3441//3441 3457//3457
f 3388//3388 3457//3457 3389//3389
f 3389//3389 3457//3457 3458//3458
f 3389//3389 3458//3458 3459//3459
f 3459//3459 3458//3458 3460//3460
f 3459//3459 3460//3460 3461//3461
f 3462//3462 3463//3463 3460//3460
f 3464//3464 3462//3462 3465//3465
f 3465//3465 3462//3462 3460//3460
f 3465//3465 3460//3460 3451//3451
f 3451//3451 3460//3460 3458//3458
f 3451//3451 3458//3458 3453//3453
f 3453//3453 3458//3458 3457//3457
f 3453//3453 3457//3457 3439//3439
f 3439//3439 3457//3457 3441//3441
f 3439//3439 3441//3441 3437//3437
f 3437//3437 3441//3441 3440//3440
f 3443//3443 3434//3434 3444//3444
f 3444//3444 3434//3434 3436//3436
f 3444//3444 3436//3436 3446//3446
f 3446//3446 3436//3436 3466//3466
f 3446//3446 3466//3466 3448//3448
f 3448//3448 3466//3466 3467//3467
f 3448//3448 3467//3467 3468//3468
f 3468//3468 3467//3467 3469//3469
f 3468//3468 3469//3469 3470//3470
f 3451//3451 3448//3448 3465//3465
f 3465//3465 3448//3448 3468//3468
f 3465//3465 3468//3468 3464//3464
f 3464//3464 3468//3468 3470//3470
f 3471//3471 3472//3472 3473//3473
f 3474//3474 3475//3475 3476//3476
f 3474//3474 3476//3476 3477//3477
f 3477//3477 3476//3476 3478//3478
f 3477//3477 3478//3478 3479//3479
f 3479//3479 3478//3478 3480//3480
f 3479//3479 3480//3480 3481//3481
f 3481//3481 3480//3480 3482//3482
f 3481//3481 3482//3482 3483//3483
f 3483//3483 3482//3482 3484//3484
f 3484//3484 3482//3482 3485//3485
f 3486//3486 3487//3487 3488//3488
f 3489//3489 3490//3490 3473//3473
f 3473//3473 3491//3491 3471//3471
f 3492//3492 3493//3493 3494//3494
f 3494//3494 3493//3493 3495//3495
f 3494//3494 3495//3495 3496//3496
f 3496//3496 3495//3495 3486//3486
f 3472//3472 3482//3482 3473//3473
f 3473//3473 3482//3482 3480//3480
f 3473//3473 3480//3480 3489//3489
f 3489//3489 3480//3480 3478//3478
f 3489//3489 3478//3478 3497//3497
f 3497//3497 3478//3478 3476//3476
f 3497//3497 3476//3476 3498//3498
f 3498//3498 3476//3476 3475//3475
f 3471//3471 3499//3499 3472//3472
f 3472//3472 3499//3499 3500//3500
f 3472//3472 3500//3500 3482//3482
f 3482//3482 3500//3500 3501//3501
f 3482//3482 3501//3501 3485//3485
f 3502//3502 3503//3503 3504//3504
f 3504//3504 3469//3469 3486//3486
f 3486//3486 3469//3469 3467//3467
f 3486//3486 3467//3467 3496//3496
f 3496//3496 3467//3467 3466//3466
f 3496//3496 3466//3466 3494//3494
f 3494//3494 3466//3466 3436//3436
f 3494//3494 3436//3436 3435//3435
f 3505//3505 3492//3492 3494//3494
f 3505//3505 3494//3494 3506//3506
f 3506//3506 3494//3494 3435//3435
f 3486//3486 3489//3489 3504//3504
f 3504//3504 3489//3489 3497//3497
f 3504//3504 3497//3497 3502//3502
f 3502//3502 3497//3497 3498//3498
