# Converted from the official Rethink Robotics Baxter DAE
v -0.1199581 -0.07849389 0.5894647
v -0.1159248 -0.07710707 0.5999421
v -0.1221819 -0.07840698 0.5904683
v -0.1192772 -0.07700586 0.6012177
v -0.1236569 -0.07837873 0.5908996
v -0.1176247 -0.07865691 0.58784
v -0.1124797 -0.07730293 0.5979002
v -0.1128382 -0.07727742 0.5981534
v -0.1347282 -0.08341181 0.5523753
v -0.1367107 -0.08338254 0.5528861
v -0.1410465 -0.08474647 0.5426337
v -0.1423073 -0.08470696 0.5431249
v -0.1392387 -0.08328533 0.5540143
v -0.1436052 -0.08465409 0.5437274
v -0.1021459 -0.07974708 0.5769912
v -0.1026365 -0.07917642 0.5816038
v -0.1127887 -0.07950866 0.5803804
v -0.1036701 -0.07868862 0.5856327
v -0.1138716 -0.07919478 0.5830315
v -0.1051751 -0.07826191 0.5892412
v -0.1154412 -0.0789082 0.585533
v -0.1071718 -0.07788187 0.5925467
v -0.1097016 -0.077551 0.5955355
v -0.1375929 -0.08480173 0.5417098
v -0.1339867 -0.08478599 0.5413301
v -0.1318094 -0.08339166 0.552127
v -0.1330668 -0.08477085 0.5413217
v -0.1298694 -0.08333998 0.5522669
v -0.1125136 -0.08090746 0.5692043
v -0.1030464 -0.08088725 0.568039
v -0.1119584 -0.08046048 0.5726856
v -0.1022988 -0.08031153 0.5725183
v -0.1119627 -0.08002591 0.5761462
v -0.1120856 -0.07988929 0.5772515
v -0.1155162 -0.08185529 0.5620777
v -0.1068797 -0.08218568 0.5582373
v -0.1137851 -0.08141094 0.5653734
v -0.1048405 -0.08162313 0.5624311
v -0.1033413 -0.08104008 0.5668633
v -0.1293218 -0.0846644 0.5416446
v -0.1255998 -0.08448833 0.5425251
v -0.1268129 -0.08319848 0.5529651
v -0.1239455 -0.08438724 0.5430983
v -0.1249299 -0.08307397 0.5536928
v -0.1202371 -0.08410614 0.5448171
v -0.1219757 -0.08281475 0.5553433
v -0.1167298 -0.08376318 0.5470567
v -0.1199663 -0.08258634 0.5568802
v -0.1139267 -0.08342516 0.5493555
v -0.1174221 -0.08221757 0.5594604
v -0.1108345 -0.08296763 0.5525652
v -0.1081268 -0.08246451 0.5561919
v -0.1198245 -0.07698422 0.6013801
v -0.1242167 -0.07836103 0.5910328
v -0.1241946 -0.0783621 0.5910277
v -0.1236734 -0.07681143 0.602127
v -0.1436879 -0.08265161 0.5580615
v -0.150362 -0.08378511 0.5491591
v -0.141743 -0.08299362 0.5558721
v -0.1498371 -0.08387827 0.5485624
v -0.1414017 -0.0830428 0.555565
v -0.1471773 -0.08427667 0.546061
v -0.1397902 -0.08324283 0.5543439
v -0.1441705 -0.08461588 0.5440245
v -0.1270962 -0.07826328 0.5913673
v -0.1273089 -0.07673311 0.6022281
v -0.1282534 -0.0767256 0.6021631
v -0.1293714 -0.07824087 0.5912411
v -0.1319792 -0.07674628 0.6015489
v -0.1323847 -0.07828313 0.5905628
v -0.1356428 -0.0768457 0.600382
v -0.1343113 -0.078354 0.5898168
v -0.1464267 -0.08026564 0.5746954
v -0.156127 -0.08012169 0.5745027
v -0.1470261 -0.08075034 0.5711712
v -0.1563313 -0.08027905 0.5733577
v -0.1470624 -0.08124351 0.5676577
v -0.1567651 -0.08090299 0.5688638
v -0.1469684 -0.08138436 0.5666671
v -0.1566077 -0.08153188 0.5644087
v -0.1463202 -0.08184564 0.5634663
v -0.155812 -0.0821774 0.5599151
v -0.1452265 -0.08226448 0.5606231
v -0.1545079 -0.08275169 0.5559924
v -0.1526083 -0.08330935 0.5522627
v -0.1373026 -0.07691782 0.5996605
v -0.14088 -0.07713651 0.5976559
v -0.1372148 -0.07853317 0.5881779
v -0.1442239 -0.07742989 0.5951489
v -0.1391237 -0.07870608 0.5867079
v -0.1468276 -0.07773214 0.5926718
v -0.1416337 -0.07902139 0.5841497
v -0.1496842 -0.0781641 0.5892398
v -0.1434466 -0.0793395 0.5816588
v -0.1521303 -0.07865756 0.5854218
v -0.1451861 -0.07977205 0.5783627
v -0.1532045 -0.07893085 0.5833424
v -0.1549422 -0.07950741 0.5790225
v -0.1401916 -0.0818091 0.5498499
v -0.1419551 -0.08236193 0.5456952
v -0.1310243 -0.08158749 0.5503303
v -0.1157577 0.07886648 0.583456
v -0.1175484 0.0785073 0.5857872
v -0.1076589 0.07745212 0.5945357
v -0.1396149 0.08440172 0.5410788
v -0.1344315 0.08277684 0.5532902
v -0.1359218 0.08457058 0.5403401
v -0.1336191 0.08281004 0.5531561
v -0.1321367 0.0846579 0.5401939
v -0.1308377 0.0828725 0.5530603
v -0.1313657 0.08466553 0.540236
v -0.114507 0.07651269 0.6003609
v -0.1140465 0.07655823 0.6000949
v -0.119858 0.07819008 0.5877547
v -0.1110179 0.07691252 0.5979539
v -0.1083306 0.07732814 0.5953336
v -0.1054534 0.07794135 0.5913308
v -0.103708 0.07847136 0.5877789
v -0.1143724 0.07928508 0.5806514
v -0.1030248 0.07874441 0.5859215
v -0.1019831 0.07933801 0.5818286
v -0.1134939 0.07974904 0.5774601
v -0.1014854 0.07994759 0.5775537
v -0.1131922 0.08023768 0.5740212
v -0.1014891 0.08046132 0.5738978
v -0.113508 0.08074015 0.5704062
v -0.1274321 0.08465278 0.5408204
v -0.1279329 0.08285713 0.5535339
v -0.12331 0.08454561 0.5420999
v -0.119455 0.08435237 0.5439581
v -0.1255733 0.08278417 0.554349
v -0.1155651 0.08405292 0.5465769
v -0.1227744 0.0826199 0.5558689
v -0.1222108 0.08257538 0.5562565
v -0.1121388 0.08368194 0.5496464
v -0.1196073 0.0823087 0.5584803
v -0.1091055 0.08323943 0.5531752
v -0.1173748 0.08197289 0.5611498
v -0.1084228 0.08312016 0.5541093
v -0.117086 0.08191919 0.5615683
v -0.1058991 0.08258932 0.5582031
v -0.1153006 0.08150261 0.5647563
v -0.103915 0.0820114 0.562564
v -0.1144698 0.08123469 0.5667669
v -0.1031424 0.08171176 0.564793
v -0.1020249 0.08109366 0.569331
v -0.1147268 0.07649236 0.600483
v -0.12007 0.07816731 0.587895
v -0.116335 0.07642507 0.6012441
v -0.1218067 0.07808339 0.5888062
v -0.1176213 0.07638454 0.6017471
v -0.1247715 0.07802301 0.5897024
v -0.1211954 0.0763266 0.6027087
v -0.1249265 0.0763424 0.6031056
v -0.1335749 0.07831573 0.5886049
v -0.1353211 0.07675451 0.6012805
v -0.1308671 0.07815545 0.5895018
v -0.1335894 0.07664877 0.6018796
v -0.1278567 0.07805007 0.589919
v -0.1297478 0.07646751 0.6027848
v -0.1258797 0.07635802 0.6031151
v -0.1397371 0.07895714 0.584361
v -0.1456854 0.07775002 0.5948055
v -0.1367943 0.07859563 0.586827
v -0.1427534 0.07739663 0.5972087
v -0.1391417 0.07704395 0.5995112
v -0.1351837 0.08275914 0.5534504
v -0.1401641 0.08438068 0.5412368
v -0.137867 0.08268851 0.5543884
v -0.1460691 0.0807352 0.5710904
v -0.1569178 0.08037143 0.5755065
v -0.1456381 0.0804122 0.5736018
v -0.1566047 0.08020937 0.5767529
v -0.1445145 0.07995516 0.5770834
v -0.1550608 0.07960981 0.5813107
v -0.1441023 0.0798313 0.5780119
v -0.1529644 0.07903122 0.5856237
v -0.1421937 0.07937425 0.5813841
v -0.1516505 0.07873761 0.5877778
v -0.1488646 0.07822048 0.5915048
v -0.1436364 0.0842753 0.542562
v -0.1468329 0.08409816 0.5444205
v -0.1396155 0.08259391 0.5553865
v -0.1471853 0.084073 0.5446702
v -0.1418187 0.08240002 0.5572393
v -0.1500613 0.08381551 0.5471232
v -0.1428561 0.0822668 0.558445
v -0.1526654 0.08347409 0.5502061
v -0.1444494 0.08197093 0.5610243
v -0.1547294 0.08308047 0.5536295
v -0.1450821 0.08179694 0.5624983
v -0.156279 0.08263999 0.557354
v -0.1459208 0.08141744 0.5656373
v -0.1573436 0.08213603 0.5615158
v -0.1461502 0.08117568 0.5675946
v -0.1578479 0.08154582 0.5662858
v -0.1576879 0.08096414 0.5708949
v -0.1008962 0.1660084 0.3585822
v -0.1019005 0.1734306 0.3594193
v -0.1012699 0.1734998 0.3590285
v -0.09973818 0.1736125 0.358243
v -0.0984686 0.1737059 0.3575919
v -0.09583824 0.1676589 0.356815
v -0.1019448 0.1659471 0.3592149
v -0.1019843 0.1666722 0.3592628
v -0.08166635 0.1737627 0.3569893
v -0.07828998 0.1735829 0.3583838
v -0.07604521 0.1661741 0.3592283
v -0.0820676 0.1737841 0.3568236
v -0.08216106 0.1676592 0.3568162
v -0.07607746 0.165451 0.3591851
v -0.07673168 0.1735 0.3590275
v -0.08324962 0.1738471 0.3563354
v -0.0844438 0.1684878 0.3559273
v -0.08518695 0.1738619 0.3561814
v -0.08898925 0.1685343 0.3558777
v -0.08900254 0.173891 0.3558781
v -0.09302914 0.1685756 0.3558335
v -0.09102261 0.1739065 0.3557174
v -0.08904212 0.1738913 0.3558749
v -0.09639114 0.1737619 0.3570689
v -0.09590446 0.173775 0.3569464
v -0.09273254 0.1738604 0.3561479
v -0.07646453 0.1735371 0.3619486
v -0.07511818 0.1732833 0.3599659
v -0.07633501 0.1734607 0.3592998
v -0.07710373 -0.1660084 0.3585822
v -0.07609945 -0.1734306 0.3594193
v -0.07673013 -0.1734998 0.3590285
v -0.07826173 -0.1736125 0.358243
v -0.07953131 -0.1737059 0.3575919
v -0.08216172 -0.1676589 0.356815
v -0.07607746 -0.1654509 0.3591851
v -0.07605516 -0.1659471 0.3592149
v -0.07601565 -0.1666722 0.3592628
v -0.09633356 -0.1737627 0.3569893
v -0.09970998 -0.1735829 0.3583838
v -0.1019548 -0.1661741 0.3592283
v -0.09593236 -0.1737841 0.3568236
v -0.0958389 -0.1676592 0.3568162
v -0.1019225 -0.165451 0.3591851
v -0.1012682 -0.1735 0.3590275
v -0.1016929 -0.1734548 0.3592876
v -0.09475028 -0.1738471 0.3563354
v -0.09355616 -0.1684878 0.3559273
v -0.09281301 -0.1738619 0.3561814
v -0.08901065 -0.1685343 0.3558777
v -0.08899742 -0.173891 0.3558781
v -0.08497083 -0.1685756 0.3558335
v -0.08697736 -0.1739065 0.3557174
v -0.08895784 -0.1738913 0.3558749
v -0.08160883 -0.1737619 0.3570689
v -0.0820955 -0.173775 0.3569464
v -0.08526742 -0.1738604 0.3561479
v -0.09875953 -0.173469 0.4022863
v -0.09583866 -0.1676593 0.4031839
v -0.1019225 -0.165451 0.4008148
v -0.1019032 -0.1732164 0.4005857
v -0.07609683 -0.1732164 0.4005857
v -0.07601565 -0.1666722 0.4007372
v -0.07710373 -0.1660084 0.4014178
v -0.07604521 -0.1661741 0.4007717
v -0.07607746 -0.1654509 0.4008148
v -0.07643699 -0.1732529 0.4007998
v -0.08216196 -0.167659 0.403185
v -0.0813499 -0.1735661 0.403114
v -0.08901065 -0.1685343 0.4041223
v -0.08711177 -0.1736829 0.4042995
v -0.08497083 -0.1685756 0.4041664
v -0.0837655 -0.1736354 0.4037926
v -0.08202707 -0.1735855 0.4033042
v -0.09640383 -0.1735749 0.4031958
v -0.09598886 -0.1735832 0.4032803
v -0.09355616 -0.1684878 0.4040727
v -0.09105181 -0.1736816 0.4042859
v -0.08901804 -0.1736822 0.4042929
v -0.09573882 -0.1739894 0.3590014
v -0.08936923 0.1748898 0.3439018
v -0.08936911 0.1748898 0.3418141
v -0.09141933 0.1748898 0.341814
v -0.09141945 0.1748898 0.3439017
v -0.09133559 0.1748898 0.3442414
v -0.09105455 0.1748898 0.3445566
v -0.09061676 0.1748898 0.3447374
v -0.08657622 0.1748898 0.3418143
v -0.08862537 0.1748898 0.3418142
v -0.08657634 0.1748898 0.343902
v -0.08862549 0.1748898 0.3439019
v -0.08854162 0.1748898 0.3442416
v -0.08826059 0.1748898 0.3445568
v -0.08782279 0.1748898 0.3447376
v -0.08828055 0.1748898 0.345517
v -0.08848893 0.1748898 0.3459038
v -0.08695936 0.1748898 0.3467882
v -0.08851778 0.1748898 0.3461329
v -0.08732503 0.1748898 0.3470079
v -0.08693349 0.1748898 0.3467618
v -0.08671808 0.1748898 0.3463807
v -0.08823847 0.1748898 0.3454735
v -0.08668428 0.1748898 0.3461331
v -0.08787274 0.1748898 0.3452562
v -0.08769601 0.1748898 0.3470452
v -0.08750754 0.1748898 0.3452199
v -0.09129178 0.1748898 0.3469865
v -0.08949792 0.1748898 0.3469865
v -0.09129172 0.1748898 0.3453735
v -0.08949786 0.1748898 0.3453736
v -0.09044003 0.1748898 0.3489818
v -0.08939796 0.1748898 0.3491861
v -0.09355098 0.1748898 0.3459266
v -0.09308254 0.1748898 0.3469235
v -0.09239143 0.1748898 0.3477956
v -0.09149265 0.1748898 0.348503
v -0.09343361 0.1748898 0.34257
v -0.09374487 0.1748898 0.3436881
v -0.09377986 0.1748898 0.3448274
v -0.08650732 0.1748898 0.3403064
v -0.08755993 0.1748898 0.3398275
v -0.08861708 0.1748898 0.3417094
v -0.08860194 0.1748898 0.3396232
v -0.08899968 0.1748898 0.3396068
v -0.09012061 0.1748898 0.339739
v -0.08491748 0.1748898 0.3418859
v -0.08707726 0.1748898 0.3453798
v -0.08444905 0.1748898 0.3428829
v -0.08678722 0.1748898 0.3457102
v -0.09039491 0.1748898 0.3447575
v -0.08985894 0.1748898 0.3446314
v -0.0928657 0.1748898 0.3415655
v -0.09141713 0.1748898 0.3417614
v -0.09208077 0.1748898 0.3407292
v -0.09141105 0.1748898 0.3417093
v -0.09115058 0.1748898 0.3401163
v -0.08937776 0.1748898 0.3417094
v -0.08900028 0.1748898 0.3492025
v -0.08787924 0.1748898 0.3490704
v -0.08812546 0.1748898 0.3468855
v -0.08513414 0.1748898 0.3472439
v -0.08672738 0.1748898 0.3443494
v -0.08706533 0.1748898 0.3446316
v -0.08760094 0.1748898 0.3447577
v -0.08591902 0.1748898 0.3480802
v -0.08937877 0.1748898 0.3440187
v -0.08560854 0.1748898 0.3410139
v -0.08658444 0.1748898 0.3417096
v -0.08456623 0.1748898 0.3462394
v -0.08425503 0.1748898 0.3451213
v -0.08422011 0.1748898 0.3439821
v -0.08841484 0.1748898 0.346556
v -0.08684927 0.1748898 0.348693
v -0.08900028 0.1748898 0.3499391
v -0.0877937 0.1748898 0.3498066
v -0.08667588 0.1748898 0.3494272
v -0.08565241 0.1748898 0.3488093
v -0.08476179 0.1748898 0.3479602
v -0.0840767 0.1748898 0.3469316
v -0.08363574 0.1748898 0.3457698
v -0.09452247 0.1748898 0.3447769
v -0.0943126 0.1748898 0.3459594
v -0.09385925 0.1748898 0.3470526
v -0.09317165 0.1748898 0.3480381
v -0.09226405 0.1748898 0.3488717
v -0.09118902 0.1748898 0.3494877
v -0.089998 0.1748898 0.3498489
v -0.0945335 0.1748898 0.3442797
v -0.09436452 0.1748898 0.3430396
v -0.09392356 0.1748898 0.3418778
v -0.09323847 0.1748898 0.3408491
v -0.09234786 0.1748898 0.3400002
v -0.09132426 0.1748898 0.3393822
v -0.09020638 0.1748898 0.3390027
v -0.08899962 0.1748898 0.3388703
v -0.08346682 0.1748898 0.3445298
v -0.08347779 0.1748898 0.3440331
v -0.0836876 0.1748898 0.3428503
v -0.08414083 0.1748898 0.3417569
v -0.08482837 0.1748898 0.3407713
v -0.08573573 0.1748898 0.3399378
v -0.08681064 0.1748898 0.3393217
v -0.08800154 0.1748898 0.3389605
v -0.1033101 0.1745787 0.3581575
v -0.1032635 0.1743224 0.3585153
v -0.1014168 0.1743224 0.3573977
v -0.1033182 0.1748617 0.3572864
v -0.1018918 0.1748475 0.356533
v -0.103316 0.1748898 0.3568911
v -0.07468307 0.1747626 0.3577213
v -0.07468193 0.1748418 0.3573735
v -0.07610815 0.1748475 0.356533
v -0.1020888 0.1748898 0.3561745
v -0.09988421 0.1748475 0.3555371
v -0.1000505 0.1748898 0.3551634
v -0.09780025 0.1748475 0.3547126
v -0.09793472 0.1748898 0.3543263
v -0.09565472 0.1748475 0.3540652
v -0.09575635 0.1748898 0.353669
v -0.09346252 0.1748475 0.3535995
v -0.09353071 0.1748898 0.3531962
v -0.09123909 0.1748475 0.3533188
v -0.0912733 0.1748898 0.3529112
v -0.08899998 0.1748475 0.353225
v -0.08899998 0.1748898 0.352816
v -0.08676087 0.1748475 0.3533188
v -0.08672666 0.1748898 0.3529112
v -0.08453738 0.1748475 0.3535995
v -0.08446925 0.1748898 0.3531962
v -0.08234524 0.1748475 0.3540652
v -0.08224356 0.1748898 0.353669
v -0.08019965 0.1748475 0.3547126
v -0.08006525 0.1748898 0.3543263
v -0.07811576 0.1748475 0.3555371
v -0.07794952 0.1748898 0.3551634
v -0.07591122 0.1748898 0.3561745
v -0.07468169 0.1748617 0.3572865
v -0.07468396 0.1748898 0.3568911
v -0.1033179 0.1748418 0.3573734
v -0.1033169 0.1747626 0.3577213
v -0.1016363 0.1746553 0.3569982
v -0.09966844 0.1746553 0.356022
v -0.09762585 0.1746553 0.3552138
v -0.09552282 0.1746553 0.3545792
v -0.09337407 0.1746553 0.3541228
v -0.09119474 0.1746553 0.3538476
v -0.08899998 0.1746553 0.3537557
v -0.08680522 0.1746553 0.3538476
v -0.08462584 0.1746553 0.3541228
v -0.08247715 0.1746553 0.3545792
v -0.08037412 0.1746553 0.3552138
v -0.07833153 0.1746553 0.356022
v -0.07636368 0.1746553 0.3569982
v -0.07468736 0.1746463 0.3579971
v -0.1033126 0.1746463 0.3579971
v -0.09948313 0.1743224 0.3564385
v -0.097476 0.1743224 0.3556443
v -0.09540951 0.1743224 0.3550208
v -0.09329813 0.1743224 0.3545723
v -0.0911566 0.1743224 0.3543019
v -0.08899998 0.1743224 0.3542116
v -0.08684337 0.1743224 0.3543019
v -0.08470183 0.1743224 0.3545723
v -0.08259046 0.1743224 0.3550208
v -0.08052396 0.1743224 0.3556443
v -0.07851684 0.1743224 0.3564385
v -0.07658314 0.1743224 0.3573977
v -0.07468986 0.1745786 0.3581575
v -0.07469803 0.1743831 0.3584571
v -0.1030728 0.1738753 0.3588024
v -0.1012508 0.1738753 0.3576998
v -0.099343 0.1738753 0.3567534
v -0.09736269 0.1738753 0.3559699
v -0.09532386 0.1738753 0.3553547
v -0.09324067 0.1738753 0.3549122
v -0.09112775 0.1738753 0.3546454
v -0.08899998 0.1738753 0.3545563
v -0.08687216 0.1738753 0.3546454
v -0.08475929 0.1738753 0.3549122
v -0.08267611 0.1738753 0.3553547
v -0.08063721 0.1738753 0.3559699
v -0.07865697 0.1738753 0.3567534
v -0.07674914 0.1738753 0.3576998
v -0.07473647 0.1743224 0.3585153
v -0.07492715 0.1738753 0.3588024
v -0.1029589 0.1733499 0.3589741
v -0.1011516 0.1733499 0.3578804
v -0.09925925 0.1733499 0.3569417
v -0.09729498 0.1733499 0.3561645
v -0.0952726 0.1733499 0.3555543
v -0.09320634 0.1733499 0.3551154
v -0.09111052 0.1733499 0.3548508
v -0.08899998 0.1733499 0.3547624
v -0.08688944 0.1733499 0.3548508
v -0.08479362 0.1733499 0.3551154
v -0.08272731 0.1733499 0.3555543
v -0.08070498 0.1733499 0.3561645
v -0.07874071 0.1733499 0.3569417
v -0.07684832 0.1733499 0.3578804
v -0.07504111 0.1733499 0.3589741
v -0.07472538 0.1737086 0.3590398
v -0.07473629 0.1733493 0.3591778
v -0.103316 0.1748898 0.3503
v -0.1035701 0.1748735 0.3570522
v -0.103924 0.1747951 0.3503
v -0.1037222 0.1748481 0.3571495
v -0.1039967 0.1747687 0.3573253
v -0.1040176 0.1747626 0.3573387
v -0.1039925 0.1747609 0.3503
v -0.1044746 0.17452 0.3503
v -0.104391 0.1745763 0.3575779
v -0.1046776 0.1743546 0.3577614
v -0.104695 0.1743053 0.3503
v -0.1047084 0.1743196 0.3577809
v -0.1049469 0.1740474 0.3579319
v -0.1049153 0.1740906 0.3503
v -0.1051428 0.1737037 0.3580542
v -0.1051688 0.173615 0.3503
v -0.1051714 0.1736177 0.3580714
v -0.1052048 0.1735475 0.3503
v -0.1052669 0.1733299 0.3581289
v -0.1053153 0.1729421 0.3503
v -0.1038073 0.1729421 0.3434494
v -0.1036892 0.1729421 0.3432265
v -0.1038131 0.1681331 0.3431664
v -0.0881167 0.1729421 0.3340086
v -0.08778232 0.1729421 0.3340449
v -0.08777129 0.1681331 0.3339047
v -0.07268464 0.1729421 0.3503
v -0.0725587 0.1681331 0.3503
v -0.07278031 0.1729421 0.348536
v -0.07274234 0.1681331 0.3478496
v -0.07288914 0.1729421 0.347872
v -0.07418692 0.1681331 0.3431664
v -0.07419258 0.1729421 0.3434494
v -0.07328915 0.1681331 0.3454539
v -0.07353872 0.1729421 0.3450905
v -0.07342624 0.1729421 0.3454956
v -0.07306611 0.1729421 0.3467927
v -0.07431071 0.1729421 0.3432265
v -0.07502007 0.1729421 0.3418886
v -0.07541555 0.1681331 0.3410383
v -0.07553941 0.1729421 0.3411226
v -0.07694768 0.1681331 0.3391171
v -0.07704627 0.1729421 0.3392081
v -0.07601147 0.1729421 0.3404264
v -0.07715511 0.1729421 0.3390799
v -0.07843768 0.1729421 0.3378651
v -0.078749 0.1681331 0.3374457
v -0.07883936 0.1729421 0.3375597
v -0.07984405 0.1729421 0.336796
v -0.08077937 0.1681331 0.3360614
v -0.08085328 0.1729421 0.3361887
v -0.08299332 0.1681331 0.3349953
v -0.08296108 0.1729421 0.3351435
v -0.08135771 0.1729421 0.3358852
v -0.08304071 0.1729421 0.3351166
v -0.08463519 0.1729421 0.3345794
v -0.08534145 0.1681331 0.334271
v -0.08537453 0.1729421 0.3344166
v -0.08636045 0.1729421 0.3341996
v -0.08988326 0.1729421 0.3340086
v -0.09022861 0.1681331 0.3339047
v -0.09021764 0.1729421 0.3340449
v -0.09163951 0.1729421 0.3341996
v -0.09265851 0.1681331 0.334271
v -0.09262543 0.1729421 0.3344166
v -0.09500664 0.1681331 0.3349953
v -0.09495925 0.1729421 0.3351166
v -0.09336477 0.1729421 0.3345794
v -0.09503889 0.1729421 0.3351435
v -0.09664219 0.1729421 0.3358852
v -0.09722059 0.1681331 0.3360614
v -0.09714668 0.1729421 0.3361887
v -0.1010523 0.1681331 0.3391171
v -0.1008448 0.1729421 0.3390799
v -0.09925091 0.1681331 0.3374457
v -0.09956228 0.1729421 0.3378651
v -0.09916061 0.1729421 0.3375597
v -0.09815591 0.1729421 0.336796
v -0.1009536 0.1729421 0.3392081
v -0.1019885 0.1729421 0.3404264
v -0.1025844 0.1681331 0.3410383
v -0.1024606 0.1729421 0.3411226
v -0.1029798 0.1729421 0.3418886
v -0.1044613 0.1729421 0.3450905
v -0.1047108 0.1681331 0.3454539
v -0.1045737 0.1729421 0.3454956
v -0.1049339 0.1729421 0.3467927
v -0.1052576 0.1681331 0.3478496
v -0.1051108 0.1729421 0.347872
v -0.1054412 0.1681331 0.3503
v -0.1052197 0.1729421 0.348536
v -0.07467222 0.1729463 0.3592844
v -0.0748158 0.1681331 0.3593421
v -0.07433187 0.1681331 0.3595564
v -0.07435226 0.1729612 0.3594207
v -0.07430195 0.1729629 0.3594276
v -0.07400691 0.1729725 0.3594685
v -0.07364958 0.1681331 0.359552
v -0.07368075 0.1729791 0.3594263
v -0.07304584 0.1681331 0.3592341
v -0.07333862 0.1729815 0.3592897
v -0.07366067 0.1729795 0.3594238
v -0.07313489 0.1729788 0.3591324
v -0.0725587 0.1681331 0.3581539
v -0.07268464 0.1729421 0.3581539
v -0.07468396 0.1748898 0.3503
v -0.07407587 0.1747951 0.3503
v -0.07433241 0.1748586 0.3571146
v -0.07400327 0.1747684 0.3573253
v -0.07288318 0.1737599 0.3580382
v -0.07283121 0.173615 0.3503
v -0.07308459 0.1740906 0.3503
v -0.07308042 0.174085 0.3579147
v -0.073291 0.17432 0.3577812
v -0.07330501 0.1743053 0.3503
v -0.07332074 0.1743531 0.3577624
v -0.07352542 0.17452 0.3503
v -0.07362157 0.1745843 0.3575698
v -0.07400745 0.1747609 0.3503
v -0.07398229 0.1747626 0.3573387
v -0.07361614 0.17452 0.3486269
v -0.1043838 0.17452 0.3486269
v -0.104822 0.1740906 0.3485792
v -0.0736435 0.1735475 0.3451258
v -0.07429295 0.1735475 0.3434958
v -0.07511478 0.1735475 0.3419455
v -0.07609945 0.1735475 0.3404933
v -0.0772354 0.1735475 0.339156
v -0.07850921 0.1735475 0.3379493
v -0.0799061 0.1735475 0.3368875
v -0.08140951 0.1735475 0.3359829
v -0.08300197 0.1735475 0.3352462
v -0.08466476 0.1735475 0.3346859
v -0.08637833 0.1735475 0.3343087
v -0.08812266 0.1735475 0.334119
v -0.0898773 0.1735475 0.334119
v -0.09162163 0.1735475 0.3343087
v -0.09333521 0.1735475 0.3346859
v -0.094998 0.1735475 0.3352462
v -0.09659045 0.1735475 0.3359829
v -0.09809386 0.1735475 0.3368875
v -0.0994907 0.1735475 0.3379493
v -0.1007646 0.1735475 0.339156
v -0.1019005 0.1735475 0.3404933
v -0.1028851 0.1735475 0.3419455
v -0.103707 0.1735475 0.3434958
v -0.1043565 0.1735475 0.3451258
v -0.1048259 0.1735475 0.3468164
v -0.1051098 0.1735475 0.3485479
v -0.1045433 0.1740906 0.3468787
v -0.1040822 0.1740906 0.3452182
v -0.1034444 0.1740906 0.3436173
v -0.1026372 0.1740906 0.3420947
v -0.1016701 0.1740906 0.3406684
v -0.1005545 0.1740906 0.339355
v -0.09930336 0.1740906 0.3381699
v -0.0979315 0.1740906 0.337127
v -0.09645485 0.1740906 0.3362386
v -0.09489089 0.1740906 0.335515
v -0.09325778 0.1740906 0.3349647
v -0.09157478 0.1740906 0.3345943
v -0.08986163 0.1740906 0.3344079
v -0.08813834 0.1740906 0.3344079
v -0.08642518 0.1740906 0.3345943
v -0.08474218 0.1740906 0.3349647
v -0.08310908 0.1740906 0.335515
v -0.08154505 0.1740906 0.3362386
v -0.08006846 0.1740906 0.337127
v -0.0786966 0.1740906 0.3381699
v -0.0774455 0.1740906 0.339355
v -0.07632982 0.1740906 0.3406684
v -0.0753628 0.1740906 0.3420947
v -0.07455557 0.1740906 0.3436173
v -0.07391774 0.1740906 0.3452182
v -0.07317405 0.1735475 0.3468164
v -0.0734567 0.1740906 0.3468787
v -0.07289022 0.1735475 0.3485479
v -0.07317787 0.1740906 0.3485792
v -0.1041128 0.17452 0.3469734
v -0.1036645 0.17452 0.3453589
v -0.1030443 0.17452 0.3438024
v -0.1022595 0.17452 0.342322
v -0.1013192 0.17452 0.3409352
v -0.1002345 0.17452 0.3396582
v -0.09901803 0.17452 0.3385059
v -0.09768408 0.17452 0.3374919
v -0.09624838 0.17452 0.336628
v -0.09472769 0.17452 0.3359245
v -0.09313988 0.17452 0.3353894
v -0.0915035 0.17452 0.3350293
v -0.08983772 0.17452 0.3348481
v -0.08816218 0.17452 0.3348481
v -0.08649647 0.17452 0.3350293
v -0.08486008 0.17452 0.3353894
v -0.08327227 0.17452 0.3359245
v -0.08175158 0.17452 0.336628
v -0.08031582 0.17452 0.3374919
v -0.07898193 0.17452 0.3385059
v -0.07776552 0.17452 0.3396582
v -0.07668077 0.17452 0.3409352
v -0.07574045 0.17452 0.342322
v -0.07495564 0.17452 0.3438024
v -0.07433545 0.17452 0.3453589
v -0.07388716 0.17452 0.3469734
v -0.1038365 0.1747951 0.3486864
v -0.1035751 0.1747951 0.3470917
v -0.1031427 0.1747951 0.3455347
v -0.1025447 0.1747951 0.3440335
v -0.1017878 0.1747951 0.3426058
v -0.1008809 0.1747951 0.3412683
v -0.09983479 0.1747951 0.3400367
v -0.0986616 0.1747951 0.3389254
v -0.09737515 0.1747951 0.3379475
v -0.09599053 0.1747951 0.3371144
v -0.09452396 0.1747951 0.3364359
v -0.0929926 0.1747951 0.3359199
v -0.09141445 0.1747951 0.3355725
v -0.08980792 0.1747951 0.3353978
v -0.08819198 0.1747951 0.3353978
v -0.08658552 0.1747951 0.3355725
v -0.08500736 0.1747951 0.3359199
v -0.083476 0.1747951 0.3364359
v -0.08200943 0.1747951 0.3371144
v -0.08062475 0.1747951 0.3379475
v -0.07933831 0.1747951 0.3389254
v -0.07816517 0.1747951 0.3400367
v -0.07711905 0.1747951 0.3412683
v -0.07621216 0.1747951 0.3426058
v -0.07545524 0.1747951 0.3440335
v -0.07485711 0.1747951 0.3455347
v -0.0744248 0.1747951 0.3470917
v -0.07416337 0.1747951 0.3486864
v -0.1032321 0.1748898 0.3487522
v -0.1029813 0.1748898 0.3472225
v -0.1025665 0.1748898 0.3457289
v -0.1019929 0.1748898 0.3442888
v -0.1012668 0.1748898 0.3429193
v -0.1003969 0.1748898 0.3416363
v -0.09939336 0.1748898 0.3404549
v -0.09826797 0.1748898 0.3393889
v -0.09703391 0.1748898 0.3384508
v -0.09570574 0.1748898 0.3376516
v -0.09429889 0.1748898 0.3370007
v -0.09282994 0.1748898 0.3365058
v -0.09131604 0.1748898 0.3361726
v -0.08977502 0.1748898 0.336005
v -0.08822494 0.1748898 0.336005
v -0.08668392 0.1748898 0.3361726
v -0.08517003 0.1748898 0.3365058
v -0.08370107 0.1748898 0.3370007
v -0.08229422 0.1748898 0.3376516
v -0.08096599 0.1748898 0.3384508
v -0.079732 0.1748898 0.3393889
v -0.0786066 0.1748898 0.3404549
v -0.0776031 0.1748898 0.3416363
v -0.07673323 0.1748898 0.3429193
v -0.07600712 0.1748898 0.3442888
v -0.07543337 0.1748898 0.3457289
v -0.07501864 0.1748898 0.3472225
v -0.07476788 0.1748898 0.3487522
v -0.0943126 0.1748898 0.3459594
v -0.08800154 0.1748898 0.3389605
v -0.0836876 0.1748898 0.3428503
v -0.09132426 0.1748898 0.3393822
v -0.08863067 -0.1748898 0.3439018
v -0.08863079 -0.1748898 0.3418141
v -0.08658063 -0.1748898 0.341814
v -0.08658051 -0.1748898 0.3439017
v -0.08666473 -0.1748898 0.3442422
v -0.08694618 -0.1748898 0.3445572
v -0.08738446 -0.1748898 0.3447377
v -0.09142374 -0.1748898 0.3418143
v -0.0893746 -0.1748898 0.3418142
v -0.09142363 -0.1748898 0.343902
v -0.08937448 -0.1748898 0.3439019
v -0.0894587 -0.1748898 0.3442423
v -0.08974015 -0.1748898 0.3445574
v -0.09017843 -0.1748898 0.3447378
v -0.08971506 -0.1748898 0.3455219
v -0.08950936 -0.1748898 0.3459104
v -0.09103906 -0.1748898 0.3467897
v -0.08948218 -0.1748898 0.3461329
v -0.09067302 -0.1748898 0.3470084
v -0.09107083 -0.1748898 0.3467572
v -0.09128367 -0.1748898 0.3463743
v -0.08976304 -0.1748898 0.345472
v -0.09131568 -0.1748898 0.3461331
v -0.09012913 -0.1748898 0.3452556
v -0.09030461 -0.1748898 0.3470453
v -0.1031174 -0.1667232 0.3593411
v -0.1032589 -0.1680721 0.3593955
v -0.1019953 -0.1674091 0.3585965
v -0.1031842 -0.1681331 0.3593421
v -0.1032555 -0.1729421 0.3592383
v -0.1029295 -0.1729421 0.3590182
v -0.1011261 -0.1729421 0.3579269
v -0.1009066 -0.1680011 0.357957
v -0.1041088 -0.1676463 0.3600244
v -0.1035106 -0.1664546 0.3596343
v -0.1042017 -0.1659826 0.3601499
v -0.1049693 -0.1675591 0.3607083
v -0.0981329 -0.1729421 0.3565529
v -0.09727758 -0.1729421 0.3562145
v -0.09616136 -0.169884 0.3559385
v -0.09525948 -0.1729421 0.3556056
v -0.09515339 -0.1701464 0.3556591
v -0.09737294 -0.1695047 0.3563434
v -0.09810382 -0.1692387 0.3566278
v -0.09923768 -0.1729421 0.35699
v -0.09840548 -0.1691288 0.3567452
v -0.1009662 -0.1729421 0.3578475
v -0.09963971 -0.1686131 0.3572983
v -0.100836 -0.1680394 0.3579155
v -0.08899998 -0.1729421 0.3548153
v -0.08899945 -0.1708824 0.3548769
v -0.08955878 -0.1708837 0.3548755
v -0.09110611 -0.1729421 0.3549035
v -0.09080237 -0.1708272 0.3549354
v -0.09113836 -0.1708016 0.3549625
v -0.09210705 -0.1729421 0.3550299
v -0.09210187 -0.170698 0.3550726
v -0.09319746 -0.1729421 0.3551676
v -0.0924223 -0.1706635 0.3551092
v -0.09517186 -0.1729421 0.355587
v -0.09368669 -0.1704639 0.3553213
v -0.09493273 -0.1702038 0.3555979
v -0.08589178 -0.1729421 0.3550301
v -0.08589643 -0.1707025 0.3550678
v -0.08689385 -0.1729421 0.3549035
v -0.08707511 -0.1708184 0.3549448
v -0.08899945 -0.1729421 0.3548154
v -0.08831661 -0.1708807 0.3548786
v -0.08282703 -0.1729421 0.3555872
v -0.08375275 -0.1703547 0.3554373
v -0.08480244 -0.1729421 0.3551676
v -0.0846011 -0.170515 0.355267
v -0.08583623 -0.1706966 0.3550741
v -0.0770328 -0.1729421 0.357848
v -0.07903707 -0.1689051 0.3569849
v -0.07876223 -0.1729421 0.35699
v -0.07989543 -0.1692378 0.3566288
v -0.07986605 -0.1729421 0.3565533
v -0.08018034 -0.1693482 0.3565106
v -0.08072239 -0.1729421 0.3562145
v -0.08134764 -0.1697381 0.3560941
v -0.08274048 -0.1729421 0.3556056
v -0.08253848 -0.1700741 0.355736
v -0.08284562 -0.170145 0.3556604
v -0.0748158 -0.1681331 0.3593421
v -0.0757339 -0.1672507 0.3587681
v -0.07474452 -0.1729421 0.3592383
v -0.07682687 -0.167864 0.3581047
v -0.07507038 -0.1729421 0.3590182
v -0.07687383 -0.1729421 0.3579269
v -0.07709419 -0.1679974 0.357961
v -0.07796126 -0.1684301 0.357495
v -0.07474112 -0.1680721 0.3593955
v -0.07468175 -0.166592 0.359484
v -0.07448643 -0.1664564 0.3596322
v -0.0741868 -0.1677099 0.3598021
v -0.07367026 -0.1658897 0.3602516
v -0.07389116 -0.1676463 0.3600244
v -0.07314938 -0.1676463 0.3606077
v -0.1029589 -0.1733499 0.3589741
v -0.1011516 -0.1733499 0.3578804
v -0.09925925 -0.1733499 0.3569417
v -0.09729498 -0.1733499 0.3561645
v -0.0952726 -0.1733499 0.3555543
v -0.09320634 -0.1733499 0.3551154
v -0.09111052 -0.1733499 0.3548508
v -0.08899998 -0.1733499 0.3547624
v -0.08688944 -0.1733499 0.3548508
v -0.08070498 -0.1733499 0.3561645
v -0.08272731 -0.1733499 0.3555543
v -0.08479362 -0.1733499 0.3551154
v -0.07874071 -0.1733499 0.3569417
v -0.07684832 -0.1733499 0.3578804
v -0.07504111 -0.1733499 0.3589741
v -0.07468909 -0.1745983 0.3581201
v -0.07473647 -0.1743224 0.3585153
v -0.07658314 -0.1743224 0.3573977
v -0.07468199 -0.1748706 0.3572182
v -0.07610815 -0.1748475 0.356533
v -0.07468396 -0.1748898 0.3568911
v -0.1033173 -0.1747771 0.3576741
v -0.1033178 -0.174838 0.3573727
v -0.1018918 -0.1748475 0.356533
v -0.07591122 -0.1748898 0.3561745
v -0.07811576 -0.1748475 0.3555371
v -0.07794952 -0.1748898 0.3551634
v -0.08019965 -0.1748475 0.3547126
v -0.08006525 -0.1748898 0.3543263
v -0.08234524 -0.1748475 0.3540652
v -0.08224356 -0.1748898 0.353669
v -0.08453738 -0.1748475 0.3535995
v -0.08446925 -0.1748898 0.3531962
v -0.08676087 -0.1748475 0.3533188
v -0.08672666 -0.1748898 0.3529112
v -0.08899998 -0.1748475 0.353225
v -0.08899998 -0.1748898 0.352816
v -0.09123909 -0.1748475 0.3533188
v -0.0912733 -0.1748898 0.3529112
v -0.09346252 -0.1748475 0.3535995
v -0.09353071 -0.1748898 0.3531962
v -0.09565472 -0.1748475 0.3540652
v -0.09575635 -0.1748898 0.353669
v -0.09780025 -0.1748475 0.3547126
v -0.09793472 -0.1748898 0.3543263
v -0.09988421 -0.1748475 0.3555371
v -0.1000505 -0.1748898 0.3551634
v -0.1020888 -0.1748898 0.3561745
v -0.1033181 -0.1748725 0.3572014
v -0.07468223 -0.1748388 0.3573728
v -0.07468265 -0.1747766 0.357676
v -0.07636368 -0.1746553 0.3569982
v -0.07833153 -0.1746553 0.356022
v -0.08037412 -0.1746553 0.3552138
v -0.08247715 -0.1746553 0.3545792
v -0.08462584 -0.1746553 0.3541228
v -0.08680522 -0.1746553 0.3538476
v -0.08899998 -0.1746553 0.3537557
v -0.09119474 -0.1746553 0.3538476
v -0.09337407 -0.1746553 0.3541228
v -0.09552282 -0.1746553 0.3545792
v -0.09762585 -0.1746553 0.3552138
v -0.09966844 -0.1746553 0.356022
v -0.1016363 -0.1746553 0.3569982
v -0.1033126 -0.1746473 0.357998
v -0.0746873 -0.1746473 0.357998
v -0.07851684 -0.1743224 0.3564385
v -0.08052396 -0.1743224 0.3556443
v -0.08259046 -0.1743224 0.3550208
v -0.08470183 -0.1743224 0.3545723
v -0.08684337 -0.1743224 0.3543019
v -0.08899998 -0.1743224 0.3542116
v -0.0911566 -0.1743224 0.3543019
v -0.09329813 -0.1743224 0.3545723
v -0.09540951 -0.1743224 0.3550208
v -0.097476 -0.1743224 0.3556443
v -0.09948313 -0.1743224 0.3564385
v -0.1014168 -0.1743224 0.3573977
v -0.1033108 -0.1745983 0.3581202
v -0.1033021 -0.1743859 0.358457
v -0.07674914 -0.1738753 0.3576998
v -0.07865697 -0.1738753 0.3567534
v -0.08063721 -0.1738753 0.3559699
v -0.08267611 -0.1738753 0.3553547
v -0.08475929 -0.1738753 0.3549122
v -0.08687216 -0.1738753 0.3546454
v -0.08899998 -0.1738753 0.3545563
v -0.09112775 -0.1738753 0.3546454
v -0.09324067 -0.1738753 0.3549122
v -0.09532386 -0.1738753 0.3553547
v -0.09736269 -0.1738753 0.3559699
v -0.099343 -0.1738753 0.3567534
v -0.1012508 -0.1738753 0.3576998
v -0.1032635 -0.1743224 0.3585153
v -0.1030728 -0.1738753 0.3588024
v -0.07468396 -0.1748898 0.3503
v -0.07436013 -0.1748633 0.3570969
v -0.07407587 -0.1747951 0.3503
v -0.07400512 -0.1747651 0.3573241
v -0.07400745 -0.1747609 0.3503
v -0.07365155 -0.1746027 0.3575506
v -0.07352542 -0.17452 0.3503
v -0.07335227 -0.174382 0.3577423
v -0.07330501 -0.1743053 0.3503
v -0.07307755 -0.1740812 0.3579165
v -0.07308459 -0.1740906 0.3503
v -0.07286792 -0.1737276 0.3580476
v -0.07283121 -0.173615 0.3503
v -0.0727359 -0.1733426 0.3581272
v -0.07279521 -0.1735475 0.3503
v -0.07268464 -0.1729421 0.3503
v -0.0725587 -0.1681331 0.3581539
v -0.07268464 -0.1729421 0.3581539
v -0.0725587 -0.1681331 0.3503
v -0.1053153 -0.1729421 0.3503
v -0.1054412 -0.1681331 0.3503
v -0.1052127 -0.1729421 0.3484733
v -0.1052388 -0.1681331 0.347728
v -0.1050902 -0.1729421 0.3477519
v -0.1046366 -0.1681331 0.3452194
v -0.104501 -0.1729421 0.3452628
v -0.1049063 -0.1729421 0.3466695
v -0.1036493 -0.1681331 0.3428358
v -0.1036996 -0.1729421 0.343221
v -0.1043998 -0.1729421 0.3449114
v -0.1017557 -0.1729421 0.3401275
v -0.1021792 -0.1729421 0.3407244
v -0.1023012 -0.1681331 0.3406361
v -0.1028146 -0.1729421 0.3416197
v -0.1035227 -0.1729421 0.3429009
v -0.1005367 -0.1729421 0.3387633
v -0.1006257 -0.1681331 0.3386743
v -0.09917241 -0.1729421 0.3375442
v -0.09866392 -0.1681331 0.3369988
v -0.09857565 -0.1729421 0.3371207
v -0.09646415 -0.1681331 0.3356508
v -0.09639906 -0.1729421 0.3357773
v -0.09768027 -0.1729421 0.3364854
v -0.09408062 -0.1681331 0.3346635
v -0.0943886 -0.1729421 0.3349002
v -0.09607893 -0.1729421 0.3356004
v -0.09082669 -0.1729421 0.3340873
v -0.09154814 -0.1729421 0.3342098
v -0.09157198 -0.1681331 0.3340612
v -0.0926305 -0.1729421 0.3343937
v -0.09403717 -0.1729421 0.334799
v -0.08899998 -0.1729421 0.3339847
v -0.08899998 -0.1681331 0.3338587
v -0.08717322 -0.1729421 0.3340873
v -0.08642798 -0.1681331 0.3340612
v -0.08645182 -0.1729421 0.3342098
v -0.08391934 -0.1681331 0.3346635
v -0.08153581 -0.1681331 0.3356508
v -0.08192104 -0.1729421 0.3356004
v -0.08361136 -0.1729421 0.3349002
v -0.08396279 -0.1729421 0.334799
v -0.08536946 -0.1729421 0.3343937
v -0.07882755 -0.1729421 0.3375442
v -0.07942432 -0.1729421 0.3371207
v -0.07933604 -0.1681331 0.3369988
v -0.0803197 -0.1729421 0.3364854
v -0.0816009 -0.1729421 0.3357773
v -0.07746332 -0.1729421 0.3387633
v -0.07737427 -0.1681331 0.3386743
v -0.07624411 -0.1729421 0.3401275
v -0.07569873 -0.1681331 0.3406361
v -0.07582068 -0.1729421 0.3407244
v -0.07336342 -0.1681331 0.3452194
v -0.07360023 -0.1729421 0.3449114
v -0.07435071 -0.1681331 0.3428358
v -0.0743004 -0.1729421 0.343221
v -0.07447731 -0.1729421 0.3429009
v -0.07518541 -0.1729421 0.3416197
v -0.07349896 -0.1729421 0.3452628
v -0.07309371 -0.1729421 0.3466695
v -0.07276111 -0.1681331 0.347728
v -0.07290983 -0.1729421 0.3477519
v -0.07278722 -0.1729421 0.3484733
v -0.103924 -0.1747951 0.3503
v -0.103316 -0.1748898 0.3503
v -0.103316 -0.1748898 0.3568911
v -0.1052989 -0.1731508 0.3581467
v -0.1052048 -0.1735475 0.3503
v -0.104695 -0.1743053 0.3503
v -0.104777 -0.1742556 0.3578245
v -0.1049153 -0.1740906 0.3503
v -0.1050267 -0.1739258 0.357982
v -0.1051688 -0.173615 0.3503
v -0.1051998 -0.1735613 0.358089
v -0.1036711 -0.174858 0.3571169
v -0.1039944 -0.1747609 0.3573238
v -0.1039925 -0.1747609 0.3503
v -0.1044746 -0.17452 0.3503
v -0.1041027 -0.1747285 0.3573932
v -0.1044632 -0.174528 0.3576242
v -0.1043773 -0.17452 0.3485674
v -0.1048153 -0.1740906 0.348518
v -0.07318466 -0.1740906 0.348518
v -0.1051028 -0.1735475 0.3484857
v -0.1047984 -0.1735475 0.3466941
v -0.1042954 -0.1735475 0.3449479
v -0.1036 -0.1735475 0.343269
v -0.1027209 -0.1735475 0.3416785
v -0.1016694 -0.1735475 0.3401965
v -0.1004585 -0.1735475 0.3388415
v -0.09910351 -0.1735475 0.3376306
v -0.09762144 -0.1735475 0.336579
v -0.09603095 -0.1735475 0.3357
v -0.09435206 -0.1735475 0.3350046
v -0.09260588 -0.1735475 0.3345015
v -0.09081435 -0.1735475 0.3341971
v -0.08899998 -0.1735475 0.3340952
v -0.08718562 -0.1735475 0.3341971
v -0.08539408 -0.1735475 0.3345015
v -0.0836479 -0.1735475 0.3350046
v -0.08196902 -0.1735475 0.3357
v -0.08037853 -0.1735475 0.336579
v -0.07889646 -0.1735475 0.3376306
v -0.07754147 -0.1735475 0.3388415
v -0.0763306 -0.1735475 0.3401965
v -0.07527899 -0.1735475 0.3416785
v -0.0744 -0.1735475 0.343269
v -0.0737046 -0.1735475 0.3449479
v -0.07320147 -0.1735475 0.3466941
v -0.07289713 -0.1735475 0.3484857
v -0.07348364 -0.1740906 0.3467585
v -0.0739777 -0.1740906 0.3450435
v -0.07466071 -0.1740906 0.3433946
v -0.07552403 -0.1740906 0.3418325
v -0.07655686 -0.1740906 0.3403769
v -0.07774609 -0.1740906 0.3390461
v -0.07907688 -0.1740906 0.3378568
v -0.08053249 -0.1740906 0.3368241
v -0.08209455 -0.1740906 0.3359608
v -0.08374345 -0.1740906 0.3352777
v -0.08545845 -0.1740906 0.3347836
v -0.08721804 -0.1740906 0.3344847
v -0.08899998 -0.1740906 0.3343846
v -0.09078192 -0.1740906 0.3344847
v -0.09254151 -0.1740906 0.3347836
v -0.09425652 -0.1740906 0.3352777
v -0.09590542 -0.1740906 0.3359608
v -0.09746748 -0.1740906 0.3368241
v -0.09892308 -0.1740906 0.3378568
v -0.1002538 -0.1740906 0.3390461
v -0.1014431 -0.1740906 0.3403769
v -0.1024759 -0.1740906 0.3418325
v -0.1033393 -0.1740906 0.3433946
v -0.1040222 -0.1740906 0.3450435
v -0.1045163 -0.1740906 0.3467585
v -0.0736227 -0.17452 0.3485674
v -0.07391339 -0.17452 0.3468566
v -0.0743938 -0.17452 0.345189
v -0.07505786 -0.17452 0.3435858
v -0.07589727 -0.17452 0.342067
v -0.07690149 -0.17452 0.3406518
v -0.07805782 -0.17452 0.3393578
v -0.07935172 -0.17452 0.3382015
v -0.08076703 -0.17452 0.3371973
v -0.08228582 -0.17452 0.3363579
v -0.08388906 -0.17452 0.3356938
v -0.08555656 -0.17452 0.3352134
v -0.08726739 -0.17452 0.3349227
v -0.08899998 -0.17452 0.3348254
v -0.09073257 -0.17452 0.3349227
v -0.0924434 -0.17452 0.3352134
v -0.0941109 -0.17452 0.3356938
v -0.09571415 -0.17452 0.3363579
v -0.09723293 -0.17452 0.3371973
v -0.09864825 -0.17452 0.3382015
v -0.09994214 -0.17452 0.3393578
v -0.1010985 -0.17452 0.3406518
v -0.1021026 -0.17452 0.342067
v -0.1029421 -0.17452 0.3435858
v -0.1036062 -0.17452 0.345189
v -0.1040866 -0.17452 0.3468566
v -0.07416975 -0.1747951 0.348629
v -0.07445007 -0.1747951 0.3469791
v -0.07491338 -0.1747951 0.3453709
v -0.07555383 -0.1747951 0.3438247
v -0.07636338 -0.1747951 0.3423599
v -0.07733184 -0.1747951 0.340995
v -0.07844704 -0.1747951 0.3397471
v -0.07969498 -0.1747951 0.3386319
v -0.08105987 -0.1747951 0.3376634
v -0.08252465 -0.1747951 0.3368539
v -0.08407086 -0.1747951 0.3362134
v -0.08567905 -0.1747951 0.3357501
v -0.08732903 -0.1747951 0.3354697
v -0.08899998 -0.1747951 0.3353759
v -0.09067094 -0.1747951 0.3354697
v -0.09232091 -0.1747951 0.3357501
v -0.09392911 -0.1747951 0.3362134
v -0.09547531 -0.1747951 0.3368539
v -0.09694004 -0.1747951 0.3376634
v -0.09830498 -0.1747951 0.3386319
v -0.09955286 -0.1747951 0.3397471
v -0.1006681 -0.1747951 0.340995
v -0.1016365 -0.1747951 0.3423599
v -0.1024461 -0.1747951 0.3438247
v -0.1030865 -0.1747951 0.3453709
v -0.1035498 -0.1747951 0.3469791
v -0.1038302 -0.1747951 0.348629
v -0.07477396 -0.1748898 0.3486971
v -0.0750429 -0.1748898 0.3471144
v -0.07548731 -0.1748898 0.3455717
v -0.07610172 -0.1748898 0.3440885
v -0.07687824 -0.1748898 0.3426834
v -0.07780724 -0.1748898 0.3413741
v -0.07887703 -0.1748898 0.3401771
v -0.08007407 -0.1748898 0.3391073
v -0.0813834 -0.1748898 0.3381783
v -0.08278846 -0.1748898 0.3374017
v -0.08427172 -0.1748898 0.3367874
v -0.08581435 -0.1748898 0.3363429
v -0.08739709 -0.1748898 0.336074
v -0.08899998 -0.1748898 0.335984
v -0.09060287 -0.1748898 0.336074
v -0.09218561 -0.1748898 0.3363429
v -0.09372824 -0.1748898 0.3367874
v -0.09521144 -0.1748898 0.3374017
v -0.09661656 -0.1748898 0.3381783
v -0.09792584 -0.1748898 0.3391073
v -0.09912294 -0.1748898 0.3401771
v -0.1001927 -0.1748898 0.3413741
v -0.1011217 -0.1748898 0.3426834
v -0.1018983 -0.1748898 0.3440885
v -0.1025125 -0.1748898 0.3455717
v -0.1029571 -0.1748898 0.3471144
v -0.103226 -0.1748898 0.3486971
v -0.08466786 -0.1748898 0.3409636
v -0.08399188 -0.1748898 0.3420489
v -0.08358263 -0.1748898 0.3432672
v -0.0866056 -0.1748898 0.3394153
v -0.08555942 -0.1748898 0.3400723
v -0.09244239 -0.1748898 0.3400739
v -0.09135735 -0.1748898 0.3393977
v -0.09013915 -0.1748898 0.3389881
v -0.08900028 -0.1748898 0.3388703
v -0.08775508 -0.1748898 0.3390114
v -0.09441709 -0.1748898 0.3455418
v -0.0940079 -0.1748898 0.3467602
v -0.09333205 -0.1748898 0.3478455
v -0.08360683 -0.1748898 0.3456521
v -0.08346509 -0.1748898 0.3444045
v -0.09398847 -0.1748898 0.3420084
v -0.09333115 -0.1748898 0.3409627
v -0.09453451 -0.1748898 0.3444052
v -0.09439283 -0.1748898 0.3431575
v -0.08466869 -0.1748898 0.3478467
v -0.08555734 -0.1748898 0.3487353
v -0.0866425 -0.1748898 0.3494116
v -0.08786082 -0.1748898 0.3498212
v -0.08899962 -0.1748898 0.3499391
v -0.09024477 -0.1748898 0.3497979
v -0.09139412 -0.1748898 0.349394
v -0.09244024 -0.1748898 0.3487371
v -0.08401125 -0.1748898 0.346801
v -0.09377348 -0.1748898 0.344895
v -0.09453451 -0.1748898 0.3444052
v -0.09374791 -0.1748898 0.3437083
v -0.09344488 -0.1748898 0.3425973
v -0.09289038 -0.1748898 0.3415992
v -0.09208548 -0.1748898 0.3407331
v -0.09108895 -0.1748898 0.3400858
v -0.08995425 -0.1748898 0.3397022
v -0.08900028 -0.1748898 0.3396068
v -0.08784365 -0.1748898 0.3397477
v -0.08678525 -0.1748898 0.3401492
v -0.08583611 -0.1748898 0.3408005
v -0.08504849 -0.1748898 0.3416857
v -0.08449792 -0.1748898 0.3427443
v -0.08422654 -0.1748898 0.3439145
v -0.08425205 -0.1748898 0.3451012
v -0.08455502 -0.1748898 0.3462121
v -0.08510947 -0.1748898 0.3472101
v -0.08591437 -0.1748898 0.3480762
v -0.08691084 -0.1748898 0.3487235
v -0.08804547 -0.1748898 0.3491072
v -0.08899968 -0.1748898 0.3492025
v -0.09015637 -0.1748898 0.3490616
v -0.09121483 -0.1748898 0.3486601
v -0.09216403 -0.1748898 0.3480088
v -0.09295159 -0.1748898 0.3471236
v -0.09350216 -0.1748898 0.3460651
v -0.0940079 -0.1748898 0.3467602
v -0.08670824 -0.1748898 0.3453735
v -0.08850198 -0.1748898 0.3469865
v -0.08938288 -0.1748898 0.3417094
v -0.08670812 -0.1748898 0.3469865
v -0.08862221 -0.1748898 0.3417094
v -0.08658891 -0.1748898 0.3417093
v -0.08658283 -0.1748898 0.3417614
v -0.09092217 -0.1748898 0.3453794
v -0.09126579 -0.1748898 0.3443585
v -0.09049171 -0.1748898 0.3452199
v -0.09121239 -0.1748898 0.3457096
v -0.08987504 -0.1748898 0.3468859
v -0.0885021 -0.1748898 0.3453736
v -0.08861958 -0.1748898 0.3440281
v -0.09141552 -0.1748898 0.3417096
v -0.08815211 -0.1748898 0.3446256
v -0.08760505 -0.1748898 0.3447575
v -0.1956995 0.1380599 0.3797861
v -0.1958183 0.1373903 0.3742023
v -0.187843 0.1370059 0.3742926
v -0.1976356 0.1258099 0.3577795
v -0.1979706 0.1232873 0.356561
v -0.187843 0.1231287 0.356891
v -0.1972963 0.1281844 0.3594673
v -0.1957257 0.1379135 0.3827793
v -0.187843 0.1370059 0.3857074
v -0.1958414 0.137255 0.3857655
v -0.187843 0.1320531 0.3959919
v -0.1961437 0.1355072 0.3913041
v -0.1959466 0.1366568 0.3884779
v -0.187843 0.06908369 0.3570327
v -0.2026103 0.06749552 0.3594025
v -0.187843 0.06824707 0.3597506
v -0.2025263 0.06926679 0.3555482
v -0.187843 0.07113838 0.3550668
v -0.2024514 0.07078874 0.3544299
v -0.2000916 -0.1297897 0.3935321
v -0.2006059 -0.1262307 0.3971208
v -0.2023158 -0.1123217 0.38
v -0.2008759 -0.1242607 0.3985289
v -0.2014645 -0.1196941 0.4007442
v -0.2017459 -0.1173664 0.401421
v -0.2023158 -0.1123217 0.402
v -0.2028943 -0.1063806 0.402
v -0.2028152 -0.1063743 0.358
v -0.2023158 -0.1123217 0.358
v -0.2020546 -0.1146916 0.3581265
v -0.2017807 -0.117071 0.3585124
v -0.2011895 -0.1218767 0.360154
v -0.2009184 -0.1239438 0.3612735
v -0.2003639 -0.1279361 0.3643952
v -0.2001368 -0.1294856 0.36609
v -0.2000437 -0.1300954 0.3670331
v -0.1994373 -0.133985 0.3846468
v -0.1995421 -0.1333364 0.3869866
v -0.1998832 -0.1311637 0.3817085
v -0.1998789 -0.1311919 0.3915309
v -0.2000449 -0.1300975 0.3930929
v -0.1997188 -0.1322227 0.3703235
v -0.1995748 -0.1331317 0.3724346
v -0.1993828 -0.1343191 0.3773072
v -0.1993559 -0.1344835 0.3796615
v -0.2034358 -0.1008183 0.402
v -0.204346 -0.08930718 0.402
v -0.2044137 -0.08834493 0.401282
v -0.2046051 -0.08553105 0.3945207
v -0.2044804 -0.08738094 0.400564
v -0.2044342 -0.08805066 0.4015599
v -0.2044652 -0.08760243 0.4010565
v -0.2053534 -0.07279485 0.3584393
v -0.2053229 -0.07338339 0.3581135
v -0.2053351 -0.07314777 0.3594373
v -0.2052878 -0.07404953 0.358
v -0.2047402 -0.08345013 0.358
v -0.2053915 -0.07205665 0.3602307
v -0.2053896 -0.07209223 0.3595608
v -0.2053766 -0.07234787 0.3589406
v -0.2053818 -0.07224524 0.3608745
v -0.2049942 -0.0793007 0.3769525
v -0.1961458 -0.1354946 0.3885917
v -0.1965019 -0.136279 0.3852483
v -0.1959164 -0.1368309 0.3830534
v -0.1998642 -0.1177728 0.4041079
v -0.1987662 -0.1176939 0.4043101
v -0.1993331 -0.112 0.405
v -0.1987387 -0.1179705 0.4042766
v -0.1995751 -0.120376 0.4033355
v -0.1984906 -0.1202696 0.4034215
v -0.1973955 -0.1296125 0.3976505
v -0.1976433 -0.127597 0.399331
v -0.1986923 -0.1276668 0.3992317
v -0.197876 -0.1257048 0.4009088
v -0.1989699 -0.1254728 0.4008229
v -0.1981587 -0.1233448 0.4022776
v -0.1983575 -0.1215028 0.4029628
v -0.197335 -0.1301043 0.3972405
v -0.1981633 -0.1316224 0.3951869
v -0.1971078 -0.1318857 0.3951511
v -0.1979447 -0.1331778 0.3929362
v -0.1969335 -0.1331534 0.3930199
v -0.1967065 -0.1348052 0.3902432
v -0.1975985 -0.1355529 0.3878334
v -0.1966713 -0.1350557 0.3895916
v -0.1965677 -0.135794 0.3876711
v -0.1974908 -0.1362703 0.385209
v -0.196416 -0.1369132 0.3820797
v -0.1974071 -0.1368213 0.3796206
v -0.1977801 -0.13432 0.3691474
v -0.1967666 -0.1343719 0.3690427
v -0.1976321 -0.1353263 0.3715173
v -0.1984434 -0.1295637 0.3624786
v -0.1974022 -0.1295762 0.3624142
v -0.19821 -0.1312849 0.3643878
v -0.1971811 -0.1313161 0.3642322
v -0.1968742 -0.1335861 0.3673889
v -0.1974081 -0.1295292 0.3623716
v -0.1977722 -0.1265904 0.3596993
v -0.1990136 -0.1251196 0.3589534
v -0.1979469 -0.1251031 0.3587478
v -0.1992923 -0.1228138 0.3576851
v -0.1982173 -0.1227352 0.3575753
v -0.1986342 -0.1190356 0.3560104
v -0.1999 -0.1174422 0.3558158
v -0.1988037 -0.1173568 0.3556151
v -0.2001814 -0.1147775 0.3553707
v -0.1990705 -0.1146686 0.3552371
v -0.1988995 -0.1164066 0.3553915
v -0.1993331 -0.112 0.355
v -0.2004291 -0.1121182 0.3552954
v -0.2019162 -0.1122786 0.3565
v -0.2013577 -0.1122183 0.3559382
v -0.2011563 -0.1148176 0.3560173
v -0.2008244 -0.1121608 0.3554019
v -0.2018139 -0.1147875 0.356985
v -0.202013 -0.112289 0.3568632
v -0.1998172 -0.1302773 0.365405
v -0.2000539 -0.1286606 0.3636212
v -0.2006317 -0.1244882 0.3603283
v -0.2009141 -0.1223244 0.3591441
v -0.2015293 -0.1172859 0.3573997
v -0.1993812 -0.1331295 0.3698535
v -0.1992312 -0.1340755 0.3720689
v -0.1990309 -0.1353104 0.3771778
v -0.1990028 -0.1354812 0.3796452
v -0.1990877 -0.134963 0.3848704
v -0.1991969 -0.1342885 0.387324
v -0.1995483 -0.1320559 0.392094
v -0.2008695 -0.1174161 0.3564536
v -0.2002498 -0.1226525 0.3582797
v -0.1999655 -0.1248996 0.3595168
v -0.1993834 -0.1292288 0.3629521
v -0.1991451 -0.130905 0.3648113
v -0.1987061 -0.1338599 0.3694438
v -0.1985549 -0.1348394 0.3717496
v -0.1974348 -0.1366397 0.3769817
v -0.1983534 -0.1361175 0.3770646
v -0.198325 -0.1362943 0.3796311
v -0.1984106 -0.1357581 0.385066
v -0.1985206 -0.1350598 0.3876187
v -0.1988742 -0.132748 0.3925837
v -0.1990975 -0.1312337 0.3947746
v -0.1996375 -0.1273812 0.3987141
v -0.1999209 -0.1252437 0.4002652
v -0.2005382 -0.1202764 0.4027168
v -0.200833 -0.1177384 0.4034717
v -0.2004497 -0.1121204 0.4047818
v -0.2007952 -0.1121577 0.4045534
v -0.2014295 -0.1122261 0.404134
v -0.201874 -0.1122741 0.4034714
v -0.19977 -0.1305945 0.3941975
v -0.2003062 -0.1268793 0.3979766
v -0.2005875 -0.1248198 0.3994628
v -0.2012004 -0.1200374 0.4018086
v -0.2014931 -0.1175959 0.4025291
v -0.2020853 -0.1122968 0.4031563
v -0.2003433 -0.1005473 0.405
v -0.2019416 -0.1006874 0.4045981
v -0.2030355 -0.1007832 0.4035
v -0.2013536 -0.08909463 0.405
v -0.202479 -0.08917456 0.4046977
v -0.2028498 -0.08920091 0.4045981
v -0.2033975 -0.08923983 0.404049
v -0.2039451 -0.08927869 0.4035
v -0.2040445 -0.08928579 0.4031282
v -0.2027539 -0.08457368 0.4013544
v -0.2037131 -0.08525848 0.4011725
v -0.203653 -0.08569037 0.4022111
v -0.201637 -0.08494836 0.402786
v -0.2026599 -0.08508032 0.4025482
v -0.2026177 -0.0861659 0.4037516
v -0.2015601 -0.08610433 0.4040041
v -0.2025619 -0.08758711 0.4045208
v -0.2014583 -0.08759832 0.4047701
v -0.2043071 -0.08622449 0.4009005
v -0.2042896 -0.08657956 0.4016852
v -0.2016416 -0.08487719 0.4026341
v -0.201679 -0.08430451 0.4014119
v -0.2026772 -0.08455443 0.4013586
v -0.2042448 -0.08729958 0.4024795
v -0.2036051 -0.08663576 0.4032515
v -0.2041855 -0.08824074 0.4029854
v -0.2035415 -0.08786994 0.4039118
v -0.204393 -0.0886414 0.4018868
v -0.2043206 -0.08624631 0.4008944
v -0.2017907 -0.0825566 0.3956729
v -0.2044427 -0.08440542 0.3948733
v -0.2038345 -0.08342593 0.3951704
v -0.2028762 -0.08274674 0.3953651
v -0.2048242 -0.0782085 0.3773787
v -0.2042136 -0.07725918 0.3777382
v -0.2032579 -0.07660067 0.3779754
v -0.2036294 -0.06966346 0.3620862
v -0.2045547 -0.07024973 0.3618242
v -0.2051946 -0.07117348 0.361391
v -0.2051987 -0.07119661 0.3613799
v -0.2048864 -0.07402825 0.3565
v -0.2049859 -0.07403349 0.3568717
v -0.20511 -0.07298696 0.357019
v -0.2037899 -0.07397007 0.3554019
v -0.2043381 -0.07399916 0.355951
v -0.204464 -0.07262784 0.3560949
v -0.2051539 -0.07205224 0.3575255
v -0.205187 -0.07133799 0.3583159
v -0.2052059 -0.07092791 0.3593008
v -0.2052085 -0.07087069 0.3603673
v -0.2045111 -0.07140272 0.3567566
v -0.2045466 -0.07046568 0.3577916
v -0.2045668 -0.06992727 0.3590829
v -0.2045696 -0.06985223 0.3604818
v -0.2034857 -0.07236182 0.3554848
v -0.203527 -0.07094925 0.3562543
v -0.2035582 -0.06987106 0.3574519
v -0.2035759 -0.06925243 0.3589424
v -0.2035784 -0.06916624 0.3605555
v -0.204339 -0.08342462 0.3565
v -0.2032431 -0.08335483 0.3554019
v -0.2034186 -0.07395035 0.3553023
v -0.2010685 -0.09296512 0.355
v -0.2016913 -0.083256 0.355
v -0.202292 -0.07389056 0.355
v -0.07464736 0.1591354 0.3996237
v -0.07500249 0.1708354 0.4001278
v -0.075051 0.170756 0.4001598
v 0.1058073 -0.06570917 0.8220551
v 0.1048484 -0.06275898 0.8241052
v 0.1038586 -0.06341361 0.8222455
v 0.1053894 -0.06598353 0.82138
v 0.1033755 -0.06373101 0.821613
v 0.1044499 -0.06659233 0.8203117
v -0.2039027 0.08927571 0.4034714
v -0.204115 0.08929079 0.4031557
v -0.204153 0.08870065 0.4031095
v -0.2025387 0.08758246 0.4045295
v -0.2013964 0.0875892 0.404768
v -0.2025112 0.08828169 0.4047084
v -0.2013867 0.08816796 0.4048928
v -0.2013812 0.08850073 0.4049646
v -0.2014005 0.08744019 0.4047083
v -0.2014154 0.08689332 0.4044893
v -0.2025707 0.08676195 0.4041628
v -0.2014237 0.08659809 0.4043086
v -0.2014372 0.08611875 0.4040151
v -0.2025942 0.08615869 0.4037586
v -0.2026194 0.08550608 0.4031374
v -0.2014534 0.08553159 0.4035078
v -0.2014412 0.08597183 0.4038924
v -0.2014378 0.08609688 0.4040017
v -0.2026362 0.08507126 0.4025528
v -0.2014678 0.08500301 0.4028596
v -0.2014594 0.08531057 0.4032368
v -0.2014718 0.08485525 0.4026375
v -0.2014774 0.08464318 0.4022769
v -0.2026517 0.08466428 0.4017492
v -0.201483 0.08445298 0.4017999
v -0.2026568 0.08453172 0.4013648
v -0.2014874 0.08429759 0.4014101
v -0.2036592 0.08532416 0.4015201
v -0.203665 0.08520835 0.4011862
v -0.2026591 0.08453327 0.4013644
v -0.2043088 0.08621418 0.4009035
v -0.2028205 0.08919882 0.4045535
v -0.2024758 0.08917433 0.4047811
v -0.2013536 0.08909463 0.405
v -0.2036412 0.08567959 0.4022174
v -0.2036222 0.08605891 0.4027238
v -0.2035933 0.0866276 0.4032606
v -0.2035664 0.08715248 0.4036087
v -0.2035297 0.08786523 0.4039228
v -0.2034983 0.08847153 0.4040744
v -0.2034578 0.08924412 0.404133
v -0.2043033 0.08630228 0.4011579
v -0.2042866 0.0865727 0.4016894
v -0.2042688 0.08686137 0.4020757
v -0.2042418 0.08729445 0.4024857
v -0.2042167 0.0876944 0.4027519
v -0.2041824 0.08823794 0.4029927
v -0.2043089 0.08621507 0.4009033
v -0.2044767 0.0874353 0.4007232
v -0.2044652 0.08760243 0.4010565
v -0.2044529 0.08778131 0.4012999
v -0.2044342 0.08805066 0.4015599
v -0.2044169 0.0883004 0.4017304
v -0.204393 0.0886414 0.4018868
v -0.2043725 0.08893316 0.401965
v -0.204346 0.08930718 0.402
v -0.2015237 0.0837571 0.3996238
v -0.2026956 0.08400076 0.3995745
v -0.2017294 0.08068162 0.3899532
v -0.202836 0.08187687 0.3927959
v -0.2018108 0.07940822 0.3863097
v -0.2029775 0.0796492 0.3862501
v -0.2018416 0.07892739 0.384934
v -0.2016984 0.08114647 0.3913847
v -0.2016665 0.08162349 0.3928537
v -0.2015831 0.08287131 0.3966962
v -0.2019202 0.07763719 0.381497
v -0.2031196 0.0773108 0.3799155
v -0.2019548 0.07706832 0.3799818
v -0.2021493 0.0737338 0.3717596
v -0.2021093 0.07445222 0.3734151
v -0.2032622 0.07485598 0.3737736
v -0.2020992 0.07462483 0.3738422
v -0.2019844 0.07658177 0.3786857
v -0.2022426 0.07205855 0.3678993
v -0.2034042 0.07228612 0.3678254
v -0.2022494 0.0719372 0.3676197
v -0.2035419 0.06961423 0.362108
v -0.2023857 0.06939393 0.3621864
v -0.2044804 0.08738094 0.400564
v -0.2045171 0.08684217 0.3987579
v -0.2043451 0.08567893 0.3991039
v -0.2037021 0.08467596 0.3993921
v -0.2044852 0.08353859 0.3922883
v -0.2046397 0.08499896 0.3928959
v -0.2046602 0.08469074 0.3919158
v -0.2048043 0.08243268 0.3853039
v -0.2046265 0.08129268 0.3857041
v -0.2049492 0.08006107 0.3789009
v -0.2047683 0.07893443 0.3793295
v -0.2050943 0.07757008 0.372689
v -0.2049105 0.07645809 0.3731468
v -0.2052389 0.07496088 0.3666687
v -0.2050521 0.07386475 0.3671565
v -0.2053818 0.07224524 0.3608745
v -0.205192 0.07116711 0.3613941
v -0.2038416 0.08254557 0.3925989
v -0.2039819 0.08031058 0.3860379
v -0.204123 0.0779643 0.3796874
v -0.2042644 0.0755009 0.3735293
v -0.2044053 0.07292169 0.3675643
v -0.2051915 0.07116645 0.3613944
v -0.2045443 0.07023978 0.3618288
v -0.2035444 0.0696147 0.3621078
v -0.1975216 0.06924122 0.3622608
v -0.1974384 0.07092791 0.3658176
v -0.1973125 0.07337027 0.3712961
v -0.1973007 0.07358825 0.3718217
v -0.1970573 0.07798653 0.3828521
v -0.1969258 0.08021032 0.3890919
v -0.1970854 0.07748669 0.381554
v -0.1971864 0.07570427 0.3769249
v -0.1966794 0.08413654 0.4014576
v -0.1968116 0.08206701 0.3947047
v -0.196878 0.08098644 0.3914381
v -0.1966565 0.0844866 0.4023405
v -0.1966295 0.08489769 0.4030172
v -0.1966318 0.08486241 0.4029591
v -0.196588 0.08552002 0.4037348
v -0.1964908 0.08695542 0.4047087
v -0.196547 0.08613061 0.4042368
v -0.1965544 0.08602178 0.4041473
v -0.1963739 0.0886293 0.4051536
v -0.1964393 0.08769905 0.4049812
v -0.1964533 0.08749657 0.404907
v -0.1963407 0.08909505 0.405175
v -0.2009046 0.09507787 0.405
v -0.1959082 0.09482932 0.4051752
v -0.2005618 0.09917169 0.405
v -0.195428 0.1005571 0.4051753
v -0.2004458 0.1005564 0.405
v -0.2004039 0.101057 0.405
v -0.1954278 0.1005594 0.4051753
v -0.1952686 0.1023334 0.4051753
v -0.1996396 0.1089538 0.405
v -0.1943038 0.1120007 0.4051756
v -0.1994581 0.1108292 0.405
v -0.1993331 0.112 0.405
v -0.1991398 0.1140884 0.4049126
v -0.1991386 0.1141005 0.4049111
v -0.1942309 0.1126649 0.4051672
v -0.194028 0.1144703 0.4050457
v -0.1934892 0.1190018 0.4041866
v -0.198603 0.1192303 0.40391
v -0.1987141 0.1181992 0.40421
v -0.1937358 0.1169772 0.4046816
v -0.1937448 0.1168998 0.4046936
v -0.1987387 0.1179705 0.4042766
v -0.1988539 0.1168617 0.4045059
v -0.1939967 0.1147476 0.405027
v -0.1989278 0.1161502 0.4046531
v -0.1991025 0.1144514 0.4048669
v -0.1932384 0.120984 0.4035238
v -0.1983523 0.1215497 0.4030894
v -0.1984854 0.1203209 0.4035615
v -0.1934533 0.1192855 0.4040917
v -0.1985216 0.1199867 0.4036899
v -0.1928588 0.1238394 0.4022001
v -0.1981112 0.1237629 0.4020578
v -0.1929842 0.1229199 0.4026919
v -0.1982741 0.1222696 0.4027793
v -0.1931553 0.121617 0.4032518
v -0.1983111 0.1219314 0.4029427
v -0.1924754 0.1265888 0.4005296
v -0.1922774 0.1279438 0.399481
v -0.1976354 0.1276915 0.3994458
v -0.1976702 0.1274093 0.3996863
v -0.1978518 0.1259047 0.4007654
v -0.1925657 0.1259489 0.4009451
v -0.1978582 0.1258527 0.4008027
v -0.1927222 0.1248416 0.401664
v -0.197876 0.1257048 0.4009088
v -0.198067 0.1241306 0.4018437
v -0.1981069 0.1238023 0.4020387
v -0.1920008 0.1297872 0.3978336
v -0.1974409 0.1292641 0.3980638
v -0.1922339 0.1282418 0.3992503
v -0.1974745 0.1289932 0.3983366
v -0.1976191 0.1278222 0.3993344
v -0.1917781 0.1312202 0.3962823
v -0.1971864 0.1312775 0.3958796
v -0.1972604 0.1307035 0.3965669
v -0.1919996 0.1297951 0.3978263
v -0.1972926 0.1304544 0.3968651
v -0.1973941 0.1296392 0.3976861
v -0.1915739 0.1324983 0.3946426
v -0.1969885 0.1327448 0.39392
v -0.1970897 0.1320158 0.3949648
v -0.191744 0.1314337 0.3960083
v -0.1971078 0.1318857 0.3951511
v -0.1912959 0.1341829 0.3918952
v -0.1968136 0.1340255 0.3918113
v -0.1913868 0.1336404 0.3928971
v -0.1969149 0.1332795 0.3930966
v -0.1915078 0.132902 0.3940255
v -0.1969417 0.133082 0.3934367
v -0.191116 0.1352453 0.3896689
v -0.1966775 0.135011 0.389772
v -0.1912192 0.1346411 0.3910489
v -0.1967762 0.1342974 0.391276
v -0.1968003 0.1341238 0.391642
v -0.191075 0.1354851 0.3891214
v -0.1965677 0.135794 0.3876711
v -0.1966575 0.1351526 0.389392
v -0.1966685 0.1350753 0.3895993
v -0.1908692 0.1366648 0.3851447
v -0.1964787 0.1364231 0.385278
v -0.196488 0.1363511 0.3856587
v -0.1909584 0.1361563 0.3871598
v -0.1965527 0.1358982 0.3872945
v -0.19097 0.1360903 0.3873523
v -0.196559 0.1358547 0.3874515
v -0.1908082 0.1370075 0.3830785
v -0.1964326 0.1367776 0.3832246
v -0.1964384 0.136736 0.383623
v -0.1908631 0.1366987 0.38494
v -0.1964695 0.1364946 0.3848993
v -0.1907774 0.1371809 0.3808797
v -0.1964064 0.1369584 0.3811655
v -0.1964088 0.1369506 0.3815706
v -0.1908 0.1370543 0.3824851
v -0.1964216 0.1368571 0.3824651
v -0.196416 0.1368539 0.3773019
v -0.1964135 0.1368713 0.3775631
v -0.1907997 0.1370559 0.3775452
v -0.1963991 0.1369736 0.3791042
v -0.1907796 0.1371682 0.3788132
v -0.1963965 0.1369925 0.3793879
v -0.1907783 0.1371757 0.3800207
v -0.1964 0.1369804 0.3800201
v -0.1964238 0.1367997 0.3769419
v -0.1908123 0.1369853 0.3767485
v -0.1964606 0.1365451 0.375253
v -0.1909682 0.1361009 0.3726843
v -0.1965364 0.1360689 0.3732413
v -0.1908842 0.1365795 0.3744625
v -0.1964744 0.1364579 0.3748841
v -0.1909787 0.1360409 0.3724614
v -0.1966243 0.1354107 0.3712286
v -0.1965581 0.1359063 0.3727438
v -0.1965522 0.13595 0.3728775
v -0.1966419 0.1352816 0.3709231
v -0.1910999 0.1353405 0.3705153
v -0.1966696 0.1350768 0.3704385
v -0.191112 0.1352694 0.3703591
v -0.1967339 0.1346046 0.3693217
v -0.1967566 0.1344405 0.3690101
v -0.1912463 0.1344801 0.3686276
v -0.1968147 0.1340182 0.3682088
v -0.1912942 0.1341935 0.3681159
v -0.1968742 0.1335861 0.3673889
v -0.1968933 0.1334449 0.3671688
v -0.1915056 0.1329141 0.3660033
v -0.1969859 0.1327618 0.366104
v -0.1970481 0.132305 0.3654317
v -0.1917411 0.1314501 0.3640263
v -0.1971847 0.1313135 0.3641373
v -0.1931542 0.1216251 0.3567528
v -0.1984322 0.1208525 0.3566331
v -0.1983519 0.1215545 0.3569211
v -0.1935856 0.1182194 0.3556008
v -0.1986852 0.118541 0.3558709
v -0.1986488 0.1188758 0.3559767
v -0.1934496 0.1193085 0.3559305
v -0.1986074 0.119257 0.3560972
v -0.1933149 0.1203874 0.3562572
v -0.1984703 0.1205187 0.3564961
v -0.1937404 0.1169293 0.3553292
v -0.1988506 0.1168942 0.3555009
v -0.1940263 0.1144835 0.3549588
v -0.1990941 0.1144664 0.3551269
v -0.1990731 0.1146755 0.3551554
v -0.1938303 0.116181 0.3551716
v -0.1988995 0.1164066 0.3553915
v -0.1988545 0.1168549 0.3554921
v -0.1943038 0.1120005 0.3548244
v -0.1993083 0.112262 0.3550013
v -0.1992757 0.1125971 0.3550189
v -0.1940698 0.1141068 0.3549116
v -0.1991066 0.1143411 0.3551099
v -0.1960334 0.09296411 0.3548249
v -0.2009829 0.09407609 0.355
v -0.1956598 0.0978679 0.3548248
v -0.2004913 0.100056 0.355
v -0.1955192 0.09951454 0.3548247
v -0.2003462 0.1015521 0.355
v -0.1945993 0.1092168 0.3548245
v -0.1993331 0.112 0.355
v -0.1972849 0.07389086 0.3548251
v -0.202292 0.07389056 0.355
v -0.2020151 0.07861024 0.355
v -0.196487 0.08701151 0.354825
v -0.2016996 0.08398818 0.355
v -0.2012423 0.09042632 0.355
v -0.2010619 0.0929647 0.355
v -0.2023101 0.07313877 0.3550705
v -0.1974189 0.07131308 0.355516
v -0.2023547 0.07089638 0.3559956
v -0.2023423 0.0714963 0.3556138
v -0.1973748 0.07217633 0.3551194
v -0.2023413 0.07154482 0.3555861
v -0.2023261 0.07223534 0.3552956
v -0.1975403 0.06885492 0.3610681
v -0.2023954 0.06901836 0.3610342
v -0.2023954 0.0689364 0.3605745
v -0.1975466 0.06872445 0.3598177
v -0.2023956 0.06890767 0.3604131
v -0.2023957 0.06890273 0.3597636
v -0.1975408 0.06884485 0.3588758
v -0.2023957 0.06890505 0.3596438
v -0.2023925 0.06902515 0.358904
v -0.1975355 0.06895548 0.3615397
v -0.2023953 0.06907182 0.3613342
v -0.2023953 0.06906789 0.361312
v -0.2037606 0.07396852 0.3554464
v -0.2034158 0.07395023 0.3552191
v -0.2034372 0.07322889 0.3552669
v -0.203555 0.0691564 0.3605566
v -0.2035511 0.06929463 0.3612663
v -0.2035526 0.06924277 0.3589405
v -0.2035556 0.06913626 0.3596559
v -0.2023918 0.06913083 0.3585095
v -0.2023918 0.06905162 0.3587412
v -0.2023919 0.06929373 0.358033
v -0.2035446 0.0695241 0.358085
v -0.2023916 0.06930339 0.3580152
v -0.2035349 0.06986242 0.3574472
v -0.2023817 0.06966096 0.3573574
v -0.2035192 0.07041221 0.3567352
v -0.2023796 0.06973981 0.3572123
v -0.2035039 0.07094246 0.3562474
v -0.2023653 0.07047468 0.3563772
v -0.2023721 0.07020467 0.3566215
v -0.2034628 0.07235765 0.3554762
v -0.203482 0.07169651 0.3557595
v -0.2023183 0.07268744 0.3551558
v -0.2023227 0.07239085 0.3552302
v -0.2023144 0.0729615 0.3550871
v -0.2048439 0.07402598 0.3565286
v -0.2043988 0.07400238 0.3558672
v -0.2044231 0.07337832 0.3559059
v -0.2050566 0.07403725 0.3568444
v -0.2050794 0.07356059 0.3568749
v -0.2052878 0.07404953 0.358
v -0.2044525 0.07262337 0.356084
v -0.2044745 0.07204985 0.3563271
v -0.2044995 0.07139486 0.3567476
v -0.204517 0.07093375 0.357169
v -0.204535 0.07045525 0.3577854
v -0.204546 0.07016056 0.3583383
v -0.2045552 0.06991535 0.3590804
v -0.2045586 0.06982254 0.3597013
v -0.204558 0.06984007 0.3604831
v -0.2045534 0.06996059 0.361099
v -0.2051069 0.07298427 0.3570119
v -0.2051275 0.07254672 0.3571981
v -0.2051509 0.07204723 0.3575196
v -0.2051672 0.0716958 0.3578414
v -0.2051841 0.07133132 0.3583118
v -0.2051944 0.07110685 0.3587334
v -0.2052029 0.07092016 0.3592991
v -0.2052062 0.07084953 0.3597724
v -0.2052056 0.07086282 0.3603682
v -0.2052013 0.07095456 0.3608376
v -0.2053038 0.07374733 0.3580228
v -0.2053229 0.07338339 0.3581135
v -0.2053373 0.07310807 0.3582339
v -0.2053534 0.07279485 0.3584393
v -0.2053649 0.07257521 0.3586436
v -0.2053766 0.07234787 0.3589406
v -0.2053837 0.07220828 0.3592058
v -0.2053896 0.07209223 0.3595608
v -0.2053919 0.07204836 0.3598574
v -0.2053915 0.07205665 0.3602307
v -0.2053886 0.07211363 0.360525
v -0.2050244 0.07878547 0.358
v -0.2035269 0.07869827 0.3554019
v -0.2027537 0.09053635 0.3554019
v -0.2018533 0.1016867 0.3554019
v -0.2007952 0.1121577 0.3554466
v -0.2004497 0.1121204 0.3552181
v -0.2046231 0.07876211 0.3565
v -0.2046186 0.08499801 0.358
v -0.2038488 0.09061604 0.3565
v -0.2042497 0.09064525 0.358
v -0.2037907 0.09633058 0.358
v -0.202947 0.1017842 0.3565
v -0.2033474 0.1018199 0.358
v -0.2028673 0.1067066 0.358
v -0.2023158 0.1123217 0.358
v -0.2020853 0.1122968 0.3568437
v -0.201874 0.1122741 0.3565286
v -0.2014295 0.1122261 0.355866
v -0.2013695 0.112805 0.3558756
v -0.2020258 0.1128531 0.3568521
v -0.1993523 0.1223055 0.4025532
v -0.1979447 0.1331778 0.3929362
v -0.1974091 0.1368085 0.3791158
v -0.2001814 0.1147775 0.3553707
v -0.2003908 0.1127139 0.3552274
v -0.199954 0.1169406 0.355709
v -0.1997358 0.118943 0.3562009
v -0.1995151 0.1209021 0.3568592
v -0.1992923 0.1228138 0.3576851
v -0.1982501 0.1224452 0.3572866
v -0.1979979 0.1246672 0.3584638
v -0.1980394 0.1243148 0.3582435
v -0.1990677 0.1246789 0.3586859
v -0.1980996 0.1237801 0.3579698
v -0.198212 0.1227825 0.3574593
v -0.1978551 0.1258788 0.3592211
v -0.1988533 0.1264045 0.3598083
v -0.1978217 0.1261622 0.3593983
v -0.1986446 0.1280341 0.3610727
v -0.1976268 0.127824 0.3606454
v -0.1977921 0.1264148 0.3595878
v -0.1975957 0.128065 0.3608598
v -0.197426 0.1293804 0.3620299
v -0.1984434 0.1295637 0.3624786
v -0.1982552 0.1309555 0.3639906
v -0.1972474 0.1308259 0.3635505
v -0.1973916 0.1296579 0.3623219
v -0.1980808 0.1322144 0.3656083
v -0.1977801 0.13432 0.3691474
v -0.1979219 0.1333371 0.3673278
v -0.1976588 0.1351463 0.3710386
v -0.1975608 0.1358052 0.3729686
v -0.1974857 0.136304 0.3749504
v -0.1974348 0.1366397 0.3769817
v -0.197438 0.136619 0.3831821
v -0.1974108 0.1367976 0.3811499
v -0.1974908 0.1362703 0.385209
v -0.1975754 0.1357073 0.3873541
v -0.1976771 0.1350228 0.3892731
v -0.1978005 0.1341801 0.3911352
v -0.1982983 0.13064 0.3963749
v -0.1981208 0.1319289 0.3947835
v -0.1984892 0.1292192 0.3978591
v -0.1986923 0.1276668 0.3992317
v -0.1989167 0.1258995 0.4005415
v -0.1991325 0.1241472 0.4016205
v -0.1998097 0.1182722 0.4039835
v -0.1995751 0.120376 0.4033355
v -0.2000269 0.1162561 0.4044193
v -0.2002403 0.1142045 0.4046865
v -0.2004291 0.1121182 0.4047046
v -0.2022585 0.1128508 0.3580063
v -0.2020546 0.1146916 0.3581265
v -0.2018139 0.1147875 0.356985
v -0.2018839 0.1161805 0.3583523
v -0.2015839 0.1168156 0.3573002
v -0.2018332 0.1166229 0.3584194
v -0.2016209 0.1184124 0.3588492
v -0.2013632 0.1186933 0.3577589
v -0.2014062 0.1201649 0.3594269
v -0.2011396 0.1205309 0.3583732
v -0.2011895 0.1218767 0.360154
v -0.2009141 0.1223244 0.3591441
v -0.2009711 0.1235485 0.3610371
v -0.2006866 0.1240746 0.3600785
v -0.2008026 0.1247994 0.3618386
v -0.2004694 0.1256943 0.3611267
v -0.2007626 0.1250969 0.3620293
v -0.2005597 0.1265608 0.3631487
v -0.200258 0.1272243 0.3623077
v -0.2003639 0.1279361 0.3643952
v -0.2000539 0.1286606 0.3636212
v -0.2001809 0.129189 0.3657371
v -0.1998631 0.129968 0.3650338
v -0.2000113 0.1303232 0.3671747
v -0.1996864 0.1311507 0.3665457
v -0.1998568 0.1313357 0.3687039
v -0.1995252 0.1322057 0.3681527
v -0.1997188 0.1322227 0.3703235
v -0.1993812 0.1331295 0.3698535
v -0.199663 0.1325756 0.3711202
v -0.1992582 0.1339062 0.3716215
v -0.1996008 0.132969 0.3720082
v -0.1995054 0.1335645 0.3737283
v -0.1991587 0.1345257 0.3734258
v -0.1994323 0.1340155 0.3754953
v -0.1990825 0.1349948 0.3752785
v -0.1993828 0.1343191 0.3773072
v -0.1990309 0.1353104 0.3771778
v -0.1993578 0.1344718 0.3792111
v -0.1990048 0.1354691 0.3791732
v -0.1993594 0.1344619 0.3810259
v -0.1990064 0.1354589 0.3810752
v -0.1993859 0.1343004 0.3828389
v -0.199034 0.1352909 0.3829753
v -0.1994373 0.133985 0.3846468
v -0.1990877 0.134963 0.3848704
v -0.1995196 0.133476 0.3865594
v -0.1991736 0.1344336 0.3868759
v -0.1996185 0.1328575 0.3882696
v -0.1992768 0.1337901 0.38867
v -0.199663 0.1325756 0.3888837
v -0.1994019 0.132998 0.3904106
v -0.1997386 0.1320964 0.3899281
v -0.1998789 0.1311919 0.3915309
v -0.1995483 0.1320559 0.392094
v -0.2000501 0.1300659 0.3931736
v -0.1997268 0.1308825 0.3938205
v -0.2002228 0.1289048 0.3945873
v -0.1999068 0.1296715 0.3953076
v -0.2004085 0.1276262 0.3959044
v -0.2001004 0.1283371 0.3966944
v -0.2006059 0.1262307 0.3971208
v -0.2003062 0.1268793 0.3979766
v -0.2008028 0.1247995 0.3981662
v -0.2005337 0.1252202 0.3992
v -0.2008243 0.1246436 0.39828
v -0.2010341 0.1230718 0.3992334
v -0.2007523 0.1235757 0.4002075
v -0.2012478 0.1214214 0.400056
v -0.2009748 0.1218475 0.4010784
v -0.2014645 0.1196941 0.4007442
v -0.2012004 0.1200374 0.4018086
v -0.2016928 0.1178128 0.4013123
v -0.201438 0.1180642 0.4024131
v -0.2018843 0.1161805 0.4016565
v -0.2016577 0.1161738 0.4028193
v -0.2011563 0.1148176 0.3560173
v -0.2009245 0.116927 0.3563492
v -0.2007021 0.1188794 0.3568304
v -0.200477 0.1207892 0.3574734
v -0.2002498 0.1226525 0.3582797
v -0.2000207 0.1244701 0.3592559
v -0.1998019 0.1261514 0.3603502
v -0.199589 0.127739 0.3615824
v -0.1993834 0.1292288 0.3629521
v -0.1991913 0.1305842 0.3644245
v -0.1990133 0.1318101 0.3659996
v -0.198851 0.1329032 0.3676732
v -0.1987061 0.1338599 0.3694438
v -0.1985822 0.1346641 0.371284
v -0.198482 0.1353054 0.3731614
v -0.1984053 0.1357909 0.375089
v -0.1983534 0.1361175 0.3770646
v -0.1983271 0.1362817 0.37914
v -0.1983287 0.1362711 0.3811182
v -0.1983566 0.1360974 0.3830947
v -0.1984106 0.1357581 0.385066
v -0.1984969 0.13521 0.3871525
v -0.1986008 0.134544 0.3890193
v -0.1987269 0.1337237 0.390831
v -0.1988742 0.132748 0.3925837
v -0.199054 0.1315321 0.3943819
v -0.1992353 0.130277 0.3959313
v -0.1994302 0.1288933 0.3973768
v -0.1996375 0.1273812 0.3987141
v -0.1998667 0.1256594 0.3999907
v -0.2000868 0.123952 0.4010429
v -0.200311 0.1221572 0.401953
v -0.2005382 0.1202764 0.4027168
v -0.2007775 0.1182254 0.4033501
v -0.2009987 0.1162596 0.4037765
v -0.2018736 0.1142503 0.4030681
v -0.2012162 0.1142588 0.4040389
v -0.2019041 0.1160116 0.4016921
v -0.2021118 0.1141803 0.4019223
v -0.2023158 0.1123217 0.402
v -0.202013 0.112289 0.4031369
v -0.2019162 0.1122786 0.4035
v -0.2013577 0.1122183 0.4040617
v -0.2008244 0.1121608 0.4045981
v -0.2026371 0.1092596 0.402
v -0.2011448 0.1091073 0.4045981
v -0.2020617 0.09929978 0.4045981
v -0.2022372 0.1092187 0.4035
v -0.2028757 0.1067075 0.402
v -0.2031558 0.0993933 0.4035
v -0.2035562 0.09942752 0.402
v -0.2037979 0.09633123 0.402
v -0.2023158 0.1123217 0.38
v -0.2044137 0.08834493 0.401282
v -0.2053351 0.07314777 0.3594373
v -0.2017537 0.117299 0.3802528
v -0.2007828 0.1249483 0.3800979
v -0.1996409 0.1327168 0.3796948
v -0.07819432 -0.1678779 0.4224225
v -0.07963311 -0.1678773 0.4235162
v -0.07970219 -0.1679098 0.4234143
v -0.07261967 -0.1680052 0.4114826
v -0.07252311 -0.1680062 0.4097012
v -0.07243192 -0.1679174 0.4097011
v -0.0725587 -0.1681284 0.4097012
v -0.07265508 -0.1681274 0.4114788
v -0.07252901 -0.1679164 0.4114924
v -0.07230883 -0.167885 0.4097011
v -0.08123934 -0.1679093 0.4243392
v -0.07268464 -0.1729373 0.4097039
v -0.07278031 -0.1729363 0.4114679
v -0.07290887 -0.1729359 0.4122523
v -0.07278472 -0.168127 0.4122694
v -0.07306611 -0.1729354 0.4132112
v -0.07294309 -0.1681265 0.4132356
v -0.07349145 -0.1729345 0.4147433
v -0.07337176 -0.1681256 0.4147796
v -0.07353872 -0.1729344 0.4149134
v -0.07341939 -0.1681255 0.414951
v -0.07419258 -0.1729335 0.4165545
v -0.07407832 -0.1681246 0.4166047
v -0.07448214 -0.1729332 0.4171007
v -0.07437008 -0.1681243 0.4171552
v -0.07502007 -0.1729326 0.4181153
v -0.07491219 -0.1681237 0.4181776
v -0.07581329 -0.172932 0.4192852
v -0.07571148 -0.1681231 0.4193565
v -0.07601147 -0.1729319 0.4195775
v -0.07591122 -0.1681229 0.419651
v -0.07715511 -0.1729311 0.420924
v -0.07706367 -0.1681221 0.4210079
v -0.07747566 -0.1729308 0.4212275
v -0.07738667 -0.1681219 0.4213138
v -0.07843768 -0.1729304 0.4221388
v -0.07835614 -0.1681215 0.4222322
v -0.07942223 -0.17293 0.4228873
v -0.07934832 -0.168121 0.4229863
v -0.07984405 -0.1729298 0.4232079
v -0.07977336 -0.1681209 0.4233095
v -0.08135771 -0.1729294 0.4241187
v -0.08129876 -0.1681204 0.4242272
v -0.0815981 -0.1729293 0.4242299
v -0.08154094 -0.1681203 0.4243394
v -0.08296108 -0.1729289 0.4248604
v -0.08291447 -0.16812 0.4249747
v -0.08396559 -0.1729288 0.4251989
v -0.08392673 -0.1681198 0.4253159
v -0.08463519 -0.1729286 0.4254245
v -0.08460146 -0.1681196 0.4255432
v -0.08636045 -0.1729284 0.4258043
v -0.08634006 -0.1681194 0.4259259
v -0.08644819 -0.1729284 0.4258138
v -0.08642852 -0.1681194 0.4259355
v -0.0881167 -0.1729283 0.4259953
v -0.08810985 -0.1681193 0.4261184
v -0.08899998 -0.1729283 0.4259953
v -0.08899998 -0.1681193 0.4261184
v -0.08988326 -0.1729283 0.4259953
v -0.08989012 -0.1681193 0.4261184
v -0.09155178 -0.1729284 0.4258138
v -0.09157145 -0.1681194 0.4259355
v -0.09163951 -0.1729284 0.4258043
v -0.0916599 -0.1681194 0.4259259
v -0.09336477 -0.1729286 0.4254245
v -0.09339851 -0.1681196 0.4255432
v -0.09403437 -0.1729288 0.4251989
v -0.09407323 -0.1681198 0.4253159
v -0.09503889 -0.1729289 0.4248604
v -0.0950855 -0.16812 0.4249747
v -0.09640187 -0.1729293 0.4242299
v -0.09645897 -0.1681203 0.4243394
v -0.09664219 -0.1729294 0.4241187
v -0.0967012 -0.1681204 0.4242272
v -0.09815591 -0.1729298 0.4232079
v -0.0982266 -0.1681209 0.4233095
v -0.09857773 -0.17293 0.4228873
v -0.09865164 -0.168121 0.4229863
v -0.09956228 -0.1729304 0.4221388
v -0.09964382 -0.1681215 0.4222322
v -0.1005243 -0.1729308 0.4212275
v -0.1006132 -0.1681219 0.4213138
v -0.1008448 -0.1729311 0.420924
v -0.1009362 -0.1681221 0.4210079
v -0.1019885 -0.1729319 0.4195775
v -0.1020888 -0.1681229 0.419651
v -0.1021867 -0.172932 0.4192852
v -0.1022884 -0.1681231 0.4193565
v -0.1029798 -0.1729326 0.4181153
v -0.1030878 -0.1681237 0.4181776
v -0.1035178 -0.1729332 0.4171007
v -0.1036298 -0.1681243 0.4171552
v -0.1038073 -0.1729335 0.4165545
v -0.1039217 -0.1681246 0.4166047
v -0.1044613 -0.1729344 0.4149134
v -0.1045806 -0.1681255 0.414951
v -0.1045085 -0.1729345 0.4147433
v -0.1046282 -0.1681256 0.4147796
v -0.1049339 -0.1729354 0.4132112
v -0.1050568 -0.1681265 0.4132356
v -0.105091 -0.1729359 0.4122523
v -0.1052153 -0.168127 0.4122694
v -0.1052197 -0.1729363 0.4114679
v -0.1053448 -0.1681274 0.4114788
v -0.1053153 -0.1729373 0.4097039
v -0.1054412 -0.1681284 0.4097012
v -0.0725587 -0.1681327 0.4018473
v -0.07268464 -0.1729416 0.4018499
v -0.1046117 -0.1740474 0.4013308
v -0.1050282 -0.1734941 0.401295
v -0.104803 -0.1735219 0.4010491
v -0.1038452 -0.1748086 0.4025632
v -0.1041042 -0.1747058 0.4022828
v -0.1040152 -0.1746098 0.401826
v -0.1036579 -0.1745542 0.4016571
v -0.1035882 -0.1747059 0.4020037
v -0.1036722 -0.1748233 0.4024659
v -0.1035158 -0.1742364 0.4012463
v -0.1037797 -0.1741903 0.4011327
v -0.1035301 -0.1738945 0.4009571
v -0.103805 -0.1739903 0.400979
v -0.104086 -0.1740476 0.4010525
v -0.1038772 -0.1734945 0.400688
v -0.1045231 -0.1735314 0.4008579
v -0.1043593 -0.1740666 0.4011719
v -0.1041978 -0.1744226 0.4014803
v -0.1037469 -0.1743402 0.4012975
v -0.09521961 -0.1748816 0.4155803
v -0.09045016 -0.1748831 0.4130452
v -0.09045016 -0.1748824 0.4143775
v -0.08599305 -0.1748827 0.4138706
v -0.08495008 -0.174883 0.4133046
v -0.08415305 -0.1748822 0.4147214
v -0.08415305 -0.1748822 0.4147214
v -0.08495008 -0.174883 0.4133046
v -0.08353519 -0.1748828 0.4135532
v -0.08353519 -0.1748828 0.4135532
v -0.08495008 -0.174883 0.4133046
v -0.08412241 -0.1748834 0.4125885
v -0.08353519 -0.1748828 0.4135532
v -0.08412241 -0.1748834 0.4125885
v -0.08305943 -0.1748837 0.4119476
v -0.08305943 -0.1748837 0.4119476
v -0.08412241 -0.1748834 0.4125885
v -0.0834093 -0.1748839 0.4116003
v -0.08305943 -0.1748837 0.4119476
v -0.0834093 -0.1748839 0.4116003
v -0.08291894 -0.1748846 0.4104169
v -0.08415305 -0.1748822 0.4147214
v -0.08488953 -0.1748816 0.4155687
v -0.08599305 -0.1748827 0.4138706
v -0.08599305 -0.1748827 0.4138706
v -0.08488953 -0.1748816 0.4155687
v -0.08579009 -0.1748813 0.4162048
v -0.08599305 -0.1748827 0.4138706
v -0.08579009 -0.1748813 0.4162048
v -0.08721691 -0.1748824 0.4142489
v -0.08721691 -0.1748824 0.4142489
v -0.08579009 -0.1748813 0.4162048
v -0.08681106 -0.1748811 0.4166357
v -0.08721691 -0.1748824 0.4142489
v -0.08681106 -0.1748811 0.4166357
v -0.08865255 -0.1748823 0.414433
v -0.08865255 -0.1748823 0.414433
v -0.08681106 -0.1748811 0.4166357
v -0.08832353 -0.1748809 0.4169763
v -0.08865255 -0.1748823 0.414433
v -0.08832353 -0.1748809 0.4169763
v -0.09045016 -0.1748824 0.4143775
v -0.09045016 -0.1748824 0.4143775
v -0.08832353 -0.1748809 0.4169763
v -0.09045016 -0.1748808 0.4172131
v -0.09045016 -0.1748824 0.4143775
v -0.09045016 -0.1748808 0.4172131
v -0.09521961 -0.1748816 0.4155803
v -0.09521961 -0.1748816 0.4155803
v -0.09045016 -0.1748808 0.4172131
v -0.09045016 -0.1748802 0.4183734
v -0.08278036 -0.1748849 0.4098657
v -0.08224356 -0.1748868 0.406336
v -0.08006525 -0.1748872 0.4056787
v -0.08446925 -0.1748865 0.4068087
v -0.08899998 -0.1748864 0.407189
v -0.08672666 -0.1748864 0.4070937
v -0.09045016 -0.1748831 0.4130452
v -0.08865255 -0.1748823 0.414433
v -0.09045016 -0.1748831 0.4130452
v -0.08865255 -0.1748823 0.414433
v -0.09045016 -0.1748824 0.4143775
v -0.09521961 -0.1748816 0.4155803
v -0.1019929 -0.1748816 0.4157161
v -0.09793472 -0.1748872 0.4056787
v -0.09045016 -0.1748802 0.4183734
v -0.08668392 -0.1748771 0.4238324
v -0.08822494 -0.1748771 0.424
v -0.09826797 -0.1748788 0.4206161
v -0.09939336 -0.1748795 0.4195501
v -0.08495008 -0.174883 0.4133046
v -0.08599305 -0.1748827 0.4138706
v -0.08721691 -0.1748824 0.4142489
v -0.1000505 -0.1748875 0.4048416
v -0.103316 -0.1748849 0.409705
v -0.1020888 -0.1748882 0.4038304
v -0.103316 -0.1748886 0.4031139
v -0.08977502 -0.1748771 0.424
v -0.09131604 -0.1748771 0.4238324
v -0.09282994 -0.1748773 0.4234992
v -0.09429889 -0.1748776 0.4230042
v -0.09570574 -0.174878 0.4223533
v -0.09703391 -0.1748784 0.4215542
v -0.1003969 -0.1748802 0.4183686
v -0.1012668 -0.1748809 0.4170857
v -0.08579009 -0.1748813 0.4162048
v -0.08488953 -0.1748816 0.4155687
v -0.08096599 -0.1748784 0.4215542
v -0.08415305 -0.1748822 0.4147214
v -0.0786066 -0.1748795 0.4195501
v -0.079732 -0.1748788 0.4206161
v -0.1025665 -0.1748824 0.4142761
v -0.1029813 -0.1748833 0.4127825
v -0.1032321 -0.1748841 0.4112528
v -0.09575635 -0.1748868 0.406336
v -0.09353071 -0.1748865 0.4068087
v -0.0912733 -0.1748864 0.4070937
v -0.08229422 -0.174878 0.4223533
v -0.08370107 -0.1748776 0.4230042
v -0.08681106 -0.1748811 0.4166357
v -0.08517003 -0.1748773 0.4234992
v -0.08832353 -0.1748809 0.4169763
v -0.09045016 -0.1748808 0.4172131
v -0.07501864 -0.1748833 0.4127825
v -0.07543337 -0.1748824 0.4142761
v -0.08305943 -0.1748837 0.4119476
v -0.07600712 -0.1748816 0.4157161
v -0.08353519 -0.1748828 0.4135532
v -0.07673323 -0.1748809 0.4170857
v -0.0776031 -0.1748802 0.4183686
v -0.08291894 -0.1748846 0.4104169
v -0.0834093 -0.1748839 0.4116003
v -0.08412241 -0.1748834 0.4125885
v -0.07476788 -0.1748841 0.4112528
v -0.07794952 -0.1748875 0.4048416
v -0.07468396 -0.1748849 0.409705
v -0.07591122 -0.1748882 0.4038304
v -0.07468396 -0.1748886 0.4031139
v -0.09727758 -0.1729406 0.4037894
v -0.09925925 -0.1733487 0.4030624
v -0.09923768 -0.172941 0.4030138
v -0.1011516 -0.1733492 0.4021237
v -0.1011261 -0.1729415 0.4020771
v -0.1029589 -0.1733499 0.40103
v -0.1029295 -0.1729421 0.4009857
v -0.1033007 -0.1743538 0.4015574
v -0.1014168 -0.1743215 0.402607
v -0.1033096 -0.1745606 0.401815
v -0.1033183 -0.174829 0.4025393
v -0.1033154 -0.1747376 0.4022926
v -0.1016363 -0.1746541 0.4030067
v -0.1033177 -0.174845 0.4026934
v -0.1018918 -0.1748461 0.403472
v -0.07468307 -0.1747619 0.4022836
v -0.07468199 -0.1748408 0.4026315
v -0.07610815 -0.1748461 0.403472
v -0.09988421 -0.1748456 0.4044679
v -0.09780025 -0.174845 0.4052924
v -0.09565472 -0.1748448 0.4059398
v -0.09346252 -0.1748445 0.4064055
v -0.09123909 -0.1748443 0.4066861
v -0.08899998 -0.1748443 0.40678
v -0.08676087 -0.1748443 0.4066861
v -0.08453738 -0.1748445 0.4064055
v -0.08234524 -0.1748448 0.4059398
v -0.08019965 -0.174845 0.4052924
v -0.07811576 -0.1748456 0.4044679
v -0.07468169 -0.174861 0.4027203
v -0.07658314 -0.1743215 0.402607
v -0.07469797 -0.1743838 0.4015476
v -0.07468962 -0.1745842 0.4018586
v -0.1033179 -0.1748385 0.4026309
v -0.09966844 -0.1746536 0.4039829
v -0.09762585 -0.1746531 0.4047911
v -0.09552282 -0.1746528 0.4054256
v -0.09337407 -0.1746525 0.405882
v -0.09119474 -0.1746523 0.4061572
v -0.08899998 -0.1746523 0.4062491
v -0.08680522 -0.1746523 0.4061572
v -0.08462584 -0.1746525 0.405882
v -0.08247715 -0.1746528 0.4054256
v -0.08037412 -0.1746531 0.4047911
v -0.07833153 -0.1746536 0.4039829
v -0.07636368 -0.1746541 0.4030067
v -0.103312 -0.174634 0.4020131
v -0.09948313 -0.1743209 0.4035662
v -0.097476 -0.1743205 0.4043603
v -0.09540951 -0.1743202 0.4049838
v -0.09329813 -0.1743199 0.4054324
v -0.0911566 -0.1743198 0.4057027
v -0.08899998 -0.1743197 0.4057931
v -0.08684337 -0.1743198 0.4057027
v -0.08470183 -0.1743199 0.4054324
v -0.08259046 -0.1743202 0.4049838
v -0.08052396 -0.1743205 0.4043603
v -0.07851684 -0.1743209 0.4035662
v -0.07468909 -0.1745986 0.4018931
v -0.1032635 -0.1743221 0.4014894
v -0.1030728 -0.1738752 0.401202
v -0.1012508 -0.1738746 0.4023046
v -0.099343 -0.1738741 0.403251
v -0.09736269 -0.1738737 0.4040345
v -0.09532386 -0.1738733 0.4046497
v -0.09324067 -0.1738731 0.4050922
v -0.09112775 -0.173873 0.405359
v -0.08899998 -0.1738729 0.4054481
v -0.08687216 -0.173873 0.405359
v -0.08475929 -0.1738731 0.4050922
v -0.08267611 -0.1738733 0.4046497
v -0.08063721 -0.1738737 0.4040345
v -0.07865697 -0.1738741 0.403251
v -0.07674914 -0.1738746 0.4023046
v -0.07473647 -0.1743221 0.4014894
v -0.07492715 -0.1738752 0.401202
v -0.09729498 -0.1733483 0.4038396
v -0.0952726 -0.173348 0.4044498
v -0.09320634 -0.1733477 0.4048888
v -0.09111052 -0.1733475 0.4051533
v -0.08899998 -0.1733475 0.4052417
v -0.08688944 -0.1733475 0.4051533
v -0.08479362 -0.1733477 0.4048888
v -0.08070498 -0.1733483 0.4038396
v -0.07874071 -0.1733487 0.4030624
v -0.07684832 -0.1733492 0.4021237
v -0.0732814 -0.17419 0.4016309
v -0.07371914 -0.1742766 0.4013221
v -0.07364064 -0.1740666 0.4011719
v -0.07319694 -0.1735219 0.4010491
v -0.07347679 -0.1735314 0.4008579
v -0.07398474 -0.1746098 0.401826
v -0.07339864 -0.17434 0.4017521
v -0.07364618 -0.174554 0.40203
v -0.07407587 -0.1747903 0.4097049
v -0.0743317 -0.1748574 0.4028899
v -0.07308459 -0.1740857 0.4097045
v -0.07288318 -0.1737594 0.4019662
v -0.07283121 -0.1736102 0.4097043
v -0.07279521 -0.1735427 0.4097042
v -0.07275199 -0.1734066 0.4018864
v -0.0727483 -0.1733838 0.4018843
v -0.07268816 -0.1730189 0.401851
v -0.07432776 -0.1748564 0.4028874
v -0.07400327 -0.1747674 0.4026796
v -0.07400745 -0.1747561 0.4097049
v -0.07352542 -0.1745152 0.4097048
v -0.07398229 -0.1747617 0.4026662
v -0.07365161 -0.174598 0.4024543
v -0.07330501 -0.1743005 0.4097046
v -0.07361966 -0.1745823 0.4024338
v -0.07335108 -0.1743752 0.4022617
v -0.0732907 -0.1743196 0.4022232
v -0.07308042 -0.1740844 0.4020898
v -0.07361614 -0.1745143 0.4113779
v -0.07317787 -0.1740849 0.4114253
v -0.1051688 -0.1736102 0.4097043
v -0.1049153 -0.1740857 0.4097045
v -0.104822 -0.1740849 0.4114253
v -0.07289022 -0.1735417 0.4114563
v -0.07317405 -0.1735408 0.4131878
v -0.0736435 -0.1735398 0.4148784
v -0.07429295 -0.1735389 0.4165084
v -0.07511478 -0.173538 0.4180586
v -0.07609945 -0.1735373 0.4195109
v -0.0772354 -0.1735365 0.4208483
v -0.07850921 -0.1735358 0.4220549
v -0.0799061 -0.1735352 0.4231168
v -0.08140951 -0.1735348 0.4240213
v -0.08300197 -0.1735343 0.4247581
v -0.08466476 -0.173534 0.4253183
v -0.08637833 -0.1735339 0.4256955
v -0.08812266 -0.1735337 0.4258852
v -0.0898773 -0.1735337 0.4258852
v -0.09162163 -0.1735339 0.4256955
v -0.09333521 -0.173534 0.4253183
v -0.094998 -0.1735343 0.4247581
v -0.09659045 -0.1735348 0.4240213
v -0.09809386 -0.1735352 0.4231168
v -0.0994907 -0.1735358 0.4220549
v -0.1007646 -0.1735365 0.4208483
v -0.1019005 -0.1735373 0.4195109
v -0.1028851 -0.173538 0.4180586
v -0.103707 -0.1735389 0.4165084
v -0.1043565 -0.1735398 0.4148784
v -0.1048259 -0.1735408 0.4131878
v -0.1051098 -0.1735417 0.4114563
v -0.1052048 -0.1735427 0.4097042
v -0.1045433 -0.1740839 0.4131259
v -0.1040822 -0.1740829 0.4147863
v -0.1034444 -0.1740821 0.4163872
v -0.1026372 -0.1740813 0.4179098
v -0.1016701 -0.1740804 0.4193361
v -0.1005545 -0.1740797 0.4206495
v -0.09930336 -0.1740791 0.4218346
v -0.0979315 -0.1740785 0.4228775
v -0.09645485 -0.174078 0.423766
v -0.09489089 -0.1740776 0.4244896
v -0.09325778 -0.1740773 0.4250398
v -0.09157478 -0.1740771 0.4254102
v -0.08986163 -0.174077 0.4255965
v -0.08813834 -0.174077 0.4255965
v -0.08642518 -0.1740771 0.4254102
v -0.08474218 -0.1740773 0.4250398
v -0.08310908 -0.1740776 0.4244896
v -0.08154505 -0.174078 0.423766
v -0.08006846 -0.1740785 0.4228775
v -0.0786966 -0.1740791 0.4218346
v -0.0774455 -0.1740797 0.4206495
v -0.07632982 -0.1740804 0.4193361
v -0.0753628 -0.1740813 0.4179098
v -0.07455557 -0.1740821 0.4163872
v -0.07391774 -0.1740829 0.4147863
v -0.0734567 -0.1740839 0.4131259
v -0.104695 -0.1743005 0.4097046
v -0.1043838 -0.1745143 0.4113779
v -0.1041128 -0.1745133 0.4130313
v -0.1036645 -0.1745125 0.4146458
v -0.1030443 -0.1745116 0.4162024
v -0.1022595 -0.1745108 0.4176827
v -0.1013192 -0.17451 0.4190696
v -0.1002345 -0.1745093 0.4203466
v -0.09901803 -0.1745087 0.4214989
v -0.09768408 -0.174508 0.4225129
v -0.09624838 -0.1745076 0.4233767
v -0.09472769 -0.1745073 0.4240803
v -0.09313988 -0.174507 0.4246153
v -0.0915035 -0.1745067 0.4249755
v -0.08983772 -0.1745067 0.4251567
v -0.08816218 -0.1745067 0.4251567
v -0.08649647 -0.1745067 0.4249755
v -0.08486008 -0.174507 0.4246153
v -0.08327227 -0.1745073 0.4240803
v -0.08175158 -0.1745076 0.4233767
v -0.08031582 -0.174508 0.4225129
v -0.07898193 -0.1745087 0.4214989
v -0.07776552 -0.1745093 0.4203466
v -0.07668077 -0.17451 0.4190696
v -0.07574045 -0.1745108 0.4176827
v -0.07495564 -0.1745116 0.4162024
v -0.07433545 -0.1745125 0.4146458
v -0.07388716 -0.1745133 0.4130313
v -0.1044746 -0.1745152 0.4097048
v -0.1039925 -0.1747561 0.4097049
v -0.1038365 -0.1747894 0.4113185
v -0.1035751 -0.1747885 0.4129132
v -0.1031427 -0.1747877 0.4144702
v -0.1025447 -0.1747868 0.4159713
v -0.1017878 -0.174786 0.4173991
v -0.1008809 -0.1747853 0.4187366
v -0.09983479 -0.1747846 0.4199682
v -0.0986616 -0.174784 0.4210795
v -0.09737515 -0.1747834 0.4220574
v -0.09599053 -0.174783 0.4228905
v -0.09452396 -0.1747826 0.423569
v -0.0929926 -0.1747823 0.424085
v -0.09141445 -0.174782 0.4244324
v -0.08980792 -0.174782 0.4246071
v -0.08819198 -0.174782 0.4246071
v -0.08658552 -0.174782 0.4244324
v -0.08500736 -0.1747823 0.424085
v -0.083476 -0.1747826 0.423569
v -0.08200943 -0.174783 0.4228905
v -0.08062475 -0.1747834 0.4220574
v -0.07933831 -0.174784 0.4210795
v -0.07816517 -0.1747846 0.4199682
v -0.07711905 -0.1747853 0.4187366
v -0.07621216 -0.174786 0.4173991
v -0.07545524 -0.1747868 0.4159713
v -0.07485711 -0.1747877 0.4144702
v -0.0744248 -0.1747885 0.4129132
v -0.07416337 -0.1747894 0.4113185
v -0.103924 -0.1747903 0.4097049
v -0.1035701 -0.1748725 0.4029527
v -0.1037222 -0.1748471 0.4028555
v -0.1039967 -0.1747677 0.4026796
v -0.1040176 -0.1747617 0.4026662
v -0.1043483 -0.174598 0.4024543
v -0.1046496 -0.1743766 0.4022612
v -0.1043814 -0.1745816 0.4024331
v -0.105113 -0.1737562 0.4019687
v -0.1049425 -0.174053 0.4020753
v -0.1049129 -0.1740865 0.4020941
v -0.1047078 -0.1743183 0.4022242
v -0.1053153 -0.1729416 0.4018499
v -0.1052664 -0.1733317 0.4018756
v -0.0725587 0.1681327 0.4018473
v -0.07268464 0.1729416 0.4018499
v -0.0725587 0.1681284 0.4097012
v -0.07268464 0.1729373 0.4097039
v -0.07419258 0.1729335 0.4165545
v -0.07431071 0.1729333 0.4167774
v -0.07418692 0.1681244 0.4168348
v -0.08988326 0.1729283 0.4259953
v -0.09021764 0.1729283 0.4259589
v -0.09022861 0.1681193 0.4260965
v -0.1053153 0.1729373 0.4097039
v -0.1054412 0.1681284 0.4097012
v -0.1052197 0.1729363 0.4114679
v -0.1052576 0.1681271 0.4121517
v -0.1051108 0.172936 0.4121319
v -0.1038131 0.1681244 0.4168348
v -0.1036892 0.1729333 0.4167774
v -0.1038073 0.1729335 0.4165545
v -0.1047108 0.1681257 0.4145474
v -0.1044613 0.1729344 0.4149134
v -0.1045737 0.1729347 0.4145083
v -0.1049339 0.1729354 0.4132112
v -0.1029798 0.1729326 0.4181153
v -0.1025844 0.1681233 0.4189629
v -0.1024606 0.1729322 0.4188812
v -0.1010523 0.1681222 0.4208841
v -0.1009536 0.1729311 0.4207958
v -0.1019885 0.1729319 0.4195775
v -0.1008448 0.1729311 0.420924
v -0.09956228 0.1729304 0.4221388
v -0.09925091 0.1681213 0.4225555
v -0.09916061 0.1729303 0.4224442
v -0.09815591 0.1729298 0.4232079
v -0.09722059 0.1681205 0.4239398
v -0.09714668 0.1729295 0.4238151
v -0.09500664 0.1681199 0.425006
v -0.09503889 0.1729289 0.4248604
v -0.09664219 0.1729294 0.4241187
v -0.09495925 0.1729289 0.4248873
v -0.09336477 0.1729286 0.4254245
v -0.09265851 0.1681196 0.4257302
v -0.09262543 0.1729285 0.4255872
v -0.09163951 0.1729284 0.4258043
v -0.0881167 0.1729283 0.4259953
v -0.08777129 0.1681193 0.4260965
v -0.08778232 0.1729283 0.4259589
v -0.08636045 0.1729284 0.4258043
v -0.08534145 0.1681196 0.4257302
v -0.08537453 0.1729285 0.4255872
v -0.08299332 0.1681199 0.425006
v -0.08304071 0.1729289 0.4248873
v -0.08463519 0.1729286 0.4254245
v -0.08296108 0.1729289 0.4248604
v -0.08135771 0.1729294 0.4241187
v -0.08077937 0.1681205 0.4239398
v -0.08085328 0.1729295 0.4238151
v -0.07694768 0.1681222 0.4208841
v -0.07715511 0.1729311 0.420924
v -0.078749 0.1681213 0.4225555
v -0.07843768 0.1729304 0.4221388
v -0.07883936 0.1729303 0.4224442
v -0.07984405 0.1729298 0.4232079
v -0.07704627 0.1729311 0.4207958
v -0.07601147 0.1729319 0.4195775
v -0.07541555 0.1681233 0.4189629
v -0.07553941 0.1729322 0.4188812
v -0.07502007 0.1729326 0.4181153
v -0.07353872 0.1729344 0.4149134
v -0.07328915 0.1681257 0.4145474
v -0.07342624 0.1729347 0.4145083
v -0.07306611 0.1729354 0.4132112
v -0.07274234 0.1681271 0.4121517
v -0.07288914 0.172936 0.4121319
v -0.07278031 0.1729363 0.4114679
v -0.07281774 0.173448 0.4015794
v -0.07276481 0.1729569 0.4015048
v -0.07297176 0.1734941 0.401295
v -0.07338827 0.1740474 0.4013308
v -0.07319694 0.1735219 0.4010491
v -0.07398474 0.1746098 0.401826
v -0.07389581 0.1747058 0.4022828
v -0.07364618 0.174554 0.40203
v -0.07359212 0.1744019 0.4016062
v -0.07339864 0.17434 0.4017521
v -0.07316946 0.1739899 0.4015218
v -0.07299673 0.1738939 0.4017367
v -0.07415473 0.1748086 0.4025632
v -0.07398229 0.1747617 0.4026662
v -0.07365208 0.1745969 0.4024546
v -0.07434213 0.1745542 0.4016571
v -0.07469058 0.1745539 0.401803
v -0.07441174 0.1747059 0.4020037
v -0.07432782 0.1748233 0.4024659
v -0.07412272 0.1734945 0.400688
v -0.07444447 0.1734485 0.4007216
v -0.0741949 0.1739903 0.400979
v -0.07391393 0.1740476 0.4010525
v -0.07379269 0.1735222 0.4007349
v -0.07364064 0.1740666 0.4011719
v -0.07347679 0.1735314 0.4008579
v -0.0737397 0.1732413 0.4006109
v -0.07371914 0.1742766 0.4013221
v -0.07380223 0.1744226 0.4014803
v -0.07425308 0.1743402 0.4012975
v -0.08278036 0.1748816 0.4155803
v -0.08754974 0.1748831 0.4130452
v -0.08754974 0.1748824 0.4143775
v -0.09198373 0.1748827 0.4138802
v -0.09308677 0.174883 0.4132788
v -0.09386092 0.1748822 0.4147009
v -0.09386092 0.1748822 0.4147009
v -0.09308677 0.174883 0.4132788
v -0.09447228 0.1748828 0.4135346
v -0.09447228 0.1748828 0.4135346
v -0.09308677 0.174883 0.4132788
v -0.09390234 0.1748834 0.4125616
v -0.09447228 0.1748828 0.4135346
v -0.09390234 0.1748834 0.4125616
v -0.09494304 0.1748837 0.4119353
v -0.09494304 0.1748837 0.4119353
v -0.09390234 0.1748834 0.4125616
v -0.09460425 0.1748839 0.4115755
v -0.09494304 0.1748837 0.4119353
v -0.09460425 0.1748839 0.4115755
v -0.09508705 0.1748846 0.4103963
v -0.09386092 0.1748822 0.4147009
v -0.09313225 0.1748816 0.4155488
v -0.09198373 0.1748827 0.4138802
v -0.09198373 0.1748827 0.4138802
v -0.09313225 0.1748816 0.4155488
v -0.09224253 0.1748813 0.4161868
v -0.09198373 0.1748827 0.4138802
v -0.09224253 0.1748813 0.4161868
v -0.09076428 0.1748824 0.4142529
v -0.09076428 0.1748824 0.4142529
v -0.09224253 0.1748813 0.4161868
v -0.0912348 0.1748811 0.4166208
v -0.09076428 0.1748824 0.4142529
v -0.0912348 0.1748811 0.4166208
v -0.08933579 0.1748823 0.4144336
v -0.08933579 0.1748823 0.4144336
v -0.0912348 0.1748811 0.4166208
v -0.08975315 0.1748809 0.4169644
v -0.08933579 0.1748823 0.4144336
v -0.08975315 0.1748809 0.4169644
v -0.08754974 0.1748824 0.4143775
v -0.08754974 0.1748824 0.4143775
v -0.08975315 0.1748809 0.4169644
v -0.08754974 0.1748808 0.4172131
v -0.08754974 0.1748824 0.4143775
v -0.08754974 0.1748808 0.4172131
v -0.08278036 0.1748816 0.4155803
v -0.08278036 0.1748816 0.4155803
v -0.08754974 0.1748808 0.4172131
v -0.08754974 0.1748802 0.4183734
v -0.1020888 0.1748882 0.4038304
v -0.103316 0.1748886 0.4031139
v -0.103316 0.1748849 0.409705
v -0.079732 0.1748788 0.4206161
v -0.0786066 0.1748795 0.4195501
v -0.08278036 0.1748816 0.4155803
v -0.09224253 0.1748813 0.4161868
v -0.09313225 0.1748816 0.4155488
v -0.09703391 0.1748784 0.4215542
v -0.09386092 0.1748822 0.4147009
v -0.09939336 0.1748795 0.4195501
v -0.09826797 0.1748788 0.4206161
v -0.09353071 0.1748865 0.4068087
v -0.09575635 0.1748868 0.406336
v -0.09521961 0.1748849 0.4098657
v -0.08754974 0.1748802 0.4183734
v -0.09131604 0.1748771 0.4238324
v -0.08977502 0.1748771 0.424
v -0.09570574 0.174878 0.4223533
v -0.09429889 0.1748776 0.4230042
v -0.0912348 0.1748811 0.4166208
v -0.09282994 0.1748773 0.4234992
v -0.08975315 0.1748809 0.4169644
v -0.08754974 0.1748808 0.4172131
v -0.08899998 0.1748864 0.407189
v -0.0912733 0.1748864 0.4070937
v -0.08754974 0.1748831 0.4130452
v -0.08933579 0.1748823 0.4144336
v -0.08754974 0.1748831 0.4130452
v -0.08933579 0.1748823 0.4144336
v -0.08754974 0.1748824 0.4143775
v -0.07600712 0.1748816 0.4157161
v -0.08006525 0.1748872 0.4056787
v -0.08822494 0.1748771 0.424
v -0.08668392 0.1748771 0.4238324
v -0.08517003 0.1748773 0.4234992
v -0.08370107 0.1748776 0.4230042
v -0.08229422 0.174878 0.4223533
v -0.08096599 0.1748784 0.4215542
v -0.0776031 0.1748802 0.4183686
v -0.07673323 0.1748809 0.4170857
v -0.09308677 0.174883 0.4132788
v -0.09198373 0.1748827 0.4138802
v -0.09076428 0.1748824 0.4142529
v -0.07794952 0.1748875 0.4048416
v -0.07468396 0.1748849 0.409705
v -0.07591122 0.1748882 0.4038304
v -0.07468396 0.1748886 0.4031139
v -0.07543337 0.1748824 0.4142761
v -0.07501864 0.1748833 0.4127825
v -0.07476788 0.1748841 0.4112528
v -0.08224356 0.1748868 0.406336
v -0.08446925 0.1748865 0.4068087
v -0.08672666 0.1748864 0.4070937
v -0.09793472 0.1748872 0.4056787
v -0.1025665 0.1748824 0.4142761
v -0.09494304 0.1748837 0.4119353
v -0.1019929 0.1748816 0.4157161
v -0.09447228 0.1748828 0.4135346
v -0.1012668 0.1748809 0.4170857
v -0.1003969 0.1748802 0.4183686
v -0.1000505 0.1748875 0.4048416
v -0.1032321 0.1748841 0.4112528
v -0.1029813 0.1748833 0.4127825
v -0.09508705 0.1748846 0.4103963
v -0.09460425 0.1748839 0.4115755
v -0.09390234 0.1748834 0.4125616
v -0.09923768 0.172941 0.4030138
v -0.09925925 0.1733487 0.4030624
v -0.09729498 0.1733483 0.4038396
v -0.09727758 0.1729406 0.4037894
v -0.0952726 0.173348 0.4044498
v -0.09319746 0.17294 0.4048363
v -0.09111052 0.1733475 0.4051533
v -0.09110611 0.1729398 0.4051004
v -0.08899998 0.1733475 0.4052417
v -0.08899998 0.1729398 0.4051886
v -0.08688944 0.1733475 0.4051533
v -0.08689385 0.1729398 0.4051004
v -0.08479362 0.1733477 0.4048888
v -0.08480244 0.17294 0.4048363
v -0.08272731 0.173348 0.4044498
v -0.08274048 0.1729401 0.4043983
v -0.08070498 0.1733483 0.4038396
v -0.08072239 0.1729406 0.4037894
v -0.07874071 0.1733487 0.4030624
v -0.07469922 0.1743544 0.4015571
v -0.07658314 0.1743215 0.402607
v -0.07468235 0.1748436 0.4026936
v -0.07610815 0.1748461 0.403472
v -0.1033169 0.1747619 0.4022836
v -0.103318 0.1748409 0.4026315
v -0.1018918 0.1748461 0.403472
v -0.07811576 0.1748456 0.4044679
v -0.08019965 0.174845 0.4052924
v -0.08234524 0.1748448 0.4059398
v -0.08453738 0.1748445 0.4064055
v -0.08676087 0.1748443 0.4066861
v -0.08899998 0.1748443 0.40678
v -0.09123909 0.1748443 0.4066861
v -0.09346252 0.1748445 0.4064055
v -0.09565472 0.1748448 0.4059398
v -0.09780025 0.174845 0.4052924
v -0.09988421 0.1748456 0.4044679
v -0.1033183 0.1748607 0.4027182
v -0.1014168 0.1743215 0.402607
v -0.1033019 0.1743826 0.4015476
v -0.1033101 0.1745774 0.4018458
v -0.07468211 0.1748368 0.4026311
v -0.07636368 0.1746541 0.4030067
v -0.07833153 0.1746536 0.4039829
v -0.08037412 0.1746531 0.4047911
v -0.08247715 0.1746528 0.4054256
v -0.08462584 0.1746525 0.405882
v -0.08680522 0.1746523 0.4061572
v -0.08899998 0.1746523 0.4062491
v -0.09119474 0.1746523 0.4061572
v -0.09337407 0.1746525 0.405882
v -0.09552282 0.1746528 0.4054256
v -0.09762585 0.1746531 0.4047911
v -0.09966844 0.1746536 0.4039829
v -0.1016363 0.1746541 0.4030067
v -0.1033126 0.1746456 0.4020077
v -0.0746845 0.1747388 0.4022923
v -0.07468795 0.1746334 0.4020135
v -0.07851684 0.1743209 0.4035662
v -0.08052396 0.1743205 0.4043603
v -0.08259046 0.1743202 0.4049838
v -0.08470183 0.1743199 0.4054324
v -0.08684337 0.1743198 0.4057027
v -0.08899998 0.1743197 0.4057931
v -0.0911566 0.1743198 0.4057027
v -0.09329813 0.1743199 0.4054324
v -0.09540951 0.1743202 0.4049838
v -0.097476 0.1743205 0.4043603
v -0.09948313 0.1743209 0.4035662
v -0.1033108 0.1745975 0.4018936
v -0.07473647 0.1743221 0.4014894
v -0.07492715 0.1738752 0.401202
v -0.07674914 0.1738746 0.4023046
v -0.07865697 0.1738741 0.403251
v -0.08063721 0.1738737 0.4040345
v -0.08267611 0.1738733 0.4046497
v -0.08475929 0.1738731 0.4050922
v -0.08687216 0.173873 0.405359
v -0.08899998 0.1738729 0.4054481
v -0.09112775 0.173873 0.405359
v -0.09324067 0.1738731 0.4050922
v -0.09532386 0.1738733 0.4046497
v -0.09736269 0.1738737 0.4040345
v -0.099343 0.1738741 0.403251
v -0.1012508 0.1738746 0.4023046
v -0.1032635 0.1743221 0.4014894
v -0.1030728 0.1738752 0.401202
v -0.07504111 0.1733499 0.40103
v -0.07684832 0.1733492 0.4021237
v -0.09320634 0.1733477 0.4048888
v -0.1011516 0.1733492 0.4021237
v -0.1029589 0.1733499 0.40103
v -0.1032764 0.1737568 0.4009968
v -0.104086 0.1740476 0.4010525
v -0.1038772 0.1734945 0.400688
v -0.1042073 0.1735222 0.4007349
v -0.1040152 0.1746098 0.401826
v -0.1036579 0.1745542 0.4016571
v -0.1039759 0.1744021 0.4013764
v -0.1034968 0.1748087 0.402373
v -0.1035882 0.1747059 0.4020037
v -0.1041042 0.1747058 0.4022828
v -0.1043484 0.1745983 0.4024542
v -0.1038452 0.1748086 0.4025632
v -0.1043538 0.174554 0.40203
v -0.1043781 0.1745836 0.4024352
v -0.1050282 0.1734941 0.401295
v -0.1046117 0.1740474 0.4013308
v -0.104803 0.1735219 0.4010491
v -0.1047186 0.17419 0.4016309
v -0.1042808 0.1742766 0.4013221
v -0.1043593 0.1740666 0.4011719
v -0.1051822 0.173448 0.4015794
v -0.1050032 0.1738939 0.4017367
v -0.1048305 0.1739899 0.4015218
v -0.1045231 0.1735314 0.4008579
v -0.1034783 0.1744823 0.4015899
v -0.1033009 0.1743587 0.401511
v -0.1035158 0.1742364 0.4012463
v -0.1036722 0.1748233 0.4024659
v -0.1041978 0.1744226 0.4014803
v -0.1046013 0.17434 0.4017521
v -0.1047728 0.1742359 0.4019152
v -0.1036722 0.1748563 0.4028874
v -0.1039966 0.1747674 0.4026796
v -0.103924 0.1747903 0.4097049
v -0.1036674 0.1748576 0.4028905
v -0.1049153 0.1740857 0.4097045
v -0.1051168 0.1737594 0.4019662
v -0.1051688 0.1736102 0.4097043
v -0.1052048 0.1735427 0.4097042
v -0.1052473 0.173409 0.4018868
v -0.1052515 0.1733838 0.4018844
v -0.1053115 0.1730241 0.4018511
v -0.1046491 0.1743757 0.4022616
v -0.104695 0.1743005 0.4097046
v -0.1044746 0.1745152 0.4097048
v -0.1039925 0.1747561 0.4097049
v -0.1040176 0.1747617 0.4026662
v -0.1047089 0.1743193 0.4022234
v -0.1049196 0.1740844 0.4020898
v -0.1043838 0.1745143 0.4113779
v -0.07330501 0.1743005 0.4097046
v -0.07352542 0.1745152 0.4097048
v -0.07361614 0.1745143 0.4113779
v -0.07283121 0.1736102 0.4097043
v -0.07308459 0.1740857 0.4097045
v -0.07317787 0.1740849 0.4114253
v -0.1051098 0.1735417 0.4114563
v -0.1048259 0.1735408 0.4131878
v -0.1043565 0.1735398 0.4148784
v -0.103707 0.1735389 0.4165084
v -0.1028851 0.173538 0.4180586
v -0.1019005 0.1735373 0.4195109
v -0.1007646 0.1735365 0.4208483
v -0.0994907 0.1735358 0.4220549
v -0.09809386 0.1735352 0.4231168
v -0.09659045 0.1735348 0.4240213
v -0.094998 0.1735343 0.4247581
v -0.09333521 0.173534 0.4253183
v -0.09162163 0.1735339 0.4256955
v -0.0898773 0.1735337 0.4258852
v -0.08812266 0.1735337 0.4258852
v -0.08637833 0.1735339 0.4256955
v -0.08466476 0.173534 0.4253183
v -0.08300197 0.1735343 0.4247581
v -0.08140951 0.1735348 0.4240213
v -0.0799061 0.1735352 0.4231168
v -0.07850921 0.1735358 0.4220549
v -0.0772354 0.1735365 0.4208483
v -0.07609945 0.1735373 0.4195109
v -0.07511478 0.173538 0.4180586
v -0.07429295 0.1735389 0.4165084
v -0.0736435 0.1735398 0.4148784
v -0.07317405 0.1735408 0.4131878
v -0.07289022 0.1735417 0.4114563
v -0.07279521 0.1735427 0.4097042
v -0.0734567 0.1740839 0.4131259
v -0.07391774 0.1740829 0.4147863
v -0.07455557 0.1740821 0.4163872
v -0.0753628 0.1740813 0.4179098
v -0.07632982 0.1740804 0.4193361
v -0.0774455 0.1740797 0.4206495
v -0.0786966 0.1740791 0.4218346
v -0.08006846 0.1740785 0.4228775
v -0.08154505 0.174078 0.423766
v -0.08310908 0.1740776 0.4244896
v -0.08474218 0.1740773 0.4250398
v -0.08642518 0.1740771 0.4254102
v -0.08813834 0.174077 0.4255965
v -0.08986163 0.174077 0.4255965
v -0.09157478 0.1740771 0.4254102
v -0.09325778 0.1740773 0.4250398
v -0.09489089 0.1740776 0.4244896
v -0.09645485 0.174078 0.423766
v -0.0979315 0.1740785 0.4228775
v -0.09930336 0.1740791 0.4218346
v -0.1005545 0.1740797 0.4206495
v -0.1016701 0.1740804 0.4193361
v -0.1026372 0.1740813 0.4179098
v -0.1034444 0.1740821 0.4163872
v -0.1040822 0.1740829 0.4147863
v -0.1045433 0.1740839 0.4131259
v -0.104822 0.1740849 0.4114253
v -0.07388716 0.1745133 0.4130313
v -0.07433545 0.1745125 0.4146458
v -0.07495564 0.1745116 0.4162024
v -0.07574045 0.1745108 0.4176827
v -0.07668077 0.17451 0.4190696
v -0.07776552 0.1745093 0.4203466
v -0.07898193 0.1745087 0.4214989
v -0.08031582 0.174508 0.4225129
v -0.08175158 0.1745076 0.4233767
v -0.08327227 0.1745073 0.4240803
v -0.08486008 0.174507 0.4246153
v -0.08649647 0.1745067 0.4249755
v -0.08816218 0.1745067 0.4251567
v -0.08983772 0.1745067 0.4251567
v -0.0915035 0.1745067 0.4249755
v -0.09313988 0.174507 0.4246153
v -0.09472769 0.1745073 0.4240803
v -0.09624838 0.1745076 0.4233767
v -0.09768408 0.174508 0.4225129
v -0.09901803 0.1745087 0.4214989
v -0.1002345 0.1745093 0.4203466
v -0.1013192 0.17451 0.4190696
v -0.1022595 0.1745108 0.4176827
v -0.1030443 0.1745116 0.4162024
v -0.1036645 0.1745125 0.4146458
v -0.1041128 0.1745133 0.4130313
v -0.07400745 0.1747561 0.4097049
v -0.07416337 0.1747894 0.4113185
v -0.0744248 0.1747885 0.4129132
v -0.07485711 0.1747877 0.4144702
v -0.07545524 0.1747868 0.4159713
v -0.07621216 0.174786 0.4173991
v -0.07711905 0.1747853 0.4187366
v -0.07816517 0.1747846 0.4199682
v -0.07933831 0.174784 0.4210795
v -0.08062475 0.1747834 0.4220574
v -0.08200943 0.174783 0.4228905
v -0.083476 0.1747826 0.423569
v -0.08500736 0.1747823 0.424085
v -0.08658552 0.174782 0.4244324
v -0.08819198 0.174782 0.4246071
v -0.08980792 0.174782 0.4246071
v -0.09141445 0.174782 0.4244324
v -0.0929926 0.1747823 0.424085
v -0.09452396 0.1747826 0.423569
v -0.09599053 0.174783 0.4228905
v -0.09737515 0.1747834 0.4220574
v -0.0986616 0.174784 0.4210795
v -0.09983479 0.1747846 0.4199682
v -0.1008809 0.1747853 0.4187366
v -0.1017878 0.174786 0.4173991
v -0.1025447 0.1747868 0.4159713
v -0.1031427 0.1747877 0.4144702
v -0.1035751 0.1747885 0.4129132
v -0.1038365 0.1747894 0.4113185
v -0.07407587 0.1747903 0.4097049
v -0.07442992 0.1748725 0.4029527
v -0.07335078 0.1743758 0.4022615
v -0.07360768 0.1745747 0.4024261
v -0.07400321 0.1747677 0.4026796
v -0.07427775 0.1748471 0.4028555
v -0.07329148 0.174319 0.4022237
v -0.07308751 0.174086 0.4020944
v -0.07305252 0.174046 0.4020722
v -0.07288724 0.173756 0.4019689
v -0.07273292 0.1733291 0.4018752
v -0.07275056 0.1733822 0.4018858
v 0.02121722 -0.06717354 0.8194772
v 0.02253657 -0.06798672 0.8196231
v 0.02161568 -0.07256096 0.8340863
v 0.02376049 -0.06884592 0.8200552
v 0.02291178 -0.07306158 0.8333846
v 0.02409821 -0.07341319 0.8324402
v 0.02025955 -0.07193058 0.8345184
v 0.01849728 -0.06580722 0.8200552
v 0.01985341 -0.0664376 0.8196231
v 0.01889568 -0.07119464 0.8346643
v 0.01757645 -0.07038146 0.8345184
v 0.01635247 -0.06952226 0.8340863
v 0.01527076 -0.06865006 0.8333846
v 0.01601475 -0.06495499 0.8217013
v 0.01720118 -0.0653066 0.8207569
v 0.02685391 -0.07208275 0.8241648
v 0.02693319 -0.07315438 0.8270707
v 0.02641916 -0.07136827 0.822852
v 0.01437312 -0.06779837 0.8324402
v 0.01369374 -0.06699997 0.8312895
v 0.01325905 -0.06628543 0.8299767
v 0.02573978 -0.07056981 0.8217013
v 0.02657461 -0.07347035 0.8285522
v 0.02596551 -0.07362157 0.8299767
v 0.02484214 -0.06971812 0.8207569
v 0.02512931 -0.07360225 0.8312895
v 0.01308548 -0.06568235 0.8285522
v 0.01317971 -0.06521385 0.8270707
v 0.01353836 -0.06489789 0.8255893
v 0.1311947 -0.04110419 0.8346643
v 0.1288459 -0.03623932 0.8200552
v 0.1319306 -0.03974038 0.8345184
v 0.132561 -0.03838419 0.8340863
v 0.1253066 -0.04279869 0.8207569
v 0.1295223 -0.0436474 0.8340863
v 0.1249549 -0.04398512 0.8217013
v 0.12865 -0.04472911 0.8333846
v 0.1277984 -0.04562675 0.8324402
v 0.1297181 -0.03515774 0.8207569
v 0.1334131 -0.0359016 0.8324402
v 0.1330616 -0.03708803 0.8333846
v 0.1258072 -0.04150259 0.8200552
v 0.1264376 -0.04014647 0.8196231
v 0.1271736 -0.03878259 0.8194772
v 0.1303815 -0.04242348 0.8345184
v 0.1279867 -0.0374633 0.8196231
v 0.1305698 -0.03426009 0.8217013
v 0.1313682 -0.03358078 0.822852
v 0.1320827 -0.03314596 0.8241648
v 0.1269999 -0.04630613 0.8312895
v 0.1262854 -0.04674082 0.8299767
v 0.1247659 -0.04501628 0.822852
v 0.1326858 -0.03297233 0.8255893
v 0.1331543 -0.03306668 0.8270707
v 0.1336023 -0.03487056 0.8312895
v 0.01527076 0.06865006 0.8333846
v 0.01635247 0.06952226 0.8340863
v 0.01849728 0.06580722 0.8200552
v 0.01757645 0.07038146 0.8345184
v 0.01889568 0.07119464 0.8346643
v 0.02161568 0.07256096 0.8340863
v 0.02573978 0.07056981 0.8217013
v 0.02484214 0.06971812 0.8207569
v 0.02376049 0.06884592 0.8200552
v 0.02253657 0.06798672 0.8196231
v 0.02121722 0.06717354 0.8194772
v 0.02025955 0.07193058 0.8345184
v 0.01985341 0.0664376 0.8196231
v 0.01437312 0.06779837 0.8324402
v 0.01720118 0.0653066 0.8207569
v 0.01601475 0.06495499 0.8217013
v 0.01498365 0.06476593 0.822852
v 0.01414746 0.06474661 0.8241648
v 0.01369374 0.06699997 0.8312895
v 0.02409821 0.07341319 0.8324402
v 0.02702748 0.07268583 0.8255893
v 0.02685391 0.07208275 0.8241648
v 0.02291178 0.07306158 0.8333846
v 0.02641916 0.07136827 0.822852
v 0.01325905 0.06628543 0.8299767
v 0.09487056 0.07360225 0.8312895
v 0.09590166 0.07341319 0.8324402
v 0.09426009 0.07056981 0.8217013
v 0.1011043 0.07119464 0.8346643
v 0.09623938 0.06884592 0.8200552
v 0.09974038 0.07193058 0.8345184
v 0.09838426 0.07256096 0.8340863
v 0.1050163 0.06476593 0.822852
v 0.1039852 0.06495499 0.8217013
v 0.1056268 0.06779837 0.8324402
v 0.09878265 0.06717354 0.8194772
v 0.1036475 0.06952226 0.8340863
v 0.1001465 0.0664376 0.8196231
v 0.1015026 0.06580722 0.8200552
v 0.1024235 0.07038146 0.8345184
v 0.09746336 0.06798672 0.8196231
v 0.0951578 0.06971812 0.8207569
v 0.09708809 0.07306158 0.8333846
v 0.1047291 0.06865006 0.8333846
v 0.1027988 0.0653066 0.8207569
v 0.09403443 0.07362157 0.8299767
v 0.09358078 0.07136827 0.822852
v 0.09314596 0.07208275 0.8241648
v 0.1063061 0.06699997 0.8312895
v 0.1064615 0.06489789 0.8255893
v 0.1058525 0.06474661 0.8241648
v 0.1264376 0.04014647 0.8196231
v 0.1258072 0.04150259 0.8200552
v 0.1295223 0.0436474 0.8340863
v 0.1269999 0.04630613 0.8312895
v 0.1277984 0.04562675 0.8324402
v 0.1247466 0.04585248 0.8241648
v 0.1303815 0.04242348 0.8345184
v 0.1311947 0.04110419 0.8346643
v 0.1288459 0.03623932 0.8200552
v 0.1319306 0.03974038 0.8345184
v 0.132561 0.03838419 0.8340863
v 0.1313682 0.03358078 0.822852
v 0.1305698 0.03426009 0.8217013
v 0.1334131 0.0359016 0.8324402
v 0.1271736 0.03878259 0.8194772
v 0.1253066 0.04279869 0.8207569
v 0.1249549 0.04398512 0.8217013
v 0.12865 0.04472911 0.8333846
v 0.1330616 0.03708803 0.8333846
v 0.1297181 0.03515774 0.8207569
v 0.1247659 0.04501628 0.822852
v 0.1279867 0.0374633 0.8196231
v 0.1336023 0.03487056 0.8312895
v 0.1326858 0.03297233 0.8255893
v 0.1320827 0.03314596 0.8241648
v -0.005306601 0.04279869 0.8207569
v -0.005807161 0.04150259 0.8200552
v -0.007798314 0.04562675 0.8324402
v -0.01360219 0.03487056 0.8312895
v -0.01341319 0.0359016 0.8324402
v -0.01056981 0.03426009 0.8217013
v -0.008650064 0.04472911 0.8333846
v -0.01306158 0.03708803 0.8333846
v -0.01256096 0.03838419 0.8340863
v -0.008845925 0.03623932 0.8200552
v -0.01193058 0.03974038 0.8345184
v -0.01119458 0.04110419 0.8346643
v -0.009522259 0.0436474 0.8340863
v -0.00643754 0.04014647 0.8196231
v -0.007173538 0.03878259 0.8194772
v -0.01038146 0.04242348 0.8345184
v -0.007986724 0.0374633 0.8196231
v -0.00971812 0.03515774 0.8207569
v -0.004954934 0.04398512 0.8217013
v -0.00699985 0.04630613 0.8312895
v -0.006285429 0.04674082 0.8299767
v -0.0136215 0.03403443 0.8299767
v -0.01136827 0.03358078 0.822852
v -0.01208269 0.03314596 0.8241648
v -0.005682349 0.04691439 0.8285522
v -0.005213797 0.04682016 0.8270707
v 0.09878265 -0.06717354 0.8194772
v 0.1001465 -0.0664376 0.8196231
v 0.1036475 -0.06952226 0.8340863
v 0.1015026 -0.06580722 0.8200552
v 0.1047291 -0.06865006 0.8333846
v 0.1024235 -0.07038146 0.8345184
v 0.09623938 -0.06884592 0.8200552
v 0.09746336 -0.06798672 0.8196231
v 0.1011043 -0.07119464 0.8346643
v 0.09974038 -0.07193058 0.8345184
v 0.09838426 -0.07256096 0.8340863
v 0.09358078 -0.07136827 0.822852
v 0.09426009 -0.07056981 0.8217013
v 0.09590166 -0.07341319 0.8324402
v 0.1056268 -0.06779837 0.8324402
v 0.1027988 -0.0653066 0.8207569
v 0.1039852 -0.06495499 0.8217013
v 0.09708809 -0.07306158 0.8333846
v 0.0951578 -0.06971812 0.8207569
v 0.1050163 -0.06476593 0.822852
v 0.1058525 -0.06474661 0.8241648
v 0.1063061 -0.06699997 0.8312895
v 0.09297239 -0.07268583 0.8255893
v 0.09314596 -0.07208275 0.8241648
v -0.00699985 -0.04630613 0.8312895
v -0.007798314 -0.04562675 0.8324402
v -0.004954934 -0.04398512 0.8217013
v -0.007173538 -0.03878259 0.8194772
v -0.00643754 -0.04014647 0.8196231
v -0.009522259 -0.0436474 0.8340863
v -0.005807161 -0.04150259 0.8200552
v -0.008650064 -0.04472911 0.8333846
v -0.01038146 -0.04242348 0.8345184
v -0.008845925 -0.03623932 0.8200552
v -0.007986724 -0.0374633 0.8196231
v -0.01119458 -0.04110419 0.8346643
v -0.01193058 -0.03974038 0.8345184
v -0.01256096 -0.03838419 0.8340863
v -0.005306601 -0.04279869 0.8207569
v -0.01306158 -0.03708803 0.8333846
v -0.01341319 -0.0359016 0.8324402
v -0.00971812 -0.03515774 0.8207569
v -0.01056981 -0.03426009 0.8217013
v -0.006285429 -0.04674082 0.8299767
v -0.004765868 -0.04501628 0.822852
v -0.004746556 -0.04585248 0.8241648
v -0.01360219 -0.03487056 0.8312895
v -0.0136215 -0.03403443 0.8299767
v -0.01136827 -0.03358078 0.822852
v 0.05366331 0.07848787 0.8224946
v 0.05289191 0.07885211 0.823686
v 0.06 0.08220851 0.8346643
v 0.06633669 0.08128601 0.8316469
v 0.06710803 0.08092176 0.8304555
v 0.06633669 0.07848787 0.8224946
v 0.06534945 0.07817125 0.821459
v 0.06145906 0.07760488 0.8196064
v 0.06 0.07756531 0.8194772
v 0.05854088 0.07760488 0.8196064
v 0.05713146 0.07772213 0.8199899
v 0.06763738 0.08052223 0.8291488
v 0.06790661 0.08010113 0.8277714
v 0.06790661 0.07967269 0.8263701
v 0.06418013 0.07791304 0.8206145
v 0.06286841 0.07772213 0.8199899
v 0.05236256 0.07925158 0.8249927
v 0.05209326 0.07967269 0.8263701
v 0.05209326 0.08010113 0.8277714
v 0.06145906 0.08216899 0.834535
v 0.06286841 0.08205175 0.8341515
v 0.06763738 0.07925158 0.8249927
v 0.06710803 0.07885211 0.823686
v 0.05581974 0.07791304 0.8206145
v 0.05465042 0.07817125 0.821459
v 0.05236256 0.08052223 0.8291488
v 0.05289191 0.08092176 0.8304555
v 0.05854088 0.08216899 0.834535
v 0.1421689 0.001459062 0.834535
v 0.1422085 0 0.8346643
v 0.1375653 0 0.8194772
v 0.1376048 -0.001459062 0.8196064
v 0.1421689 -0.001459062 0.834535
v 0.1420516 -0.002868354 0.8341515
v 0.1409217 -0.007107973 0.8304555
v 0.1401011 -0.007906615 0.8277714
v 0.1396726 -0.007906615 0.8263701
v 0.1384878 -0.006336629 0.8224946
v 0.1381713 -0.005349457 0.821459
v 0.1376048 0.001459062 0.8196064
v 0.1377221 0.002868354 0.8199899
v 0.1388521 0.007107973 0.823686
v 0.1396726 0.007906615 0.8263701
v 0.1401011 0.007906615 0.8277714
v 0.141286 0.006336629 0.8316469
v 0.1416026 0.005349457 0.8326824
v 0.1392516 -0.007637321 0.8249927
v 0.1388521 -0.007107973 0.823686
v 0.1379131 -0.004180133 0.8206145
v 0.1377221 -0.002868354 0.8199899
v 0.1405223 0.007637321 0.8291488
v 0.1409217 0.007107973 0.8304555
v 0.1418608 0.004180133 0.8335269
v 0.1420516 0.002868354 0.8341515
v 0.1405223 -0.007637321 0.8291488
v 0.1392516 0.007637321 0.8249927
v 0.06145906 -0.08216899 0.834535
v 0.06 -0.08220851 0.8346643
v 0.06 -0.07756531 0.8194772
v 0.05854088 -0.08216899 0.834535
v 0.05713146 -0.08205175 0.8341515
v 0.05581974 -0.08186078 0.8335269
v 0.05465042 -0.08160257 0.8326824
v 0.05366331 -0.08128601 0.8316469
v 0.05289191 -0.08092176 0.8304555
v 0.05854088 -0.07760488 0.8196064
v 0.06145906 -0.07760488 0.8196064
v 0.06710803 -0.08092176 0.8304555
v 0.06633669 -0.08128601 0.8316469
v 0.06534945 -0.08160257 0.8326824
v 0.05289191 -0.07885211 0.823686
v 0.05366331 -0.07848787 0.8224946
v 0.05465042 -0.07817125 0.821459
v 0.05581974 -0.07791304 0.8206145
v 0.05713146 -0.07772213 0.8199899
v 0.06286841 -0.07772213 0.8199899
v 0.06418013 -0.07791304 0.8206145
v 0.06534945 -0.07817125 0.821459
v 0.06633669 -0.07848787 0.8224946
v 0.06710803 -0.07885211 0.823686
v 0.06763738 -0.07925158 0.8249927
v 0.06418013 -0.08186078 0.8335269
v 0.06286841 -0.08205175 0.8341515
v -0.02216899 -0.001459062 0.834535
v -0.02220851 0 0.8346643
v -0.01756531 0 0.8194772
v -0.01760482 0.001459062 0.8196064
v -0.01848787 0.006336629 0.8224946
v -0.01817125 0.005349457 0.821459
v -0.01760482 -0.001459062 0.8196064
v -0.01772207 -0.002868354 0.8199899
v -0.01885211 -0.007107973 0.823686
v -0.0209217 0.007107973 0.8304555
v -0.02052217 0.007637321 0.8291488
v -0.02010113 0.007906615 0.8277714
v -0.01967269 0.007906615 0.8263701
v -0.01791304 0.004180133 0.8206145
v -0.01772207 0.002868354 0.8199899
v -0.01967269 -0.007906615 0.8263701
v -0.02010113 -0.007906615 0.8277714
v -0.02052217 -0.007637321 0.8291488
v -0.0209217 -0.007107973 0.8304555
v -0.02128601 -0.006336629 0.8316469
v -0.02160257 -0.005349457 0.8326824
v -0.02216899 0.001459062 0.834535
v -0.02205175 0.002868354 0.8341515
v -0.02128601 0.006336629 0.8316469
v -0.02160257 0.005349457 0.8326824
v -0.01925158 0.007637321 0.8249927
v -0.01885211 0.007107973 0.823686
v -0.01848787 -0.006336629 0.8224946
v -0.01925158 -0.007637321 0.8249927
v -0.02186071 -0.004180133 0.8335269
v -0.02205175 -0.002868354 0.8341515
vn -0.03222751 -0.9987487 0.0376293
vn 0.03979611 -0.9844661 0.1709036
vn -0.01788383 -0.9993897 0.0293588
vn 0.02447581 -0.9869076 0.1592456
vn -0.007934808 -0.9980468 0.06170839
vn -0.04733419 -0.9976196 0.04995876
vn 0.04901272 -0.9851375 0.1644642
vn 0.04507583 -0.9848933 0.1670888
vn 0.02526932 -0.9850764 0.1701101
vn 0.03262424 -0.9852901 0.1676381
vn -0.01715135 -0.9996643 0.01916557
vn -0.02710038 -0.9993286 0.02368235
vn 0.04943996 -0.9783319 0.2009949
vn -0.03073209 -0.9992676 0.02142399
vn 0.08377331 -0.988403 0.1264076
vn 0.07919549 -0.98764 0.1351054
vn -0.0716269 -0.9927061 0.09683519
vn 0.07394635 -0.9869686 0.142796
vn -0.06802576 -0.9943541 0.08114868
vn 0.06845301 -0.9863277 0.1497238
vn -0.05981624 -0.9960631 0.06537061
vn 0.06219667 -0.9857784 0.1559801
vn 0.05536055 -0.9852901 0.161626
vn -0.002990782 -0.9998779 0.0147404
vn 0.01116973 -0.9997864 0.01632738
vn 0.01763969 -0.9848323 0.1724906
vn 0.02172917 -0.9996033 0.01660203
vn 0.009979546 -0.9848018 0.1733756
vn -0.06018245 -0.9878537 0.1431623
vn 0.0889309 -0.9899899 0.1093173
vn -0.06677448 -0.9891049 0.1310464
vn 0.08722186 -0.9892575 0.11713
vn -0.07260352 -0.9901731 0.1193884
vn -0.07284766 -0.9912717 0.1096225
vn -0.04226809 -0.985992 0.1611377
vn 0.09018218 -0.9923093 0.08474987
vn -0.05136263 -0.986816 0.1533555
vn 0.0909146 -0.9913633 0.0941801
vn 0.08847314 -0.9906919 0.1033356
vn 0.03463846 -0.9992066 0.01828056
vn 0.04654067 -0.9985961 0.02496409
vn 0.001831054 -0.9846492 0.1744743
vn 0.05612349 -0.9979553 0.02960294
vn -0.006042659 -0.9847407 0.1737418
vn 0.06591993 -0.9971313 0.03653061
vn -0.01498454 -0.9848018 0.1730094
vn 0.07440412 -0.9961242 0.04635757
vn -0.02352976 -0.985107 0.1702933
vn 0.08105713 -0.995117 0.05594038
vn -0.03308206 -0.9854122 0.1667531
vn 0.08603167 -0.9940489 0.06643879
vn 0.08786278 -0.9931333 0.07690662
vn -0.00439465 -0.9852901 0.17069
vn -0.02471995 -0.9969787 0.07345801
vn -0.008819818 -0.9906308 0.136082
vn -0.01144438 -0.9814447 0.1912595
vn 0.02218693 -0.9855648 0.1676687
vn -0.1019929 -0.9921568 0.07196265
vn 0.0170598 -0.9848018 0.1727958
vn -0.09552294 -0.993347 0.06390571
vn 0.01373332 -0.984283 0.1760002
vn -0.08764916 -0.9947813 0.05209505
vn 0.009582757 -0.9846797 0.174047
vn -0.08383435 -0.9955748 0.04202395
vn -0.02047789 -0.9989624 0.0401318
vn -0.01837211 -0.9812616 0.1917478
vn -0.02365183 -0.9811396 0.1918088
vn -0.003875792 -0.9990845 0.04242068
vn -0.03070157 -0.9806208 0.1934263
vn 0.01083403 -0.9987792 0.04763936
vn -0.03802603 -0.9804682 0.1929075
vn 0.02307194 -0.9982299 0.05444496
vn 0.04971462 -0.9912106 0.1225013
vn -0.1024506 -0.9822993 0.156682
vn 0.04696798 -0.9899289 0.1334879
vn -0.104831 -0.9830927 0.1499679
vn 0.04382455 -0.9889218 0.1417585
vn -0.1109347 -0.9837642 0.1409345
vn 0.04202395 -0.9880978 0.1477401
vn -0.1144139 -0.9851375 0.1280251
vn 0.03549301 -0.9873654 0.1543015
vn -0.1156957 -0.986755 0.1135899
vn 0.02917569 -0.9864193 0.1614734
vn -0.1140171 -0.9885861 0.09836113
vn -0.1094088 -0.9905087 0.08282721
vn -0.04416024 -0.9804376 0.1916868
vn -0.05224764 -0.9801325 0.19129
vn 0.03299045 -0.9973754 0.06418043
vn -0.06057924 -0.980102 0.1888485
vn 0.04119998 -0.9963988 0.07397687
vn -0.06845301 -0.980224 0.1854915
vn 0.04638808 -0.9952086 0.08600115
vn -0.07702869 -0.9803766 0.1813409
vn 0.05008083 -0.9939268 0.09772026
vn -0.08423107 -0.9807123 0.1763359
vn 0.05078279 -0.992584 0.1103244
vn -0.08941918 -0.9812311 0.170751
vn -0.09738457 -0.9815669 0.1642811
vn 0.01742607 -0.9920347 0.1245765
vn -0.002471983 -0.9894711 0.1446577
vn 0.01742607 -0.9920347 0.1245765
vn -0.01742607 0.990112 0.1391339
vn -0.01742607 0.990112 0.1391339
vn 0.02612382 0.9848323 0.1714835
vn -0.0408948 0.9988708 0.02380442
vn -0.1913205 0.1764885 -0.9655141
vn -0.03088468 0.999115 0.02838218
vn -0.1263161 0.6198614 -0.7744072
vn -0.01681566 0.9993591 0.03106784
vn -0.01742607 0.990112 0.1391339
vn -0.006469905 0.9994507 0.03192234
vn 0.02581864 0.976928 0.211951
vn 0.01058989 0.9830317 0.1829584
vn -0.01742607 0.990112 0.1391339
vn 0.01715135 0.9835506 0.1796929
vn 0.02258366 0.9841914 0.1755119
vn 0.03183078 0.9853511 0.1672719
vn 0.03723257 0.9860836 0.1619922
vn -0.01742607 0.990112 0.1391339
vn 0.04007077 0.9868465 0.1564683
vn 0.04574722 0.9875485 0.1504257
vn -0.01742607 0.990112 0.1391339
vn 0.04971462 0.9884945 0.1427655
vn -0.01742607 0.990112 0.1391339
vn 0.05236971 0.9894711 0.1348918
vn -0.01742607 0.990112 0.1391339
vn 0.006622493 0.9993897 0.03402811
vn 0.2272713 0.6489151 -0.7260964
vn 0.02142399 0.9989013 0.04113894
vn 0.03344827 0.9981079 0.05121004
vn -0.01742607 0.990112 0.1391339
vn 0.04312264 0.9971313 0.06204408
vn 0.4239631 0.6739097 -0.6050295
vn -0.01745659 0.990112 0.1391339
vn 0.05032497 0.9960021 0.07339698
vn -0.01742607 0.990112 0.1391339
vn 0.0521866 0.995056 0.0844447
vn 0.602588 0.7352824 -0.3101291
vn 0.05539107 0.9943236 0.09076201
vn -0.01745659 0.990112 0.1391339
vn 0.05780202 0.993347 0.0994293
vn 0.7710807 0.5457015 -0.328013
vn 0.05652028 0.9923399 0.1097751
vn -0.01742607 0.990112 0.1391339
vn 0.05697804 0.9914548 0.1172826
vn 0.05587935 0.9904477 0.1258888
vn 0.0527665 0.9789727 0.1969969
vn 0.01742607 0.9920347 0.1245765
vn 0.03756827 0.9846187 0.1705985
vn 0.01742607 0.9920347 0.1245765
vn 0.03344827 0.9843745 0.1728568
vn 0.01742607 0.9920347 0.1245765
vn 0.02694779 0.9841304 0.1752678
vn 0.02044737 0.9840694 0.176519
vn 0.01742607 0.9920347 0.1245765
vn -0.004882931 0.9839168 0.1785333
vn 0.01745659 0.9920347 0.1245765
vn 0.001159667 0.9837642 0.1792657
vn 0.01742607 0.9920347 0.1245765
vn 0.008331537 0.9836726 0.1796319
vn 0.01519817 0.9839473 0.1777092
vn 0.01742607 0.9920347 0.1245765
vn -0.02914518 0.9843135 0.1739555
vn 0.01742607 0.9920347 0.1245765
vn -0.02121031 0.9840083 0.1767327
vn -0.01300084 0.9837642 0.1788995
vn -0.2585223 0.5883663 -0.7661367
vn -0.02148503 0.9994812 0.02307194
vn 0.01742607 0.9920347 0.1245765
vn 0.01742607 0.9920347 0.1245765
vn -0.0686056 0.9874874 0.141911
vn -0.7033906 0.6606647 0.2621235
vn -0.06595045 0.9866939 0.1484725
vn 0.01742607 0.9920347 0.1245765
vn -0.06018245 0.9859615 0.1556138
vn 0.01742607 0.9920347 0.1245765
vn -0.05139315 0.9855648 0.1612598
vn 0.01742607 0.9920347 0.1245765
vn -0.04614394 0.9849238 0.1666616
vn -0.03860586 0.9844661 0.1711173
vn -0.03118991 0.9992371 0.02331614
vn -0.04242068 0.9985656 0.03189182
vn -0.4835963 0.5792108 -0.656209
vn -0.05069124 0.9979858 0.03778189
vn 0.01742607 0.9920347 0.1245765
vn -0.06213563 0.9970092 0.0458998
vn -0.6877041 0.5805536 -0.4358348
vn -0.07181 0.9955443 0.06091493
vn 0.01742607 0.9920347 0.1245765
vn -0.07794427 0.9939879 0.07650989
vn -0.7814875 0.5959044 -0.184698
vn -0.08197271 0.9924314 0.09137237
vn 0.01742607 0.9920347 0.1245765
vn -0.08185064 0.9909055 0.1065401
vn -0.7790765 0.623249 0.06772053
vn -0.07992798 0.9894406 0.1207617
vn -0.07480084 0.9882199 0.1333354
vn -0.4573504 0.01406902 -0.8891568
vn -0.5274819 0.02438426 -0.8491775
vn -0.4184393 0.6773278 -0.6050295
vn -0.373394 0.6783959 -0.6327098
vn -0.2880947 0.6592609 -0.6945098
vn -0.318247 0.00021363 -0.9479964
vn -0.5177465 0.02816855 -0.8550371
vn -0.5182348 0.02685624 -0.854793
vn 0.3118686 0.6645405 -0.6790063
vn 0.3159887 0.6673483 -0.674337
vn 0.3841975 0.02380442 -0.9229103
vn 0.3155003 0.6634114 -0.678457
vn 0.3657033 -0.003997921 -0.9306619
vn 0.482223 0.03076261 -0.8754845
vn 0.3800165 0.6631062 -0.6448561
vn 0.2045961 0.6557207 -0.7267068
vn 0.1897946 0.02206486 -0.9815669
vn 0.05194246 0.6856594 -0.7260354
vn 0.0323801 0.005157589 -0.9994507
vn 0.06274604 0.6757103 -0.7344585
vn -0.1915036 0.01580858 -0.9813532
vn -0.05093538 0.6560259 -0.7529832
vn 0.06314277 0.6767479 -0.7334514
vn -0.1970885 0.6800439 -0.7061373
vn -0.2063966 0.6850185 -0.6986297
vn -0.1924802 0.695761 -0.6919767
vn 0.1309549 0.9907224 -0.03579819
vn 0.1553392 0.98764 -0.02087461
vn 0.1285134 0.9914548 -0.022309
vn 0.4573809 -0.01406902 -0.8891568
vn 0.5274514 -0.02438426 -0.8492081
vn 0.4184393 -0.6773278 -0.6050295
vn 0.373394 -0.6783959 -0.6327098
vn 0.2880947 -0.6592609 -0.6945098
vn 0.318247 -0.00021363 -0.9479964
vn 0.5377056 -0.02642899 -0.8426771
vn 0.5177465 -0.02816855 -0.8550371
vn 0.5182653 -0.02685624 -0.854793
vn -0.3118991 -0.6645405 -0.6790063
vn -0.3159887 -0.6673483 -0.674337
vn -0.3841975 -0.02380442 -0.9229103
vn -0.3155003 -0.6634114 -0.678457
vn -0.3657033 0.003967404 -0.9306619
vn -0.4828944 -0.03070157 -0.8750877
vn -0.3799859 -0.6631062 -0.6448561
vn -0.5303812 -0.02594071 -0.8473159
vn -0.2045961 -0.6557207 -0.7267068
vn -0.1897946 -0.02206486 -0.9815669
vn -0.05197298 -0.6856594 -0.7260354
vn -0.0323801 -0.005157589 -0.9994507
vn -0.06274604 -0.6757103 -0.7344585
vn 0.1915036 -0.01580858 -0.9813532
vn 0.05093538 -0.6560259 -0.7529832
vn -0.06314277 -0.6767479 -0.7334514
vn 0.1970885 -0.6800439 -0.7061373
vn 0.2063966 -0.6850185 -0.6986297
vn 0.1924802 -0.695761 -0.6919767
vn -0.4128239 -0.1267128 0.9019441
vn -0.3508408 0.02941983 0.9359416
vn -0.4846034 -0.01126128 0.87463
vn -0.4889065 -0.02594071 0.8719443
vn 0.5264443 -0.04910427 0.8487503
vn 0.5182043 -0.02697831 0.854793
vn 0.4464552 -0.03625595 0.8940398
vn 0.5175939 -0.02819907 0.8551287
vn 0.5291299 -0.02691727 0.8480789
vn 0.4873806 -0.1546373 0.8593402
vn 0.3473007 0.000640889 0.9377422
vn 0.3539232 -0.1153294 0.9281289
vn -0.008880853 0.03317362 0.9993897
vn 0.06289863 -0.1311686 0.9893491
vn 0.1807001 0.00753802 0.9834895
vn 0.2205267 -0.1365092 0.9657582
vn 0.2717063 -0.1216773 0.9546495
vn -0.2840052 -0.1199072 0.9512619
vn -0.2116764 -0.1378826 0.9675283
vn -0.2059084 0.006805598 0.978515
vn -0.08883935 -0.1335795 0.9870296
vn -0.003479063 -0.1181371 0.9929807
vn -0.04602187 -0.9962462 -0.07318335
vn 0 1 0
vn 0 1 0
vn 0 1 0
vn 0 1 0
vn 0 1 0
vn 0 1 0
vn 0 1 0
vn 0 1 0
vn 0 1 0
vn 0 1 0
vn 0 1 0
vn 0 1 0
vn 0 1 0
vn 0 1 0
vn 0 1 0
vn 0 1 0
vn 0 1 0
vn 0 1 0
vn 0 1 0
vn 0 1 0
vn 0 1 0
vn 0 1 0
vn 0 1 0
vn 0 1 0
vn 0 1 0
vn 0 1 0
vn 0 1 0
vn 0 1 0
vn 0 1 0
vn 0 1 0
vn 0 1 0
vn 0 1 0
vn 0 1 0
vn 0 1 0
vn 0 1 0
vn 0 1 0
vn 0 1 0
vn 0 1 0
vn 0 1 0
vn 0 1 0
vn 0 1 0
vn 0 1 0
vn 0 1 0
vn 0 1 0
vn 0 1 0
vn 0 1 0
vn 0 1 0
vn 0 1 0
vn 0 1 0
vn 0 1 0
vn 0 1 0
vn 0 1 0
vn 0 1 0
vn 0 1 0
vn 0 1 0
vn 0 1 0
vn 0 1 0
vn 0 1 0
vn 0 1 0
vn 0 1 0
vn 0 1 0
vn 0 1 0
vn 0 1 0
vn 0 1 0
vn 0 1 0
vn 0 1 0
vn 0 1 0
vn 0 1 0
vn 0 1 0
vn 0 1 0
vn 0 1 0
vn 0 1 0
vn 0 1 0
vn 0 1 0
vn 0 1 0
vn 0 1 0
vn 0 1 0
vn 0 1 0
vn 0 1 0
vn 0 1 0
vn 0 1 0
vn 0 1 0
vn 0 1 0
vn 0 1 0
vn 0 1 0
vn 0 1 0
vn 0 1 0
vn 0 1 0
vn 0 1 0
vn 0 1 0
vn 0 1 0
vn 0 1 0
vn 0 1 0
vn 0 1 0
vn 0 1 0
vn 0 1 0
vn 0 1 0
vn 0 1 0
vn 0 1 0
vn 0 1 0
vn 0 1 0
vn 0 1 0
vn 0 1 0
vn 0.3030183 0.8341014 0.4608905
vn 0.3667715 0.696646 0.616535
vn 0.3336284 0.718894 0.6097598
vn 0.09921562 0.9805292 0.1693472
vn 0.1065096 0.9757683 0.1910458
vn -0.006744563 0.9995422 0.02929776
vn -0.1896725 0.9268777 0.3238624
vn -0.1258888 0.9672842 0.220191
vn -0.1076388 0.9756157 0.1911984
vn 0.02389597 0.9987182 0.04434335
vn 0.08951079 0.9754326 0.2012085
vn 0.02035582 0.9987182 0.04577773
vn 0.07235938 0.9754326 0.2080141
vn 0.01644945 0.9987182 0.04733419
vn 0.05471968 0.9754326 0.2133549
vn 0.01245152 0.9987182 0.04855489
vn 0.03665268 0.9754326 0.2171697
vn 0.008331537 0.9987182 0.04940944
vn 0.01840263 0.9754326 0.2194891
vn 0.004181027 0.9987182 0.04995876
vn 0 0.9754326 0.220252
vn 0 0.9987182 0.05008083
vn -0.01840263 0.9754326 0.2194891
vn -0.004181027 0.9987182 0.04995876
vn -0.03671371 0.9754326 0.2171697
vn -0.008331537 0.9987182 0.04940944
vn -0.05471968 0.9754326 0.2133549
vn -0.01245152 0.9987182 0.04855489
vn -0.07235938 0.9754326 0.2080141
vn -0.01647996 0.9987182 0.04733419
vn -0.08951079 0.9754326 0.201239
vn -0.02035582 0.9987182 0.04580825
vn -0.02438426 0.9987487 0.04330575
vn -0.09833061 0.9803766 0.1707205
vn 0.02182072 0.9993897 0.02612382
vn 0.1258583 0.9672842 0.22013
vn 0.1896725 0.9268472 0.3238624
vn 0.2258675 0.8830836 0.4112064
vn 0.1897641 0.8843044 0.4265572
vn 0.153447 0.8842738 0.440962
vn 0.1160314 0.8843044 0.4522233
vn 0.07779169 0.8843044 0.4603412
vn 0.03903317 0.8843044 0.4652547
vn 0 0.8843044 0.4668722
vn -0.03903317 0.8843044 0.4652547
vn -0.07779169 0.8843044 0.4603412
vn -0.1160314 0.8843044 0.4522233
vn -0.153447 0.8843044 0.440962
vn -0.1897946 0.8843044 0.4265572
vn -0.2276681 0.8841212 0.408002
vn -0.2193976 0.9001129 0.3763237
vn 0.2548295 0.8868069 0.3854793
vn 0.2828761 0.7181006 0.6357921
vn 0.2287057 0.7181311 0.6572161
vn 0.1729484 0.7181311 0.6740318
vn 0.1159703 0.7181311 0.6861476
vn 0.05813771 0.7181311 0.6934416
vn 0 0.7181311 0.695883
vn -0.05813771 0.7181311 0.6934416
vn -0.1159703 0.7181311 0.6861476
vn -0.1729484 0.7181311 0.6740318
vn -0.2287057 0.7181311 0.6572161
vn -0.2828761 0.7181006 0.6357921
vn -0.3366497 0.7174596 0.6098209
vn -0.2836695 0.8364513 0.4688559
vn -0.3487655 0.77163 0.5318766
vn 0.4688864 0.478988 0.7420576
vn 0.4185003 0.4943693 0.7618336
vn 0.3533433 0.4943693 0.7941527
vn 0.2856838 0.4943999 0.8209174
vn 0.2160405 0.4943999 0.8419141
vn 0.1448714 0.4944304 0.8570513
vn 0.07266455 0.4944304 0.8661458
vn 0 0.4943999 0.8691977
vn -0.07266455 0.4944304 0.8661458
vn -0.1448714 0.4944304 0.8570513
vn -0.21601 0.4943999 0.8419446
vn -0.2856838 0.4943999 0.8209174
vn -0.3533433 0.4943693 0.7941832
vn -0.4185003 0.4943693 0.7618336
vn -0.3626209 0.6884365 0.6281015
vn -0.4785608 0.4915006 0.7275918
vn 0.5262001 0.2476882 0.8134709
vn 0.4662312 0.2496414 0.8486893
vn 0.3936277 0.2495193 0.8847316
vn 0.3182775 0.2495193 0.9145482
vn 0.240669 0.2495803 0.9379559
vn 0.1613513 0.2495803 0.9548021
vn 0.08096557 0.2495193 0.9649648
vn 0 0.2495498 0.9683523
vn -0.08096557 0.2495498 0.9649648
vn -0.1613513 0.2495803 0.9548021
vn -0.240669 0.2495803 0.9379559
vn -0.318247 0.2495498 0.9145482
vn -0.3936582 0.2494888 0.8847316
vn -0.4662007 0.2496414 0.8486893
vn -0.5280007 0.2437818 0.8134709
vn -0.5290079 0.3877987 0.7547838
vn -0.525956 0.3199256 0.7880184
vn -0.07794427 0.9969481 -0.002990782
vn -0.1267738 0.9919126 -0.002319395
vn -0.306589 0.9517807 -0.009491205
vn -0.2493667 0.9683828 -0.000122074
vn -0.2802209 0.9599292 -0.000579852
vn -0.3942992 0.9189428 -0.001586914
vn -0.4466994 0.8945586 -0.01287877
vn -0.5807672 0.8138676 -0.01696825
vn -0.557329 0.8302561 0
vn -0.7049776 0.7091891 -0.001373291
vn -0.6982024 0.715598 -0.01940977
vn -0.7523118 0.6587725 -0.002594053
vn -0.827723 0.5611133 -0.001434326
vn -0.8001038 0.5994141 -0.02194279
vn -0.9196143 0.3927732 -0.00061037
vn -0.8822901 0.4700461 -0.02459788
vn -0.94879 0.3158055 0.000488296
vn -0.9441511 0.3284097 -0.02630692
vn -0.9772332 0.2121341 0.000457778
vn -0.9913023 0.1255226 -0.03885
vn -0.9031953 0.1026337 -0.4166997
vn -0.8777428 0.1010773 -0.468276
vn -0.8995941 0.02502512 -0.4359264
vn 0.0525223 0.1024811 -0.9933165
vn 0.1105685 0.1009552 -0.9887081
vn 0.07708972 0.02560502 -0.9966735
vn 0.9943236 0.1026948 -0.02743613
vn 0.999115 0.02319401 -0.03503525
vn 0.9888913 0.1033967 -0.1067232
vn 0.9880978 0.02294987 -0.1520432
vn 0.9813227 0.1054109 -0.1608631
vn 0.9014558 0.02111876 -0.4323252
vn 0.903409 0.1022065 -0.4163945
vn 0.9559007 0.02612382 -0.2924283
vn 0.9421674 0.102237 -0.319071
vn 0.959563 0.1007416 -0.2627949
vn 0.9710379 0.09820854 -0.2177495
vn 0.8787195 0.1042817 -0.4657735
vn 0.852443 0.1037629 -0.5123752
vn 0.8243355 0.02209538 -0.5656606
vn 0.8230537 0.105533 -0.558031
vn 0.734489 0.02441477 -0.6781518
vn 0.7597888 0.1011688 -0.6422315
vn 0.7902463 0.1001007 -0.6045412
vn 0.7217628 0.1028473 -0.6844386
vn 0.644734 0.1029389 -0.7574084
vn 0.6241036 0.01974546 -0.7810602
vn 0.601825 0.1050752 -0.7916501
vn 0.5581836 0.1039766 -0.8231452
vn 0.4978179 0.02124083 -0.8670004
vn 0.5126804 0.1053193 -0.8520768
vn 0.3671377 0.02243107 -0.9298685
vn 0.3700064 0.101474 -0.9234596
vn 0.4640644 0.1015961 -0.8799402
vn 0.3180029 0.1035187 -0.942381
vn 0.2667623 0.1035187 -0.9581592
vn 0.2193976 0.02264469 -0.975341
vn 0.2137821 0.1055024 -0.97116
vn 0.1574144 0.09891045 -0.9825434
vn -0.0525223 0.1024811 -0.9933165
vn -0.07333594 0.02059996 -0.9970702
vn -0.1074556 0.1045869 -0.9886776
vn -0.1605884 0.103885 -0.9815058
vn -0.2252571 0.02182072 -0.9740288
vn -0.2137821 0.1055024 -0.97116
vn -0.3629567 0.02380442 -0.931486
vn -0.3162023 0.1012299 -0.9432661
vn -0.268807 0.1006195 -0.957915
vn -0.3688162 0.1029084 -0.9237648
vn -0.4650411 0.1032441 -0.8792077
vn -0.5024567 0.02328562 -0.8642536
vn -0.5126804 0.1052888 -0.8520768
vn -0.7316203 0.02172917 -0.6813563
vn -0.7213355 0.1018403 -0.6850185
vn -0.6215705 0.02667313 -0.7828608
vn -0.6454359 0.1019013 -0.7569506
vn -0.5990173 0.1004974 -0.7943663
vn -0.5619679 0.09747612 -0.8213752
vn -0.7581103 0.103885 -0.6437575
vn -0.791406 0.1036714 -0.6023743
vn -0.8277536 0.02233952 -0.5605945
vn -0.8230537 0.1055635 -0.558031
vn -0.8543046 0.09955137 -0.5100864
vn -0.9422895 0.1027863 -0.3186132
vn -0.9550157 0.02011168 -0.2957854
vn -0.9582507 0.1048616 -0.2659993
vn -0.9712821 0.103946 -0.2139958
vn -0.9889828 0.02157658 -0.1463362
vn -0.9813227 0.1053498 -0.1608631
vn -0.9968566 0.0260933 -0.07467877
vn -0.9892575 0.1011383 -0.1051362
vn -0.4645528 0.02514719 0.8851588
vn -0.4063845 0.02307194 0.9133885
vn -0.2053591 0.02105772 0.9784539
vn -0.2647786 0.02597123 0.9639577
vn -0.1372722 0.02722251 0.9901425
vn -0.002746641 0.02670365 0.9996338
vn 0.2431104 0.01873832 0.9697867
vn 0.1246681 0.02649003 0.9918211
vn 0.6641438 0.02313297 0.7472152
vn 0.501114 0.02636796 0.8649556
vn 0.2567522 0.02612382 0.966094
vn 0.6110721 0.02780234 0.7910703
vn 0.9955443 0.02417063 0.09082305
vn 0.9984741 0.03286838 0.04431283
vn 0.07846307 0.9968871 -0.00213629
vn 0.3062838 0.9518723 -0.008697748
vn 0.2071291 0.9783014 -0.001312255
vn 0.2764977 0.9609363 -0.00967431
vn 0.9070406 0.4209723 -0.00021363
vn 0.8823817 0.4698629 -0.02465891
vn 0.8003785 0.5990173 -0.0230109
vn 0.816065 0.577929 0
vn 0.7441023 0.6680502 -0.000976592
vn 0.6976531 0.7161169 -0.02035582
vn 0.6996368 0.7144688 -0.001403808
vn 0.5807062 0.8139287 -0.01684617
vn 0.5544908 0.8321787 0
vn 0.4470351 0.894406 -0.01272618
vn 0.3863644 0.9222999 -0.006683528
vn 0.5793329 0.8126164 -0.06299018
vn -0.5793634 0.8126164 -0.06299018
vn -0.7968383 0.5979186 -0.08664202
vn 0.8954741 0.3272194 -0.301706
vn 0.8576006 0.3272194 -0.3967406
vn 0.8096866 0.3271889 -0.487167
vn 0.7522507 0.3271889 -0.5718559
vn 0.6859951 0.32725 -0.6498001
vn 0.6117435 0.3272194 -0.7201758
vn 0.5302591 0.3271889 -0.7821283
vn 0.4426099 0.32725 -0.8348338
vn 0.3497726 0.3271889 -0.8778039
vn 0.2527848 0.3271889 -0.9104892
vn 0.1528672 0.32725 -0.9324625
vn 0.05111849 0.3271889 -0.9435408
vn -0.05114901 0.3271889 -0.9435408
vn -0.1528672 0.3272194 -0.9324625
vn -0.2527848 0.3271584 -0.9104892
vn -0.3497726 0.3271889 -0.8778039
vn -0.4425794 0.32725 -0.8348643
vn -0.5302897 0.3271889 -0.7820978
vn -0.6117435 0.3272194 -0.7201758
vn -0.6860256 0.3271889 -0.6498306
vn -0.7522507 0.3271889 -0.5718559
vn -0.8096866 0.3271889 -0.4871364
vn -0.8576312 0.3271584 -0.3967406
vn -0.8954436 0.32725 -0.301706
vn -0.9228187 0.3272194 -0.2031311
vn -0.9393597 0.3272805 -0.1021454
vn -0.7828303 0.5978881 -0.172277
vn -0.7595752 0.5978881 -0.2559282
vn -0.7275002 0.5978576 -0.3365581
vn -0.6868191 0.5978576 -0.4132511
vn -0.6381115 0.5978881 -0.4850917
vn -0.581927 0.5978881 -0.5512253
vn -0.5189062 0.5978881 -0.6109195
vn -0.4498123 0.5978881 -0.6634419
vn -0.3754387 0.5978881 -0.708182
vn -0.296701 0.5978576 -0.7446211
vn -0.214423 0.5978576 -0.7723624
vn -0.1296731 0.5978881 -0.7909787
vn -0.0433973 0.5978576 -0.8003785
vn 0.0433973 0.5978881 -0.8003785
vn 0.1296731 0.5978881 -0.7909787
vn 0.214423 0.5978576 -0.7723624
vn 0.296701 0.5978576 -0.7446211
vn 0.3754387 0.5978576 -0.708182
vn 0.4498123 0.5978881 -0.6634419
vn 0.5189062 0.5979186 -0.610889
vn 0.5818964 0.5978881 -0.5512253
vn 0.638081 0.5978881 -0.4850917
vn 0.6868191 0.5978881 -0.4132206
vn 0.7274697 0.5978576 -0.3365581
vn 0.7596057 0.5978881 -0.2559282
vn 0.9228492 0.3272194 -0.2031311
vn 0.7827998 0.5978881 -0.1723075
vn 0.9393903 0.3271889 -0.1021454
vn 0.7968688 0.5978881 -0.08664202
vn -0.5691397 0.8126164 -0.1252785
vn -0.552263 0.8125858 -0.1860713
vn -0.5289163 0.8126164 -0.2446974
vn -0.4993438 0.8126164 -0.3004547
vn -0.4639424 0.8126164 -0.3526719
vn -0.4230781 0.8126164 -0.4007691
vn -0.3773003 0.8125858 -0.4441664
vn -0.3270363 0.8126164 -0.4823451
vn -0.2729881 0.8125858 -0.5149083
vn -0.2157048 0.8126164 -0.5413678
vn -0.1558885 0.8126164 -0.5615406
vn -0.09427165 0.8125858 -0.5751213
vn -0.03152561 0.8126164 -0.5818964
vn 0.03152561 0.8126164 -0.5818964
vn 0.09427165 0.8125858 -0.5751213
vn 0.1558885 0.8126164 -0.5615406
vn 0.2157048 0.8126164 -0.5413678
vn 0.2729576 0.8125858 -0.5149083
vn 0.3270363 0.8126164 -0.4823451
vn 0.3773003 0.8125858 -0.4441664
vn 0.4230781 0.8126164 -0.4007691
vn 0.4639424 0.8126164 -0.3526719
vn 0.4993743 0.8125858 -0.3004547
vn 0.5289163 0.8126164 -0.2446974
vn 0.5522935 0.8125858 -0.1860713
vn 0.5691702 0.8125858 -0.1252785
vn -0.3070467 0.9510788 -0.03338724
vn -0.3016144 0.9510788 -0.06637775
vn -0.2926725 0.9510788 -0.09860527
vn -0.280343 0.9510788 -0.1296731
vn -0.2646565 0.9510788 -0.159215
vn -0.2458876 0.9510788 -0.1868953
vn -0.2242195 0.9510788 -0.2124088
vn -0.1999573 0.9510788 -0.2354198
vn -0.1733146 0.9510788 -0.2556536
vn -0.1446577 0.9510788 -0.272866
vn -0.1143223 0.9510788 -0.286935
vn -0.08261358 0.9511094 -0.297586
vn -0.04995876 0.9510788 -0.3047884
vn -0.01669359 0.9510788 -0.3083896
vn 0.01669359 0.9510788 -0.3083896
vn 0.04995876 0.9510788 -0.3047884
vn 0.08261358 0.9511094 -0.297586
vn 0.1143223 0.9510788 -0.286935
vn 0.1446577 0.9510788 -0.272866
vn 0.1733146 0.9510788 -0.2556536
vn 0.1999573 0.9510788 -0.2354198
vn 0.22425 0.9510788 -0.2124088
vn 0.2458876 0.9510788 -0.1868953
vn 0.2646565 0.9510788 -0.159215
vn 0.2803125 0.9510788 -0.1296731
vn 0.292703 0.9510788 -0.09860527
vn 0.3016449 0.9510788 -0.06637775
vn 0.3070467 0.9510788 -0.03338724
vn -0.07934808 0.9967955 -0.008606195
vn -0.07794427 0.9967955 -0.01715135
vn -0.07562482 0.9967955 -0.02548295
vn -0.07242041 0.9967955 -0.03347879
vn -0.06836146 0.9967955 -0.04113894
vn -0.0635395 0.9967955 -0.04828023
vn -0.05789357 0.9967955 -0.05487227
vn -0.05163729 0.9967955 -0.06082338
vn -0.04477065 0.9967955 -0.06601148
vn -0.03738516 0.9967955 -0.07049775
vn -0.0295419 0.9967955 -0.07412946
vn -0.02133244 0.9967955 -0.0768761
vn -0.01290929 0.9967955 -0.07870721
vn -0.004303097 0.9967955 -0.07968378
vn 0.004303097 0.9967955 -0.07968378
vn 0.01290929 0.9967955 -0.07870721
vn 0.02133244 0.9967955 -0.07690662
vn 0.0295419 0.9967955 -0.07412946
vn 0.03738516 0.9967955 -0.07049775
vn 0.04477065 0.9967955 -0.06601148
vn 0.05163729 0.9967955 -0.06079286
vn 0.05789357 0.9967955 -0.05487227
vn 0.0635395 0.9967955 -0.04828023
vn 0.06836146 0.9967955 -0.04113894
vn 0.07242041 0.9967955 -0.03347879
vn 0.07562482 0.9967955 -0.02545243
vn 0.07794427 0.9967955 -0.01715135
vn 0.07931756 0.9967955 -0.008606195
vn 0 0.9999695 0
vn 0 0.9999695 0
vn 0 0.9999695 0
vn 0 0.9999695 0
vn 0 -1 0
vn 0 -1 0
vn 0 -1 0
vn 0 -1 0
vn 0 -1 0
vn 0 -1 0
vn 0 -1 0
vn 0 -1 0
vn 0 -1 0
vn 0 -1 0
vn 0 -1 0
vn 0 -1 0
vn 0 -1 0
vn 0 -1 0
vn 0 -1 0
vn 0 -1 0
vn 0 -1 0
vn 0 -1 0
vn 0 -1 0
vn 0 -1 0
vn 0 -1 0
vn 0 -1 0
vn 0 -1 0
vn 0 -1 0
vn 0 -1 0
vn 0.5673391 -0.02813804 0.8229926
vn 0.5567797 -0.03341776 0.8299814
vn 0.5262306 -0.0260933 0.84991
vn 0.5483871 -0.03952145 0.8352611
vn 0.5579089 -0.07620471 0.8263802
vn 0.5377972 -0.07675403 0.8395642
vn 0.4797815 -0.07669299 0.8739891
vn 0.4952849 -0.02649003 0.8683127
vn 0.6052431 -0.03073209 0.7954344
vn 0.585223 -0.0305795 0.8102664
vn 0.6093936 -0.02133244 0.7925352
vn 0.628071 -0.03640854 0.7772759
vn 0.3631398 -0.07907342 0.9283425
vn 0.3319804 -0.08365124 0.9395428
vn 0.2954802 -0.02133244 0.9550768
vn 0.2465896 -0.07644885 0.966094
vn 0.2598346 -0.02758872 0.9652394
vn 0.3358562 -0.01684617 0.9417402
vn 0.3575243 -0.01977598 0.9336833
vn 0.4077273 -0.08035522 0.9095432
vn 0.3885312 -0.01684617 0.9212623
vn 0.4416334 -0.07831048 0.8937346
vn 0.4285409 -0.01669359 0.9033173
vn 0.4792932 -0.02487254 0.8772851
vn -0.06460767 -0.07693713 0.9949339
vn -0.002410948 -0.02984708 0.9995422
vn 0.02526932 -0.02398753 0.9993897
vn 0.08450573 -0.0758385 0.9935301
vn 0.06192201 -0.02392649 0.9977722
vn 0.09799492 -0.02331614 0.9949034
vn 0.1239662 -0.07510602 0.9894101
vn 0.113712 -0.01660203 0.993347
vn 0.1701101 -0.08197271 0.9819941
vn 0.1432234 -0.0135197 0.9895932
vn 0.2058779 -0.07770007 0.9754631
vn 0.1840266 -0.004913449 0.9828791
vn 0.2386242 -0.02465891 0.9707938
vn -0.1268044 -0.07510602 0.9890744
vn -0.1051973 -0.02063047 0.994232
vn -0.08255255 -0.07528913 0.9937132
vn -0.07388532 -0.02304142 0.9969787
vn -0.1026032 -0.07675403 0.9917295
vn -0.03292942 -0.01971495 0.9992371
vn -0.2089907 -0.07675403 0.9748833
vn -0.2143925 -0.02392649 0.9764397
vn -0.1642506 -0.07702869 0.9833979
vn -0.1720023 -0.02246159 0.9848323
vn -0.1296731 -0.01620531 0.9913938
vn -0.4428541 -0.07754749 0.8932157
vn -0.4063845 -0.02121031 0.913419
vn -0.4063234 -0.0773949 0.9104282
vn -0.3746147 -0.02313297 0.9268777
vn -0.3669241 -0.07519757 0.9271829
vn -0.358623 -0.02404856 0.9331645
vn -0.3278298 -0.07538068 0.9417096
vn -0.3073519 -0.02551347 0.9512314
vn -0.2463759 -0.07745593 0.9660634
vn -0.2621235 -0.02502512 0.9646901
vn -0.2329173 -0.02697831 0.9721061
vn -0.5520188 -0.03234958 0.8331859
vn -0.5340129 -0.02368235 0.8451186
vn -0.5532701 -0.08233892 0.8288827
vn -0.4961089 -0.02252262 0.8679464
vn -0.5395062 -0.08297979 0.8378552
vn -0.4800257 -0.07748645 0.8738059
vn -0.4627827 -0.02642899 0.8860439
vn -0.4452651 -0.02157658 0.8951079
vn -0.5603199 -0.03259372 0.827601
vn -0.577105 -0.02838218 0.8161565
vn -0.5898618 -0.0305795 0.8069094
vn -0.5882138 -0.02975553 0.8081302
vn -0.6201056 -0.0318613 0.7838374
vn -0.6089358 -0.02594071 0.7927488
vn -0.627369 -0.02826011 0.7781915
vn 0.5270547 -0.2438123 0.8140813
vn 0.4662312 -0.2496109 0.8486893
vn 0.3936277 -0.2495193 0.8847316
vn 0.318247 -0.2495193 0.9145482
vn 0.2406384 -0.2495803 0.9379559
vn 0.1613513 -0.2495803 0.9548021
vn 0.08096557 -0.2495498 0.9649648
vn 0 -0.2495803 0.9683218
vn -0.08096557 -0.2495498 0.9649648
vn -0.318247 -0.2495498 0.9145482
vn -0.240669 -0.2495803 0.9379559
vn -0.1613513 -0.2495803 0.9548021
vn -0.3936582 -0.2494888 0.8847316
vn -0.4662312 -0.2496414 0.8486893
vn -0.5254067 -0.2472915 0.8141118
vn -0.3012482 -0.8407544 0.4497818
vn -0.3352458 -0.6847743 0.6470229
vn -0.3337199 -0.718833 0.6097903
vn -0.08795434 -0.9847713 0.1498764
vn -0.1065401 -0.9757683 0.1910458
vn 0.01489299 -0.9995728 0.02508616
vn 0.1792962 -0.9346599 0.3069247
vn 0.1091952 -0.974395 0.1964781
vn 0.1081576 -0.9755241 0.19129
vn -0.02389597 -0.9987182 0.04434335
vn -0.08951079 -0.9754326 0.201239
vn -0.02035582 -0.9987182 0.04580825
vn -0.07235938 -0.9754326 0.2080141
vn -0.01644945 -0.9987182 0.04733419
vn -0.05471968 -0.9754326 0.2133549
vn -0.01245152 -0.9987182 0.04855489
vn -0.03665268 -0.9754326 0.2171697
vn -0.008331537 -0.9987182 0.04940944
vn -0.01840263 -0.9754326 0.2194891
vn -0.004181027 -0.9987182 0.04995876
vn 0 -0.9754326 0.220252
vn 0 -0.9987182 0.05008083
vn 0.01840263 -0.9754326 0.2194891
vn 0.004181027 -0.9987182 0.04995876
vn 0.03671371 -0.9754326 0.2171697
vn 0.008331537 -0.9987182 0.04940944
vn 0.05471968 -0.9754326 0.2133549
vn 0.01245152 -0.9987182 0.04855489
vn 0.07235938 -0.9754326 0.2080141
vn 0.01644945 -0.9987182 0.04733419
vn 0.08951079 -0.9754326 0.201239
vn 0.02035582 -0.9987182 0.04577773
vn 0.02465891 -0.9987792 0.04275637
vn 0.08368176 -0.9853511 0.1482894
vn -0.1116672 -0.9734489 0.1997131
vn -0.1801813 -0.9341105 0.3081454
vn -0.2259285 -0.8831446 0.4110538
vn -0.1897641 -0.8843044 0.4265572
vn -0.153447 -0.8843044 0.440962
vn -0.1160314 -0.8843044 0.4522233
vn -0.07779169 -0.8843044 0.4603412
vn -0.03903317 -0.8843044 0.4652547
vn 0 -0.8843044 0.4668722
vn 0.03903317 -0.8843044 0.4652547
vn 0.07779169 -0.8843044 0.4603412
vn 0.1160314 -0.8843044 0.4522233
vn 0.153447 -0.8843044 0.440962
vn 0.1897946 -0.8843044 0.4265572
vn 0.227485 -0.8839992 0.4083377
vn 0.2110049 -0.9083529 0.361034
vn -0.250618 -0.8937041 0.3720816
vn -0.2828761 -0.7181006 0.6357921
vn -0.2287057 -0.7181311 0.6572161
vn -0.1729484 -0.7181311 0.6740318
vn -0.1159703 -0.7181311 0.6861476
vn -0.05813771 -0.7181311 0.6934416
vn 0 -0.7181311 0.695883
vn 0.05813771 -0.7181311 0.6934416
vn 0.1159703 -0.7181311 0.6861476
vn 0.1729484 -0.7181311 0.6740318
vn 0.2287057 -0.7181311 0.6572161
vn 0.2828761 -0.7181006 0.6357921
vn 0.3362835 -0.7176122 0.6098209
vn 0.2775964 -0.8450881 0.4568316
vn 0.3633229 -0.7667165 0.5292215
vn -0.4185003 -0.4943693 0.7618336
vn -0.3533433 -0.4943693 0.7941832
vn -0.2856838 -0.4943999 0.8209174
vn -0.2160405 -0.4943999 0.8419446
vn -0.1448714 -0.4944304 0.8570513
vn -0.07266455 -0.4944304 0.8661458
vn 0 -0.4943999 0.8691977
vn 0.07266455 -0.4944304 0.8661458
vn 0.1448714 -0.4944304 0.8570513
vn 0.2160405 -0.4943999 0.8419141
vn 0.2856838 -0.4943999 0.8209174
vn 0.3533433 -0.4943693 0.7941832
vn 0.4185003 -0.4943693 0.7618336
vn 0.3389996 -0.6914579 0.6378979
vn 0.4772484 -0.4916532 0.7283242
vn 0.07797479 -0.9969481 -0.003082334
vn 0.1419721 -0.9898374 -0.001953184
vn 0.3069857 -0.9516587 -0.009704828
vn 0.4177679 -0.908536 -0.000549333
vn 0.4467604 -0.894528 -0.01330602
vn 0.5358135 -0.8442946 0.000457778
vn 0.5809198 -0.8137456 -0.01763969
vn 0.6912443 -0.7225868 -0.001068115
vn 0.6979583 -0.7158116 -0.02026426
vn 0.8173772 -0.5760674 -0.000915555
vn 0.8001648 -0.5993225 -0.0230109
vn 0.9149449 -0.4035462 -0.000244148
vn 0.8823207 -0.4698935 -0.02545243
vn 0.9759209 -0.2179937 0.000518815
vn 0.9441206 -0.3284707 -0.02716147
vn 0.9944456 -0.100528 -0.03027433
vn 0.9996338 -0.02612382 0
vn 0.9971313 -0.07556378 0
vn 0.9988708 -0.02612382 -0.03921627
vn -0.9910275 -0.1279946 -0.03805655
vn -0.9970702 -0.01953184 -0.07324439
vn -0.988464 -0.1033967 -0.1104465
vn -0.9869076 -0.02233952 -0.1596118
vn -0.9803461 -0.1056856 -0.166509
vn -0.9515671 -0.02551347 -0.3063143
vn -0.9569994 -0.10065 -0.2719504
vn -0.9692984 -0.09820854 -0.2253792
vn -0.8914762 -0.01995909 -0.4525589
vn -0.8968169 -0.1023896 -0.4303415
vn -0.9384747 -0.1024201 -0.329783
vn -0.7761772 -0.1008026 -0.6223945
vn -0.8109683 -0.1055024 -0.575457
vn -0.8070925 -0.02108824 -0.5899838
vn -0.8422803 -0.103885 -0.5289163
vn -0.8703879 -0.10477 -0.4810327
vn -0.7047334 -0.1008636 -0.7022309
vn -0.7087314 -0.0228278 -0.7050691
vn -0.6208381 -0.1033356 -0.7770623
vn -0.5849788 -0.02233952 -0.8107242
vn -0.575457 -0.1055635 -0.8109683
vn -0.4562212 -0.02548295 -0.8894619
vn -0.4842982 -0.10065 -0.8690756
vn -0.5259865 -0.09811699 -0.8447829
vn -0.3103733 -0.01989805 -0.9503769
vn -0.329783 -0.1024201 -0.9384747
vn -0.4303415 -0.1023896 -0.8968169
vn -0.1086153 -0.1007416 -0.9889523
vn -0.166509 -0.1055635 -0.9803461
vn -0.1535386 -0.02108824 -0.9879147
vn -0.2215949 -0.1038545 -0.969573
vn -0.275277 -0.10477 -0.9556261
vn -0.001770019 -0.1008331 -0.9948729
vn -0.002563536 -0.02288883 -0.9997254
vn 0.1104465 -0.1033356 -0.988464
vn 0.1596423 -0.02233952 -0.9869076
vn 0.166509 -0.1055635 -0.9803461
vn 0.3063448 -0.02551347 -0.9515671
vn 0.4525284 -0.01995909 -0.8915067
vn 0.4303415 -0.1023896 -0.8968169
vn 0.329783 -0.1024201 -0.9384747
vn 0.2719504 -0.10065 -0.9569994
vn 0.2254097 -0.09814751 -0.9692984
vn 0.6224555 -0.1007721 -0.7761162
vn 0.5754265 -0.1055635 -0.8109683
vn 0.5899838 -0.02108824 -0.807123
vn 0.5288858 -0.1038545 -0.8422803
vn 0.4810022 -0.1047395 -0.8704184
vn 0.7022309 -0.1008636 -0.704764
vn 0.7050691 -0.0228278 -0.7087314
vn 0.7770928 -0.1034272 -0.620777
vn 0.8107242 -0.02233952 -0.5849788
vn 0.8109989 -0.1056246 -0.575396
vn 0.9503769 -0.01995909 -0.3103733
vn 0.9384441 -0.1023896 -0.3298746
vn 0.8894619 -0.02551347 -0.4562212
vn 0.8968169 -0.1023896 -0.4303415
vn 0.8690451 -0.10065 -0.4843288
vn 0.8447829 -0.09811699 -0.526017
vn 0.9555956 -0.10477 -0.275338
vn 0.969573 -0.1038545 -0.2215644
vn 0.9879147 -0.02108824 -0.1535081
vn 0.9803461 -0.1056246 -0.16657
vn 0.9889218 -0.1008331 -0.1086764
vn -0.3063143 -0.9518723 -0.008728265
vn -0.07852411 -0.9968871 -0.002227842
vn -0.02563554 -0.9994507 0.02008116
vn -0.9882809 -0.1525315 0
vn -0.9441511 -0.3283181 -0.02728354
vn -0.6973479 -0.716422 -0.02023375
vn -0.7482223 -0.6634114 3.05185e-05
vn -0.80047 -0.5988953 -0.0237739
vn -0.8657491 -0.5004425 9.15555e-05
vn -0.8822596 -0.4700155 -0.0255745
vn -0.9471725 -0.3206885 3.05185e-05
vn -0.222663 -0.9748833 -0.000732444
vn -0.2964263 -0.9550157 -0.007629573
vn -0.446791 -0.894528 -0.01260411
vn -0.5810725 -0.813654 -0.01629686
vn -0.4216132 -0.9067354 -0.00451672
vn -0.6011841 -0.7990661 -0.001434326
vn -0.5792413 -0.8125248 -0.06524854
vn -0.7966247 -0.5977355 -0.08975493
vn 0.7965942 -0.5977661 -0.08972442
vn -0.939024 -0.3271584 -0.1057772
vn -0.9212318 -0.3272194 -0.210242
vn -0.8919035 -0.3272194 -0.3120518
vn -0.8513749 -0.3271584 -0.4099857
vn -0.8001038 -0.3271889 -0.5027314
vn -0.7387921 -0.3271584 -0.5891293
vn -0.6681722 -0.3271889 -0.6681722
vn -0.5891599 -0.3270974 -0.7387921
vn -0.5027314 -0.3271889 -0.8001038
vn -0.4099857 -0.3271889 -0.8513749
vn -0.3120823 -0.3271584 -0.891934
vn -0.2102725 -0.3271584 -0.9212623
vn -0.1057772 -0.3271279 -0.939024
vn 0 -0.3271279 -0.9449751
vn 0.1057772 -0.3271279 -0.939024
vn 0.2102725 -0.3271584 -0.9212623
vn 0.3120823 -0.3271584 -0.8919035
vn 0.4099857 -0.3271889 -0.8513749
vn 0.5027314 -0.3271584 -0.8001038
vn 0.5891904 -0.3270974 -0.7387921
vn 0.6681722 -0.3271279 -0.6681722
vn 0.7387921 -0.3271889 -0.5891599
vn 0.8001038 -0.3271584 -0.5027314
vn 0.8513749 -0.3271584 -0.4099857
vn 0.891934 -0.3271584 -0.3120823
vn 0.9212623 -0.3271584 -0.210242
vn 0.9389935 -0.3271584 -0.1057772
vn 0.781518 -0.5977966 -0.1783807
vn 0.7566454 -0.5977661 -0.264748
vn 0.7222511 -0.5977966 -0.3477889
vn 0.6787317 -0.5977966 -0.4264962
vn 0.6267281 -0.5977966 -0.4998016
vn 0.5668508 -0.5977966 -0.5668203
vn 0.4998016 -0.5977966 -0.6267281
vn 0.4264656 -0.5978271 -0.6787317
vn 0.3478195 -0.5977966 -0.7222205
vn 0.2647786 -0.5977661 -0.7566454
vn 0.1783502 -0.5977966 -0.781518
vn 0.08972442 -0.5977966 -0.7965942
vn 0 -0.5977966 -0.8016297
vn -0.08972442 -0.5977966 -0.7965942
vn -0.1783502 -0.5977966 -0.781518
vn -0.264748 -0.5977966 -0.7566454
vn -0.3478195 -0.5977966 -0.7222205
vn -0.4264656 -0.5978271 -0.6787317
vn -0.4998016 -0.5977966 -0.6267281
vn -0.5668203 -0.5977966 -0.5668203
vn -0.6267281 -0.5978271 -0.4997711
vn -0.6787317 -0.5977966 -0.4264656
vn -0.7222205 -0.5977966 -0.3477889
vn -0.7566454 -0.5977966 -0.2647175
vn -0.7815485 -0.5977355 -0.1783807
vn 0.5792413 -0.8125248 -0.06524854
vn 0.5682852 -0.8125248 -0.1297037
vn 0.5501877 -0.8125248 -0.1925107
vn 0.525193 -0.8124943 -0.2529069
vn 0.4935453 -0.8124943 -0.3101291
vn 0.4557329 -0.8125248 -0.3634144
vn 0.4121525 -0.8125248 -0.4121525
vn 0.3634144 -0.8125248 -0.4557024
vn 0.3101291 -0.8124943 -0.4935758
vn 0.2529069 -0.8124943 -0.525193
vn 0.1925107 -0.8125248 -0.5501877
vn 0.1297037 -0.8125248 -0.5682852
vn 0.06524854 -0.8124943 -0.5792719
vn 0 -0.8125248 -0.5829035
vn -0.06524854 -0.8124943 -0.5792719
vn -0.1297037 -0.8125248 -0.5682852
vn -0.1925107 -0.8125248 -0.5501877
vn -0.2529069 -0.8124943 -0.525193
vn -0.3100986 -0.8125248 -0.4935758
vn -0.3634144 -0.8125248 -0.4557024
vn -0.412183 -0.8125248 -0.4121525
vn -0.4557329 -0.8125248 -0.3634144
vn -0.4935453 -0.8125248 -0.3101291
vn -0.5251625 -0.8125248 -0.2529069
vn -0.5501877 -0.8124943 -0.1925107
vn -0.5682852 -0.8125248 -0.1297037
vn 0.3070772 -0.9510178 -0.03457742
vn 0.3012482 -0.9510178 -0.06875818
vn 0.2916959 -0.9510178 -0.1020539
vn 0.2784203 -0.9510483 -0.1340678
vn 0.2616657 -0.9510178 -0.1644032
vn 0.241615 -0.9510178 -0.1926938
vn 0.2185125 -0.9510483 -0.2185125
vn 0.1926633 -0.9510483 -0.241615
vn 0.1644032 -0.9510178 -0.2616657
vn 0.1340678 -0.9510178 -0.2784203
vn 0.1020539 -0.9510483 -0.2916959
vn 0.06875818 -0.9510483 -0.3012482
vn 0.03457742 -0.9510178 -0.3071078
vn 0 -0.9510483 -0.3090304
vn -0.03457742 -0.9510178 -0.3071078
vn -0.06875818 -0.9510483 -0.3012482
vn -0.1020539 -0.9510178 -0.2916959
vn -0.1340678 -0.9510483 -0.2784203
vn -0.1644032 -0.9510178 -0.2616657
vn -0.1926633 -0.9510483 -0.2415845
vn -0.2185125 -0.9510483 -0.2185125
vn -0.241615 -0.9510178 -0.1926633
vn -0.2616657 -0.9510178 -0.1644032
vn -0.2784203 -0.9510483 -0.1340678
vn -0.2916654 -0.9510483 -0.1020234
vn -0.3012482 -0.9510483 -0.06875818
vn -0.3070772 -0.9510483 -0.03457742
vn 0.07940912 -0.9967955 -0.008941888
vn 0.07788324 -0.9967955 -0.01776176
vn 0.0754112 -0.9967955 -0.02636796
vn 0.07196265 -0.9967955 -0.03466898
vn 0.06765949 -0.9967955 -0.04251223
vn 0.06247138 -0.9967955 -0.04980617
vn 0.05648976 -0.9967955 -0.05648976
vn 0.04980617 -0.9967955 -0.06247138
vn 0.04248172 -0.9967955 -0.06762897
vn 0.03466898 -0.9967955 -0.07199317
vn 0.02636796 -0.9967955 -0.0754112
vn 0.01776176 -0.9967955 -0.07788324
vn 0.008941888 -0.9967955 -0.0793786
vn 0 -0.9967955 -0.07989746
vn -0.008941888 -0.9967955 -0.0793786
vn -0.01776176 -0.9967955 -0.07788324
vn -0.02636796 -0.9967955 -0.0754112
vn -0.03466898 -0.9967955 -0.07199317
vn -0.04251223 -0.9967955 -0.06762897
vn -0.04980617 -0.9967955 -0.06247138
vn -0.05648976 -0.9967955 -0.05648976
vn -0.06247138 -0.9967955 -0.04980617
vn -0.06765949 -0.9967955 -0.04251223
vn -0.07199317 -0.9967955 -0.03466898
vn -0.0754112 -0.9967955 -0.02636796
vn -0.07791376 -0.9967955 -0.01776176
vn -0.07940912 -0.9967955 -0.008941888
vn 0 -1 0
vn 0 -1 0
vn 0 -1 0
vn 0 -1 0
vn 0 -1 0
vn 0 -1 0
vn 0 -1 0
vn 0 -1 0
vn 0 -1 0
vn 0 -1 0
vn 0 -1 0
vn 0 -0.9999695 0
vn 0 -1 0
vn 0 -1 0
vn 0 -1 0
vn 0 -1 0
vn 0 -1 0
vn 0 -0.9999695 0
vn 0 -1 0
vn 0 -1 0
vn 0 -1 0
vn 0 -1 0
vn 0 -1 0
vn 0 -1 0
vn 0 -1 0
vn 0 -1 0
vn 0 -1 0
vn 0 -1 0
vn 0 -1 0
vn 0 -1 0
vn 0 -1 0
vn 0 -1 0
vn 0 -1 0
vn 0 -1 0
vn 0 -1 0
vn 0 -1 0
vn 0 -1 0
vn 0 -1 0
vn 0 -1 0
vn 0 -1 0
vn 0 -1 0
vn 0 -1 0
vn 0 -1 0
vn 0 -1 0
vn 0 -1 0
vn 0 -1 0
vn 0 -1 0
vn 0 -1 0
vn 0 -1 0
vn 0 -1 0
vn 0 -1 0
vn 0 -1 0
vn 0 -1 0
vn 0 -1 0
vn 0 -1 0
vn 0 -1 0
vn 0 -1 0
vn 0 -1 0
vn 0 -1 0
vn 0 -1 0
vn 0 -1 0
vn 0 -1 0
vn 0 -1 0
vn 0 -1 0
vn 0 -1 0
vn 0 -1 0
vn 0 -1 0
vn 0 -1 0
vn 0 -1 0
vn 0 -1 0
vn 0 -1 0
vn 0 -1 0
vn 0 -1 0
vn -0.831782 -0.5550706 0.000366222
vn -0.7907956 -0.6054567 0.08935815
vn -0.09961241 -0.9699698 0.2217475
vn -0.7701346 -0.2475966 0.587817
vn -0.7390057 -0.2108829 0.6397901
vn -0.08798485 -0.4372387 0.8949858
vn -0.8018434 -0.3242592 0.5018464
vn -0.8206122 -0.5673696 -0.06830042
vn -0.1003754 -0.9707938 -0.2178411
vn -0.7825251 -0.6009095 -0.1628468
vn -0.09765923 -0.774102 -0.6254463
vn -0.8096866 -0.4922636 -0.3194372
vn -0.8094729 -0.5413068 -0.2273934
vn -0.06143373 0.8507645 0.521897
vn -0.7517319 0.6566362 0.06082338
vn -0.06079286 0.9968871 0.04971462
vn -0.7513047 0.4927824 0.4388867
vn -0.06082338 0.4836573 0.8731346
vn -0.7137669 0.4370861 0.5471969
vn -0.97528 -0.2132023 0.0577715
vn -0.97763 -0.1979125 0.07074189
vn -0.9941405 -0.1078524 -0.000732444
vn -0.9801935 -0.1794793 0.08331549
vn -0.9829401 -0.1585742 0.09302037
vn -0.9857479 -0.1349833 0.1001312
vn -0.9886471 -0.1100192 0.102237
vn -0.9893186 -0.08993804 0.114597
vn -0.9879757 -0.08261358 -0.1305581
vn -0.9873654 -0.09341716 -0.1279336
vn -0.9874264 -0.1219519 -0.100528
vn -0.9849544 -0.1419721 -0.0984832
vn -0.9822077 -0.1642506 -0.09076201
vn -0.9794915 -0.1847895 -0.07995849
vn -0.9769585 -0.2021241 -0.06811732
vn -0.9748833 -0.2159489 -0.05407875
vn -0.9748833 -0.2176275 -0.04684591
vn -0.9683523 -0.2489395 0.01693773
vn -0.9693594 -0.243263 0.0333262
vn -0.9882199 -0.1528977 -9.15555e-05
vn -0.9714652 -0.2322153 0.04818868
vn -0.9751884 -0.2156438 0.04971462
vn -0.9708548 -0.2352367 -0.04541152
vn -0.9691458 -0.2445753 -0.02984708
vn -0.9681387 -0.2499771 -0.0145573
vn -0.9679556 -0.2510758 0.001556396
vn -0.9895627 -0.09048736 0.1120029
vn -0.9895932 -0.07370215 0.1235389
vn -0.9971923 -0.07422101 -0.006561458
vn -0.9993591 0.02038633 0.02832114
vn -0.999054 0.02520829 0.03469949
vn -0.9961852 0.000915555 0.08709979
vn -0.9978332 0.02380442 0.06094545
vn -0.9961242 0.01751762 -0.08600115
vn -0.9930112 -0.02288883 -0.1156346
vn -0.9984741 -0.05496382 0.002014219
vn -0.9897458 -0.04312264 -0.1361125
vn -0.9890744 -0.07098603 -0.1290017
vn -0.9981079 0.05999934 0.01278722
vn -0.9980163 0.0579546 -0.02441477
vn -0.9973144 0.04312264 -0.0587176
vn -0.9982604 0.04593032 0.0363475
vn -0.999115 0.02356028 0.03454691
vn -0.6856288 -0.6969512 0.2100284
vn -0.02996915 -0.9767754 0.2121341
vn -0.7159032 -0.6906339 0.102298
vn -0.364391 -0.2202215 0.9048128
vn -0.4251533 -0.1525009 0.8921781
vn -0.7739189 -0.1133152 0.6230354
vn 0.1655934 -0.2430494 0.9557482
vn -0.3155919 -0.3694876 0.8739585
vn -0.124607 -0.3576769 0.9254738
vn -0.1319315 -0.6442763 0.7532884
vn -0.02832114 -0.6328318 0.7737358
vn -0.3028047 -0.6387524 0.7072665
vn 0.06170839 -0.586993 0.8072146
vn -0.3657033 -0.5208289 0.7713248
vn -0.1165807 -0.4622028 0.8790552
vn -0.1275979 -0.3539842 0.9264809
vn -0.1378826 -0.723014 0.6768701
vn -0.3556017 -0.7457808 0.5633106
vn 0.02240055 -0.8248543 0.5648366
vn -0.29194 -0.8361461 0.4643391
vn -0.02877891 -0.8526262 0.5216834
vn -0.1407818 -0.9044771 0.4025697
vn -0.3472701 -0.8892788 0.297586
vn -0.09921562 -0.928312 0.3582873
vn 0.0217902 -0.9660024 0.2575152
vn -0.2853786 -0.9424726 0.1738639
vn -0.1407513 -0.9860225 0.08880883
vn -0.3442183 -0.9388409 0.00326544
vn -0.3166906 -0.8572955 -0.4058657
vn 0.01269567 -0.9069185 -0.4210638
vn -0.3426618 -0.8915982 -0.2958769
vn -0.2989898 -0.6838588 -0.6654866
vn -0.0180059 -0.6879177 -0.7255165
vn -0.3218177 -0.7718741 -0.5482345
vn -0.1981567 -0.8115482 -0.5496078
vn -0.1420636 -0.8587604 -0.492233
vn -0.01495403 -0.6844996 -0.728843
vn -0.09201329 -0.6031068 -0.7923216
vn -0.3570666 -0.5335246 -0.766686
vn -0.1722465 -0.5450911 -0.8204596
vn -0.3102817 -0.4300974 -0.8477432
vn 0.01187169 -0.4282662 -0.9035615
vn 0.1713919 -0.2606281 -0.9500717
vn -0.3683279 -0.25309 -0.8945586
vn 0.2431104 -0.1989196 -0.9493698
vn -0.3243507 -0.1346171 -0.9362773
vn 0.4315012 -0.04119998 -0.9011505
vn 0.3641468 -0.07312232 -0.9284341
vn -0.7928404 -0.1066316 -0.5999634
vn -0.2466201 -0.04730367 -0.9679251
vn -0.8613239 -0.0831629 -0.501175
vn -0.7038789 -0.06756794 -0.7070834
vn -0.6906949 -0.1579638 -0.705649
vn -0.4951018 -0.05771046 -0.8668783
vn -0.9124119 -0.1457259 -0.3823969
vn -0.9621571 -0.08499401 -0.2587969
vn -0.8773156 -0.4241157 -0.2244636
vn -0.883755 -0.3799554 -0.2730796
vn -0.890347 -0.3282266 -0.3155003
vn -0.8977325 -0.2676473 -0.3498642
vn -0.9041414 -0.2022156 -0.3763237
vn -0.8719443 -0.4585406 -0.1714224
vn -0.8679769 -0.4832911 -0.1141087
vn -0.8653523 -0.4980621 -0.05551314
vn -0.8645284 -0.5024873 0.005645871
vn -0.8655965 -0.4963225 0.06582838
vn -0.8683737 -0.4795068 0.126194
vn -0.8728904 -0.4522233 0.1830195
vn -0.6819056 -0.2534562 -0.6860866
vn -0.6761986 -0.3671682 -0.6386609
vn -0.666036 -0.4711447 -0.5782647
vn -0.6601154 -0.5604114 -0.5001373
vn -0.6513565 -0.6365551 -0.4128849
vn -0.6465041 -0.6949065 -0.3147679
vn -0.6409192 -0.7380902 -0.2106997
vn -0.2852565 -0.9493088 -0.1318094
vn -0.6385388 -0.7628102 -0.1016571
vn -0.6374706 -0.7703787 0.01010161
vn -0.6384167 -0.7599719 0.1217383
vn -0.6422315 -0.7305826 0.231788
vn -0.64626 -0.6846523 0.3369548
vn -0.6539506 -0.6195563 0.4340648
vn -0.6598712 -0.5402692 0.5221412
vn -0.6697287 -0.44438 0.5948973
vn -0.6758019 -0.3378094 0.6550798
vn -0.685934 -0.2206183 0.6933805
vn -0.3657643 -0.09204381 0.9261147
vn -0.5406965 -0.1069673 0.834376
vn -0.6905423 -0.1157567 0.71395
vn -0.8205512 -0.1205176 0.5587024
vn -0.8785669 -0.414716 0.2368541
vn -0.8849757 -0.3684194 0.2846767
vn -0.8922697 -0.3126011 0.3257241
vn -0.8989532 -0.2510758 0.3588977
vn -0.9064303 -0.1826533 0.3807489
vn -0.9128086 -0.1197241 0.3903928
vn -0.7850887 -0.06686604 0.6157414
vn -0.4923856 -0.03952145 0.8694723
vn -0.863918 -0.0737937 0.4981231
vn -0.8068178 -0.01922661 0.5904721
vn -0.2568438 0.04153567 0.9655446
vn -0.4952543 0.01721239 0.8685568
vn -0.7066256 -0.02966398 0.7069308
vn -0.8600116 -0.04062008 0.5085909
vn -0.9621571 -0.08520764 0.2587969
vn -0.4250923 0.8446913 0.3251442
vn -0.737022 0.6269112 0.2524796
vn -0.7169103 0.5689566 0.4028138
vn -0.827723 0.4442579 0.3426923
vn -0.4026612 0.7626575 0.506119
vn -0.39906 0.5585498 0.727134
vn -0.8225654 0.3013703 0.482223
vn -0.3788568 0.2782372 0.8825953
vn -0.8167364 0.1109042 0.5662099
vn -0.8588824 0.4727928 0.1967833
vn -0.9323405 0.281991 0.2261726
vn -0.793939 0.5413068 0.2767113
vn -0.8154851 0.5349285 0.2208929
vn -0.2457655 0.9071016 0.3416547
vn -0.9271523 0.1934263 0.3208716
vn -0.710654 0.4096499 0.5719169
vn -0.9255043 0.06469923 0.3731193
vn -0.704825 0.1931516 0.6825464
vn -0.9940184 -0.0328989 0.1039155
vn -0.9414655 0.3070162 0.1391339
vn -0.801355 0.5639516 0.1993468
vn -0.9444563 0.3056123 0.1206396
vn -0.7421796 0.6317636 0.2236701
vn -0.4295175 0.8545488 0.291879
vn -0.9429914 0.3016144 0.1405682
vn -0.7402875 0.6194342 0.2612385
vn -0.4205756 0.8417615 0.3383587
vn -0.5693839 0.7693106 0.2897122
vn -0.7191687 0.6484268 0.2495498
vn -0.9333476 0.3315531 0.1373943
vn -0.98764 0.140263 0.06955164
vn -0.8605304 -0.02404856 -0.5087741
vn -0.9654225 -0.06253242 -0.2530289
vn -0.9268777 0.07306128 -0.3681448
vn -0.4946135 0.02703934 -0.8686789
vn -0.7070834 -0.01599168 -0.7069002
vn -0.7034822 0.2027649 -0.6811426
vn -0.9251381 0.2074343 -0.3178808
vn -0.9285562 0.3009125 -0.2172613
vn -0.9304788 0.3549913 -0.09030425
vn -0.9306314 0.3628041 0.04776144
vn -0.7079989 0.4193243 -0.5682241
vn -0.7121189 0.585223 -0.3877682
vn -0.7143773 0.6809595 -0.1610156
vn -0.7148045 0.6941435 0.08471935
vn -0.3784601 0.2833949 -0.8811304
vn -0.3928648 0.5607471 -0.7288125
vn -0.3982971 0.7709586 -0.4969329
vn -0.401471 0.891995 -0.2076479
vn -0.4018983 0.9095737 0.1054414
vn -0.8643453 -0.06143373 -0.4990692
vn -0.4972991 -0.03430277 -0.8668783
vn -0.2607196 0.04177981 -0.964507
vn -0.7966552 -0.06305122 -0.6010926
vn -0.7890866 -0.05014187 -0.6122013
vn -0.8053529 -0.004486203 -0.5927305
vn 0.5907468 -0.01763969 0.8066347
vn 0.5720084 -0.01794487 0.8200019
vn 0.5701163 -0.01806694 0.8213447
vn -0.007873773 -0.9409162 0.3384503
vn -0.9247108 0.2020325 0.3225501
vn -0.864681 0.2183294 0.4523453
vn 0.05365151 -0.911832 0.4069643
vn -0.79223 0.2556536 0.5540636
vn 0.06720173 -0.8888516 0.4531999
vn -0.828547 0.03457742 0.5588244
vn -0.9205908 0.0516678 0.3870052
vn -0.9206824 -0.005645871 0.3902097
vn -0.3810846 -0.2899563 0.8778649
vn -0.1094698 -0.289346 0.9509263
vn -0.3781243 -0.1405682 0.9150059
vn -0.1069063 -0.2088381 0.9720756
vn -0.1146275 -0.1282998 0.9850764
vn -0.1120029 -0.3663136 0.9237037
vn -0.1133762 -0.4416028 0.8899808
vn -0.3825495 -0.4380322 0.8134709
vn -0.1079745 -0.5173803 0.8489029
vn -0.1143223 -0.5193945 0.8468276
vn -0.3860591 -0.5667287 0.7278054
vn -0.3869442 -0.6855678 0.6166265
vn -0.1144444 -0.7116001 0.6931669
vn -0.1138035 -0.6519669 0.7496262
vn -0.1163976 -0.5840022 0.8033387
vn -0.3905149 -0.7775201 0.4928434
vn -0.1163671 -0.7708976 0.6261788
vn -0.1093478 -0.7693106 0.6293832
vn -0.1136204 -0.8554643 0.505234
vn -0.1144749 -0.8906827 0.4399243
vn -0.3869442 -0.8492996 0.3590808
vn -0.111362 -0.9235817 0.3668325
vn -0.3878902 -0.8749046 0.2898648
vn -0.1169164 -0.9372234 0.3285012
vn -0.7205115 -0.6325266 0.2841578
vn -0.7238686 -0.6526383 0.2236701
vn -0.5700247 -0.7794122 0.2599567
vn -0.9459822 -0.3023469 0.1168553
vn -0.5496689 -0.002105772 0.8353527
vn -0.3807489 -0.01434367 0.9245582
vn -0.1149632 -0.02304142 0.9930723
vn -0.7182226 -0.5803705 0.3837702
vn -0.7155675 -0.5051729 0.4824061
vn -0.7126988 -0.41377 0.5664235
vn -0.7089755 -0.3104343 0.633198
vn -0.7053438 -0.1971495 0.680868
vn -0.700766 -0.07858514 0.709006
vn -0.7013154 0.01718187 0.7126072
vn -0.9368878 -0.3122044 0.1572313
vn -0.934843 -0.2844935 0.2123172
vn -0.9327372 -0.2424085 0.2668233
vn -0.9302347 -0.1915951 0.3129063
vn -0.9272744 -0.1340678 0.3495285
vn -0.924131 -0.07138276 0.3752861
vn -0.992523 -0.1083407 0.05569624
vn -0.9986877 -0.02996915 0.04116946
vn -0.9981384 -0.02307194 0.05590987
vn -0.9974365 -0.01174962 0.07025361
vn -0.9965819 0.001647949 0.08243048
vn -0.9956054 0.01709032 0.09204381
vn -0.9945067 0.03390604 0.09872734
vn -0.9933775 0.05151522 0.1024811
vn -0.9924314 0.07226783 0.09897148
vn -0.1220435 -0.9490951 0.2903531
vn -0.3946654 -0.8767052 0.2749718
vn -0.1016571 -0.9408552 0.32313
vn -0.3988464 -0.8698691 0.2902005
vn -0.1213416 -0.9363689 0.3292642
vn -0.394055 -0.8641011 0.3130283
vn -0.1120334 -0.9328593 0.3423566
vn -0.1264992 -0.9425032 0.3092135
vn -0.1235389 -0.9435408 0.3072603
vn -0.09939879 -0.9480575 0.3020722
vn -0.1178625 -0.9293497 0.3498642
vn -0.3937193 -0.8555864 0.3359783
vn -0.1238441 -0.9276101 0.3523972
vn -0.112186 -0.9106723 0.3975646
vn -0.1175268 -0.9148533 0.3862423
vn -0.3910642 -0.8469497 0.3601489
vn -0.1218604 -0.9195532 0.373516
vn -0.1139256 -0.9237343 0.3656117
vn -0.1193579 -0.9091464 0.3989074
vn -0.3900265 -0.836726 0.3843806
vn -0.1182287 -0.9042634 0.4102298
vn -0.1969359 -0.9017304 0.3847774
vn -0.1174047 -0.9139683 0.3883481
vn -0.9991455 -0.02746665 0.02996915
vn -0.9992066 -0.02649003 0.02938932
vn -0.9406415 -0.3187353 0.1166112
vn -0.7264016 -0.652974 0.2143315
vn -0.9400922 -0.3175756 0.1238746
vn -0.9989929 -0.03167819 0.03082364
vn -0.9990234 -0.03021329 0.03143405
vn -0.9989013 -0.03189182 0.03363138
vn -0.9392682 -0.3162938 0.1329691
vn -0.9987792 -0.0333262 0.03588974
vn -0.9384747 -0.3145543 0.1423993
vn -0.9986572 -0.03442484 0.03805655
vn -0.9376812 -0.312418 0.1520737
vn -0.9985046 -0.03537094 0.04104739
vn -0.9368572 -0.3098544 0.1620227
vn -0.9981689 -0.04452645 0.04052853
vn -0.9284341 -0.334727 0.1610156
vn -0.7257302 -0.6491897 0.2275765
vn -0.7246925 -0.6442152 0.2445143
vn -0.7236244 -0.6384778 0.2619709
vn -0.7225868 -0.6320689 0.2798547
vn -0.7215491 -0.6247444 0.298349
vn -0.8370007 -0.4973906 0.2280037
vn -0.7177038 -0.6360668 0.2833033
vn -0.3873104 -0.8465834 0.3650014
vn -0.03347879 -0.916715 0.3980835
vn -0.0323801 -0.9066134 0.4206976
vn -0.03372293 -0.9183935 0.3941466
vn -0.03372293 -0.9229103 0.3834651
vn -0.0343638 -0.936491 0.3489486
vn -0.03543198 -0.9450972 0.324778
vn -0.03433328 -0.9327067 0.3589587
vn -0.03152561 -0.9269387 0.3738212
vn -0.03540146 -0.9427168 0.3316752
vn -0.03430277 -0.9517502 0.3049409
vn -0.03421121 -0.94879 0.3139744
vn -0.03421121 -0.8938261 0.4470351
vn -0.04129153 -0.8082522 0.5873287
vn -0.04101687 -0.8505508 0.5242469
vn -0.0328989 -0.6942961 0.7189245
vn -0.03338724 -0.4162725 0.9085971
vn -0.04126101 -0.5674612 0.8223518
vn -0.04071164 -0.6288339 0.7764214
vn -0.033845 -0.1080965 0.9935301
vn -0.04110842 -0.2628559 0.9639272
vn -0.04104739 -0.3366802 0.9407026
vn -0.03485208 -0.01928764 0.999176
vn -0.1370281 0.01440471 0.9904477
vn -0.0348826 0.002746641 0.9993591
vn -0.1469161 0.01229894 0.9890438
vn -0.0348826 0.002929747 0.9993591
vn -0.1468856 0.01229894 0.9890438
vn -0.1483199 0.0135197 0.9888302
vn -0.0348826 0.003021299 0.9993591
vn -0.0348826 0.003295958 0.9993591
vn -0.1463667 0.01452678 0.9891049
vn -0.03958249 0.01458781 0.9990845
vn -0.1481673 0.01477092 0.9888302
vn -0.1453596 0.03442484 0.9887692
vn -0.1131931 0.08819848 0.9896237
vn -0.1060518 0.1302835 0.9857784
vn -0.03982663 0.04129153 0.9983215
vn -0.04187136 0.07925653 0.9959716
vn -0.03527939 0.2856227 0.9576708
vn -0.113773 0.2929777 0.9493088
vn -0.1029389 0.2855617 0.9527879
vn -0.04080319 0.1982787 0.9792779
vn -0.04251223 0.1613513 0.9859615
vn -0.1093783 0.2492141 0.9622181
vn -0.1092562 0.2110354 0.9713431
vn -0.04608291 0.1128879 0.992523
vn -0.1066927 0.1751152 0.9787286
vn -0.111362 0.1362956 0.9843745
vn -0.03421121 0.3628041 0.9312113
vn -0.1215247 0.3682058 0.9217506
vn -0.1037324 0.3672292 0.9243141
vn -0.03509628 0.3199866 0.9467452
vn -0.1111178 0.3248085 0.9392071
vn -0.03796499 0.4803614 0.876217
vn -0.1207922 0.4441969 0.8876919
vn -0.0328989 0.4389172 0.8978851
vn -0.1039766 0.4431898 0.890347
vn -0.03363138 0.3983276 0.9166234
vn -0.1112704 0.4006775 0.9094211
vn -0.03390604 0.5843989 0.8107242
vn -0.04080319 0.6189764 0.7843257
vn -0.09726244 0.6506851 0.7530443
vn -0.103885 0.6213569 0.776574
vn -0.1024506 0.5866878 0.8032777
vn -0.03271579 0.5476546 0.8360546
vn -0.09857475 0.5860164 0.8042543
vn -0.04104739 0.5105441 0.8588519
vn -0.1022065 0.553209 0.8267464
vn -0.099002 0.5169836 0.8502151
vn -0.1109958 0.4756309 0.8725852
vn -0.04086428 0.6833094 0.7289346
vn -0.0974456 0.7101657 0.6972259
vn -0.04168826 0.6462295 0.7619861
vn -0.1021454 0.683401 0.7228309
vn -0.1006195 0.6524857 0.7510606
vn -0.03607285 0.7665944 0.6410413
vn -0.1065401 0.7714164 0.627308
vn -0.09646898 0.7670828 0.6342052
vn -0.04113894 0.708884 0.7040925
vn -0.1019929 0.741905 0.6626789
vn -0.1016266 0.7121495 0.6946013
vn -0.03433328 0.8164617 0.5763421
vn -0.1165807 0.8201239 0.5601367
vn -0.1004059 0.8203375 0.5629444
vn -0.03518784 0.7896359 0.612537
vn -0.1049226 0.7943053 0.5983764
vn -0.03360086 0.8805506 0.4727012
vn -0.1156651 0.8634297 0.4909818
vn -0.03408914 0.8604694 0.5083468
vn -0.09894096 0.8644673 0.4928129
vn -0.03454691 0.8380688 0.5444197
vn -0.1060518 0.8404492 0.5313883
vn -0.03329569 0.9169286 0.3976256
vn -0.1028168 0.9180883 0.3827632
vn -0.03369241 0.8993805 0.4358043
vn -0.09689623 0.901059 0.4226813
vn -0.1063265 0.8806726 0.4615619
vn -0.03411966 0.9323099 0.3600268
vn -0.1029694 0.9475997 0.3023774
vn -0.09686571 0.9338969 0.3440962
vn -0.09543138 0.9344157 0.3431501
vn -0.03555405 0.9791864 0.1997742
vn -0.09833061 0.9782708 0.1824396
vn -0.1042207 0.9689932 0.2240058
vn -0.0343638 0.9585254 0.2828456
vn -0.1000397 0.9598071 0.2621845
vn -0.03396707 0.9465316 0.3207495
vn -0.09955137 0.9599903 0.2616962
vn -0.03552353 0.9924009 0.1176794
vn -0.09817802 0.9899289 0.1016571
vn -0.1036103 0.9841609 0.1437116
vn -0.03549301 0.9857174 0.1644948
vn -0.09811699 0.9782708 0.1825617
vn -0.0358287 0.9987792 0.03317362
vn -0.09964293 0.9948729 0.01568651
vn -0.1073946 0.9920347 0.06567579
vn -0.03494364 0.9961242 0.08041626
vn -0.1036714 0.9897458 0.09799492
vn -0.1033661 0.9893491 -0.1022675
vn -0.1099277 0.9917905 -0.06488233
vn -0.03677475 0.9955443 -0.08664202
vn -0.1008026 0.9925535 -0.06796467
vn -0.0356456 0.9981384 -0.04892116
vn -0.1050142 0.9942625 -0.01947081
vn -0.03561508 0.9993286 -0.003570616
vn -0.1093478 0.9938048 0.01843315
vn -0.09717088 0.9846492 -0.1448103
vn -0.03451639 0.9913328 -0.1267128
vn -0.1023896 0.9772637 -0.1855525
vn -0.03393656 0.9650563 -0.2598041
vn -0.1040376 0.9586474 -0.2648091
vn -0.03494364 0.9716788 -0.2336802
vn -0.09863579 0.9693899 -0.2247077
vn -0.03460794 0.9548631 -0.2949309
vn -0.1042817 0.9334697 -0.3431196
vn -0.09997862 0.9471114 -0.3048799
vn -0.09939879 0.9470504 -0.3052766
vn -0.1013519 0.9184545 -0.3822748
vn -0.03463846 0.9265114 -0.3746147
vn -0.1011688 0.918363 -0.3825495
vn -0.03500473 0.9112522 -0.4102908
vn -0.1044343 0.901883 -0.4191107
vn -0.1013519 0.8831751 -0.4578997
vn -0.03396707 0.89288 -0.4489273
vn -0.1048921 0.8816187 -0.460097
vn -0.03415018 0.8740196 -0.4846339
vn -0.106296 0.863918 -0.4922636
vn -0.1034882 0.840144 -0.5323649
vn -0.0348826 0.8294016 -0.5575121
vn -0.1079745 0.8409986 -0.5301065
vn -0.1043733 0.7934507 -0.5995666
vn -0.0358287 0.7781609 -0.6270028
vn -0.1083712 0.7945799 -0.5973998
vn -0.03457742 0.3756523 -0.9260842
vn -0.1026948 0.3873409 -0.9161657
vn -0.1035187 0.3874935 -0.9160131
vn -0.03558456 0.2534257 -0.9666738
vn -0.1087985 0.2687765 -0.9570299
vn -0.103061 0.3095187 -0.9452803
vn -0.03338724 0.2936796 -0.9552904
vn -0.1042207 0.3096713 -0.9450972
vn -0.03405863 0.3378399 -0.94055
vn -0.1090426 0.3483383 -0.9309672
vn -0.03604233 0.2114017 -0.9767144
vn -0.1028168 0.2273324 -0.9683523
vn -0.03347879 0.1282387 -0.9911496
vn -0.1043733 0.1441999 -0.9840083
vn -0.1051667 0.1441389 -0.9839473
vn -0.03421121 0.172277 -0.9844356
vn -0.1103854 0.1853694 -0.9764397
vn -0.102298 0.2269356 -0.9685049
vn -0.03421121 0.02539139 -0.9990845
vn -0.1092562 0.03732413 -0.993286
vn -0.1055635 0.0615558 -0.9924924
vn -0.03381448 0.0894497 -0.9953917
vn -0.1105991 0.1027558 -0.988525
vn -0.03479105 0.002594053 -0.9993897
vn -0.1493881 0.01196324 -0.9886776
vn -0.0348826 0.002807676 -0.9993591
vn -0.1482894 0.01266515 -0.9888302
vn -0.03491312 0.003082334 -0.9993591
vn -0.1451155 0.01229894 -0.9893186
vn -0.03494364 0.003448545 -0.9993591
vn -0.1124912 0.01312291 -0.9935606
vn -0.03494364 -0.04281747 -0.9984436
vn -0.1149632 -0.04235965 -0.9924619
vn -0.1436506 0.01190221 -0.9895322
vn -0.0348826 0.00238043 -0.9993591
vn -0.149205 0.00967431 -0.9887387
vn -0.1461836 0.01040679 -0.9891964
vn -0.1461531 0.01037627 -0.9891964
vn -0.1091647 -0.08761864 -0.9901425
vn -0.03341776 -0.4889065 -0.8716697
vn -0.115421 -0.5987122 -0.7925657
vn -0.1168859 -0.5319986 -0.8386181
vn -0.03299045 -0.3351848 -0.9415571
vn -0.1125217 -0.3814203 -0.9175085
vn -0.1113925 -0.3831904 -0.9168981
vn -0.03482156 -0.977691 0.2070375
vn -0.1133152 -0.9778436 0.1759697
vn -0.111423 -0.9782403 0.17481
vn -0.03408914 -0.9984436 -0.04348886
vn -0.1160924 -0.9892269 0.08902245
vn -0.1173742 -0.9930418 0.00741595
vn -0.03286838 -0.976989 -0.2106997
vn -0.1150547 -0.9806208 -0.1584215
vn -0.1125217 -0.9807123 -0.1597949
vn -0.03381448 -0.9560228 0.2912381
vn -0.1169469 -0.9574572 0.263741
vn -0.1156346 -0.9779351 0.1738334
vn -0.5498215 -0.008301019 -0.8352306
vn -0.3743705 -0.01886039 -0.9270608
vn -0.3751335 -0.1243934 -0.9185461
vn -0.3863033 -0.9166234 0.1025117
vn -0.3842891 -0.8873867 0.2545549
vn -0.3856319 -0.8974884 -0.2139652
vn -0.3870663 -0.9200415 -0.06045717
vn -0.1163976 -0.9385663 -0.324778
vn -0.1169164 -0.9624317 -0.2449721
vn -0.111301 -0.9122593 -0.3941161
vn -0.3854182 -0.8468276 -0.3664357
vn -0.1147496 -0.8725852 -0.4747459
vn -0.3848994 -0.7737053 -0.5031587
vn -0.1123386 -0.8742943 -0.4721518
vn -0.3836176 -0.6740013 -0.6312754
vn -0.1160008 -0.827662 -0.5490585
vn -0.3819391 -0.5611133 -0.7343059
vn -0.1121555 -0.6657003 -0.7376934
vn -0.1159703 -0.7256081 -0.6782433
vn -0.379284 -0.2846767 -0.8803675
vn -0.3806269 -0.4246345 -0.8214362
vn -0.1164281 -0.239967 -0.963744
vn -0.1138646 -0.3098544 -0.943907
vn -0.1131626 -0.1690115 -0.9790643
vn -0.8286386 0.01828056 -0.5594348
vn -0.7022004 0.007293879 -0.7119053
vn -0.7003083 -0.07882928 -0.7094333
vn -0.9215369 0.03344827 -0.3867611
vn -0.9202246 -0.01547288 -0.3910031
vn -0.9935911 0.04977566 -0.1012299
vn -0.7027192 -0.1967528 -0.6837062
vn -0.7058321 -0.3097323 -0.6370434
vn -0.7083041 -0.4132206 -0.5722831
vn -0.7108066 -0.504532 -0.4900662
vn -0.7126377 -0.5807062 -0.3935667
vn -0.7142552 -0.6392407 -0.2849513
vn -0.7152013 -0.6783959 -0.1679433
vn -0.7157201 -0.6968597 -0.04568618
vn -0.7157201 -0.6939909 0.07788324
vn -0.7151097 -0.6700644 0.1989501
vn -0.922605 -0.08059936 -0.3771783
vn -0.9250466 -0.1433149 -0.3516953
vn -0.9272134 -0.2005981 -0.3162023
vn -0.9291666 -0.251442 -0.2708212
vn -0.9307535 -0.2936796 -0.2177495
vn -0.9320048 -0.3263344 -0.1575365
vn -0.9328288 -0.3480636 -0.09302037
vn -0.9332255 -0.3583178 -0.02526932
vn -0.933195 -0.3567003 0.04306161
vn -0.9327067 -0.3433333 0.1101413
vn -0.9940184 0.03552353 -0.1032441
vn -0.9948424 0.01806694 -0.09958189
vn -0.9956664 0.001220703 -0.09286779
vn -0.9963988 -0.0140385 -0.08359014
vn -0.9970397 -0.0275582 -0.07159638
vn -0.9975585 -0.03885 -0.05749684
vn -0.9979858 -0.04757833 -0.04147464
vn -0.9982604 -0.05334633 -0.02465891
vn -0.9983825 -0.05606245 -0.006744563
vn -0.9983825 -0.05563521 0.01126128
vn -0.9981994 -0.05194246 0.02911466
vn -0.9898679 0.06387519 -0.1267738
vn -0.4977569 0.03845328 -0.8664205
vn -0.4990386 0.03628647 -0.8658101
vn -0.4986114 0.04086428 -0.8658406
vn -0.5459762 0.06357002 -0.8353527
vn -0.3739433 0.04477065 -0.9263588
vn -0.8645284 0.06073182 -0.4988861
vn -0.9893796 0.0640583 -0.1304056
vn -0.8640095 0.06308174 -0.4994354
vn -0.9887997 0.07245093 -0.130314
vn -0.9882504 0.07962274 -0.130375
vn -0.8638874 0.07464826 -0.4980621
vn -0.9874874 0.08847314 -0.130314
vn -0.9886166 0.09360027 -0.1177404
vn -0.9897458 0.1027863 -0.09909355
vn -0.9176 0.09799492 -0.3852046
vn -0.8239387 0.09121978 -0.5592212
vn -0.6982024 0.07870721 -0.711539
vn -0.694998 0.1038545 -0.7114475
vn -0.9146702 0.1152073 -0.3874019
vn -0.35786 0.4225288 0.832667
vn -0.3415021 0.8149052 0.4682149
vn -0.3357647 0.9413129 -0.03405863
vn -0.3721122 0.1421247 -0.9172033
vn -0.3716544 0.07605212 -0.9252297
vn -0.3692129 0.221717 -0.9024934
vn -0.3674734 0.2972503 -0.881222
vn -0.3646351 0.3700979 -0.8544267
vn -0.3613392 0.4411756 -0.8214362
vn -0.1078219 0.4244514 -0.8989837
vn -0.1004974 0.5352641 -0.8386486
vn -0.1128574 0.4948881 -0.861568
vn -0.3578295 0.5079501 -0.7835322
vn -0.1116977 0.4670553 -0.8771325
vn -0.101535 0.4619587 -0.8810389
vn -0.1123996 0.5398114 -0.8342235
vn -0.3561815 0.5708182 -0.7397382
vn -0.1107516 0.5674917 -0.8158819
vn -0.354503 0.6305429 -0.6904508
vn -0.1066316 0.6364025 -0.7639393
vn -0.1008942 0.6041444 -0.7904294
vn -0.1010162 0.6682028 -0.7370525
vn -0.1054109 0.6973785 -0.708884
vn -0.3517258 0.6852321 -0.6376842
vn -0.3516953 0.7348857 -0.5798212
vn -0.1079134 0.7449873 -0.6582537
vn -0.09997862 0.7265847 -0.6797083
vn -0.3453475 0.7789545 -0.5233619
vn -0.3425092 0.8528093 -0.3941771
vn -0.3431806 0.8188116 -0.4601581
vn -0.3417768 0.8819239 -0.3245338
vn -0.3406171 0.9049959 -0.254738
vn -0.3394879 0.9226661 -0.1827143
vn -0.3378094 0.9349956 -0.1076998
vn -0.3385418 0.9342021 0.1122165
vn -0.33549 0.9412214 0.03860586
vn -0.3395184 0.92172 0.1874141
vn -0.3406171 0.902707 0.2627643
vn -0.3406781 0.8792688 0.3328348
vn -0.3419599 0.8486282 0.4035157
vn -0.3482772 0.7251808 0.5939512
vn -0.3444014 0.771691 0.5346538
vn -0.3516343 0.6730858 0.6505936
vn -0.3541368 0.6165044 0.703177
vn -0.3567919 0.5538499 0.7522507
vn -0.357799 0.4879299 0.7961364
vn -0.3660695 0.2726829 0.8897061
vn -0.3607593 0.3512986 0.863918
vn -0.3689078 0.1952879 0.9086886
vn -0.3633229 0.1132236 0.9247413
vn -0.2518388 0.03479105 0.9671316
vn -0.9886166 0.112125 -0.1001923
vn -0.9874569 0.122013 -0.1000092
vn -0.9115269 0.144383 -0.3850215
vn -0.9870907 0.1276284 -0.09653002
vn -0.9082309 0.1799066 -0.3777276
vn -0.9860836 0.1340067 -0.09805595
vn -0.9847102 0.1456648 -0.09543138
vn -0.9049348 0.2140873 -0.367748
vn -0.9832758 0.1569872 -0.09210485
vn -0.9014863 0.2467116 -0.3555101
vn -0.9818415 0.1679433 -0.08795434
vn -0.8979766 0.2782983 -0.3408002
vn -0.9804376 0.1783807 -0.08304083
vn -0.894467 0.3083896 -0.3236793
vn -0.9800714 0.1821345 -0.07898187
vn -0.8910184 0.3364666 -0.3046663
vn -0.9788202 0.1886959 -0.07913446
vn -0.9773553 0.1983093 -0.07358008
vn -0.8876003 0.3626209 -0.2839137
vn -0.975982 0.207068 -0.06753742
vn -0.8843044 0.3867611 -0.2614521
vn -0.9747002 0.2149723 -0.061037
vn -0.8811914 0.4086734 -0.2375255
vn -0.9735404 0.2218695 -0.05420082
vn -0.8782922 0.4282662 -0.2124393
vn -0.9725334 0.2278817 -0.04709005
vn -0.875576 0.4456923 -0.1861629
vn -0.9716483 0.2329478 -0.03973507
vn -0.8731956 0.460738 -0.1587878
vn -0.9717704 0.2331309 -0.03558456
vn -0.8711814 0.4731284 -0.1308023
vn -0.9700309 0.2405164 -0.03408914
vn -0.9692679 0.2444533 -0.02649003
vn -0.8694723 0.4832606 -0.1022065
vn -0.9687491 0.2472609 -0.01889091
vn -0.86816 0.4907681 -0.07318335
vn -0.9684439 0.24897 -0.01113921
vn -0.867275 0.4958953 -0.04342782
vn -0.9682913 0.2497024 -0.003356993
vn -0.8668478 0.4983367 -0.01315343
vn -0.9682913 0.2496719 0.00427258
vn -0.8669393 0.4980926 0.01666307
vn -0.9684134 0.24897 0.01190221
vn -0.8674276 0.4953459 0.04611343
vn -0.9687491 0.2472304 0.01977598
vn -0.8683127 0.4900968 0.07614368
vn -0.9693289 0.244148 0.02768027
vn -0.8697165 0.4819177 0.106296
vn -0.9701529 0.239906 0.03518784
vn -0.8715781 0.4711753 0.1351665
vn -0.9718925 0.2325205 0.03674423
vn -0.8736534 0.4583269 0.1630604
vn -0.9717704 0.2322153 0.04104739
vn -0.9726249 0.2271798 0.04849386
vn -0.8761254 0.442732 0.1906491
vn -0.9737236 0.2207098 0.05584883
vn -0.8789941 0.4241462 0.2177801
vn -0.9749443 0.2133549 0.06274604
vn -0.882107 0.4034852 0.2429578
vn -0.9762566 0.2052064 0.0691244
vn -0.8852809 0.3811151 0.2664876
vn -0.9776605 0.1961424 0.07516705
vn -0.8886075 0.356151 0.2889493
vn -0.9791253 0.1889401 0.07480084
vn -0.8921171 0.3287149 0.3098849
vn -0.9794305 0.1854915 0.07919549
vn -0.9808344 0.1754509 0.08453625
vn -0.8957183 0.2997528 0.3283486
vn -0.9822382 0.164983 0.08917504
vn -0.8991973 0.2696005 0.3445845
vn -0.9836726 0.1537827 0.09320348
vn -0.902646 0.2373729 0.3589282
vn -0.9851375 0.1420331 0.09637743
vn -0.9061251 0.2033448 0.3708304
vn -0.9861446 0.1356853 0.09530925
vn -0.9095126 0.1688589 0.3797723
vn -0.6914884 0.1545152 -0.7056185
vn -0.6877956 0.2162846 -0.6929228
vn -0.6839198 0.2755516 -0.6754967
vn -0.6799524 0.3321329 -0.653676
vn -0.6758934 0.3869137 -0.6272164
vn -0.671865 0.4391003 -0.5964232
vn -0.6678671 0.4878079 -0.5620594
vn -0.6639607 0.5330973 -0.5243385
vn -0.6602374 0.5748466 -0.4833216
vn -0.6566362 0.6128117 -0.4395886
vn -0.6533097 0.6467483 -0.3935362
vn -0.6502274 0.6767479 -0.3451338
vn -0.6475418 0.7027192 -0.2946867
vn -0.6452528 0.7243263 -0.2427747
vn -0.6433607 0.7415998 -0.1898862
vn -0.6418958 0.7546007 -0.1360515
vn -0.6408582 0.7633595 -0.08075195
vn -0.6404309 0.7676016 -0.02450633
vn -0.640553 0.7672659 0.03088468
vn -0.6411328 0.762627 0.08569598
vn -0.6420484 0.7534715 0.1414838
vn -0.6436354 0.739372 0.1974547
vn -0.6458022 0.7210303 0.2510758
vn -0.6482132 0.6987823 0.3024079
vn -0.6509598 0.6717429 0.3534654
vn -0.6541643 0.6396985 0.4034852
vn -0.657796 0.6040834 0.4498123
vn -0.6613972 0.5653249 0.4928434
vn -0.6652425 0.5220496 0.5337077
vn -0.6692099 0.4744713 0.5718253
vn -0.6733909 0.4243599 0.6053346
vn -0.6773889 0.3720206 0.6345714
vn -0.6813563 0.3160802 0.6601459
vn -0.6853237 0.2569658 0.6813563
vn -0.6893216 0.1970885 0.6971038
vn -0.9143345 0.135197 0.381695
vn -0.6925871 0.1401715 0.7075411
vn -0.9865413 0.1301919 0.09857475
vn -0.9878537 0.1185033 0.1001923
vn -0.9866939 0.1018097 0.1265297
vn -0.9617908 0.08914452 0.2588275
vn -0.8610187 0.08658099 0.501114
vn -0.7040925 0.06527906 0.7070528
vn -0.4943388 0.05511641 0.8674886
vn -0.9866024 0.09781181 0.1304056
vn -0.4974212 0.04953151 0.8660848
vn -0.4976348 0.04544204 0.8661763
vn -0.8619953 0.08548229 0.499588
vn -0.9871212 0.09225744 0.1304361
vn -0.8637349 0.07663196 0.4980316
vn -0.9878537 0.08465832 0.130253
vn -0.988525 0.07672351 0.1300088
vn -0.9943846 0.1055635 -0.000274667
vn -0.9972534 0.07376319 -0.005981624
vn -0.9986267 0.05209505 9.15555e-05
vn -0.9926756 0.1207007 0
vn -0.9902951 0.1387371 0
vn -0.9876095 0.1568956 0
vn 0.1645558 -0.96704 0.1942503
vn 0.1429792 -0.9668569 0.2114322
vn 0.2724997 -0.8739585 0.402356
vn 0.8496963 -0.5189978 0.09268468
vn 0.8538774 -0.5183569 0.04657119
vn 0.4853969 -0.873867 0.0267952
vn 0.9930723 -0.1119114 0.03573715
vn 0.9821162 -0.1548814 0.1069063
vn 0.4830164 -0.8739891 0.05301064
vn 0.2544938 -0.9669485 0.01431316
vn 0.227485 -0.8738975 0.429548
vn 0.9943236 -0.1026337 0.02746665
vn 0.9888302 -0.1028779 0.1075778
vn 0.9815669 -0.1029694 0.1609546
vn 0.9750359 -0.1539658 0.1599475
vn 0.9714041 -0.1027863 0.2138737
vn 0.9648427 -0.1545763 0.2124393
vn 0.9583728 -0.1029389 0.2662435
vn 0.9520249 -0.1538438 0.2644734
vn 0.9425642 -0.1027863 0.3177587
vn 0.9361248 -0.1548509 0.3156529
vn 0.9027375 -0.1027253 0.4177069
vn 0.8966033 -0.1548814 0.4148076
vn 0.8787805 -0.1028168 0.4659566
vn 0.872982 -0.1536301 0.4628742
vn 0.8522904 -0.1026337 0.5128636
vn 0.8464919 -0.1546678 0.509415
vn 0.8232674 -0.1027558 0.5582446
vn 0.817774 -0.1537217 0.5545824
vn 0.7918637 -0.1026032 0.6019776
vn 0.786401 -0.1548204 0.5979492
vn 0.722068 -0.1025727 0.6841639
vn 0.7172155 -0.1543931 0.6794946
vn 0.6839503 -0.1026337 0.7222205
vn 0.6794641 -0.1535996 0.7174291
vn 0.6439406 -0.1024811 0.7581408
vn 0.6395459 -0.1542405 0.7530748
vn 0.6019166 -0.1026337 0.7918943
vn 0.5979186 -0.1537522 0.7866451
vn 0.5581836 -0.1024506 0.8233589
vn 0.5544603 -0.1542405 0.8177435
vn 0.465865 -0.1024811 0.878872
vn 0.4629353 -0.1546983 0.8727684
vn 0.4175848 -0.1025727 0.9027985
vn 0.4149907 -0.153325 0.8967864
vn 0.3681448 -0.1023896 0.9241005
vn 0.3656728 -0.1546373 0.9177832
vn 0.3176061 -0.1026032 0.9426252
vn 0.3155003 -0.153386 0.9364299
vn 0.2660909 -0.1024201 0.9584643
vn 0.2642292 -0.1545152 0.9519639
vn 0.1605579 -0.1024201 0.9816889
vn 0.1596728 -0.1543931 0.9750053
vn 0.107181 -0.1025117 0.9889218
vn 0.1067232 -0.1535386 0.9823298
vn 0.05383461 -0.1024201 0.9932554
vn 0.0534684 -0.1540879 0.9866024
vn 0 -0.1025422 0.9947203
vn 0 -0.1532029 0.9881893
vn -0.05383461 -0.1024201 0.9932554
vn -0.05349892 -0.1540879 0.9866024
vn -0.107181 -0.1025117 0.9889218
vn -0.1066927 -0.1535386 0.9823603
vn -0.1605579 -0.1024201 0.9816889
vn -0.1597033 -0.1543931 0.9750053
vn -0.2660909 -0.1024201 0.9584643
vn -0.2642598 -0.1544541 0.9519944
vn -0.3175756 -0.1025422 0.9426558
vn -0.3155003 -0.1532945 0.9364299
vn -0.3681753 -0.1023896 0.9241005
vn -0.3656728 -0.1545152 0.9178137
vn -0.4176458 -0.1025727 0.902768
vn -0.4149602 -0.153447 0.8967864
vn -0.4658955 -0.1024811 0.8788415
vn -0.4629048 -0.1546983 0.8727684
vn -0.558153 -0.1024506 0.8233589
vn -0.5544908 -0.154271 0.8177435
vn -0.6019166 -0.1026032 0.7918943
vn -0.5979492 -0.1537522 0.7866146
vn -0.6439406 -0.1024811 0.7581408
vn -0.6395764 -0.1542405 0.7530748
vn -0.6839808 -0.1025727 0.7222205
vn -0.6794336 -0.1538133 0.7173986
vn -0.722068 -0.1025117 0.6841334
vn -0.7171545 -0.1546678 0.6794946
vn -0.7918332 -0.1026032 0.6020081
vn -0.7865231 -0.1546068 0.5978576
vn -0.8232674 -0.1027558 0.5582446
vn -0.817774 -0.1539658 0.5545213
vn -0.8522904 -0.1026948 0.5128636
vn -0.8464919 -0.1546373 0.5093845
vn -0.878811 -0.1028168 0.4659261
vn -0.8729515 -0.1538438 0.4628742
vn -0.9027375 -0.1026948 0.4176763
vn -0.8966033 -0.1546373 0.4149296
vn -0.9426252 -0.1027863 0.3176061
vn -0.9362163 -0.1544846 0.3155614
vn -0.9584338 -0.1029389 0.2660909
vn -0.9520859 -0.1535386 0.2644124
vn -0.9714347 -0.1028168 0.2138432
vn -0.9648122 -0.1547594 0.2124698
vn -0.9815669 -0.1028473 0.1609546
vn -0.9750969 -0.1535386 0.1599169
vn -0.9888302 -0.1028473 0.1076388
vn -0.9821162 -0.1548204 0.1068148
vn -0.9910581 -0.1281472 0.03653061
vn -0.9864498 -0.154973 0.05359047
vn 0.9996338 -0.02612382 0
vn 0.9963988 -0.03988766 -0.07458722
vn -0.5455183 -0.6077456 -0.5770745
vn -0.7849666 -0.4106265 -0.4638203
vn -0.5934019 -0.4852748 -0.64214
vn -0.2172307 -0.9706412 -0.103122
vn -0.3023164 -0.9408552 -0.1527146
vn -0.1721854 -0.9236732 -0.3422346
vn 0.0489822 -0.8785364 -0.4750816
vn 0.06927698 -0.9402142 -0.3334147
vn -0.09628587 -0.9795526 -0.1765801
vn 0.2963347 -0.6972869 -0.6526383
vn 0.02423167 -0.6805322 -0.7322916
vn 0.2708212 -0.5239723 -0.8074892
vn 0.01635789 -0.5535142 -0.8326365
vn -0.1947081 -0.6439406 -0.7398602
vn 0.04309213 -0.4215522 -0.9057589
vn -0.4035157 -0.4973906 -0.7679373
vn -0.3577685 -0.6008179 -0.7148045
vn -0.2075259 -0.842555 -0.4969634
vn 0.05337685 -0.798822 -0.5991699
vn -1.42752e-05 -0.9999999 0.000525668
vn -1.42752e-05 -0.9999999 0.000525668
vn -1.42752e-05 -0.9999999 0.000525668
vn 1.28419e-05 -0.9999998 0.000550201
vn 1.28419e-05 -0.9999998 0.000550201
vn 1.28419e-05 -0.9999998 0.000550201
vn 4.32403e-05 -0.9999998 0.0005331
vn 4.32403e-05 -0.9999998 0.0005331
vn 4.32403e-05 -0.9999998 0.0005331
vn 3.1743e-05 -0.9999998 0.000598534
vn 3.1743e-05 -0.9999998 0.000598534
vn 3.1743e-05 -0.9999998 0.000598534
vn 5.71596e-05 -0.9999998 0.000583062
vn 5.71596e-05 -0.9999998 0.000583062
vn 5.71596e-05 -0.9999998 0.000583062
vn 2.60658e-05 -0.9999998 0.000531491
vn 2.60658e-05 -0.9999998 0.000531491
vn 2.60658e-05 -0.9999998 0.000531491
vn -2.39651e-05 -0.9999998 0.00058189
vn -2.39651e-05 -0.9999998 0.00058189
vn -2.39651e-05 -0.9999998 0.00058189
vn -6.58499e-06 -0.9999998 0.000592215
vn -6.58499e-06 -0.9999998 0.000592215
vn -6.58499e-06 -0.9999998 0.000592215
vn -1.02317e-05 -0.9999998 0.000594585
vn -1.02317e-05 -0.9999998 0.000594585
vn -1.02317e-05 -0.9999998 0.000594585
vn -5.84221e-05 -0.9999998 0.000598775
vn -5.84221e-05 -0.9999998 0.000598775
vn -5.84221e-05 -0.9999998 0.000598775
vn 2.3232e-05 -0.9999999 0.000539209
vn 2.3232e-05 -0.9999999 0.000539209
vn 2.3232e-05 -0.9999999 0.000539209
vn 7.21407e-06 -0.9999998 0.000541933
vn 7.21407e-06 -0.9999998 0.000541933
vn 7.21407e-06 -0.9999998 0.000541933
vn -3.93538e-06 -0.9999998 0.000551254
vn -3.93538e-06 -0.9999998 0.000551254
vn -3.93538e-06 -0.9999998 0.000551254
vn 3.28664e-05 -0.9999998 0.000546493
vn 3.28664e-05 -0.9999998 0.000546493
vn 3.28664e-05 -0.9999998 0.000546493
vn 1.35645e-05 -0.9999998 0.000562288
vn 1.35645e-05 -0.9999998 0.000562288
vn 1.35645e-05 -0.9999998 0.000562288
vn -5.04027e-06 -0.9999998 0.000562288
vn -5.04027e-06 -0.9999998 0.000562288
vn -5.04027e-06 -0.9999998 0.000562288
vn 1.15926e-05 -1 0.000513703
vn 1.15926e-05 -1 0.000513703
vn 1.15926e-05 -1 0.000513703
vn 0 -0.9999695 0.000518815
vn -0.01242101 -0.9987487 -0.04788351
vn -0.01647996 -0.9987487 -0.04678487
vn -0.008331537 -0.9987487 -0.04879909
vn 0 -0.9987487 -0.04959255
vn -0.004181027 -0.9987487 -0.04943996
vn 0 -0.9999695 0.000518815
vn 0 -0.9999695 0.000549333
vn 3.35093e-05 -0.9999998 0.000525668
vn 3.35093e-05 -0.9999998 0.000525668
vn 3.35093e-05 -0.9999998 0.000525668
vn 0 -0.9999695 0.000518815
vn -0.07242041 -0.996765 0.03402811
vn 0.01644945 -0.9987487 -0.04678487
vn 3.05185e-05 -0.9999695 0.000518815
vn 0.01290929 -0.996765 0.07928705
vn 0.004333615 -0.9967345 0.08029419
vn -0.05160677 -0.996765 0.06131166
vn -0.05789357 -0.996765 0.05542159
vn 0 -0.9999695 0.000549333
vn 0 -0.9999695 0.000549333
vn 0 -0.9999695 0.000549333
vn 0.0203253 -0.9987487 -0.04513686
vn -0.07788324 -0.9969481 0.003540098
vn 0.02389597 -0.9987487 -0.04379403
vn 0.000518815 -0.9990234 -0.04397714
vn -0.004333615 -0.9967345 0.08029419
vn -0.01290929 -0.996765 0.07928705
vn -0.02133244 -0.996765 0.07742542
vn -0.02951139 -0.996765 0.07467877
vn -0.03738516 -0.996765 0.07104706
vn -0.04480117 -0.996765 0.06659138
vn -0.06350898 -0.996765 0.04882961
vn -0.06842249 -0.996765 0.04168826
vn 0 -0.9999695 0.000549333
vn 0 -0.9999695 0.000579852
vn 0.04480117 -0.996765 0.06659138
vn 0 -0.9999695 0.000549333
vn 0.05789357 -0.996765 0.05542159
vn 0.05163729 -0.996765 0.06131166
vn -0.07553327 -0.9967955 0.02600175
vn -0.07794427 -0.9967955 0.01770073
vn -0.07934808 -0.9967955 0.009124994
vn 0.01245152 -0.9987487 -0.04788351
vn 0.008331537 -0.9987487 -0.04879909
vn 0.004150509 -0.9987487 -0.04943996
vn 0.03735464 -0.996765 0.07104706
vn 0.02951139 -0.996765 0.07467877
vn 0 -0.9999695 0.000518815
vn 0.02133244 -0.996765 0.07742542
vn 0 -0.9999695 0.000549333
vn 0 -0.9999695 0.000518815
vn 0.07794427 -0.9967955 0.01770073
vn 0.07553327 -0.9967955 0.02600175
vn 0 -0.9999695 0.000549333
vn 0.07235938 -0.996765 0.03402811
vn 0 -0.9999695 0.000549333
vn 0.06839197 -0.996765 0.04168826
vn 0.06350898 -0.996765 0.04882961
vn 9.15555e-05 -0.9999695 0.000579852
vn 0 -0.9999695 0.000549333
vn 0 -0.9999695 0.000549333
vn 0.07931756 -0.9967955 0.009124994
vn -0.02026426 -0.9987487 -0.04513686
vn 0.07840204 -0.9968871 0.002685606
vn -0.02441477 -0.9987792 -0.04272586
vn 0.02243107 -0.9993897 -0.0266121
vn 0.3259377 -0.1292459 -0.936491
vn 0.3936277 -0.2500687 -0.884579
vn 0.403119 -0.1293069 -0.905942
vn 0.4662312 -0.2500076 -0.8485671
vn 0.4774621 -0.1292154 -0.8690756
vn 0.5073702 -0.2404553 -0.8274789
vn 0.5201575 -0.1449324 -0.84167
vn 0.2912076 -0.7984558 -0.5269021
vn 0.3320109 -0.7199622 -0.6093936
vn 0.2790002 -0.8427076 -0.4604022
vn 0.1135899 -0.9717704 -0.2067323
vn 0.2000488 -0.9194922 -0.3383587
vn 0.2205877 -0.8840602 -0.4119694
vn 0.07513654 -0.9917905 -0.1032746
vn 0.1042207 -0.97528 -0.1947691
vn -0.1648915 -0.9379864 -0.3048189
vn -0.1045259 -0.9725944 -0.2076174
vn -0.1076693 -0.9757073 -0.1907101
vn 0.08951079 -0.9755547 -0.2006286
vn 0.07235938 -0.9755241 -0.2075564
vn 0.05471968 -0.9755547 -0.212775
vn 0.03671371 -0.9755547 -0.2165898
vn 0.01840263 -0.9755241 -0.2189702
vn 0 -0.9755241 -0.2197943
vn -0.01840263 -0.9755241 -0.2189702
vn -0.03665268 -0.9755547 -0.2165898
vn -0.05471968 -0.9755547 -0.212775
vn -0.07242041 -0.9755241 -0.2075564
vn -0.0894497 -0.9755547 -0.2006286
vn -0.0720542 -0.9837947 -0.1639759
vn -0.3358867 -0.7182226 -0.6093326
vn -0.3397626 -0.7847835 -0.5182653
vn -0.2385632 -0.8686789 -0.4340648
vn 0.07577741 -0.9891659 -0.1256447
vn 0.1898251 -0.884518 -0.4261299
vn 0.1534165 -0.8845485 -0.4404431
vn 0.1160314 -0.8845485 -0.451735
vn 0.0778222 -0.8845485 -0.4598834
vn 0.03903317 -0.884579 -0.4647054
vn 0 -0.8845485 -0.4664144
vn -0.03903317 -0.884579 -0.4647054
vn -0.07779169 -0.8845485 -0.4598834
vn -0.1160314 -0.8845485 -0.451735
vn -0.153447 -0.8845485 -0.4404431
vn -0.1897946 -0.884518 -0.4261299
vn -0.2273018 -0.8840907 -0.4082461
vn 0.2397839 -0.9090548 -0.3406781
vn 0.2828456 -0.7185278 -0.6353343
vn 0.2286446 -0.7186194 -0.6567278
vn 0.1729484 -0.7185278 -0.6736046
vn 0.1159703 -0.7185583 -0.6856899
vn 0.05813771 -0.7185583 -0.6929838
vn 0 -0.7185583 -0.6954253
vn -0.05813771 -0.7185583 -0.6929838
vn -0.1159703 -0.7185888 -0.6856899
vn -0.1729179 -0.7185583 -0.6736046
vn -0.2286751 -0.7185888 -0.6567278
vn -0.2828456 -0.7185278 -0.6353648
vn -0.2147892 -0.896115 -0.3883175
vn -0.02063047 -0.7404706 -0.6717429
vn 0.4500259 -0.4799951 -0.7530137
vn 0.4185003 -0.4947966 -0.7615589
vn 0.3533128 -0.4948881 -0.793878
vn 0.2856838 -0.4948271 -0.8206427
vn 0.2160405 -0.4948576 -0.84167
vn 0.1448714 -0.4948576 -0.8567767
vn 0.07266455 -0.4948881 -0.8659017
vn 0 -0.4949492 -0.8688925
vn -0.07266455 -0.4948881 -0.8659017
vn -0.1448714 -0.4948576 -0.8567767
vn -0.2160405 -0.4948576 -0.84167
vn -0.2856838 -0.4948576 -0.8206427
vn -0.3533128 -0.4948576 -0.793878
vn -0.4185003 -0.4947966 -0.7615589
vn -0.3531907 -0.6890774 -0.6327708
vn -0.4767296 -0.4896084 -0.7300333
vn 0.3182775 -0.2500076 -0.9144261
vn 0.2406384 -0.2500687 -0.9378033
vn 0.1614124 -0.2500992 -0.9546495
vn 0.08093506 -0.2500076 -0.9648427
vn 0 -0.2500382 -0.9681997
vn -0.08096557 -0.2500076 -0.9648427
vn -0.1613513 -0.2500992 -0.9546495
vn -0.318247 -0.2500382 -0.9144261
vn -0.3936277 -0.2500382 -0.884579
vn -0.4662312 -0.2500076 -0.8485671
vn 0.6202277 -0.6805322 -0.390057
vn 0.3588671 -0.7049165 -0.6118046
vn 0.3901486 -0.6008484 -0.6976531
vn 0.5966979 -0.4809107 -0.6423536
vn 0.4059572 -0.4975127 -0.7665639
vn 0.1903744 -0.9236427 -0.3325907
vn 0.5273293 -0.7986694 -0.2898343
vn 0.422895 -0.8785058 -0.2221442
vn 0.3063143 -0.9518723 0.009216547
vn 0.1656544 -0.9851985 -0.0433973
vn 0.800409 -0.5989868 0.02331614
vn 0.8920255 -0.4427625 -0.0907315
vn 0.8823817 -0.4698324 0.02490305
vn 0.9441511 -0.3283792 0.02630692
vn 0.9616077 -0.260567 -0.0859096
vn 0.9813837 -0.1687063 -0.09155553
vn 0.9878842 -0.1053193 -0.113773
vn 0.211127 -0.9765313 -0.04220706
vn 0.2687155 -0.9631947 0.004882931
vn 0.4470962 -0.8943755 0.01321446
vn 0.5816828 -0.8132572 0.01541179
vn 0.3541978 -0.9337138 -0.05188143
vn 0.4297617 -0.9028291 -0.01144438
vn 0.6968291 -0.7169713 0.01892143
vn 0.5162816 -0.8560137 -0.02526932
vn 0.6109195 -0.7916806 3.05185e-05
vn 0.7125462 -0.7000641 -0.04614394
vn 0.8027589 -0.5921812 -0.0698263
vn 0.5793329 -0.8125858 0.06344795
vn 0.7968688 -0.5978271 0.08697772
vn -0.8820765 -0.4704428 0.02417063
vn -0.8007447 -0.5985595 0.02246159
vn -0.7968383 -0.5978576 0.08697772
vn 0.9393903 -0.3271279 0.1023285
vn 0.9228187 -0.3271279 0.2032837
vn 0.8954436 -0.3270668 0.3019196
vn 0.8576006 -0.3270058 0.3969237
vn 0.8096866 -0.3269143 0.4873501
vn 0.7522507 -0.3269143 0.5720084
vn 0.6859951 -0.3269143 0.6500138
vn 0.6117435 -0.3267922 0.7203894
vn 0.5302591 -0.3267617 0.7823115
vn 0.4426099 -0.3267617 0.8350475
vn 0.3497421 -0.3266396 0.8780176
vn 0.2527848 -0.3267006 0.9106723
vn 0.1528367 -0.3267312 0.9326457
vn 0.05114901 -0.3267312 0.9437239
vn -0.05114901 -0.3267312 0.9437239
vn -0.1528367 -0.3267312 0.9326457
vn -0.2527848 -0.3267006 0.9106723
vn -0.3497421 -0.3266396 0.8780176
vn -0.4426099 -0.3267617 0.835017
vn -0.5302591 -0.3267617 0.782281
vn -0.611713 -0.3268227 0.7203589
vn -0.6859951 -0.3268532 0.6500138
vn -0.7522507 -0.3269143 0.5720084
vn -0.8096866 -0.3269143 0.4873195
vn -0.8576006 -0.3269753 0.3969542
vn -0.8954436 -0.3270974 0.3018891
vn -0.9228187 -0.3271279 0.2033143
vn -0.9393903 -0.3271889 0.1023591
vn -0.9442121 -0.3282571 0.02624589
vn -0.7827998 -0.5977966 0.1726432
vn -0.7596057 -0.5977355 0.2562639
vn -0.7275002 -0.5976745 0.3368938
vn -0.6868496 -0.5975829 0.4135869
vn -0.6381115 -0.5976135 0.4854274
vn -0.581927 -0.5975829 0.551561
vn -0.5189368 -0.5975219 0.6112552
vn -0.4498123 -0.5975219 0.6637776
vn -0.3754387 -0.5974914 0.7084872
vn -0.296701 -0.5974304 0.7449873
vn -0.214423 -0.5973998 0.7726982
vn -0.1296426 -0.5974609 0.7913144
vn -0.0433973 -0.5973693 0.8007752
vn 0.04336678 -0.5973693 0.8007752
vn 0.1296731 -0.5974609 0.7913144
vn 0.214423 -0.5973998 0.7727287
vn 0.2966704 -0.5974304 0.7449873
vn 0.3754692 -0.5974914 0.7084872
vn 0.4498123 -0.5975219 0.6637776
vn 0.5189062 -0.5975524 0.6112552
vn 0.581927 -0.5975829 0.5515305
vn 0.6381115 -0.5975829 0.4854274
vn 0.6868496 -0.5976135 0.4135869
vn 0.7275002 -0.5976745 0.3368938
vn 0.7596057 -0.597705 0.2562639
vn 0.7827998 -0.5978271 0.1726432
vn -0.6977447 -0.7160253 0.02056944
vn -0.5793329 -0.8125858 0.06344795
vn -0.5691397 -0.8125553 0.1257057
vn -0.5522935 -0.8124943 0.1865291
vn -0.5288858 -0.8124943 0.2451246
vn -0.4993133 -0.8124638 0.300882
vn -0.4639729 -0.8123722 0.3531297
vn -0.4231086 -0.8123722 0.4012268
vn -0.3772698 -0.8123722 0.4446241
vn -0.3270058 -0.8123722 0.4828028
vn -0.2729881 -0.8123112 0.5153356
vn -0.2157048 -0.8123417 0.5417951
vn -0.1558885 -0.8123112 0.5619679
vn -0.09427165 -0.8122807 0.5755486
vn -0.03152561 -0.8122807 0.5823847
vn 0.03152561 -0.8122807 0.5823542
vn 0.09427165 -0.8122807 0.5755486
vn 0.1558885 -0.8123112 0.5619679
vn 0.2157048 -0.8123417 0.5417646
vn 0.2729576 -0.8123417 0.5153051
vn 0.3270363 -0.8123417 0.4828028
vn 0.3773003 -0.8123417 0.4446241
vn 0.4231086 -0.8123722 0.4012268
vn 0.4639424 -0.8124027 0.3531602
vn 0.4993438 -0.8124638 0.300882
vn 0.5289163 -0.8124638 0.2451552
vn 0.5522935 -0.8124943 0.1865291
vn 0.5691702 -0.8125248 0.1257057
vn -0.5808283 -0.8138066 0.01733446
vn -0.4467604 -0.894528 0.01336705
vn -0.3069857 -0.9510788 0.03390604
vn -0.3016754 -0.9510483 0.06689655
vn -0.2926115 -0.9510483 0.09912407
vn -0.2802515 -0.9510178 0.1301919
vn -0.2646565 -0.9509873 0.1597338
vn -0.2458571 -0.9509873 0.1874141
vn -0.2241889 -0.9509873 0.2128971
vn -0.1998962 -0.9509873 0.2358775
vn -0.1733146 -0.9509568 0.2561419
vn -0.1446882 -0.9509263 0.2734153
vn -0.1142613 -0.9509568 0.2873623
vn -0.08258306 -0.9509568 0.2980437
vn -0.04995876 -0.9509263 0.3052766
vn -0.0167241 -0.9509263 0.3088778
vn 0.0167241 -0.9509263 0.3088778
vn 0.04995876 -0.9509263 0.3052766
vn 0.08258306 -0.9509568 0.2980437
vn 0.1142918 -0.9509568 0.2873623
vn 0.1446577 -0.9509263 0.2734153
vn 0.1733146 -0.9509568 0.2561419
vn 0.1998962 -0.9509873 0.2358775
vn 0.2242195 -0.9509873 0.2128971
vn 0.2458571 -0.9509873 0.1874141
vn 0.264626 -0.9510178 0.1597338
vn 0.280282 -0.9510178 0.1301919
vn 0.292642 -0.9510483 0.09909355
vn 0.3016754 -0.9510483 0.06692707
vn 0.3070162 -0.9510788 0.03390604
vn -0.306589 -0.9517807 0.01004058
vn -0.09933775 -0.9949644 -0.01220738
vn -0.2148197 -0.9763177 -0.02502512
vn -0.2737205 -0.9617603 -0.005584836
vn -0.3567308 -0.9339579 -0.02014219
vn -0.4352855 -0.8996247 -0.03369241
vn -0.6073489 -0.7943968 -0.002807676
vn -0.5018769 -0.8641011 -0.03793448
vn -0.8592486 -0.5095371 -0.04480117
vn -0.8089846 -0.586108 -0.04446542
vn -0.7490769 -0.6624042 -0.006439387
vn -0.7455672 -0.6663106 -0.01052886
vn -0.9849544 -0.1308633 -0.1127048
vn -0.9711295 -0.219245 -0.09384441
vn 0.9996338 0.02612382 0
vn 0.9927061 0.09497356 -0.07406842
vn 0.9989318 0.02612382 0.03735464
vn 0.9944456 0.1008942 0.02893149
vn 0.9031648 0.1024811 0.4168218
vn 0.8777123 0.1008636 0.4683981
vn 0.8995941 0.02478098 0.4359569
vn -0.05264443 0.1019623 0.9933775
vn -0.1106601 0.1003754 0.9887692
vn -0.07708972 0.02502512 0.996704
vn -0.9910581 0.1280862 0.03662216
vn -0.9973144 0.02014219 0.0700705
vn -0.9888913 0.1033356 0.1068148
vn -0.9880978 0.0228278 0.1520737
vn -0.9813227 0.1053193 0.1609241
vn -0.9014558 0.02087461 0.4323252
vn -0.8787195 0.1040376 0.465804
vn -0.903409 0.1019318 0.4164556
vn -0.9559007 0.02600175 0.2924588
vn -0.9421979 0.1020844 0.319071
vn -0.959563 0.100589 0.2627949
vn -0.9710379 0.09811699 0.2177801
vn -0.852443 0.1035798 0.5124363
vn -0.8243049 0.0217902 0.5656911
vn -0.8230537 0.1052278 0.558092
vn -0.734489 0.02404856 0.6781518
vn -0.7599109 0.1007416 0.64214
vn -0.7902158 0.09982603 0.6046022
vn -0.7218543 0.1024201 0.6843776
vn -0.644734 0.1025727 0.7574694
vn -0.6241036 0.01928764 0.7810907
vn -0.601825 0.1046479 0.7917112
vn -0.558153 0.1034882 0.8232368
vn -0.4978179 0.02075254 0.8670004
vn -0.5126804 0.10477 0.8521378
vn -0.3671377 0.02194279 0.9298685
vn -0.3698538 0.1009247 0.9235817
vn -0.4641255 0.1011078 0.8799707
vn -0.3178197 0.1029694 0.9425337
vn -0.2667012 0.103061 0.9582507
vn -0.2193976 0.02209538 0.9753715
vn -0.2137821 0.1049531 0.971221
vn -0.1574144 0.09839165 0.9826045
vn 0.05264443 0.1019623 0.9933775
vn 0.07333594 0.02002012 0.9970702
vn 0.1075167 0.1040681 0.9887081
vn 0.1605884 0.1033661 0.9815669
vn 0.2252571 0.02124083 0.9740593
vn 0.2137821 0.1049226 0.971221
vn 0.3629567 0.02331614 0.931486
vn 0.3160802 0.1006805 0.9433577
vn 0.268746 0.1001617 0.957976
vn 0.3687247 0.1023591 0.9238563
vn 0.4651326 0.1027863 0.8792383
vn 0.5024567 0.02279728 0.8642536
vn 0.5126804 0.1048005 0.8521073
vn 0.7316203 0.02136296 0.6813563
vn 0.7213355 0.1015045 0.6850795
vn 0.6215705 0.02621537 0.7828913
vn 0.6454054 0.101474 0.7570422
vn 0.5989868 0.1000702 0.7944273
vn 0.5619679 0.09698778 0.8214362
vn 0.7581103 0.1035493 0.6438185
vn 0.791467 0.1033661 0.6023743
vn 0.8277536 0.02203434 0.560625
vn 0.8230537 0.1052278 0.558092
vn 0.8542741 0.09927672 0.5102084
vn 0.942259 0.1026032 0.3187353
vn 0.9550157 0.0199896 0.2958159
vn 0.9582202 0.1047395 0.2660909
vn 0.9712821 0.1037935 0.2140263
vn 0.9889828 0.02148503 0.1463362
vn 0.9813227 0.1053498 0.1609241
vn 0.9892575 0.1010773 0.1051667
vn 0.9031648 0.2987457 -0.3082064
vn 0.9468673 0.1928464 -0.2573321
vn 0.784753 0.4110233 -0.4638508
vn 0.5455183 0.6077151 -0.5770745
vn 0.5934324 0.4853053 -0.6420789
vn 0.1721854 0.9236732 -0.3422346
vn 0.3035676 0.9405805 -0.1519821
vn 0.4246956 0.8835108 -0.1975463
vn 0.4383679 0.8069094 -0.3957945
vn 0.5851925 0.7580798 -0.287759
vn 0.6847133 0.5868404 -0.4321116
vn 0.807886 0.5288858 -0.2598956
vn 0.2172002 0.9706412 -0.103183
vn 0.3580431 0.9334697 -0.02011168
vn 0.4426404 0.8962066 -0.02868735
vn -0.04947048 0.8786584 -0.4748375
vn -0.2808619 0.8394116 -0.4652242
vn -0.07068085 0.9400006 -0.3337504
vn 0.09506511 0.9797357 -0.1762444
vn -0.04309213 0.4216437 -0.9056978
vn -0.2939237 0.3021332 -0.9067965
vn -0.01632738 0.5535142 -0.8326365
vn 0.1947081 0.6439711 -0.7398297
vn 0.1933957 0.4808496 -0.8551897
vn 0.357799 0.6008484 -0.7148045
vn 0.4035157 0.4973906 -0.7679373
vn 0.1989806 0.297586 -0.9337138
vn 0.3057039 0.7054048 -0.6394543
vn 0.2074038 0.8425855 -0.4969939
vn -0.05334633 0.7987915 -0.5991699
vn 1.42755e-05 0.9999998 0.000525668
vn 1.42755e-05 0.9999998 0.000525668
vn 1.42755e-05 0.9999998 0.000525668
vn -2.51383e-05 0.9999999 0.000541673
vn -2.51383e-05 0.9999999 0.000541673
vn -2.51383e-05 0.9999999 0.000541673
vn -4.14506e-05 1 0.000532793
vn -4.14506e-05 1 0.000532793
vn -4.14506e-05 1 0.000532793
vn -2.9961e-05 0.9999998 0.000595027
vn -2.9961e-05 0.9999998 0.000595027
vn -2.9961e-05 0.9999998 0.000595027
vn -5.02502e-05 0.9999998 0.000583142
vn -5.02502e-05 0.9999998 0.000583142
vn -5.02502e-05 0.9999998 0.000583142
vn -1.48845e-05 1 0.000524376
vn -1.48845e-05 1 0.000524376
vn -1.48845e-05 1 0.000524376
vn 4.11073e-05 0.9999998 0.000577098
vn 4.11073e-05 0.9999998 0.000577098
vn 4.11073e-05 0.9999998 0.000577098
vn -5.25478e-07 0.9999998 0.00059797
vn -5.25478e-07 0.9999998 0.00059797
vn -5.25478e-07 0.9999998 0.00059797
vn 4.28156e-06 0.9999998 0.000601279
vn 4.28156e-06 0.9999998 0.000601279
vn 4.28156e-06 0.9999998 0.000601279
vn 5.8751e-05 0.9999998 0.00060739
vn 5.8751e-05 0.9999998 0.00060739
vn 5.8751e-05 0.9999998 0.00060739
vn -2.6496e-05 0.9999998 0.000542228
vn -2.6496e-05 0.9999998 0.000542228
vn -2.6496e-05 0.9999998 0.000542228
vn -6.5013e-06 0.9999999 0.000546202
vn -6.5013e-06 0.9999999 0.000546202
vn -6.5013e-06 0.9999999 0.000546202
vn 2.29733e-06 0.9999999 0.000553841
vn 2.29733e-06 0.9999999 0.000553841
vn 2.29733e-06 0.9999999 0.000553841
vn -3.2848e-05 0.9999998 0.000548045
vn -3.2848e-05 0.9999998 0.000548045
vn -3.2848e-05 0.9999998 0.000548045
vn -1.61264e-05 0.9999999 0.000562288
vn -1.61264e-05 0.9999999 0.000562288
vn -1.61264e-05 0.9999999 0.000562288
vn 5.04035e-06 0.9999999 0.000562288
vn 5.04035e-06 0.9999999 0.000562288
vn 5.04035e-06 0.9999999 0.000562288
vn -1.15928e-05 0.9999998 0.000513703
vn -1.15928e-05 0.9999998 0.000513703
vn -1.15928e-05 0.9999998 0.000513703
vn 0.02438426 0.9987792 -0.04275637
vn -0.02215641 0.9993897 -0.0267952
vn -0.07843255 0.9968871 0.002685606
vn 0.05160677 0.996765 0.06131166
vn 0.05789357 0.996765 0.05542159
vn 0 0.9999695 0.000518815
vn 0 0.9999695 0.000549333
vn 0 0.9999695 0.000579852
vn -0.04480117 0.996765 0.06659138
vn 0 0.9999695 0.000549333
vn -0.05789357 0.996765 0.05542159
vn -0.05163729 0.996765 0.06131166
vn 0.008331537 0.9987487 -0.04879909
vn 0.01242101 0.9987487 -0.04788351
vn 0 0.9999695 0.000549333
vn -3.05185e-05 0.9999695 0.000518815
vn -0.01290929 0.996765 0.07928705
vn -0.004333615 0.9967345 0.08029419
vn -0.03735464 0.996765 0.07104706
vn -0.02951139 0.996765 0.07467877
vn 0 0.9999695 0.000518815
vn -0.02133244 0.996765 0.07742542
vn 0 0.9999695 0.000549333
vn 0 0.9999695 0.000518815
vn 0 0.9987487 -0.04959255
vn 0.004181027 0.9987487 -0.04943996
vn 0 0.9999695 0.000518815
vn 0 0.9999695 0.000549333
vn -3.35507e-05 0.9999998 0.000525668
vn -3.35507e-05 0.9999998 0.000525668
vn -3.35507e-05 0.9999998 0.000525668
vn 0.07235938 0.996765 0.03402811
vn -0.01644945 0.9987487 -0.04678487
vn 0.004333615 0.9967345 0.08029419
vn 0.01290929 0.996765 0.07928705
vn 0.02133244 0.996765 0.07742542
vn 0.02951139 0.996765 0.07467877
vn 0.03738516 0.996765 0.07104706
vn 0.04480117 0.996765 0.06659138
vn 0.06350898 0.996765 0.04882961
vn 0.06839197 0.996765 0.04165774
vn 0 0.9999695 0.000549333
vn 0 0.9999695 0.000549333
vn 0 0.9999695 0.000549333
vn -0.0203253 0.9987487 -0.04513686
vn 0.07788324 0.9969481 0.003509581
vn -0.02389597 0.9987487 -0.04379403
vn -0.001220703 0.9989624 -0.0451979
vn 0.07553327 0.9967955 0.02600175
vn 0.07794427 0.9967955 0.01770073
vn 0.07931756 0.9967955 0.009124994
vn -0.01245152 0.9987487 -0.04788351
vn -0.008331537 0.9987487 -0.04879909
vn -0.004150509 0.9987487 -0.04943996
vn 0.01647996 0.9987487 -0.04678487
vn -0.07556378 0.9967955 0.02600175
vn 0 0.9999695 0.000549333
vn -0.07235938 0.996765 0.03402811
vn 0 0.9999695 0.000549333
vn -0.06839197 0.996765 0.04168826
vn -0.0635395 0.996765 0.04886013
vn 0.02026426 0.9987487 -0.04513686
vn -0.07931756 0.9967955 0.009124994
vn -0.07794427 0.9967955 0.01770073
vn 0 0.9999695 0.000549333
vn 0 0.9999695 0.000518815
vn 0 0.9999695 0.000549333
vn 0.4030885 0.1293069 -0.905942
vn 0.3936277 0.2500687 -0.884579
vn 0.318247 0.2500076 -0.9144261
vn 0.3259377 0.1292459 -0.936491
vn 0.2406995 0.2500687 -0.9378033
vn 0.1652272 0.12949 -0.977691
vn 0.08096557 0.2500076 -0.9648427
vn 0.08291876 0.1290932 -0.9881283
vn 0 0.2500382 -0.9681997
vn 0 0.1291238 -0.9916074
vn -0.08093506 0.2500076 -0.9648427
vn -0.08288824 0.1291238 -0.9881283
vn -0.1614124 0.2500992 -0.9546495
vn -0.1652577 0.12949 -0.977691
vn -0.240669 0.2500687 -0.9378033
vn -0.2464675 0.1292459 -0.9604786
vn -0.3182775 0.2500382 -0.9143956
vn -0.3259377 0.1292459 -0.936491
vn -0.3936277 0.2500382 -0.884579
vn -0.290994 0.7959838 -0.5307474
vn -0.3319498 0.7199927 -0.6093936
vn -0.07849359 0.9910581 -0.1076083
vn -0.1040376 0.9752495 -0.1950132
vn 0.1656239 0.9374676 -0.3061006
vn 0.1041902 0.9725028 -0.2082278
vn 0.1076693 0.9757073 -0.1907101
vn -0.08951079 0.9755547 -0.2006286
vn -0.07235938 0.9755241 -0.2075564
vn -0.05471968 0.9755547 -0.212775
vn -0.03671371 0.9755547 -0.2165898
vn -0.01840263 0.9755241 -0.2189702
vn 0 0.9755241 -0.2197943
vn 0.01840263 0.9755241 -0.2189702
vn 0.03665268 0.9755547 -0.2165898
vn 0.05471968 0.9755547 -0.212775
vn 0.07242041 0.9755241 -0.2075564
vn 0.0894497 0.9755547 -0.2006286
vn 0.07153534 0.9839473 -0.1634571
vn 0.3357647 0.7182837 -0.6093326
vn 0.3367107 0.7833796 -0.5223853
vn 0.2418286 0.8659627 -0.4376965
vn -0.0788598 0.988464 -0.1290932
vn -0.2203741 0.8841212 -0.4119999
vn -0.1898251 0.884518 -0.4261299
vn -0.1534165 0.8845485 -0.4404431
vn -0.1160314 0.8845485 -0.451735
vn -0.0778222 0.8845485 -0.4598834
vn -0.03903317 0.884579 -0.4647054
vn 0 0.8845485 -0.4664144
vn 0.03903317 0.884579 -0.4647054
vn 0.07779169 0.884518 -0.4598834
vn 0.1160314 0.8845485 -0.451735
vn 0.153447 0.8845485 -0.4404431
vn 0.1897946 0.884518 -0.4261299
vn 0.2272103 0.8840602 -0.4083987
vn 0.2113407 0.901822 -0.3768731
vn -0.1966918 0.9179052 -0.3445234
vn -0.240791 0.9072237 -0.3448591
vn -0.2828456 0.7185278 -0.6353343
vn -0.2286446 0.7185888 -0.6567278
vn -0.1729484 0.7185278 -0.6736046
vn -0.1159398 0.7185583 -0.6856899
vn -0.05813771 0.7185583 -0.6929838
vn 0 0.7185583 -0.6954253
vn 0.05813771 0.7185583 -0.6929838
vn 0.1159703 0.7185583 -0.6856899
vn 0.1729179 0.7185583 -0.6736046
vn 0.2286751 0.7185888 -0.6567278
vn 0.2828456 0.7185278 -0.6353648
vn 0.216834 0.8949248 -0.389935
vn 0.01788383 0.7383343 -0.6741539
vn -0.4586322 0.4890896 -0.7418745
vn -0.4185308 0.4947966 -0.7615589
vn -0.3533128 0.4948576 -0.793878
vn -0.2856838 0.4948576 -0.8206427
vn -0.2160405 0.4948576 -0.84167
vn -0.1448714 0.4948576 -0.8567767
vn -0.07266455 0.4948881 -0.8659017
vn 0 0.4949492 -0.8688925
vn 0.07266455 0.4948881 -0.8659017
vn 0.1448714 0.4948576 -0.8567767
vn 0.2160405 0.4948576 -0.84167
vn 0.2856838 0.4948576 -0.8206427
vn 0.3533128 0.4948881 -0.7938475
vn 0.4185003 0.4947966 -0.7615589
vn 0.3644825 0.6887723 -0.6266366
vn 0.4769127 0.4894558 -0.7300333
vn -0.5087741 0.2382885 -0.8272348
vn -0.4662312 0.2500076 -0.8485671
vn 0.1613513 0.2501297 -0.9546495
vn 0.4662312 0.2500076 -0.8485671
vn 0.5273293 0.2456129 -0.8133488
vn 0.4759666 0.4763634 -0.7392498
vn -0.1709036 0.6077151 -0.7755364
vn 0.06048768 0.4112064 -0.9095126
vn -0.1949522 0.4854579 -0.8522294
vn -0.1903439 0.9236427 -0.3325907
vn 0.06988734 0.8834803 -0.4631794
vn -0.08352911 0.8070009 -0.5845515
vn 0.03494364 0.9712821 -0.2353282
vn 0.03817862 0.9406415 -0.337199
vn -0.3126011 0.9407026 -0.1314737
vn -0.4268319 0.9041414 -0.0167241
vn -0.2304452 0.9688101 -0.0907315
vn -0.4229255 0.8784753 -0.2221747
vn -0.5165563 0.8557695 -0.02816855
vn -0.7719047 0.4214912 -0.4758751
vn -0.5023041 0.6447035 -0.5761895
vn -0.5966979 0.4808802 -0.6423841
vn -0.6202887 0.6805322 -0.3899655
vn -0.3588366 0.7048555 -0.6118656
vn -0.3901181 0.6008484 -0.6976531
vn -0.9033173 0.3197424 -0.2858669
vn -0.8163701 0.5237587 -0.2431715
vn -0.6976836 0.5537279 -0.4545121
vn -0.4059877 0.4975127 -0.7665639
vn 0.2112491 0.8200019 -0.5319376
vn 0.3707389 0.7492905 -0.5487228
vn 0.2489395 0.6940214 -0.6755272
vn -0.09579759 0.9788202 -0.1807306
vn -0.296701 0.8424634 -0.4496902
vn -0.5273599 0.7986999 -0.2897122
vn -0.7043367 0.6951201 -0.1437727
vn -0.2147892 0.9756463 -0.04431283
vn -0.2685629 0.9632252 0.004974484
vn -0.3061006 0.9519333 0.009216547
vn -0.1728873 0.9837947 -0.04715108
vn -0.800409 0.5989563 0.02331614
vn -0.891934 0.4429152 -0.0907315
vn -0.8823207 0.469924 0.02490305
vn -0.9441816 0.3283181 0.02630692
vn -0.9608448 0.2635579 -0.08545178
vn -0.9808954 0.1719412 -0.09088408
vn -0.9877926 0.1066622 -0.1133152
vn -0.6086001 0.7934507 6.1037e-05
vn -0.6971038 0.7166967 0.01928764
vn -0.5814692 0.8133793 0.01574754
vn -0.446852 0.8944975 0.01321446
vn -0.3537706 0.9338969 -0.05151522
vn -0.7124241 0.7002472 -0.04528945
vn -0.8024537 0.5925779 -0.0698263
vn -0.5793329 0.8125858 0.06344795
vn 0.6971954 0.7166051 0.01806694
vn 0.5817744 0.8131657 0.0155034
vn 0.5793329 0.8125858 0.06344795
vn 0.8822291 0.4701376 0.02453684
vn 0.8002869 0.5992004 0.02206486
vn 0.7968688 0.5978271 0.08697772
vn -0.9393903 0.3271889 0.1023285
vn -0.9228187 0.3271279 0.2033143
vn -0.8954436 0.3270974 0.3018891
vn -0.8576006 0.3269753 0.3969542
vn -0.8096866 0.3269143 0.4873501
vn -0.7522507 0.3269448 0.5720084
vn -0.6860256 0.3268532 0.6499832
vn -0.611713 0.3267922 0.7203589
vn -0.5302591 0.3267617 0.7823115
vn -0.4426099 0.3267617 0.835017
vn -0.3497421 0.3266396 0.8780176
vn -0.2527543 0.3267006 0.9106723
vn -0.1528672 0.3267617 0.9326457
vn -0.05114901 0.3267312 0.9437239
vn 0.05114901 0.3267312 0.9437239
vn 0.1528367 0.3267617 0.9326457
vn 0.2527848 0.3266396 0.9106723
vn 0.3497726 0.3266396 0.8780176
vn 0.4426099 0.3267617 0.835017
vn 0.5302591 0.3267617 0.7823115
vn 0.6117435 0.3267922 0.7203589
vn 0.6859951 0.3269143 0.6499832
vn 0.7522507 0.3269143 0.5720084
vn 0.8096866 0.3269143 0.4873501
vn 0.8576006 0.3270058 0.3969237
vn 0.8954436 0.3270668 0.3018891
vn 0.9228492 0.3270974 0.2033143
vn 0.9394208 0.3270974 0.1023285
vn 0.9441816 0.3282876 0.02624589
vn 0.7827693 0.5978271 0.1726432
vn 0.7596362 0.597705 0.2562639
vn 0.7275002 0.5976745 0.3368938
vn 0.6868191 0.5976135 0.4135869
vn 0.6381115 0.5976135 0.4854274
vn 0.5818964 0.5975829 0.551561
vn 0.5189368 0.5975219 0.6112552
vn 0.4498123 0.5975219 0.6637776
vn 0.3754387 0.5974914 0.7085177
vn 0.296701 0.5974304 0.7449873
vn 0.214423 0.5973998 0.7727287
vn 0.1296426 0.5974609 0.7913144
vn 0.0433973 0.5973693 0.8007752
vn -0.04336678 0.5973693 0.8007752
vn -0.1296731 0.5974609 0.7913144
vn -0.214423 0.5973998 0.7727287
vn -0.296701 0.5974304 0.7449873
vn -0.3754692 0.5975219 0.7084872
vn -0.4498123 0.5975219 0.6637471
vn -0.5189062 0.5975219 0.6112552
vn -0.581927 0.5975829 0.5515305
vn -0.6381421 0.5975829 0.4854274
vn -0.6868496 0.5975829 0.4136174
vn -0.7275002 0.5976745 0.3368938
vn -0.7596057 0.5977355 0.2562639
vn -0.7827998 0.5977966 0.1726432
vn -0.7968383 0.5978576 0.08697772
vn 0.5691702 0.8125248 0.1257057
vn 0.5522935 0.8124943 0.1865291
vn 0.5289163 0.8124638 0.2451552
vn 0.4993438 0.8124638 0.300882
vn 0.4639424 0.8124027 0.3531602
vn 0.4231086 0.8123722 0.4012268
vn 0.3773003 0.8123417 0.4446241
vn 0.3270058 0.8123417 0.4828028
vn 0.2729881 0.8123417 0.5153051
vn 0.2157048 0.8123417 0.5417951
vn 0.1558885 0.8123112 0.5619679
vn 0.09427165 0.8122807 0.5755486
vn 0.03152561 0.8122807 0.5823847
vn -0.03152561 0.8122807 0.5823542
vn -0.09427165 0.8122807 0.5755486
vn -0.1558885 0.8123112 0.5619679
vn -0.2157048 0.8123417 0.5417646
vn -0.2729881 0.8123112 0.5153356
vn -0.3270058 0.8123417 0.4828028
vn -0.3772698 0.8123417 0.4446241
vn -0.4231086 0.8123722 0.4012268
vn -0.4639729 0.8123722 0.3531602
vn -0.4993133 0.8124638 0.3008515
vn -0.5288858 0.8124943 0.2451246
vn -0.5522935 0.8124943 0.1865291
vn -0.5691397 0.8125553 0.1257057
vn 0.4456313 0.8951079 0.01104766
vn 0.3069857 0.9510788 0.03390604
vn 0.3016754 0.9510483 0.06689655
vn 0.2926115 0.9510483 0.09912407
vn 0.2802515 0.9510483 0.1301919
vn 0.264626 0.9510178 0.1597338
vn 0.2458876 0.9509873 0.1874446
vn 0.2242195 0.9509873 0.2128971
vn 0.1998962 0.9509873 0.2358775
vn 0.1733146 0.9509568 0.2561419
vn 0.1446882 0.9509263 0.2734153
vn 0.1142613 0.9509568 0.2873623
vn 0.08258306 0.9509568 0.2980437
vn 0.04995876 0.9509263 0.3052766
vn 0.0167241 0.9509263 0.3088778
vn -0.0167241 0.9509263 0.3088778
vn -0.04995876 0.9509263 0.3052766
vn -0.08258306 0.9509568 0.2980437
vn -0.1142918 0.9509568 0.2873623
vn -0.1446577 0.9509263 0.2734153
vn -0.1733146 0.9509568 0.2561419
vn -0.1998962 0.9509873 0.2358775
vn -0.2241889 0.9509873 0.2128971
vn -0.2458571 0.9509873 0.1874141
vn -0.2646565 0.9509873 0.1597338
vn -0.280282 0.9510178 0.1301919
vn -0.2926115 0.9510483 0.09909355
vn -0.3016449 0.9510483 0.06692707
vn -0.3069857 0.9510788 0.03390604
vn 0.3082675 0.9512619 0.007568538
vn 0.09933775 0.9949644 -0.01220738
vn 0.6113773 0.7913144 -0.002197325
vn 0.5078585 0.8607746 -0.03299045
vn 0.2734459 0.9618518 -0.005218625
vn 0.2153691 0.9762261 -0.02389597
vn 0.7488937 0.6625874 -0.01046782
vn 0.7490769 0.6623432 -0.01144438
vn 0.8117313 0.581988 -0.04837179
vn 0.8610187 0.5065462 -0.04531997
vn 0.9713736 0.2181768 -0.09390544
vn 0.9438154 0.3242287 -0.06384468
vn -0.2253487 -0.3903012 -0.8926664
vn -0.1054109 -0.4642475 -0.8793908
vn -0.1891232 -0.8800928 0.4354686
vn 0.005828976 -0.5423445 -0.8401135
vn -0.0712912 -0.9255959 0.3716849
vn 0.03653061 -0.9575793 0.2858058
vn -0.312418 -0.822779 0.4747459
vn -0.4726096 -0.2660909 -0.8401135
vn -0.3493149 -0.3234046 -0.8793908
vn -0.4364147 -0.7558825 0.487991
vn -0.5563219 -0.6819361 0.4747459
vn -0.6675924 -0.6038392 0.4354686
vn -0.7659536 -0.5245217 0.3716849
vn -0.6983246 -0.1886044 -0.6904508
vn -0.5904721 -0.2205877 -0.7762993
vn 0.2870876 -0.8366039 -0.466506
vn 0.2942594 -0.9340495 -0.2023072
vn 0.2475356 -0.7716605 -0.5858638
vn -0.8475601 -0.4471267 0.2858058
vn -0.909299 -0.3745537 0.1811884
vn -0.948851 -0.3095492 0.06179994
vn 0.1857661 -0.6990875 -0.6904508
vn 0.2616657 -0.9627674 -0.06762897
vn 0.2062746 -0.9765008 0.06186097
vn 0.1041597 -0.621662 -0.7762993
vn 0.1302835 -0.9747612 0.1811884
vn -0.9646291 -0.2547685 -0.06762897
vn -0.9560228 -0.2121952 -0.2023072
vn -0.9234291 -0.1834162 -0.3369854
vn 0.7558825 -0.4364147 0.487991
vn 0.5423445 0.005828976 -0.8401135
vn 0.822779 -0.312418 0.4747459
vn 0.8800928 -0.1891232 0.4354686
vn 0.2205877 -0.5904416 -0.7762993
vn 0.6038392 -0.6676229 0.4354381
vn 0.1886349 -0.6983246 -0.6904508
vn 0.5244911 -0.7659536 0.3716849
vn 0.4471572 -0.8475295 0.2857753
vn 0.621662 0.1041597 -0.7762993
vn 0.9575793 0.03653061 0.2858058
vn 0.9255959 -0.07126069 0.3716849
vn 0.2660909 -0.4726096 -0.8401135
vn 0.3234046 -0.3493454 -0.8793908
vn 0.3903318 -0.2253487 -0.8926359
vn 0.6819361 -0.5563219 0.4747459
vn 0.4642475 -0.1054109 -0.8793908
vn 0.6990875 0.1857661 -0.6904508
vn 0.7716605 0.2475356 -0.5858333
vn 0.8366039 0.2870876 -0.466506
vn 0.3744926 -0.9093295 0.1811884
vn 0.3095492 -0.948851 0.06179994
vn 0.1714529 -0.7920469 -0.5858333
vn 0.8914456 0.3028657 -0.3369854
vn 0.9340495 0.29429 -0.2023072
vn 0.9747612 0.130253 0.1811884
vn -0.7659536 0.5245217 0.3716849
vn -0.6675924 0.6038392 0.4354686
vn -0.4726096 0.2660909 -0.8401135
vn -0.5563219 0.6819361 0.4747459
vn -0.4364147 0.7558825 0.487991
vn -0.1891232 0.8800928 0.4354686
vn 0.1857661 0.6990875 -0.6904508
vn 0.1041597 0.621662 -0.7762993
vn 0.005828976 0.5423445 -0.8401135
vn -0.1054109 0.4642475 -0.8793908
vn -0.2253487 0.3903012 -0.8926664
vn -0.312418 0.822779 0.4747459
vn -0.3493149 0.3234046 -0.8793908
vn -0.8475601 0.4471267 0.2858058
vn -0.5904721 0.2205877 -0.7762993
vn -0.6983246 0.1886044 -0.6904508
vn -0.7920469 0.1714529 -0.5858638
vn -0.8680685 0.1696829 -0.466506
vn -0.909299 0.3745537 0.1811884
vn 0.03653061 0.9575793 0.2858058
vn 0.3028657 0.8914456 -0.3369854
vn 0.2870876 0.8366039 -0.466506
vn -0.0712912 0.9255959 0.3716849
vn 0.2475356 0.7716605 -0.5858638
vn -0.948851 0.3095187 0.06186097
vn -0.1302835 0.9747612 0.1811884
vn -0.03653061 0.9575793 0.2858058
vn -0.1857661 0.6990875 -0.6904508
vn 0.4364147 0.7558825 0.487991
vn -0.005828976 0.5423445 -0.8401135
vn 0.312418 0.822779 0.4747459
vn 0.1891232 0.8800928 0.4354686
vn 0.7920469 0.1714529 -0.5858333
vn 0.6983246 0.1886044 -0.6904508
vn 0.8475601 0.4471267 0.2858058
vn 0.2253487 0.3903012 -0.8926664
vn 0.6675924 0.6038392 0.4354686
vn 0.3493149 0.3234046 -0.8793908
vn 0.4726096 0.2660909 -0.8401135
vn 0.5563219 0.6819361 0.4747459
vn 0.1054109 0.4642475 -0.8793908
vn -0.1041597 0.621662 -0.7762993
vn 0.0712912 0.9255959 0.3716849
vn 0.7659536 0.5245217 0.3716544
vn 0.5904416 0.2205877 -0.7762993
vn -0.2062746 0.9765008 0.06186097
vn -0.2475356 0.7716605 -0.5858638
vn -0.2870876 0.8366039 -0.466506
vn 0.909299 0.3745537 0.1811884
vn 0.9234291 0.1834467 -0.3369854
vn 0.8680685 0.1696829 -0.466506
vn 0.3234046 0.3493454 -0.8793908
vn 0.2660909 0.4726096 -0.8401135
vn 0.6038392 0.6676229 0.4354381
vn 0.3744926 0.9093295 0.1812189
vn 0.4471572 0.8475295 0.2857753
vn 0.1696829 0.8680685 -0.466506
vn 0.6819361 0.5563219 0.4747459
vn 0.7558825 0.4364147 0.487991
vn 0.5423445 -0.005828976 -0.8401135
vn 0.822779 0.312418 0.4747459
vn 0.8800928 0.1891232 0.4354686
vn 0.7716605 -0.2475356 -0.5858333
vn 0.6990875 -0.1857661 -0.6904508
vn 0.9575793 -0.03653061 0.2858058
vn 0.3903318 0.2253487 -0.8926359
vn 0.2205877 0.5904416 -0.7762993
vn 0.1886044 0.6983246 -0.6904508
vn 0.5244911 0.7659536 0.3716849
vn 0.9255959 0.07126069 0.3716849
vn 0.621662 -0.1041597 -0.7762993
vn 0.1714224 0.7920469 -0.5858638
vn 0.4642475 0.1054109 -0.8793908
vn 0.9747612 -0.1302835 0.1811884
vn 0.8914456 -0.3028657 -0.3369854
vn 0.8366039 -0.2870876 -0.466506
vn -0.2205877 0.5904721 -0.7762993
vn -0.2660909 0.4726096 -0.8401135
vn -0.4471267 0.8475601 0.2858058
vn -0.9747612 -0.1302835 0.1811884
vn -0.9575793 -0.03653061 0.2858058
vn -0.6990875 -0.1857661 -0.6904508
vn -0.5245217 0.7659536 0.3716849
vn -0.9255959 0.0712912 0.3716849
vn -0.8800928 0.1891232 0.4354686
vn -0.5423445 -0.005828976 -0.8401135
vn -0.822779 0.312418 0.4747459
vn -0.7558825 0.4364147 0.487991
vn -0.6038392 0.6675924 0.4354381
vn -0.3234046 0.3493149 -0.8793908
vn -0.3903012 0.2253487 -0.8926664
vn -0.6819361 0.5563219 0.4747459
vn -0.4642475 0.1054109 -0.8793908
vn -0.621662 -0.1041597 -0.7762993
vn -0.1886044 0.6983246 -0.6904508
vn -0.3745232 0.9093295 0.1811884
vn -0.3095492 0.948851 0.06179994
vn -0.9765008 -0.2062746 0.06179994
vn -0.7716605 -0.2475356 -0.5858638
vn -0.8366039 -0.2870876 -0.466506
vn -0.2547685 0.9645985 -0.06762897
vn -0.2121341 0.9560533 -0.2023072
vn 0.2253487 -0.3903012 -0.8926664
vn 0.3493149 -0.3234046 -0.8793908
vn 0.6675924 -0.6038392 0.4354686
vn 0.4726096 -0.2660909 -0.8401135
vn 0.7659536 -0.5245217 0.3716544
vn 0.5563219 -0.6819361 0.4747459
vn -0.005828976 -0.5423445 -0.8401135
vn 0.1054109 -0.4642475 -0.8793908
vn 0.4364147 -0.7558825 0.487991
vn 0.312418 -0.822779 0.4747459
vn 0.1891232 -0.8800928 0.4354686
vn -0.2475356 -0.7716605 -0.5858638
vn -0.1857661 -0.6990875 -0.6904508
vn -0.03653061 -0.9575793 0.2858058
vn 0.8475601 -0.4471267 0.2858058
vn 0.5904721 -0.2205877 -0.7762993
vn 0.6983246 -0.1886044 -0.6904508
vn 0.0712912 -0.9255959 0.3716849
vn -0.1041597 -0.621662 -0.7762993
vn 0.7920469 -0.1714529 -0.5858638
vn 0.8680685 -0.1696829 -0.4664754
vn 0.909299 -0.3745537 0.1811884
vn -0.3028657 -0.8914456 -0.3369854
vn -0.2870876 -0.8366039 -0.466506
vn -0.3745232 -0.9093295 0.1811884
vn -0.4471267 -0.8475601 0.2858058
vn -0.1886044 -0.6983246 -0.6904508
vn -0.3903012 -0.2253487 -0.8926664
vn -0.3234046 -0.3493149 -0.8793908
vn -0.6038392 -0.6676229 0.4354381
vn -0.2660909 -0.4726096 -0.8401135
vn -0.5245522 -0.7659536 0.3716849
vn -0.6819361 -0.5563219 0.4747459
vn -0.5423445 0.005828976 -0.8401135
vn -0.4642475 -0.1054109 -0.8793908
vn -0.7558825 -0.4364147 0.487991
vn -0.822779 -0.312418 0.4747459
vn -0.8800928 -0.1891232 0.4354686
vn -0.2205877 -0.5904721 -0.7762993
vn -0.9255959 -0.0712912 0.3716849
vn -0.9575793 0.03653061 0.2858058
vn -0.621662 0.1041597 -0.7762993
vn -0.6990875 0.1857661 -0.6904508
vn -0.3095492 -0.948851 0.06179994
vn -0.1714529 -0.7920469 -0.5858638
vn -0.1696829 -0.8680685 -0.4664754
vn -0.9747612 0.1302835 0.1811884
vn -0.9765008 0.2062746 0.06179994
vn -0.7716605 0.2475356 -0.5858638
vn -0.5751213 0.5359355 -0.6179998
vn -0.6451613 0.5689871 -0.5098727
vn 0 0.8736228 0.4865261
vn 0.5751518 0.78988 0.2126834
vn 0.6451308 0.7568591 0.1044954
vn 0.5751518 0.5359355 -0.6179998
vn 0.4855189 0.5071871 -0.7119969
vn 0.1323893 0.4557939 -0.8801538
vn 0 0.4521927 -0.8919035
vn -0.1323893 0.4557939 -0.8801538
vn -0.2603534 0.4664449 -0.8453322
vn 0.6931974 0.7205725 -0.0140385
vn 0.7176427 0.6823633 -0.1390728
vn 0.7176427 0.6434828 -0.2662435
vn 0.3793756 0.4837489 -0.7886593
vn 0.2603534 0.4664449 -0.8453322
vn -0.6931974 0.6052431 -0.3912778
vn -0.7176427 0.6434828 -0.2662435
vn -0.7176427 0.6823633 -0.1390728
vn 0.1324198 0.8700522 0.474807
vn 0.2603229 0.8594012 0.4399853
vn 0.6931974 0.6052431 -0.3912778
vn 0.6451613 0.5689871 -0.5098727
vn -0.3793756 0.4837489 -0.7886593
vn -0.4855495 0.5071871 -0.7119969
vn -0.6931974 0.7205725 -0.0140385
vn -0.6451308 0.7568591 0.1044954
vn -0.1324198 0.8700522 0.474807
vn 0.8700522 0.1324198 0.474807
vn 0.8736534 0 0.4865261
vn 0.9562975 0 -0.2923673
vn 0.4557634 -0.1323893 -0.8801844
vn 0.8700217 -0.1324503 0.4748375
vn 0.8594318 -0.2602924 0.4399243
vn 0.7568285 -0.6451613 0.1045564
vn 0.6823633 -0.7176427 -0.1390728
vn 0.6434828 -0.7176427 -0.2662435
vn 0.535905 -0.5751518 -0.6179998
vn 0.5072177 -0.4855495 -0.7119969
vn 0.4557634 0.1324198 -0.8801844
vn 0.4664754 0.2603229 -0.8453322
vn 0.5689871 0.6451613 -0.5098727
vn 0.6434828 0.7176427 -0.2662435
vn 0.6823328 0.7176427 -0.1391034
vn 0.7899106 0.5751518 0.2126529
vn 0.8186285 0.4855189 0.30665
vn 0.6052431 -0.6931974 -0.3912778
vn 0.5689871 -0.6451308 -0.5099033
vn 0.4837489 -0.3793756 -0.7886593
vn 0.4664449 -0.2603229 -0.8453627
vn 0.7206031 0.6931669 -0.0140385
vn 0.7568285 0.6451613 0.1045259
vn 0.8420667 0.3793756 0.383282
vn 0.8594012 0.2603229 0.4399853
vn 0.7206031 -0.6931669 -0.01406902
vn 0.6052736 0.6931974 -0.3912778
vn 0.1324198 -0.8700522 0.474807
vn 0 -0.8736228 0.4865261
vn 0 -0.4521927 -0.8919035
vn -0.1324198 -0.8700522 0.474807
vn -0.2603534 -0.8594012 0.4399853
vn -0.3793756 -0.8420667 0.383282
vn -0.4855495 -0.8186285 0.30665
vn -0.5751213 -0.7899106 0.2126834
vn -0.6451613 -0.7568591 0.1045259
vn -0.1323893 -0.4557939 -0.8801538
vn 0.1323893 -0.4557939 -0.8801538
vn 0.6451613 -0.7568591 0.1044954
vn 0.5751213 -0.7899106 0.2126834
vn 0.4855189 -0.818659 0.30665
vn -0.6451613 -0.5689871 -0.5098727
vn -0.5751518 -0.5359355 -0.6179998
vn -0.4855495 -0.5071871 -0.7119969
vn -0.3793756 -0.4837489 -0.7886593
vn -0.2603534 -0.4664449 -0.8453627
vn 0.2603534 -0.4664449 -0.8453627
vn 0.3793756 -0.4837489 -0.7886593
vn 0.4855189 -0.5072177 -0.7119969
vn 0.5751518 -0.5359355 -0.6179998
vn 0.6451613 -0.5689871 -0.5098727
vn 0.693228 -0.6052431 -0.3912778
vn 0.3793756 -0.8420667 0.383282
vn 0.2603534 -0.8594012 0.4399853
vn -0.8700522 -0.1324198 0.474807
vn -0.8736228 0 0.4865261
vn -0.9562975 0 -0.2923368
vn -0.4557939 0.1323893 -0.8801538
vn -0.5359355 0.5751518 -0.6179998
vn -0.5071871 0.4855495 -0.7119969
vn -0.4558244 -0.1323893 -0.8801538
vn -0.4664144 -0.2603534 -0.8453627
vn -0.5690176 -0.6451308 -0.5098727
vn -0.7568591 0.6451308 0.1044954
vn -0.7205725 0.6931974 -0.0140385
vn -0.6823633 0.7176427 -0.1390728
vn -0.6434828 0.7176427 -0.2662435
vn -0.4837489 0.3793756 -0.7886593
vn -0.4664449 0.2603534 -0.8453627
vn -0.6434828 -0.7176427 -0.266274
vn -0.6823633 -0.7176427 -0.1390728
vn -0.7205725 -0.6931974 -0.0140385
vn -0.7568591 -0.6451613 0.1045259
vn -0.7899106 -0.5751213 0.2126834
vn -0.8186285 -0.4855189 0.30665
vn -0.8700522 0.1324198 0.474807
vn -0.8594012 0.2603229 0.4399853
vn -0.7899106 0.5751213 0.2126834
vn -0.8186285 0.4855495 0.3066805
vn -0.6052431 0.6931974 -0.3912778
vn -0.5689871 0.6451613 -0.5098727
vn -0.5359355 -0.5751213 -0.6179998
vn -0.6052431 -0.6931974 -0.3912778
vn -0.8420667 -0.3793756 0.383282
vn -0.8594012 -0.2603534 0.4399853
f 1//1 2//2 3//3
f 3//3 2//2 4//4
f 3//3 4//4 5//5
f 6//6 7//7 1//1
f 1//1 7//7 8//8
f 1//1 8//8 2//2
f 9//9 10//10 11//11
f 11//11 10//10 12//12
f 12//12 10//10 13//13
f 12//12 13//13 14//14
f 15//15 16//16 17//17
f 17//17 16//16 18//18
f 17//17 18//18 19//19
f 19//19 18//18 20//20
f 19//19 20//20 21//21
f 21//21 20//20 22//22
f 21//21 22//22 6//6
f 6//6 22//22 23//23
f 6//6 23//23 7//7
f 11//11 24//24 9//9
f 9//9 24//24 25//25
f 9//9 25//25 26//26
f 26//26 25//25 27//27
f 26//26 27//27 28//28
f 29//29 30//30 31//31
f 31//31 30//30 32//32
f 31//31 32//32 33//33
f 33//33 32//32 15//15
f 33//33 15//15 34//34
f 34//34 15//15 17//17
f 35//35 36//36 37//37
f 37//37 36//36 38//38
f 37//37 38//38 29//29
f 29//29 38//38 39//39
f 29//29 39//39 30//30
f 27//27 40//40 28//28
f 28//28 40//40 41//41
f 28//28 41//41 42//42
f 42//42 41//41 43//43
f 42//42 43//43 44//44
f 44//44 43//43 45//45
f 44//44 45//45 46//46
f 46//46 45//45 47//47
f 46//46 47//47 48//48
f 48//48 47//47 49//49
f 48//48 49//49 50//50
f 50//50 49//49 51//51
f 50//50 51//51 35//35
f 35//35 51//51 52//52
f 35//35 52//52 36//36
f 53//53 54//54 4//4
f 4//4 55//55 5//5
f 54//54 53//53 56//56
f 57//57 58//58 59//59
f 59//59 58//58 60//60
f 59//59 60//60 61//61
f 61//61 60//60 62//62
f 61//61 62//62 63//63
f 63//63 62//62 64//64
f 54//54 56//56 65//65
f 56//56 66//66 65//65
f 65//65 66//66 67//67
f 65//65 67//67 68//68
f 68//68 67//67 69//69
f 68//68 69//69 70//70
f 70//70 69//69 71//71
f 70//70 71//71 72//72
f 73//73 74//74 75//75
f 75//75 74//74 76//76
f 75//75 76//76 77//77
f 77//77 76//76 78//78
f 79//79 78//78 80//80
f 79//79 80//80 81//81
f 81//81 80//80 82//82
f 81//81 82//82 83//83
f 83//83 82//82 84//84
f 83//83 84//84 57//57
f 57//57 84//84 85//85
f 57//57 85//85 58//58
f 71//71 86//86 72//72
f 72//72 86//86 87//87
f 72//72 87//87 88//88
f 88//88 87//87 89//89
f 88//88 89//89 90//90
f 90//90 89//89 91//91
f 90//90 91//91 92//92
f 92//92 91//91 93//93
f 92//92 93//93 94//94
f 94//94 93//93 95//95
f 94//94 95//95 96//96
f 96//96 95//95 97//97
f 96//96 97//97 73//73
f 73//73 97//97 98//98
f 73//73 98//98 74//74
f 99//99 100//100 101//101
f 102//102 103//103 104//104
f 105//105 106//106 107//107
f 107//107 106//106 108//108
f 107//107 108//108 109//109
f 109//109 108//108 110//110
f 109//109 110//110 111//111
f 112//112 113//113 114//114
f 114//114 113//113 115//115
f 114//114 115//115 103//103
f 103//103 115//115 116//116
f 103//103 116//116 104//104
f 104//104 117//117 102//102
f 102//102 117//117 118//118
f 102//102 118//118 119//119
f 118//118 120//120 119//119
f 119//119 120//120 121//121
f 119//119 121//121 122//122
f 122//122 121//121 123//123
f 122//122 123//123 124//124
f 124//124 123//123 125//125
f 124//124 125//125 126//126
f 111//111 110//110 127//127
f 127//127 110//110 128//128
f 127//127 128//128 129//129
f 129//129 128//128 130//130
f 130//130 128//128 131//131
f 130//130 131//131 132//132
f 131//131 133//133 132//132
f 132//132 133//133 134//134
f 132//132 134//134 135//135
f 135//135 134//134 136//136
f 135//135 136//136 137//137
f 137//137 136//136 138//138
f 137//137 138//138 139//139
f 139//139 138//138 140//140
f 139//139 140//140 141//141
f 141//141 140//140 142//142
f 141//141 142//142 143//143
f 143//143 142//142 144//144
f 143//143 144//144 145//145
f 145//145 144//144 126//126
f 145//145 126//126 146//146
f 146//146 126//126 125//125
f 147//147 148//148 149//149
f 149//149 148//148 150//150
f 149//149 150//150 151//151
f 151//151 150//150 152//152
f 151//151 152//152 153//153
f 153//153 152//152 154//154
f 155//155 156//156 157//157
f 157//157 156//156 158//158
f 157//157 158//158 159//159
f 159//159 158//158 160//160
f 159//159 160//160 152//152
f 152//152 160//160 161//161
f 152//152 161//161 154//154
f 162//162 163//163 164//164
f 164//164 163//163 165//165
f 164//164 165//165 155//155
f 155//155 165//165 166//166
f 155//155 166//166 156//156
f 167//167 168//168 169//169
f 170//170 171//171 172//172
f 172//172 171//171 173//173
f 172//172 173//173 174//174
f 174//174 173//173 175//175
f 174//174 175//175 176//176
f 176//176 175//175 177//177
f 176//176 177//177 178//178
f 178//178 177//177 179//179
f 178//178 179//179 162//162
f 162//162 179//179 180//180
f 162//162 180//180 163//163
f 168//168 181//181 169//169
f 169//169 181//181 182//182
f 169//169 182//182 183//183
f 183//183 182//182 184//184
f 183//183 184//184 185//185
f 185//185 184//184 186//186
f 185//185 186//186 187//187
f 187//187 186//186 188//188
f 187//187 188//188 189//189
f 189//189 188//188 190//190
f 189//189 190//190 191//191
f 191//191 190//190 192//192
f 191//191 192//192 193//193
f 193//193 192//192 194//194
f 193//193 194//194 195//195
f 195//195 194//194 196//196
f 195//195 196//196 170//170
f 170//170 196//196 197//197
f 170//170 197//197 171//171
f 198//198 199//199 200//200
f 200//200 201//201 198//198
f 198//198 201//201 202//202
f 198//198 202//202 203//203
f 198//198 204//204 205//205
f 198//198 205//205 199//199
f 206//206 207//207 208//208
f 209//209 206//206 210//210
f 210//210 206//206 208//208
f 210//210 208//208 211//211
f 207//207 212//212 208//208
f 209//209 210//210 213//213
f 213//213 210//210 214//214
f 213//213 214//214 215//215
f 215//215 214//214 216//216
f 215//215 216//216 217//217
f 218//218 219//219 216//216
f 216//216 219//219 220//220
f 202//202 221//221 203//203
f 203//203 221//221 222//222
f 203//203 222//222 218//218
f 218//218 222//222 223//223
f 218//218 223//223 219//219
f 224//224 225//225 226//226
f 227//227 228//228 229//229
f 229//229 230//230 227//227
f 227//227 230//230 231//231
f 227//227 231//231 232//232
f 233//233 234//234 227//227
f 227//227 234//234 235//235
f 227//227 235//235 228//228
f 236//236 237//237 238//238
f 239//239 236//236 240//240
f 240//240 236//236 238//238
f 240//240 238//238 241//241
f 237//237 242//242 238//238
f 238//238 242//242 243//243
f 239//239 240//240 244//244
f 244//244 240//240 245//245
f 244//244 245//245 246//246
f 246//246 245//245 247//247
f 246//246 247//247 248//248
f 249//249 250//250 247//247
f 247//247 250//250 251//251
f 231//231 252//252 232//232
f 232//232 253//253 249//249
f 249//249 253//253 254//254
f 249//249 254//254 250//250
f 255//255 256//256 257//257
f 255//255 257//257 258//258
f 259//259 260//260 261//261
f 261//261 262//262 263//263
f 264//264 261//261 265//265
f 264//264 265//265 266//266
f 267//267 268//268 269//269
f 269//269 268//268 270//270
f 269//269 270//270 265//265
f 265//265 270//270 271//271
f 255//255 272//272 256//256
f 256//256 272//272 273//273
f 256//256 273//273 274//274
f 274//274 273//273 275//275
f 274//274 275//275 267//267
f 267//267 275//275 276//276
f 267//267 276//276 268//268
f 277//277 236//236 239//239
f 277//277 239//239 244//244
f 278//278 279//279 280//280
f 280//280 281//281 278//278
f 278//278 281//281 282//282
f 278//278 282//282 283//283
f 283//283 284//284 278//278
f 285//285 286//286 287//287
f 286//286 288//288 287//287
f 287//287 288//288 289//289
f 287//287 289//289 290//290
f 290//290 291//291 287//287
f 292//292 293//293 294//294
f 294//294 295//295 296//296
f 297//297 298//298 299//299
f 299//299 300//300 301//301
f 295//295 302//302 296//296
f 300//300 303//303 301//301
f 304//304 305//305 306//306
f 306//306 305//305 307//307
f 308//308 309//309 305//305
f 310//310 311//311 306//306
f 306//306 311//311 304//304
f 304//304 311//311 312//312
f 304//304 312//312 305//305
f 305//305 312//312 313//313
f 305//305 313//313 308//308
f 314//314 315//315 306//306
f 306//306 315//315 316//316
f 306//306 316//316 310//310
f 317//317 318//318 319//319
f 318//318 320//320 319//319
f 319//319 320//320 321//321
f 319//319 321//321 322//322
f 323//323 324//324 325//325
f 325//325 324//324 326//326
f 327//327 306//306 307//307
f 327//327 307//307 328//328
f 329//329 330//330 331//331
f 331//331 332//332 333//333
f 333//333 332//332 334//334
f 309//309 335//335 305//305
f 305//305 335//335 336//336
f 305//305 336//336 337//337
f 285//285 287//287 323//323
f 300//300 298//298 338//338
f 284//284 283//283 306//306
f 306//306 283//283 282//282
f 306//306 282//282 314//314
f 314//314 281//281 329//329
f 329//329 281//281 280//280
f 323//323 339//339 324//324
f 324//324 340//340 303//303
f 303//303 340//340 341//341
f 338//338 298//298 342//342
f 343//343 289//289 288//288
f 317//317 319//319 344//344
f 344//344 319//319 345//345
f 344//344 345//345 323//323
f 338//338 346//346 300//300
f 300//300 346//346 347//347
f 300//300 347//347 326//326
f 326//326 347//347 348//348
f 326//326 348//348 325//325
f 337//337 349//349 305//305
f 305//305 349//349 295//295
f 305//305 295//295 307//307
f 307//307 293//293 292//292
f 298//298 297//297 342//342
f 342//342 294//294 350//350
f 350//350 294//294 296//296
f 350//350 296//296 336//336
f 336//336 296//296 302//302
f 336//336 302//302 337//337
f 334//334 319//319 322//322
f 334//334 322//322 333//333
f 289//289 328//328 307//307
f 289//289 307//307 290//290
f 290//290 307//307 292//292
f 290//290 292//292 291//291
f 278//278 288//288 279//279
f 279//279 288//288 286//286
f 351//351 335//335 309//309
f 335//335 351//351 336//336
f 336//336 351//351 352//352
f 336//336 352//352 350//350
f 350//350 352//352 353//353
f 350//350 353//353 342//342
f 342//342 353//353 354//354
f 342//342 354//354 338//338
f 338//338 354//354 355//355
f 338//338 355//355 346//346
f 346//346 355//355 356//356
f 346//346 356//356 347//347
f 347//347 356//356 357//357
f 347//347 357//357 348//348
f 316//316 358//358 310//310
f 310//310 358//358 359//359
f 310//310 359//359 311//311
f 311//311 359//359 360//360
f 311//311 360//360 312//312
f 312//312 360//360 361//361
f 312//312 361//361 313//313
f 313//313 361//361 362//362
f 313//313 362//362 308//308
f 308//308 362//362 363//363
f 308//308 363//363 309//309
f 309//309 363//363 364//364
f 309//309 364//364 351//351
f 365//365 316//316 366//366
f 366//366 316//316 315//315
f 366//366 315//315 367//367
f 367//367 315//315 314//314
f 367//367 314//314 368//368
f 368//368 314//314 329//329
f 368//368 329//329 369//369
f 369//369 329//329 331//331
f 369//369 331//331 370//370
f 370//370 331//331 333//333
f 370//370 333//333 371//371
f 371//371 333//333 322//322
f 371//371 322//322 372//372
f 372//372 322//322 321//321
f 372//372 321//321 320//320
f 357//357 373//373 348//348
f 348//348 373//373 374//374
f 348//348 374//374 325//325
f 325//325 374//374 375//375
f 325//325 375//375 323//323
f 323//323 375//375 376//376
f 323//323 376//376 344//344
f 344//344 376//376 377//377
f 344//344 377//377 317//317
f 317//317 377//377 378//378
f 317//317 378//378 318//318
f 318//318 378//378 379//379
f 318//318 379//379 320//320
f 320//320 379//379 380//380
f 320//320 380//380 372//372
f 381//381 382//382 383//383
f 384//384 385//385 386//386
f 387//387 388//388 389//389
f 386//386 385//385 390//390
f 390//390 385//385 391//391
f 390//390 391//391 392//392
f 392//392 391//391 393//393
f 392//392 393//393 394//394
f 394//394 393//393 395//395
f 394//394 395//395 396//396
f 396//396 395//395 397//397
f 396//396 397//397 398//398
f 398//398 397//397 399//399
f 398//398 399//399 400//400
f 400//400 399//399 401//401
f 400//400 401//401 402//402
f 402//402 401//401 403//403
f 402//402 403//403 404//404
f 404//404 403//403 405//405
f 404//404 405//405 406//406
f 406//406 405//405 407//407
f 406//406 407//407 408//408
f 408//408 407//407 409//409
f 408//408 409//409 410//410
f 410//410 409//409 411//411
f 410//410 411//411 412//412
f 412//412 411//411 389//389
f 412//412 389//389 413//413
f 413//413 389//389 414//414
f 413//413 414//414 415//415
f 416//416 417//417 385//385
f 385//385 417//417 418//418
f 385//385 418//418 391//391
f 391//391 418//418 419//419
f 391//391 419//419 393//393
f 393//393 419//419 420//420
f 393//393 420//420 395//395
f 395//395 420//420 421//421
f 395//395 421//421 397//397
f 397//397 421//421 422//422
f 397//397 422//422 399//399
f 399//399 422//422 423//423
f 399//399 423//423 401//401
f 401//401 423//423 424//424
f 401//401 424//424 403//403
f 403//403 424//424 425//425
f 403//403 425//425 405//405
f 405//405 425//425 426//426
f 405//405 426//426 407//407
f 407//407 426//426 427//427
f 407//407 427//427 409//409
f 409//409 427//427 428//428
f 409//409 428//428 411//411
f 411//411 428//428 429//429
f 411//411 429//429 389//389
f 389//389 429//429 430//430
f 389//389 430//430 387//387
f 387//387 430//430 431//431
f 417//417 432//432 418//418
f 418//418 432//432 383//383
f 418//418 383//383 419//419
f 419//419 383//383 433//433
f 419//419 433//433 420//420
f 420//420 433//433 434//434
f 420//420 434//434 421//421
f 421//421 434//434 435//435
f 421//421 435//435 422//422
f 422//422 435//435 436//436
f 422//422 436//436 423//423
f 423//423 436//436 437//437
f 423//423 437//437 424//424
f 424//424 437//437 438//438
f 424//424 438//438 425//425
f 425//425 438//438 439//439
f 425//425 439//439 426//426
f 426//426 439//439 440//440
f 426//426 440//440 427//427
f 427//427 440//440 441//441
f 427//427 441//441 428//428
f 428//428 441//441 442//442
f 428//428 442//442 429//429
f 429//429 442//442 443//443
f 429//429 443//443 430//430
f 430//430 443//443 444//444
f 430//430 444//444 445//445
f 445//445 444//444 446//446
f 382//382 447//447 383//383
f 383//383 447//447 448//448
f 383//383 448//448 433//433
f 433//433 448//448 449//449
f 433//433 449//449 434//434
f 434//434 449//449 450//450
f 434//434 450//450 435//435
f 435//435 450//450 451//451
f 435//435 451//451 436//436
f 436//436 451//451 452//452
f 436//436 452//452 437//437
f 437//437 452//452 453//453
f 437//437 453//453 438//438
f 438//438 453//453 454//454
f 438//438 454//454 439//439
f 439//439 454//454 455//455
f 439//439 455//455 440//440
f 440//440 455//455 456//456
f 440//440 456//456 441//441
f 441//441 456//456 457//457
f 441//441 457//457 442//442
f 442//442 457//457 458//458
f 442//442 458//458 443//443
f 443//443 458//458 459//459
f 443//443 459//459 444//444
f 444//444 459//459 460//460
f 444//444 460//460 461//461
f 461//461 460//460 462//462
f 447//447 463//463 448//448
f 448//448 463//463 464//464
f 448//448 464//464 449//449
f 449//449 464//464 465//465
f 449//449 465//465 450//450
f 450//450 466//466 451//451
f 451//451 466//466 467//467
f 451//451 467//467 452//452
f 452//452 467//467 468//468
f 452//452 468//468 453//453
f 453//453 468//468 469//469
f 454//454 469//469 470//470
f 455//455 471//471 456//456
f 456//456 471//471 472//472
f 456//456 472//472 457//457
f 457//457 472//472 473//473
f 457//457 473//473 458//458
f 458//458 473//473 474//474
f 458//458 474//474 459//459
f 459//459 474//474 475//475
f 459//459 475//475 460//460
f 460//460 475//475 476//476
f 460//460 476//476 462//462
f 462//462 476//476 477//477
f 478//478 477//477 479//479
f 386//386 480//480 481//481
f 481//481 480//480 482//482
f 483//483 482//482 484//484
f 485//485 486//486 487//487
f 485//485 487//487 488//488
f 488//488 487//487 489//489
f 489//489 487//487 490//490
f 491//491 490//490 492//492
f 492//492 490//490 493//493
f 492//492 493//493 494//494
f 494//494 493//493 495//495
f 496//496 497//497 498//498
f 498//498 497//497 499//499
f 500//500 501//501 502//502
f 503//503 504//504 505//505
f 506//506 507//507 508//508
f 508//508 507//507 509//509
f 508//508 509//509 510//510
f 511//511 512//512 513//513
f 512//512 514//514 513//513
f 513//513 514//514 515//515
f 513//513 515//515 509//509
f 509//509 515//515 516//516
f 509//509 516//516 510//510
f 517//517 511//511 518//518
f 518//518 511//511 519//519
f 518//518 519//519 520//520
f 521//521 522//522 519//519
f 519//519 522//522 523//523
f 519//519 523//523 520//520
f 524//524 521//521 525//525
f 525//525 521//521 526//526
f 525//525 526//526 527//527
f 527//527 526//526 528//528
f 528//528 526//526 529//529
f 528//528 529//529 530//530
f 531//531 532//532 529//529
f 529//529 532//532 533//533
f 529//529 533//533 530//530
f 534//534 531//531 535//535
f 535//535 531//531 536//536
f 535//535 536//536 537//537
f 505//505 504//504 536//536
f 536//536 504//504 538//538
f 536//536 538//538 537//537
f 503//503 505//505 539//539
f 539//539 505//505 540//540
f 539//539 540//540 541//541
f 541//541 540//540 542//542
f 542//542 540//540 543//543
f 542//542 543//543 544//544
f 545//545 546//546 543//543
f 543//543 546//546 547//547
f 543//543 547//547 544//544
f 548//548 545//545 549//549
f 549//549 545//545 550//550
f 549//549 550//550 551//551
f 552//552 553//553 554//554
f 553//553 555//555 554//554
f 554//554 555//555 556//556
f 554//554 556//556 550//550
f 550//550 556//556 557//557
f 550//550 557//557 551//551
f 558//558 552//552 559//559
f 559//559 552//552 560//560
f 559//559 560//560 561//561
f 502//502 501//501 560//560
f 560//560 501//501 562//562
f 560//560 562//562 561//561
f 500//500 502//502 563//563
f 563//563 502//502 564//564
f 563//563 564//564 565//565
f 565//565 564//564 566//566
f 566//566 564//564 567//567
f 566//566 567//567 568//568
f 569//569 499//499 567//567
f 567//567 499//499 570//570
f 567//567 570//570 568//568
f 571//571 572//572 573//573
f 571//571 573//573 574//574
f 575//575 573//573 576//576
f 576//576 573//573 577//577
f 576//576 577//577 578//578
f 579//579 580//580 577//577
f 577//577 580//580 581//581
f 579//579 582//582 580//580
f 507//507 506//506 583//583
f 583//583 506//506 584//584
f 585//585 415//415 586//586
f 586//586 415//415 587//587
f 586//586 587//587 588//588
f 589//589 590//590 591//591
f 592//592 591//591 593//593
f 593//593 591//591 594//594
f 595//595 594//594 596//596
f 595//595 596//596 597//597
f 598//598 588//588 596//596
f 596//596 599//599 597//597
f 598//598 596//596 600//600
f 490//490 487//487 601//601
f 495//495 493//493 602//602
f 603//603 514//514 604//604
f 514//514 512//512 604//604
f 604//604 517//517 605//605
f 605//605 517//517 518//518
f 605//605 518//518 606//606
f 606//606 518//518 520//520
f 520//520 523//523 606//606
f 606//606 523//523 522//522
f 606//606 522//522 607//607
f 607//607 524//524 608//608
f 524//524 525//525 608//608
f 608//608 527//527 609//609
f 609//609 527//527 528//528
f 609//609 528//528 610//610
f 610//610 530//530 533//533
f 610//610 533//533 611//611
f 533//533 532//532 611//611
f 611//611 534//534 612//612
f 534//534 535//535 612//612
f 612//612 535//535 537//537
f 612//612 537//537 613//613
f 537//537 538//538 613//613
f 613//613 538//538 504//504
f 613//613 504//504 614//614
f 614//614 503//503 615//615
f 503//503 539//539 615//615
f 615//615 541//541 616//616
f 616//616 541//541 542//542
f 616//616 542//542 617//617
f 617//617 542//542 544//544
f 544//544 547//547 617//617
f 617//617 547//547 546//546
f 617//617 546//546 618//618
f 618//618 548//548 619//619
f 548//548 549//549 619//619
f 619//619 549//549 551//551
f 619//619 551//551 620//620
f 620//620 551//551 557//557
f 620//620 557//557 621//621
f 557//557 556//556 621//621
f 621//621 555//555 622//622
f 555//555 553//553 622//622
f 622//622 558//558 623//623
f 558//558 559//559 623//623
f 623//623 559//559 561//561
f 623//623 561//561 624//624
f 561//561 562//562 624//624
f 624//624 562//562 501//501
f 624//624 501//501 625//625
f 625//625 500//500 626//626
f 500//500 563//563 626//626
f 626//626 565//565 627//627
f 627//627 566//566 628//628
f 628//628 495//495 602//602
f 628//628 602//602 627//627
f 627//627 629//629 626//626
f 626//626 629//629 630//630
f 626//626 630//630 625//625
f 625//625 630//630 631//631
f 625//625 631//631 624//624
f 624//624 631//631 632//632
f 624//624 632//632 623//623
f 623//623 632//632 633//633
f 623//623 633//633 622//622
f 622//622 633//633 634//634
f 622//622 634//634 621//621
f 621//621 634//634 635//635
f 621//621 635//635 620//620
f 620//620 635//635 636//636
f 620//620 636//636 619//619
f 619//619 636//636 637//637
f 619//619 637//637 618//618
f 618//618 637//637 638//638
f 618//618 638//638 617//617
f 617//617 638//638 639//639
f 617//617 639//639 616//616
f 616//616 639//639 640//640
f 616//616 640//640 615//615
f 615//615 640//640 641//641
f 615//615 641//641 614//614
f 614//614 641//641 642//642
f 614//614 642//642 613//613
f 613//613 642//642 643//643
f 613//613 643//643 612//612
f 612//612 643//643 644//644
f 612//612 644//644 611//611
f 611//611 644//644 645//645
f 611//611 645//645 610//610
f 610//610 645//645 646//646
f 610//610 646//646 609//609
f 609//609 646//646 647//647
f 609//609 647//647 608//608
f 608//608 647//647 648//648
f 608//608 648//648 607//607
f 607//607 648//648 649//649
f 607//607 649//649 606//606
f 606//606 649//649 650//650
f 606//606 650//650 605//605
f 605//605 650//650 651//651
f 605//605 651//651 604//604
f 604//604 651//651 652//652
f 604//604 652//652 603//603
f 603//603 652//652 653//653
f 603//603 653//653 654//654
f 654//654 653//653 655//655
f 654//654 655//655 656//656
f 656//656 655//655 657//657
f 590//590 657//657 591//591
f 602//602 490//490 601//601
f 602//602 601//601 629//629
f 629//629 601//601 658//658
f 629//629 658//658 630//630
f 630//630 658//658 659//659
f 630//630 659//659 631//631
f 631//631 659//659 660//660
f 631//631 660//660 632//632
f 632//632 660//660 661//661
f 632//632 661//661 633//633
f 633//633 661//661 662//662
f 633//633 662//662 634//634
f 634//634 662//662 663//663
f 634//634 663//663 635//635
f 635//635 663//663 664//664
f 635//635 664//664 636//636
f 636//636 664//664 665//665
f 636//636 665//665 637//637
f 637//637 665//665 666//666
f 637//637 666//666 638//638
f 638//638 666//666 667//667
f 638//638 667//667 639//639
f 639//639 667//667 668//668
f 639//639 668//668 640//640
f 640//640 668//668 669//669
f 640//640 669//669 641//641
f 641//641 669//669 670//670
f 641//641 670//670 642//642
f 642//642 670//670 671//671
f 642//642 671//671 643//643
f 643//643 671//671 672//672
f 643//643 672//672 644//644
f 644//644 672//672 673//673
f 644//644 673//673 645//645
f 645//645 673//673 674//674
f 645//645 674//674 646//646
f 646//646 674//674 675//675
f 646//646 675//675 647//647
f 647//647 675//675 676//676
f 647//647 676//676 648//648
f 648//648 676//676 677//677
f 648//648 677//677 649//649
f 649//649 677//677 678//678
f 649//649 678//678 650//650
f 650//650 678//678 679//679
f 650//650 679//679 651//651
f 651//651 679//679 680//680
f 651//651 680//680 652//652
f 652//652 680//680 681//681
f 652//652 681//681 653//653
f 653//653 681//681 682//682
f 653//653 682//682 655//655
f 655//655 682//682 683//683
f 655//655 683//683 657//657
f 657//657 683//683 600//600
f 657//657 600//600 594//594
f 594//594 600//600 596//596
f 487//487 486//486 601//601
f 601//601 486//486 684//684
f 601//601 684//684 658//658
f 658//658 684//684 685//685
f 658//658 685//685 659//659
f 659//659 685//685 686//686
f 659//659 686//686 660//660
f 660//660 686//686 687//687
f 660//660 687//687 661//661
f 661//661 687//687 688//688
f 661//661 688//688 662//662
f 662//662 688//688 689//689
f 662//662 689//689 663//663
f 663//663 689//689 690//690
f 663//663 690//690 664//664
f 664//664 690//690 691//691
f 664//664 691//691 665//665
f 665//665 691//691 692//692
f 665//665 692//692 666//666
f 666//666 692//692 693//693
f 666//666 693//693 667//667
f 667//667 693//693 694//694
f 667//667 694//694 668//668
f 668//668 694//694 695//695
f 668//668 695//695 669//669
f 669//669 695//695 696//696
f 669//669 696//696 670//670
f 670//670 696//696 697//697
f 670//670 697//697 671//671
f 671//671 697//697 698//698
f 671//671 698//698 672//672
f 672//672 698//698 699//699
f 672//672 699//699 673//673
f 673//673 699//699 700//700
f 673//673 700//700 674//674
f 674//674 700//700 701//701
f 674//674 701//701 675//675
f 675//675 701//701 702//702
f 675//675 702//702 676//676
f 676//676 702//702 703//703
f 676//676 703//703 677//677
f 677//677 703//703 704//704
f 677//677 704//704 678//678
f 678//678 704//704 705//705
f 678//678 705//705 679//679
f 679//679 705//705 706//706
f 679//679 706//706 680//680
f 680//680 706//706 707//707
f 680//680 707//707 681//681
f 681//681 707//707 708//708
f 681//681 708//708 682//682
f 682//682 708//708 709//709
f 682//682 709//709 683//683
f 683//683 709//709 710//710
f 683//683 710//710 600//600
f 600//600 710//710 711//711
f 600//600 711//711 598//598
f 482//482 480//480 684//684
f 684//684 480//480 712//712
f 684//684 712//712 685//685
f 685//685 712//712 713//713
f 685//685 713//713 686//686
f 686//686 713//713 714//714
f 686//686 714//714 687//687
f 687//687 714//714 715//715
f 687//687 715//715 688//688
f 688//688 715//715 716//716
f 688//688 716//716 689//689
f 689//689 716//716 717//717
f 689//689 717//717 690//690
f 690//690 717//717 718//718
f 690//690 718//718 691//691
f 691//691 718//718 719//719
f 691//691 719//719 692//692
f 692//692 719//719 720//720
f 692//692 720//720 693//693
f 693//693 720//720 721//721
f 693//693 721//721 694//694
f 694//694 721//721 722//722
f 694//694 722//722 695//695
f 695//695 722//722 723//723
f 695//695 723//723 696//696
f 696//696 723//723 724//724
f 696//696 724//724 697//697
f 697//697 724//724 725//725
f 697//697 725//725 698//698
f 698//698 725//725 726//726
f 698//698 726//726 699//699
f 699//699 726//726 727//727
f 699//699 727//727 700//700
f 700//700 727//727 728//728
f 700//700 728//728 701//701
f 701//701 728//728 729//729
f 701//701 729//729 702//702
f 702//702 729//729 730//730
f 702//702 730//730 703//703
f 703//703 730//730 731//731
f 703//703 731//731 704//704
f 704//704 731//731 732//732
f 704//704 732//732 705//705
f 705//705 732//732 733//733
f 705//705 733//733 706//706
f 706//706 733//733 734//734
f 706//706 734//734 707//707
f 707//707 734//734 735//735
f 707//707 735//735 708//708
f 708//708 735//735 736//736
f 708//708 736//736 709//709
f 709//709 736//736 737//737
f 709//709 737//737 710//710
f 710//710 737//737 738//738
f 710//710 738//738 711//711
f 711//711 738//738 739//739
f 711//711 739//739 586//586
f 586//586 739//739 585//585
f 718//718 366//366 367//367
f 739//739 357//357 585//585
f 585//585 357//357 356//356
f 585//585 356//356 415//415
f 415//415 356//356 355//355
f 415//415 355//355 413//413
f 413//413 355//355 412//412
f 369//369 721//721 368//368
f 368//368 721//721 720//720
f 368//368 720//720 367//367
f 367//367 720//720 719//719
f 367//367 719//719 718//718
f 390//390 392//392 361//361
f 361//361 392//392 394//394
f 361//361 394//394 362//362
f 362//362 394//394 396//396
f 362//362 396//396 363//363
f 363//363 396//396 398//398
f 363//363 398//398 364//364
f 364//364 398//398 400//400
f 364//364 400//400 351//351
f 351//351 400//400 402//402
f 351//351 402//402 352//352
f 352//352 402//402 404//404
f 352//352 404//404 353//353
f 353//353 404//404 406//406
f 353//353 406//406 354//354
f 354//354 406//406 408//408
f 354//354 408//408 355//355
f 355//355 408//408 410//410
f 355//355 410//410 412//412
f 718//718 717//717 366//366
f 366//366 717//717 716//716
f 366//366 716//716 365//365
f 365//365 716//716 715//715
f 365//365 715//715 358//358
f 715//715 714//714 358//358
f 358//358 714//714 713//713
f 358//358 713//713 740//740
f 740//740 713//713 712//712
f 740//740 712//712 360//360
f 360//360 712//712 480//480
f 360//360 480//480 361//361
f 361//361 480//480 386//386
f 361//361 386//386 390//390
f 376//376 731//731 377//377
f 377//377 731//731 730//730
f 377//377 730//730 378//378
f 378//378 730//730 729//729
f 378//378 729//729 379//379
f 379//379 729//729 728//728
f 379//379 728//728 741//741
f 742//742 733//733 376//376
f 376//376 733//733 732//732
f 376//376 732//732 731//731
f 739//739 738//738 357//357
f 357//357 738//738 737//737
f 357//357 737//737 373//373
f 373//373 737//737 736//736
f 373//373 736//736 374//374
f 374//374 736//736 735//735
f 374//374 735//735 742//742
f 742//742 735//735 734//734
f 742//742 734//734 733//733
f 728//728 727//727 741//741
f 741//741 727//727 726//726
f 741//741 726//726 372//372
f 372//372 726//726 725//725
f 372//372 725//725 371//371
f 371//371 725//725 724//724
f 371//371 724//724 743//743
f 743//743 724//724 723//723
f 743//743 723//723 369//369
f 369//369 723//723 722//722
f 369//369 722//722 721//721
f 744//744 745//745 746//746
f 746//746 747//747 744//744
f 744//744 747//747 748//748
f 744//744 748//748 749//749
f 749//749 750//750 744//744
f 751//751 752//752 753//753
f 752//752 754//754 753//753
f 753//753 754//754 755//755
f 753//753 755//755 756//756
f 756//756 757//757 753//753
f 758//758 759//759 760//760
f 760//760 761//761 762//762
f 763//763 764//764 765//765
f 765//765 764//764 766//766
f 765//765 766//766 767//767
f 761//761 768//768 762//762
f 769//769 770//770 771//771
f 772//772 773//773 774//774
f 772//772 774//774 771//771
f 771//771 774//774 775//775
f 771//771 775//775 776//776
f 777//777 778//778 779//779
f 777//777 779//779 780//780
f 781//781 782//782 783//783
f 783//783 782//782 784//784
f 783//783 784//784 785//785
f 783//783 786//786 781//781
f 781//781 786//786 787//787
f 781//781 787//787 788//788
f 788//788 787//787 789//789
f 788//788 789//789 790//790
f 790//790 789//789 791//791
f 790//790 791//791 792//792
f 793//793 794//794 795//795
f 793//793 795//795 796//796
f 795//795 797//797 796//796
f 796//796 797//797 798//798
f 796//796 798//798 799//799
f 799//799 798//798 800//800
f 799//799 800//800 801//801
f 801//801 802//802 803//803
f 803//803 802//802 804//804
f 803//803 804//804 805//805
f 806//806 807//807 808//808
f 808//808 807//807 809//809
f 808//808 809//809 810//810
f 810//810 809//809 811//811
f 810//810 811//811 794//794
f 812//812 813//813 814//814
f 814//814 813//813 815//815
f 814//814 815//815 806//806
f 806//806 815//815 816//816
f 817//817 818//818 819//819
f 819//819 818//818 820//820
f 819//819 820//820 821//821
f 821//821 820//820 822//822
f 821//821 822//822 823//823
f 823//823 822//822 824//824
f 823//823 824//824 825//825
f 825//825 824//824 826//826
f 812//812 826//826 827//827
f 812//812 827//827 813//813
f 828//828 829//829 830//830
f 830//830 829//829 831//831
f 832//832 831//831 833//833
f 833//833 831//831 834//834
f 817//817 834//834 835//835
f 817//817 835//835 818//818
f 829//829 836//836 837//837
f 838//838 839//839 840//840
f 840//840 841//841 842//842
f 774//774 843//843 844//844
f 774//774 844//844 775//775
f 790//790 844//844 845//845
f 790//790 845//845 788//788
f 781//781 845//845 846//846
f 782//782 846//846 847//847
f 782//782 847//847 784//784
f 803//803 847//847 848//848
f 803//803 848//848 801//801
f 799//799 848//848 849//849
f 796//796 849//849 850//850
f 796//796 850//850 793//793
f 810//810 850//850 851//851
f 810//810 851//851 808//808
f 821//821 823//823 852//852
f 852//852 823//823 825//825
f 852//852 825//825 853//853
f 853//853 812//812 854//854
f 854//854 812//812 814//814
f 854//854 814//814 851//851
f 819//819 852//852 855//855
f 819//819 855//855 817//817
f 817//817 855//855 856//856
f 833//833 856//856 857//857
f 858//858 859//859 860//860
f 861//861 862//862 863//863
f 864//864 865//865 866//866
f 863//863 862//862 867//867
f 867//867 862//862 868//868
f 867//867 868//868 869//869
f 869//869 868//868 870//870
f 869//869 870//870 871//871
f 871//871 870//870 872//872
f 871//871 872//872 873//873
f 873//873 872//872 874//874
f 873//873 874//874 875//875
f 875//875 874//874 876//876
f 875//875 876//876 877//877
f 877//877 876//876 878//878
f 877//877 878//878 879//879
f 879//879 878//878 880//880
f 879//879 880//880 881//881
f 881//881 880//880 882//882
f 881//881 882//882 883//883
f 883//883 882//882 884//884
f 883//883 884//884 885//885
f 885//885 884//884 886//886
f 885//885 886//886 887//887
f 887//887 886//886 888//888
f 887//887 888//888 889//889
f 889//889 888//888 866//866
f 889//889 866//866 890//890
f 890//890 866//866 891//891
f 892//892 893//893 862//862
f 862//862 894//894 868//868
f 868//868 894//894 895//895
f 868//868 895//895 870//870
f 870//870 895//895 896//896
f 870//870 896//896 872//872
f 872//872 896//896 897//897
f 872//872 897//897 874//874
f 874//874 897//897 898//898
f 874//874 898//898 876//876
f 876//876 898//898 899//899
f 876//876 899//899 878//878
f 878//878 899//899 900//900
f 878//878 900//900 880//880
f 880//880 900//900 901//901
f 880//880 901//901 882//882
f 882//882 901//901 902//902
f 882//882 902//902 884//884
f 884//884 902//902 903//903
f 884//884 903//903 886//886
f 886//886 903//903 904//904
f 886//886 904//904 888//888
f 888//888 904//904 905//905
f 888//888 905//905 866//866
f 866//866 905//905 906//906
f 866//866 906//906 864//864
f 864//864 906//906 907//907
f 894//894 908//908 860//860
f 894//894 860//860 895//895
f 895//895 860//860 909//909
f 895//895 909//909 896//896
f 896//896 909//909 910//910
f 896//896 910//910 897//897
f 897//897 910//910 911//911
f 897//897 911//911 898//898
f 898//898 911//911 912//912
f 898//898 912//912 899//899
f 899//899 912//912 913//913
f 899//899 913//913 900//900
f 900//900 913//913 914//914
f 900//900 914//914 901//901
f 901//901 914//914 915//915
f 901//901 915//915 902//902
f 902//902 915//915 916//916
f 902//902 916//916 903//903
f 903//903 916//916 917//917
f 903//903 917//917 904//904
f 904//904 917//917 918//918
f 904//904 918//918 905//905
f 905//905 918//918 919//919
f 905//905 919//919 906//906
f 906//906 919//919 920//920
f 906//906 920//920 921//921
f 921//921 920//920 922//922
f 860//860 923//923 909//909
f 909//909 923//923 924//924
f 909//909 924//924 910//910
f 910//910 924//924 925//925
f 910//910 925//925 911//911
f 911//911 925//925 926//926
f 911//911 926//926 912//912
f 912//912 926//926 927//927
f 912//912 927//927 913//913
f 913//913 927//927 928//928
f 913//913 928//928 914//914
f 914//914 928//928 929//929
f 914//914 929//929 915//915
f 915//915 929//929 930//930
f 915//915 930//930 916//916
f 916//916 930//930 931//931
f 916//916 931//931 917//917
f 917//917 931//931 932//932
f 917//917 932//932 918//918
f 918//918 932//932 933//933
f 918//918 933//933 919//919
f 919//919 933//933 934//934
f 919//919 934//934 920//920
f 920//920 934//934 935//935
f 920//920 935//935 936//936
f 936//936 935//935 937//937
f 923//923 857//857 856//856
f 923//923 856//856 924//924
f 924//924 856//856 855//855
f 924//924 855//855 925//925
f 925//925 855//855 852//852
f 925//925 852//852 926//926
f 926//926 852//852 853//853
f 926//926 853//853 927//927
f 927//927 853//853 854//854
f 927//927 854//854 928//928
f 928//928 854//854 851//851
f 928//928 851//851 929//929
f 929//929 851//851 850//850
f 929//929 850//850 930//930
f 930//930 850//850 849//849
f 930//930 849//849 931//931
f 931//931 849//849 848//848
f 931//931 848//848 932//932
f 932//932 848//848 847//847
f 932//932 847//847 933//933
f 933//933 847//847 846//846
f 933//933 846//846 934//934
f 934//934 846//846 845//845
f 934//934 845//845 935//935
f 935//935 845//845 844//844
f 935//935 844//844 937//937
f 937//937 844//844 843//843
f 863//863 938//938 939//939
f 939//939 938//938 940//940
f 941//941 942//942 943//943
f 943//943 942//942 944//944
f 945//945 944//944 946//946
f 947//947 946//946 948//948
f 949//949 948//948 950//950
f 951//951 952//952 953//953
f 954//954 955//955 956//956
f 956//956 955//955 953//953
f 957//957 958//958 959//959
f 959//959 958//958 960//960
f 959//959 960//960 961//961
f 962//962 963//963 960//960
f 960//960 963//963 964//964
f 960//960 964//964 961//961
f 965//965 966//966 962//962
f 962//962 966//966 967//967
f 962//962 967//967 963//963
f 968//968 969//969 970//970
f 970//970 969//969 971//971
f 970//970 971//971 965//965
f 965//965 971//971 972//972
f 965//965 972//972 966//966
f 968//968 970//970 973//973
f 973//973 970//970 974//974
f 973//973 974//974 975//975
f 975//975 974//974 976//976
f 975//975 976//976 977//977
f 978//978 979//979 976//976
f 976//976 979//979 980//980
f 976//976 980//980 977//977
f 981//981 982//982 978//978
f 978//978 982//982 983//983
f 978//978 983//983 979//979
f 984//984 985//985 986//986
f 986//986 985//985 987//987
f 986//986 987//987 981//981
f 981//981 987//987 988//988
f 981//981 988//988 982//982
f 984//984 986//986 989//989
f 989//989 986//986 990//990
f 989//989 990//990 991//991
f 991//991 990//990 992//992
f 991//991 992//992 993//993
f 994//994 995//995 996//996
f 996//996 997//997 994//994
f 994//994 997//997 998//998
f 994//994 998//998 992//992
f 992//992 998//998 999//999
f 992//992 999//999 993//993
f 1000//1000 1001//1001 1002//1002
f 1002//1002 1001//1001 1003//1003
f 1002//1002 1003//1003 995//995
f 995//995 1003//1003 1004//1004
f 995//995 1004//1004 996//996
f 1000//1000 1002//1002 1005//1005
f 1005//1005 1002//1002 1006//1006
f 1005//1005 1006//1006 1007//1007
f 1007//1007 1006//1006 1008//1008
f 1007//1007 1008//1008 1009//1009
f 1010//1010 1011//1011 1012//1012
f 1011//1011 1013//1013 1012//1012
f 1012//1012 1013//1013 1014//1014
f 1012//1012 1014//1014 1008//1008
f 1008//1008 1014//1014 1015//1015
f 1008//1008 1015//1015 1009//1009
f 1016//1016 1010//1010 1017//1017
f 1017//1017 1010//1010 1018//1018
f 1017//1017 1018//1018 1019//1019
f 956//956 953//953 1018//1018
f 1018//1018 953//953 1020//1020
f 1018//1018 1020//1020 1019//1019
f 1021//1021 1022//1022 1023//1023
f 1024//1024 957//957 1025//1025
f 1026//1026 1027//1027 1028//1028
f 1028//1028 1027//1027 1029//1029
f 1028//1028 1029//1029 1030//1030
f 1025//1025 1031//1031 1024//1024
f 1023//1023 1032//1032 1021//1021
f 1021//1021 1032//1032 1033//1033
f 1034//1034 1033//1033 1035//1035
f 1035//1035 1036//1036 1037//1037
f 1035//1035 1037//1037 1026//1026
f 1034//1034 1035//1035 1038//1038
f 1026//1026 1028//1028 1039//1039
f 950//950 948//948 1040//1040
f 1041//1041 1025//1025 957//957
f 957//957 959//959 1041//1041
f 1041//1041 959//959 961//961
f 1041//1041 961//961 1042//1042
f 1042//1042 961//961 964//964
f 1042//1042 964//964 1043//1043
f 964//964 963//963 1043//1043
f 1043//1043 967//967 1044//1044
f 967//967 966//966 1044//1044
f 1044//1044 966//966 972//972
f 1044//1044 972//972 1045//1045
f 1045//1045 972//972 971//971
f 1045//1045 971//971 1046//1046
f 971//971 969//969 1046//1046
f 1046//1046 969//969 968//968
f 1046//1046 968//968 1047//1047
f 1047//1047 968//968 973//973
f 1047//1047 973//973 1048//1048
f 973//973 975//975 1048//1048
f 1048//1048 975//975 977//977
f 1048//1048 977//977 1049//1049
f 1049//1049 977//977 980//980
f 1049//1049 980//980 1050//1050
f 980//980 979//979 1050//1050
f 1050//1050 979//979 983//983
f 1050//1050 983//983 1051//1051
f 983//983 982//982 1051//1051
f 1051//1051 988//988 1052//1052
f 1052//1052 988//988 987//987
f 1052//1052 987//987 1053//1053
f 1053//1053 985//985 984//984
f 1053//1053 984//984 1054//1054
f 1054//1054 984//984 989//989
f 1054//1054 989//989 1055//1055
f 989//989 991//991 1055//1055
f 1055//1055 991//991 993//993
f 1055//1055 993//993 1056//1056
f 1056//1056 993//993 999//999
f 1056//1056 999//999 1057//1057
f 999//999 998//998 1057//1057
f 1057//1057 998//998 997//997
f 1057//1057 997//997 1058//1058
f 997//997 996//996 1058//1058
f 1058//1058 1004//1004 1059//1059
f 1059//1059 1004//1004 1003//1003
f 1059//1059 1003//1003 1060//1060
f 1060//1060 1001//1001 1000//1000
f 1060//1060 1000//1000 1061//1061
f 1061//1061 1000//1000 1005//1005
f 1061//1061 1005//1005 1062//1062
f 1005//1005 1007//1007 1062//1062
f 1062//1062 1007//1007 1009//1009
f 1062//1062 1009//1009 1063//1063
f 1063//1063 1009//1009 1015//1015
f 1063//1063 1015//1015 1064//1064
f 1064//1064 1013//1013 1065//1065
f 1066//1066 1016//1016 1017//1017
f 953//953 952//952 1020//1020
f 1020//1020 952//952 1067//1067
f 1020//1020 1067//1067 1019//1019
f 1067//1067 950//950 1040//1040
f 1067//1067 1040//1040 1066//1066
f 1066//1066 1040//1040 1068//1068
f 1066//1066 1068//1068 1065//1065
f 1065//1065 1068//1068 1069//1069
f 1065//1065 1069//1069 1064//1064
f 1064//1064 1069//1069 1070//1070
f 1064//1064 1070//1070 1063//1063
f 1063//1063 1070//1070 1071//1071
f 1063//1063 1071//1071 1062//1062
f 1062//1062 1071//1071 1072//1072
f 1062//1062 1072//1072 1061//1061
f 1061//1061 1072//1072 1073//1073
f 1061//1061 1073//1073 1060//1060
f 1060//1060 1073//1073 1074//1074
f 1060//1060 1074//1074 1059//1059
f 1059//1059 1074//1074 1075//1075
f 1059//1059 1075//1075 1058//1058
f 1058//1058 1075//1075 1076//1076
f 1058//1058 1076//1076 1057//1057
f 1057//1057 1076//1076 1077//1077
f 1057//1057 1077//1077 1056//1056
f 1056//1056 1077//1077 1078//1078
f 1056//1056 1078//1078 1055//1055
f 1055//1055 1078//1078 1079//1079
f 1055//1055 1079//1079 1054//1054
f 1054//1054 1079//1079 1080//1080
f 1054//1054 1080//1080 1053//1053
f 1053//1053 1080//1080 1081//1081
f 1053//1053 1081//1081 1052//1052
f 1052//1052 1081//1081 1082//1082
f 1052//1052 1082//1082 1051//1051
f 1051//1051 1082//1082 1083//1083
f 1051//1051 1083//1083 1050//1050
f 1050//1050 1083//1083 1084//1084
f 1050//1050 1084//1084 1049//1049
f 1049//1049 1084//1084 1085//1085
f 1049//1049 1085//1085 1048//1048
f 1048//1048 1085//1085 1086//1086
f 1048//1048 1086//1086 1047//1047
f 1047//1047 1086//1086 1087//1087
f 1047//1047 1087//1087 1046//1046
f 1046//1046 1087//1087 1088//1088
f 1046//1046 1088//1088 1045//1045
f 1045//1045 1088//1088 1089//1089
f 1045//1045 1089//1089 1044//1044
f 1044//1044 1089//1089 1090//1090
f 1044//1044 1090//1090 1043//1043
f 1043//1043 1090//1090 1091//1091
f 1043//1043 1091//1091 1042//1042
f 1042//1042 1091//1091 1092//1092
f 1042//1042 1092//1092 1041//1041
f 1041//1041 1092//1092 1039//1039
f 1041//1041 1039//1039 1030//1030
f 1030//1030 1039//1039 1028//1028
f 1040//1040 946//946 1093//1093
f 1040//1040 1093//1093 1068//1068
f 1068//1068 1093//1093 1094//1094
f 1068//1068 1094//1094 1069//1069
f 1069//1069 1094//1094 1095//1095
f 1069//1069 1095//1095 1070//1070
f 1070//1070 1095//1095 1096//1096
f 1070//1070 1096//1096 1071//1071
f 1071//1071 1096//1096 1097//1097
f 1071//1071 1097//1097 1072//1072
f 1072//1072 1097//1097 1098//1098
f 1072//1072 1098//1098 1073//1073
f 1073//1073 1098//1098 1099//1099
f 1073//1073 1099//1099 1074//1074
f 1074//1074 1099//1099 1100//1100
f 1074//1074 1100//1100 1075//1075
f 1075//1075 1100//1100 1101//1101
f 1075//1075 1101//1101 1076//1076
f 1076//1076 1101//1101 1102//1102
f 1076//1076 1102//1102 1077//1077
f 1077//1077 1102//1102 1103//1103
f 1077//1077 1103//1103 1078//1078
f 1078//1078 1103//1103 1104//1104
f 1078//1078 1104//1104 1079//1079
f 1079//1079 1104//1104 1105//1105
f 1079//1079 1105//1105 1080//1080
f 1080//1080 1105//1105 1106//1106
f 1080//1080 1106//1106 1081//1081
f 1081//1081 1106//1106 1107//1107
f 1081//1081 1107//1107 1082//1082
f 1082//1082 1107//1107 1108//1108
f 1082//1082 1108//1108 1083//1083
f 1083//1083 1108//1108 1109//1109
f 1083//1083 1109//1109 1084//1084
f 1084//1084 1109//1109 1110//1110
f 1084//1084 1110//1110 1085//1085
f 1085//1085 1110//1110 1111//1111
f 1085//1085 1111//1111 1086//1086
f 1086//1086 1111//1111 1112//1112
f 1086//1086 1112//1112 1087//1087
f 1087//1087 1112//1112 1113//1113
f 1087//1087 1113//1113 1088//1088
f 1088//1088 1113//1113 1114//1114
f 1088//1088 1114//1114 1089//1089
f 1089//1089 1114//1114 1115//1115
f 1089//1089 1115//1115 1090//1090
f 1090//1090 1115//1115 1116//1116
f 1090//1090 1116//1116 1091//1091
f 1091//1091 1116//1116 1117//1117
f 1091//1091 1117//1117 1092//1092
f 1092//1092 1117//1117 1118//1118
f 1092//1092 1118//1118 1039//1039
f 1039//1039 1118//1118 1038//1038
f 1039//1039 1038//1038 1026//1026
f 1026//1026 1038//1038 1035//1035
f 944//944 942//942 1093//1093
f 1093//1093 942//942 1119//1119
f 1093//1093 1119//1119 1094//1094
f 1094//1094 1119//1119 1120//1120
f 1094//1094 1120//1120 1095//1095
f 1095//1095 1120//1120 1121//1121
f 1095//1095 1121//1121 1096//1096
f 1096//1096 1121//1121 1122//1122
f 1096//1096 1122//1122 1097//1097
f 1097//1097 1122//1122 1123//1123
f 1097//1097 1123//1123 1098//1098
f 1098//1098 1123//1123 1124//1124
f 1098//1098 1124//1124 1099//1099
f 1099//1099 1124//1124 1125//1125
f 1099//1099 1125//1125 1100//1100
f 1100//1100 1125//1125 1126//1126
f 1100//1100 1126//1126 1101//1101
f 1101//1101 1126//1126 1127//1127
f 1101//1101 1127//1127 1102//1102
f 1102//1102 1127//1127 1128//1128
f 1102//1102 1128//1128 1103//1103
f 1103//1103 1128//1128 1129//1129
f 1103//1103 1129//1129 1104//1104
f 1104//1104 1129//1129 1130//1130
f 1104//1104 1130//1130 1105//1105
f 1105//1105 1130//1130 1131//1131
f 1105//1105 1131//1131 1106//1106
f 1106//1106 1131//1131 1132//1132
f 1106//1106 1132//1132 1107//1107
f 1107//1107 1132//1132 1133//1133
f 1107//1107 1133//1133 1108//1108
f 1108//1108 1133//1133 1134//1134
f 1108//1108 1134//1134 1109//1109
f 1109//1109 1134//1134 1135//1135
f 1109//1109 1135//1135 1110//1110
f 1110//1110 1135//1135 1136//1136
f 1110//1110 1136//1136 1111//1111
f 1111//1111 1136//1136 1137//1137
f 1111//1111 1137//1137 1112//1112
f 1112//1112 1137//1137 1138//1138
f 1112//1112 1138//1138 1113//1113
f 1113//1113 1138//1138 1139//1139
f 1113//1113 1139//1139 1114//1114
f 1114//1114 1139//1139 1140//1140
f 1114//1114 1140//1140 1115//1115
f 1115//1115 1140//1140 1141//1141
f 1115//1115 1141//1141 1116//1116
f 1116//1116 1141//1141 1142//1142
f 1116//1116 1142//1142 1117//1117
f 1117//1117 1142//1142 1143//1143
f 1117//1117 1143//1143 1118//1118
f 1118//1118 1143//1143 1144//1144
f 1118//1118 1144//1144 1038//1038
f 1038//1038 1144//1144 1145//1145
f 1038//1038 1145//1145 1034//1034
f 940//940 938//938 1119//1119
f 1119//1119 938//938 1146//1146
f 1119//1119 1146//1146 1120//1120
f 1120//1120 1146//1146 1147//1147
f 1120//1120 1147//1147 1121//1121
f 1121//1121 1147//1147 1148//1148
f 1121//1121 1148//1148 1122//1122
f 1122//1122 1148//1148 1149//1149
f 1122//1122 1149//1149 1123//1123
f 1123//1123 1149//1149 1150//1150
f 1123//1123 1150//1150 1124//1124
f 1124//1124 1150//1150 1151//1151
f 1124//1124 1151//1151 1125//1125
f 1125//1125 1151//1151 1152//1152
f 1125//1125 1152//1152 1126//1126
f 1126//1126 1152//1152 1153//1153
f 1126//1126 1153//1153 1127//1127
f 1127//1127 1153//1153 1154//1154
f 1127//1127 1154//1154 1128//1128
f 1128//1128 1154//1154 1155//1155
f 1128//1128 1155//1155 1129//1129
f 1129//1129 1155//1155 1156//1156
f 1129//1129 1156//1156 1130//1130
f 1130//1130 1156//1156 1157//1157
f 1130//1130 1157//1157 1131//1131
f 1131//1131 1157//1157 1158//1158
f 1131//1131 1158//1158 1132//1132
f 1132//1132 1158//1158 1159//1159
f 1132//1132 1159//1159 1133//1133
f 1133//1133 1159//1159 1160//1160
f 1133//1133 1160//1160 1134//1134
f 1134//1134 1160//1160 1161//1161
f 1134//1134 1161//1161 1135//1135
f 1135//1135 1161//1161 1162//1162
f 1135//1135 1162//1162 1136//1136
f 1136//1136 1162//1162 1163//1163
f 1136//1136 1163//1163 1137//1137
f 1137//1137 1163//1163 1164//1164
f 1137//1137 1164//1164 1138//1138
f 1138//1138 1164//1164 1165//1165
f 1138//1138 1165//1165 1139//1139
f 1139//1139 1165//1165 1166//1166
f 1139//1139 1166//1166 1140//1140
f 1140//1140 1166//1166 1167//1167
f 1140//1140 1167//1167 1141//1141
f 1141//1141 1167//1167 1168//1168
f 1141//1141 1168//1168 1142//1142
f 1142//1142 1168//1168 1169//1169
f 1142//1142 1169//1169 1143//1143
f 1143//1143 1169//1169 1170//1170
f 1143//1143 1170//1170 1144//1144
f 1144//1144 1170//1170 1171//1171
f 1144//1144 1171//1171 1145//1145
f 1145//1145 1171//1171 1172//1172
f 1145//1145 1172//1172 1021//1021
f 1021//1021 1172//1172 1022//1022
f 1173//1173 1153//1153 1174//1174
f 1174//1174 1153//1153 1152//1152
f 1174//1174 1152//1152 1175//1175
f 1176//1176 1156//1156 1177//1177
f 1177//1177 1156//1156 1155//1155
f 1177//1177 1155//1155 1173//1173
f 1173//1173 1155//1155 1154//1154
f 1173//1173 1154//1154 1153//1153
f 1178//1178 1162//1162 1179//1179
f 1179//1179 1162//1162 1161//1161
f 1179//1179 1161//1161 1180//1180
f 1180//1180 1161//1161 1160//1160
f 1180//1180 1160//1160 1181//1181
f 1181//1181 1160//1160 1159//1159
f 1181//1181 1159//1159 1182//1182
f 1182//1182 1159//1159 1158//1158
f 1182//1182 1158//1158 1176//1176
f 1176//1176 1158//1158 1157//1157
f 1176//1176 1157//1157 1156//1156
f 1183//1183 1184//1184 1172//1172
f 889//889 890//890 1185//1185
f 1185//1185 890//890 1023//1023
f 1185//1185 1023//1023 1184//1184
f 1184//1184 1023//1023 1022//1022
f 1184//1184 1022//1022 1172//1172
f 1148//1148 1186//1186 1187//1187
f 1152//1152 1151//1151 1175//1175
f 1175//1175 1151//1151 1150//1150
f 1175//1175 1150//1150 1187//1187
f 1187//1187 1150//1150 1149//1149
f 1187//1187 1149//1149 1148//1148
f 1188//1188 1165//1165 1189//1189
f 1189//1189 1165//1165 1164//1164
f 1189//1189 1164//1164 1178//1178
f 1178//1178 1164//1164 1163//1163
f 1178//1178 1163//1163 1162//1162
f 1190//1190 1168//1168 1191//1191
f 1191//1191 1168//1168 1167//1167
f 1191//1191 1167//1167 1188//1188
f 1188//1188 1167//1167 1166//1166
f 1188//1188 1166//1166 1165//1165
f 1172//1172 1171//1171 1183//1183
f 1183//1183 1171//1171 1170//1170
f 1183//1183 1170//1170 1190//1190
f 1190//1190 1170//1170 1169//1169
f 1190//1190 1169//1169 1168//1168
f 867//867 869//869 1192//1192
f 1192//1192 869//869 871//871
f 1192//1192 871//871 1193//1193
f 1193//1193 871//871 873//873
f 1193//1193 873//873 1194//1194
f 1194//1194 873//873 875//875
f 1194//1194 875//875 1195//1195
f 1195//1195 875//875 877//877
f 1195//1195 877//877 1196//1196
f 1196//1196 877//877 879//879
f 1196//1196 879//879 1197//1197
f 1197//1197 879//879 881//881
f 1197//1197 881//881 1198//1198
f 1198//1198 881//881 883//883
f 1198//1198 883//883 1199//1199
f 1199//1199 883//883 885//885
f 1199//1199 885//885 1185//1185
f 1185//1185 885//885 887//887
f 1185//1185 887//887 889//889
f 1148//1148 1147//1147 1186//1186
f 1186//1186 1147//1147 1146//1146
f 1186//1186 1146//1146 1200//1200
f 1200//1200 1146//1146 938//938
f 1200//1200 938//938 1192//1192
f 1192//1192 938//938 863//863
f 1192//1192 863//863 867//867
f 1201//1201 1202//1202 1203//1203
f 1203//1203 1202//1202 1191//1191
f 1203//1203 1191//1191 1204//1204
f 1204//1204 1191//1191 1188//1188
f 1204//1204 1188//1188 1205//1205
f 1205//1205 1188//1188 1189//1189
f 1205//1205 1189//1189 1206//1206
f 1206//1206 1189//1189 1178//1178
f 1206//1206 1178//1178 1207//1207
f 1207//1207 1178//1178 1179//1179
f 1207//1207 1179//1179 1208//1208
f 1208//1208 1179//1179 1180//1180
f 1208//1208 1180//1180 1209//1209
f 1209//1209 1180//1180 1181//1181
f 1209//1209 1181//1181 1210//1210
f 1210//1210 1181//1181 1182//1182
f 1210//1210 1182//1182 1211//1211
f 1211//1211 1182//1182 1176//1176
f 1211//1211 1176//1176 1212//1212
f 1212//1212 1176//1176 1177//1177
f 1212//1212 1177//1177 1213//1213
f 1213//1213 1177//1177 1173//1173
f 1213//1213 1173//1173 1214//1214
f 1214//1214 1173//1173 1174//1174
f 1214//1214 1174//1174 1215//1215
f 1174//1174 1175//1175 1215//1215
f 1215//1215 1175//1175 1187//1187
f 1215//1215 1187//1187 1216//1216
f 1216//1216 1187//1187 1186//1186
f 1216//1216 1186//1186 1217//1217
f 1217//1217 1186//1186 1200//1200
f 1217//1217 1200//1200 1218//1218
f 1218//1218 1200//1200 1192//1192
f 1218//1218 1192//1192 1219//1219
f 1219//1219 1192//1192 1193//1193
f 1219//1219 1193//1193 1220//1220
f 1220//1220 1193//1193 1194//1194
f 1220//1220 1194//1194 1221//1221
f 1221//1221 1194//1194 1195//1195
f 1221//1221 1195//1195 1222//1222
f 1222//1222 1195//1195 1196//1196
f 1222//1222 1196//1196 1223//1223
f 1223//1223 1196//1196 1197//1197
f 1223//1223 1197//1197 1224//1224
f 1224//1224 1197//1197 1198//1198
f 1224//1224 1198//1198 1225//1225
f 1225//1225 1198//1198 1199//1199
f 1225//1225 1199//1199 1226//1226
f 1226//1226 1199//1199 1185//1185
f 1226//1226 1185//1185 1227//1227
f 1227//1227 1185//1185 1228//1228
f 1227//1227 1228//1228 1201//1201
f 1201//1201 1228//1228 1183//1183
f 1201//1201 1183//1183 1202//1202
f 1214//1214 1215//1215 1229//1229
f 1229//1229 1215//1215 1216//1216
f 1221//1221 1222//1222 1230//1230
f 1207//1207 1208//1208 1231//1231
f 1231//1231 1208//1208 1209//1209
f 1231//1231 1209//1209 1210//1210
f 751//751 753//753 1205//1205
f 1216//1216 1217//1217 1229//1229
f 1229//1229 1217//1217 1218//1218
f 1229//1229 1218//1218 1232//1232
f 1232//1232 1218//1218 1219//1219
f 1232//1232 1219//1219 1230//1230
f 1230//1230 1219//1219 1220//1220
f 1230//1230 1220//1220 1221//1221
f 1233//1233 1211//1211 1234//1234
f 1234//1234 1211//1211 1212//1212
f 1235//1235 1212//1212 1213//1213
f 1236//1236 1237//1237 1238//1238
f 1239//1239 1203//1203 1236//1236
f 1236//1236 1203//1203 1204//1204
f 1236//1236 1204//1204 1205//1205
f 1222//1222 1223//1223 1230//1230
f 1230//1230 1223//1223 1240//1240
f 1230//1230 1240//1240 1241//1241
f 754//754 1242//1242 1241//1241
f 754//754 1241//1241 755//755
f 755//755 1241//1241 756//756
f 1229//1229 748//748 1214//1214
f 1214//1214 748//748 747//747
f 1214//1214 747//747 1213//1213
f 1213//1213 747//747 746//746
f 1207//1207 1231//1231 1206//1206
f 1206//1206 1231//1231 1243//1243
f 1206//1206 1243//1243 1205//1205
f 1233//1233 1231//1231 1210//1210
f 1233//1233 1210//1210 1211//1211
f 1241//1241 1244//1244 1245//1245
f 1241//1241 1245//1245 1229//1229
f 1229//1229 750//750 749//749
f 1225//1225 1226//1226 764//764
f 767//767 757//757 756//756
f 766//766 1226//1226 1227//1227
f 766//766 1227//1227 1239//1239
f 1239//1239 1227//1227 1201//1201
f 1239//1239 1201//1201 1203//1203
f 744//744 754//754 745//745
f 745//745 754//754 752//752
f 1241//1241 759//759 758//758
f 1241//1241 758//758 756//756
f 756//756 765//765 767//767
f 764//764 763//763 1225//1225
f 1225//1225 760//760 1224//1224
f 1224//1224 760//760 762//762
f 1224//1224 762//762 1223//1223
f 1223//1223 762//762 768//768
f 1223//1223 768//768 1240//1240
f 1246//1246 1247//1247 1248//1248
f 1249//1249 1250//1250 1251//1251
f 1251//1251 1252//1252 1249//1249
f 1246//1246 1248//1248 1253//1253
f 1253//1253 1248//1248 1254//1254
f 1253//1253 1254//1254 1255//1255
f 1256//1256 1257//1257 1254//1254
f 1254//1254 1258//1258 1255//1255
f 1259//1259 1260//1260 1261//1261
f 1262//1262 1263//1263 1264//1264
f 1265//1265 1266//1266 1267//1267
f 1267//1267 1266//1266 1268//1268
f 1267//1267 1268//1268 1269//1269
f 1269//1269 1270//1270 1267//1267
f 1267//1267 1270//1270 1271//1271
f 1267//1267 1271//1271 1272//1272
f 1272//1272 1273//1273 1267//1267
f 1267//1267 1273//1273 1274//1274
f 1267//1267 1274//1274 1275//1275
f 1275//1275 1276//1276 1267//1267
f 1267//1267 1276//1276 1277//1277
f 1267//1267 1277//1277 1278//1278
f 1278//1278 1279//1279 1267//1267
f 1267//1267 1279//1279 1280//1280
f 1267//1267 1280//1280 1281//1281
f 1282//1282 1283//1283 1284//1284
f 1284//1284 1283//1283 1285//1285
f 1284//1284 1285//1285 1286//1286
f 1265//1265 1267//1267 1286//1286
f 1286//1286 1267//1267 1281//1281
f 1286//1286 1281//1281 1284//1284
f 1284//1284 1281//1281 1287//1287
f 1284//1284 1287//1287 1288//1288
f 1288//1288 1289//1289 1284//1284
f 1284//1284 1289//1289 1290//1290
f 1284//1284 1290//1290 1282//1282
f 1291//1291 1292//1292 1293//1293
f 1294//1294 1291//1291 1295//1295
f 1295//1295 1291//1291 1293//1293
f 1293//1293 1296//1296 1297//1297
f 1298//1298 1299//1299 1300//1300
f 1300//1300 1299//1299 1301//1301
f 1300//1300 1301//1301 1302//1302
f 1303//1303 1304//1304 1300//1300
f 1300//1300 1304//1304 1305//1305
f 1300//1300 1305//1305 1298//1298
f 1303//1303 1300//1300 1306//1306
f 1306//1306 1300//1300 1302//1302
f 1306//1306 1302//1302 1307//1307
f 1307//1307 1302//1302 1273//1273
f 1307//1307 1273//1273 1294//1294
f 1294//1294 1273//1273 1272//1272
f 1294//1294 1272//1272 1291//1291
f 1308//1308 1309//1309 1310//1310
f 1311//1311 1312//1312 1313//1313
f 1314//1314 1311//1311 1315//1315
f 1314//1314 1315//1315 1316//1316
f 1317//1317 1318//1318 1319//1319
f 1319//1319 1318//1318 1320//1320
f 1319//1319 1320//1320 1321//1321
f 1321//1321 1320//1320 1322//1322
f 1321//1321 1322//1322 1315//1315
f 1315//1315 1322//1322 1323//1323
f 1315//1315 1323//1323 1316//1316
f 1324//1324 1319//1319 1325//1325
f 1324//1324 1325//1325 1326//1326
f 1326//1326 1325//1325 1327//1327
f 1326//1326 1327//1327 1328//1328
f 1328//1328 1327//1327 1329//1329
f 1329//1329 1327//1327 1330//1330
f 1331//1331 1330//1330 1332//1332
f 1332//1332 1330//1330 1333//1333
f 1332//1332 1333//1333 1309//1309
f 1334//1334 1333//1333 1335//1335
f 1336//1336 1337//1337 1338//1338
f 1339//1339 1340//1340 1341//1341
f 1341//1341 1342//1342 1336//1336
f 1336//1336 1342//1342 1343//1343
f 1344//1344 1339//1339 1345//1345
f 1345//1345 1339//1339 1346//1346
f 1345//1345 1346//1346 1347//1347
f 1348//1348 1349//1349 1346//1346
f 1350//1350 1348//1348 1351//1351
f 1350//1350 1351//1351 1352//1352
f 1353//1353 1354//1354 1351//1351
f 1351//1351 1354//1354 1355//1355
f 1351//1351 1355//1355 1352//1352
f 1356//1356 1354//1354 1357//1357
f 1357//1357 1354//1354 1353//1353
f 1358//1358 1359//1359 1360//1360
f 1360//1360 1359//1359 1361//1361
f 1362//1362 1363//1363 1358//1358
f 1364//1364 1279//1279 1365//1365
f 1365//1365 1279//1279 1278//1278
f 1365//1365 1278//1278 1366//1366
f 1366//1366 1278//1278 1277//1277
f 1366//1366 1277//1277 1367//1367
f 1367//1367 1277//1277 1276//1276
f 1367//1367 1276//1276 1368//1368
f 1368//1368 1276//1276 1275//1275
f 1368//1368 1275//1275 1362//1362
f 1362//1362 1275//1275 1274//1274
f 1362//1362 1274//1274 1363//1363
f 1287//1287 1281//1281 1364//1364
f 1364//1364 1281//1281 1280//1280
f 1364//1364 1280//1280 1279//1279
f 1364//1364 1369//1369 1287//1287
f 1287//1287 1369//1369 1370//1370
f 1287//1287 1370//1370 1288//1288
f 1288//1288 1370//1370 1371//1371
f 1288//1288 1371//1371 1289//1289
f 1289//1289 1371//1371 1372//1372
f 1289//1289 1372//1372 1290//1290
f 1290//1290 1372//1372 1373//1373
f 1290//1290 1373//1373 1282//1282
f 1282//1282 1373//1373 1374//1374
f 1282//1282 1374//1374 1283//1283
f 1283//1283 1374//1374 1375//1375
f 1283//1283 1375//1375 1285//1285
f 1361//1361 1353//1353 1360//1360
f 1360//1360 1353//1353 1351//1351
f 1360//1360 1351//1351 1376//1376
f 1376//1376 1351//1351 1348//1348
f 1376//1376 1348//1348 1377//1377
f 1377//1377 1348//1348 1346//1346
f 1377//1377 1346//1346 1378//1378
f 1378//1378 1346//1346 1339//1339
f 1378//1378 1339//1339 1379//1379
f 1379//1379 1339//1339 1341//1341
f 1379//1379 1341//1341 1380//1380
f 1380//1380 1341//1341 1336//1336
f 1380//1380 1336//1336 1381//1381
f 1381//1381 1336//1336 1338//1338
f 1381//1381 1338//1338 1382//1382
f 1382//1382 1338//1338 1383//1383
f 1382//1382 1383//1383 1384//1384
f 1384//1384 1383//1383 1335//1335
f 1384//1384 1335//1335 1385//1385
f 1385//1385 1335//1335 1333//1333
f 1385//1385 1333//1333 1386//1386
f 1386//1386 1333//1333 1330//1330
f 1386//1386 1330//1330 1387//1387
f 1387//1387 1330//1330 1327//1327
f 1387//1387 1327//1327 1388//1388
f 1388//1388 1327//1327 1325//1325
f 1388//1388 1325//1325 1389//1389
f 1389//1389 1325//1325 1319//1319
f 1389//1389 1319//1319 1390//1390
f 1390//1390 1319//1319 1321//1321
f 1390//1390 1321//1321 1391//1391
f 1391//1391 1321//1321 1315//1315
f 1391//1391 1315//1315 1392//1392
f 1392//1392 1315//1315 1311//1311
f 1392//1392 1311//1311 1393//1393
f 1313//1313 1394//1394 1311//1311
f 1311//1311 1394//1394 1395//1395
f 1311//1311 1395//1395 1393//1393
f 1393//1393 1395//1395 1396//1396
f 1393//1393 1396//1396 1397//1397
f 1358//1358 1360//1360 1362//1362
f 1362//1362 1360//1360 1376//1376
f 1362//1362 1376//1376 1368//1368
f 1368//1368 1376//1376 1377//1377
f 1368//1368 1377//1377 1367//1367
f 1367//1367 1377//1377 1378//1378
f 1367//1367 1378//1378 1366//1366
f 1366//1366 1378//1378 1379//1379
f 1366//1366 1379//1379 1365//1365
f 1365//1365 1379//1379 1380//1380
f 1365//1365 1380//1380 1364//1364
f 1364//1364 1380//1380 1381//1381
f 1364//1364 1381//1381 1369//1369
f 1369//1369 1381//1381 1382//1382
f 1369//1369 1382//1382 1370//1370
f 1370//1370 1382//1382 1384//1384
f 1370//1370 1384//1384 1371//1371
f 1371//1371 1384//1384 1385//1385
f 1371//1371 1385//1385 1372//1372
f 1372//1372 1385//1385 1386//1386
f 1372//1372 1386//1386 1373//1373
f 1373//1373 1386//1386 1387//1387
f 1373//1373 1387//1387 1374//1374
f 1374//1374 1387//1387 1388//1388
f 1374//1374 1388//1388 1375//1375
f 1375//1375 1388//1388 1389//1389
f 1375//1375 1389//1389 1398//1398
f 1398//1398 1389//1389 1390//1390
f 1398//1398 1390//1390 1399//1399
f 1399//1399 1390//1390 1391//1391
f 1399//1399 1391//1391 1400//1400
f 1400//1400 1391//1391 1392//1392
f 1400//1400 1392//1392 1401//1401
f 1401//1401 1392//1392 1393//1393
f 1401//1401 1393//1393 1402//1402
f 1402//1402 1393//1393 1397//1397
f 1402//1402 1397//1397 1403//1403
f 1285//1285 1375//1375 1286//1286
f 1286//1286 1375//1375 1398//1398
f 1286//1286 1398//1398 1265//1265
f 1265//1265 1398//1398 1399//1399
f 1265//1265 1399//1399 1266//1266
f 1266//1266 1399//1399 1400//1400
f 1266//1266 1400//1400 1268//1268
f 1268//1268 1400//1400 1401//1401
f 1268//1268 1401//1401 1269//1269
f 1269//1269 1401//1401 1402//1402
f 1269//1269 1402//1402 1270//1270
f 1270//1270 1402//1402 1403//1403
f 1270//1270 1403//1403 1271//1271
f 1394//1394 1313//1313 1404//1404
f 1395//1395 1405//1405 1396//1396
f 1396//1396 1405//1405 1406//1406
f 1396//1396 1406//1406 1397//1397
f 1397//1397 1406//1406 1403//1403
f 1407//1407 1408//1408 1404//1404
f 1404//1404 1408//1408 1405//1405
f 1404//1404 1405//1405 1394//1394
f 1394//1394 1405//1405 1395//1395
f 1408//1408 1409//1409 1405//1405
f 1405//1405 1409//1409 1410//1410
f 1405//1405 1410//1410 1406//1406
f 1406//1406 1410//1410 1411//1411
f 1271//1271 1403//1403 1272//1272
f 1272//1272 1403//1403 1406//1406
f 1272//1272 1406//1406 1291//1291
f 1291//1291 1406//1406 1412//1412
f 1291//1291 1412//1412 1292//1292
f 1413//1413 1414//1414 1415//1415
f 1416//1416 1417//1417 1418//1418
f 1416//1416 1418//1418 1419//1419
f 1419//1419 1418//1418 1420//1420
f 1421//1421 1420//1420 1408//1408
f 1422//1422 1423//1423 1414//1414
f 1424//1424 1425//1425 1417//1417
f 1417//1417 1425//1425 1426//1426
f 1414//1414 1423//1423 1415//1415
f 1415//1415 1423//1423 1427//1427
f 1415//1415 1427//1427 1428//1428
f 1428//1428 1427//1427 1429//1429
f 1428//1428 1429//1429 1430//1430
f 1292//1292 1429//1429 1431//1431
f 1431//1431 1429//1429 1427//1427
f 1431//1431 1427//1427 1296//1296
f 1296//1296 1427//1427 1423//1423
f 1296//1296 1423//1423 1297//1297
f 1297//1297 1423//1423 1432//1432
f 1297//1297 1432//1432 1295//1295
f 1292//1292 1412//1412 1429//1429
f 1429//1429 1412//1412 1411//1411
f 1429//1429 1411//1411 1430//1430
f 1430//1430 1411//1411 1410//1410
f 1430//1430 1410//1410 1409//1409
f 1413//1413 1415//1415 1417//1417
f 1417//1417 1415//1415 1428//1428
f 1417//1417 1428//1428 1418//1418
f 1418//1418 1428//1428 1430//1430
f 1418//1418 1430//1430 1420//1420
f 1420//1420 1430//1430 1409//1409
f 1420//1420 1409//1409 1408//1408
f 1425//1425 1433//1433 1426//1426
f 1295//1295 1432//1432 1434//1434
f 1434//1434 1422//1422 1435//1435
f 1435//1435 1422//1422 1414//1414
f 1435//1435 1414//1414 1436//1436
f 1436//1436 1414//1414 1413//1413
f 1437//1437 1434//1434 1438//1438
f 1438//1438 1434//1434 1435//1435
f 1438//1438 1435//1435 1439//1439
f 1439//1439 1435//1435 1436//1436
f 1439//1439 1440//1440 1438//1438
f 1438//1438 1440//1440 1441//1441
f 1438//1438 1441//1441 1437//1437
f 1437//1437 1441//1441 1442//1442
f 1295//1295 1434//1434 1294//1294
f 1294//1294 1434//1434 1437//1437
f 1294//1294 1437//1437 1307//1307
f 1307//1307 1437//1437 1443//1443
f 1307//1307 1443//1443 1306//1306
f 1444//1444 1445//1445 1446//1446
f 1445//1445 1301//1301 1299//1299
f 1447//1447 1448//1448 1449//1449
f 1449//1449 1448//1448 1444//1444
f 1445//1445 1299//1299 1446//1446
f 1446//1446 1299//1299 1298//1298
f 1446//1446 1298//1298 1450//1450
f 1450//1450 1298//1298 1305//1305
f 1450//1450 1305//1305 1451//1451
f 1451//1451 1305//1305 1304//1304
f 1451//1451 1304//1304 1452//1452
f 1452//1452 1304//1304 1303//1303
f 1452//1452 1303//1303 1453//1453
f 1444//1444 1446//1446 1449//1449
f 1449//1449 1446//1446 1450//1450
f 1449//1449 1450//1450 1454//1454
f 1454//1454 1450//1450 1451//1451
f 1454//1454 1451//1451 1455//1455
f 1455//1455 1451//1451 1452//1452
f 1455//1455 1452//1452 1456//1456
f 1456//1456 1452//1452 1453//1453
f 1456//1456 1453//1453 1457//1457
f 1303//1303 1306//1306 1443//1443
f 1303//1303 1443//1443 1453//1453
f 1453//1453 1442//1442 1457//1457
f 1457//1457 1442//1442 1441//1441
f 1457//1457 1441//1441 1440//1440
f 1447//1447 1449//1449 1458//1458
f 1458//1458 1449//1449 1454//1454
f 1458//1458 1454//1454 1459//1459
f 1459//1459 1454//1454 1455//1455
f 1459//1459 1455//1455 1460//1460
f 1460//1460 1455//1455 1456//1456
f 1460//1460 1456//1456 1461//1461
f 1461//1461 1456//1456 1457//1457
f 1461//1461 1457//1457 1462//1462
f 1462//1462 1457//1457 1440//1440
f 1445//1445 1444//1444 1463//1463
f 1463//1463 1444//1444 1448//1448
f 1463//1463 1448//1448 1464//1464
f 1464//1464 1448//1448 1447//1447
f 1464//1464 1447//1447 1465//1465
f 1356//1356 1357//1357 1466//1466
f 1466//1466 1357//1357 1464//1464
f 1466//1466 1464//1464 1467//1467
f 1467//1467 1464//1464 1465//1465
f 1467//1467 1465//1465 1468//1468
f 1357//1357 1361//1361 1464//1464
f 1464//1464 1361//1361 1359//1359
f 1464//1464 1359//1359 1463//1463
f 1463//1463 1359//1359 1358//1358
f 1463//1463 1358//1358 1363//1363
f 1301//1301 1445//1445 1302//1302
f 1302//1302 1445//1445 1463//1463
f 1302//1302 1463//1463 1273//1273
f 1273//1273 1463//1463 1363//1363
f 1273//1273 1363//1363 1274//1274
f 1469//1469 1470//1470 1471//1471
f 1472//1472 1473//1473 1474//1474
f 1475//1475 1474//1474 1476//1476
f 1475//1475 1476//1476 1477//1477
f 1478//1478 1479//1479 1480//1480
f 1481//1481 1482//1482 1483//1483
f 1483//1483 1482//1482 1484//1484
f 1483//1483 1484//1484 1485//1485
f 1486//1486 1481//1481 1487//1487
f 1487//1487 1481//1481 1488//1488
f 1487//1487 1488//1488 1489//1489
f 1489//1489 1488//1488 1490//1490
f 1490//1490 1488//1488 1491//1491
f 1492//1492 1493//1493 1491//1491
f 1491//1491 1493//1493 1494//1494
f 1491//1491 1494//1494 1495//1495
f 1496//1496 1497//1497 1492//1492
f 1492//1492 1497//1497 1498//1498
f 1492//1492 1498//1498 1493//1493
f 1499//1499 1496//1496 1500//1500
f 1500//1500 1496//1496 1501//1501
f 1500//1500 1501//1501 1502//1502
f 1502//1502 1501//1501 1503//1503
f 1502//1502 1503//1503 1504//1504
f 1505//1505 1506//1506 1507//1507
f 1506//1506 1505//1505 1508//1508
f 1509//1509 1483//1483 1510//1510
f 1510//1510 1483//1483 1485//1485
f 1510//1510 1485//1485 1511//1511
f 1507//1507 1501//1501 1505//1505
f 1505//1505 1501//1501 1496//1496
f 1505//1505 1496//1496 1512//1512
f 1512//1512 1496//1496 1492//1492
f 1512//1512 1492//1492 1513//1513
f 1513//1513 1492//1492 1491//1491
f 1513//1513 1491//1491 1514//1514
f 1514//1514 1491//1491 1488//1488
f 1514//1514 1488//1488 1515//1515
f 1515//1515 1488//1488 1481//1481
f 1515//1515 1481//1481 1516//1516
f 1516//1516 1481//1481 1483//1483
f 1516//1516 1483//1483 1517//1517
f 1517//1517 1483//1483 1509//1509
f 1517//1517 1509//1509 1518//1518
f 1508//1508 1505//1505 1519//1519
f 1519//1519 1505//1505 1512//1512
f 1519//1519 1512//1512 1520//1520
f 1520//1520 1512//1512 1513//1513
f 1520//1520 1513//1513 1521//1521
f 1521//1521 1513//1513 1514//1514
f 1521//1521 1514//1514 1522//1522
f 1522//1522 1514//1514 1515//1515
f 1522//1522 1515//1515 1523//1523
f 1523//1523 1515//1515 1516//1516
f 1523//1523 1516//1516 1524//1524
f 1524//1524 1516//1516 1517//1517
f 1524//1524 1517//1517 1480//1480
f 1480//1480 1517//1517 1518//1518
f 1480//1480 1518//1518 1478//1478
f 1525//1525 1519//1519 1526//1526
f 1526//1526 1519//1519 1520//1520
f 1526//1526 1520//1520 1527//1527
f 1527//1527 1520//1520 1521//1521
f 1527//1527 1521//1521 1528//1528
f 1528//1528 1521//1521 1522//1522
f 1528//1528 1522//1522 1529//1529
f 1529//1529 1522//1522 1523//1523
f 1529//1529 1523//1523 1530//1530
f 1530//1530 1523//1523 1524//1524
f 1530//1530 1524//1524 1531//1531
f 1531//1531 1524//1524 1480//1480
f 1531//1531 1480//1480 1532//1532
f 1532//1532 1480//1480 1479//1479
f 1532//1532 1479//1479 1533//1533
f 1534//1534 1504//1504 1535//1535
f 1535//1535 1504//1504 1503//1503
f 1536//1536 1537//1537 1538//1538
f 1538//1538 1537//1537 1539//1539
f 1538//1538 1539//1539 1540//1540
f 1536//1536 1541//1541 1537//1537
f 1537//1537 1541//1541 1542//1542
f 1537//1537 1542//1542 1535//1535
f 1535//1535 1542//1542 1543//1543
f 1535//1535 1543//1543 1534//1534
f 1540//1540 1539//1539 1544//1544
f 1544//1544 1539//1539 1545//1545
f 1544//1544 1545//1545 1546//1546
f 1547//1547 1548//1548 1549//1549
f 1549//1549 1548//1548 1550//1550
f 1549//1549 1550//1550 1545//1545
f 1545//1545 1550//1550 1551//1551
f 1545//1545 1551//1551 1546//1546
f 1547//1547 1549//1549 1552//1552
f 1552//1552 1549//1549 1553//1553
f 1552//1552 1553//1553 1554//1554
f 1554//1554 1553//1553 1555//1555
f 1554//1554 1555//1555 1556//1556
f 1525//1525 1557//1557 1558//1558
f 1506//1506 1508//1508 1559//1559
f 1507//1507 1506//1506 1560//1560
f 1559//1559 1525//1525 1558//1558
f 1559//1559 1558//1558 1561//1561
f 1561//1561 1558//1558 1562//1562
f 1562//1562 1563//1563 1561//1561
f 1561//1561 1563//1563 1564//1564
f 1561//1561 1564//1564 1565//1565
f 1565//1565 1564//1564 1566//1566
f 1565//1565 1566//1566 1567//1567
f 1567//1567 1566//1566 1568//1568
f 1567//1567 1568//1568 1569//1569
f 1569//1569 1568//1568 1570//1570
f 1569//1569 1570//1570 1571//1571
f 1570//1570 1572//1572 1571//1571
f 1571//1571 1572//1572 1573//1573
f 1506//1506 1559//1559 1560//1560
f 1560//1560 1559//1559 1561//1561
f 1560//1560 1561//1561 1574//1574
f 1574//1574 1561//1561 1565//1565
f 1574//1574 1565//1565 1575//1575
f 1575//1575 1565//1565 1567//1567
f 1575//1575 1567//1567 1576//1576
f 1576//1576 1567//1567 1569//1569
f 1576//1576 1569//1569 1577//1577
f 1577//1577 1569//1569 1571//1571
f 1577//1577 1571//1571 1578//1578
f 1578//1578 1571//1571 1579//1579
f 1578//1578 1579//1579 1580//1580
f 1507//1507 1560//1560 1535//1535
f 1535//1535 1560//1560 1574//1574
f 1535//1535 1574//1574 1537//1537
f 1537//1537 1574//1574 1575//1575
f 1537//1537 1575//1575 1539//1539
f 1539//1539 1575//1575 1576//1576
f 1539//1539 1576//1576 1545//1545
f 1545//1545 1576//1576 1577//1577
f 1545//1545 1577//1577 1549//1549
f 1549//1549 1577//1577 1578//1578
f 1549//1549 1578//1578 1553//1553
f 1553//1553 1578//1578 1580//1580
f 1553//1553 1580//1580 1581//1581
f 1556//1556 1582//1582 1554//1554
f 1554//1554 1582//1582 1583//1583
f 1554//1554 1583//1583 1552//1552
f 1552//1552 1583//1583 1584//1584
f 1552//1552 1584//1584 1547//1547
f 1547//1547 1585//1585 1548//1548
f 1586//1586 1587//1587 1538//1538
f 1538//1538 1540//1540 1586//1586
f 1586//1586 1540//1540 1544//1544
f 1588//1588 1544//1544 1546//1546
f 1588//1588 1546//1546 1589//1589
f 1589//1589 1546//1546 1551//1551
f 1589//1589 1551//1551 1585//1585
f 1585//1585 1551//1551 1550//1550
f 1590//1590 1504//1504 1534//1534
f 1590//1590 1534//1534 1591//1591
f 1534//1534 1543//1543 1591//1591
f 1591//1591 1543//1543 1542//1542
f 1592//1592 1542//1542 1541//1541
f 1587//1587 1541//1541 1536//1536
f 1587//1587 1536//1536 1538//1538
f 1504//1504 1590//1590 1502//1502
f 1502//1502 1593//1593 1500//1500
f 1500//1500 1593//1593 1499//1499
f 1594//1594 1493//1493 1498//1498
f 1595//1595 1498//1498 1497//1497
f 1596//1596 1494//1494 1493//1493
f 1597//1597 1486//1486 1487//1487
f 1597//1597 1487//1487 1598//1598
f 1598//1598 1487//1487 1489//1489
f 1599//1599 1489//1489 1490//1490
f 1600//1600 1511//1511 1485//1485
f 1601//1601 1485//1485 1484//1484
f 1602//1602 1484//1484 1482//1482
f 1511//1511 1603//1603 1604//1604
f 1604//1604 1603//1603 1605//1605
f 1604//1604 1605//1605 1606//1606
f 1606//1606 1605//1605 1607//1607
f 1606//1606 1607//1607 1608//1608
f 1608//1608 1607//1607 1609//1609
f 1609//1609 1610//1610 1611//1611
f 1609//1609 1611//1611 1612//1612
f 1612//1612 1611//1611 1613//1613
f 1612//1612 1613//1613 1614//1614
f 1614//1614 1613//1613 1615//1615
f 1615//1615 1613//1613 1616//1616
f 1617//1617 1618//1618 1619//1619
f 1620//1620 1621//1621 1622//1622
f 1620//1620 1622//1622 1623//1623
f 1624//1624 1625//1625 1626//1626
f 1624//1624 1626//1626 1627//1627
f 1627//1627 1626//1626 1628//1628
f 1619//1619 1628//1628 1629//1629
f 1619//1619 1629//1629 1617//1617
f 1630//1630 1631//1631 1632//1632
f 1630//1630 1632//1632 1633//1633
f 1633//1633 1632//1632 1634//1634
f 1633//1633 1634//1634 1621//1621
f 1635//1635 1636//1636 1637//1637
f 1637//1637 1636//1636 1638//1638
f 1637//1637 1638//1638 1639//1639
f 1639//1639 1638//1638 1640//1640
f 1639//1639 1640//1640 1631//1631
f 1641//1641 1642//1642 1643//1643
f 1643//1643 1644//1644 1641//1641
f 1641//1641 1644//1644 1645//1645
f 1641//1641 1645//1645 1646//1646
f 1646//1646 1647//1647 1648//1648
f 1648//1648 1649//1649 1635//1635
f 1635//1635 1649//1649 1650//1650
f 1635//1635 1650//1650 1651//1651
f 1652//1652 1653//1653 1654//1654
f 1654//1654 1653//1653 1655//1655
f 1642//1642 1655//1655 1656//1656
f 1657//1657 1658//1658 1659//1659
f 1657//1657 1659//1659 1660//1660
f 1660//1660 1659//1659 1661//1661
f 1652//1652 1661//1661 1662//1662
f 1652//1652 1662//1662 1653//1653
f 1663//1663 1664//1664 1665//1665
f 1663//1663 1665//1665 1666//1666
f 1666//1666 1665//1665 1667//1667
f 1666//1666 1667//1667 1658//1658
f 1668//1668 1669//1669 1670//1670
f 1670//1670 1669//1669 1671//1671
f 1670//1670 1671//1671 1672//1672
f 1672//1672 1671//1671 1673//1673
f 1672//1672 1673//1673 1664//1664
f 1674//1674 1675//1675 1676//1676
f 1676//1676 1675//1675 1677//1677
f 1676//1676 1677//1677 1668//1668
f 1668//1668 1677//1677 1678//1678
f 1668//1668 1678//1678 1669//1669
f 1679//1679 1680//1680 1681//1681
f 1674//1674 1681//1681 1682//1682
f 1674//1674 1682//1682 1675//1675
f 1683//1683 1684//1684 1685//1685
f 1686//1686 1685//1685 1687//1687
f 1688//1688 1689//1689 1680//1680
f 1690//1690 1691//1691 1692//1692
f 1693//1693 1692//1692 1694//1694
f 1693//1693 1694//1694 1684//1684
f 1695//1695 1696//1696 1697//1697
f 1698//1698 1697//1697 1699//1699
f 1698//1698 1699//1699 1691//1691
f 1700//1700 1701//1701 1702//1702
f 1702//1702 1701//1701 1703//1703
f 1704//1704 1703//1703 1705//1705
f 1706//1706 1705//1705 1707//1707
f 1706//1706 1707//1707 1696//1696
f 1700//1700 1702//1702 1708//1708
f 1708//1708 1709//1709 1710//1710
f 1711//1711 1712//1712 1713//1713
f 1713//1713 1712//1712 1714//1714
f 1715//1715 1716//1716 1717//1717
f 1711//1711 1718//1718 1712//1712
f 1719//1719 1720//1720 1721//1721
f 1721//1721 1722//1722 1723//1723
f 1724//1724 1725//1725 1726//1726
f 1726//1726 1727//1727 1728//1728
f 1729//1729 1730//1730 1731//1731
f 1732//1732 1733//1733 1734//1734
f 1735//1735 1736//1736 1737//1737
f 1738//1738 1739//1739 1740//1740
f 1741//1741 1740//1740 1742//1742
f 1743//1743 1742//1742 1744//1744
f 1743//1743 1744//1744 1736//1736
f 1745//1745 1746//1746 1739//1739
f 1747//1747 1748//1748 1749//1749
f 1750//1750 1749//1749 1751//1751
f 1750//1750 1751//1751 1752//1752
f 1753//1753 1754//1754 1755//1755
f 1756//1756 1755//1755 1757//1757
f 1758//1758 1759//1759 1760//1760
f 1760//1760 1759//1759 1761//1761
f 1760//1760 1761//1761 1762//1762
f 1762//1762 1761//1761 1763//1763
f 1762//1762 1763//1763 1764//1764
f 1764//1764 1763//1763 1765//1765
f 1766//1766 1767//1767 1768//1768
f 1766//1766 1768//1768 1769//1769
f 1768//1768 1770//1770 1769//1769
f 1769//1769 1770//1770 1771//1771
f 1769//1769 1771//1771 1758//1758
f 1758//1758 1771//1771 1772//1772
f 1758//1758 1772//1772 1759//1759
f 1767//1767 1766//1766 1773//1773
f 1774//1774 1775//1775 1776//1776
f 1777//1777 1778//1778 1779//1779
f 1780//1780 1781//1781 1782//1782
f 1783//1783 1784//1784 1785//1785
f 1786//1786 1787//1787 1788//1788
f 1789//1789 1556//1556 1790//1790
f 1780//1780 1791//1791 1781//1781
f 1792//1792 1793//1793 1794//1794
f 1790//1790 1556//1556 1555//1555
f 1795//1795 1781//1781 1796//1796
f 1796//1796 1781//1781 1791//1791
f 1797//1797 1787//1787 1798//1798
f 1798//1798 1785//1785 1784//1784
f 1798//1798 1784//1784 1795//1795
f 1795//1795 1782//1782 1781//1781
f 1799//1799 1800//1800 1797//1797
f 1797//1797 1788//1788 1787//1787
f 1799//1799 1797//1797 1801//1801
f 1801//1801 1797//1797 1802//1802
f 1803//1803 1802//1802 1804//1804
f 1803//1803 1804//1804 1805//1805
f 1806//1806 1807//1807 1804//1804
f 1808//1808 1809//1809 1806//1806
f 1806//1806 1810//1810 1807//1807
f 1811//1811 1778//1778 1812//1812
f 1812//1812 1776//1776 1775//1775
f 1812//1812 1775//1775 1808//1808
f 1813//1813 1814//1814 1811//1811
f 1811//1811 1779//1779 1778//1778
f 1815//1815 1811//1811 1794//1794
f 1773//1773 1794//1794 1793//1793
f 1773//1773 1793//1793 1767//1767
f 1816//1816 1817//1817 1818//1818
f 1818//1818 1817//1817 1792//1792
f 1819//1819 1820//1820 1821//1821
f 1792//1792 1794//1794 1818//1818
f 1818//1818 1794//1794 1811//1811
f 1818//1818 1811//1811 1822//1822
f 1822//1822 1811//1811 1812//1812
f 1822//1822 1812//1812 1823//1823
f 1823//1823 1812//1812 1808//1808
f 1823//1823 1808//1808 1824//1824
f 1824//1824 1808//1808 1806//1806
f 1824//1824 1806//1806 1825//1825
f 1825//1825 1806//1806 1804//1804
f 1825//1825 1804//1804 1826//1826
f 1826//1826 1804//1804 1802//1802
f 1826//1826 1802//1802 1827//1827
f 1827//1827 1802//1802 1797//1797
f 1827//1827 1797//1797 1828//1828
f 1828//1828 1797//1797 1798//1798
f 1828//1828 1798//1798 1829//1829
f 1829//1829 1798//1798 1795//1795
f 1829//1829 1795//1795 1830//1830
f 1830//1830 1795//1795 1796//1796
f 1830//1830 1796//1796 1831//1831
f 1816//1816 1818//1818 1820//1820
f 1820//1820 1818//1818 1822//1822
f 1820//1820 1822//1822 1832//1832
f 1832//1832 1822//1822 1823//1823
f 1832//1832 1823//1823 1833//1833
f 1833//1833 1823//1823 1824//1824
f 1833//1833 1824//1824 1834//1834
f 1834//1834 1824//1824 1825//1825
f 1834//1834 1825//1825 1835//1835
f 1835//1835 1825//1825 1826//1826
f 1835//1835 1826//1826 1836//1836
f 1836//1836 1826//1826 1827//1827
f 1836//1836 1827//1827 1837//1837
f 1837//1837 1827//1827 1828//1828
f 1837//1837 1828//1828 1838//1838
f 1838//1838 1828//1828 1829//1829
f 1838//1838 1829//1829 1839//1839
f 1839//1839 1829//1829 1830//1830
f 1839//1839 1830//1830 1840//1840
f 1840//1840 1830//1830 1831//1831
f 1840//1840 1831//1831 1841//1841
f 1790//1790 1555//1555 1796//1796
f 1796//1796 1581//1581 1831//1831
f 1831//1831 1581//1581 1580//1580
f 1831//1831 1580//1580 1841//1841
f 1841//1841 1580//1580 1579//1579
f 1821//1821 1820//1820 1842//1842
f 1842//1842 1820//1820 1832//1832
f 1842//1842 1832//1832 1843//1843
f 1843//1843 1832//1832 1833//1833
f 1844//1844 1833//1833 1834//1834
f 1844//1844 1834//1834 1845//1845
f 1845//1845 1834//1834 1835//1835
f 1845//1845 1835//1835 1846//1846
f 1846//1846 1835//1835 1836//1836
f 1846//1846 1836//1836 1847//1847
f 1847//1847 1836//1836 1837//1837
f 1847//1847 1837//1837 1848//1848
f 1848//1848 1837//1837 1838//1838
f 1848//1848 1838//1838 1849//1849
f 1849//1849 1838//1838 1839//1839
f 1849//1849 1839//1839 1850//1850
f 1850//1850 1839//1839 1840//1840
f 1850//1850 1840//1840 1851//1851
f 1851//1851 1840//1840 1841//1841
f 1851//1851 1841//1841 1852//1852
f 1852//1852 1841//1841 1573//1573
f 1852//1852 1573//1573 1572//1572
f 1819//1819 1821//1821 1853//1853
f 1768//1768 1767//1767 1793//1793
f 1768//1768 1854//1854 1770//1770
f 1770//1770 1854//1854 1855//1855
f 1759//1759 1772//1772 1855//1855
f 1855//1855 1772//1772 1771//1771
f 1855//1855 1771//1771 1770//1770
f 1856//1856 1857//1857 1858//1858
f 1759//1759 1855//1855 1761//1761
f 1761//1761 1855//1855 1856//1856
f 1761//1761 1856//1856 1763//1763
f 1763//1763 1856//1856 1858//1858
f 1763//1763 1858//1858 1765//1765
f 1817//1817 1816//1816 1859//1859
f 1859//1859 1816//1816 1819//1819
f 1768//1768 1793//1793 1854//1854
f 1854//1854 1793//1793 1792//1792
f 1854//1854 1792//1792 1817//1817
f 1819//1819 1853//1853 1859//1859
f 1859//1859 1853//1853 1860//1860
f 1859//1859 1860//1860 1861//1861
f 1860//1860 1862//1862 1861//1861
f 1861//1861 1862//1862 1863//1863
f 1861//1861 1863//1863 1864//1864
f 1864//1864 1863//1863 1865//1865
f 1864//1864 1865//1865 1866//1866
f 1866//1866 1867//1867 1868//1868
f 1866//1866 1868//1868 1864//1864
f 1864//1864 1868//1868 1869//1869
f 1864//1864 1869//1869 1870//1870
f 1817//1817 1859//1859 1854//1854
f 1854//1854 1859//1859 1861//1861
f 1854//1854 1861//1861 1855//1855
f 1855//1855 1861//1861 1864//1864
f 1855//1855 1864//1864 1856//1856
f 1856//1856 1864//1864 1870//1870
f 1856//1856 1870//1870 1857//1857
f 1857//1857 1870//1870 1871//1871
f 1869//1869 1868//1868 1872//1872
f 1640//1640 1638//1638 1873//1873
f 1673//1673 1671//1671 1874//1874
f 1705//1705 1703//1703 1875//1875
f 1876//1876 1757//1757 1877//1877
f 1877//1877 1757//1757 1755//1755
f 1877//1877 1755//1755 1754//1754
f 1749//1749 1876//1876 1751//1751
f 1751//1751 1876//1876 1878//1878
f 1751//1751 1878//1878 1752//1752
f 1742//1742 1740//1740 1879//1879
f 1879//1879 1740//1740 1739//1739
f 1879//1879 1739//1739 1878//1878
f 1878//1878 1739//1739 1746//1746
f 1742//1742 1879//1879 1744//1744
f 1744//1744 1879//1879 1880//1880
f 1744//1744 1880//1880 1736//1736
f 1881//1881 1882//1882 1880//1880
f 1880//1880 1882//1882 1737//1737
f 1880//1880 1737//1737 1736//1736
f 1883//1883 1884//1884 1885//1885
f 1885//1885 1884//1884 1886//1886
f 1885//1885 1886//1886 1881//1881
f 1881//1881 1886//1886 1887//1887
f 1881//1881 1887//1887 1882//1882
f 1883//1883 1885//1885 1888//1888
f 1888//1888 1885//1885 1889//1889
f 1888//1888 1889//1889 1890//1890
f 1891//1891 1892//1892 1889//1889
f 1889//1889 1892//1892 1893//1893
f 1894//1894 1891//1891 1895//1895
f 1895//1895 1891//1891 1896//1896
f 1897//1897 1898//1898 1896//1896
f 1896//1896 1898//1898 1899//1899
f 1900//1900 1732//1732 1897//1897
f 1897//1897 1732//1732 1734//1734
f 1901//1901 1724//1724 1726//1726
f 1901//1901 1726//1726 1902//1902
f 1726//1726 1728//1728 1902//1902
f 1902//1902 1729//1729 1900//1900
f 1900//1900 1729//1729 1731//1731
f 1723//1723 1901//1901 1903//1903
f 1723//1723 1903//1903 1721//1721
f 1904//1904 1717//1717 1716//1716
f 1904//1904 1716//1716 1903//1903
f 1903//1903 1719//1719 1721//1721
f 1712//1712 1904//1904 1905//1905
f 1712//1712 1905//1905 1714//1714
f 1906//1906 1708//1708 1710//1710
f 1906//1906 1710//1710 1905//1905
f 1875//1875 1703//1703 1906//1906
f 1906//1906 1703//1703 1701//1701
f 1907//1907 1691//1691 1699//1699
f 1907//1907 1699//1699 1908//1908
f 1699//1699 1697//1697 1908//1908
f 1908//1908 1697//1697 1696//1696
f 1908//1908 1696//1696 1875//1875
f 1875//1875 1696//1696 1707//1707
f 1875//1875 1707//1707 1705//1705
f 1691//1691 1907//1907 1692//1692
f 1692//1692 1907//1907 1909//1909
f 1692//1692 1909//1909 1694//1694
f 1910//1910 1687//1687 1685//1685
f 1910//1910 1685//1685 1909//1909
f 1909//1909 1685//1685 1684//1684
f 1909//1909 1684//1684 1694//1694
f 1680//1680 1910//1910 1911//1911
f 1680//1680 1911//1911 1681//1681
f 1678//1678 1677//1677 1912//1912
f 1912//1912 1677//1677 1675//1675
f 1912//1912 1675//1675 1911//1911
f 1911//1911 1682//1682 1681//1681
f 1874//1874 1671//1671 1912//1912
f 1912//1912 1671//1671 1669//1669
f 1913//1913 1659//1659 1658//1658
f 1913//1913 1658//1658 1914//1914
f 1658//1658 1667//1667 1914//1914
f 1914//1914 1667//1667 1665//1665
f 1914//1914 1665//1665 1874//1874
f 1874//1874 1665//1665 1664//1664
f 1874//1874 1664//1664 1673//1673
f 1659//1659 1913//1913 1661//1661
f 1661//1661 1913//1913 1915//1915
f 1661//1661 1915//1915 1662//1662
f 1916//1916 1656//1656 1655//1655
f 1916//1916 1655//1655 1915//1915
f 1915//1915 1655//1655 1653//1653
f 1915//1915 1653//1653 1662//1662
f 1643//1643 1916//1916 1644//1644
f 1644//1644 1916//1916 1917//1917
f 1644//1644 1917//1917 1645//1645
f 1918//1918 1650//1650 1649//1649
f 1918//1918 1649//1649 1917//1917
f 1873//1873 1638//1638 1918//1918
f 1918//1918 1638//1638 1636//1636
f 1919//1919 1622//1622 1621//1621
f 1919//1919 1621//1621 1920//1920
f 1621//1621 1634//1634 1920//1920
f 1920//1920 1634//1634 1632//1632
f 1920//1920 1632//1632 1873//1873
f 1873//1873 1632//1632 1631//1631
f 1873//1873 1631//1631 1640//1640
f 1921//1921 1628//1628 1626//1626
f 1921//1921 1626//1626 1919//1919
f 1919//1919 1626//1626 1625//1625
f 1919//1919 1625//1625 1622//1622
f 1628//1628 1921//1921 1629//1629
f 1629//1629 1921//1921 1922//1922
f 1629//1629 1922//1922 1617//1617
f 1616//1616 1922//1922 1923//1923
f 1616//1616 1923//1923 1615//1615
f 1868//1868 1867//1867 1924//1924
f 1869//1869 1872//1872 1870//1870
f 1857//1857 1877//1877 1858//1858
f 1858//1858 1877//1877 1754//1754
f 1868//1868 1924//1924 1872//1872
f 1872//1872 1924//1924 1925//1925
f 1872//1872 1925//1925 1926//1926
f 1926//1926 1925//1925 1927//1927
f 1926//1926 1927//1927 1928//1928
f 1927//1927 1929//1929 1928//1928
f 1928//1928 1929//1929 1930//1930
f 1928//1928 1930//1930 1931//1931
f 1931//1931 1930//1930 1932//1932
f 1931//1931 1932//1932 1933//1933
f 1933//1933 1932//1932 1934//1934
f 1933//1933 1934//1934 1935//1935
f 1935//1935 1934//1934 1936//1936
f 1935//1935 1936//1936 1937//1937
f 1937//1937 1936//1936 1938//1938
f 1937//1937 1938//1938 1939//1939
f 1939//1939 1940//1940 1941//1941
f 1939//1939 1941//1941 1942//1942
f 1942//1942 1941//1941 1943//1943
f 1942//1942 1943//1943 1944//1944
f 1944//1944 1943//1943 1945//1945
f 1944//1944 1945//1945 1946//1946
f 1946//1946 1945//1945 1947//1947
f 1946//1946 1947//1947 1948//1948
f 1948//1948 1947//1947 1949//1949
f 1948//1948 1949//1949 1950//1950
f 1950//1950 1949//1949 1951//1951
f 1950//1950 1951//1951 1952//1952
f 1952//1952 1951//1951 1953//1953
f 1952//1952 1953//1953 1954//1954
f 1953//1953 1955//1955 1954//1954
f 1954//1954 1955//1955 1956//1956
f 1954//1954 1956//1956 1957//1957
f 1957//1957 1956//1956 1958//1958
f 1957//1957 1958//1958 1959//1959
f 1959//1959 1958//1958 1960//1960
f 1959//1959 1960//1960 1961//1961
f 1961//1961 1960//1960 1962//1962
f 1961//1961 1962//1962 1963//1963
f 1963//1963 1962//1962 1964//1964
f 1963//1963 1964//1964 1965//1965
f 1965//1965 1964//1964 1966//1966
f 1965//1965 1966//1966 1967//1967
f 1967//1967 1966//1966 1968//1968
f 1967//1967 1968//1968 1969//1969
f 1969//1969 1968//1968 1970//1970
f 1969//1969 1970//1970 1971//1971
f 1971//1971 1970//1970 1972//1972
f 1971//1971 1972//1972 1973//1973
f 1973//1973 1972//1972 1974//1974
f 1973//1973 1974//1974 1975//1975
f 1974//1974 1976//1976 1975//1975
f 1975//1975 1976//1976 1977//1977
f 1975//1975 1977//1977 1978//1978
f 1978//1978 1977//1977 1979//1979
f 1978//1978 1979//1979 1980//1980
f 1980//1980 1979//1979 1981//1981
f 1980//1980 1981//1981 1982//1982
f 1982//1982 1981//1981 1983//1983
f 1982//1982 1983//1983 1984//1984
f 1984//1984 1983//1983 1985//1985
f 1984//1984 1985//1985 1986//1986
f 1986//1986 1985//1985 1987//1987
f 1986//1986 1987//1987 1988//1988
f 1988//1988 1989//1989 1990//1990
f 1988//1988 1990//1990 1991//1991
f 1991//1991 1990//1990 1992//1992
f 1991//1991 1992//1992 1993//1993
f 1993//1993 1992//1992 1994//1994
f 1993//1993 1994//1994 1995//1995
f 1995//1995 1994//1994 1996//1996
f 1995//1995 1996//1996 1997//1997
f 1997//1997 1996//1996 1998//1998
f 1997//1997 1998//1998 1999//1999
f 1870//1870 1872//1872 1871//1871
f 1871//1871 1872//1872 1926//1926
f 1871//1871 1926//1926 2000//2000
f 2000//2000 1926//1926 1928//1928
f 2000//2000 1928//1928 2001//2001
f 2001//2001 1928//1928 1931//1931
f 2001//2001 1931//1931 2002//2002
f 2002//2002 1931//1931 1933//1933
f 2002//2002 1933//1933 2003//2003
f 2003//2003 1933//1933 1935//1935
f 2003//2003 1935//1935 2004//2004
f 2004//2004 1935//1935 1937//1937
f 2004//2004 1937//1937 2005//2005
f 2005//2005 1937//1937 1939//1939
f 2005//2005 1939//1939 2006//2006
f 2006//2006 1939//1939 1942//1942
f 2006//2006 1942//1942 2007//2007
f 2007//2007 1942//1942 1944//1944
f 2007//2007 1944//1944 2008//2008
f 2008//2008 1944//1944 1946//1946
f 2008//2008 1946//1946 2009//2009
f 2009//2009 1946//1946 1948//1948
f 2009//2009 1948//1948 2010//2010
f 2010//2010 1948//1948 1950//1950
f 2010//2010 1950//1950 2011//2011
f 2011//2011 1950//1950 1952//1952
f 2011//2011 1952//1952 2012//2012
f 2012//2012 1952//1952 1954//1954
f 2012//2012 1954//1954 2013//2013
f 2013//2013 1954//1954 1957//1957
f 2013//2013 1957//1957 2014//2014
f 2014//2014 1957//1957 1959//1959
f 2014//2014 1959//1959 2015//2015
f 2015//2015 1959//1959 1961//1961
f 2015//2015 1961//1961 2016//2016
f 2016//2016 1961//1961 1963//1963
f 2016//2016 1963//1963 2017//2017
f 2017//2017 1963//1963 1965//1965
f 2017//2017 1965//1965 2018//2018
f 2018//2018 1965//1965 1967//1967
f 2018//2018 1967//1967 2019//2019
f 2019//2019 1967//1967 1969//1969
f 2019//2019 1969//1969 2020//2020
f 2020//2020 1969//1969 1971//1971
f 2020//2020 1971//1971 2021//2021
f 2021//2021 1971//1971 1973//1973
f 2021//2021 1973//1973 2022//2022
f 2022//2022 1973//1973 1975//1975
f 2022//2022 1975//1975 2023//2023
f 2023//2023 1975//1975 1978//1978
f 2023//2023 1978//1978 2024//2024
f 2024//2024 1978//1978 1980//1980
f 2024//2024 1980//1980 2025//2025
f 2025//2025 1980//1980 1982//1982
f 2025//2025 1982//1982 2026//2026
f 2026//2026 1982//1982 1984//1984
f 2026//2026 1984//1984 2027//2027
f 2027//2027 1984//1984 1986//1986
f 2027//2027 1986//1986 2028//2028
f 2028//2028 1986//1986 1988//1988
f 2028//2028 1988//1988 2029//2029
f 2029//2029 1988//1988 1991//1991
f 2029//2029 1991//1991 2030//2030
f 2030//2030 1991//1991 1993//1993
f 2030//2030 1993//1993 2031//2031
f 2031//2031 1993//1993 1995//1995
f 2031//2031 1995//1995 2032//2032
f 2032//2032 1995//1995 1997//1997
f 2032//2032 1997//1997 2033//2033
f 2033//2033 1997//1997 1999//1999
f 2033//2033 1999//1999 2034//2034
f 2034//2034 1999//1999 2035//2035
f 2034//2034 2035//2035 2036//2036
f 1999//1999 2037//2037 2038//2038
f 1999//1999 2038//2038 2035//2035
f 2035//2035 2038//2038 2039//2039
f 2039//2039 2040//2040 2035//2035
f 2035//2035 2040//2040 2041//2041
f 2035//2035 2041//2041 2036//2036
f 2036//2036 2041//2041 2042//2042
f 2036//2036 2042//2042 2043//2043
f 1857//1857 1871//1871 1877//1877
f 1877//1877 1871//1871 2000//2000
f 1877//1877 2000//2000 1876//1876
f 1876//1876 2000//2000 2001//2001
f 1876//1876 2001//2001 1878//1878
f 1878//1878 2001//2001 2002//2002
f 1878//1878 2002//2002 1879//1879
f 1879//1879 2002//2002 2003//2003
f 1879//1879 2003//2003 1880//1880
f 1880//1880 2003//2003 2004//2004
f 1880//1880 2004//2004 1881//1881
f 1881//1881 2004//2004 2005//2005
f 1881//1881 2005//2005 1885//1885
f 1885//1885 2005//2005 2006//2006
f 1885//1885 2006//2006 1889//1889
f 1889//1889 2006//2006 2007//2007
f 1889//1889 2007//2007 1891//1891
f 1891//1891 2007//2007 2008//2008
f 1891//1891 2008//2008 1896//1896
f 1896//1896 2008//2008 2009//2009
f 1896//1896 2009//2009 1897//1897
f 1897//1897 2009//2009 2010//2010
f 1897//1897 2010//2010 1900//1900
f 1900//1900 2010//2010 2011//2011
f 1900//1900 2011//2011 1902//1902
f 1902//1902 2011//2011 2012//2012
f 1902//1902 2012//2012 1901//1901
f 1901//1901 2012//2012 2013//2013
f 1901//1901 2013//2013 1903//1903
f 1903//1903 2013//2013 2014//2014
f 1903//1903 2014//2014 1904//1904
f 1904//1904 2014//2014 2015//2015
f 1904//1904 2015//2015 1905//1905
f 1905//1905 2015//2015 2016//2016
f 1905//1905 2016//2016 1906//1906
f 1906//1906 2016//2016 2017//2017
f 1906//1906 2017//2017 1875//1875
f 1875//1875 2017//2017 2018//2018
f 1875//1875 2018//2018 1908//1908
f 1908//1908 2018//2018 2019//2019
f 1908//1908 2019//2019 1907//1907
f 1907//1907 2019//2019 2020//2020
f 1907//1907 2020//2020 1909//1909
f 1909//1909 2020//2020 2021//2021
f 1909//1909 2021//2021 1910//1910
f 1910//1910 2021//2021 2022//2022
f 1910//1910 2022//2022 1911//1911
f 1911//1911 2022//2022 2023//2023
f 1911//1911 2023//2023 1912//1912
f 1912//1912 2023//2023 2024//2024
f 1912//1912 2024//2024 1874//1874
f 1874//1874 2024//2024 2025//2025
f 1874//1874 2025//2025 1914//1914
f 1914//1914 2025//2025 2026//2026
f 1914//1914 2026//2026 1913//1913
f 1913//1913 2026//2026 2027//2027
f 1913//1913 2027//2027 1915//1915
f 1915//1915 2027//2027 2028//2028
f 1915//1915 2028//2028 1916//1916
f 1916//1916 2028//2028 2029//2029
f 1916//1916 2029//2029 1917//1917
f 1917//1917 2029//2029 2030//2030
f 1917//1917 2030//2030 1918//1918
f 1918//1918 2030//2030 2031//2031
f 1918//1918 2031//2031 1873//1873
f 1873//1873 2031//2031 2032//2032
f 1873//1873 2032//2032 1920//1920
f 1920//1920 2032//2032 2033//2033
f 1920//1920 2033//2033 1919//1919
f 1919//1919 2033//2033 2034//2034
f 1919//1919 2034//2034 1921//1921
f 1921//1921 2034//2034 2036//2036
f 1921//1921 2036//2036 1922//1922
f 1922//1922 2036//2036 2043//2043
f 2040//2040 2039//2039 2044//2044
f 2043//2043 1614//1614 1923//1923
f 1923//1923 1614//1614 1615//1615
f 1612//1612 2045//2045 1609//1609
f 1609//1609 2045//2045 2046//2046
f 1609//1609 2046//2046 1608//1608
f 1608//1608 2046//2046 1606//1606
f 2046//2046 1509//1509 1510//1510
f 1606//1606 2046//2046 1604//1604
f 1604//1604 2046//2046 1510//1510
f 1604//1604 1510//1510 1511//1511
f 2042//2042 2041//2041 2047//2047
f 2047//2047 2041//2041 2040//2040
f 2042//2042 2045//2045 2043//2043
f 2043//2043 2045//2045 1612//1612
f 2043//2043 1612//1612 1614//1614
f 2040//2040 2044//2044 2047//2047
f 2047//2047 2044//2044 2048//2048
f 2047//2047 2048//2048 2049//2049
f 2048//2048 2050//2050 2049//2049
f 2049//2049 2050//2050 2051//2051
f 2049//2049 2051//2051 1533//1533
f 1533//1533 1479//1479 2049//2049
f 2049//2049 1479//1479 1478//1478
f 2049//2049 1478//1478 1518//1518
f 2042//2042 2047//2047 2045//2045
f 2045//2045 2047//2047 2049//2049
f 2045//2045 2049//2049 2046//2046
f 2046//2046 2049//2049 1518//1518
f 2046//2046 1518//1518 1509//1509
f 2052//2052 1867//1867 1866//1866
f 2053//2053 1530//1530 1531//1531
f 1526//1526 1527//1527 2053//2053
f 2053//2053 1528//1528 1529//1529
f 1558//1558 1557//1557 2051//2051
f 2051//2051 1557//1557 2053//2053
f 2051//2051 2053//2053 1533//1533
f 1533//1533 2053//2053 1532//1532
f 2054//2054 1572//1572 1570//1570
f 1572//1572 2054//2054 1852//1852
f 2054//2054 1848//1848 1849//1849
f 1849//1849 1850//1850 2054//2054
f 2054//2054 1850//1850 1851//1851
f 2054//2054 1851//1851 1852//1852
f 2054//2054 1844//1844 1845//1845
f 1845//1845 1846//1846 2054//2054
f 2054//2054 1846//1846 1847//1847
f 2054//2054 1847//1847 1848//1848
f 1860//1860 1853//1853 1570//1570
f 1570//1570 1853//1853 1821//1821
f 1570//1570 1821//1821 2054//2054
f 2054//2054 1842//1842 1843//1843
f 1570//1570 1568//1568 1860//1860
f 1860//1860 1568//1568 1566//1566
f 1860//1860 1566//1566 1564//1564
f 1867//1867 2052//2052 1924//1924
f 2038//2038 2037//2037 2052//2052
f 2037//2037 1927//1927 2052//2052
f 2052//2052 1927//1927 1925//1925
f 2052//2052 1925//1925 1924//1924
f 1866//1866 2044//2044 2052//2052
f 2052//2052 2044//2044 2039//2039
f 2052//2052 2039//2039 2038//2038
f 1938//1938 1936//1936 2055//2055
f 1936//1936 1934//1934 2055//2055
f 2055//2055 1934//1934 1932//1932
f 2055//2055 1932//1932 1930//1930
f 2055//2055 1998//1998 1996//1996
f 1996//1996 1994//1994 2055//2055
f 2055//2055 1994//1994 1992//1992
f 2055//2055 1992//1992 1990//1990
f 2037//2037 1998//1998 1927//1927
f 1927//1927 1998//1998 2055//2055
f 1927//1927 2055//2055 1929//1929
f 1929//1929 2055//2055 1930//1930
f 1949//1949 1947//1947 2056//2056
f 1949//1949 2056//2056 1951//1951
f 1947//1947 1945//1945 2056//2056
f 2056//2056 1945//1945 1943//1943
f 2056//2056 1943//1943 1941//1941
f 2056//2056 1987//1987 1985//1985
f 1985//1985 1983//1983 2056//2056
f 2056//2056 1983//1983 1981//1981
f 2056//2056 1981//1981 1979//1979
f 1979//1979 1977//1977 2056//2056
f 2056//2056 1977//1977 1976//1976
f 2056//2056 1976//1976 1974//1974
f 1990//1990 1989//1989 2055//2055
f 2055//2055 1989//1989 1987//1987
f 2055//2055 1987//1987 1938//1938
f 1938//1938 2056//2056 1940//1940
f 1940//1940 2056//2056 1941//1941
f 1964//1964 1962//1962 2057//2057
f 2057//2057 1962//1962 1960//1960
f 2057//2057 1960//1960 1958//1958
f 1958//1958 1956//1956 2057//2057
f 2057//2057 1956//1956 1955//1955
f 2057//2057 1955//1955 1953//1953
f 1951//1951 2056//2056 1953//1953
f 1953//1953 2056//2056 1974//1974
f 1953//1953 1974//1974 2057//2057
f 2057//2057 1974//1974 1972//1972
f 2057//2057 1972//1972 1970//1970
f 1970//1970 1968//1968 2057//2057
f 2057//2057 1968//1968 1966//1966
f 2057//2057 1966//1966 1964//1964
f 1564//1564 1563//1563 1860//1860
f 1860//1860 1563//1563 1562//1562
f 1860//1860 1562//1562 1862//1862
f 1862//1862 1562//1562 1558//1558
f 1862//1862 1558//1558 1863//1863
f 1863//1863 1558//1558 2051//2051
f 1863//1863 2051//2051 1865//1865
f 1865//1865 2051//2051 2050//2050
f 1865//1865 2050//2050 1866//1866
f 1866//1866 2050//2050 2048//2048
f 1866//1866 2048//2048 2044//2044
f 2058//2058 2059//2059 2060//2060
f 2061//2061 2062//2062 2063//2063
f 2064//2064 2062//2062 2065//2065
f 2065//2065 2062//2062 2061//2061
f 2066//2066 2063//2063 2067//2067
f 2059//2059 2068//2068 2060//2060
f 2069//2069 2064//2064 2070//2070
f 2070//2070 2064//2064 2065//2065
f 2070//2070 2065//2065 2071//2071
f 2071//2071 2065//2065 2072//2072
f 2071//2071 2072//2072 2073//2073
f 2073//2073 2072//2072 2074//2074
f 2073//2073 2074//2074 2075//2075
f 2075//2075 2074//2074 2076//2076
f 2077//2077 2076//2076 2078//2078
f 2077//2077 2078//2078 2079//2079
f 2079//2079 2078//2078 2080//2080
f 2079//2079 2080//2080 2081//2081
f 2081//2081 2080//2080 2082//2082
f 2081//2081 2082//2082 2083//2083
f 2083//2083 2082//2082 2084//2084
f 2083//2083 2084//2084 2085//2085
f 2085//2085 2084//2084 2086//2086
f 2085//2085 2086//2086 2087//2087
f 2087//2087 2086//2086 2088//2088
f 2087//2087 2088//2088 2089//2089
f 2089//2089 2088//2088 2090//2090
f 2089//2089 2090//2090 2091//2091
f 2091//2091 2090//2090 2092//2092
f 2091//2091 2092//2092 2093//2093
f 2093//2093 2092//2092 2094//2094
f 2093//2093 2094//2094 2095//2095
f 2095//2095 2094//2094 2096//2096
f 2095//2095 2096//2096 2097//2097
f 2097//2097 2096//2096 2098//2098
f 2097//2097 2098//2098 2099//2099
f 2099//2099 2098//2098 2100//2100
f 2101//2101 2102//2102 2103//2103
f 2103//2103 2102//2102 2104//2104
f 2103//2103 2104//2104 2105//2105
f 2105//2105 2104//2104 2106//2106
f 2105//2105 2106//2106 2107//2107
f 2107//2107 2106//2106 2108//2108
f 2107//2107 2108//2108 2109//2109
f 2109//2109 2108//2108 2110//2110
f 2111//2111 2112//2112 2113//2113
f 2113//2113 2112//2112 2114//2114
f 2113//2113 2114//2114 2115//2115
f 2115//2115 2114//2114 2116//2116
f 2115//2115 2116//2116 2117//2117
f 2117//2117 2116//2116 2118//2118
f 2117//2117 2118//2118 2119//2119
f 2119//2119 2118//2118 2120//2120
f 2121//2121 2122//2122 2123//2123
f 2123//2123 2122//2122 2124//2124
f 2123//2123 2124//2124 2125//2125
f 2125//2125 2124//2124 2126//2126
f 2125//2125 2126//2126 2127//2127
f 2127//2127 2126//2126 2128//2128
f 2127//2127 2128//2128 2129//2129
f 2129//2129 2128//2128 2130//2130
f 2129//2129 2130//2130 2131//2131
f 2131//2131 2132//2132 2133//2133
f 2133//2133 2132//2132 2134//2134
f 2133//2133 2134//2134 2135//2135
f 2135//2135 2134//2134 2136//2136
f 2135//2135 2136//2136 2137//2137
f 2137//2137 2136//2136 2138//2138
f 2137//2137 2138//2138 2139//2139
f 2139//2139 2138//2138 2140//2140
f 2139//2139 2140//2140 2141//2141
f 2141//2141 2140//2140 2142//2142
f 2141//2141 2142//2142 2143//2143
f 2143//2143 2142//2142 2144//2144
f 2143//2143 2144//2144 2145//2145
f 2145//2145 2144//2144 2146//2146
f 2145//2145 2146//2146 2147//2147
f 2147//2147 2146//2146 2148//2148
f 2147//2147 2148//2148 2149//2149
f 2149//2149 2148//2148 2150//2150
f 2149//2149 2150//2150 2151//2151
f 2151//2151 2150//2150 2152//2152
f 2151//2151 2152//2152 2153//2153
f 2153//2153 2152//2152 2154//2154
f 2155//2155 2156//2156 2157//2157
f 2157//2157 2156//2156 2158//2158
f 2157//2157 2158//2158 2159//2159
f 2159//2159 2158//2158 2160//2160
f 2159//2159 2160//2160 2161//2161
f 2161//2161 2160//2160 2162//2162
f 2161//2161 2162//2162 2163//2163
f 2163//2163 2162//2162 2164//2164
f 2064//2064 2069//2069 2165//2165
f 2165//2165 2069//2069 2166//2166
f 2167//2167 2168//2168 2169//2169
f 2170//2170 2171//2171 2172//2172
f 2173//2173 2174//2174 2172//2172
f 2172//2172 2174//2174 2175//2175
f 2176//2176 2177//2177 2178//2178
f 2179//2179 2180//2180 2181//2181
f 2169//2169 2182//2182 2183//2183
f 2169//2169 2183//2183 2167//2167
f 2172//2172 2184//2184 2185//2185
f 2186//2186 2187//2187 2188//2188
f 2189//2189 2190//2190 2191//2191
f 2192//2192 2193//2193 2194//2194
f 2195//2195 2196//2196 2197//2197
f 2198//2198 2199//2199 2200//2200
f 2201//2201 2202//2202 2203//2203
f 2204//2204 2205//2205 2206//2206
f 2207//2207 2208//2208 2209//2209
f 2210//2210 2211//2211 2212//2212
f 2213//2213 2214//2214 2215//2215
f 2216//2216 2217//2217 2218//2218
f 2219//2219 2220//2220 2221//2221
f 2222//2222 2223//2223 2224//2224
f 2225//2225 2226//2226 2227//2227
f 2228//2228 2229//2229 2230//2230
f 2231//2231 2232//2232 2233//2233
f 2234//2234 2235//2235 2236//2236
f 2237//2237 2238//2238 2239//2239
f 2238//2238 2237//2237 2240//2240
f 2241//2241 2242//2242 2243//2243
f 2243//2243 2242//2242 2244//2244
f 2245//2245 2246//2246 2247//2247
f 2248//2248 2249//2249 2250//2250
f 2251//2251 2252//2252 2253//2253
f 2254//2254 2255//2255 2248//2248
f 2256//2256 2257//2257 2242//2242
f 2242//2242 2257//2257 2258//2258
f 2242//2242 2258//2258 2244//2244
f 2259//2259 2260//2260 2261//2261
f 2261//2261 2260//2260 2262//2262
f 2253//2253 2263//2263 2251//2251
f 2251//2251 2263//2263 2264//2264
f 2251//2251 2264//2264 2265//2265
f 2265//2265 2266//2266 2251//2251
f 2251//2251 2266//2266 2267//2267
f 2251//2251 2267//2267 2248//2248
f 2248//2248 2267//2267 2268//2268
f 2248//2248 2268//2268 2254//2254
f 2255//2255 2269//2269 2248//2248
f 2248//2248 2269//2269 2270//2270
f 2248//2248 2270//2270 2249//2249
f 2271//2271 2272//2272 2273//2273
f 2274//2274 2275//2275 2272//2272
f 2272//2272 2275//2275 2276//2276
f 2272//2272 2276//2276 2273//2273
f 2249//2249 2277//2277 2250//2250
f 2250//2250 2277//2277 2278//2278
f 2250//2250 2278//2278 2259//2259
f 2259//2259 2278//2278 2279//2279
f 2259//2259 2279//2279 2260//2260
f 2250//2250 2280//2280 2248//2248
f 2248//2248 2280//2280 2281//2281
f 2248//2248 2281//2281 2243//2243
f 2243//2243 2281//2281 2282//2282
f 2243//2243 2282//2282 2241//2241
f 2273//2273 2283//2283 2271//2271
f 2271//2271 2283//2283 2284//2284
f 2271//2271 2284//2284 2285//2285
f 2285//2285 2284//2284 2286//2286
f 2285//2285 2286//2286 2287//2287
f 2287//2287 2286//2286 2252//2252
f 2287//2287 2252//2252 2288//2288
f 2288//2288 2252//2252 2251//2251
f 2289//2289 2290//2290 2291//2291
f 2291//2291 2290//2290 2292//2292
f 2291//2291 2292//2292 2293//2293
f 2293//2293 2292//2292 2294//2294
f 2293//2293 2294//2294 2274//2274
f 2274//2274 2294//2294 2295//2295
f 2274//2274 2295//2295 2275//2275
f 2237//2237 2296//2296 2240//2240
f 2240//2240 2296//2296 2297//2297
f 2240//2240 2297//2297 2242//2242
f 2242//2242 2297//2297 2298//2298
f 2242//2242 2298//2298 2256//2256
f 2291//2291 2237//2237 2289//2289
f 2289//2289 2237//2237 2239//2239
f 2289//2289 2239//2239 2299//2299
f 2299//2299 2239//2239 2300//2300
f 2299//2299 2300//2300 2301//2301
f 2301//2301 2300//2300 2302//2302
f 2301//2301 2302//2302 2303//2303
f 2304//2304 2305//2305 2306//2306
f 2306//2306 2305//2305 2307//2307
f 2306//2306 2307//2307 2308//2308
f 2308//2308 2307//2307 2309//2309
f 2308//2308 2309//2309 2310//2310
f 2311//2311 2312//2312 2313//2313
f 2314//2314 2315//2315 2316//2316
f 2262//2262 2317//2317 2318//2318
f 2319//2319 2320//2320 2321//2321
f 2262//2262 2318//2318 2261//2261
f 2261//2261 2318//2318 2322//2322
f 2261//2261 2322//2322 2259//2259
f 2259//2259 2322//2322 2323//2323
f 2259//2259 2323//2323 2250//2250
f 2250//2250 2323//2323 2324//2324
f 2250//2250 2324//2324 2280//2280
f 2280//2280 2324//2324 2325//2325
f 2280//2280 2325//2325 2281//2281
f 2281//2281 2325//2325 2326//2326
f 2281//2281 2326//2326 2282//2282
f 2282//2282 2326//2326 2327//2327
f 2282//2282 2327//2327 2241//2241
f 2241//2241 2327//2327 2328//2328
f 2241//2241 2328//2328 2242//2242
f 2242//2242 2328//2328 2329//2329
f 2242//2242 2329//2329 2240//2240
f 2240//2240 2329//2329 2330//2330
f 2240//2240 2330//2330 2238//2238
f 2238//2238 2330//2330 2331//2331
f 2238//2238 2331//2331 2239//2239
f 2239//2239 2331//2331 2332//2332
f 2239//2239 2332//2332 2300//2300
f 2300//2300 2332//2332 2321//2321
f 2300//2300 2321//2321 2302//2302
f 2302//2302 2321//2321 2333//2333
f 2334//2334 2335//2335 2336//2336
f 2318//2318 2337//2337 2316//2316
f 2318//2318 2316//2316 2322//2322
f 2322//2322 2316//2316 2338//2338
f 2322//2322 2338//2338 2323//2323
f 2323//2323 2338//2338 2339//2339
f 2323//2323 2339//2339 2324//2324
f 2324//2324 2339//2339 2340//2340
f 2324//2324 2340//2340 2325//2325
f 2325//2325 2340//2340 2341//2341
f 2325//2325 2341//2341 2326//2326
f 2326//2326 2341//2341 2342//2342
f 2326//2326 2342//2342 2327//2327
f 2327//2327 2342//2342 2343//2343
f 2327//2327 2343//2343 2328//2328
f 2328//2328 2343//2343 2344//2344
f 2328//2328 2344//2344 2329//2329
f 2329//2329 2344//2344 2345//2345
f 2329//2329 2345//2345 2330//2330
f 2330//2330 2345//2345 2346//2346
f 2330//2330 2346//2346 2331//2331
f 2331//2331 2346//2346 2347//2347
f 2331//2331 2347//2347 2332//2332
f 2332//2332 2347//2347 2348//2348
f 2332//2332 2348//2348 2321//2321
f 2321//2321 2348//2348 2349//2349
f 2321//2321 2349//2349 2319//2319
f 2315//2315 2350//2350 2316//2316
f 2316//2316 2350//2350 2312//2312
f 2316//2316 2312//2312 2338//2338
f 2338//2338 2312//2312 2351//2351
f 2338//2338 2351//2351 2339//2339
f 2339//2339 2351//2351 2352//2352
f 2339//2339 2352//2352 2340//2340
f 2340//2340 2352//2352 2353//2353
f 2340//2340 2353//2353 2341//2341
f 2341//2341 2353//2353 2354//2354
f 2341//2341 2354//2354 2342//2342
f 2342//2342 2354//2354 2355//2355
f 2342//2342 2355//2355 2343//2343
f 2343//2343 2355//2355 2356//2356
f 2343//2343 2356//2356 2344//2344
f 2344//2344 2356//2356 2357//2357
f 2344//2344 2357//2357 2345//2345
f 2345//2345 2357//2357 2358//2358
f 2345//2345 2358//2358 2346//2346
f 2346//2346 2358//2358 2359//2359
f 2346//2346 2359//2359 2347//2347
f 2347//2347 2359//2359 2360//2360
f 2347//2347 2360//2360 2348//2348
f 2348//2348 2360//2360 2361//2361
f 2348//2348 2361//2361 2349//2349
f 2349//2349 2361//2361 2334//2334
f 2349//2349 2334//2334 2362//2362
f 2363//2363 2364//2364 2312//2312
f 2312//2312 2364//2364 2365//2365
f 2312//2312 2365//2365 2351//2351
f 2351//2351 2365//2365 2366//2366
f 2351//2351 2366//2366 2352//2352
f 2352//2352 2366//2366 2367//2367
f 2352//2352 2367//2367 2353//2353
f 2353//2353 2367//2367 2368//2368
f 2353//2353 2368//2368 2354//2354
f 2354//2354 2368//2368 2369//2369
f 2354//2354 2369//2369 2355//2355
f 2355//2355 2369//2369 2370//2370
f 2355//2355 2370//2370 2356//2356
f 2356//2356 2370//2370 2371//2371
f 2356//2356 2371//2371 2357//2357
f 2357//2357 2371//2371 2372//2372
f 2357//2357 2372//2372 2358//2358
f 2358//2358 2372//2372 2373//2373
f 2358//2358 2373//2373 2359//2359
f 2359//2359 2373//2373 2374//2374
f 2359//2359 2374//2374 2360//2360
f 2360//2360 2374//2374 2375//2375
f 2360//2360 2375//2375 2361//2361
f 2361//2361 2375//2375 2376//2376
f 2361//2361 2376//2376 2334//2334
f 2334//2334 2376//2376 2377//2377
f 2334//2334 2377//2377 2378//2378
f 2378//2378 2377//2377 2379//2379
f 2364//2364 2309//2309 2365//2365
f 2365//2365 2309//2309 2307//2307
f 2365//2365 2307//2307 2366//2366
f 2366//2366 2307//2307 2305//2305
f 2366//2366 2305//2305 2367//2367
f 2367//2367 2305//2305 2380//2380
f 2367//2367 2380//2380 2368//2368
f 2368//2368 2380//2380 2381//2381
f 2368//2368 2381//2381 2369//2369
f 2369//2369 2381//2381 2382//2382
f 2369//2369 2382//2382 2370//2370
f 2370//2370 2383//2383 2371//2371
f 2371//2371 2383//2383 2384//2384
f 2371//2371 2384//2384 2372//2372
f 2372//2372 2384//2384 2385//2385
f 2372//2372 2385//2385 2373//2373
f 2373//2373 2385//2385 2386//2386
f 2373//2373 2386//2386 2374//2374
f 2376//2376 2387//2387 2388//2388
f 2376//2376 2388//2388 2377//2377
f 2377//2377 2388//2388 2389//2389
f 2377//2377 2389//2389 2379//2379
f 2390//2390 2391//2391 2392//2392
f 2393//2393 2392//2392 2394//2394
f 2395//2395 2396//2396 2397//2397
f 2301//2301 2303//2303 2398//2398
f 2398//2398 2303//2303 2399//2399
f 2400//2400 2401//2401 2402//2402
f 2403//2403 2404//2404 2069//2069
f 2069//2069 2405//2405 2406//2406
f 2398//2398 2407//2407 2408//2408
f 2409//2409 2408//2408 2410//2410
f 2410//2410 2411//2411 2412//2412
f 2410//2410 2412//2412 2413//2413
f 2413//2413 2414//2414 2415//2415
f 2413//2413 2416//2416 2400//2400
f 2400//2400 2416//2416 2417//2417
f 2400//2400 2417//2417 2401//2401
f 2409//2409 2410//2410 2418//2418
f 2413//2413 2400//2400 2419//2419
f 2420//2420 2421//2421 2422//2422
f 2069//2069 2070//2070 2423//2423
f 2423//2423 2071//2071 2424//2424
f 2071//2071 2073//2073 2424//2424
f 2424//2424 2073//2073 2075//2075
f 2424//2424 2075//2075 2425//2425
f 2425//2425 2077//2077 2426//2426
f 2077//2077 2079//2079 2426//2426
f 2427//2427 2083//2083 2085//2085
f 2428//2428 2087//2087 2429//2429
f 2429//2429 2091//2091 2430//2430
f 2430//2430 2091//2091 2093//2093
f 2430//2430 2093//2093 2431//2431
f 2093//2093 2095//2095 2431//2431
f 2431//2431 2097//2097 2432//2432
f 2097//2097 2099//2099 2432//2432
f 2432//2432 2101//2101 2433//2433
f 2433//2433 2101//2101 2103//2103
f 2433//2433 2103//2103 2434//2434
f 2434//2434 2105//2105 2107//2107
f 2434//2434 2107//2107 2435//2435
f 2107//2107 2109//2109 2435//2435
f 2435//2435 2111//2111 2436//2436
f 2111//2111 2113//2113 2436//2436
f 2436//2436 2113//2113 2115//2115
f 2436//2436 2115//2115 2437//2437
f 2115//2115 2117//2117 2437//2437
f 2437//2437 2117//2117 2119//2119
f 2437//2437 2119//2119 2438//2438
f 2438//2438 2121//2121 2439//2439
f 2121//2121 2123//2123 2439//2439
f 2439//2439 2123//2123 2125//2125
f 2439//2439 2125//2125 2440//2440
f 2125//2125 2127//2127 2440//2440
f 2440//2440 2127//2127 2129//2129
f 2440//2440 2129//2129 2441//2441
f 2441//2441 2131//2131 2442//2442
f 2131//2131 2133//2133 2442//2442
f 2442//2442 2133//2133 2135//2135
f 2442//2442 2135//2135 2443//2443
f 2443//2443 2135//2135 2137//2137
f 2443//2443 2137//2137 2444//2444
f 2137//2137 2139//2139 2444//2444
f 2444//2444 2139//2139 2141//2141
f 2444//2444 2141//2141 2445//2445
f 2141//2141 2143//2143 2445//2445
f 2445//2445 2143//2143 2145//2145
f 2445//2445 2145//2145 2446//2446
f 2446//2446 2145//2145 2147//2147
f 2446//2446 2147//2147 2447//2447
f 2147//2147 2149//2149 2447//2447
f 2447//2447 2149//2149 2151//2151
f 2447//2447 2151//2151 2448//2448
f 2151//2151 2153//2153 2448//2448
f 2448//2448 2155//2155 2449//2449
f 2449//2449 2155//2155 2157//2157
f 2449//2449 2157//2157 2450//2450
f 2163//2163 2451//2451 2161//2161
f 2161//2161 2451//2451 2450//2450
f 2161//2161 2450//2450 2159//2159
f 2159//2159 2450//2450 2157//2157
f 2450//2450 2420//2420 2422//2422
f 2450//2450 2422//2422 2449//2449
f 2449//2449 2422//2422 2452//2452
f 2449//2449 2452//2452 2448//2448
f 2448//2448 2452//2452 2453//2453
f 2448//2448 2453//2453 2447//2447
f 2447//2447 2453//2453 2454//2454
f 2447//2447 2454//2454 2446//2446
f 2446//2446 2454//2454 2455//2455
f 2446//2446 2455//2455 2445//2445
f 2445//2445 2455//2455 2456//2456
f 2445//2445 2456//2456 2444//2444
f 2444//2444 2456//2456 2457//2457
f 2444//2444 2457//2457 2443//2443
f 2443//2443 2457//2457 2458//2458
f 2443//2443 2458//2458 2442//2442
f 2442//2442 2458//2458 2459//2459
f 2442//2442 2459//2459 2441//2441
f 2441//2441 2459//2459 2460//2460
f 2441//2441 2460//2460 2440//2440
f 2440//2440 2460//2460 2461//2461
f 2440//2440 2461//2461 2439//2439
f 2439//2439 2461//2461 2462//2462
f 2439//2439 2462//2462 2438//2438
f 2438//2438 2462//2462 2463//2463
f 2438//2438 2463//2463 2437//2437
f 2437//2437 2463//2463 2464//2464
f 2437//2437 2464//2464 2436//2436
f 2436//2436 2464//2464 2465//2465
f 2436//2436 2465//2465 2435//2435
f 2435//2435 2465//2465 2466//2466
f 2435//2435 2466//2466 2434//2434
f 2434//2434 2466//2466 2467//2467
f 2434//2434 2467//2467 2433//2433
f 2433//2433 2467//2467 2468//2468
f 2433//2433 2468//2468 2432//2432
f 2432//2432 2468//2468 2469//2469
f 2432//2432 2469//2469 2431//2431
f 2431//2431 2469//2469 2470//2470
f 2431//2431 2470//2470 2430//2430
f 2430//2430 2470//2470 2471//2471
f 2430//2430 2471//2471 2429//2429
f 2429//2429 2471//2471 2472//2472
f 2429//2429 2472//2472 2428//2428
f 2428//2428 2472//2472 2473//2473
f 2428//2428 2473//2473 2427//2427
f 2427//2427 2473//2473 2474//2474
f 2427//2427 2474//2474 2426//2426
f 2426//2426 2474//2474 2475//2475
f 2426//2426 2475//2475 2425//2425
f 2425//2425 2475//2475 2476//2476
f 2425//2425 2476//2476 2424//2424
f 2424//2424 2476//2476 2477//2477
f 2424//2424 2477//2477 2423//2423
f 2423//2423 2477//2477 2419//2419
f 2423//2423 2419//2419 2402//2402
f 2402//2402 2419//2419 2400//2400
f 2422//2422 2478//2478 2479//2479
f 2422//2422 2479//2479 2452//2452
f 2452//2452 2479//2479 2480//2480
f 2452//2452 2480//2480 2453//2453
f 2453//2453 2480//2480 2481//2481
f 2453//2453 2481//2481 2454//2454
f 2454//2454 2481//2481 2482//2482
f 2454//2454 2482//2482 2455//2455
f 2455//2455 2482//2482 2483//2483
f 2455//2455 2483//2483 2456//2456
f 2456//2456 2483//2483 2484//2484
f 2456//2456 2484//2484 2457//2457
f 2457//2457 2484//2484 2485//2485
f 2457//2457 2485//2485 2458//2458
f 2458//2458 2485//2485 2486//2486
f 2458//2458 2486//2486 2459//2459
f 2459//2459 2486//2486 2487//2487
f 2459//2459 2487//2487 2460//2460
f 2460//2460 2487//2487 2488//2488
f 2460//2460 2488//2488 2461//2461
f 2461//2461 2488//2488 2489//2489
f 2461//2461 2489//2489 2462//2462
f 2462//2462 2489//2489 2490//2490
f 2462//2462 2490//2490 2463//2463
f 2463//2463 2490//2490 2491//2491
f 2463//2463 2491//2491 2464//2464
f 2464//2464 2491//2491 2492//2492
f 2464//2464 2492//2492 2465//2465
f 2465//2465 2492//2492 2493//2493
f 2465//2465 2493//2493 2466//2466
f 2466//2466 2493//2493 2494//2494
f 2466//2466 2494//2494 2467//2467
f 2467//2467 2494//2494 2495//2495
f 2467//2467 2495//2495 2468//2468
f 2468//2468 2495//2495 2496//2496
f 2468//2468 2496//2496 2469//2469
f 2469//2469 2496//2496 2497//2497
f 2469//2469 2497//2497 2470//2470
f 2470//2470 2497//2497 2498//2498
f 2470//2470 2498//2498 2471//2471
f 2471//2471 2498//2498 2499//2499
f 2471//2471 2499//2499 2472//2472
f 2472//2472 2499//2499 2500//2500
f 2472//2472 2500//2500 2473//2473
f 2473//2473 2500//2500 2501//2501
f 2473//2473 2501//2501 2474//2474
f 2474//2474 2501//2501 2502//2502
f 2474//2474 2502//2502 2475//2475
f 2475//2475 2502//2502 2503//2503
f 2475//2475 2503//2503 2476//2476
f 2476//2476 2503//2503 2504//2504
f 2476//2476 2504//2504 2477//2477
f 2477//2477 2504//2504 2505//2505
f 2477//2477 2505//2505 2419//2419
f 2419//2419 2505//2505 2418//2418
f 2419//2419 2418//2418 2413//2413
f 2413//2413 2418//2418 2410//2410
f 2506//2506 2507//2507 2479//2479
f 2479//2479 2507//2507 2508//2508
f 2479//2479 2508//2508 2480//2480
f 2480//2480 2508//2508 2509//2509
f 2480//2480 2509//2509 2481//2481
f 2481//2481 2509//2509 2510//2510
f 2481//2481 2510//2510 2482//2482
f 2482//2482 2510//2510 2511//2511
f 2482//2482 2511//2511 2483//2483
f 2483//2483 2511//2511 2512//2512
f 2483//2483 2512//2512 2484//2484
f 2484//2484 2512//2512 2513//2513
f 2484//2484 2513//2513 2485//2485
f 2485//2485 2513//2513 2514//2514
f 2485//2485 2514//2514 2486//2486
f 2486//2486 2514//2514 2515//2515
f 2486//2486 2515//2515 2487//2487
f 2487//2487 2515//2515 2516//2516
f 2487//2487 2516//2516 2488//2488
f 2488//2488 2516//2516 2517//2517
f 2488//2488 2517//2517 2489//2489
f 2489//2489 2517//2517 2518//2518
f 2489//2489 2518//2518 2490//2490
f 2490//2490 2518//2518 2519//2519
f 2490//2490 2519//2519 2491//2491
f 2491//2491 2519//2519 2520//2520
f 2491//2491 2520//2520 2492//2492
f 2492//2492 2520//2520 2521//2521
f 2492//2492 2521//2521 2493//2493
f 2493//2493 2521//2521 2522//2522
f 2493//2493 2522//2522 2494//2494
f 2494//2494 2522//2522 2523//2523
f 2494//2494 2523//2523 2495//2495
f 2495//2495 2523//2523 2524//2524
f 2495//2495 2524//2524 2496//2496
f 2496//2496 2524//2524 2525//2525
f 2496//2496 2525//2525 2497//2497
f 2497//2497 2525//2525 2526//2526
f 2497//2497 2526//2526 2498//2498
f 2498//2498 2526//2526 2527//2527
f 2498//2498 2527//2527 2499//2499
f 2499//2499 2527//2527 2528//2528
f 2499//2499 2528//2528 2500//2500
f 2500//2500 2528//2528 2529//2529
f 2500//2500 2529//2529 2501//2501
f 2501//2501 2529//2529 2530//2530
f 2501//2501 2530//2530 2502//2502
f 2502//2502 2530//2530 2531//2531
f 2502//2502 2531//2531 2503//2503
f 2503//2503 2531//2531 2532//2532
f 2503//2503 2532//2532 2504//2504
f 2504//2504 2532//2532 2533//2533
f 2504//2504 2533//2533 2505//2505
f 2505//2505 2533//2533 2534//2534
f 2505//2505 2534//2534 2418//2418
f 2418//2418 2534//2534 2535//2535
f 2418//2418 2535//2535 2409//2409
f 2536//2536 2260//2260 2508//2508
f 2508//2508 2260//2260 2279//2279
f 2508//2508 2279//2279 2509//2509
f 2509//2509 2279//2279 2278//2278
f 2509//2509 2278//2278 2510//2510
f 2510//2510 2278//2278 2277//2277
f 2510//2510 2277//2277 2511//2511
f 2511//2511 2277//2277 2249//2249
f 2511//2511 2249//2249 2512//2512
f 2512//2512 2249//2249 2270//2270
f 2512//2512 2270//2270 2513//2513
f 2513//2513 2270//2270 2269//2269
f 2513//2513 2269//2269 2514//2514
f 2514//2514 2269//2269 2255//2255
f 2514//2514 2255//2255 2515//2515
f 2515//2515 2255//2255 2254//2254
f 2515//2515 2254//2254 2516//2516
f 2516//2516 2254//2254 2268//2268
f 2516//2516 2268//2268 2517//2517
f 2517//2517 2268//2268 2267//2267
f 2517//2517 2267//2267 2518//2518
f 2518//2518 2267//2267 2266//2266
f 2518//2518 2266//2266 2519//2519
f 2519//2519 2266//2266 2265//2265
f 2519//2519 2265//2265 2520//2520
f 2520//2520 2265//2265 2264//2264
f 2520//2520 2264//2264 2521//2521
f 2521//2521 2264//2264 2263//2263
f 2521//2521 2263//2263 2522//2522
f 2522//2522 2263//2263 2253//2253
f 2522//2522 2253//2253 2523//2523
f 2523//2523 2253//2253 2252//2252
f 2523//2523 2252//2252 2524//2524
f 2524//2524 2252//2252 2286//2286
f 2524//2524 2286//2286 2525//2525
f 2525//2525 2286//2286 2284//2284
f 2525//2525 2284//2284 2526//2526
f 2526//2526 2284//2284 2283//2283
f 2526//2526 2283//2283 2527//2527
f 2527//2527 2283//2283 2273//2273
f 2527//2527 2273//2273 2528//2528
f 2528//2528 2273//2273 2276//2276
f 2528//2528 2276//2276 2529//2529
f 2529//2529 2276//2276 2275//2275
f 2529//2529 2275//2275 2530//2530
f 2530//2530 2275//2275 2295//2295
f 2530//2530 2295//2295 2531//2531
f 2531//2531 2295//2295 2294//2294
f 2531//2531 2294//2294 2532//2532
f 2532//2532 2294//2294 2292//2292
f 2532//2532 2292//2292 2533//2533
f 2533//2533 2292//2292 2290//2290
f 2533//2533 2290//2290 2534//2534
f 2534//2534 2290//2290 2289//2289
f 2534//2534 2289//2289 2535//2535
f 2535//2535 2289//2289 2299//2299
f 2535//2535 2299//2299 2398//2398
f 2398//2398 2299//2299 2301//2301
f 2262//2262 2260//2260 2537//2537
f 2537//2537 2260//2260 2536//2536
f 2538//2538 2536//2536 2539//2539
f 2540//2540 2507//2507 2506//2506
f 2540//2540 2506//2506 2541//2541
f 2478//2478 2542//2542 2506//2506
f 2506//2506 2542//2542 2543//2543
f 2544//2544 2545//2545 2420//2420
f 2420//2420 2546//2546 2421//2421
f 2421//2421 2546//2546 2547//2547
f 2421//2421 2547//2547 2478//2478
f 2548//2548 2549//2549 2163//2163
f 2550//2550 2551//2551 2552//2552
f 2552//2552 2551//2551 2553//2553
f 2554//2554 2555//2555 2556//2556
f 2557//2557 2558//2558 2559//2559
f 2560//2560 2561//2561 2562//2562
f 2562//2562 2561//2561 2563//2563
f 2562//2562 2563//2563 2564//2564
f 2565//2565 2566//2566 2567//2567
f 2565//2565 2567//2567 2568//2568
f 2567//2567 2569//2569 2568//2568
f 2568//2568 2569//2569 2570//2570
f 2568//2568 2570//2570 2563//2563
f 2563//2563 2570//2570 2571//2571
f 2563//2563 2571//2571 2564//2564
f 2566//2566 2565//2565 2572//2572
f 2572//2572 2565//2565 2573//2573
f 2572//2572 2573//2573 2574//2574
f 2575//2575 2576//2576 2573//2573
f 2573//2573 2576//2576 2577//2577
f 2573//2573 2577//2577 2574//2574
f 2578//2578 2575//2575 2579//2579
f 2579//2579 2575//2575 2580//2580
f 2579//2579 2580//2580 2581//2581
f 2581//2581 2580//2580 2582//2582
f 2582//2582 2580//2580 2583//2583
f 2582//2582 2583//2583 2584//2584
f 2585//2585 2586//2586 2583//2583
f 2583//2583 2586//2586 2587//2587
f 2583//2583 2587//2587 2584//2584
f 2588//2588 2585//2585 2589//2589
f 2589//2589 2585//2585 2590//2590
f 2589//2589 2590//2590 2591//2591
f 2559//2559 2558//2558 2590//2590
f 2590//2590 2558//2558 2592//2592
f 2590//2590 2592//2592 2591//2591
f 2557//2557 2559//2559 2593//2593
f 2593//2593 2559//2559 2594//2594
f 2593//2593 2594//2594 2595//2595
f 2595//2595 2594//2594 2596//2596
f 2596//2596 2594//2594 2597//2597
f 2596//2596 2597//2597 2598//2598
f 2599//2599 2600//2600 2597//2597
f 2597//2597 2600//2600 2601//2601
f 2597//2597 2601//2601 2598//2598
f 2602//2602 2599//2599 2603//2603
f 2603//2603 2599//2599 2604//2604
f 2603//2603 2604//2604 2605//2605
f 2606//2606 2607//2607 2608//2608
f 2607//2607 2609//2609 2608//2608
f 2608//2608 2609//2609 2610//2610
f 2608//2608 2610//2610 2604//2604
f 2604//2604 2610//2610 2611//2611
f 2604//2604 2611//2611 2605//2605
f 2612//2612 2606//2606 2613//2613
f 2613//2613 2606//2606 2614//2614
f 2613//2613 2614//2614 2615//2615
f 2556//2556 2555//2555 2614//2614
f 2614//2614 2555//2555 2616//2616
f 2614//2614 2616//2616 2615//2615
f 2554//2554 2556//2556 2617//2617
f 2617//2617 2556//2556 2618//2618
f 2617//2617 2618//2618 2619//2619
f 2619//2619 2618//2618 2620//2620
f 2620//2620 2618//2618 2621//2621
f 2620//2620 2621//2621 2622//2622
f 2552//2552 2553//2553 2621//2621
f 2621//2621 2553//2553 2623//2623
f 2621//2621 2623//2623 2622//2622
f 2624//2624 2625//2625 2626//2626
f 2627//2627 2626//2626 2628//2628
f 2629//2629 2630//2630 2631//2631
f 2629//2629 2631//2631 2632//2632
f 2632//2632 2631//2631 2633//2633
f 2634//2634 2633//2633 2635//2635
f 2636//2636 2637//2637 2630//2630
f 2630//2630 2637//2637 2638//2638
f 2639//2639 2640//2640 2641//2641
f 2629//2629 2641//2641 2642//2642
f 2643//2643 2644//2644 2645//2645
f 2643//2643 2646//2646 2647//2647
f 2647//2647 2648//2648 2649//2649
f 2647//2647 2649//2649 2650//2650
f 2628//2628 2649//2649 2648//2648
f 2628//2628 2648//2648 2627//2627
f 2627//2627 2651//2651 2632//2632
f 2629//2629 2652//2652 2653//2653
f 2629//2629 2653//2653 2639//2639
f 2654//2654 2655//2655 2656//2656
f 2657//2657 2658//2658 2659//2659
f 2660//2660 2661//2661 2662//2662
f 2663//2663 2664//2664 2665//2665
f 2666//2666 2667//2667 2668//2668
f 2669//2669 2670//2670 2671//2671
f 2672//2672 2673//2673 2674//2674
f 2675//2675 2676//2676 2677//2677
f 2678//2678 2679//2679 2680//2680
f 2681//2681 2682//2682 2683//2683
f 2684//2684 2685//2685 2686//2686
f 2687//2687 2688//2688 2689//2689
f 2690//2690 2691//2691 2692//2692
f 2693//2693 2694//2694 2695//2695
f 2696//2696 2697//2697 2698//2698
f 2699//2699 2700//2700 2701//2701
f 2702//2702 2703//2703 2704//2704
f 2705//2705 2706//2706 2707//2707
f 2708//2708 2709//2709 2710//2710
f 2711//2711 2712//2712 2713//2713
f 2714//2714 2715//2715 2712//2712
f 2712//2712 2715//2715 2716//2716
f 2712//2712 2716//2716 2713//2713
f 2717//2717 2718//2718 2719//2719
f 2720//2720 2721//2721 2722//2722
f 2713//2713 2723//2723 2711//2711
f 2711//2711 2723//2723 2724//2724
f 2711//2711 2724//2724 2725//2725
f 2725//2725 2724//2724 2726//2726
f 2725//2725 2726//2726 2727//2727
f 2727//2727 2726//2726 2721//2721
f 2727//2727 2721//2721 2728//2728
f 2728//2728 2721//2721 2720//2720
f 2729//2729 2730//2730 2731//2731
f 2731//2731 2730//2730 2732//2732
f 2733//2733 2734//2734 2735//2735
f 2710//2710 2736//2736 2737//2737
f 2722//2722 2738//2738 2720//2720
f 2720//2720 2738//2738 2739//2739
f 2720//2720 2739//2739 2740//2740
f 2740//2740 2741//2741 2720//2720
f 2720//2720 2741//2741 2742//2742
f 2720//2720 2742//2742 2710//2710
f 2710//2710 2742//2742 2743//2743
f 2710//2710 2743//2743 2708//2708
f 2709//2709 2744//2744 2710//2710
f 2710//2710 2744//2744 2745//2745
f 2710//2710 2745//2745 2736//2736
f 2746//2746 2747//2747 2730//2730
f 2730//2730 2747//2747 2748//2748
f 2730//2730 2748//2748 2732//2732
f 2749//2749 2750//2750 2751//2751
f 2751//2751 2750//2750 2752//2752
f 2736//2736 2753//2753 2737//2737
f 2737//2737 2753//2753 2754//2754
f 2737//2737 2754//2754 2749//2749
f 2749//2749 2754//2754 2755//2755
f 2749//2749 2755//2755 2750//2750
f 2737//2737 2756//2756 2710//2710
f 2710//2710 2756//2756 2757//2757
f 2710//2710 2757//2757 2731//2731
f 2731//2731 2757//2757 2758//2758
f 2731//2731 2758//2758 2729//2729
f 2718//2718 2759//2759 2719//2719
f 2719//2719 2759//2759 2760//2760
f 2719//2719 2760//2760 2761//2761
f 2761//2761 2760//2760 2762//2762
f 2761//2761 2762//2762 2763//2763
f 2763//2763 2762//2762 2764//2764
f 2763//2763 2764//2764 2714//2714
f 2714//2714 2764//2764 2765//2765
f 2714//2714 2765//2765 2715//2715
f 2705//2705 2707//2707 2766//2766
f 2766//2766 2707//2707 2767//2767
f 2766//2766 2767//2767 2759//2759
f 2759//2759 2767//2767 2768//2768
f 2759//2759 2768//2768 2760//2760
f 2719//2719 2769//2769 2717//2717
f 2717//2717 2769//2769 2770//2770
f 2717//2717 2770//2770 2730//2730
f 2730//2730 2770//2770 2771//2771
f 2730//2730 2771//2771 2746//2746
f 2772//2772 2773//2773 2774//2774
f 2772//2772 2774//2774 2775//2775
f 2775//2775 2774//2774 2776//2776
f 2777//2777 2778//2778 2779//2779
f 2779//2779 2778//2778 2780//2780
f 2779//2779 2780//2780 2781//2781
f 2781//2781 2780//2780 2782//2782
f 2781//2781 2782//2782 2783//2783
f 2783//2783 2782//2782 2784//2784
f 2783//2783 2784//2784 2785//2785
f 2785//2785 2784//2784 2786//2786
f 2785//2785 2786//2786 2787//2787
f 2787//2787 2786//2786 2788//2788
f 2787//2787 2788//2788 2789//2789
f 2789//2789 2788//2788 2790//2790
f 2791//2791 2792//2792 2640//2640
f 2752//2752 2793//2793 2794//2794
f 2795//2795 2796//2796 2797//2797
f 2752//2752 2794//2794 2751//2751
f 2751//2751 2794//2794 2798//2798
f 2751//2751 2798//2798 2749//2749
f 2749//2749 2798//2798 2799//2799
f 2749//2749 2799//2799 2737//2737
f 2737//2737 2799//2799 2800//2800
f 2737//2737 2800//2800 2756//2756
f 2756//2756 2800//2800 2801//2801
f 2756//2756 2801//2801 2757//2757
f 2757//2757 2801//2801 2802//2802
f 2757//2757 2802//2802 2758//2758
f 2758//2758 2802//2802 2803//2803
f 2758//2758 2803//2803 2729//2729
f 2729//2729 2803//2803 2804//2804
f 2729//2729 2804//2804 2730//2730
f 2730//2730 2804//2804 2805//2805
f 2730//2730 2805//2805 2717//2717
f 2717//2717 2805//2805 2806//2806
f 2717//2717 2806//2806 2718//2718
f 2718//2718 2806//2806 2807//2807
f 2718//2718 2807//2807 2759//2759
f 2759//2759 2807//2807 2808//2808
f 2759//2759 2808//2808 2766//2766
f 2766//2766 2808//2808 2797//2797
f 2766//2766 2797//2797 2705//2705
f 2705//2705 2797//2797 2809//2809
f 2705//2705 2809//2809 2706//2706
f 2810//2810 2811//2811 2812//2812
f 2794//2794 2813//2813 2814//2814
f 2794//2794 2814//2814 2798//2798
f 2798//2798 2814//2814 2815//2815
f 2798//2798 2815//2815 2799//2799
f 2799//2799 2815//2815 2816//2816
f 2799//2799 2816//2816 2800//2800
f 2800//2800 2816//2816 2817//2817
f 2800//2800 2817//2817 2801//2801
f 2801//2801 2817//2817 2818//2818
f 2801//2801 2818//2818 2802//2802
f 2802//2802 2818//2818 2819//2819
f 2802//2802 2819//2819 2803//2803
f 2803//2803 2819//2819 2820//2820
f 2803//2803 2820//2820 2804//2804
f 2804//2804 2820//2820 2821//2821
f 2804//2804 2821//2821 2805//2805
f 2805//2805 2821//2821 2822//2822
f 2805//2805 2822//2822 2806//2806
f 2806//2806 2822//2822 2823//2823
f 2806//2806 2823//2823 2807//2807
f 2807//2807 2823//2823 2824//2824
f 2807//2807 2824//2824 2808//2808
f 2808//2808 2824//2824 2825//2825
f 2808//2808 2825//2825 2797//2797
f 2797//2797 2825//2825 2826//2826
f 2797//2797 2826//2826 2795//2795
f 2795//2795 2826//2826 2827//2827
f 2828//2828 2829//2829 2814//2814
f 2814//2814 2829//2829 2792//2792
f 2814//2814 2792//2792 2815//2815
f 2815//2815 2792//2792 2830//2830
f 2815//2815 2830//2830 2816//2816
f 2816//2816 2830//2830 2831//2831
f 2816//2816 2831//2831 2817//2817
f 2817//2817 2831//2831 2832//2832
f 2817//2817 2832//2832 2818//2818
f 2818//2818 2832//2832 2833//2833
f 2818//2818 2833//2833 2819//2819
f 2819//2819 2833//2833 2834//2834
f 2819//2819 2834//2834 2820//2820
f 2820//2820 2834//2834 2835//2835
f 2820//2820 2835//2835 2821//2821
f 2821//2821 2835//2835 2836//2836
f 2821//2821 2836//2836 2822//2822
f 2822//2822 2836//2836 2837//2837
f 2822//2822 2837//2837 2823//2823
f 2823//2823 2837//2837 2838//2838
f 2823//2823 2838//2838 2824//2824
f 2824//2824 2838//2838 2839//2839
f 2824//2824 2839//2839 2825//2825
f 2825//2825 2839//2839 2840//2840
f 2825//2825 2840//2840 2826//2826
f 2826//2826 2840//2840 2810//2810
f 2826//2826 2810//2810 2841//2841
f 2842//2842 2843//2843 2792//2792
f 2792//2792 2843//2843 2844//2844
f 2792//2792 2844//2844 2830//2830
f 2830//2830 2844//2844 2845//2845
f 2830//2830 2845//2845 2831//2831
f 2831//2831 2845//2845 2846//2846
f 2831//2831 2846//2846 2832//2832
f 2832//2832 2846//2846 2847//2847
f 2832//2832 2847//2847 2833//2833
f 2833//2833 2847//2847 2848//2848
f 2833//2833 2848//2848 2834//2834
f 2834//2834 2848//2848 2849//2849
f 2834//2834 2849//2849 2835//2835
f 2835//2835 2849//2849 2850//2850
f 2835//2835 2850//2850 2836//2836
f 2836//2836 2850//2850 2851//2851
f 2836//2836 2851//2851 2837//2837
f 2837//2837 2851//2851 2852//2852
f 2837//2837 2852//2852 2838//2838
f 2838//2838 2852//2852 2853//2853
f 2838//2838 2853//2853 2839//2839
f 2839//2839 2853//2853 2854//2854
f 2839//2839 2854//2854 2840//2840
f 2840//2840 2854//2854 2855//2855
f 2840//2840 2855//2855 2810//2810
f 2810//2810 2855//2855 2856//2856
f 2810//2810 2856//2856 2857//2857
f 2857//2857 2856//2856 2858//2858
f 2843//2843 2859//2859 2844//2844
f 2844//2844 2859//2859 2860//2860
f 2844//2844 2860//2860 2845//2845
f 2845//2845 2860//2860 2790//2790
f 2845//2845 2790//2790 2846//2846
f 2846//2846 2790//2790 2788//2788
f 2846//2846 2788//2788 2847//2847
f 2847//2847 2788//2788 2786//2786
f 2847//2847 2786//2786 2848//2848
f 2848//2848 2786//2786 2784//2784
f 2848//2848 2784//2784 2849//2849
f 2849//2849 2784//2784 2782//2782
f 2849//2849 2782//2782 2850//2850
f 2850//2850 2782//2782 2780//2780
f 2850//2850 2780//2780 2851//2851
f 2851//2851 2780//2780 2778//2778
f 2851//2851 2778//2778 2852//2852
f 2852//2852 2778//2778 2861//2861
f 2852//2852 2861//2861 2853//2853
f 2853//2853 2776//2776 2854//2854
f 2854//2854 2776//2776 2774//2774
f 2854//2854 2774//2774 2855//2855
f 2855//2855 2774//2774 2773//2773
f 2855//2855 2773//2773 2856//2856
f 2856//2856 2773//2773 2862//2862
f 2856//2856 2862//2862 2858//2858
f 2858//2858 2862//2862 2863//2863
f 2858//2858 2863//2863 2864//2864
f 2865//2865 2866//2866 2867//2867
f 2868//2868 2869//2869 2870//2870
f 2868//2868 2871//2871 2872//2872
f 2868//2868 2872//2872 2869//2869
f 2869//2869 2872//2872 2841//2841
f 2873//2873 2874//2874 2875//2875
f 2876//2876 2877//2877 2873//2873
f 2876//2876 2873//2873 2868//2868
f 2878//2878 2879//2879 2880//2880
f 2881//2881 2882//2882 2883//2883
f 2884//2884 2885//2885 2886//2886
f 2880//2880 2883//2883 2887//2887
f 2888//2888 2889//2889 2890//2890
f 2868//2868 2873//2873 2891//2891
f 2867//2867 2883//2883 2865//2865
f 2868//2868 2892//2892 2893//2893
f 2868//2868 2893//2893 2876//2876
f 2876//2876 2893//2893 2894//2894
f 2895//2895 2896//2896 2897//2897
f 2707//2707 2706//2706 2897//2897
f 2897//2897 2706//2706 2898//2898
f 2899//2899 2900//2900 2901//2901
f 2902//2902 2903//2903 2560//2560
f 2560//2560 2904//2904 2905//2905
f 2906//2906 2907//2907 2877//2877
f 2877//2877 2907//2907 2908//2908
f 2909//2909 2896//2896 2908//2908
f 2908//2908 2910//2910 2874//2874
f 2907//2907 2911//2911 2899//2899
f 2899//2899 2911//2911 2912//2912
f 2899//2899 2912//2912 2900//2900
f 2909//2909 2908//2908 2913//2913
f 2914//2914 2915//2915 2916//2916
f 2917//2917 2918//2918 2919//2919
f 2560//2560 2562//2562 2920//2920
f 2920//2920 2562//2562 2564//2564
f 2920//2920 2564//2564 2921//2921
f 2921//2921 2564//2564 2571//2571
f 2921//2921 2571//2571 2922//2922
f 2571//2571 2570//2570 2922//2922
f 2922//2922 2570//2570 2569//2569
f 2922//2922 2569//2569 2923//2923
f 2569//2569 2567//2567 2923//2923
f 2923//2923 2566//2566 2924//2924
f 2924//2924 2566//2566 2572//2572
f 2924//2924 2572//2572 2925//2925
f 2574//2574 2577//2577 2925//2925
f 2925//2925 2577//2577 2576//2576
f 2925//2925 2576//2576 2926//2926
f 2926//2926 2578//2578 2927//2927
f 2578//2578 2579//2579 2927//2927
f 2927//2927 2579//2579 2581//2581
f 2927//2927 2581//2581 2928//2928
f 2928//2928 2581//2581 2582//2582
f 2928//2928 2582//2582 2929//2929
f 2582//2582 2584//2584 2929//2929
f 2929//2929 2584//2584 2587//2587
f 2929//2929 2587//2587 2930//2930
f 2587//2587 2586//2586 2930//2930
f 2930//2930 2588//2588 2931//2931
f 2588//2588 2589//2589 2931//2931
f 2931//2931 2589//2589 2591//2591
f 2931//2931 2591//2591 2932//2932
f 2591//2591 2592//2592 2932//2932
f 2932//2932 2592//2592 2558//2558
f 2932//2932 2558//2558 2933//2933
f 2933//2933 2557//2557 2934//2934
f 2557//2557 2593//2593 2934//2934
f 2934//2934 2595//2595 2935//2935
f 2935//2935 2595//2595 2596//2596
f 2935//2935 2596//2596 2936//2936
f 2936//2936 2596//2596 2598//2598
f 2598//2598 2601//2601 2936//2936
f 2936//2936 2601//2601 2600//2600
f 2936//2936 2600//2600 2937//2937
f 2937//2937 2602//2602 2938//2938
f 2602//2602 2603//2603 2938//2938
f 2938//2938 2603//2603 2605//2605
f 2938//2938 2605//2605 2939//2939
f 2939//2939 2605//2605 2611//2611
f 2939//2939 2611//2611 2940//2940
f 2611//2611 2610//2610 2940//2940
f 2940//2940 2610//2610 2609//2609
f 2940//2940 2609//2609 2941//2941
f 2609//2609 2607//2607 2941//2941
f 2941//2941 2612//2612 2942//2942
f 2612//2612 2613//2613 2942//2942
f 2942//2942 2613//2613 2615//2615
f 2942//2942 2615//2615 2943//2943
f 2615//2615 2616//2616 2943//2943
f 2943//2943 2616//2616 2555//2555
f 2943//2943 2555//2555 2944//2944
f 2944//2944 2554//2554 2945//2945
f 2554//2554 2617//2617 2945//2945
f 2945//2945 2619//2619 2946//2946
f 2946//2946 2619//2619 2620//2620
f 2946//2946 2620//2620 2947//2947
f 2553//2553 2948//2948 2623//2623
f 2623//2623 2948//2948 2947//2947
f 2623//2623 2947//2947 2622//2622
f 2622//2622 2947//2947 2620//2620
f 2947//2947 2917//2917 2919//2919
f 2947//2947 2919//2919 2946//2946
f 2946//2946 2919//2919 2949//2949
f 2946//2946 2949//2949 2945//2945
f 2945//2945 2949//2949 2950//2950
f 2945//2945 2950//2950 2944//2944
f 2944//2944 2950//2950 2951//2951
f 2944//2944 2951//2951 2943//2943
f 2943//2943 2951//2951 2952//2952
f 2943//2943 2952//2952 2942//2942
f 2942//2942 2952//2952 2953//2953
f 2942//2942 2953//2953 2941//2941
f 2941//2941 2953//2953 2954//2954
f 2941//2941 2954//2954 2940//2940
f 2940//2940 2954//2954 2955//2955
f 2940//2940 2955//2955 2939//2939
f 2939//2939 2955//2955 2956//2956
f 2939//2939 2956//2956 2938//2938
f 2938//2938 2956//2956 2957//2957
f 2938//2938 2957//2957 2937//2937
f 2937//2937 2957//2957 2958//2958
f 2937//2937 2958//2958 2936//2936
f 2936//2936 2958//2958 2959//2959
f 2936//2936 2959//2959 2935//2935
f 2935//2935 2959//2959 2960//2960
f 2935//2935 2960//2960 2934//2934
f 2934//2934 2960//2960 2961//2961
f 2934//2934 2961//2961 2933//2933
f 2933//2933 2961//2961 2962//2962
f 2933//2933 2962//2962 2932//2932
f 2932//2932 2962//2962 2963//2963
f 2932//2932 2963//2963 2931//2931
f 2931//2931 2963//2963 2964//2964
f 2931//2931 2964//2964 2930//2930
f 2930//2930 2964//2964 2965//2965
f 2930//2930 2965//2965 2929//2929
f 2929//2929 2965//2965 2966//2966
f 2929//2929 2966//2966 2928//2928
f 2928//2928 2966//2966 2967//2967
f 2928//2928 2967//2967 2927//2927
f 2927//2927 2967//2967 2968//2968
f 2927//2927 2968//2968 2926//2926
f 2926//2926 2968//2968 2969//2969
f 2926//2926 2969//2969 2925//2925
f 2925//2925 2969//2969 2970//2970
f 2925//2925 2970//2970 2924//2924
f 2924//2924 2970//2970 2971//2971
f 2924//2924 2971//2971 2923//2923
f 2923//2923 2971//2971 2972//2972
f 2923//2923 2972//2972 2922//2922
f 2922//2922 2972//2972 2973//2973
f 2922//2922 2973//2973 2921//2921
f 2921//2921 2973//2973 2974//2974
f 2921//2921 2974//2974 2920//2920
f 2920//2920 2974//2974 2975//2975
f 2920//2920 2975//2975 2901//2901
f 2901//2901 2975//2975 2899//2899
f 2918//2918 2914//2914 2919//2919
f 2919//2919 2914//2914 2916//2916
f 2919//2919 2916//2916 2949//2949
f 2949//2949 2916//2916 2976//2976
f 2949//2949 2976//2976 2950//2950
f 2950//2950 2976//2976 2977//2977
f 2950//2950 2977//2977 2951//2951
f 2951//2951 2977//2977 2978//2978
f 2951//2951 2978//2978 2952//2952
f 2952//2952 2978//2978 2979//2979
f 2952//2952 2979//2979 2953//2953
f 2953//2953 2979//2979 2980//2980
f 2953//2953 2980//2980 2954//2954
f 2954//2954 2980//2980 2981//2981
f 2954//2954 2981//2981 2955//2955
f 2955//2955 2981//2981 2982//2982
f 2955//2955 2982//2982 2956//2956
f 2956//2956 2982//2982 2983//2983
f 2956//2956 2983//2983 2957//2957
f 2957//2957 2983//2983 2984//2984
f 2957//2957 2984//2984 2958//2958
f 2958//2958 2984//2984 2985//2985
f 2958//2958 2985//2985 2959//2959
f 2959//2959 2985//2985 2986//2986
f 2959//2959 2986//2986 2960//2960
f 2960//2960 2986//2986 2987//2987
f 2960//2960 2987//2987 2961//2961
f 2961//2961 2987//2987 2988//2988
f 2961//2961 2988//2988 2962//2962
f 2962//2962 2988//2988 2989//2989
f 2962//2962 2989//2989 2963//2963
f 2963//2963 2989//2989 2990//2990
f 2963//2963 2990//2990 2964//2964
f 2964//2964 2990//2990 2991//2991
f 2964//2964 2991//2991 2965//2965
f 2965//2965 2991//2991 2992//2992
f 2965//2965 2992//2992 2966//2966
f 2966//2966 2992//2992 2993//2993
f 2966//2966 2993//2993 2967//2967
f 2967//2967 2993//2993 2994//2994
f 2967//2967 2994//2994 2968//2968
f 2968//2968 2994//2994 2995//2995
f 2968//2968 2995//2995 2969//2969
f 2969//2969 2995//2995 2996//2996
f 2969//2969 2996//2996 2970//2970
f 2970//2970 2996//2996 2997//2997
f 2970//2970 2997//2997 2971//2971
f 2971//2971 2997//2997 2998//2998
f 2971//2971 2998//2998 2972//2972
f 2972//2972 2998//2998 2999//2999
f 2972//2972 2999//2999 2973//2973
f 2973//2973 2999//2999 3000//3000
f 2973//2973 3000//3000 2974//2974
f 2974//2974 3000//3000 3001//3001
f 2974//2974 3001//3001 2975//2975
f 2975//2975 3001//3001 2913//2913
f 2975//2975 2913//2913 2907//2907
f 2915//2915 3002//3002 2916//2916
f 2916//2916 3002//3002 3003//3003
f 2916//2916 3003//3003 2976//2976
f 2976//2976 3003//3003 3004//3004
f 2976//2976 3004//3004 2977//2977
f 2977//2977 3004//3004 3005//3005
f 2977//2977 3005//3005 2978//2978
f 2978//2978 3005//3005 3006//3006
f 2978//2978 3006//3006 2979//2979
f 2979//2979 3006//3006 3007//3007
f 2979//2979 3007//3007 2980//2980
f 2980//2980 3007//3007 3008//3008
f 2980//2980 3008//3008 2981//2981
f 2981//2981 3008//3008 3009//3009
f 2981//2981 3009//3009 2982//2982
f 2982//2982 3009//3009 3010//3010
f 2982//2982 3010//3010 2983//2983
f 2983//2983 3010//3010 3011//3011
f 2983//2983 3011//3011 2984//2984
f 2984//2984 3011//3011 3012//3012
f 2984//2984 3012//3012 2985//2985
f 2985//2985 3012//3012 3013//3013
f 2985//2985 3013//3013 2986//2986
f 2986//2986 3013//3013 3014//3014
f 2986//2986 3014//3014 2987//2987
f 2987//2987 3014//3014 3015//3015
f 2987//2987 3015//3015 2988//2988
f 2988//2988 3015//3015 3016//3016
f 2988//2988 3016//3016 2989//2989
f 2989//2989 3016//3016 3017//3017
f 2989//2989 3017//3017 2990//2990
f 2990//2990 3017//3017 3018//3018
f 2990//2990 3018//3018 2991//2991
f 2991//2991 3018//3018 3019//3019
f 2991//2991 3019//3019 2992//2992
f 2992//2992 3019//3019 3020//3020
f 2992//2992 3020//3020 2993//2993
f 2993//2993 3020//3020 3021//3021
f 2993//2993 3021//3021 2994//2994
f 2994//2994 3021//3021 3022//3022
f 2994//2994 3022//3022 2995//2995
f 2995//2995 3022//3022 3023//3023
f 2995//2995 3023//3023 2996//2996
f 2996//2996 3023//3023 3024//3024
f 2996//2996 3024//3024 2997//2997
f 2997//2997 3024//3024 3025//3025
f 2997//2997 3025//3025 2998//2998
f 2998//2998 3025//3025 3026//3026
f 2998//2998 3026//3026 2999//2999
f 2999//2999 3026//3026 3027//3027
f 2999//2999 3027//3027 3000//3000
f 3000//3000 3027//3027 3028//3028
f 3000//3000 3028//3028 3001//3001
f 3001//3001 3028//3028 3029//3029
f 3001//3001 3029//3029 2913//2913
f 2913//2913 3029//3029 3030//3030
f 2913//2913 3030//3030 2909//2909
f 3031//3031 2750//2750 3003//3003
f 3003//3003 2750//2750 2755//2755
f 3003//3003 2755//2755 3004//3004
f 3004//3004 2755//2755 2754//2754
f 3004//3004 2754//2754 3005//3005
f 3005//3005 2754//2754 2753//2753
f 3005//3005 2753//2753 3006//3006
f 3006//3006 2753//2753 2736//2736
f 3006//3006 2736//2736 3007//3007
f 3007//3007 2736//2736 2745//2745
f 3007//3007 2745//2745 3008//3008
f 3008//3008 2745//2745 2744//2744
f 3008//3008 2744//2744 3009//3009
f 3009//3009 2744//2744 2709//2709
f 3009//3009 2709//2709 3010//3010
f 3010//3010 2709//2709 2708//2708
f 3010//3010 2708//2708 3011//3011
f 3011//3011 2708//2708 2743//2743
f 3011//3011 2743//2743 3012//3012
f 3012//3012 2743//2743 2742//2742
f 3012//3012 2742//2742 3013//3013
f 3013//3013 2742//2742 2741//2741
f 3013//3013 2741//2741 3014//3014
f 3014//3014 2741//2741 2740//2740
f 3014//3014 2740//2740 3015//3015
f 3015//3015 2740//2740 2739//2739
f 3015//3015 2739//2739 3016//3016
f 3016//3016 2739//2739 2738//2738
f 3016//3016 2738//2738 3017//3017
f 3017//3017 2738//2738 2722//2722
f 3017//3017 2722//2722 3018//3018
f 3018//3018 2722//2722 2721//2721
f 3018//3018 2721//2721 3019//3019
f 3019//3019 2721//2721 2726//2726
f 3019//3019 2726//2726 3020//3020
f 3020//3020 2726//2726 2724//2724
f 3020//3020 2724//2724 3021//3021
f 3021//3021 2724//2724 2723//2723
f 3021//3021 2723//2723 3022//3022
f 3022//3022 2723//2723 2713//2713
f 3022//3022 2713//2713 3023//3023
f 3023//3023 2713//2713 2716//2716
f 3023//3023 2716//2716 3024//3024
f 3024//3024 2716//2716 2715//2715
f 3024//3024 2715//2715 3025//3025
f 3025//3025 2715//2715 2765//2765
f 3025//3025 2765//2765 3026//3026
f 3026//3026 2765//2765 2764//2764
f 3026//3026 2764//2764 3027//3027
f 3027//3027 2764//2764 2762//2762
f 3027//3027 2762//2762 3028//3028
f 3028//3028 2762//2762 2760//2760
f 3028//3028 2760//2760 3029//3029
f 3029//3029 2760//2760 2768//2768
f 3029//3029 2768//2768 3030//3030
f 3030//3030 2768//2768 2767//2767
f 3030//3030 2767//2767 2897//2897
f 2897//2897 2767//2767 2707//2707
f 2752//2752 2750//2750 3032//3032
f 3032//3032 2750//2750 3031//3031
f 3033//3033 3034//3034 2914//2914
f 2914//2914 2638//2638 2915//2915
f 2915//2915 2638//2638 2637//2637
f 2915//2915 2637//2637 3002//3002
f 3002//3002 3035//3035 3036//3036
f 3037//3037 2914//2914 3038//3038
f 3038//3038 2914//2914 2918//2918
f 3039//3039 2918//2918 2917//2917
f 3039//3039 2917//2917 3040//3040
f 2551//2551 3041//3041 2553//2553
f 2553//2553 3042//3042 2948//2948
f 3043//3043 3044//3044 3045//3045
f 3045//3045 3044//3044 3046//3046
f 3045//3045 3046//3046 3047//3047
f 3047//3047 3046//3046 3048//3048
f 3049//3049 3050//3050 3045//3045
f 3045//3045 3050//3050 3051//3051
f 3045//3045 3051//3051 3043//3043
f 3049//3049 3052//3052 3050//3050
f 3050//3050 3052//3052 3053//3053
f 3050//3050 3053//3053 3054//3054
f 3055//3055 3056//3056 3054//3054
f 3054//3054 3056//3056 3057//3057
f 3054//3054 3057//3057 3050//3050
f 3058//3058 3059//3059 3060//3060
f 3055//3055 3061//3061 3056//3056
f 3056//3056 3061//3061 3062//3062
f 3056//3056 3062//3062 3063//3063
f 3060//3060 3059//3059 3064//3064
f 3064//3064 3059//3059 3065//3065
f 3064//3064 3065//3065 3066//3066
f 3046//3046 3067//3067 3048//3048
f 3048//3048 3067//3067 3064//3064
f 3048//3048 3064//3064 3068//3068
f 3068//3068 3064//3064 3066//3066
f 3063//3063 3069//3069 3056//3056
f 3056//3056 3069//3069 3070//3070
f 3056//3056 3070//3070 3071//3071
f 3072//3072 3073//3073 3074//3074
f 3074//3074 3073//3073 3075//3075
f 3076//3076 3077//3077 3078//3078
f 3078//3078 3077//3077 3079//3079
f 3078//3078 3079//3079 3080//3080
f 3081//3081 3082//3082 3073//3073
f 3073//3073 3082//3082 3083//3083
f 3073//3073 3083//3083 3075//3075
f 3076//3076 3084//3084 3077//3077
f 3077//3077 3084//3084 3085//3085
f 3077//3077 3085//3085 3086//3086
f 3072//3072 3087//3087 3073//3073
f 3073//3073 3087//3087 3077//3077
f 3073//3073 3077//3077 3088//3088
f 3088//3088 3077//3077 3086//3086
f 3081//3081 3089//3089 3082//3082
f 3082//3082 3089//3089 3090//3090
f 3082//3082 3090//3090 3091//3091
f 3080//3080 3092//3092 3078//3078
f 3078//3078 3092//3092 3093//3093
f 3078//3078 3093//3093 3094//3094
f 3091//3091 3095//3095 3082//3082
f 3082//3082 3095//3095 3096//3096
f 3082//3082 3096//3096 3097//3097
f 3098//3098 3099//3099 3100//3100
f 3100//3100 3099//3099 3101//3101
f 3100//3100 3101//3101 3102//3102
f 3103//3103 3104//3104 3105//3105
f 3105//3105 3106//3106 3103//3103
f 3103//3103 3106//3106 3107//3107
f 3103//3103 3107//3107 3108//3108
f 3102//3102 3109//3109 3100//3100
f 3100//3100 3109//3109 3103//3103
f 3100//3100 3103//3103 3110//3110
f 3110//3110 3103//3103 3108//3108
f 3098//3098 3100//3100 3111//3111
f 3111//3111 3100//3100 3112//3112
f 3111//3111 3112//3112 3113//3113
f 3113//3113 3114//3114 3111//3111
f 3111//3111 3114//3114 3115//3115
f 3111//3111 3115//3115 3116//3116
f 3117//3117 3118//3118 3119//3119
f 3103//3103 3120//3120 3104//3104
f 3104//3104 3120//3120 3117//3117
f 3104//3104 3117//3117 3121//3121
f 3121//3121 3117//3117 3119//3119
f 3116//3116 3115//3115 3122//3122
f 3123//3123 3124//3124 3125//3125
f 3126//3126 3127//3127 3128//3128
f 3128//3128 3127//3127 3129//3129
f 3130//3130 3131//3131 3132//3132
f 3133//3133 3134//3134 3135//3135
f 3135//3135 3134//3134 3136//3136
f 3126//3126 3137//3137 3127//3127
f 3127//3127 3137//3137 3134//3134
f 3127//3127 3134//3134 3138//3138
f 3138//3138 3134//3134 3133//3133
f 3127//3127 3139//3139 3129//3129
f 3129//3129 3139//3139 3125//3125
f 3129//3129 3125//3125 3140//3140
f 3140//3140 3125//3125 3124//3124
f 3134//3134 3141//3141 3136//3136
f 3136//3136 3141//3141 3132//3132
f 3136//3136 3132//3132 3142//3142
f 3142//3142 3132//3132 3131//3131
f 3123//3123 3125//3125 3143//3143
f 3143//3143 3125//3125 3144//3144
f 3143//3143 3144//3144 3145//3145
f 3146//3146 3147//3147 3132//3132
f 3132//3132 3147//3147 3148//3148
f 3132//3132 3148//3148 3130//3130
f 3149//3149 3150//3150 3151//3151
f 3152//3152 3153//3153 3154//3154
f 3155//3155 3156//3156 3157//3157
f 3157//3157 3156//3156 3158//3158
f 3157//3157 3158//3158 3159//3159
f 3160//3160 3161//3161 3162//3162
f 3149//3149 3151//3151 3163//3163
f 3150//3150 3164//3164 3151//3151
f 3151//3151 3164//3164 3165//3165
f 3151//3151 3165//3165 3166//3166
f 3159//3159 3167//3167 3157//3157
f 3157//3157 3167//3167 3162//3162
f 3157//3157 3162//3162 3168//3168
f 3168//3168 3162//3162 3161//3161
f 3166//3166 3165//3165 3153//3153
f 3153//3153 3165//3165 3169//3169
f 3153//3153 3169//3169 3154//3154
f 3155//3155 3157//3157 3151//3151
f 3151//3151 3157//3157 3170//3170
f 3151//3151 3170//3170 3163//3163
f 3171//3171 3172//3172 3162//3162
f 3162//3162 3172//3172 3173//3173
f 3162//3162 3173//3173 3160//3160
f 3174//3174 3175//3175 3176//3176
f 3177//3177 3178//3178 3179//3179
f 3176//3176 3175//3175 3180//3180
f 3181//3181 3182//3182 3183//3183
f 3183//3183 3182//3182 3184//3184
f 3183//3183 3184//3184 3185//3185
f 3180//3180 3175//3175 3186//3186
f 3186//3186 3175//3175 3187//3187
f 3186//3186 3187//3187 3188//3188
f 3185//3185 3189//3189 3183//3183
f 3183//3183 3189//3189 3186//3186
f 3183//3183 3186//3186 3190//3190
f 3190//3190 3186//3186 3188//3188
f 3181//3181 3183//3183 3178//3178
f 3178//3178 3183//3183 3191//3191
f 3178//3178 3191//3191 3179//3179
f 3174//3174 3176//3176 3192//3192
f 3192//3192 3176//3176 3193//3193
f 3192//3192 3193//3193 3194//3194
f 3177//3177 3179//3179 3195//3195
f 3195//3195 3179//3179 3196//3196
f 3195//3195 3196//3196 3197//3197
f 3194//3194 3198//3198 3192//3192
f 3192//3192 3198//3198 3199//3199
f 3200//3200 3201//3201 3202//3202
f 3202//3202 3201//3201 3203//3203
f 3202//3202 3203//3203 3204//3204
f 3205//3205 3206//3206 3202//3202
f 3202//3202 3206//3206 3207//3207
f 3202//3202 3207//3207 3200//3200
f 3205//3205 3208//3208 3206//3206
f 3206//3206 3208//3208 3209//3209
f 3206//3206 3209//3209 3210//3210
f 3211//3211 3212//3212 3213//3213
f 3204//3204 3203//3203 3214//3214
f 3214//3214 3203//3203 3215//3215
f 3214//3214 3215//3215 3216//3216
f 3210//3210 3217//3217 3206//3206
f 3206//3206 3217//3217 3213//3213
f 3206//3206 3213//3213 3218//3218
f 3218//3218 3213//3213 3212//3212
f 3216//3216 3219//3219 3214//3214
f 3214//3214 3219//3219 3220//3220
f 3214//3214 3220//3220 3221//3221
f 3213//3213 3222//3222 3223//3223
f 3213//3213 3223//3223 3211//3211
f 3224//3224 3225//3225 3226//3226
f 3227//3227 3228//3228 3229//3229
f 3229//3229 3228//3228 3230//3230
f 3229//3229 3230//3230 3231//3231
f 3232//3232 3233//3233 3229//3229
f 3229//3229 3233//3233 3234//3234
f 3229//3229 3234//3234 3227//3227
f 3232//3232 3235//3235 3233//3233
f 3233//3233 3235//3235 3236//3236
f 3233//3233 3236//3236 3237//3237
f 3231//3231 3230//3230 3225//3225
f 3225//3225 3230//3230 3238//3238
f 3225//3225 3238//3238 3226//3226
f 3237//3237 3239//3239 3233//3233
f 3233//3233 3239//3239 3240//3240
f 3233//3233 3240//3240 3241//3241
f 3241//3241 3240//3240 3242//3242
f 3224//3224 3226//3226 3243//3243
f 3243//3243 3226//3226 3244//3244
f 3243//3243 3244//3244 3245//3245
f 3240//3240 3246//3246 3242//3242
f 3242//3242 3246//3246 3247//3247
f 3242//3242 3247//3247 3248//3248
f 3249//3249 3250//3250 3251//3251
f 3252//3252 3253//3253 3251//3251
f 3254//3254 3255//3255 3251//3251
f 3256//3256 3257//3257 3251//3251
f 3251//3251 3257//3257 3258//3258
f 3251//3251 3258//3258 3259//3259
f 3253//3253 3260//3260 3251//3251
f 3251//3251 3260//3260 3261//3261
f 3251//3251 3261//3261 3262//3262
f 3255//3255 3263//3263 3251//3251
f 3251//3251 3263//3263 3264//3264
f 3251//3251 3264//3264 3256//3256
f 3250//3250 3265//3265 3251//3251
f 3251//3251 3265//3265 3266//3266
f 3251//3251 3266//3266 3267//3267
f 3251//3251 3268//3268 3252//3252
f 3252//3252 3268//3268 3269//3269
f 3262//3262 3270//3270 3251//3251
f 3251//3251 3270//3270 3271//3271
f 3251//3251 3271//3271 3254//3254
f 3259//3259 3272//3272 3251//3251
f 3251//3251 3272//3272 3273//3273
f 3251//3251 3273//3273 3249//3249
f 3267//3267 3274//3274 3251//3251
f 3251//3251 3274//3274 3275//3275
f 3251//3251 3275//3275 3276//3276
f 3277//3277 3278//3278 3279//3279
f 3279//3279 3278//3278 3280//3280
f 3281//3281 3282//3282 3283//3283
f 3284//3284 3285//3285 3278//3278
f 3278//3278 3286//3286 3287//3287
f 3288//3288 3289//3289 3290//3290
f 3291//3291 3292//3292 3279//3279
f 3279//3279 3293//3293 3294//3294
f 3285//3285 3295//3295 3278//3278
f 3278//3278 3295//3295 3296//3296
f 3278//3278 3296//3296 3286//3286
f 3287//3287 3297//3297 3278//3278
f 3278//3278 3297//3297 3298//3298
f 3278//3278 3298//3298 3280//3280
f 3292//3292 3299//3299 3279//3279
f 3279//3279 3299//3299 3300//3300
f 3279//3279 3300//3300 3293//3293
f 3294//3294 3301//3301 3279//3279
f 3279//3279 3301//3301 3302//3302
f 3279//3279 3302//3302 3277//3277
f 3281//3281 3283//3283 3278//3278
f 3278//3278 3283//3283 3303//3303
f 3278//3278 3303//3303 3284//3284
f 3288//3288 3290//3290 3279//3279
f 3279//3279 3290//3290 3304//3304
f 3279//3279 3304//3304 3291//3291
f 3305//3305 3306//3306 3307//3307
f 3307//3307 3306//3306 3308//3308
f 3308//3308 3309//3309 3307//3307
f 3307//3307 3309//3309 3310//3310
f 3307//3307 3310//3310 3311//3311
f 3311//3311 3312//3312 3307//3307
f 3307//3307 3312//3312 3313//3313
f 3307//3307 3313//3313 3314//3314
f 3315//3315 3316//3316 3307//3307
f 3307//3307 3316//3316 3317//3317
f 3307//3307 3317//3317 3318//3318
f 3313//3313 3319//3319 3320//3320
f 3313//3313 3320//3320 3321//3321
f 3321//3321 3322//3322 3313//3313
f 3313//3313 3322//3322 3323//3323
f 3313//3313 3323//3323 3314//3314
f 3315//3315 3324//3324 3316//3316
f 3316//3316 3324//3324 3325//3325
f 3316//3316 3325//3325 3326//3326
f 3326//3326 3327//3327 3316//3316
f 3316//3316 3327//3327 3328//3328
f 3316//3316 3328//3328 3329//3329
f 3318//3318 3330//3330 3307//3307
f 3307//3307 3330//3330 3331//3331
f 3307//3307 3331//3331 3305//3305
f 3332//3332 3333//3333 3334//3334
f 3334//3334 3333//3333 3335//3335
f 3336//3336 3337//3337 3333//3333
f 3338//3338 3339//3339 3340//3340
f 3341//3341 3342//3342 3333//3333
f 3333//3333 3342//3342 3343//3343
f 3333//3333 3343//3343 3344//3344
f 3337//3337 3345//3345 3333//3333
f 3333//3333 3345//3345 3346//3346
f 3333//3333 3346//3346 3335//3335
f 3347//3347 3348//3348 3334//3334
f 3334//3334 3348//3348 3349//3349
f 3349//3349 3350//3350 3334//3334
f 3334//3334 3350//3350 3351//3351
f 3334//3334 3351//3351 3352//3352
f 3333//3333 3353//3353 3341//3341
f 3341//3341 3353//3353 3354//3354
f 3341//3341 3354//3354 3355//3355
f 3355//3355 3354//3354 3356//3356
f 3344//3344 3357//3357 3333//3333
f 3333//3333 3357//3357 3358//3358
f 3333//3333 3358//3358 3336//3336
f 3339//3339 3359//3359 3340//3340
f 3338//3338 3340//3340 3334//3334
f 3334//3334 3340//3340 3360//3360
f 3334//3334 3360//3360 3347//3347
f 3352//3352 3361//3361 3334//3334
f 3334//3334 3361//3361 3362//3362
f 3334//3334 3362//3362 3332//3332
