# Converted from the official Rethink Robotics Baxter DAE
v 0.08708739 0.02949988 0.204703
v 0.08724135 0 0.2042117
v 0.09572428 0.02949988 0.2081594
v 0.09595179 0 0.2076975
v 0.103729 0.02949988 0.2128993
v 0.1040247 0 0.2124778
v 0.1109122 0.02949988 0.2188107
v 0.1112689 0 0.2184394
v 0.1171038 0.02949988 0.2257537
v 0.1175134 0 0.2254415
v 0.1221576 0.02949988 0.233564
v 0.1226102 0 0.2333184
v 0.1259539 0.02949988 0.242057
v 0.1264387 0 0.2418836
v 0.1284029 0.02949988 0.2510317
v 0.1289086 0 0.2509348
v 0.1294466 0.02949988 0.2602758
v 0.1299613 0 0.2602576
v 0.1290605 0.02949988 0.2695706
v 0.1295717 0 0.2696315
v 0.1272536 0.02949988 0.2786962
v 0.1277495 0 0.2788348
v 0.1240686 0.02949988 0.2874369
v 0.1245374 0 0.2876498
v 0.119581 0.02949988 0.2955856
v 0.1200116 0 0.295868
v 0.1138968 0.02949988 0.3029499
v 0.114279 0 0.303295
v 0.1071505 0.02949988 0.3093554
v 0.1074753 0 0.309755
v 0.09950178 0.02949988 0.3146506
v 0.09976148 0 0.3150953
v 0.0911315 0.02949988 0.3187103
v 0.09131991 0 0.3191895
v 0.08223766 0.02949988 0.3214383
v 0.08235037 0 0.3219407
v 0.07303071 0.02949988 0.3227702
v 0.07306504 0 0.323284
v 0.06372839 0.02949988 0.3226745
v 0.0636835 0 0.3231875
v 0.08089876 0 0.2023268
v 0.08079838 0.02949988 0.2028335
v 0.08957314 -0.03184235 0.205011
v 0.08726912 -0.03188443 0.204239
v 0.08756005 -0.03162097 0.2032945
v 0.1005331 -0.03163707 0.2102092
v 0.09627526 -0.03171783 0.2078685
v 0.09671145 -0.03145277 0.2069842
v 0.06362867 -0.03162097 0.3241569
v 0.06371963 -0.03188443 0.3231728
v 0.06715226 -0.03182488 0.3233768
v 0.06355249 -0.03090351 0.3248819
v 0.06711697 -0.03156089 0.3243637
v 0.06705629 -0.02986007 0.3253688
v 0.06351113 -0.02991962 0.3251581
v 0.06708192 -0.03084355 0.325091
v 0.07201087 -0.03174185 0.3233346
v 0.07697236 -0.03139472 0.3238834
v 0.07318782 -0.0297594 0.3250709
v 0.07705342 -0.03067749 0.3246048
v 0.07707279 -0.02969563 0.3248822
v 0.07685077 -0.03166043 0.3229057
v 0.08164107 -0.03158122 0.3220928
v 0.08662641 -0.03123718 0.3218449
v 0.08274424 -0.0296055 0.3236854
v 0.08682113 -0.0305202 0.3225421
v 0.08688509 -0.02953982 0.3228117
v 0.08635145 -0.03150457 0.3209011
v 0.09095203 -0.03143107 0.3193381
v 0.09583425 -0.03109228 0.3183001
v 0.09197539 -0.02946186 0.3208528
v 0.09613728 -0.03037554 0.3189553
v 0.09624421 -0.02939647 0.3192099
v 0.0954135 -0.03136128 0.3174138
v 0.09970766 -0.03129535 0.3151403
v 0.1043626 -0.03096371 0.3133388
v 0.1006637 -0.02933162 0.3166396
v 0.1047659 -0.03024721 0.3139354
v 0.1049129 -0.02926921 0.3141683
v 0.1038071 -0.03123408 0.3125322
v 0.1076859 -0.03117758 0.309606
v 0.1119952 -0.03085482 0.3070868
v 0.1086044 -0.02921795 0.3111452
v 0.1124883 -0.03013843 0.3076098
v 0.1126715 -0.02916151 0.3078145
v 0.1113194 -0.03112632 0.3063802
v 0.1146845 -0.0310806 0.3028753
v 0.1185387 -0.03076827 0.2997029
v 0.1156101 -0.02912366 0.304499
v 0.1191087 -0.030052 0.3001389
v 0.1193231 -0.02907586 0.3003097
v 0.1177599 -0.0310406 0.2991137
v 0.120526 -0.03100687 0.2951191
v 0.1238273 -0.03070622 0.2913741
v 0.1215155 -0.02905082 0.2968575
v 0.1244594 -0.02999001 0.2917121
v 0.1246991 -0.02901446 0.2918443
v 0.1229652 -0.03097933 0.290917
v 0.1250622 -0.03095829 0.286534
v 0.127727 -0.03067046 0.2823116
v 0.1261811 -0.02900129 0.2884007
v 0.1284049 -0.02995431 0.282543
v 0.1286633 -0.02897906 0.2826329
v 0.1294966 -0.02897608 0.2793277
v 0.1308451 -0.02994549 0.2728639
v 0.1311149 -0.02897036 0.272909
v 0.1297948 -0.03094089 0.2677634
v 0.131002 -0.03068006 0.2629169
v 0.1301389 -0.03066164 0.272745
v 0.1268035 -0.03094387 0.281998
v 0.1281781 -0.03093612 0.2773377
v 0.1291773 -0.03093504 0.2725828
v 0.1317183 -0.02996391 0.2629202
v 0.1310024 -0.03000909 0.2529639
v 0.1312723 -0.02903336 0.2529169
v 0.1317962 -0.02900069 0.2601982
v 0.131992 -0.02898854 0.2629192
v 0.1313832 -0.0289759 0.2698524
v 0.1284054 -0.03103005 0.2484552
v 0.1280336 -0.03079617 0.2434728
v 0.1302943 -0.0307253 0.2530764
v 0.1300266 -0.03095334 0.2629101
v 0.1298712 -0.03097248 0.2580538
v 0.1293297 -0.03099817 0.2532253
v 0.1287153 -0.0300799 0.2432473
v 0.1249151 -0.03017449 0.2340167
v 0.1251553 -0.02919727 0.2338828
v 0.1281943 -0.02912265 0.2412624
v 0.1289739 -0.02910345 0.2431555
v 0.130725 -0.02905005 0.2505927
v 0.1210339 -0.03121697 0.2305555
v 0.1191209 -0.03100717 0.225938
v 0.1242775 -0.03089094 0.2343496
v 0.1271043 -0.03106832 0.2437739
v 0.1254345 -0.03111237 0.239211
v 0.1234068 -0.03116202 0.2347955
v 0.1196979 -0.03029054 0.2255061
v 0.113196 -0.03042507 0.2179312
v 0.1133804 -0.02944546 0.2177252
v 0.1190233 -0.02933037 0.2242975
v 0.1199131 -0.02931225 0.2253338
v 0.1242631 -0.02921682 0.2324279
v 0.104591 -0.03155851 0.2128815
v 0.105161 -0.03129166 0.2120796
v 0.1084233 -0.03148269 0.2158684
v 0.1126945 -0.03114181 0.2184514
v 0.118331 -0.031277 0.2265179
v 0.1153151 -0.03134155 0.2227084
v 0.1120056 -0.03141021 0.219151
v 0.105574 -0.03057456 0.2114843
v 0.09681719 -0.02975881 0.2059448
v 0.09713429 -0.02975302 0.2060726
v 0.09702503 -0.03073549 0.2063286
v 0.1051374 -0.02960461 0.2108972
v 0.1057227 -0.0295937 0.2112501
v 0.1125978 -0.0294606 0.2170635
v 0.09184455 -0.03180044 0.2058742
v 0.08783286 -0.02991962 0.202324
v 0.08776593 -0.03090351 0.2025952
v 0.08128374 -0.03003728 0.2003825
v 0.08454436 -0.02997881 0.2013217
v 0.08125966 -0.03069525 0.2005041
v 0.08448153 -0.03096288 0.2015939
v 0.08122462 -0.0310074 0.2006809
v 0.08119463 -0.03127521 0.2008325
v 0.08109599 -0.03171211 0.2013308
v 0.08428627 -0.0316804 0.2022964
v 0.08108675 -0.03173077 0.2013774
v 0.08097451 -0.03195744 0.2019441
v 0.08400964 -0.03194355 0.2032456
v 0.08089464 -0.032 0.2023473
v 0.1287524 -0.03093665 0.2742509
v 0.1291434 -0.03093636 0.2723644
v 0.126169 -0.03094977 0.2834535
v 0.1267518 -0.03094494 0.2819349
v 0.1281415 -0.03093719 0.2771981
v 0.1297507 -0.03094261 0.2674655
v 0.1298654 -0.03094989 0.264758
v 0.1299595 -0.03095579 0.2625335
v 0.1297685 -0.03097575 0.2576007
v 0.1294807 -0.03098881 0.2552081
v 0.1291788 -0.03100252 0.2526997
v 0.1203584 -0.03100919 0.2952572
v 0.1221786 -0.03098863 0.2921397
v 0.1228474 -0.03098106 0.2909942
v 0.1249832 -0.0309596 0.2865437
v 0.1143884 -0.03108483 0.3031103
v 0.1168788 -0.03105241 0.3000959
v 0.1175325 -0.03104388 0.2993047
v 0.1281945 -0.03103578 0.2478623
v 0.1276078 -0.03105264 0.2458359
v 0.1268218 -0.03107529 0.2431206
v 0.1250697 -0.03112101 0.2385055
v 0.1072294 -0.03118443 0.3098974
v 0.1103998 -0.03113955 0.3071267
v 0.1109464 -0.0311318 0.3066489
v 0.1242929 -0.03113985 0.2368716
v 0.1229501 -0.03117239 0.2340474
v 0.1204765 -0.03122919 0.2297754
v 0.09906929 -0.03130537 0.3154405
v 0.1029004 -0.03124785 0.3130589
v 0.1032617 -0.03124243 0.3128343
v 0.1196174 -0.03124815 0.2285354
v 0.1176652 -0.03129106 0.2257176
v 0.1145347 -0.03135758 0.2219007
v 0.08062124 -0.03159815 0.3222503
v 0.08542531 -0.03151971 0.3211148
v 0.08559328 -0.03151696 0.3210605
v 0.09012174 -0.03144443 0.3195944
v 0.09456467 -0.03137463 0.3177466
v 0.09467971 -0.03137284 0.3176988
v 0.1136959 -0.03137499 0.2210321
v 0.1111057 -0.03142839 0.2183496
v 0.1074004 -0.03150296 0.2150879
v 0.0571053 -0.032 0.3224926
v 0.057163 -0.032 0.3222008
v 0.06032663 -0.03194355 0.3228491
v 0.06096494 -0.03193277 0.3228306
v 0.06667047 -0.031834 0.3231247
v 0.07081663 -0.03176236 0.3233385
v 0.07574099 -0.03167921 0.3229931
v 0.07621371 -0.03167134 0.3229211
v 0.106674 -0.03151714 0.2145462
v 0.1034433 -0.03158062 0.2121367
v 0.09926033 -0.03166121 0.2095154
v 0.09872376 -0.03167134 0.2092369
v 0.09487891 -0.03174394 0.2072412
v 0.09032779 -0.03182834 0.2053292
v 0.09004217 -0.03183352 0.2052292
v 0.08799791 -0.03187102 0.204513
v 0.08563685 -0.03191381 0.2037919
v 0.08083689 -0.032 0.2026392
v 0.05697607 -0.03188681 0.3231447
v 0.06022065 -0.0316804 0.323832
v 0.05691534 -0.0317133 0.3234518
v 0.05686151 -0.03155994 0.3237233
v 0.05677467 -0.03105688 0.3241618
v 0.06013351 -0.03096294 0.3245559
v 0.05677175 -0.03101897 0.324177
v 0.05672544 -0.0304358 0.324411
v 0.06008785 -0.02997881 0.3248316
v 0.0567162 -0.03003728 0.3244574
v 0.06346559 0 0.3256784
v 0.05998641 0 0.3253471
v 0.0566141 0 0.3249733
v 0.116135 0 0.3049705
v 0.08798909 0 0.2018257
v 0.0970565 0 0.2054544
v 0.1054603 0 0.2104306
v 0.1130015 0 0.2166367
v 0.119502 0 0.2239258
v 0.1248077 0 0.2321255
v 0.1287932 0 0.2410418
v 0.1313642 0 0.250464
v 0.1324601 0 0.2601689
v 0.1320546 0 0.269927
v 0.1301577 0 0.2795076
v 0.1268139 0 0.288684
v 0.1221026 0 0.2972391
v 0.1090524 0 0.3116953
v 0.1010224 0 0.3172544
v 0.09223479 0 0.3215165
v 0.0828976 0 0.3243805
v 0.07323163 0 0.3257789
v 0.08138585 0 0.1998667
v 0.08464622 0 0.2008062
v 0.08089464 0.032 0.2023473
v 0.08401012 0.0319435 0.2032456
v 0.08102381 0.03188681 0.2016952
v 0.08428668 0.0316804 0.2022966
v 0.0810846 0.0317133 0.2013881
v 0.08113837 0.03155994 0.2011166
v 0.08122521 0.03105688 0.2006781
v 0.08448195 0.03096288 0.2015941
v 0.08122819 0.03101897 0.2006629
v 0.0812745 0.0304358 0.200429
v 0.08454483 0.02997881 0.2013218
v 0.08128374 0.03003728 0.2003825
v 0.08783286 0.02991962 0.202324
v 0.08776593 0.03090351 0.2025952
v 0.08756005 0.03162097 0.2032945
v 0.08726912 0.03188443 0.204239
v 0.1266748 0.02916151 0.2370926
v 0.1281282 0.02912366 0.2412777
v 0.06351113 0.02991962 0.3251581
v 0.07319724 0.02975881 0.3252342
v 0.0920242 0.0294606 0.320968
v 0.08345252 0.0295937 0.3237228
v 0.08277684 0.02960461 0.323826
v 0.07353913 0.02975302 0.3252369
v 0.1086642 0.02921682 0.3112082
v 0.101939 0.02931225 0.3161094
v 0.1007215 0.02933037 0.3167284
v 0.09299987 0.02944546 0.3206544
v 0.1215606 0.02905005 0.2968764
v 0.1171075 0.02910345 0.3030852
v 0.1156654 0.02912265 0.3045383
v 0.1100435 0.02919727 0.310203
v 0.1295084 0.0289759 0.2793208
v 0.1274293 0.02898854 0.2859628
v 0.1262113 0.02900069 0.2884039
v 0.1229522 0.02903336 0.2949362
v 0.131767 0.02900129 0.2601897
v 0.131864 0.02897906 0.2664682
v 0.1313748 0.02897608 0.2698415
v 0.130425 0.02897036 0.2763926
v 0.1299647 0.02907586 0.2465658
v 0.1306761 0.02905082 0.2505931
v 0.1317092 0.02901446 0.2564412
v 0.1241838 0.02921795 0.2324633
v 0.1219229 0.02926921 0.2282617
v 0.1189361 0.02933162 0.2243576
v 0.1158295 0.02939647 0.220297
v 0.1125088 0.02946186 0.2171515
v 0.1085491 0.02953982 0.2134006
v 0.1050536 0.0296055 0.2110148
v 0.1002662 0.02969563 0.2077472
v 0.0967462 0.0297594 0.2060922
v 0.09119087 0.02986007 0.2034803
v 0.0567162 0.03003728 0.3244574
v 0.0600875 0.02997881 0.3248315
v 0.05674028 0.03069525 0.3243358
v 0.06013303 0.03096294 0.3245559
v 0.05677533 0.0310074 0.3241591
v 0.05680531 0.03127521 0.3240075
v 0.05690395 0.03171211 0.3235092
v 0.0602203 0.0316804 0.3238319
v 0.05691313 0.03173077 0.3234626
v 0.05702543 0.03195744 0.3228959
v 0.06032621 0.03194355 0.322849
v 0.0571053 0.032 0.3224926
v 0.06371963 0.03188443 0.3231728
v 0.06362867 0.03162097 0.3241569
v 0.06355249 0.03090351 0.3248819
v 0.06614398 0.03184235 0.323337
v 0.07825779 0.03163707 0.3227076
v 0.07342928 0.03171783 0.3232492
v 0.07349556 0.03145277 0.3242329
v 0.0905205 0.03182488 0.2053585
v 0.09086394 0.03156089 0.2044326
v 0.09110867 0.03084355 0.2037467
v 0.09499645 0.03174185 0.2072489
v 0.09979271 0.03139472 0.2086322
v 0.1001425 0.03067749 0.2079962
v 0.09930771 0.03166043 0.2094898
v 0.1034268 0.03158122 0.2120668
v 0.1079415 0.03123718 0.2141958
v 0.1083872 0.0305202 0.2136254
v 0.1073276 0.03150457 0.2149636
v 0.1109855 0.03143107 0.2181618
v 0.1151037 0.03109228 0.220982
v 0.1156336 0.03037554 0.2204917
v 0.114377 0.03136128 0.2216411
v 0.1174808 0.03129535 0.2253794
v 0.121098 0.03096371 0.2288189
v 0.1216982 0.03024721 0.2284209
v 0.1202771 0.03123408 0.2293529
v 0.1227481 0.03117758 0.2335364
v 0.1257722 0.03085482 0.2375076
v 0.1264274 0.03013843 0.237212
v 0.1248781 0.03112632 0.2379034
v 0.1266537 0.0310806 0.2424262
v 0.1290082 0.03076827 0.246828
v 0.1297013 0.030052 0.2466419
v 0.1280636 0.0310406 0.2470759
v 0.1290988 0.03100687 0.2518231
v 0.130724 0.03070622 0.2565437
v 0.1314371 0.02999001 0.256472
v 0.1297526 0.03097933 0.2566378
v 0.1300212 0.03095829 0.2614891
v 0.1308759 0.03067046 0.2664085
v 0.1315908 0.02995431 0.2664528
v 0.1301586 0.02994549 0.2763315
v 0.1272438 0.03094089 0.2806469
v 0.1265131 0.03068006 0.2855877
v 0.1294603 0.03066164 0.2761723
v 0.1299026 0.03094387 0.2663465
v 0.1293976 0.03093612 0.2711789
v 0.1285095 0.03093504 0.2759559
v 0.1271767 0.02996391 0.2858576
v 0.1227207 0.03000909 0.2947899
v 0.1186015 0.03103005 0.2979687
v 0.1163592 0.03079617 0.3024336
v 0.1221088 0.0307253 0.2944161
v 0.1256087 0.03095334 0.2852223
v 0.1236144 0.03097248 0.289653
v 0.1212738 0.03099817 0.2939108
v 0.1169035 0.0300799 0.3029018
v 0.1098725 0.03017449 0.3099877
v 0.1049652 0.03121697 0.3117088
v 0.1014369 0.03100717 0.3152489
v 0.1094098 0.03089094 0.309437
v 0.1156146 0.03106832 0.301801
v 0.1123321 0.03111237 0.3053833
v 0.1087747 0.03116202 0.3086929
v 0.1018058 0.03029054 0.315868
v 0.0929079 0.03042507 0.3203936
v 0.08302789 0.03155851 0.3217833
v 0.08324927 0.03129166 0.3227419
v 0.08770924 0.03148269 0.3204821
v 0.09264236 0.03114181 0.3197216
v 0.1009276 0.031277 0.3144116
v 0.09668761 0.03134155 0.3167846
v 0.09227216 0.03141021 0.3188123
v 0.08340424 0.03057456 0.3234497
v 0.07353568 0.03073549 0.3249586
v 0.06857293 0.03180044 0.3234046
v 0.1287522 0.03093665 0.2742517
v 0.1283949 0.03093636 0.2761448
v 0.1298707 0.03094977 0.264759
v 0.1298307 0.03094494 0.266385
v 0.1293106 0.03093719 0.271294
v 0.1270895 0.03094261 0.2809055
v 0.1261637 0.03094989 0.2834524
v 0.1254031 0.03095579 0.2855449
v 0.1233468 0.03097575 0.2900327
v 0.1221688 0.03098881 0.2921351
v 0.120934 0.03100252 0.2943393
v 0.1289964 0.03100919 0.2516317
v 0.1294913 0.03098863 0.2552076
v 0.1296731 0.03098106 0.2565215
v 0.1299518 0.0309596 0.2614501
v 0.1264695 0.03108483 0.242096
v 0.1276234 0.03105241 0.245832
v 0.1279262 0.03104388 0.2468127
v 0.1181805 0.03103578 0.2984365
v 0.1168659 0.03105264 0.3000864
v 0.1151044 0.03107529 0.3022973
v 0.1117261 0.03112101 0.3058966
v 0.1224371 0.03118443 0.233093
v 0.1243124 0.03113955 0.2368628
v 0.1246358 0.0311318 0.2375128
v 0.1103851 0.03113985 0.3071112
v 0.1080673 0.03117239 0.3092106
v 0.1041525 0.03122919 0.3122176
v 0.117005 0.03130537 0.2248586
v 0.1196395 0.03124785 0.2285204
v 0.119888 0.03124243 0.2288658
v 0.1028857 0.03124815 0.3130366
v 0.1000071 0.03129106 0.3148978
v 0.0956583 0.03135758 0.3172339
v 0.1025439 0.03159815 0.2115327
v 0.1065528 0.03151971 0.2144131
v 0.1066874 0.03151696 0.2145274
v 0.1103155 0.03144443 0.2176085
v 0.1137191 0.03137463 0.2210099
v 0.1138072 0.03137284 0.221098
v 0.0945518 0.03137499 0.3177173
v 0.09113478 0.03142839 0.3192102
v 0.08646607 0.03150296 0.3208139
v 0.08083689 0.032 0.2026392
v 0.08459192 0.03193277 0.2035057
v 0.08997905 0.031834 0.2054079
v 0.09389382 0.03176236 0.2067903
v 0.09831494 0.03167921 0.2089862
v 0.0987246 0.03167134 0.2092328
v 0.08558803 0.03151714 0.321038
v 0.08168292 0.03158062 0.3220345
v 0.07681667 0.03166121 0.322864
v 0.07621449 0.03167134 0.322917
v 0.07189929 0.03174394 0.3232969
v 0.06696295 0.03182834 0.3233304
v 0.06666076 0.03183352 0.323314
v 0.06449782 0.03187102 0.3231971
v 0.06204009 0.03191381 0.3229642
v 0.057163 0.032 0.3222008
v 0.09002184 0.03549993 0.2052842
v 0.08082503 0.03549993 0.2026991
v 0.09870105 0.03549993 0.2092761
v 0.1066489 0.03549993 0.2145767
v 0.1136697 0.03549993 0.2210553
v 0.1195906 0.03549993 0.2285525
v 0.1242658 0.03549993 0.2368836
v 0.1275801 0.03549993 0.2458435
v 0.1294521 0.03549993 0.2552115
v 0.1298354 0.03549993 0.264757
v 0.1287209 0.03549993 0.274245
v 0.1261358 0.03549993 0.2834419
v 0.1221438 0.03549993 0.2921211
v 0.1168432 0.03549993 0.3000689
v 0.1103646 0.03549993 0.3070897
v 0.1028674 0.03549993 0.3130106
v 0.09453636 0.03549993 0.3176858
v 0.08557647 0.03549993 0.3210002
v 0.07620847 0.03549993 0.3228721
v 0.0666629 0.03549993 0.3232555
v 0.05717492 0.03549993 0.3221409
v 0.08033943 0.03549993 0.2051514
v 0.08961087 0.03549993 0.207799
v 0.09832012 0.03549993 0.2119364
v 0.1062296 0.03549993 0.2174507
v 0.1131234 0.03549993 0.2241919
v 0.1188138 0.03549993 0.2319758
v 0.1231454 0.03549993 0.24059
v 0.1259999 0.03549993 0.2497999
v 0.1272997 0.03549993 0.2593539
v 0.1270093 0.03549993 0.2689915
v 0.05766052 0.03549993 0.3196885
v 0.06724125 0.03549993 0.3207738
v 0.07686996 0.03549993 0.3202674
v 0.08628398 0.03549993 0.3181831
v 0.09522658 0.03549993 0.3145777
v 0.1034538 0.03549993 0.3095496
v 0.1107411 0.03549993 0.3032359
v 0.1168899 0.03549993 0.2958089
v 0.1217324 0.03549993 0.2874711
v 0.1251364 0.03549993 0.2784499
v 0.08035981 0.02949988 0.2050487
v 0.08964782 0.02949988 0.207701
v 0.09837269 0.02949988 0.2118458
v 0.1062963 0.02949988 0.2173702
v 0.1132026 0.02949988 0.2241234
v 0.1189032 0.02949988 0.2319211
v 0.1232425 0.02949988 0.2405509
v 0.1261022 0.02949988 0.2497771
v 0.1274043 0.02949988 0.2593484
v 0.1271134 0.02949988 0.2690033
v 0.1252372 0.02949988 0.2784787
v 0.121827 0.02949988 0.287516
v 0.1169759 0.02949988 0.2958688
v 0.110816 0.02949988 0.3033092
v 0.1035156 0.02949988 0.3096342
v 0.09527361 0.02949988 0.3146713
v 0.08631503 0.02949988 0.3182832
v 0.07688409 0.02949988 0.3203712
v 0.06723809 0.02949988 0.3208785
v 0.05764007 0.02949988 0.3197912
v 0.05828166 0.02949988 0.3221307
v 0.05720156 0.02949988 0.3220065
v 0.05710119 0 0.3225131
v 0.06372839 -0.02949988 0.3226745
v 0.05828166 -0.02949988 0.3221307
v 0.05720156 -0.02949988 0.3220065
v 0.07303071 -0.02949988 0.3227702
v 0.07306504 0 0.323284
v 0.08223766 -0.02949988 0.3214383
v 0.08235037 0 0.3219407
v 0.0911315 -0.02949988 0.3187103
v 0.09131991 0 0.3191895
v 0.09950178 -0.02949988 0.3146506
v 0.09976148 0 0.3150953
v 0.1071505 -0.02949988 0.3093554
v 0.1074753 0 0.309755
v 0.1138968 -0.02949988 0.3029499
v 0.114279 0 0.303295
v 0.119581 -0.02949988 0.2955856
v 0.1200116 0 0.295868
v 0.1240686 -0.02949988 0.2874369
v 0.1245374 0 0.2876498
v 0.1272536 -0.02949988 0.2786962
v 0.1277495 0 0.2788348
v 0.1290605 -0.02949988 0.2695706
v 0.1295717 0 0.2696315
v 0.1294466 -0.02949988 0.2602758
v 0.1299613 0 0.2602576
v 0.1284029 -0.02949988 0.2510317
v 0.1289086 0 0.2509348
v 0.1259539 -0.02949988 0.242057
v 0.1264387 0 0.2418836
v 0.1221576 -0.02949988 0.233564
v 0.1226102 0 0.2333184
v 0.1171038 -0.02949988 0.2257537
v 0.1175134 0 0.2254415
v 0.1109122 -0.02949988 0.2188107
v 0.1112689 0 0.2184394
v 0.103729 -0.02949988 0.2128993
v 0.1040247 0 0.2124778
v 0.09572428 -0.02949988 0.2081594
v 0.09595179 0 0.2076975
v 0.08708739 -0.02949988 0.204703
v 0.08079838 -0.02949988 0.2028335
v 0.08631503 -0.02949988 0.3182832
v 0.07688409 -0.02949988 0.3203712
v 0.06723809 -0.02949988 0.3208785
v 0.05764007 -0.02949988 0.3197912
v 0.08035981 -0.02949988 0.2050487
v 0.08964782 -0.02949988 0.207701
v 0.09837269 -0.02949988 0.2118458
v 0.1062963 -0.02949988 0.2173702
v 0.09527361 -0.02949988 0.3146713
v 0.1035156 -0.02949988 0.3096342
v 0.110816 -0.02949988 0.3033092
v 0.1169759 -0.02949988 0.2958688
v 0.121827 -0.02949988 0.287516
v 0.1252372 -0.02949988 0.2784787
v 0.1271134 -0.02949988 0.2690033
v 0.1274043 -0.02949988 0.2593484
v 0.1261022 -0.02949988 0.2497771
v 0.1232425 -0.02949988 0.2405509
v 0.1189032 -0.02949988 0.2319211
v 0.1132026 -0.02949988 0.2241234
v 0.05766052 -0.03549993 0.3196885
v 0.06724125 -0.03549993 0.3207738
v 0.07686996 -0.03549993 0.3202674
v 0.08628398 -0.03549993 0.3181831
v 0.09522658 -0.03549993 0.3145777
v 0.1034538 -0.03549993 0.3095496
v 0.1107411 -0.03549993 0.3032359
v 0.1168899 -0.03549993 0.2958089
v 0.1217324 -0.03549993 0.2874711
v 0.1251364 -0.03549993 0.2784499
v 0.1270093 -0.03549993 0.2689915
v 0.1272997 -0.03549993 0.2593539
v 0.1259999 -0.03549993 0.2497999
v 0.1231454 -0.03549993 0.24059
v 0.1188138 -0.03549993 0.2319758
v 0.1131234 -0.03549993 0.2241919
v 0.1062296 -0.03549993 0.2174507
v 0.09832012 -0.03549993 0.2119364
v 0.08961087 -0.03549993 0.207799
v 0.08033943 -0.03549993 0.2051514
v 0.08082503 -0.03549993 0.2026991
v 0.09002184 -0.03549993 0.2052842
v 0.09870105 -0.03549993 0.2092761
v 0.1066489 -0.03549993 0.2145767
v 0.1136697 -0.03549993 0.2210553
v 0.1195906 -0.03549993 0.2285525
v 0.1242658 -0.03549993 0.2368836
v 0.1275801 -0.03549993 0.2458435
v 0.1294521 -0.03549993 0.2552115
v 0.05717492 -0.03549993 0.3221409
v 0.0666629 -0.03549993 0.3232555
v 0.07620847 -0.03549993 0.3228721
v 0.08557647 -0.03549993 0.3210002
v 0.09453636 -0.03549993 0.3176858
v 0.1028674 -0.03549993 0.3130106
v 0.1103646 -0.03549993 0.3070897
v 0.1168432 -0.03549993 0.3000689
v 0.1221438 -0.03549993 0.2921211
v 0.1261358 -0.03549993 0.2834419
v 0.1287209 -0.03549993 0.274245
v 0.1298354 -0.03549993 0.264757
v -0.04123634 -0.04979872 0.3033178
v -0.0437926 -0.04917675 0.3033041
v -0.04131144 -0.05002933 0.3032855
v -0.04123663 -0.05004966 0.3032742
v -0.04415762 -0.07218384 0.2831811
v -0.04116034 -0.07296639 0.2828891
v -0.04116064 -0.072914 0.2830408
v -0.08975642 -0.01122421 0.2826749
v -0.0900824 -0.00713098 0.2827035
v -0.09009623 -0.00713098 0.2826578
v -0.0724157 -0.009973406 0.3024178
v -0.07265657 -0.007082819 0.302462
v -0.07272636 -0.007083117 0.3024371
v -0.0427742 -0.05479681 0.3018196
v -0.04123443 -0.0555799 0.3016811
v -0.04123485 -0.05526149 0.3017911
v -0.04123723 -0.05049741 0.3031963
v -0.06827634 -0.06448298 0.2611776
v -0.06787073 -0.06384205 0.2674993
v -0.06838601 -0.06439751 0.2611424
v -0.07021492 -0.06194782 0.2673091
v -0.0709176 -0.06242465 0.26033
v -0.07078671 -0.0625267 0.2603721
v -0.08280104 -0.04548096 0.2658887
v -0.08360946 -0.04603731 0.2548282
v -0.08355551 -0.04614889 0.2548582
v -0.09206449 -0.009386539 0.2525298
v -0.09206163 -0.009537398 0.2523349
v -0.0913226 -0.0121876 0.2633649
v -0.09133225 -0.006322026 0.2684832
v -0.09178155 -0.006319642 0.2596582
v -0.0918045 -0.006478965 0.2596593
v -0.09024643 -0.005164325 0.2684239
v -0.09053796 -0.005131483 0.2595992
v -0.09069538 -0.005164027 0.2596067
v -0.08864635 -0.01178348 0.2485215
v -0.08858066 -0.0123704 0.2483119
v -0.089405 -0.01231414 0.2478868
v -0.09050899 -0.005112349 0.2586311
v -0.09135782 -0.00562942 0.2596381
v -0.0910933 -0.005443513 0.2596256
v -0.09110969 -0.005405426 0.2586759
v -0.091865 -0.00648427 0.2587787
v -0.09032118 -0.005733907 0.2550258
v -0.08971828 -0.005284786 0.2567796
v -0.08965224 -0.005508065 0.2559776
v -0.08958047 -0.005750775 0.2551064
v -0.08957344 -0.005774438 0.2550213
v -0.08950221 -0.006073832 0.2542538
v -0.0902661 -0.006005406 0.2542411
v -0.08934408 -0.006848633 0.2527361
v -0.090137 -0.006726384 0.2526731
v -0.08934015 -0.006870985 0.2527044
v -0.08917826 -0.007801175 0.2513833
v -0.08999246 -0.007638335 0.2512519
v -0.08914828 -0.007987558 0.2511623
v -0.0899654 -0.007819712 0.251017
v -0.08899277 -0.009022891 0.2501266
v -0.08899068 -0.009038388 0.250115
v -0.08982056 -0.008842527 0.2499032
v -0.08897113 -0.009182929 0.250008
v -0.08967232 -0.009983479 0.2489879
v -0.09082067 -0.007758796 0.2513314
v -0.09080106 -0.007933378 0.2510929
v -0.0906912 -0.008926153 0.2499551
v -0.0905705 -0.01004892 0.2490105
v -0.08954107 -0.01107949 0.2483571
v -0.09045666 -0.01114106 0.2483536
v -0.09151649 -0.008140981 0.2516078
v -0.09135311 -0.01033151 0.2493557
v -0.09195703 -0.008717536 0.2520323
v -0.0915054 -0.008308053 0.2513764
v -0.09195232 -0.00887674 0.2518167
v -0.09192097 -0.01237219 0.2500967
v -0.09193861 -0.01214051 0.2501859
v -0.09179645 -0.01173382 0.2493756
v -0.0887112 -0.01120412 0.2487283
v -0.09033125 -0.01238346 0.2478619
v -0.08884078 -0.01014822 0.2492927
v -0.08845388 -0.0136221 0.2480805
v -0.08915162 -0.01494848 0.2476098
v -0.08927005 -0.01365602 0.2476286
v -0.08834391 -0.01482546 0.2480536
v -0.08716964 -0.02344906 0.2488793
v -0.08658927 -0.02670043 0.2492883
v -0.08738356 -0.02691835 0.2489029
v -0.08571672 -0.0307188 0.2498905
v -0.08486467 -0.03405308 0.2504633
v -0.08563905 -0.03434163 0.2501316
v -0.04369431 -0.07455599 0.2651227
v -0.04372519 -0.07461929 0.265277
v -0.0476275 -0.07371681 0.2648023
v -0.04710459 -0.0724433 0.2633783
v -0.04329466 -0.07333225 0.2638576
v -0.04333388 -0.0734784 0.2639343
v -0.04677337 -0.07182067 0.2633151
v -0.04692429 -0.07178521 0.2632962
v -0.05088323 -0.07136249 0.2628079
v -0.05074697 -0.07067811 0.2627194
v -0.05066555 -0.0707066 0.2627338
v -0.05519944 -0.07135248 0.2635983
v -0.0550121 -0.07146078 0.264344
v -0.05533123 -0.07135075 0.2642897
v -0.06809455 -0.06454932 0.2604521
v -0.06687641 -0.06348299 0.2590422
v -0.06643778 -0.0628736 0.2590497
v -0.06564325 -0.06341981 0.2592884
v -0.06420844 -0.06530123 0.2598519
v -0.06381446 -0.06467711 0.2598381
v -0.07072901 -0.06250685 0.259594
v -0.06939584 -0.061495 0.2581951
v -0.06899672 -0.06082653 0.2581962
v -0.06891304 -0.06090337 0.2582268
v -0.074992 -0.05451613 0.2558256
v -0.07644921 -0.05396288 0.2553293
v -0.07583361 -0.05345171 0.2554548
v -0.07826042 -0.0513482 0.2544548
v -0.07761025 -0.05086749 0.2546123
v -0.0776329 -0.05082952 0.2546008
v -0.08336567 -0.04628199 0.2540402
v -0.08000534 -0.0466538 0.2533705
v -0.08143216 -0.04567706 0.252759
v -0.08072376 -0.04526311 0.2529817
v -0.08194315 -0.04459047 0.2524642
v -0.08122581 -0.04418903 0.2526988
v -0.08215624 -0.04197615 0.2521536
v -0.08333599 -0.04129517 0.2516277
v -0.08259534 -0.0409317 0.2518963
v -0.08456355 -0.03787809 0.2508483
v -0.08380401 -0.03755247 0.2511495
v -0.08797609 -0.03462278 0.2521921
v -0.08779251 -0.03473585 0.2513281
v -0.08783316 -0.03507602 0.2522842
v -0.08405363 -0.03672891 0.250988
v -0.0857892 -0.03043514 0.2498418
v -0.08657509 -0.03068751 0.2494817
v -0.08727622 -0.02285188 0.2488042
v -0.08807647 -0.02303731 0.2483963
v -0.08785974 -0.0188927 0.248391
v -0.08866429 -0.01904702 0.2479636
v -0.04263317 -0.07358545 0.2640277
v -0.04360151 -0.07436507 0.2646575
v -0.04352682 -0.07414197 0.2644115
v -0.04288363 -0.07426989 0.2644889
v -0.04314774 -0.07467961 0.2652004
v -0.04208755 -0.07365387 0.2641914
v -0.04189854 -0.07280999 0.2640803
v -0.04142975 -0.07285243 0.2643234
v -0.04067265 -0.07379901 0.2649993
v -0.04049742 -0.07292997 0.264914
v -0.04000753 -0.0729584 0.2654247
v -0.03977209 -0.07297205 0.2656701
v -0.03993797 -0.07384902 0.2657505
v -0.03943467 -0.0729835 0.2661641
v -0.03959739 -0.07386189 0.2662448
v -0.03906643 -0.07298201 0.2669591
v -0.03899377 -0.07298171 0.2671158
v -0.03915679 -0.07385748 0.2671997
v -0.03883683 -0.07296872 0.2676844
v -0.04038798 -0.07455927 0.2660604
v -0.04007256 -0.07457286 0.2665156
v -0.04197907 -0.07486242 0.2656878
v -0.04106926 -0.07450485 0.2653703
v -0.04160857 -0.0749076 0.2659536
v -0.04103177 -0.07496023 0.2665376
v -0.04174005 -0.07497143 0.2670865
v -0.04076457 -0.07497334 0.2669222
v -0.04153424 -0.07498282 0.2673827
v -0.05611091 -0.007843673 0.2964864
v -0.0562694 -0.007692337 0.3024645
v -0.05563986 -0.008490443 0.2964752
v -0.05414223 -0.01054632 0.2964393
v -0.05408442 -0.01083397 0.3024206
v -0.05405503 -0.0108239 0.2964345
v -0.05297499 -0.01498717 0.2963618
v -0.05285751 -0.01552116 0.3023474
v -0.05288124 -0.01552534 0.2963524
v -0.05276501 -0.01619213 0.2963408
v -0.05158829 -0.02134126 0.2962509
v -0.05167055 -0.02114593 0.3022462
v -0.05160975 -0.02134704 0.3022426
v -0.05010253 -0.02595347 0.2961704
v -0.05008816 -0.02594727 0.3021585
v -0.05003821 -0.02613312 0.2961672
v -0.04899597 -0.02843725 0.296127
v -0.04948168 -0.02742981 0.302131
v -0.04882138 -0.02877378 0.2961211
v -0.04845124 -0.02944684 0.302093
v -0.04818266 -0.02985072 0.2961024
v -0.04818952 -0.02985394 0.3020851
v -0.04772931 -0.03061521 0.296089
v -0.04613095 -0.03263783 0.3020306
v -0.04522615 -0.03350871 0.2960385
v -0.0461663 -0.03256106 0.296055
v -0.04618203 -0.03257715 0.3020318
v -0.04654151 -0.03218287 0.2960616
v -0.03984516 -0.0396527 0.3019205
v -0.03973966 -0.03989833 0.2959269
v -0.0398603 -0.0396676 0.295931
v -0.03986912 -0.03952479 0.3019223
v -0.0414049 -0.03685122 0.3019596
v -0.04128921 -0.03693532 0.2959787
v -0.0413841 -0.03684639 0.2959802
v -0.04153466 -0.03662526 0.3019628
v -0.03874713 -0.07177489 0.2687488
v -0.03882735 -0.06717604 0.2688202
v -0.0388422 -0.06632959 0.2770169
v -0.03878617 -0.06953877 0.2862555
v -0.03887194 -0.06462526 0.2832787
v -0.03887534 -0.0644297 0.2836997
v -0.03887587 -0.06439769 0.2935378
v -0.03894019 -0.06071573 0.2890872
v -0.03894507 -0.06043308 0.2893788
v -0.03900355 -0.05708408 0.2988193
v -0.03903824 -0.05509799 0.2933165
v -0.03904438 -0.05474197 0.2934984
v -0.04001098 -0.07174539 0.2654271
v -0.04200589 -0.06699687 0.2641682
v -0.04152894 -0.06707346 0.2644141
v -0.04143577 -0.07175302 0.264316
v -0.03893715 -0.06725865 0.2677703
v -0.03909391 -0.06728488 0.2672023
v -0.03987395 -0.06727766 0.2657552
v -0.03953766 -0.06729435 0.2662461
v -0.039074 -0.07175302 0.266972
v -0.03916543 -0.06728643 0.2670481
v -0.04106807 -0.06714749 0.2646516
v -0.04060465 -0.06720787 0.2649967
v -0.04010611 -0.06725549 0.2655142
v -0.04316228 -0.07177489 0.2637838
v -0.04254591 -0.06689518 0.2639934
v -0.04324781 -0.06674772 0.2638621
v -0.04244315 -0.07275348 0.2639026
v -0.04096347 -0.07289469 0.2645653
v -0.05536317 -0.06284451 0.2619885
v -0.05468958 -0.06311994 0.2621147
v -0.05466902 -0.06927585 0.2620103
v -0.05420458 -0.06947016 0.262106
v -0.04393702 -0.06659138 0.263782
v -0.04678386 -0.06585389 0.2634117
v -0.04772037 -0.06561124 0.2632899
v -0.0507614 -0.06463742 0.2628189
v -0.05129498 -0.06446659 0.2627363
v -0.0522117 -0.0641334 0.2625792
v -0.06568652 -0.05642372 0.2594081
v -0.06537085 -0.05670523 0.2595071
v -0.0637198 -0.05799907 0.2599877
v -0.0621671 -0.05906081 0.2604036
v -0.06213563 -0.06567108 0.2602913
v -0.06110787 -0.05978512 0.2606873
v -0.06102561 -0.06632834 0.260591
v -0.05850881 -0.0612905 0.2613121
v -0.05848038 -0.06762135 0.2612024
v -0.05832266 -0.0613982 0.2613568
v -0.05807095 -0.06782925 0.2613008
v -0.05755198 -0.06806945 0.2614167
v -0.06760591 -0.05471116 0.2588056
v -0.06903403 -0.0532267 0.2583186
v -0.07182443 -0.0581789 0.2571512
v -0.06967681 -0.05255854 0.2580994
v -0.07124614 -0.05876034 0.2573745
v -0.07507634 -0.0449211 0.2559785
v -0.07336062 -0.04775553 0.2566996
v -0.0739063 -0.0558893 0.2563039
v -0.07217764 -0.0494191 0.2571651
v -0.072124 -0.05784934 0.2570292
v -0.07159566 -0.05023741 0.2573941
v -0.07515984 -0.04478317 0.2559434
v -0.08013653 -0.03249186 0.2535836
v -0.07946896 -0.03473854 0.2539241
v -0.07913446 -0.03573781 0.2540913
v -0.07796007 -0.03888833 0.2546648
v -0.07923895 -0.0481373 0.2537851
v -0.07772028 -0.03943562 0.2547771
v -0.07663846 -0.04190456 0.2552839
v -0.08058053 -0.03099757 0.2533571
v -0.08152729 -0.02713567 0.2528626
v -0.08234786 -0.0230351 0.2524295
v -0.08232867 -0.02315223 0.2524396
v -0.08300113 -0.01904726 0.2520862
v -0.08355289 -0.01482546 0.2518044
v -0.08367317 -0.01482546 0.2517222
v -0.08427417 -0.01482546 0.251286
v -0.08588719 -0.01482546 0.2501063
v -0.08579117 -0.01482546 0.2501848
v -0.08726102 -0.01482546 0.2489822
v -0.08773905 -0.01482546 0.2485911
v -0.08808833 -0.01177734 0.2489923
v -0.08403593 -0.00681895 0.2565578
v -0.08403593 -0.006873667 0.2564787
v -0.08603376 -0.006868958 0.2551685
v -0.08384239 -0.01178401 0.2522727
v -0.08381396 -0.01217126 0.2521188
v -0.08397382 -0.01177734 0.2521611
v -0.08369404 -0.01350229 0.2518427
v -0.08390706 -0.01090431 0.2526223
v -0.08478659 -0.009037733 0.2533478
v -0.08397191 -0.009770035 0.2533007
v -0.08403629 -0.007747352 0.2552161
v -0.08401739 -0.008627712 0.2542492
v -0.08400052 -0.009051382 0.2538974
v -0.08500778 -0.00547868 0.2591236
v -0.08402067 -0.006336212 0.2575162
v -0.08759588 -0.00547868 0.2574491
v -0.083965 -0.00548011 0.2597475
v -0.08396583 -0.0054847 0.2597252
v -0.08401179 -0.006055057 0.2580744
v -0.08390134 -0.005131185 0.2614478
v -0.08660233 -0.004999995 0.2617317
v -0.08388018 -0.005071759 0.2619403
v -0.08381378 -0.004999995 0.2633458
v -0.0883401 -0.006868958 0.2534943
v -0.08699345 -0.009037733 0.2517458
v -0.08611577 -0.01177734 0.2506063
v -0.08305907 -0.004999995 0.2768379
v -0.07523018 -0.004999995 0.2919265
v -0.07974863 -0.004999995 0.2958444
v -0.07481968 -0.004999995 0.2922468
v -0.08894121 -0.004999995 0.2771888
v -0.08295768 -0.004999995 0.2779786
v -0.08998709 -0.006326258 0.2826301
v -0.07752323 -0.007100701 0.2999776
v -0.07732933 -0.007100105 0.3001105
v -0.07726466 -0.006304502 0.3000067
v -0.07267916 -0.006292641 0.3023186
v -0.06250739 -0.006282687 0.3043548
v -0.06317353 -0.006263077 0.3043361
v -0.06256568 -0.007058382 0.3044951
v -0.05181521 -0.02119779 0.3030136
v -0.04875326 -0.03266036 0.3040545
v -0.04834514 -0.03191483 0.3039133
v -0.04896855 -0.03236979 0.3040596
v -0.04734981 -0.03116023 0.3020599
v -0.04746824 -0.03125959 0.3028299
v -0.04727452 -0.03152078 0.302825
v -0.047158 -0.03141909 0.3020548
v -0.04623663 -0.03275102 0.3028015
v -0.04000878 -0.0395897 0.3026903
v -0.04164713 -0.03673148 0.3027332
v -0.04043686 -0.05045992 0.3030822
v -0.04040932 -0.05553311 0.3015987
v -0.04027324 -0.0729466 0.2828878
v 0.03314018 0.032 0.1881916
v 0.03742074 0.032 0.1790118
v 0.03607499 0.03239315 0.1783843
v 0.03179436 0.03239315 0.187564
v 0.0350821 0.03346979 0.1779212
v 0.03080153 0.03346979 0.187101
v 0.0347023 0.03494763 0.1777442
v 0.03042167 0.03494763 0.1869239
v 0.03002321 0.0349422 0.1891518
v 0.03053843 0.03494763 0.1913837
v 0.03090852 0.03346979 0.1911869
v 0.03295397 0.032 0.1889669
v 0.03147178 0.0323922 0.1889151
v 0.03037714 0.03346633 0.1888769
v 0.0299564 0.03494155 0.1888622
v 0.03318691 0.032 0.1899755
v 0.03187578 0.03239315 0.1906726
v 0.03570944 0.032 0.1947197
v 0.03439837 0.03239315 0.1954168
v 0.03343105 0.03346979 0.1959311
v 0.03306096 0.03494763 0.1961279
v 0.03207761 0.03239315 0.2040122
v 0.03285968 0.032 0.2052745
v 0.0338611 0.032 0.2045407
v 0.03150057 0.03346979 0.2030809
v 0.03289455 0.03239208 0.2034162
v 0.03127992 0.03494763 0.2027246
v 0.03218054 0.03346586 0.2025856
v 0.03190588 0.0349406 0.202266
v 0.03249835 0.03346413 0.2022909
v 0.03219836 0.03493762 0.2019937
v 0.03334498 0.03346014 0.2011861
v 0.03297734 0.03493058 0.2009739
v 0.03299796 0.03493046 0.2009345
v 0.03354704 0.03345942 0.2008023
v 0.03316313 0.03492939 0.2006199
v 0.03397834 0.03345882 0.1994787
v 0.03356045 0.0349285 0.1994
v 0.03404122 0.03345918 0.1990492
v 0.03361856 0.03492909 0.1990042
v 0.03432893 0.032 0.2041049
v 0.03327625 0.03239148 0.2030616
v 0.03557491 0.032 0.2024732
v 0.03429311 0.03239035 0.2017334
v 0.03587228 0.032 0.2019068
v 0.0345357 0.03239017 0.201272
v 0.03650778 0.032 0.1999549
v 0.03505396 0.03238999 0.1996812
v 0.03660088 0.032 0.1993217
v 0.03512966 0.03239011 0.1991651
v 0.03655439 0.032 0.1972693
v 0.03509026 0.03239101 0.1974925
v 0.0364328 0.032 0.1966413
v 0.03499042 0.03239136 0.196981
v 0.0340079 0.03346216 0.1976577
v 0.03392457 0.03346365 0.1972321
v 0.03360801 0.03493106 0.1985405
v 0.03358942 0.03493434 0.1977215
v 0.0335133 0.03493684 0.1973289
v 0.02294713 0.03346979 0.2093046
v 0.02267605 0.03494763 0.208985
v 0.02039271 0.03494763 0.2112336
v 0.01541018 0.03346979 0.216727
v 0.01509463 0.03494763 0.216451
v 0.009056031 0.03346979 0.225184
v 0.01093506 0.03494763 0.2219872
v 0.008703172 0.03494763 0.2249578
v 0.004024863 0.03346979 0.2344891
v 0.003642499 0.03494763 0.2343177
v 0.000428052 0.03346979 0.2444369
v 2.44316e-05 0.03494763 0.2443241
v -0.000707386 0.03494763 0.247967
v -0.00165522 0.03346979 0.2548079
v -0.002071142 0.03494763 0.2547561
v -0.002179205 0.03346979 0.2653731
v -0.001544713 0.03494763 0.2759716
v -0.001132011 0.03346979 0.2758992
v -0.002598166 0.03494763 0.2653834
v -0.002439439 0.03494763 0.2621827
v -5.28788e-05 0.03239315 0.2757101
v -0.00108391 0.03239315 0.2653459
v -0.00056815 0.03239315 0.2549433
v 0.001483142 0.03239315 0.2447319
v 0.005024731 0.03239315 0.2349371
v 0.009978353 0.03239315 0.2257752
v 0.01623475 0.03239315 0.2174483
v 0.02365577 0.03239315 0.2101402
v 0.00140959 0.032 0.2754538
v 0.000400437 0.032 0.265309
v 0.000905328 0.032 0.2551268
v 0.002913177 0.032 0.2451317
v 0.006379663 0.032 0.2355444
v 0.0112285 0.032 0.2265765
v 0.01735234 0.032 0.2184259
v 0.02461618 0.032 0.2112727
v -0.004783034 0.03239315 0.2831266
v -0.004398643 0.032 0.2845609
v -0.003391981 0.032 0.284218
v -0.005066514 0.03346979 0.2820684
v -0.003962457 0.03239226 0.2828489
v -0.005175054 0.03494763 0.2816635
v -0.004383802 0.03346639 0.2818379
v -0.004545629 0.03494173 0.2814493
v -0.003990292 0.03346467 0.2816563
v -0.004183173 0.03493869 0.281281
v -0.002843022 0.03346061 0.2808684
v -0.003126621 0.0349316 0.2805529
v -0.003041326 0.03493118 0.28047
v -0.002531886 0.0334599 0.2805661
v -0.002840161 0.03493022 0.280274
v -0.001711547 0.03345918 0.2794415
v -0.002084255 0.03492909 0.2792373
v -0.001518607 0.0334596 0.2790527
v -0.001906216 0.03492975 0.2788791
v -0.002811968 0.032 0.2839486
v -0.003489673 0.03239166 0.2826303
v -0.00112164 0.032 0.2827835
v -0.002111196 0.03239059 0.2816826
v -0.000663459 0.032 0.2823373
v -0.001737475 0.03239029 0.2813192
v 0.000545873 0.032 0.2806785
v -0.000751627 0.03239011 0.2799675
v 0.0008307 0.032 0.2801053
v -0.000519649 0.03239023 0.2795003
v 0.001422584 0.032 0.2781397
v -3.85894e-05 0.03239107 0.2778981
v 0.001501679 0.032 0.2775048
v 2.50949e-05 0.03239142 0.2773807
v -0.001118779 0.03346246 0.2777194
v -0.001066029 0.03346377 0.277289
v -0.001761794 0.03493165 0.2783993
v -0.001536369 0.03493463 0.2776504
v -0.001487076 0.03493714 0.2772536
v -0.009116232 0.032 0.285825
v -0.009500563 0.03239315 0.2843907
v -0.009784102 0.03346979 0.2833324
v -0.009892582 0.03494763 0.2829276
v -0.01272982 0.0349406 0.2851898
v -0.0135219 0.03494763 0.2868884
v -0.0131092 0.03346979 0.2869611
v -0.01148748 0.03494095 0.2838844
v -0.01242822 0.03493791 0.2845432
v -0.01210474 0.03346431 0.2848145
v -0.009282648 0.032 0.2858774
v -0.009790241 0.03239274 0.2844828
v -0.01016485 0.03346824 0.2834535
v -0.01030856 0.03494489 0.2830588
v -0.01013058 0.032 0.2864711
v -0.01126587 0.03239154 0.2855185
v -0.01056802 0.032 0.2874093
v -0.0120303 0.03239315 0.2871514
v -0.0127272 0.032 0.2996547
v -0.01418954 0.03239315 0.2993969
v -0.01526844 0.03346979 0.2992066
v -0.01568114 0.03494763 0.2991338
v 0.05303376 0.01600956 0.1944628
v 0.05290305 0.03003484 0.194694
v 0.05341899 0.03003484 0.1947554
v 0.08128374 0.03003484 0.2003825
v 0.07739681 0.03003484 0.1993347
v 0.07660228 0 0.1985895
v 0.06620496 0.03003484 0.1968052
v 0.0663045 0 0.1962977
v 0.06548225 0.03003484 0.196642
v 0.06527829 0 0.1960693
v 0.05318313 0 0.1941992
v 0.05193662 0.03003782 0.1944103
v 0.05189186 0.01600497 0.1940851
v 0.05177575 0.03003758 0.1942946
v 0.05111873 0.0300365 0.1938226
v 0.05099004 0.01600956 0.1932892
v 0.05085748 0.03003484 0.1935201
v 0.05205321 0 0.1937967
v 0.05187392 0 0.1937169
v 0.05114138 0 0.1930257
v 0.05279392 0 0.1941266
v 0.03808486 0 0.1756991
v 0.03747653 0.03003484 0.175763
v 0.0371536 0.03003484 0.1726902
v 0.0368812 0.03002715 0.1737312
v 0.0377618 0 0.1726263
v 0.0375756 0 0.1736825
v 0.03699374 0.03002715 0.1748014
v 0.03802329 0 0.1756144
v 0.03769207 0 0.1747046
v 0.03749215 0 0.1741554
v -0.006354272 0.07032507 0.02112394
v -0.006251513 0.06960684 0.01237398
v -0.005746424 0.06967854 0.01237398
v 8.82137e-07 0.06993019 0.01237398
v 0 0.07050377 0.018929
v -0.002635121 0.07064741 0.02112394
v 3.72971e-07 0.07069551 0.02112394
v -0.01167356 0.06974738 0.02112394
v -0.01332074 0.0693925 0.02112394
v -0.0125072 0.06871873 0.01237398
v -0.01303428 0.0685898 0.01237398
v -0.009843409 0.07002264 0.02112394
v -0.01817148 0.06733298 0.01237398
v -0.01871317 0.06823074 0.02112394
v -0.01964813 0.06681549 0.01237398
v -0.02015596 0.06776446 0.02112394
v -0.02459967 0.06508016 0.01237398
v -0.02554792 0.06602197 0.02112394
v -0.02608227 0.06438362 0.01237398
v -0.02679115 0.06547546 0.02112394
v -0.03081518 0.06216019 0.01237398
v -0.03215056 0.06311959 0.02112394
v -0.03226482 0.06129449 0.01237398
v -0.03318256 0.06258076 0.02112394
v -0.03412574 0.06208831 0.02112394
v -0.0368092 0.05858117 0.01237398
v -0.03920543 0.05898916 0.02112394
v -0.03817301 0.05764812 0.01237398
v -0.04966956 0.04783552 0.01237398
v -0.05383533 0.04614353 0.02112394
v -0.05345416 0.04352802 0.01237398
v -0.05474942 0.04495602 0.02112394
v -0.05463737 0.04218137 0.01237398
v -0.03843379 0.05746978 0.01237398
v -0.04017859 0.0583955 0.02112394
v -0.04367721 0.05338674 0.01237398
v -0.04485428 0.05484294 0.02112394
v -0.04425263 0.05293864 0.01237398
v -0.04582083 0.05410861 0.02112394
v -0.04878717 0.04866683 0.01237398
v -0.05005395 0.05014759 0.02112394
v -0.05103158 0.04923278 0.02112394
v -0.05523538 0.04142087 0.01237398
v -0.05814915 0.04054015 0.02112394
v -0.05763494 0.03799957 0.01237398
v -0.05890274 0.03932291 0.02112394
v -0.0594685 0.03538542 0.01237398
v -0.06187844 0.03451585 0.02112394
v -0.0612936 0.03214401 0.01237398
v -0.06246829 0.03330296 0.02112394
v -0.06303054 0.02905893 0.01237398
v -0.06500852 0.02807903 0.02112394
v -0.06435257 0.02601945 0.01237398
v -0.06541854 0.02695775 0.02112394
v -0.06589907 0.02246391 0.01237398
v -0.067492 0.02128732 0.02112394
v -0.06679224 0.01991748 0.01237398
v -0.06773185 0.02034711 0.02112394
v -0.06684392 0.01972699 0.01237398
v -0.06925731 0.0143674 0.02112394
v -0.0685532 0.01342123 0.01237398
v -0.06938332 0.01353514 0.02112394
v -0.06857395 0.01328843 0.01237398
v -0.07033193 0.007267773 0.02112394
v -0.06958389 0.006835818 0.01237398
v -0.07036691 0.006595075 0.02112394
v -0.0695939 0.006638169 0.01237398
v -0.07070958 0 0.02112394
v -0.06992936 0 0.01237398
v -0.06435161 0.03418552 0.01862388
v -0.06530869 0.03248959 0.01862388
v -0.06745487 0.03562545 0.01862388
v -0.07298606 0 0.01862388
v -0.07649999 0 0.01862388
v -0.07295954 0.001502931 0.01862388
v -0.07647645 0.001346707 0.01862388
v -0.07258582 0.0067752 0.01862388
v -0.07594245 0.007033169 0.01862388
v -0.07244127 0.008814752 0.01862388
v -0.07063645 0.02880424 0.01862388
v -0.06742793 0.02766668 0.01862388
v -0.07191491 0.0260632 0.01862388
v 0.07496404 0.01458674 0.01862388
v 0.06986898 0.0210275 0.01862388
v 0.07302516 0.02184569 0.01862388
v 0.06974965 0.02149665 0.01862388
v 0.07185393 0.02623093 0.01862388
v 0.06854611 0.02507311 0.01862388
v 0.07059371 0.02891618 0.01862388
v 0.06739234 0.02779626 0.01862388
v 0.06739854 0.03572469 0.01862388
v -0.06069147 0.04041135 0.01862388
v -0.0617212 0.03884679 0.01862388
v -0.06358748 0.04203861 0.01862388
v -0.06821942 0.02586561 0.01862388
v -0.06983989 0.02088171 0.01862388
v -0.07306224 0.02172732 0.01862388
v -0.070454 0.01899302 0.01862388
v -0.07498514 0.01446062 0.01862388
v -0.07120013 0.01598536 0.01862388
v -0.07156121 0.01389908 0.01862388
v 0.07649999 0 0.01862388
v 0.07298606 0 0.01862388
v 0.07647645 0.001346707 0.01862388
v 0.07263308 0.006902813 0.01862388
v 0.07592368 0.007161498 0.01862388
v 0.07261198 0.007315397 0.01862388
v 0.07535797 0.01311177 0.01862388
v 0.07160133 0.01403206 0.01862388
v 0.07153344 0.01448315 0.01862388
v -0.02663671 0.07171207 0.01862388
v -0.02754426 0.06746411 0.01862388
v -0.0293383 0.07042503 0.01862388
v -0.03080636 0.06613165 0.01862388
v -0.03615075 0.06717944 0.01862388
v -0.03408914 0.06438905 0.01862388
v -0.03889805 0.06587058 0.01862388
v -0.03721725 0.06272858 0.01862388
v -0.04029679 0.060678 0.01862388
v -0.0425446 0.06325405 0.01862388
v -0.04326194 0.0587036 0.01862388
v -0.04867148 0.05885785 0.01862388
v -0.07538783 0.01293885 0.01862388
v 0.06569021 0.0318138 0.01862388
v 0.06431972 0.03431808 0.01862388
v 0.06608426 0.03852534 0.01862388
v 0.06220525 0.03818196 0.01862388
v 0.06353026 0.04212903 0.01862388
v 0.06061428 0.04050648 0.01862388
v 0.0591793 0.04826843 0.01862388
v 0.05811315 0.04416102 0.01862388
v 0.05636298 0.04634177 0.01862388
v 0.05823421 0.04960209 0.01862388
v 0.05569887 0.04716932 0.01862388
v 0.05148351 0.05166888 0.01862388
v 0.05408447 0.05377644 0.01862388
v 0.05069649 0.05250895 0.01862388
v 0.04993391 0.05795156 0.01862388
v 0.0461201 0.05650693 0.01862388
v 0.04860544 0.05890488 0.01862388
v 0.04523092 0.05728369 0.01862388
v 0.04030311 0.06079214 0.01862388
v 0.0424869 0.06329548 0.01862388
v 0.03932452 0.06148892 0.01862388
v 0.03889983 0.06586951 0.01862388
v 0.03695881 0.06293916 0.01862388
v 0.03609651 0.06720513 0.01862388
v 0.03407233 0.06444501 0.01862388
v 0.02929443 0.07044595 0.01862388
v -0.0149753 0.07489877 0.01862388
v -0.02074462 0.06992948 0.01862388
v -0.02225542 0.07290935 0.01862388
v -0.02145087 0.06974911 0.01862388
v -0.02404379 0.06889396 0.01862388
v 0 0.07649999 0.01862388
v -0.006546497 0.07265812 0.01862835
v -0.007513701 0.07583034 0.01862388
v -0.007288575 0.07262045 0.01862388
v -0.01352804 0.07529431 0.01862388
v -0.01371479 0.07164824 0.01862388
v -0.01444464 0.07153785 0.01862388
v -0.04537802 0.05707746 0.01862388
v -0.04613584 0.05640882 0.01862388
v -0.04993075 0.05795437 0.01862388
v -0.05088549 0.05221766 0.01862388
v -0.05414313 0.05370694 0.01862388
v -0.05150103 0.05155509 0.01862388
v -0.05835419 0.04946064 0.01862388
v -0.05584263 0.04688215 0.01862388
v -0.05924677 0.04819476 0.01862388
v -0.05636096 0.04620033 0.01862388
v -0.06024271 0.0410934 0.01862388
v -0.06617587 0.03836756 0.01862388
v 0.007501423 0.07583141 0.01862388
v 0.006539583 0.07267963 0.01862591
v 0 0.07299041 0.01866745
v 0.01495152 0.07490527 0.01862388
v 0.0140441 0.07162398 0.01862388
v 0.0135281 0.07529425 0.01862388
v 0.0137034 0.07167321 0.01862388
v 0.006843805 0.07266515 0.01862388
v 0.03047281 0.06632292 0.01862388
v 0.02752763 0.06750249 0.01862388
v 0.02663743 0.07171183 0.01862388
v 0.0237376 0.06902045 0.01862388
v 0.02221977 0.07291907 0.01862388
v 0.02071076 0.06989586 0.01862388
v 0.01677286 0.07103466 0.01862388
v -0.04514849 0.05553126 0.01237398
v -0.04533201 0.05536288 0.01237398
v -0.06936615 0.02013987 0.01237398
v -0.06923222 0.02051001 0.01237398
v -0.07102012 0.01380336 0.01237398
v -0.07111579 0.01343685 0.01237398
v -0.07208961 0.00687623 0.01237398
v -0.07212406 0.006644189 0.01237398
v -0.07243925 0 0.01237398
v -0.06749087 0.02532482 0.01237398
v -0.06668305 0.02705919 0.01237398
v -0.06448906 0.03176969 0.01237398
v -0.06352001 0.033414 0.01237398
v -0.0608443 0.03795433 0.01237398
v -0.05974143 0.03947752 0.01237398
v -0.05656594 0.04386353 0.01237398
v -0.05062019 0.05050981 0.01237398
v -0.05076807 0.05037409 0.01237398
v -0.0554372 0.04520356 0.01237398
v -0.05586671 0.04472798 0.01237398
v -0.03961467 0.0597164 0.01237398
v -0.03906089 0.0601353 0.01237398
v -0.03822261 0.06069862 0.01237398
v -0.03351175 0.06349861 0.01237398
v -0.03194755 0.06442832 0.01237398
v -0.02709841 0.06668943 0.01237398
v -0.02543193 0.06746655 0.01237398
v -0.02041566 0.06920391 0.01237398
v -0.0186662 0.06980979 0.01237398
v -0.01384329 0.071011 0.01237398
v -0.01354545 0.07105749 0.01237398
v -0.00698173 0.07208186 0.01237398
v -0.006494045 0.07210689 0.01237398
v 4.57595e-07 0.07243973 0.01237398
v 0.07243931 0 0.01237398
v 0.0721665 0.007029592 0.01237398
v 0.07216358 0.007104754 0.01237398
v 0.07125461 0.01403141 0.01237398
v 0.07125395 0.01403409 0.01237398
v 0.06964588 0.0207563 0.01237398
v 0.06960922 0.020868 0.01237398
v 0.06834995 0.02470684 0.01237398
v 0.06715965 0.02753257 0.01237398
v 0.06553971 0.03137856 0.01237398
v 0.06411069 0.03399389 0.01237398
v 0.06207865 0.03771287 0.01237398
v 0.06041806 0.04014015 0.01237398
v 0.05799871 0.04367637 0.01237398
v 0.05618458 0.04594427 0.01237398
v 0.05573511 0.04650616 0.01237398
v 0.05132573 0.05124109 0.01237398
v 0.05074638 0.05186337 0.01237398
v 0.04598176 0.05605202 0.01237398
v 0.04529023 0.05665993 0.01237398
v 0.04018664 0.06032001 0.01237398
v 0.03939425 0.06088829 0.01237398
v 0.03739345 0.06213235 0.01237398
v 0.03397625 0.06395602 0.01237398
v 0.03097939 0.06555533 0.01237398
v 0.02745819 0.0670036 0.01237398
v 0.02431541 0.06829625 0.01237398
v 0.0206688 0.06938475 0.01237398
v 0.01741826 0.07035505 0.01237398
v 0.01449555 0.071006 0.01237398
v 0.0136854 0.07112693 0.01237398
v 0.007293403 0.07208132 0.01237398
v 0.006538391 0.0721184 0.01237398
v 0.02324056 0.06601595 0.01237398
v 0.04957348 0.0494703 0.01237398
v 0.04923808 0.04983401 0.01237398
v 0.02651393 0.06467801 0.01237398
v 0.02986949 0.06330645 0.01237398
v 0.03280735 0.06173849 0.01237398
v 0.03615403 0.05995231 0.01237398
v 0.04440611 0.05411159 0.01237398
v 0.04386478 0.05459088 0.01237398
v 0.04207289 0.05597603 0.01237398
v 0.03877943 0.05818843 0.01237398
v 0.02100032 0.06675702 0.01237398
v 0.01997613 0.06702011 0.01237398
v 0.01415061 0.06851643 0.01237398
v 0.006319344 0.06961548 0.01237398
v 0.00714761 0.06957423 0.01237398
v 0.01322138 0.0686568 0.01237398
v 0.06992936 0 0.01237398
v 0.06961345 0.006831884 0.01237398
v 0.0695517 0.00816673 0.01237398
v 0.06872528 0.01357215 0.01237398
v 0.0684902 0.01510941 0.01237398
v 0.06776821 0.0181691 0.01237398
v 0.06714242 0.02013283 0.01237398
v 0.06570219 0.02465224 0.01237398
v 0.06486272 0.026582 0.01237398
v 0.06296437 0.03094601 0.01237398
v 0.06191748 0.03281468 0.01237398
v 0.05956017 0.03702247 0.01237398
v 0.05841058 0.03878939 0.01237398
v 0.05832445 0.03892171 0.01237398
v 0.05425417 0.04434591 0.01237398
v 0.05406028 0.04460418 0.01237398
v 0.00631541 0.07037127 0.02112394
v 0.007175505 0.0703271 0.02112394
v 0.01323652 0.06939196 0.02112394
v 0.01422947 0.06923872 0.02112394
v 0.02002948 0.06773144 0.02112394
v 0.02114599 0.06744128 0.02112394
v 0.02336698 0.06670242 0.02112394
v 0.0266093 0.0653752 0.02112394
v 0.03002345 0.06397765 0.02112394
v 0.03294116 0.06242173 0.02112394
v 0.03631687 0.06062167 0.02112394
v 0.03894776 0.0588563 0.02112394
v 0.04223388 0.05665141 0.02112394
v 0.04409724 0.05521017 0.02112394
v 0.04460591 0.05475848 0.02112394
v 0.04947173 0.05043846 0.02112394
v 0.0497995 0.05008167 0.02112394
v 0.05429404 0.045188 0.02112394
v 0.05450111 0.04491096 0.02112394
v 0.05856233 0.03947591 0.02112394
v 0.05867362 0.03930413 0.02112394
v 0.0598452 0.0374937 0.02112394
v 0.06219202 0.03326565 0.02112394
v 0.06335431 0.03117161 0.02112394
v 0.06516802 0.02694582 0.02112394
v 0.06618946 0.02456605 0.02112394
v 0.0675137 0.02036064 0.02112394
v 0.06835573 0.0176866 0.02112394
v 0.06885904 0.01563435 0.02112394
v 0.06922256 0.01358324 0.02112394
v 0.07011294 0.008559346 0.02112394
v 0.07025104 0.006678283 0.02112394
v 0.07063746 0.001413643 0.02112394
v 0.0706638 0 0.02112394
v 0.04320055 0.032 0.317631
v 0.04322642 0.03549993 0.3175756
v 0.0307374 0.032 0.3098524
v 0.03077572 0.03549993 0.3098049
v 0.02049785 0.032 0.2993173
v 0.02054649 0.03549993 0.2992802
v 0.01307713 0.032 0.2866378
v 0.01313316 0.03549993 0.2866135
v 0.008906483 0.032 0.2725508
v 0.008966743 0.03549993 0.2725407
v 0.008228242 0.032 0.2578752
v 0.008289158 0.03549993 0.2578797
v 0.01108181 0.032 0.2434636
v 0.01113981 0.03549993 0.2434826
v 0.01730138 0.032 0.2301537
v 0.01735311 0.03549993 0.2301861
v 0.02652537 0.032 0.218719
v 0.02656805 0.03549993 0.2187628
v 0.03821802 0.032 0.209824
v 0.03824883 0.03549993 0.2098768
v 0.05169945 0.032 0.2039858
v 0.05171686 0.03549993 0.2040444
v 0.06618642 0.032 0.2015435
v 0.06618928 0.03549993 0.2016046
v 0.06630468 0.03549993 0.2041019
v 0.05242651 0.03549993 0.2064415
v 0.03951162 0.03549993 0.2120344
v 0.02831041 0.03549993 0.2205556
v 0.01947396 0.03549993 0.2315097
v 0.01351583 0.03549993 0.2442602
v 0.01078218 0.03549993 0.2580662
v 0.01143199 0.03549993 0.2721251
v 0.01542735 0.03549993 0.28562
v 0.02253615 0.03549993 0.2977666
v 0.03234535 0.03549993 0.307859
v 0.04428476 0.03549993 0.3153107
v 0.04424041 0.02949988 0.3154056
v 0.03227961 0.02949988 0.3079406
v 0.02245289 0.02949988 0.2978301
v 0.0153312 0.02949988 0.2856616
v 0.01132863 0.02949988 0.2721425
v 0.01067775 0.02949988 0.2580584
v 0.01341629 0.02949988 0.2442277
v 0.01938509 0.02949988 0.2314543
v 0.02823746 0.02949988 0.2204805
v 0.03945875 0.02949988 0.2119441
v 0.05239683 0.02949988 0.2063411
v 0.06629985 0.02949988 0.2039973
v -0.005714178 0.02949988 0.2793179
v -0.01045703 0.02949988 0.2805887
v -0.006120741 0.04989373 0.2790583
v -0.01104652 0.06813174 0.2800486
v -0.006446421 0.06627863 0.2788494
v -0.0138188 0.02949988 0.2825295
v -0.01468008 0.02949988 0.2840215
v -0.01548874 0.06875079 0.2833538
v -0.01359778 0.06923961 0.2812651
v -0.01289182 0.02949988 0.2819944
v -0.01387077 0.06935918 0.2814691
v -0.01413559 0.06929624 0.2816978
v -0.01590114 0.02949988 0.2865299
v -0.01648223 0.0675798 0.2859975
v -0.01575952 0.02949988 0.2858912
v -0.01570069 0.06862038 0.2837021
v -0.01553905 0.06873053 0.2834154
v -0.01315981 0.06904798 0.2809616
v -0.01343262 0.06916725 0.2811416
v -0.03279483 0.05470943 0.2956938
v -0.03153437 0.04682457 0.2973063
v -0.03401786 0.04638791 0.2973139
v -0.03605598 0.06837844 0.2770392
v -0.0350511 0.06854754 0.2769961
v -0.03606933 0.06761324 0.2809827
v -0.03467655 0.06633269 0.2848265
v -0.03609085 0.06638318 0.2842423
v -0.03618443 0.06102102 0.2913227
v -0.03616511 0.06212282 0.2903803
v -0.03389006 0.06150925 0.2913438
v -0.03612643 0.06434363 0.2877263
v -0.03609699 0.06603074 0.2848444
v -0.03633821 0.05221122 0.296346
v -0.03630697 0.05399775 0.2956373
v -0.03553366 0.05419719 0.2957142
v -0.03627139 0.05604004 0.2948272
v -0.03623998 0.05784004 0.2937429
v -0.03644883 0.0458703 0.2973229
v -0.0363993 0.04870992 0.2971033
v -0.03621917 0.05902802 0.2930273
v -0.03243488 0.06888645 0.2769753
v -0.02818739 0.0694366 0.2769415
v -0.02856248 0.06722325 0.2847945
v -0.02420777 0.06973165 0.277213
v -0.02143317 0.06993734 0.2774023
v -0.02253991 0.06776136 0.2852448
v -0.01484948 0.07006579 0.279165
v -0.01421493 0.06983995 0.2811722
v -0.01449924 0.06977558 0.2814228
v -0.01589268 0.07012969 0.2782361
v -0.01510566 0.07015699 0.2783545
v -0.01881629 0.05554127 0.2974116
v -0.01892775 0.05214661 0.2983736
v -0.01885777 0.0561912 0.2970635
v -0.02366888 0.05597555 0.2962307
v -0.02331978 0.06289112 0.2918127
v -0.0182662 0.06207281 0.2936707
v -0.01857286 0.05919122 0.2956819
v -0.01859724 0.0588265 0.2958548
v -0.0187723 0.05620175 0.2970986
v -0.01481789 0.06969147 0.2817337
v -0.01572054 0.06929039 0.2829777
v -0.01618272 0.069085 0.2836145
v -0.01633167 0.06897449 0.2839107
v -0.01702815 0.06802481 0.2861129
v -0.01703006 0.06802225 0.286119
v -0.01720422 0.06748908 0.2871534
v -0.01734787 0.06699234 0.288012
v -0.01781553 0.0649423 0.2908499
v -0.01810336 0.06310987 0.2926513
v -0.02354049 0.04793637 0.29791
v -0.02204847 0.04799956 0.2982016
v -0.01912117 0.0481233 0.2987735
v -0.01893585 0.04812693 0.2988174
v -0.02859014 0.06236273 0.2913581
v -0.0282666 0.05549556 0.2957678
v -0.02763468 0.04752659 0.2974424
v 0.042028 0.06176239 0.1550101
v 0.04654061 0.0584979 0.1454675
v 0.03350168 0.02949988 0.1746274
v 0.03409916 0 0.1745645
v 0.0282616 0.02949988 0.1858648
v 0.02749609 0.06875848 0.1858848
v 0.0324983 0.06686824 0.1752356
v 0.03734457 0.06454348 0.1649389
v 0.05087178 0.0547176 0.1363355
v 0.0530433 0.05253863 0.1317688
v 0.05655115 0.04853487 0.1244114
v 0.0598542 0.04409515 0.1175114
v 0.06240075 0.04010641 0.1122149
v 0.06484979 0.03566265 0.1071467
v 0.0670759 0.03092426 0.1025685
v 0.06906515 0.0258755 0.09851109
v 0.07023012 0.02239114 0.09615671
v 0.07151937 0.01782733 0.09358036
v 0.07255315 0.0132029 0.09155434
v 0.07316273 0.009538292 0.09039849
v 0.07364976 0.004934906 0.08954423
v 0.07382124 0.000269013 0.08936911
v 0.07382339 0 0.08937567
v 0.02753734 0.06909698 0.185037
v 0.03226566 0.06730812 0.1750379
v 0.03239619 0.06720238 0.1751205
v 0.03425335 0.06635373 0.1708438
v 0.03714662 0.06496459 0.1647396
v 0.03726124 0.06485825 0.1648203
v 0.04063934 0.06288915 0.1573884
v 0.04186469 0.06216096 0.1548094
v 0.0419631 0.06205576 0.1548885
v 0.04660928 0.05869728 0.1448506
v 0.05077379 0.05506074 0.136133
v 0.05084067 0.05496335 0.136209
v 0.07384598 0.000267863 0.08930504
v 0.07384252 0 0.08930993
v 0.07386165 0.000266571 0.08923822
v 0.07386171 0 0.08924406
v 0.07386803 0.00026516 0.08916985
v 0.07387012 0 0.08917623
v 0.07386606 0 0.08922904
v 0.07368946 0.004952371 0.08941322
v 0.07258939 0.01325851 0.09142327
v 0.07320511 0.00959593 0.09019875
v 0.07320088 0.009577572 0.09026741
v 0.07343727 0.007400453 0.08979433
v 0.07369536 0.004960358 0.08934479
v 0.07155275 0.01790171 0.09344935
v 0.07227122 0.01471865 0.0919789
v 0.07259172 0.01328456 0.09135442
v 0.06909233 0.02598035 0.09838014
v 0.07025617 0.02252489 0.09595614
v 0.07026028 0.02248257 0.09602576
v 0.07042819 0.02191579 0.09561419
v 0.07155209 0.01793634 0.09338015
v 0.06240928 0.04027217 0.1120847
v 0.06484597 0.03587317 0.1069447
v 0.06486546 0.03580796 0.1070161
v 0.0670849 0.03110623 0.1023671
v 0.06709778 0.03104937 0.1024377
v 0.06793969 0.02893614 0.1006333
v 0.06908506 0.02602857 0.09831017
v 0.05985462 0.04428058 0.1173816
v 0.06120836 0.04218411 0.1144381
v 0.06238216 0.04034513 0.1120126
v 0.0736742 0.004943788 0.08948016
v 0.07318663 0.0095582 0.09033441
v 0.07257646 0.01323109 0.09149044
v 0.07154172 0.01786512 0.09351664
v 0.07025146 0.02243763 0.09609317
v 0.06908559 0.02592885 0.09844774
v 0.06709474 0.03098797 0.1025056
v 0.06486672 0.03573691 0.1070843
v 0.06241554 0.04019147 0.1121532
v 0.05986648 0.04419064 0.1174504
v 0.05655997 0.04864305 0.1243516
v 0.05304819 0.05265951 0.1317107
v 0.05654048 0.04874402 0.1242825
v 0.05302006 0.05277097 0.1316414
v 0.05205678 0.05377274 0.1334542
v 0.05296111 0.05286508 0.1315662
v 0.05649381 0.04883164 0.1242085
v 0.05693554 0.04823774 0.123292
v 0.05981928 0.04436051 0.1173087
v 0.05087423 0.0548458 0.1362783
v 0.04649323 0.05876833 0.1453433
v 0.04641079 0.05887055 0.1452658
v 0.04642224 0.05886054 0.145242
v 0.04653781 0.05864012 0.1454127
v 0.0420196 0.06191802 0.1549579
v 0.03733015 0.06471186 0.1648896
v 0.03247755 0.0670486 0.1751897
v 0.02722907 0.06921362 0.1856889
v 0.0273751 0.06911003 0.1857734
v 0.02746897 0.06894999 0.1858423
v -8.55439e-06 0.07663768 0.1194263
v -7.66055e-06 0.07675433 0.1089401
v 0.00653851 0.07640361 0.1073738
v -3.96525e-06 0.07657426 0.06624293
v -3.45881e-06 0.07636618 0.06032603
v 0.006621003 0.07602936 0.05924993
v 0.07449853 0 0.05348592
v 0.07408046 0 0.07722991
v 0.07371079 0.007380664 0.07913219
v 0.06825816 0.0289945 0.08548039
v 0.05247628 0.05408316 0.09320092
v 0.04076105 0.06311255 0.1474223
v -1.82967e-05 0.07385778 0.2126288
v -1.51417e-05 0.07477343 0.1899509
v 0.004304349 0.07388514 0.2072366
v 0.006423234 0.0753898 0.1599871
v 0.006290078 0.07374161 0.2051502
v 0.009006679 0.07354521 0.2022958
v 0.01365107 0.07424235 0.1574199
v 0.02082455 0.07241559 0.1546681
v 0.02059412 0.07126921 0.1931016
v 0.01722049 0.07213723 0.1953999
v 0.01346409 0.07286703 0.198383
v 0.01212346 0.0731275 0.1994476
v 0.02778905 0.06996345 0.1521067
v 0.026533 0.06940913 0.1880767
v 0.02100902 0.07116246 0.1928188
v 0.02649319 0.06937122 0.1896576
v 0.03446078 0.06686753 0.1497136
v 0.04705488 0.05917602 0.09510552
v 0.05733317 0.0484429 0.09129041
v 0.06158691 0.04232764 0.08938342
v 0.06522697 0.03581804 0.08745676
v 0.07069021 0.0219354 0.08342415
v 0.07253068 0.01471769 0.08126884
v 0.07446891 0 0.03012079
v 0.07453298 0 0.04088556
v 0.07416468 0.007221639 0.04215437
v 0.07455426 0 0.04446542
v 0.07405632 0.007113695 0.02869075
v 0.07294416 0.01442891 0.02940654
v 0.07271283 0.0142799 0.02112394
v 0.07417035 0 0.02112394
v 0.07439714 0 0.02795767
v 0.07379174 0.007025837 0.02112394
v 0.07377016 0.007426679 0.02112394
v 0.06865298 0.02861857 0.03080111
v 0.0684002 0.02828419 0.02112394
v 0.06958687 0.02547723 0.02112394
v 0.07112878 0.02162289 0.03010821
v 0.07081568 0.02183401 0.02112394
v 0.07092738 0.02139902 0.02112394
v 0.07265001 0.01468724 0.02112394
v 0.06671065 0.0322808 0.02112394
v 0.06553065 0.03534501 0.03148657
v 0.06527704 0.03491556 0.02112394
v 0.063214 0.03870713 0.02112394
v 0.06177973 0.04173672 0.03216511
v 0.0615164 0.04120641 0.02112394
v 0.05911207 0.04474622 0.02112394
v 0.05742287 0.04772812 0.03283804
v 0.05720371 0.04713779 0.02112394
v 0.05249249 0.05325722 0.03350681
v 0.04703354 0.05826371 0.03417271
v 0.04681175 0.05747205 0.02112394
v 0.05155038 0.05331093 0.02112394
v 0.05225557 0.0525552 0.02112394
v 0.05657434 0.04792666 0.02112394
v 0.04110211 0.06269633 0.03483867
v 0.0347585 0.06651532 0.03551048
v 0.03743779 0.06403666 0.02112394
v 0.04012912 0.06238269 0.02112394
v 0.04090648 0.06182551 0.02112394
v 0.04606181 0.0581308 0.02112394
v 0.02806925 0.06969326 0.03619456
v 0.03089112 0.06744468 0.02112394
v 0.03457581 0.06552648 0.02112394
v 0.02110254 0.07220959 0.03689754
v 0.02409267 0.07016682 0.02112394
v 0.02793115 0.06862986 0.02112394
v 0.01389849 0.07286918 0.02112394
v 0.01423424 0.07282024 0.02112394
v 0.01393216 0.07404935 0.03762418
v 0.01706451 0.07220602 0.02112394
v 0.02101087 0.07106095 0.02112394
v 0.007002711 0.07387423 0.02112394
v 0.006639957 0.07517266 0.03836023
v 0.006630659 0.07389199 0.021124
v 0 0.07420873 0.021124
v -1.6059e-06 0.07546418 0.03901875
v -2.0085e-06 0.07577025 0.04338163
v -2.64607e-06 0.07603222 0.0508306
v -5.49473e-06 0.07673573 0.08382928
v -6.77063e-06 0.07687044 0.09849995
v -5.51611e-06 0.07673799 0.08407515
v 0.006585538 0.07642 0.0824539
v -1.37672e-05 0.07517236 0.1800706
v -1.21807e-05 0.07568621 0.1616576
v -1.16456e-05 0.07585954 0.1554473
v -9.70771e-06 0.07648724 0.1329564
v 0.01388919 0.07520693 0.08068764
v 0.01392531 0.07484489 0.05795121
v 0.02110141 0.07328045 0.07887428
v 0.02112323 0.07294332 0.05664032
v 0.02811032 0.070706 0.07715117
v 0.02811849 0.0703811 0.05538457
v 0.03483355 0.06716603 0.05417573
v 0.073013 0.0145747 0.04343754
v 0.07116955 0.0218119 0.04470092
v 0.06869119 0.02886164 0.04593122
v 0.06558454 0.03565096 0.04713481
v 0.06185722 0.04211103 0.04831981
v 0.05752164 0.04817241 0.0494942
v 0.05260211 0.05376744 0.05066472
v 0.04714143 0.05883091 0.0518313
v 0.04119753 0.06330925 0.05299681
v 0.04113072 0.06366336 0.09700077
v 0.0347712 0.06751239 0.09892231
v 0.02804994 0.07071357 0.100912
v 0.02104187 0.07327091 0.1030121
v 0.01382899 0.07518994 0.1052383
v -0.01447129 0.07415133 0.03509628
v -0.01498818 0.07516312 0.05120009
v -0.02274483 0.07388311 0.0514152
v -0.08355444 0.02656 0.148108
v -0.08191621 0.03504019 0.1486998
v -0.0828697 0.03513312 0.1806127
v -0.08696871 0 0.2154378
v -0.08699727 0 0.2096828
v -0.08661389 0.009229838 0.2105922
v -0.08705133 0 0.1987922
v -0.08675551 0 0.1772891
v -0.086416 0.009336054 0.1781547
v -0.08663827 0 0.1687659
v -0.08578616 0 0.1462532
v -0.08542549 0.009260237 0.1468831
v -0.08441573 0 0.1203123
v -0.08410078 0 0.1163582
v -0.08292013 0.01755458 0.1167955
v -0.07742375 0 0.04766744
v -0.07610702 0 0.03672957
v -0.07574874 0.00740242 0.03661572
v -0.05279135 0.05256617 0.02112394
v -0.05261212 0.05272877 0.02112394
v -0.05494767 0.05515313 0.03606802
v -0.03194671 0.06715929 0.02112394
v -0.02810925 0.06872338 0.02112394
v -0.02921724 0.07050871 0.03542947
v -0.02191209 0.07098466 0.02112394
v -0.02116066 0.07117164 0.02112394
v -0.02193331 0.07264626 0.03525739
v -0.01643973 0.07644093 0.1190279
v -0.08589595 0.008940517 0.2442589
v -0.08574038 0.008906841 0.2468162
v -0.0860362 0.00520581 0.2466495
v -0.0863046 0 0.243479
v -0.08616071 0.002249956 0.2466094
v -0.0862571 0 0.2454853
v -0.08467578 0.002249956 0.2769668
v -0.0847314 0 0.2769989
v -0.08528381 0.01461905 0.2470737
v -0.08505266 0.01730793 0.2450081
v -0.0849049 0.01725548 0.2473176
v -0.08398544 0.0236532 0.2479094
v -0.08373403 0.02559292 0.2457284
v -0.08358019 0.02551376 0.2481663
v -0.08234548 0.03118205 0.2489489
v -0.08182209 0.03369414 0.2464237
v -0.08160597 0.0335595 0.2493886
v -0.08021664 0.03802585 0.2502148
v -0.07912868 0.04147243 0.2470991
v -0.07882398 0.04124486 0.2509676
v -0.07755404 0.04418021 0.251654
v -0.07546091 0.04872441 0.247762
v -0.07586127 0.04725253 0.2524908
v -0.06893777 0.05603593 0.2553737
v -0.07017207 0.05466818 0.254893
v -0.07067185 0.05519044 0.2484236
v -0.07265543 0.0519163 0.2539259
v -0.07508701 0.04837894 0.2528374
v -0.06611305 0.0585224 0.2563387
v -0.06472611 0.06060481 0.2490959
v -0.06414341 0.05990117 0.2569196
v -0.05674374 0.06424587 0.2588484
v -0.05717855 0.06401544 0.2587426
v -0.05776268 0.06480163 0.2497858
v -0.06165438 0.06164348 0.2576537
v -0.05469471 0.06513279 0.2592774
v -0.05005216 0.06779474 0.2504926
v -0.04949659 0.0669412 0.2601933
v -0.0488547 0.06716448 0.2603064
v -0.04188466 0.06975609 0.2512125
v -0.04262948 0.06870198 0.2611309
v -0.03603094 0.06981158 0.2617699
v -0.03347295 0.07092291 0.2519434
v -0.04140907 0.0689072 0.2612491
v -0.02495181 0.07152479 0.2526854
v -0.01604241 0.07059466 0.2715685
v -0.01618415 0.07066094 0.2705414
v -0.01652944 0.07116746 0.2627337
v -0.01630318 0.0714671 0.2580386
v -0.01638364 0.0717523 0.2534401
v -0.01615309 0.0716657 0.2549258
v -0.01597201 0.07175529 0.2534766
v -0.002296507 0.07371222 0.2159222
v -0.006169915 0.07342797 0.2223755
v -0.0167672 0.07350689 0.221298
v -0.006415069 0.07341003 0.2227841
v -0.008763968 0.07319349 0.2274868
v -0.01170408 0.07283598 0.2347086
v -0.0139535 0.0724321 0.2421486
v -0.01551955 0.0719791 0.2498558
v -0.0168966 0.07491588 0.1883206
v -0.01678609 0.07593029 0.1542642
v -0.007539451 0.07671046 0.08418357
v -0.006672561 0.07388162 0.021124
v -0.007138729 0.07589638 0.05099755
v -0.007445335 0.07384371 0.02112394
v -0.01475489 0.07276546 0.02112394
v -0.01398432 0.07287913 0.02112394
v -0.02516043 0.0699253 0.02112394
v -0.03836137 0.06377679 0.02112394
v -0.03480041 0.06565445 0.02112394
v -0.03625118 0.06771719 0.03560584
v -0.0443924 0.05979084 0.02112394
v -0.04114902 0.06193447 0.02112394
v -0.04295396 0.06424409 0.03577774
v -0.04922449 0.0600593 0.03593504
v -0.04714083 0.05765789 0.02112394
v -0.04740262 0.05745482 0.02112394
v -0.05762284 0.04720199 0.02112394
v -0.05755764 0.04727447 0.02112394
v -0.06001657 0.04956245 0.03617215
v -0.06190019 0.04137516 0.02112394
v -0.06255549 0.05170243 0.05265575
v -0.06191909 0.04134523 0.02112394
v -0.06692147 0.04529684 0.05279487
v -0.06355994 0.03873986 0.02112394
v -0.07046413 0.03835916 0.05291986
v -0.07325279 0.03104287 0.05304139
v -0.06703454 0.03223574 0.02112394
v -0.06557732 0.03496342 0.02112394
v -0.07318305 0.02244812 0.03644061
v -0.07107186 0.02134817 0.02112394
v -0.06983447 0.02544897 0.02112394
v -0.074786 0.01498502 0.03651928
v -0.0728079 0.01420629 0.02112394
v -0.07247728 0.0161907 0.02112394
v -0.07196331 0.01839387 0.02112394
v -0.07370263 0.008835792 0.02112394
v -0.07383042 0.00692749 0.02112394
v -0.07420492 0.001336634 0.02112394
v -0.07422846 0 0.02112394
v -0.0815398 0 0.08596295
v -0.0792827 0 0.06371909
v -0.07777345 0.007846057 0.05346417
v -0.07811641 0 0.05364847
v -0.08550208 0 0.1387487
v -0.02556359 0.07567441 0.1536757
v -0.0257405 0.07479578 0.1875021
v -0.03428143 0.07292711 0.2195789
v -0.03428792 0.07502907 0.1531056
v -0.03454411 0.07430982 0.186704
v -0.04288578 0.07378113 0.1525506
v -0.04323703 0.07323253 0.1859229
v -0.05120593 0.07167059 0.1520076
v -0.05166584 0.07129001 0.1851556
v -0.05899894 0.0684269 0.1514722
v -0.05957567 0.06819844 0.1843996
v -0.05917841 0.06698024 0.217113
v -0.05129396 0.06998676 0.217922
v -0.04291421 0.07187813 0.2187438
v -0.08047866 0.04334026 0.181391
v -0.07955515 0.04325544 0.1492787
v -0.07709842 0.05105382 0.1821538
v -0.07622808 0.05099987 0.1498447
v -0.07251089 0.0579701 0.1829051
v -0.07171905 0.05797767 0.1503974
v -0.06972813 0.06102192 0.1832785
v -0.08566486 0.01801902 0.1789973
v -0.08468192 0.01794046 0.1475028
v -0.08452373 0.02664786 0.1798157
v -0.0858258 0.01780581 0.2114731
v -0.08461469 0.02632218 0.2123255
v -0.0828647 0.03468066 0.2131525
v -0.06936436 0.06000387 0.2159232
v -0.07218068 0.05703401 0.2155314
v -0.07686334 0.05028969 0.2147485
v -0.08035951 0.04274135 0.2139583
v -0.07631194 0.0496068 0.2311959
v -0.07157701 0.05622518 0.2319366
v -0.06624048 0.06266474 0.2163169
v -0.05137056 0.06228435 0.05230301
v -0.05947989 0.05927646 0.06886225
v -0.05734729 0.05740708 0.05249297
v -0.06678217 0.05495148 0.08532381
v -0.07685929 0.01570749 0.05330663
v -0.07536333 0.0234633 0.05316811
v -0.06866139 0.02829235 0.02112394
v -0.0303477 0.07202386 0.05163902
v -0.03772324 0.06952404 0.05186665
v -0.04477512 0.06630557 0.05209106
v -0.04639101 0.06797873 0.06845867
v -0.05327594 0.06411463 0.06866997
v -0.05492764 0.06559544 0.08507406
v -0.06133127 0.06080293 0.08521002
v -0.06289833 0.06201022 0.1015846
v -0.0698266 0.05700486 0.1178498
v -0.08219099 0 0.09238004
v -0.08115828 0.008532762 0.08583968
v -0.08033019 0.01682472 0.08573925
v -0.07902991 0.02502363 0.08565217
v -0.07716333 0.03306478 0.08557301
v -0.07459974 0.04084759 0.08549684
v -0.07118624 0.04821681 0.08541667
v -0.01584279 0.0762546 0.08431625
v -0.02408295 0.0753979 0.08445912
v -0.03134906 0.07318413 0.06801617
v -0.03221231 0.07404702 0.0846098
v -0.04015523 0.0720722 0.08476579
v -0.03902804 0.07095819 0.06823807
v -0.04778933 0.06931209 0.08492285
v -0.04896724 0.07033222 0.101542
v -0.05632257 0.06675201 0.1015688
v -0.05746328 0.06759941 0.1181893
v -0.0641855 0.0629127 0.118027
v -0.06519716 0.06352418 0.134503
v -0.06898421 0.06107282 0.150669
v -0.07427692 0.05008345 0.1176556
v -0.0776171 0.04244977 0.1174484
v -0.0800364 0.03437197 0.1172336
v -0.08174401 0.02603584 0.1170151
v -0.02501857 0.07593363 0.1188412
v -0.03352046 0.07499432 0.1186668
v -0.04186993 0.07344216 0.1185024
v -0.04992645 0.07105481 0.118345
v -0.05835479 0.06815195 0.1348631
v -0.06593555 0.06386077 0.1509381
v -0.06662672 0.06375837 0.1836513
v -0.03610646 0.06548345 0.2618388
v -0.0361312 0.06407028 0.2766472
v -0.03614389 0.06334066 0.2801855
v -0.03615963 0.06244289 0.2824824
v -0.0361647 0.0621525 0.2829656
v -0.03619223 0.06057083 0.2855961
v -0.03622001 0.05898177 0.2874514
v -0.03623569 0.05808097 0.2882046
v -0.03626906 0.05616796 0.2898041
v -0.03664183 0.03481125 0.297516
v -0.03664183 0.03481125 0.2932654
v -0.03645014 0.04579579 0.2930736
v -0.03641021 0.04808551 0.2928974
v -0.0363667 0.05057883 0.2923851
v -0.03633517 0.05238288 0.2916913
v -0.03630626 0.05404275 0.291053
v -0.08002179 0.002249956 0.2795898
v -0.08043128 0.002249956 0.2767055
v -0.08021152 0.006659924 0.2766482
v -0.07930636 0.002249956 0.2819901
v -0.07769531 0.002249956 0.285255
v -0.07866042 0.002249956 0.2832991
v -0.07851469 0.006664991 0.2832742
v -0.07450318 0.006500244 0.2888118
v -0.07622355 0.002249956 0.2872855
v -0.07155841 0.002249956 0.2912628
v -0.07362198 0.002249956 0.2898327
v -0.07465958 0.002249956 0.2888168
v -0.06221503 0.002249956 0.2938337
v -0.06584006 0.002249956 0.2934705
v -0.06874042 0.00618875 0.292483
v -0.06825917 0.002249956 0.2928047
v -0.06891709 0.002249956 0.2924973
v -0.03920906 0.05172413 0.2917976
v -0.04060065 0.05709791 0.288337
v -0.04160839 0.06094217 0.2831413
v -0.04210269 0.06276309 0.276878
v -0.07925939 0.01597833 0.2765947
v -0.07754784 0.0158534 0.283188
v -0.07767623 0.02458304 0.276653
v -0.07594037 0.02429974 0.2831819
v -0.07630157 0.02974987 0.2767488
v -0.07455205 0.02933782 0.2832196
v -0.07405894 0.03599923 0.276923
v -0.07230901 0.03538423 0.2833048
v -0.07123893 0.04173111 0.277125
v -0.06952846 0.04087364 0.2834113
v -0.06938529 0.0447039 0.277234
v -0.06772297 0.04369789 0.2834695
v -0.06608623 0.0489633 0.2773707
v -0.06454503 0.04772174 0.2835398
v -0.06215989 0.05283576 0.2774364
v -0.06080305 0.05136954 0.2835648
v -0.05990338 0.05463838 0.2774323
v -0.0586608 0.05307304 0.2835531
v -0.05524742 0.05763876 0.2773504
v -0.05423885 0.05593007 0.2834836
v -0.05035346 0.06001096 0.2771967
v -0.04956686 0.05822283 0.2833691
v -0.04842811 0.0607745 0.2771259
v -0.04771876 0.05896979 0.2833178
v -0.07356196 0.01539033 0.288694
v -0.07200849 0.02349489 0.2886236
v -0.0706821 0.02827024 0.2886034
v -0.0685684 0.03392404 0.2886003
v -0.06599563 0.03896671 0.2886134
v -0.06434905 0.041525 0.2886224
v -0.06148511 0.04513174 0.2886294
v -0.0581454 0.04837638 0.2886168
v -0.0562334 0.04989457 0.2885993
v -0.0522629 0.05246108 0.2885448
v -0.04800808 0.05455493 0.2884712
v -0.04630476 0.05524665 0.2884401
v -0.06785732 0.01465398 0.2923453
v -0.06642037 0.02227908 0.2922313
v -0.06521564 0.02669185 0.2921712
v -0.06333321 0.03181213 0.2921074
v -0.06109833 0.03625756 0.2920569
v -0.0596956 0.03846371 0.2920327
v -0.05729216 0.04151976 0.291998
v -0.05451834 0.04422932 0.2919625
v -0.0529235 0.04549854 0.2919427
v -0.04956597 0.04766458 0.2919024
v -0.04587334 0.04946905 0.2918609
v -0.04436475 0.05007553 0.2918453
v -0.06203585 0.005774319 0.2937722
v -0.06122893 0.01374667 0.293633
v -0.05994307 0.02081906 0.2935096
v -0.05889308 0.02481639 0.2934398
v -0.05729752 0.02932864 0.293361
v -0.05547165 0.03309738 0.2932953
v -0.0543586 0.03490585 0.2932637
v -0.05249446 0.03734093 0.2932212
v -0.05037426 0.03944599 0.2931844
v -0.04914283 0.04043233 0.2931672
v -0.04648452 0.04213887 0.2931374
v -0.04343128 0.04360502 0.2931118
v -0.04214411 0.04411 0.293103
v -0.03761231 0.04551142 0.2930786
v -0.04429489 0.03057277 0.2933393
v -0.0435121 0.03123551 0.2933278
v -0.04211395 0.03241932 0.2933071
v -0.04091286 0.03307253 0.2932957
v -0.04005593 0.03353857 0.2932875
v -0.04517763 0.02947068 0.2933586
v -0.04551535 0.02886968 0.2933691
v -0.04703825 0.0261597 0.2934163
v -0.04742121 0.02518761 0.2934333
v -0.04808551 0.02350169 0.2934628
v -0.04890352 0.02052336 0.2935147
v -0.05146497 0.002249956 0.2938337
v -0.05109685 0.007110238 0.2937489
v -0.05085241 0.010338 0.2936925
v -0.05017226 0.01450997 0.2936197
v -0.04961293 0.0179404 0.2935598
v -0.05146497 0.002249956 0.2980843
v -0.04005593 0.03353857 0.2975382
v -0.04091286 0.03307253 0.2975463
v -0.04211395 0.03241932 0.2975577
v -0.0435121 0.03123551 0.2975784
v -0.04429489 0.03057277 0.29759
v -0.04517763 0.02947068 0.2976092
v -0.04551535 0.02886968 0.2976197
v -0.04703825 0.0261597 0.297667
v -0.04742121 0.02518761 0.297684
v -0.04808551 0.02350169 0.2977134
v -0.04890352 0.02052336 0.2977654
v -0.04961293 0.0179404 0.2978104
v -0.05017226 0.01450997 0.2978703
v -0.05085241 0.010338 0.2979432
v -0.05109685 0.007110238 0.2979995
v -0.03153437 0 0.2981236
v -0.06227672 0 0.2981236
v -0.06221771 0.002249956 0.2980843
v -0.01874744 0.03449833 0.2991074
v -0.02220398 0 0.299043
v -0.01867848 0.02949988 0.2992141
v -0.01751506 0 0.3000425
v -0.01711082 0.02949988 0.2996178
v -0.02959126 0 0.298161
v -0.02356076 0 0.2987538
v 0.03493726 0.02949988 0.3180614
v 0.04137849 0.02949988 0.3194056
v 0.04126381 0 0.3199645
v 0.0459696 0.02949988 0.3203637
v 0.05154705 0 0.3217821
v 0.05710119 0 0.3225131
v 0.04018461 0 0.3197737
v 0.02914613 0 0.317084
v 0.02733248 0.02949988 0.3159524
v 0.02718496 0 0.3164653
v 0.0242173 0.02949988 0.3150886
v 0.01750177 0.02949988 0.3128405
v 0.01812219 0 0.3136062
v 0.01540058 0.02949988 0.3120232
v 0.01522678 0 0.3124941
v 0.006315827 0 0.3090717
v 0.00522387 0.02949988 0.3080644
v 0.004827558 0 0.308452
v 0.005022644 0.02949988 0.3079813
v -0.004321992 0.02949988 0.3041202
v -0.002460539 0 0.3054173
v -0.004519343 0 0.3046078
v -0.006159067 0.02949988 0.3033611
v -0.01023072 0 0.3023619
v -0.01318854 0.02949988 0.3008255
v -0.01336336 0 0.3013645
v -0.01401227 0.02949988 0.3005284
v -0.01551449 0.02949988 0.3000691
v 0.03093665 0.02949988 0.1997581
v 0.03122824 0.02949988 0.1989711
v 0.05029004 0.02949988 0.1969064
v -0.01853626 0.02949988 0.2992278
v -0.01837235 0.02949988 0.299192
v -0.01822954 0.02949988 0.2991039
v 0.07475399 0.02949988 0.2012344
v 0.07347947 0.02949988 0.2009228
v 0.06449258 0.02949988 0.1990476
v 0.03124272 0.02949988 0.1981319
v 0.03097867 0.02949988 0.1973351
v 0.02843672 0.02949988 0.1925544
v 0.0622766 0.02949988 0.1985852
v -0.004687905 0.02949988 0.2787606
v -0.004167616 0.02949988 0.2781021
v 0.02758759 0.02949988 0.1896875
v -0.005396842 0.02949988 0.2792096
v 0.03008574 0.02949988 0.200635
v 0.03040117 0.02949988 0.2004042
v -0.01806735 0.02949988 0.2988153
v -0.01812392 0.02949988 0.2989734
v -0.003197968 0.02949988 0.2472599
v 0.001447916 0.02949988 0.2333332
v 0.008750915 0.02949988 0.2205973
v 0.01842361 0.02949988 0.2095531
v -0.003894448 0.02949988 0.2773084
v -0.003899455 0.02949988 0.2764691
v -0.005004167 0.02949988 0.2618296
v 0.06458997 0 0.1985399
v 0.0591036 0 0.1975366
v 0.05056768 0 0.1964192
v 0.08089876 0 0.2023268
v 0.07981365 0 0.2020254
v 0.06804996 0 0.1991726
v 0.03749215 0 0.1741554
v 0.05187392 0 0.1937169
v 0.07981365 0 0.2020254
v 0.07621204 0 0.0900436
v 0.07617646 0 0.09022593
v 0.07608914 0 0.09043323
v 0.03802329 0 0.1756144
v 0.06804996 0 0.1991726
v 0.07449853 0 0.05348592
v 0.07705444 0 0.04447185
v 0.0765652 0 0.07644385
v 0.07449853 0 0.05348592
v 0.07455426 0 0.04446542
v 0.07695847 0 0.03999769
v 0.07446891 0 0.03012079
v 0.0591036 0 0.1975366
v 0.05279392 0 0.1941266
v 0.0762909 0 0.08963924
v 0.07386606 0 0.08922904
v 0.07636946 0 0.08923661
v 0.07632529 0.000636969 0.08963382
v 0.07617646 0 0.09022593
v 0.07623124 0.000641816 0.09003496
v 0.07608312 0.00064575 0.09041947
v 0.0763635 0.0006313 0.08922356
v 0.07617753 0.005287766 0.08942085
v 0.07614254 0.00523746 0.08983159
v 0.07592946 0.007611989 0.08983951
v 0.07565677 0.009817481 0.09066843
v 0.07568234 0.00992769 0.09025657
v 0.07501101 0.01393771 0.09148371
v 0.07499772 0.0137794 0.09189701
v 0.0747435 0.0151261 0.09199076
v 0.07396167 0.01840984 0.09389621
v 0.07395732 0.01861882 0.093481
v 0.07265192 0.02323722 0.09600967
v 0.07267647 0.02298337 0.0964272
v 0.07137262 0.02705311 0.09851419
v 0.07141745 0.02676177 0.09893411
v 0.0703417 0.02965754 0.1005489
v 0.06941908 0.03184366 0.102948
v 0.06934082 0.03218609 0.1025243
v 0.06718146 0.03663367 0.1074759
v 0.06725221 0.0366249 0.106674
v 0.06706404 0.03702491 0.1070478
v 0.06455433 0.04158192 0.112057
v 0.06471681 0.04114449 0.1124898
v 0.06348973 0.04324972 0.1141884
v 0.06206697 0.04533267 0.1179023
v 0.06185346 0.04581308 0.1174644
v 0.05872476 0.0498681 0.1247524
v 0.05911993 0.04948616 0.1229514
v 0.0584442 0.05039411 0.1243078
v 0.05481559 0.05454111 0.1316092
v 0.05516988 0.05397629 0.1320608
v 0.05413472 0.05522418 0.1329817
v 0.05284368 0.05633908 0.1368533
v 0.05244052 0.05692428 0.1363972
v 0.04843783 0.06023114 0.1459512
v 0.04853886 0.06032472 0.1442801
v 0.04834759 0.06049144 0.1446665
v 0.04794192 0.06084495 0.1454861
v 0.04325067 0.06423902 0.1549893
v 0.04384255 0.06360763 0.1554639
v 0.04243034 0.06472706 0.1566562
v 0.03907001 0.0664978 0.1653674
v 0.03838133 0.06713575 0.1648825
v 0.03587085 0.06834471 0.1700013
v 0.03413093 0.06892573 0.1756432
v 0.03334689 0.06956005 0.1751472
v 0.02903503 0.07091146 0.1862729
v 0.02898037 0.07122063 0.1840842
v 0.02815902 0.07153296 0.1857654
v 0.07605087 0.005184113 0.09023314
v 0.07557147 0.00970143 0.09107059
v 0.07492047 0.0136125 0.09229981
v 0.07389599 0.01818901 0.09429991
v 0.07262384 0.02271348 0.09683197
v 0.07137805 0.02645039 0.0993399
v 0.0694015 0.03147411 0.1033555
v 0.06718945 0.03620654 0.1078851
v 0.06475472 0.04065996 0.1129008
v 0.06213891 0.04479146 0.1183149
v 0.0588423 0.04926168 0.1251664
v 0.05533826 0.05330729 0.1324761
v 0.05304652 0.05563259 0.1372691
v 0.04870694 0.05946099 0.1463675
v 0.04418236 0.0627799 0.1558802
v 0.03948354 0.06561887 0.1657834
v 0.03461951 0.06800264 0.1760582
v 0.02959871 0.06995099 0.1866865
v 0.0759043 0.005128741 0.09061771
v 0.07542818 0.009581923 0.09145486
v 0.074781 0.01344078 0.09268337
v 0.07376182 0.01796132 0.09468233
v 0.07249552 0.02243483 0.09721308
v 0.0712555 0.02612805 0.09971976
v 0.06928855 0.03108984 0.103733
v 0.06708782 0.03575986 0.1082596
v 0.06466627 0.0401501 0.1132714
v 0.06206554 0.0442177 0.1186805
v 0.05878943 0.04861211 0.1255246
v 0.05530864 0.05258226 0.1328251
v 0.05303275 0.05486083 0.1376117
v 0.04872447 0.05860632 0.1466963
v 0.04423356 0.0618453 0.1561933
v 0.03957068 0.06460809 0.1660786
v 0.03474408 0.06692028 0.176334
v 0.02976161 0.06880211 0.1869412
v 0.02930939 0.06897276 0.1891854
v 0.02932792 0.06900125 0.1884335
v 0.02908116 0.07014566 0.1883851
v 0.02743953 0.07173764 0.1881549
v 0.02739775 0.07170045 0.1897367
v 0.02841794 0.07110667 0.1882873
v 0.02838671 0.07107245 0.1896229
v 0.02905631 0.07011091 0.1895123
v 0.02930355 0.06896382 0.1894214
v 0.02752828 0.07172089 0.1876225
v 0.02849328 0.07109045 0.1878377
v 0.02914404 0.07012957 0.1880057
v 0.02938133 0.06898516 0.1881009
v -0.01823747 0.06670665 0.292584
v -0.01767128 0.06913334 0.2892615
v -0.02299749 0.06999504 0.2862869
v -0.02383947 0.06458371 0.2935851
v -0.01833605 0.06609517 0.2931787
v -0.01863616 0.06480854 0.2943847
v -0.01854103 0.06482458 0.2944144
v -0.01961421 0.05715936 0.2993313
v -0.01910161 0.06026607 0.2978872
v -0.0188567 0.06267559 0.296311
v -0.01872783 0.06366664 0.2955406
v -0.01950597 0.05241078 0.3008012
v -0.01936858 0.056409 0.2996903
v -0.01931774 0.05714476 0.2993463
v -0.01730746 0.07027786 0.2871606
v -0.01730561 0.07028084 0.2871539
v -0.01668936 0.07121473 0.2850164
v -0.02179229 0.07241445 0.2775719
v -0.01639688 0.07145822 0.2843708
v -0.01668471 0.07259625 0.2783122
v -0.01637214 0.07147067 0.2843323
v -0.01518803 0.07264953 0.2785292
v -0.01511645 0.07261878 0.2788169
v -0.01521068 0.0720542 0.2825327
v -0.01454454 0.07237356 0.2811129
v -0.01464694 0.07222384 0.2819068
v -0.01435363 0.07229512 0.2816228
v -0.03544193 0.07100486 0.2772391
v -0.03502565 0.06854391 0.2859394
v -0.03336536 0.07127559 0.2772133
v -0.02895146 0.06944411 0.2858788
v -0.02854776 0.07190382 0.2771535
v -0.02896845 0.06404393 0.2931713
v -0.03415185 0.06318449 0.2931809
v -0.02420586 0.05690121 0.2984946
v -0.0285964 0.05641472 0.2980703
v -0.0329349 0.05562913 0.2980142
v -0.0195164 0.04817056 0.3012487
v -0.01989072 0.04816251 0.3011607
v -0.02251076 0.04804188 0.3006567
v -0.02404803 0.04797106 0.3003611
v -0.02788436 0.0475617 0.2999304
v -0.03153437 0.0468682 0.2998059
v -0.01319724 0.07215458 0.2810629
v -0.01309472 0.07214212 0.2810133
v -0.01328998 0.07220822 0.2805626
v -0.01456058 0.07261013 0.27841
v -0.01395714 0.07243651 0.2782868
v 0.000697425 0.07617986 0.2132325
v 1.36951e-05 0.07635474 0.2127478
v -0.002350091 0.07620561 0.2161288
v 6.77374e-06 0.07635515 0.2127403
v 1.5224e-06 0.07635587 0.2127256
v 0 0.07635658 0.2127103
v 0.001288712 0.07584929 0.2136446
v 0.000818197 0.07614898 0.2133181
v -0.001628339 0.07605415 0.2165997
v 0.00071047 0.07617658 0.2132418
v -0.005662143 0.07576411 0.2232955
v -0.00611633 0.07592821 0.2224254
v 0.001350939 0.07579714 0.2136872
v -0.000968874 0.07566064 0.217019
v -0.001017451 0.07565736 0.2170993
v -0.00498265 0.07539212 0.2236448
v -0.008178591 0.07553666 0.2283288
v -0.007487118 0.07518053 0.2286269
v -0.007620096 0.07516562 0.2289521
v -0.01103579 0.07519549 0.2353573
v -0.010333 0.074862 0.2355861
v -0.01218146 0.07455933 0.2416138
v -0.01324152 0.07481086 0.2426037
v -0.01253384 0.07450163 0.242763
v -0.01480042 0.07437992 0.2501133
v -0.01409655 0.07409709 0.2502053
v -0.01470631 0.07383078 0.2548612
v -0.01549553 0.07405257 0.2555326
v -0.01480019 0.07378977 0.2555782
v -0.01587903 0.07357704 0.2631498
v -0.01520431 0.07334363 0.2631338
v -0.006402194 0.07590711 0.2229032
v -0.008928894 0.07567226 0.2279934
v -0.01179414 0.07531911 0.2350983
v -0.01400059 0.07492071 0.2424201
v -0.01555067 0.07447457 0.2500026
v -0.0162332 0.07413595 0.2554721
v -0.01658987 0.07364469 0.2631552
v -0.01624596 0.07314574 0.2708398
v -0.01557207 0.07309299 0.270774
v -0.01501417 0.07303106 0.2683442
v -0.01492816 0.07288968 0.2707011
v 0.05967324 0.04945868 0.04833102
v 0.06410545 0.04321867 0.04720085
v 0.07360535 0.02239495 0.04371058
v 0.07108062 0.02961605 0.04489976
v 0.07067024 0.02972882 0.08459496
v 0.07621884 0.007592201 0.07833182
v 0.07501536 0.01512759 0.08044022
v 0.06758207 0.03672343 0.08654326
v 0.06386709 0.0434134 0.08844172
v 0.05951774 0.04971611 0.09032028
v 0.0545451 0.05554467 0.09220337
v 0.04291939 0.06547504 0.09595555
v 0.04899036 0.06081891 0.09408354
v 0.0425468 0.06493425 0.1468327
v 0.03608494 0.06884676 0.1491079
v 0.0292533 0.07207697 0.1514803
v 0.02187639 0.07350713 0.1928296
v 0.02213609 0.07464122 0.1540147
v 0.02174293 0.07355076 0.1929044
v 0.01480787 0.07656598 0.1567444
v 0.01772797 0.07458329 0.1955724
v 0.0145905 0.07519298 0.1979997
v 0.0125935 0.07558101 0.1995446
v 0.007384479 0.07781076 0.1593372
v 0.00908178 0.07604783 0.2026733
v 0.004332602 0.07638037 0.2075385
v 0.007227182 0.07617771 0.2045732
v 0 0.07793271 0.1725826
v 0 0.07891464 0.06689327
v 0 0.07914322 0.08379745
v 0.007504284 0.0788142 0.1062071
v 0 0.0793659 0.1002641
v 0 0.07921361 0.1079477
v 0 0.07848298 0.05044537
v 0.00756067 0.07840025 0.05775344
v 0 0.07875025 0.05473428
v 0 0.07880675 0.05891573
v 0.01506304 0.07712024 0.05649304
v 0.02958357 0.0724433 0.05401867
v 0.03645384 0.06909948 0.05285054
v 0.04905176 0.06046169 0.05058413
v 0.0429672 0.06509828 0.0517106
v 0.02242958 0.07511836 0.05522984
v 0.05464065 0.05522936 0.04945844
v 0.03640592 0.06947565 0.09785258
v 0.02952903 0.07280904 0.09981465
v 0.02236765 0.07547968 0.1018818
v 0.01499462 0.07749986 0.1040757
v 0.0766558 0.007431924 0.04123812
v 0.07314407 0.02250826 0.08256673
v 0.07548165 0.01498383 0.04248553
v 0.06791174 0.0365808 0.04606014
v 0 0.0789901 0.1192286
v 0 0.07827436 0.1553422
v 0 0.07815784 0.1612218
v 0.07705444 0 0.04447185
v 0.01204884 0.0752905 0.2016763
v 0.01332628 0.07513481 0.2004666
v 0.01298111 0.0754199 0.2000187
v 0.004921913 0.07620429 0.2080507
v 0.02745264 0.07167136 0.1898625
v 0.02192044 0.0734604 0.1932218
v 0.02750504 0.07163619 0.1899878
v 0.02250587 0.07319432 0.1932552
v 0.02208143 0.07332664 0.1935327
v 0.01799583 0.07445627 0.195977
v 0.01823532 0.07425159 0.1963673
v 0.01714718 0.07444739 0.1972759
v 0.009553968 0.07587361 0.2031738
v 0.009975552 0.0755431 0.2036395
v 0.007345855 0.0757088 0.2064753
v 0.005452275 0.07582807 0.2085173
v 0.02933639 0.06992191 0.1957288
v 0.02826237 0.07079362 0.1933453
v 0.02966582 0.0683341 0.2009255
v 0.0298233 0.06833922 0.2008002
v 0.03025925 0.06841307 0.200269
v 0.03053224 0.06856733 0.1995755
v 0.0305823 0.06878024 0.1988136
v 0.03040057 0.06902182 0.1981084
v 0.02765542 0.07136976 0.1914107
v 0.02757447 0.07148176 0.1908972
v 0.0279892 0.06831598 0.2021875
v 0.02556926 0.06828981 0.2040089
v 0.02332234 0.06825667 0.2059337
v 0.0201959 0.0682106 0.2086119
v 0.018902 0.06819486 0.2098609
v 0.01764023 0.06817954 0.211079
v 0.01487296 0.06816148 0.2141074
v 0.01288354 0.06814849 0.2162848
v 0.008587837 0.06815886 0.2218836
v 0.007732868 0.068165 0.22324
v 0.004792988 0.0681861 0.2279039
v 0.00312376 0.06819963 0.2310287
v 0.002103388 0.06820911 0.2333171
v 0.000248888 0.06822627 0.2374769
v -0.001990199 0.06825178 0.2441319
v -0.002007067 0.06825196 0.2441819
v -0.003630936 0.06827664 0.2511341
v -0.004190683 0.06828838 0.2546442
v -0.004269838 0.06829106 0.2555518
v -0.004805982 0.06830954 0.2617031
v -0.004759073 0.06832265 0.2673386
v -0.004746854 0.06832611 0.2688059
v -0.01262569 0.07194948 0.2806596
v -0.00475353 0.06870466 0.2770587
v -0.003998339 0.06833642 0.2759379
v -0.004002869 0.06837761 0.2765597
v -0.004197955 0.06849223 0.2771469
v -0.004566729 0.06866902 0.2776557
v -0.01199793 0.07169246 0.2802613
v -0.01008081 0.07091408 0.2794634
v -0.007785797 0.06998932 0.2788319
v -0.005491912 0.06906229 0.278199
v -0.005099654 0.06890076 0.2780462
v 0.02937483 0.06879842 0.1899535
v 0.02916908 0.06992638 0.1902469
v 0.02907681 0.07007008 0.1896161
v 0.02853614 0.07086974 0.1905788
v 0.02844667 0.07100641 0.1898146
v 0.02944207 0.06867998 0.1902554
v 0.02925461 0.06982254 0.1906017
v 0.02862495 0.07077044 0.1910089
v 0.02989256 0.06807559 0.1914006
v 0.02981305 0.0692926 0.1919205
v 0.02923184 0.07026171 0.1926138
v 0.03111702 0.06717711 0.1936701
v 0.03102463 0.06844455 0.1942269
v 0.03038549 0.06942975 0.1949658
v 0.03233891 0.06626182 0.1959342
v 0.03223264 0.06758004 0.1965304
v 0.03153187 0.06857782 0.1973164
v 0.03260791 0.06728357 0.1980397
v 0.03049176 0.06674349 0.2023018
v 0.03060019 0.06561797 0.2025178
v 0.03101152 0.06562268 0.2022293
v 0.0301643 0.06769561 0.2017436
v 0.03084266 0.06675052 0.2020522
v 0.03042602 0.067703 0.2015511
v 0.03213649 0.06569164 0.2009988
v 0.03182387 0.066841 0.2009987
v 0.03225803 0.06571757 0.2007082
v 0.03245961 0.06702673 0.1996082
v 0.03281158 0.06583571 0.1993837
v 0.03285336 0.06595295 0.1983336
v 0.03288257 0.06603491 0.1975995
v 0.03116339 0.06779849 0.200742
v 0.03165227 0.06799435 0.199676
v 0.03178542 0.06826514 0.1984739
v -0.00382632 0.06768155 0.2687383
v 0.02605295 0.06763529 0.2046841
v 0.02067279 0.06755524 0.2091531
v 0.01992428 0.0657494 0.210736
v 0.02109783 0.06574434 0.2096427
v 0.02098447 0.06670314 0.2095093
v 0.02648186 0.06569576 0.2053074
v 0.02637022 0.06673324 0.2051357
v 0.01338732 0.06749814 0.2167102
v 0.018121 0.06752628 0.2115728
v 0.01854956 0.06575536 0.2120169
v 0.01843458 0.06669026 0.2118963
v 0.01371532 0.06667774 0.2169876
v 0.009136319 0.0675078 0.2222621
v 0.005396306 0.06753277 0.2282387
v 0.00322473 0.06575274 0.2341296
v 0.004320383 0.06575709 0.2316172
v 0.004167318 0.0667023 0.2315428
v 0.005937099 0.06576097 0.2285374
v 0.005790889 0.0666964 0.2284572
v 0.009626507 0.06576591 0.2225997
v 0.009494066 0.06668365 0.2225087
v 0.0103935 0.06576585 0.2215959
v 0.01383644 0.06576538 0.2170904
v 0.003754258 0.06754529 0.2313396
v 0.000933937 0.06757038 0.237736
v -0.001267433 0.06759542 0.2443825
v 0.001551151 0.06574606 0.237967
v 0.001384139 0.06671297 0.2379055
v -0.000779589 0.06672191 0.2445138
v -0.002836585 0.06762081 0.2512685
v -0.003369212 0.06763356 0.2547426
v -0.003932416 0.0676586 0.2617232
v -0.002310097 0.06672948 0.2513561
v -0.002823412 0.06673288 0.2548063
v -0.003348827 0.06673848 0.2617346
v -0.003122687 0.0656687 0.2621633
v -0.003132224 0.06567054 0.2617359
v -0.002620816 0.06569755 0.2548274
v -0.002114713 0.06570965 0.2513864
v -0.00132519 0.06572037 0.2478324
v -0.00059851 0.06573027 0.2445607
v -0.002978086 0.06564027 0.2686696
v -0.003207623 0.06674218 0.2686906
v -0.002149522 0.06560665 0.2756124
v -0.002390325 0.06674301 0.2756586
v -0.003039062 0.06770086 0.2757728
v -0.002368867 0.06679987 0.2770043
v -0.005392134 0.06766736 0.2807427
v -0.005799472 0.06632226 0.2812639
v -0.004823029 0.06616967 0.2808925
v -0.005280256 0.06866359 0.2796283
v -0.004555225 0.06745892 0.2803468
v -0.004655003 0.06844335 0.2793208
v -0.003683567 0.06597781 0.2800587
v -0.003458619 0.06716579 0.2794249
v -0.003503561 0.06594753 0.279927
v -0.002600431 0.06577396 0.2786566
v -0.002731323 0.06694465 0.2782855
v -0.0024001 0.06572335 0.2780209
v -0.002135694 0.06565654 0.2771819
v -0.003837347 0.06813538 0.2786157
v -0.00329566 0.067905 0.2777521
v -0.003025174 0.06775629 0.2767856
v -0.008099198 0.06724977 0.2818633
v -0.007695019 0.06858617 0.2813488
v -0.007581174 0.06958091 0.2802481
v -0.01039958 0.06817537 0.282463
v -0.009998321 0.06950348 0.2819547
v -0.009882748 0.07049673 0.2808669
v -0.01210618 0.06929039 0.2832688
v -0.01199567 0.0692178 0.2831868
v -0.01184082 0.07045704 0.2826766
v -0.01228874 0.06941038 0.2834042
v -0.01221436 0.07029002 0.2830483
v -0.01218503 0.07063573 0.2829084
v -0.01237791 0.07128947 0.2823362
v -0.012066 0.07143342 0.2817733
v -0.01239526 0.07134824 0.2822848
v -0.01247239 0.07160973 0.282056
v -0.0115239 0.07119905 0.2814602
v -0.01138216 0.07021909 0.282422
v -0.01160281 0.06896001 0.2829431
v -0.0137009 0.07201397 0.2823449
v -0.01328623 0.07191634 0.2823457
v -0.01242882 0.07132351 0.2823409
v -0.01279455 0.0709058 0.2831668
v -0.01255506 0.07045382 0.2833438
v -0.01247471 0.07013911 0.283362
v -0.01365882 0.07199585 0.2823916
v -0.01338195 0.07171249 0.2826564
v -0.01303225 0.07135444 0.2829911
v -0.01613909 0.07010889 0.2872751
v -0.01334881 0.06878787 0.2846738
v -0.0128026 0.06919819 0.2838951
v -0.01311296 0.07023328 0.2839135
v -0.01541322 0.07119536 0.2848011
v -0.01391315 0.07192552 0.2826386
v -0.01325124 0.07128602 0.2832008
v -0.01274681 0.07038813 0.2835207
v -0.012465 0.06934773 0.283557
v -0.01366966 0.07112598 0.2836661
v -0.0144006 0.07176041 0.283185
v -0.01350498 0.06867063 0.2848964
v -0.01386189 0.06970006 0.285083
v -0.01452809 0.07058149 0.2850497
v -0.01367503 0.06845468 0.2852501
v -0.01403641 0.06948518 0.2854974
v -0.01472914 0.07036399 0.28554
v -0.01565647 0.07096856 0.2853718
v -0.01402056 0.06762343 0.2864315
v -0.01435619 0.06866914 0.2868797
v -0.01510125 0.06954312 0.2871763
v -0.01649636 0.06897741 0.2893611
v -0.01544511 0.06844216 0.2892093
v -0.01468271 0.06761163 0.2888301
v -0.01705211 0.06657606 0.2926618
v -0.01753318 0.06356471 0.2956014
v -0.0181604 0.05636698 0.2997315
v -0.01789933 0.06019341 0.297936
v -0.01829391 0.05239844 0.3008388
v -0.01830279 0.04818832 0.3012855
v -0.01597929 0.06610471 0.2924268
v -0.01644098 0.06317281 0.295293
v -0.0167917 0.05988967 0.2975699
v -0.01704072 0.05616247 0.2993215
v -0.01716727 0.0522964 0.3004021
v -0.01717394 0.04819458 0.3008382
v -0.0151894 0.06536746 0.2919163
v -0.01562649 0.06255364 0.2946649
v -0.01595759 0.05940371 0.2968479
v -0.01619189 0.05582875 0.2985268
v -0.01631003 0.05212134 0.2995623
v -0.01631468 0.04818832 0.2999802
v -0.01432919 0.06661647 0.2882829
v -0.0148077 0.06448131 0.2912112
v -0.0152198 0.06180644 0.2938176
v -0.01553159 0.05881416 0.2958866
v -0.01575183 0.05542016 0.2974768
v -0.01586234 0.05190181 0.2984569
v -0.01586586 0.04817056 0.298852
v -0.01736557 0.0349242 0.3013314
v -0.01701003 0.0349242 0.3010988
v -0.01708304 0.04151874 0.3009819
v -0.01577264 0.04149466 0.2989942
v -0.01594609 0.03493404 0.2999427
v -0.01622217 0.04151242 0.3001236
v -0.01601994 0.03493207 0.3000828
v -0.01665359 0.0349242 0.3008658
v -0.01653742 0.03492492 0.300758
v -0.01614916 0.03493022 0.3002513
v -0.01942878 0.04149466 0.3013895
v -0.01934283 0.03494763 0.3015279
v -0.0182138 0.04151242 0.3014284
v -0.0184946 0.03493404 0.3016096
v -0.01833677 0.03493201 0.3015981
v -0.01813161 0.03493022 0.3015475
v -0.01751077 0.03492492 0.3013945
v -0.005473732 0.04993736 0.2814727
v -0.002026975 0.04996466 0.2782291
v -0.00334239 0.04996466 0.2802845
v -0.00184077 0.04993736 0.2757961
v 0.03094768 0.04993396 0.2026231
v 0.0332995 0.0499624 0.198441
v 0.03265786 0.0499624 0.2008326
v 0.03271526 0.04993396 0.1960349
v 0.03601664 0.03413921 0.174959
v 0.03685945 0.03224754 0.1732296
v 0.03706735 0.03117352 0.1728281
v 0.03742814 0.03170937 0.1773931
v 0.03742897 0.03167665 0.1772109
v 0.03651988 0.03218126 0.1764528
v 0.0374481 0.03100305 0.1762225
v 0.03745055 0.0309199 0.1761004
v 0.03686153 0.03123432 0.1751945
v 0.03746306 0.03049027 0.175846
v 0.03695291 0.03065323 0.1748996
v 0.03681486 0.03089135 0.1738476
v 0.03665482 0.03169864 0.1741905
v 0.03601831 0.03305578 0.1756531
v 0.04926037 0.032 0.1947236
v 0.05005103 0.0317378 0.1941277
v 0.05063432 0.03102004 0.1936882
v 0.05091959 0.03102093 0.1940193
v 0.05039989 0.0317381 0.1945325
v 0.04969584 0.032 0.1952277
v 0.05181366 0.03102177 0.1946622
v 0.05149316 0.03173828 0.1953184
v 0.05105912 0.032 0.1962071
v 0.05287051 0.03102004 0.1949715
v 0.05278521 0.0317378 0.1956969
v 0.05266982 0.032 0.19668
v 0.08119457 0.03127366 0.2008329
v 0.08122456 0.03100603 0.2006813
v 0.07732671 0.03102004 0.1996052
v 0.0812596 0.03069335 0.2005043
v 0.07714349 0.0317378 0.2003121
v 0.08108645 0.03173029 0.201379
v 0.08109575 0.03171133 0.2013317
v 0.07689517 0.032 0.2012704
v 0.08089417 0.032 0.20235
v 0.0809741 0.03195732 0.2019461
v 0.05317968 0.032 0.1967407
v 0.05329811 0.0317378 0.1957579
v 0.05338549 0.03102004 0.1950328
v 0.06542956 0.03102004 0.1969164
v 0.06510514 0.032 0.1986058
v 0.06529182 0.0317378 0.1976336
v 0.0246936 0.032 0.3157511
v 0.0173369 0.032 0.3133034
v 0.005122244 0.032 0.3085541
v -0.01325738 0.032 0.3012717
v 0.05710577 0.032 0.3224899
v 0.04636222 0.032 0.3209312
v 0.0353747 0.032 0.3186721
v -0.01326423 0.032 0.3012858
v -0.006439924 0.032 0.3037785
v -0.01458489 0.03239101 0.3006155
v -0.01623934 0.03345686 0.3010628
v -0.01537609 0.03269082 0.3010743
v -0.01484251 0.03243154 0.3010858
v -0.01469576 0.03239065 0.3008267
v -0.0141381 0.03214871 0.3011305
v -0.01657325 0.03349494 0.3013216
v -0.01652455 0.03346222 0.3013115
v -0.0163719 0.03345644 0.301186
v -0.01627409 0.03329402 0.3012598
v -0.01604592 0.03314071 0.3012127
v -0.01744639 0.03400951 0.3015244
v -0.01727688 0.03390961 0.301485
v -0.01775562 0.03419172 0.3015962
v -0.01832813 0.03446573 0.3015879
v -0.01848882 0.03454256 0.3015857
v -0.01932621 0.03493988 0.301532
v -0.01912099 0.03484499 0.3015766
v -0.01565021 0.03346097 0.3002905
v -0.01432687 0.0321809 0.3010969
v -0.0155664 0.03346204 0.3001303
v -0.014701 0.03189092 0.3019494
v -0.01397627 0.03005135 0.3031573
v -0.01388794 0.03003484 0.3031857
v -0.01380074 0.03102004 0.3029202
v -0.01582366 0.03239285 0.3017652
v -0.01933002 0.03493809 0.3015311
v -0.01917159 0.03482228 0.3015686
v -0.0180971 0.03403621 0.3017011
v -0.01704961 0.03324258 0.3017083
v -0.01694047 0.03118622 0.3022288
v -0.01638066 0.03185719 0.3021762
v -0.01774156 0.032 0.3019922
v -0.01758879 0.03290742 0.301901
v -0.01813155 0.03252667 0.3018785
v -0.0184462 0.0338661 0.301732
v -0.01878976 0.03368788 0.3016875
v -0.0192219 0.03479939 0.3015592
v -0.01927191 0.03477656 0.3015482
v -0.01933372 0.03493636 0.3015303
v -0.01933753 0.03493463 0.3015294
v -0.01512718 0.03122323 0.302518
v -0.015504 0.03033638 0.3026677
v -0.01357299 0.0317378 0.3022263
v 0.05672544 0.03043323 0.324411
v 0.05677181 0.0310176 0.3241766
v 0.04606789 0.03102004 0.3226261
v 0.05697649 0.03188663 0.3231428
v 0.05691564 0.03171288 0.3234503
v 0.04619282 0.0317378 0.3219065
v 0.05686175 0.03155934 0.3237221
v 0.05677485 0.03105551 0.3241614
v 0.0567162 0.03003484 0.3244575
v -0.007071793 0.03102004 0.3053785
v -0.006803452 0.0317378 0.3046991
v 0.01446396 0.03003484 0.314331
v 0.01675957 0.03102004 0.3149238
v 0.004357576 0.03003484 0.3104019
v 0.004464507 0.03102004 0.3101437
v 0.004016399 0.03003484 0.3102609
v -0.007174432 0.03003484 0.3056383
v 0.03497493 0.03102004 0.3203452
v 0.04073828 0.03003484 0.3218154
v 0.04602009 0.03003484 0.3229014
v 0.01666569 0.03003484 0.315187
v 0.02410387 0.03003484 0.3176618
v 0.02418637 0.03102004 0.3173949
v 0.02652549 0.03003484 0.3183241
v 0.03490996 0.03003484 0.320617
v 0.004743695 0.0317378 0.3094688
v 0.0170046 0.0317378 0.3142358
v 0.02440172 0.0317378 0.316697
v 0.03514462 0.0317378 0.3196349
v -0.02497845 0 0.3010725
v -0.02269095 0 0.3016009
v -0.03153437 0 0.300624
v -0.01415759 0 0.3037031
v -0.01501113 0 0.3033751
v -0.01927191 0.03477656 0.3015482
v -0.01933753 0.03493463 0.3015294
v -0.02269095 0 0.3016009
v 0.003855288 0 0.310643
v -0.000244041 0 0.3090499
v 0.02641826 0 0.3186878
v 0.01954972 0 0.316742
v 0.01432538 0 0.3147118
v 0.04064881 0 0.3222234
v 0.03618395 0 0.3214544
v -0.07421004 0 0.2975924
v -0.07146221 0 0.2988011
v -0.07142078 0.002613246 0.2988199
v -0.07040691 0 0.2992653
v -0.06221711 0.002308726 0.3005837
v -0.06626808 0 0.3003035
v -0.06227737 0 0.300624
v -0.07777184 0 0.295243
v -0.0793299 0.002813518 0.2937883
v -0.07934635 0 0.293771
v -0.08483195 0.002881467 0.2861967
v -0.08485317 0 0.2862111
v -0.08339071 0 0.2890091
v -0.08080738 0 0.2924051
v -0.08715307 0.002807438 0.2771128
v -0.0872271 0 0.2771521
v -0.08662968 0 0.2812651
v -0.08531612 0 0.2853252
v -0.08468079 0.004749894 0.286135
v -0.0852701 0.004749894 0.284982
v -0.08651208 0.004749894 0.281019
v -0.08706951 0.004749894 0.2770881
v -0.07774817 0.004749894 0.2950547
v -0.0791803 0.004749894 0.2936922
v -0.08083856 0.004749894 0.2921147
v -0.08332926 0.004749894 0.2887794
v -0.07428616 0.004749894 0.2973802
v -0.07129687 0.004749894 0.2987245
v -0.06210327 0.004780173 0.3005406
v -0.06287997 0.004749894 0.3005291
v -0.06711304 0.004749894 0.3000357
v -0.07039374 0.004749894 0.2991306
v -0.06209903 0.004780471 0.2962899
v -0.06287997 0.004749894 0.2962759
v -0.05484867 0.008981049 0.3004672
v -0.05298531 0.01330202 0.3003918
v -0.05298531 0.01330202 0.2961412
v -0.05918675 0.005456924 0.3005287
v -0.05838823 0.006092846 0.296267
v -0.05842757 0.006022274 0.3005189
v -0.05721938 0.006506264 0.2962598
v -0.05503523 0.008548319 0.3004748
v -0.05497419 0.009132802 0.2962139
v -0.05385583 0.01044106 0.2961911
v -0.03895986 0.04526495 0.2998339
v -0.03900504 0.04267495 0.2998791
v -0.03711932 0.04575306 0.2998254
v -0.04043215 0.03769856 0.299966
v -0.04352468 0.0344839 0.3000221
v -0.04908835 0.0276823 0.3001408
v -0.05077242 0.02334064 0.3002166
v -0.05208778 0.01832407 0.3003041
v -0.04610466 0.03229856 0.3000602
v -0.04736596 0.03070503 0.3000881
v -0.03888338 0.04964005 0.2994008
v -0.03882938 0.05273413 0.2985581
v -0.03880721 0.05400812 0.298211
v -0.03880059 0.05438566 0.2980356
v -0.03866368 0.06223154 0.293234
v -0.03867274 0.06171333 0.2937507
v -0.03873872 0.05792731 0.2963898
v -0.03854417 0.06907612 0.2832903
v -0.03856658 0.06779205 0.2860278
v -0.03857553 0.0672785 0.2871227
v -0.03861999 0.06473422 0.2907382
v -0.03852474 0.07018822 0.2792227
v -0.03852009 0.07045304 0.2773824
v -0.04227167 0.07515305 0.1011472
v -0.04138708 0.07428395 0.08433556
v -0.04922318 0.07137382 0.08443731
v -0.02505171 0.07777935 0.08412718
v -0.03329133 0.07635939 0.08423238
v -0.03448587 0.07737523 0.1183915
v -0.02310711 0.07488405 0.03470742
v -0.023844 0.0761798 0.05095458
v -0.0159685 0.07753545 0.05078697
v -0.008005142 0.07833212 0.05061501
v -0.07277774 0.03910243 0.05221891
v -0.06914764 0.04625868 0.0520609
v -0.08955311 0 0.1998893
v -0.0893802 0 0.2096201
v -0.08911216 0.009347796 0.2105326
v -0.08832198 0.01798814 0.211414
v -0.08815866 0.0181874 0.178827
v -0.07137548 0.06153994 0.215945
v -0.06809872 0.06438875 0.2163441
v -0.06850653 0.06545811 0.1835259
v -0.06494295 0.06802713 0.1839061
v -0.08173245 0.04075783 0.2521588
v -0.08118528 0.04192245 0.2524613
v -0.08153504 0.04218626 0.2472177
v -0.07314449 0.05496031 0.2563838
v -0.07215547 0.05595177 0.256762
v -0.07277482 0.05657595 0.2485983
v -0.05921489 0.0655682 0.2608094
v -0.05856108 0.06584841 0.2609473
v -0.05928421 0.06682938 0.2499654
v -0.05351108 0.06801289 0.2620127
v -0.05062943 0.06898504 0.2625137
v -0.05129516 0.07001811 0.2506524
v -0.01714807 0.07423996 0.2535
v -0.01756346 0.07842206 0.1540988
v -0.08872705 0 0.2463734
v -0.08803272 0.004909038 0.2591172
v -0.08797228 0.004749894 0.2605775
v -0.08810847 0.005108535 0.257286
v -0.08816009 0.005590379 0.2555808
v -0.08817911 0.00612843 0.2544382
v -0.01765006 0.07741761 0.1882221
v -0.01751655 0.07600724 0.2212736
v -0.03435736 0.07334029 0.2520498
v -0.04133808 0.07125282 0.2640293
v -0.03996878 0.0714215 0.2649953
v -0.04234397 0.07107257 0.2637415
v -0.03900879 0.07146638 0.2663386
v -0.03854322 0.07139861 0.2679043
v -0.0385046 0.07134509 0.268533
v -0.05035603 0.06907731 0.2625612
v -0.04293245 0.07096713 0.2635731
v -0.04291355 0.07210063 0.2513461
v -0.06655538 0.0623458 0.249282
v -0.06920701 0.05890744 0.2578894
v -0.06582564 0.06149399 0.2589794
v -0.06439626 0.06258738 0.2594401
v -0.07775646 0.04974853 0.2479114
v -0.07728356 0.0493384 0.2545157
v -0.076595 0.05047893 0.2548587
v -0.07916522 0.04622161 0.2535781
v -0.08381855 0.03487384 0.2508911
v -0.08428287 0.03417229 0.2465142
v -0.08405166 0.03401732 0.2507397
v -0.08621811 0.02590781 0.2457978
v -0.08754563 0.01751685 0.2450652
v -0.08736312 0.01744771 0.2485187
v -0.08667695 0.02244246 0.2489891
v -0.08599895 0.0258001 0.2494499
v -0.08516788 0.02991557 0.2500146
v -0.08813834 0.009676098 0.2498121
v -0.08812326 0.0100758 0.2494649
v -0.08839291 0.009068131 0.2443114
v -0.08820527 0.006869912 0.2528635
v -0.08820009 0.007573843 0.251913
v -0.0887776 0 0.2435293
v -0.08819586 0.008145034 0.2511418
v -0.08816367 0.009001612 0.2503979
v -0.0881046 0.01041781 0.2492533
v -0.08793932 0.01271659 0.2483645
v -0.0877577 0.01457542 0.2482482
v -0.0351358 0.07536375 0.2195787
v -0.05290138 0.07352864 0.1850517
v -0.06111842 0.07022249 0.1842868
v -0.06070566 0.06901574 0.2171429
v -0.03540074 0.07674729 0.1866073
v -0.04424232 0.07559782 0.1858239
v -0.04391556 0.07424378 0.2187564
v -0.05252122 0.07222914 0.2179457
v -0.08903288 0 0.1771297
v -0.08891105 0.009452819 0.1779869
v -0.08716893 0.01810723 0.1472312
v -0.08701449 0.02688884 0.1796452
v -0.08710634 0.02658784 0.2122715
v -0.08534812 0.03550732 0.1804443
v -0.08534085 0.03508973 0.2131094
v -0.08291965 0.04393225 0.1812281
v -0.08279269 0.04337614 0.2139319
v -0.07944774 0.05195987 0.1820002
v -0.07919734 0.05124062 0.2147426
v -0.07467699 0.05926847 0.1827649
v -0.07432526 0.05837035 0.2155452
v -0.07176178 0.06252646 0.1831456
v -0.06747227 0.06348812 0.2327897
v -0.07370358 0.0575844 0.2320302
v -0.07863003 0.05059051 0.2312667
v -0.02637195 0.07813984 0.1535018
v -0.03518044 0.07744914 0.1529185
v -0.04392832 0.07612431 0.152346
v -0.0524767 0.07388168 0.1517817
v -0.06057047 0.07041817 0.1512228
v -0.064332 0.06815445 0.1509445
v -0.06783372 0.06552565 0.1506665
v -0.07103013 0.0625438 0.1503887
v -0.07389146 0.05924546 0.1501105
v -0.07857477 0.05188482 0.1495518
v -0.08198922 0.04383647 0.1489875
v -0.08438682 0.03541058 0.1484146
v -0.07697564 0.0414952 0.08494091
v -0.0766049 0.05096733 0.1172246
v -0.07199275 0.05824559 0.1174182
v -0.06892704 0.05616998 0.08473843
v -0.08248913 0.03476649 0.1168304
v -0.0800305 0.04304808 0.117029
v -0.07347679 0.04912185 0.08483922
v -0.06465578 0.05291467 0.05190432
v -0.07958537 0.03351712 0.08504396
v -0.07562464 0.03160125 0.05237889
v -0.07556885 0.02291351 0.03575503
v -0.07720386 0.01529037 0.03586471
v -0.07818448 0.007551789 0.03597784
v -0.07854515 0 0.0360946
v -0.07777285 0.02386522 0.05254125
v -0.08147603 0.02533298 0.08514881
v -0.08421301 0.02629578 0.1166275
v -0.07881742 0 0.03842043
v -0.08021885 0.007981777 0.05287808
v -0.07929211 0.01597231 0.05270677
v -0.08278846 0.0170297 0.0852558
v -0.08042079 0 0.05307626
v -0.08396691 0 0.08549153
v -0.08461266 0 0.09139436
v -0.08539527 0.01773089 0.1164193
v -0.03053605 0.07263439 0.03481554
v -0.03771901 0.06970876 0.03492146
v -0.01550078 0.07648313 0.03459656
v -0.04457497 0.06607609 0.03502571
v -0.05100154 0.06170487 0.03512895
v -0.05687683 0.0565899 0.03523159
v -0.06141489 0.06078988 0.06820607
v -0.05928206 0.05888235 0.05174857
v -0.05498719 0.0658999 0.06804984
v -0.05311518 0.06400406 0.05159294
v -0.04788297 0.06997734 0.06789278
v -0.04633015 0.06822812 0.0514366
v -0.04033124 0.07311147 0.06773418
v -0.03910565 0.07160472 0.05127865
v -0.03249973 0.07544767 0.06757318
v -0.03157889 0.07422608 0.05111825
v -0.01726222 0.07891011 0.1188006
v -0.0167337 0.0786857 0.08401954
v -0.02588981 0.0783683 0.1185938
v -0.01638054 0.07824504 0.06724095
v -0.05034899 0.07244569 0.1011289
v -0.05660575 0.06743788 0.08453798
v -0.05796903 0.06864339 0.1011109
v -0.06326276 0.06235301 0.08463817
v -0.06482326 0.06359446 0.1010929
v -0.04298716 0.07573717 0.1181931
v -0.05126327 0.0732097 0.1179975
v -0.06920343 0.06153237 0.1175146
v -0.06610184 0.06452804 0.1176109
v -0.06271415 0.06719851 0.1177073
v -0.05908071 0.06953179 0.1178038
v -0.08630847 0 0.1160109
v -0.08829504 0 0.1448476
v -0.08832108 0 0.1459882
v -0.08358353 0.004749894 0.2631917
v -0.08364826 0.00481832 0.2618228
v -0.08368587 0.004937112 0.2609307
v -0.08378148 0.005794227 0.2579517
v -0.08378994 0.005968034 0.2575564
v -0.08595025 0.006060779 0.2559815
v -0.08391547 0.009649574 0.2529489
v -0.0871464 0.009649574 0.2505846
v -0.08627361 0.01457542 0.2494938
v -0.08373785 0.0096578 0.2530892
v -0.08367335 0.0106619 0.2525933
v -0.08333557 0.01457542 0.251655
v -0.08356672 0.01223337 0.2518852
v -0.08359283 0.01191604 0.251974
v -0.08379131 0.006079733 0.2573745
v -0.08380866 0.007485628 0.2550847
v -0.08374726 0.009511351 0.2531615
v 0.06992936 0 0.01237398
v 0.0696128 -0.006831884 0.01237398
v 0.0706638 0 0.02112394
v 0.07029628 -0.006682217 0.02112394
v 0.07026559 -0.007240772 0.02112394
v 0.06955033 -0.008180737 0.01237398
v 0.06926327 -0.01359117 0.02112394
v 0.06872504 -0.01357221 0.01237398
v 0.06914877 -0.01431667 0.02112394
v 0.06848853 -0.01511758 0.01237398
v 0.06755614 -0.02037632 0.02112394
v 0.06776219 -0.01819211 0.01237398
v 0.0671429 -0.02013319 0.01237398
v 0.06731891 -0.02127891 0.02112394
v 0.06569558 -0.0246697 0.01237398
v 0.0663045 -0.0242536 0.02112394
v 0.06516391 -0.02694487 0.02112394
v 0.06486302 -0.02658236 0.01237398
v 0.06349384 -0.03088539 0.02112394
v 0.0629583 -0.03095823 0.01237398
v 0.0621891 -0.03326499 0.02112394
v 0.0619176 -0.03281509 0.01237398
v 0.06006401 -0.03714054 0.02112394
v 0.05955564 -0.03702962 0.01237398
v 0.05860751 -0.03925925 0.02112394
v 0.05840998 -0.03878957 0.01237398
v 0.05831056 -0.03894227 0.01237398
v 0.05602985 -0.04300856 0.02112394
v 0.05425316 -0.04434573 0.01237398
v 0.05450087 -0.0449106 0.02112394
v 0.054048 -0.04461902 0.01237398
v 0.05388343 -0.04567879 0.02112394
v 0.04957264 -0.0494703 0.01237398
v 0.04977917 -0.05006325 0.02112394
v 0.04922825 -0.0498436 0.01237398
v 0.04897552 -0.05092167 0.02112394
v 0.04440546 -0.05411177 0.01237398
v 0.04459083 -0.05474174 0.02112394
v 0.04385828 -0.054596 0.01237398
v 0.04360407 -0.05560123 0.02112394
v 0.04205524 -0.05598908 0.01237398
v 0.03896325 -0.0588833 0.02112394
v 0.03877896 -0.05818885 0.01237398
v 0.03779035 -0.05971282 0.02112394
v 0.03614002 -0.05996078 0.01237398
v 0.03564924 -0.06101715 0.02112394
v 0.0329414 -0.06242161 0.02112394
v 0.03280675 -0.06173884 0.01237398
v 0.02926027 -0.06433093 0.02112394
v 0.02985978 -0.06331104 0.01237398
v 0.02661126 -0.06537973 0.02112394
v 0.02651321 -0.06467843 0.01237398
v 0.02262103 -0.06695967 0.02112394
v 0.02323561 -0.06601768 0.01237398
v 0.0200178 -0.06769758 0.02112394
v 0.02098256 -0.06676256 0.01237398
v 0.01997548 -0.06702101 0.01237398
v 0.0157538 -0.06890618 0.02112394
v 0.01413786 -0.06851899 0.01237398
v 0.006318271 -0.06961584 0.01237398
v 0.006316006 -0.07040262 0.02112394
v 0.0071401 -0.06957495 0.01237398
v 0.006481647 -0.07039493 0.02112394
v 0.01322042 -0.06865745 0.01237398
v 0.01324009 -0.06942093 0.02112394
v 0.01353788 -0.06937807 0.02112394
v -1.20285e-06 -0.06993019 0.01237398
v 0 -0.07050377 0.018929
v 0 -0.07069551 0.021124
v -0.06679725 -0.01990234 0.01237398
v -0.0668447 -0.01972711 0.01237398
v -0.06768709 -0.02033168 0.02112394
v -0.06861549 -0.01723206 0.02112394
v -0.06904721 -0.01536768 0.02112394
v -0.06855535 -0.01341116 0.01237398
v -0.06935107 -0.01352912 0.02112394
v -0.06857454 -0.01328843 0.01237398
v -0.07023119 -0.008204698 0.02112394
v -0.06958442 -0.006830573 0.01237398
v -0.07033324 -0.006592512 0.02112394
v -0.06959414 -0.00663805 0.01237398
v -0.07069379 -0.00089867 0.02112394
v -0.06992936 0 0.01237398
v -0.07070958 0 0.02112394
v -0.06589907 -0.02246391 0.01237398
v -0.06655788 -0.02410149 0.02112394
v -0.06435281 -0.02601933 0.01237398
v -0.0653845 -0.02694118 0.02112394
v -0.06303304 -0.02905398 0.01237398
v -0.06383031 -0.03070241 0.02112394
v -0.06129378 -0.03214389 0.01237398
v -0.06244027 -0.03328508 0.02112394
v -0.05947452 -0.03537595 0.01237398
v -0.06042748 -0.03702509 0.02112394
v -0.05917167 -0.03901964 0.02112394
v -0.05763518 -0.03799945 0.01237398
v -0.05893689 -0.03934186 0.02112394
v -0.05524593 -0.04140728 0.01237398
v -0.05500459 -0.04473763 0.02112394
v -0.05463737 -0.04218137 0.01237398
v -0.05345439 -0.04352784 0.01237398
v -0.05478554 -0.04498165 0.02112394
v -0.04967355 -0.04783135 0.01237398
v -0.05027818 -0.05000221 0.02112394
v -0.04878741 -0.04866635 0.01237398
v -0.05008381 -0.05017858 0.02112394
v -0.04426133 -0.05293112 0.01237398
v -0.04499685 -0.05479282 0.02112394
v -0.04367727 -0.05338621 0.01237398
v -0.04488378 -0.05488127 0.02112394
v -0.04263329 -0.05664134 0.02112394
v -0.03844785 -0.05745989 0.01237398
v -0.03918266 -0.05895811 0.02112394
v -0.03817331 -0.0576477 0.01237398
v -0.0368092 -0.05858117 0.01237398
v -0.0367617 -0.06058353 0.02112394
v -0.03226542 -0.06129443 0.01237398
v -0.03314614 -0.06251138 0.02112394
v -0.03081995 -0.06215763 0.01237398
v -0.03051084 -0.06391656 0.02112394
v -0.02608305 -0.06438368 0.01237398
v -0.0267806 -0.0654444 0.02112394
v -0.0246095 -0.06507617 0.01237398
v -0.006360948 -0.07037609 0.021124
v -0.0238915 -0.06662768 0.02112394
v -0.02130329 -0.0674827 0.02112394
v -0.01964884 -0.06681573 0.01237398
v -0.02016288 -0.06777381 0.02112394
v -0.01818674 -0.06732851 0.01237398
v -0.01435059 -0.06925749 0.02112394
v -0.01303488 -0.06858956 0.01237398
v -0.01332849 -0.06941199 0.02112394
v -0.0125072 -0.06871873 0.01237398
v -0.007243931 -0.07033175 0.02112394
v -0.006252348 -0.06960701 0.01237398
v -0.005751669 -0.06967806 0.01237398
v -0.02060949 -0.06921714 0.01237398
v -0.02043724 -0.06926292 0.01237398
v -0.02073258 -0.06988722 0.01862388
v -0.015917 -0.07122331 0.01862388
v -0.01388436 -0.07100236 0.01237398
v -0.01371765 -0.07166814 0.01862388
v -0.01354557 -0.07105547 0.01237398
v -0.01289403 -0.07183474 0.01862388
v -0.007022917 -0.07207763 0.01237398
v -0.006543815 -0.07265406 0.01862388
v -0.006494343 -0.07210487 0.01237398
v -0.005701899 -0.07276266 0.01862388
v -1.11791e-06 -0.07243978 0.01237398
v 0 -0.07299041 0.01866745
v -0.02272897 -0.06849771 0.01237398
v -0.02287536 -0.06929272 0.01862388
v -0.02709561 -0.06667435 0.01237398
v -0.02755165 -0.0674777 0.01862388
v -0.02940464 -0.06571012 0.01237398
v -0.02961498 -0.06667685 0.01862388
v -0.03350669 -0.06348299 0.01237398
v -0.03409636 -0.064399 0.01862388
v -0.03580504 -0.06223499 0.01237398
v -0.03611493 -0.06337302 0.01862388
v -0.03852009 -0.06193304 0.01862388
v -0.03958612 -0.0596708 0.01237398
v -0.04030382 -0.06069093 0.01862388
v -0.04192692 -0.05808341 0.01237398
v -0.04447263 -0.05778825 0.01862388
v -0.04288142 -0.05735522 0.01237398
v -0.04528307 -0.05530452 0.01237398
v -0.04611617 -0.05638432 0.01862388
v -0.04868692 -0.05239826 0.01237398
v -0.04999876 -0.0530681 0.01862388
v -0.05056864 -0.05046021 0.01237398
v -0.05147564 -0.05152946 0.01862388
v -0.0539534 -0.04697406 0.01237398
v -0.05507642 -0.04777848 0.01862388
v -0.05539894 -0.04517465 0.01237398
v -0.06064194 -0.040376 0.01862388
v -0.05866712 -0.04110628 0.01237398
v -0.05760633 -0.04470241 0.01862388
v -0.05637001 -0.04620558 0.01862388
v -0.06974661 -0.02143388 0.01862388
v -0.06988346 -0.02089744 0.01862388
v -0.06917417 -0.02073526 0.01237398
v -0.06923627 -0.02051228 0.01237398
v -0.068273 -0.02572447 0.01862388
v -0.06673926 -0.02708584 0.01237398
v -0.06742388 -0.02766489 0.01862388
v -0.06668812 -0.02721935 0.01237398
v -0.06534016 -0.03242653 0.01862388
v -0.06357485 -0.03344637 0.01237398
v -0.06435066 -0.03418499 0.01862388
v -0.0635451 -0.03350579 0.01237398
v -0.06177735 -0.0387578 0.01862388
v -0.0597918 -0.03951388 0.01237398
v -0.05975389 -0.03957456 0.01237398
v -0.07079875 -0.01489931 0.01237398
v -0.07152956 -0.01444596 0.01862388
v -0.07098865 -0.01379942 0.01237398
v -0.07161086 -0.01390814 0.01862388
v -0.07196623 -0.00813651 0.01237398
v -0.07260984 -0.007297754 0.01862388
v -0.07204753 -0.006874561 0.01237398
v -0.07263654 -0.006779134 0.01862388
v -0.07242095 -0.001078188 0.01237398
v -0.07298606 0 0.01862388
v -0.07243925 0 0.01237398
v 0.02066797 -0.06938517 0.01237398
v 0.01743453 -0.070351 0.01237398
v 0.01449555 -0.071006 0.01237398
v 0.01368445 -0.07112711 0.01237398
v 0.007298946 -0.07208079 0.01237398
v 0.006537437 -0.07211822 0.01237398
v 0.02432596 -0.06829249 0.01237398
v 0.02745753 -0.06700408 0.01237398
v 0.03098446 -0.06555294 0.01237398
v 0.03397578 -0.06395649 0.01237398
v 0.03739345 -0.06213235 0.01237398
v 0.03940856 -0.06087911 0.01237398
v 0.04018646 -0.06032097 0.01237398
v 0.04529905 -0.05665302 0.01237398
v 0.04598152 -0.0560528 0.01237398
v 0.05075043 -0.05185937 0.01237398
v 0.05132555 -0.05124169 0.01237398
v 0.05573511 -0.04650616 0.01237398
v 0.05618429 -0.04594457 0.01237398
v 0.05800896 -0.04366302 0.01237398
v 0.06041789 -0.04014045 0.01237398
v 0.07243931 0 0.01237398
v 0.07216668 -0.007029712 0.01237398
v 0.07216399 -0.007099211 0.01237398
v 0.07125657 -0.01402068 0.01237398
v 0.07125341 -0.01403409 0.01237398
v 0.06965053 -0.02074056 0.01237398
v 0.06960874 -0.020868 0.01237398
v 0.06834995 -0.02470684 0.01237398
v 0.06715971 -0.02753293 0.01237398
v 0.06554216 -0.03137362 0.01237398
v 0.06411063 -0.03399419 0.01237398
v 0.06208443 -0.03770339 0.01237398
v 0.07053023 -0.01877558 0.01862388
v 0.06981575 -0.02100914 0.01862388
v 0.006537497 -0.07265925 0.01862847
v 0.00730288 -0.07262051 0.01862388
v 0.01369971 -0.07165521 0.01862388
v 0.01447379 -0.07153844 0.01862388
v 0.02072584 -0.06994706 0.01862388
v 0.02149564 -0.06975108 0.01862388
v 0.02415674 -0.06887489 0.01862388
v 0.0275253 -0.06750041 0.01862388
v 0.03092515 -0.06611317 0.01862388
v 0.0340715 -0.06444603 0.01862388
v 0.03733426 -0.06271719 0.01862388
v 0.04028165 -0.06075823 0.01862388
v 0.04336768 -0.05870705 0.01862388
v 0.04559093 -0.05699753 0.01862388
v 0.04613041 -0.05651986 0.01862388
v 0.05106401 -0.05215162 0.01862388
v 0.05149734 -0.05168282 0.01862388
v 0.0559861 -0.04682803 0.01862388
v 0.05635631 -0.04633808 0.01862388
v 0.06035202 -0.04104876 0.01862388
v 0.06067723 -0.04055023 0.01862388
v 0.06188446 -0.0386998 0.01862388
v 0.06432634 -0.03432136 0.01862388
v 0.06544321 -0.03231883 0.01862388
v 0.06740182 -0.02779996 0.01862388
v 0.06832468 -0.02567058 0.01862388
v 0.07120192 -0.01603716 0.01862388
v 0.07154965 -0.01402282 0.01862388
v 0.07244157 -0.00885576 0.01862388
v 0.07257986 -0.006898701 0.01862388
v 0.0729593 -0.001530647 0.01862388
v 0.07298606 0 0.01862388
v 0.07647645 -0.001346707 0.01862388
v 0.07592409 -0.007161498 0.01862388
v -0.07498455 -0.0144605 0.01862388
v -0.07306319 -0.02172762 0.01862388
v -0.07192212 -0.02604323 0.01862388
v -0.07063561 -0.02880394 0.01862388
v -0.06745648 -0.03562635 0.01862388
v -0.07647645 -0.001346707 0.01862388
v -0.07594287 -0.007033169 0.01862388
v -0.07538962 -0.0129283 0.01862388
v 0.06352967 -0.0421288 0.01862388
v -0.06619185 -0.03834009 0.01862388
v -0.06358689 -0.04203844 0.01862388
v -0.05924928 -0.04819661 0.01862388
v -0.05838155 -0.04942846 0.01862388
v -0.03887075 -0.06588667 0.01862388
v -0.03615152 -0.06718099 0.01862388
v -0.029338 -0.07042425 0.01862388
v -0.02661699 -0.07171946 0.01862388
v -0.02225565 -0.07291024 0.01862388
v 0.02661764 -0.07171916 0.01862388
v 0.02929413 -0.07044512 0.01862388
v 0.03609728 -0.06720668 0.01862388
v 0.03887248 -0.0658856 0.01862388
v 0.0424866 -0.06329482 0.01862388
v 0.04860717 -0.05890733 0.01862388
v 0.06610029 -0.0384978 0.01862388
v 0.06740009 -0.03572559 0.01862388
v 0.07059293 -0.02891594 0.01862388
v 0.07186126 -0.02621084 0.01862388
v 0.07302606 -0.02184605 0.01862388
v 0.07496339 -0.01458662 0.01862388
v -0.0541408 -0.0537045 0.01862388
v -0.04989874 -0.0579819 0.01862388
v -0.04867327 -0.05886036 0.01862388
v -0.04254436 -0.06325352 0.01862388
v 0 -0.07649999 0.01862388
v 0.007501423 -0.07583194 0.01862388
v 0.01351773 -0.07529616 0.01862388
v 0.01495134 -0.07490468 0.01862388
v 0.02222019 -0.07291996 0.01862388
v 0.04990196 -0.05797916 0.01862388
v 0.05408221 -0.05377405 0.01862388
v 0.05826157 -0.04956984 0.01862388
v 0.05918169 -0.04827028 0.01862388
v 0.07535982 -0.01310116 0.01862388
v -0.01351761 -0.07529616 0.01862388
v -0.007513821 -0.07583081 0.01862388
v -0.01497519 -0.07489818 0.01862388
v -0.08813416 -0.009861111 0.2496095
v -0.08799022 -0.01209956 0.2485179
v -0.08627361 -0.01457542 0.2494938
v -0.08796983 -0.01235389 0.2484475
v -0.0877577 -0.01457542 0.2482482
v -0.08820509 -0.00752002 0.251908
v -0.08820033 -0.007911205 0.251412
v -0.0871464 -0.009649574 0.2505846
v -0.08816331 -0.009001672 0.250404
v -0.08814084 -0.009665668 0.2497902
v -0.08820551 -0.00748533 0.2519521
v -0.08391207 -0.009649574 0.2529512
v -0.08818387 -0.0060817 0.254413
v -0.08803826 -0.004828572 0.2591046
v -0.08815085 -0.005475521 0.2559246
v -0.08594661 -0.006060779 0.2559839
v -0.08818203 -0.005960226 0.2546259
v -0.08373367 -0.009679079 0.2531198
v -0.08379709 -0.008142232 0.2543392
v -0.08358353 -0.004749894 0.2631917
v -0.08797228 -0.004749894 0.2605775
v -0.0837177 -0.005103826 0.260093
v -0.08803588 -0.004815042 0.2591711
v -0.08377569 -0.005694985 0.2581951
v -0.08378678 -0.006120145 0.2574003
v -0.08381086 -0.007042348 0.2556768
v -0.08333557 -0.01457542 0.251655
v -0.08345603 -0.01344162 0.2516753
v -0.08351844 -0.01278507 0.2517645
v -0.08369034 -0.01054698 0.2525311
v -0.08370184 -0.01035308 0.2526381
v -0.08371496 -0.01013296 0.2527596
v -0.04031413 -0.03807753 0.2999594
v -0.04043215 -0.03769856 0.2957153
v -0.04033339 -0.0380429 0.2957093
v -0.04007583 -0.03834426 0.2999547
v -0.0549739 -0.009132623 0.3004646
v -0.05503523 -0.008548319 0.2962241
v -0.05484867 -0.008981049 0.2962166
v -0.05385774 -0.01043725 0.3004418
v -0.05298531 -0.01330202 0.2961412
v -0.05298531 -0.01330202 0.3003918
v -0.06287997 -0.004749894 0.3005291
v -0.06210327 -0.004780173 0.3005406
v -0.06221711 -0.002308726 0.3005837
v -0.08338892 0 0.2890119
v -0.08485311 0 0.286211
v -0.08483195 -0.002881467 0.2861967
v -0.08531612 0 0.2853252
v -0.08715307 -0.002807438 0.2771128
v -0.08662897 0 0.2812684
v -0.08080738 0 0.2924051
v -0.0793299 -0.002813518 0.2937883
v -0.07934629 0 0.2937709
v -0.07142078 -0.002613246 0.2988199
v -0.07146215 0 0.298801
v -0.07421004 0 0.2975924
v -0.07776927 0 0.2952451
v -0.06626808 0 0.3003035
v -0.07040375 0 0.2992664
v -0.07129329 -0.004749894 0.2987148
v -0.07015359 -0.004749894 0.2992134
v -0.0661211 -0.004749894 0.3002173
v -0.07918095 -0.004749894 0.2936915
v -0.07753247 -0.004749894 0.2952255
v -0.07406204 -0.004749894 0.2975035
v -0.08515858 -0.004749894 0.285251
v -0.0846914 -0.004749894 0.2861396
v -0.0831753 -0.004749894 0.2890229
v -0.08065342 -0.004749894 0.2923214
v -0.08644658 -0.004749894 0.2813036
v -0.08706951 -0.004749894 0.2770881
v -0.05838799 -0.006092429 0.3005176
v -0.0572229 -0.00650388 0.3005105
v -0.03895986 -0.04526495 0.2998339
v -0.03711509 -0.04575407 0.2998254
v -0.03900504 -0.04267495 0.2998791
v -0.03153437 -0.0468682 0.2998059
v -0.04352468 -0.0344839 0.3000221
v -0.05249738 -0.01626521 0.3003401
v -0.05099332 -0.02262592 0.3002291
v -0.04960548 -0.02652657 0.300161
v -0.04761958 -0.03032803 0.3000946
v -0.04631674 -0.0320605 0.3000644
v -0.04398483 -0.03417021 0.3000276
v -0.01730746 -0.07027786 0.2871606
v -0.01613909 -0.07010889 0.2872751
v -0.01675349 -0.06797736 0.2908785
v -0.01717394 -0.04819458 0.3008382
v -0.01830279 -0.04818832 0.3012855
v -0.01831412 -0.05054402 0.3011241
v -0.01631468 -0.04818832 0.2999802
v -0.01718568 -0.05048972 0.3006806
v -0.01586586 -0.04817056 0.298852
v -0.01632678 -0.05038893 0.2998293
v -0.01802927 -0.05854731 0.2988058
v -0.01823574 -0.05459946 0.3003117
v -0.01944595 -0.05462807 0.3002725
v -0.01952707 -0.05054295 0.3010873
v -0.0195164 -0.04817056 0.3012487
v -0.0193125 -0.0571385 0.2993186
v -0.01923441 -0.05860656 0.2987607
v -0.0189085 -0.06219327 0.2966596
v -0.01854503 -0.06484979 0.2944338
v -0.01727408 -0.06532561 0.2940057
v -0.01771014 -0.06210434 0.2967144
v -0.01846367 -0.06544399 0.293936
v -0.0182901 -0.0663203 0.2929064
v -0.01793313 -0.06812238 0.2907891
v -0.01711237 -0.05444061 0.2998876
v -0.01691579 -0.0582863 0.2984184
v -0.01661068 -0.06175071 0.2963784
v -0.01619249 -0.06488734 0.2937371
v -0.01569241 -0.06746882 0.2906883
v -0.01510125 -0.06954312 0.2871763
v -0.01625895 -0.05417758 0.2990694
v -0.01607447 -0.05786579 0.2976612
v -0.01578664 -0.06118911 0.2957056
v -0.01539129 -0.06419903 0.2931728
v -0.01491737 -0.06667703 0.2902488
v -0.01435619 -0.06866914 0.2868797
v -0.01587772 -0.05025821 0.2987094
v -0.01581466 -0.05385303 0.2979904
v -0.01564157 -0.05735391 0.296657
v -0.01537078 -0.06050992 0.2948042
v -0.01499807 -0.06337028 0.292403
v -0.0145508 -0.06572699 0.2896293
v -0.01402056 -0.06762343 0.2864315
v -0.01730561 -0.07028084 0.2871539
v -0.01669007 -0.07121407 0.285018
v -0.015657 -0.07096797 0.2853733
v -0.01639539 -0.07145899 0.2843685
v -0.01521182 -0.07205384 0.282534
v -0.01440149 -0.07176005 0.2831861
v -0.01334881 -0.06878787 0.2846738
v -0.01350498 -0.06867063 0.2848964
v -0.01386189 -0.06970006 0.285083
v -0.01228874 -0.06941038 0.2834042
v -0.012465 -0.06934773 0.283557
v -0.01247471 -0.07013911 0.283362
v -0.01274681 -0.07038813 0.2835207
v -0.01255506 -0.07045382 0.2833438
v -0.01279455 -0.0709058 0.2831668
v -0.01325124 -0.07128602 0.2832008
v -0.01303225 -0.07135444 0.2829911
v -0.01338195 -0.07171249 0.2826564
v -0.01391315 -0.07192552 0.2826386
v -0.01365882 -0.07199585 0.2823916
v -0.0137009 -0.07201397 0.2823449
v -0.01464694 -0.07222384 0.2819068
v -0.01435363 -0.07229512 0.2816228
v -0.01367056 -0.07112562 0.283667
v -0.01311361 -0.07023292 0.2839143
v -0.01280313 -0.06919783 0.2838959
v -0.01639688 -0.07145822 0.2843708
v -0.01541322 -0.07119536 0.2848011
v -0.01452809 -0.07058149 0.2850497
v -0.01472949 -0.0703634 0.2855412
v -0.01403683 -0.06948465 0.2854985
v -0.01367545 -0.06845408 0.285251
v -0.002149522 -0.06560665 0.2756124
v -0.002390325 -0.06674301 0.2756586
v -0.003207266 -0.06674218 0.268696
v 0.003746986 -0.06754535 0.2313542
v 0.003116369 -0.06819969 0.2310433
v 0.004792988 -0.0681861 0.2279039
v 0.03049176 -0.06674349 0.2023018
v 0.03060019 -0.06561797 0.2025178
v 0.02647757 -0.06569582 0.2053105
v 0.0301643 -0.06769561 0.2017436
v 0.02636599 -0.06673318 0.2051388
v 0.0260486 -0.06763517 0.2046874
v 0.02067279 -0.06755524 0.2091531
v 0.0201959 -0.0682106 0.2086119
v 0.02332222 -0.06825667 0.2059336
v 0.0255649 -0.06828975 0.2040123
v 0.02798926 -0.06831598 0.2021875
v 0.02966582 -0.0683341 0.2009255
v 0.02109783 -0.06574434 0.2096427
v 0.02098447 -0.06670314 0.2095093
v 0.0199244 -0.0657494 0.2107362
v 0.01842302 -0.0666902 0.2119076
v 0.01853793 -0.06575542 0.2120282
v 0.01382946 -0.06576538 0.2170987
v 0.01039361 -0.06576585 0.221596
v 0.009490966 -0.06668365 0.2225131
v 0.01370841 -0.06667768 0.2169958
v 0.007732689 -0.068165 0.2232398
v 0.008584678 -0.06815892 0.2218881
v 0.009133219 -0.0675078 0.2222666
v 0.01287651 -0.06814843 0.2162932
v 0.01338028 -0.06749814 0.2167185
v 0.01487296 -0.06816148 0.2141073
v 0.01810944 -0.06752616 0.2115843
v 0.01762861 -0.06817942 0.2110906
v 0.01890212 -0.06819492 0.209861
v 0.005396306 -0.06753277 0.2282387
v 0.009623467 -0.06576591 0.222604
v 0.005937099 -0.06576097 0.2285374
v 0.005790889 -0.0666964 0.2284572
v 0.00431329 -0.06575709 0.2316318
v 0.004160106 -0.06670236 0.2315573
v 0.003224492 -0.06575274 0.2341295
v 0.001380205 -0.06671297 0.2379155
v 0.001547276 -0.065746 0.237977
v -0.000599934 -0.06573027 0.2445659
v -0.000781024 -0.06672191 0.2445189
v -0.001325428 -0.06572037 0.2478324
v -0.002310097 -0.06672948 0.2513561
v -0.004270434 -0.06829112 0.2555517
v -0.004192948 -0.06828844 0.2546606
v -0.003371298 -0.06763362 0.2547588
v -0.003630936 -0.06827664 0.2511341
v -0.002836585 -0.06762081 0.2512685
v -0.002008557 -0.06825196 0.2441872
v -0.001268923 -0.06759542 0.2443878
v -0.00199002 -0.06825178 0.2441319
v 0.000930037 -0.06757044 0.2377461
v 0.000244903 -0.06822633 0.2374871
v 0.002103209 -0.06820911 0.2333171
v -0.002114713 -0.06570965 0.2513864
v -0.002622783 -0.06569749 0.2548435
v -0.002825379 -0.06673288 0.2548224
v -0.003132402 -0.06567049 0.2617467
v -0.003349125 -0.06673848 0.2617454
v -0.003123164 -0.0656687 0.2621634
v -0.002977669 -0.06564021 0.268675
v -0.003932774 -0.0676586 0.261734
v -0.003825902 -0.06768155 0.2687438
v -0.003039062 -0.06770086 0.2757728
v -0.004806399 -0.06830954 0.2617142
v -0.004758954 -0.06832265 0.2673386
v -0.004746437 -0.06832611 0.2688115
v -0.003998339 -0.06833642 0.2759379
v 0.03151118 -0.06679779 0.2014102
v 0.03223264 -0.06758004 0.1965304
v 0.03233891 -0.06626182 0.1959342
v 0.03275281 -0.06611484 0.1969719
v 0.03153187 -0.06857782 0.1973164
v 0.0325306 -0.06738728 0.1974772
v 0.03040057 -0.06902182 0.1981084
v 0.03173708 -0.06837445 0.1980425
v 0.03289443 -0.06594979 0.1983405
v 0.03259015 -0.06713247 0.1989289
v 0.03292179 -0.06591784 0.1986052
v 0.03257733 -0.06576293 0.200143
v 0.03222841 -0.06693309 0.2002645
v 0.03224939 -0.06571972 0.2006956
v 0.03178381 -0.06565833 0.20148
v 0.03175866 -0.06810587 0.1991555
v 0.03147208 -0.06789565 0.2001791
v 0.0309273 -0.06775283 0.2010577
v 0.03054213 -0.06886547 0.1985471
v 0.03058367 -0.06865519 0.1992425
v 0.0304349 -0.06848943 0.1999011
v 0.03012138 -0.06837743 0.2004764
v 0.02933639 -0.06992191 0.1957288
v 0.02826237 -0.07079362 0.1933453
v 0.03038549 -0.06942975 0.1949658
v 0.02923184 -0.07026171 0.1926138
v 0.03102463 -0.06844455 0.1942269
v 0.02981305 -0.0692926 0.1919205
v 0.03111702 -0.06717711 0.1936701
v 0.02989256 -0.06807559 0.1914006
v 0.02757447 -0.07148176 0.1908972
v 0.02750504 -0.07163619 0.1899878
v 0.02853614 -0.07086974 0.1905788
v 0.02844667 -0.07100641 0.1898146
v 0.02916908 -0.06992638 0.1902469
v 0.02907681 -0.07007008 0.1896161
v 0.02937483 -0.06879842 0.1899535
v 0.02930355 -0.06896382 0.1894214
v 0.02765572 -0.0713694 0.1914123
v 0.02862524 -0.07077014 0.1910102
v 0.02925491 -0.06982225 0.1906028
v 0.02944231 -0.06867957 0.1902562
v -0.01501417 -0.07303106 0.2683442
v -0.01008081 -0.07091408 0.2794634
v -0.004037857 -0.06840205 0.2767249
v -0.004331231 -0.06855887 0.2773705
v -0.003982663 -0.06833839 0.2760691
v -0.00475353 -0.06870466 0.2770587
v -0.007785797 -0.06998932 0.2788319
v -0.005491912 -0.06906229 0.278199
v -0.00484544 -0.0687924 0.2778922
v -0.01492762 -0.07288932 0.270707
v -0.0119965 -0.07169187 0.2802605
v -0.01395714 -0.07243651 0.2782868
v -0.01262569 -0.07194948 0.2806596
v -0.0132907 -0.0722084 0.2805609
v -0.01309472 -0.07214212 0.2810133
v -0.01470577 -0.07383078 0.2548612
v -0.01520437 -0.07334291 0.2631456
v -0.01480185 -0.07378876 0.2555958
v -0.01409655 -0.07409709 0.2502053
v -0.01253533 -0.07450133 0.2427687
v -0.01218128 -0.07455933 0.2416138
v -0.01033687 -0.07486146 0.235597
v -0.007620811 -0.07516568 0.2289518
v -0.007494509 -0.07517981 0.2286429
v -0.00498265 -0.07539212 0.2236448
v -0.00101763 -0.07565736 0.2170991
v 0.02250587 -0.07319432 0.1932552
v 0.02208143 -0.07332664 0.1935327
v -0.000972206 -0.07566046 0.2170239
v 0.001350939 -0.07579714 0.2136872
v 0.005448818 -0.07582819 0.2085213
v 0.007345855 -0.0757088 0.2064751
v 0.009968161 -0.07554382 0.2036468
v 0.0120489 -0.07529044 0.2016764
v 0.01332628 -0.07513481 0.2004666
v 0.01714712 -0.07444751 0.1972759
v 0.01823145 -0.07425242 0.1963704
v 0.03002125 -0.06870722 0.1995153
v -0.005799472 -0.06632226 0.2812639
v -0.005392134 -0.06766736 0.2807427
v -0.004026234 -0.06732124 0.2799746
v -0.002105057 -0.06561094 0.2759442
v -0.002352774 -0.066747 0.2759428
v -0.003011703 -0.06770408 0.2759866
v -0.002216458 -0.06568235 0.2775977
v -0.002430379 -0.06683111 0.2773628
v -0.002399027 -0.06572294 0.2780145
v -0.002990305 -0.06702792 0.2787811
v -0.002925097 -0.06583994 0.2792159
v -0.003720462 -0.06598204 0.2800302
v -0.004192352 -0.06606638 0.2805134
v -0.003071308 -0.06778806 0.2770557
v -0.0034886 -0.06799143 0.2781271
v -0.004260361 -0.06829839 0.279035
v -0.005280256 -0.06866359 0.2796283
v -0.007581174 -0.06958091 0.2802481
v -0.007695019 -0.06858617 0.2813488
v -0.008099198 -0.06724977 0.2818633
v -0.009882748 -0.07049673 0.2808669
v -0.009998321 -0.06950348 0.2819547
v -0.01039958 -0.06817537 0.282463
v -0.01247239 -0.07160973 0.282056
v -0.012066 -0.07143342 0.2817733
v -0.01239526 -0.07134824 0.2822848
v -0.01199567 -0.0692178 0.2831868
v -0.01210618 -0.06929039 0.2832688
v -0.01184082 -0.07045704 0.2826766
v -0.01221436 -0.07029002 0.2830483
v -0.01218503 -0.07063573 0.2829084
v -0.01237791 -0.07128947 0.2823362
v -0.01160198 -0.06895941 0.2829427
v -0.01138108 -0.07021856 0.2824215
v -0.01152265 -0.07119852 0.2814596
v -0.01319724 -0.07215458 0.2810629
v -0.01328623 -0.07191634 0.2823457
v -0.01242882 -0.07132351 0.2823409
v -0.01457262 -0.07254302 0.278408
v -0.01454526 -0.07237386 0.281111
v -0.01512449 -0.07262223 0.2787845
v -0.01518803 -0.07264953 0.2785292
v -0.03336536 -0.07127565 0.2772132
v -0.02855283 -0.07190328 0.2771534
v -0.02895599 -0.06944358 0.2858787
v -0.02180242 -0.07241392 0.2775709
v -0.02251076 -0.04804188 0.3006568
v -0.02405399 -0.04797071 0.3003602
v -0.02421253 -0.05690068 0.2984936
v -0.01990056 -0.04816234 0.3011584
v -0.01962488 -0.05715894 0.2993288
v -0.0186243 -0.06488233 0.2944595
v -0.01668471 -0.07259619 0.2783123
v -0.02300643 -0.06999444 0.2862859
v -0.02384722 -0.06458312 0.2935842
v -0.02788722 -0.04756122 0.2999302
v -0.02859961 -0.05641418 0.2980701
v -0.02897226 -0.0640434 0.2931712
v -0.03544193 -0.07100486 0.2772391
v -0.03502565 -0.06854391 0.2859394
v -0.03415185 -0.06318449 0.2931809
v -0.0329349 -0.05562913 0.2980142
v -0.03852009 -0.07045304 0.2773824
v -0.03853416 -0.06964987 0.2815302
v -0.03855931 -0.06820797 0.2853543
v -0.03856629 -0.06781184 0.2860313
v -0.03869915 -0.06019675 0.2949316
v -0.03866404 -0.06221038 0.293206
v -0.03864216 -0.06345939 0.2921356
v -0.03859674 -0.06606143 0.2890228
v -0.03876036 -0.05669265 0.2970506
v -0.03880101 -0.05436235 0.2979825
v -0.03883004 -0.05270099 0.2986469
v -0.03890299 -0.04851615 0.2995812
v -0.03883105 -0.05264163 0.2986707
v -0.03771901 -0.06970876 0.03492146
v 0 -0.07897734 0.06689149
v 0 -0.07906985 0.08379632
v -0.0167337 -0.0786857 0.08401954
v 0 -0.07894521 0.06102561
v -0.008005142 -0.07833212 0.05061501
v -0.02310711 -0.07488405 0.03470742
v 0 -0.07833552 0.05045342
v -0.06747227 -0.06348812 0.2327897
v -0.06809872 -0.06438875 0.2163441
v -0.06070566 -0.06901574 0.2171429
v -0.05252122 -0.07222914 0.2179457
v -0.05129516 -0.07001811 0.2506524
v -0.05495542 -0.06746262 0.2617352
v -0.05854356 -0.06581223 0.2609349
v -0.05928421 -0.06682938 0.2499654
v -0.03435736 -0.07334029 0.2520498
v -0.03877264 -0.07145339 0.2669107
v -0.0395568 -0.07145226 0.2654607
v -0.0385046 -0.07134509 0.268533
v -0.04234755 -0.0710808 0.2636809
v -0.04291355 -0.07210063 0.2513461
v -0.0422433 -0.071101 0.2637001
v -0.04075765 -0.07133448 0.2643557
v -0.01714807 -0.07423996 0.2535
v -0.002353489 -0.07620537 0.2161338
v -0.00611633 -0.07592821 0.2224254
v -0.01751655 -0.07600724 0.2212736
v -0.006402194 -0.07590711 0.2229032
v -0.008936345 -0.07567149 0.2280098
v -0.01179814 -0.07531851 0.2351095
v -0.01400208 -0.07492035 0.2424259
v -0.01555067 -0.07447457 0.2500026
v -0.01623481 -0.07413482 0.25549
v -0.01658987 -0.07364398 0.2631671
v -0.01624542 -0.07314532 0.2708458
v -0.01765006 -0.07741761 0.1882221
v -0.01756346 -0.07842206 0.1540988
v 0 -0.07823973 0.1612226
v -0.08872705 0 0.2463734
v -0.08839291 -0.009068131 0.2443114
v -0.08741402 -0.01745504 0.248481
v -0.08743077 -0.01733028 0.2484695
v -0.08754563 -0.01751685 0.2450652
v -0.08877742 0 0.2435293
v -0.08621811 -0.02590781 0.2457978
v -0.08428287 -0.03417229 0.2465142
v -0.0840404 -0.03401464 0.2507457
v -0.08576101 -0.02729183 0.2496163
v -0.08601957 -0.02580565 0.2494387
v -0.08721762 -0.01891911 0.2486159
v -0.08153504 -0.04218626 0.2472177
v -0.08135575 -0.04165989 0.2523764
v -0.08383029 -0.03483551 0.2508836
v -0.07680535 -0.05016493 0.2547588
v -0.07728397 -0.04933965 0.2545161
v -0.07775646 -0.04974853 0.2479114
v -0.07981568 -0.04497402 0.2532324
v -0.08122503 -0.04194116 0.2524491
v -0.07326763 -0.05481898 0.2563329
v -0.07277482 -0.05657595 0.2485983
v -0.07216781 -0.05596524 0.2567633
v -0.0702995 -0.05791229 0.2574945
v -0.06655538 -0.0623458 0.249282
v -0.06600087 -0.06147372 0.2589554
v -0.06040894 -0.06495416 0.2605188
v -0.06121796 -0.06451505 0.2603138
v -0.06587356 -0.06155472 0.2589915
v -0.05061441 -0.06893944 0.2624943
v -0.04912555 -0.06944602 0.2627547
v -0.04293245 -0.07096713 0.2635731
v -0.04391556 -0.07424378 0.2187564
v -0.0351358 -0.07536375 0.2195787
v 0 -0.07635658 0.2127103
v -0.06783372 -0.06552565 0.1506665
v -0.06850653 -0.06545811 0.1835259
v -0.07103013 -0.0625438 0.1503887
v -0.07176178 -0.06252646 0.1831456
v -0.07389146 -0.05924546 0.1501105
v -0.07467699 -0.05926847 0.1827649
v -0.07857477 -0.05188482 0.1495518
v -0.07944774 -0.05195987 0.1820002
v -0.08198922 -0.04383647 0.1489875
v -0.08291965 -0.04393225 0.1812281
v -0.08438682 -0.03541058 0.1484146
v -0.08534812 -0.03550732 0.1804443
v -0.08701449 -0.02688884 0.1796452
v -0.08716893 -0.01810723 0.1472312
v -0.08815866 -0.0181874 0.178827
v -0.08891105 -0.009452819 0.1779869
v -0.07137548 -0.06153994 0.215945
v -0.07370358 -0.0575844 0.2320302
v -0.07432526 -0.05837035 0.2155452
v -0.07863003 -0.05059051 0.2312667
v -0.07919734 -0.05124062 0.2147426
v -0.08937788 0 0.2096199
v -0.08911216 -0.009347796 0.2105326
v -0.08832198 -0.01798814 0.211414
v -0.08710634 -0.02658784 0.2122715
v -0.08534085 -0.03508973 0.2131094
v -0.08279269 -0.04337614 0.2139319
v -0.06465578 -0.05291467 0.05190432
v -0.05687683 -0.0565899 0.03523159
v -0.05311518 -0.06400406 0.05159294
v -0.06141489 -0.06078988 0.06820607
v -0.05928206 -0.05888235 0.05174857
v -0.06892704 -0.05616998 0.08473843
v -0.07277774 -0.03910243 0.05221891
v -0.06914764 -0.04625868 0.0520609
v -0.06482326 -0.06359446 0.1010929
v -0.06610184 -0.06452804 0.1176109
v -0.06920343 -0.06153237 0.1175146
v -0.07720386 -0.01529037 0.03586471
v -0.07556885 -0.02291351 0.03575503
v -0.07562464 -0.03160125 0.05237889
v -0.07818448 -0.007551789 0.03597784
v -0.07854509 0 0.0360946
v -0.07777285 -0.02386522 0.05254125
v -0.07929211 -0.01597231 0.05270677
v -0.08021885 -0.007981777 0.05287808
v -0.07881557 0 0.03840535
v -0.0846064 0 0.09132605
v -0.08396798 0 0.08549141
v -0.08278846 -0.0170297 0.0852558
v -0.08042097 0 0.05307626
v -0.01550078 -0.07648313 0.03459656
v -0.023844 -0.0761798 0.05095458
v 0 -0.07882368 0.05891811
v -0.0159685 -0.07753545 0.05078697
v -0.01638054 -0.07824504 0.06724095
v -0.02505171 -0.07777935 0.08412718
v -0.05100154 -0.06170487 0.03512895
v -0.07199275 -0.05824559 0.1174182
v -0.06326276 -0.06235301 0.08463817
v -0.05660575 -0.06743788 0.08453798
v -0.05498719 -0.0658999 0.06804984
v -0.04788297 -0.06997734 0.06789278
v -0.04633015 -0.06822812 0.0514366
v -0.03910565 -0.07160472 0.05127865
v -0.04457497 -0.06607609 0.03502571
v -0.07347679 -0.04912185 0.08483922
v -0.07697564 -0.0414952 0.08494091
v -0.07958537 -0.03351712 0.08504396
v -0.08147603 -0.02533298 0.08514881
v -0.01726222 -0.07891011 0.1188006
v 0 -0.07920205 0.1079506
v 0 -0.07924717 0.1161906
v -0.06494295 -0.06802713 0.1839061
v -0.06111842 -0.07022249 0.1842868
v -0.05290138 -0.07352864 0.1850517
v -0.04424232 -0.07559782 0.1858239
v -0.03540074 -0.07674729 0.1866073
v -0.02637195 -0.07813984 0.1535018
v -0.02588981 -0.0783683 0.1185938
v 0 -0.07918643 0.1192324
v 0 -0.07847768 0.1547152
v 0 -0.07845467 0.1553457
v -0.03329133 -0.07635939 0.08423238
v -0.03448587 -0.07737523 0.1183915
v -0.04227167 -0.07515305 0.1011472
v -0.04298716 -0.07573717 0.1181931
v -0.05126327 -0.0732097 0.1179975
v -0.03249973 -0.07544767 0.06757318
v -0.04138708 -0.07428395 0.08433556
v -0.05034899 -0.07244569 0.1011289
v -0.05908071 -0.06953179 0.1178038
v -0.06057047 -0.07041817 0.1512228
v -0.0524767 -0.07388168 0.1517817
v -0.04392832 -0.07612431 0.152346
v -0.03518044 -0.07744914 0.1529185
v -0.03157889 -0.07422608 0.05111825
v -0.04033124 -0.07311147 0.06773418
v -0.04922318 -0.07137382 0.08443731
v -0.05796903 -0.06864339 0.1011109
v -0.06271415 -0.06719851 0.1177073
v -0.064332 -0.06815445 0.1509445
v -0.03053605 -0.07263439 0.03481554
v -0.08630883 0 0.1160109
v -0.08539527 -0.01773089 0.1164193
v -0.08421301 -0.02629578 0.1166275
v -0.08248913 -0.03476649 0.1168304
v -0.0800305 -0.04304808 0.117029
v -0.0766049 -0.05096733 0.1172246
v -0.08955299 0 0.1997317
v -0.08903396 0 0.1771298
v -0.08831888 0 0.1459882
v -0.08829021 0 0.1447407
v -0.01557159 -0.07309263 0.2707799
v 0.000700227 -0.07620012 0.2132353
v 0.000712259 -0.07619297 0.2132437
v 0.001288712 -0.07584929 0.2136446
v 2.58486e-06 -0.07635569 0.2127304
v 7.329e-06 -0.07635509 0.2127411
v 1.36951e-05 -0.07635474 0.2127478
v -0.001631677 -0.07605391 0.2166048
v 0.000693556 -0.07620412 0.2132307
v -0.005662143 -0.07576411 0.2232955
v -0.008186042 -0.07553589 0.2283449
v -0.01103979 -0.07519489 0.2353684
v -0.01324295 -0.07481056 0.2426094
v -0.0154972 -0.07405143 0.2555503
v -0.01480042 -0.07437992 0.2501133
v -0.01587909 -0.07357633 0.2631617
v 0.004918396 -0.07620441 0.2080547
v 0.004328966 -0.07638043 0.2075425
v 0.02745264 -0.07167136 0.1898625
v 0.02192044 -0.0734604 0.1932218
v 0.02739775 -0.07170045 0.1897367
v 0.02187639 -0.07350713 0.1928296
v 0.02174293 -0.07355076 0.1929044
v 0.01799184 -0.07445716 0.19598
v 0.01298111 -0.0754199 0.2000187
v 0.009546399 -0.07587444 0.2031812
v 0.0125935 -0.07558101 0.1995446
v 0.0145905 -0.07519304 0.1979995
v 0.01772385 -0.07458424 0.1955754
v 0.007227241 -0.07617777 0.2045729
v 0.009074032 -0.07604867 0.2026807
v 0.07705444 0 0.04447185
v 0.0765652 0 0.07644385
v 0.07621884 -0.007592201 0.07833182
v 0.03645384 -0.06909948 0.05285054
v 0.02958357 -0.0724433 0.05401867
v 0.07136815 -0.02706563 0.09852308
v 0.07034182 -0.02965754 0.1005487
v 0.07067024 -0.02972882 0.08459496
v 0.06455433 -0.04158192 0.112057
v 0.06348967 -0.04324966 0.1141886
v 0.06386709 -0.0434134 0.08844172
v 0.05481559 -0.05454111 0.1316092
v 0.0541346 -0.05522412 0.1329818
v 0.0545451 -0.05554467 0.09220337
v 0.02743953 -0.07173764 0.1881549
v 0.007384479 -0.07781076 0.1593372
v 0.02213609 -0.07464122 0.1540147
v 0.01480787 -0.07656598 0.1567444
v 0.0292533 -0.07207697 0.1514803
v 0.03608494 -0.06884676 0.1491079
v 0.03587085 -0.06834477 0.1700012
v 0.03334283 -0.06956177 0.1751555
v 0.02898037 -0.07122063 0.1840842
v 0.02815902 -0.07153296 0.1857654
v 0.02752858 -0.07172083 0.1876209
v 0.0485385 -0.06032431 0.1442807
v 0.04834765 -0.06049048 0.1446664
v 0.0425468 -0.06493425 0.1468327
v 0.04792737 -0.06085652 0.1455153
v 0.04323947 -0.06424641 0.1550121
v 0.04243052 -0.06472748 0.1566557
v 0.03837358 -0.06713992 0.1648983
v 0.04899036 -0.06081891 0.09408354
v 0.05951774 -0.04971611 0.09032028
v 0.0618484 -0.04582059 0.1174747
v 0.05911988 -0.04948616 0.1229515
v 0.05844146 -0.05039757 0.1243133
v 0.06758207 -0.03672343 0.08654326
v 0.06933742 -0.03219389 0.102531
v 0.06725215 -0.03662484 0.1066741
v 0.06706213 -0.03702861 0.1070516
v 0.07568234 -0.00992769 0.09025657
v 0.07501536 -0.01512759 0.08044022
v 0.07592952 -0.007612109 0.08983939
v 0.07617723 -0.005291283 0.08942127
v 0.07500952 -0.01394522 0.09148645
v 0.07474362 -0.0151261 0.09199047
v 0.07314407 -0.02250826 0.08256673
v 0.07395642 -0.01862239 0.09348279
v 0.07265192 -0.02323722 0.09600967
v 0.07636338 -0.000638634 0.0892235
v 0.00756067 -0.07840025 0.05775344
v 0.01506304 -0.07712024 0.05649304
v 0.0429672 -0.06509828 0.0517106
v 0.04905176 -0.06046169 0.05058413
v 0.02242958 -0.07511836 0.05522984
v 0.05967324 -0.04945868 0.04833102
v 0.06410545 -0.04321867 0.04720085
v 0.06791174 -0.0365808 0.04606014
v 0.07108062 -0.02961605 0.04489976
v 0.07360535 -0.02239495 0.04371058
v 0.07548165 -0.01498383 0.04248553
v 0.07695847 0 0.03999769
v 0.0766558 -0.007431924 0.04123812
v 0.05464065 -0.05522936 0.04945844
v 0.04291939 -0.06547504 0.09595555
v 0.03640592 -0.06947565 0.09785258
v 0.02952903 -0.07280904 0.09981465
v 0.02236765 -0.07547968 0.1018818
v 0.01499462 -0.07749986 0.1040757
v 0.007504284 -0.0788142 0.1062071
v 0.05242317 -0.05694073 0.1364321
v 0.02838671 -0.07107245 0.1896229
v 0.02905631 -0.07011091 0.1895123
v 0.02841794 -0.07110667 0.1882873
v 0.02849358 -0.0710904 0.1878364
v 0.02903503 -0.07091146 0.1862729
v 0.02908116 -0.07014566 0.1883851
v 0.02914428 -0.07012951 0.1880046
v 0.02959871 -0.06995099 0.1866865
v 0.02930939 -0.06897276 0.1891854
v 0.02932792 -0.06900125 0.1884335
v 0.02938151 -0.0689851 0.1880999
v 0.02976161 -0.06880211 0.1869412
v 0.07617646 0 0.09022593
v 0.076083 -0.000652905 0.09041935
v 0.07623118 -0.000649033 0.09003484
v 0.07621204 0 0.0900436
v 0.0762909 0 0.08963924
v 0.07614225 -0.005241036 0.089832
v 0.07632517 -0.000644246 0.0896337
v 0.07499629 -0.01378679 0.09189975
v 0.07565677 -0.009817481 0.09066843
v 0.07396078 -0.01841354 0.09389805
v 0.07267647 -0.02298337 0.0964272
v 0.07141304 -0.0267741 0.09894299
v 0.06941574 -0.03185141 0.1029547
v 0.06471681 -0.04114449 0.1124898
v 0.06717962 -0.0366373 0.1074796
v 0.0620619 -0.04534012 0.1179128
v 0.05516988 -0.05397629 0.1320608
v 0.05872201 -0.04987156 0.1247579
v 0.05282682 -0.05635535 0.1368883
v 0.04842358 -0.06024259 0.1459804
v 0.0438314 -0.06361502 0.1554868
v 0.07590407 -0.005132198 0.09061813
v 0.07605063 -0.00518763 0.0902335
v 0.07542818 -0.009581923 0.09145486
v 0.07557147 -0.00970143 0.09107059
v 0.07477957 -0.01344799 0.09268611
v 0.07491904 -0.01361984 0.09230256
v 0.07376086 -0.01796483 0.09468418
v 0.07389509 -0.01819252 0.0943017
v 0.07249552 -0.02243483 0.09721308
v 0.07262384 -0.02271348 0.09683197
v 0.07125115 -0.02614015 0.09972858
v 0.07137364 -0.02646261 0.09934878
v 0.06928527 -0.03109741 0.1037397
v 0.06939816 -0.03148174 0.1033622
v 0.06708604 -0.0357635 0.1082633
v 0.06718766 -0.03621006 0.1078888
v 0.06466627 -0.0401501 0.1132714
v 0.06475472 -0.04065996 0.1129008
v 0.06206059 -0.04422491 0.1186909
v 0.06213384 -0.04479885 0.1183253
v 0.05878674 -0.04861539 0.1255302
v 0.05883955 -0.04926496 0.125172
v 0.05530864 -0.05258226 0.1328251
v 0.05533826 -0.05330729 0.1324761
v 0.0530163 -0.05487656 0.1376466
v 0.05302983 -0.05564868 0.1373041
v 0.04871064 -0.05861729 0.1467255
v 0.04869312 -0.05947226 0.1463968
v 0.04422277 -0.06185227 0.1562162
v 0.04417151 -0.06278711 0.1559031
v 0.03956323 -0.06461209 0.1660944
v 0.03947609 -0.06562298 0.1657992
v 0.0347402 -0.06692194 0.1763421
v 0.03461557 -0.06800431 0.1760663
v 0.03906244 -0.06650197 0.1653833
v 0.03412693 -0.06892746 0.1756514
v 0.03042167 -0.03494763 0.1869239
v 0.0347023 -0.03494763 0.1777442
v 0.0350821 -0.03346979 0.1779212
v 0.03080153 -0.03346979 0.187101
v 0.03607499 -0.03239315 0.1783843
v 0.03179436 -0.03239315 0.187564
v 0.03742074 -0.032 0.1790118
v 0.03314018 -0.032 0.1881916
v 0.03002405 -0.0349422 0.1891797
v 0.03296047 -0.032 0.189211
v 0.03318691 -0.032 0.1899755
v 0.03148299 -0.0323922 0.1893402
v 0.03187578 -0.03239315 0.1906726
v 0.03039187 -0.03346633 0.1894357
v 0.03090852 -0.03346979 0.1911869
v 0.02997243 -0.03494155 0.1894724
v 0.03053843 -0.03494763 0.1913837
v 0.03306096 -0.03494763 0.1961279
v 0.03343105 -0.03346979 0.1959311
v 0.03439837 -0.03239315 0.1954168
v 0.03570944 -0.032 0.1947197
v 0.03620553 -0.032 0.1958578
v 0.03480428 -0.03239208 0.1963431
v 0.0337693 -0.03346586 0.1967014
v 0.03337121 -0.0349406 0.1968393
v 0.0338959 -0.03346413 0.197117
v 0.03348708 -0.03493762 0.1972228
v 0.03407108 -0.03346014 0.1984966
v 0.03364664 -0.03493058 0.198495
v 0.03364461 -0.03493046 0.1985396
v 0.03405243 -0.03345942 0.1989312
v 0.033629 -0.03492939 0.1988955
v 0.03375893 -0.03345882 0.2002909
v 0.03335827 -0.0349285 0.2001486
v 0.03359681 -0.03345918 0.2006947
v 0.03320896 -0.03492909 0.2005208
v 0.03639084 -0.032 0.1964715
v 0.03495603 -0.03239148 0.1968427
v 0.03664577 -0.032 0.198507
v 0.03516578 -0.03239035 0.1985011
v 0.03661751 -0.032 0.1991476
v 0.03514313 -0.03239017 0.1990232
v 0.03618443 -0.032 0.2011526
v 0.03479039 -0.03238999 0.2006574
v 0.03594553 -0.032 0.201748
v 0.03459554 -0.03239011 0.2011426
v 0.034873 -0.032 0.2034966
v 0.03372031 -0.03239101 0.2025668
v 0.03445065 -0.032 0.2039793
v 0.03337562 -0.03239136 0.2029595
v 0.03285968 -0.032 0.2052745
v 0.03207761 -0.03239315 0.2040122
v 0.03286802 -0.03346216 0.2018794
v 0.03258115 -0.03346365 0.202206
v 0.03150057 -0.03346979 0.2030809
v 0.03296697 -0.03493106 0.2009153
v 0.03253859 -0.03493434 0.2016136
v 0.03227454 -0.0349369 0.2019152
v 0.03127992 -0.03494763 0.2027246
v -0.002179205 -0.03346979 0.2653731
v -0.001132011 -0.03346979 0.2758992
v -0.001544713 -0.03494763 0.2759716
v -0.002598166 -0.03494763 0.2653834
v -0.002439439 -0.03494763 0.2621827
v -0.00165522 -0.03346979 0.2548079
v -0.002071142 -0.03494763 0.2547561
v 0.000428052 -0.03346979 0.2444369
v -0.000707386 -0.03494763 0.247967
v 2.44316e-05 -0.03494763 0.2443241
v 0.004024863 -0.03346979 0.2344891
v 0.003642499 -0.03494763 0.2343177
v 0.009056031 -0.03346979 0.225184
v 0.008703172 -0.03494763 0.2249578
v 0.01093506 -0.03494763 0.2219872
v 0.01541018 -0.03346979 0.216727
v 0.01509463 -0.03494763 0.216451
v 0.02294713 -0.03346979 0.2093046
v 0.02267605 -0.03494763 0.208985
v 0.02039271 -0.03494763 0.2112336
v 0.02365577 -0.03239315 0.2101402
v 0.01623475 -0.03239315 0.2174483
v 0.009978353 -0.03239315 0.2257752
v 0.005024731 -0.03239315 0.2349371
v 0.001483142 -0.03239315 0.2447319
v -0.00056815 -0.03239315 0.2549433
v -0.00108391 -0.03239315 0.2653459
v -5.28788e-05 -0.03239315 0.2757101
v 0.02461618 -0.032 0.2112727
v 0.01735234 -0.032 0.2184259
v 0.0112285 -0.032 0.2265765
v 0.006379663 -0.032 0.2355444
v 0.002913177 -0.032 0.2451317
v 0.000905328 -0.032 0.2551268
v 0.000400437 -0.032 0.265309
v 0.00140959 -0.032 0.2754538
v 0.001523256 -0.032 0.2765112
v 4.13256e-05 -0.03239226 0.2765712
v -0.001053035 -0.03346639 0.2766156
v -0.001473665 -0.03494173 0.2766326
v -0.001051843 -0.03346467 0.27705
v -0.001473486 -0.03493869 0.2770333
v -0.001282334 -0.03346061 0.2784215
v -0.001688063 -0.0349316 0.2782974
v -0.001727283 -0.03493118 0.2784096
v -0.001425623 -0.0334599 0.278832
v -0.001820445 -0.03493022 0.2786756
v -0.002099037 -0.03345918 0.2800491
v -0.002441406 -0.03492909 0.2797973
v -0.002370834 -0.0334596 0.2803888
v -0.002691805 -0.03492975 0.2801104
v 0.001523435 -0.032 0.2771522
v 4.24189e-05 -0.03239166 0.2770934
v 0.001179873 -0.032 0.2791746
v -0.000235495 -0.03239059 0.2787417
v 0.000967975 -0.032 0.2797799
v -0.000407913 -0.03239029 0.279235
v -2.55789e-05 -0.032 0.2815744
v -0.001217365 -0.03239011 0.2806977
v -0.000426174 -0.032 0.2820756
v -0.001543939 -0.03239023 0.2811061
v -0.001957774 -0.032 0.2834401
v -0.002793014 -0.03239107 0.2822169
v -0.002501428 -0.032 0.2837802
v -0.003236413 -0.03239142 0.2824935
v -0.004398643 -0.032 0.2845609
v -0.004783034 -0.03239315 0.2831266
v -0.003410518 -0.03346246 0.2813127
v -0.00377959 -0.03346377 0.2815426
v -0.005066514 -0.03346979 0.2820684
v -0.003065228 -0.03493165 0.280443
v -0.003649175 -0.03493463 0.2809632
v -0.0039891 -0.03493714 0.2811757
v -0.005175054 -0.03494763 0.2816635
v -0.009892582 -0.03494763 0.2829276
v -0.009784102 -0.03346979 0.2833324
v -0.009500563 -0.03239315 0.2843907
v -0.009116232 -0.032 0.285825
v -0.01151561 -0.0349406 0.2838649
v -0.01270782 -0.03494095 0.2852162
v -0.01213353 -0.03493791 0.2842217
v -0.01183497 -0.03346431 0.2845202
v -0.01053023 -0.032 0.2872389
v -0.01056802 -0.032 0.2874093
v -0.01196378 -0.03239274 0.2868548
v -0.0120303 -0.03239315 0.2871514
v -0.01302182 -0.03346824 0.2865713
v -0.0131092 -0.03346979 0.2869611
v -0.01342749 -0.03494489 0.2864626
v -0.01001262 -0.032 0.2863425
v -0.01106071 -0.03239154 0.2852945
v -0.0135219 -0.03494763 0.2868884
v -0.01568114 -0.03494763 0.2991338
v -0.01526844 -0.03346979 0.2992066
v -0.01418954 -0.03239315 0.2993969
v -0.0127272 -0.032 0.2996547
v -0.01627409 -0.03329402 0.3012598
v -0.0163719 -0.03345644 0.301186
v -0.01623874 -0.03345686 0.3010622
v -0.01652455 -0.03346222 0.3013115
v -0.01934283 -0.03494763 0.3015279
v -0.0184946 -0.03493404 0.3016096
v -0.01932621 -0.03493988 0.301532
v -0.01912099 -0.03484499 0.3015766
v -0.01848882 -0.03454256 0.3015857
v -0.01833605 -0.03493201 0.301598
v -0.01832747 -0.03446537 0.3015879
v -0.01813155 -0.03493022 0.3015476
v -0.01775562 -0.03419172 0.3015962
v -0.01751077 -0.03492492 0.3013945
v -0.01744639 -0.03400951 0.3015244
v -0.01736491 -0.0349242 0.3013311
v -0.0172761 -0.03390926 0.3014848
v -0.01657325 -0.03349494 0.3013216
v -0.01700997 -0.0349242 0.3010989
v -0.01665359 -0.0349242 0.3008658
v -0.0141381 -0.03214871 0.3011305
v -0.01432687 -0.0321809 0.3010969
v -0.01469576 -0.03239065 0.3008267
v -0.01484251 -0.03243154 0.3010858
v -0.01565021 -0.03346097 0.3002905
v -0.01537609 -0.03269082 0.3010743
v -0.01604503 -0.03314018 0.3012125
v -0.01458448 -0.03239101 0.3006146
v -0.01325672 -0.032 0.3012706
v -0.01326423 -0.032 0.3012858
v -0.01601994 -0.03493207 0.3000828
v -0.01614916 -0.03493022 0.3002514
v -0.01653701 -0.03492492 0.3007575
v -0.01556617 -0.03346204 0.3001296
v -0.01594579 -0.03493404 0.2999421
v -0.01357299 -0.0317378 0.3022263
v -0.014701 -0.03189092 0.3019494
v -0.01704961 -0.03324258 0.3017083
v -0.01933002 -0.03493809 0.3015311
v -0.0180971 -0.03403621 0.3017011
v -0.01917159 -0.03482228 0.3015686
v -0.01933372 -0.03493636 0.3015303
v -0.0192219 -0.03479939 0.3015592
v -0.0184462 -0.0338661 0.301732
v -0.01758879 -0.03290742 0.301901
v -0.01878976 -0.03368788 0.3016875
v -0.01927191 -0.03477656 0.3015482
v -0.01933753 -0.03493463 0.3015294
v -0.01582366 -0.03239285 0.3017652
v -0.01694047 -0.03118622 0.3022288
v -0.01774156 -0.032 0.3019922
v -0.01813155 -0.03252667 0.3018785
v -0.01512718 -0.03122323 0.302518
v -0.01638066 -0.03185719 0.3021762
v -0.015504 -0.03033638 0.3026677
v -0.01397627 -0.03005135 0.3031573
v -0.01388794 -0.03003484 0.3031857
v -0.01380074 -0.03102004 0.3029202
v 0.05690413 -0.03171133 0.3235082
v 0.05680537 -0.03127366 0.3240071
v 0.04607653 -0.03102004 0.3226276
v 0.05677539 -0.03100603 0.3241587
v 0.05674034 -0.03069335 0.3243357
v 0.0463708 -0.032 0.3209327
v 0.05710577 -0.032 0.3224899
v 0.05702579 -0.03195732 0.3228938
v -0.006439924 -0.032 0.3037785
v -0.006803452 -0.0317378 0.3046991
v 0.004475474 -0.03102004 0.3101482
v 0.004016399 -0.03003484 0.3102609
v -0.007071793 -0.03102004 0.3053785
v -0.007174432 -0.03003484 0.3056383
v -0.01199477 -0.03003484 0.3038297
v 0.02652537 -0.03003484 0.3183246
v 0.02412915 -0.03003484 0.3176696
v 0.02421146 -0.03102004 0.3174026
v 0.01666569 -0.03003484 0.315187
v 0.01675957 -0.03102004 0.3149238
v 0.0144639 -0.03003484 0.3143311
v 0.004368603 -0.03003484 0.3104064
v 0.005133271 -0.032 0.3085587
v 0.004754722 -0.0317378 0.3094733
v 0.0173369 -0.032 0.3133034
v 0.0170046 -0.0317378 0.3142358
v 0.02471852 -0.032 0.3157587
v 0.02442669 -0.0317378 0.3167046
v 0.03539162 -0.032 0.3186761
v 0.03516173 -0.0317378 0.3196389
v 0.04620146 -0.0317378 0.321908
v 0.05691355 -0.03173029 0.323461
v 0.03499197 -0.03102004 0.3203493
v 0.03492707 -0.03003484 0.3206211
v 0.04073828 -0.03003484 0.3218155
v 0.04602879 -0.03003484 0.3229029
v 0.0567162 -0.03003484 0.3244575
v -0.01108098 -0.02949988 0.2807855
v -0.01045703 -0.02949988 0.2805887
v -0.01104652 -0.06813174 0.2800486
v -0.01471298 -0.02949988 0.2839819
v -0.01426064 -0.02949988 0.2830119
v -0.01438397 -0.06922835 0.2819334
v -0.01413559 -0.06929624 0.2816978
v -0.0128495 -0.02949988 0.2820237
v -0.01387077 -0.06935918 0.2814691
v -0.01135742 -0.06826543 0.2801366
v -0.01343262 -0.06916725 0.2811416
v -0.01359778 -0.06923961 0.2812651
v -0.01648223 -0.0675798 0.2859975
v -0.01590114 -0.02949988 0.2865299
v -0.01570069 -0.06862038 0.2837021
v -0.01545798 -0.06873244 0.2833762
v -0.006446421 -0.06627863 0.2788494
v -0.006120741 -0.04989373 0.2790583
v -0.005714178 -0.02949988 0.2793179
v -0.03614383 -0.06334149 0.2801828
v -0.0361312 -0.06407028 0.2766472
v -0.0420975 -0.0627644 0.2768778
v -0.06583732 -0.002249956 0.293471
v -0.06221503 -0.002249956 0.2938337
v -0.06203514 -0.005786716 0.2937719
v -0.06825917 -0.002249956 0.2928047
v -0.06873953 -0.006201863 0.2924828
v -0.07362198 -0.002249956 0.2898327
v -0.07155597 -0.002249956 0.2912642
v -0.06891715 -0.002249956 0.2924973
v -0.07769531 -0.002249956 0.285255
v -0.07622176 -0.002249956 0.2872877
v -0.07450222 -0.006513953 0.2888116
v -0.07465964 -0.002249956 0.2888169
v -0.08021056 -0.00667423 0.2766481
v -0.08043128 -0.002249956 0.2767055
v -0.08002179 -0.002249956 0.2795898
v -0.07930535 -0.002249956 0.2819927
v -0.07851374 -0.006679177 0.2832741
v -0.0786606 -0.002249956 0.2832992
v -0.03619217 -0.06057256 0.2855938
v -0.0361647 -0.0621525 0.2829656
v -0.04160338 -0.06094348 0.2831411
v -0.03615963 -0.06244289 0.2824824
v -0.03626906 -0.05617034 0.2898025
v -0.03623569 -0.05808103 0.2882047
v -0.04059594 -0.05709916 0.2883369
v -0.03622001 -0.05898177 0.2874514
v -0.03641021 -0.04808551 0.2928974
v -0.03636664 -0.05058157 0.2923843
v -0.03920477 -0.05172526 0.2917976
v -0.03633517 -0.05238294 0.2916914
v -0.03630626 -0.05404275 0.291053
v -0.06122809 -0.0137524 0.2936329
v -0.06785643 -0.01466006 0.2923452
v -0.05994307 -0.02081906 0.2935096
v -0.06642037 -0.02227908 0.2922313
v -0.05889081 -0.0248236 0.2934397
v -0.06521314 -0.02669996 0.2921711
v -0.05729627 -0.0293318 0.293361
v -0.06333166 -0.03181564 0.2921074
v -0.05547165 -0.03309738 0.2932953
v -0.06109833 -0.03625756 0.2920569
v -0.05435585 -0.03490984 0.2932636
v -0.05969214 -0.03846859 0.2920327
v -0.05249297 -0.03734266 0.2932211
v -0.05729013 -0.0415219 0.291998
v -0.05037426 -0.03944599 0.2931844
v -0.05451834 -0.04422932 0.2919625
v -0.04913908 -0.04043519 0.2931672
v -0.05291849 -0.0455023 0.2919427
v -0.04648244 -0.04214 0.2931374
v -0.04956322 -0.04766607 0.2919023
v -0.04343128 -0.04360502 0.2931118
v -0.04587334 -0.04946905 0.2918609
v -0.04213726 -0.04411262 0.293103
v -0.04435676 -0.05007857 0.2918452
v -0.03760856 -0.04551237 0.2930786
v -0.03645014 -0.04579579 0.2930736
v -0.07356101 -0.01539683 0.2886939
v -0.07200849 -0.02349489 0.2886236
v -0.0706793 -0.02827906 0.2886034
v -0.06856662 -0.03392797 0.2886003
v -0.06599563 -0.03896671 0.2886134
v -0.064345 -0.04153078 0.2886224
v -0.06148266 -0.0451343 0.2886294
v -0.0581454 -0.04837638 0.2886168
v -0.05622738 -0.04989898 0.2885993
v -0.0522598 -0.05246281 0.2885447
v -0.04800808 -0.05455493 0.2884712
v -0.0462957 -0.05525004 0.2884399
v -0.07754683 -0.01586002 0.283188
v -0.07594037 -0.02429974 0.2831819
v -0.07454913 -0.02934718 0.2832197
v -0.0723071 -0.03538858 0.2833048
v -0.06952846 -0.04087364 0.2834113
v -0.0677185 -0.04370433 0.2834697
v -0.06454241 -0.04772472 0.2835399
v -0.06080305 -0.05136954 0.2835648
v -0.05865401 -0.05307799 0.2835531
v -0.05423539 -0.05593204 0.2834836
v -0.04956686 -0.05822283 0.2833691
v -0.04770898 -0.05897361 0.2833175
v -0.07925844 -0.01598513 0.2765947
v -0.07767623 -0.02458304 0.276653
v -0.07629865 -0.02975958 0.2767491
v -0.07405704 -0.03600376 0.2769231
v -0.07123893 -0.04173111 0.277125
v -0.06938064 -0.04471063 0.2772343
v -0.06608349 -0.0489664 0.2773708
v -0.06215989 -0.05283576 0.2774364
v -0.05989629 -0.05464369 0.2774323
v -0.05524379 -0.05764079 0.2773503
v -0.05035346 -0.06001096 0.2771967
v -0.04841804 -0.06077826 0.2771255
v -0.04889798 -0.02054411 0.2935144
v -0.04808551 -0.02350169 0.2934628
v -0.04741603 -0.02520066 0.2934331
v -0.04703706 -0.02616238 0.2934163
v -0.04551142 -0.02887696 0.2933689
v -0.04517763 -0.02947068 0.2933586
v -0.0442934 -0.03057444 0.2933393
v -0.04350864 -0.03123873 0.2933277
v -0.04211395 -0.03241932 0.2933071
v -0.0409103 -0.03307384 0.2932956
v -0.0400533 -0.03353983 0.2932875
v -0.03664183 -0.03481125 0.2932654
v -0.05146497 -0.002249956 0.2938337
v -0.05109333 -0.007152915 0.2937481
v -0.0508511 -0.01034957 0.2936923
v -0.05016744 -0.01454061 0.2936192
v -0.04961192 -0.01794517 0.2935597
v -0.05146497 -0.002249956 0.2980843
v -0.05109333 -0.007152915 0.2979987
v -0.03664183 -0.03481125 0.297516
v -0.0400533 -0.03353983 0.2975382
v -0.0409103 -0.03307384 0.2975463
v -0.04211395 -0.03241932 0.2975577
v -0.04350864 -0.03123873 0.2975783
v -0.0442934 -0.03057444 0.2975899
v -0.04517763 -0.02947068 0.2976092
v -0.04551142 -0.02887696 0.2976196
v -0.04703706 -0.02616238 0.297667
v -0.04741603 -0.02520066 0.2976837
v -0.04808551 -0.02350169 0.2977134
v -0.04889798 -0.02054411 0.297765
v -0.04961192 -0.01794517 0.2978104
v -0.05016744 -0.01454061 0.2978698
v -0.0508511 -0.01034957 0.2979429
v -0.03609085 -0.06638318 0.2842423
v -0.03609699 -0.0660308 0.2848445
v -0.03467655 -0.06633269 0.2848265
v -0.0363993 -0.04870992 0.2971033
v -0.03644883 -0.0458703 0.2973229
v -0.03401786 -0.04638791 0.2973139
v -0.03623998 -0.0578401 0.2937427
v -0.03627139 -0.05604004 0.2948272
v -0.03553366 -0.05419719 0.2957142
v -0.03630697 -0.05399781 0.2956374
v -0.03633815 -0.05221426 0.2963451
v -0.03616511 -0.06212282 0.2903803
v -0.03618443 -0.06102108 0.2913228
v -0.03389006 -0.06150925 0.2913438
v -0.03621912 -0.05903065 0.2930255
v -0.03279483 -0.05470943 0.2956938
v -0.03612637 -0.06434547 0.2877237
v -0.03606933 -0.06761407 0.2809798
v -0.0350511 -0.06854754 0.2769961
v -0.03605598 -0.06837844 0.2770392
v -0.03153437 -0.04682457 0.2973063
v -0.03243505 -0.06888645 0.2769753
v -0.02420794 -0.06973171 0.2772129
v -0.02819252 -0.06943613 0.2769414
v -0.02856707 -0.06722271 0.2847943
v -0.01703006 -0.06802225 0.286119
v -0.01702886 -0.06802511 0.2861129
v -0.02254903 -0.06776076 0.2852438
v -0.01697111 -0.06817084 0.2858063
v -0.02144324 -0.06993681 0.2774012
v -0.01618272 -0.069085 0.2836145
v -0.01596993 -0.0692203 0.2832362
v -0.01589292 -0.07012963 0.2782361
v -0.01572859 -0.06931143 0.2829385
v -0.01510566 -0.07015699 0.2783545
v -0.01485848 -0.07006901 0.2791364
v -0.01449924 -0.06977558 0.2814228
v -0.01421493 -0.06983995 0.2811722
v -0.01844 -0.06057792 0.2947971
v -0.01810723 -0.06313562 0.2926706
v -0.0233277 -0.06289052 0.2918117
v -0.01803731 -0.0636723 0.2922245
v -0.01760357 -0.06596267 0.2895545
v -0.01856476 -0.0591216 0.2956429
v -0.02367585 -0.05597501 0.2962297
v -0.01886832 -0.05622243 0.2971266
v -0.01893585 -0.04812693 0.2988174
v -0.01894658 -0.04926806 0.2987645
v -0.0191316 -0.04812312 0.2987711
v -0.0189476 -0.05026209 0.2986717
v -0.01888793 -0.05373948 0.2979929
v -0.01876711 -0.05619585 0.2970705
v -0.01870203 -0.05751895 0.2965735
v -0.02827012 -0.05549514 0.2957676
v -0.02859401 -0.06236225 0.291358
v -0.02204847 -0.0479995 0.2982016
v -0.02354693 -0.04793602 0.2979091
v -0.02763772 -0.04752624 0.2974421
v -0.02220398 0 0.2990428
v -0.02355605 0 0.2987545
v -0.02958178 0 0.2981613
v -0.01751506 0 0.3000425
v -0.01711082 -0.02949988 0.2996178
v -0.01867848 -0.02949988 0.2992141
v -0.01886677 -0.04312855 0.2989237
v 0.05154705 0 0.3217821
v 0.04597818 -0.02949988 0.3203652
v 0.04126375 0 0.3199647
v 0.04137843 -0.02949988 0.3194057
v 0.04019331 0 0.3197755
v 0.03495419 -0.02949988 0.3180655
v 0.02916324 0 0.3170887
v 0.02733236 -0.02949988 0.3159528
v 0.02718508 0 0.316465
v 0.02424234 -0.02949988 0.3150964
v 0.01814812 0 0.3136153
v 0.01750177 -0.02949988 0.3128405
v 0.01522696 0 0.3124936
v 0.01540058 -0.02949988 0.3120232
v 0.006315827 0 0.3090717
v 0.005234897 -0.02949988 0.3080689
v 0.004827558 0 0.308452
v 0.005022644 -0.02949988 0.3079813
v -0.002453804 0 0.3054201
v -0.004321992 -0.02949988 0.3041202
v -0.004519343 0 0.3046078
v -0.006159067 -0.02949988 0.3033611
v -0.01021844 0 0.3023664
v -0.01318848 -0.02949988 0.3008253
v -0.01336342 0 0.3013647
v -0.01400613 -0.02949988 0.3005303
v -0.01551449 -0.02949988 0.3000691
v -0.06221771 -0.002249956 0.2980843
v -0.06227672 0 0.2981236
v -0.03603094 -0.06981158 0.2617699
v -0.03610646 -0.06548345 0.2618388
v -0.06001663 -0.04956239 0.03617215
v -0.06255555 -0.05170238 0.05265575
v -0.05734741 -0.05740702 0.05249297
v -0.07171911 -0.05797761 0.1503974
v -0.07622814 -0.05099982 0.1498446
v -0.07709842 -0.05105376 0.1821538
v -0.06898432 -0.0610727 0.150669
v -0.07251095 -0.05796998 0.1829051
v -2.43996e-05 -0.0764653 0.1340903
v -2.19876e-05 -0.07663339 0.1194258
v -0.01643997 -0.07644093 0.1190279
v -0.06189078 -0.04138952 0.02112394
v -0.06191885 -0.041345 0.02112394
v -0.06692153 -0.04529672 0.05279487
v -0.06355977 -0.03874009 0.02112394
v -0.0655775 -0.03496342 0.02112394
v -0.07046413 -0.0383591 0.05291986
v -0.06703197 -0.0322411 0.02112394
v -0.06866163 -0.02829235 0.02112394
v -0.07325279 -0.03104287 0.05304139
v -0.07247722 -0.01619106 0.02112394
v -0.07280796 -0.01420629 0.02112394
v -0.074786 -0.01498502 0.03651928
v -0.07370191 -0.008841872 0.02112394
v -0.07383036 -0.00692743 0.02112394
v -0.0757488 -0.00740242 0.03661572
v -0.07420468 -0.001348674 0.02112394
v -0.07422846 0 0.02112394
v -0.07610708 0 0.03672957
v -1.82967e-05 -0.07385778 0.2126288
v -2.15496e-05 -0.07475829 0.1899496
v -0.004426658 -0.07356482 0.2192929
v -0.01689684 -0.07491588 0.1883205
v -0.01638388 -0.0717523 0.2534401
v -0.01591247 -0.0717532 0.2534818
v -0.01551955 -0.0719791 0.2498558
v -0.01676744 -0.07350689 0.221298
v -0.0145421 -0.07228904 0.2446433
v -0.01252871 -0.07270699 0.2371577
v -0.009821414 -0.07307904 0.2298724
v -0.006415069 -0.07341003 0.2227841
v -0.006181657 -0.07342815 0.2223743
v -0.01648986 -0.07098793 0.265506
v -0.0163685 -0.07149094 0.2576918
v -0.02495199 -0.07152479 0.2526854
v -0.01631945 -0.07151919 0.2572382
v -0.01589119 -0.07048392 0.273273
v -0.01604902 -0.07061684 0.2712243
v -0.03347313 -0.07092291 0.2519434
v -0.04140925 -0.06890732 0.2612492
v -0.04188477 -0.06975603 0.2512125
v -0.04262447 -0.06870299 0.2611315
v -0.04884523 -0.06716728 0.2603079
v -0.0500524 -0.06779468 0.2504926
v -0.04949659 -0.06694078 0.2601931
v -0.05717867 -0.06401538 0.2587426
v -0.05674374 -0.06424587 0.2588484
v -0.0577628 -0.06480157 0.2497858
v -0.05468136 -0.06513822 0.2592801
v -0.06610649 -0.05852764 0.2563408
v -0.06414359 -0.05990123 0.2569196
v -0.06472623 -0.06060475 0.2490959
v -0.06165075 -0.06164568 0.2576547
v -0.07508736 -0.04837906 0.2528374
v -0.07265281 -0.05191957 0.2539271
v -0.07067191 -0.05519032 0.2484236
v -0.07017219 -0.05466812 0.254893
v -0.06893777 -0.05603593 0.2553737
v -0.07546097 -0.04872435 0.247762
v -0.07912874 -0.04147231 0.2470991
v -0.07882416 -0.0412448 0.2509675
v -0.07755404 -0.04418021 0.251654
v -0.07585674 -0.04726016 0.252493
v -0.08182209 -0.03369408 0.2464237
v -0.08373403 -0.02559292 0.2457284
v -0.08358007 -0.0255137 0.2481663
v -0.08234262 -0.03119283 0.2489506
v -0.0816062 -0.0335595 0.2493885
v -0.08021485 -0.0380308 0.2502158
v -0.08574056 -0.008906841 0.246816
v -0.08528304 -0.01462602 0.2470741
v -0.08505266 -0.01730793 0.2450081
v -0.08490508 -0.01725548 0.2473174
v -0.08398544 -0.0236532 0.2479094
v -0.08616071 -0.002249956 0.2466093
v -0.08603549 -0.005220234 0.2466498
v -0.08589595 -0.008940458 0.2442589
v -0.0847314 0 0.2769989
v -0.08467578 -0.002249956 0.2769668
v -0.08625793 0 0.245462
v -0.08630484 0 0.243479
v -0.08696871 0 0.2154378
v -0.08661389 -0.009229779 0.2105922
v -0.08699715 0 0.2096828
v -0.086416 -0.009336054 0.1781547
v -0.08675551 0 0.1772891
v -0.08705127 0 0.1987456
v -0.08441275 0 0.120269
v -0.08550208 0 0.1387487
v -0.08542549 -0.009260177 0.1468831
v -0.08578622 0 0.1462532
v -0.08663767 0 0.1687425
v -0.0841012 0 0.1163582
v -0.08292013 -0.01755458 0.1167955
v -0.08218896 0 0.09235775
v -0.08115828 -0.008532762 0.08583968
v -0.07777345 -0.007845997 0.05346417
v -0.0792827 0 0.06371909
v -0.08153998 0 0.08596295
v -0.07741981 0 0.04763484
v -0.07811635 0 0.05364847
v -0.07195907 -0.01841086 0.02112394
v -0.07318305 -0.02244806 0.03644061
v -0.0710721 -0.02134823 0.02112394
v -0.06983053 -0.02546006 0.02112394
v -0.05755805 -0.0472747 0.02112394
v -0.05761557 -0.04721093 0.02112394
v -0.05494773 -0.05515307 0.03606802
v -0.05261242 -0.05272895 0.02112394
v -0.05278724 -0.0525704 0.02112394
v -0.04740238 -0.057455 0.02112394
v -0.04922467 -0.06005924 0.03593504
v -0.04714089 -0.05765777 0.02112394
v -0.04295408 -0.06424403 0.03577774
v -0.03625136 -0.06771713 0.03560584
v -0.03480058 -0.06565451 0.02112394
v -0.03835165 -0.06378257 0.02112394
v -0.04114913 -0.06193447 0.02112394
v -0.04437875 -0.05980098 0.02112394
v -0.02189582 -0.07098954 0.02112394
v -0.02516037 -0.0699253 0.02112394
v -0.02921736 -0.07050865 0.03542947
v -0.02810943 -0.06872344 0.02112394
v -0.03194159 -0.06716167 0.02112394
v -0.01474386 -0.07276761 0.02112394
v -0.01447147 -0.07415127 0.03509628
v -0.01398462 -0.07287955 0.02112394
v -0.007138907 -0.07589638 0.05099755
v -0.007439792 -0.07384431 0.02112394
v -0.006672739 -0.07388186 0.021124
v 0 -0.07420873 0.021124
v -4.73302e-07 -0.07545047 0.0390197
v -6.25284e-07 -0.07581323 0.04424732
v -2.93158e-06 -0.07602798 0.05083054
v -0.007539749 -0.07671046 0.08418357
v -9.59685e-06 -0.07664883 0.06985616
v -6.2586e-06 -0.07633787 0.06032735
v -2.02634e-05 -0.07675355 0.1089426
v -1.85947e-05 -0.07686984 0.09879744
v -0.01584297 -0.0762546 0.08431625
v -1.40175e-05 -0.07675743 0.08407497
v -1.39415e-05 -0.07675552 0.08383059
v -2.40043e-05 -0.07588142 0.155447
v -2.36347e-05 -0.07533556 0.1754124
v -2.38893e-05 -0.07571154 0.1616605
v -0.01678633 -0.07593029 0.1542642
v -0.05120611 -0.07167053 0.1520076
v -0.05166596 -0.07128995 0.1851556
v -0.04288589 -0.07378113 0.1525506
v -0.04323714 -0.07323253 0.1859229
v -0.0342881 -0.07502901 0.1531056
v -0.03454422 -0.07430976 0.186704
v -0.02556383 -0.07567441 0.1536757
v -0.02574074 -0.07479578 0.1875021
v -0.05129414 -0.0699867 0.217922
v -0.04291439 -0.07187813 0.2187438
v -0.03428161 -0.07292711 0.2195789
v -0.06519722 -0.06352406 0.134503
v -0.06593567 -0.06386071 0.1509381
v -0.05899906 -0.06842684 0.1514722
v -0.06662678 -0.06375831 0.1836513
v -0.05957579 -0.06819838 0.1843996
v -0.0662406 -0.06266462 0.2163169
v -0.05917853 -0.06698018 0.217113
v -0.06972819 -0.0610218 0.1832784
v -0.07218074 -0.05703389 0.2155314
v -0.06936448 -0.06000375 0.2159232
v -0.0828697 -0.03513306 0.1806127
v -0.08047872 -0.0433402 0.181391
v -0.07955521 -0.04325532 0.1492787
v -0.08035957 -0.04274129 0.2139583
v -0.0828647 -0.0346806 0.2131525
v -0.08461469 -0.02632218 0.2123255
v -0.0768634 -0.05028963 0.2147485
v -0.07157707 -0.05622506 0.2319365
v -0.076312 -0.04960668 0.2311959
v -0.08468192 -0.0179404 0.1475028
v -0.08566486 -0.01801902 0.1789973
v -0.0858258 -0.01780581 0.2114731
v -0.07459974 -0.04084753 0.08549684
v -0.07427698 -0.05008339 0.1176556
v -0.06982666 -0.0570048 0.1178498
v -0.06678223 -0.05495136 0.08532381
v -0.0711863 -0.04821676 0.08541667
v -0.0776171 -0.04244971 0.1174484
v -0.08191621 -0.03504014 0.1486998
v -0.08003646 -0.03437191 0.1172336
v -0.07716333 -0.03306472 0.08557301
v -0.07536333 -0.02346324 0.05316811
v -0.08033019 -0.01682466 0.08573925
v -0.07685929 -0.01570749 0.05330663
v -0.08452373 -0.0266478 0.1798157
v -0.08355444 -0.02656 0.148108
v -0.08174401 -0.02603584 0.1170151
v -0.07902997 -0.02502357 0.08565217
v -0.02193355 -0.0726462 0.03525739
v -0.02274501 -0.07388311 0.0514152
v -0.01498836 -0.07516312 0.05120009
v -0.02408313 -0.07539784 0.08445912
v -0.02116096 -0.07117223 0.02112394
v -0.05947995 -0.0592764 0.06886225
v -0.05327606 -0.06411451 0.06866997
v -0.05137068 -0.06228423 0.05230301
v -0.04639106 -0.06797868 0.06845867
v -0.04477524 -0.06630551 0.05209106
v -0.03902822 -0.07095813 0.06823807
v -0.03772336 -0.06952399 0.05186665
v -0.03134924 -0.07318407 0.06801617
v -0.03034788 -0.0720238 0.05163902
v -0.02501875 -0.07593357 0.1188412
v -0.03352057 -0.07499432 0.1186668
v -0.03221249 -0.07404696 0.0846098
v -0.04187011 -0.07344216 0.1185024
v -0.04896736 -0.07033216 0.101542
v -0.04992657 -0.07105475 0.118345
v -0.05632269 -0.06675195 0.1015688
v -0.06133139 -0.06080287 0.08521002
v -0.05492776 -0.06559538 0.08507406
v -0.04778951 -0.06931203 0.08492285
v -0.04015535 -0.07207214 0.08476579
v -0.06289839 -0.0620101 0.1015846
v -0.06418561 -0.06291264 0.118027
v -0.0574634 -0.06759935 0.1181893
v -0.05835491 -0.06815189 0.1348631
v 0.07446908 0 0.03013199
v 0.07439702 0 0.02795767
v 0.07405632 -0.007113695 0.02869075
v 0.06958687 -0.02547723 0.02112394
v 0.06840032 -0.02828431 0.02112394
v 0.06865292 -0.02861863 0.03080117
v 0.03743779 -0.06403666 0.02112394
v 0.03457576 -0.06552666 0.02112394
v 0.03475838 -0.06651538 0.03551048
v 0.01423424 -0.07282024 0.02112394
v 0.01389831 -0.07286924 0.02112394
v 0.01393198 -0.07404941 0.03762418
v 0.006620824 -0.07602936 0.05924999
v 0.006585299 -0.07642 0.0824539
v 0.07386797 -0.000272679 0.08916968
v 0.07408052 0 0.07722991
v 0.07371079 -0.007380723 0.07913225
v 0.07343733 -0.007400453 0.08979421
v 0.07369512 -0.004963994 0.08934521
v 0.07320511 -0.00959593 0.09019875
v 0.07253068 -0.01471775 0.08126884
v 0.07259029 -0.01329201 0.09135717
v 0.07069021 -0.0219354 0.08342415
v 0.07155114 -0.01794004 0.093382
v 0.07227134 -0.01471871 0.09197866
v 0.06793969 -0.0289362 0.1006333
v 0.06908065 -0.02604091 0.09831911
v 0.0682581 -0.02899456 0.08548039
v 0.07025617 -0.02252489 0.09595614
v 0.07042819 -0.02191585 0.09561419
v 0.06708157 -0.03111398 0.1023738
v 0.06522691 -0.03581804 0.08745682
v 0.06484413 -0.03587675 0.1069486
v 0.06238216 -0.04034513 0.1120126
v 0.06158691 -0.04232776 0.08938348
v 0.06120818 -0.04218411 0.1144384
v 0.05981421 -0.0443679 0.1173192
v 0.05733311 -0.04844295 0.09129041
v 0.05693542 -0.04823774 0.1232923
v 0.05649113 -0.04883491 0.1242141
v 0.05247622 -0.05408328 0.09320092
v 0.05296111 -0.05286508 0.1315662
v 0.0411306 -0.06366342 0.09700083
v 0.04660868 -0.05869668 0.1448516
v 0.04705482 -0.05917608 0.09510558
v 0.05075711 -0.05507665 0.1361681
v 0.05205667 -0.05377262 0.1334546
v 0.0406394 -0.06288951 0.1573883
v 0.04185372 -0.06216818 0.1548323
v 0.04076093 -0.06311267 0.1474224
v 0.04639685 -0.0588817 0.1452952
v 0.04642236 -0.05885934 0.1452417
v 0.03713905 -0.06496864 0.1647554
v 0.0344606 -0.06686758 0.1497138
v 0.03425323 -0.06635385 0.1708441
v 0.03226172 -0.06730979 0.1750461
v 0.02778887 -0.06996351 0.1521067
v 0.0275371 -0.0690971 0.1850373
v 0.02722907 -0.06921362 0.1856889
v 0.02082437 -0.07241564 0.1546682
v 0.026533 -0.06940913 0.1880767
v 0.01365089 -0.07424241 0.15742
v 0.01572561 -0.07246613 0.196515
v 0.02059352 -0.07126498 0.1931096
v 0.02100902 -0.07116246 0.1928188
v 0.02649319 -0.06937122 0.1896576
v 0.006299257 -0.07375878 0.2051011
v 0.007118701 -0.07372516 0.2041786
v 0.006423056 -0.07538986 0.1599872
v 0.01212346 -0.0731275 0.1994476
v 0.01346713 -0.0728808 0.1983537
v 0.002476096 -0.07391571 0.2094054
v 0.006538331 -0.07640361 0.1073739
v 0.006639719 -0.07517266 0.03836023
v 0.006630361 -0.07389175 0.021124
v 0.007008314 -0.07387369 0.02112394
v 0.02110236 -0.07220965 0.03689754
v 0.02101063 -0.07106107 0.02112394
v 0.01708114 -0.07220202 0.02112394
v 0.02806907 -0.06969332 0.03619456
v 0.03089618 -0.06744229 0.02112394
v 0.02793097 -0.06863003 0.02112394
v 0.0241034 -0.07016313 0.02112394
v 0.04014343 -0.06237345 0.02112394
v 0.04110199 -0.06269645 0.03483867
v 0.04090678 -0.0618261 0.02112394
v 0.04607069 -0.05812364 0.02112394
v 0.04703342 -0.05826377 0.03417271
v 0.04681199 -0.05747252 0.02112394
v 0.0515545 -0.05330693 0.02112394
v 0.05249243 -0.0532574 0.03350681
v 0.05225569 -0.05255544 0.02112394
v 0.05657434 -0.04792666 0.02112394
v 0.05742281 -0.04772818 0.03283804
v 0.05720359 -0.04713779 0.02112394
v 0.06177973 -0.04173678 0.03216511
v 0.0615164 -0.04120653 0.02112394
v 0.05912232 -0.04473263 0.02112394
v 0.06553065 -0.03534507 0.03148657
v 0.06671309 -0.03227561 0.02112394
v 0.06527704 -0.03491574 0.02112394
v 0.0632199 -0.03869754 0.02112394
v 0.0708208 -0.0218175 0.02112394
v 0.07112878 -0.02162295 0.03010821
v 0.07092809 -0.02139919 0.02112394
v 0.07265233 -0.01467603 0.02112394
v 0.07294416 -0.01442891 0.02940654
v 0.07271337 -0.01428002 0.02112394
v 0.07377076 -0.007420957 0.02112394
v 0.07379204 -0.007025837 0.02112394
v 0.07379204 -0.007025837 0.02112394
v 0.07439702 0 0.02795767
v 0.07417035 0 0.02112394
v 0.07449823 0 0.05351358
v 0.07416468 -0.007221639 0.04215437
v 0.07455426 0 0.04446542
v 0.07453298 0 0.04088556
v 0.0280497 -0.07071363 0.1009121
v 0.02811008 -0.07070606 0.07715123
v 0.02104175 -0.07327097 0.1030122
v 0.02110123 -0.07328051 0.07887434
v 0.01382881 -0.07519 0.1052384
v 0.01388901 -0.07520693 0.0806877
v 0.03477102 -0.06751251 0.09892237
v 0.02811831 -0.07038116 0.05538457
v 0.02112305 -0.07294338 0.05664032
v 0.01392501 -0.07484495 0.05795127
v 0.073013 -0.01457476 0.04343754
v 0.07116955 -0.02181196 0.04470092
v 0.06869119 -0.0288617 0.04593122
v 0.06558448 -0.03565102 0.04713481
v 0.06185716 -0.04211109 0.04831987
v 0.05752158 -0.04817253 0.04949426
v 0.05260205 -0.05376756 0.05066478
v 0.04714137 -0.05883097 0.05183136
v 0.04119741 -0.06330937 0.05299687
v 0.03483343 -0.06716614 0.05417573
v 0.07386606 0 0.08922904
v 0.07386159 -0.000274079 0.08923804
v 0.07386171 0 0.08924406
v 0.07384592 -0.00027536 0.08930492
v 0.07384252 0 0.08930993
v 0.07382118 -0.000276498 0.08936899
v 0.07368922 -0.004955947 0.08941364
v 0.07320088 -0.009577572 0.09026741
v 0.07026028 -0.02248257 0.09602576
v 0.07155179 -0.01790541 0.0934512
v 0.07258796 -0.0132659 0.09142601
v 0.06908792 -0.02599269 0.09838902
v 0.06709444 -0.03105705 0.1024445
v 0.0565378 -0.04874736 0.1242882
v 0.05984956 -0.04428797 0.1173921
v 0.06486362 -0.03581166 0.1070199
v 0.06240928 -0.04027217 0.1120847
v 0.05302006 -0.05277097 0.1316414
v 0.05082392 -0.05497932 0.1362441
v 0.04647928 -0.05877935 0.1453726
v 0.04195225 -0.06206291 0.1549113
v 0.03725373 -0.06486231 0.1648362
v 0.0273751 -0.06911003 0.1857734
v 0.03239238 -0.06720405 0.1751286
v 0.0736739 -0.004947364 0.08948057
v 0.07318663 -0.0095582 0.09033441
v 0.07257503 -0.01323848 0.09149318
v 0.07154083 -0.01786869 0.09351849
v 0.07025146 -0.02243763 0.09609317
v 0.06908124 -0.02594119 0.09845668
v 0.0670914 -0.03099566 0.1025124
v 0.06486493 -0.03574055 0.1070881
v 0.06241554 -0.04019147 0.1121532
v 0.05986148 -0.04419791 0.1174609
v 0.05655735 -0.04864639 0.1243572
v 0.05304819 -0.05265951 0.1317107
v 0.0508576 -0.05486184 0.1363134
v 0.04652392 -0.05865114 0.1454421
v 0.04200869 -0.06192511 0.1549808
v 0.03732264 -0.06471586 0.1649056
v 0.0324738 -0.06705027 0.1751978
v 0.02746897 -0.06894999 0.1858423
v 0.07364946 -0.004938483 0.08954465
v 0.07316273 -0.009538292 0.09039849
v 0.07255178 -0.01321029 0.09155708
v 0.07151842 -0.0178309 0.09358221
v 0.07023012 -0.02239114 0.09615671
v 0.06906074 -0.02588778 0.09851998
v 0.06707257 -0.03093189 0.1025753
v 0.06484794 -0.03566622 0.1071505
v 0.06240075 -0.04010641 0.1122149
v 0.0598492 -0.04410248 0.1175218
v 0.05654847 -0.04853814 0.124417
v 0.0530433 -0.05253863 0.1317688
v 0.05085515 -0.05473351 0.1363705
v 0.04652673 -0.05850899 0.1454969
v 0.04201722 -0.06176942 0.1550329
v 0.03733712 -0.06454747 0.1649548
v 0.03249454 -0.06686991 0.1752439
v 0.02749609 -0.06875848 0.1858848
v 0.03350168 -0.02949988 0.1746274
v 0.03409916 0 0.1745645
v 0.0282616 -0.02949988 0.1858648
v 0.08089876 0 0.2023268
v 0.07475399 -0.02949988 0.2012344
v 0.07981365 0 0.2020254
v 0.07347083 -0.02949988 0.2009207
v 0.06804996 0 0.1991726
v 0.06449264 -0.02949988 0.1990475
v 0.06458997 0 0.1985399
v 0.0622766 -0.02949988 0.1985852
v 0.0591036 0 0.1975366
v 0.05029004 -0.02949988 0.1969064
v 0.05056768 0 0.1964192
v 0.05239683 -0.02949988 0.2063411
v 0.03945875 -0.02949988 0.2119441
v 0.02823746 -0.02949988 0.2204805
v -0.01851093 -0.02949988 0.299226
v -0.01834905 -0.02949988 0.2991818
v 0.03113472 -0.02949988 0.1976935
v 0.03127127 -0.02949988 0.1985216
v 0.06629985 -0.02949988 0.2039973
v 0.03097867 -0.02949988 0.1973351
v 0.04424041 -0.02949988 0.3154056
v -0.004951298 -0.02949988 0.2789676
v 0.02756357 -0.02949988 0.1887723
v 0.02843672 -0.02949988 0.1925544
v -0.004347503 -0.02949988 0.2783846
v 0.02245289 -0.02949988 0.2978301
v -0.003970742 -0.02949988 0.2776346
v 0.0153312 -0.02949988 0.2856616
v -0.003863513 -0.02949988 0.2768023
v 0.01132863 -0.02949988 0.2721425
v 0.03227961 -0.02949988 0.3079406
v 0.01842361 -0.02949988 0.2095531
v 0.01938509 -0.02949988 0.2314543
v 0.008750915 -0.02949988 0.2205973
v 0.01341629 -0.02949988 0.2442277
v 0.0311262 -0.02949988 0.1993482
v 0.03071558 -0.02949988 0.2000802
v 0.03008574 -0.02949988 0.200635
v -0.01806735 -0.02949988 0.2988153
v -0.01811206 -0.02949988 0.2989509
v -0.01821082 -0.02949988 0.2990865
v 0.001447916 -0.02949988 0.2333332
v -0.003197968 -0.02949988 0.2472599
v 0.01067775 -0.02949988 0.2580584
v -0.005004167 -0.02949988 0.2618296
v -0.003899455 -0.02949988 0.2764691
v 0.06630468 -0.03549993 0.2041019
v 0.05242651 -0.03549993 0.2064415
v 0.03951162 -0.03549993 0.2120344
v 0.02831041 -0.03549993 0.2205556
v 0.01947396 -0.03549993 0.2315097
v 0.01351583 -0.03549993 0.2442602
v 0.01078218 -0.03549993 0.2580662
v 0.01143199 -0.03549993 0.2721251
v 0.01542735 -0.03549993 0.28562
v 0.02253615 -0.03549993 0.2977666
v 0.03234535 -0.03549993 0.307859
v 0.04428476 -0.03549993 0.3153107
v 0.04322642 -0.03549993 0.3175756
v 0.03077572 -0.03549993 0.3098049
v 0.02054649 -0.03549993 0.2992802
v 0.01313316 -0.03549993 0.2866135
v 0.008966743 -0.03549993 0.2725407
v 0.008289158 -0.03549993 0.2578797
v 0.01113981 -0.03549993 0.2434826
v 0.01735311 -0.03549993 0.2301861
v 0.02656805 -0.03549993 0.2187628
v 0.03824883 -0.03549993 0.2098768
v 0.05171686 -0.03549993 0.2040444
v 0.06618928 -0.03549993 0.2016046
v 0.06618642 -0.032 0.2015435
v 0.05169945 -0.032 0.2039858
v 0.03821802 -0.032 0.209824
v 0.02652537 -0.032 0.218719
v 0.01730138 -0.032 0.2301537
v 0.01108181 -0.032 0.2434636
v 0.008228242 -0.032 0.2578752
v 0.008906483 -0.032 0.2725508
v 0.01307713 -0.032 0.2866378
v 0.02049785 -0.032 0.2993173
v 0.0307374 -0.032 0.3098524
v 0.04320055 -0.032 0.317631
v 0.08089417 -0.032 0.20235
v 0.07965004 -0.032 0.202005
v 0.05048131 -0.032 0.1958755
v 0.05201476 -0.032 0.1965584
v 0.05266982 -0.032 0.19668
v 0.05601418 -0.032 0.1971065
v 0.06790715 -0.032 0.1991668
v 0.04926037 -0.032 0.1947236
v 0.03746283 -0.03049981 0.1758497
v 0.03747653 -0.03003484 0.175763
v 0.05085748 -0.03003484 0.1935201
v 0.03742784 -0.0317198 0.1773864
v 0.03742825 -0.03169983 0.177271
v 0.05063432 -0.03102004 0.1936882
v 0.03744792 -0.03100806 0.176212
v 0.03744947 -0.03095388 0.176129
v 0.05005103 -0.0317378 0.1941277
v 0.05177104 -0.03003758 0.1942919
v 0.05251008 -0.0300365 0.194621
v 0.05244076 -0.03102093 0.1948922
v 0.05290305 -0.03003484 0.194694
v 0.05287051 -0.03102004 0.1949715
v 0.05225986 -0.0317381 0.1955998
v 0.05278521 -0.0317378 0.1956969
v 0.05158996 -0.03003782 0.1942113
v 0.05143451 -0.03102177 0.1944447
v 0.05102974 -0.03173828 0.1950524
v 0.08113813 -0.03155934 0.2011179
v 0.08108431 -0.03171288 0.2013896
v 0.0799117 -0.0317378 0.2010503
v 0.08102339 -0.03188663 0.2016972
v 0.08010476 -0.03102004 0.2003458
v 0.08122813 -0.0310176 0.2006633
v 0.08122509 -0.03105551 0.2006785
v 0.08017855 -0.03003484 0.2000764
v 0.08128374 -0.03003484 0.2003825
v 0.0812745 -0.03043323 0.2004289
v 0.05628675 -0.03003484 0.1951255
v 0.05614912 -0.0317378 0.1961258
v 0.05624866 -0.03102004 0.1954023
v 0.06825816 -0.03102004 0.1974828
v 0.06619966 -0.03003484 0.1968427
v 0.06831514 -0.03003484 0.1972092
v 0.06810915 -0.0317378 0.1981978
v 0.05303376 -0.01600956 0.1944628
v 0.06631028 0 0.1962728
v 0.06641739 0 0.1962897
v 0.08138585 0 0.1998667
v 0.05099004 -0.01600956 0.1932892
v 0.05189186 -0.01600497 0.1940851
v 0.05205798 0 0.1937994
v 0.05221712 0 0.1939142
v 0.05139994 0 0.1933255
v 0.03699374 -0.03002715 0.1748014
v 0.03768301 0 0.1747047
v 0.0368812 -0.03002715 0.1737312
v 0.0371536 -0.03003484 0.1726902
v 0.03771924 0 0.1727219
v 0.03758454 0 0.1736807
v 0.03750318 0 0.1742595
v 0.03597199 -0.03419739 0.1750521
v 0.03598535 -0.03309434 0.175731
v 0.03650283 -0.03220671 0.1765196
v 0.03683692 -0.03233236 0.1732745
v 0.0366376 -0.0317617 0.1742287
v 0.03706419 -0.03119719 0.1728339
v 0.03681248 -0.03090924 0.1738525
v 0.03685194 -0.03127944 0.1752275
v 0.03695148 -0.03066617 0.1749039
v 0.03271526 -0.04993396 0.1960349
v 0.03265786 -0.0499624 0.2008326
v 0.0332995 -0.0499624 0.198441
v 0.03094768 -0.04993396 0.2026231
v -0.00184077 -0.04993736 0.2757961
v -0.00334239 -0.04996466 0.2802845
v -0.002026975 -0.04996466 0.2782291
v -0.005473732 -0.04993736 0.2814727
v -0.01577264 -0.04149466 0.2989942
v -0.01708304 -0.04151874 0.3009819
v -0.01942878 -0.04149466 0.3013895
v -0.0182138 -0.04151242 0.3014284
v -0.01622217 -0.04151242 0.3001236
v -0.0149973 0 0.3033794
v -0.02269071 0 0.3015997
v -0.02495712 0 0.3010754
v 0.04064875 0 0.3222241
v 0.01432549 0 0.3147113
v 0.01957333 0 0.3167499
v 0.02641814 0 0.3186882
v 0.03619819 0 0.3214577
v 0.00385499 0 0.3106437
v -0.01415735 0 0.3037024
v -0.000198005 0 0.3090692
v -0.07895356 0 0.2907267
v -0.08138698 0 0.2874976
v -0.08338892 0 0.2890119
v -0.0830112 0 0.2843555
v -0.08531612 0 0.2853252
v -0.08662897 0 0.2812684
v -0.08423864 0 0.2805027
v -0.08080738 0 0.2924051
v -0.0756824 0 0.2936937
v -0.07776927 0 0.2952451
v -0.0756824 0 0.2936937
v -0.07268363 0 0.2955722
v -0.07421004 0 0.2975924
v -0.06894534 0 0.2971127
v 0.04019331 0 0.3197755
v 0.05154705 0 0.3217821
v -0.07421004 0 0.2975924
v -0.07040375 0 0.2992664
v -0.07040375 0 0.2992664
v -0.06629461 0 0.297762
v -0.06626808 0 0.3003035
v 0.02916324 0 0.3170887
v 0.01814812 0 0.3136153
v -0.0792827 0 0.06371909
v 0.006315827 0 0.3090717
v -0.08473134 0 0.2770005
v -0.08872705 0 0.2463734
v -0.08625793 0 0.245462
v -0.08696871 0 0.2154378
v -0.08955299 0 0.1997317
v -0.08705127 0 0.1987456
v -0.08663767 0 0.1687425
v -0.08829021 0 0.1447407
v -0.08550208 0 0.1387487
v -0.002453804 0 0.3054201
v -0.08441275 0 0.120269
v -0.0846064 0 0.09132605
v -0.08218896 0 0.09235775
v -0.01021844 0 0.3023664
v -0.01751506 0 0.3000425
v -0.02355605 0 0.2987545
v -0.02958178 0 0.2981613
v -0.07741981 0 0.04763484
v -0.07881557 0 0.03840535
v -0.03925263 0.04281127 0.2958761
v -0.03925263 0.04281127 0.3018764
v -0.03973966 0.03989833 0.2959269
v -0.03984516 0.0396527 0.3019205
v -0.0398603 0.0396676 0.295931
v -0.03986912 0.03952479 0.3019223
v -0.04128921 0.03693532 0.2959787
v -0.0414049 0.03685122 0.3019596
v -0.0413841 0.03684639 0.2959802
v -0.04153466 0.03662526 0.3019628
v -0.04372882 0.03464889 0.2960186
v -0.04110628 0.07491385 0.268925
v -0.04110789 0.07488209 0.2692343
v -0.04022449 0.07488608 0.2689238
v -0.09024643 0.005164325 0.2684239
v -0.09068608 0.00518161 0.2596063
v -0.09054332 0.005105495 0.2595995
v -0.09172749 0.007122755 0.2629846
v -0.09183067 0.00647515 0.2596606
v -0.09176343 0.006327927 0.2596574
v -0.08934015 0.006870985 0.2527044
v -0.08934408 0.006848633 0.2527361
v -0.090137 0.006726384 0.2526731
v -0.08965224 0.005508065 0.2559776
v -0.08971828 0.005284786 0.2567796
v -0.09042644 0.005305588 0.2568075
v -0.091865 0.00648427 0.2587787
v -0.09050899 0.005112349 0.2586311
v -0.09157925 0.005880475 0.258727
v -0.09111613 0.005410969 0.2596266
v -0.09133851 0.00564754 0.2596372
v -0.09032118 0.005733907 0.2550258
v -0.08957344 0.005774438 0.2550213
v -0.08958047 0.005750775 0.2551064
v -0.08950221 0.006073832 0.2542538
v -0.0902661 0.006005406 0.2542411
v -0.09159463 0.006656587 0.2545203
v -0.09160107 0.006414473 0.2552772
v -0.09196382 0.00728029 0.2547713
v -0.09195232 0.00887674 0.2518167
v -0.09195703 0.008717536 0.2520323
v -0.09206163 0.009537398 0.2523349
v -0.09206449 0.009386539 0.2525298
v -0.08897113 0.009182929 0.250008
v -0.08899068 0.009038388 0.250115
v -0.08982056 0.008842527 0.2499032
v -0.08899277 0.009022891 0.2501266
v -0.09192097 0.01237219 0.2500967
v -0.09179645 0.01173382 0.2493756
v -0.09193861 0.01214051 0.2501859
v -0.08834391 0.01482546 0.2480536
v -0.08845388 0.0136221 0.2480805
v -0.08915162 0.01494848 0.2476098
v -0.08927005 0.01365602 0.2476286
v -0.04329681 0.0733267 0.2638861
v -0.04710459 0.0724433 0.2633783
v -0.04333382 0.07348853 0.2639149
v -0.0476275 0.07371681 0.2648023
v -0.04371958 0.07459092 0.2652803
v -0.04369747 0.07457578 0.2651139
v -0.04677337 0.07182067 0.2633151
v -0.04692429 0.07178521 0.2632962
v -0.05088323 0.07136249 0.2628079
v -0.05066555 0.0707066 0.2627338
v -0.05074697 0.07067811 0.2627194
v -0.05519944 0.07135248 0.2635983
v -0.05533123 0.07135075 0.2642897
v -0.0550121 0.07146078 0.264344
v -0.05151003 0.07261717 0.2642353
v -0.05217355 0.07243978 0.2648273
v -0.05162584 0.07262861 0.2649205
v -0.05446231 0.07012212 0.2621695
v -0.05420458 0.06947016 0.262106
v -0.05466902 0.06927585 0.2620103
v -0.05785256 0.06871515 0.261467
v -0.05755198 0.06806945 0.2614167
v -0.05807095 0.06782925 0.2613008
v -0.05837875 0.06847369 0.2613487
v -0.05848038 0.06762135 0.2612024
v -0.0709176 0.06242465 0.26033
v -0.07078671 0.0625267 0.2603721
v -0.07072901 0.06250685 0.259594
v -0.06809455 0.06454932 0.2604521
v -0.06838601 0.06439751 0.2611424
v -0.06827634 0.06448298 0.2611776
v -0.06531029 0.06641668 0.2612702
v -0.06586492 0.06610906 0.2618756
v -0.06548333 0.06636643 0.2619861
v -0.06939584 0.061495 0.2581951
v -0.06891304 0.06090337 0.2582268
v -0.06899672 0.06082653 0.2581962
v -0.07826042 0.0513482 0.2544548
v -0.07761025 0.05086749 0.2546123
v -0.0776329 0.05082952 0.2546008
v -0.07923895 0.0481373 0.2537851
v -0.08000534 0.0466538 0.2533705
v -0.08143216 0.04567706 0.252759
v -0.08355551 0.04614889 0.2548582
v -0.08336567 0.04628199 0.2540402
v -0.08360946 0.04603731 0.2548282
v -0.08657509 0.03068751 0.2494817
v -0.08571672 0.0307188 0.2498905
v -0.0857892 0.03043514 0.2498418
v -0.0581718 0.06928294 0.2617594
v -0.05846893 0.06970059 0.2622565
v -0.05870544 0.06904006 0.2616398
v -0.05870622 0.06991475 0.2628949
v -0.05900943 0.0694558 0.2621369
v -0.05925148 0.06966769 0.2627762
v -0.04000753 0.0729584 0.2654247
v -0.04049742 0.07292997 0.264914
v -0.04067265 0.07379901 0.2649993
v -0.04142975 0.07285243 0.2643234
v -0.04189854 0.07280999 0.2640803
v -0.04208755 0.07365387 0.2641914
v -0.04380881 0.07465201 0.2659519
v -0.0433765 0.07473832 0.26603
v -0.04314774 0.07467961 0.2652004
v -0.04359626 0.07432794 0.26468
v -0.04288363 0.07426989 0.2644889
v -0.04352909 0.07416319 0.2643916
v -0.04345113 0.07389384 0.2642012
v -0.04263317 0.07358545 0.2640277
v -0.04244315 0.07275348 0.2639026
v -0.04314702 0.07267338 0.2637698
v -0.04237961 0.07434535 0.264635
v -0.04271942 0.07475286 0.2653269
v -0.04304224 0.07479912 0.2661355
v -0.04096347 0.07289469 0.2645653
v -0.04114449 0.07375645 0.264657
v -0.04106926 0.07450485 0.2653703
v -0.0415067 0.07445824 0.2650573
v -0.04160857 0.0749076 0.2659536
v -0.04197907 0.07486242 0.2656878
v -0.04218351 0.07492733 0.2666335
v -0.0424689 0.07488983 0.2664248
v -0.03977209 0.07297205 0.2656701
v -0.03993797 0.07384902 0.2657505
v -0.04076457 0.07497334 0.2669222
v -0.04038798 0.07455927 0.2660604
v -0.04103177 0.07496023 0.2665376
v -0.04153424 0.07498282 0.2673827
v -0.04174005 0.07497143 0.2670865
v -0.03899377 0.07298171 0.2671158
v -0.03906643 0.07298201 0.2669591
v -0.03915679 0.07385748 0.2671997
v -0.04117113 0.07496362 0.2682957
v -0.04041922 0.07496708 0.2676655
v -0.04126602 0.07497888 0.2679541
v -0.04626625 0.07375466 0.2689222
v -0.0913226 0.0121876 0.2633649
v -0.08280104 0.04548096 0.2658887
v -0.07243442 0.05991542 0.2671151
v -0.06787073 0.06384205 0.2674993
v -0.05474901 0.07107776 0.2684016
v -0.04123663 0.05004966 0.3032742
v -0.04131144 0.05002933 0.3032855
v -0.04123634 0.04979872 0.3033178
v -0.07752323 0.007100701 0.2999776
v -0.07732933 0.007100105 0.3001105
v -0.07725489 0.01037538 0.2999372
v -0.0724157 0.009973406 0.3024178
v -0.07272636 0.007083117 0.3024371
v -0.07265657 0.007082819 0.302462
v -0.09009623 0.00713098 0.2826578
v -0.0900824 0.00713098 0.2827035
v -0.08975642 0.01122421 0.2826749
v -0.04415762 0.07218384 0.2831811
v -0.04116064 0.072914 0.2830408
v -0.04116034 0.07296639 0.2828891
v -0.0427742 0.05479681 0.3018196
v -0.04123723 0.05049741 0.3031963
v -0.0437926 0.04917675 0.3033041
v -0.08998709 0.006326258 0.2826301
v -0.07267916 0.006292641 0.3023186
v -0.07726466 0.006304502 0.3000067
v -0.06256568 0.007058382 0.3044951
v -0.06317943 0.007040977 0.3044762
v -0.06250739 0.006282687 0.3043548
v -0.06317353 0.006263077 0.3043361
v -0.06195503 0.007116556 0.3045004
v -0.0618447 0.00634855 0.3043582
v -0.05181521 0.02119779 0.3030136
v -0.05167055 0.02114593 0.3022462
v -0.05160975 0.02134704 0.3022426
v -0.04857897 0.02953338 0.3028622
v -0.04845124 0.02944684 0.302093
v -0.04818952 0.02985394 0.3020851
v -0.04746824 0.03125959 0.3028299
v -0.04734981 0.03116023 0.3020599
v -0.047158 0.03141909 0.3020548
v -0.04727452 0.03152078 0.302825
v -0.04618203 0.03257715 0.3020318
v -0.04613095 0.03263783 0.3020306
v -0.04623663 0.03275102 0.3028015
v -0.04500555 0.03369778 0.3020094
v -0.04509848 0.033822 0.3027809
v -0.04372882 0.03464889 0.3019904
v -0.047818 0.03152477 0.3034812
v -0.04761928 0.0317927 0.3034763
v -0.04834514 0.03191483 0.3039133
v -0.04813879 0.03219324 0.3039084
v -0.05259633 0.0250262 0.3041878
v -0.05186992 0.02477395 0.3040388
v -0.05159765 0.02554094 0.3040254
v -0.05231893 0.02580779 0.3041741
v -0.04896855 0.03236979 0.3040596
v -0.04875326 0.03266036 0.3040545
v -0.04164713 0.03673148 0.3027332
v -0.04000878 0.0395897 0.3026903
v -0.04043686 0.05045992 0.3030822
v -0.04038214 0.05963158 0.2996342
v -0.04122292 0.06009685 0.2994247
v -0.04122442 0.0596801 0.2996925
v -0.04027324 0.0729466 0.2828878
v -0.0388422 0.06632959 0.2770169
v -0.03874331 0.0719906 0.2776807
v -0.03884828 0.0659812 0.2791696
v -0.03878617 0.06953877 0.2862555
v -0.03887534 0.0644297 0.2836997
v -0.03887194 0.06462526 0.2832787
v -0.03922224 0.04455685 0.3018459
v -0.03921228 0.04512244 0.2958357
v -0.03920221 0.04570329 0.3018043
v -0.03920423 0.04558295 0.2958231
v -0.03915828 0.04822039 0.3015586
v -0.03916466 0.04785335 0.2956242
v -0.03912615 0.05005806 0.3012408
v -0.03915655 0.04831737 0.2955551
v -0.03908407 0.05246984 0.3006364
v -0.03911799 0.05052822 0.2950875
v -0.03897631 0.0586459 0.2979779
v -0.03904438 0.05474197 0.2934984
v -0.03903824 0.05509799 0.2933165
v -0.03890711 0.06260907 0.2951893
v -0.03900486 0.05701065 0.292189
v -0.03897368 0.05879092 0.290876
v -0.03887587 0.06439769 0.2935378
v -0.03894507 0.06043308 0.2893788
v -0.03894019 0.06071573 0.2890872
v -0.04254591 0.06689518 0.2639934
v -0.04324781 0.06674772 0.2638621
v -0.04316228 0.07177489 0.2637838
v -0.03872704 0.07292491 0.2687309
v -0.03874713 0.07177489 0.2687488
v -0.03883683 0.07296872 0.2676844
v -0.039074 0.07175302 0.266972
v -0.03943467 0.0729835 0.2661641
v -0.04001098 0.07174539 0.2654271
v -0.04143577 0.07175302 0.264316
v -0.04060465 0.06720787 0.2649967
v -0.04106807 0.06714749 0.2646516
v -0.04152894 0.06707346 0.2644141
v -0.04200589 0.06699687 0.2641682
v -0.04010611 0.06725549 0.2655142
v -0.03909391 0.06728488 0.2672023
v -0.03916543 0.06728643 0.2670481
v -0.03953766 0.06729435 0.2662461
v -0.03987395 0.06727766 0.2657552
v -0.03893715 0.06725865 0.2677703
v -0.03882735 0.06717604 0.2688202
v -0.04393702 0.06659138 0.263782
v -0.04678386 0.06585389 0.2634117
v -0.04772037 0.06561124 0.2632899
v -0.0507614 0.06463742 0.2628189
v -0.05129498 0.06446659 0.2627363
v -0.0522117 0.0641334 0.2625792
v -0.05468958 0.06311994 0.2621147
v -0.05536317 0.06284451 0.2619885
v -0.05832266 0.0613982 0.2613568
v -0.05850881 0.0612905 0.2613121
v -0.06102561 0.06632834 0.260591
v -0.06110787 0.05978512 0.2606873
v -0.06213563 0.06567108 0.2602913
v -0.0621671 0.05906081 0.2604036
v -0.06381446 0.06467711 0.2598381
v -0.0637198 0.05799907 0.2599877
v -0.06564325 0.06341981 0.2592884
v -0.06537085 0.05670523 0.2595071
v -0.06568652 0.05642372 0.2594081
v -0.06967681 0.05255854 0.2580994
v -0.072124 0.05784934 0.2570292
v -0.06903403 0.0532267 0.2583186
v -0.06760591 0.05471116 0.2588056
v -0.07159566 0.05023741 0.2573941
v -0.07217764 0.0494191 0.2571651
v -0.07515984 0.04478317 0.2559434
v -0.07507634 0.0449211 0.2559785
v -0.074992 0.05451613 0.2558256
v -0.07336062 0.04775553 0.2566996
v -0.07663846 0.04190456 0.2552839
v -0.07772028 0.03943562 0.2547771
v -0.07796007 0.03888833 0.2546648
v -0.07913446 0.03573781 0.2540913
v -0.07946896 0.03473854 0.2539241
v -0.08013653 0.03249186 0.2535836
v -0.08072376 0.04526311 0.2529817
v -0.08122581 0.04418903 0.2526988
v -0.08215624 0.04197615 0.2521536
v -0.08058053 0.03099757 0.2533571
v -0.08152729 0.02713567 0.2528626
v -0.08300113 0.01904726 0.2520862
v -0.08405363 0.03672891 0.250988
v -0.08234786 0.0230351 0.2524295
v -0.08232867 0.02315223 0.2524396
v -0.08427417 0.01482546 0.251286
v -0.08367317 0.01482546 0.2517222
v -0.08355289 0.01482546 0.2518044
v -0.08579117 0.01482546 0.2501848
v -0.08588719 0.01482546 0.2501063
v -0.08658927 0.02670043 0.2492883
v -0.08716964 0.02344906 0.2488793
v -0.08726102 0.01482546 0.2489822
v -0.08727622 0.02285188 0.2488042
v -0.08785974 0.0188927 0.248391
v -0.08773905 0.01482546 0.2485911
v -0.08397382 0.01177734 0.2521611
v -0.08611577 0.01177734 0.2506063
v -0.08808833 0.01177734 0.2489923
v -0.08884078 0.01014822 0.2492927
v -0.0887112 0.01120412 0.2487283
v -0.08864635 0.01178348 0.2485215
v -0.08858066 0.0123704 0.2483119
v -0.0883401 0.006868958 0.2534943
v -0.08917826 0.007801175 0.2513833
v -0.08699345 0.009037733 0.2517458
v -0.08914828 0.007987558 0.2511623
v -0.08381378 0.004999995 0.2633458
v -0.08660233 0.004999995 0.2617317
v -0.08388018 0.005071759 0.2619403
v -0.08390134 0.005131185 0.2614478
v -0.08402067 0.006336212 0.2575162
v -0.08401179 0.006055057 0.2580744
v -0.08500778 0.00547868 0.2591236
v -0.08396583 0.0054847 0.2597252
v -0.083965 0.00548011 0.2597475
v -0.08403593 0.00681895 0.2565578
v -0.08759588 0.00547868 0.2574491
v -0.08403593 0.006873667 0.2564787
v -0.08603376 0.006868958 0.2551685
v -0.08403629 0.007747352 0.2552161
v -0.08381396 0.01217126 0.2521188
v -0.08384239 0.01178401 0.2522727
v -0.08390706 0.01090431 0.2526223
v -0.08478659 0.009037733 0.2533478
v -0.08397191 0.009770035 0.2533007
v -0.08400052 0.009051382 0.2538974
v -0.08401739 0.008627712 0.2542492
v -0.08369404 0.01350229 0.2518427
v -0.08932334 0.004999995 0.2599712
v -0.06905096 0.004999995 0.295351
v -0.07198715 0.004999995 0.3005805
v -0.07108938 0.004999995 0.2945141
v -0.07418745 0.004999995 0.2995885
v -0.0730136 0.004999995 0.2934776
v -0.07481968 0.004999995 0.2922468
v -0.07824349 0.004999995 0.2970643
v -0.07523018 0.004999995 0.2919265
v -0.07964056 0.004999995 0.287088
v -0.08447903 0.004999995 0.2904565
v -0.07991874 0.004999995 0.2866542
v -0.08247494 0.004999995 0.2806283
v -0.088162 0.004999995 0.2821662
v -0.08259159 0.004999995 0.2801354
v -0.0630958 0.004999995 0.296512
v -0.0630958 0.004999995 0.3024784
v -0.06527984 0.004999995 0.2962927
v -0.06550371 0.004999995 0.3022699
v -0.06741976 0.004999995 0.2958496
v -0.06786423 0.004999995 0.3018521
v -0.06238108 0.005025506 0.3024959
v -0.06208372 0.005051255 0.2965352
v -0.06166976 0.005102097 0.3025007
v -0.0603246 0.005536854 0.2965267
v -0.05906009 0.005850434 0.3024902
v -0.05886054 0.005941033 0.2965197
v -0.05778229 0.00669384 0.3024784
v -0.05778163 0.006687641 0.2965067
v -0.0562694 0.007692337 0.3024645
v -0.05611091 0.007843673 0.2964864
v -0.05565184 0.008502364 0.3024532
v -0.05563986 0.008490443 0.2964752
v -0.05424189 0.0103513 0.3024274
v -0.05414223 0.01054632 0.2964393
v -0.05405503 0.0108239 0.2964345
v -0.05408442 0.01083397 0.3024206
v -0.05320435 0.01353001 0.2963872
v -0.05320435 0.01353001 0.302383
v -0.05297499 0.01498717 0.2963618
v -0.05158829 0.02134126 0.2962509
v -0.05196338 0.01999139 0.2962744
v -0.05285751 0.01552116 0.3023474
v -0.05288124 0.01552534 0.2963524
v -0.05250334 0.01755458 0.302311
v -0.05276501 0.01619213 0.2963408
v -0.04818266 0.02985072 0.2961024
v -0.04882138 0.02877378 0.2961211
v -0.04948168 0.02742981 0.302131
v -0.04899597 0.02843725 0.296127
v -0.05003821 0.02613312 0.2961672
v -0.05008816 0.02594727 0.3021585
v -0.05010253 0.02595347 0.2961704
v -0.0504409 0.02508497 0.3021745
v -0.05101788 0.02339392 0.2962151
v -0.05070483 0.02434116 0.302188
v -0.04522615 0.03350871 0.2960385
v -0.0461663 0.03256106 0.296055
v -0.04654151 0.03218287 0.2960616
v -0.04772931 0.03061521 0.296089
v 0.04009556 -0.032 0.1737145
v 0.04009556 0.032 0.1737145
v 0.03721809 -0.032 0.1723726
v 0.03721809 0.032 0.1723726
v 0.04161417 -0.03137111 0.1629452
v 0.04449164 -0.03137111 0.164287
v 0.04590088 -0.03042256 0.1537524
v 0.04877841 -0.03042256 0.1550942
v 0.05003446 -0.02916401 0.1448879
v 0.05291193 -0.02916401 0.1462297
v 0.05397278 -0.02760803 0.1364421
v 0.05685031 -0.02760803 0.137784
v 0.05767565 -0.02577084 0.1285011
v 0.06055325 -0.02577084 0.1298429
v 0.06110548 -0.02367085 0.1211459
v 0.06398308 -0.02367085 0.1224877
v 0.06422728 -0.02132964 0.1144514
v 0.06710481 -0.02132964 0.1157932
v 0.06700909 -0.01877099 0.1084856
v 0.06988662 -0.01877099 0.1098275
v 0.06942266 -0.01602107 0.1033098
v 0.07230013 -0.01602107 0.1046516
v 0.07144331 -0.01310771 0.09897643
v 0.07432085 -0.01310771 0.1003183
v 0.07305055 -0.01006084 0.09552973
v 0.07592809 -0.01006084 0.09687155
v 0.07422798 -0.006911516 0.09300476
v 0.07710546 -0.006911516 0.09434658
v 0.07496351 -0.003691673 0.09142738
v 0.07784104 -0.003691673 0.0927692
v 0.07524973 -0.000434225 0.09081357
v 0.07812726 -0.000434225 0.09215539
v 0.07508367 0.002827644 0.09116965
v 0.0779612 0.002827644 0.09251147
v 0.07446712 0.006060719 0.09249192
v 0.07734465 0.006060719 0.09383374
v 0.07340621 0.009232044 0.09476697
v 0.07628375 0.009232044 0.09610879
v 0.07191187 0.01230925 0.09797161
v 0.0747894 0.01230925 0.09931343
v 0.06999933 0.01526099 0.1020731
v 0.07287681 0.01526099 0.103415
v 0.06768798 0.01805716 0.1070297
v 0.07056552 0.01805716 0.1083716
v 0.06500148 0.02066934 0.112791
v 0.06787902 0.02066934 0.1141328
v 0.06196719 0.02307081 0.1192981
v 0.06484472 0.02307081 0.1206399
v 0.05861604 0.02523714 0.1264846
v 0.06149351 0.02523714 0.1278265
v 0.05498212 0.02714622 0.1342775
v 0.05785965 0.02714622 0.1356193
v 0.05110257 0.02877861 0.1425971
v 0.05398017 0.02877861 0.143939
v 0.04701685 0.03011769 0.151359
v 0.04989445 0.03011769 0.1527008
v 0.04276669 0.0311498 0.1604735
v 0.04564428 0.0311498 0.1618154
v 0.0383954 0.0318644 0.1698479
v 0.04127287 0.0318644 0.1711897
vn -0.2336192 -0.7031465 0.6715293
vn -0.3285318 0 0.9444869
vn -0.3170263 -0.6964629 0.643727
vn -0.4417554 -0.01742607 0.896939
vn -0.4119999 -0.6964629 0.5874813
vn -0.5740837 -0.01742607 0.818598
vn -0.497238 -0.6964629 0.5173498
vn -0.6928007 -0.01742607 0.7208777
vn -0.5706656 -0.6964629 0.4349803
vn -0.7951598 -0.01742607 0.6060976
vn -0.6306345 -0.6964629 0.3423261
vn -0.8787195 -0.01742607 0.4769738
vn -0.6756798 -0.6964629 0.241554
vn -0.9414655 -0.01742607 0.3365886
vn -0.7047334 -0.6964629 0.1350749
vn -0.9819636 -0.01742607 0.1882382
vn -0.7170934 -0.6964629 0.02539139
vn -0.9992066 -0.01742607 0.03543198
vn -0.7125157 -0.6964629 -0.08481091
vn -0.9928281 -0.01742607 -0.1181982
vn -0.6910917 -0.6964629 -0.1930906
vn -0.9629505 -0.01742607 -0.2690512
vn -0.6533097 -0.6964629 -0.2967925
vn -0.9103061 -0.01742607 -0.4135258
vn -0.6000549 -0.6964629 -0.3934446
vn -0.8361156 -0.01742607 -0.5482345
vn -0.5326396 -0.6964629 -0.4808191
vn -0.7421491 -0.01742607 -0.6699728
vn -0.4525895 -0.6964629 -0.5568102
vn -0.6306345 -0.01742607 -0.7758415
vn -0.361858 -0.6964629 -0.6196478
vn -0.5041963 -0.01742607 -0.8633992
vn -0.2625507 -0.6964629 -0.667806
vn -0.3658254 -0.01742607 -0.9305093
vn -0.1570177 -0.6964629 -0.7001556
vn -0.2188177 -0.01742607 -0.9755852
vn -0.04779195 -0.6964629 -0.7159643
vn -0.06662189 -0.01742607 -0.9976196
vn 0.03897213 -0.7034211 -0.7096774
vn 0.05609297 9.15555e-05 -0.998413
vn -0.2848598 0 0.9585559
vn -0.1904965 -0.7099521 0.6779687
vn 0.06695759 -0.9892269 -0.1301004
vn 0.0565508 -0.9910886 -0.120426
vn 0.1792047 -0.8635823 -0.4711753
vn 0.09866631 -0.9862667 -0.1323282
vn 0.07586902 -0.9904782 -0.114719
vn 0.2406079 -0.8600726 -0.4498428
vn -0.02343821 -0.8667867 0.4980621
vn 0.006897151 -0.9910275 0.1333659
vn 0.01361125 -0.9907529 0.1349223
vn -0.05764943 -0.5079501 0.8594318
vn 0.01001006 -0.8630024 0.5050508
vn -0.004333615 -0.1462752 0.9892269
vn -0.07388532 -0.1458784 0.9865108
vn 0.003814756 -0.5048372 0.8631855
vn 0.02453684 -0.9864803 0.1618701
vn 0.0793786 -0.8597369 0.5045015
vn 0.05050808 -0.1488693 0.9875485
vn 0.118717 -0.5027619 0.8561968
vn 0.1283913 -0.147557 0.9806513
vn 0.03381448 -0.9903867 0.1340678
vn 0.04956203 -0.9861141 0.15833
vn 0.1579638 -0.8588824 0.487167
vn 0.2065187 -0.1486556 0.9670705
vn 0.2526932 -0.5020295 0.8270821
vn 0.2823267 -0.1473739 0.9479049
vn 0.05429238 -0.990051 0.1296121
vn 0.07367163 -0.9857784 0.1509751
vn 0.2327036 -0.8580889 0.4576861
vn 0.3572192 -0.1485335 0.9221168
vn 0.3802911 -0.5013276 0.7771844
vn 0.4290902 -0.1471602 0.891171
vn 0.07367163 -0.9898068 0.1216773
vn 0.09643846 -0.9853511 0.140202
vn 0.301767 -0.8574175 0.4168218
vn 0.4988555 -0.1483199 0.8538774
vn 0.4982757 -0.5007477 0.7077547
vn 0.5649281 -0.1470382 0.8119145
vn 0.09186071 -0.9895017 0.1113315
vn 0.1170079 -0.9851375 0.1256142
vn 0.3634755 -0.8568377 0.3656117
vn 0.6311838 -0.1433759 0.7622303
vn 0.6037477 -0.5002594 0.6206244
vn 0.684225 -0.1408429 0.7155064
vn 0.1078219 -0.9893186 0.09787285
vn 0.1347697 -0.9849849 0.1078524
vn 0.416303 -0.8563799 0.3053987
vn 0.7437666 -0.1435285 0.6528214
vn 0.6940824 -0.4998322 0.5180212
vn 0.7890866 -0.1412091 0.5977966
vn 0.1217383 -0.9891354 0.08227789
vn 0.1498764 -0.9847713 0.08783227
vn 0.4589679 -0.8560442 0.2376781
vn 0.837611 -0.1437116 0.5269936
vn 0.7670828 -0.499527 0.4025086
vn 0.873928 -0.1415753 0.464919
vn 0.1325113 -0.9890744 0.06442457
vn 0.161626 -0.9846492 0.06564527
vn 0.4904325 -0.8558611 0.164098
vn 0.9103366 -0.1438947 0.3879513
vn 0.8208869 -0.4994049 0.276925
vn 0.9366131 -0.1419721 0.3202918
vn 0.9602039 -0.1441389 0.2391735
vn 0.8542436 -0.4993438 0.1444746
vn 0.9755241 -0.1423383 0.1675466
vn 0.1739555 -0.9845882 0.01709032
vn 0.5170446 -0.8559221 0.006836116
vn 0.5099338 -0.8558306 0.08651995
vn 0.1406598 -0.9890133 0.04525893
vn 0.1694998 -0.9846187 0.04177981
vn 0.1458479 -0.9889828 0.02511668
vn 0.8662984 -0.4994049 0.008423089
vn 0.8567156 -0.4996185 -0.127842
vn 0.9787591 -0.1430708 -0.1466109
vn 0.986816 -0.1446577 -0.07248145
vn 0.9896848 -0.142674 0.01058989
vn 0.9859005 -0.1443525 0.08438366
vn 0.1706595 -0.9847713 -0.03286838
vn 0.4934843 -0.8565325 -0.1509751
vn 0.5115208 -0.8561357 -0.07296973
vn 0.147618 -0.9890133 0.004364132
vn 0.1742912 -0.9846492 -0.007965326
vn 0.1462447 -0.9891049 -0.01635789
vn 0.8257699 -0.4999542 -0.2609332
vn 0.774163 -0.5003815 -0.3875545
vn 0.8833888 -0.1437727 -0.446028
vn 0.9147618 -0.1452376 -0.3769036
vn 0.9430525 -0.143437 -0.300119
vn 0.9628895 -0.1449629 -0.227546
vn 0.1516464 -0.985229 -0.07928705
vn 0.4219184 -0.8576617 -0.2938627
vn 0.4633625 -0.8570513 -0.2251961
vn 0.1415753 -0.9892269 -0.03665268
vn 0.1628162 -0.9850154 -0.05676442
vn 0.1339457 -0.9893796 -0.05612349
vn 0.7032075 -0.5008698 -0.504532
vn 0.6145513 -0.5015107 -0.6089053
vn 0.6988739 -0.1444135 -0.7004914
vn 0.7512131 -0.1457259 -0.643727
vn 0.801294 -0.1441084 -0.5806146
vn 0.8435927 -0.1455122 -0.516831
vn 0.0936613 -0.9901731 -0.1036103
vn 0.3091525 -0.8591876 -0.4076357
vn 0.1192358 -0.9858394 -0.1177099
vn 0.3700674 -0.8583941 -0.3551744
vn 0.1230811 -0.9896237 -0.07397687
vn 0.1367534 -0.9855648 -0.09961241
vn 0.1097446 -0.9898374 -0.09012115
vn 0.5104221 -0.5022126 -0.6979888
vn 0.3720511 -0.1465803 -0.9165319
vn 0.4437696 -0.145024 -0.8843044
vn 0.3934446 -0.5029756 -0.7695242
vn 0.5123752 -0.1462752 -0.8461867
vn 0.5787225 -0.1447492 -0.8025453
vn 0.6398511 -0.1460005 -0.7544786
vn 0.07638782 -0.9866329 -0.1438947
vn 0.3312784 -0.1454207 -0.9322184
vn 0.2953581 -0.5056002 -0.8106021
vn 0.2770165 -0.1017487 -0.955443
vn 0.2873318 -0.1432539 -0.9470504
vn 0.2636799 -0.3425397 -0.9017304
vn 0.258095 -0.5106967 -0.8200934
vn 0.2402722 -0.4985809 -0.8328501
vn 0.2305978 -0.6398511 -0.7330241
vn 0.1697134 -0.8470107 -0.5037385
vn 0.1612903 -0.86639 -0.4725791
vn 0.1149937 -0.9298685 -0.3493759
vn 0.08456677 -0.969573 -0.2296823
vn 0.05728322 -0.9915159 -0.1165807
vn 0.03216648 -0.9982604 -0.04886013
vn 0.695883 -0.7035127 0.1441084
vn 0.6855068 -0.7202063 0.1066622
vn 0.6638997 -0.7038484 0.2525407
vn 0.6605731 -0.7192602 0.215125
vn 0.6691489 -0.7226173 0.173162
vn 0.6885586 -0.722129 0.0658589
vn 0.7101352 -0.7032991 0.03192234
vn 0.6918241 -0.7220374 -0.004730343
vn 0.6903592 -0.72219 -0.04272586
vn 0.7058931 -0.7036347 -0.08108764
vn 0.6809595 -0.7232887 -0.1145359
vn 0.5814692 -0.7236244 0.3717154
vn 0.6148869 -0.7044893 0.3543504
vn 0.6183356 -0.7185583 0.3182775
vn 0.6333201 -0.722953 0.2760094
vn 0.5150609 -0.724601 0.4578081
vn 0.5502182 -0.7052828 0.4469741
vn 0.5600147 -0.7177343 0.4137089
vn 0.6752526 -0.7217933 -0.1515549
vn 0.6839503 -0.7037568 -0.192114
vn 0.6516312 -0.7255165 -0.2212592
vn 0.6423536 -0.7223426 -0.2559893
vn 0.4362621 -0.7251198 0.5327616
vn 0.471572 -0.7061678 0.5280923
vn 0.486343 -0.7179785 0.4979095
vn 0.6441847 -0.7043367 -0.2981658
vn 0.6056703 -0.7277444 -0.3216956
vn 0.5936766 -0.7224647 -0.3543504
vn 0.3464156 -0.7260048 0.5940123
vn 0.3807795 -0.7073885 0.5954467
vn 0.4000672 -0.7177343 0.5698416
vn 0.5876034 -0.7054048 -0.3963439
vn 0.5435957 -0.7307657 -0.4127933
vn 0.5291299 -0.7235023 -0.4433119
vn 0.1536301 -0.7429731 0.6514176
vn 0.1870784 -0.7236244 0.6642659
vn 0.2271493 -0.7095248 0.6670431
vn 0.2477797 -0.7275307 0.639729
vn 0.2798242 -0.709891 0.646321
vn 0.3029878 -0.7171239 0.6275826
vn 0.5164647 -0.7059541 -0.4846034
vn 0.4682455 -0.7332987 -0.4929044
vn 0.4521622 -0.7227393 -0.5226295
vn 0.007263362 -0.9957274 0.09173864
vn -0.1565905 -0.7288125 0.6665548
vn 0.007965326 -0.9914854 0.1299173
vn -0.03781241 -0.7565233 0.6528519
vn -0.04226809 -0.7006134 0.7122715
vn 0.04077267 -0.7421796 0.6689352
vn 0.07763904 -0.7243568 0.684988
vn 0.1175878 -0.7095553 0.6947539
vn 0.4309213 -0.7082126 -0.5591906
vn 0.3793756 -0.738731 -0.5570544
vn 0.3617969 -0.7245399 -0.5865657
vn 0.3351848 -0.7093417 -0.620014
vn 0.2849819 -0.7371135 -0.6127201
vn 0.2692038 -0.7233192 -0.6358227
vn 0.2438123 -0.7115696 -0.6588946
vn 0.2229377 -0.7219459 -0.6549882
vn 0.1761223 -0.7476425 -0.6402783
vn 0.1213111 -0.7340007 -0.6682028
vn -0.02331614 -0.9410993 0.33726
vn -0.03076261 -0.8664205 0.4983367
vn -0.04696798 -0.8736228 0.4842982
vn -0.04818868 -0.7682729 0.6382946
vn -0.07550275 -0.5305338 0.844264
vn -0.07440412 -0.5109714 0.8563494
vn -0.09750664 -0.3771172 0.9209876
vn -0.1015655 -0.2486648 0.9632252
vn -0.09482097 -0.1431623 0.9851375
vn -0.10889 -0.06787312 0.9917295
vn -0.05349892 0.001342773 0.9985656
vn -0.1024811 0 0.9947203
vn -0.1342509 0.2480239 0.9593799
vn 0.7423322 -0.000824 0.6699728
vn 0.3310343 -0.001342773 -0.9436018
vn 0.4419996 -0.002624571 -0.897
vn 0.5742058 -0.003204405 -0.8186895
vn 0.6929533 -0.003570616 -0.7209388
vn 0.7953124 -0.003875792 -0.6061586
vn 0.8798486 -0.001190185 -0.4752037
vn 0.9416486 0.000824 -0.3365276
vn 0.9821162 0.000579852 -0.1881771
vn 0.9993591 0.000335704 -0.03537094
vn 0.9929807 9.15555e-05 0.1182287
vn 0.9631031 -9.15555e-05 0.2690512
vn 0.9104587 -0.000335704 0.4135563
vn 0.8362987 -0.000579852 0.5482345
vn 0.6323741 0.001190185 0.7746514
vn 0.5043184 0.003875792 0.8634907
vn 0.3659474 0.003570616 0.9306009
vn 0.2189092 0.003204405 0.9757073
vn 0.06683552 0.002655088 0.9977416
vn 0.2561113 -0.3233131 -0.910947
vn 0.2842799 0 -0.9587085
vn 0.04168826 0.9957274 -0.08206427
vn 0.05691701 0.9914548 -0.117191
vn 0.1069368 0.9410993 -0.3206885
vn 0.1614429 0.8664205 -0.4724571
vn 0.1410871 0.8736228 -0.4656819
vn 0.1986449 0.7682729 -0.6084781
vn 0.2519303 0.5304422 -0.8094119
vn 0.2575152 0.5109714 -0.8200934
vn 0.2608417 0.3769952 -0.888699
vn 0.2731407 0.2487258 -0.9292581
vn 0.2877285 0.1431623 -0.9469283
vn 0.2772302 0.06796467 -0.9583728
vn 0.307596 0.145909 -0.9402447
vn 0.2741478 0.5079806 -0.8165532
vn 0.1680959 0.8667867 -0.4694357
vn 0.05722218 0.9910275 -0.1206701
vn 0.9052705 0.1408429 -0.4007691
vn 0.9364299 0.1435285 -0.3201087
vn -0.04892116 0.1453902 0.9881588
vn -0.00527966 0.1465803 0.9891659
vn 0.3040864 0.1460615 0.941374
vn 0.2291635 0.1447187 0.9625538
vn 0.1512192 0.1462447 0.9775995
vn 0.07327491 0.145024 0.9866939
vn 0.5829951 0.1455122 0.7993103
vn 0.5195776 0.1441084 0.8421583
vn 0.449202 0.1457869 0.8814356
vn 0.379223 0.1444441 0.9139378
vn 0.8035218 0.1449019 0.5773187
vn 0.7575305 0.1434065 0.6368297
vn 0.7021088 0.1452376 0.6970733
vn 0.6467788 0.1437727 0.7489852
vn 0.9436933 0.1443525 0.297647
vn 0.9190649 0.142674 0.3673513
vn 0.8847316 0.1446272 0.4430677
vn 0.8490555 0.1430097 0.5085299
vn 0.9895017 0.1438947 -0.01174962
vn 0.9879757 0.1419721 0.06076234
vn 0.9789117 0.1441084 0.1447492
vn 0.9657582 0.1422773 0.2168034
vn 0.9573656 0.1412397 -0.2519608
vn 0.975219 0.1437116 -0.1680349
vn 0.985168 0.1416059 -0.09677416
vn 0.8740196 0.1433759 -0.4641865
vn 0.831721 0.1470077 -0.5353557
vn 0.7866146 0.1483199 -0.5993225
vn 0.7362896 0.1471908 -0.6604205
vn 0.6816614 0.148503 -0.7163915
vn 0.6222419 0.1473433 -0.7687918
vn 0.5594348 0.1486556 -0.8153935
vn 0.4924162 0.1475265 -0.8577227
vn 0.423017 0.1488388 -0.8937956
vn 0.3729667 0.1462447 -0.9162267
vn -0.1079745 0.1017182 0.9889218
vn -0.0952177 0.1432539 0.9850764
vn -0.09982603 0.3424177 0.9342021
vn -0.07382422 0.5106967 0.856563
vn -0.09518718 0.4984893 0.8616291
vn -0.0661031 0.6398816 0.7655873
vn -0.03500473 0.8470107 0.5303812
vn -0.03088468 0.86639 0.4983673
vn -0.0267952 0.9298685 0.366863
vn -0.009308099 0.969573 0.2445753
vn 0.00854516 0.9915159 0.1296731
vn 0.01110869 0.9982604 0.05746632
vn 0.006378352 0.9910886 0.1329081
vn -0.01388591 0.8636128 0.5039522
vn -0.0358287 0.5056002 0.8619953
vn 0.01232945 0.9892269 0.1457259
vn 0.04077267 0.9862667 0.1599475
vn 0.02642899 0.9904782 0.1349833
vn 0.05102694 0.8600726 0.5075839
vn 0.06399726 0.9907529 -0.1195715
vn 0.2016968 0.8630329 -0.4631184
vn 0.3324686 0.5048372 -0.7965942
vn 0.08441418 0.9864803 -0.1402935
vn 0.2656636 0.8597064 -0.436201
vn 0.4360179 0.5027314 -0.7463607
vn 0.08233892 0.9903867 -0.1110568
vn 0.1061739 0.9861141 -0.1274758
vn 0.3316752 0.8588824 -0.3902097
vn 0.5488144 0.501999 -0.6683859
vn 0.09958189 0.990051 -0.09912407
vn 0.1256447 0.9857784 -0.1115146
vn 0.3895688 0.8580889 -0.3344523
vn 0.6477554 0.5013581 -0.5735954
vn 0.1145054 0.9898068 -0.0844447
vn 0.1426129 0.9853511 -0.09286779
vn 0.4378491 0.8574175 -0.2703329
vn 0.7303995 0.5007172 -0.4644612
vn 0.1273537 0.9895017 -0.06793415
vn 0.1560411 0.9851375 -0.07156586
vn 0.4753563 0.8568377 -0.1994995
vn 0.794702 0.5002594 -0.34373
vn 0.1369976 0.9893186 -0.04934841
vn 0.1656849 0.9849849 -0.04834127
vn 0.5012665 0.8563799 -0.1236915
vn 0.8391065 0.4998627 -0.2144535
vn 0.1439253 0.9891354 -0.02966398
vn 0.1720328 0.9847713 -0.02404856
vn 0.5149083 0.8560442 -0.04483169
vn 0.8625752 0.4995575 -0.07980591
vn 0.1470687 0.9890744 -0.009063959
vn 0.1744133 0.9846492 0.000885037
vn 0.5159764 0.8558611 0.03515732
vn 0.8644673 0.4994049 0.0567339
vn 0.8448745 0.4993133 0.1919309
vn 0.167333 0.9845882 0.05041652
vn 0.480636 0.8559221 0.1906491
vn 0.5044099 0.8558306 0.1142918
vn 0.1473128 0.9890133 0.0117191
vn 0.1726432 0.9846187 0.02587968
vn 0.1444135 0.9889828 0.03234958
vn 0.8041322 0.4994049 0.322306
vn 0.7433699 0.4996185 0.4446547
vn 0.1452376 0.9847713 0.09540086
vn 0.3986938 0.8565325 0.3276162
vn 0.445082 0.8561663 0.2623676
vn 0.1381573 0.9890133 0.05221712
vn 0.1581164 0.9846492 0.0737937
vn 0.1289712 0.9891049 0.07086396
vn 0.6640523 0.4999237 0.5559557
vn 0.5680716 0.5003815 0.6533097
vn 0.1099582 0.985229 0.1310769
vn 0.2780846 0.8576617 0.4324778
vn 0.3425703 0.8570513 0.3847774
vn 0.1168859 0.9892269 0.08786278
vn 0.1289101 0.9850154 0.1145359
vn 0.1024201 0.9893796 0.1029389
vn 0.4578692 0.5008698 0.7344585
vn 0.3361614 0.5015412 0.7971435
vn 0.04712057 0.9901731 0.1315042
vn 0.1304971 0.8591876 0.494705
vn 0.06537061 0.9858394 0.154271
vn 0.2067934 0.8583941 0.4694052
vn 0.08554333 0.9896237 0.1152989
vn 0.08847314 0.9855648 0.1442304
vn 0.06711018 0.9898374 0.1251564
vn 0.2059389 0.5021821 0.8398694
vn 0.07049775 0.5029756 0.8613849
vn 0.01574754 0.9866329 0.1621753
vn 0.6983246 0.7035127 0.1319315
vn 0.674398 0.7202063 0.1625721
vn 0.7100132 0.7038789 0.01950132
vn 0.6927092 0.7192602 0.05282753
vn 0.6846523 0.7226478 0.09488201
vn 0.6617329 0.722129 0.2014832
vn 0.6687521 0.7032685 0.2410657
vn 0.6378064 0.7220374 0.2680135
vn 0.6219672 0.72219 0.302591
vn 0.6217536 0.7036347 0.3439436
vn 0.5859249 0.7232887 0.3653981
vn 0.6792505 0.7236244 -0.122074
vn 0.7035127 0.7044893 -0.09329503
vn 0.6929533 0.7185583 -0.05862605
vn 0.6907255 0.722953 -0.01382488
vn 0.6506546 0.724601 -0.2269967
vn 0.6790369 0.7052828 -0.2035585
vn 0.6754357 0.7177343 -0.169042
vn 0.5665456 0.7218238 0.3974425
vn 0.5591296 0.7037568 0.4382458
vn 0.5181432 0.7255165 0.4528642
vn 0.4963225 0.7223426 0.48146
vn 0.6063722 0.7251198 -0.3263039
vn 0.6372265 0.7061678 -0.3086032
vn 0.6393628 0.7179785 -0.2750633
vn 0.4819177 0.7043367 0.5211341
vn 0.4373608 0.7277749 0.5282143
vn 0.413831 0.7224647 0.5538194
vn 0.5466476 0.7260048 -0.417188
vn 0.5789666 0.7073885 -0.4054079
vn 0.5870541 0.7177343 -0.374401
vn 0.3922239 0.7054048 0.59035
vn 0.3452864 0.7307657 0.5888241
vn 0.3202612 0.7234718 0.6115299
vn 0.3902707 0.7429731 -0.5437178
vn 0.4261605 0.7236855 -0.5427717
vn 0.4643086 0.7094638 -0.5301065
vn 0.4728843 0.7275307 -0.4970244
vn 0.5051119 0.7099521 -0.4907071
vn 0.5194556 0.7171239 -0.4646138
vn 0.2927946 0.7059541 0.6448561
vn 0.2450636 0.7333292 0.6341441
vn 0.2189092 0.7227699 0.6554766
vn 0.1092257 0.7288125 -0.6758934
vn 0.2138127 0.7564013 -0.6181524
vn 0.2322763 0.7006134 -0.6746422
vn 0.2926115 0.7421796 -0.6029237
vn 0.3327433 0.7243568 -0.6037782
vn 0.3733634 0.7095859 -0.5975219
vn 0.1853083 0.7082431 0.6811732
vn 0.138493 0.738731 0.6595661
vn 0.1109958 0.7245705 0.680166
vn 0.0736106 0.7093417 0.7009797
vn 0.02999967 0.7374188 0.6747337
vn 0.006591975 0.7233192 0.6904508
vn -0.02563554 0.7115696 0.7021088
vn -0.04342782 0.7219459 0.6905729
vn -0.08114868 0.7475509 0.6591693
vn -0.1424298 0.7339702 0.6640217
vn 0.2369762 0.6850185 -0.6888943
vn 0.1217994 0.6949675 -0.7086093
vn 0.3454085 0.7005219 -0.6244392
vn 0.436079 0.7001556 -0.5652943
vn 0.5218055 0.7031465 -0.4829554
vn 0.591052 0.7030854 -0.3953368
vn 0.6457107 0.7029939 -0.2979827
vn 0.6844691 0.7029023 -0.1932432
vn 0.7063814 0.7028108 -0.08377331
vn 0.7108677 0.7027497 0.02777183
vn 0.6978973 0.7026277 0.138615
vn 0.6677145 0.7024446 0.2462538
vn 0.6213569 0.702353 0.3472701
vn 0.5594348 0.7022615 0.4402295
vn 0.4840236 0.7021088 0.5222327
vn 0.3968322 0.7018952 0.5914487
vn 0.300058 0.701651 0.6462295
vn 0.1960509 0.7013154 0.6853237
vn 0.08743548 0.7008576 0.7078768
vn -0.02194279 0.7014985 0.712302
vn -0.1552171 0.6916715 0.7052828
vn -0.1208838 0.7247231 0.6783349
vn -0.2449415 0.7201453 0.6491287
vn -0.3484298 0.7201453 0.5999634
vn -0.4424268 0.7201453 0.5344097
vn -0.524369 0.7201453 0.4542985
vn -0.5919981 0.7201453 0.3617969
vn -0.6434522 0.7201453 0.2594074
vn -0.6773889 0.7201453 0.1499679
vn -0.6928312 0.7201453 0.03640854
vn -0.6893826 0.7201453 -0.07809686
vn 0.1467024 0.7247231 -0.6732078
vn 0.02087461 0.7201453 -0.6934721
vn -0.09350872 0.7201453 -0.68746
vn -0.2053896 0.7201453 -0.6627094
vn -0.311655 0.7201453 -0.6198614
vn -0.4094363 0.7201453 -0.5600757
vn -0.4960479 0.7201453 -0.4850612
vn -0.5691397 0.7201453 -0.3968017
vn -0.6266671 0.7201453 -0.297708
vn -0.6671347 0.7201453 -0.1904965
vn -0.1186864 -0.7365947 0.6658223
vn -0.2404553 -0.7321085 0.6372875
vn -0.342082 -0.7321085 0.5890073
vn -0.4343699 -0.7321085 0.5246742
vn -0.5148168 -0.7321085 0.446028
vn -0.5811945 -0.7321085 0.3552049
vn -0.6317331 -0.7321085 0.2546769
vn -0.6650288 -0.7321085 0.1472213
vn -0.6801965 -0.7321085 0.03576767
vn -0.676809 -0.7321085 -0.07666248
vn -0.6549577 -0.7321085 -0.1870174
vn -0.6152532 -0.7321085 -0.2922757
vn -0.5587329 -0.7321085 -0.3895382
vn -0.4870144 -0.7321085 -0.4762108
vn -0.4019898 -0.7321085 -0.5498825
vn -0.3059785 -0.7321085 -0.6085391
vn -0.2016358 -0.7321085 -0.6505936
vn -0.09179967 -0.7321085 -0.6749169
vn 0.0205084 -0.7321085 -0.6808375
vn 0.1439558 -0.7365947 -0.6608173
vn 0.07501447 -0.711539 -0.6985687
vn 0.09054839 -0.7102573 -0.6980804
vn 0.1060518 0.3097628 -0.9448531
vn 0.0390942 0.7033296 -0.709769
vn 0.0748924 0.7114475 -0.6986908
vn 0.09051787 0.7102573 -0.6980804
vn -0.04779195 0.6964629 -0.7159643
vn -0.06662189 0.01742607 -0.9976196
vn -0.1570177 0.6964629 -0.7001556
vn -0.2188177 0.01742607 -0.9755852
vn -0.2625507 0.6964629 -0.667806
vn -0.3658254 0.01742607 -0.9305093
vn -0.361858 0.6964629 -0.6196478
vn -0.5041963 0.01742607 -0.8633992
vn -0.4525895 0.6964629 -0.5568102
vn -0.6306345 0.01742607 -0.7758415
vn -0.5326396 0.6964629 -0.4808191
vn -0.7421491 0.01742607 -0.6699728
vn -0.6000549 0.6964629 -0.3934446
vn -0.8361156 0.01742607 -0.5482345
vn -0.6533097 0.6964629 -0.2967925
vn -0.9103061 0.01742607 -0.4135258
vn -0.6910917 0.6964629 -0.1930906
vn -0.9629505 0.01742607 -0.2690512
vn -0.7125157 0.6964629 -0.08481091
vn -0.9928281 0.01742607 -0.1181982
vn -0.7170934 0.6964629 0.02539139
vn -0.9992066 0.01742607 0.03543198
vn -0.7047334 0.6964629 0.1351054
vn -0.9819636 0.01742607 0.1882382
vn -0.6756798 0.6964629 0.241554
vn -0.9414655 0.01742607 0.3365886
vn -0.6306345 0.6964629 0.3423261
vn -0.8787195 0.01742607 0.4769738
vn -0.5706656 0.6964629 0.4349803
vn -0.7951598 0.01742607 0.6060976
vn -0.4972075 0.6964629 0.5173498
vn -0.6928007 0.01742607 0.7208777
vn -0.4119999 0.6964629 0.5874813
vn -0.5740837 0.01742607 0.818598
vn -0.3170263 0.6964629 0.643727
vn -0.4417554 0.01742607 0.896939
vn -0.2336192 0.7031465 0.6715293
vn -0.1904355 0.7098605 0.6780602
vn -0.2016358 0.7321085 -0.6505936
vn -0.09179967 0.7321085 -0.6749169
vn 0.0205084 0.7321085 -0.6808375
vn 0.1439558 0.7365947 -0.6608173
vn -0.1186864 0.7365947 0.6658223
vn -0.2404553 0.7321085 0.6372875
vn -0.342082 0.7321085 0.5890073
vn -0.4343699 0.7321085 0.5246742
vn -0.3059785 0.7321085 -0.6085391
vn -0.4019898 0.7321085 -0.5498825
vn -0.4870144 0.7321085 -0.4762108
vn -0.5587329 0.7321085 -0.3895688
vn -0.6152532 0.7321085 -0.2922757
vn -0.6549577 0.7321085 -0.1870174
vn -0.676809 0.7321085 -0.07666248
vn -0.6801965 0.7321085 0.03576767
vn -0.6650288 0.7321085 0.1472213
vn -0.6317331 0.7321085 0.2546769
vn -0.5811945 0.7321085 0.3552049
vn -0.5148168 0.7321085 0.446028
vn 0.1467024 -0.7247231 -0.6732078
vn 0.02087461 -0.7201453 -0.6934721
vn -0.09350872 -0.7201453 -0.68746
vn -0.2053896 -0.7201453 -0.6627094
vn -0.3116855 -0.7201453 -0.6198309
vn -0.4094363 -0.7201453 -0.5600757
vn -0.4960479 -0.7201453 -0.4850612
vn -0.5691397 -0.7201453 -0.3968017
vn -0.6266671 -0.7201453 -0.297708
vn -0.6671347 -0.7201453 -0.1904965
vn -0.6893826 -0.7201453 -0.07809686
vn -0.6928312 -0.7201453 0.03640854
vn -0.6773889 -0.7201453 0.1499679
vn -0.6434522 -0.7201453 0.2594074
vn -0.5919981 -0.7201453 0.3617969
vn -0.524369 -0.7201453 0.4542985
vn -0.4424268 -0.7201453 0.5344097
vn -0.3484298 -0.7201453 0.5999634
vn -0.2449415 -0.7201453 0.6491287
vn -0.1208838 -0.7247231 0.6783349
vn 0.1252174 -0.6916715 -0.7112339
vn 0.2511063 -0.701529 -0.666921
vn 0.3505966 -0.7008576 -0.6211432
vn 0.4424268 -0.7013154 -0.558916
vn 0.5236671 -0.7016205 -0.4831385
vn 0.5922727 -0.7018952 -0.3955809
vn 0.6465346 -0.7020783 -0.2983795
vn 0.684988 -0.7022615 -0.193823
vn 0.7068087 -0.702353 -0.08429211
vn -0.1574144 -0.6949675 0.7015595
vn -0.0433973 -0.684988 0.7272256
vn 0.08139282 -0.7005219 0.708945
vn 0.1877193 -0.7001556 0.6888333
vn 0.2983795 -0.7031465 0.6453444
vn 0.3957945 -0.7030854 0.5907468
vn 0.4834437 -0.7029939 0.5215613
vn 0.5591906 -0.7029023 0.4394971
vn 0.6211737 -0.7028108 0.3466292
vn 0.6678366 -0.7027192 0.2452162
vn 0.6980499 -0.7026277 0.1377605
vn 0.7111728 -0.7024751 0.02673417
vn 0.06015193 -0.1605274 0.985168
vn -0.06964319 -0.1897641 0.979339
vn -0.004547238 -0.1896114 0.9818415
vn 0.1243934 -0.1701101 0.9775078
vn -0.246498 -0.9256569 0.286935
vn -0.09851372 -0.9548021 0.280343
vn -0.09466838 -0.9408552 0.3252357
vn -0.9627064 -0.10477 0.2493362
vn -0.9567553 0.03036588 0.2891934
vn -0.9676198 0.02978605 0.2505264
vn -0.3704947 -0.05822926 0.9269998
vn -0.3358562 0.05887019 0.9400311
vn -0.3820917 0.04861593 0.9228187
vn -0.1162755 -0.3555712 0.927366
vn -0.005798459 -0.3791009 0.9253212
vn 0.01721239 -0.3252357 0.9454634
vn -0.03445535 -0.21601 0.9757683
vn -0.5943785 -0.803766 0.02511668
vn -0.6059145 -0.7857906 0.1238441
vn -0.6179082 -0.7859432 0.02105772
vn -0.6531571 -0.7470626 0.1232643
vn -0.6472365 -0.7619556 0.02145451
vn -0.6195868 -0.7844783 0.02572709
vn -0.8982818 -0.4290597 0.09445476
vn -0.8977325 -0.4399853 -0.02096617
vn -0.8896145 -0.4562822 -0.01828056
vn -0.9997559 0.01266515 -0.01803642
vn -0.9996033 0.005890071 -0.02710038
vn -0.9940489 -0.09537035 0.05246126
vn -0.9394208 0.3388165 0.05130159
vn -0.9388715 0.3405255 0.05038601
vn -0.9880062 0.142674 0.05868709
vn -0.3968322 0.9176 0.02166813
vn -0.1947691 0.9808344 0.003295958
vn -0.3952452 0.9183935 0.01684617
vn 0.5304422 0.3370464 -0.7777947
vn 0.5707877 0.2560198 -0.7801446
vn 0.2306283 0.2870266 -0.9297159
vn -0.2727744 0.9597766 -0.06622517
vn -0.7266457 0.6859645 0.03720206
vn -0.5732902 0.8185369 0.03598129
vn -0.5825373 0.8111515 -0.05130159
vn -0.9621266 0.272103 0.01437419
vn -0.1422773 0.9454329 -0.2930387
vn 0.05804616 0.9797357 -0.1915951
vn 0.1087374 0.9598987 -0.2583392
vn 0.1762139 0.9407941 -0.2894986
vn 0.2741783 0.922544 -0.2714927
vn 0.2303537 0.9013031 -0.3667715
vn -0.1016571 0.9192481 -0.3802911
vn 0.2639241 0.8363597 -0.4804224
vn -0.03500473 0.8775902 -0.478103
vn 0.2889493 0.8032777 -0.5207679
vn 0.3610645 0.7547838 -0.5476241
vn 0.03128147 0.816065 -0.5770745
vn 0.3709525 0.7116001 -0.5966368
vn 0.05478072 0.764153 -0.6426588
vn 0.4132816 0.6275826 -0.6597492
vn 0.4300974 0.575396 -0.6956084
vn 0.1076998 0.68923 -0.7164525
vn 0.4622333 0.5529954 -0.6931669
vn 0.1579943 0.5660879 -0.8090457
vn -0.3740348 0.7590259 -0.5328532
vn -0.3614307 0.709891 -0.6044496
vn -0.3202612 0.6452223 -0.6935942
vn -0.282052 0.5377056 -0.7945494
vn 0.198767 0.4412977 -0.8750267
vn -0.2514114 0.4082461 -0.8775597
vn -0.7201453 0.5657827 -0.401532
vn -0.6706442 0.3982666 -0.625782
vn -0.9409162 0.2734459 -0.1996216
vn -0.7136448 0.5287637 -0.4594256
vn -0.9391766 0.2525712 -0.232551
vn -0.9965209 -0.05066072 -0.06570631
vn -0.9970702 -0.03787344 -0.06631672
vn -0.9197058 0.1172215 -0.3746452
vn 0.5321817 0.408063 -0.7417524
vn -0.2246162 0.2546769 -0.94055
vn 0.5824152 0.4980316 -0.6424452
vn 0.6046327 0.1484725 -0.7825251
vn 0.2602313 -0.007446467 -0.9654836
vn 0.2541276 0.124485 -0.9591052
vn 0.5732291 0.03573715 -0.818598
vn 0.5485397 -0.008514642 -0.8360546
vn 0.5355998 -0.00955224 -0.8443861
vn 0.2319712 -0.09079253 -0.9684439
vn 0.5159764 -0.01647996 -0.8564104
vn 0.4979705 -0.02008116 -0.8669393
vn 0.2049012 -0.1269264 -0.9704886
vn -0.1534165 -0.9031037 -0.4010132
vn -0.1671804 -0.9581897 -0.2321543
vn -0.2129886 -0.9482712 -0.2353282
vn 0.04956203 -0.3142796 -0.948027
vn 0.08130127 -0.3139134 -0.9459517
vn 0.02386546 -0.4695578 -0.8825648
vn 0.1094393 -0.06540113 -0.9918211
vn 0.1175878 -0.06744587 -0.9907529
vn 0.05676442 -0.3133946 -0.9479049
vn 0.1514328 -0.06692707 -0.9861751
vn 0.1392865 -0.06723225 -0.9879452
vn -0.3039338 -0.9236732 -0.233314
vn -0.3298746 -0.9436323 0.02621537
vn -0.3600268 -0.9325541 0.0266121
vn -0.5158544 -0.820185 -0.2472304
vn 0.09118926 -0.2902615 -0.9525743
vn 0.2578814 -0.06140321 -0.9642018
vn 0.2502518 -0.05990779 -0.9663076
vn 0.08517712 -0.2969146 -0.9510788
vn 0.2338938 -0.06372261 -0.9701529
vn -0.5661184 -0.7838984 -0.2548906
vn 0.09784233 -0.2809229 -0.9547106
vn 0.2935575 -0.06064027 -0.9540086
vn 0.279458 -0.05999934 -0.9582507
vn 0.3513291 -0.0496841 -0.934904
vn 0.1239051 -0.2402722 -0.9627369
vn 0.3584704 -0.0482192 -0.9322794
vn 0.1337016 -0.2245857 -0.9652089
vn 0.3786432 -0.04599136 -0.9243751
vn 0.3877376 -0.04721212 -0.9205298
vn -0.8026368 -0.4997101 -0.3256019
vn 0.4185613 -0.03903317 -0.9073153
vn 0.1582079 -0.1918699 -0.968566
vn 0.4264656 -0.0348826 -0.9038057
vn 0.1616565 -0.1812494 -0.9700309
vn 0.4368114 -0.03347879 -0.8989227
vn 0.4523453 -0.03128147 -0.8912625
vn 0.1746879 -0.1655629 -0.9705802
vn 0.457503 -0.02887046 -0.888699
vn 0.1892147 -0.1448103 -0.9711905
vn 0.4776452 -0.02365183 -0.8782007
vn -0.9571215 -0.2858058 -0.04715108
vn -0.869808 -0.3242592 -0.371807
vn -0.9500717 -0.3087252 -0.04458749
vn 0.4863735 -0.02356028 -0.8734092
vn 0.5189062 -0.01458781 -0.8546709
vn 0.2183294 -0.1097751 -0.9696646
vn 0.5496689 -0.00665301 -0.8353222
vn 0.2446974 -0.07577741 -0.9666128
vn 0.562273 -0.002624571 -0.8269295
vn 0.2558367 -0.05960261 -0.9648732
vn 0.1714835 -0.3947874 -0.9026154
vn -0.09286779 -0.8324534 -0.5461898
vn -0.07306128 -0.7276834 -0.6819666
vn 0.05136263 -0.7377545 -0.6730858
vn -0.08008056 -0.9441206 -0.3196508
vn 0.2941069 -0.4016236 -0.867275
vn 0.3690298 -0.08200323 -0.925779
vn 0.4472793 -0.1010468 -0.888638
vn 0.5765862 -0.410474 -0.706412
vn 0.6483657 -0.07113862 -0.7579577
vn 0.7140416 -0.09891045 -0.6930449
vn 0.7770928 -0.08548229 -0.6235237
vn 0.6942045 -0.4124271 -0.5898312
vn 0.863918 -0.0755943 -0.4979095
vn 0.7887204 -0.4140446 -0.4543901
vn 0.9032258 -0.09753715 -0.41789
vn 0.9361858 -0.09152501 -0.3393353
vn 0.8578753 -0.4144719 -0.3036286
vn 0.9838557 -0.0527665 -0.1709342
vn 0.4754478 -0.7645192 -0.4352245
vn 0.553209 -0.7670828 -0.324839
vn 0.04126101 -0.9570605 -0.286874
vn 0.3786737 -0.7607654 -0.5270547
vn 0.1060518 -0.9638355 -0.2444533
vn 0.1622669 -0.9675588 -0.1935483
vn -0.1134983 -0.9931028 0.02841269
vn 0.2075564 -0.969451 -0.1305887
vn -0.1012299 -0.9938658 0.04403817
vn 0.700766 0.7133702 0.00314337
vn 0.6786096 0.7280496 0.09683519
vn 0.8060549 0.5917844 0.001159667
vn 0.8951384 0.4457228 -6.1037e-05
vn 0.9464401 0.3074129 0.09857475
vn 0.9535203 0.3012482 0.003295958
vn 0.9862667 0.1649525 -0.002319395
vn 0.9808649 0.169103 0.09634691
vn 0.985107 0.1717581 -0.003997921
vn 0.9823908 0.1867427 -0.000427259
vn 0.9634083 0.267922 0.004058957
vn 0.9616382 0.2559282 0.09860527
vn 0.9533677 0.2851344 0.09881889
vn 0.9408857 0.3386639 0.000366222
vn 0.9219031 0.3750725 0.09695726
vn 0.9277932 0.3730278 0.000366222
vn 0.8981903 0.4395276 -0.001068115
vn 0.9052095 0.4136174 0.09726244
vn 0.875576 0.483047 -0.000793481
vn 0.8631855 0.4951628 0.09836113
vn 0.8596454 0.5108494 0.002594053
vn 0.8384045 0.5360576 0.09823906
vn 0.8302866 0.5572985 0.002563536
vn 0.7242958 0.6822108 0.09958189
vn 0.6586199 0.7524338 0.00326544
vn 0.7101963 0.7039704 0.004303097
vn 0.7609485 0.6412549 0.09851372
vn 0.7545396 0.656209 0.003753721
vn 0.978515 0.1824091 0.09588915
vn 0.9499801 0.3122044 0.003906369
vn 0.8870205 0.4616535 -0.006469905
vn 0.9345073 0.3421735 0.09772026
vn 0.8630635 0.4951323 0.09970396
vn 0.7948546 0.606769 -0.000518815
vn 0.6867275 0.7268899 -0.00314337
vn 0.7739799 0.6255989 0.09775078
vn 0.995819 0.01681566 -0.08963286
vn 0.9985961 0.01818901 -0.04925686
vn 0.9998474 0.01742607 0
vn 0.995117 -0.08499401 0.04974514
vn 0.9998474 0.01742607 0
vn 0.9998474 0.01742607 0
vn 0.9949644 -0.06152528 0.07895135
vn 0.9998474 0.01745659 0
vn 0.9998474 0.01742607 0
vn 0.9948118 -0.0303964 0.0970183
vn 0.9998474 0.01739555 0
vn 0.9998474 0.01739555 0
vn 0.7467574 0.03637802 -0.6640523
vn 0.3710746 0.01303136 -0.9284951
vn 0.4615009 0.02777183 -0.8866848
vn 0.463332 0.03445535 -0.8854945
vn 0.9810175 -0.000701926 -0.193823
vn 0.9436628 0.007171809 -0.3308206
vn 0.7809992 0.01318395 -0.6243782
vn 0.8636433 0.007751643 -0.5039827
vn 0.9359722 0.0348826 -0.350322
vn 0.9066439 0.02572709 -0.4210638
vn 0.5307474 0.01934874 -0.8472854
vn 0.6543779 0.01770073 -0.7559435
vn 0.7212134 0.02868735 -0.6920987
vn 0.1987975 0.02758872 -0.9796442
vn 0.2461928 0.01049834 -0.9691458
vn 0.1486556 0.01791435 -0.9887081
vn 0.2534257 -0.06137269 -0.965392
vn 0.5405744 -0.07061982 -0.8382824
vn 0.2070375 0.01730394 -0.9781488
vn 0.1911984 0.01678514 -0.9813837
vn 0.1742302 -0.06640827 -0.9824519
vn 0.1617175 -0.06649982 -0.9845882
vn 0.1269264 0.01721239 -0.9917295
vn 0.1330301 0.01617479 -0.9909665
vn 0.1479232 0.0167241 -0.9888302
vn 0.1582384 0.01647996 -0.9872432
vn 0.1705374 0.0190435 -0.9851375
vn 0.1834162 0.01861625 -0.9828486
vn 0.3168737 0.01937925 -0.9482406
vn 0.307596 0.01849418 -0.951323
vn 0.2865383 0.0185247 -0.9578539
vn 0.2699667 0.01767021 -0.9626759
vn 0.2241889 -0.06469923 -0.9723808
vn 0.2612079 0.01751762 -0.9651173
vn 0.2111575 -0.06503492 -0.9752495
vn 0.2430494 0.01757866 -0.9698477
vn 0.2014832 -0.06561475 -0.9772637
vn 0.23426 0.01757866 -0.971984
vn 0.1924192 -0.06683552 -0.9790033
vn 0.1821955 -0.0655232 -0.981048
vn 0.3311563 0.01843315 -0.9433577
vn 0.3468123 0.02166813 -0.9376812
vn 0.3122349 -0.05847346 -0.9481796
vn 0.3588671 0.02142399 -0.933134
vn 0.3029572 -0.05618453 -0.951323
vn 0.4247871 0.02374339 -0.9049654
vn 0.4076967 0.01812797 -0.9129307
vn 0.3334757 -0.05288857 -0.9412519
vn 0.3888363 0.01828056 -0.9211097
vn 0.3193457 -0.05771046 -0.9458602
vn 0.3816645 0.01779228 -0.9241005
vn 0.4346751 0.02197331 -0.900296
vn 0.5030671 0.01837211 -0.86404
vn 0.4994354 0.01770073 -0.8661458
vn 0.4889065 0.01855522 -0.8721275
vn 0.4776757 0.01947081 -0.8782922
vn 0.4027528 -0.03982663 -0.9144261
vn 0.4619892 0.01977598 -0.8866543
vn 0.4527726 0.01776176 -0.8914151
vn 0.5197607 0.0185247 -0.854091
vn 0.5329447 0.0178228 -0.8459426
vn 0.5527818 0.01864677 -0.8330943
vn 0.5463729 0.01770073 -0.8373364
vn 0.560503 0.01806694 -0.8279367
vn 0.5634632 0.04904323 -0.8246406
vn 0.5623951 0.07354956 -0.8235725
vn 0.5848567 0.09482097 -0.805536
vn 0.6300852 0.0945158 -0.7707145
vn 0.6076235 0.09512615 -0.7884762
vn 0.6307871 0.09488201 -0.7701041
vn 0.6564531 0.08111816 -0.7499619
vn 0.6342052 0.3170568 -0.7051302
vn 0.2701193 0.8476516 -0.4565874
vn 0.3511765 0.7699515 -0.5327006
vn 0.3233131 0.816065 -0.478988
vn 0.6209906 0.3284402 -0.7116611
vn 0.3391216 0.2354198 -0.9107944
vn 0.5497604 0.3295693 -0.7675405
vn -0.4933622 0.07425153 -0.8666341
vn 0.2661519 0.4447462 -0.8551592
vn 0.4384594 0.6039918 -0.6655172
vn 0.4198737 0.515183 -0.7471542
vn 0.3362224 0.7325663 -0.5918149
vn 0.371807 0.6770837 -0.6350291
vn 0.4763024 0.5728324 -0.6670431
vn 0.1374859 0.9584643 -0.249794
vn 0.1917783 0.8894314 -0.4148381
vn 0.1825922 0.9519944 -0.2455824
vn 0.1234169 0.9711295 -0.2040773
vn 0.1471297 0.9582202 -0.2452162
vn 0.07754749 0.9030427 -0.4224372
vn 0.04501479 0.9879147 -0.1481368
vn 0.02844321 0.9975891 -0.06305122
vn 0.03271579 0.99588 -0.08426159
vn 0.009613275 0.9997864 -0.01660203
vn 0.3727836 0.8033082 -0.4644002
vn 0.5000153 0.5919981 -0.6320384
vn 0.5784783 0.3224891 -0.7491989
vn 0 0.9999695 0
vn 0 1 0
vn -0.06872767 0.9945677 0.07809686
vn 0 1 0
vn -0.1023285 0.9947203 0.006836116
vn 0 0.9999695 0
vn -0.9120762 0.3351848 0.2361217
vn -0.5647145 0.04773092 0.8238777
vn -0.5278176 0.04760885 0.8479873
vn -0.4958953 0.3458663 0.7965026
vn -0.3500168 0.3518479 0.8681295
vn 0.008362054 0.3722342 0.9280679
vn -0.04773092 0.3690603 0.9281594
vn -0.01580858 0.07962274 0.9966735
vn 0.8933378 0.2315134 0.3850826
vn 0.07589954 0.04251223 0.9961852
vn 0.3139134 0.2006897 0.9279763
vn 0.07947015 0.03750723 0.9961242
vn 0.8190557 0.5651417 0.09857475
vn 0.7621387 0.5196692 0.3860286
vn 0.7267068 0.5677969 0.3865475
vn 0.782281 0.614948 0.0991851
vn 0.6727805 0.6299631 0.3878597
vn 0.8710898 0.3148289 0.3769036
vn 0.7231361 0.5777459 0.3784295
vn 0.34373 -0.1901303 0.9195837
vn 0.3152562 -0.3434248 0.8846706
vn 0.241676 -0.9298074 0.2774743
vn 0.1304056 0.9904477 0.04458749
vn 0.2140568 0.9741203 -0.07214576
vn 0.5063021 0.8567156 0.09823906
vn 0.480636 0.8608967 0.1667531
vn 0.8171331 0.4909818 0.3019501
vn 0.8165227 0.5014497 0.2859584
vn 0.9051485 0.1331523 0.4036378
vn 0.9334697 0.1455122 0.3277688
vn 0.9641713 0.1449629 -0.2221137
vn 0.925779 0.1454207 -0.3489181
vn 0.8117008 0.4983673 -0.3045137
vn 0.1475875 0.9890438 -0.00021363
vn 0.5218055 0.8530229 0.000976592
vn 0.8686178 0.4954069 0.003875792
vn 0.9891659 0.1465803 0.004608273
vn 0.1326029 0.9899899 -0.04779195
vn 0.4819177 0.8579668 -0.1778313
vn 0.1128879 0.9922483 -0.05127108
vn 0.444319 0.873043 -0.2007507
vn 0.7820368 0.5139317 -0.3524582
vn 0.901883 0.1470077 -0.4061403
vn 0.2922757 0.8684347 0.4004334
vn 0.07620471 0.9916074 0.1044038
vn 0.07925653 0.9922483 0.09561449
vn 0.5074313 0.5089877 0.6952727
vn 0.3106784 0.8733177 0.3751335
vn 0.5843684 0.1454817 0.7983032
vn 0.5463424 0.5154576 0.6601154
vn 0.6326487 0.1531113 0.7591174
vn 0.6340221 0.5178076 0.5743278
vn 0.7310709 0.1549425 0.664449
vn 0.720542 0.5189673 0.4598224
vn 0.83343 0.1524399 0.5311442
vn 0.8753319 0.1514633 0.4591205
vn 0.7874996 0.519364 0.3317667
vn 0.9111301 0.1558885 0.3814508
vn 0.831782 0.5195166 0.19541
vn 0.9610584 0.1569567 0.2273629
vn 0.8529924 0.5192725 0.05227816
vn 0.9862667 0.1529282 0.06189149
vn 0.09030425 0.9924924 0.08218634
vn 0.3583178 0.8751793 0.3250221
vn 0.1029389 0.992523 0.06530958
vn 0.4075136 0.875515 0.2595599
vn 0.112186 0.992523 0.04757833
vn 0.4449294 0.8756065 0.1878719
vn 0.1186864 0.992523 0.0275582
vn 0.4701681 0.8756676 0.1100192
vn 0.1215857 0.992523 0.007751643
vn 0.4820094 0.8756371 0.02996915
vn 0.1211889 0.992523 -0.01324498
vn 0.480575 0.8753929 -0.05172884
vn 0.1174963 0.992523 -0.03292942
vn 0.4654683 0.8752403 -0.1314127
vn 0.8502151 0.5184789 -0.09085357
vn 0.8230232 0.5178381 -0.233253
vn 0.9885861 0.1489303 -0.02209538
vn 0.9826045 0.1524399 -0.1058077
vn 0.9515366 0.151738 -0.2674642
vn 0.5583361 0.5047761 0.6583453
vn 0.638966 0.1451155 0.7553942
vn 0.6935331 0.1483809 0.7049471
vn 0.6497086 0.5048066 0.5683462
vn 0.7447737 0.1475265 0.6507462
vn 0.7267373 0.5047761 0.4658345
vn 0.7905515 0.1477706 0.5942564
vn 0.832606 0.147557 0.5337992
vn 0.7877438 0.5047761 0.3530076
vn 0.9024323 0.1479232 0.4046144
vn 0.8313547 0.5047761 0.2323984
vn 0.9528184 0.1470077 0.2654805
vn 0.969512 0.147557 0.1955015
vn 0.8565936 0.5047761 0.1066622
vn 0.9813837 0.1480147 0.1222266
vn 0.8629414 0.5047761 -0.02136296
vn 0.9867244 0.1463362 -0.07025361
vn 0.8578448 0.5102084 -0.0612201
vn 0.9889828 0.1457259 -0.02533036
vn 0.9876706 0.1485946 0.04879909
vn 0.4919584 0.8698691 -0.03543198
vn 0.5037996 0.8637043 -0.01248204
vn 0.5001068 0.8637043 0.0622577
vn 0.4853664 0.8637043 0.1356853
vn 0.4599139 0.8637043 0.2060915
vn 0.4242988 0.8637043 0.2719504
vn 0.3793146 0.8637043 0.3318278
vn 0.3259682 0.8637043 0.3843501
vn 0.127079 0.9918211 -0.009308099
vn 0.1349833 0.9908139 -0.003326475
vn 0.1340067 0.9908139 0.01666307
vn 0.1300699 0.9908139 0.0363475
vn 0.1232337 0.9908139 0.05520796
vn 0.113712 0.9908139 0.07284766
vn 0.1016571 0.9908139 0.0889309
vn 0.08734393 0.9908139 0.1029999
vn 0.142674 0.8710593 0.469924
vn 0.03665268 0.9919431 0.1210058
vn 0.04647964 0.9921873 0.1156346
vn 0.2497329 0.5120396 0.821833
vn 0.1818292 0.8728904 0.4527116
vn 0.2881252 0.1468856 0.9462264
vn 0.3193151 0.5148778 0.7955565
vn 0.3714713 0.1530198 0.9157384
vn 0.4247871 0.5175939 0.7426984
vn 0.4890896 0.1550951 0.8583025
vn 0.5426496 0.5188147 0.6605426
vn 0.6274605 0.1522263 0.7636036
vn 0.6897794 0.1511887 0.7079989
vn 0.6459853 0.5191809 0.5595569
vn 0.7481307 0.1556749 0.6450087
vn 0.7303079 0.5193945 0.4436476
vn 0.8431959 0.1568956 0.5141453
vn 0.7948241 0.5191504 0.3141576
vn 0.9185156 0.1527757 0.3646351
vn 0.06039613 0.9924924 0.1061434
vn 0.2399365 0.8751183 0.4201788
vn 0.07763904 0.992523 0.09402751
vn 0.3070772 0.875454 0.3731498
vn 0.09189122 0.992523 0.08005005
vn 0.3648488 0.875576 0.3165685
vn 0.1043123 0.992523 0.06299018
vn 0.4129459 0.8756371 0.2504044
vn 0.1132236 0.992523 0.04507583
vn 0.4490188 0.8756065 0.1779229
vn 0.1193884 0.992523 0.02496409
vn 0.4729759 0.8753624 0.099765
vn 0.1219214 0.992523 0.005096554
vn 0.4833216 0.8752098 0.01928764
vn 0.8365734 0.5183874 0.1771294
vn 0.8548235 0.5178076 0.03329569
vn 0.9467757 0.1487472 0.2853481
vn 0.96704 0.1522568 0.2039247
vn 0.9876095 0.1515549 0.04055905
vn 0.03659164 0.9913938 0.1255837
vn 0.139256 0.867275 0.4778893
vn 0.2408826 0.5082247 0.8268074
vn 0.2763146 0.1459395 0.9498886
vn 0.8963286 0.1447187 0.4190191
vn 0.9443953 0.1455122 0.2948088
vn 0.8270821 0.4984283 0.2597125
vn 0.5662404 0.1445966 0.8114261
vn 0.758385 0.1469771 0.6349681
vn 0.6659749 0.4940947 0.5588549
vn 0.0643025 0.9898068 0.1268349
vn 0.2295602 0.8572649 0.4608295
vn 0.3828547 0.4983062 0.7778558
vn 0.4364452 0.1442915 0.8880581
vn 0.1148411 0.9886776 0.09625536
vn 0.4021424 0.8512528 0.3370769
vn 0.1339152 0.9899899 0.04397714
vn 0.4892727 0.8579363 0.15656
vn 0.1198462 0.9923399 0.02975553
vn 0.472274 0.8734397 0.1184118
vn 0.8316904 0.5141148 0.2096011
vn 0.9589831 0.1468551 0.2423474
vn 0.2163457 0.0178228 -0.9761345
vn 0.1994079 0.1470382 -0.9688101
vn 0.1348307 0.1461836 -0.9800104
vn 0.258919 0.1019013 -0.9604786
vn 0.2347789 0.1439863 -0.9613025
vn 0.1705374 -0.6962187 -0.6972564
vn 0.2178716 0.1464278 -0.9649037
vn 0.1549425 -0.7010102 -0.6960967
vn 0.185644 0.1460005 -0.9716788
vn 0.1333354 -0.6936247 -0.7078768
vn 0.1731315 -0.4513688 -0.8753624
vn 0.4337596 0.149327 -0.8885464
vn 0.497879 0.01916557 -0.8670309
vn 0.5773492 0.1447492 -0.8035523
vn 0.6667684 0.1481673 -0.730369
vn 0.7344279 0.0185247 -0.6783959
vn 0.7697073 0.1465803 -0.6212958
vn 0.2905362 -0.6997589 -0.6525773
vn 0.554796 0.01971495 -0.831721
vn 0.6740318 -0.4666891 -0.5725578
vn 0.2962431 0.01922661 -0.9548937
vn 0.7476119 -0.4529252 -0.485702
vn 0.848384 0.07135224 -0.5245217
vn 0.9391156 0.02368235 0.3427228
vn 0.9956359 0.04324471 0.08252203
vn 0.8207343 -0.476455 0.3151341
vn 0.7040925 -0.6990875 0.1241188
vn 0.959563 0.06433302 -0.2739647
vn 0.8810694 0.01739555 -0.4726402
vn 0.6713157 -0.7004303 -0.2422559
vn 0.9957579 0.01898247 -0.08975493
vn 0.0846278 -0.9910275 0.1032136
vn 0.1033967 -0.7284158 -0.6772363
vn 0.06537061 -0.7209388 -0.6899014
vn -6.1037e-05 -0.7258217 -0.6878567
vn -0.00021363 -0.9957885 0.09158605
vn 0.07028412 -0.9863277 0.1489303
vn -0.01641893 -0.9960631 0.08700823
vn 0.1766411 -0.979339 0.09830009
vn 0.2147282 -0.9714347 0.1008331
vn 0.1358684 -0.7162389 -0.6844691
vn 0.1759392 -0.7191992 -0.6721397
vn 0.1107822 -0.9873349 0.1133762
vn 0.2046571 -0.7050081 -0.6790063
vn 0.2599261 -0.9585559 0.1163976
vn 0.2464064 -0.7061373 -0.6637776
vn 0.3090609 -0.9427473 0.1250343
vn 0.276284 -0.6885281 -0.6704916
vn 0.3551134 -0.9242531 0.1400799
vn 0.3207495 -0.6849269 -0.6541643
vn 0.4017151 -0.9033173 0.1502121
vn 0.3476974 -0.6657918 -0.6601459
vn 0.4314097 -0.8863186 0.1680959
vn 0.3902402 -0.660329 -0.6415601
vn 0.4556108 -0.8725852 0.1760002
vn 0.4851832 -0.8559221 0.1787469
vn 0.4101993 -0.6440626 -0.6456496
vn 0.5147557 -0.8369091 0.1857051
vn 0.4354076 -0.6365551 -0.6365246
vn 0.5537279 -0.5372173 -0.6361584
vn 0.7477035 -0.6277352 0.2164067
vn 0.5880612 -0.5131382 -0.6251717
vn 0.7726677 -0.600238 0.2064272
vn 0.5950804 -0.4908597 -0.6363109
vn 0.4496902 -0.6211432 -0.6417738
vn 0.5569933 -0.806238 0.1991637
vn 0.4759056 -0.6139103 -0.6297189
vn 0.5917539 -0.7783746 0.2096011
vn 0.4993133 -0.5848872 -0.6391491
vn 0.6317331 -0.74514 0.213599
vn 0.5344402 -0.56798 -0.6259041
vn 0.666982 -0.7126072 0.2173528
vn 0.6953032 -0.6849575 0.217597
vn 0.6172979 -0.4612568 -0.6372875
vn 0.8057192 -0.5572985 0.2004761
vn 0.6367382 -0.4438307 -0.6304514
vn 0.8312937 -0.5217139 0.1915951
vn 0.6460769 -0.4033021 -0.6479995
vn 0.8612934 -0.4755089 0.17893
vn 0.6711631 -0.3753471 -0.6392407
vn 0.8834498 -0.4373913 0.1677907
vn 0.6758324 -0.3314005 -0.6583148
vn 0.9093295 -0.3871578 0.1523178
vn 0.6979278 -0.3014618 -0.6495865
vn 0.9271523 -0.347087 0.140904
vn 0.6962798 -0.2667317 -0.6663106
vn 0.9475387 -0.2960906 0.1203345
vn 0.7081515 -0.2172613 -0.6717734
vn 0.9624623 -0.2456434 0.1152378
vn 0.7203284 -0.192999 -0.6662191
vn 0.9735404 -0.2034059 0.103824
vn 0.7140416 -0.1496322 -0.6838588
vn 0.9842219 -0.1489914 0.09524822
vn 0.7309183 -0.1135289 -0.6729332
vn 0.9905393 -0.1027558 0.09088408
vn 0.7228004 -0.07367163 -0.6870937
vn 0.9947813 -0.05169832 0.08758813
vn 0.7365642 -0.0374462 -0.6752831
vn 0.9947813 -0.05105745 0.08804589
vn 0.7261574 -0.03665268 -0.6865139
vn -0.5568407 0.317362 -0.767571
vn -0.5646229 0.2846767 -0.7746819
vn -0.5830867 0.267922 -0.7669302
vn -0.6713462 0.01184117 -0.7410199
vn -0.629017 0.3397626 -0.6991791
vn -0.6692099 0.02758872 -0.7425153
vn -0.6736046 0.03881949 -0.7380596
vn -0.6778161 0.04861593 -0.733604
vn -0.6598102 0.05780202 -0.7491684
vn -0.6588641 0.08157593 -0.7477951
vn -0.5850093 0.2728354 -0.7637257
vn -0.5948668 0.2648701 -0.7589038
vn -0.6311228 0.2239448 -0.7426069
vn 0.6742454 0.1794488 -0.7163305
vn 0.6693015 0.1705069 -0.7231361
vn 0.6754052 0.185583 -0.7136753
vn 0.6529435 0.1930906 -0.7323527
vn 0.6787927 0.2420423 -0.6932585
vn 0.63567 0.2419812 -0.7330241
vn 0.6309702 0.2956023 -0.717246
vn 0.6343272 0.2685018 -0.7249062
vn 0.6303904 0.2958159 -0.7176733
vn -0.52678 0.3466292 -0.7760857
vn -0.5323039 0.3285928 -0.7801446
vn -0.5241249 0.3610645 -0.7712943
vn -0.6001465 0.2310251 -0.7657704
vn -0.6302378 0.2103946 -0.7473068
vn -0.6285898 0.1685842 -0.759209
vn -0.6313669 0.177343 -0.7548753
vn -0.6337779 0.1632435 -0.756035
vn -0.6439406 0.142796 -0.7516099
vn -0.6662191 0.1163976 -0.7365947
vn 0.6625568 -0.3358257 -0.6694846
vn 0.3044527 -0.8892788 -0.3412579
vn 0.7054048 0.03701895 -0.7078158
vn 0.6797998 0.03476053 -0.7325663
vn 0.6945708 0.07049775 -0.7159337
vn 0.6650288 0.06738483 -0.7437361
vn 0.7075716 0.1242713 -0.6956084
vn 0.678518 0.09860527 -0.727897
vn 0.662801 0.1324503 -0.736961
vn -0.2288583 0.6384778 -0.7347941
vn -0.2513504 0.6077761 -0.7532579
vn -0.2738121 0.5864132 -0.7622913
vn -0.2728354 0.5774407 -0.7694937
vn -0.2756127 0.5785394 -0.7676321
vn -0.3060396 0.5706351 -0.7620167
vn -0.3287454 0.5687124 -0.7539598
vn -0.3236793 0.5389569 -0.7776421
vn -0.3556322 0.5314493 -0.7687918
vn -0.3646046 0.5114597 -0.7780999
vn -0.3663442 0.5026704 -0.7829829
vn -0.3647267 0.5083163 -0.7800836
vn -0.6673483 0.1175573 -0.7354046
vn 0.6085086 0.2954497 -0.7364727
vn 0.6032594 0.3300577 -0.7260354
vn 0.618244 0.3581652 -0.6996063
vn 0.574694 0.3539232 -0.737846
vn 0.5656911 0.4013489 -0.7202979
vn 0.5660573 0.3874019 -0.7276223
vn 0.5662099 0.4012573 -0.7199622
vn 0.5426191 0.4035157 -0.7366558
vn 0.5341044 0.4284799 -0.7287515
vn 0.5451521 0.455977 -0.7034516
vn 0.5086825 0.4430372 -0.7381817
vn 0.4990997 0.4668722 -0.7299723
vn 0.4893338 0.4895474 -0.7217018
vn 0.4645528 0.4832301 -0.7420271
vn 0.4625996 0.539079 -0.7038179
vn 0.4490188 0.5131993 -0.7314066
vn 0.4027222 0.5593737 -0.7244789
vn 0.4135563 0.5259255 -0.7431562
vn 0.3953368 0.5542467 -0.7324442
vn 0.3997009 0.5635243 -0.7229225
vn 0.370159 0.5611133 -0.740318
vn 0.3651845 0.6096377 -0.7035127
vn 0.3292642 0.5840022 -0.741966
vn 0.2957243 0.6207465 -0.7260659
vn 0.315012 0.6014283 -0.7341533
vn 0.2957243 0.6207465 -0.7260659
vn -0.176458 0.6457107 -0.7428815
vn -0.1694082 0.6432386 -0.7466353
vn -0.1724601 0.6418653 -0.7471237
vn -0.1862545 0.6225776 -0.760033
vn -0.2204657 0.6094852 -0.7614979
vn 0.002929747 0.6981414 -0.7159337
vn -0.03146457 0.673574 -0.7384259
vn -0.06057924 0.6761376 -0.7342754
vn -0.06503492 0.6598712 -0.7485275
vn -0.1167333 0.6847438 -0.7193213
vn -0.1013824 0.6646016 -0.740257
vn -0.1316263 0.645497 -0.7523118
vn -0.3930479 0.4797204 -0.7844478
vn -0.4170659 0.4724265 -0.7764214
vn -0.4146855 0.4912869 -0.765923
vn -0.4292429 0.4396802 -0.7889035
vn -0.4398022 0.4361705 -0.7850276
vn -0.4597918 0.4278695 -0.7781304
vn -0.4968718 0.4103519 -0.7646412
vn -0.4701986 0.3961913 -0.7885983
vn -0.5151525 0.3617969 -0.7769402
vn -0.5005951 0.3838923 -0.7758721
vn -0.5089267 0.3585619 -0.7825556
vn -0.5708792 0.3342998 -0.7498398
vn 0.06054872 0.6808069 -0.7299112
vn 0.0295419 0.6736046 -0.7384564
vn -0.001373291 0.6575213 -0.7534105
vn 0.1809747 0.6623127 -0.7270119
vn 0.1176183 0.6575518 -0.7441328
vn 0.1264687 0.6933195 -0.7094027
vn 0.09677416 0.6687216 -0.7371441
vn 0.05993831 0.6622211 -0.7468795
vn 0.2768028 0.6062502 -0.7455062
vn 0.2531815 0.6292611 -0.7347636
vn 0.2470168 0.6617329 -0.7078463
vn 0.2149418 0.6302073 -0.7460555
vn 0.1803949 0.6620075 -0.7274392
vn 0.1891842 0.6505936 -0.7354351
vn 0.1627857 0.6493728 -0.7428205
vn -0.4112674 0.4895169 -0.7688834
vn -0.4224982 0.46498 -0.7779778
vn -0.6454359 0.2016968 -0.7366558
vn -0.6269418 0.226783 -0.7452926
vn -0.6510208 0.1638844 -0.7411115
vn -0.6723533 0.1396527 -0.7269204
vn -0.669332 0.09405803 -0.736961
vn -0.6856288 0.07031464 -0.7245094
vn -0.6838588 0.02938932 -0.7289956
vn -0.620716 0.2500992 -0.7430341
vn -0.5934019 0.2748497 -0.7564928
vn -0.5847346 0.3029267 -0.7524949
vn -0.5548265 0.3256325 -0.7655568
vn -0.5445113 0.352092 -0.7612232
vn -0.5133824 0.3671072 -0.7756279
vn -0.5051729 0.3880123 -0.7708365
vn -0.4242988 0.4590899 -0.7804499
vn -0.4516434 0.4499954 -0.7703482
vn -0.4660176 0.4178289 -0.77987
vn -0.4840846 0.4119999 -0.7719352
vn -0.3774224 0.5092624 -0.7734001
vn -0.3741569 0.5266579 -0.7632679
vn -0.3472091 0.5435346 -0.7641835
vn -0.3236182 0.5542772 -0.7668081
vn -0.3074434 0.5815302 -0.7531358
vn -0.2709128 0.5930052 -0.7582324
vn -0.2501602 0.6201056 -0.743553
vn -0.2139042 0.6237678 -0.7517319
vn -0.1881771 0.6498917 -0.7363201
vn -0.1332743 0.6675924 -0.7324748
vn -0.1035798 0.6638386 -0.7406232
vn -0.06884974 0.6823023 -0.7278054
vn -0.0343638 0.6744285 -0.7375103
vn -0.001098632 0.6867581 -0.7268593
vn 0.5613269 -0.572161 -0.5978881
vn 0.6790063 0.02868735 -0.7335429
vn 0.6896878 0.06137269 -0.7214881
vn 0.6878872 0.1300699 -0.7140416
vn 0.6666768 0.160802 -0.7277749
vn 0.6714683 0.1923276 -0.715598
vn 0.6552324 0.2137821 -0.7245094
vn 0.6536455 0.2447584 -0.7160863
vn 0.6349681 0.2677389 -0.7246315
vn 0.6309092 0.3030183 -0.7141942
vn 0.603473 0.3298441 -0.7259438
vn 0.5957518 0.3639027 -0.7159643
vn 0.5661489 0.3873409 -0.7275918
vn 0.558031 0.4123051 -0.7200843
vn 0.5347759 0.4278695 -0.7285989
vn 0.5247963 0.4519486 -0.721305
vn 0.500351 0.4661092 -0.7296366
vn 0.4845729 0.4969024 -0.7199012
vn 0.4503921 0.5125278 -0.7310404
vn 0.4317454 0.541612 -0.7212439
vn 0.3968932 0.5536668 -0.732017
vn 0.3828852 0.5721915 -0.7252113
vn 0.3443098 0.595111 -0.7260964
vn 0.3192846 0.6007569 -0.732841
vn 0.2963347 0.6248055 -0.7223121
vn 0.2574847 0.6290475 -0.7334514
vn 0.2323068 0.6506241 -0.722953
vn 0.1931211 0.6507767 -0.7342448
vn 0.1744133 0.6646321 -0.7264931
vn 0.1264076 0.6732994 -0.7284463
vn 0.09903252 0.6689352 -0.7366558
vn 0.06942957 0.6840113 -0.7261574
vn 0.03311258 0.6739708 -0.7379986
vn -0.2519608 -0.6816004 -0.6869412
vn -0.5368511 -0.4946135 -0.6834315
vn -0.5039522 -0.5132298 -0.6946623
vn -0.277749 -0.6794031 -0.6791284
vn -0.3074129 -0.6536149 -0.6915494
vn -0.345317 -0.6470839 -0.6797083
vn -0.3720816 -0.6185187 -0.6920682
vn -0.4849696 -0.5475021 -0.6819056
vn -0.4622028 -0.5578784 -0.6892606
vn -0.424543 -0.5878475 -0.6885892
vn -0.4085818 -0.6082949 -0.6804407
vn -0.2049317 -0.6976226 -0.6865139
vn -0.1828364 -0.7116306 -0.6782739
vn -0.1449019 -0.7094943 -0.6896268
vn -0.03689682 -0.7359844 -0.6759545
vn -0.07284766 -0.7217323 -0.6883144
vn -0.1099582 -0.7275307 -0.6771447
vn -0.5896787 -0.5851619 -0.5565966
vn -0.732841 -0.03726309 -0.6793726
vn -0.7162694 -0.07150483 -0.694113
vn -0.7194433 -0.1128879 -0.6852626
vn -0.7041841 -0.1370281 -0.696646
vn -0.6897183 -0.1927244 -0.6979278
vn -0.6897183 -0.2195196 -0.6899625
vn -0.6666768 -0.2508011 -0.7018342
vn -0.6638692 -0.2884304 -0.6899319
vn -0.6393017 -0.3164464 -0.7007966
vn -0.6328318 -0.3542588 -0.6884365
vn -0.6156194 -0.3711051 -0.6951506
vn -0.6094241 -0.3963134 -0.6866665
vn -0.59035 -0.412122 -0.6939604
vn -0.5826594 -0.4368724 -0.6852931
vn -0.5520188 -0.4586017 -0.6963409
vn -0.05093538 -0.9949644 0.08600115
vn -0.101413 -0.9911191 0.08566546
vn -0.1513413 -0.9849238 0.08368176
vn -0.2012085 -0.976043 0.08252203
vn -0.2501602 -0.9648122 0.08053833
vn -0.2826014 -0.9559007 0.07959222
vn -0.3459578 -0.9349346 0.07852411
vn -0.3776055 -0.9226661 0.07770007
vn -0.4234138 -0.902646 0.07675403
vn -0.4691916 -0.8798181 0.07577741
vn -0.5124668 -0.8554033 0.0748924
vn -0.5557116 -0.8280587 0.0737937
vn -0.5827814 -0.8092898 0.0730918
vn -0.6361584 -0.7682119 0.0712912
vn -0.6622517 -0.7459639 0.07031464
vn -0.6985687 -0.712241 0.06814783
vn -0.7348247 -0.6749779 0.06619465
vn -0.7672048 -0.6382336 0.06350898
vn -0.7994934 -0.5975219 0.06118959
vn -0.8185675 -0.5713676 0.05887019
vn -0.8380688 -0.5425276 0.05713063
vn -0.8556475 -0.514481 0.05581831
vn -0.8727989 -0.4851527 0.05313271
vn -0.8963897 -0.440199 0.05169832
vn -0.917478 -0.3946349 0.04931789
vn -0.9366131 -0.3468734 0.04922634
vn -0.9525132 -0.3004853 0.04886013
vn -0.9621266 -0.2678915 0.05014187
vn -0.9770806 -0.2062135 0.05227816
vn -0.9834285 -0.1729484 0.05423134
vn -0.9906003 -0.1207007 0.0640583
vn -0.9949949 -0.07171845 0.06939905
vn -0.995819 -0.04235965 0.08059936
vn -0.679342 -0.7315592 0.05700856
vn -0.2842189 0.7411115 0.6082034
vn -0.3075045 0.6872768 0.6580401
vn -0.4215217 0.7411115 0.522538
vn -0.4560381 0.6872768 0.5653554
vn -0.5343486 0.7410809 0.406476
vn -0.5780816 0.6872768 0.4397717
vn -0.6160771 0.7411115 0.2667928
vn -0.6665548 0.6872768 0.2886441
vn -0.6620075 0.7411115 0.1115757
vn -0.7162389 0.6872768 0.1207007
vn -0.6694846 0.7411115 -0.05005031
vn -0.7243263 0.6872768 -0.05417031
vn -0.6380505 0.7411115 -0.2088076
vn -0.6903287 0.6872768 -0.2259285
vn -0.5695365 0.7411115 -0.3554491
vn -0.6161992 0.6872768 -0.3845638
vn -0.4679098 0.7411115 -0.4814295
vn -0.506241 0.6872768 -0.5208594
vn -0.3390911 0.7411115 -0.5793939
vn -0.366863 0.6873074 -0.6268807
vn -0.1905881 0.7411115 -0.643727
vn -0.206183 0.6872768 -0.6964629
vn -0.03097623 0.7411115 -0.6706137
vn -0.03347879 0.6873074 -0.7255775
vn 0.03152561 0.7293313 0.683401
vn 0.1941893 0.7293313 0.6559649
vn 0.3455306 0.7293313 0.5904416
vn 0.4768212 0.7293313 0.490585
vn 0.5803705 0.7293313 0.3622242
vn 0.6501663 0.7293313 0.2128055
vn 0.6822108 0.7293313 0.05099642
vn 0.6746116 0.7293313 -0.113712
vn 0.6277962 0.7293313 -0.2718589
vn 0.5444808 0.7293313 -0.4141972
vn 0.4295175 0.7293313 -0.5324565
vn 0.2896206 0.7293313 -0.6198004
vn 0.2842189 -0.7411115 -0.6082339
vn 0.4214912 -0.7411115 -0.522538
vn 0.5343181 -0.7411115 -0.406476
vn 0.6160771 -0.7411115 -0.2667928
vn 0.6620075 -0.7411115 -0.1116062
vn 0.6694846 -0.7411115 0.05005031
vn 0.6380505 -0.7411115 0.2088076
vn 0.5695365 -0.7411115 0.3554491
vn 0.4679098 -0.7411115 0.4814295
vn 0.3390911 -0.7411115 0.5794245
vn 0.1905881 -0.7411115 0.643727
vn 0.03097623 -0.7411115 0.6706442
vn -0.112064 -0.9013642 -0.4182867
vn -0.2763146 -0.6867886 -0.6722617
vn -0.2587664 -0.01742607 -0.9657582
vn -0.3497726 -0.01843315 -0.9366436
vn -0.2587969 -0.01745659 -0.9657582
vn -0.5290384 -0.6627399 -0.5299234
vn -0.6041444 -0.716422 -0.3488571
vn -0.7719352 -0.02258366 -0.6352733
vn -0.6055483 -0.02533036 -0.7953734
vn -0.3495285 -0.7158116 -0.6044496
vn -0.6284067 -0.02307194 -0.7775201
vn -0.7046114 -0.02038633 -0.7092807
vn -0.4359874 -0.8947111 -0.09665209
vn -0.9444563 -0.01696825 -0.3281655
vn -0.681814 -0.682577 -0.2629474
vn -0.8982818 -0.02319401 -0.4387646
vn -0.8117313 -0.02673417 -0.5833613
vn -0.5026704 -0.02316349 -0.8641621
vn -0.5873593 -0.02539139 -0.8088931
vn 0.05633711 -0.359508 -0.9314249
vn 0.03415018 -0.107181 -0.9936217
vn -0.003570616 -0.09140288 -0.9957885
vn 0.7454146 -0.6598712 -0.09427165
vn 0.1274453 -0.9779962 -0.1650746
vn 0.6441542 -0.7375714 -0.2025818
vn 0.108005 -0.8869289 -0.4490799
vn 0.7312235 -0.6234016 -0.2768639
vn 0.7525254 -0.4355907 -0.4938811
vn 0.7175512 -0.5124058 -0.4716941
vn 0.08371227 -0.6706442 -0.737022
vn 0.6756188 -0.600879 -0.427137
vn 0.7614368 -0.5627613 -0.3216651
vn 0.6375316 -0.2027344 -0.7432478
vn 0.7675405 -0.2478713 -0.5910825
vn 0.07577741 -0.3435469 -0.9360637
vn 0.6118351 -0.4028748 -0.6806543
vn 0.6969512 -0.3827021 -0.6064028
vn 0.7020173 -0.04281747 -0.7108371
vn 0.6600543 -0.1438642 -0.7372661
vn 0.6756188 -0.4099246 -0.6127201
vn 0.1260719 -0.9756157 -0.1796014
vn 0.1026337 -0.9799494 -0.1706595
vn 0.1190832 -0.8942839 -0.4312876
vn 0.08200323 -0.9830317 -0.1639759
vn 0.08090454 -0.9862972 -0.1436811
vn 0.1214331 -0.8958098 -0.4274423
vn 0.1011688 -0.9814142 -0.1630299
vn 0.09799492 -0.9850154 -0.141789
vn 0.1119114 -0.9832453 -0.1437422
vn 0.05929744 -0.9907224 -0.1221045
vn 0.05032497 -0.9930723 -0.1058687
vn 0.9140294 -0.1445356 -0.3789789
vn 0.9861751 -0.06329536 -0.1530503
vn 0.3204749 -0.3645436 -0.8742638
vn 0.1663869 -0.3703726 -0.9138463
vn 0.1609546 -0.6863613 -0.7091891
vn 0.1969969 -0.6170843 -0.761803
vn 0.246559 -0.5292825 -0.8117924
vn 0.1777703 -0.4291207 -0.8855556
vn 0.3887753 -0.41554 -0.8222602
vn 0.2035585 -0.9684439 -0.1436201
vn 0.1833246 -0.9676198 -0.1734061
vn 0.1457869 -0.9607227 -0.2360911
vn 0.1352275 -0.9465926 -0.292642
vn 0.1781976 -0.8931547 -0.4128544
vn 0.4844508 -0.8449965 -0.2263557
vn 0.3418684 -0.8533891 -0.3934141
vn 0.2804651 -0.8395642 -0.4652242
vn 0.1836298 -0.7759941 -0.6033815
vn 0.1412397 -0.7051912 -0.6947844
vn 0.1602221 -0.1108127 -0.9808344
vn 0.1933957 -0.1110568 -0.9747917
vn 0.2292855 -0.08978545 -0.9691763
vn 0.2312692 -0.06237983 -0.9708548
vn 0.1210058 -0.6808985 -0.7222816
vn 0.106296 -0.3764153 -0.9203162
vn 0.08966338 -0.1113315 -0.9897153
vn -0.9112522 -0.09799492 -0.3999451
vn -0.9128391 -0.09100615 -0.3979614
vn -0.8797265 -0.2403637 -0.4101993
vn -0.5472579 -0.7970824 -0.2551652
vn -0.4325693 -0.8787195 -0.2016968
vn -0.9064913 -0.1216163 -0.4043092
vn -0.9077731 -0.1109958 -0.4044923
vn -0.9095432 -0.1046479 -0.4021424
vn -0.9140599 -0.08383435 -0.3967711
vn -0.9151281 -0.07943964 -0.3952147
vn -0.9161046 -0.07345801 -0.3941161
vn -0.9169286 -0.06677448 -0.3933531
vn -0.9176306 -0.06100648 -0.3926512
vn -0.9183325 -0.05587935 -0.3918271
vn -0.9188513 -0.05047756 -0.3912778
vn -0.9192175 -0.04541152 -0.3910947
vn -0.9196448 -0.04138308 -0.3905454
vn -0.9199194 -0.03701895 -0.3902707
vn -0.920011 -0.03216648 -0.3904843
vn -0.9204688 -0.02752768 -0.3898129
vn -0.9206824 -0.02209538 -0.3896603
vn -0.9202857 -0.01803642 -0.390759
vn -0.8284249 -0.4626301 -0.3156834
vn -0.4627827 -0.8843349 -0.06146425
vn -0.5008698 -0.8628193 -0.06805628
vn -0.7008576 -0.6870937 -0.1913815
vn -0.5330363 -0.8438063 -0.06179994
vn -0.5642567 -0.8230537 -0.06466871
vn -0.7385479 -0.6484573 -0.1843928
vn -0.6032289 -0.7949461 -0.06414991
vn -0.6266976 -0.7767571 -0.06189149
vn -0.7752312 -0.606006 -0.1780755
vn -0.684347 -0.7280496 -0.03967404
vn -0.7350383 -0.6757714 -0.05471968
vn -0.8415784 -0.5119785 -0.1720328
vn -0.9569079 -0.01309239 -0.2900479
vn -0.6803796 -0.7064425 -0.1949522
vn -0.9864498 -0.01690721 -0.1630299
vn -0.6766869 -0.7094943 -0.1966002
vn -0.9983215 -0.02365183 -0.05249178
vn -0.8898892 -0.4541154 -0.04239016
vn -0.9840999 -0.008362054 -0.177282
vn -0.9861751 -0.0525223 -0.1571093
vn -0.9786676 -0.1308023 -0.1582995
vn -0.9917295 -0.1207007 -0.04309213
vn -0.9830927 -0.093997 -0.1570177
vn -0.9934996 -0.1015045 -0.05105745
vn -0.9965514 -0.06335639 -0.05322426
vn -0.9732658 -0.16657 -0.1580553
vn -0.9785455 -0.1986144 -0.05456709
vn -0.983459 -0.1723075 -0.05533003
vn -0.9597461 -0.2303231 -0.1605579
vn -0.9621876 -0.268807 -0.04345834
vn -0.9670095 -0.1997436 -0.1580553
vn -0.966155 -0.253975 -0.04492324
vn -0.9739372 -0.2209845 -0.05053859
vn -0.9228187 -0.350383 -0.160039
vn -0.9067659 -0.4185003 -0.05056911
vn -0.9374371 -0.3094882 -0.1593981
vn -0.9311197 -0.3612781 -0.04922634
vn -0.9500107 -0.2688375 -0.1586962
vn -0.9405805 -0.3360088 -0.04861593
vn -0.949675 -0.3084506 -0.05410927
vn -0.906003 -0.3907285 -0.1625721
vn -0.868923 -0.4924772 -0.04904323
vn -0.8819544 -0.4684591 -0.05151522
vn -0.9561144 -0.03558456 -0.2908109
vn -0.9548326 -0.05661183 -0.2916654
vn -0.9532456 -0.07538068 -0.2926115
vn -0.9515671 -0.09375286 -0.292703
vn -0.9495529 -0.1107211 -0.2933439
vn -0.9470809 -0.1264992 -0.2949004
vn -0.9442732 -0.1466109 -0.2946257
vn -0.9403363 -0.1677602 -0.2959074
vn -0.9358501 -0.1888485 -0.2974944
vn -0.9304788 -0.2106387 -0.2996307
vn -0.9237953 -0.235908 -0.3014923
vn -0.9165319 -0.2602313 -0.3036286
vn -0.8843654 -0.4372082 -0.1633045
vn -0.860561 -0.4821619 -0.1640064
vn -0.7582629 -0.6498917 -0.05124056
vn -0.7718131 -0.6337473 -0.05114901
vn -0.8107242 -0.5833919 -0.04858541
vn -0.8291879 -0.5574511 -0.0406506
vn -0.8508561 -0.5228736 -0.05078279
vn -0.9099094 -0.2765892 -0.3090304
vn -0.8105106 -0.5597095 -0.1724906
vn -0.667745 -0.7438887 -0.0267952
vn -0.67098 -0.7413557 -0.01113921
vn -0.900235 -0.3039948 -0.311594
vn -0.8887906 -0.3309427 -0.3169652
vn -0.8767052 -0.3563341 -0.3230994
vn -0.8641011 -0.3801385 -0.3297525
vn -0.4020203 -0.914243 -0.0500198
vn -0.66863 -0.719718 -0.1866512
vn -0.8542741 -0.4013184 -0.3303018
vn -0.02194279 -0.9996948 -0.01110869
vn -0.02194279 -0.9996948 -0.01110869
vn -0.1144444 -0.993347 -0.01049834
vn -0.01605272 -0.9996643 0.01989805
vn -0.01260411 -0.9992981 0.0351268
vn -0.1033661 -0.9942015 0.02868735
vn -0.9980163 -0.06152528 -0.01141387
vn -0.6907865 -0.7229225 -0.01190221
vn -0.9945982 -0.1021454 -0.01684617
vn -0.9315775 -0.3632313 -0.0134586
vn -0.722953 -0.690878 -0.004638791
vn -0.5597705 -0.8284555 -0.01562547
vn -0.00979644 -0.9990234 -0.04242068
vn -0.03534042 -0.9986267 -0.03793448
vn -0.06073182 -0.9973754 -0.03897213
vn -0.1122165 -0.9932554 -0.028077
vn -0.1102023 -0.9932249 -0.03656113
vn -0.1248817 -0.9915159 -0.03558456
vn -0.2104861 -0.9772332 -0.02539139
vn -0.2973418 -0.9544664 -0.02319401
vn -0.275399 -0.9611805 -0.01657152
vn -0.2336192 -0.9717704 -0.03189182
vn -0.2095096 -0.9773553 -0.02844321
vn -0.1781976 -0.9834895 -0.03064054
vn -0.3835261 -0.9232765 -0.02117979
vn -0.3121433 -0.9498886 -0.01599168
vn -0.04174929 -0.9519639 0.3032929
vn -0.3263649 -0.944731 -0.03088468
vn -0.4724265 -0.8811304 -0.01916557
vn -0.6457107 -0.7635426 -0.003875792
vn -0.791345 -0.6113163 -0.006378352
vn -0.8487198 -0.5287332 -0.008331537
vn -0.8956267 -0.4446241 -0.01086455
vn -0.9591357 -0.2825098 -0.01510661
vn -0.9799494 -0.1985229 -0.01629686
vn -0.9983825 -0.05325478 0.01879936
vn -0.688467 -0.7252418 0.004089474
vn -0.9944761 -0.1049531 -0.000305185
vn -0.9985046 -0.05423134 -0.001281738
vn -0.9945067 -0.1020844 0.02206486
vn -0.9797663 -0.1992553 0.01831108
vn -0.9877926 -0.152562 0.03051847
vn -0.3128758 -0.9497055 0.01037627
vn -0.6881008 -0.7252113 0.02328562
vn -0.9979553 -0.05313271 0.03491312
vn -0.9939268 -0.1045869 0.03323465
vn -0.9251686 -0.3791925 0.01599168
vn -0.9204077 -0.389111 0.03747671
vn -0.9358806 -0.351085 0.02841269
vn -0.957091 -0.289346 0.01528972
vn -0.9581592 -0.2849513 0.02667313
vn -0.9682913 -0.2482375 0.02752768
vn -0.9790033 -0.2018189 0.02844321
vn -0.9007843 -0.4327219 0.03549301
vn -0.8846706 -0.4657735 0.01977598
vn -0.8776208 -0.4775231 0.04126101
vn -0.85403 -0.5186011 0.04055905
vn -0.8350475 -0.5496078 0.02478098
vn -0.8263192 -0.5612354 0.04666274
vn -0.8041628 -0.592761 0.04385507
vn -0.7751091 -0.6310007 0.03149509
vn -0.7808161 -0.6230354 0.04599136
vn -0.7090671 -0.704062 0.0386669
vn -0.6345714 -0.7716605 0.04239016
vn -0.6610614 -0.7484054 0.05331581
vn -0.694174 -0.71807 0.0496841
vn -0.7324748 -0.6790063 0.04879909
vn -0.7552721 -0.6539201 0.04361093
vn -0.5552843 -0.8305002 0.04342782
vn -0.4688559 -0.8821375 0.04434335
vn -0.4948271 -0.8668783 0.06021296
vn -0.5515915 -0.8320567 0.05813771
vn -0.5835444 -0.8100528 0.05691701
vn -0.6197699 -0.7828913 0.05410927
vn -0.3802606 -0.9237037 0.0464186
vn -0.4169439 -0.9065218 0.06588941
vn -0.4607074 -0.8850063 0.06665241
vn -0.289346 -0.9559618 0.04879909
vn -0.3256019 -0.943022 0.06842249
vn -0.3708304 -0.9261452 0.06872767
vn -0.1438642 -0.9870296 0.07086396
vn -0.1785027 -0.9814447 0.0698263
vn -0.1942198 -0.9795221 0.0525223
vn -0.2441175 -0.9672536 0.06894129
vn -0.2779321 -0.957915 0.07135224
vn -0.09677416 -0.992645 0.072573
vn -0.0946989 -0.9937742 0.05850398
vn -0.04629653 -0.9962767 0.07242041
vn 0.001220703 -0.9975891 0.06915491
vn 0.009521722 -0.9974365 0.07071137
vn -0.003692686 -0.9985351 0.05349892
vn -0.01632738 -0.999176 0.03695791
vn -0.02191227 -0.9996948 0.01049834
vn -0.01873832 -0.9998169 -0.000762963
vn -0.02105772 -0.9997254 0.009186029
vn -0.1053498 -0.9943846 0.009277582
vn -0.04486221 -0.9983215 -0.03610336
vn -0.02771079 -0.9992066 -0.02783286
vn -0.02771079 -0.9992066 -0.02783286
vn -0.0363475 -0.999176 -0.0178228
vn -0.2092043 -0.9778131 0.007293879
vn -0.2030091 -0.9787896 0.02697831
vn -0.2999359 -0.953917 0.006836116
vn -0.2953886 -0.9550157 0.02536088
vn -0.3946349 -0.9187902 0.006988704
vn -0.3843501 -0.9228492 0.02401804
vn -0.4733116 -0.8806421 0.02072203
vn -0.9796747 -0.2004761 -0.002533018
vn -0.9572131 -0.2893155 -0.00213629
vn -0.9272439 -0.3744316 -0.000122074
vn -0.8883633 -0.4590594 0.003112852
vn -0.840022 -0.5424665 0.006958186
vn -0.7819452 -0.6232185 0.01080352
vn -0.7146825 -0.6992706 0.01413005
vn -0.6394848 -0.7685782 0.01660203
vn -0.5581225 -0.8295236 0.01837211
vn -0.5622425 -0.8269295 -0.003662168
vn -0.4765771 -0.8790857 -0.00540173
vn -0.3886227 -0.9213233 -0.007812738
vn -0.3024079 -0.9531236 -0.008697748
vn -0.2133244 -0.976928 -0.00943017
vn 0.1488693 -0.9854122 0.0821253
vn 0.1276284 -0.9906003 0.0489822
vn 0.1976073 -0.9779351 0.06756794
vn 0.9855648 -0.1630299 0.04492324
vn 0.9705191 -0.23661 0.04562515
vn 0.9712821 -0.2375255 0.01232945
vn 0.9987792 -0.04614394 -0.01608324
vn 0.9991455 -0.04098635 -0.004943966
vn 0.9975585 -0.06921595 -0.008270502
vn 0.9987487 -0.04959255 0.004669308
vn 0.999176 -0.03759878 0.01373332
vn 0.9976196 -0.06646931 0.01806694
vn 0.9983825 -0.04934841 0.02801597
vn 0.998413 -0.04144412 0.03778189
vn 0.996643 -0.06811732 0.04513686
vn 0.9951476 -0.07123017 0.06759846
vn 0.9945982 -0.06802576 0.07812738
vn 0.99176 -0.1061128 0.07165741
vn 0.9919736 -0.043733 0.1185644
vn 0.9919431 -0.04541152 0.1182592
vn 0.9891354 -0.08481091 0.1198767
vn 0.6916105 -0.6882534 0.2189397
vn 0.6535234 -0.725547 0.2155827
vn 0.6830348 -0.700766 0.2058168
vn 0.4095584 -0.8989837 0.1550951
vn 0.373516 -0.9164708 0.1432844
vn 0.3290811 -0.9363384 0.1221656
vn 0.2748191 -0.9548631 0.1126438
vn 0.2335276 -0.9665822 0.1055635
vn 0.2382885 -0.9655751 0.1042207
vn 0.03997921 -0.999176 -0.003784239
vn 0.9967345 -0.07281714 -0.03421121
vn 0.995117 -0.07675403 -0.06152528
vn 0.9984741 -0.05041652 -0.02172917
vn 0.9989318 -0.04101687 -0.02081358
vn 0.999054 -0.03064054 -0.03082364
vn 0.9990845 -0.02670365 -0.03250217
vn 0.9985046 -0.02502512 -0.04834127
vn 0.9985046 -0.02536088 -0.04834127
vn 0.9938963 -0.1045869 -0.03445535
vn 0.9910275 -0.1282998 -0.03701895
vn 0.9884945 -0.1358989 -0.06631672
vn 0.9848933 -0.1679433 -0.04202395
vn 0.9806208 -0.1919614 -0.03878897
vn 0.9767144 -0.2033143 -0.06820887
vn 0.9692984 -0.2412488 -0.04715108
vn 0.9601123 -0.2757347 -0.04599136
vn 0.9558397 -0.282052 -0.08246099
vn 0.9410688 -0.3333231 -0.05691701
vn 0.9222083 -0.3822748 -0.0579546
vn 0.9215369 -0.3765374 -0.09472942
vn 0.8975189 -0.4363536 -0.06308174
vn 0.8512833 -0.5197302 -0.07187104
vn 0.8596454 -0.5039216 -0.08404797
vn 0.7031159 -0.7053743 -0.08960235
vn 0.7568285 -0.6441542 -0.1104465
vn 0.7417219 -0.6657613 -0.08111816
vn 0.7941222 -0.6011841 -0.08890038
vn 0.8339488 -0.5429548 -0.09839165
vn 0.6365551 -0.765038 -0.09726244
vn 0.6005737 -0.7951598 -0.08368176
vn 0.5923032 -0.7973266 -0.1158177
vn 0.443434 -0.8901944 -0.1044343
vn 0.4858547 -0.867336 -0.1077914
vn 0.445204 -0.8914151 -0.08453625
vn 0.5304117 -0.8413953 -0.1034272
vn 0.3739738 -0.9222388 -0.09775078
vn 0.3029572 -0.9492782 -0.08386486
vn 0.3428144 -0.9338664 -0.1017792
vn 0.286813 -0.9533982 -0.09341716
vn 0.1930601 -0.9780572 -0.07794427
vn 0.2112796 -0.9734794 -0.08758813
vn 0.4055299 -0.9107639 -0.07773059
vn 0.1087374 -0.9915159 -0.07104706
vn 0.1737113 -0.9805597 -0.09115874
vn 0.05438393 -0.9963988 -0.06485182
vn 0.04516738 -0.9964599 -0.07052826
vn 0.05716115 -0.9961242 -0.06659138
vn 0.04510635 -0.9964904 -0.07028412
vn 0.03173923 -0.997528 -0.06222718
vn 0.02328562 -0.9979553 -0.05932796
vn 0.02575761 -0.9977111 -0.06213563
vn 0.01254308 -0.9981079 -0.06009089
vn -0.001159667 -0.9990234 -0.04367196
vn -0.002777159 -0.9989318 -0.04562515
vn 0.0178228 -0.9986572 -0.04837179
vn -0.002685606 -0.9989013 -0.04617446
vn -0.001464843 -0.9988098 -0.04861593
vn 0.004638791 -0.9986267 -0.05169832
vn 0.01934874 -0.9983215 -0.05404824
vn 0.03250217 -0.9979248 -0.05502486
vn 0.007965326 -0.9992981 -0.03607285
vn 0.01727342 -0.9995728 -0.022309
vn 0.0371105 -0.9992676 0.00753802
vn 0.04886013 -0.9964599 0.06796467
vn 0.06216615 -0.9970702 0.04397714
vn 0.08935815 -0.9929807 0.0773949
vn 0.1942503 -0.9765313 0.09286779
vn 0.1452681 -0.9848323 0.09472942
vn 0.3317667 -0.934843 0.126255
vn 0.4940642 -0.8503067 0.1812494
vn 0.4596087 -0.8716391 0.1701406
vn 0.4135258 -0.8989837 0.1441999
vn 0.5670339 -0.7986999 0.2012695
vn 0.5406965 -0.8181402 0.195532
vn 0.5036775 -0.8470413 0.1696524
vn 0.5963317 -0.7794122 0.1919919
vn 0.5994751 -0.772454 0.2095706
vn 0.6291086 -0.7486495 0.2090212
vn 0.7603687 -0.6138493 0.2120426
vn 0.7252113 -0.6531571 0.2177495
vn 0.9457076 -0.266335 0.1861629
vn 0.8134709 -0.547441 0.1962035
vn 0.7738273 -0.6074709 0.1792962
vn 0.8287912 -0.5251015 0.1931821
vn 0.8479568 -0.500412 0.1746879
vn 0.8511918 -0.4894863 0.1892758
vn 0.9022187 -0.3993347 0.1628162
vn 0.9399701 -0.3077181 0.1474654
vn 0.8933378 -0.4147465 0.1728873
vn 0.8671529 -0.4632405 0.1827448
vn 0.9544359 -0.2648396 0.1373943
vn 0.946379 -0.2855617 0.1509445
vn 0.9317911 -0.3274941 0.1563463
vn 0.9780572 -0.1658375 0.1259194
vn 0.9775078 -0.1628468 0.1338236
vn 0.9718925 -0.1933652 0.1341593
vn 0.9573962 -0.2510452 0.142674
vn 0.9855037 -0.1120029 0.1273843
vn 0.9899594 -0.0662862 0.124607
vn 0.9917905 -0.04037594 0.1210974
vn 0.9926756 -0.01745659 0.11948
vn 0.9937437 -0.04416024 0.1024811
vn 0.9930418 -0.0554521 0.1037019
vn 0.9901731 -0.0786767 0.115482
vn 0.992523 -0.04068112 0.1149327
vn 0.9965819 -0.06048768 0.05618453
vn 0.05325478 -0.9984436 -0.01504558
vn 0.03805655 -0.9986877 -0.03369241
vn 0.08453625 -0.9950255 -0.05246126
vn 0.1101718 -0.9938658 -0.007385432
vn 0.09274572 -0.9952086 -0.03051847
vn 0.1958373 -0.9806208 0.001770019
vn 0.177343 -0.9837642 -0.02731406
vn 0.3145848 -0.9491562 0.009979546
vn 0.2979522 -0.9542833 -0.02319401
vn 0.4675741 -0.8837855 0.01620531
vn 0.4525589 -0.8915372 -0.0178228
vn 0.445967 -0.8931547 -0.05780202
vn 0.2948698 -0.953795 -0.05728322
vn 0.1765801 -0.9827265 -0.05502486
vn 0.9393903 -0.3426923 0.008239984
vn 0.9394513 -0.3394879 0.04593032
vn 0.8774377 -0.4796289 0.002777159
vn 0.8797571 -0.473281 0.04470956
vn 0.7886593 -0.6147649 -0.00314337
vn 0.7932371 -0.6072878 0.04364144
vn 0.7017731 -0.7123326 -0.007568538
vn 0.9936827 -0.1106601 0.01730394
vn 0.9928281 -0.1106906 0.04464852
vn 0.9864498 -0.1631824 0.01522868
vn 0.9932249 -0.1155431 -0.010773
vn 0.9849544 -0.1720938 -0.01510661
vn 0.9680472 -0.2498245 -0.02154606
vn 0.6879788 -0.7238075 -0.05227816
vn 0.7773675 -0.6277047 -0.04025387
vn 0.8692587 -0.4932401 -0.03299045
vn 0.9339885 -0.3561205 -0.02816855
vn 0.8662374 -0.496231 -0.05764943
vn 0.743553 -0.664449 -0.07480084
vn 0.5917539 -0.8040102 -0.05780202
vn 0.5725578 -0.8012329 0.1737113
vn 0.6865139 -0.7092807 0.1598254
vn 0.6799219 -0.7105625 0.1808832
vn 0.7820673 -0.6088138 0.1330301
vn 0.9811701 -0.1493881 0.1224097
vn 0.9652699 -0.2244331 0.1336405
vn 0.9119541 -0.3762322 0.1635792
vn 0.2841273 -0.9533982 0.1013824
vn 0.3692129 -0.9201025 0.1306192
vn 0.4670248 -0.8705405 0.1549119
vn 0.4335154 -0.8930021 0.1207007
vn 0.5519273 -0.8217414 0.1416669
vn 0.5311136 -0.8393811 0.1153905
vn 0.666158 -0.7348552 0.1273232
vn 0.6693015 -0.7350383 0.1081881
vn 0.7830134 -0.6161382 0.08499401
vn 0.9948118 -0.05481123 0.08551281
vn 0.9927976 -0.0720542 0.09537035
vn 0.9871517 -0.1262856 0.09775078
vn 0.9762261 -0.1897641 0.1045259
vn 0.9567248 -0.2676779 0.113834
vn 0.9230018 -0.3643299 0.1237831
vn 0.8668172 -0.4808496 0.1317789
vn 0.07882928 -0.996643 0.02108824
vn 0.1337626 -0.9904172 0.03396707
vn 0.2306894 -0.9705191 0.06958216
vn 0.2013 -0.9784845 0.04507583
vn 0.2883388 -0.9551988 0.06659138
vn 0.3285012 -0.9395123 0.09665209
vn 0.402234 -0.9105502 0.09530925
vn 0.366039 -0.9280374 0.06875818
vn 0.5119175 -0.8542741 0.08999907
vn 0.4947355 -0.8665121 0.0658589
vn 0.6495255 -0.7564013 0.07696765
vn 0.6519059 -0.7558825 0.06015193
vn 0.7135533 -0.6995758 0.03772085
vn 0.8764916 -0.4733421 0.08767968
vn 0.9343242 -0.3461714 0.08450573
vn 0.9660024 -0.2459181 0.07959222
vn 0.9824213 -0.1709036 0.07486188
vn 0.08529919 -0.9963073 0.007171809
vn 0.1469771 -0.9889218 0.01995909
vn 0.2322763 -0.9720756 0.03250217
vn 0.3460189 -0.9370403 0.0464186
vn 0.4731895 -0.8799707 0.04153567
vn 0.6130253 -0.7896359 0.02478098
vn 0.6000244 -0.7998597 -0.01199376
vn 0.9998474 -0.01742607 0
vn 0.920011 -0.3843806 -0.07593005
vn 0.8026368 -0.5689871 -0.1788079
vn 0.792169 -0.5584887 -0.2459486
vn 0.7604907 -0.5599842 -0.3286538
vn 0.7904294 -0.494705 -0.3611255
vn 0.7824641 -0.4591205 -0.4205756
vn 0.7447432 -0.4356517 -0.5055086
vn 0.7747124 -0.3639332 -0.5170446
vn 0.4146855 -0.3115024 -0.8549456
vn 0.6533708 -0.4676351 -0.5952941
vn 0.716361 -0.04870754 -0.6960051
vn 0.7691885 -0.1107822 -0.6292917
vn 0.7555773 -0.1832331 -0.6288644
vn 0.7215491 -0.2594074 -0.6418653
vn 0.7714164 -0.3075045 -0.5570544
vn 0.9639577 -0.1176794 -0.2385937
vn 0.9887692 -0.05105745 -0.1403546
vn 0.9682608 -0.09588915 -0.230781
vn 0.9387189 -0.0844447 -0.3340861
vn 0.840083 -0.08529919 -0.5356304
vn 0.8962981 -0.03207492 -0.4422742
vn 0.9020661 -0.09356975 -0.421247
vn 0.6836146 -0.08517712 -0.7248146
vn 0.7713248 -0.08572649 -0.630604
vn 0.510239 -0.08001953 -0.8562883
vn 0.623249 -0.05807667 -0.7798395
vn 0.6993317 -0.02655106 -0.7142552
vn 0.08182013 -0.04776144 -0.9954833
vn 0.1475265 -0.136906 -0.9795221
vn 0.3648183 -0.06454664 -0.9288004
vn 0.3382061 -0.03543198 -0.9403668
vn 0.4232612 -0.02221745 -0.9057283
vn 0.1157567 -0.3598437 -0.925779
vn 0.1882687 -0.6517533 -0.7346416
vn 0.238258 -0.8608356 -0.4496292
vn 0.2528458 -0.9260231 -0.2801904
vn 0.9583423 -0.1374859 -0.2502823
vn 0.8948943 -0.1333964 -0.4257943
vn 0.9430525 -0.2102725 -0.2576373
vn 0.8786889 -0.2024598 -0.4322947
vn 0.9219337 -0.2828456 -0.2645344
vn 0.8570818 -0.2708212 -0.4382153
vn 0.8874782 -0.3695486 -0.275277
vn 0.8228095 -0.3514207 -0.4465773
vn 0.8403272 -0.4595782 -0.2873318
vn 0.776574 -0.434553 -0.4561296
vn 0.7885068 -0.5399335 -0.2944426
vn 0.7272561 -0.5081332 -0.4613483
vn 0.7158116 -0.6293222 -0.3024384
vn 0.6599323 -0.5888241 -0.466628
vn 0.6319773 -0.7110508 -0.3081454
vn 0.5829951 -0.6622822 -0.4705344
vn 0.5528123 -0.7736442 -0.3095492
vn 0.511002 -0.7192602 -0.4706259
vn 0.4600665 -0.832728 -0.3080233
vn 0.4274728 -0.7734611 -0.4679708
vn 0.3756523 -0.8757591 -0.3031098
vn 0.351085 -0.8129826 -0.4644917
vn 0.309244 -0.9025239 -0.2996002
vn 0.2902615 -0.838496 -0.4611042
vn 0.6780908 -0.108066 -0.7269814
vn 0.6644185 -0.159978 -0.7300028
vn 0.6469619 -0.2113102 -0.7326273
vn 0.620014 -0.2715537 -0.7360759
vn 0.5833919 -0.33314 -0.7406842
vn 0.5453658 -0.3878902 -0.7430036
vn 0.4945219 -0.4479812 -0.7447737
vn 0.4360179 -0.5020295 -0.746849
vn 0.3819391 -0.5446028 -0.7466353
vn 0.3198034 -0.5857113 -0.7447127
vn 0.2625202 -0.614948 -0.743553
vn 0.2171697 -0.6345714 -0.7416914
vn 0.3670156 -0.06765949 -0.9277322
vn 0.3591418 -0.09555345 -0.928373
vn 0.3494675 -0.1232032 -0.9288004
vn 0.3352763 -0.1557664 -0.929136
vn 0.3147374 -0.1886044 -0.9302347
vn 0.2939237 -0.2181158 -0.9306009
vn 0.2670674 -0.2509232 -0.9304178
vn 0.2348094 -0.2793664 -0.9309977
vn 0.2054811 -0.3024079 -0.9307535
vn 0.1723685 -0.3252052 -0.9297769
vn 0.1409955 -0.3397321 -0.9298685
vn 0.1165807 -0.3505051 -0.9292581
vn 0.09524822 -0.02450633 -0.9951476
vn 0.09497356 -0.03061002 -0.9949949
vn 0.09286779 -0.03775137 -0.9949339
vn 0.09042632 -0.04489272 -0.9948729
vn 0.0871303 -0.05340737 -0.9947508
vn 0.08169806 -0.06189149 -0.9947203
vn 0.07626575 -0.06961268 -0.9946287
vn 0.06973475 -0.07849359 -0.9944456
vn 0.061037 -0.08563494 -0.9944456
vn 0.05334633 -0.09170812 -0.9943541
vn 0.04483169 -0.09790337 -0.994171
vn 0.03640854 -0.1009857 -0.9942015
vn 0.03003019 -0.103824 -0.9941099
vn 0.03598129 -0.08532971 -0.9956969
vn 0.4867092 -0.4870144 -0.7251808
vn 0.4539018 -0.5483261 -0.7023225
vn 0.3823053 -0.5718253 -0.7258217
vn 0.3352458 -0.6287118 -0.7016205
vn 0.2836695 -0.6357921 -0.7177954
vn 0.5668508 -0.395825 -0.7224647
vn 0.6138188 -0.3572192 -0.7039704
vn 0.6215094 -0.3084201 -0.7201148
vn 0.6557818 -0.2706686 -0.7047334
vn 0.6569719 -0.2318796 -0.7173376
vn 0.6802576 -0.1991332 -0.7053743
vn 0.6918241 -0.06491285 -0.7191076
vn 0.7046114 -0.06567579 -0.7065035
vn 0.6914579 -0.0952177 -0.7160558
vn 0.6968902 -0.1259194 -0.7059847
vn 0.6773583 -0.160741 -0.7178564
vn 0.3166295 -0.04049801 -0.9476608
vn 0.2974029 -0.6642354 -0.6857509
vn 0.3352763 -0.6287118 -0.7016205
vn 0.4092837 -0.6088443 -0.6795251
vn 0.4538713 -0.5483566 -0.7023225
vn 0.5188147 -0.516007 -0.6815699
vn 0.5981323 -0.4149907 -0.6855678
vn 0.6138188 -0.3572192 -0.7039704
vn 0.6498306 -0.3202918 -0.68923
vn 0.6557512 -0.2706686 -0.704764
vn 0.6802271 -0.2383495 -0.6931364
vn 0.6802576 -0.1991332 -0.7053743
vn 0.7010102 -0.1646168 -0.6938688
vn 0.6968902 -0.1259499 -0.7059847
vn 0.7108066 -0.0964995 -0.6967071
vn 0.7046114 -0.06567579 -0.7065035
vn 0.008850336 0.4447767 -0.8955657
vn 0 -0.01745659 -0.9998474
vn 0 -0.01745659 -0.9998474
vn 0.1944944 -0.01828056 -0.9807123
vn 0.207831 -0.01818901 -0.9779657
vn 0.2139347 -0.05090487 -0.9754936
vn 0.2558672 -0.01965391 -0.9664907
vn 0.1820734 -0.7158727 -0.6740318
vn 0.05804616 -0.01818901 -0.9981384
vn 0.1539048 -0.01815849 -0.9879147
vn 0.1666005 -0.7067477 -0.6875515
vn 0.1430402 -0.713889 -0.6854457
vn 0.1776482 -0.02002012 -0.9838557
vn 0.1236 -0.7071444 -0.6961272
vn 0.1513413 -0.01644945 -0.9883419
vn 0.1304666 -0.01745659 -0.9912717
vn 0.2017884 -0.02093565 -0.9791864
vn 0.2699972 -0.01660203 -0.9626759
vn 0.1876277 -0.7138584 -0.6746422
vn 0.300821 -0.01779228 -0.9534898
vn 0.2081667 -0.7065646 -0.6763207
vn 0.2396008 -0.7070834 -0.6652425
vn 0.3293557 -0.01770073 -0.9439985
vn 0.2537309 -0.713187 -0.6534013
vn 0.3584704 -0.01696825 -0.9333476
vn 0.3715018 -0.01730394 -0.928251
vn 0.2619099 -0.7110508 -0.6524857
vn 0.3840449 -0.01690721 -0.9231239
vn 0.2676168 -0.7131565 -0.6478775
vn 0.2675253 -0.7132481 -0.6478164
vn 0.3755608 -0.01702928 -0.9266335
vn 0.3661916 -0.01837211 -0.9303262
vn 0.2515946 -0.71807 -0.6488845
vn 0.3348491 -0.01876884 -0.9420759
vn 0.2369457 -0.7131565 -0.6596881
vn 0.3036592 -0.01974546 -0.9525437
vn 0.2194891 -0.7193823 -0.6590167
vn 0.1973326 -0.7159032 -0.6696982
vn 0 -1 0
vn 0 -1 0
vn -0.05032497 -0.9300516 0.3638722
vn 0 -1 0
vn 0 -1 0
vn 0 -1 0
vn -0.1726737 -0.710532 0.6820887
vn -0.156621 -0.7088534 0.6877041
vn -0.1431623 -0.7132481 0.6860866
vn 0 -0.9999695 0
vn 0 -1 0
vn 0 -1 0
vn -0.1220435 -0.7063204 0.6972564
vn 0 -1 0
vn 0 -1 0
vn 0 -0.9999695 0
vn 0 -1 0
vn 0 -0.9999695 0
vn 0 -0.9999695 0
vn 0 -1 0
vn 0 -1 0
vn 0 -0.9999695 0
vn 0 -1 0
vn 0 -1 0
vn 0 -1 0
vn 0 -1 0
vn 0 -1 0
vn 0 -1 0
vn -0.1279946 -0.7140416 0.6882839
vn -0.15421 -0.01696825 0.9878842
vn -0.07181 -0.8328806 0.5487228
vn -0.1922056 -0.6957915 0.6920072
vn -0.2525712 -0.01608324 0.9674367
vn -0.2044435 -0.02044737 0.978637
vn 0 -0.9999695 0
vn 0 -1 0
vn 0 -1 0
vn 0.6846828 -0.7164831 0.133549
vn 0 -1 0
vn 0.8193915 -0.4430983 0.363628
vn 0 -0.9999695 0
vn 0 -0.9999695 0
vn 0 -0.9999695 0
vn 0 -1 0
vn 0.721427 -0.6923734 0.01031523
vn 0 -1 0
vn 0 -1 0
vn 0.72219 -0.6915189 -0.01483196
vn 0 -1 0
vn 0 -0.9999695 0
vn 0 -0.9999695 0
vn 0.6778771 -0.7222511 0.1371502
vn 0 -1 0
vn 0.8958709 -0.4358348 0.08612322
vn 0.9857174 0.000732444 0.1683401
vn 0.9525743 0.001220703 0.3042696
vn 0.9593493 0.006469905 0.2821131
vn 0.9197669 0.02035582 0.3918882
vn 0.998291 0.02423167 0.05270546
vn 0.9963378 0.06598097 0.0539872
vn 0.9860531 0.05404824 0.1572619
vn 0.9937742 0.09527873 0.05758839
vn 0.9829401 0.09512615 0.1573534
vn 0.9905698 0.1257057 0.05429238
vn 0.9831538 0.1740165 0.0554521
vn 0.9785455 0.131901 0.1581774
vn 0.9791253 0.1944639 0.05887019
vn 0.9730216 0.1677602 0.1582995
vn 0.9731132 0.2236396 0.05496382
vn 0.961272 0.2704245 0.05264443
vn 0.9668264 0.2005371 0.1581164
vn 0.9491257 0.3100681 0.05453658
vn 0.9594409 0.2319101 0.1600695
vn 0.9427778 0.3287759 0.0549333
vn 0.949675 0.2696616 0.1592456
vn 0.9300821 0.3634755 0.05273598
vn 0.9369183 0.3105869 0.1602221
vn 0.9201636 0.3885617 0.04745626
vn 0.9064303 0.4191717 0.0514847
vn 0.8819544 0.4683981 0.05227816
vn 0.9226661 0.3506577 0.1603137
vn 0.8726158 0.4853969 0.05383461
vn 0.9059115 0.3907285 0.1631214
vn 0.850032 0.5240944 0.05197298
vn 0.8836634 0.4381847 0.1645863
vn 0.8326975 0.5518357 0.04544204
vn 0.8099613 0.5841243 0.05203402
vn 0.7716605 0.6339 0.0516678
vn 0.8603473 0.4824976 0.1640064
vn 0.7623524 0.6447951 0.05490279
vn 0.8412733 0.5122227 0.1726737
vn 0.733665 0.6772363 0.05520796
vn 0.8093203 0.5608997 0.1741997
vn 0.6854152 0.7269814 0.04092532
vn 0.674459 0.7381207 0.01547288
vn 0.6706442 0.7410504 0.0323801
vn 0.6255074 0.7776727 0.06244087
vn 0.7747124 0.6066775 0.178045
vn 0.612476 0.7874996 0.06830042
vn 0.7379071 0.6487625 0.1859188
vn 0.5630665 0.8236946 0.06662189
vn 0.5444197 0.8361156 0.06686604
vn 0.7014374 0.6863307 0.1920835
vn 0.5001679 0.863155 0.06894129
vn 0.6713462 0.7212744 0.1703238
vn 0.470687 0.8797571 0.06649982
vn 0.4458754 0.8929105 0.06204408
vn 0.9559618 0.0363475 0.2911466
vn 0.9548631 0.0572527 0.2913907
vn 0.9532456 0.07614368 0.2923673
vn 0.9515366 0.09433269 0.292642
vn 0.9494919 0.1112094 0.2934049
vn 0.9469894 0.1274148 0.2948088
vn 0.9441206 0.1474349 0.2947173
vn 0.9402142 0.1683401 0.295999
vn 0.9356975 0.1895809 0.2974639
vn 0.9302957 0.2113712 0.2997528
vn 0.9235512 0.2365184 0.3017365
vn 0.9163182 0.2606281 0.3039643
vn 0.9094821 0.277749 0.309244
vn 0.8997772 0.3051241 0.3118686
vn 0.8883938 0.3316752 0.3173314
vn 0.8763085 0.356975 0.3234046
vn 0.8637654 0.3807489 0.3300272
vn 0.8691061 0.3991211 0.2920621
vn 0.9206824 0.02233952 0.3895993
vn 0.9204688 0.02771079 0.3897824
vn 0.9201331 0.03250217 0.3901792
vn 0.9198889 0.03714102 0.3903928
vn 0.9195227 0.0414136 0.3907895
vn 0.919126 0.04553359 0.3912473
vn 0.9188207 0.05069124 0.3913694
vn 0.9182714 0.05606245 0.3919187
vn 0.9176611 0.06146425 0.3925596
vn 0.9168676 0.06707966 0.3934446
vn 0.9160131 0.07354956 0.3942992
vn 0.9150364 0.07968378 0.3953368
vn 0.9139378 0.08413952 0.3969542
vn 0.9127476 0.09140288 0.398114
vn 0.9111301 0.09836113 0.4001282
vn 0.9094516 0.1050142 0.402295
vn 0.907651 0.1113315 0.4046144
vn 0.9298074 0.1151463 0.3495285
vn 0.9929197 0.1152378 0.02795493
vn 0.9886166 0.1202124 0.09024322
vn 0.9099399 0.4063845 0.08252203
vn 0.427839 0.9030732 0.03665268
vn 0.3949705 0.9176916 0.04275637
vn 0.6840419 0.7268593 0.0612201
vn 0.6848049 0.727836 0.03506577
vn 0.9141209 0.4040651 0.03286838
vn 0.9921262 0.1208838 -0.0325632
vn 0.4293039 0.9016694 0.05121004
vn 0.6757408 0.7278665 0.116306
vn 0.8932157 0.4082461 0.1882076
vn 0.9675283 0.122074 0.2211676
vn -0.06884974 0.7653737 0.6398511
vn -0.04568618 0.8433485 0.5353862
vn -0.130375 0.8998078 0.4163335
vn -0.1502426 0.6776025 0.7198706
vn -0.0579546 0.6997894 0.7119663
vn -0.2557756 0.649556 0.7159643
vn -0.1591845 0.6929533 0.7031465
vn -0.1630299 0.3969542 0.9031953
vn -0.5212562 0.4733726 0.7100437
vn -0.01187169 0.5921506 0.8057192
vn -0.7219764 0.4954069 0.4829859
vn -0.5086825 0.1784417 0.8422193
vn -0.226783 0.3177282 0.9206213
vn -0.02047789 0.4245735 0.9051485
vn -0.01605272 0.8982208 0.4392224
vn -0.008880853 0.9154027 0.4024171
vn -0.03640854 0.9361248 0.3497421
vn -0.07910394 0.9857479 0.1482894
vn -0.04318368 0.9506821 0.3071078
vn -0.05447548 0.9902341 0.1280862
vn -0.05258339 0.9595324 0.2765892
vn -0.002288877 0.9945067 0.1045564
vn -0.02850425 0.9916074 0.1258888
vn -0.0959807 0.9665822 0.2375866
vn 0.004333615 0.9931028 0.1170079
vn -0.01709032 0.9697256 0.2433851
vn 0.07733386 0.9784539 0.191351
vn -0.1307107 0.9765618 0.1709342
vn -0.1203955 0.8866543 0.4464247
vn -0.1271706 0.9756157 0.1787469
vn -0.120365 0.8947722 0.4299448
vn -0.1019623 0.9808649 0.1656849
vn -0.1200903 0.6802271 0.723075
vn -0.09891045 0.6683859 0.7372051
vn -0.157506 0.3778191 0.9123508
vn -0.1045259 0.3756523 0.9208045
vn -0.05883967 0.3667715 0.9284341
vn -0.131138 0.06186097 0.9894101
vn -0.2263557 0.08777123 0.9700614
vn -0.1923276 0.109653 0.9751579
vn -0.1573839 0.109592 0.9814142
vn -0.08792382 0.1082491 0.9902036
vn -0.03280735 0.1027253 0.9941405
vn 0.2198858 0.9619129 0.1622669
vn 0.3162328 0.938139 0.1409345
vn 0.2615131 0.9647817 0.02743613
vn 0.2397839 0.9467757 0.2146672
vn 0.2798242 0.9591662 0.04062008
vn 0.1505783 0.9790948 0.1365398
vn 0.08236944 0.9924924 0.09009063
vn 0.06265449 0.9945677 0.08282721
vn 0.007507503 0.9988708 0.0464186
vn 0.01812797 0.9989624 0.04159671
vn 0.02206486 0.9988403 0.04248172
vn 0.4034547 0.8564409 0.3219093
vn 0.2590716 0.941374 0.21601
vn 0.2425916 0.9498581 0.19718
vn 0.1523483 0.9789727 0.1354717
vn 0.248207 0.9520859 0.1785638
vn 0.0644856 0.9945372 0.08188116
vn 0.4528642 0.8176519 0.3553881
vn 0.4145329 0.8575091 0.3045442
vn 0.4221625 0.8590655 0.289407
vn 0.4223151 0.8657186 0.2685323
vn 0.2520829 0.954619 0.1585742
vn 0.4312876 0.8715781 0.2330698
vn 0.4358043 0.8733787 0.2174139
vn 0.249794 0.9585559 0.1368144
vn 0.4302194 0.8818934 0.1926023
vn 0.4256111 0.8876308 0.175756
vn 0.2441785 0.9627979 0.1155431
vn 0.4239326 0.8926969 0.1528062
vn 0.2344126 0.9674062 0.09564501
vn 0.413129 0.9028596 0.1187475
vn 0.4061403 0.9077426 0.1049226
vn 0.2256233 0.9709159 0.07977539
vn 0.4000672 0.9123203 0.08709979
vn 0.2093875 0.9758599 0.06176942
vn 0.3796502 0.9234901 0.05447548
vn 0.06433302 0.9946898 0.07995849
vn 0.0644856 0.9949339 0.07672351
vn 0.05990779 0.9954833 0.07348853
vn 0.05023342 0.9962462 0.07010102
vn 0.04300057 0.9968261 0.06659138
vn 0.0414136 0.9968871 0.06668293
vn -0.0117191 0.9977416 0.06601148
vn -0.000762963 0.9980163 0.06271553
vn 0.1921445 0.9803156 0.04531997
vn 0.3580737 0.9331035 0.03292942
vn 0.3078707 0.9507126 0.03671371
vn 0.7843868 0.6199835 -0.01855522
vn 0.8399304 0.5424055 -0.01532024
vn 0.957091 0.2895901 -0.008758783
vn 0.9275796 0.3734245 -0.009704828
vn 0.9324625 0.3610035 0.01229894
vn 0.9949339 0.09933775 0.01364177
vn 0.9800104 0.1984008 0.01333653
vn 0.8962066 0.443495 0.01037627
vn 0.850795 0.5254067 0.008117914
vn 0.7933592 0.6087222 0.005493283
vn 0.7261269 0.687521 0.004028439
vn 0.5672475 0.8235115 0.003540098
vn 0.649495 0.7603381 0.003356993
vn 0.5657522 0.8244575 0.01348912
vn 0.4770348 0.8786889 0.01620531
vn 0.3886532 0.9211707 0.01892143
vn 0.3362224 0.9403668 0.05111849
vn 0.3035676 0.9525437 0.02185124
vn 0.3064974 0.9501633 0.05648976
vn 0.2179937 0.9756157 0.02414011
vn 0.2616657 0.9627369 0.0680868
vn 0.2438428 0.9671621 0.07144379
vn 0.2153996 0.973632 0.07467877
vn 0.1152684 0.9930112 0.02447581
vn 0.1712393 0.9819025 0.08072143
vn 0.1167638 0.9897153 0.08230841
vn 0.1527757 0.9849544 0.08062988
vn 0.03872793 0.9987182 0.03164768
vn 0.008087396 0.9998779 -0.0120548
vn 0.02649003 0.9995117 -0.01519817
vn 0.1192969 0.9927976 0.009186029
vn 0.01242101 0.9999085 0.003692686
vn 0.01693773 0.9997559 0.01333653
vn 0.02539139 0.9977416 -0.06216615
vn 0.1107516 0.9933775 -0.03015226
vn 0.0135197 0.9992066 -0.03707998
vn 0.003173887 0.9998779 -0.01348912
vn 0.211127 0.976928 -0.03201389
vn 0.3910337 0.9198889 -0.02890098
vn 0.4767602 0.8784753 -0.03009122
vn 0.6424452 0.765862 -0.02600175
vn 0.5608997 0.8273568 -0.02890098
vn 0.2999969 0.9534288 -0.03094571
vn 0.7156895 0.6980193 -0.02270573
vn 0.4809107 0.8767358 0.003631651
vn 0.3940244 0.9190649 0.004242062
vn 0.3082064 0.9512925 0.004943966
vn 0.2200689 0.9754326 0.005493283
vn 0.9943846 0.1049226 -0.01156651
vn 0.9591968 0.2823267 0.01339757
vn 0.9797968 0.1997742 -0.007965326
vn 0.8897367 0.4563432 -0.01028472
vn 0.02649003 0.9994507 0.01840263
vn 0.02948087 0.9993591 0.01977598
vn 0.02948087 0.9993591 0.01977598
vn 0.9986267 0.05209505 -0.000366222
vn 0.4040346 0.857387 0.3187048
vn 0.404828 0.8601642 0.3100986
vn 0.3168737 0.9284341 0.1937925
vn 0.2728354 0.9387494 0.2104861
vn 0.3524888 0.931608 0.08832055
vn 0.3557237 0.9246498 0.1359294
vn 0.4388256 0.8917814 0.1100497
vn 0.3922544 0.8988311 0.19541
vn 0.3943297 0.891171 0.2241889
vn 0.3337504 0.9270303 0.1708426
vn 0.3913999 0.8794824 0.2706686
vn 0.3910337 0.8735923 0.2895901
vn 0.2977691 0.9320658 0.2062135
vn 0.4070559 0.8532975 0.3258156
vn 0.4091616 0.8501236 0.3314005
vn 0.4106265 0.8497574 0.330546
vn 0.4308603 0.8922086 0.135258
vn 0.4512162 0.8843959 0.1192358
vn 0.2876369 0.8713645 0.3974425
vn 0.3003022 0.8709067 0.3889279
vn 0.328959 0.8753319 0.3543199
vn 0.3604236 0.8825953 0.3017975
vn 0.3881344 0.8901029 0.2388378
vn 0.4070559 0.8954131 0.1803339
vn 0.461684 0.8792688 0.117069
vn 0.4654988 0.8776818 0.113834
vn 0.2945647 0.8624836 0.411481
vn 0.3425092 0.8391675 0.4224372
vn 0.3637501 0.8201239 0.4415723
vn 0.4052553 0.7979065 0.4461806
vn 0.423658 0.7865536 0.4492325
vn 0.446852 0.7798395 0.4383373
vn 0.4680929 0.7710196 0.4316843
vn 0.4915006 0.7671133 0.4122135
vn 0.5246742 0.7694327 0.3641774
vn 0.5413678 0.7703482 0.3368328
vn 0.5430158 0.7783135 0.3151036
vn 0.5561999 0.7854549 0.2714011
vn 0.5621815 0.7894528 0.2463148
vn 0.5611743 0.7980591 0.2193976
vn 0.558092 0.8084658 0.1867427
vn 0.5599536 0.8132877 0.1580553
vn 0.5532395 0.8258004 0.1091341
vn 0.5453963 0.8354747 0.06698811
vn 0.5423445 0.8389844 0.04397714
vn 0.5213477 0.8530229 0.02240055
vn 0.5006561 0.865627 -0.003051817
vn 0.4914395 0.87051 -0.02587968
vn 0.4200568 0.9041414 0.077578
vn 0.3735771 0.9262062 -0.05029445
vn 0.4695883 0.881344 -0.05154573
vn 0.4651936 0.8843959 -0.03735464
vn 0.4538102 0.8910794 -0.002533018
vn 0.4354686 0.8996552 0.0303964
vn 0.4157842 0.9052705 0.0869472
vn 0.4002197 0.9108249 0.1008636
vn 0.4005249 0.9118931 0.0894497
vn 0.3958556 0.9155553 0.07089447
vn 0.4114505 0.9096958 0.05569624
vn 0.984344 0.1143528 -0.1339152
vn 0.9139073 0.3996704 -0.07071137
vn 0.9143956 0.4025086 -0.0426343
vn 0.6994537 0.7138279 0.03445535
vn 0.7046114 0.7079684 0.04754781
vn 0.9630726 0.118839 -0.2414319
vn 0.8967559 0.4156926 -0.151677
vn 0.6861476 0.7274392 0.003601133
vn 0.922483 0.1087679 -0.3703726
vn 0.8774377 0.4115116 -0.2463759
vn 0.6688742 0.7425459 -0.03430277
vn 0.8937346 0.127781 -0.4299448
vn 0.8523514 0.4409925 -0.281045
vn 0.6386303 0.7687003 -0.03451639
vn 0.9234901 0.1209143 -0.3639943
vn 0.8835719 0.4193243 -0.2083498
vn 0.6432996 0.7653127 0.02026426
vn 0.9023713 0.4309213 -0.000457778
vn 0.5264748 0.3895688 0.7556383
vn 0.564745 0.1122471 0.8175604
vn 0.6547441 0.1123996 0.7474288
vn 0.4069338 0.707419 0.5778375
vn 0.5982238 0.3865475 0.7019257
vn 0.4472793 0.7038484 0.5518052
vn 0.834376 0.1211279 0.5376751
vn 0.7426069 0.3944517 0.5411847
vn 0.9085055 0.1257668 0.3984192
vn 0.8647115 0.4140751 0.2841883
vn 0.967803 0.1309549 0.2148503
vn 0.9902036 0.1239967 0.0640583
vn 0.981048 0.1371807 -0.1367229
vn 0.5339518 0.7109897 0.457564
vn 0.6085391 0.7292398 0.3128452
vn 0.6441847 0.7506027 0.1467635
vn 0.71218 0.7004914 -0.04553359
vn 0.45085 0.6679891 0.5920286
vn 0.5154882 0.6240425 0.5871762
vn 0.6783959 0.1011078 0.7276834
vn 0.6494033 0.1041902 0.7532274
vn 0.6176031 0.3378399 0.7101963
vn 0.5954161 0.1143528 0.7952208
vn 0.557329 0.364452 0.7459945
vn 0.6132389 0.597644 0.5164342
vn 0.5623036 0.6099734 0.5583056
vn 0.7039399 0.09805595 0.7034211
vn 0.6688131 0.3298135 0.6662191
vn 0.7235328 0.3230079 0.610004
vn 0.657796 0.6004517 0.4546648
vn 0.6873989 0.6096377 0.3946959
vn 0.9122898 0.09628587 0.3980224
vn 0.8963592 0.0991851 0.43202
vn 0.8496048 0.3339335 0.4082156
vn 0.8644368 0.09866631 0.4929044
vn 0.8189032 0.3305155 0.4691305
vn 0.8183233 0.09628587 0.5665761
vn 0.7780694 0.3249 0.5375835
vn 0.7908567 0.09735405 0.6041749
vn 0.7616199 0.09561449 0.6408887
vn 0.7101963 0.6154057 0.3418378
vn 0.7267678 0.6278573 0.2784814
vn 0.7390972 0.6418653 0.2041993
vn 0.9300516 0.09945982 0.3536485
vn 0.8781091 0.3416242 0.3348796
vn 0.9032868 0.3500168 0.2480849
vn 0.7412641 0.6566362 0.1390423
vn 0.7421186 0.6649067 0.08429211
vn 0.7309183 0.6820887 0.02197331
vn 0.9176 0.3589282 0.17069
vn 0.9254738 0.3642384 0.103885
vn 0.9263588 0.3757134 0.02581864
vn 0.9929807 0.1152073 -0.02621537
vn 0.9935606 0.1102939 0.02539139
vn 0.9882809 0.1060213 0.109653
vn 0.9777215 0.1054719 0.1813409
vn 0.9707328 0.1044038 0.2162236
vn 0.959563 0.1026337 0.2620319
vn 0.9899899 0.1264382 -0.06244087
vn 0.9198584 0.3871578 -0.06274604
vn 0.9919126 0.1091036 -0.06442457
vn 0.9182714 0.3896603 -0.0700705
vn 0.701529 0.7097079 -0.06433302
vn 0.9171423 0.3877682 0.09176915
vn 0.4241157 0.4485 0.7867062
vn 0.3285318 0.1222876 0.9365215
vn 0.4860073 0.1192969 0.8657491
vn 0.4496902 0.7867977 0.4226508
vn 0.5585498 0.4392224 0.7036042
vn 0.5188147 0.769982 0.3714103
vn 0.6073184 0.1343424 0.7829829
vn 0.7293008 0.4200873 0.5399945
vn 0.707419 0.1349528 0.6937468
vn 0.896176 0.1061434 0.4307993
vn 0.8576617 0.4020814 0.3204444
vn 0.9503159 0.1086459 0.2916043
vn 0.9830012 0.1155431 0.1426129
vn 0.6085696 0.745201 0.2724997
vn 0.6729027 0.7245094 0.149205
vn 0.7040315 0.7099215 0.01776176
vn 0.30018 0.133549 0.9444563
vn 0.3937498 0.4625691 0.7943053
vn 0.4317454 0.7942137 0.4275033
vn 0.3682363 0.1275063 0.9209266
vn 0.4318369 0.4447767 0.7846309
vn 0.4543595 0.7844478 0.4221015
vn 0.6394238 0.1230811 0.7589038
vn 0.6162298 0.1256142 0.777459
vn 0.6274605 0.4365367 0.644734
vn 0.6439711 0.1413312 0.751854
vn 0.6659444 0.226783 0.710654
vn 0.6176031 0.4751427 0.6266976
vn 0.5570238 0.6317026 0.5391095
vn 0.5508286 0.7610096 0.3426618
vn 0.5438093 0.6406446 0.5420088
vn 0.5041353 0.7724235 0.3861812
vn 0.5114292 0.7741935 0.3728752
vn 0.5511032 0.4492935 0.7031159
vn 0.5214698 0.1387981 0.8418836
vn 0.1418195 0.9584949 0.2472609
vn 0.3458663 0.8454543 0.4068728
vn 0.4969329 0.6649678 0.5575121
vn 0.5275124 0.5570238 0.6414075
vn 0.5936461 0.3707999 0.7141637
vn 0.6620991 0.2105777 0.7191992
vn 0.2027649 0.9092685 0.3634144
vn 0.351085 0.7710196 0.5312662
vn 0.4701681 0.6873379 0.5536057
vn 0.2657247 0.8379467 0.4766381
vn 0.7941832 0.1001007 0.599353
vn 0.7285684 0.1146275 0.6752831
vn 0.6487625 0.3717765 0.6639607
vn 0.230018 0.8647115 0.4464552
vn 0.184759 0.8817102 0.4340342
vn 0.4094058 0.6697287 0.6195257
vn 0.5813471 0.3707694 0.7242348
vn 0.6544694 0.1087985 0.7481918
vn 0.4522538 0.6726279 0.5856502
vn 0.1967223 0.8790552 0.4342173
vn 0.8302561 0.09991759 0.5483261
vn 0.7421186 0.3594165 0.5656911
vn 0.5193945 0.6580401 0.5451216
vn 0.9037752 0.1081271 0.4140446
vn 0.8007447 0.3781243 0.4645528
vn 0.5605335 0.6667073 0.4911954
vn 0.2424085 0.8603473 0.4482558
vn 0.9548021 0.09067046 0.2829982
vn 0.8583025 0.3464766 0.3784295
vn 0.6095462 0.643025 0.4635761
vn 0.2569963 0.7968688 0.5467086
vn 0.6063112 0.6228218 0.4943999
vn 0.8620563 0.3514817 0.3650624
vn 0.2327342 0.7160253 0.6581012
vn 0.2101199 0.6047853 0.7681509
vn 0.1783807 0.3341166 0.9254738
vn 0.1919004 0.4770043 0.8576617
vn 0.1704154 0.1821345 0.9683828
vn 0.1697744 0.06335639 0.9834285
vn 0.5880612 0.5617542 0.5818659
vn 0.5716117 0.4766686 0.667806
vn 0.5584277 0.377575 0.738609
vn 0.5488449 0.2673116 0.7919858
vn 0.5434431 0.1489914 0.826075
vn 0.5448164 0.05667287 0.8366039
vn 0.8523514 0.3192541 0.4141667
vn 0.8439894 0.2725303 0.4619281
vn 0.8372753 0.2179632 0.5013886
vn 0.8325144 0.1571398 0.5311747
vn 0.8298898 0.09176915 0.5502793
vn 0.8319041 0.04071164 0.5533921
vn 0.9682303 0.1052888 0.2266609
vn 0.9658192 0.09738457 0.2399975
vn 0.963805 0.08505505 0.2526322
vn 0.9621571 0.07065033 0.2631
vn 0.9609974 0.05462813 0.2710044
vn 0.960387 0.03735464 0.2760399
vn 0.9610279 0.02386546 0.275399
vn 0.4709006 0.1000702 0.8764611
vn 0.527604 0.1300088 0.8394421
vn 0.5460982 0.02722251 0.8372448
vn 0.9621266 0.02105772 0.2717063
vn 0.9094516 0.1510971 0.3872799
vn 0.8348338 0.02752768 0.5497909
vn 0.8315684 0.151799 0.534196
vn 0.6101565 0.1570788 0.776513
vn 0.7291177 0.1550035 0.6665548
vn 0.7841731 0.1491134 0.6023438
vn -0.113773 0.01965391 0.993286
vn -0.1635792 0.04266482 0.9855953
vn 0.1714529 0.02270573 0.9849238
vn -0.006897151 -0.000457778 0.9999695
vn 0.1554918 0.001861572 0.9878231
vn 0.2139042 0.05618453 0.975219
vn 0.3185522 0.1068148 0.9418622
vn 0.3745842 0.02136296 0.9269387
vn 0.9475387 0.02716147 0.3184607
vn 0.6855373 0.02691727 0.7275002
vn 0.9997559 0.02099668 -0.00665301
vn 0.6617023 0.02227848 0.7494125
vn 0.9996643 0.02267521 0.01242101
vn 0.8712119 0.02316349 0.4903409
vn 0.9333781 0.01986753 -0.3582873
vn 0.9204688 0.09329503 0.3794366
vn 0.9313029 0.06219667 0.3588366
vn 0.9366436 0.03933835 0.3480331
vn 0.3455001 0.9293192 -0.130253
vn 0.5764641 0.753502 -0.3160192
vn 0.7497177 0.6588946 -0.06106752
vn 0.6655172 0.6351512 -0.3919187
vn 0.7747429 0.4416639 -0.4523758
vn 0.8984649 0.3928343 -0.1959899
vn 0.8305612 0.2215033 -0.5109409
vn 0.9483322 0.1882992 -0.2552568
vn 0.9894406 0.1072115 0.09747612
vn 0.9685354 0.2094485 0.134373
vn 0.9133275 0.3483993 0.2106997
vn 0.09845268 0.9919431 -0.07934808
vn 0.3822138 0.8712119 -0.3079928
vn 0.668691 0.5121311 -0.5390179
vn 0.5763115 0.5187231 -0.6314585
vn 0.3242897 0.8770409 -0.3543809
vn 0.08099609 0.9927976 -0.08804589
vn 0.3738212 0.5233619 -0.7656789
vn 0.2076174 0.8809168 -0.4252449
vn 0.05056911 0.9933165 -0.1036103
vn 0.1728568 0.5148168 -0.8396558
vn 0.09710985 0.8741112 -0.4758751
vn 0.02414011 0.9924314 -0.1203039
vn 0.1917478 0.647145 -0.7378155
vn 0.2322763 0.4988555 -0.8349559
vn 0.2022767 0.5101474 -0.8359325
vn 0.2461928 0.3469039 -0.9049959
vn 0.1158177 0.8664205 -0.485641
vn 0.09726244 0.9305093 -0.3530381
vn 0.127842 0.8561052 -0.5006867
vn 0.02722251 0.991699 -0.1254921
vn 0.01287877 0.9987487 -0.0477004
vn 0.05978572 0.9729606 -0.2229987
vn 0.0178228 0.9914243 -0.129368
vn 0.06781208 0.8675802 -0.4926298
vn 0.1173742 0.508652 -0.8529008
vn 0.1615955 0.5076449 -0.8462477
vn 0.02471995 0.9912717 -0.1294595
vn 0.09360027 0.8665426 -0.4902188
vn -0.03802603 0.9913328 0.1256447
vn -0.04446542 0.9913633 0.1233253
vn -0.04834127 0.9915159 0.1206091
vn 0.0927152 0.9943541 0.05111849
vn -0.01168859 0.996643 0.08072143
vn -0.02221745 0.9912412 0.1299478
vn -0.03064054 0.9912717 0.1280556
vn 0.04947048 0.9870601 0.1523789
vn -0.04617446 0.9918211 0.1187475
vn 0.4537797 0.8653829 0.2125309
vn 0.6566973 0.4565569 0.6002075
vn 0.4723045 0.712241 0.5192114
vn 0.3962829 0.8679464 0.299295
vn 0.4588458 0.854854 0.2421948
vn 0.1001312 0.9329509 0.3457442
vn 0.4762108 0.3689688 0.7981201
vn 0.4860378 0.5039522 0.71395
vn 0.5792108 0.4562822 0.6754662
vn 0.4792321 0.5756402 0.6625263
vn 0.5542772 0.6211737 0.553972
vn 0.3057649 0.2405469 0.9212012
vn 0.4027833 0.3152562 0.8592486
vn 0.231727 0.1456953 0.9617908
vn 0.09247106 0.1737113 0.9804376
vn 0.02850425 0.115421 0.9928892
vn -0.1590014 0.159154 0.974334
vn -0.09823906 0.05529952 0.9936217
vn 0.7175817 0.5070956 0.4773705
vn 0.1660512 0.8724021 0.4596393
vn 0.7876827 0.5180517 0.3333231
vn 0.1055635 0.7889645 0.6052736
vn -0.2768945 0.1455733 0.949797
vn -0.3101902 0.1404461 0.9402142
vn -0.2364268 0.4995575 0.833369
vn 0.2879116 0.613361 0.7354046
vn -0.2255928 0.01745659 0.9740593
vn -0.1581774 0.03393656 0.986816
vn 0.1066622 0.2396313 0.9649648
vn 0.2792139 0.3962523 0.87463
vn -0.2080141 0.1051362 0.9724418
vn -0.009124994 0.3323466 0.943083
vn -0.1886044 0.07708972 0.9790033
vn 0.004730343 0.1980041 0.980163
vn -0.1822565 0.06198304 0.9812616
vn -0.07623523 0.1177709 0.9900815
vn -0.196234 0.04190188 0.9796442
vn -0.2079836 0.02984708 0.9776605
vn -0.2243415 0.02343821 0.9742119
vn -0.2289193 0.02111876 0.9732047
vn -0.2276681 0.01892143 0.9735404
vn -0.1108737 0.4384899 0.8918424
vn -0.248268 0.1232337 0.9608142
vn -0.08377331 0.8643758 0.4957427
vn -0.1468245 0.2466201 0.957915
vn -0.1496322 0.3892636 0.9088717
vn -0.1487167 0.5080416 0.848384
vn -0.05810719 0.943144 0.3272194
vn -0.07724231 0.8780786 0.4721824
vn -0.08536022 0.8670004 0.4908902
vn -0.09204381 0.7809992 0.6176946
vn -0.1451765 0.5232399 0.8396863
vn -0.1546373 0.06787312 0.9856258
vn -0.3115024 0.5115208 0.8008057
vn -0.1785027 0.8703574 0.4588763
vn -0.3585314 0.144383 0.9222694
vn -0.2920316 0.5082553 0.8101444
vn -0.3682363 0.144383 0.918424
vn -0.3202307 0.5092624 0.7987915
vn -0.3773308 0.1452376 0.9145787
vn -0.3582262 0.1472823 0.9219337
vn -0.2004761 0.5077365 0.8378247
vn -0.1984618 0.1456648 0.9692068
vn -0.1693472 0.1413617 0.975341
vn -0.336314 0.1453596 0.9304483
vn -0.2858363 0.1449629 0.9472335
vn -0.2496414 0.5080721 0.8243049
vn -0.2610248 0.1438947 0.9545274
vn -0.2311777 0.1452376 0.961974
vn -0.184637 0.86816 0.4606159
vn -0.1688894 0.8671529 0.4684897
vn -0.1444135 0.8670004 0.4769127
vn -0.1160924 0.8666341 0.4852138
vn -0.1470077 0.01983702 0.9889218
vn -0.2252571 0.01989805 0.9740898
vn -0.02978605 0.4550615 0.8899198
vn -0.3574023 0.02087461 0.9336833
vn -0.2925199 0.0190435 0.9560533
vn -0.2229354 0.02339428 0.9745525
vn -0.2229354 0.02339428 0.9745525
vn -0.2229354 0.02339428 0.9745525
vn -0.3622547 0.01364177 0.9319437
vn -0.3631398 0.01815849 0.9315165
vn -0.2715232 0.01333653 0.9623097
vn -0.318186 0.01318395 0.9479049
vn -0.3621631 0.0134586 0.9320048
vn -0.1689199 0.01406902 0.9855037
vn -0.221839 0.01486247 0.9749443
vn -0.5120396 0.149205 0.8458815
vn -0.4026307 -0.000183111 0.9153417
vn -0.3665578 0.02380442 0.9300821
vn -0.2724387 0.07852411 0.9589526
vn -0.06131166 0.01690721 0.9979553
vn -0.208655 0.2513809 0.9450972
vn -0.03656113 0.4385204 0.8979461
vn -0.5790582 0.1049531 0.8084964
vn -0.6845301 0.03729361 0.7279886
vn -0.6829127 -0.000488296 0.7304605
vn -0.9055452 0.04199343 0.4221015
vn -0.886227 0.008819818 0.4631489
vn -0.8210394 0.1234474 0.557329
vn -0.7611622 0.08352911 0.6431165
vn -0.9926145 0.03402811 0.116306
vn -0.8951994 0.4370556 0.0869472
vn -0.9627979 0.1336711 0.2347789
vn -0.9279153 0.04394662 0.3700979
vn -0.8870815 0.08673357 0.453383
vn -0.9476608 -0.03540146 0.3172094
vn -0.9353923 -0.2304757 0.2681051
vn -0.9942625 0.04397714 0.09726244
vn -0.5906857 -0.04437386 0.8056581
vn -0.6865139 0.08883935 0.7216407
vn -0.7816401 -0.0806604 0.6184576
vn -0.8118229 -0.1329386 0.5685293
vn -0.5147252 -0.1072725 0.8506119
vn -0.4092532 0.06436353 0.910123
vn -0.09512615 0.6829432 0.7242348
vn -0.08294928 0.4474014 0.8904386
vn -0.1911679 -0.1211889 0.9740288
vn -0.3175451 0.01477092 0.9481185
vn -0.1662954 0.9857784 0.02401804
vn -0.0390942 0.9992066 0
vn -0.638081 0.3028352 0.7078768
vn -0.3899655 0.1839045 0.9022492
vn -0.9364604 0.3459273 -0.05780202
vn -0.2684713 0.5941038 0.7582324
vn -0.3521531 0.9350566 0.04028439
vn -0.4095889 0.5937071 0.6926176
vn -0.5542162 0.8323313 0.007019221
vn -0.5056002 0.3892331 0.7699515
vn -0.7648549 0.6413159 0.06045717
vn -0.8995636 0.4324167 -0.06118959
vn -0.008911371 0.05102694 0.9986267
vn 0 0.01742607 0.9998474
vn -0.002685606 0.08249151 0.9965819
vn 0 0.01742607 0.9998474
vn 0 0.01742607 0.9998474
vn 0 0.01742607 0.9998474
vn 0 0.01742607 0.9998474
vn 0 0.01742607 0.9998474
vn 0 0.01745659 0.9998474
vn 0 0.01745659 0.9998474
vn 0.2715537 0.2254402 0.9356365
vn 0.003906369 0.2206488 0.975341
vn -0.05935847 0.3294473 0.9422895
vn -0.08597064 0.4210638 0.9029206
vn -0.1396832 0.7003998 0.6999115
vn -0.08233892 0.6104313 0.7877438
vn -0.0333262 0.519364 0.8538774
vn -0.09057891 0.9462569 0.3104038
vn -0.1788384 0.8912931 0.4166082
vn -0.109592 0.8393506 0.5323649
vn -0.06637775 0.7831355 0.6182745
vn -0.1020234 0.9673757 0.2318186
vn -0.1697439 0.9781183 0.1201819
vn -0.2402111 0.9688711 -0.05935847
vn -0.297586 0.9518418 -0.07333594
vn -0.4091922 0.9071932 -0.09753715
vn -0.1388592 0.9894101 -0.04196292
vn -0.2125003 0.9756768 -0.05349892
vn -0.1532334 0.9879452 -0.02111876
vn -0.2453993 0.9635609 -0.1062349
vn -0.2103641 0.9748833 -0.07281714
vn -0.1364787 0.9886166 -0.06295967
vn -0.06277656 0.996643 -0.05243074
vn -0.9030122 0.396527 -0.1651967
vn -0.8501236 0.4953459 -0.1785638
vn -0.9979553 0.06241035 -0.0134586
vn -0.9994507 0.02691727 0.01770073
vn -0.9980468 0.06170839 0.009002923
vn -0.993347 0.1145054 0.01019316
vn -0.9937437 0.1100497 -0.01815849
vn -0.6970428 0.7153844 0.04800558
vn -0.5993835 0.7987304 0.05209505
vn -0.6287423 0.7775201 0.01098662
vn -0.5430769 0.8395032 0.01544231
vn -0.929075 0.363567 0.06796467
vn -0.9045991 0.4203314 0.07061982
vn -0.9219031 0.3823053 0.06244087
vn -0.7630543 0.6390576 0.09637743
vn -0.7111728 0.6970428 0.09112823
vn -0.746971 0.6591387 0.08658099
vn -0.4588458 0.8821986 0.105533
vn -0.4107791 0.9053011 0.1079134
vn -0.4548479 0.8859829 0.08993804
vn -0.3663136 0.9250466 0.1002838
vn -0.3336894 0.937315 0.1003448
vn -0.3101291 0.9469588 0.08377331
vn -0.0376293 0.9973449 0.06222718
vn -0.01535075 0.9996338 0.02148503
vn -0.9985046 0.04858541 0.02484202
vn -0.7456588 0.6492813 0.1495712
vn -0.8357189 0.5405439 0.0966826
vn -0.8143864 0.5666067 0.1251564
vn -0.7932981 0.562273 0.2334055
vn -0.777459 0.5638905 0.2784509
vn -0.01913505 0.999115 0.03720206
vn -0.02059996 0.9986267 0.04754781
vn -0.1058382 0.9917905 0.07171845
vn -0.1824396 0.9810785 0.06460767
vn -0.1619617 0.9838863 0.0755943
vn -0.1869869 0.9792779 0.07748645
vn -0.1436811 0.9861446 0.08255255
vn -0.1343424 0.9871212 0.08673357
vn -0.1452681 0.9850154 0.09274572
vn -0.2886746 0.9526353 0.09540086
vn -0.2258064 0.9700309 0.08957183
vn -0.1982482 0.9768975 0.07968378
vn -0.6075625 0.7884152 0.09601122
vn -0.679342 0.7292093 0.08200323
vn -0.599353 0.7960754 0.08371227
vn -0.5767998 0.8150883 0.05371254
vn -0.8548235 0.5138096 0.07235938
vn -0.8644673 0.4940642 0.09256261
vn -0.828486 0.5536363 0.08401745
vn -0.8921171 0.4481643 0.05713063
vn -0.9539781 0.2946257 0.05542159
vn -0.961333 0.2715537 0.04559463
vn -0.9657582 0.2518388 0.06204408
vn -0.9805902 0.1909543 0.04403817
vn -0.9910275 0.1283913 0.03628647
vn -0.9889828 0.1395916 0.04861593
vn -0.9883725 0.1504257 0.02121031
vn -0.9775384 0.2034364 0.05417031
vn -0.9769585 0.2130802 0.01211583
vn -0.8431654 0.3702505 0.3897824
vn -0.8742943 0.3026216 0.3794671
vn -0.9973449 0.06698811 0.02746665
vn -0.8463698 0.4403516 0.2995392
vn -0.8516495 0.4101383 0.3262124
vn -0.9987792 0.04293954 0.02316349
vn -0.8973662 0.3445845 0.2755821
vn -0.8431654 0.37022 0.3898129
vn -0.9039888 0.222602 0.3649709
vn -0.9230934 0.1679128 0.3458968
vn -0.9486679 0.1172521 0.2936796
vn -0.0884121 0.9946593 0.05298012
vn -0.3064364 0.9515671 0.02441477
vn -0.4391003 0.8982208 0.01953184
vn -0.4520707 0.8900724 0.05780202
vn -0.08798485 0.9955443 0.03357034
vn -0.1842097 0.9824519 0.02890098
vn -0.1832026 0.9813837 0.05703908
vn -0.3027741 0.9512314 0.05887019
vn -0.9992066 0.02902305 -0.0266121
vn -0.9985046 0.04846334 -0.02438426
vn -0.9925535 0.1129795 -0.04544204
vn -0.9866329 0.1619312 -0.01721239
vn -0.985229 0.1705069 0.0140385
vn -0.9718009 0.2353282 -0.01385539
vn -0.968688 0.2473525 0.0199896
vn -0.9407026 0.3389996 -0.00991851
vn -0.9350872 0.3532823 0.02783286
vn -0.8803675 0.4742271 -0.00427258
vn -0.8716697 0.4887539 0.03567612
vn -0.7933287 0.6087527 0.002105772
vn -0.7830439 0.6204718 0.04281747
vn -0.7086703 0.7054964 0.006988704
vn -0.607593 0.7901242 0.08059936
vn -0.7604907 0.6450697 0.07397687
vn -0.8669393 0.4949797 0.05798512
vn -0.05609297 0.9982604 0.01730394
vn -0.1152684 0.993286 0.00854516
vn -0.2028565 0.9791864 -0.000640889
vn -0.3246864 0.9457381 -0.01126128
vn -0.4553972 0.8900113 -0.02166813
vn -0.557268 0.8298288 -0.02868735
vn -0.6403089 0.7673574 -0.033845
vn -0.7175817 0.6953948 -0.03830069
vn -0.7991882 0.5995666 -0.04242068
vn -0.8826869 0.4676656 -0.04605239
vn -0.9407331 0.3357647 -0.04748678
vn -0.9739372 0.2214118 -0.04886013
vn -0.924131 0.3607593 -0.1256752
vn -0.8793908 0.4676351 -0.08908349
vn -0.8000733 0.5930357 -0.09030425
vn -0.7874081 0.6013672 -0.1353801
vn -0.9673147 0.2411878 -0.07797479
vn -0.9355449 0.3424787 -0.08612322
vn -0.8696249 0.4752953 -0.1334879
vn -0.7791986 0.5991394 -0.1839656
vn -0.9569994 0.2659078 -0.1157262
vn -0.9396954 0.3096713 -0.1450545
vn -0.956267 0.252327 -0.1478927
vn -0.977691 0.1650136 -0.1298562
vn -0.9888607 0.08163696 -0.1243324
vn -0.9914854 0.04934841 -0.1204565
vn -0.9662771 0.2244026 -0.1261025
vn -0.9761345 0.1893063 -0.1062349
vn -0.9823298 0.1731925 -0.07074189
vn -0.9922788 0.04123049 -0.1168859
vn -0.9912717 0.06900233 -0.1122165
vn -0.9816584 0.1495102 -0.1180456
vn -0.9884335 0.115482 -0.09814751
vn -0.9938048 0.02243107 -0.1087069
vn -0.992523 0.06381416 -0.1039766
vn -0.9935301 0.06796467 -0.09082305
vn -0.9923399 0.1000397 -0.07208472
vn -0.32902 0.9356365 -0.1275979
vn -0.418836 0.894406 -0.1567431
vn -0.06357002 0.9946898 -0.08078247
vn -0.5115818 0.8396863 -0.182165
vn -0.5990478 0.7754143 -0.1995605
vn -0.6944182 0.689108 -0.2070986
vn -0.6825464 0.7138279 -0.1567431
vn -0.6837977 0.7070528 -0.1802423
vn -0.5572985 0.8178656 -0.1431013
vn -0.5794855 0.7980285 -0.1652272
vn -0.4398938 0.889584 -0.1229285
vn -0.4743187 0.8686789 -0.1427655
vn -0.3353679 0.9368267 -0.09933775
vn -0.3762016 0.9190955 -0.1169469
vn -0.215247 0.9731132 -0.08163696
vn -0.2831813 0.9545885 -0.09237951
vn -0.03537094 0.9993591 0.004089474
vn -0.07055878 0.9971618 -0.02508616
vn -0.0889309 0.9960021 -0.00653094
vn -0.1235389 0.9919431 -0.02734458
vn -0.3819086 0.9212318 -0.07358008
vn -0.5374004 0.8351696 -0.1168859
vn -0.5165258 0.8509476 -0.09494304
vn -0.6691184 0.7316813 -0.1298562
vn -0.6689352 0.7350993 -0.1100497
vn -0.2405774 0.9699698 -0.03518784
vn -0.3587145 0.9320353 -0.05072176
vn -0.7279275 0.6802271 -0.08578753
vn -0.6542558 0.7524644 -0.0755943
vn -0.5783563 0.8126774 -0.07065033
vn -0.4814295 0.8742333 -0.06247138
vn -0.9962157 0.05288857 -0.0686056
vn -0.9969481 0.06454664 -0.043733
vn -0.9976196 0.06503492 -0.02276676
vn -0.03051847 0.9981994 0.05127108
vn -0.04000973 0.9956359 0.08429211
vn -0.07925653 0.9794915 0.1851558
vn -0.09707933 0.9306619 0.3526414
vn -0.1808527 0.9026154 0.3905759
vn -0.2865993 0.8666036 0.4084292
vn -0.4989776 0.5208289 0.6926176
vn -0.5432905 0.4860988 0.6844691
vn -0.6133305 0.2096011 0.7614673
vn -0.5817744 0.3898129 0.7137974
vn -0.5460067 0.3952757 0.7386395
vn -0.586993 0.1363567 0.797998
vn -0.5254372 0.2298349 0.8191778
vn -0.5148168 0.3195288 0.7954955
vn -0.3271584 0.8042238 0.4961089
vn -0.2179937 0.7302774 0.6473891
vn -0.3910337 0.5988953 0.6988434
vn -0.7253944 0.03360086 -0.68746
vn -0.7335124 0.03540146 -0.6787317
vn -0.9954833 0.05105745 0.07965326
vn -0.9955138 0.05471968 0.07681506
vn -0.9923093 0.1011688 0.07089447
vn -0.7152928 0.07458722 -0.6947844
vn -0.985992 0.1547594 0.06192201
vn -0.7199012 0.1102634 -0.6852321
vn -0.9779046 0.2014527 0.05569624
vn -0.7012543 0.1419721 -0.6985992
vn -0.9656056 0.2551347 0.04995876
vn -0.688467 0.1864681 -0.7008271
vn -0.6925871 0.2196112 -0.6870632
vn -0.9562365 0.287698 0.05288857
vn -0.6672567 0.2534562 -0.7003388
vn -0.9336833 0.3548082 0.04809713
vn -0.9194312 0.3904233 0.04681539
vn -0.6646321 0.2881863 -0.6893216
vn -0.898587 0.4359264 0.049501
vn -0.6394848 0.3175451 -0.7001251
vn -0.8753624 0.4807581 0.05093538
vn -0.6336558 0.3539842 -0.6878567
vn -0.8498184 0.5242469 0.05423134
vn -0.6135441 0.3733329 -0.6957915
vn -0.8241218 0.5640736 0.05111849
vn -0.606708 0.3949095 -0.6898404
vn -0.5919065 0.4083682 -0.694876
vn -0.7984863 0.5990173 0.05945003
vn -0.5823237 0.4398938 -0.6836146
vn -0.7781304 0.6250191 0.0617389
vn -0.5528123 0.4584795 -0.6957915
vn -0.7531358 0.6547746 0.06338691
vn -0.5355693 0.4954985 -0.6837977
vn -0.7286599 0.6819056 0.06317329
vn -0.5049593 0.5122837 -0.6946318
vn -0.6915189 0.7192297 0.066805
vn -0.4838099 0.5482956 -0.6820887
vn -0.6555071 0.7521287 0.06769001
vn -0.4624775 0.5571764 -0.6896268
vn -0.6168707 0.7841426 0.06723225
vn -0.4247261 0.587756 -0.6885281
vn -0.5732291 0.816126 0.07293921
vn -0.4101993 0.6093021 -0.6785485
vn -0.5483566 0.8327586 0.07596057
vn -0.3711661 0.6205939 -0.6906949
vn -0.4870754 0.8698691 0.07770007
vn -0.4603106 0.8843044 0.07788324
vn -0.3438521 0.6470839 -0.6804407
vn -0.41142 0.9079562 0.07919549
vn -0.308359 0.6523637 -0.6923124
vn -0.3681753 0.9262673 0.08001953
vn -0.2764061 0.6795251 -0.6795557
vn -0.3179419 0.9446395 0.08090454
vn -0.2496719 0.6799829 -0.6893826
vn -0.2742698 0.9584643 0.07806634
vn -0.2058168 0.6943572 -0.6895657
vn -0.1852778 0.7111423 -0.6781518
vn -0.238258 0.967803 0.0808435
vn -0.1440778 0.7115085 -0.6877041
vn -0.03665268 0.7371135 -0.6747337
vn -0.04690694 0.9949339 0.08883935
vn -0.07412946 0.7217018 -0.6881924
vn -0.09292882 0.9918211 0.08728289
vn -0.10889 0.7283853 -0.6764428
vn -0.1422467 0.9860225 0.08667254
vn -0.1730704 0.9812616 0.0844447
vn -0.001647949 0.7271645 -0.6864223
vn 0.000885037 0.9962462 0.08630633
vn 0.001892089 0.9961852 0.08700823
vn 0.7043977 0.2182073 -0.6754052
vn 0.719657 0.195532 -0.6662191
vn 0.9501633 0.2889798 0.1168859
vn 0.9607227 0.2483291 0.1236
vn 0.9725028 0.2052064 0.1099582
vn 0.7147435 0.1473433 -0.6836757
vn 0.9824519 0.1623279 0.09158605
vn 0.7302774 0.1153294 -0.6732994
vn 0.9892575 0.1155431 0.08914452
vn 0.7230445 0.07150483 -0.6870632
vn 0.9945067 0.06286811 0.08352911
vn 0.7359844 0.03885 -0.6758629
vn 0.9953612 0.03885 0.0878933
vn 0.5895871 0.5861385 -0.5556505
vn 0.6782739 0.7322611 0.06045717
vn 0.6942961 0.2644429 -0.6693015
vn 0.9309672 0.3384197 0.1367229
vn 0.6946929 0.3004853 -0.6534929
vn 0.9128696 0.3794671 0.1503646
vn 0.6741844 0.3295693 -0.6609088
vn 0.8884243 0.4283578 0.1647999
vn 0.6680502 0.3743095 -0.643086
vn 0.8654439 0.4684591 0.1775566
vn 0.647969 0.3991821 -0.6486709
vn 0.8476821 0.4967803 0.1859493
vn 0.8080691 0.5542162 0.1995605
vn 0.6356395 0.4459059 -0.6301462
vn 0.7928404 0.574633 0.2029175
vn 0.6192511 0.4588763 -0.6371044
vn 0.7556078 0.6203193 0.210242
vn 0.5963927 0.4924772 -0.6337779
vn 0.5863826 0.5152745 -0.6249886
vn 0.7277444 0.6507157 0.2165898
vn 0.5555589 0.534959 -0.6364941
vn 0.6897488 0.6905118 0.2176885
vn 0.5359355 0.5689871 -0.6236763
vn 0.6584063 0.7203894 0.2179937
vn 0.5001679 0.5856807 -0.6377758
vn 0.6284677 0.7483139 0.2121036
vn 0.478988 0.6146733 -0.6266366
vn 0.6017335 0.7693411 0.214423
vn 0.5818049 0.787286 0.2040773
vn 0.4467604 0.6237068 -0.6413465
vn 0.5482956 0.8155767 0.1847895
vn 0.4347361 0.6353954 -0.6381421
vn 0.4128849 0.6431165 -0.6448866
vn 0.5102695 0.8410596 0.1793267
vn 0.3888058 0.6610004 -0.6417738
vn 0.466628 0.8691061 0.1638538
vn 0.3527939 0.6653341 -0.6578875
vn 0.4249397 0.8920866 0.1535386
vn 0.3178197 0.688467 -0.6518754
vn 0.3780938 0.9155248 0.1370586
vn 0.2795495 0.6887418 -0.6689047
vn 0.05105745 0.9949644 0.08597064
vn 0.3404645 0.9302042 0.1369976
vn 0.2846767 0.9497055 0.1301919
vn 0.245796 0.7092502 -0.6606952
vn 0.2503433 0.9614856 0.1132847
vn 0.2065187 0.7061068 -0.6772668
vn 0.1998657 0.974456 0.102298
vn 0.1741997 0.7220985 -0.6694846
vn 0.1505172 0.9840388 0.09488201
vn 0.137791 0.7166051 -0.6837062
vn 0.1008942 0.9906613 0.09137237
vn 0.1017487 0.732078 -0.6735435
vn 0.06649982 0.7233192 -0.6872768
vn -0.1956236 -0.6467788 -0.7371135
vn -0.1727042 -0.6440932 -0.74514
vn -0.1816156 -0.6396069 -0.74691
vn -0.1557664 -0.6410108 -0.7515183
vn -0.1366924 -0.6661885 -0.7331156
vn -0.1324808 -0.6576434 -0.7415693
vn -0.1048921 -0.6613056 -0.742729
vn -0.1113315 -0.6538286 -0.7483749
vn -0.06781208 -0.6826075 -0.7275918
vn -0.0851466 -0.6710715 -0.7364727
vn -0.0368663 -0.6725669 -0.7390972
vn -0.05438393 -0.6614887 -0.7479476
vn 0.001312255 -0.6860256 -0.7275307
vn 0.004119992 -0.6584368 -0.7525864
vn -0.2339549 -0.6295968 -0.7408063
vn -0.2063966 -0.6125981 -0.7629323
vn -0.2494583 -0.6066775 -0.7547532
vn -0.2379223 -0.607532 -0.7578051
vn -0.2858363 -0.5994446 -0.7476119
vn -0.262093 -0.5797601 -0.7714469
vn -0.3049409 -0.569567 -0.7632374
vn -0.2929472 -0.5715202 -0.7664723
vn -0.3329569 -0.5583667 -0.7598193
vn -0.305002 -0.5531785 -0.7752007
vn -0.3436384 -0.5254982 -0.778283
vn -0.3562425 -0.5238502 -0.7737053
vn -0.3619495 -0.5216224 -0.7725761
vn -0.3721427 -0.5204321 -0.7685171
vn -0.3816645 -0.4869228 -0.7856075
vn -0.3979308 -0.4955595 -0.7720267
vn -0.4073305 -0.4770348 -0.7787408
vn -0.4074221 -0.4770043 -0.7787408
vn -0.4347361 -0.4655904 -0.7708365
vn -0.42201 -0.4457533 -0.7894223
vn -0.4486831 -0.4351329 -0.7805719
vn -0.450972 -0.4339122 -0.779931
vn -0.4777367 -0.4216437 -0.770684
vn -0.4615314 -0.4087344 -0.7873165
vn -0.4862819 -0.392407 -0.7807245
vn -0.5216224 -0.3662221 -0.7705619
vn -0.5146947 -0.380047 -0.7685171
vn -0.4893948 -0.3793451 -0.7851802
vn -0.4825282 -0.3968627 -0.7807856
vn -0.6261178 -0.1884518 -0.7565844
vn -0.6453749 -0.1682791 -0.7450789
vn -0.6398816 -0.2044129 -0.7407453
vn -0.6406446 -0.1783807 -0.7467879
vn -0.6022828 -0.2370678 -0.7622303
vn -0.6108585 -0.237495 -0.7552416
vn -0.6023133 -0.2633137 -0.7535325
vn -0.6114078 -0.2606586 -0.7471237
vn -0.5669729 -0.287759 -0.7718131
vn -0.5753655 -0.2912381 -0.7642445
vn -0.5636159 -0.3170263 -0.7627491
vn -0.5739616 -0.3136997 -0.7563707
vn -0.5277871 -0.3367717 -0.7797174
vn -0.5372478 -0.3396405 -0.7719657
vn -0.536729 -0.3574023 -0.764275
vn -0.6647542 -0.1474654 -0.7323222
vn -0.6465651 -0.1297952 -0.7517014
vn -0.6605731 -0.1136509 -0.7420576
vn -0.664388 -0.1037629 -0.7401044
vn -0.6812037 -0.07977539 -0.7277139
vn -0.660329 -0.0643025 -0.7481918
vn -0.6719565 -0.04306161 -0.7393109
vn -0.6736351 -0.03677475 -0.7381207
vn -0.6806238 -0.02691727 -0.7321085
vn -0.3046053 0.8889737 -0.3419294
vn -0.5546129 0.5777764 -0.5988037
vn 0.1919004 -0.646321 -0.7385174
vn 0.1717581 -0.6645711 -0.7271645
vn 0.1254921 -0.6736961 -0.7282327
vn 0.1000092 -0.6694846 -0.7360454
vn 0.06814783 -0.6841334 -0.7261269
vn 0.03320413 -0.675161 -0.7368694
vn 0.2329478 -0.6477859 -0.7253029
vn 0.258034 -0.6280404 -0.7341228
vn 0.2949004 -0.6243477 -0.7233192
vn 0.3195898 -0.5995666 -0.7336955
vn 0.3482772 -0.5950499 -0.7242653
vn 0.3834651 -0.5767693 -0.7212744
vn 0.3934751 -0.55562 -0.7324137
vn 0.4321726 -0.5384381 -0.7233802
vn 0.4505752 -0.5114597 -0.7316813
vn 0.4835658 -0.4975432 -0.7201453
vn 0.5002594 -0.4649495 -0.73043
vn 0.5251625 -0.4523148 -0.7208167
vn 0.5351726 -0.4280221 -0.7282327
vn 0.5561693 -0.4147465 -0.7201453
vn 0.5643788 -0.3834345 -0.7310404
vn 0.6826381 -0.02423167 -0.7303079
vn 0.6803186 -0.03112888 -0.7322306
vn 0.6920987 -0.05935847 -0.7193213
vn 0.6979278 -0.141789 -0.7019562
vn 0.6773278 -0.1466414 -0.7209082
vn 0.6707663 -0.1959288 -0.7152623
vn 0.6588031 -0.2160405 -0.7205725
vn 0.6563006 -0.2412793 -0.7148351
vn 0.6335948 -0.2677084 -0.7258523
vn 0.6305124 -0.3022859 -0.7148656
vn 0.6024048 -0.3298441 -0.7268288
vn 0.5957518 -0.3628956 -0.7164831
vn 0.6559343 -0.1799982 -0.7330241
vn 0.6596271 -0.2119815 -0.7210303
vn 0.03125095 -0.6742454 -0.7378155
vn 0.06402778 -0.6617023 -0.7470015
vn 0.1006805 -0.6692099 -0.736198
vn 0.1289712 -0.654561 -0.7448958
vn 0.1714224 -0.6556597 -0.7353129
vn 0.1851252 -0.641377 -0.7445296
vn 0.2309336 -0.6297189 -0.7416608
vn 0.2569353 -0.6289255 -0.7337566
vn 0.2821436 -0.6050295 -0.744499
vn 0.3185827 -0.6005737 -0.7333292
vn 0.3411054 -0.574633 -0.7439192
vn 0.3770562 -0.5692312 -0.7305826
vn 0.3918576 -0.5460372 -0.7404401
vn 0.4283883 -0.5189368 -0.7396771
vn 0.4515213 -0.5101169 -0.7320475
vn 0.4684591 -0.4793542 -0.7421186
vn 0.501114 -0.4634541 -0.7307962
vn 0.5148778 -0.4318674 -0.7405011
vn 0.5458846 -0.4164861 -0.7269509
vn 0.5559862 -0.385052 -0.7365947
vn 0.5710013 -0.3724784 -0.7315592
vn 0.5774713 -0.3539842 -0.7356487
vn 0.6013062 -0.3340251 -0.7257912
vn 0.6058229 -0.301706 -0.736137
vn 0.6328013 -0.2727744 -0.7246315
vn 0.633839 -0.2402111 -0.7351909
vn 0.6634724 -0.1418195 -0.734611
vn 0.6804407 -0.1174352 -0.7232887
vn 0.652974 -0.06454664 -0.7546007
vn 0.6761681 -0.0582903 -0.7344279
vn 0.6704916 -0.02569657 -0.7414167
vn 0.6714072 -0.0117191 -0.7409589
vn 0.7077853 -0.04080319 -0.7052217
vn 0.6948149 -0.06237983 -0.7164525
vn -0.635609 -0.1680349 -0.7534715
vn -0.6317636 -0.1625111 -0.7578967
vn -0.6286813 -0.2252876 -0.7442854
vn -0.5840327 -0.2681661 -0.7661367
vn -0.5789361 -0.2697836 -0.7694327
vn -0.6706748 -0.03433328 -0.7409284
vn -0.6581012 -0.06445509 -0.750145
vn -0.6699728 -0.1149327 -0.7333903
vn 0.5721305 -0.3983886 -0.7168798
vn -0.5693534 -0.3245949 -0.7552721
vn -0.5155797 -0.3617664 -0.7766961
vn -0.5139012 -0.36198 -0.7777032
vn -0.4965667 -0.417951 -0.7607043
vn -0.3450117 -0.5714896 -0.7445296
vn -0.2724692 -0.5840938 -0.7645497
vn -0.2796411 -0.5875118 -0.7593311
vn -0.2305978 -0.6352733 -0.737022
vn -0.1735892 -0.6357921 -0.7520371
vn 0.2441175 -0.6659749 -0.7048555
vn 0.2955412 -0.6208381 -0.7260659
vn 0.2955412 -0.6208686 -0.7260354
vn 0.3599048 -0.60918 -0.7066256
vn 0.4023255 -0.5593432 -0.7247231
vn 0.4020203 -0.5608386 -0.723716
vn 0.6190985 -0.3648488 -0.6953642
vn 0.6309702 -0.2953581 -0.7173681
vn 0.6311533 -0.2959074 -0.7169713
vn 0.6733909 -0.2454298 -0.6973174
vn 0.6740928 -0.1792962 -0.7165136
vn 0.6744896 -0.1799982 -0.7159643
vn -0.4465163 -0.4427625 -0.7775201
vn -0.4227729 -0.4911038 -0.7615894
vn -0.3638111 -0.5107883 -0.7788934
vn -0.3620411 -0.5252236 -0.7700735
vn 0.000244148 -0.7029939 -0.7111728
vn 0.06186097 -0.6840113 -0.7267983
vn 0.123722 -0.6960967 -0.7071749
vn 0.1803033 -0.6621296 -0.7273476
vn 0.1850337 -0.6632588 -0.7251198
vn 0.4596087 -0.5394757 -0.7054659
vn 0.4937285 -0.4862209 -0.7209388
vn 0.5449385 -0.4599444 -0.7010407
vn 0.5659658 -0.4011963 -0.7201758
vn 0.7036042 -0.1281472 -0.6989044
vn -0.117191 -0.6841334 -0.7198401
vn -0.05584883 -0.6796777 -0.7313455
vn -0.1700491 -0.6436354 -0.7461776
vn -0.9025849 -0.2409436 0.3567003
vn -0.9311808 -0.1961119 0.3072298
vn -0.6074404 -0.2167729 0.7641835
vn -0.9179052 -0.1618091 0.3622242
vn -0.950438 -0.1199072 0.2868435
vn -0.891873 -0.3594775 0.2743614
vn -0.8938261 -0.3504745 0.2796106
vn -0.5374004 -0.4719077 0.6989044
vn -0.8490555 -0.3711661 0.3758354
vn -0.8444471 -0.3787958 0.3786737
vn -0.8641926 -0.4075441 0.2949919
vn -0.5416425 -0.5987427 0.5899838
vn -0.8222297 -0.4756309 0.3125095
vn -0.753502 -0.6343578 0.1724906
vn -0.7933897 -0.5783563 0.1897641
vn -0.2823877 -0.8628498 0.4191412
vn -0.8051698 -0.5255593 0.2746666
vn -0.5302591 -0.6285592 0.5689566
vn -0.05868709 -0.6555071 0.7528916
vn -0.06915491 -0.9908139 0.1161229
vn -0.8399304 -0.536607 0.0806604
vn -0.09527873 -0.9774163 0.1885433
vn -0.7545701 -0.6435133 0.1284524
vn -0.09930723 -0.9113132 0.3995178
vn -0.19541 -0.8955046 0.3997619
vn -0.2816858 -0.7853938 0.5511643
vn -0.5907773 -0.07712024 0.8031251
vn -0.5744804 -0.1278115 0.8084353
vn -0.5303507 -0.2471389 0.8109378
vn -0.5269631 -0.371746 0.7642445
vn -0.5116733 -0.4543595 0.7291482
vn -0.4013184 -0.4741661 0.7836238
vn -0.5283975 -0.4818567 0.6989654
vn -0.8605915 -0.5087741 -0.02148503
vn -0.9577013 -0.2870571 0.01947081
vn -0.5634632 -0.3100375 0.7657094
vn -0.5553148 -0.4770348 0.6811426
vn -0.8049867 -0.5930967 -0.01364177
vn -0.9032868 -0.4289987 0.003601133
vn -0.5736259 -0.317423 0.755089
vn -0.9332866 -0.3559069 0.04773092
vn -0.4164861 -0.1424909 0.8978546
vn -0.07251197 -0.4495682 0.890286
vn -0.1295511 -0.6626484 0.7376324
vn -0.05941951 -0.01684617 0.9980773
vn -0.8106632 -0.147557 0.5665761
vn -0.6294137 0.7039704 0.3289895
vn -0.9064913 -0.03262424 0.4209113
vn -0.9372845 -0.07654041 0.3399457
vn -0.9926145 -0.03463846 0.1160924
vn -0.9365826 -0.2239753 0.2694174
vn -0.7679983 -0.1010468 0.6324046
vn -0.6850795 -0.03695791 0.7275002
vn -0.4827418 0.707297 0.5164037
vn -0.3658559 -0.03274631 0.9300821
vn -0.2846156 0.7071749 0.647206
vn -0.502884 -0.1259194 0.8550981
vn -0.5890988 -0.08905297 0.8030946
vn -0.1720328 -0.1489914 0.9737541
vn -0.3033845 -0.04452645 0.9518113
vn -0.3998535 -0.0687887 0.9139683
vn -0.2645649 0.03988766 0.9635304
vn -0.2112186 0.1940062 0.957976
vn -0.678518 -0.08862572 0.7291787
vn -0.5715812 0.08035522 0.8165532
vn -0.5164952 0.1157872 0.848384
vn -0.9308756 -0.02182072 0.3646351
vn -0.8822291 -0.08053833 0.4638508
vn -0.8168889 0.1169774 0.564745
vn -0.7677541 0.04031491 0.6394543
vn -0.9617908 0.1322062 0.2396923
vn -0.9944151 -0.04162722 0.09677416
vn -0.2376781 -0.68099 0.6926176
vn -0.3511155 -0.5439009 0.7621387
vn -0.006591975 -0.04226809 0.999054
vn 3.05185e-05 -0.07681506 0.9970397
vn -0.4134037 -0.1179845 0.9028291
vn -0.02978605 -0.1035493 0.994171
vn -0.3103733 -0.2930998 0.904294
vn 0 -0.01742607 0.9998474
vn 0 -0.01742607 0.9998474
vn 0 -0.01745659 0.9998474
vn 0 -0.01742607 0.9998474
vn 0 -0.01742607 0.9998474
vn 3.05185e-05 -0.01745659 0.9998474
vn -0.2109439 -0.8984954 0.3848689
vn 0.2659383 -0.8312327 0.4881436
vn 0.2466201 -0.7689444 0.5898007
vn 0.546556 -0.04275637 0.8362987
vn 0.1709647 -0.04568618 0.9841914
vn 0.1697439 -0.1293069 0.9769585
vn 0.8333384 -0.0328989 0.5517441
vn 0.5438093 -0.1079134 0.8322092
vn 0.9613941 -0.02172917 0.2742698
vn 0.8307138 -0.06900233 0.552385
vn 0.1848811 -0.4146245 0.8909879
vn 0.1738944 -0.2675253 0.9477218
vn -0.4752647 -0.2368541 0.8473464
vn -0.4214912 -0.1466414 0.8948637
vn -0.1309854 -0.04300057 0.9904477
vn 0.01806694 -0.3542894 0.9349346
vn -0.4267403 -0.4602496 0.7784662
vn -0.6922208 -0.4607074 0.5554369
vn 0.2411267 -0.6036561 0.7598804
vn 0.2219611 -0.6692404 0.7090976
vn 0.2011169 -0.5505539 0.8101749
vn -0.4232612 -0.6920987 0.5846431
vn -0.06570631 -0.7614063 0.6448866
vn -0.1039766 -0.8286691 0.5499436
vn 0.5459762 -0.215186 0.8096866
vn 0.5537889 -0.3296304 0.7646107
vn 0.565447 -0.4342784 0.7011628
vn 0.5805841 -0.5259865 0.6214484
vn 0.5984985 -0.6024048 0.5280618
vn 0.6096377 -0.6414685 0.4656209
vn 0.8311106 -0.1283303 0.5410627
vn 0.8349865 -0.1915036 0.5158544
vn 0.8408154 -0.2491836 0.4804529
vn 0.8485671 -0.2995697 0.436079
vn 0.8577227 -0.3414716 0.3842585
vn 0.8605915 -0.3498032 0.3700674
vn 0.9606617 -0.03128147 0.2759178
vn 0.9606922 -0.0469985 0.2735679
vn 0.9616077 -0.06366157 0.2669149
vn 0.9630421 -0.07889032 0.2575152
vn 0.9649037 -0.09216588 0.2457655
vn 0.9671926 -0.103183 0.2320322
vn 0.9529405 -0.1041902 0.2846461
vn -0.04467904 -0.9023408 0.4286324
vn -0.02267521 -0.9314554 0.3630787
vn 0.2460707 -0.858974 0.4489883
vn -0.05880916 -0.9584338 0.2790918
vn -0.09277623 -0.9668874 0.2376781
vn 0.2002319 -0.8778344 0.4350719
vn 0.7946715 -0.09961241 0.5987732
vn 0.8262276 -0.1037019 0.5536973
vn 0.7392498 -0.363628 0.5667287
vn 0.637959 -0.1661427 0.7518845
vn 0.6461989 -0.1183202 0.7538987
vn 0.6596271 -0.2075259 0.7223426
vn 0.577868 -0.3712882 0.7267678
vn 0.5919065 -0.3722648 0.7148351
vn 0.5239112 -0.5540636 0.6469008
vn 0.4058046 -0.6701254 0.6214484
vn 0.466506 -0.6722007 0.5748772
vn 0.2663655 -0.7823115 0.563036
vn 0.1816156 -0.8808863 0.4370556
vn 0.2027649 -0.9092685 0.3634144
vn 0.1383098 -0.9570605 0.2546769
vn -0.01690721 -0.9690847 0.2460097
vn 0.07620471 -0.9786065 0.1909848
vn 0.4492325 -0.6712546 0.5895261
vn 0.6448561 -0.3761101 0.6653341
vn 0.7285379 -0.1191442 0.6745201
vn -0.02960294 -0.9509568 0.3078707
vn 0.2338023 -0.863155 0.4474929
vn 0.522599 -0.6587725 0.5411542
vn 0.5603199 -0.6631978 0.4961394
vn 0.7982727 -0.3729667 0.4728843
vn 0.8959319 -0.1191137 0.4278695
vn 0.9855343 -0.1142002 -0.1250953
vn 0.9112827 -0.3950926 -0.1158788
vn 0.9201331 -0.3864254 -0.06308174
vn 0.709891 -0.6155583 0.3421735
vn 0.5547044 -0.7871944 0.2694784
vn 0.5410932 -0.7808466 0.3121433
vn 0.5593127 -0.3855403 0.7338176
vn 0.6078677 -0.1078219 0.7866451
vn 0.5956298 -0.1152073 0.7949156
vn 0.4300058 -0.7016205 0.5681326
vn 0.5580005 -0.366039 0.7447127
vn 0.4513382 -0.6639912 0.596118
vn 0.5158849 -0.62154 0.5894955
vn 0.4045228 -0.7920164 0.4571673
vn 0.3707084 -0.8203681 0.4353466
vn 0.3414716 -0.8390759 0.4234443
vn 0.2946257 -0.874691 0.3848384
vn 0.2815638 -0.88287 0.3758049
vn 0.6495865 -0.1035798 0.7531663
vn 0.6183356 -0.3389691 0.7090365
vn 0.6791895 -0.09952086 0.7271645
vn 0.6687521 -0.330607 0.6659139
vn 0.7037873 -0.0979644 0.7035737
vn 0.7616199 -0.09537035 0.6409497
vn 0.7910398 -0.09686571 0.6039918
vn 0.7783135 -0.3246864 0.5373089
vn 0.7239601 -0.3230994 0.6094546
vn 0.5396283 -0.7706534 0.338847
vn 0.5245217 -0.7695242 0.3642079
vn 0.6577044 -0.6005737 0.4546343
vn 0.4916532 -0.7662892 0.4135563
vn 0.6138493 -0.5973693 0.516007
vn 0.4699545 -0.7687308 0.4337596
vn 0.5626698 -0.6086307 0.5594043
vn 0.4480727 -0.7767571 0.4425184
vn 0.4263436 -0.7859737 0.447676
vn 0.6877041 -0.6099429 0.3936582
vn 0.8185369 -0.09604173 0.566332
vn 0.8644979 -0.09851372 0.4928434
vn 0.8190557 -0.3302408 0.4691
vn 0.8963897 -0.09912407 0.4319895
vn 0.8497574 -0.3335978 0.4081851
vn 0.9121983 -0.09704881 0.3980224
vn 0.8784448 -0.3411359 0.3345134
vn 0.9302042 -0.09945982 0.3532518
vn 0.9595019 -0.1019623 0.2624897
vn 0.90347 -0.349498 0.2481154
vn 0.9708853 -0.103824 0.2158269
vn 0.9178442 -0.3583788 0.1704764
vn 0.5439314 -0.8378857 0.04550307
vn 0.5421003 -0.8377941 0.06466871
vn 0.7417219 -0.665212 0.08542126
vn 0.5463424 -0.8308054 0.1060518
vn 0.7415693 -0.65627 0.1390118
vn 0.5557421 -0.8159734 0.1589709
vn 0.7393414 -0.6419264 0.2032227
vn 0.5559557 -0.8106021 0.1838129
vn 0.7264931 -0.6286203 0.2775353
vn 0.558031 -0.8007447 0.217597
vn 0.5619679 -0.7887204 0.2491531
vn 0.9777826 -0.1053498 0.1810968
vn 0.9883419 -0.1057772 0.1094698
vn 0.9256874 -0.3637501 0.1036103
vn 0.9935606 -0.1101718 0.02551347
vn 0.9266335 -0.3750725 0.02581864
vn 0.9929197 -0.1156346 -0.02642899
vn 0.9899899 -0.126255 -0.06274604
vn 0.7293313 -0.6837977 0.02185124
vn 0.7119053 -0.700644 -0.04721212
vn 0.6935942 -0.7148656 -0.08847314
vn 0.5199438 -0.8538163 0.02536088
vn 0.4996491 -0.8661763 -0.007934808
vn 0.4891201 -0.8718222 -0.02502512
vn 0.4570147 -0.8875088 -0.05838185
vn 0.6844386 -0.387463 0.617542
vn 0.8658711 -0.4383068 -0.2410962
vn 0.9096958 -0.1189001 -0.3978087
vn 0.9673452 -0.1169469 -0.2247688
vn 0.6298715 -0.7766351 0.006347835
vn 0.8978241 -0.4333018 -0.07818841
vn 0.3211157 -0.9234596 0.2098758
vn 0.6366161 -0.7646412 0.1000702
vn 0.9881893 -0.1315653 -0.07812738
vn 0.8931547 -0.4181646 0.1653187
vn 0.9892575 -0.1329386 0.06039613
vn 0.9193701 -0.1061128 0.3787958
vn 0.8160955 -0.4026612 0.4144719
vn 0.8521378 -0.1083407 0.511948
vn 0.7614063 -0.1149021 0.637959
vn 0.6214484 -0.7444075 0.2441785
vn 0.5709403 -0.7251503 0.3848689
vn 0.4933012 -0.7086093 0.504471
vn 0.3345439 -0.9132054 0.232612
vn 0.3308511 -0.9028596 0.2744835
vn 0.3162938 -0.8926969 0.3209326
vn 0.2945647 -0.8857998 0.3585009
vn 0.3951537 -0.9005402 0.1811578
vn 0.4450514 -0.8874477 0.1196936
vn 0.6404309 -0.7671133 -0.03659164
vn 0.6696677 -0.7414472 -0.04174929
vn 0.8531144 -0.4383984 -0.2827235
vn 0.8742638 -0.410535 -0.2589495
vn 0.893643 -0.1263161 -0.4305856
vn 0.9201331 -0.115482 -0.3741264
vn 0.4632405 -0.87875 0.1146885
vn 0.4385815 -0.8920866 0.1084628
vn 0.7021699 -0.7111423 0.03415018
vn 0.7072359 -0.7055879 0.04385507
vn 0.9150975 -0.3966491 -0.07217627
vn 0.9163488 -0.3983581 -0.03921627
vn 0.9840694 -0.1177709 -0.1330301
vn 0.9920042 -0.1228064 -0.02893149
vn 0.4584185 -0.8810083 0.1166722
vn 0.6897488 -0.7240211 0.000488296
vn 0.9000824 -0.4095278 -0.1486556
vn 0.964507 -0.1248817 -0.232551
vn 0.3625904 -0.9314249 0.0305795
vn 0.4072695 -0.9088717 0.08966338
vn 0.4636677 -0.8856166 -0.02490305
vn 0.4499039 -0.8929105 0.01623582
vn 0.4629963 -0.884518 -0.05688649
vn 0.360271 -0.9307841 -0.06167787
vn 0.3884091 -0.9189428 0.06817835
vn 0.400647 -0.9135716 0.06942957
vn 0.4235664 -0.9043855 0.05142366
vn 0.3081454 -0.9506211 0.03625595
vn 0.4104129 -0.9080783 0.08325445
vn 0.2622761 -0.964568 0.02768027
vn 0.4200568 -0.9046602 0.0716269
vn 0.2603534 -0.9651173 0.02685624
vn 0.3226722 -0.9400922 0.1097751
vn 0.4074831 -0.9074374 0.102298
vn 0.3839533 -0.9215064 0.05801564
vn 0.4003418 -0.9122593 0.08651995
vn 0.4190191 -0.9000214 0.119602
vn 0.4270455 -0.8906217 0.1561632
vn 0.4277169 -0.8871425 0.1731315
vn 0.4332103 -0.8798486 0.1953489
vn 0.4375744 -0.872219 0.2185125
vn 0.4329966 -0.87051 0.2338328
vn 0.4249702 -0.8642536 0.2690817
vn 0.4233222 -0.8579058 0.2911161
vn 0.3942992 -0.8972442 0.1985534
vn 0.3932005 -0.8916593 0.22425
vn 0.4148381 -0.857387 0.3045137
vn 0.4528642 -0.8176519 0.3553575
vn 0.4087954 -0.8507035 0.3303934
vn 0.4065371 -0.8521378 0.3294778
vn 0.4044618 -0.8554338 0.3234046
vn 0.4028748 -0.8587298 0.3165685
vn 0.3964354 -0.8652608 0.3067721
vn 0.3878292 -0.8779259 0.2806787
vn 0.3913999 -0.8822596 0.2614826
vn 0.1881161 -0.9435408 0.2726218
vn 0.3671987 -0.1224707 0.9220252
vn 0.4654683 -0.4239021 0.7769097
vn 0.6283761 -0.4323252 0.6466567
vn 0.9928587 -0.1138035 -0.03534042
vn 0.9198889 -0.3892941 -0.04705953
vn 0.7039704 -0.7079989 -0.05594038
vn 0.9650868 -0.1217994 0.2318186
vn 0.9055758 -0.3929563 0.1596423
vn 0.9162877 -0.1242103 0.3806879
vn 0.8066042 -0.4123051 0.4234749
vn 0.8222907 -0.1315958 0.5536057
vn 0.7285073 -0.1223792 0.6739708
vn 0.5728019 -0.1397137 0.8076724
vn 0.7018036 -0.7095859 0.06247138
vn 0.6548967 -0.7257607 0.2105166
vn 0.563036 -0.7509689 0.3448286
vn 0.4746544 -0.7712943 0.4239631
vn 0.4318064 -0.7944884 0.4269539
vn 0.3939329 -0.4630268 0.793939
vn 0.3002716 -0.1338236 0.9443953
vn 0.4606769 -0.7834407 0.4170659
vn 0.4465468 -0.4425184 0.7776421
vn 0.3697012 -0.114719 0.9220252
vn 0.5066072 -0.7704398 0.3869442
vn 0.5488754 -0.762627 0.3421735
vn 0.5525681 -0.6350291 0.5397809
vn 0.6107364 -0.1216163 0.7824031
vn 0.6476944 -0.1220435 0.7520371
vn 0.6242867 -0.4379711 0.6468093
vn 0.6623127 -0.2321543 0.7123326
vn 0.6162603 -0.4731284 0.6295053
vn 0.5579089 -0.6369213 0.5319681
vn 0.5095065 -0.1266518 0.8510697
vn 0.5445418 -0.455916 0.7039704
vn 0.5079501 -0.7778252 0.3700369
vn 0.1857356 -0.9732963 0.1346781
vn 0.3313089 -0.859798 0.3885006
vn 0.5037996 -0.6625263 0.5542467
vn 0.1761834 -0.9831233 0.04904323
vn 0.004699826 -0.9932554 0.1156957
vn 0.04806661 -0.9927366 0.1101108
vn 0.06140321 -0.9952086 0.07593005
vn -0.1271706 -0.9756157 0.1787164
vn -0.1028779 -0.9798578 0.1709647
vn -0.1184728 -0.8943755 0.4312876
vn -0.0788598 -0.985168 0.1522873
vn -0.1919614 -0.1100803 0.9751884
vn -0.1587268 -0.1112704 0.9810175
vn -0.1587573 -0.379284 0.9115269
vn -0.2319406 -0.08023315 0.9693899
vn -0.124607 -0.3738517 0.9190649
vn 0.1111484 -0.6315805 0.7672659
vn -0.05639815 -0.9903256 0.1266213
vn -0.1233253 -0.8957183 0.427137
vn -0.1531419 -0.6815699 0.715537
vn -0.08896142 -0.111423 0.9897763
vn -0.1054414 -0.3764153 0.9204077
vn -0.1206396 -0.6807764 0.7224647
vn -0.1318094 -0.9766533 0.1695608
vn -0.1160008 -0.8861355 0.4485915
vn -0.09506511 -0.6736961 0.732841
vn -0.0539872 -0.368572 0.9280068
vn -0.1680349 -0.9750359 0.1449324
vn -0.08743548 -0.9578234 0.27369
vn -0.1544846 -0.894528 0.4194158
vn -0.1633045 -0.8522294 0.4969939
vn -0.04715108 -0.5574511 0.8288522
vn -0.1352885 -0.6460769 0.7511521
vn -0.09643846 -0.7306742 0.6758324
vn -0.02243107 -0.7912534 0.6110416
vn -0.05566573 -0.4627522 0.8847011
vn -0.0851466 -0.3712272 0.9246193
vn 0.03320413 -0.2660298 0.9633778
vn 0.152562 -0.1845759 0.9708853
vn 0.6013672 -0.2755211 0.7499313
vn -0.4198126 -0.8937041 -0.1581469
vn 0.01028472 -0.9998474 -0.01235997
vn 0.01831108 -0.9997864 -0.006897151
vn -0.06854456 -0.997528 -0.01489299
vn 0.002990782 -0.9997559 -0.0205084
vn -0.06009089 -0.9971923 -0.04452645
vn -0.2473525 -0.9629811 -0.1069673
vn 0.02349925 -0.9976196 -0.06463819
vn -0.6007264 -0.7951598 0.08249151
vn -0.5996582 -0.7985473 0.05154573
vn -0.4519486 -0.8901639 0.05740529
vn -0.3031098 -0.9512009 0.0572527
vn -0.3112277 -0.9465926 0.08401745
vn -0.3788873 -0.9196143 0.1035493
vn -0.4357738 -0.8930021 0.1122165
vn -0.4536576 -0.88699 0.08615374
vn -0.1044954 -0.9920347 0.07019257
vn -0.133549 -0.9873043 0.08566546
vn -0.1553697 -0.9847102 0.07837152
vn -0.1356242 -0.986877 0.087466
vn -0.2056337 -0.974456 0.08999907
vn -0.1977599 -0.976928 0.08023315
vn -0.185583 -0.9794 0.07934808
vn -0.1734672 -0.9823298 0.06988734
vn -0.03772085 -0.997467 0.05996882
vn 0.06201356 -0.9946593 0.08218634
vn 0.06491285 -0.9944456 0.08261358
vn -0.02215641 -0.9985351 0.04931789
vn 0.06433302 -0.9947203 0.07983642
vn 0.06439405 -0.9949644 0.07660144
vn 0.05969417 -0.9955138 0.07333594
vn 0.04992824 -0.9962767 0.07000946
vn 0.04266482 -0.9968566 0.06656086
vn 0.04104739 -0.9969176 0.06662189
vn -0.01220738 -0.9977111 0.06601148
vn 0.000549333 -0.9978942 0.06463819
vn -0.0167241 -0.999176 0.03683578
vn -0.01928764 -0.9996033 0.02047789
vn 0.03323465 -0.9988098 0.03491312
vn -0.9985351 -0.04754781 0.02523881
vn -0.997406 -0.06622517 0.02719199
vn -0.9907834 -0.1292459 0.04049801
vn -0.991699 -0.1221351 0.0401318
vn -0.9913938 -0.1275368 0.02893149
vn -0.7225257 0.6911527 0.0155034
vn -0.9815974 -0.1864986 0.04028439
vn -0.9615772 -0.2702719 0.04776144
vn -0.9706107 -0.2329478 0.05993831
vn -0.9755241 -0.2164983 0.03827017
vn -0.9855953 -0.1601306 0.05432289
vn -0.9874569 -0.1549119 0.03003019
vn -0.9250466 -0.3754387 0.05716115
vn -0.9276406 -0.3673513 0.06711018
vn -0.953917 -0.295114 0.0539872
vn -0.8330027 -0.5470443 0.08243048
vn -0.8728904 -0.4791101 0.09210485
vn -0.8539079 -0.5149999 0.07452619
vn -0.892758 -0.4449294 0.07046723
vn -0.9114964 -0.404706 0.07296973
vn -0.7723929 -0.6283761 0.09234899
vn -0.7498703 -0.656148 0.08450573
vn -0.7369304 -0.6677755 0.104709
vn -0.6904508 -0.7166662 0.09805595
vn -0.6063112 -0.7902463 0.08853417
vn -0.5987732 -0.793878 0.1058687
vn -0.4645833 -0.8790552 0.1066622
vn -0.5193945 -0.8486282 0.09970396
vn -0.5549181 -0.8250679 0.1061739
vn -0.3366497 -0.9357891 0.1045869
vn -0.2840968 -0.9540086 0.09558397
vn -0.2255928 -0.9700614 0.08957183
vn -0.1832636 -0.9815058 0.05511641
vn -0.08685564 -0.9947813 0.05322426
vn 0.01498454 -0.9991455 0.03836172
vn -0.6401563 -0.767449 -0.03405863
vn -0.628956 -0.777337 0.01040679
vn -0.7174596 -0.6955168 -0.03827017
vn -0.7086703 -0.7054964 0.007080256
vn -0.7992798 -0.5994751 -0.04190188
vn -0.7937559 -0.6082034 0.002716124
vn -0.8825038 -0.4680929 -0.04495376
vn -0.8803369 -0.4743187 -0.003112852
vn -0.9407026 -0.3360088 -0.04611343
vn -0.9407026 -0.3390911 -0.008484125
vn -0.9737846 -0.2226325 -0.04605239
vn -0.9717704 -0.2355113 -0.01239049
vn -0.9866634 -0.1619617 -0.01596117
vn -0.9924314 -0.1135899 -0.04593032
vn -0.9937437 -0.1101413 -0.01733446
vn -0.9982299 -0.0554521 -0.02075254
vn -0.6970428 -0.7154759 0.04690694
vn -0.7594531 -0.6464431 0.07269507
vn -0.7825251 -0.6212958 0.03973507
vn -0.8689535 -0.4915616 0.0572527
vn -0.8722496 -0.4879605 0.03250217
vn -0.7166967 0.6972259 0.01373332
vn -0.9980163 -0.06189149 0.01116973
vn -0.993286 -0.1149327 0.01068145
vn -0.985168 -0.1709036 0.01495403
vn -0.9685965 -0.2476271 0.02130192
vn -0.9353923 -0.3524277 0.02780234
vn -0.7773064 -0.6019776 -0.1827143
vn -0.7072054 -0.6722312 -0.2189397
vn -0.5786615 -0.7965331 -0.1751152
vn -0.6915189 -0.7042452 -0.1605884
vn -0.6849269 -0.7055574 -0.1817072
vn -0.7861874 -0.6033509 -0.1334574
vn -0.90347 -0.3967101 -0.1622363
vn -0.8489944 -0.4981231 -0.1762139
vn -0.6758019 -0.7285684 -0.1115452
vn -0.6542558 -0.7525864 -0.07422101
vn -0.7279275 -0.6803796 -0.08478039
vn -0.9768975 -0.1672719 -0.1327555
vn -0.959685 -0.2397839 -0.1464583
vn -0.9403973 -0.3071078 -0.1458479
vn -0.9886776 -0.08639788 -0.1224097
vn -0.7179785 0.6910306 -0.08328497
vn -0.9660024 -0.2222663 -0.1318399
vn -0.9812311 -0.1487777 -0.1225013
vn -0.9920042 -0.0662862 -0.1073641
vn -0.9922788 -0.04123049 -0.1168859
vn -0.9935301 -0.06796467 -0.09088408
vn -0.7261269 0.6829127 -0.07943964
vn -0.9887387 -0.112064 -0.09887993
vn -0.7138584 0.6965545 -0.07214576
vn -0.05789357 -0.9951781 -0.07876825
vn -0.2055116 -0.9760125 -0.07168793
vn 0.02270573 -0.9980773 -0.05752736
vn -0.1271095 -0.9905087 -0.05209505
vn -0.09872734 -0.9942015 -0.0421155
vn -0.1423383 -0.9892575 -0.03158664
vn -0.5996887 -0.7747734 -0.2001404
vn -0.7999207 -0.5933409 -0.0896939
vn -0.6723838 -0.7289651 -0.1281472
vn -0.5386822 -0.8343455 -0.1167027
vn -0.5588549 -0.8167974 -0.1430402
vn -0.4408398 -0.8891568 -0.1225013
vn -0.4736778 -0.8665731 -0.1568651
vn -0.375988 -0.9170202 -0.1329691
vn -0.5074618 -0.8419141 -0.1833552
vn -0.8691977 -0.4765465 -0.1318705
vn -0.9241615 -0.3613392 -0.1237831
vn -0.9572436 -0.2658467 -0.1138646
vn -0.9764397 -0.1886959 -0.1045869
vn -0.04147464 -0.999115 0.002838194
vn 0.01498454 -0.9998474 -0.005462765
vn 0.02923673 -0.9995117 0.01034575
vn -0.5429853 -0.8395947 0.0142216
vn -0.4382458 -0.898648 0.01806694
vn -0.3064364 -0.9515976 0.02270573
vn -0.1841487 -0.9825129 0.02691727
vn -0.0889309 -0.9954833 0.03250217
vn -0.05609297 -0.9983215 0.01379436
vn -0.08957183 -0.9959411 -0.008270502
vn 0.03372293 -0.9992066 0.01989805
vn 0.03451639 -0.999054 0.02545243
vn 0.03140354 -0.9988098 0.03646957
vn -0.2038331 -0.9776605 -0.05093538
vn -0.1511276 -0.9883114 -0.01892143
vn -0.2595294 -0.9643849 -0.05081331
vn -0.2388073 -0.9706412 -0.02819907
vn -0.3591418 -0.9323099 -0.04177981
vn -0.2370983 -0.9688406 -0.07153534
vn -0.2990509 -0.9512619 -0.0750755
vn -0.3824885 -0.9210487 -0.07296973
vn -0.4824976 -0.8739891 -0.05740529
vn -0.4541459 -0.8906217 -0.02270573
vn -0.3244423 -0.9457991 -0.01303136
vn -0.2027955 -0.9791864 -0.002594053
vn -0.1160619 -0.9931638 0.005645871
vn -0.290933 -0.9510788 -0.1036103
vn -0.335551 -0.9368267 -0.09863579
vn -0.4099552 -0.9069185 -0.09698778
vn -0.5187842 -0.8497879 -0.09314244
vn -0.5783563 -0.81283 -0.06894129
vn -0.5571154 -0.8298898 -0.02911466
vn -0.3400678 -0.9311808 -0.131138
vn -0.723838 0.6881313 -0.04989773
vn -0.9924924 -0.09936827 -0.07116913
vn -0.9827265 -0.1695913 -0.07394635
vn -0.9664907 -0.2439344 -0.07965326
vn -0.9355449 -0.3429059 -0.08456677
vn -0.8790857 -0.4684591 -0.08786278
vn -0.999054 -0.04272586 -0.002807676
vn -0.7122105 0.7017426 -0.01632738
vn -0.727958 0.6852626 -0.02096617
vn -0.9969176 -0.06451612 -0.0439161
vn 0.1909238 -0.9804376 0.04748678
vn 0.3507797 -0.8974273 0.2674337
vn 0.3414106 -0.900174 0.2703635
vn 0.3943907 -0.8630635 0.3155003
vn 0.02002012 -0.9988708 0.04272586
vn 0.01825004 -0.9986572 0.04837179
vn 0.05960261 -0.9946287 0.08432263
vn 0.2431409 -0.9494003 0.1986449
vn 0.244911 -0.9490341 0.1983093
vn 0.248268 -0.952147 0.1781365
vn 0.2519608 -0.954619 0.1587268
vn 0.2501602 -0.9584033 0.1372112
vn 0.2443311 -0.9628285 0.1149937
vn 0.2257454 -0.9709464 0.07907342
vn 0.2345957 -0.9672536 0.09653002
vn 0.209418 -0.9758294 0.0622577
vn 0.2734764 -0.9385968 0.210242
vn 0.1151463 -0.990051 0.08047729
vn 0.353679 -0.9313639 0.08603167
vn 0.3552049 -0.9246803 0.1369365
vn 0.3949705 -0.9176611 0.04272586
vn 0.3326823 -0.9418317 0.04721212
vn 0.3073214 -0.9500412 0.05392616
vn 0.3345744 -0.926725 0.1708121
vn 0.3169652 -0.9284036 0.1937315
vn 0.2972808 -0.9320658 0.2068849
vn 0.2158574 -0.973632 0.07296973
vn 0.2410962 -0.9680166 0.0693075
vn 0.2615742 -0.9627674 0.0680868
vn 0.1521347 -0.9850764 0.08023315
vn 0.1705985 -0.9819941 0.08078247
vn 0.9986267 -0.05209505 -0.000366222
vn 0.9990234 -0.0414136 0.01461833
vn 0.9948424 -0.09997862 0.01574754
vn 0.475692 -0.8791162 -0.02841269
vn 0.38905 -0.9206519 -0.03146457
vn 0.9489426 -0.3106784 0.05453658
vn 0.9404889 -0.3361309 0.04983669
vn 0.9333171 -0.3587145 0.01470988
vn 0.8815577 -0.4691305 0.05246126
vn 0.8695334 -0.4912564 0.04998928
vn 0.8505203 -0.5258339 0.008301019
vn 0.7708976 -0.634785 0.05203402
vn 0.7610096 -0.6461989 0.05688649
vn 0.72631 -0.6873074 0.004425168
vn 0.4276254 -0.9031953 0.0368663
vn 0.1225013 -0.9920347 0.02929776
vn 0.3041474 -0.9523301 0.02291935
vn 0.2179937 -0.9756157 0.02502512
vn 0.3898739 -0.9206213 0.02099668
vn 0.4781945 -0.8780176 0.01879936
vn 0.5360576 -0.8417921 0.06305122
vn 0.5003815 -0.8630024 0.06952112
vn 0.4660481 -0.8825038 0.06271553
vn 0.4356517 -0.8980682 0.06048768
vn 0.4191412 -0.9068575 0.04315316
vn 0.688406 -0.7241127 0.04147464
vn 0.6744896 -0.7380902 0.01562547
vn 0.5652943 -0.8247322 0.01495403
vn 0.6705832 -0.741142 0.03109836
vn 0.6243782 -0.7785272 0.06305122
vn 0.608417 -0.7904905 0.07003998
vn 0.5641652 -0.8230537 0.06543165
vn 0.6498917 -0.7599719 0.003570616
vn 0.7937559 -0.6081423 0.006195247
vn 0.8501236 -0.5239723 0.0516678
vn 0.8300119 -0.5561388 0.04174929
vn 0.810358 -0.5838801 0.04870754
vn 0.8966643 -0.4425489 0.01086455
vn 0.9304178 -0.3629872 0.05032497
vn 0.9167455 -0.3973205 0.04074215
vn 0.9070711 -0.4184088 0.04599136
vn 0.9915464 -0.1217383 0.04461801
vn 0.980163 -0.1974852 0.01599168
vn 0.9934386 -0.1017487 0.05160677
vn 0.9963683 -0.06582838 0.05355995
vn 0.9830927 -0.1744133 0.05536055
vn 0.9783014 -0.1990112 0.05758839
vn 0.9588611 -0.2831202 0.02020323
vn 0.9721366 -0.2294687 0.04733419
vn 0.962035 -0.2691733 0.04455697
vn 0.9979858 -0.01458781 0.06143373
vn 0.109714 -0.9932554 -0.03689682
vn 0.208655 -0.9773858 -0.03405863
vn 0.5632191 -0.8258309 -0.02703934
vn 0.6411023 -0.7669912 -0.02539139
vn 0.3015534 -0.9528794 -0.03250217
vn 0.7829524 -0.6217231 -0.01989805
vn 0.8411817 -0.5404523 -0.01657152
vn 0.8886075 -0.4584795 -0.01269567
vn 0.9268472 -0.3753166 -0.007141292
vn 0.957976 -0.2867214 -0.005371212
vn 0.9792779 -0.2023072 -0.006012141
vn 0.9984436 -0.04873806 -0.02612382
vn 0.9949034 -0.1000397 -0.01013213
vn 0.717948 -0.6956999 -0.02221745
vn 0.5673696 -0.8234199 0.003326475
vn 0.4809412 -0.8767358 0.003295958
vn 0.3939024 -0.919126 0.003753721
vn 0.3079317 -0.951384 0.004303097
vn 0.2197332 -0.9755241 0.004760861
vn 0.1163671 -0.9931638 0.003326475
vn 0.7343364 -0.6764733 0.05551314
vn 0.6850795 -0.7276223 0.03460794
vn 0.9139073 -0.4046144 0.03231906
vn 0.6840419 -0.7267678 0.06198304
vn 0.6749474 -0.7282327 0.1186864
vn 0.6717124 -0.7215491 0.1676076
vn 0.9097568 -0.4066286 0.08343756
vn 0.8922086 -0.4087344 0.1919919
vn 0.8702964 -0.3988159 0.2888882
vn 0.9928587 -0.1158177 0.02832114
vn 0.988464 -0.1211584 0.09079253
vn 0.9672231 -0.1199072 0.2237007
vn 0.9308146 -0.112125 0.3477889
vn 0.9526048 -0.001342773 0.3041779
vn 0.9197363 -0.02035582 0.3919187
vn 0.9583117 -0.01055938 0.2855007
vn 0.9795832 0.03381448 0.1980041
vn 0.984283 0.03076261 0.1737723
vn 0.9860836 -0.05407875 0.1571398
vn 0.9877011 0.005493283 0.1560411
vn 0.9784845 -0.1322977 0.1582079
vn 0.9829707 -0.09475994 0.1572619
vn 0.9732353 -0.1671193 0.1576891
vn 0.9668264 -0.2003235 0.1582689
vn 0.9593188 -0.2323679 0.1602526
vn 0.9494003 -0.2707602 0.1589709
vn 0.9223914 -0.3511765 0.1607105
vn 0.937315 -0.3099154 0.1592761
vn 0.9052705 -0.3923155 0.1629383
vn 0.8598285 -0.4831995 0.164922
vn 0.8841518 -0.4376049 0.1633961
vn 0.8402661 -0.5142979 0.1714529
vn 0.8098392 -0.5606555 0.1726127
vn 0.7738884 -0.6073794 0.1792352
vn 0.9206824 -0.022309 0.3895993
vn 0.9559923 -0.03625595 0.2911161
vn 0.9204382 -0.02768027 0.3898129
vn 0.9548326 -0.05716115 0.2914823
vn 0.9201025 -0.03247165 0.3902402
vn 0.9532151 -0.07602161 0.2925505
vn 0.9198279 -0.03707998 0.3905149
vn 0.9514756 -0.09421062 0.2928861
vn 0.9194922 -0.04129153 0.3908506
vn 0.9494308 -0.1110263 0.2935881
vn 0.9190955 -0.04544204 0.3913388
vn 0.9469588 -0.1271706 0.2949919
vn 0.9187902 -0.05056911 0.3914609
vn 0.9440901 -0.1471602 0.2949004
vn 0.9182409 -0.05590987 0.3920102
vn 0.9402142 -0.1680349 0.2961821
vn 0.9176306 -0.06128114 0.3926512
vn 0.935728 -0.1891842 0.297647
vn 0.9168676 -0.06686604 0.3935056
vn 0.9303262 -0.2109744 0.2999054
vn 0.9159826 -0.07333594 0.3943907
vn 0.9236427 -0.2360301 0.3019196
vn 0.9150364 -0.07940912 0.3954283
vn 0.9163793 -0.2601398 0.3042085
vn 0.9139378 -0.08389538 0.3970153
vn 0.9095737 -0.2772912 0.3093966
vn 0.9127171 -0.09109771 0.3982055
vn 0.8998688 -0.3046053 0.3120518
vn 0.9111301 -0.09805595 0.4001892
vn 0.8885159 -0.3311258 0.3175145
vn 0.9094516 -0.1046785 0.402356
vn 0.8764916 -0.3563951 0.3235877
vn 0.907651 -0.1110263 0.404706
vn 0.8639485 -0.3801385 0.3302103
vn 0.7374188 -0.6498612 0.1839656
vn 0.6998199 -0.6878872 0.1924192
vn 0.9427778 -0.1453902 0.2999664
vn 0.9035615 -0.1363261 0.4061403
vn 0.8071535 -0.4980621 0.3168432
vn 0.8265023 -0.4983673 0.2616047
vn 0.5092319 -0.8527482 0.1160314
vn 0.4905545 -0.8579668 0.1523789
vn 0.2112491 -0.9750053 -0.06851404
vn 0.1349223 -0.9899899 0.04077267
vn 0.9745171 -0.1447187 0.1712393
vn 0.1474044 -0.9890438 -0.007507503
vn 0.1279031 -0.9904477 -0.05136263
vn 0.5210425 -0.8530229 -0.02829062
vn 0.4712668 -0.8608967 -0.1916868
vn 0.8672445 -0.4954069 -0.04934841
vn 0.8004395 -0.5014497 -0.3283181
vn 0.9876095 -0.1463362 -0.05612349
vn 0.9150364 -0.1455122 -0.3761711
vn 0.8909879 -0.1470077 -0.429548
vn 0.773278 -0.5123752 -0.373455
vn 0.4416028 -0.8714255 -0.2134159
vn 0.1133762 -0.9920042 -0.05490279
vn 0.1166112 -0.9922483 -0.04269534
vn 0.4572893 -0.8733177 -0.1677602
vn 0.8043459 -0.5154271 -0.2954497
vn 0.9287698 -0.1530503 -0.3375042
vn 0.8369091 -0.5178076 -0.1770989
vn 0.966216 -0.1548204 -0.2059999
vn 0.8540605 -0.5189673 -0.03451639
vn 0.987518 -0.1524094 -0.03939938
vn 0.9874569 -0.1514939 0.0439161
vn 0.847438 -0.519364 0.1098056
vn 0.9793084 -0.1558275 0.1290322
vn 0.8171026 -0.5194861 0.2498245
vn 0.9448836 -0.1568041 0.2873013
vn 0.7633595 -0.5192725 0.3841364
vn 0.8833582 -0.1528977 0.4430067
vn 0.1193884 -0.9924924 -0.02551347
vn 0.47322 -0.8751793 -0.1004669
vn 0.1218299 -0.992523 -0.004608273
vn 0.4828028 -0.875515 -0.01910454
vn 0.1209143 -0.992523 0.01535075
vn 0.478988 -0.8756065 0.06164735
vn 0.1164281 -0.992523 0.03592026
vn 0.4616535 -0.8756676 0.1415753
vn 0.1089816 -0.992523 0.05447548
vn 0.4315623 -0.8756371 0.2167119
vn 0.09808647 -0.992523 0.07248145
vn 0.3891415 -0.8753929 0.2866299
vn 0.08493298 -0.992523 0.08761864
vn 0.3360088 -0.8752098 0.347911
vn 0.07760852 -0.9918211 0.1010468
vn 0.3009125 -0.8698691 0.3907895
vn 0.6889249 -0.5184789 0.5064852
vn 0.5937071 -0.5178381 0.6158635
vn 0.5251625 -0.5102084 0.6810511
vn 0.8430433 -0.1489303 0.51677
vn 0.7956786 -0.1525009 0.586169
vn 0.6874905 -0.1517685 0.7101352
vn 0.6041749 -0.1463667 0.7832576
vn 0.8629414 -0.5047761 -0.02136296
vn 0.8563188 -0.508713 -0.08874779
vn 0.9844661 -0.1442915 -0.099765
vn 0.9892269 -0.1437422 -0.02703934
vn 0.9876706 -0.1485946 0.04879909
vn 0.8565936 -0.5047761 0.1066622
vn 0.9813837 -0.1480147 0.1222266
vn 0.8313547 -0.5047761 0.2323984
vn 0.969512 -0.1480758 0.1951353
vn 0.9526353 -0.1475265 0.2658162
vn 0.7877438 -0.5047761 0.3530076
vn 0.9024323 -0.1479232 0.4046144
vn 0.7267373 -0.5047761 0.4658345
vn 0.8326365 -0.1476485 0.5337382
vn 0.7906125 -0.1481673 0.5940733
vn 0.6497086 -0.5048066 0.5683462
vn 0.7445906 -0.1478316 0.6508988
vn 0.5583361 -0.5047761 0.6583453
vn 0.6393017 -0.1463362 0.7548753
vn 0.6936552 -0.1487167 0.704764
vn 0.3259682 -0.8637043 0.3843501
vn 0.3793146 -0.8637043 0.3318278
vn 0.4242988 -0.8637043 0.2719504
vn 0.4599139 -0.8637043 0.2060915
vn 0.4853664 -0.8637043 0.1356853
vn 0.5001068 -0.8637043 0.0622577
vn 0.5037996 -0.8637043 -0.01248204
vn 0.493698 -0.868099 -0.05105745
vn 0.08734393 -0.9908139 0.1029999
vn 0.1016571 -0.9908139 0.0889309
vn 0.113712 -0.9908139 0.07284766
vn 0.1232337 -0.9908139 0.05520796
vn 0.1300699 -0.9908139 0.0363475
vn 0.1340067 -0.9908139 0.01666307
vn 0.1349833 -0.9908139 -0.003326475
vn 0.1290017 -0.9915464 -0.01330602
vn 0.124485 -0.9921873 -0.006591975
vn 0.487167 -0.8728904 -0.02597123
vn 0.8560137 -0.5148778 -0.04586929
vn 0.9869686 -0.1530503 -0.04910427
vn 0.8525345 -0.5175939 0.0720542
vn 0.9844966 -0.1551866 0.08160644
vn 0.8277536 -0.5188147 0.2135685
vn 0.9569079 -0.1522873 0.2471694
vn 0.9327983 -0.1511887 0.3270668
vn 0.7797479 -0.5191809 0.3498642
vn 0.900296 -0.1557359 0.4064455
vn 0.7102268 -0.5193945 0.4751427
vn 0.8216499 -0.1570177 0.5478988
vn 0.6199835 -0.5191809 0.5882443
vn 0.7178564 -0.1528367 0.6791589
vn 0.1217383 -0.9924924 0.009979546
vn 0.4821925 -0.8751183 0.04040646
vn 0.1180151 -0.992523 0.03076261
vn 0.4678487 -0.875454 0.1211279
vn 0.1113315 -0.992523 0.04959255
vn 0.4408704 -0.875576 0.1973937
vn 0.1011078 -0.992523 0.06796467
vn 0.4011963 -0.8756065 0.2688375
vn 0.08862572 -0.992523 0.08365124
vn 0.3506577 -0.8756065 0.3321024
vn 0.07296973 -0.992523 0.09772026
vn 0.2898953 -0.8753624 0.3868221
vn 0.05603194 -0.992523 0.1084017
vn 0.2212897 -0.8752098 0.4300974
vn 0.03949093 -0.9922483 0.1175573
vn 0.1561632 -0.873043 0.4618976
vn 0.5133213 -0.5183874 0.6838893
vn 0.3906064 -0.5178076 0.7611011
vn 0.2755211 -0.5139317 0.8123417
vn 0.6580096 -0.1487472 0.7381512
vn 0.5926389 -0.1521958 0.7909482
vn 0.4530473 -0.1515854 0.8784753
vn 0.3179724 -0.1470382 0.9366131
vn 0.3760491 -0.1455122 0.9150975
vn 0.3308206 -0.4984283 0.801294
vn 0.1986144 -0.8579363 0.4737388
vn 0.0554521 -0.9899899 0.1295816
vn 0.495529 -0.1447492 0.8564104
vn 0.8577227 -0.1446882 0.4933012
vn 0.6985992 -0.1470992 0.7001861
vn 0.6147649 -0.4940947 0.6147344
vn 0.1319315 -0.9898068 0.05301064
vn 0.1282998 -0.9913938 0.02551347
vn 0.4790796 -0.8572649 0.1885433
vn 0.4882351 -0.867275 0.09707933
vn 0.8082827 -0.4982757 0.3136082
vn 0.8446913 -0.5082247 0.1678823
vn 0.9227271 -0.1442915 0.3573718
vn 0.1058687 -0.9887081 0.1060213
vn 0.3708609 -0.8512223 0.3712272
vn 0.9703665 -0.145909 0.1924497
vn 0.9582202 -0.15009 0.2433851
vn 0.8319956 -0.5139927 0.2086855
vn 0.4725181 -0.8733482 0.1180151
vn 0.1199682 -0.9923093 0.02966398
vn 0.5299844 -0.6006959 0.598529
vn 0.5931578 -0.4466078 0.6698203
vn 0.6436354 -0.4660786 0.6069827
vn 0.4759056 -0.4425489 0.7600024
vn -0.1655018 -0.03997921 0.9853511
vn 0.000854518 0.01068145 0.999939
vn -0.157567 -0.1497848 0.9760735
vn -0.1077609 -0.1131626 0.9877011
vn 0.06204408 -0.1437422 0.98764
vn 0.1494186 0.005767941 0.9887387
vn 0.08972442 -0.1785027 0.9798273
vn 0.2101199 -0.05066072 0.9763482
vn 0.2222968 -0.2223883 0.9492477
vn 0.3249306 -0.09750664 0.940672
vn 0.3790094 -0.2928251 0.8778344
vn 0.4520401 -0.1177099 0.8841823
vn 0.3779412 -0.2953886 0.8774071
vn 0.4168523 -0.3415327 0.8423414
vn 0.5408185 -0.1544541 0.8268074
vn 0.6103397 -0.1572924 0.7762993
vn 0.09775078 -0.932371 0.347972
vn 0.1660512 -0.8724021 0.4596393
vn 0.5029145 -0.8341014 0.2264778
vn 0.4403516 -0.809534 0.3881649
vn 0.7177038 -0.5132603 0.4705344
vn 0.4248176 -0.7042452 0.568804
vn 0.5285501 -0.6032289 0.5972473
vn 0.4536576 -0.8653523 0.2128055
vn 0.1139866 -0.9923399 0.04702901
vn 0.06564527 -0.9822688 0.1754509
vn 0.8315989 -0.1519211 0.5341349
vn 0.7811823 -0.1545152 0.6048159
vn 0.7311014 -0.1609546 0.6629841
vn 0.7875607 -0.5178686 0.333903
vn 0.9095126 -0.1545152 0.3858455
vn -0.08908349 -0.8626973 0.4977874
vn 0.099765 -0.7837153 0.6130253
vn 0.2660909 -0.3688772 0.8905301
vn -0.2227851 -0.01382488 0.9747612
vn 0.09176915 -0.2026124 0.9749443
vn -0.1726737 -0.006195247 0.9849544
vn -0.2277291 -0.01898247 0.9735099
vn -0.1952269 -0.0170598 0.9805902
vn -0.0605182 -0.108005 0.9922788
vn 0.01394695 -0.2175664 0.9759209
vn -0.1898556 -0.0404675 0.9809564
vn -0.2189702 -0.02063047 0.9754936
vn -0.2265694 -0.01831108 0.9738152
vn 0.2814722 -0.6010621 0.7479782
vn -0.2051759 -0.0991851 0.973632
vn -0.2034974 -0.07342749 0.9762871
vn -0.1818597 -0.06622517 0.9810785
vn -0.1123691 -0.4469741 0.8874477
vn 0.004028439 -0.344676 0.9386883
vn -0.2491531 -0.1252785 0.9602954
vn -0.2797021 -0.1508225 0.948149
vn -0.2962737 -0.1554918 0.94232
vn -0.2362743 -0.4999237 0.8331859
vn -0.09540086 -0.8635517 0.4951323
vn -0.1126133 -0.6426283 0.7578356
vn -0.1499374 -0.5088351 0.8476821
vn -0.122074 -0.4993743 0.8577227
vn -0.1337931 -0.3480026 0.9278848
vn -0.02398753 -0.9914243 0.1282998
vn -0.007141292 -0.9987487 0.04940944
vn -0.03320413 -0.9726249 0.2299569
vn -0.04617446 -0.9918211 0.1187475
vn -0.1785027 -0.8703574 0.4588763
vn -0.3202002 -0.5092624 0.7987915
vn -0.3777581 -0.1445661 0.9145177
vn -0.3115024 -0.5115208 0.8008057
vn -0.3588977 -0.1474959 0.9216285
vn -0.336375 -0.1320536 0.9324015
vn -0.26133 -0.1445051 0.9543443
vn -0.2857448 -0.1449934 0.947264
vn -0.2495498 -0.5081027 0.8243049
vn -0.3362529 -0.1453291 0.9304788
vn -0.2920011 -0.5082553 0.8101444
vn -0.3585314 -0.144383 0.9222694
vn -0.3681448 -0.1443525 0.9184545
vn -0.04834127 -0.9915159 0.1206091
vn -0.184637 -0.86816 0.4606464
vn -0.04446542 -0.9913633 0.1233253
vn -0.1688589 -0.8671529 0.4685202
vn -0.03802603 -0.9913328 0.1256447
vn -0.1443525 -0.8670004 0.4769127
vn -0.03061002 -0.9912717 0.1280556
vn -0.1160314 -0.8666341 0.4852138
vn -0.08740496 -0.866329 0.4917448
vn -0.07010102 -0.9264199 0.3698538
vn -0.2003845 -0.507767 0.8378247
vn -0.2298654 -0.1448714 0.9623707
vn -0.1991943 -0.1445661 0.9692068
vn -0.1727347 -0.1436201 0.9744255
vn -0.1431928 -0.1019013 0.9844051
vn -0.3213904 0.682577 -0.6563006
vn -0.1973937 0.7084872 -0.6775414
vn -0.2718284 0.0178228 -0.9621571
vn -0.633198 0.7142247 -0.2981353
vn -0.5766472 0.6607868 -0.4804224
vn -0.7359539 0.02294987 -0.6765953
vn -0.6640828 0.02487254 -0.7472152
vn -0.4005249 0.7162084 -0.5714896
vn -0.6295053 0.02691727 -0.776513
vn -0.3821833 0.01818901 -0.9238868
vn -0.5474715 0.02356028 -0.8364513
vn -0.6058534 0.02658158 -0.7950987
vn -0.9437849 0.01901298 -0.3299356
vn -0.428724 0.8814966 -0.1978515
vn -0.8632771 0.02270573 -0.5041963
vn -0.7977843 0.02441477 -0.6024048
vn -0.2587969 0.01745659 -0.9657582
vn -0.2587664 0.01742607 -0.9657582
vn -0.1092562 0.9064608 -0.4078494
vn 0.8026368 0.5690176 -0.1787774
vn 0.920011 0.3844112 -0.07589954
vn 0.2507095 0.9273355 -0.27781
vn 0.1864986 0.07132172 -0.9798578
vn 0.05142366 0.02002012 -0.9984741
vn 0.08371227 0.0351268 -0.9958495
vn 0.3381756 0.03549301 -0.9403973
vn 0.3713187 0.0662862 -0.9261147
vn 0.6091189 0.07779169 -0.7892087
vn 0.5247048 0.1138035 -0.8435927
vn 0.4232001 0.02233952 -0.9057283
vn 0.8401135 0.08520764 -0.5356304
vn 0.7712333 0.08554333 -0.6307566
vn 0.681753 0.08346807 -0.7267678
vn 0.6992706 0.02670365 -0.7143163
vn 0.9685354 0.09933775 -0.2280648
vn 0.9887692 0.05114901 -0.1403546
vn 0.9703665 0.09103667 -0.2236701
vn 0.934904 0.06622517 -0.3485824
vn 0.9007843 0.0966826 -0.4233528
vn 0.8962676 0.03219699 -0.4423047
vn 0.7904294 0.4947355 -0.361095
vn 0.7604907 0.5600147 -0.3286538
vn 0.2359691 0.8612629 -0.4499954
vn 0.792169 0.5585193 -0.2459181
vn 0.7744072 0.3645436 -0.5170446
vn 0.7447432 0.4356822 -0.5054476
vn 0.1867427 0.6519364 -0.7348857
vn 0.7824641 0.459151 -0.4205451
vn 0.799646 0.07608264 -0.5955992
vn 0.7555773 0.1832941 -0.6288644
vn 0.1142918 0.3581652 -0.926603
vn 0.7215491 0.2594684 -0.6418653
vn 0.7709281 0.3073214 -0.5578479
vn 0.0952177 0.03073209 -0.9949644
vn 0.3674123 0.0680868 -0.9275491
vn 0.093234 0.03784292 -0.9949034
vn 0.3597827 0.09576708 -0.9280679
vn 0.09085357 0.04513686 -0.9948118
vn 0.3502304 0.1238136 -0.9284036
vn 0.08767968 0.05368202 -0.9946898
vn 0.3362529 0.1563158 -0.9286782
vn 0.08221685 0.06204408 -0.9946593
vn 0.3158665 0.188757 -0.9298074
vn 0.07663196 0.06991785 -0.9945982
vn 0.2945647 0.2187871 -0.9302347
vn 0.07010102 0.07870721 -0.9944151
vn 0.2678304 0.2512589 -0.9301126
vn 0.06128114 0.08569598 -0.9944151
vn 0.2353892 0.279397 -0.9308451
vn 0.05337685 0.0916776 -0.9943236
vn 0.2056337 0.3023164 -0.9307535
vn 0.04483169 0.09775078 -0.994171
vn 0.1724601 0.324778 -0.929899
vn 0.03628647 0.1008026 -0.994232
vn 0.1406598 0.3394269 -0.9300211
vn 0.03003019 0.1035187 -0.994171
vn 0.1167943 0.3498337 -0.9294717
vn 0.02417063 0.1055635 -0.9941099
vn 0.7340007 0.0821253 -0.6741234
vn 0.6783349 0.1087985 -0.7266152
vn 0.6649067 0.1602221 -0.7295145
vn 0.6474196 0.2121341 -0.7319865
vn 0.620716 0.2721335 -0.7352824
vn 0.5844905 0.3328348 -0.7399518
vn 0.5457625 0.3886227 -0.7423627
vn 0.4953154 0.4480117 -0.7442549
vn 0.4368114 0.5017853 -0.7465743
vn 0.3822138 0.5444197 -0.7466353
vn 0.3201697 0.585223 -0.7449568
vn 0.2620319 0.6147954 -0.7438582
vn 0.2178716 0.633839 -0.7421186
vn 0.8949553 0.134434 -0.425367
vn 0.8789331 0.2027039 -0.4316538
vn 0.8571734 0.2718894 -0.4373608
vn 0.8231452 0.3519394 -0.4455702
vn 0.7775201 0.4337901 -0.4552141
vn 0.7273171 0.5087741 -0.4605548
vn 0.6606647 0.5884884 -0.4659871
vn 0.5839412 0.6617023 -0.4702292
vn 0.5114597 0.7189245 -0.4706259
vn 0.4281136 0.7729118 -0.4682455
vn 0.3505051 0.8130131 -0.4648885
vn 0.2914518 0.8377941 -0.461623
vn 0.9573962 0.1384624 -0.2533036
vn 0.9418622 0.2100589 -0.2621235
vn 0.9201941 0.2831202 -0.2702719
vn 0.8856776 0.3686941 -0.2821131
vn 0.8395032 0.4572283 -0.2934355
vn 0.7870113 0.5392315 -0.2996917
vn 0.7154759 0.6275826 -0.3068636
vn 0.6324351 0.7097079 -0.3103122
vn 0.5532701 0.7732475 -0.3096713
vn 0.4611957 0.8327586 -0.3062227
vn 0.3754692 0.8766747 -0.3006379
vn 0.3112583 0.9029816 -0.2961211
vn 0.6802576 0.1991637 -0.7053438
vn 0.6569719 0.2319101 -0.7173376
vn 0.6557512 0.2706992 -0.7047334
vn 0.6214789 0.3084811 -0.7200843
vn 0.6137883 0.3572192 -0.704001
vn 0.5668508 0.395825 -0.7224647
vn 0.4866482 0.4870754 -0.7251503
vn 0.4538407 0.5483871 -0.7023225
vn 0.3822443 0.5718864 -0.7257912
vn 0.3352153 0.6287118 -0.7016205
vn 0.2836695 0.6358227 -0.7177954
vn 0.6533708 0.4676656 -0.5952941
vn 0.6918241 0.06497389 -0.7191076
vn 0.7046114 0.06570631 -0.7065035
vn 0.6914579 0.09524822 -0.7160863
vn 0.6968902 0.1260109 -0.7059847
vn 0.6773278 0.1607715 -0.7178564
vn 0.3166295 0.04052853 -0.9476608
vn 0.7046114 0.06570631 -0.7065035
vn 0.4146855 0.3115024 -0.8549761
vn 0.2973418 0.6642659 -0.6857509
vn 0.3352153 0.6287118 -0.7016205
vn 0.4092227 0.6088748 -0.6795251
vn 0.4538407 0.5483871 -0.7023225
vn 0.5187842 0.516068 -0.6815394
vn 0.5980712 0.4150517 -0.6855678
vn 0.6137577 0.3572802 -0.704001
vn 0.6498306 0.3203223 -0.6892606
vn 0.6557818 0.2706686 -0.7047029
vn 0.6801965 0.23838 -0.6931364
vn 0.6802576 0.1991943 -0.7053438
vn 0.7009491 0.1647084 -0.6938993
vn 0.6968902 0.1260109 -0.7059847
vn 0.7108066 0.09656053 -0.6966766
vn 0.7312235 0.6234321 -0.2768028
vn 0.7466048 0.558153 -0.361919
vn 0.1251869 0.8756981 -0.4663228
vn 0.6600238 0.1439253 -0.7372967
vn 0.7020173 0.04281747 -0.7108371
vn -0.003204405 0.0921964 -0.9957274
vn 0.7082736 0.3665578 -0.6032594
vn 0.611774 0.4029359 -0.6806543
vn 0.09775078 0.3077181 -0.9464095
vn 0.7400739 0.1975463 -0.6428114
vn 0.5164647 0.3053377 -0.7999817
vn 0.7175512 0.5124363 -0.4716635
vn 0.7525254 0.4356212 -0.4938505
vn 0.08719134 0.6724448 -0.7349773
vn 0.6905729 0.4136479 -0.5932493
vn 0.05896174 0.3584704 -0.9316691
vn 0.6002686 0.6826381 -0.4166997
vn 0.6441237 0.7375714 -0.2025818
vn 0.1267738 0.9782708 -0.1639759
vn 0.7454146 0.6598712 -0.09427165
vn 0.03537094 0.1052583 -0.9938048
vn 0.1242408 0.9766533 -0.1751457
vn 0.08307135 0.9828181 -0.1646779
vn 0.105533 0.9803461 -0.1664785
vn 0.1190832 0.8956878 -0.4284188
vn 0.1133152 0.8857998 -0.4499649
vn 0.1076083 0.9067354 -0.4076967
vn 0.1212806 0.9020356 -0.4141972
vn 0.1315653 0.9318217 -0.3381451
vn 0.07950067 0.9855037 -0.1497543
vn 0.19129 0.9375591 -0.2904751
vn 0.1295816 0.966155 -0.2228766
vn 0.05383461 0.990875 -0.1233558
vn 0.1510056 0.9736015 -0.1709952
vn 0.0673238 0.9889218 -0.1320536
vn 0.1552782 0.9752495 -0.1572313
vn 0.1544846 0.9765923 -0.1495712
vn 0.09799492 0.9850154 -0.141789
vn 0.2299569 0.5502182 -0.8026978
vn 0.1535386 0.6434217 -0.7499313
vn 0.1578722 0.6883144 -0.7079989
vn 0.178991 0.7256081 -0.664388
vn 0.2132633 0.7903379 -0.5743278
vn 0.2425916 0.5023652 -0.8298898
vn 0.1680043 0.3703116 -0.9135716
vn -0.134434 0.3345744 -0.9327067
vn 0.2305978 0.03015226 -0.9725639
vn 0.4602496 0.07943964 -0.8842128
vn 0.237434 0.07367163 -0.9685965
vn 0.8948332 0.0972014 -0.4356517
vn 0.9802851 0.07089447 -0.1843013
vn -0.5204932 0.2776269 -0.8074282
vn 0.9283425 0.2401196 -0.283639
vn 0.1053193 0.3757439 -0.9206824
vn 0.120426 0.6803796 -0.7228614
vn 0.1946775 0.1091952 -0.9747612
vn 0.1585742 0.1100192 -0.9811701
vn 0.08886986 0.1090426 -0.990051
vn 0.1463057 0.7132481 -0.6854152
vn 0.153386 0.01770073 -0.9880062
vn 0.05813771 0.01678514 -0.9981384
vn 0.2551957 0.01855522 -0.9667043
vn 0.1803644 0.7169103 -0.6733909
vn 0.2152776 0.05862605 -0.9747612
vn 0.1947691 0.01843315 -0.9806513
vn 0.1513108 0.01644945 -0.9883419
vn 0.1235694 0.7071749 -0.6961272
vn 0.1230506 0.713126 -0.690115
vn 0.1427045 0.7141026 -0.6853237
vn 0.2038636 0.01718187 -0.9788202
vn 0.1667531 0.7069002 -0.6873379
vn 0.2699057 0.01660203 -0.9627064
vn 0.1875667 0.7138584 -0.6746727
vn 0.2100894 0.7128208 -0.6690878
vn 0.2066103 0.7074801 -0.6758324
vn 0.3304239 0.01571702 -0.9436933
vn 0.2403637 0.7079073 -0.6641133
vn 0.2513809 0.7130345 -0.6545
vn 0.2537919 0.7132786 -0.6532792
vn 0.3714713 0.01727342 -0.928251
vn 0.2618183 0.7110813 -0.6525163
vn 0.2694479 0.713187 -0.6471145
vn 0.2677694 0.7130345 -0.647969
vn 0.3753166 0.01745659 -0.926725
vn 0.2674032 0.7131565 -0.647969
vn 0.2566301 0.7135533 -0.6518449
vn 0.2515946 0.71807 -0.648854
vn 0.3349406 0.01876884 -0.9420453
vn 0.2369762 0.7131565 -0.6596881
vn 0.2126834 0.7140416 -0.666982
vn 0.2195196 0.7193823 -0.6589862
vn 0.1973326 0.7159032 -0.6696982
vn 0 0.01745659 -0.9998474
vn 0 0.9036226 -0.4282662
vn 0.402356 0.9125034 -0.07354956
vn 0.9998474 0.01742607 0
vn 0.9487594 0.2560198 0.1850947
vn 0.7755669 0.604358 0.182165
vn 0.6789148 0.7119053 0.1795098
vn 0.792993 0.607593 0.04428231
vn 0.8799402 0.4728538 0.04574722
vn 0.8774682 0.4795678 0.003875792
vn 0.7134922 0.6995453 0.03872793
vn 0.7882626 0.6153142 -0.002563536
vn -0.03033536 0.9992981 -0.02124083
vn -0.02197331 0.9996643 -0.01144438
vn 0.03607285 0.9993286 -0.004547238
vn 0.8104496 0.5517136 0.1967833
vn 0.8347728 0.5178991 0.1867427
vn 0.8482314 0.4996491 0.175634
vn 0.8493912 0.4966277 0.1784722
vn 0.8737449 0.455855 0.1694692
vn 0.9025239 0.3985107 0.1629993
vn 0.8914151 0.4247871 0.1577807
vn 0.9172644 0.368572 0.150853
vn 0.939848 0.3078097 0.1478621
vn 0.9718009 0.1963561 0.1303445
vn 0.9794 0.1572313 0.1265907
vn 0.9777215 0.163274 0.1318399
vn 0.9857784 0.1182592 0.1192358
vn 0.9906003 0.06357002 0.1210669
vn 0.9885556 0.0849635 0.124607
vn 0.9921568 0.0433973 0.117191
vn 0.3199256 0.9466537 0.03848379
vn 0.6851406 0.7235633 0.08359014
vn -0.00061037 0.9992066 -0.03967404
vn -0.03378397 0.9986267 -0.03979611
vn 0.000488296 0.999054 -0.0428785
vn 0.007080256 0.9992676 -0.03720206
vn 0.02056944 0.9979858 -0.05969417
vn 0.007324397 0.9980773 -0.06137269
vn 0.0325632 0.9979248 -0.05511641
vn 0.0190435 0.9985656 -0.04959255
vn 0.02398753 0.9982299 -0.05435341
vn 0.008301019 0.9985656 -0.05258339
vn -0.00021363 0.9987487 -0.04965358
vn -0.002655088 0.9989013 -0.04657119
vn -0.001953184 0.9990234 -0.04409921
vn 0.04773092 0.9963683 -0.07037568
vn 0.03219699 0.997528 -0.06195253
vn 0.0587176 0.9963378 -0.06170839
vn 0.02999967 0.9977416 -0.05993831
vn 0.08169806 0.9941099 -0.07089447
vn 0.04748678 0.9964904 -0.06881922
vn 0.1070284 0.99176 -0.07016205
vn 0.1661427 0.9825434 -0.08346807
vn 0.1908017 0.9784539 -0.07870721
vn 0.2112186 0.9734794 -0.08758813
vn 0.2867214 0.9534288 -0.09341716
vn 0.302591 0.9494919 -0.08282721
vn 0.3426618 0.9338969 -0.1018403
vn 0.4858241 0.8673666 -0.1077914
vn 0.4433424 0.8902249 -0.1044343
vn 0.4447767 0.8915982 -0.08456677
vn 0.3738517 0.9222999 -0.09775078
vn 0.636433 0.7651296 -0.09726244
vn 0.5921506 0.7974181 -0.1157872
vn 0.6001465 0.7953124 -0.08505505
vn 0.5303202 0.8414258 -0.1034272
vn 0.8231757 0.5616016 -0.083346
vn 0.8022401 0.593524 -0.06396675
vn 0.7451705 0.6617329 -0.08255255
vn 0.756798 0.6442152 -0.1104465
vn 0.7030549 0.7054353 -0.08957183
vn 0.8492386 0.5223548 -0.07675403
vn 0.9195532 0.3869137 -0.06817835
vn 0.9107028 0.4064455 -0.07342749
vn 0.9071932 0.4206366 -0.003234922
vn 0.8595538 0.5040437 -0.08407849
vn 0.9588611 0.2784814 -0.05496382
vn 0.980163 0.192999 -0.04470956
vn 0.9750664 0.2129886 -0.06195253
vn 0.971923 0.2332224 -0.03064054
vn 0.9513535 0.2998138 -0.0705893
vn 0.9466232 0.3213294 -0.02490305
vn 0.9948118 0.08474987 -0.05594038
vn 0.9955748 0.093234 -0.01001006
vn 0.9907834 0.1289407 -0.04110842
vn 0.9877926 0.1430708 -0.06149476
vn 0.9866024 0.1603747 -0.02890098
vn 0.999054 0.03158664 -0.02951139
vn 0.9986267 0.04879909 -0.01763969
vn 0.9964599 0.07522809 -0.03735464
vn 0.4404126 0.8975189 -0.02130192
vn 0.9985046 0.02502512 -0.04834127
vn 0.9990845 0.02673417 -0.03244113
vn 0.6921598 0.7215796 -0.0145573
vn 0.9987792 0.04614394 -0.01608324
vn 0.9976196 0.06845301 -0.00766009
vn 0.6924345 0.721427 -0.003418028
vn 0.9977416 0.06466871 0.01721239
vn 0.6928617 0.7209998 0.007446467
vn 0.9981384 0.05984675 0.00979644
vn 0.9951476 0.06939905 0.06961268
vn 0.9970702 0.05484175 0.05301064
vn 0.996765 0.06726276 0.04333627
vn 0.6912443 0.72219 0.02453684
vn 0.9979248 0.05569624 0.03176975
vn 0.6801355 0.7310404 0.05417031
vn 0.9915464 0.1070284 0.07293921
vn 0.9947813 0.05832082 0.083346
vn 0.9927976 0.07303076 0.09482097
vn 0.9903562 0.07870721 0.1139256
vn 0.9930418 0.04983669 0.1065401
vn 0.6881924 0.722129 0.0698263
vn 0.9920652 0.04300057 0.1180761
vn 0.6879482 0.7213355 0.07965326
vn 0.9587085 0.2485427 0.1381573
vn 0.9538255 0.2658467 0.1397137
vn 0.9462874 0.2857448 0.150914
vn 0.9306619 0.3371685 0.141911
vn 0.7250587 0.6533097 0.2177495
vn 0.762627 0.6123539 0.2081972
vn 0.6854152 0.6984772 0.2056642
vn 0.6554155 0.7225868 0.2196112
vn 0.6915189 0.688345 0.2189397
vn 0.6257515 0.7502976 0.2132023
vn 0.5954772 0.7791681 0.195532
vn 0.5993835 0.7725151 0.2095706
vn 0.5041963 0.8451186 0.1774346
vn 0.4135258 0.8976715 0.1521347
vn 0.4590594 0.8718222 0.17069
vn 0.4942778 0.8500015 0.1820124
vn 0.5417646 0.8178045 0.1940672
vn 0.5660573 0.7999207 0.1991332
vn 0.2704245 0.955504 0.1177404
vn 0.3355816 0.9325236 0.1331828
vn 0.3233131 0.9385358 0.1207617
vn 0.372631 0.9166845 0.144261
vn 0.4102298 0.8984344 0.1565294
vn 0.187292 0.9770501 0.1011688
vn 0.1222266 0.9888913 0.08453625
vn 0.1365398 0.9871822 0.08246099
vn 0.06033504 0.9970702 0.04629653
vn 0.09775078 0.9929197 0.06720173
vn 0.04910427 0.9964293 0.06839197
vn 0.000579852 0.9975891 0.06921595
vn 0.007843255 0.997528 0.06967371
vn -0.002960264 0.9985351 0.05355995
vn -0.01098662 0.9993897 0.03259372
vn 0.03683578 0.9992981 0.005371212
vn -0.0137028 0.9996643 0.02063047
vn -0.01098662 0.9993897 0.03259372
vn -0.01599168 0.9998169 -0.007202327
vn -0.01611375 0.9998474 -0.002777159
vn 0.07589954 0.9969481 0.01757866
vn -0.02328562 0.9996948 0.005645871
vn -0.02136296 0.9997254 0.007721126
vn -0.02722251 0.9992981 -0.02511668
vn -0.03769034 0.9987182 -0.03372293
vn -0.02893149 0.9992066 -0.02731406
vn 0.01425212 0.9996643 -0.0208441
vn 0.3162023 0.9486069 0.01089507
vn 0.2979827 0.9542223 -0.02484202
vn 0.1958983 0.9805902 -0.000152593
vn 0.1774041 0.9837031 -0.02923673
vn 0.1100497 0.9938658 -0.009247064
vn 0.09274572 0.9951476 -0.03250217
vn 0.05301064 0.9984436 -0.01666307
vn 0.03811758 0.9986267 -0.03543198
vn 0.2945647 0.953795 -0.05887019
vn 0.1765801 0.982635 -0.05691701
vn 0.08395642 0.9949034 -0.05536055
vn 0.6450392 0.7619251 0.05758839
vn 0.612415 0.7900326 0.0275582
vn 0.4682455 0.8833582 0.01965391
vn 0.6005432 0.7994629 -0.01245152
vn 0.4525284 0.8915372 -0.01892143
vn 0.5921201 0.8037049 -0.05847346
vn 0.4454177 0.8933683 -0.05877864
vn 0.7017731 0.7123326 -0.007507503
vn 0.7778863 0.6269112 -0.04324471
vn 0.6880093 0.723716 -0.05337685
vn 0.9712821 0.2374645 0.01367229
vn 0.9394208 0.3426008 0.009643793
vn 0.9394818 0.3392437 0.04727315
vn 0.9336833 0.3569139 -0.02816855
vn 0.9681387 0.2495498 -0.02026426
vn 0.9850154 0.1716971 -0.01419109
vn 0.8686484 0.4940336 -0.03607285
vn 0.7487716 0.658742 -0.07306128
vn 0.8641011 0.4998322 -0.05847346
vn 0.9927976 0.1109347 0.0451979
vn 0.9936827 0.1105075 0.01791435
vn 0.993286 0.1151158 -0.01028472
vn 0.9229713 0.3636891 0.1256142
vn 0.8767968 0.4725181 0.08883935
vn 0.7835627 0.6152226 0.08645892
vn 0.7831965 0.6068911 0.1349528
vn 0.8672445 0.4796289 0.1333354
vn 0.9343547 0.3457747 0.08597064
vn 0.9704581 0.23661 0.04690694
vn 0.9658803 0.2459486 0.08111816
vn 0.9565111 0.2677084 0.1156651
vn 0.9648732 0.2280953 0.1302835
vn 0.986816 0.1275674 0.09927672
vn 0.9817805 0.1495407 0.1171605
vn 0.9864498 0.1631214 0.01623582
vn 0.9855037 0.1632435 0.04593032
vn 0.9822382 0.1713004 0.07623523
vn 0.9759514 0.1903439 0.1061434
vn 0.240669 0.966155 0.0927152
vn 0.2049317 0.976043 0.07293921
vn 0.1294595 0.9898984 0.05728322
vn 0.1358073 0.9900205 0.03735464
vn 0.2396923 0.9641408 0.1136509
vn 0.6772973 0.718955 0.1559495
vn 0.5504319 0.8227485 0.1417279
vn 0.5732597 0.8027894 0.1638233
vn 0.4325999 0.8933683 0.1211279
vn 0.467452 0.8726768 0.1409345
vn 0.3283792 0.9395123 0.09732353
vn 0.3691824 0.9222083 0.1149021
vn 0.209357 0.9746086 0.0793786
vn 0.2764672 0.9567553 0.09018218
vn 0.08465832 0.9963683 0.0055238
vn 0.1466109 0.9890133 0.01803642
vn 0.2039857 0.9774163 0.05487227
vn 0.2345957 0.9714347 0.03469949
vn 0.3458052 0.9350872 0.07730334
vn 0.3519394 0.9348125 0.04748678
vn 0.5109104 0.854854 0.09027373
vn 0.6628925 0.7374798 0.1289712
vn 0.5298624 0.840144 0.1155736
vn 0.4000061 0.9117405 0.09305089
vn 0.294351 0.9529405 0.07235938
vn 0.6612446 0.7427595 0.1049836
vn 0.6466872 0.7586596 0.07858514
vn 0.4926603 0.8678243 0.06381416
vn 0.4577166 0.8877835 0.04806661
vn -0.9983825 0.05325478 0.01876884
vn -0.9980773 0.05191195 0.03372293
vn -0.9944761 0.1025422 0.02172917
vn -0.9374676 0.3473007 0.02221745
vn -0.9177526 0.3960082 0.02948087
vn -0.9243141 0.3809931 0.02059996
vn -0.4969939 0.8658711 0.05661183
vn -0.4554888 0.8882107 0.05948054
vn -0.4672079 0.8828395 0.04757833
vn -0.1785943 0.9814142 0.0698263
vn -0.1440473 0.9869991 0.07101655
vn -0.1953794 0.9791864 0.05441445
vn -0.1016571 0.9943846 0.02865684
vn -0.1075778 0.994171 0.005767941
vn -0.998291 0.02264469 -0.05362099
vn -0.9987792 0.04705953 -0.01318395
vn -0.9947203 0.1015045 -0.01330602
vn -0.9938658 0.09445476 -0.05746632
vn -0.9963988 0.06436353 -0.05471968
vn -0.9907224 0.1248512 -0.05365151
vn -0.9797968 0.1994384 -0.0135197
vn -0.983459 0.172277 -0.05542159
vn -0.9588 0.2836695 -0.01367229
vn -0.9733878 0.2225104 -0.05471968
vn -0.9794 0.1931211 -0.05893123
vn -0.943144 0.3278909 -0.05438393
vn -0.949675 0.3084506 -0.05410927
vn -0.9317911 0.3626819 -0.01254308
vn -0.961333 0.270394 -0.05178987
vn -0.9683828 0.2438734 -0.05246126
vn -0.9305704 0.3621631 -0.05310219
vn -0.895291 0.4453566 -0.01004058
vn -0.9078952 0.4158757 -0.05240023
vn -0.8818934 0.4684897 -0.05203402
vn -0.8486893 0.5287942 -0.007599055
vn -0.8722801 0.4860378 -0.05322426
vn -0.8505814 0.5231788 -0.05243074
vn -0.7908872 0.6119266 -0.005828976
vn -0.8346812 0.5487228 -0.04635757
vn -0.810358 0.5836665 -0.05099642
vn -0.7228309 0.6909696 -0.004425168
vn -0.7718741 0.6336863 -0.05105745
vn -0.5621204 0.8270211 -0.003845274
vn -0.6843165 0.7280801 -0.03973507
vn -0.6453139 0.7638783 -0.003662168
vn -0.7348247 0.6759545 -0.05563521
vn -0.7617725 0.645497 -0.05413979
vn -0.6120487 0.7878658 -0.06793415
vn -0.6266976 0.7767876 -0.06179994
vn -0.5603199 0.8281198 -0.01382488
vn -0.6678671 0.7437666 -0.02734458
vn -0.671041 0.7412946 -0.01132231
vn -0.563921 0.8232063 -0.06543165
vn -0.4709311 0.8820155 -0.01635789
vn -0.5426191 0.8373364 -0.06619465
vn -0.5006867 0.8628193 -0.06921595
vn -0.3822748 0.9238258 -0.01940977
vn -0.4723655 0.8789331 -0.06570631
vn -0.4150212 0.9083834 -0.05038601
vn -0.2969756 0.9545885 -0.02233952
vn -0.3258156 0.9449751 -0.02880942
vn -0.2104861 0.9772637 -0.02453684
vn -0.2236701 0.9740898 -0.03247165
vn -0.2685934 0.9630726 -0.01709032
vn 0.03756827 0.9222388 0.3847469
vn -0.3263649 0.944731 -0.03088468
vn -0.07806634 0.9963378 -0.03442484
vn -0.09961241 0.9943541 -0.03588974
vn -0.1136814 0.9931333 -0.02740561
vn -0.1669057 0.9853511 -0.03430277
vn -0.2067629 0.9778131 -0.03344827
vn -0.0414136 0.998413 -0.03787344
vn -0.1144139 0.9933775 -0.01034575
vn -0.0936613 0.9938048 0.05951106
vn -0.04608291 0.9963073 0.07214576
vn -0.09671312 0.992645 0.07272559
vn -0.2889187 0.9558702 0.05291908
vn -0.2733238 0.959685 0.06521803
vn -0.2496414 0.9664297 0.06054872
vn -0.3797113 0.9237037 0.05063021
vn -0.4232001 0.904294 0.05566573
vn -0.3658559 0.9285867 0.06201356
vn -0.3315836 0.9415571 0.0590533
vn -0.5499741 0.8333079 0.05539107
vn -0.5540025 0.8313853 0.0432142
vn -0.5816218 0.8112125 0.05972468
vn -0.621662 0.7811823 0.05713063
vn -0.6346019 0.7717521 0.04028439
vn -0.6588336 0.7501145 0.05664235
vn -0.6961882 0.7158116 0.05325478
vn -0.7091281 0.7040925 0.03650009
vn -0.7301554 0.6812342 0.0525223
vn -0.7573474 0.6512345 0.04763936
vn -0.7768792 0.6287729 0.03234958
vn -0.7808771 0.6229438 0.04599136
vn -0.8343455 0.5503708 0.03027433
vn -0.8230232 0.5666067 0.03955197
vn -0.808771 0.5871762 0.03280735
vn -0.8841518 0.4664754 0.02539139
vn -0.9047212 0.4253365 0.02270573
vn -0.874691 0.4834437 0.03396707
vn -0.8583025 0.5122837 0.02905356
vn -0.9572436 0.2883083 0.02258366
vn -0.9567858 0.2903226 0.01635789
vn -0.9682608 0.2483291 0.02780234
vn -0.9790948 0.2013306 0.02877891
vn -0.9798883 0.1987365 0.01745659
vn -0.9878537 0.1522568 0.03024381
vn -0.9939268 0.1047395 0.03299045
vn -0.9979553 0.05313271 0.0348826
vn -0.9980062 0.05373781 0.03310269
vn -0.9980062 0.05373781 0.03310269
vn -0.9980062 0.05373781 0.03310269
vn -0.9973754 0.07040619 -0.0155034
vn -0.9944151 0.1054414 -0.000183111
vn -0.9985046 0.05423134 -0.001312255
vn -0.9986267 0.05194246 0.005920588
vn -0.3886532 0.9213233 -0.008301019
vn -0.4036683 0.9148228 0.00955224
vn -0.302591 0.9530625 -0.009155511
vn -0.3001495 0.953856 0.006500422
vn -0.213599 0.976867 -0.009949028
vn -0.2094485 0.9777826 0.006927669
vn -0.4766076 0.8790552 -0.005645871
vn -0.3857539 0.9222999 0.02209538
vn -0.2956938 0.9549242 0.02499461
vn -0.2031922 0.9787591 0.0266121
vn -0.9797052 0.2003235 -0.001953184
vn -0.9573351 0.2889187 -0.001739501
vn -0.927366 0.3741264 3.05185e-05
vn -0.8884549 0.4589068 0.003173887
vn -0.840022 0.5424665 0.006988704
vn -0.7818537 0.6233406 0.010773
vn -0.7145299 0.6994232 0.01406902
vn -0.6393322 0.7687003 0.016541
vn -0.5580005 0.8296152 0.01818901
vn -0.4726402 0.8810083 0.01934874
vn -0.9840999 0.008453607 -0.177343
vn -0.9867855 0.01977598 -0.160741
vn -0.9614246 0.000732444 -0.2749718
vn -0.9553514 0.01174962 -0.2952055
vn -0.9582202 0.002441465 -0.2858974
vn -0.9216285 0.0134586 -0.3877987
vn -0.9860836 0.0525223 -0.1575365
vn -0.9830622 0.09411907 -0.1570482
vn -0.9669485 0.1998657 -0.1581164
vn -0.9732658 0.1667531 -0.1577807
vn -0.9786676 0.1307412 -0.1583605
vn -0.9597766 0.2305063 -0.1602526
vn -0.9499496 0.2688986 -0.1589404
vn -0.8842128 0.4375134 -0.1633656
vn -0.9060335 0.3906369 -0.1626942
vn -0.937376 0.3097018 -0.1592456
vn -0.9228492 0.3502914 -0.159978
vn -0.860622 0.4821009 -0.1639149
vn -0.8414564 0.5121616 -0.1720328
vn -0.810297 0.5599536 -0.1726432
vn -0.7752922 0.6059755 -0.1779534
vn -0.7385174 0.6484878 -0.1844539
vn -0.6688436 0.7195959 -0.1865291
vn -0.7008881 0.6870937 -0.1914426
vn -0.9559618 0.03555405 -0.2912076
vn -0.9548326 0.05667287 -0.2916654
vn -0.9533372 0.07556378 -0.2922452
vn -0.9515976 0.09381389 -0.292642
vn -0.9495529 0.1107516 -0.2933439
vn -0.9470809 0.1265297 -0.2949004
vn -0.9442732 0.1467024 -0.2945952
vn -0.9403363 0.1677907 -0.2959074
vn -0.9358196 0.1889401 -0.2974639
vn -0.9304788 0.2105777 -0.2997223
vn -0.9237648 0.2359996 -0.3014923
vn -0.9165014 0.2603839 -0.3035981
vn -0.9098483 0.2768945 -0.3089694
vn -0.900174 0.3043001 -0.3115329
vn -0.88876 0.3309732 -0.3170263
vn -0.8766442 0.3564562 -0.3230689
vn -0.8640095 0.3804743 -0.329661
vn -0.8543657 0.4013794 -0.3299661
vn -0.9206824 0.02209538 -0.3896298
vn -0.9204688 0.02752768 -0.3897824
vn -0.9201636 0.03234958 -0.3901486
vn -0.9198279 0.0368663 -0.3905454
vn -0.9196448 0.0414136 -0.3905149
vn -0.9190955 0.04516738 -0.3913694
vn -0.9188818 0.05053859 -0.3912168
vn -0.9182714 0.05575728 -0.3919492
vn -0.9176306 0.061037 -0.3926512
vn -0.9169286 0.06668293 -0.3934141
vn -0.9160741 0.07327491 -0.3942076
vn -0.9151281 0.07947015 -0.3952147
vn -0.9140294 0.08371227 -0.3968627
vn -0.9128391 0.09100615 -0.3979919
vn -0.9112522 0.09808647 -0.3999451
vn -0.9095432 0.1047395 -0.4021119
vn -0.9077426 0.1111789 -0.4044618
vn -0.9065218 0.1216773 -0.4042177
vn -0.8797265 0.2403637 -0.4101993
vn -0.9061556 0.01742607 -0.4225288
vn -0.4256722 0.8828089 -0.1984618
vn -0.2659993 0.01971495 0.963744
vn -0.1729179 0.7106235 0.6819666
vn -0.2533951 0.01745659 0.9671926
vn -0.1569262 0.7093417 0.6871243
vn -0.2068239 0.01635789 0.9782098
vn -0.1423993 0.7137364 0.6857509
vn -0.1804254 0.01660203 0.9834285
vn -0.1220435 0.7063204 0.6972564
vn -0.15421 0.01696825 0.9878842
vn -0.05032497 0.9300516 0.3638722
vn -0.1297647 0.01757866 0.9913633
vn 0.1905881 0.7411115 0.643727
vn 0.3390911 0.7411115 0.5794245
vn 0.4679098 0.7411115 0.4814295
vn 0 1 0
vn 0 1 0
vn 0 1 0
vn 0 1 0
vn 0.03097623 0.7411115 0.6706442
vn 0 1 0
vn 0.2842189 0.7411115 -0.6082339
vn 0 1 0
vn 0 1 0
vn 0 1 0
vn 0 1 0
vn 0.5343181 0.7411115 -0.406476
vn 0 1 0
vn 0.6160771 0.7411115 -0.2667928
vn 0 1 0
vn 0.6620075 0.7411115 -0.1116062
vn 0.4215217 0.7411115 -0.522538
vn 0 1 0
vn 0.5695365 0.7411115 0.3554491
vn 0 1 0
vn 0.6380505 0.7411115 0.2088076
vn 0 1 0
vn 0 1 0
vn 0 1 0
vn 0 1 0
vn 0 1 0
vn 0 1 0
vn 0 1 0
vn 0 1 0
vn 0.6694846 0.7411115 0.05005031
vn 0 1 0
vn 0 1 0
vn 0.03152561 -0.7293313 0.683401
vn 0.1941893 -0.7293313 0.6559649
vn 0.3455611 -0.7293313 0.5904416
vn 0.4768212 -0.7293313 0.490585
vn 0.5803705 -0.7293313 0.3622242
vn 0.6501969 -0.7293313 0.2128055
vn 0.6822108 -0.7293313 0.05099642
vn 0.6746116 -0.7293313 -0.113712
vn 0.6277962 -0.7293313 -0.2718589
vn 0.5444808 -0.7293313 -0.4141972
vn 0.4295175 -0.7293313 -0.5324565
vn 0.2896206 -0.7293313 -0.6198004
vn -0.307474 -0.6872768 0.6580401
vn -0.4560381 -0.6872768 0.5653554
vn -0.5780816 -0.6872768 0.4397717
vn -0.6665548 -0.6872768 0.2886441
vn -0.7162389 -0.6872768 0.1207007
vn -0.7243263 -0.6872768 -0.05417031
vn -0.6903287 -0.6872768 -0.2259285
vn -0.6161992 -0.6872768 -0.3845638
vn -0.506241 -0.6872768 -0.5208594
vn -0.3668935 -0.6873074 -0.6268807
vn -0.206183 -0.6872768 -0.6964629
vn -0.03347879 -0.6873074 -0.7255775
vn -0.03097623 -0.7411115 -0.6706137
vn -0.1905881 -0.7411115 -0.643727
vn -0.3390911 -0.7411115 -0.5793939
vn -0.4679098 -0.7411115 -0.4814295
vn -0.5695365 -0.7411115 -0.3554491
vn -0.6380505 -0.7411115 -0.2088076
vn -0.6694846 -0.7411115 -0.05005031
vn -0.6620075 -0.7411115 0.1116062
vn -0.6160771 -0.7411115 0.2667928
vn -0.5343181 -0.7411115 0.406476
vn -0.4215217 -0.7411115 0.522538
vn -0.2841883 -0.7411115 0.6082034
vn 0.02148503 -0.9967345 -0.07751697
vn 0.02270573 -0.9922788 -0.1216773
vn 0.06393623 -0.9933165 -0.09595018
vn 0.0351268 -0.9927976 -0.1143528
vn 0.01953184 -0.9919126 -0.12537
vn 0.01947081 -0.9913633 -0.129429
vn 0.02670365 -0.9912717 -0.1290017
vn 0.09164708 -0.9924314 -0.08163696
vn 0.8358715 -0.2190313 -0.5033113
vn 0.8496353 -0.07031464 -0.5226295
vn 0.736198 -0.1471602 -0.6605121
vn 0.3567003 -0.9256264 -0.1262856
vn 0.5671865 -0.7641224 -0.3071993
vn 0.6378979 -0.5149083 -0.5726493
vn 0.6667379 -0.6405835 -0.380871
vn 0.7736442 -0.4564043 -0.439436
vn 0.3617359 -0.8741722 -0.323954
vn 0.4025697 -0.1448103 -0.9038362
vn 0.2941984 -0.1481673 -0.9441511
vn 0.2544633 -0.5187231 -0.8161565
vn 0.1532945 -0.1467024 -0.9772027
vn 0.1329081 -0.5117344 -0.8487808
vn 0.1423688 -0.8770409 -0.4588153
vn 0.07593005 -0.8707236 -0.4858241
vn 0.5484176 -0.1493576 -0.822718
vn 0.4724571 -0.5233924 -0.7090671
vn 0.2623981 -0.8809168 -0.3938108
vn 0.1460005 -0.7668691 -0.624958
vn 0.1525009 -0.8730735 -0.4630573
vn 0.112125 -0.8651387 -0.4887539
vn 0.08209478 -0.9481796 -0.3068636
vn 0.2041383 -0.5143895 -0.8328806
vn 0.2526017 -0.3774224 -0.8908963
vn 0.2054506 -0.5487838 -0.810297
vn 0.2376476 -0.1371502 -0.9616077
vn 0.266274 -0.06775104 -0.9614856
vn 0.2462233 -0.2504654 -0.9362468
vn 0.1477706 -0.1448714 -0.9783319
vn 0.07397687 -0.8673055 -0.4922025
vn 0.1279641 -0.5084078 -0.8515275
vn 0.17481 -0.5077059 -0.8435621
vn 0.1678823 -0.1460615 -0.9749138
vn 0.2013916 -0.1457869 -0.968566
vn 0.1012299 -0.8665731 -0.4886013
vn 0.2203131 -0.01855522 -0.975219
vn 0.1562242 -0.01977598 -0.987518
vn 0.1928769 -0.01818901 -0.981048
vn 0.2332224 -0.01611375 -0.9722587
vn 0.7344279 -0.0178228 -0.6784265
vn 0.4979095 -0.01913505 -0.8670004
vn 0.584521 -0.0205084 -0.8110904
vn 0.4394971 -0.01965391 -0.8980072
vn 0.6759545 -0.01922661 -0.7366863
vn 0.9595935 -0.06289863 -0.2741478
vn 0.9269387 -0.02246159 -0.3745232
vn 0.9956969 -0.04269534 0.08218634
vn 0.9391766 -0.02356028 0.3425703
vn 0.9601123 -0.01739555 0.2789697
vn 0.9904477 -0.01873832 0.1364177
vn 0.9926756 -0.01898247 -0.1192358
vn 0.9210487 -0.09872734 0.37669
vn 0.9107944 -0.3595386 0.202826
vn 0.7632374 -0.6436049 -0.05648976
vn 0.9320353 -0.06396675 0.3566393
vn 0.9687796 -0.2118595 0.128605
vn 0.9368878 -0.03970456 0.3472701
vn 0.9895017 -0.1078524 0.09595018
vn 0.9005707 -0.3913694 -0.1891232
vn 0.948088 -0.1880245 -0.2564165
vn 0.9339885 -0.02172917 -0.3565477
vn 0.8719138 -0.02764976 0.4888455
vn 0.9995117 -0.02768027 0.01254308
vn 0.6592914 -0.02197331 0.7515488
vn 0.9997254 -0.022309 -0.000915555
vn 0.6855068 -0.02233952 0.7276834
vn 0.9481185 -0.02215641 0.3170873
vn 0.3729362 -0.01986753 0.9276101
vn 0.9618213 -0.01922661 0.2729576
vn 0.5494858 -0.02719199 0.8350475
vn -0.1151158 -0.02148503 0.9931028
vn 0.170629 -0.02746665 0.9849238
vn 0.8344676 -0.02270573 0.5505234
vn -0.2047792 0.7170934 0.6661885
vn -0.1607715 0.7002472 0.6955474
vn -0.1026948 0.7187414 0.6876431
vn -0.1235084 0.7020783 0.7012848
vn -0.2577899 0.702292 0.6635335
vn -0.2296518 0.6918546 0.6844996
vn -0.1936705 0.7027497 0.6845301
vn -0.1586657 0.6893521 0.7068087
vn -0.2590716 0.7014374 0.6639607
vn -0.2552873 0.7008576 0.6660054
vn -0.2573626 0.7010407 0.6650288
vn 0 1 0
vn 0 1 0
vn 0 1 0
vn 0 1 0
vn 0 1 0
vn 0 1 0
vn 0 1 0
vn 0 1 0
vn 0 0.9999695 0
vn 0 1 0
vn 0 1 0
vn 0 1 0
vn 0 1 0
vn 0 1 0
vn 0 1 0
vn 0 1 0
vn 0 0.9999695 0
vn 0 0.9999695 0
vn 0 1 0
vn 0 1 0
vn 0 1 0
vn 0 0.9999695 0
vn 0 0.9999695 0
vn 0 1 0
vn 0 1 0
vn 0 1 0
vn 0 1 0
vn 0 1 0
vn 0 1 0
vn 0 1 0
vn 0 1 0
vn 0 1 0
vn 0 0.9999695 0
vn 0 1 0
vn 0 1 0
vn 0 1 0
vn 0 1 0
vn 0 1 0
vn 0 1 0
vn 0 1 0
vn 0 1 0
vn 0 1 0
vn 0 1 0
vn 0 0.9999695 0
vn 0.99588 -0.09060943 0
vn 0.9901731 -0.09775078 0.09970396
vn 0.9489731 -0.3152867 -6.1037e-05
vn 0.9781183 -0.1837519 0.09747612
vn 0.8870205 -0.4616535 -0.006469905
vn 0.9345073 -0.3421735 0.09772026
vn 0.7948546 -0.606769 -0.000518815
vn 0.8630635 -0.4951323 0.09970396
vn 0.6867275 -0.7268899 -0.00314337
vn 0.7740715 -0.6254768 0.09765923
vn 0.6436659 -0.7652516 -0.003479063
vn -0.08932763 0.9915464 0.09384441
vn -0.09442424 0.9903867 0.1008331
vn 0.2577288 0.9634693 0.07272559
vn -0.3964965 -0.9177221 0.02343821
vn -0.4670553 -0.8842128 0.004577755
vn -0.3243812 -0.9459212 -0.001525878
vn -0.9978942 -0.0406506 0.05038601
vn -0.9601734 -0.2727439 0.06009089
vn -0.9116489 -0.4079715 0.04934841
vn 0.2889493 -0.8032777 -0.5207679
vn 0.2690512 -0.8321177 -0.4849391
vn -0.03201389 -0.87463 -0.4836878
vn 0.1241188 -0.9559313 -0.2659688
vn 0.05664235 -0.9771416 -0.2048097
vn -0.2082888 -0.9609058 -0.1823786
vn -0.9609974 -0.2758568 0.01815849
vn -0.2849513 -0.9563891 -0.06384468
vn -0.8184759 -0.5743889 -0.01123076
vn -0.6070132 -0.7944884 0.01733446
vn -0.7277749 -0.6852931 0.02563554
vn -0.1385235 -0.9476302 -0.287698
vn 0.2792139 -0.9228187 -0.2653279
vn 0.1939756 -0.9429609 -0.2704855
vn 0.2406384 -0.9005707 -0.361919
vn -0.1040986 -0.9203467 -0.3769646
vn -0.7658925 -0.5987732 -0.234199
vn -0.7762078 -0.6074099 -0.1688589
vn -0.9512314 -0.2901089 -0.1046479
vn -0.9399396 -0.2521439 -0.2300485
vn -0.9416181 -0.2705771 -0.2002014
vn -0.9996033 -0.005615353 -0.02645951
vn -0.9997559 -0.01184117 -0.0180059
vn 0.4557634 -0.549089 -0.7005219
vn 0.4300974 -0.575396 -0.6956084
vn 0.1131016 -0.6816309 -0.7228614
vn 0.4181036 -0.6220588 -0.661916
vn -0.9965209 0.05066072 -0.06570631
vn -0.9203162 -0.1158788 -0.373516
vn -0.9970702 0.03820914 -0.06622517
vn 0.5720084 -0.03601181 -0.819422
vn 0.6161992 -0.1536912 -0.7724235
vn 0.2604449 0.006836116 -0.965453
vn 0.2544328 -0.1211889 -0.9594409
vn 0.1107822 0.1934263 -0.9748222
vn 0.04998928 0.3126011 -0.9485458
vn 0.06100648 0.4015015 -0.9138157
vn -0.2131107 0.9484543 -0.2345042
vn -0.1882382 0.9755547 -0.1131931
vn -0.1472213 0.9358196 -0.3202307
vn 0.1109042 0.06747639 -0.9915159
vn 0.1173437 0.06753742 -0.9907834
vn 0.05691701 0.3133946 -0.9479049
vn 0.1402325 0.07052826 -0.987579
vn 0.1488693 0.06967371 -0.9863888
vn -0.3043001 0.9237343 -0.2325205
vn -0.3591418 0.9329509 0.02471995
vn -0.3295693 0.9437849 0.02526932
vn -0.2567522 0.9378948 -0.2332224
vn -0.3288369 0.9441816 0.01892143
vn -0.3035676 0.9525132 0.02331614
vn 0.06375312 0.3114719 -0.948088
vn 0.1618396 0.06845301 -0.9844051
vn 0.1730704 0.06805628 -0.9825434
vn 0.07055878 0.3067415 -0.9491562
vn 0.1812189 0.06561475 -0.9812311
vn 0.1925107 0.06711018 -0.9789727
vn 0.07376319 0.306711 -0.948912
vn 0.2024292 0.06512647 -0.9771111
vn -0.6457717 0.7630238 0.02694779
vn -0.62331 0.7813349 0.03112888
vn -0.5668508 0.7835627 -0.2543413
vn -0.5156713 0.8205817 -0.2463148
vn -0.6182745 0.785638 0.02154606
vn -0.5937071 0.8042543 0.02511668
vn -0.4647969 0.8521378 -0.2403332
vn -0.5637379 0.8256173 0.02279728
vn -0.5375225 0.8427992 0.02722251
vn 0.09823906 0.2814112 -0.9545274
vn 0.2797021 0.06088441 -0.9581286
vn 0.2935575 0.06064027 -0.9540086
vn 0.1339762 0.2255318 -0.9649648
vn 0.3786126 0.04751729 -0.9243141
vn 0.3873104 0.04736471 -0.9207129
vn 0.4040346 0.04055905 -0.9138157
vn 0.4209418 0.03500473 -0.9063692
vn 0.157445 0.1913205 -0.9687796
vn -0.8894925 0.4565263 -0.01837211
vn -0.8025453 0.4998932 -0.3255409
vn -0.8986786 0.4381542 -0.0190435
vn 0.217719 0.1089816 -0.9698783
vn 0.5159764 0.01647996 -0.8564104
vn 0.5180822 0.01379436 -0.8551897
vn -0.08426159 0.5920896 -0.8014466
vn -0.2287362 0.8019044 -0.5518968
vn -0.09369182 0.5875118 -0.8037355
vn -0.3440657 0.9097263 -0.2322763
vn -0.2490005 0.793115 -0.5557726
vn -0.3729972 0.8970916 -0.2367321
vn 0.7140416 0.09891045 -0.6930449
vn 0.6496781 0.06958216 -0.7569811
vn 0.5779901 0.4100772 -0.7054964
vn 0.4472793 0.1010468 -0.888638
vn 0.3716239 0.07968378 -0.924955
vn 0.2963958 0.4007691 -0.8668783
vn -0.2083193 0.9780267 -0.004486203
vn -0.1861629 0.9825129 -0.002105772
vn -0.09564501 0.9410993 -0.3242897
vn -0.09637743 0.8532365 -0.5124668
vn 0.03250217 0.7344279 -0.6778771
vn -0.04705953 0.7340312 -0.6774499
vn 0.00943017 0.5760674 -0.8173162
vn 0.1536301 0.3929563 -0.9066134
vn 0.2286751 0.01727342 -0.9733268
vn 0.161687 0.0788598 -0.9836726
vn 0.1457259 0.7454451 -0.6504105
vn -0.03009122 0.949797 -0.3113498
vn -0.1673635 0.98587 0.000762963
vn 0.5394147 0.0686056 -0.8392285
vn 0.4438307 0.4035462 -0.8000733
vn 0.3781853 0.7613148 -0.5265969
vn 0.2692648 0.7531053 -0.600238
vn 0.1052583 0.9640797 -0.2438123
vn 0.04150515 0.9576403 -0.2848903
vn -0.1297647 0.9913633 0.01730394
vn -0.1473433 0.9890438 0.007171809
vn 0.7837458 0.07367163 -0.616657
vn 0.6947539 0.4115116 -0.5898312
vn 0.2078005 0.969451 -0.1302224
vn 0.4760582 0.764916 -0.4338511
vn 0.1624805 0.9677419 -0.1924192
vn -0.1016266 0.9938048 0.04440438
vn -0.1140171 0.9930112 0.02941983
vn 0.9363689 0.09237951 -0.3385723
vn 0.9032258 0.09753715 -0.41789
vn 0.8583636 0.4143193 -0.30253
vn -0.08767968 0.9930418 0.078341
vn 0.2401806 0.9687491 -0.06179994
vn -0.09286779 0.9938048 0.0605182
vn -0.25309 0.9613636 0.1080965
vn -0.9940489 0.09561449 0.05212557
vn -0.8982818 0.429487 0.0927152
vn -0.6983856 0.7053743 0.1210974
vn -0.6064333 0.7853633 0.1240272
vn -0.3666493 0.9228187 0.1179235
vn 0.09009063 0.2057253 0.9744255
vn 0.009277582 0.2208014 0.9752495
vn 0.06308174 0.1587268 0.9852901
vn -0.5647145 -0.04773092 0.8238777
vn -0.5276345 -0.04779195 0.8481094
vn -0.5340129 0.07654041 0.8419752
vn -0.3661916 0.06384468 0.928312
vn -0.3747368 -0.05648976 0.9253823
vn -0.3358562 -0.05887019 0.9400311
vn -0.9676198 -0.02978605 0.2505264
vn -0.9567553 -0.03036588 0.2891934
vn -0.9633778 0.1053804 0.246437
vn -0.2424085 0.9277322 0.2836695
vn -0.09466838 0.9408552 0.3252357
vn -0.1049531 0.9558092 0.2744835
vn -0.1158177 0.3555406 0.927427
vn -0.1076693 0.1919004 0.9754631
vn -0.06933802 0.1890621 0.9794915
vn -0.9120762 -0.3351542 0.2361217
vn -0.3502304 -0.3519394 0.8680074
vn -0.4956511 -0.3458968 0.7966247
vn -0.01562547 -0.08044677 0.9966124
vn -0.06244087 -0.06402778 0.9959716
vn 0.008514642 -0.3721427 0.9281289
vn -0.04773092 -0.3689688 0.9281899
vn 0.01428264 -0.08578753 0.9961852
vn 0.07138276 -0.3732414 0.924955
vn 0.8933073 -0.2316049 0.3851131
vn 0.9616077 -0.2559587 0.09863579
vn 0.9528489 -0.2862941 0.1003143
vn 0.8022706 -0.4546037 0.3868221
vn 0.863155 -0.4952238 0.09842216
vn 0.8377941 -0.5368206 0.09921562
vn 0.7621387 -0.5195776 0.3861507
vn 0.8195441 -0.5642873 0.09958189
vn 0.7822199 -0.6149785 0.09921562
vn 0.7267373 -0.5677664 0.386578
vn 0.7609485 -0.6412549 0.09851372
vn 0.7234413 -0.6828822 0.1012909
vn 0.6728416 -0.6298715 0.3879207
vn 0.6405835 -0.7611927 0.1010468
vn 0.5955077 -0.7032685 0.3882565
vn 0.6317331 -0.7688834 0.09830009
vn 0.5831477 -0.3903928 0.7123631
vn 0.5562304 -0.4271981 0.7127598
vn 0.3139439 -0.2007812 0.9279458
vn 0.2996002 -0.2205572 0.9281899
vn 0.09207433 -0.01284825 0.9956664
vn 0.3624683 -0.1028779 0.9262673
vn 0.3564867 -0.1198462 0.9265419
vn 0.09051787 -0.01709032 0.9957274
vn 0.07947015 -0.03753775 0.9961242
vn 0.07593005 -0.04251223 0.9961852
vn 0.7232581 -0.5776544 0.3783684
vn 0.8711509 -0.31489 0.3766595
vn 0.3430891 0.1884213 0.9201941
vn 0.295175 0.4814295 0.8252511
vn -0.02575761 0.5403302 0.8410291
vn -0.0242927 0.5094455 0.8601337
vn 0.241554 0.9298074 0.2776574
vn 0.9998474 -0.01742607 0
vn 0.9953307 0.09530925 0.01477092
vn 0.9998474 -0.01742607 0
vn 0.995117 0.08490246 0.04971462
vn 0.9998474 -0.01742607 0
vn 0.9998474 -0.01742607 0
vn 0.9949949 -0.01470988 0.09857475
vn 0.9998474 -0.01745659 0
vn 0.9948729 -0.0104373 0.1003448
vn 0.9998474 -0.01745659 0
vn 0.9947813 -0.00338751 0.1017487
vn 0.9998474 -0.01739555 0
vn 0.9948118 0.004333615 0.1015961
vn 0.9998474 -0.01739555 0
vn 0.9947508 0.01290929 0.1013214
vn 0.9998474 -0.01745659 0
vn 0.9948729 0.03787344 0.09360027
vn 0.9998474 -0.01742607 0
vn 0.9998474 -0.01739555 0
vn 0.9949034 0.05438393 0.08474987
vn 0.9998474 -0.01745659 0
vn 0.9998474 -0.01742607 0
vn 0.9949644 0.06140321 0.07882928
vn 0.9998474 -0.01742607 0
vn 0.9998474 -0.01745659 0
vn 0.2461928 -0.01049834 -0.9691458
vn 0.1486556 -0.01791435 -0.9887081
vn 0.2125614 -0.01889091 -0.9769585
vn 0.9942015 0.0972014 -0.0458998
vn 0.9965514 -0.02386546 -0.07916498
vn 0.9799799 0.07803583 -0.1830195
vn 0.933256 -0.03271579 -0.3577075
vn 0.8600421 0.05679494 -0.507004
vn 0.7457503 -0.0371105 -0.665151
vn 0.4598224 -0.04113894 -0.887051
vn 0.666158 0.01013213 -0.7456893
vn 0.5307474 -0.01934874 -0.8472854
vn 0.4391614 0.000824 -0.8983734
vn 0.3859676 0.01916557 -0.9222999
vn 0.7082736 -0.006195247 -0.7058931
vn 0.9396039 -0.02172917 -0.3415021
vn 0.9066439 -0.02572709 -0.4210638
vn 0.8671835 -0.01892143 -0.4976043
vn 0.7767571 -0.02233952 -0.6293832
vn 0.9827876 -0.016541 -0.183874
vn 0.9985961 -0.01818901 -0.04925686
vn 0.1269264 -0.01721239 -0.9917295
vn 0.1330301 -0.01617479 -0.9909665
vn 0.1480453 -0.01684617 -0.9888302
vn 0.1642506 -0.02185124 -0.9861446
vn 0.1684011 -0.02618485 -0.9853511
vn 0.1841182 -0.01910454 -0.982696
vn 0.1955015 -0.02111876 -0.9804682
vn 0.2057558 -0.02124083 -0.9783624
vn 0.23426 -0.01757866 -0.971984
vn 0.2430494 -0.01757866 -0.9698477
vn 0.2109134 0.06451612 -0.975341
vn 0.2612079 -0.01751762 -0.9651173
vn 0.2261421 0.06308174 -0.9720451
vn 0.2699667 -0.01767021 -0.9626759
vn 0.2344431 0.06305122 -0.9700614
vn 0.2865383 -0.0185247 -0.9578539
vn 0.2505264 0.05764943 -0.9663686
vn 0.307596 -0.01849418 -0.951323
vn 0.3168737 -0.01937925 -0.9482406
vn 0.3588671 -0.02270573 -0.9331035
vn 0.3191015 0.05835133 -0.9458907
vn 0.3488571 -0.02243107 -0.9368878
vn 0.3311563 -0.01843315 -0.9433577
vn 0.3816645 -0.01779228 -0.9241005
vn 0.3945128 -0.02056944 -0.9186376
vn 0.4346751 -0.02209538 -0.900296
vn 0.4250313 -0.02380442 -0.9048433
vn 0.350383 0.04696798 -0.9354228
vn 0.4075136 -0.01965391 -0.9129612
vn 0.4527726 -0.01776176 -0.8914151
vn 0.4682455 -0.02197331 -0.8832972
vn 0.4776757 -0.02056944 -0.8782617
vn 0.4889065 -0.01855522 -0.8721275
vn 0.4994354 -0.01770073 -0.8661458
vn 0.5097812 -0.0203253 -0.8600421
vn 0.4254586 0.03445535 -0.904294
vn 0.437788 0.03549301 -0.8983734
vn 0.4533525 0.02844321 -0.8908658
vn 0.5197302 -0.01901298 -0.854091
vn 0.5329447 -0.0178228 -0.8459426
vn 0.560503 -0.01806694 -0.8279367
vn 0.4892422 0.02426218 -0.8717917
vn 0.5527818 -0.01864677 -0.8330943
vn 0.5463729 -0.01770073 -0.8373364
vn 0.5848567 -0.09482097 -0.805536
vn 0.5623951 -0.07354956 -0.8235725
vn 0.5634632 -0.04904323 -0.8246406
vn 0.6076235 -0.09512615 -0.7884762
vn 0.6300852 -0.0945158 -0.7707145
vn 0.5359355 0.01144438 -0.8441725
vn 0.5496383 0.006958186 -0.8353527
vn 0.6307871 -0.09488201 -0.7701041
vn 0.549089 0.005981624 -0.8357189
vn 0.561449 0.002899229 -0.8274789
vn 0.6561174 -0.08224737 -0.750145
vn 0.5497604 -0.3295693 -0.7675405
vn 0.5784783 -0.3224891 -0.7491989
vn 0.6339 -0.3150731 -0.7062899
vn 0.5812556 -0.5064547 -0.6368603
vn 0.5334941 -0.401532 -0.744377
vn 0.5248879 -0.3409528 -0.77987
vn 0.5817133 -0.2491226 -0.7742851
vn 0.3727836 -0.8033082 -0.4644002
vn 0.3636891 -0.7554247 -0.5449995
vn 0.5000153 -0.5919981 -0.6320384
vn 0.3785821 -0.7130345 -0.5901059
vn 0.009613275 -0.9997864 -0.01660203
vn 0.03100675 -0.997406 -0.06476026
vn 0.03271579 -0.99588 -0.08426159
vn 0.03070157 -0.9860531 -0.1634876
vn 0.0421155 -0.8920255 -0.4499954
vn 0.07754749 -0.9030427 -0.4224372
vn 0.1404767 -0.9585254 -0.2478408
vn 0.1471297 -0.9582202 -0.2452162
vn 0.07806634 -0.9811701 -0.1766106
vn 0.1745353 -0.8478652 -0.5005951
vn 0.1813409 -0.9498581 -0.2546464
vn 0.255562 -0.8263192 -0.5018159
vn 0.3221229 -0.8178656 -0.4767296
vn 0.3362224 -0.7325663 -0.5918149
vn 0.3391216 -0.2354198 -0.9107944
vn 0.6209906 -0.3284402 -0.7116611
vn 0.2661519 -0.4447462 -0.8551592
vn 0.4469131 -0.6139408 -0.6505936
vn 0.4198737 -0.515183 -0.7471542
vn 0.3971679 -0.6469924 -0.6508377
vn 0.2392346 -0.6508682 -0.7204505
vn -0.4933622 -0.07425153 -0.8666341
vn 0.04275637 -0.9970397 -0.06378364
vn 0 -0.9999695 0
vn -0.03860586 -0.9946593 0.09564501
vn 0 -0.9999695 0
vn -0.04681539 -0.9945982 0.09253209
vn 0 -1 0
vn 0 -1 0
vn -0.06213563 -0.9945677 0.08328497
vn 0 -1 0
vn 0 -1 0
vn -0.08673357 -0.9945067 0.05822926
vn 0 -1 0
vn 0 -1 0
vn -0.1012604 -0.9945067 0.02621537
vn 0 -1 0
vn 0.02380442 -0.9996948 -0.000762963
vn 0.01229894 -0.9947508 0.1013519
vn 0 -1 0
vn -0.01339757 -0.9947203 0.1015961
vn 0 -1 0
vn -0.02240055 -0.9946898 0.1003448
vn 0.0693075 -0.9925535 0.1000702
vn 0.1560411 -0.9877011 -0.005706906
vn 0.1920225 -0.9765618 0.09698778
vn 0.2674032 -0.9635304 -0.007934808
vn 0.4141667 -0.9049348 0.09756767
vn 0.4261299 -0.9046297 -0.001953184
vn 0.5495773 -0.8294931 0.09915459
vn 0.567278 -0.823481 -0.001770019
vn 0.6788843 -0.7274697 0.09915459
vn 0.7013154 -0.7128208 -0.001190185
vn 0.7924131 -0.6018555 0.09912407
vn 0.8067568 -0.5908689 -0.000488296
vn 0.8809473 -0.4626606 0.09912407
vn 0.8951384 -0.4457228 -6.1037e-05
vn 0.9539781 -0.2997833 0.005157589
vn 0.9468063 -0.3064059 0.09805595
vn 0.9734184 -0.2289804 0.001831054
vn 0.9662771 -0.238319 0.09741508
vn 0.9862667 -0.1649525 -0.002319395
vn 0.9624623 -0.2713096 0
vn 0.9714347 -0.2372509 0.002777159
vn 0.9808649 -0.1691641 0.0961638
vn 0.985107 -0.1717581 -0.003967404
vn 0.9757378 -0.1960814 0.0972014
vn 0.9823908 -0.1867427 -0.000396741
vn 0.8581194 -0.5134129 -0.001312255
vn 0.875576 -0.483047 -0.000793481
vn 0.9052705 -0.4134953 0.09726244
vn 0.8981903 -0.4395276 -0.001068115
vn 0.9277932 -0.3730278 0.000366222
vn 0.9218726 -0.375164 0.09677416
vn 0.9408552 -0.3387554 0.000488296
vn 0.9306009 -0.3522751 0.09912407
vn 0.9541918 -0.2991119 -0.002410948
vn 0.9459212 -0.3086947 0.09961241
vn 0.6600238 -0.7512131 -0.001739501
vn 0.7082431 -0.7059541 0.000640889
vn 0.7545396 -0.656209 0.003753721
vn 0.8319041 -0.5548875 -0.001953184
vn 0.2832728 -0.5960875 0.7512437
vn 0.2824488 0.5924863 0.7544175
vn -0.2896512 -0.7281106 0.6212043
vn -0.2914518 0.7240822 0.6250801
vn 0.03241062 -0.9970397 -0.06952112
vn 0.6605426 -0.7086703 0.2478408
vn 0.04663223 -0.9938658 -0.1000397
vn 0.6704916 -0.7066256 0.2260506
vn 0.06176942 -0.9892575 -0.1324808
vn 0.68099 -0.7036042 0.202826
vn 0.0781579 -0.9827265 -0.1676381
vn 0.6923124 -0.6993927 0.1775566
vn 0.09628587 -0.973632 -0.2065492
vn 0.7047334 -0.6935026 0.1494796
vn 0.1167943 -0.9610279 -0.2505264
vn 0.7187109 -0.6852626 0.1176488
vn 0.1404461 -0.9431135 -0.3012482
vn 0.7347331 -0.673513 0.0806604
vn 0.1683401 -0.9172033 -0.361034
vn 0.7534715 -0.6564226 0.03674423
vn 0.2018494 -0.8785364 -0.432905
vn 0.7758721 -0.630665 -0.016541
vn 0.2425611 -0.8188726 -0.520188
vn 0.8029115 -0.5903806 -0.0821253
vn 0.2914518 -0.7241432 -0.6250191
vn 0.8352611 -0.5252541 -0.16245
vn 0.3464156 -0.5727714 -0.7428815
vn 0.8716086 -0.4187139 -0.254738
vn 0.3969542 -0.3431501 -0.8512528
vn 0.9051179 -0.2528764 -0.3416852
vn 0.4222236 -0.04251223 -0.9054842
vn 0.9219642 -0.03146457 -0.3859676
vn 0.4070864 0.2685323 -0.8730125
vn 0.9118626 0.1982177 -0.359386
vn 0.3610035 0.5198828 -0.774163
vn 0.881283 0.380932 -0.2796411
vn 0.3057039 0.6904202 -0.6555987
vn 0.8446913 0.5017853 -0.1861629
vn 0.2547685 0.7978454 -0.5463424
vn 0.8109989 0.5760369 -0.1020539
vn 0.2119205 0.8651692 -0.4544511
vn 0.7825556 0.621662 -0.03265476
vn 0.1766411 0.908414 -0.3788263
vn 0.7590259 0.6505936 0.02362132
vn 0.1474044 0.9371624 -0.3161413
vn 0.7394025 0.6696066 0.06976526
vn 0.1227454 0.9568774 -0.2632527
vn 0.7227393 0.6825464 0.1083712
vn 0.1015045 0.9707022 -0.2176885
vn 0.7083041 0.6915799 0.1414533
vn 0.08279669 0.9805902 -0.1775872
vn 0.6954863 0.6980193 0.1703848
vn 0.06598097 0.9877011 -0.1415143
vn 0.6838893 0.7026277 0.1963256
vn 0.05056911 0.9927976 -0.1084322
vn 0.6732078 0.7059236 0.2200384
vn 0.03613388 0.9963073 -0.07748645
vn 0.6631672 0.708182 0.2421643
vn 0.02478098 0.9982604 -0.05325478
vn 0.6563921 0.7081515 0.2600787
f 1//1 2//2 3//3
f 3//3 2//2 4//4
f 3//3 4//4 5//5
f 5//5 4//4 6//6
f 5//5 6//6 7//7
f 7//7 6//6 8//8
f 7//7 8//8 9//9
f 9//9 8//8 10//10
f 9//9 10//10 11//11
f 11//11 10//10 12//12
f 11//11 12//12 13//13
f 13//13 12//12 14//14
f 13//13 14//14 15//15
f 15//15 14//14 16//16
f 15//15 16//16 17//17
f 17//17 16//16 18//18
f 17//17 18//18 19//19
f 19//19 18//18 20//20
f 19//19 20//20 21//21
f 21//21 20//20 22//22
f 21//21 22//22 23//23
f 23//23 22//22 24//24
f 23//23 24//24 25//25
f 25//25 24//24 26//26
f 25//25 26//26 27//27
f 27//27 26//26 28//28
f 27//27 28//28 29//29
f 29//29 28//28 30//30
f 29//29 30//30 31//31
f 31//31 30//30 32//32
f 31//31 32//32 33//33
f 33//33 32//32 34//34
f 33//33 34//34 35//35
f 35//35 34//34 36//36
f 35//35 36//36 37//37
f 37//37 36//36 38//38
f 37//37 38//38 39//39
f 39//39 38//38 40//40
f 2//2 1//1 41//41
f 41//41 1//1 42//42
f 43//43 44//44 45//45
f 46//46 47//47 48//48
f 49//49 50//50 51//51
f 52//52 49//49 53//53
f 54//54 55//55 56//56
f 56//56 55//55 52//52
f 49//49 51//51 53//53
f 53//53 51//51 57//57
f 53//53 57//57 58//58
f 54//54 56//56 59//59
f 59//59 56//56 60//60
f 59//59 60//60 61//61
f 57//57 62//62 58//58
f 58//58 62//62 63//63
f 58//58 63//63 64//64
f 61//61 60//60 65//65
f 65//65 60//60 66//66
f 65//65 66//66 67//67
f 63//63 68//68 64//64
f 64//64 68//68 69//69
f 64//64 69//69 70//70
f 67//67 66//66 71//71
f 71//71 66//66 72//72
f 71//71 72//72 73//73
f 69//69 74//74 70//70
f 70//70 74//74 75//75
f 70//70 75//75 76//76
f 73//73 72//72 77//77
f 77//77 72//72 78//78
f 77//77 78//78 79//79
f 75//75 80//80 76//76
f 76//76 80//80 81//81
f 76//76 81//81 82//82
f 79//79 78//78 83//83
f 83//83 78//78 84//84
f 83//83 84//84 85//85
f 81//81 86//86 82//82
f 82//82 86//86 87//87
f 82//82 87//87 88//88
f 85//85 84//84 89//89
f 89//89 84//84 90//90
f 89//89 90//90 91//91
f 87//87 92//92 88//88
f 88//88 92//92 93//93
f 88//88 93//93 94//94
f 91//91 90//90 95//95
f 95//95 90//90 96//96
f 95//95 96//96 97//97
f 93//93 98//98 94//94
f 94//94 98//98 99//99
f 94//94 99//99 100//100
f 97//97 96//96 101//101
f 101//101 96//96 102//102
f 101//101 102//102 103//103
f 103//103 102//102 104//104
f 104//104 102//102 105//105
f 104//104 105//105 106//106
f 107//107 108//108 109//109
f 99//99 110//110 100//100
f 100//100 110//110 111//111
f 100//100 111//111 109//109
f 109//109 111//111 112//112
f 109//109 112//112 107//107
f 113//113 114//114 115//115
f 115//115 116//116 113//113
f 113//113 116//116 117//117
f 113//113 117//117 105//105
f 105//105 117//117 118//118
f 105//105 118//118 106//106
f 119//119 120//120 121//121
f 107//107 122//122 108//108
f 108//108 122//122 123//123
f 108//108 123//123 121//121
f 121//121 123//123 124//124
f 121//121 124//124 119//119
f 125//125 126//126 127//127
f 127//127 128//128 125//125
f 125//125 128//128 129//129
f 125//125 129//129 114//114
f 114//114 129//129 130//130
f 114//114 130//130 115//115
f 131//131 132//132 133//133
f 119//119 134//134 120//120
f 120//120 134//134 135//135
f 120//120 135//135 133//133
f 133//133 135//135 136//136
f 133//133 136//136 131//131
f 137//137 138//138 139//139
f 139//139 140//140 137//137
f 137//137 140//140 141//141
f 137//137 141//141 126//126
f 126//126 141//141 142//142
f 126//126 142//142 127//127
f 143//143 144//144 145//145
f 145//145 144//144 146//146
f 131//131 147//147 132//132
f 132//132 147//147 148//148
f 132//132 148//148 146//146
f 146//146 148//148 149//149
f 146//146 149//149 145//145
f 52//52 53//53 56//56
f 56//56 53//53 58//58
f 56//56 58//58 60//60
f 60//60 58//58 64//64
f 60//60 64//64 66//66
f 66//66 64//64 70//70
f 66//66 70//70 72//72
f 72//72 70//70 76//76
f 72//72 76//76 78//78
f 78//78 76//76 82//82
f 78//78 82//82 84//84
f 84//84 82//82 88//88
f 84//84 88//88 90//90
f 90//90 88//88 94//94
f 90//90 94//94 96//96
f 96//96 94//94 100//100
f 96//96 100//100 102//102
f 102//102 100//100 109//109
f 102//102 109//109 105//105
f 105//105 109//109 108//108
f 105//105 108//108 113//113
f 113//113 108//108 121//121
f 113//113 121//121 114//114
f 114//114 121//121 120//120
f 114//114 120//120 125//125
f 125//125 120//120 133//133
f 125//125 133//133 126//126
f 126//126 133//133 132//132
f 126//126 132//132 137//137
f 137//137 132//132 146//146
f 137//137 146//146 138//138
f 138//138 146//146 144//144
f 138//138 144//144 150//150
f 151//151 152//152 153//153
f 153//153 152//152 150//150
f 153//153 150//150 48//48
f 48//48 150//150 144//144
f 48//48 144//144 46//46
f 46//46 144//144 143//143
f 152//152 154//154 150//150
f 150//150 154//154 155//155
f 150//150 155//155 138//138
f 138//138 155//155 156//156
f 138//138 156//156 139//139
f 43//43 45//45 157//157
f 158//158 151//151 159//159
f 159//159 151//151 153//153
f 159//159 153//153 45//45
f 45//45 153//153 48//48
f 45//45 48//48 157//157
f 157//157 48//48 47//47
f 160//160 161//161 162//162
f 162//162 161//161 163//163
f 162//162 163//163 164//164
f 164//164 163//163 165//165
f 165//165 163//163 166//166
f 166//166 163//163 167//167
f 166//166 167//167 168//168
f 168//168 167//167 169//169
f 169//169 167//167 170//170
f 169//169 170//170 171//171
f 44//44 170//170 45//45
f 45//45 170//170 167//167
f 45//45 167//167 159//159
f 159//159 167//167 163//163
f 159//159 163//163 158//158
f 158//158 163//163 161//161
f 111//111 172//172 112//112
f 112//112 172//172 173//173
f 112//112 173//173 107//107
f 99//99 174//174 110//110
f 110//110 174//174 175//175
f 110//110 175//175 111//111
f 111//111 175//175 176//176
f 111//111 176//176 172//172
f 173//173 177//177 107//107
f 107//107 177//177 178//178
f 107//107 178//178 122//122
f 122//122 178//178 179//179
f 122//122 179//179 123//123
f 179//179 180//180 123//123
f 123//123 180//180 181//181
f 123//123 181//181 124//124
f 124//124 181//181 182//182
f 124//124 182//182 119//119
f 92//92 183//183 93//93
f 93//93 183//183 184//184
f 93//93 184//184 98//98
f 98//98 184//184 185//185
f 98//98 185//185 99//99
f 99//99 185//185 186//186
f 99//99 186//186 174//174
f 86//86 187//187 87//87
f 87//87 187//187 188//188
f 87//87 188//188 92//92
f 92//92 188//188 189//189
f 92//92 189//189 183//183
f 182//182 190//190 119//119
f 119//119 190//190 191//191
f 119//119 191//191 134//134
f 134//134 191//191 192//192
f 134//134 192//192 135//135
f 135//135 192//192 193//193
f 135//135 193//193 136//136
f 80//80 194//194 81//81
f 81//81 194//194 195//195
f 81//81 195//195 86//86
f 86//86 195//195 196//196
f 86//86 196//196 187//187
f 193//193 197//197 136//136
f 136//136 197//197 198//198
f 136//136 198//198 131//131
f 131//131 198//198 199//199
f 131//131 199//199 147//147
f 74//74 200//200 75//75
f 75//75 200//200 201//201
f 75//75 201//201 80//80
f 80//80 201//201 202//202
f 80//80 202//202 194//194
f 199//199 203//203 147//147
f 147//147 203//203 204//204
f 147//147 204//204 148//148
f 148//148 204//204 205//205
f 148//148 205//205 149//149
f 62//62 206//206 63//63
f 63//63 206//206 207//207
f 63//63 207//207 68//68
f 207//207 208//208 68//68
f 68//68 208//208 209//209
f 68//68 209//209 69//69
f 69//69 209//209 210//210
f 69//69 210//210 74//74
f 74//74 210//210 211//211
f 74//74 211//211 200//200
f 205//205 212//212 149//149
f 149//149 212//212 213//213
f 149//149 213//213 145//145
f 145//145 213//213 214//214
f 145//145 214//214 143//143
f 215//215 216//216 217//217
f 217//217 216//216 218//218
f 217//217 218//218 50//50
f 50//50 218//218 219//219
f 50//50 219//219 51//51
f 51//51 219//219 220//220
f 51//51 220//220 57//57
f 57//57 220//220 221//221
f 57//57 221//221 62//62
f 62//62 221//221 222//222
f 62//62 222//222 206//206
f 214//214 223//223 143//143
f 143//143 223//223 224//224
f 143//143 224//224 46//46
f 46//46 224//224 225//225
f 46//46 225//225 47//47
f 225//225 226//226 47//47
f 47//47 226//226 227//227
f 47//47 227//227 157//157
f 157//157 227//227 228//228
f 157//157 228//228 43//43
f 228//228 229//229 43//43
f 43//43 229//229 230//230
f 43//43 230//230 44//44
f 44//44 230//230 231//231
f 44//44 231//231 170//170
f 170//170 231//231 232//232
f 170//170 232//232 171//171
f 215//215 217//217 233//233
f 233//233 217//217 234//234
f 233//233 234//234 235//235
f 235//235 234//234 236//236
f 236//236 234//234 237//237
f 237//237 234//234 238//238
f 237//237 238//238 239//239
f 239//239 238//238 240//240
f 240//240 238//238 241//241
f 240//240 241//241 242//242
f 55//55 241//241 52//52
f 52//52 241//241 238//238
f 52//52 238//238 49//49
f 49//49 238//238 234//234
f 49//49 234//234 50//50
f 50//50 234//234 217//217
f 55//55 243//243 241//241
f 241//241 243//243 244//244
f 241//241 244//244 242//242
f 242//242 244//244 245//245
f 85//85 89//89 246//246
f 247//247 248//248 158//158
f 158//158 248//248 151//151
f 249//249 250//250 156//156
f 156//156 155//155 249//249
f 249//249 155//155 154//154
f 249//249 154//154 248//248
f 248//248 154//154 152//152
f 248//248 152//152 151//151
f 251//251 252//252 142//142
f 142//142 141//141 251//251
f 251//251 141//141 140//140
f 251//251 140//140 250//250
f 250//250 140//140 139//139
f 250//250 139//139 156//156
f 253//253 254//254 130//130
f 130//130 129//129 253//253
f 253//253 129//129 128//128
f 253//253 128//128 252//252
f 252//252 128//128 127//127
f 252//252 127//127 142//142
f 255//255 256//256 118//118
f 118//118 117//117 255//255
f 255//255 117//117 116//116
f 255//255 116//116 254//254
f 254//254 116//116 115//115
f 254//254 115//115 130//130
f 257//257 258//258 101//101
f 101//101 103//103 257//257
f 257//257 103//103 104//104
f 257//257 104//104 256//256
f 256//256 104//104 106//106
f 256//256 106//106 118//118
f 246//246 89//89 259//259
f 89//89 91//91 259//259
f 259//259 91//91 95//95
f 259//259 95//95 258//258
f 258//258 95//95 97//97
f 258//258 97//97 101//101
f 85//85 246//246 83//83
f 83//83 246//246 260//260
f 83//83 260//260 79//79
f 79//79 260//260 261//261
f 79//79 261//261 77//77
f 77//77 261//261 73//73
f 73//73 261//261 262//262
f 73//73 262//262 71//71
f 71//71 262//262 67//67
f 67//67 262//262 263//263
f 67//67 263//263 65//65
f 65//65 263//263 61//61
f 61//61 263//263 264//264
f 61//61 264//264 59//59
f 59//59 264//264 54//54
f 54//54 264//264 243//243
f 54//54 243//243 55//55
f 160//160 265//265 161//161
f 161//161 265//265 266//266
f 161//161 266//266 158//158
f 158//158 266//266 247//247
f 267//267 268//268 269//269
f 269//269 268//268 270//270
f 269//269 270//270 271//271
f 271//271 270//270 272//272
f 272//272 270//270 273//273
f 273//273 270//270 274//274
f 273//273 274//274 275//275
f 275//275 274//274 276//276
f 276//276 274//274 277//277
f 276//276 277//277 278//278
f 279//279 277//277 280//280
f 280//280 277//277 274//274
f 280//280 274//274 281//281
f 281//281 274//274 270//270
f 281//281 270//270 282//282
f 282//282 270//270 268//268
f 279//279 247//247 277//277
f 277//277 247//247 266//266
f 277//277 266//266 278//278
f 278//278 266//266 265//265
f 283//283 284//284 253//253
f 243//243 264//264 285//285
f 285//285 264//264 286//286
f 263//263 262//262 287//287
f 287//287 288//288 263//263
f 263//263 288//288 289//289
f 263//263 289//289 264//264
f 264//264 289//289 290//290
f 264//264 290//290 286//286
f 261//261 260//260 291//291
f 291//291 292//292 261//261
f 261//261 292//292 293//293
f 261//261 293//293 262//262
f 262//262 293//293 294//294
f 262//262 294//294 287//287
f 246//246 259//259 295//295
f 295//295 296//296 246//246
f 246//246 296//296 297//297
f 246//246 297//297 260//260
f 260//260 297//297 298//298
f 260//260 298//298 291//291
f 258//258 257//257 299//299
f 299//299 300//300 258//258
f 258//258 300//300 301//301
f 258//258 301//301 259//259
f 259//259 301//301 302//302
f 259//259 302//302 295//295
f 256//256 255//255 303//303
f 303//303 304//304 256//256
f 256//256 304//304 305//305
f 256//256 305//305 257//257
f 257//257 305//305 306//306
f 257//257 306//306 299//299
f 253//253 284//284 254//254
f 284//284 307//307 254//254
f 254//254 307//307 308//308
f 254//254 308//308 255//255
f 255//255 308//308 309//309
f 255//255 309//309 303//303
f 283//283 253//253 310//310
f 310//310 253//253 252//252
f 310//310 252//252 311//311
f 311//311 252//252 251//251
f 311//311 251//251 312//312
f 312//312 251//251 313//313
f 313//313 251//251 250//250
f 313//313 250//250 314//314
f 314//314 250//250 315//315
f 315//315 250//250 249//249
f 315//315 249//249 316//316
f 316//316 249//249 317//317
f 317//317 249//249 248//248
f 317//317 248//248 318//318
f 318//318 248//248 319//319
f 319//319 248//248 247//247
f 319//319 247//247 279//279
f 320//320 245//245 321//321
f 321//321 245//245 244//244
f 321//321 244//244 285//285
f 285//285 244//244 243//243
f 320//320 321//321 322//322
f 322//322 321//321 323//323
f 322//322 323//323 324//324
f 324//324 323//323 325//325
f 325//325 323//323 326//326
f 326//326 323//323 327//327
f 326//326 327//327 328//328
f 328//328 327//327 329//329
f 329//329 327//327 330//330
f 329//329 330//330 331//331
f 332//332 330//330 333//333
f 333//333 330//330 327//327
f 333//333 327//327 334//334
f 334//334 327//327 323//323
f 334//334 323//323 285//285
f 285//285 323//323 321//321
f 335//335 332//332 333//333
f 336//336 337//337 338//338
f 281//281 282//282 339//339
f 280//280 281//281 340//340
f 319//319 279//279 341//341
f 341//341 279//279 280//280
f 281//281 339//339 340//340
f 340//340 339//339 342//342
f 340//340 342//342 343//343
f 319//319 341//341 318//318
f 318//318 341//341 344//344
f 318//318 344//344 317//317
f 342//342 345//345 343//343
f 343//343 345//345 346//346
f 343//343 346//346 347//347
f 317//317 344//344 316//316
f 316//316 344//344 348//348
f 316//316 348//348 315//315
f 346//346 349//349 347//347
f 347//347 349//349 350//350
f 347//347 350//350 351//351
f 315//315 348//348 314//314
f 314//314 348//348 352//352
f 314//314 352//352 313//313
f 350//350 353//353 351//351
f 351//351 353//353 354//354
f 351//351 354//354 355//355
f 313//313 352//352 312//312
f 312//312 352//352 356//356
f 312//312 356//356 311//311
f 354//354 357//357 355//355
f 355//355 357//357 358//358
f 355//355 358//358 359//359
f 311//311 356//356 310//310
f 310//310 356//356 360//360
f 310//310 360//360 283//283
f 358//358 361//361 359//359
f 359//359 361//361 362//362
f 359//359 362//362 363//363
f 283//283 360//360 284//284
f 284//284 360//360 364//364
f 284//284 364//364 307//307
f 362//362 365//365 363//363
f 363//363 365//365 366//366
f 363//363 366//366 367//367
f 307//307 364//364 308//308
f 308//308 364//364 368//368
f 308//308 368//368 309//309
f 366//366 369//369 367//367
f 367//367 369//369 370//370
f 367//367 370//370 371//371
f 309//309 368//368 303//303
f 303//303 368//368 372//372
f 303//303 372//372 304//304
f 304//304 372//372 305//305
f 305//305 372//372 373//373
f 305//305 373//373 306//306
f 374//374 375//375 376//376
f 370//370 377//377 371//371
f 371//371 377//377 378//378
f 371//371 378//378 376//376
f 376//376 378//378 379//379
f 376//376 379//379 374//374
f 380//380 381//381 302//302
f 302//302 301//301 380//380
f 380//380 301//301 300//300
f 380//380 300//300 373//373
f 373//373 300//300 299//299
f 373//373 299//299 306//306
f 382//382 383//383 384//384
f 374//374 385//385 375//375
f 375//375 385//385 386//386
f 375//375 386//386 384//384
f 384//384 386//386 387//387
f 384//384 387//387 382//382
f 388//388 389//389 298//298
f 298//298 297//297 388//388
f 388//388 297//297 296//296
f 388//388 296//296 381//381
f 381//381 296//296 295//295
f 381//381 295//295 302//302
f 390//390 391//391 392//392
f 382//382 393//393 383//383
f 383//383 393//393 394//394
f 383//383 394//394 392//392
f 392//392 394//394 395//395
f 392//392 395//395 390//390
f 396//396 397//397 294//294
f 294//294 293//293 396//396
f 396//396 293//293 292//292
f 396//396 292//292 389//389
f 389//389 292//292 291//291
f 389//389 291//291 298//298
f 398//398 399//399 400//400
f 400//400 399//399 401//401
f 390//390 402//402 391//391
f 391//391 402//402 403//403
f 391//391 403//403 401//401
f 401//401 403//403 404//404
f 401//401 404//404 400//400
f 280//280 340//340 341//341
f 341//341 340//340 343//343
f 341//341 343//343 344//344
f 344//344 343//343 347//347
f 344//344 347//347 348//348
f 348//348 347//347 351//351
f 348//348 351//351 352//352
f 352//352 351//351 355//355
f 352//352 355//355 356//356
f 356//356 355//355 359//359
f 356//356 359//359 360//360
f 360//360 359//359 363//363
f 360//360 363//363 364//364
f 364//364 363//363 367//367
f 364//364 367//367 368//368
f 368//368 367//367 371//371
f 368//368 371//371 372//372
f 372//372 371//371 376//376
f 372//372 376//376 373//373
f 373//373 376//376 375//375
f 373//373 375//375 380//380
f 380//380 375//375 384//384
f 380//380 384//384 381//381
f 381//381 384//384 383//383
f 381//381 383//383 388//388
f 388//388 383//383 392//392
f 388//388 392//392 389//389
f 389//389 392//392 391//391
f 389//389 391//391 396//396
f 396//396 391//391 401//401
f 396//396 401//401 397//397
f 397//397 401//401 399//399
f 397//397 399//399 405//405
f 286//286 290//290 406//406
f 406//406 290//290 405//405
f 406//406 405//405 338//338
f 338//338 405//405 399//399
f 338//338 399//399 336//336
f 336//336 399//399 398//398
f 290//290 289//289 405//405
f 405//405 289//289 288//288
f 405//405 288//288 397//397
f 397//397 288//288 287//287
f 397//397 287//287 294//294
f 335//335 333//333 407//407
f 285//285 286//286 334//334
f 334//334 286//286 406//406
f 334//334 406//406 333//333
f 333//333 406//406 338//338
f 333//333 338//338 407//407
f 407//407 338//338 337//337
f 378//378 408//408 379//379
f 379//379 408//408 409//409
f 379//379 409//409 374//374
f 370//370 410//410 377//377
f 377//377 410//410 411//411
f 377//377 411//411 378//378
f 378//378 411//411 412//412
f 378//378 412//412 408//408
f 409//409 413//413 374//374
f 374//374 413//413 414//414
f 374//374 414//414 385//385
f 385//385 414//414 415//415
f 385//385 415//415 386//386
f 415//415 416//416 386//386
f 386//386 416//416 417//417
f 386//386 417//417 387//387
f 387//387 417//417 418//418
f 387//387 418//418 382//382
f 365//365 419//419 366//366
f 366//366 419//419 420//420
f 366//366 420//420 369//369
f 369//369 420//420 421//421
f 369//369 421//421 370//370
f 370//370 421//421 422//422
f 370//370 422//422 410//410
f 361//361 423//423 362//362
f 362//362 423//423 424//424
f 362//362 424//424 365//365
f 365//365 424//424 425//425
f 365//365 425//425 419//419
f 418//418 426//426 382//382
f 382//382 426//426 427//427
f 382//382 427//427 393//393
f 393//393 427//427 428//428
f 393//393 428//428 394//394
f 394//394 428//428 429//429
f 394//394 429//429 395//395
f 357//357 430//430 358//358
f 358//358 430//430 431//431
f 358//358 431//431 361//361
f 361//361 431//431 432//432
f 361//361 432//432 423//423
f 429//429 433//433 395//395
f 395//395 433//433 434//434
f 395//395 434//434 390//390
f 390//390 434//434 435//435
f 390//390 435//435 402//402
f 353//353 436//436 354//354
f 354//354 436//436 437//437
f 354//354 437//437 357//357
f 357//357 437//437 438//438
f 357//357 438//438 430//430
f 435//435 439//439 402//402
f 402//402 439//439 440//440
f 402//402 440//440 403//403
f 403//403 440//440 441//441
f 403//403 441//441 404//404
f 345//345 442//442 346//346
f 346//346 442//442 443//443
f 346//346 443//443 349//349
f 443//443 444//444 349//349
f 349//349 444//444 445//445
f 349//349 445//445 350//350
f 350//350 445//445 446//446
f 350//350 446//446 353//353
f 353//353 446//446 447//447
f 353//353 447//447 436//436
f 441//441 448//448 404//404
f 404//404 448//448 449//449
f 404//404 449//449 400//400
f 400//400 449//449 450//450
f 400//400 450//450 398//398
f 267//267 451//451 268//268
f 268//268 451//451 452//452
f 268//268 452//452 282//282
f 282//282 452//452 453//453
f 282//282 453//453 339//339
f 339//339 453//453 454//454
f 339//339 454//454 342//342
f 342//342 454//454 455//455
f 342//342 455//455 345//345
f 345//345 455//455 456//456
f 345//345 456//456 442//442
f 450//450 457//457 398//398
f 398//398 457//457 458//458
f 398//398 458//458 336//336
f 336//336 458//458 459//459
f 336//336 459//459 337//337
f 459//459 460//460 337//337
f 337//337 460//460 461//461
f 337//337 461//461 407//407
f 407//407 461//461 462//462
f 407//407 462//462 335//335
f 462//462 463//463 335//335
f 335//335 463//463 464//464
f 335//335 464//464 332//332
f 332//332 464//464 465//465
f 332//332 465//465 330//330
f 330//330 465//465 466//466
f 330//330 466//466 331//331
f 467//467 453//453 468//468
f 468//468 453//453 452//452
f 468//468 452//452 451//451
f 442//442 456//456 469//469
f 469//469 456//456 455//455
f 469//469 455//455 467//467
f 467//467 455//455 454//454
f 467//467 454//454 453//453
f 442//442 469//469 443//443
f 443//443 469//469 470//470
f 443//443 470//470 444//444
f 444//444 470//470 445//445
f 445//445 470//470 471//471
f 445//445 471//471 446//446
f 472//472 437//437 436//436
f 472//472 436//436 471//471
f 471//471 436//436 447//447
f 471//471 447//447 446//446
f 473//473 431//431 430//430
f 473//473 430//430 472//472
f 472//472 430//430 438//438
f 472//472 438//438 437//437
f 474//474 424//424 423//423
f 474//474 423//423 473//473
f 473//473 423//423 432//432
f 473//473 432//432 431//431
f 475//475 420//420 419//419
f 475//475 419//419 474//474
f 474//474 419//419 425//425
f 474//474 425//425 424//424
f 476//476 410//410 422//422
f 476//476 422//422 475//475
f 475//475 422//422 421//421
f 475//475 421//421 420//420
f 477//477 408//408 412//412
f 477//477 412//412 476//476
f 476//476 412//412 411//411
f 476//476 411//411 410//410
f 478//478 413//413 477//477
f 477//477 413//413 409//409
f 477//477 409//409 408//408
f 417//417 416//416 479//479
f 479//479 416//416 415//415
f 479//479 415//415 478//478
f 478//478 415//415 414//414
f 478//478 414//414 413//413
f 428//428 427//427 480//480
f 480//480 427//427 426//426
f 480//480 426//426 479//479
f 479//479 426//426 418//418
f 479//479 418//418 417//417
f 428//428 480//480 429//429
f 429//429 480//480 481//481
f 429//429 481//481 433//433
f 440//440 439//439 482//482
f 482//482 439//439 435//435
f 482//482 435//435 481//481
f 481//481 435//435 434//434
f 481//481 434//434 433//433
f 440//440 482//482 441//441
f 441//441 482//482 483//483
f 441//441 483//483 448//448
f 458//458 457//457 484//484
f 484//484 457//457 450//450
f 484//484 450//450 483//483
f 483//483 450//450 449//449
f 483//483 449//449 448//448
f 458//458 484//484 459//459
f 459//459 484//484 485//485
f 459//459 485//485 460//460
f 464//464 463//463 486//486
f 486//486 463//463 462//462
f 486//486 462//462 485//485
f 485//485 462//462 461//461
f 485//485 461//461 460//460
f 487//487 466//466 486//486
f 486//486 466//466 465//465
f 486//486 465//465 464//464
f 468//468 488//488 467//467
f 467//467 488//488 489//489
f 467//467 489//489 469//469
f 469//469 489//489 490//490
f 469//469 490//490 470//470
f 470//470 490//490 491//491
f 470//470 491//491 471//471
f 471//471 491//491 492//492
f 471//471 492//492 472//472
f 472//472 492//492 493//493
f 472//472 493//493 473//473
f 473//473 493//493 494//494
f 473//473 494//494 474//474
f 474//474 494//494 495//495
f 474//474 495//495 475//475
f 475//475 495//495 496//496
f 475//475 496//496 476//476
f 476//476 496//496 497//497
f 498//498 487//487 499//499
f 499//499 487//487 486//486
f 499//499 486//486 500//500
f 500//500 486//486 485//485
f 500//500 485//485 501//501
f 501//501 485//485 484//484
f 501//501 484//484 502//502
f 502//502 484//484 483//483
f 502//502 483//483 503//503
f 503//503 483//483 482//482
f 503//503 482//482 504//504
f 504//504 482//482 481//481
f 504//504 481//481 505//505
f 505//505 481//481 480//480
f 505//505 480//480 506//506
f 506//506 480//480 479//479
f 506//506 479//479 507//507
f 507//507 479//479 478//478
f 507//507 478//478 497//497
f 497//497 478//478 477//477
f 497//497 477//477 476//476
f 488//488 508//508 489//489
f 489//489 508//508 509//509
f 489//489 509//509 490//490
f 490//490 509//509 510//510
f 490//490 510//510 491//491
f 491//491 510//510 511//511
f 491//491 511//511 492//492
f 492//492 511//511 512//512
f 492//492 512//512 493//493
f 493//493 512//512 513//513
f 493//493 513//513 494//494
f 494//494 513//513 514//514
f 494//494 514//514 495//495
f 495//495 514//514 515//515
f 495//495 515//515 496//496
f 496//496 515//515 516//516
f 496//496 516//516 497//497
f 497//497 516//516 517//517
f 497//497 517//517 507//507
f 507//507 517//517 518//518
f 507//507 518//518 506//506
f 506//506 518//518 519//519
f 506//506 519//519 505//505
f 505//505 519//519 520//520
f 505//505 520//520 504//504
f 504//504 520//520 521//521
f 504//504 521//521 503//503
f 503//503 521//521 522//522
f 503//503 522//522 502//502
f 502//502 522//522 523//523
f 502//502 523//523 501//501
f 501//501 523//523 524//524
f 501//501 524//524 500//500
f 500//500 524//524 525//525
f 500//500 525//525 499//499
f 499//499 525//525 526//526
f 499//499 526//526 498//498
f 498//498 526//526 527//527
f 508//508 42//42 509//509
f 42//42 1//1 509//509
f 509//509 1//1 510//510
f 510//510 1//1 3//3
f 510//510 3//3 511//511
f 524//524 35//35 525//525
f 525//525 35//35 37//37
f 525//525 37//37 526//526
f 526//526 37//37 39//39
f 526//526 39//39 527//527
f 527//527 39//39 528//528
f 527//527 528//528 529//529
f 3//3 5//5 511//511
f 511//511 5//5 7//7
f 511//511 7//7 512//512
f 512//512 7//7 9//9
f 512//512 9//9 513//513
f 513//513 9//9 11//11
f 513//513 11//11 514//514
f 514//514 11//11 13//13
f 514//514 13//13 515//515
f 515//515 13//13 15//15
f 515//515 15//15 516//516
f 516//516 15//15 17//17
f 516//516 17//17 517//517
f 517//517 17//17 19//19
f 517//517 19//19 518//518
f 518//518 19//19 21//21
f 518//518 21//21 519//519
f 519//519 21//21 23//23
f 519//519 23//23 520//520
f 520//520 23//23 25//25
f 520//520 25//25 521//521
f 521//521 25//25 27//27
f 521//521 27//27 522//522
f 522//522 27//27 29//29
f 522//522 29//29 523//523
f 523//523 29//29 31//31
f 523//523 31//31 524//524
f 524//524 31//31 33//33
f 524//524 33//33 35//35
f 39//39 40//40 528//528
f 528//528 40//40 530//530
f 528//528 530//530 529//529
f 40//40 531//531 530//530
f 530//530 531//531 532//532
f 530//530 532//532 533//533
f 531//531 40//40 534//534
f 534//534 40//40 535//535
f 534//534 535//535 536//536
f 536//536 535//535 537//537
f 536//536 537//537 538//538
f 538//538 537//537 539//539
f 538//538 539//539 540//540
f 540//540 539//539 541//541
f 540//540 541//541 542//542
f 542//542 541//541 543//543
f 542//542 543//543 544//544
f 544//544 543//543 545//545
f 544//544 545//545 546//546
f 546//546 545//545 547//547
f 546//546 547//547 548//548
f 548//548 547//547 549//549
f 548//548 549//549 550//550
f 550//550 549//549 551//551
f 550//550 551//551 552//552
f 552//552 551//551 553//553
f 552//552 553//553 554//554
f 554//554 553//553 555//555
f 554//554 555//555 556//556
f 556//556 555//555 557//557
f 556//556 557//557 558//558
f 558//558 557//557 559//559
f 558//558 559//559 560//560
f 560//560 559//559 561//561
f 560//560 561//561 562//562
f 562//562 561//561 563//563
f 562//562 563//563 564//564
f 564//564 563//563 565//565
f 564//564 565//565 566//566
f 566//566 565//565 567//567
f 566//566 567//567 568//568
f 568//568 567//567 569//569
f 568//568 569//569 570//570
f 570//570 569//569 2//2
f 570//570 2//2 571//571
f 571//571 2//2 41//41
f 572//572 573//573 534//534
f 534//534 573//573 531//531
f 531//531 573//573 574//574
f 531//531 574//574 532//532
f 532//532 574//574 575//575
f 532//532 575//575 533//533
f 571//571 576//576 570//570
f 570//570 576//576 577//577
f 570//570 577//577 568//568
f 568//568 577//577 578//578
f 568//568 578//578 566//566
f 566//566 578//578 579//579
f 534//534 536//536 572//572
f 572//572 536//536 538//538
f 572//572 538//538 580//580
f 580//580 538//538 540//540
f 580//580 540//540 581//581
f 581//581 540//540 542//542
f 581//581 542//542 582//582
f 582//582 542//542 544//544
f 582//582 544//544 583//583
f 583//583 544//544 546//546
f 583//583 546//546 584//584
f 584//584 546//546 548//548
f 584//584 548//548 585//585
f 585//585 548//548 550//550
f 585//585 550//550 586//586
f 586//586 550//550 552//552
f 586//586 552//552 587//587
f 587//587 552//552 554//554
f 587//587 554//554 588//588
f 588//588 554//554 556//556
f 588//588 556//556 589//589
f 589//589 556//556 558//558
f 589//589 558//558 590//590
f 590//590 558//558 560//560
f 590//590 560//560 591//591
f 591//591 560//560 562//562
f 591//591 562//562 579//579
f 579//579 562//562 564//564
f 579//579 564//564 566//566
f 592//592 575//575 593//593
f 593//593 575//575 574//574
f 593//593 574//574 594//594
f 594//594 574//574 573//573
f 594//594 573//573 595//595
f 595//595 573//573 572//572
f 595//595 572//572 596//596
f 596//596 572//572 580//580
f 596//596 580//580 597//597
f 597//597 580//580 581//581
f 597//597 581//581 598//598
f 598//598 581//581 582//582
f 598//598 582//582 599//599
f 599//599 582//582 583//583
f 599//599 583//583 600//600
f 600//600 583//583 584//584
f 600//600 584//584 601//601
f 601//601 584//584 585//585
f 601//601 585//585 602//602
f 602//602 585//585 586//586
f 602//602 586//586 603//603
f 603//603 586//586 587//587
f 603//603 587//587 604//604
f 604//604 587//587 588//588
f 604//604 588//588 605//605
f 605//605 588//588 589//589
f 605//605 589//589 606//606
f 606//606 589//589 590//590
f 606//606 590//590 607//607
f 607//607 590//590 591//591
f 607//607 591//591 608//608
f 608//608 591//591 579//579
f 608//608 579//579 609//609
f 609//609 579//579 578//578
f 609//609 578//578 610//610
f 610//610 578//578 577//577
f 610//610 577//577 611//611
f 611//611 577//577 576//576
f 611//611 612//612 610//610
f 610//610 612//612 613//613
f 610//610 613//613 609//609
f 609//609 613//613 614//614
f 609//609 614//614 608//608
f 608//608 614//614 615//615
f 608//608 615//615 607//607
f 607//607 615//615 616//616
f 607//607 616//616 606//606
f 606//606 616//616 617//617
f 606//606 617//617 605//605
f 605//605 617//617 618//618
f 605//605 618//618 604//604
f 604//604 618//618 619//619
f 604//604 619//619 603//603
f 603//603 619//619 620//620
f 603//603 620//620 602//602
f 621//621 592//592 622//622
f 622//622 592//592 593//593
f 622//622 593//593 623//623
f 623//623 593//593 594//594
f 623//623 594//594 624//624
f 624//624 594//594 595//595
f 624//624 595//595 625//625
f 625//625 595//595 596//596
f 625//625 596//596 626//626
f 626//626 596//596 597//597
f 626//626 597//597 627//627
f 627//627 597//597 598//598
f 627//627 598//598 628//628
f 628//628 598//598 599//599
f 628//628 599//599 629//629
f 629//629 599//599 600//600
f 629//629 600//600 630//630
f 630//630 600//600 601//601
f 630//630 601//601 631//631
f 631//631 601//601 602//602
f 631//631 602//602 632//632
f 632//632 602//602 620//620
f 622//622 219//219 621//621
f 621//621 219//219 218//218
f 621//621 218//218 216//216
f 206//206 222//222 623//623
f 623//623 222//222 221//221
f 623//623 221//221 622//622
f 622//622 221//221 220//220
f 622//622 220//220 219//219
f 206//206 623//623 207//207
f 207//207 623//623 624//624
f 207//207 624//624 208//208
f 208//208 624//624 209//209
f 209//209 624//624 625//625
f 209//209 625//625 210//210
f 626//626 201//201 200//200
f 626//626 200//200 625//625
f 625//625 200//200 211//211
f 625//625 211//211 210//210
f 627//627 195//195 194//194
f 627//627 194//194 626//626
f 626//626 194//194 202//202
f 626//626 202//202 201//201
f 628//628 188//188 187//187
f 628//628 187//187 627//627
f 627//627 187//187 196//196
f 627//627 196//196 195//195
f 629//629 184//184 183//183
f 629//629 183//183 628//628
f 628//628 183//183 189//189
f 628//628 189//189 188//188
f 630//630 174//174 186//186
f 630//630 186//186 629//629
f 629//629 186//186 185//185
f 629//629 185//185 184//184
f 631//631 172//172 176//176
f 631//631 176//176 630//630
f 630//630 176//176 175//175
f 630//630 175//175 174//174
f 632//632 177//177 631//631
f 631//631 177//177 173//173
f 631//631 173//173 172//172
f 181//181 180//180 620//620
f 620//620 180//180 179//179
f 620//620 179//179 632//632
f 632//632 179//179 178//178
f 632//632 178//178 177//177
f 192//192 191//191 619//619
f 619//619 191//191 190//190
f 619//619 190//190 620//620
f 620//620 190//190 182//182
f 620//620 182//182 181//181
f 192//192 619//619 193//193
f 193//193 619//619 618//618
f 193//193 618//618 197//197
f 204//204 203//203 617//617
f 617//617 203//203 199//199
f 617//617 199//199 618//618
f 618//618 199//199 198//198
f 618//618 198//198 197//197
f 204//204 617//617 205//205
f 205//205 617//617 616//616
f 205//205 616//616 212//212
f 224//224 223//223 615//615
f 615//615 223//223 214//214
f 615//615 214//214 616//616
f 616//616 214//214 213//213
f 616//616 213//213 212//212
f 224//224 615//615 225//225
f 225//225 615//615 614//614
f 225//225 614//614 226//226
f 230//230 229//229 613//613
f 613//613 229//229 228//228
f 613//613 228//228 614//614
f 614//614 228//228 227//227
f 614//614 227//227 226//226
f 612//612 232//232 613//613
f 613//613 232//232 231//231
f 613//613 231//231 230//230
f 633//633 634//634 635//635
f 633//633 635//635 636//636
f 637//637 638//638 639//639
f 640//640 641//641 642//642
f 643//643 644//644 645//645
f 646//646 647//647 648//648
f 635//635 646//646 649//649
f 635//635 649//649 636//636
f 650//650 651//651 652//652
f 653//653 654//654 655//655
f 656//656 657//657 658//658
f 659//659 660//660 661//661
f 662//662 663//663 664//664
f 665//665 666//666 667//667
f 668//668 669//669 670//670
f 667//667 666//666 671//671
f 672//672 673//673 674//674
f 675//675 664//664 663//663
f 676//676 677//677 678//678
f 679//679 680//680 676//676
f 676//676 680//680 681//681
f 676//676 681//681 682//682
f 682//682 681//681 683//683
f 684//684 683//683 685//685
f 685//685 686//686 687//687
f 687//687 686//686 688//688
f 687//687 688//688 689//689
f 689//689 688//688 690//690
f 690//690 691//691 692//692
f 692//692 691//691 693//693
f 692//692 693//693 694//694
f 695//695 687//687 689//689
f 695//695 689//689 696//696
f 696//696 689//689 692//692
f 696//696 692//692 697//697
f 697//697 692//692 694//694
f 697//697 694//694 698//698
f 698//698 694//694 699//699
f 698//698 699//699 700//700
f 701//701 695//695 696//696
f 702//702 698//698 700//700
f 703//703 704//704 705//705
f 706//706 707//707 708//708
f 705//705 659//659 703//703
f 668//668 670//670 709//709
f 710//710 700//700 670//670
f 670//670 700//700 699//699
f 670//670 699//699 709//709
f 709//709 699//699 694//694
f 709//709 694//694 711//711
f 711//711 694//694 693//693
f 712//712 670//670 669//669
f 713//713 714//714 715//715
f 715//715 714//714 712//712
f 716//716 717//717 718//718
f 719//719 720//720 721//721
f 722//722 723//723 724//724
f 725//725 726//726 727//727
f 728//728 725//725 729//729
f 730//730 731//731 732//732
f 733//733 734//734 735//735
f 736//736 650//650 652//652
f 737//737 738//738 739//739
f 740//740 739//739 741//741
f 742//742 655//655 654//654
f 743//743 744//744 745//745
f 746//746 747//747 748//748
f 748//748 747//747 749//749
f 748//748 749//749 750//750
f 750//750 749//749 751//751
f 752//752 658//658 657//657
f 753//753 754//754 755//755
f 755//755 756//756 757//757
f 757//757 756//756 758//758
f 758//758 756//756 759//759
f 758//758 759//759 760//760
f 760//760 759//759 761//761
f 760//760 761//761 762//762
f 763//763 764//764 765//765
f 721//721 720//720 761//761
f 761//761 720//720 766//766
f 761//761 766//766 762//762
f 767//767 719//719 768//768
f 768//768 719//719 721//721
f 717//717 767//767 718//718
f 718//718 767//767 768//768
f 769//769 716//716 770//770
f 770//770 716//716 718//718
f 771//771 769//769 772//772
f 772//772 769//769 770//770
f 715//715 771//771 713//713
f 713//713 771//771 772//772
f 773//773 727//727 726//726
f 774//774 775//775 776//776
f 723//723 722//722 777//777
f 778//778 779//779 780//780
f 781//781 782//782 783//783
f 783//783 784//784 785//785
f 785//785 784//784 786//786
f 785//785 786//786 787//787
f 788//788 789//789 790//790
f 790//790 789//789 791//791
f 792//792 787//787 793//793
f 794//794 795//795 796//796
f 797//797 792//792 793//793
f 798//798 799//799 800//800
f 801//801 802//802 803//803
f 804//804 805//805 806//806
f 807//807 808//808 809//809
f 809//809 808//808 810//810
f 811//811 812//812 813//813
f 814//814 815//815 816//816
f 817//817 818//818 819//819
f 819//819 820//820 821//821
f 821//821 822//822 823//823
f 824//824 825//825 826//826
f 824//824 826//826 827//827
f 827//827 826//826 828//828
f 829//829 830//830 831//831
f 829//829 831//831 832//832
f 833//833 834//834 835//835
f 833//833 835//835 836//836
f 837//837 838//838 839//839
f 840//840 841//841 842//842
f 843//843 844//844 845//845
f 846//846 847//847 848//848
f 784//784 783//783 849//849
f 850//850 851//851 852//852
f 853//853 838//838 837//837
f 853//853 837//837 854//854
f 855//855 856//856 857//857
f 857//857 856//856 858//858
f 857//857 858//858 854//854
f 851//851 859//859 852//852
f 852//852 859//859 860//860
f 852//852 860//860 849//849
f 849//849 860//860 861//861
f 849//849 861//861 855//855
f 850//850 862//862 863//863
f 863//863 862//862 864//864
f 779//779 865//865 852//852
f 850//850 852//852 862//862
f 783//783 782//782 849//849
f 849//849 782//782 866//866
f 849//849 866//866 852//852
f 852//852 866//866 780//780
f 852//852 780//780 779//779
f 855//855 857//857 849//849
f 849//849 786//786 784//784
f 854//854 837//837 857//857
f 857//857 789//789 788//788
f 867//867 868//868 869//869
f 869//869 868//868 870//870
f 864//864 862//862 871//871
f 872//872 728//728 729//729
f 872//872 729//729 873//873
f 873//873 732//732 874//874
f 874//874 732//732 731//731
f 874//874 731//731 875//875
f 875//875 870//870 876//876
f 876//876 870//870 868//868
f 877//877 878//878 739//739
f 739//739 878//878 879//879
f 739//739 879//879 741//741
f 741//741 879//879 880//880
f 741//741 880//880 881//881
f 881//881 880//880 882//882
f 881//881 882//882 883//883
f 883//883 882//882 884//884
f 883//883 884//884 885//885
f 885//885 884//884 886//886
f 885//885 886//886 887//887
f 887//887 886//886 867//867
f 887//887 867//867 888//888
f 888//888 867//867 869//869
f 739//739 738//738 877//877
f 877//877 738//738 745//745
f 877//877 745//745 889//889
f 889//889 745//745 744//744
f 889//889 744//744 890//890
f 891//891 892//892 890//890
f 891//891 890//890 893//893
f 893//893 890//890 744//744
f 746//746 894//894 895//895
f 746//746 895//895 896//896
f 896//896 895//895 897//897
f 898//898 897//897 899//899
f 898//898 899//899 892//892
f 751//751 900//900 750//750
f 750//750 900//900 894//894
f 750//750 894//894 748//748
f 748//748 894//894 746//746
f 753//753 901//901 902//902
f 902//902 903//903 753//753
f 753//753 903//903 904//904
f 753//753 904//904 905//905
f 905//905 904//904 906//906
f 905//905 906//906 751//751
f 751//751 906//906 907//907
f 751//751 907//907 900//900
f 753//753 755//755 901//901
f 901//901 755//755 757//757
f 901//901 757//757 908//908
f 908//908 757//757 758//758
f 908//908 758//758 909//909
f 760//760 910//910 758//758
f 758//758 910//910 911//911
f 758//758 911//911 909//909
f 760//760 762//762 910//910
f 910//910 762//762 766//766
f 910//910 766//766 912//912
f 913//913 912//912 914//914
f 914//914 912//912 766//766
f 914//914 766//766 915//915
f 915//915 766//766 720//720
f 915//915 720//720 719//719
f 767//767 916//916 719//719
f 719//719 916//916 917//917
f 719//719 917//917 915//915
f 918//918 771//771 919//919
f 919//919 771//771 715//715
f 767//767 717//717 916//916
f 916//916 717//717 716//716
f 916//916 716//716 918//918
f 918//918 716//716 769//769
f 918//918 769//769 771//771
f 918//918 919//919 920//920
f 921//921 922//922 923//923
f 924//924 925//925 926//926
f 926//926 925//925 927//927
f 926//926 927//927 914//914
f 914//914 927//927 913//913
f 924//924 926//926 928//928
f 928//928 926//926 929//929
f 928//928 929//929 930//930
f 922//922 931//931 923//923
f 923//923 931//931 932//932
f 923//923 932//932 929//929
f 929//929 932//932 933//933
f 929//929 933//933 930//930
f 934//934 935//935 936//936
f 936//936 935//935 921//921
f 937//937 938//938 934//934
f 934//934 938//938 939//939
f 934//934 939//939 935//935
f 940//940 941//941 942//942
f 942//942 941//941 943//943
f 677//677 936//936 678//678
f 921//921 923//923 936//936
f 936//936 923//923 679//679
f 936//936 679//679 678//678
f 683//683 681//681 944//944
f 944//944 681//681 680//680
f 945//945 691//691 690//690
f 690//690 688//688 945//945
f 945//945 688//688 686//686
f 945//945 686//686 944//944
f 944//944 686//686 685//685
f 944//944 685//685 683//683
f 668//668 709//709 920//920
f 920//920 709//709 711//711
f 920//920 711//711 693//693
f 919//919 715//715 712//712
f 919//919 712//712 920//920
f 920//920 712//712 669//669
f 920//920 669//669 668//668
f 915//915 917//917 946//946
f 946//946 917//917 916//916
f 691//691 945//945 693//693
f 693//693 945//945 946//946
f 693//693 946//946 920//920
f 920//920 946//946 916//916
f 920//920 916//916 918//918
f 914//914 915//915 926//926
f 926//926 915//915 946//946
f 926//926 946//946 929//929
f 929//929 946//946 945//945
f 929//929 945//945 923//923
f 923//923 945//945 944//944
f 923//923 944//944 679//679
f 679//679 944//944 680//680
f 936//936 941//941 934//934
f 934//934 941//941 940//940
f 934//934 940//940 937//937
f 947//947 943//943 941//941
f 948//948 949//949 950//950
f 951//951 952//952 947//947
f 953//953 642//642 641//641
f 954//954 955//955 956//956
f 957//957 645//645 644//644
f 958//958 959//959 960//960
f 961//961 813//813 812//812
f 962//962 963//963 964//964
f 965//965 966//966 967//967
f 965//965 967//967 968//968
f 824//824 827//827 969//969
f 829//829 832//832 970//970
f 833//833 836//836 971//971
f 972//972 633//633 636//636
f 647//647 973//973 648//648
f 639//639 638//638 974//974
f 975//975 976//976 977//977
f 975//975 977//977 978//978
f 978//978 977//977 979//979
f 978//978 979//979 980//980
f 980//980 979//979 981//981
f 980//980 981//981 982//982
f 983//983 984//984 985//985
f 986//986 975//975 987//987
f 987//987 975//975 978//978
f 987//987 978//978 988//988
f 988//988 978//978 980//980
f 988//988 980//980 989//989
f 989//989 980//980 982//982
f 990//990 986//986 991//991
f 991//991 986//986 987//987
f 991//991 987//987 985//985
f 985//985 987//987 988//988
f 985//985 988//988 983//983
f 983//983 988//988 989//989
f 992//992 990//990 991//991
f 992//992 991//991 993//993
f 993//993 991//991 985//985
f 993//993 985//985 994//994
f 994//994 985//985 984//984
f 994//994 984//984 995//995
f 996//996 997//997 998//998
f 999//999 996//996 1000//1000
f 1001//1001 999//999 1002//1002
f 1001//1001 1002//1002 1003//1003
f 1003//1003 1002//1002 1004//1004
f 1003//1003 1004//1004 1005//1005
f 1005//1005 1004//1004 1006//1006
f 1005//1005 1006//1006 1007//1007
f 1007//1007 1006//1006 1008//1008
f 1008//1008 1006//1006 1009//1009
f 1008//1008 1009//1009 1010//1010
f 1010//1010 1009//1009 1011//1011
f 1010//1010 1011//1011 1012//1012
f 1012//1012 1011//1011 1013//1013
f 1012//1012 1013//1013 1014//1014
f 996//996 998//998 1000//1000
f 1000//1000 998//998 1015//1015
f 1000//1000 1015//1015 1016//1016
f 1016//1016 1015//1015 1017//1017
f 1016//1016 1017//1017 1018//1018
f 1018//1018 1017//1017 1019//1019
f 1018//1018 1019//1019 1020//1020
f 1020//1020 1019//1019 1021//1021
f 1020//1020 1021//1021 1022//1022
f 1022//1022 1021//1021 1023//1023
f 1022//1022 1023//1023 1024//1024
f 1024//1024 1023//1023 1025//1025
f 1024//1024 1025//1025 1026//1026
f 1026//1026 1025//1025 1027//1027
f 1026//1026 1027//1027 1028//1028
f 1028//1028 1027//1027 992//992
f 1028//1028 992//992 993//993
f 999//999 1000//1000 1002//1002
f 1002//1002 1000//1000 1016//1016
f 1002//1002 1016//1016 1004//1004
f 1004//1004 1016//1016 1018//1018
f 1004//1004 1018//1018 1006//1006
f 1006//1006 1018//1018 1020//1020
f 1006//1006 1020//1020 1009//1009
f 1009//1009 1020//1020 1022//1022
f 1009//1009 1022//1022 1011//1011
f 1011//1011 1022//1022 1024//1024
f 1011//1011 1024//1024 1013//1013
f 1013//1013 1024//1024 1026//1026
f 1013//1013 1026//1026 1029//1029
f 1029//1029 1026//1026 1028//1028
f 1029//1029 1028//1028 1030//1030
f 1030//1030 1028//1028 993//993
f 1030//1030 993//993 994//994
f 1014//1014 1013//1013 1031//1031
f 1031//1031 1013//1013 1029//1029
f 1031//1031 1029//1029 1032//1032
f 1032//1032 1029//1029 1030//1030
f 1032//1032 1030//1030 1033//1033
f 1033//1033 1030//1030 994//994
f 1033//1033 994//994 995//995
f 1034//1034 999//999 1001//1001
f 1001//1001 1035//1035 1034//1034
f 1034//1034 1035//1035 1036//1036
f 1034//1034 1036//1036 1037//1037
f 1037//1037 1036//1036 1038//1038
f 1037//1037 1038//1038 1039//1039
f 1038//1038 1040//1040 1039//1039
f 1039//1039 1040//1040 1041//1041
f 1039//1039 1041//1041 1042//1042
f 1042//1042 1041//1041 1043//1043
f 1042//1042 1043//1043 1044//1044
f 1043//1043 1045//1045 1044//1044
f 1044//1044 1045//1045 1046//1046
f 1044//1044 1046//1046 1047//1047
f 1047//1047 1046//1046 1048//1048
f 1047//1047 1048//1048 1049//1049
f 1050//1050 1051//1051 1052//1052
f 1052//1052 1051//1051 1049//1049
f 1052//1052 1049//1049 1053//1053
f 1053//1053 1049//1049 1048//1048
f 1051//1051 1054//1054 1049//1049
f 1049//1049 1054//1054 1055//1055
f 1049//1049 1055//1055 1047//1047
f 1047//1047 1055//1055 1056//1056
f 1047//1047 1056//1056 1044//1044
f 1044//1044 1056//1056 1057//1057
f 1044//1044 1057//1057 1042//1042
f 1042//1042 1057//1057 1058//1058
f 1042//1042 1058//1058 1039//1039
f 1039//1039 1058//1058 1059//1059
f 1039//1039 1059//1059 1037//1037
f 1037//1037 1059//1059 1060//1060
f 1037//1037 1060//1060 1034//1034
f 1034//1034 1060//1060 1061//1061
f 1034//1034 1061//1061 999//999
f 999//999 1061//1061 996//996
f 1054//1054 1062//1062 1055//1055
f 1055//1055 1062//1062 1063//1063
f 1055//1055 1063//1063 1056//1056
f 1056//1056 1063//1063 1064//1064
f 1056//1056 1064//1064 1057//1057
f 1057//1057 1064//1064 1065//1065
f 1057//1057 1065//1065 1058//1058
f 1058//1058 1065//1065 1066//1066
f 1058//1058 1066//1066 1059//1059
f 1059//1059 1066//1066 1067//1067
f 1059//1059 1067//1067 1060//1060
f 1060//1060 1067//1067 1068//1068
f 1060//1060 1068//1068 1061//1061
f 1061//1061 1068//1068 1069//1069
f 1061//1061 1069//1069 996//996
f 996//996 1069//1069 997//997
f 1070//1070 1071//1071 1072//1072
f 1073//1073 1070//1070 1074//1074
f 1075//1075 1073//1073 1076//1076
f 1075//1075 1076//1076 1077//1077
f 1077//1077 1076//1076 1078//1078
f 1077//1077 1078//1078 1079//1079
f 1079//1079 1078//1078 1080//1080
f 1079//1079 1080//1080 1081//1081
f 1081//1081 1080//1080 1082//1082
f 1082//1082 1080//1080 1083//1083
f 1082//1082 1083//1083 1084//1084
f 1084//1084 1083//1083 1085//1085
f 1084//1084 1085//1085 1086//1086
f 1086//1086 1085//1085 1087//1087
f 1086//1086 1087//1087 1088//1088
f 1070//1070 1072//1072 1074//1074
f 1074//1074 1072//1072 1089//1089
f 1074//1074 1089//1089 1090//1090
f 1090//1090 1089//1089 1091//1091
f 1090//1090 1091//1091 1092//1092
f 1092//1092 1091//1091 1093//1093
f 1092//1092 1093//1093 1094//1094
f 1094//1094 1093//1093 1095//1095
f 1094//1094 1095//1095 1096//1096
f 1096//1096 1095//1095 1097//1097
f 1096//1096 1097//1097 1098//1098
f 1098//1098 1097//1097 1099//1099
f 1098//1098 1099//1099 1100//1100
f 1100//1100 1099//1099 1101//1101
f 1100//1100 1101//1101 1102//1102
f 1102//1102 1101//1101 1062//1062
f 1102//1102 1062//1062 1054//1054
f 1073//1073 1074//1074 1076//1076
f 1076//1076 1074//1074 1090//1090
f 1076//1076 1090//1090 1078//1078
f 1078//1078 1090//1090 1092//1092
f 1078//1078 1092//1092 1080//1080
f 1080//1080 1092//1092 1094//1094
f 1080//1080 1094//1094 1083//1083
f 1083//1083 1094//1094 1096//1096
f 1083//1083 1096//1096 1085//1085
f 1085//1085 1096//1096 1098//1098
f 1085//1085 1098//1098 1087//1087
f 1087//1087 1098//1098 1100//1100
f 1087//1087 1100//1100 1103//1103
f 1103//1103 1100//1100 1102//1102
f 1103//1103 1102//1102 1104//1104
f 1104//1104 1102//1102 1054//1054
f 1104//1104 1054//1054 1051//1051
f 1088//1088 1087//1087 1105//1105
f 1105//1105 1087//1087 1103//1103
f 1105//1105 1103//1103 1106//1106
f 1106//1106 1103//1103 1104//1104
f 1106//1106 1104//1104 1107//1107
f 1107//1107 1104//1104 1051//1051
f 1107//1107 1051//1051 1050//1050
f 1108//1108 1071//1071 1070//1070
f 1108//1108 1070//1070 1109//1109
f 1109//1109 1070//1070 1073//1073
f 1109//1109 1073//1073 1110//1110
f 1110//1110 1073//1073 1075//1075
f 1110//1110 1075//1075 1111//1111
f 1112//1112 1113//1113 1114//1114
f 1115//1115 1116//1116 1117//1117
f 1118//1118 1108//1108 1119//1119
f 1119//1119 1108//1108 1109//1109
f 1119//1119 1109//1109 1120//1120
f 1120//1120 1109//1109 1110//1110
f 1115//1115 1117//1117 1121//1121
f 1122//1122 1118//1118 1123//1123
f 1123//1123 1118//1118 1119//1119
f 1123//1123 1119//1119 1117//1117
f 1117//1117 1119//1119 1120//1120
f 1117//1117 1120//1120 1121//1121
f 1121//1121 1120//1120 1110//1110
f 1121//1121 1110//1110 1111//1111
f 1124//1124 1122//1122 1125//1125
f 1125//1125 1122//1122 1123//1123
f 1125//1125 1123//1123 1114//1114
f 1114//1114 1123//1123 1117//1117
f 1114//1114 1117//1117 1112//1112
f 1112//1112 1117//1117 1116//1116
f 1126//1126 1124//1124 1125//1125
f 1126//1126 1125//1125 1127//1127
f 1127//1127 1125//1125 1114//1114
f 1127//1127 1114//1114 1128//1128
f 1128//1128 1114//1114 1113//1113
f 1128//1128 1113//1113 1129//1129
f 1130//1130 1131//1131 1132//1132
f 1133//1133 265//265 1134//1134
f 1134//1134 265//265 1135//1135
f 1134//1134 1135//1135 1136//1136
f 1136//1136 1135//1135 1137//1137
f 1136//1136 1137//1137 1138//1138
f 1138//1138 1137//1137 1139//1139
f 1138//1138 1139//1139 1132//1132
f 1132//1132 1139//1139 1140//1140
f 1132//1132 1140//1140 1130//1130
f 1131//1131 1130//1130 1141//1141
f 1141//1141 1130//1130 1142//1142
f 1141//1141 1142//1142 1143//1143
f 1143//1143 1142//1142 1144//1144
f 1145//1145 1146//1146 1144//1144
f 1142//1142 1147//1147 1148//1148
f 1144//1144 1142//1142 1145//1145
f 1145//1145 1142//1142 1148//1148
f 1145//1145 1148//1148 1149//1149
f 1147//1147 1142//1142 1150//1150
f 1150//1150 1142//1142 1130//1130
f 1150//1150 1130//1130 1140//1140
f 1149//1149 1151//1151 1145//1145
f 1145//1145 1151//1151 1152//1152
f 1145//1145 1152//1152 1146//1146
f 1153//1153 1154//1154 1155//1155
f 1155//1155 1154//1154 1156//1156
f 1157//1157 1152//1152 1151//1151
f 1151//1151 1158//1158 1157//1157
f 1157//1157 1158//1158 1159//1159
f 1157//1157 1159//1159 1154//1154
f 1154//1154 1159//1159 1160//1160
f 1154//1154 1160//1160 1156//1156
f 1161//1161 1162//1162 1163//1163
f 1163//1163 1164//1164 1161//1161
f 1161//1161 1164//1164 1165//1165
f 1161//1161 1165//1165 1166//1166
f 1166//1166 1165//1165 1167//1167
f 1168//1168 1169//1169 1170//1170
f 1170//1170 1169//1169 1171//1171
f 1162//1162 1161//1161 1170//1170
f 1170//1170 1161//1161 1172//1172
f 1170//1170 1172//1172 1168//1168
f 1171//1171 1169//1169 1173//1173
f 1173//1173 1169//1169 1174//1174
f 1173//1173 1174//1174 1175//1175
f 1175//1175 1174//1174 1176//1176
f 1175//1175 1176//1176 1177//1177
f 1177//1177 1176//1176 1178//1178
f 1177//1177 1178//1178 1179//1179
f 1179//1179 1178//1178 1180//1180
f 1179//1179 1180//1180 1181//1181
f 1181//1181 1180//1180 1182//1182
f 1181//1181 1182//1182 1183//1183
f 1182//1182 1184//1184 1183//1183
f 1183//1183 1184//1184 1185//1185
f 1183//1183 1185//1185 1186//1186
f 1186//1186 1185//1185 1187//1187
f 1186//1186 1187//1187 1188//1188
f 1189//1189 1190//1190 1191//1191
f 1191//1191 1190//1190 1192//1192
f 1191//1191 1192//1192 1193//1193
f 1188//1188 1187//1187 1194//1194
f 1194//1194 1187//1187 1195//1195
f 1194//1194 1195//1195 1196//1196
f 1196//1196 1195//1195 1197//1197
f 1196//1196 1197//1197 1198//1198
f 1198//1198 1197//1197 1199//1199
f 1198//1198 1199//1199 1200//1200
f 1200//1200 1199//1199 1201//1201
f 1200//1200 1201//1201 1189//1189
f 1189//1189 1201//1201 1202//1202
f 1189//1189 1202//1202 1190//1190
f 1193//1193 1192//1192 1203//1203
f 1203//1203 1192//1192 1204//1204
f 1203//1203 1204//1204 1205//1205
f 1205//1205 1204//1204 1206//1206
f 1205//1205 1206//1206 1207//1207
f 1207//1207 1206//1206 1208//1208
f 1207//1207 1208//1208 1209//1209
f 1209//1209 1208//1208 1210//1210
f 1209//1209 1210//1210 1211//1211
f 1211//1211 1210//1210 1212//1212
f 1211//1211 1212//1212 1213//1213
f 1213//1213 1212//1212 1214//1214
f 1213//1213 1214//1214 1215//1215
f 1215//1215 1214//1214 1216//1216
f 1215//1215 1216//1216 1217//1217
f 1217//1217 1216//1216 1218//1218
f 1217//1217 1218//1218 1219//1219
f 1219//1219 1218//1218 1220//1220
f 1219//1219 1220//1220 1221//1221
f 1221//1221 1220//1220 1222//1222
f 1221//1221 1222//1222 1223//1223
f 1223//1223 1222//1222 1224//1224
f 1223//1223 1224//1224 1225//1225
f 1225//1225 1224//1224 1226//1226
f 1225//1225 1226//1226 1227//1227
f 1227//1227 1226//1226 1228//1228
f 1227//1227 1228//1228 1229//1229
f 1230//1230 1231//1231 1232//1232
f 1233//1233 1234//1234 1235//1235
f 1235//1235 1234//1234 1236//1236
f 1235//1235 1236//1236 1237//1237
f 1237//1237 1236//1236 1238//1238
f 1237//1237 1238//1238 1239//1239
f 1232//1232 1231//1231 1240//1240
f 1240//1240 1231//1231 1241//1241
f 1240//1240 1241//1241 1242//1242
f 1243//1243 1244//1244 1245//1245
f 1245//1245 1244//1244 1246//1246
f 1245//1245 1246//1246 1247//1247
f 1247//1247 1246//1246 1248//1248
f 1247//1247 1248//1248 1249//1249
f 1249//1249 1248//1248 1250//1250
f 1249//1249 1250//1250 1251//1251
f 1252//1252 1253//1253 1254//1254
f 1241//1241 1255//1255 1242//1242
f 1242//1242 1255//1255 1256//1256
f 1242//1242 1256//1256 1257//1257
f 1257//1257 1256//1256 1258//1258
f 1257//1257 1258//1258 1259//1259
f 1259//1259 1258//1258 1260//1260
f 1259//1259 1260//1260 1261//1261
f 1262//1262 1263//1263 1264//1264
f 1264//1264 1263//1263 1265//1265
f 1264//1264 1265//1265 1266//1266
f 1266//1266 1265//1265 1267//1267
f 1266//1266 1267//1267 1268//1268
f 1268//1268 1267//1267 1269//1269
f 1268//1268 1269//1269 1243//1243
f 1243//1243 1269//1269 1270//1270
f 1243//1243 1270//1270 1244//1244
f 1271//1271 1272//1272 1273//1273
f 1273//1273 1272//1272 1274//1274
f 1273//1273 1274//1274 1275//1275
f 1275//1275 1274//1274 1276//1276
f 1275//1275 1276//1276 1277//1277
f 1276//1276 1278//1278 1277//1277
f 1277//1277 1278//1278 1279//1279
f 1277//1277 1279//1279 1280//1280
f 1280//1280 1279//1279 1281//1281
f 1280//1280 1281//1281 1282//1282
f 1239//1239 1238//1238 1261//1261
f 1261//1261 1238//1238 1283//1283
f 1261//1261 1283//1283 1259//1259
f 1250//1250 1284//1284 1251//1251
f 1251//1251 1284//1284 1285//1285
f 1251//1251 1285//1285 1286//1286
f 1286//1286 1285//1285 1287//1287
f 1286//1286 1287//1287 1288//1288
f 1288//1288 1287//1287 1289//1289
f 1288//1288 1289//1289 1290//1290
f 1289//1289 1291//1291 1290//1290
f 1290//1290 1291//1291 1292//1292
f 1290//1290 1292//1292 1293//1293
f 1292//1292 1294//1294 1293//1293
f 1293//1293 1294//1294 1295//1295
f 1293//1293 1295//1295 1296//1296
f 1296//1296 1295//1295 1297//1297
f 1296//1296 1297//1297 1298//1298
f 1298//1298 1297//1297 1299//1299
f 1298//1298 1299//1299 1300//1300
f 1299//1299 1301//1301 1300//1300
f 1300//1300 1301//1301 1302//1302
f 1300//1300 1302//1302 1303//1303
f 1303//1303 1302//1302 1304//1304
f 1303//1303 1304//1304 1305//1305
f 1305//1305 1304//1304 1306//1306
f 1305//1305 1306//1306 1307//1307
f 1307//1307 1306//1306 1308//1308
f 1307//1307 1308//1308 1309//1309
f 1310//1310 1311//1311 1312//1312
f 1312//1312 1311//1311 1313//1313
f 1312//1312 1313//1313 1271//1271
f 1271//1271 1313//1313 1314//1314
f 1271//1271 1314//1314 1272//1272
f 1315//1315 1316//1316 1317//1317
f 1317//1317 1316//1316 1318//1318
f 1317//1317 1318//1318 1319//1319
f 1319//1319 1318//1318 1320//1320
f 1319//1319 1320//1320 1310//1310
f 1310//1310 1320//1320 1321//1321
f 1310//1310 1321//1321 1311//1311
f 1281//1281 1322//1322 1282//1282
f 1282//1282 1322//1322 1323//1323
f 1282//1282 1323//1323 1324//1324
f 1324//1324 1323//1323 1325//1325
f 1324//1324 1325//1325 1326//1326
f 1326//1326 1325//1325 1327//1327
f 1326//1326 1327//1327 1328//1328
f 1328//1328 1327//1327 1329//1329
f 1328//1328 1329//1329 1330//1330
f 1330//1330 1329//1329 1331//1331
f 1330//1330 1331//1331 1254//1254
f 1254//1254 1331//1331 1332//1332
f 1254//1254 1332//1332 1252//1252
f 1230//1230 1232//1232 1253//1253
f 1253//1253 1232//1232 1333//1333
f 1253//1253 1333//1333 1254//1254
f 1334//1334 1335//1335 1315//1315
f 1315//1315 1335//1335 1336//1336
f 1315//1315 1336//1336 1316//1316
f 1337//1337 1338//1338 1339//1339
f 1339//1339 1338//1338 1340//1340
f 1339//1339 1340//1340 1334//1334
f 1334//1334 1340//1340 1341//1341
f 1334//1334 1341//1341 1335//1335
f 1308//1308 1342//1342 1309//1309
f 1309//1309 1342//1342 1343//1343
f 1309//1309 1343//1343 1344//1344
f 1344//1344 1343//1343 1345//1345
f 1344//1344 1345//1345 1346//1346
f 1346//1346 1345//1345 1347//1347
f 1346//1346 1347//1347 1337//1337
f 1337//1337 1347//1347 1348//1348
f 1337//1337 1348//1348 1338//1338
f 1349//1349 1350//1350 1323//1323
f 1258//1258 1256//1256 1351//1351
f 1351//1351 1256//1256 1352//1352
f 1258//1258 1351//1351 1260//1260
f 1260//1260 1351//1351 1353//1353
f 1260//1260 1353//1353 1261//1261
f 1261//1261 1353//1353 1354//1354
f 1261//1261 1354//1354 1239//1239
f 1239//1239 1354//1354 1355//1355
f 1239//1239 1355//1355 1237//1237
f 1237//1237 1355//1355 1356//1356
f 1237//1237 1356//1356 1235//1235
f 1235//1235 1356//1356 1357//1357
f 1235//1235 1357//1357 1233//1233
f 1352//1352 1256//1256 1358//1358
f 1358//1358 1256//1256 1255//1255
f 1358//1358 1255//1255 1359//1359
f 1359//1359 1255//1255 1241//1241
f 1359//1359 1241//1241 1360//1360
f 1360//1360 1241//1241 1231//1231
f 1360//1360 1231//1231 1361//1361
f 1361//1361 1231//1231 1230//1230
f 1361//1361 1230//1230 1362//1362
f 1362//1362 1230//1230 1253//1253
f 1362//1362 1253//1253 1363//1363
f 1331//1331 1364//1364 1332//1332
f 1332//1332 1364//1364 1363//1363
f 1332//1332 1363//1363 1252//1252
f 1252//1252 1363//1363 1253//1253
f 1323//1323 1350//1350 1325//1325
f 1325//1325 1350//1350 1365//1365
f 1325//1325 1365//1365 1327//1327
f 1327//1327 1365//1365 1366//1366
f 1327//1327 1366//1366 1329//1329
f 1329//1329 1366//1366 1367//1367
f 1329//1329 1367//1367 1331//1331
f 1331//1331 1367//1367 1368//1368
f 1331//1331 1368//1368 1364//1364
f 1323//1323 1322//1322 1349//1349
f 1349//1349 1322//1322 1281//1281
f 1349//1349 1281//1281 1369//1369
f 1369//1369 1281//1281 1279//1279
f 1369//1369 1279//1279 1370//1370
f 1370//1370 1279//1279 1371//1371
f 1371//1371 1279//1279 1278//1278
f 1371//1371 1278//1278 1372//1372
f 1372//1372 1278//1278 1276//1276
f 1372//1372 1276//1276 1373//1373
f 1373//1373 1276//1276 1274//1274
f 1373//1373 1274//1274 1374//1374
f 1374//1374 1274//1274 1272//1272
f 1374//1374 1272//1272 1375//1375
f 1272//1272 1314//1314 1375//1375
f 1375//1375 1314//1314 1313//1313
f 1375//1375 1313//1313 1376//1376
f 1376//1376 1313//1313 1311//1311
f 1376//1376 1311//1311 1377//1377
f 1377//1377 1311//1311 1321//1321
f 1377//1377 1321//1321 1378//1378
f 1378//1378 1321//1321 1320//1320
f 1378//1378 1320//1320 1379//1379
f 1379//1379 1320//1320 1380//1380
f 1380//1380 1320//1320 1318//1318
f 1380//1380 1318//1318 1381//1381
f 1318//1318 1316//1316 1381//1381
f 1381//1381 1316//1316 1336//1336
f 1381//1381 1336//1336 1382//1382
f 1383//1383 1384//1384 1263//1263
f 1263//1263 1384//1384 1265//1265
f 1265//1265 1384//1384 1267//1267
f 1267//1267 1384//1384 1385//1385
f 1267//1267 1385//1385 1269//1269
f 1385//1385 1386//1386 1269//1269
f 1269//1269 1386//1386 1387//1387
f 1269//1269 1387//1387 1270//1270
f 1270//1270 1387//1387 1388//1388
f 1270//1270 1388//1388 1244//1244
f 1244//1244 1388//1388 1389//1389
f 1244//1244 1389//1389 1246//1246
f 1246//1246 1389//1389 1390//1390
f 1246//1246 1390//1390 1248//1248
f 1248//1248 1390//1390 1250//1250
f 1250//1250 1390//1390 1391//1391
f 1250//1250 1391//1391 1284//1284
f 1284//1284 1391//1391 1392//1392
f 1284//1284 1392//1392 1285//1285
f 1285//1285 1392//1392 1393//1393
f 1285//1285 1393//1393 1287//1287
f 1287//1287 1393//1393 1394//1394
f 1287//1287 1394//1394 1289//1289
f 1289//1289 1394//1394 1395//1395
f 1289//1289 1395//1395 1291//1291
f 1291//1291 1395//1395 1396//1396
f 1291//1291 1396//1396 1292//1292
f 1292//1292 1396//1396 1397//1397
f 1292//1292 1397//1397 1294//1294
f 1294//1294 1397//1397 1398//1398
f 1294//1294 1398//1398 1295//1295
f 1295//1295 1398//1398 1399//1399
f 1295//1295 1399//1399 1297//1297
f 1297//1297 1399//1399 1400//1400
f 1297//1297 1400//1400 1299//1299
f 1299//1299 1400//1400 1401//1401
f 1299//1299 1401//1401 1301//1301
f 1301//1301 1401//1401 1402//1402
f 1301//1301 1402//1402 1302//1302
f 1302//1302 1402//1402 1403//1403
f 1302//1302 1403//1403 1304//1304
f 1304//1304 1403//1403 1404//1404
f 1304//1304 1404//1404 1306//1306
f 1306//1306 1404//1404 1405//1405
f 1306//1306 1405//1405 1308//1308
f 1308//1308 1405//1405 1406//1406
f 1308//1308 1406//1406 1342//1342
f 1342//1342 1406//1406 1407//1407
f 1342//1342 1407//1407 1343//1343
f 1343//1343 1407//1407 1408//1408
f 1343//1343 1408//1408 1345//1345
f 1345//1345 1408//1408 1409//1409
f 1345//1345 1409//1409 1347//1347
f 1347//1347 1409//1409 1410//1410
f 1347//1347 1410//1410 1348//1348
f 1348//1348 1410//1410 1411//1411
f 1348//1348 1411//1411 1338//1338
f 1338//1338 1411//1411 1412//1412
f 1338//1338 1412//1412 1340//1340
f 1340//1340 1412//1412 1413//1413
f 1340//1340 1413//1413 1341//1341
f 1341//1341 1413//1413 1414//1414
f 1341//1341 1414//1414 1335//1335
f 1414//1414 1415//1415 1335//1335
f 1335//1335 1415//1415 1382//1382
f 1335//1335 1382//1382 1336//1336
f 1352//1352 1219//1219 1351//1351
f 1351//1351 1219//1219 1221//1221
f 1351//1351 1221//1221 1353//1353
f 1353//1353 1221//1221 1223//1223
f 1353//1353 1223//1223 1354//1354
f 1354//1354 1223//1223 1225//1225
f 1354//1354 1225//1225 1355//1355
f 1355//1355 1225//1225 1227//1227
f 1355//1355 1227//1227 1356//1356
f 1356//1356 1227//1227 1229//1229
f 1356//1356 1229//1229 1357//1357
f 1410//1410 1409//1409 1416//1416
f 1417//1417 1418//1418 1400//1400
f 1416//1416 1409//1409 1419//1419
f 1419//1419 1409//1409 1408//1408
f 1419//1419 1408//1408 1420//1420
f 1420//1420 1408//1408 1407//1407
f 1420//1420 1407//1407 1421//1421
f 1421//1421 1407//1407 1406//1406
f 1421//1421 1406//1406 1422//1422
f 1400//1400 1418//1418 1401//1401
f 1401//1401 1418//1418 1423//1423
f 1401//1401 1423//1423 1402//1402
f 1381//1381 1163//1163 1162//1162
f 1423//1423 1424//1424 1402//1402
f 1402//1402 1424//1424 1425//1425
f 1402//1402 1425//1425 1403//1403
f 1403//1403 1425//1425 1426//1426
f 1403//1403 1426//1426 1404//1404
f 1404//1404 1426//1426 1422//1422
f 1404//1404 1422//1422 1405//1405
f 1405//1405 1422//1422 1406//1406
f 1416//1416 1427//1427 1410//1410
f 1410//1410 1427//1427 1428//1428
f 1410//1410 1428//1428 1411//1411
f 1411//1411 1428//1428 1429//1429
f 1381//1381 1162//1162 1380//1380
f 1380//1380 1162//1162 1170//1170
f 1380//1380 1170//1170 1379//1379
f 1379//1379 1170//1170 1171//1171
f 1379//1379 1171//1171 1378//1378
f 1378//1378 1171//1171 1173//1173
f 1378//1378 1173//1173 1377//1377
f 1163//1163 1381//1381 1164//1164
f 1164//1164 1381//1381 1382//1382
f 1164//1164 1382//1382 1430//1430
f 1430//1430 1382//1382 1415//1415
f 1430//1430 1415//1415 1431//1431
f 1431//1431 1415//1415 1414//1414
f 1431//1431 1414//1414 1432//1432
f 1432//1432 1414//1414 1413//1413
f 1432//1432 1413//1413 1429//1429
f 1429//1429 1413//1413 1412//1412
f 1429//1429 1412//1412 1411//1411
f 1383//1383 1433//1433 1384//1384
f 1384//1384 1433//1433 1434//1434
f 1384//1384 1434//1434 1385//1385
f 1385//1385 1434//1434 1435//1435
f 1385//1385 1435//1435 1386//1386
f 1386//1386 1435//1435 1436//1436
f 1386//1386 1436//1436 1387//1387
f 1387//1387 1436//1436 1437//1437
f 1387//1387 1437//1437 1388//1388
f 1388//1388 1437//1437 1438//1438
f 1388//1388 1438//1438 1389//1389
f 1389//1389 1438//1438 1439//1439
f 1389//1389 1439//1439 1390//1390
f 1390//1390 1439//1439 1440//1440
f 1390//1390 1440//1440 1391//1391
f 1391//1391 1440//1440 1441//1441
f 1391//1391 1441//1441 1392//1392
f 1392//1392 1441//1441 1442//1442
f 1392//1392 1442//1442 1393//1393
f 1393//1393 1442//1442 1443//1443
f 1393//1393 1443//1443 1394//1394
f 1443//1443 1444//1444 1394//1394
f 1394//1394 1444//1444 1445//1445
f 1394//1394 1445//1445 1395//1395
f 1395//1395 1445//1445 1446//1446
f 1395//1395 1446//1446 1396//1396
f 1396//1396 1446//1446 1447//1447
f 1396//1396 1447//1447 1397//1397
f 1397//1397 1447//1447 1448//1448
f 1397//1397 1448//1448 1398//1398
f 1398//1398 1448//1448 1417//1417
f 1398//1398 1417//1417 1399//1399
f 1399//1399 1417//1417 1400//1400
f 1377//1377 1173//1173 1376//1376
f 1376//1376 1173//1173 1175//1175
f 1376//1376 1175//1175 1375//1375
f 1375//1375 1175//1175 1177//1177
f 1375//1375 1177//1177 1374//1374
f 1374//1374 1177//1177 1179//1179
f 1374//1374 1179//1179 1373//1373
f 1373//1373 1179//1179 1181//1181
f 1373//1373 1181//1181 1372//1372
f 1372//1372 1181//1181 1183//1183
f 1372//1372 1183//1183 1371//1371
f 1371//1371 1183//1183 1186//1186
f 1371//1371 1186//1186 1370//1370
f 1370//1370 1186//1186 1188//1188
f 1370//1370 1188//1188 1369//1369
f 1369//1369 1188//1188 1194//1194
f 1369//1369 1194//1194 1349//1349
f 1349//1349 1194//1194 1196//1196
f 1349//1349 1196//1196 1350//1350
f 1350//1350 1196//1196 1198//1198
f 1350//1350 1198//1198 1365//1365
f 1365//1365 1198//1198 1200//1200
f 1365//1365 1200//1200 1366//1366
f 1366//1366 1200//1200 1189//1189
f 1366//1366 1189//1189 1367//1367
f 1367//1367 1189//1189 1191//1191
f 1367//1367 1191//1191 1368//1368
f 1368//1368 1191//1191 1193//1193
f 1368//1368 1193//1193 1364//1364
f 1364//1364 1193//1193 1203//1203
f 1364//1364 1203//1203 1363//1363
f 1363//1363 1203//1203 1205//1205
f 1363//1363 1205//1205 1362//1362
f 1362//1362 1205//1205 1207//1207
f 1362//1362 1207//1207 1361//1361
f 1361//1361 1207//1207 1209//1209
f 1361//1361 1209//1209 1360//1360
f 1360//1360 1209//1209 1211//1211
f 1360//1360 1211//1211 1359//1359
f 1359//1359 1211//1211 1213//1213
f 1359//1359 1213//1213 1358//1358
f 1358//1358 1213//1213 1215//1215
f 1358//1358 1215//1215 1352//1352
f 1352//1352 1215//1215 1217//1217
f 1352//1352 1217//1217 1219//1219
f 1165//1165 1164//1164 1430//1430
f 1167//1167 1165//1165 1449//1449
f 1449//1449 1165//1165 1430//1430
f 1449//1449 1430//1430 1450//1450
f 1450//1450 1430//1430 1431//1431
f 1450//1450 1431//1431 1451//1451
f 1451//1451 1431//1431 1432//1432
f 1451//1451 1432//1432 1452//1452
f 1452//1452 1432//1432 1429//1429
f 1452//1452 1429//1429 1453//1453
f 1453//1453 1429//1429 1428//1428
f 1453//1453 1428//1428 1454//1454
f 1454//1454 1428//1428 1427//1427
f 1454//1454 1427//1427 1455//1455
f 1455//1455 1427//1427 1416//1416
f 1455//1455 1416//1416 1456//1456
f 1456//1456 1416//1416 1419//1419
f 1456//1456 1419//1419 1457//1457
f 1457//1457 1419//1419 1420//1420
f 1457//1457 1420//1420 1458//1458
f 1458//1458 1420//1420 1421//1421
f 1458//1458 1421//1421 1459//1459
f 1459//1459 1421//1421 1422//1422
f 1459//1459 1422//1422 1460//1460
f 1460//1460 1422//1422 1426//1426
f 1460//1460 1426//1426 1461//1461
f 1461//1461 1426//1426 1425//1425
f 1461//1461 1425//1425 1462//1462
f 1462//1462 1425//1425 1424//1424
f 1462//1462 1424//1424 1463//1463
f 1463//1463 1424//1424 1423//1423
f 1463//1463 1423//1423 1464//1464
f 1464//1464 1423//1423 1418//1418
f 1464//1464 1418//1418 1465//1465
f 1465//1465 1418//1418 1417//1417
f 1465//1465 1417//1417 1466//1466
f 1466//1466 1417//1417 1448//1448
f 1466//1466 1448//1448 1467//1467
f 1467//1467 1448//1448 1447//1447
f 1467//1467 1447//1447 1468//1468
f 1468//1468 1447//1447 1446//1446
f 1468//1468 1446//1446 1469//1469
f 1469//1469 1446//1446 1445//1445
f 1469//1469 1445//1445 1470//1470
f 1470//1470 1445//1445 1444//1444
f 1470//1470 1444//1444 1471//1471
f 1471//1471 1444//1444 1443//1443
f 1471//1471 1443//1443 1472//1472
f 1472//1472 1443//1443 1442//1442
f 1472//1472 1442//1442 1473//1473
f 1473//1473 1442//1442 1441//1441
f 1473//1473 1441//1441 1474//1474
f 1474//1474 1441//1441 1440//1440
f 1474//1474 1440//1440 1475//1475
f 1475//1475 1440//1440 1439//1439
f 1475//1475 1439//1439 1476//1476
f 1476//1476 1439//1439 1438//1438
f 1476//1476 1438//1438 1477//1477
f 1477//1477 1438//1438 1437//1437
f 1477//1477 1437//1437 1478//1478
f 1478//1478 1437//1437 1436//1436
f 1478//1478 1436//1436 1479//1479
f 1479//1479 1436//1436 1435//1435
f 1479//1479 1435//1435 1480//1480
f 1480//1480 1435//1435 1434//1434
f 1480//1480 1434//1434 1481//1481
f 1481//1481 1434//1434 1433//1433
f 1481//1481 1433//1433 1482//1482
f 466//466 487//487 1483//1483
f 1483//1483 487//487 1484//1484
f 1483//1483 1484//1484 1485//1485
f 1485//1485 1484//1484 1486//1486
f 1485//1485 1486//1486 1487//1487
f 1487//1487 1486//1486 1488//1488
f 1487//1487 1488//1488 1489//1489
f 1489//1489 1488//1488 1490//1490
f 1489//1489 1490//1490 1491//1491
f 1491//1491 1490//1490 1492//1492
f 1491//1491 1492//1492 1493//1493
f 1493//1493 1492//1492 1494//1494
f 1493//1493 1494//1494 1495//1495
f 1495//1495 1494//1494 1496//1496
f 1495//1495 1496//1496 1497//1497
f 1497//1497 1496//1496 1498//1498
f 1497//1497 1498//1498 1499//1499
f 1499//1499 1498//1498 1500//1500
f 1499//1499 1500//1500 1501//1501
f 1501//1501 1500//1500 1502//1502
f 1501//1501 1502//1502 1503//1503
f 1503//1503 1502//1502 1504//1504
f 1503//1503 1504//1504 1505//1505
f 1505//1505 1504//1504 1506//1506
f 1505//1505 1506//1506 451//451
f 451//451 1506//1506 468//468
f 488//488 468//468 1507//1507
f 1507//1507 468//468 1506//1506
f 1507//1507 1506//1506 1508//1508
f 1508//1508 1506//1506 1504//1504
f 1508//1508 1504//1504 1509//1509
f 1509//1509 1504//1504 1502//1502
f 1509//1509 1502//1502 1510//1510
f 1510//1510 1502//1502 1500//1500
f 1510//1510 1500//1500 1511//1511
f 1511//1511 1500//1500 1498//1498
f 1511//1511 1498//1498 1512//1512
f 1512//1512 1498//1498 1496//1496
f 1512//1512 1496//1496 1513//1513
f 1513//1513 1496//1496 1494//1494
f 1513//1513 1494//1494 1514//1514
f 1514//1514 1494//1494 1492//1492
f 1514//1514 1492//1492 1515//1515
f 1515//1515 1492//1492 1490//1490
f 1515//1515 1490//1490 1516//1516
f 1516//1516 1490//1490 1488//1488
f 1516//1516 1488//1488 1517//1517
f 1517//1517 1488//1488 1486//1486
f 1517//1517 1486//1486 1518//1518
f 1518//1518 1486//1486 1484//1484
f 1518//1518 1484//1484 498//498
f 498//498 1484//1484 487//487
f 498//498 527//527 1518//1518
f 1518//1518 527//527 1519//1519
f 1518//1518 1519//1519 1517//1517
f 1517//1517 1519//1519 1520//1520
f 1517//1517 1520//1520 1516//1516
f 1516//1516 1520//1520 1521//1521
f 1516//1516 1521//1521 1515//1515
f 1515//1515 1521//1521 1522//1522
f 1515//1515 1522//1522 1514//1514
f 1514//1514 1522//1522 1523//1523
f 1514//1514 1523//1523 1513//1513
f 1513//1513 1523//1523 1524//1524
f 1513//1513 1524//1524 1512//1512
f 1512//1512 1524//1524 1525//1525
f 1512//1512 1525//1525 1511//1511
f 1511//1511 1525//1525 1526//1526
f 1511//1511 1526//1526 1510//1510
f 1510//1510 1526//1526 1527//1527
f 1510//1510 1527//1527 1509//1509
f 1509//1509 1527//1527 1528//1528
f 1509//1509 1528//1528 1508//1508
f 1508//1508 1528//1528 1529//1529
f 1508//1508 1529//1529 1507//1507
f 1507//1507 1529//1529 1530//1530
f 1507//1507 1530//1530 488//488
f 488//488 1530//1530 508//508
f 1531//1531 1532//1532 1533//1533
f 1533//1533 1532//1532 1534//1534
f 1533//1533 1534//1534 1535//1535
f 1536//1536 1537//1537 1538//1538
f 1539//1539 1540//1540 1541//1541
f 1541//1541 1540//1540 1536//1536
f 1541//1541 1536//1536 1542//1542
f 1542//1542 1536//1536 1538//1538
f 1543//1543 1544//1544 1545//1545
f 1545//1545 1544//1544 1546//1546
f 1545//1545 1546//1546 1537//1537
f 1537//1537 1546//1546 1547//1547
f 1537//1537 1547//1547 1538//1538
f 1534//1534 1532//1532 1548//1548
f 1548//1548 1532//1532 1540//1540
f 1548//1548 1540//1540 1549//1549
f 1549//1549 1540//1540 1539//1539
f 1550//1550 1551//1551 1552//1552
f 1553//1553 1554//1554 1555//1555
f 1555//1555 1554//1554 1556//1556
f 1555//1555 1556//1556 1557//1557
f 1558//1558 1559//1559 1560//1560
f 1560//1560 1559//1559 1561//1561
f 1560//1560 1561//1561 1556//1556
f 1556//1556 1561//1561 1562//1562
f 1556//1556 1562//1562 1557//1557
f 1563//1563 1564//1564 1565//1565
f 1565//1565 1564//1564 1566//1566
f 1565//1565 1566//1566 1567//1567
f 1552//1552 1568//1568 1569//1569
f 1569//1569 1563//1563 1552//1552
f 1552//1552 1563//1563 1565//1565
f 1552//1552 1565//1565 1550//1550
f 1550//1550 1565//1565 1567//1567
f 1550//1550 1567//1567 1560//1560
f 1560//1560 1567//1567 1570//1570
f 1560//1560 1570//1570 1558//1558
f 1571//1571 1572//1572 1573//1573
f 1574//1574 1575//1575 1576//1576
f 1577//1577 1578//1578 1579//1579
f 1580//1580 1581//1581 1577//1577
f 1582//1582 1583//1583 1584//1584
f 1585//1585 1586//1586 1587//1587
f 1587//1587 1588//1588 1585//1585
f 1585//1585 1588//1588 1589//1589
f 1585//1585 1589//1589 1584//1584
f 1584//1584 1589//1589 1590//1590
f 1584//1584 1590//1590 1582//1582
f 1579//1579 1591//1591 1577//1577
f 1577//1577 1591//1591 1592//1592
f 1577//1577 1592//1592 1580//1580
f 1580//1580 1592//1592 1593//1593
f 1580//1580 1593//1593 1575//1575
f 1575//1575 1593//1593 1594//1594
f 1575//1575 1594//1594 1576//1576
f 1576//1576 1594//1594 1595//1595
f 1576//1576 1595//1595 1586//1586
f 1595//1595 1596//1596 1586//1586
f 1586//1586 1596//1596 1597//1597
f 1586//1586 1597//1597 1598//1598
f 1598//1598 1599//1599 1586//1586
f 1586//1586 1599//1599 1600//1600
f 1586//1586 1600//1600 1587//1587
f 1601//1601 1585//1585 1602//1602
f 1602//1602 1585//1585 1584//1584
f 1602//1602 1584//1584 1603//1603
f 1603//1603 1584//1584 1583//1583
f 1603//1603 1583//1583 1604//1604
f 1572//1572 1574//1574 1573//1573
f 1573//1573 1574//1574 1576//1576
f 1573//1573 1576//1576 1605//1605
f 1605//1605 1576//1576 1586//1586
f 1605//1605 1586//1586 1606//1606
f 1606//1606 1586//1586 1585//1585
f 1606//1606 1585//1585 1607//1607
f 1607//1607 1585//1585 1601//1601
f 1554//1554 1571//1571 1556//1556
f 1556//1556 1571//1571 1573//1573
f 1556//1556 1573//1573 1560//1560
f 1560//1560 1573//1573 1605//1605
f 1560//1560 1605//1605 1550//1550
f 1550//1550 1605//1605 1606//1606
f 1550//1550 1606//1606 1551//1551
f 1551//1551 1606//1606 1607//1607
f 1608//1608 1609//1609 1610//1610
f 1610//1610 1609//1609 1611//1611
f 1612//1612 1613//1613 1614//1614
f 1612//1612 1614//1614 1610//1610
f 1610//1610 1614//1614 1615//1615
f 1610//1610 1615//1615 1608//1608
f 1609//1609 1616//1616 1611//1611
f 1611//1611 1616//1616 1617//1617
f 1611//1611 1617//1617 1618//1618
f 1618//1618 1619//1619 1611//1611
f 1611//1611 1619//1619 1620//1620
f 1611//1611 1620//1620 1621//1621
f 1621//1621 1622//1622 1611//1611
f 1611//1611 1622//1622 1623//1623
f 1611//1611 1623//1623 1624//1624
f 1624//1624 1625//1625 1611//1611
f 1611//1611 1625//1625 1626//1626
f 1611//1611 1626//1626 1627//1627
f 1627//1627 1628//1628 1611//1611
f 1611//1611 1628//1628 1629//1629
f 1611//1611 1629//1629 1630//1630
f 1631//1631 1632//1632 1633//1633
f 1634//1634 1635//1635 1636//1636
f 1637//1637 1638//1638 1639//1639
f 1640//1640 1641//1641 1642//1642
f 1643//1643 1644//1644 1630//1630
f 1645//1645 1646//1646 1644//1644
f 1647//1647 1648//1648 1649//1649
f 1650//1650 1647//1647 1645//1645
f 1645//1645 1647//1647 1649//1649
f 1645//1645 1649//1649 1646//1646
f 1651//1651 1652//1652 1653//1653
f 1653//1653 1652//1652 1654//1654
f 1653//1653 1654//1654 1650//1650
f 1650//1650 1654//1654 1655//1655
f 1650//1650 1655//1655 1647//1647
f 1656//1656 1657//1657 1651//1651
f 1651//1651 1657//1657 1658//1658
f 1651//1651 1658//1658 1652//1652
f 1659//1659 1660//1660 1661//1661
f 1661//1661 1660//1660 1662//1662
f 1661//1661 1662//1662 1656//1656
f 1656//1656 1662//1662 1663//1663
f 1656//1656 1663//1663 1657//1657
f 1664//1664 1665//1665 1666//1666
f 1666//1666 1665//1665 1667//1667
f 1666//1666 1667//1667 1668//1668
f 1668//1668 1667//1667 1669//1669
f 1668//1668 1669//1669 1659//1659
f 1659//1659 1669//1669 1670//1670
f 1659//1659 1670//1670 1660//1660
f 1671//1671 1672//1672 1664//1664
f 1664//1664 1672//1672 1673//1673
f 1664//1664 1673//1673 1665//1665
f 1630//1630 1629//1629 1643//1643
f 1643//1643 1629//1629 1628//1628
f 1643//1643 1628//1628 1674//1674
f 1674//1674 1628//1628 1627//1627
f 1674//1674 1627//1627 1675//1675
f 1675//1675 1627//1627 1626//1626
f 1675//1675 1626//1626 1676//1676
f 1676//1676 1626//1626 1625//1625
f 1676//1676 1625//1625 1677//1677
f 1677//1677 1625//1625 1624//1624
f 1677//1677 1624//1624 1678//1678
f 1678//1678 1624//1624 1623//1623
f 1678//1678 1623//1623 1679//1679
f 1679//1679 1623//1623 1622//1622
f 1679//1679 1622//1622 1680//1680
f 1680//1680 1622//1622 1621//1621
f 1680//1680 1621//1621 1681//1681
f 1681//1681 1621//1621 1620//1620
f 1681//1681 1620//1620 1682//1682
f 1682//1682 1620//1620 1619//1619
f 1682//1682 1619//1619 1683//1683
f 1683//1683 1619//1619 1618//1618
f 1683//1683 1618//1618 1684//1684
f 1684//1684 1618//1618 1617//1617
f 1684//1684 1617//1617 1685//1685
f 1644//1644 1643//1643 1645//1645
f 1645//1645 1643//1643 1674//1674
f 1645//1645 1674//1674 1650//1650
f 1650//1650 1674//1674 1675//1675
f 1650//1650 1675//1675 1653//1653
f 1653//1653 1675//1675 1676//1676
f 1653//1653 1676//1676 1651//1651
f 1651//1651 1676//1676 1677//1677
f 1651//1651 1677//1677 1656//1656
f 1656//1656 1677//1677 1678//1678
f 1656//1656 1678//1678 1661//1661
f 1661//1661 1678//1678 1679//1679
f 1661//1661 1679//1679 1659//1659
f 1659//1659 1679//1679 1680//1680
f 1659//1659 1680//1680 1668//1668
f 1668//1668 1680//1680 1681//1681
f 1668//1668 1681//1681 1666//1666
f 1666//1666 1681//1681 1682//1682
f 1666//1666 1682//1682 1664//1664
f 1664//1664 1682//1682 1683//1683
f 1664//1664 1683//1683 1671//1671
f 1671//1671 1683//1683 1684//1684
f 1671//1671 1684//1684 1686//1686
f 1686//1686 1684//1684 1685//1685
f 1686//1686 1685//1685 1687//1687
f 1688//1688 1689//1689 1687//1687
f 1687//1687 1689//1689 1690//1690
f 1687//1687 1690//1690 1686//1686
f 1686//1686 1690//1690 1691//1691
f 1686//1686 1691//1691 1671//1671
f 1671//1671 1691//1691 1692//1692
f 1671//1671 1692//1692 1672//1672
f 1617//1617 1616//1616 1685//1685
f 1685//1685 1616//1616 1693//1693
f 1685//1685 1693//1693 1687//1687
f 1687//1687 1693//1693 1642//1642
f 1687//1687 1642//1642 1688//1688
f 1688//1688 1642//1642 1641//1641
f 1694//1694 1695//1695 1696//1696
f 1696//1696 1640//1640 1694//1694
f 1694//1694 1640//1640 1642//1642
f 1694//1694 1642//1642 1697//1697
f 1697//1697 1642//1642 1693//1693
f 1697//1697 1693//1693 1609//1609
f 1609//1609 1693//1693 1616//1616
f 1638//1638 1695//1695 1639//1639
f 1639//1639 1695//1695 1694//1694
f 1639//1639 1694//1694 1698//1698
f 1698//1698 1694//1694 1697//1697
f 1698//1698 1697//1697 1608//1608
f 1608//1608 1697//1697 1609//1609
f 1608//1608 1615//1615 1698//1698
f 1698//1698 1615//1615 1699//1699
f 1698//1698 1699//1699 1639//1639
f 1639//1639 1699//1699 1636//1636
f 1639//1639 1636//1636 1637//1637
f 1637//1637 1636//1636 1635//1635
f 1632//1632 1634//1634 1633//1633
f 1633//1633 1634//1634 1636//1636
f 1633//1633 1636//1636 1700//1700
f 1700//1700 1636//1636 1699//1699
f 1700//1700 1699//1699 1614//1614
f 1614//1614 1699//1699 1615//1615
f 1701//1701 1631//1631 1702//1702
f 1702//1702 1631//1631 1633//1633
f 1702//1702 1633//1633 1703//1703
f 1703//1703 1633//1633 1700//1700
f 1703//1703 1700//1700 1613//1613
f 1613//1613 1700//1700 1614//1614
f 1704//1704 1705//1705 1706//1706
f 1707//1707 1708//1708 1709//1709
f 1710//1710 1711//1711 1712//1712
f 1670//1670 1669//1669 1713//1713
f 1689//1689 1688//1688 1714//1714
f 1640//1640 1696//1696 1715//1715
f 1716//1716 1717//1717 1718//1718
f 1718//1718 1717//1717 1719//1719
f 1718//1718 1719//1719 1720//1720
f 1720//1720 1719//1719 1721//1721
f 1722//1722 1723//1723 1724//1724
f 1724//1724 1725//1725 1722//1722
f 1722//1722 1725//1725 1726//1726
f 1722//1722 1726//1726 1719//1719
f 1719//1719 1726//1726 1727//1727
f 1719//1719 1727//1727 1721//1721
f 1728//1728 1631//1631 1723//1723
f 1723//1723 1631//1631 1701//1701
f 1723//1723 1701//1701 1724//1724
f 1724//1724 1701//1701 1729//1729
f 1724//1724 1729//1729 1730//1730
f 1730//1730 1729//1729 1731//1731
f 1732//1732 1715//1715 1637//1637
f 1637//1637 1635//1635 1732//1732
f 1732//1732 1635//1635 1634//1634
f 1732//1732 1634//1634 1728//1728
f 1728//1728 1634//1634 1632//1632
f 1728//1728 1632//1632 1631//1631
f 1696//1696 1695//1695 1715//1715
f 1715//1715 1695//1695 1638//1638
f 1715//1715 1638//1638 1637//1637
f 1714//1714 1688//1688 1733//1733
f 1734//1734 1735//1735 1672//1672
f 1672//1672 1692//1692 1734//1734
f 1734//1734 1692//1692 1691//1691
f 1734//1734 1691//1691 1714//1714
f 1714//1714 1691//1691 1690//1690
f 1714//1714 1690//1690 1689//1689
f 1713//1713 1669//1669 1736//1736
f 1669//1669 1667//1667 1736//1736
f 1736//1736 1667//1667 1665//1665
f 1736//1736 1665//1665 1735//1735
f 1735//1735 1665//1665 1673//1673
f 1735//1735 1673//1673 1672//1672
f 1737//1737 1662//1662 1713//1713
f 1713//1713 1662//1662 1660//1660
f 1713//1713 1660//1660 1670//1670
f 1652//1652 1738//1738 1654//1654
f 1654//1654 1738//1738 1712//1712
f 1654//1654 1712//1712 1655//1655
f 1652//1652 1658//1658 1738//1738
f 1738//1738 1658//1658 1657//1657
f 1738//1738 1657//1657 1737//1737
f 1737//1737 1657//1657 1663//1663
f 1737//1737 1663//1663 1662//1662
f 1655//1655 1712//1712 1647//1647
f 1647//1647 1712//1712 1711//1711
f 1647//1647 1711//1711 1648//1648
f 1739//1739 1740//1740 1741//1741
f 1741//1741 1740//1740 1742//1742
f 1743//1743 1744//1744 1745//1745
f 1746//1746 1747//1747 1748//1748
f 1748//1748 1747//1747 1743//1743
f 1748//1748 1743//1743 1749//1749
f 1749//1749 1743//1743 1745//1745
f 1750//1750 1751//1751 1752//1752
f 1750//1750 1752//1752 1753//1753
f 1752//1752 1754//1754 1753//1753
f 1753//1753 1754//1754 1755//1755
f 1753//1753 1755//1755 1744//1744
f 1744//1744 1755//1755 1756//1756
f 1744//1744 1756//1756 1745//1745
f 1751//1751 1750//1750 1757//1757
f 1757//1757 1750//1750 1758//1758
f 1757//1757 1758//1758 1759//1759
f 1759//1759 1758//1758 1760//1760
f 1760//1760 1758//1758 1761//1761
f 1760//1760 1761//1761 1762//1762
f 1762//1762 1761//1761 1763//1763
f 1763//1763 1761//1761 1764//1764
f 1763//1763 1764//1764 1765//1765
f 1766//1766 1767//1767 1768//1768
f 1768//1768 1769//1769 1766//1766
f 1766//1766 1769//1769 1770//1770
f 1766//1766 1770//1770 1764//1764
f 1764//1764 1770//1770 1771//1771
f 1764//1764 1771//1771 1765//1765
f 1772//1772 1773//1773 1774//1774
f 1774//1774 1775//1775 1772//1772
f 1772//1772 1775//1775 1776//1776
f 1772//1772 1776//1776 1767//1767
f 1767//1767 1776//1776 1777//1777
f 1767//1767 1777//1777 1768//1768
f 1778//1778 1779//1779 1773//1773
f 1773//1773 1779//1779 1780//1780
f 1773//1773 1780//1780 1774//1774
f 1781//1781 1782//1782 1778//1778
f 1778//1778 1782//1782 1783//1783
f 1778//1778 1783//1783 1779//1779
f 1784//1784 1785//1785 1786//1786
f 1786//1786 1785//1785 1787//1787
f 1786//1786 1787//1787 1781//1781
f 1781//1781 1787//1787 1788//1788
f 1781//1781 1788//1788 1782//1782
f 1784//1784 1786//1786 1789//1789
f 1789//1789 1786//1786 1790//1790
f 1789//1789 1790//1790 1791//1791
f 1792//1792 1791//1791 1793//1793
f 1793//1793 1791//1791 1790//1790
f 1793//1793 1790//1790 1794//1794
f 1794//1794 1790//1790 1795//1795
f 1707//1707 1709//1709 1796//1796
f 1797//1797 1798//1798 1799//1799
f 1717//1717 1800//1800 1719//1719
f 1719//1719 1800//1800 1801//1801
f 1719//1719 1801//1801 1802//1802
f 1704//1704 1706//1706 1803//1803
f 1798//1798 1796//1796 1799//1799
f 1799//1799 1796//1796 1709//1709
f 1799//1799 1709//1709 1804//1804
f 1804//1804 1709//1709 1805//1805
f 1804//1804 1805//1805 1806//1806
f 1806//1806 1805//1805 1807//1807
f 1806//1806 1807//1807 1808//1808
f 1808//1808 1807//1807 1809//1809
f 1808//1808 1809//1809 1810//1810
f 1742//1742 1710//1710 1741//1741
f 1741//1741 1710//1710 1712//1712
f 1741//1741 1712//1712 1811//1811
f 1811//1811 1712//1712 1738//1738
f 1811//1811 1738//1738 1812//1812
f 1812//1812 1738//1738 1737//1737
f 1812//1812 1737//1737 1813//1813
f 1813//1813 1737//1737 1713//1713
f 1813//1813 1713//1713 1814//1814
f 1814//1814 1713//1713 1736//1736
f 1814//1814 1736//1736 1815//1815
f 1815//1815 1736//1736 1735//1735
f 1815//1815 1735//1735 1816//1816
f 1816//1816 1735//1735 1734//1734
f 1816//1816 1734//1734 1817//1817
f 1817//1817 1734//1734 1714//1714
f 1817//1817 1714//1714 1818//1818
f 1818//1818 1714//1714 1733//1733
f 1818//1818 1733//1733 1819//1819
f 1819//1819 1733//1733 1820//1820
f 1819//1819 1820//1820 1810//1810
f 1810//1810 1820//1820 1821//1821
f 1810//1810 1821//1821 1808//1808
f 1808//1808 1821//1821 1822//1822
f 1808//1808 1822//1822 1806//1806
f 1806//1806 1822//1822 1823//1823
f 1806//1806 1823//1823 1804//1804
f 1804//1804 1823//1823 1824//1824
f 1804//1804 1824//1824 1799//1799
f 1799//1799 1824//1824 1706//1706
f 1799//1799 1706//1706 1797//1797
f 1797//1797 1706//1706 1705//1705
f 1747//1747 1739//1739 1743//1743
f 1743//1743 1739//1739 1741//1741
f 1743//1743 1741//1741 1744//1744
f 1744//1744 1741//1741 1811//1811
f 1744//1744 1811//1811 1753//1753
f 1753//1753 1811//1811 1812//1812
f 1753//1753 1812//1812 1750//1750
f 1750//1750 1812//1812 1813//1813
f 1750//1750 1813//1813 1758//1758
f 1758//1758 1813//1813 1814//1814
f 1758//1758 1814//1814 1761//1761
f 1761//1761 1814//1814 1815//1815
f 1761//1761 1815//1815 1764//1764
f 1764//1764 1815//1815 1816//1816
f 1764//1764 1816//1816 1766//1766
f 1766//1766 1816//1816 1817//1817
f 1766//1766 1817//1817 1767//1767
f 1767//1767 1817//1817 1818//1818
f 1767//1767 1818//1818 1772//1772
f 1772//1772 1818//1818 1819//1819
f 1772//1772 1819//1819 1773//1773
f 1773//1773 1819//1819 1810//1810
f 1773//1773 1810//1810 1778//1778
f 1778//1778 1810//1810 1809//1809
f 1778//1778 1809//1809 1781//1781
f 1781//1781 1809//1809 1807//1807
f 1781//1781 1807//1807 1786//1786
f 1786//1786 1807//1807 1805//1805
f 1786//1786 1805//1805 1790//1790
f 1790//1790 1805//1805 1709//1709
f 1790//1790 1709//1709 1795//1795
f 1795//1795 1709//1709 1708//1708
f 1688//1688 1641//1641 1733//1733
f 1733//1733 1641//1641 1640//1640
f 1733//1733 1640//1640 1820//1820
f 1820//1820 1640//1640 1715//1715
f 1820//1820 1715//1715 1821//1821
f 1821//1821 1715//1715 1732//1732
f 1821//1821 1732//1732 1822//1822
f 1822//1822 1732//1732 1728//1728
f 1822//1822 1728//1728 1823//1823
f 1823//1823 1728//1728 1723//1723
f 1823//1823 1723//1723 1824//1824
f 1824//1824 1723//1723 1722//1722
f 1824//1824 1722//1722 1706//1706
f 1706//1706 1722//1722 1719//1719
f 1706//1706 1719//1719 1803//1803
f 1803//1803 1719//1719 1802//1802
f 1825//1825 1826//1826 1827//1827
f 1828//1828 1829//1829 1830//1830
f 1831//1831 1832//1832 1833//1833
f 1834//1834 1835//1835 1836//1836
f 1837//1837 1838//1838 1839//1839
f 1840//1840 1841//1841 1842//1842
f 1843//1843 1844//1844 1845//1845
f 1846//1846 1847//1847 1848//1848
f 1849//1849 1850//1850 1851//1851
f 1852//1852 1853//1853 1854//1854
f 1705//1705 1704//1704 1855//1855
f 1856//1856 1857//1857 1858//1858
f 1856//1856 1858//1858 1859//1859
f 1859//1859 1858//1858 1860//1860
f 1859//1859 1860//1860 1861//1861
f 1861//1861 1860//1860 1862//1862
f 1861//1861 1862//1862 1863//1863
f 1857//1857 1856//1856 1864//1864
f 1864//1864 1856//1856 1865//1865
f 1864//1864 1865//1865 1866//1866
f 1866//1866 1865//1865 1867//1867
f 1867//1867 1865//1865 1868//1868
f 1867//1867 1868//1868 1869//1869
f 1869//1869 1868//1868 1870//1870
f 1870//1870 1868//1868 1871//1871
f 1870//1870 1871//1871 1872//1872
f 1872//1872 1871//1871 1873//1873
f 1873//1873 1871//1871 1874//1874
f 1873//1873 1874//1874 1875//1875
f 1875//1875 1874//1874 1876//1876
f 1876//1876 1874//1874 1877//1877
f 1876//1876 1877//1877 1878//1878
f 1879//1879 1880//1880 1881//1881
f 1881//1881 1880//1880 1882//1882
f 1881//1881 1882//1882 1877//1877
f 1877//1877 1882//1882 1883//1883
f 1877//1877 1883//1883 1878//1878
f 1879//1879 1881//1881 1884//1884
f 1884//1884 1881//1881 1885//1885
f 1884//1884 1885//1885 1886//1886
f 1887//1887 1888//1888 1889//1889
f 1889//1889 1888//1888 1890//1890
f 1887//1887 1889//1889 1891//1891
f 1891//1891 1889//1889 1892//1892
f 1891//1891 1892//1892 1893//1893
f 1893//1893 1892//1892 1894//1894
f 1894//1894 1892//1892 1895//1895
f 1894//1894 1895//1895 1896//1896
f 1554//1554 1553//1553 1897//1897
f 1898//1898 1897//1897 1895//1895
f 1895//1895 1897//1897 1899//1899
f 1895//1895 1899//1899 1896//1896
f 1554//1554 1897//1897 1571//1571
f 1571//1571 1897//1897 1898//1898
f 1571//1571 1898//1898 1572//1572
f 1572//1572 1898//1898 1900//1900
f 1572//1572 1900//1900 1574//1574
f 1581//1581 1580//1580 1901//1901
f 1901//1901 1580//1580 1575//1575
f 1901//1901 1575//1575 1902//1902
f 1902//1902 1575//1575 1574//1574
f 1902//1902 1574//1574 1903//1903
f 1903//1903 1574//1574 1900//1900
f 1903//1903 1900//1900 1904//1904
f 1904//1904 1900//1900 1905//1905
f 1904//1904 1905//1905 1906//1906
f 1906//1906 1905//1905 1907//1907
f 1908//1908 1909//1909 1910//1910
f 1910//1910 1909//1909 1911//1911
f 1910//1910 1911//1911 1912//1912
f 1912//1912 1913//1913 1910//1910
f 1910//1910 1913//1913 1914//1914
f 1910//1910 1914//1914 1915//1915
f 1800//1800 1717//1717 1916//1916
f 1916//1916 1717//1717 1716//1716
f 1803//1803 1802//1802 1917//1917
f 1917//1917 1802//1802 1801//1801
f 1705//1705 1855//1855 1797//1797
f 1707//1707 1796//1796 1918//1918
f 1919//1919 1792//1792 1920//1920
f 1920//1920 1792//1792 1793//1793
f 1793//1793 1794//1794 1920//1920
f 1920//1920 1794//1794 1795//1795
f 1920//1920 1795//1795 1708//1708
f 1826//1826 1825//1825 1920//1920
f 1920//1920 1825//1825 1921//1921
f 1920//1920 1921//1921 1919//1919
f 1853//1853 1922//1922 1825//1825
f 1825//1825 1922//1922 1923//1923
f 1825//1825 1923//1923 1921//1921
f 1852//1852 1854//1854 1924//1924
f 1925//1925 1926//1926 1927//1927
f 1927//1927 1926//1926 1849//1849
f 1928//1928 1929//1929 1930//1930
f 1930//1930 1929//1929 1925//1925
f 1931//1931 1932//1932 1928//1928
f 1848//1848 1847//1847 1931//1931
f 1931//1931 1847//1847 1933//1933
f 1931//1931 1933//1933 1932//1932
f 1934//1934 1935//1935 1936//1936
f 1937//1937 1938//1938 1939//1939
f 1939//1939 1938//1938 1940//1940
f 1939//1939 1940//1940 1941//1941
f 1941//1941 1940//1940 1942//1942
f 1943//1943 1944//1944 1942//1942
f 1942//1942 1944//1944 1945//1945
f 1942//1942 1945//1945 1941//1941
f 1946//1946 1947//1947 1948//1948
f 1949//1949 1950//1950 1951//1951
f 1949//1949 1951//1951 1946//1946
f 1946//1946 1951//1951 1952//1952
f 1946//1946 1952//1952 1947//1947
f 1950//1950 1949//1949 1953//1953
f 1953//1953 1949//1949 1845//1845
f 1953//1953 1845//1845 1954//1954
f 1954//1954 1845//1845 1955//1955
f 1955//1955 1845//1845 1844//1844
f 1955//1955 1844//1844 1956//1956
f 1957//1957 1958//1958 1959//1959
f 1959//1959 1958//1958 1960//1960
f 1959//1959 1960//1960 1843//1843
f 1840//1840 1842//1842 1961//1961
f 1801//1801 1800//1800 1917//1917
f 1917//1917 1800//1800 1916//1916
f 1917//1917 1916//1916 1962//1962
f 1962//1962 1916//1916 1963//1963
f 1716//1716 1908//1908 1916//1916
f 1916//1916 1908//1908 1910//1910
f 1916//1916 1910//1910 1963//1963
f 1963//1963 1910//1910 1964//1964
f 1965//1965 1966//1966 1967//1967
f 1967//1967 1966//1966 1968//1968
f 1967//1967 1968//1968 1969//1969
f 1969//1969 1968//1968 1970//1970
f 1969//1969 1970//1970 1971//1971
f 1971//1971 1970//1970 1972//1972
f 1973//1973 1972//1972 1974//1974
f 1974//1974 1972//1972 1970//1970
f 1974//1974 1970//1970 1975//1975
f 1975//1975 1970//1970 1968//1968
f 1975//1975 1968//1968 1964//1964
f 1964//1964 1968//1968 1966//1966
f 1964//1964 1966//1966 1963//1963
f 1963//1963 1966//1966 1965//1965
f 1963//1963 1965//1965 1962//1962
f 1889//1889 1973//1973 1892//1892
f 1892//1892 1973//1973 1974//1974
f 1892//1892 1974//1974 1895//1895
f 1895//1895 1974//1974 1975//1975
f 1895//1895 1975//1975 1898//1898
f 1898//1898 1975//1975 1964//1964
f 1898//1898 1964//1964 1900//1900
f 1900//1900 1964//1964 1910//1910
f 1900//1900 1910//1910 1905//1905
f 1905//1905 1910//1910 1915//1915
f 1905//1905 1915//1915 1907//1907
f 1830//1830 1829//1829 1976//1976
f 1976//1976 1829//1829 1977//1977
f 1976//1976 1977//1977 1978//1978
f 1978//1978 1977//1977 1979//1979
f 1978//1978 1979//1979 1980//1980
f 1980//1980 1979//1979 1981//1981
f 1980//1980 1981//1981 1982//1982
f 1835//1835 1837//1837 1836//1836
f 1836//1836 1837//1837 1839//1839
f 1836//1836 1839//1839 1983//1983
f 1983//1983 1839//1839 1984//1984
f 1983//1983 1984//1984 1985//1985
f 1832//1832 1834//1834 1833//1833
f 1833//1833 1834//1834 1836//1836
f 1833//1833 1836//1836 1986//1986
f 1986//1986 1836//1836 1983//1983
f 1986//1986 1983//1983 1987//1987
f 1987//1987 1983//1983 1985//1985
f 1987//1987 1985//1985 1988//1988
f 1982//1982 1989//1989 1980//1980
f 1980//1980 1989//1989 1990//1990
f 1980//1980 1990//1990 1978//1978
f 1978//1978 1990//1990 1991//1991
f 1978//1978 1991//1991 1976//1976
f 1976//1976 1991//1991 1992//1992
f 1976//1976 1992//1992 1830//1830
f 1874//1874 1993//1993 1877//1877
f 1877//1877 1993//1993 1994//1994
f 1877//1877 1994//1994 1881//1881
f 1881//1881 1994//1994 1995//1995
f 1881//1881 1995//1995 1885//1885
f 1859//1859 1831//1831 1856//1856
f 1856//1856 1831//1831 1833//1833
f 1856//1856 1833//1833 1865//1865
f 1865//1865 1833//1833 1986//1986
f 1865//1865 1986//1986 1868//1868
f 1868//1868 1986//1986 1987//1987
f 1868//1868 1987//1987 1871//1871
f 1871//1871 1987//1987 1988//1988
f 1871//1871 1988//1988 1874//1874
f 1937//1937 1934//1934 1938//1938
f 1938//1938 1934//1934 1936//1936
f 1938//1938 1936//1936 1848//1848
f 1848//1848 1936//1936 1935//1935
f 1848//1848 1935//1935 1846//1846
f 1996//1996 1997//1997 1998//1998
f 1998//1998 1997//1997 1999//1999
f 1843//1843 1845//1845 1959//1959
f 1959//1959 1845//1845 1949//1949
f 1959//1959 1949//1949 2000//2000
f 2000//2000 1949//1949 1946//1946
f 2000//2000 1946//1946 2001//2001
f 2001//2001 1946//1946 1948//1948
f 2001//2001 1948//1948 1943//1943
f 1943//1943 1948//1948 2002//2002
f 1943//1943 2002//2002 1944//1944
f 1850//1850 1924//1924 1851//1851
f 1851//1851 1924//1924 1854//1854
f 1851//1851 1854//1854 2003//2003
f 1925//1925 1927//1927 1930//1930
f 1930//1930 1927//1927 2004//2004
f 1930//1930 2004//2004 2005//2005
f 2005//2005 2004//2004 2006//2006
f 2005//2005 2006//2006 2007//2007
f 2007//2007 2006//2006 2008//2008
f 2007//2007 2008//2008 2009//2009
f 2009//2009 2008//2008 2010//2010
f 2009//2009 2010//2010 2011//2011
f 2012//2012 1957//1957 2013//2013
f 2013//2013 1957//1957 1959//1959
f 2013//2013 1959//1959 2014//2014
f 2014//2014 1959//1959 2000//2000
f 2014//2014 2000//2000 2015//2015
f 2015//2015 2000//2000 2001//2001
f 2015//2015 2001//2001 2016//2016
f 2016//2016 2001//2001 1943//1943
f 2016//2016 1943//1943 2017//2017
f 2017//2017 1943//1943 1942//1942
f 2017//2017 1942//1942 2018//2018
f 2018//2018 1942//1942 1940//1940
f 2018//2018 1940//1940 1999//1999
f 1999//1999 1940//1940 1938//1938
f 1999//1999 1938//1938 1998//1998
f 1998//1998 1938//1938 1848//1848
f 1998//1998 1848//1848 1996//1996
f 1996//1996 1848//1848 1931//1931
f 1708//1708 1707//1707 1920//1920
f 1920//1920 1707//1707 1918//1918
f 1920//1920 1918//1918 1826//1826
f 1826//1826 1918//1918 2019//2019
f 1826//1826 2019//2019 1827//1827
f 1827//1827 2019//2019 2020//2020
f 1827//1827 2020//2020 2021//2021
f 2021//2021 2020//2020 2022//2022
f 2021//2021 2022//2022 2023//2023
f 1853//1853 1825//1825 1854//1854
f 1854//1854 1825//1825 1827//1827
f 1854//1854 1827//1827 2003//2003
f 2003//2003 1827//1827 2021//2021
f 2003//2003 2021//2021 2024//2024
f 2024//2024 2021//2021 2023//2023
f 2024//2024 2023//2023 2025//2025
f 2025//2025 2023//2023 2026//2026
f 2025//2025 2026//2026 2027//2027
f 2027//2027 2026//2026 2028//2028
f 2027//2027 2028//2028 2029//2029
f 2029//2029 2028//2028 2030//2030
f 2029//2029 2030//2030 1981//1981
f 1981//1981 2030//2030 2031//2031
f 1981//1981 2031//2031 1982//1982
f 1849//1849 1851//1851 1927//1927
f 1927//1927 1851//1851 2003//2003
f 1927//1927 2003//2003 2004//2004
f 2004//2004 2003//2003 2024//2024
f 2004//2004 2024//2024 2006//2006
f 2006//2006 2024//2024 2025//2025
f 2006//2006 2025//2025 2008//2008
f 2008//2008 2025//2025 2027//2027
f 2008//2008 2027//2027 2010//2010
f 2010//2010 2027//2027 2029//2029
f 2010//2010 2029//2029 2011//2011
f 2011//2011 2029//2029 1981//1981
f 2011//2011 1981//1981 2032//2032
f 2032//2032 1981//1981 1979//1979
f 2032//2032 1979//1979 2033//2033
f 2033//2033 1979//1979 1977//1977
f 2033//2033 1977//1977 2034//2034
f 2034//2034 1977//1977 1829//1829
f 2034//2034 1829//1829 2035//2035
f 2035//2035 1829//1829 1828//1828
f 2035//2035 1828//1828 1842//1842
f 1704//1704 1803//1803 1855//1855
f 1855//1855 1803//1803 1917//1917
f 1855//1855 1917//1917 2036//2036
f 2036//2036 1917//1917 1962//1962
f 2036//2036 1962//1962 2037//2037
f 2037//2037 1962//1962 1965//1965
f 2037//2037 1965//1965 2038//2038
f 2038//2038 1965//1965 1967//1967
f 2038//2038 1967//1967 2039//2039
f 2039//2039 1967//1967 1969//1969
f 2039//2039 1969//1969 2040//2040
f 2040//2040 1969//1969 1971//1971
f 2040//2040 1971//1971 2041//2041
f 2041//2041 1971//1971 1972//1972
f 2041//2041 1972//1972 2042//2042
f 2042//2042 1972//1972 1973//1973
f 2042//2042 1973//1973 1995//1995
f 1995//1995 1973//1973 1889//1889
f 1995//1995 1889//1889 1885//1885
f 1885//1885 1889//1889 1890//1890
f 1885//1885 1890//1890 1886//1886
f 1928//1928 1930//1930 1931//1931
f 1931//1931 1930//1930 2005//2005
f 1931//1931 2005//2005 1996//1996
f 1996//1996 2005//2005 2007//2007
f 1996//1996 2007//2007 1997//1997
f 1997//1997 2007//2007 2009//2009
f 1997//1997 2009//2009 1999//1999
f 1999//1999 2009//2009 2011//2011
f 1999//1999 2011//2011 2018//2018
f 2018//2018 2011//2011 2032//2032
f 2018//2018 2032//2032 2017//2017
f 2017//2017 2032//2032 2033//2033
f 2017//2017 2033//2033 2016//2016
f 2016//2016 2033//2033 2034//2034
f 2016//2016 2034//2034 2015//2015
f 2015//2015 2034//2034 2035//2035
f 2015//2015 2035//2035 2014//2014
f 2014//2014 2035//2035 1842//1842
f 2014//2014 1842//1842 2013//2013
f 2013//2013 1842//1842 1841//1841
f 2013//2013 1841//1841 2012//2012
f 1796//1796 1798//1798 1918//1918
f 1918//1918 1798//1798 1797//1797
f 1918//1918 1797//1797 2019//2019
f 2019//2019 1797//1797 1855//1855
f 2019//2019 1855//1855 2020//2020
f 2020//2020 1855//1855 2036//2036
f 2020//2020 2036//2036 2022//2022
f 2022//2022 2036//2036 2037//2037
f 2022//2022 2037//2037 2023//2023
f 2023//2023 2037//2037 2038//2038
f 2023//2023 2038//2038 2026//2026
f 2026//2026 2038//2038 2039//2039
f 2026//2026 2039//2039 2028//2028
f 2028//2028 2039//2039 2040//2040
f 2028//2028 2040//2040 2030//2030
f 2030//2030 2040//2040 2041//2041
f 2030//2030 2041//2041 2031//2031
f 2031//2031 2041//2041 2042//2042
f 2031//2031 2042//2042 1982//1982
f 1982//1982 2042//2042 1995//1995
f 1982//1982 1995//1995 1989//1989
f 1989//1989 1995//1995 1994//1994
f 1989//1989 1994//1994 1990//1990
f 1990//1990 1994//1994 1993//1993
f 1990//1990 1993//1993 1991//1991
f 1991//1991 1993//1993 1874//1874
f 1991//1991 1874//1874 1992//1992
f 1992//1992 1874//1874 1988//1988
f 1992//1992 1988//1988 1830//1830
f 1830//1830 1988//1988 1985//1985
f 1830//1830 1985//1985 1828//1828
f 1828//1828 1985//1985 1984//1984
f 1828//1828 1984//1984 1842//1842
f 1842//1842 1984//1984 1839//1839
f 1842//1842 1839//1839 1961//1961
f 1961//1961 1839//1839 1838//1838
f 2043//2043 1897//1897 2044//2044
f 2044//2044 1897//1897 1553//1553
f 2044//2044 1553//1553 2045//2045
f 2045//2045 1553//1553 1555//1555
f 2045//2045 1555//1555 2046//2046
f 2046//2046 1555//1555 1557//1557
f 2046//2046 1557//1557 2047//2047
f 2047//2047 1557//1557 1562//1562
f 2047//2047 1562//1562 2048//2048
f 2048//2048 1562//1562 1561//1561
f 2048//2048 1561//1561 2049//2049
f 2049//2049 1561//1561 1559//1559
f 2049//2049 1559//1559 2050//2050
f 2050//2050 1559//1559 1558//1558
f 2050//2050 1558//1558 2051//2051
f 2052//2052 2053//2053 1568//1568
f 1568//1568 2053//2053 2054//2054
f 1568//1568 2054//2054 1569//1569
f 1569//1569 2054//2054 2055//2055
f 1569//1569 2055//2055 1563//1563
f 1563//1563 2055//2055 2056//2056
f 1563//1563 2056//2056 1564//1564
f 1564//1564 2056//2056 2057//2057
f 1564//1564 2057//2057 1566//1566
f 1566//1566 2057//2057 2058//2058
f 1566//1566 2058//2058 1567//1567
f 1567//1567 2058//2058 2051//2051
f 1567//1567 2051//2051 1570//1570
f 1570//1570 2051//2051 1558//1558
f 2059//2059 2060//2060 2061//2061
f 2059//2059 2061//2061 2062//2062
f 2063//2063 2064//2064 2065//2065
f 2065//2065 2064//2064 2062//2062
f 2066//2066 2067//2067 2063//2063
f 2068//2068 2069//2069 2066//2066
f 2066//2066 2069//2069 2070//2070
f 2066//2066 2070//2070 2067//2067
f 2071//2071 2072//2072 2073//2073
f 2072//2072 2074//2074 2073//2073
f 2073//2073 2074//2074 2075//2075
f 2073//2073 2075//2075 2068//2068
f 2058//2058 2057//2057 2076//2076
f 2076//2076 2057//2057 2056//2056
f 2076//2076 2056//2056 2055//2055
f 2077//2077 2050//2050 2051//2051
f 2047//2047 2048//2048 2078//2078
f 2078//2078 2048//2048 2049//2049
f 2044//2044 2045//2045 2079//2079
f 2079//2079 2045//2045 2046//2046
f 2062//2062 2061//2061 2065//2065
f 2065//2065 2061//2061 2080//2080
f 2081//2081 2080//2080 2082//2082
f 2081//2081 2082//2082 2083//2083
f 2083//2083 2082//2082 2084//2084
f 2083//2083 2084//2084 2085//2085
f 2085//2085 2084//2084 2086//2086
f 2085//2085 2086//2086 2087//2087
f 2087//2087 2086//2086 2088//2088
f 2087//2087 2088//2088 2089//2089
f 2089//2089 2088//2088 2090//2090
f 2089//2089 2090//2090 2091//2091
f 2091//2091 2090//2090 2092//2092
f 2091//2091 2092//2092 2093//2093
f 2093//2093 2092//2092 2094//2094
f 2093//2093 2094//2094 2095//2095
f 2095//2095 2094//2094 2096//2096
f 2095//2095 2096//2096 2097//2097
f 2097//2097 2096//2096 2098//2098
f 2097//2097 2098//2098 2099//2099
f 2099//2099 2098//2098 2100//2100
f 2099//2099 2100//2100 2101//2101
f 2101//2101 2100//2100 2102//2102
f 2101//2101 2102//2102 2103//2103
f 2103//2103 2102//2102 2079//2079
f 2103//2103 2079//2079 2078//2078
f 2078//2078 2079//2079 2046//2046
f 2078//2078 2046//2046 2047//2047
f 2063//2063 2065//2065 2066//2066
f 2066//2066 2081//2081 2104//2104
f 2104//2104 2081//2081 2083//2083
f 2104//2104 2083//2083 2105//2105
f 2105//2105 2083//2083 2085//2085
f 2105//2105 2085//2085 2106//2106
f 2106//2106 2085//2085 2087//2087
f 2106//2106 2087//2087 2107//2107
f 2107//2107 2087//2087 2089//2089
f 2107//2107 2089//2089 2108//2108
f 2108//2108 2089//2089 2091//2091
f 2108//2108 2091//2091 2109//2109
f 2109//2109 2091//2091 2093//2093
f 2109//2109 2093//2093 2110//2110
f 2110//2110 2093//2093 2095//2095
f 2110//2110 2095//2095 2111//2111
f 2111//2111 2095//2095 2097//2097
f 2111//2111 2097//2097 2112//2112
f 2112//2112 2097//2097 2099//2099
f 2112//2112 2099//2099 2113//2113
f 2113//2113 2099//2099 2101//2101
f 2113//2113 2101//2101 2114//2114
f 2114//2114 2101//2101 2103//2103
f 2114//2114 2103//2103 2115//2115
f 2115//2115 2103//2103 2078//2078
f 2115//2115 2078//2078 2077//2077
f 2077//2077 2078//2078 2049//2049
f 2077//2077 2049//2049 2050//2050
f 2068//2068 2066//2066 2073//2073
f 2073//2073 2066//2066 2104//2104
f 2073//2073 2104//2104 2116//2116
f 2116//2116 2104//2104 2105//2105
f 2116//2116 2105//2105 2117//2117
f 2117//2117 2105//2105 2106//2106
f 2117//2117 2106//2106 2118//2118
f 2118//2118 2106//2106 2107//2107
f 2118//2118 2107//2107 2119//2119
f 2119//2119 2107//2107 2108//2108
f 2119//2119 2108//2108 2120//2120
f 2120//2120 2108//2108 2109//2109
f 2120//2120 2109//2109 2121//2121
f 2121//2121 2109//2109 2110//2110
f 2121//2121 2110//2110 2122//2122
f 2122//2122 2110//2110 2111//2111
f 2122//2122 2111//2111 2123//2123
f 2123//2123 2111//2111 2112//2112
f 2123//2123 2112//2112 2124//2124
f 2124//2124 2112//2112 2113//2113
f 2124//2124 2113//2113 2125//2125
f 2125//2125 2113//2113 2114//2114
f 2125//2125 2114//2114 2126//2126
f 2126//2126 2114//2114 2115//2115
f 2126//2126 2115//2115 2127//2127
f 2127//2127 2115//2115 2077//2077
f 2127//2127 2077//2077 2076//2076
f 2076//2076 2077//2077 2051//2051
f 2076//2076 2051//2051 2058//2058
f 2071//2071 2073//2073 2128//2128
f 2128//2128 2073//2073 2116//2116
f 2128//2128 2116//2116 2129//2129
f 2129//2129 2116//2116 2117//2117
f 2129//2129 2117//2117 2130//2130
f 2130//2130 2117//2117 2118//2118
f 2130//2130 2118//2118 2131//2131
f 2131//2131 2118//2118 2119//2119
f 2131//2131 2119//2119 2132//2132
f 2132//2132 2119//2119 2120//2120
f 2132//2132 2120//2120 2133//2133
f 2133//2133 2120//2120 2121//2121
f 2133//2133 2121//2121 2134//2134
f 2134//2134 2121//2121 2122//2122
f 2134//2134 2122//2122 2135//2135
f 2135//2135 2122//2122 2123//2123
f 2135//2135 2123//2123 2136//2136
f 2136//2136 2123//2123 2124//2124
f 2136//2136 2124//2124 2137//2137
f 2137//2137 2124//2124 2125//2125
f 2137//2137 2125//2125 2138//2138
f 2138//2138 2125//2125 2126//2126
f 2138//2138 2126//2126 2139//2139
f 2139//2139 2126//2126 2127//2127
f 2139//2139 2127//2127 2140//2140
f 2140//2140 2127//2127 2076//2076
f 2140//2140 2076//2076 2141//2141
f 2141//2141 2076//2076 2055//2055
f 2141//2141 2055//2055 2054//2054
f 2134//2134 2135//2135 2142//2142
f 2142//2142 2135//2135 2143//2143
f 2143//2143 2135//2135 2136//2136
f 2143//2143 2136//2136 2144//2144
f 2144//2144 2136//2136 2137//2137
f 2144//2144 2137//2137 2145//2145
f 2145//2145 2137//2137 2138//2138
f 2145//2145 2138//2138 2146//2146
f 2138//2138 2139//2139 2146//2146
f 2146//2146 2139//2139 2140//2140
f 2146//2146 2140//2140 2053//2053
f 2053//2053 2140//2140 2141//2141
f 2053//2053 2141//2141 2054//2054
f 2142//2142 2147//2147 2134//2134
f 2134//2134 2147//2147 2148//2148
f 2134//2134 2148//2148 2133//2133
f 2133//2133 2148//2148 2149//2149
f 2133//2133 2149//2149 2132//2132
f 2132//2132 2149//2149 2150//2150
f 2132//2132 2150//2150 2131//2131
f 2150//2150 2151//2151 2131//2131
f 2131//2131 2151//2151 2152//2152
f 2131//2131 2152//2152 2130//2130
f 2153//2153 2071//2071 2154//2154
f 2154//2154 2071//2071 2128//2128
f 2154//2154 2128//2128 2155//2155
f 2155//2155 2128//2128 2129//2129
f 2155//2155 2129//2129 2156//2156
f 2156//2156 2129//2129 2130//2130
f 2156//2156 2130//2130 2157//2157
f 2157//2157 2130//2130 2152//2152
f 2158//2158 2153//2153 2154//2154
f 2053//2053 2052//2052 2146//2146
f 2146//2146 2052//2052 2159//2159
f 2146//2146 2159//2159 2145//2145
f 2145//2145 2159//2159 2160//2160
f 2145//2145 2160//2160 2144//2144
f 2144//2144 2160//2160 2161//2161
f 2144//2144 2161//2161 2143//2143
f 2143//2143 2161//2161 2162//2162
f 2143//2143 2162//2162 2142//2142
f 2142//2142 2162//2162 2163//2163
f 2142//2142 2163//2163 2147//2147
f 2147//2147 2163//2163 2164//2164
f 2147//2147 2164//2164 2148//2148
f 2148//2148 2164//2164 2165//2165
f 2148//2148 2165//2165 2149//2149
f 2149//2149 2165//2165 2166//2166
f 2149//2149 2166//2166 2150//2150
f 2150//2150 2166//2166 2167//2167
f 2150//2150 2167//2167 2151//2151
f 2151//2151 2167//2167 2168//2168
f 2151//2151 2168//2168 2152//2152
f 2152//2152 2168//2168 2169//2169
f 2152//2152 2169//2169 2157//2157
f 2157//2157 2169//2169 2170//2170
f 2157//2157 2170//2170 2156//2156
f 2156//2156 2170//2170 2171//2171
f 2156//2156 2171//2171 2155//2155
f 2155//2155 2171//2171 2172//2172
f 2155//2155 2172//2172 2154//2154
f 2154//2154 2172//2172 2173//2173
f 2154//2154 2173//2173 2158//2158
f 1552//1552 1551//1551 2174//2174
f 2175//2175 2176//2176 2158//2158
f 2161//2161 2160//2160 2174//2174
f 1568//1568 1552//1552 2052//2052
f 2052//2052 1552//1552 2174//2174
f 2052//2052 2174//2174 2159//2159
f 2159//2159 2174//2174 2160//2160
f 2168//2168 2167//2167 2174//2174
f 2167//2167 2166//2166 2174//2174
f 2174//2174 2166//2166 2165//2165
f 2174//2174 2165//2165 2164//2164
f 2172//2172 2171//2171 2174//2174
f 2164//2164 2163//2163 2174//2174
f 2174//2174 2163//2163 2162//2162
f 2174//2174 2162//2162 2161//2161
f 2175//2175 2158//2158 2174//2174
f 2174//2174 2158//2158 2173//2173
f 2174//2174 2173//2173 2172//2172
f 2171//2171 2170//2170 2174//2174
f 2174//2174 2170//2170 2169//2169
f 2174//2174 2169//2169 2168//2168
f 1604//1604 2177//2177 1603//1603
f 1603//1603 2177//2177 1602//1602
f 2178//2178 2179//2179 2180//2180
f 2180//2180 2179//2179 2181//2181
f 2174//2174 1551//1551 2182//2182
f 2182//2182 1551//1551 1607//1607
f 2182//2182 1607//1607 2183//2183
f 2183//2183 1607//1607 1601//1601
f 2183//2183 1601//1601 2178//2178
f 2178//2178 1601//1601 1602//1602
f 2178//2178 1602//1602 2179//2179
f 2179//2179 1602//1602 2177//2177
f 2184//2184 2185//2185 2186//2186
f 2186//2186 2185//2185 2187//2187
f 2186//2186 2187//2187 2188//2188
f 2188//2188 2187//2187 529//529
f 2188//2188 529//529 2189//2189
f 2186//2186 2190//2190 2184//2184
f 2184//2184 2190//2190 2191//2191
f 2184//2184 2191//2191 2192//2192
f 2192//2192 2191//2191 2193//2193
f 2192//2192 2193//2193 2194//2194
f 2194//2194 2193//2193 2195//2195
f 2195//2195 2193//2193 2196//2196
f 2195//2195 2196//2196 2197//2197
f 2196//2196 2198//2198 2197//2197
f 2197//2197 2198//2198 2199//2199
f 2197//2197 2199//2199 2200//2200
f 2200//2200 2199//2199 2201//2201
f 2200//2200 2201//2201 2202//2202
f 2202//2202 2201//2201 2203//2203
f 2201//2201 2204//2204 2203//2203
f 2203//2203 2204//2204 2205//2205
f 2203//2203 2205//2205 2206//2206
f 2206//2206 2205//2205 2207//2207
f 2206//2206 2207//2207 2208//2208
f 2208//2208 2207//2207 2209//2209
f 2208//2208 2209//2209 2210//2210
f 2210//2210 2209//2209 2180//2180
f 2210//2210 2180//2180 2211//2211
f 2211//2211 2180//2180 2181//2181
f 2212//2212 2213//2213 2214//2214
f 2179//2179 2215//2215 2181//2181
f 2181//2181 2215//2215 2216//2216
f 2181//2181 2216//2216 2217//2217
f 42//42 508//508 2218//2218
f 2218//2218 508//508 1530//1530
f 2218//2218 1530//1530 2219//2219
f 2219//2219 1530//1530 2220//2220
f 2213//2213 2221//2221 2214//2214
f 2214//2214 2221//2221 2222//2222
f 2214//2214 2222//2222 2223//2223
f 2220//2220 1530//1530 2224//2224
f 2224//2224 1530//1530 1529//1529
f 2224//2224 1529//1529 2214//2214
f 2214//2214 1529//1529 1528//1528
f 2214//2214 1528//1528 2212//2212
f 2192//2192 2225//2225 2226//2226
f 2223//2223 2227//2227 2214//2214
f 2214//2214 2227//2227 1612//1612
f 2214//2214 1612//1612 1610//1610
f 529//529 2187//2187 527//527
f 527//527 2187//2187 1519//1519
f 2225//2225 2197//2197 2228//2228
f 2228//2228 2197//2197 2200//2200
f 2228//2228 2200//2200 1531//1531
f 1531//1531 2200//2200 2202//2202
f 2192//2192 2194//2194 2225//2225
f 2225//2225 2194//2194 2195//2195
f 2225//2225 2195//2195 2197//2197
f 1527//1527 2229//2229 1528//1528
f 1528//1528 2229//2229 2230//2230
f 1528//1528 2230//2230 2212//2212
f 2210//2210 2211//2211 2231//2231
f 2231//2231 2211//2211 2181//2181
f 2231//2231 2181//2181 2232//2232
f 2232//2232 2181//2181 2217//2217
f 1524//1524 2233//2233 1525//1525
f 1525//1525 2233//2233 2234//2234
f 1525//1525 2234//2234 1526//1526
f 1526//1526 2234//2234 2235//2235
f 1526//1526 2235//2235 1527//1527
f 1527//1527 2235//2235 2236//2236
f 1527//1527 2236//2236 2229//2229
f 2202//2202 2203//2203 1531//1531
f 1531//1531 2203//2203 2206//2206
f 1531//1531 2206//2206 1532//1532
f 1532//1532 2206//2206 1540//1540
f 2187//2187 2185//2185 1519//1519
f 1519//1519 2185//2185 2184//2184
f 1519//1519 2184//2184 1520//1520
f 1520//1520 2184//2184 2192//2192
f 1520//1520 2192//2192 1521//1521
f 1521//1521 2192//2192 2226//2226
f 1521//1521 2226//2226 1522//1522
f 1522//1522 2226//2226 2237//2237
f 1522//1522 2237//2237 1523//1523
f 1523//1523 2237//2237 2238//2238
f 1523//1523 2238//2238 1524//1524
f 1524//1524 2238//2238 2239//2239
f 1524//1524 2239//2239 2233//2233
f 1543//1543 2206//2206 2231//2231
f 2231//2231 2206//2206 2208//2208
f 2231//2231 2208//2208 2210//2210
f 1536//1536 1540//1540 1537//1537
f 1537//1537 1540//1540 2206//2206
f 1537//1537 2206//2206 1545//1545
f 1545//1545 2206//2206 1543//1543
f 2240//2240 2224//2224 2241//2241
f 2241//2241 2224//2224 2214//2214
f 2241//2241 2214//2214 2242//2242
f 2243//2243 42//42 2244//2244
f 2244//2244 42//42 2218//2218
f 2244//2244 2218//2218 2245//2245
f 2245//2245 2218//2218 2219//2219
f 2245//2245 2219//2219 2240//2240
f 2240//2240 2219//2219 2220//2220
f 2240//2240 2220//2220 2224//2224
f 1262//1262 1746//1746 1263//1263
f 1263//1263 1746//1746 1482//1482
f 1263//1263 1482//1482 1383//1383
f 1383//1383 1482//1482 1433//1433
f 1156//1156 2246//2246 1611//1611
f 1611//1611 2246//2246 1159//1159
f 2242//2242 2247//2247 1147//1147
f 265//265 2243//2243 2248//2248
f 2249//2249 2250//2250 1630//1630
f 1630//1630 2250//2250 2251//2251
f 1630//1630 2251//2251 1611//1611
f 1611//1611 2251//2251 1155//1155
f 1611//1611 1155//1155 1156//1156
f 1159//1159 2252//2252 1611//1611
f 1611//1611 2252//2252 1151//1151
f 1611//1611 1151//1151 2242//2242
f 2242//2242 1151//1151 1149//1149
f 2242//2242 1149//1149 2247//2247
f 1139//1139 1137//1137 2253//2253
f 2254//2254 2255//2255 2256//2256
f 2257//2257 2258//2258 2255//2255
f 2255//2255 2258//2258 1740//1740
f 2255//2255 1740//1740 2259//2259
f 2259//2259 1740//1740 2260//2260
f 2259//2259 2260//2260 1262//1262
f 1262//1262 2260//2260 1747//1747
f 1262//1262 1747//1747 1746//1746
f 2253//2253 1137//1137 2248//2248
f 2248//2248 1137//1137 1135//1135
f 2248//2248 1135//1135 265//265
f 2253//2253 2240//2240 1139//1139
f 1139//1139 2240//2240 2261//2261
f 1139//1139 2261//2261 1140//1140
f 1140//1140 2261//2261 2242//2242
f 1140//1140 2242//2242 2262//2262
f 2262//2262 2242//2242 1147//1147
f 1630//1630 1644//1644 2249//2249
f 2249//2249 1644//1644 1646//1646
f 2249//2249 1646//1646 2263//2263
f 2263//2263 1646//1646 2264//2264
f 2263//2263 2264//2264 2265//2265
f 2265//2265 2264//2264 1648//1648
f 2265//2265 1648//1648 2256//2256
f 2256//2256 1648//1648 1711//1711
f 2256//2256 1711//1711 2254//2254
f 2266//2266 2263//2263 2265//2265
f 2267//2267 2249//2249 2268//2268
f 2268//2268 2249//2249 2263//2263
f 2269//2269 2251//2251 2267//2267
f 2265//2265 2270//2270 2266//2266
f 2266//2266 2270//2270 2271//2271
f 2266//2266 2271//2271 2272//2272
f 2272//2272 2271//2271 2273//2273
f 2272//2272 2273//2273 2274//2274
f 2273//2273 2275//2275 2274//2274
f 2274//2274 2275//2275 2276//2276
f 2274//2274 2276//2276 2277//2277
f 2277//2277 2276//2276 2278//2278
f 2277//2277 2278//2278 2279//2279
f 2278//2278 2280//2280 2279//2279
f 2279//2279 2280//2280 2281//2281
f 2279//2279 2281//2281 2282//2282
f 2282//2282 2281//2281 2283//2283
f 2282//2282 2283//2283 2284//2284
f 2284//2284 2283//2283 2285//2285
f 2284//2284 2285//2285 2286//2286
f 2286//2286 2285//2285 2287//2287
f 2286//2286 2287//2287 2288//2288
f 2288//2288 2287//2287 2289//2289
f 2289//2289 2290//2290 2288//2288
f 2288//2288 2290//2290 2291//2291
f 2288//2288 2291//2291 2292//2292
f 2292//2292 2291//2291 2293//2293
f 2292//2292 2293//2293 2294//2294
f 2294//2294 2293//2293 2295//2295
f 2294//2294 2295//2295 2296//2296
f 2296//2296 2295//2295 2297//2297
f 2297//2297 2298//2298 2296//2296
f 2296//2296 2298//2298 2299//2299
f 2296//2296 2299//2299 2300//2300
f 2300//2300 2299//2299 2301//2301
f 2300//2300 2301//2301 2302//2302
f 2302//2302 2301//2301 2303//2303
f 2302//2302 2303//2303 2304//2304
f 2304//2304 2303//2303 2305//2305
f 2304//2304 2305//2305 2306//2306
f 2306//2306 2307//2307 2304//2304
f 2304//2304 2307//2307 2308//2308
f 2304//2304 2308//2308 2309//2309
f 2309//2309 2308//2308 2310//2310
f 2309//2309 2310//2310 2311//2311
f 2310//2310 2312//2312 2311//2311
f 2311//2311 2312//2312 2313//2313
f 2311//2311 2313//2313 2314//2314
f 2314//2314 2313//2313 2315//2315
f 2314//2314 2315//2315 2316//2316
f 2316//2316 2315//2315 2317//2317
f 2316//2316 2317//2317 2318//2318
f 2263//2263 2266//2266 2268//2268
f 2268//2268 2266//2266 2272//2272
f 2268//2268 2272//2272 2319//2319
f 2319//2319 2272//2272 2274//2274
f 2319//2319 2274//2274 2320//2320
f 2320//2320 2274//2274 2277//2277
f 2320//2320 2277//2277 2321//2321
f 2321//2321 2277//2277 2279//2279
f 2321//2321 2279//2279 2322//2322
f 2322//2322 2279//2279 2282//2282
f 2322//2322 2282//2282 2323//2323
f 2323//2323 2282//2282 2284//2284
f 2323//2323 2284//2284 2324//2324
f 2324//2324 2284//2284 2286//2286
f 2324//2324 2286//2286 2325//2325
f 2325//2325 2286//2286 2288//2288
f 2325//2325 2288//2288 2326//2326
f 2326//2326 2288//2288 2292//2292
f 2326//2326 2292//2292 2327//2327
f 2327//2327 2292//2292 2294//2294
f 2327//2327 2294//2294 2328//2328
f 2328//2328 2294//2294 2296//2296
f 2328//2328 2296//2296 2329//2329
f 2329//2329 2296//2296 2300//2300
f 2329//2329 2300//2300 2330//2330
f 2330//2330 2300//2300 2302//2302
f 2330//2330 2302//2302 2331//2331
f 2331//2331 2302//2302 2304//2304
f 2331//2331 2304//2304 2332//2332
f 2332//2332 2304//2304 2309//2309
f 2332//2332 2309//2309 2333//2333
f 2333//2333 2309//2309 2311//2311
f 2333//2333 2311//2311 2334//2334
f 2334//2334 2311//2311 2314//2314
f 2334//2334 2314//2314 2335//2335
f 2335//2335 2314//2314 2316//2316
f 2335//2335 2316//2316 2336//2336
f 2267//2267 2268//2268 2269//2269
f 2269//2269 2268//2268 2319//2319
f 2269//2269 2319//2319 2337//2337
f 2337//2337 2319//2319 2320//2320
f 2337//2337 2320//2320 2338//2338
f 2338//2338 2320//2320 2321//2321
f 2338//2338 2321//2321 2339//2339
f 2339//2339 2321//2321 2322//2322
f 2339//2339 2322//2322 2340//2340
f 2340//2340 2322//2322 2323//2323
f 2340//2340 2323//2323 2341//2341
f 2341//2341 2323//2323 2324//2324
f 2341//2341 2324//2324 2342//2342
f 2342//2342 2324//2324 2325//2325
f 2342//2342 2325//2325 2343//2343
f 2343//2343 2325//2325 2326//2326
f 2343//2343 2326//2326 2344//2344
f 2344//2344 2326//2326 2327//2327
f 2344//2344 2327//2327 2345//2345
f 2345//2345 2327//2327 2328//2328
f 2345//2345 2328//2328 2346//2346
f 2346//2346 2328//2328 2329//2329
f 2346//2346 2329//2329 2347//2347
f 2347//2347 2329//2329 2330//2330
f 2347//2347 2330//2330 2348//2348
f 2348//2348 2330//2330 2331//2331
f 2348//2348 2331//2331 2349//2349
f 2349//2349 2331//2331 2332//2332
f 2349//2349 2332//2332 2350//2350
f 2350//2350 2332//2332 2333//2333
f 2350//2350 2333//2333 2351//2351
f 2351//2351 2333//2333 2334//2334
f 2351//2351 2334//2334 2352//2352
f 2352//2352 2334//2334 2335//2335
f 2352//2352 2335//2335 2353//2353
f 2353//2353 2335//2335 2336//2336
f 2353//2353 2336//2336 2354//2354
f 2355//2355 2356//2356 2357//2357
f 2358//2358 2359//2359 2360//2360
f 2360//2360 2359//2359 2361//2361
f 2360//2360 2361//2361 2357//2357
f 2357//2357 2361//2361 2362//2362
f 2357//2357 2362//2362 2355//2355
f 2355//2355 2362//2362 2363//2363
f 2364//2364 2358//2358 2365//2365
f 2365//2365 2358//2358 2360//2360
f 2365//2365 2360//2360 2366//2366
f 2366//2366 2360//2360 2357//2357
f 2366//2366 2357//2357 2367//2367
f 2367//2367 2357//2357 2356//2356
f 2318//2318 2364//2364 2316//2316
f 2316//2316 2364//2364 2365//2365
f 2316//2316 2365//2365 2336//2336
f 2336//2336 2365//2365 2366//2366
f 2336//2336 2366//2366 2354//2354
f 2354//2354 2366//2366 2367//2367
f 2368//2368 2369//2369 2370//2370
f 2368//2368 2371//2371 2372//2372
f 2372//2372 2371//2371 2373//2373
f 2372//2372 2373//2373 2374//2374
f 2375//2375 2376//2376 2377//2377
f 2377//2377 2376//2376 2378//2378
f 2379//2379 2380//2380 2375//2375
f 2375//2375 2380//2380 2381//2381
f 2375//2375 2381//2381 2376//2376
f 2369//2369 2382//2382 2370//2370
f 2370//2370 2382//2382 2383//2383
f 2370//2370 2383//2383 2384//2384
f 2385//2385 2386//2386 2387//2387
f 2387//2387 2386//2386 2388//2388
f 2387//2387 2388//2388 2389//2389
f 2389//2389 2388//2388 2390//2390
f 2390//2390 2388//2388 2391//2391
f 2390//2390 2391//2391 2392//2392
f 2392//2392 2391//2391 2393//2393
f 2392//2392 2393//2393 2394//2394
f 2395//2395 2396//2396 2397//2397
f 2397//2397 2396//2396 2398//2398
f 2397//2397 2398//2398 2399//2399
f 2399//2399 2398//2398 2370//2370
f 2399//2399 2370//2370 2385//2385
f 2385//2385 2370//2370 2384//2384
f 2385//2385 2384//2384 2386//2386
f 2368//2368 2370//2370 2371//2371
f 2371//2371 2370//2370 2398//2398
f 2371//2371 2398//2398 2400//2400
f 2400//2400 2398//2398 2396//2396
f 2400//2400 2396//2396 2401//2401
f 2378//2378 2374//2374 2377//2377
f 2377//2377 2374//2374 2373//2373
f 2377//2377 2373//2373 2375//2375
f 2375//2375 2373//2373 2371//2371
f 2375//2375 2371//2371 2402//2402
f 2402//2402 2371//2371 2400//2400
f 2402//2402 2400//2400 2403//2403
f 2403//2403 2400//2400 2401//2401
f 2403//2403 2401//2401 2404//2404
f 2405//2405 2379//2379 2406//2406
f 2406//2406 2379//2379 2375//2375
f 2406//2406 2375//2375 2407//2407
f 2407//2407 2375//2375 2402//2402
f 2407//2407 2402//2402 2408//2408
f 2408//2408 2402//2402 2403//2403
f 2408//2408 2403//2403 2409//2409
f 2409//2409 2403//2403 2404//2404
f 2409//2409 2404//2404 2410//2410
f 2411//2411 2412//2412 2413//2413
f 2414//2414 2389//2389 2390//2390
f 2394//2394 2411//2411 2392//2392
f 2392//2392 2411//2411 2413//2413
f 2392//2392 2413//2413 2390//2390
f 2390//2390 2413//2413 2415//2415
f 2390//2390 2415//2415 2414//2414
f 2416//2416 2417//2417 2418//2418
f 2417//2417 2419//2419 2418//2418
f 2418//2418 2419//2419 2420//2420
f 2418//2418 2420//2420 2421//2421
f 2422//2422 2423//2423 2424//2424
f 2424//2424 2423//2423 2425//2425
f 2425//2425 2416//2416 2424//2424
f 2424//2424 2416//2416 2418//2418
f 2424//2424 2418//2418 2426//2426
f 2426//2426 2418//2418 2427//2427
f 2428//2428 2422//2422 2429//2429
f 2429//2429 2422//2422 2424//2424
f 2429//2429 2424//2424 2430//2430
f 2430//2430 2424//2424 2426//2426
f 2430//2430 2426//2426 2431//2431
f 2431//2431 2426//2426 2432//2432
f 2431//2431 2432//2432 2433//2433
f 2433//2433 2432//2432 2434//2434
f 2434//2434 2432//2432 2435//2435
f 2434//2434 2435//2435 2436//2436
f 2436//2436 2435//2435 2437//2437
f 2437//2437 2435//2435 2438//2438
f 2437//2437 2438//2438 2439//2439
f 2439//2439 2438//2438 2440//2440
f 2439//2439 2440//2440 2441//2441
f 2441//2441 2440//2440 2442//2442
f 2442//2442 2440//2440 2443//2443
f 2442//2442 2443//2443 2444//2444
f 2444//2444 2443//2443 2445//2445
f 2444//2444 2445//2445 2446//2446
f 2427//2427 2447//2447 2426//2426
f 2426//2426 2447//2447 2448//2448
f 2426//2426 2448//2448 2432//2432
f 2432//2432 2448//2448 2449//2449
f 2432//2432 2449//2449 2435//2435
f 2435//2435 2449//2449 2450//2450
f 2435//2435 2450//2450 2438//2438
f 2438//2438 2450//2450 2451//2451
f 2438//2438 2451//2451 2440//2440
f 2440//2440 2451//2451 2452//2452
f 2440//2440 2452//2452 2443//2443
f 2443//2443 2452//2452 2453//2453
f 2443//2443 2453//2453 2445//2445
f 2445//2445 2453//2453 2454//2454
f 2445//2445 2454//2454 2455//2455
f 2455//2455 2454//2454 2389//2389
f 2455//2455 2389//2389 2414//2414
f 2446//2446 2445//2445 2456//2456
f 2456//2456 2445//2445 2455//2455
f 2456//2456 2455//2455 2457//2457
f 2457//2457 2455//2455 2414//2414
f 2457//2457 2414//2414 2415//2415
f 2458//2458 2459//2459 1288//1288
f 2460//2460 2461//2461 2462//2462
f 2270//2270 2265//2265 2256//2256
f 2463//2463 2273//2273 2271//2271
f 2280//2280 2278//2278 2464//2464
f 2464//2464 2278//2278 2276//2276
f 2464//2464 2276//2276 2275//2275
f 2287//2287 2285//2285 2462//2462
f 2462//2462 2285//2285 2283//2283
f 2290//2290 2289//2289 2465//2465
f 2465//2465 2289//2289 2287//2287
f 2290//2290 2466//2466 2291//2291
f 2291//2291 2466//2466 2293//2293
f 2293//2293 2466//2466 2295//2295
f 2295//2295 2466//2466 2467//2467
f 2295//2295 2467//2467 2297//2297
f 2297//2297 2467//2467 2298//2298
f 2298//2298 2467//2467 2468//2468
f 2298//2298 2468//2468 2299//2299
f 2469//2469 2305//2305 2470//2470
f 2470//2470 2305//2305 2303//2303
f 2470//2470 2303//2303 2468//2468
f 2468//2468 2303//2303 2301//2301
f 2468//2468 2301//2301 2299//2299
f 2310//2310 2308//2308 2471//2471
f 2471//2471 2308//2308 2307//2307
f 2471//2471 2307//2307 2306//2306
f 2310//2310 2471//2471 2312//2312
f 2312//2312 2471//2471 2472//2472
f 2312//2312 2472//2472 2313//2313
f 2313//2313 2472//2472 2315//2315
f 2315//2315 2472//2472 2473//2473
f 2315//2315 2473//2473 2317//2317
f 2474//2474 2359//2359 2358//2358
f 2317//2317 2473//2473 2318//2318
f 2318//2318 2473//2473 2475//2475
f 2318//2318 2475//2475 2364//2364
f 2358//2358 2364//2364 2474//2474
f 2474//2474 2364//2364 2475//2475
f 2474//2474 2475//2475 2476//2476
f 2476//2476 2475//2475 2477//2477
f 2476//2476 2477//2477 2478//2478
f 2478//2478 2477//2477 2479//2479
f 2479//2479 2477//2477 2480//2480
f 2480//2480 2477//2477 2481//2481
f 2480//2480 2481//2481 2482//2482
f 2419//2419 2417//2417 2420//2420
f 2420//2420 2417//2417 2483//2483
f 2482//2482 2481//2481 2484//2484
f 2484//2484 2481//2481 2485//2485
f 2484//2484 2485//2485 2483//2483
f 2483//2483 2485//2485 2421//2421
f 2483//2483 2421//2421 2420//2420
f 2486//2486 2487//2487 2488//2488
f 2488//2488 2487//2487 2489//2489
f 2488//2488 2489//2489 2490//2490
f 1315//1315 2491//2491 2492//2492
f 2492//2492 2491//2491 2493//2493
f 2492//2492 2493//2493 2494//2494
f 2495//2495 1339//1339 2492//2492
f 2492//2492 1339//1339 1334//1334
f 2492//2492 1334//1334 1315//1315
f 2496//2496 2497//2497 1307//1307
f 2498//2498 1300//1300 2499//2499
f 2499//2499 1300//1300 1303//1303
f 2499//2499 1303//1303 2497//2497
f 2497//2497 1303//1303 1305//1305
f 2497//2497 1305//1305 1307//1307
f 1307//1307 1309//1309 2496//2496
f 2496//2496 1309//1309 1344//1344
f 2496//2496 1344//1344 2500//2500
f 2500//2500 1344//1344 1346//1346
f 2500//2500 1346//1346 2495//2495
f 2495//2495 1346//1346 1337//1337
f 2495//2495 1337//1337 1339//1339
f 2466//2466 2459//2459 2467//2467
f 2467//2467 2459//2459 2458//2458
f 2467//2467 2458//2458 2468//2468
f 2468//2468 2458//2458 2501//2501
f 2468//2468 2501//2501 2470//2470
f 2470//2470 2501//2501 2498//2498
f 2470//2470 2498//2498 2469//2469
f 2469//2469 2498//2498 2499//2499
f 2469//2469 2499//2499 2502//2502
f 2502//2502 2499//2499 2497//2497
f 2502//2502 2497//2497 2503//2503
f 2503//2503 2497//2497 2496//2496
f 2503//2503 2496//2496 2504//2504
f 2504//2504 2496//2496 2500//2500
f 2504//2504 2500//2500 2505//2505
f 2505//2505 2500//2500 2495//2495
f 2505//2505 2495//2495 2488//2488
f 2488//2488 2495//2495 2492//2492
f 2488//2488 2492//2492 2486//2486
f 2486//2486 2492//2492 2494//2494
f 2506//2506 2464//2464 2463//2463
f 2463//2463 2464//2464 2275//2275
f 2463//2463 2275//2275 2273//2273
f 2283//2283 2281//2281 2462//2462
f 2462//2462 2281//2281 2507//2507
f 2462//2462 2507//2507 2460//2460
f 2460//2460 2507//2507 2508//2508
f 2509//2509 1251//1251 1286//1286
f 2290//2290 2465//2465 2466//2466
f 2466//2466 2465//2465 2509//2509
f 2466//2466 2509//2509 2459//2459
f 2459//2459 2509//2509 1286//1286
f 2459//2459 1286//1286 1288//1288
f 1264//1264 1266//1266 2506//2506
f 2506//2506 1266//1266 2508//2508
f 2506//2506 2508//2508 2464//2464
f 2464//2464 2508//2508 2507//2507
f 2464//2464 2507//2507 2280//2280
f 2280//2280 2507//2507 2281//2281
f 1266//1266 1268//1268 2508//2508
f 2508//2508 1268//1268 1243//1243
f 2508//2508 1243//1243 2460//2460
f 2460//2460 1243//1243 1245//1245
f 2460//2460 1245//1245 2461//2461
f 2461//2461 1245//1245 1247//1247
f 2461//2461 1247//1247 1249//1249
f 2287//2287 2462//2462 2465//2465
f 2465//2465 2462//2462 2461//2461
f 2465//2465 2461//2461 2509//2509
f 2509//2509 2461//2461 1249//1249
f 2509//2509 1249//1249 1251//1251
f 2510//2510 2511//2511 2481//2481
f 2481//2481 2511//2511 2512//2512
f 2481//2481 2512//2512 2485//2485
f 2306//2306 2305//2305 2471//2471
f 2471//2471 2305//2305 2469//2469
f 2471//2471 2469//2469 2472//2472
f 2472//2472 2469//2469 2502//2502
f 2472//2472 2502//2502 2473//2473
f 2473//2473 2502//2502 2503//2503
f 2473//2473 2503//2503 2475//2475
f 2475//2475 2503//2503 2504//2504
f 2475//2475 2504//2504 2477//2477
f 2477//2477 2504//2504 2505//2505
f 2477//2477 2505//2505 2481//2481
f 2481//2481 2505//2505 2488//2488
f 2481//2481 2488//2488 2510//2510
f 2510//2510 2488//2488 2490//2490
f 1262//1262 1264//1264 2259//2259
f 2259//2259 1264//1264 2506//2506
f 2259//2259 2506//2506 2513//2513
f 2513//2513 2506//2506 2463//2463
f 2513//2513 2463//2463 2256//2256
f 2256//2256 2463//2463 2271//2271
f 2256//2256 2271//2271 2270//2270
f 1288//1288 1290//1290 2458//2458
f 2458//2458 1290//1290 1293//1293
f 2458//2458 1293//1293 2501//2501
f 2501//2501 1293//1293 1296//1296
f 2501//2501 1296//1296 2498//2498
f 2498//2498 1296//1296 1298//1298
f 2498//2498 1298//1298 1300//1300
f 2514//2514 2515//2515 2516//2516
f 2416//2416 2425//2425 2517//2517
f 2517//2517 2425//2425 2423//2423
f 2517//2517 2423//2423 2422//2422
f 2359//2359 2474//2474 2518//2518
f 2518//2518 2474//2474 2519//2519
f 2520//2520 2518//2518 2521//2521
f 2521//2521 2518//2518 2519//2519
f 2521//2521 2519//2519 2522//2522
f 2522//2522 2519//2519 2523//2523
f 2522//2522 2523//2523 2524//2524
f 2474//2474 2476//2476 2519//2519
f 2519//2519 2476//2476 2478//2478
f 2519//2519 2478//2478 2523//2523
f 2523//2523 2478//2478 2479//2479
f 2523//2523 2479//2479 2516//2516
f 2516//2516 2515//2515 2523//2523
f 2523//2523 2515//2515 2525//2525
f 2523//2523 2525//2525 2524//2524
f 2417//2417 2416//2416 2483//2483
f 2483//2483 2416//2416 2517//2517
f 2483//2483 2517//2517 2484//2484
f 2484//2484 2517//2517 2526//2526
f 2484//2484 2526//2526 2482//2482
f 2482//2482 2526//2526 2516//2516
f 2482//2482 2516//2516 2480//2480
f 2480//2480 2516//2516 2479//2479
f 2514//2514 2516//2516 2527//2527
f 2527//2527 2516//2516 2526//2526
f 2527//2527 2526//2526 2528//2528
f 2528//2528 2526//2526 2517//2517
f 2528//2528 2517//2517 2529//2529
f 2529//2529 2517//2517 2422//2422
f 2529//2529 2422//2422 2428//2428
f 2530//2530 2531//2531 2521//2521
f 2532//2532 2533//2533 2521//2521
f 2521//2521 2533//2533 2534//2534
f 2521//2521 2534//2534 2535//2535
f 2535//2535 2536//2536 2521//2521
f 2521//2521 2536//2536 2537//2537
f 2521//2521 2537//2537 2530//2530
f 2531//2531 2538//2538 2521//2521
f 2521//2521 2538//2538 2539//2539
f 2521//2521 2539//2539 2520//2520
f 2532//2532 2521//2521 2540//2540
f 2540//2540 2521//2521 2522//2522
f 2540//2540 2522//2522 2541//2541
f 2541//2541 2522//2522 2524//2524
f 2541//2541 2524//2524 2542//2542
f 2542//2542 2524//2524 2525//2525
f 2542//2542 2525//2525 2543//2543
f 2543//2543 2525//2525 2515//2515
f 2543//2543 2515//2515 2544//2544
f 2544//2544 2515//2515 2514//2514
f 2544//2544 2514//2514 2545//2545
f 2545//2545 2514//2514 2527//2527
f 2545//2545 2527//2527 2546//2546
f 2546//2546 2527//2527 2528//2528
f 2546//2546 2528//2528 2547//2547
f 2528//2528 2529//2529 2547//2547
f 2547//2547 2529//2529 2428//2428
f 2547//2547 2428//2428 2548//2548
f 2548//2548 2428//2428 2429//2429
f 2548//2548 2429//2429 2549//2549
f 2549//2549 2429//2429 2430//2430
f 2549//2549 2430//2430 2550//2550
f 2550//2550 2430//2430 2431//2431
f 2550//2550 2431//2431 2551//2551
f 2551//2551 2431//2431 2433//2433
f 2551//2551 2433//2433 2552//2552
f 2552//2552 2433//2433 2434//2434
f 2552//2552 2434//2434 2553//2553
f 2553//2553 2434//2434 2436//2436
f 2553//2553 2436//2436 2554//2554
f 2554//2554 2436//2436 2437//2437
f 2554//2554 2437//2437 2555//2555
f 2555//2555 2437//2437 2439//2439
f 2555//2555 2439//2439 2556//2556
f 2556//2556 2439//2439 2441//2441
f 2556//2556 2441//2441 2557//2557
f 2557//2557 2441//2441 2442//2442
f 2557//2557 2442//2442 2558//2558
f 2558//2558 2442//2442 2444//2444
f 2558//2558 2444//2444 2559//2559
f 2559//2559 2444//2444 2446//2446
f 2559//2559 2446//2446 2560//2560
f 2560//2560 2446//2446 2456//2456
f 2560//2560 2456//2456 2561//2561
f 2457//2457 2415//2415 2562//2562
f 2562//2562 2415//2415 2413//2413
f 2562//2562 2413//2413 2412//2412
f 2563//2563 2564//2564 2561//2561
f 2565//2565 2564//2564 2566//2566
f 2566//2566 2564//2564 2563//2563
f 2566//2566 2563//2563 2567//2567
f 2562//2562 2568//2568 2457//2457
f 2457//2457 2568//2568 2569//2569
f 2457//2457 2569//2569 2456//2456
f 2456//2456 2569//2569 2570//2570
f 2456//2456 2570//2570 2561//2561
f 2561//2561 2570//2570 2571//2571
f 2561//2561 2571//2571 2563//2563
f 2563//2563 2571//2571 2572//2572
f 2563//2563 2572//2572 2567//2567
f 2573//2573 2363//2363 2574//2574
f 2574//2574 2363//2363 2575//2575
f 2574//2574 2575//2575 2576//2576
f 2576//2576 2575//2575 2577//2577
f 2576//2576 2577//2577 2539//2539
f 2539//2539 2577//2577 2520//2520
f 2578//2578 2573//2573 2579//2579
f 2579//2579 2573//2573 2574//2574
f 2579//2579 2574//2574 2580//2580
f 2580//2580 2574//2574 2576//2576
f 2580//2580 2576//2576 2538//2538
f 2538//2538 2576//2576 2539//2539
f 2581//2581 2578//2578 2582//2582
f 2582//2582 2578//2578 2579//2579
f 2582//2582 2579//2579 2583//2583
f 2583//2583 2579//2579 2580//2580
f 2583//2583 2580//2580 2531//2531
f 2531//2531 2580//2580 2538//2538
f 2584//2584 2581//2581 2585//2585
f 2585//2585 2581//2581 2582//2582
f 2585//2585 2582//2582 2586//2586
f 2586//2586 2582//2582 2583//2583
f 2586//2586 2583//2583 2530//2530
f 2530//2530 2583//2583 2531//2531
f 2587//2587 2584//2584 2588//2588
f 2588//2588 2584//2584 2585//2585
f 2588//2588 2585//2585 2589//2589
f 2589//2589 2585//2585 2586//2586
f 2589//2589 2586//2586 2537//2537
f 2537//2537 2586//2586 2530//2530
f 2587//2587 2588//2588 2590//2590
f 2591//2591 2592//2592 2593//2593
f 2594//2594 2591//2591 2595//2595
f 2532//2532 2594//2594 2596//2596
f 2591//2591 2593//2593 2595//2595
f 2595//2595 2593//2593 2597//2597
f 2595//2595 2597//2597 2598//2598
f 2598//2598 2597//2597 2599//2599
f 2598//2598 2599//2599 2600//2600
f 2599//2599 2601//2601 2600//2600
f 2600//2600 2601//2601 2602//2602
f 2600//2600 2602//2602 2590//2590
f 2590//2590 2602//2602 2603//2603
f 2590//2590 2603//2603 2587//2587
f 2594//2594 2595//2595 2596//2596
f 2596//2596 2595//2595 2598//2598
f 2596//2596 2598//2598 2604//2604
f 2604//2604 2598//2598 2600//2600
f 2604//2604 2600//2600 2605//2605
f 2605//2605 2600//2600 2590//2590
f 2605//2605 2590//2590 2606//2606
f 2606//2606 2590//2590 2588//2588
f 2606//2606 2588//2588 2589//2589
f 2532//2532 2596//2596 2533//2533
f 2533//2533 2596//2596 2604//2604
f 2533//2533 2604//2604 2534//2534
f 2534//2534 2604//2604 2605//2605
f 2534//2534 2605//2605 2535//2535
f 2535//2535 2605//2605 2606//2606
f 2535//2535 2606//2606 2536//2536
f 2536//2536 2606//2606 2589//2589
f 2536//2536 2589//2589 2537//2537
f 2560//2560 2561//2561 2607//2607
f 2532//2532 2540//2540 2594//2594
f 2594//2594 2540//2540 2608//2608
f 2594//2594 2608//2608 2591//2591
f 2540//2540 2541//2541 2608//2608
f 2608//2608 2541//2541 2542//2542
f 2608//2608 2542//2542 2609//2609
f 2610//2610 2611//2611 2612//2612
f 2612//2612 2611//2611 2613//2613
f 2612//2612 2613//2613 2614//2614
f 2614//2614 2613//2613 2592//2592
f 2614//2614 2592//2592 2591//2591
f 2546//2546 2615//2615 2616//2616
f 2542//2542 2543//2543 2609//2609
f 2609//2609 2543//2543 2544//2544
f 2609//2609 2544//2544 2616//2616
f 2616//2616 2544//2544 2545//2545
f 2616//2616 2545//2545 2546//2546
f 2610//2610 2612//2612 2617//2617
f 2617//2617 2612//2612 2618//2618
f 2617//2617 2618//2618 2619//2619
f 2546//2546 2547//2547 2615//2615
f 2615//2615 2547//2547 2548//2548
f 2615//2615 2548//2548 2620//2620
f 2620//2620 2548//2548 2549//2549
f 2620//2620 2549//2549 2621//2621
f 2622//2622 2623//2623 2624//2624
f 2624//2624 2623//2623 2625//2625
f 2624//2624 2625//2625 2626//2626
f 2626//2626 2625//2625 2627//2627
f 2626//2626 2627//2627 2628//2628
f 2628//2628 2627//2627 2629//2629
f 2628//2628 2629//2629 2619//2619
f 2619//2619 2629//2629 2630//2630
f 2619//2619 2630//2630 2617//2617
f 2549//2549 2550//2550 2621//2621
f 2621//2621 2550//2550 2551//2551
f 2621//2621 2551//2551 2631//2631
f 2631//2631 2551//2551 2552//2552
f 2631//2631 2552//2552 2632//2632
f 2552//2552 2553//2553 2632//2632
f 2632//2632 2553//2553 2554//2554
f 2632//2632 2554//2554 2633//2633
f 2622//2622 2624//2624 2634//2634
f 2634//2634 2624//2624 2635//2635
f 2634//2634 2635//2635 2636//2636
f 2554//2554 2555//2555 2633//2633
f 2633//2633 2555//2555 2556//2556
f 2633//2633 2556//2556 2637//2637
f 2637//2637 2556//2556 2557//2557
f 2637//2637 2557//2557 2638//2638
f 2638//2638 2557//2557 2558//2558
f 2638//2638 2558//2558 2639//2639
f 2591//2591 2608//2608 2614//2614
f 2614//2614 2608//2608 2609//2609
f 2614//2614 2609//2609 2612//2612
f 2612//2612 2609//2609 2616//2616
f 2612//2612 2616//2616 2618//2618
f 2618//2618 2616//2616 2615//2615
f 2618//2618 2615//2615 2619//2619
f 2619//2619 2615//2615 2620//2620
f 2619//2619 2620//2620 2628//2628
f 2628//2628 2620//2620 2621//2621
f 2628//2628 2621//2621 2626//2626
f 2626//2626 2621//2621 2631//2631
f 2626//2626 2631//2631 2624//2624
f 2624//2624 2631//2631 2632//2632
f 2624//2624 2632//2632 2635//2635
f 2635//2635 2632//2632 2633//2633
f 2635//2635 2633//2633 2636//2636
f 2636//2636 2633//2633 2637//2637
f 2636//2636 2637//2637 2640//2640
f 2640//2640 2637//2637 2638//2638
f 2640//2640 2638//2638 2641//2641
f 2641//2641 2638//2638 2639//2639
f 2641//2641 2639//2639 2642//2642
f 2643//2643 2644//2644 2642//2642
f 2642//2642 2644//2644 2645//2645
f 2642//2642 2645//2645 2641//2641
f 2641//2641 2645//2645 2646//2646
f 2641//2641 2646//2646 2640//2640
f 2640//2640 2646//2646 2647//2647
f 2640//2640 2647//2647 2636//2636
f 2636//2636 2647//2647 2648//2648
f 2636//2636 2648//2648 2634//2634
f 2560//2560 2607//2607 2559//2559
f 2649//2649 2643//2643 2650//2650
f 2650//2650 2643//2643 2642//2642
f 2650//2650 2642//2642 2607//2607
f 2607//2607 2642//2642 2639//2639
f 2607//2607 2639//2639 2559//2559
f 2559//2559 2639//2639 2558//2558
f 2651//2651 2649//2649 2652//2652
f 2652//2652 2649//2649 2650//2650
f 2652//2652 2650//2650 2653//2653
f 2653//2653 2650//2650 2607//2607
f 2653//2653 2607//2607 2564//2564
f 2564//2564 2607//2607 2561//2561
f 2651//2651 2652//2652 2654//2654
f 2655//2655 2656//2656 2657//2657
f 2658//2658 2655//2655 2659//2659
f 2571//2571 2658//2658 2660//2660
f 2655//2655 2657//2657 2659//2659
f 2659//2659 2657//2657 2661//2661
f 2659//2659 2661//2661 2662//2662
f 2661//2661 2663//2663 2662//2662
f 2662//2662 2663//2663 2664//2664
f 2662//2662 2664//2664 2665//2665
f 2665//2665 2664//2664 2666//2666
f 2665//2665 2666//2666 2654//2654
f 2654//2654 2666//2666 2667//2667
f 2654//2654 2667//2667 2651//2651
f 2658//2658 2659//2659 2660//2660
f 2660//2660 2659//2659 2662//2662
f 2660//2660 2662//2662 2668//2668
f 2668//2668 2662//2662 2665//2665
f 2668//2668 2665//2665 2669//2669
f 2669//2669 2665//2665 2654//2654
f 2669//2669 2654//2654 2670//2670
f 2670//2670 2654//2654 2652//2652
f 2670//2670 2652//2652 2653//2653
f 2571//2571 2660//2660 2572//2572
f 2572//2572 2660//2660 2668//2668
f 2572//2572 2668//2668 2567//2567
f 2567//2567 2668//2668 2669//2669
f 2567//2567 2669//2669 2566//2566
f 2566//2566 2669//2669 2670//2670
f 2566//2566 2670//2670 2565//2565
f 2565//2565 2670//2670 2653//2653
f 2565//2565 2653//2653 2564//2564
f 2671//2671 2656//2656 2672//2672
f 2672//2672 2656//2656 2655//2655
f 2672//2672 2655//2655 2673//2673
f 2673//2673 2655//2655 2658//2658
f 2673//2673 2658//2658 2570//2570
f 2570//2570 2658//2658 2571//2571
f 2674//2674 2671//2671 2675//2675
f 2675//2675 2671//2671 2672//2672
f 2675//2675 2672//2672 2676//2676
f 2676//2676 2672//2672 2673//2673
f 2676//2676 2673//2673 2569//2569
f 2569//2569 2673//2673 2570//2570
f 2677//2677 2678//2678 2679//2679
f 2680//2680 2677//2677 2681//2681
f 2681//2681 2677//2677 2679//2679
f 2681//2681 2679//2679 2682//2682
f 2682//2682 2679//2679 2683//2683
f 2683//2683 2679//2679 2684//2684
f 2683//2683 2684//2684 2685//2685
f 2562//2562 2412//2412 2684//2684
f 2684//2684 2412//2412 2686//2686
f 2684//2684 2686//2686 2685//2685
f 2568//2568 2562//2562 2687//2687
f 2687//2687 2562//2562 2684//2684
f 2687//2687 2684//2684 2688//2688
f 2688//2688 2684//2684 2679//2679
f 2688//2688 2679//2679 2689//2689
f 2689//2689 2679//2679 2678//2678
f 2569//2569 2568//2568 2676//2676
f 2676//2676 2568//2568 2687//2687
f 2676//2676 2687//2687 2675//2675
f 2675//2675 2687//2687 2688//2688
f 2675//2675 2688//2688 2674//2674
f 2674//2674 2688//2688 2689//2689
f 2690//2690 2691//2691 2394//2394
f 2394//2394 2691//2691 2411//2411
f 2412//2412 2411//2411 2686//2686
f 2686//2686 2411//2411 2691//2691
f 2686//2686 2691//2691 2685//2685
f 2685//2685 2691//2691 2692//2692
f 2685//2685 2692//2692 2683//2683
f 2683//2683 2692//2692 2682//2682
f 2692//2692 2693//2693 2682//2682
f 2682//2682 2693//2693 2694//2694
f 2682//2682 2694//2694 2681//2681
f 2681//2681 2694//2694 2695//2695
f 2681//2681 2695//2695 2680//2680
f 2690//2690 2696//2696 2691//2691
f 2691//2691 2696//2696 2697//2697
f 2691//2691 2697//2697 2692//2692
f 2692//2692 2697//2697 2698//2698
f 2692//2692 2698//2698 2693//2693
f 2383//2383 2382//2382 2699//2699
f 2700//2700 2701//2701 2702//2702
f 2388//2388 2386//2386 2703//2703
f 2394//2394 2393//2393 2690//2690
f 2690//2690 2393//2393 2704//2704
f 2690//2690 2704//2704 2696//2696
f 2705//2705 2698//2698 2704//2704
f 2704//2704 2698//2698 2697//2697
f 2704//2704 2697//2697 2696//2696
f 2706//2706 2707//2707 2680//2680
f 2680//2680 2695//2695 2706//2706
f 2706//2706 2695//2695 2694//2694
f 2706//2706 2694//2694 2705//2705
f 2705//2705 2694//2694 2693//2693
f 2705//2705 2693//2693 2698//2698
f 2701//2701 2707//2707 2702//2702
f 2702//2702 2707//2707 2706//2706
f 2702//2702 2706//2706 2708//2708
f 2708//2708 2706//2706 2705//2705
f 2708//2708 2705//2705 2709//2709
f 2709//2709 2705//2705 2704//2704
f 2709//2709 2704//2704 2391//2391
f 2391//2391 2704//2704 2393//2393
f 2710//2710 2700//2700 2711//2711
f 2711//2711 2700//2700 2702//2702
f 2711//2711 2702//2702 2712//2712
f 2712//2712 2702//2702 2708//2708
f 2712//2712 2708//2708 2703//2703
f 2703//2703 2708//2708 2709//2709
f 2703//2703 2709//2709 2388//2388
f 2388//2388 2709//2709 2391//2391
f 2713//2713 2710//2710 2714//2714
f 2714//2714 2710//2710 2711//2711
f 2714//2714 2711//2711 2715//2715
f 2715//2715 2711//2711 2712//2712
f 2715//2715 2712//2712 2716//2716
f 2716//2716 2712//2712 2703//2703
f 2716//2716 2703//2703 2384//2384
f 2384//2384 2703//2703 2386//2386
f 2717//2717 2713//2713 2718//2718
f 2718//2718 2713//2713 2714//2714
f 2718//2718 2714//2714 2719//2719
f 2719//2719 2714//2714 2715//2715
f 2719//2719 2715//2715 2699//2699
f 2699//2699 2715//2715 2716//2716
f 2699//2699 2716//2716 2383//2383
f 2383//2383 2716//2716 2384//2384
f 2699//2699 2382//2382 2369//2369
f 2719//2719 2699//2699 2720//2720
f 2718//2718 2719//2719 2721//2721
f 2717//2717 2718//2718 2722//2722
f 2699//2699 2369//2369 2720//2720
f 2720//2720 2369//2369 2368//2368
f 2720//2720 2368//2368 2723//2723
f 2723//2723 2368//2368 2372//2372
f 2723//2723 2372//2372 2724//2724
f 2372//2372 2374//2374 2724//2724
f 2724//2724 2374//2374 2378//2378
f 2724//2724 2378//2378 2376//2376
f 2381//2381 2725//2725 2376//2376
f 2376//2376 2725//2725 2726//2726
f 2376//2376 2726//2726 2724//2724
f 2381//2381 2380//2380 2725//2725
f 2725//2725 2380//2380 2379//2379
f 2725//2725 2379//2379 2727//2727
f 2727//2727 2379//2379 2405//2405
f 2727//2727 2405//2405 2728//2728
f 2719//2719 2720//2720 2721//2721
f 2721//2721 2720//2720 2723//2723
f 2721//2721 2723//2723 2729//2729
f 2729//2729 2723//2723 2724//2724
f 2729//2729 2724//2724 2730//2730
f 2730//2730 2724//2724 2726//2726
f 2730//2730 2726//2726 2731//2731
f 2731//2731 2726//2726 2725//2725
f 2731//2731 2725//2725 2732//2732
f 2732//2732 2725//2725 2727//2727
f 2732//2732 2727//2727 2733//2733
f 2733//2733 2727//2727 2728//2728
f 2733//2733 2728//2728 2734//2734
f 2718//2718 2721//2721 2722//2722
f 2722//2722 2721//2721 2729//2729
f 2722//2722 2729//2729 2735//2735
f 2735//2735 2729//2729 2730//2730
f 2735//2735 2730//2730 2736//2736
f 2736//2736 2730//2730 2731//2731
f 2736//2736 2731//2731 2737//2737
f 2737//2737 2731//2731 2732//2732
f 2737//2737 2732//2732 2738//2738
f 2738//2738 2732//2732 2733//2733
f 2738//2738 2733//2733 2739//2739
f 2739//2739 2733//2733 2734//2734
f 2739//2739 2734//2734 2740//2740
f 2717//2717 2722//2722 2741//2741
f 2741//2741 2722//2722 2735//2735
f 2741//2741 2735//2735 2742//2742
f 2742//2742 2735//2735 2736//2736
f 2742//2742 2736//2736 2743//2743
f 2743//2743 2736//2736 2737//2737
f 2743//2743 2737//2737 2744//2744
f 2744//2744 2737//2737 2738//2738
f 2744//2744 2738//2738 2745//2745
f 2745//2745 2738//2738 2739//2739
f 2745//2745 2739//2739 2746//2746
f 2746//2746 2739//2739 2740//2740
f 2746//2746 2740//2740 2747//2747
f 2748//2748 2749//2749 2750//2750
f 1129//1129 2751//2751 2752//2752
f 2752//2752 2751//2751 2753//2753
f 2752//2752 2753//2753 2754//2754
f 2749//2749 2755//2755 2750//2750
f 2750//2750 2755//2755 2756//2756
f 2750//2750 2756//2756 2753//2753
f 2753//2753 2756//2756 2757//2757
f 2753//2753 2757//2757 2754//2754
f 2758//2758 2759//2759 2760//2760
f 2760//2760 2759//2759 2761//2761
f 2761//2761 2762//2762 2760//2760
f 2760//2760 2762//2762 2763//2763
f 2760//2760 2763//2763 2750//2750
f 2750//2750 2763//2763 2764//2764
f 2750//2750 2764//2764 2748//2748
f 2405//2405 2758//2758 2728//2728
f 2728//2728 2758//2758 2760//2760
f 2728//2728 2760//2760 2734//2734
f 2734//2734 2760//2760 2750//2750
f 2734//2734 2750//2750 2740//2740
f 2740//2740 2750//2750 2753//2753
f 2740//2740 2753//2753 2747//2747
f 2747//2747 2753//2753 2751//2751
f 2751//2751 1129//1129 1113//1113
f 2717//2717 2741//2741 1113//1113
f 1113//1113 2741//2741 2742//2742
f 2742//2742 2743//2743 1113//1113
f 1113//1113 2743//2743 2744//2744
f 1113//1113 2744//2744 2745//2745
f 2745//2745 2746//2746 1113//1113
f 1113//1113 2746//2746 2747//2747
f 1113//1113 2747//2747 2751//2751
f 1121//1121 1111//1111 2674//2674
f 2717//2717 1113//1113 2713//2713
f 2713//2713 1113//1113 1112//1112
f 2713//2713 1112//1112 2710//2710
f 1115//1115 2707//2707 1116//1116
f 1116//1116 2707//2707 2701//2701
f 1116//1116 2701//2701 1112//1112
f 1112//1112 2701//2701 2700//2700
f 1112//1112 2700//2700 2710//2710
f 2678//2678 2677//2677 1115//1115
f 1115//1115 2677//2677 2680//2680
f 1115//1115 2680//2680 2707//2707
f 1121//1121 2674//2674 1115//1115
f 1115//1115 2674//2674 2689//2689
f 1115//1115 2689//2689 2678//2678
f 1111//1111 1075//1075 2765//2765
f 2765//2765 2656//2656 1111//1111
f 1111//1111 2656//2656 2671//2671
f 1111//1111 2671//2671 2674//2674
f 1088//1088 1105//1105 2766//2766
f 2663//2663 2661//2661 2767//2767
f 2767//2767 2661//2661 2765//2765
f 2765//2765 2661//2661 2657//2657
f 2765//2765 2657//2657 2656//2656
f 2766//2766 2768//2768 2651//2651
f 2651//2651 2667//2667 2766//2766
f 2766//2766 2667//2667 2666//2666
f 2766//2766 2666//2666 2767//2767
f 2767//2767 2666//2666 2664//2664
f 2767//2767 2664//2664 2663//2663
f 1050//1050 2768//2768 1107//1107
f 1107//1107 2768//2768 2766//2766
f 1107//1107 2766//2766 1106//1106
f 1106//1106 2766//2766 1105//1105
f 1081//1081 1082//1082 2767//2767
f 2767//2767 1082//1082 1084//1084
f 2767//2767 1084//1084 2766//2766
f 2766//2766 1084//1084 1086//1086
f 2766//2766 1086//1086 1088//1088
f 2765//2765 1075//1075 1077//1077
f 2765//2765 1077//1077 2767//2767
f 2767//2767 1077//1077 1079//1079
f 2767//2767 1079//1079 1081//1081
f 2768//2768 1050//1050 1052//1052
f 2651//2651 2768//2768 2649//2649
f 2649//2649 2768//2768 2643//2643
f 2768//2768 1052//1052 2643//2643
f 2643//2643 1052//1052 1053//1053
f 2643//2643 1053//1053 2644//2644
f 2644//2644 1053//1053 1048//1048
f 2644//2644 1048//1048 2645//2645
f 2645//2645 1048//1048 2646//2646
f 2646//2646 1048//1048 1046//1046
f 2646//2646 1046//1046 2647//2647
f 2647//2647 1046//1046 2648//2648
f 2648//2648 1046//1046 1045//1045
f 2648//2648 1045//1045 2634//2634
f 2634//2634 1045//1045 1043//1043
f 2634//2634 1043//1043 2622//2622
f 2622//2622 1043//1043 2623//2623
f 2623//2623 1043//1043 1041//1041
f 2623//2623 1041//1041 2625//2625
f 1036//1036 2617//2617 1038//1038
f 1038//1038 2617//2617 2630//2630
f 1038//1038 2630//2630 1040//1040
f 1040//1040 2630//2630 2629//2629
f 1040//1040 2629//2629 1041//1041
f 1041//1041 2629//2629 2627//2627
f 1041//1041 2627//2627 2625//2625
f 1035//1035 2611//2611 1036//1036
f 1036//1036 2611//2611 2610//2610
f 1036//1036 2610//2610 2617//2617
f 1035//1035 1001//1001 2611//2611
f 2611//2611 1001//1001 2769//2769
f 2611//2611 2769//2769 2613//2613
f 2613//2613 2769//2769 2592//2592
f 1014//1014 1031//1031 2770//2770
f 2771//2771 2599//2599 2597//2597
f 2771//2771 2597//2597 2769//2769
f 2769//2769 2597//2597 2593//2593
f 2769//2769 2593//2593 2592//2592
f 2599//2599 2771//2771 2601//2601
f 2601//2601 2771//2771 2770//2770
f 2601//2601 2770//2770 2602//2602
f 2602//2602 2770//2770 2603//2603
f 2603//2603 2770//2770 2772//2772
f 2603//2603 2772//2772 2587//2587
f 995//995 2772//2772 1033//1033
f 1033//1033 2772//2772 2770//2770
f 1033//1033 2770//2770 1032//1032
f 1032//1032 2770//2770 1031//1031
f 1007//1007 1008//1008 2771//2771
f 2771//2771 1008//1008 1010//1010
f 2771//2771 1010//1010 2770//2770
f 2770//2770 1010//1010 1012//1012
f 2770//2770 1012//1012 1014//1014
f 2769//2769 1001//1001 1003//1003
f 2769//2769 1003//1003 2771//2771
f 2771//2771 1003//1003 1005//1005
f 2771//2771 1005//1005 1007//1007
f 2772//2772 995//995 984//984
f 2587//2587 2772//2772 2584//2584
f 2584//2584 2772//2772 984//984
f 2584//2584 984//984 2581//2581
f 2581//2581 984//984 2578//2578
f 2578//2578 984//984 983//983
f 2578//2578 983//983 2573//2573
f 2573//2573 983//983 2363//2363
f 2363//2363 983//983 2355//2355
f 2355//2355 983//983 989//989
f 2355//2355 989//989 2356//2356
f 2356//2356 989//989 2367//2367
f 2367//2367 989//989 982//982
f 2367//2367 982//982 2354//2354
f 2354//2354 982//982 2353//2353
f 2353//2353 982//982 981//981
f 2353//2353 981//981 2352//2352
f 2352//2352 981//981 2773//2773
f 2352//2352 2773//2773 2351//2351
f 2351//2351 2773//2773 2350//2350
f 2350//2350 2773//2773 2774//2774
f 2350//2350 2774//2774 2349//2349
f 2349//2349 2774//2774 2348//2348
f 2348//2348 2774//2774 2775//2775
f 2348//2348 2775//2775 2347//2347
f 1155//1155 2251//2251 2269//2269
f 2347//2347 2775//2775 2346//2346
f 2346//2346 2775//2775 1153//1153
f 2346//2346 1153//1153 2345//2345
f 2340//2340 2341//2341 1155//1155
f 2340//2340 1155//1155 2339//2339
f 2341//2341 2342//2342 1155//1155
f 1155//1155 2342//2342 2343//2343
f 1155//1155 2343//2343 1153//1153
f 1153//1153 2343//2343 2344//2344
f 1153//1153 2344//2344 2345//2345
f 2269//2269 2337//2337 1155//1155
f 1155//1155 2337//2337 2338//2338
f 1155//1155 2338//2338 2339//2339
f 2776//2776 2777//2777 2778//2778
f 2779//2779 2780//2780 2781//2781
f 2782//2782 1152//1152 2783//2783
f 2783//2783 1152//1152 1157//1157
f 2783//2783 1157//1157 2784//2784
f 2784//2784 1157//1157 1154//1154
f 2784//2784 1154//1154 2775//2775
f 2775//2775 1154//1154 1153//1153
f 2780//2780 2782//2782 2781//2781
f 2781//2781 2782//2782 2783//2783
f 2781//2781 2783//2783 2785//2785
f 2785//2785 2783//2783 2784//2784
f 2785//2785 2784//2784 2774//2774
f 2774//2774 2784//2784 2775//2775
f 2777//2777 2779//2779 2778//2778
f 2778//2778 2779//2779 2781//2781
f 2778//2778 2781//2781 2786//2786
f 2786//2786 2781//2781 2785//2785
f 2786//2786 2785//2785 2773//2773
f 2773//2773 2785//2785 2774//2774
f 976//976 2776//2776 977//977
f 977//977 2776//2776 2778//2778
f 977//977 2778//2778 979//979
f 979//979 2778//2778 2786//2786
f 979//979 2786//2786 981//981
f 981//981 2786//2786 2773//2773
f 976//976 2787//2787 2788//2788
f 2789//2789 2777//2777 2788//2788
f 2788//2788 2777//2777 2776//2776
f 2788//2788 2776//2776 976//976
f 1152//1152 2782//2782 1146//1146
f 1146//1146 2782//2782 2780//2780
f 1146//1146 2780//2780 2789//2789
f 2789//2789 2780//2780 2779//2779
f 2789//2789 2779//2779 2777//2777
f 1143//1143 1144//1144 2790//2790
f 1144//1144 1146//1146 2790//2790
f 2790//2790 1146//1146 2789//2789
f 2790//2790 2789//2789 2791//2791
f 2791//2791 2789//2789 2788//2788
f 2791//2791 2788//2788 2792//2792
f 2792//2792 2788//2788 2787//2787
f 1141//1141 1143//1143 2793//2793
f 2793//2793 1143//1143 2790//2790
f 2793//2793 2790//2790 2794//2794
f 2794//2794 2790//2790 2791//2791
f 2794//2794 2791//2791 2795//2795
f 2795//2795 2791//2791 2792//2792
f 1131//1131 1141//1141 2796//2796
f 2796//2796 1141//1141 2793//2793
f 2796//2796 2793//2793 2797//2797
f 2797//2797 2793//2793 2794//2794
f 2797//2797 2794//2794 2798//2798
f 2798//2798 2794//2794 2795//2795
f 2799//2799 2800//2800 2801//2801
f 2802//2802 1133//1133 1134//1134
f 2803//2803 2804//2804 2805//2805
f 2806//2806 2807//2807 2808//2808
f 2797//2797 2798//2798 2809//2809
f 2796//2796 2797//2797 2810//2810
f 1131//1131 2796//2796 2811//2811
f 1131//1131 2811//2811 1132//1132
f 1132//1132 2811//2811 2812//2812
f 1132//1132 2812//2812 1138//1138
f 2797//2797 2809//2809 2810//2810
f 2810//2810 2809//2809 2813//2813
f 2810//2810 2813//2813 2814//2814
f 2814//2814 2813//2813 2806//2806
f 2814//2814 2806//2806 2803//2803
f 2803//2803 2806//2806 2808//2808
f 2803//2803 2808//2808 2804//2804
f 2796//2796 2810//2810 2811//2811
f 2811//2811 2810//2810 2814//2814
f 2811//2811 2814//2814 2812//2812
f 2812//2812 2814//2814 2803//2803
f 2812//2812 2803//2803 2801//2801
f 2801//2801 2803//2803 2805//2805
f 2801//2801 2805//2805 2799//2799
f 2800//2800 2802//2802 2801//2801
f 2801//2801 2802//2802 1134//1134
f 2801//2801 1134//1134 2812//2812
f 2812//2812 1134//1134 1136//1136
f 2812//2812 1136//1136 1138//1138
f 2792//2792 1499//1499 2795//2795
f 2795//2795 1499//1499 1501//1501
f 2795//2795 1501//1501 1503//1503
f 1505//1505 451//451 2806//2806
f 2806//2806 451//451 2807//2807
f 1483//1483 1485//1485 2815//2815
f 2806//2806 2813//2813 1505//1505
f 1505//1505 2813//2813 2809//2809
f 1505//1505 2809//2809 1503//1503
f 1503//1503 2809//2809 2798//2798
f 1503//1503 2798//2798 2795//2795
f 1025//1025 1023//1023 2792//2792
f 2792//2792 1023//1023 1021//1021
f 2792//2792 1021//1021 1019//1019
f 2815//2815 1485//1485 2816//2816
f 2816//2816 1485//1485 1487//1487
f 2816//2816 1487//1487 2817//2817
f 1489//1489 1126//1126 1487//1487
f 1487//1487 1126//1126 2818//2818
f 2819//2819 466//466 2820//2820
f 2820//2820 466//466 1483//1483
f 2820//2820 1483//1483 2821//2821
f 2821//2821 1483//1483 2815//2815
f 2818//2818 2822//2822 1487//1487
f 1487//1487 2822//2822 2823//2823
f 1487//1487 2823//2823 2817//2817
f 1099//1099 1097//1097 1489//1489
f 1489//1489 1097//1097 1095//1095
f 1489//1489 1095//1095 1093//1093
f 1495//1495 1065//1065 1493//1493
f 1493//1493 1065//1065 1064//1064
f 1493//1493 1064//1064 1491//1491
f 1025//1025 2792//2792 1027//1027
f 1027//1027 2792//2792 2787//2787
f 1027//1027 2787//2787 992//992
f 2787//2787 976//976 975//975
f 1019//1019 1017//1017 2792//2792
f 2792//2792 1017//1017 1015//1015
f 2792//2792 1015//1015 1499//1499
f 1499//1499 1015//1015 998//998
f 1499//1499 998//998 997//997
f 1064//1064 1063//1063 1491//1491
f 1491//1491 1063//1063 1062//1062
f 1491//1491 1062//1062 1489//1489
f 1489//1489 1062//1062 1101//1101
f 1489//1489 1101//1101 1099//1099
f 1093//1093 1091//1091 1489//1489
f 1489//1489 1091//1091 1089//1089
f 1489//1489 1089//1089 1126//1126
f 1126//1126 1089//1089 1072//1072
f 975//975 986//986 2787//2787
f 2787//2787 986//986 990//990
f 2787//2787 990//990 992//992
f 997//997 1069//1069 1499//1499
f 1499//1499 1069//1069 1068//1068
f 1499//1499 1068//1068 1497//1497
f 1497//1497 1068//1068 1067//1067
f 1497//1497 1067//1067 1495//1495
f 1495//1495 1067//1067 1066//1066
f 1495//1495 1066//1066 1065//1065
f 1072//1072 1071//1071 1126//1126
f 1126//1126 1071//1071 1108//1108
f 1126//1126 1108//1108 1124//1124
f 1124//1124 1108//1108 1118//1118
f 1124//1124 1118//1118 1122//1122
f 1126//1126 1127//1127 2824//2824
f 2825//2825 2756//2756 2755//2755
f 2826//2826 2827//2827 2828//2828
f 2829//2829 2822//2822 2818//2818
f 2830//2830 2831//2831 2832//2832
f 2832//2832 2831//2831 2833//2833
f 2832//2832 2833//2833 2834//2834
f 2764//2764 2835//2835 2836//2836
f 2835//2835 2764//2764 2837//2837
f 2837//2837 2764//2764 2763//2763
f 2837//2837 2763//2763 2838//2838
f 2763//2763 2762//2762 2838//2838
f 2838//2838 2762//2762 2761//2761
f 2838//2838 2761//2761 2839//2839
f 2759//2759 2840//2840 2761//2761
f 2761//2761 2840//2840 2841//2841
f 2761//2761 2841//2841 2839//2839
f 2826//2826 2842//2842 2834//2834
f 2834//2834 2842//2842 2825//2825
f 2834//2834 2825//2825 2832//2832
f 2832//2832 2825//2825 2755//2755
f 2832//2832 2755//2755 2830//2830
f 2830//2830 2755//2755 2749//2749
f 2830//2830 2749//2749 2836//2836
f 2836//2836 2749//2749 2748//2748
f 2836//2836 2748//2748 2764//2764
f 2827//2827 2843//2843 2828//2828
f 2828//2828 2843//2843 2829//2829
f 2828//2828 2829//2829 2824//2824
f 2824//2824 2829//2829 2818//2818
f 2824//2824 2818//2818 1126//1126
f 2826//2826 2828//2828 2842//2842
f 2842//2842 2828//2828 2824//2824
f 2842//2842 2824//2824 2844//2844
f 2844//2844 2824//2824 1127//1127
f 2844//2844 1127//1127 1128//1128
f 2756//2756 2825//2825 2757//2757
f 2757//2757 2825//2825 2842//2842
f 2757//2757 2842//2842 2754//2754
f 2754//2754 2842//2842 2844//2844
f 2754//2754 2844//2844 2752//2752
f 2752//2752 2844//2844 1128//1128
f 2752//2752 1128//1128 1129//1129
f 2829//2829 2843//2843 2845//2845
f 2846//2846 2847//2847 2848//2848
f 2827//2827 2826//2826 2849//2849
f 2759//2759 2850//2850 2840//2840
f 2840//2840 2850//2850 2851//2851
f 2840//2840 2851//2851 2841//2841
f 2841//2841 2851//2851 2839//2839
f 2839//2839 2851//2851 2852//2852
f 2839//2839 2852//2852 2838//2838
f 2830//2830 2836//2836 2853//2853
f 2853//2853 2836//2836 2835//2835
f 2853//2853 2835//2835 2852//2852
f 2852//2852 2835//2835 2837//2837
f 2852//2852 2837//2837 2838//2838
f 2854//2854 2855//2855 2856//2856
f 2856//2856 2855//2855 2857//2857
f 2856//2856 2857//2857 2858//2858
f 2858//2858 2857//2857 2859//2859
f 2858//2858 2859//2859 2860//2860
f 2860//2860 2859//2859 2861//2861
f 2860//2860 2861//2861 2862//2862
f 2862//2862 2861//2861 2863//2863
f 2862//2862 2863//2863 2864//2864
f 2864//2864 2863//2863 2759//2759
f 2759//2759 2863//2863 2850//2850
f 2850//2850 2863//2863 2861//2861
f 2850//2850 2861//2861 2851//2851
f 2851//2851 2861//2861 2859//2859
f 2851//2851 2859//2859 2852//2852
f 2852//2852 2859//2859 2857//2857
f 2852//2852 2857//2857 2853//2853
f 2853//2853 2857//2857 2855//2855
f 2853//2853 2855//2855 2849//2849
f 2826//2826 2834//2834 2849//2849
f 2849//2849 2834//2834 2833//2833
f 2849//2849 2833//2833 2853//2853
f 2853//2853 2833//2833 2831//2831
f 2853//2853 2831//2831 2830//2830
f 2843//2843 2827//2827 2845//2845
f 2845//2845 2827//2827 2849//2849
f 2845//2845 2849//2849 2865//2865
f 2865//2865 2849//2849 2855//2855
f 2865//2865 2855//2855 2866//2866
f 2866//2866 2855//2855 2854//2854
f 2822//2822 2829//2829 2867//2867
f 2867//2867 2829//2829 2845//2845
f 2867//2867 2845//2845 2848//2848
f 2848//2848 2845//2845 2865//2865
f 2848//2848 2865//2865 2846//2846
f 2846//2846 2865//2865 2866//2866
f 2868//2868 2869//2869 2870//2870
f 2871//2871 2819//2819 2820//2820
f 2872//2872 2873//2873 2874//2874
f 2874//2874 2873//2873 2875//2875
f 2868//2868 2870//2870 2876//2876
f 2867//2867 2848//2848 2877//2877
f 2822//2822 2867//2867 2878//2878
f 2879//2879 2880//2880 2881//2881
f 2881//2881 2880//2880 2882//2882
f 2881//2881 2882//2882 2883//2883
f 2883//2883 2882//2882 2877//2877
f 2883//2883 2877//2877 2884//2884
f 2884//2884 2877//2877 2848//2848
f 2884//2884 2848//2848 2847//2847
f 2885//2885 2886//2886 2870//2870
f 2870//2870 2886//2886 2887//2887
f 2870//2870 2887//2887 2876//2876
f 2879//2879 2888//2888 2880//2880
f 2880//2880 2888//2888 2889//2889
f 2880//2880 2889//2889 2890//2890
f 2890//2890 2889//2889 2891//2891
f 2890//2890 2891//2891 2885//2885
f 2885//2885 2891//2891 2892//2892
f 2885//2885 2892//2892 2886//2886
f 2867//2867 2877//2877 2878//2878
f 2878//2878 2877//2877 2882//2882
f 2878//2878 2882//2882 2893//2893
f 2893//2893 2882//2882 2880//2880
f 2893//2893 2880//2880 2894//2894
f 2894//2894 2880//2880 2890//2890
f 2894//2894 2890//2890 2895//2895
f 2895//2895 2890//2890 2885//2885
f 2895//2895 2885//2885 2896//2896
f 2896//2896 2885//2885 2870//2870
f 2896//2896 2870//2870 2873//2873
f 2873//2873 2870//2870 2869//2869
f 2873//2873 2869//2869 2875//2875
f 2822//2822 2878//2878 2823//2823
f 2823//2823 2878//2878 2893//2893
f 2823//2823 2893//2893 2817//2817
f 2817//2817 2893//2893 2894//2894
f 2817//2817 2894//2894 2816//2816
f 2816//2816 2894//2894 2895//2895
f 2816//2816 2895//2895 2815//2815
f 2815//2815 2895//2895 2896//2896
f 2815//2815 2896//2896 2821//2821
f 2821//2821 2896//2896 2873//2873
f 2821//2821 2873//2873 2820//2820
f 2820//2820 2873//2873 2872//2872
f 2820//2820 2872//2872 2871//2871
f 2897//2897 2898//2898 2407//2407
f 2410//2410 2899//2899 2409//2409
f 2409//2409 2899//2899 2897//2897
f 2409//2409 2897//2897 2408//2408
f 2408//2408 2897//2897 2407//2407
f 2900//2900 2846//2846 2901//2901
f 2901//2901 2846//2846 2866//2866
f 2901//2901 2866//2866 2898//2898
f 2898//2898 2866//2866 2854//2854
f 2898//2898 2854//2854 2856//2856
f 2856//2856 2858//2858 2898//2898
f 2898//2898 2858//2858 2860//2860
f 2898//2898 2860//2860 2862//2862
f 2902//2902 2903//2903 2904//2904
f 2898//2898 2864//2864 2759//2759
f 2898//2898 2759//2759 2407//2407
f 2407//2407 2759//2759 2758//2758
f 2407//2407 2758//2758 2406//2406
f 2406//2406 2758//2758 2405//2405
f 2905//2905 2883//2883 2906//2906
f 2906//2906 2883//2883 2884//2884
f 2906//2906 2884//2884 2900//2900
f 2900//2900 2884//2884 2847//2847
f 2900//2900 2847//2847 2846//2846
f 2907//2907 2889//2889 2908//2908
f 2908//2908 2889//2889 2888//2888
f 2908//2908 2888//2888 2909//2909
f 2909//2909 2888//2888 2879//2879
f 2909//2909 2879//2879 2905//2905
f 2905//2905 2879//2879 2881//2881
f 2905//2905 2881//2881 2883//2883
f 2910//2910 245//245 2876//2876
f 2876//2876 2887//2887 2910//2910
f 2910//2910 2887//2887 2886//2886
f 2910//2910 2886//2886 2911//2911
f 2911//2911 2886//2886 2892//2892
f 2911//2911 2892//2892 2907//2907
f 2907//2907 2892//2892 2891//2891
f 2907//2907 2891//2891 2889//2889
f 2912//2912 2913//2913 2914//2914
f 2914//2914 2913//2913 2915//2915
f 2914//2914 2915//2915 2916//2916
f 2916//2916 2915//2915 2917//2917
f 2916//2916 2917//2917 2918//2918
f 2912//2912 2914//2914 2919//2919
f 2919//2919 2914//2914 2920//2920
f 2919//2919 2920//2920 2921//2921
f 2922//2922 2923//2923 2924//2924
f 2922//2922 2924//2924 2920//2920
f 2920//2920 2924//2924 2925//2925
f 2920//2920 2925//2925 2921//2921
f 2926//2926 2927//2927 2928//2928
f 2926//2926 2928//2928 2922//2922
f 2922//2922 2928//2928 2929//2929
f 2922//2922 2929//2929 2923//2923
f 2922//2922 2930//2930 2931//2931
f 2922//2922 2931//2931 2926//2926
f 2926//2926 2931//2931 2932//2932
f 2926//2926 2932//2932 2933//2933
f 2934//2934 2935//2935 2920//2920
f 2920//2920 2935//2935 2936//2936
f 2920//2920 2936//2936 2922//2922
f 2922//2922 2936//2936 2937//2937
f 2922//2922 2937//2937 2930//2930
f 2934//2934 2920//2920 2938//2938
f 2938//2938 2920//2920 2914//2914
f 2938//2938 2914//2914 2939//2939
f 2940//2940 2941//2941 2916//2916
f 2916//2916 2941//2941 2942//2942
f 2916//2916 2942//2942 2914//2914
f 2914//2914 2942//2942 2943//2943
f 2914//2914 2943//2943 2939//2939
f 2944//2944 2945//2945 2941//2941
f 2946//2946 2947//2947 2948//2948
f 2941//2941 2940//2940 2944//2944
f 2944//2944 2940//2940 2949//2949
f 2944//2944 2949//2949 2950//2950
f 2950//2950 2949//2949 2951//2951
f 2950//2950 2951//2951 2952//2952
f 2952//2952 2951//2951 2953//2953
f 2952//2952 2953//2953 2954//2954
f 2954//2954 2953//2953 2946//2946
f 2954//2954 2946//2946 2955//2955
f 2955//2955 2946//2946 2948//2948
f 2951//2951 2949//2949 2899//2899
f 2956//2956 2957//2957 2958//2958
f 2958//2958 2957//2957 2410//2410
f 2410//2410 2957//2957 2899//2899
f 2899//2899 2957//2957 2959//2959
f 2899//2899 2959//2959 2960//2960
f 2947//2947 2946//2946 2899//2899
f 2899//2899 2946//2946 2953//2953
f 2899//2899 2953//2953 2951//2951
f 2949//2949 2940//2940 2899//2899
f 2899//2899 2940//2940 2916//2916
f 2899//2899 2916//2916 2918//2918
f 2961//2961 2962//2962 2899//2899
f 2899//2899 2962//2962 2963//2963
f 2899//2899 2963//2963 2947//2947
f 2960//2960 2964//2964 2899//2899
f 2899//2899 2964//2964 2965//2965
f 2899//2899 2965//2965 2961//2961
f 2956//2956 2958//2958 2966//2966
f 2966//2966 2958//2958 2967//2967
f 2958//2958 2410//2410 2967//2967
f 2967//2967 2410//2410 2404//2404
f 2967//2967 2404//2404 2968//2968
f 2968//2968 2404//2404 2969//2969
f 2401//2401 2970//2970 2971//2971
f 2401//2401 2971//2971 2404//2404
f 2404//2404 2971//2971 2972//2972
f 2404//2404 2972//2972 2969//2969
f 2973//2973 2974//2974 2396//2396
f 2396//2396 2974//2974 2975//2975
f 2396//2396 2975//2975 2401//2401
f 2401//2401 2975//2975 2976//2976
f 2401//2401 2976//2976 2970//2970
f 2973//2973 2396//2396 2977//2977
f 2977//2977 2396//2396 2395//2395
f 2977//2977 2395//2395 2978//2978
f 2979//2979 2980//2980 2981//2981
f 2982//2982 2983//2983 2984//2984
f 2985//2985 2986//2986 2987//2987
f 2988//2988 2491//2491 1315//1315
f 1333//1333 1232//1232 2989//2989
f 1330//1330 1254//1254 2990//2990
f 2991//2991 2992//2992 2993//2993
f 2993//2993 2994//2994 2995//2995
f 2996//2996 2997//2997 2998//2998
f 2998//2998 2997//2997 2999//2999
f 3000//3000 3001//3001 3002//3002
f 3003//3003 3004//3004 3005//3005
f 3006//3006 3007//3007 3008//3008
f 3009//3009 3010//3010 3011//3011
f 2385//2385 2387//2387 3012//3012
f 2512//2512 2511//2511 3013//3013
f 3014//3014 2927//2927 2926//2926
f 3015//3015 3014//3014 3016//3016
f 3016//3016 3014//3014 2926//2926
f 3016//3016 2926//2926 2933//2933
f 3015//3015 3017//3017 3014//3014
f 3014//3014 3017//3017 3018//3018
f 3014//3014 3018//3018 3019//3019
f 2512//2512 3013//3013 2485//2485
f 2418//2418 2421//2421 3020//3020
f 3020//3020 2421//2421 2485//2485
f 2389//2389 2454//2454 2387//2387
f 2387//2387 2454//2454 2453//2453
f 2387//2387 2453//2453 3012//3012
f 3012//3012 2453//2453 2452//2452
f 3012//3012 2452//2452 2451//2451
f 3021//3021 2450//2450 2449//2449
f 2449//2449 2448//2448 3021//3021
f 3021//3021 2448//2448 2447//2447
f 3021//3021 2447//2447 2427//2427
f 2385//2385 3012//3012 2399//2399
f 2399//2399 3012//3012 3022//3022
f 2399//2399 3022//3022 2397//2397
f 3023//3023 3024//3024 3022//3022
f 3023//3023 3022//3022 3025//3025
f 3024//3024 3026//3026 3022//3022
f 3022//3022 3026//3026 3027//3027
f 3022//3022 3027//3027 2397//2397
f 2397//2397 3027//3027 3028//3028
f 2397//2397 3028//3028 2395//2395
f 2395//2395 3028//3028 2978//2978
f 3029//3029 3030//3030 3031//3031
f 3005//3005 3004//3004 3032//3032
f 3004//3004 3033//3033 3032//3032
f 3032//3032 3033//3033 3034//3034
f 3032//3032 3034//3034 3008//3008
f 3008//3008 3034//3034 3035//3035
f 3008//3008 3035//3035 3006//3006
f 3036//3036 3037//3037 3038//3038
f 3002//3002 3001//3001 3036//3036
f 3036//3036 3001//3001 3039//3039
f 3036//3036 3039//3039 3037//3037
f 3000//3000 3002//3002 3040//3040
f 3040//3040 3002//3002 3041//3041
f 3040//3040 3041//3041 3042//3042
f 3043//3043 3044//3044 3045//3045
f 3045//3045 3046//3046 3043//3043
f 3043//3043 3046//3046 3047//3047
f 3043//3043 3047//3047 3041//3041
f 3041//3041 3047//3047 3048//3048
f 3041//3041 3048//3048 3042//3042
f 3049//3049 3050//3050 3051//3051
f 3019//3019 3052//3052 3014//3014
f 3014//3014 3052//3052 3053//3053
f 3014//3014 3053//3053 3054//3054
f 3054//3054 3053//3053 3055//3055
f 3054//3054 3055//3055 3051//3051
f 3051//3051 3055//3055 3056//3056
f 3051//3051 3056//3056 3049//3049
f 3050//3050 3057//3057 3051//3051
f 3051//3051 3057//3057 3058//3058
f 3051//3051 3058//3058 3044//3044
f 3044//3044 3058//3058 3059//3059
f 3044//3044 3059//3059 3045//3045
f 3030//3030 3025//3025 3031//3031
f 3031//3031 3025//3025 3022//3022
f 3031//3031 3022//3022 3060//3060
f 3060//3060 3022//3022 3012//3012
f 3060//3060 3012//3012 3021//3021
f 3021//3021 3012//3012 2451//2451
f 3021//3021 2451//2451 2450//2450
f 3061//3061 3062//3062 3063//3063
f 3064//3064 3065//3065 3066//3066
f 3066//3066 3065//3065 3067//3067
f 3066//3066 3067//3067 3011//3011
f 3011//3011 3067//3067 3008//3008
f 3011//3011 3008//3008 3009//3009
f 3009//3009 3008//3008 3007//3007
f 3010//3010 3029//3029 3011//3011
f 3011//3011 3029//3029 3031//3031
f 3011//3011 3031//3031 3066//3066
f 3066//3066 3031//3031 3060//3060
f 3066//3066 3060//3060 3064//3064
f 3064//3064 3060//3060 3021//3021
f 3064//3064 3021//3021 3020//3020
f 3020//3020 3021//3021 2427//2427
f 3020//3020 2427//2427 2418//2418
f 3068//3068 3069//3069 3070//3070
f 2995//2995 2994//2994 3071//3071
f 3071//3071 2994//2994 3072//3072
f 3071//3071 3072//3072 3073//3073
f 3073//3073 3072//3072 3074//3074
f 3073//3073 3074//3074 3075//3075
f 3075//3075 3074//3074 3076//3076
f 3075//3075 3076//3076 3077//3077
f 3077//3077 3076//3076 3078//3078
f 3077//3077 3078//3078 3079//3079
f 3079//3079 3078//3078 3080//3080
f 3079//3079 3080//3080 3081//3081
f 3062//3062 2999//2999 3063//3063
f 3063//3063 2999//2999 2997//2997
f 3063//3063 2997//2997 3082//3082
f 3082//3082 2997//2997 2996//2996
f 3082//3082 2996//2996 3083//3083
f 3076//3076 3084//3084 3078//3078
f 3078//3078 3084//3084 3083//3083
f 3078//3078 3083//3083 3080//3080
f 3080//3080 3083//3083 2996//2996
f 3080//3080 2996//2996 3081//3081
f 3081//3081 2996//2996 2998//2998
f 3065//3065 3061//3061 3067//3067
f 3067//3067 3061//3061 3063//3063
f 3067//3067 3063//3063 3008//3008
f 3008//3008 3063//3063 3082//3082
f 3008//3008 3082//3082 3032//3032
f 3032//3032 3082//3082 3083//3083
f 3032//3032 3083//3083 3005//3005
f 3005//3005 3083//3083 3084//3084
f 2992//2992 3054//3054 2993//2993
f 2993//2993 3054//3054 3051//3051
f 2993//2993 3051//3051 2994//2994
f 2994//2994 3051//3051 3044//3044
f 2994//2994 3044//3044 3072//3072
f 3072//3072 3044//3044 3043//3043
f 3072//3072 3043//3043 3074//3074
f 3074//3074 3043//3043 3041//3041
f 3074//3074 3041//3041 3076//3076
f 3076//3076 3041//3041 3002//3002
f 3076//3076 3002//3002 3084//3084
f 3084//3084 3002//3002 3036//3036
f 3084//3084 3036//3036 3005//3005
f 3005//3005 3036//3036 3038//3038
f 3005//3005 3038//3038 3003//3003
f 2485//2485 3013//3013 3020//3020
f 3020//3020 3013//3013 3085//3085
f 3020//3020 3085//3085 3064//3064
f 3064//3064 3085//3085 3086//3086
f 3064//3064 3086//3086 3065//3065
f 3065//3065 3086//3086 3087//3087
f 3065//3065 3087//3087 3061//3061
f 3061//3061 3087//3087 3088//3088
f 3061//3061 3088//3088 3062//3062
f 3062//3062 3088//3088 3089//3089
f 3062//3062 3089//3089 2999//2999
f 2999//2999 3089//3089 3090//3090
f 2999//2999 3090//3090 2998//2998
f 2998//2998 3090//3090 3091//3091
f 2998//2998 3091//3091 3081//3081
f 3081//3081 3091//3091 3092//3092
f 3081//3081 3092//3092 3079//3079
f 3079//3079 3092//3092 3093//3093
f 3079//3079 3093//3093 3077//3077
f 3077//3077 3093//3093 3094//3094
f 3077//3077 3094//3094 3075//3075
f 3075//3075 3094//3094 3095//3095
f 3075//3075 3095//3095 3073//3073
f 3073//3073 3095//3095 3096//3096
f 3073//3073 3096//3096 3071//3071
f 3071//3071 3096//3096 3070//3070
f 3071//3071 3070//3070 2995//2995
f 2995//2995 3070//3070 3069//3069
f 2995//2995 3069//3069 2993//2993
f 2993//2993 3069//3069 3068//3068
f 2993//2993 3068//3068 2991//2991
f 3097//3097 2990//2990 2989//2989
f 2989//2989 2990//2990 1254//1254
f 2989//2989 1254//1254 1333//1333
f 3098//3098 3099//3099 3100//3100
f 3101//3101 3102//3102 3097//3097
f 3097//3097 3102//3102 3103//3103
f 3097//3097 3103//3103 2990//2990
f 2990//2990 3103//3103 3104//3104
f 2990//2990 3104//3104 1330//1330
f 3101//3101 3097//3097 3105//3105
f 3105//3105 3097//3097 2989//2989
f 3105//3105 2989//2989 3106//3106
f 3106//3106 2989//2989 1232//1232
f 3106//3106 1232//1232 1240//1240
f 1259//1259 3107//3107 1257//1257
f 1257//1257 3107//3107 3106//3106
f 1257//1257 3106//3106 1242//1242
f 1242//1242 3106//3106 1240//1240
f 3108//3108 1259//1259 1283//1283
f 3109//3109 1238//1238 3110//3110
f 3110//3110 1238//1238 1236//1236
f 3110//3110 1236//1236 1234//1234
f 1259//1259 3108//3108 3107//3107
f 3107//3107 3108//3108 3111//3111
f 3107//3107 3111//3111 3106//3106
f 3106//3106 3111//3111 3112//3112
f 3106//3106 3112//3112 3105//3105
f 3105//3105 3112//3112 3113//3113
f 3105//3105 3113//3113 3101//3101
f 3110//3110 3114//3114 3109//3109
f 3109//3109 3114//3114 3115//3115
f 3109//3109 3115//3115 3116//3116
f 3116//3116 3115//3115 3117//3117
f 3114//3114 3118//3118 3115//3115
f 3115//3115 3118//3118 3119//3119
f 3115//3115 3119//3119 3117//3117
f 3117//3117 3119//3119 3120//3120
f 3117//3117 3120//3120 3121//3121
f 1312//1312 1271//1271 3122//3122
f 3122//3122 1271//1271 1273//1273
f 3122//3122 1273//1273 3123//3123
f 1317//1317 1319//1319 2987//2987
f 2987//2987 1319//1319 3124//3124
f 2987//2987 3124//3124 2985//2985
f 2491//2491 2988//2988 2493//2493
f 1273//1273 1275//1275 3123//3123
f 3123//3123 1275//1275 1277//1277
f 3123//3123 1277//1277 3125//3125
f 3125//3125 1277//1277 1280//1280
f 3125//3125 1280//1280 3126//3126
f 1280//1280 1282//1282 3126//3126
f 3126//3126 1282//1282 1324//1324
f 3126//3126 1324//1324 3127//3127
f 3127//3127 1324//1324 1326//1326
f 3127//3127 1326//1326 1328//1328
f 3102//3102 3098//3098 3103//3103
f 3103//3103 3098//3098 3100//3100
f 3103//3103 3100//3100 3104//3104
f 3104//3104 3100//3100 3128//3128
f 3104//3104 3128//3128 3129//3129
f 3129//3129 3128//3128 3130//3130
f 3129//3129 3130//3130 3131//3131
f 3131//3131 3130//3130 3132//3132
f 3131//3131 3132//3132 3133//3133
f 3133//3133 3132//3132 3134//3134
f 3133//3133 3134//3134 3135//3135
f 3135//3135 3134//3134 3136//3136
f 3135//3135 3136//3136 3137//3137
f 3137//3137 3122//3122 3135//3135
f 3135//3135 3122//3122 3123//3123
f 3135//3135 3123//3123 3133//3133
f 3133//3133 3123//3123 3125//3125
f 3133//3133 3125//3125 3131//3131
f 3131//3131 3125//3125 3126//3126
f 3131//3131 3126//3126 3129//3129
f 3129//3129 3126//3126 3127//3127
f 3129//3129 3127//3127 3104//3104
f 3104//3104 3127//3127 1328//1328
f 3104//3104 1328//1328 1330//1330
f 2510//2510 2490//2490 3138//3138
f 3138//3138 2490//2490 3139//3139
f 3138//3138 3139//3139 3140//3140
f 2490//2490 2489//2489 3139//3139
f 3139//3139 2489//2489 2487//2487
f 3139//3139 2487//2487 3141//3141
f 3141//3141 2487//2487 2486//2486
f 3141//3141 2486//2486 2988//2988
f 2988//2988 2486//2486 2494//2494
f 2988//2988 2494//2494 2493//2493
f 1315//1315 1317//1317 2988//2988
f 2988//2988 1317//1317 2987//2987
f 2988//2988 2987//2987 3141//3141
f 3141//3141 2987//2987 2986//2986
f 3141//3141 2986//2986 3139//3139
f 3139//3139 2986//2986 2982//2982
f 3139//3139 2982//2982 3140//3140
f 3140//3140 2982//2982 2984//2984
f 2979//2979 2981//2981 3142//3142
f 3142//3142 2981//2981 3143//3143
f 3142//3142 3143//3143 3144//3144
f 3144//3144 3143//3143 3145//3145
f 3144//3144 3145//3145 3146//3146
f 2983//2983 2980//2980 2984//2984
f 2984//2984 2980//2980 2979//2979
f 2984//2984 2979//2979 3147//3147
f 3147//3147 2979//2979 3142//3142
f 3147//3147 3142//3142 3148//3148
f 3148//3148 3142//3142 3144//3144
f 3149//3149 3150//3150 3146//3146
f 3146//3146 3150//3150 3151//3151
f 3146//3146 3151//3151 3144//3144
f 3144//3144 3151//3151 3152//3152
f 3144//3144 3152//3152 3148//3148
f 1319//1319 1310//1310 3124//3124
f 3124//3124 1310//1310 1312//1312
f 3124//3124 1312//1312 2985//2985
f 2985//2985 1312//1312 3122//3122
f 2985//2985 3122//3122 2986//2986
f 2986//2986 3122//3122 3137//3137
f 2986//2986 3137//3137 2982//2982
f 2982//2982 3137//3137 3136//3136
f 2982//2982 3136//3136 2983//2983
f 2983//2983 3136//3136 3134//3134
f 2983//2983 3134//3134 2980//2980
f 2980//2980 3134//3134 3132//3132
f 2980//2980 3132//3132 2981//2981
f 2981//2981 3132//3132 3130//3130
f 2981//2981 3130//3130 3143//3143
f 3143//3143 3130//3130 3128//3128
f 3143//3143 3128//3128 3145//3145
f 3145//3145 3128//3128 3100//3100
f 3145//3145 3100//3100 3146//3146
f 3146//3146 3100//3100 3099//3099
f 3146//3146 3099//3099 3149//3149
f 3120//3120 3153//3153 3121//3121
f 3121//3121 3153//3153 3154//3154
f 3121//3121 3154//3154 3070//3070
f 3070//3070 3154//3154 3155//3155
f 3070//3070 3155//3155 3068//3068
f 2511//2511 2510//2510 3013//3013
f 3013//3013 2510//2510 3138//3138
f 3013//3013 3138//3138 3085//3085
f 3085//3085 3138//3138 3140//3140
f 3085//3085 3140//3140 3086//3086
f 3086//3086 3140//3140 2984//2984
f 3086//3086 2984//2984 3087//3087
f 3087//3087 2984//2984 3147//3147
f 3087//3087 3147//3147 3088//3088
f 3088//3088 3147//3147 3148//3148
f 3088//3088 3148//3148 3089//3089
f 3089//3089 3148//3148 3152//3152
f 3089//3089 3152//3152 3090//3090
f 3090//3090 3152//3152 3151//3151
f 3090//3090 3151//3151 3091//3091
f 3091//3091 3151//3151 3150//3150
f 3091//3091 3150//3150 3092//3092
f 3092//3092 3150//3150 3149//3149
f 3092//3092 3149//3149 3093//3093
f 3093//3093 3149//3149 3099//3099
f 3093//3093 3099//3099 3094//3094
f 3094//3094 3099//3099 3098//3098
f 3094//3094 3098//3098 3095//3095
f 3095//3095 3098//3098 3102//3102
f 3095//3095 3102//3102 3096//3096
f 3096//3096 3102//3102 3101//3101
f 3096//3096 3101//3101 3070//3070
f 3070//3070 3101//3101 3113//3113
f 3070//3070 3113//3113 3121//3121
f 3121//3121 3113//3113 3112//3112
f 3121//3121 3112//3112 3117//3117
f 3117//3117 3112//3112 3111//3111
f 3117//3117 3111//3111 3116//3116
f 3116//3116 3111//3111 3108//3108
f 3116//3116 3108//3108 3109//3109
f 3109//3109 3108//3108 1283//1283
f 3109//3109 1283//1283 1238//1238
f 3156//3156 3157//3157 3016//3016
f 3016//3016 3157//3157 3158//3158
f 3016//3016 3158//3158 3015//3015
f 3158//3158 3159//3159 3015//3015
f 3015//3015 3159//3159 3160//3160
f 3015//3015 3160//3160 3161//3161
f 3019//3019 3018//3018 3161//3161
f 3161//3161 3018//3018 3017//3017
f 3161//3161 3017//3017 3015//3015
f 3019//3019 3161//3161 3052//3052
f 3052//3052 3161//3161 3162//3162
f 3052//3052 3162//3162 3053//3053
f 3163//3163 3056//3056 3055//3055
f 3057//3057 3050//3050 3163//3163
f 3163//3163 3050//3050 3049//3049
f 3163//3163 3049//3049 3056//3056
f 3057//3057 3163//3163 3058//3058
f 3058//3058 3163//3163 3164//3164
f 3058//3058 3164//3164 3059//3059
f 3165//3165 3166//3166 3162//3162
f 3162//3162 3166//3166 3163//3163
f 3162//3162 3163//3163 3053//3053
f 3053//3053 3163//3163 3055//3055
f 3167//3167 3164//3164 3168//3168
f 3168//3168 3164//3164 3163//3163
f 3168//3168 3163//3163 3169//3169
f 3169//3169 3163//3163 3166//3166
f 3160//3160 3170//3170 3161//3161
f 3161//3161 3170//3170 3171//3171
f 3161//3161 3171//3171 3162//3162
f 3162//3162 3171//3171 3172//3172
f 3162//3162 3172//3172 3165//3165
f 3173//3173 3174//3174 3175//3175
f 3175//3175 3174//3174 3176//3176
f 3176//3176 3174//3174 3177//3177
f 3177//3177 3174//3174 3178//3178
f 3177//3177 3178//3178 3179//3179
f 3179//3179 3178//3178 3180//3180
f 3179//3179 3180//3180 3181//3181
f 3181//3181 3180//3180 3182//3182
f 3181//3181 3182//3182 3183//3183
f 3182//3182 3184//3184 3183//3183
f 3183//3183 3184//3184 3185//3185
f 3183//3183 3185//3185 3186//3186
f 3186//3186 3185//3185 3187//3187
f 3186//3186 3187//3187 3188//3188
f 3188//3188 3187//3187 3189//3189
f 3189//3189 3187//3187 3190//3190
f 3189//3189 3190//3190 3191//3191
f 3191//3191 3190//3190 3192//3192
f 3191//3191 3192//3192 3193//3193
f 3193//3193 3192//3192 3194//3194
f 3193//3193 3194//3194 3195//3195
f 3195//3195 3194//3194 3196//3196
f 3195//3195 3196//3196 3197//3197
f 3196//3196 3198//3198 3197//3197
f 3197//3197 3198//3198 3199//3199
f 3197//3197 3199//3199 3200//3200
f 3200//3200 3199//3199 3201//3201
f 3200//3200 3201//3201 3202//3202
f 3202//3202 3201//3201 3203//3203
f 3202//3202 3203//3203 3204//3204
f 3204//3204 3203//3203 3205//3205
f 3204//3204 3205//3205 3206//3206
f 3206//3206 3205//3205 3207//3207
f 3206//3206 3207//3207 3208//3208
f 3208//3208 3207//3207 3209//3209
f 3208//3208 3209//3209 3210//3210
f 3210//3210 3209//3209 3211//3211
f 3210//3210 3211//3211 3212//3212
f 3212//3212 3211//3211 3213//3213
f 3212//3212 3213//3213 3214//3214
f 3214//3214 3213//3213 3215//3215
f 3214//3214 3215//3215 3216//3216
f 3216//3216 3215//3215 3217//3217
f 3216//3216 3217//3217 3218//3218
f 3218//3218 3217//3217 3219//3219
f 3219//3219 3217//3217 3220//3220
f 3219//3219 3220//3220 3221//3221
f 3221//3221 3220//3220 3222//3222
f 3221//3221 3222//3222 3223//3223
f 3223//3223 3222//3222 3224//3224
f 3223//3223 3224//3224 3225//3225
f 3225//3225 3224//3224 3226//3226
f 3225//3225 3226//3226 3227//3227
f 3226//3226 3228//3228 3227//3227
f 3227//3227 3228//3228 3229//3229
f 3227//3227 3229//3229 3230//3230
f 3230//3230 3229//3229 3231//3231
f 3232//3232 3233//3233 3234//3234
f 3234//3234 3233//3233 3235//3235
f 3234//3234 3235//3235 3236//3236
f 3236//3236 3235//3235 3237//3237
f 3236//3236 3237//3237 3231//3231
f 3231//3231 3237//3237 3238//3238
f 3231//3231 3238//3238 3230//3230
f 3232//3232 3239//3239 3233//3233
f 3233//3233 3239//3239 3240//3240
f 3233//3233 3240//3240 3241//3241
f 3242//3242 3243//3243 3244//3244
f 3244//3244 3243//3243 3245//3245
f 3245//3245 3243//3243 3246//3246
f 3246//3246 3243//3243 3247//3247
f 3246//3246 3247//3247 3248//3248
f 3248//3248 3247//3247 3249//3249
f 3248//3248 3249//3249 3250//3250
f 3250//3250 3249//3249 3251//3251
f 3250//3250 3251//3251 3252//3252
f 3252//3252 3251//3251 3253//3253
f 3252//3252 3253//3253 3254//3254
f 3254//3254 3253//3253 3255//3255
f 3254//3254 3255//3255 3256//3256
f 3242//3242 3244//3244 3257//3257
f 3257//3257 3244//3244 3258//3258
f 3257//3257 3258//3258 3259//3259
f 3259//3259 3258//3258 3260//3260
f 3259//3259 3260//3260 3261//3261
f 3261//3261 3260//3260 3262//3262
f 3261//3261 3262//3262 3263//3263
f 3263//3263 3262//3262 3264//3264
f 3263//3263 3264//3264 3265//3265
f 3264//3264 3266//3266 3265//3265
f 3265//3265 3266//3266 3267//3267
f 3265//3265 3267//3267 3268//3268
f 3268//3268 3267//3267 3269//3269
f 3268//3268 3269//3269 3270//3270
f 3270//3270 3269//3269 3271//3271
f 3270//3270 3271//3271 3272//3272
f 3272//3272 3271//3271 3273//3273
f 3273//3273 3271//3271 3274//3274
f 3273//3273 3274//3274 3275//3275
f 3275//3275 3274//3274 3276//3276
f 3275//3275 3276//3276 3277//3277
f 3277//3277 3276//3276 3278//3278
f 3277//3277 3278//3278 3279//3279
f 3279//3279 3278//3278 3280//3280
f 3279//3279 3280//3280 3281//3281
f 3280//3280 3282//3282 3281//3281
f 3281//3281 3282//3282 3283//3283
f 3281//3281 3283//3283 3284//3284
f 3284//3284 3283//3283 3285//3285
f 3284//3284 3285//3285 3286//3286
f 3286//3286 3285//3285 3287//3287
f 3287//3287 3285//3285 3288//3288
f 3287//3287 3288//3288 3289//3289
f 3289//3289 3288//3288 3290//3290
f 3289//3289 3290//3290 3291//3291
f 3291//3291 3290//3290 3292//3292
f 3291//3291 3292//3292 3293//3293
f 3293//3293 3292//3292 3294//3294
f 3293//3293 3294//3294 3295//3295
f 3296//3296 3241//3241 3240//3240
f 3294//3294 3297//3297 3295//3295
f 3295//3295 3297//3297 3298//3298
f 3295//3295 3298//3298 3299//3299
f 3299//3299 3298//3298 3300//3300
f 3299//3299 3300//3300 3301//3301
f 3301//3301 3300//3300 3302//3302
f 3301//3301 3302//3302 3303//3303
f 3303//3303 3302//3302 3304//3304
f 3303//3303 3304//3304 3305//3305
f 3305//3305 3304//3304 3306//3306
f 3305//3305 3306//3306 3307//3307
f 3307//3307 3306//3306 3296//3296
f 3307//3307 3296//3296 3308//3308
f 3308//3308 3296//3296 3240//3240
f 3308//3308 3240//3240 3239//3239
f 3309//3309 3310//3310 3311//3311
f 3311//3311 3310//3310 3312//3312
f 3312//3312 3310//3310 3313//3313
f 3312//3312 3313//3313 3314//3314
f 3314//3314 3313//3313 3315//3315
f 3314//3314 3315//3315 3316//3316
f 3316//3316 3315//3315 3317//3317
f 3316//3316 3317//3317 3318//3318
f 3318//3318 3317//3317 3319//3319
f 3318//3318 3319//3319 3320//3320
f 3320//3320 3319//3319 3321//3321
f 3320//3320 3321//3321 3322//3322
f 3309//3309 3311//3311 3323//3323
f 3323//3323 3311//3311 3324//3324
f 3323//3323 3324//3324 3325//3325
f 3325//3325 3324//3324 3326//3326
f 3325//3325 3326//3326 3327//3327
f 3327//3327 3326//3326 3328//3328
f 3327//3327 3328//3328 3329//3329
f 3329//3329 3328//3328 3330//3330
f 3329//3329 3330//3330 3331//3331
f 3330//3330 3332//3332 3331//3331
f 3331//3331 3332//3332 3333//3333
f 3331//3331 3333//3333 3334//3334
f 3334//3334 3333//3333 3335//3335
f 3334//3334 3335//3335 3336//3336
f 3336//3336 3335//3335 3337//3337
f 3336//3336 3337//3337 3338//3338
f 3338//3338 3337//3337 3339//3339
f 3339//3339 3337//3337 3340//3340
f 3339//3339 3340//3340 3341//3341
f 3341//3341 3340//3340 3342//3342
f 3341//3341 3342//3342 3343//3343
f 3343//3343 3342//3342 3344//3344
f 3343//3343 3344//3344 3345//3345
f 3345//3345 3344//3344 3346//3346
f 3345//3345 3346//3346 3347//3347
f 3348//3348 3349//3349 3350//3350
f 3350//3350 3349//3349 3347//3347
f 3350//3350 3347//3347 3351//3351
f 3351//3351 3347//3347 3346//3346
f 3352//3352 3353//3353 3354//3354
f 3354//3354 3353//3353 3355//3355
f 3352//3352 3354//3354 3356//3356
f 3356//3356 3354//3354 3357//3357
f 3356//3356 3357//3357 3358//3358
f 3358//3358 3357//3357 3359//3359
f 3358//3358 3359//3359 3360//3360
f 3360//3360 3359//3359 3361//3361
f 3360//3360 3361//3361 3362//3362
f 3362//3362 3361//3361 3363//3363
f 3362//3362 3363//3363 3364//3364
f 3364//3364 3363//3363 3365//3365
f 3364//3364 3365//3365 3348//3348
f 3348//3348 3365//3365 3366//3366
f 3348//3348 3366//3366 3349//3349
f 3355//3355 3353//3353 3367//3367
f 3367//3367 3353//3353 3368//3368
f 3367//3367 3368//3368 3369//3369
f 3369//3369 3368//3368 3370//3370
f 3369//3369 3370//3370 3371//3371
f 3371//3371 3370//3370 3372//3372
f 3371//3371 3372//3372 3373//3373
f 3373//3373 3372//3372 3374//3374
f 3373//3373 3374//3374 3375//3375
f 3375//3375 3374//3374 3376//3376
f 3375//3375 3376//3376 3377//3377
f 3377//3377 3255//3255 3375//3375
f 3375//3375 3255//3255 3253//3253
f 3375//3375 3253//3253 3373//3373
f 3373//3373 3253//3253 3251//3251
f 3373//3373 3251//3251 3371//3371
f 3371//3371 3251//3251 3249//3249
f 3371//3371 3249//3249 3369//3369
f 3369//3369 3249//3249 3247//3247
f 3369//3369 3247//3247 3367//3367
f 3367//3367 3247//3247 3243//3243
f 3367//3367 3243//3243 3355//3355
f 3355//3355 3243//3243 3242//3242
f 3355//3355 3242//3242 3354//3354
f 3354//3354 3242//3242 3257//3257
f 3354//3354 3257//3257 3357//3357
f 3357//3357 3257//3257 3259//3259
f 3357//3357 3259//3259 3359//3359
f 3359//3359 3259//3259 3261//3261
f 3359//3359 3261//3261 3361//3361
f 3361//3361 3261//3261 3263//3263
f 3361//3361 3263//3263 3363//3363
f 3363//3363 3263//3263 3365//3365
f 3365//3365 3263//3263 3265//3265
f 3365//3365 3265//3265 3268//3268
f 3341//3341 3343//3343 3277//3277
f 3277//3277 3343//3343 3275//3275
f 3347//3347 3272//3272 3273//3273
f 3338//3338 3339//3339 3281//3281
f 3272//3272 3347//3347 3270//3270
f 3270//3270 3347//3347 3349//3349
f 3270//3270 3349//3349 3268//3268
f 3268//3268 3349//3349 3366//3366
f 3268//3268 3366//3366 3365//3365
f 3341//3341 3277//3277 3339//3339
f 3339//3339 3277//3277 3279//3279
f 3339//3339 3279//3279 3281//3281
f 3378//3378 3379//3379 3231//3231
f 3231//3231 3379//3379 3380//3380
f 3231//3231 3380//3380 3236//3236
f 3236//3236 3380//3380 3381//3381
f 3236//3236 3381//3381 3234//3234
f 3234//3234 3381//3381 3382//3382
f 3234//3234 3382//3382 3232//3232
f 3232//3232 3382//3382 3383//3383
f 3232//3232 3383//3383 3239//3239
f 3239//3239 3383//3383 3321//3321
f 3239//3239 3321//3321 3308//3308
f 3308//3308 3321//3321 3319//3319
f 3308//3308 3319//3319 3307//3307
f 3307//3307 3319//3319 3317//3317
f 3307//3307 3317//3317 3305//3305
f 3305//3305 3317//3317 3315//3315
f 3305//3305 3315//3315 3303//3303
f 3303//3303 3315//3315 3313//3313
f 3303//3303 3313//3313 3301//3301
f 3301//3301 3313//3313 3310//3310
f 3301//3301 3310//3310 3299//3299
f 3231//3231 3229//3229 3378//3378
f 3378//3378 3229//3229 3228//3228
f 3378//3378 3228//3228 3384//3384
f 3384//3384 3228//3228 3226//3226
f 3384//3384 3226//3226 3385//3385
f 3385//3385 3226//3226 3224//3224
f 3385//3385 3224//3224 3386//3386
f 3386//3386 3224//3224 3222//3222
f 3386//3386 3222//3222 3387//3387
f 3387//3387 3222//3222 3220//3220
f 3387//3387 3220//3220 3388//3388
f 3388//3388 3220//3220 3217//3217
f 3388//3388 3217//3217 3389//3389
f 3389//3389 3217//3217 3215//3215
f 3389//3389 3215//3215 3390//3390
f 3390//3390 3215//3215 3391//3391
f 3275//3275 3343//3343 3273//3273
f 3273//3273 3343//3343 3345//3345
f 3273//3273 3345//3345 3347//3347
f 3334//3334 3287//3287 3331//3331
f 3331//3331 3287//3287 3289//3289
f 3331//3331 3289//3289 3329//3329
f 3329//3329 3289//3289 3291//3291
f 3329//3329 3291//3291 3327//3327
f 3327//3327 3291//3291 3293//3293
f 3327//3327 3293//3293 3325//3325
f 3325//3325 3293//3293 3295//3295
f 3325//3325 3295//3295 3323//3323
f 3323//3323 3295//3295 3299//3299
f 3323//3323 3299//3299 3309//3309
f 3309//3309 3299//3299 3310//3310
f 3215//3215 3213//3213 3391//3391
f 3391//3391 3213//3213 3211//3211
f 3391//3391 3211//3211 3392//3392
f 3392//3392 3211//3211 3209//3209
f 3392//3392 3209//3209 3393//3393
f 3393//3393 3209//3209 3207//3207
f 3393//3393 3207//3207 3394//3394
f 3394//3394 3207//3207 3205//3205
f 3394//3394 3205//3205 3395//3395
f 3395//3395 3205//3205 3203//3203
f 3395//3395 3203//3203 3396//3396
f 3396//3396 3203//3203 3201//3201
f 3396//3396 3201//3201 3397//3397
f 3397//3397 3201//3201 3398//3398
f 3173//3173 3399//3399 3174//3174
f 3174//3174 3399//3399 3400//3400
f 3174//3174 3400//3400 3178//3178
f 3178//3178 3400//3400 3401//3401
f 3178//3178 3401//3401 3180//3180
f 3180//3180 3401//3401 3402//3402
f 3180//3180 3402//3402 3182//3182
f 3182//3182 3402//3402 3403//3403
f 3182//3182 3403//3403 3184//3184
f 3184//3184 3403//3403 3404//3404
f 3184//3184 3404//3404 3185//3185
f 3185//3185 3404//3404 3405//3405
f 3185//3185 3405//3405 3187//3187
f 3187//3187 3405//3405 3406//3406
f 3187//3187 3406//3406 3190//3190
f 3190//3190 3406//3406 3407//3407
f 3190//3190 3407//3407 3192//3192
f 3192//3192 3407//3407 3408//3408
f 3192//3192 3408//3408 3194//3194
f 3194//3194 3408//3408 3409//3409
f 3194//3194 3409//3409 3196//3196
f 3196//3196 3409//3409 3410//3410
f 3196//3196 3410//3410 3198//3198
f 3198//3198 3410//3410 3398//3398
f 3198//3198 3398//3398 3199//3199
f 3199//3199 3398//3398 3201//3201
f 3338//3338 3281//3281 3336//3336
f 3336//3336 3281//3281 3284//3284
f 3336//3336 3284//3284 3334//3334
f 3334//3334 3284//3284 3286//3286
f 3334//3334 3286//3286 3287//3287
f 3411//3411 3412//3412 3404//3404
f 3322//3322 3321//3321 3413//3413
f 3413//3413 3321//3321 3383//3383
f 3413//3413 3383//3383 3414//3414
f 3414//3414 3383//3383 3382//3382
f 3414//3414 3382//3382 3415//3415
f 3415//3415 3382//3382 3381//3381
f 3415//3415 3381//3381 3416//3416
f 3381//3381 3380//3380 3416//3416
f 3416//3416 3380//3380 3379//3379
f 3416//3416 3379//3379 3417//3417
f 3417//3417 3379//3379 3378//3378
f 3417//3417 3378//3378 3418//3418
f 3418//3418 3378//3378 3384//3384
f 3418//3418 3384//3384 3419//3419
f 3419//3419 3384//3384 3420//3420
f 3420//3420 3384//3384 3385//3385
f 3420//3420 3385//3385 3421//3421
f 3421//3421 3385//3385 3386//3386
f 3421//3421 3386//3386 3422//3422
f 3422//3422 3386//3386 3387//3387
f 3422//3422 3387//3387 3423//3423
f 3423//3423 3387//3387 3388//3388
f 3423//3423 3388//3388 3424//3424
f 3388//3388 3389//3389 3424//3424
f 3424//3424 3389//3389 3390//3390
f 3424//3424 3390//3390 3425//3425
f 3425//3425 3390//3390 3391//3391
f 3425//3425 3391//3391 3426//3426
f 3426//3426 3391//3391 3427//3427
f 3427//3427 3391//3391 3392//3392
f 3427//3427 3392//3392 3428//3428
f 3428//3428 3392//3392 3393//3393
f 3428//3428 3393//3393 3429//3429
f 3429//3429 3393//3393 3394//3394
f 3429//3429 3394//3394 3430//3430
f 3430//3430 3394//3394 3395//3395
f 3430//3430 3395//3395 3431//3431
f 3395//3395 3396//3396 3431//3431
f 3431//3431 3396//3396 3397//3397
f 3431//3431 3397//3397 3432//3432
f 3432//3432 3397//3397 3398//3398
f 3432//3432 3398//3398 3433//3433
f 3433//3433 3398//3398 3434//3434
f 3434//3434 3398//3398 3410//3410
f 3434//3434 3410//3410 3435//3435
f 3435//3435 3410//3410 3409//3409
f 3435//3435 3409//3409 3436//3436
f 3436//3436 3409//3409 3408//3408
f 3436//3436 3408//3408 3437//3437
f 3437//3437 3408//3408 3407//3407
f 3437//3437 3407//3407 3438//3438
f 3438//3438 3407//3407 3406//3406
f 3438//3438 3406//3406 3412//3412
f 3412//3412 3406//3406 3405//3405
f 3412//3412 3405//3405 3404//3404
f 3411//3411 3404//3404 3439//3439
f 3439//3439 3404//3404 3403//3403
f 3439//3439 3403//3403 3440//3440
f 3440//3440 3403//3403 3441//3441
f 3441//3441 3403//3403 3402//3402
f 3441//3441 3402//3402 3442//3442
f 3402//3402 3401//3401 3442//3442
f 3442//3442 3401//3401 3400//3400
f 3442//3442 3400//3400 3443//3443
f 3443//3443 3400//3400 3399//3399
f 3443//3443 3399//3399 3444//3444
f 3444//3444 1262//1262 3443//3443
f 3443//3443 1262//1262 3445//3445
f 3443//3443 3445//3445 3442//3442
f 3442//3442 3445//3445 3446//3446
f 3442//3442 3446//3446 3441//3441
f 3447//3447 3353//3353 3448//3448
f 3448//3448 3353//3353 3352//3352
f 3448//3448 3352//3352 3449//3449
f 3449//3449 3352//3352 3356//3356
f 3449//3449 3356//3356 3450//3450
f 3450//3450 3356//3356 3358//3358
f 3450//3450 3358//3358 3451//3451
f 1234//1234 3376//3376 3452//3452
f 3452//3452 3376//3376 3374//3374
f 3452//3452 3374//3374 3453//3453
f 3453//3453 3374//3374 3372//3372
f 3453//3453 3372//3372 3454//3454
f 3454//3454 3372//3372 3370//3370
f 3454//3454 3370//3370 3447//3447
f 3447//3447 3370//3370 3368//3368
f 3447//3447 3368//3368 3353//3353
f 3433//3433 3434//3434 3455//3455
f 3358//3358 3360//3360 3451//3451
f 3451//3451 3360//3360 3362//3362
f 3451//3451 3362//3362 3456//3456
f 3456//3456 3362//3362 3364//3364
f 3456//3456 3364//3364 3457//3457
f 3457//3457 3364//3364 3348//3348
f 3457//3457 3348//3348 3458//3458
f 3348//3348 3350//3350 3458//3458
f 3458//3458 3350//3350 3351//3351
f 3458//3458 3351//3351 3459//3459
f 3460//3460 3332//3332 3461//3461
f 3461//3461 3332//3332 3330//3330
f 3461//3461 3330//3330 3462//3462
f 3330//3330 3328//3328 3462//3462
f 3462//3462 3328//3328 3326//3326
f 3462//3462 3326//3326 3463//3463
f 3463//3463 3326//3326 3464//3464
f 3465//3465 3420//3420 3466//3466
f 3466//3466 3420//3420 3421//3421
f 3466//3466 3421//3421 3467//3467
f 3467//3467 3421//3421 3422//3422
f 3467//3467 3422//3422 3468//3468
f 3422//3422 3423//3423 3468//3468
f 3468//3468 3423//3423 3424//3424
f 3468//3468 3424//3424 3469//3469
f 3469//3469 3424//3424 3425//3425
f 3469//3469 3425//3425 3470//3470
f 3455//3455 3434//3434 3471//3471
f 3471//3471 3434//3434 3435//3435
f 3471//3471 3435//3435 3472//3472
f 3472//3472 3435//3435 3436//3436
f 3472//3472 3436//3436 3473//3473
f 3473//3473 3436//3436 3437//3437
f 3473//3473 3437//3437 3474//3474
f 3437//3437 3438//3438 3474//3474
f 3474//3474 3438//3438 3412//3412
f 3474//3474 3412//3412 3475//3475
f 3475//3475 3412//3412 3411//3411
f 3475//3475 3411//3411 3476//3476
f 3476//3476 3411//3411 3439//3439
f 3476//3476 3439//3439 3440//3440
f 3351//3351 3346//3346 3459//3459
f 3459//3459 3346//3346 3344//3344
f 3459//3459 3344//3344 3477//3477
f 3477//3477 3344//3344 3342//3342
f 3477//3477 3342//3342 3478//3478
f 3478//3478 3342//3342 3340//3340
f 3478//3478 3340//3340 3479//3479
f 3479//3479 3340//3340 3337//3337
f 3479//3479 3337//3337 3480//3480
f 3480//3480 3337//3337 3335//3335
f 3480//3480 3335//3335 3460//3460
f 3460//3460 3335//3335 3333//3333
f 3460//3460 3333//3333 3332//3332
f 3481//3481 3413//3413 3482//3482
f 3482//3482 3413//3413 3414//3414
f 3482//3482 3414//3414 3483//3483
f 3483//3483 3414//3414 3415//3415
f 3483//3483 3415//3415 3484//3484
f 3415//3415 3416//3416 3484//3484
f 3484//3484 3416//3416 3417//3417
f 3484//3484 3417//3417 3485//3485
f 3485//3485 3417//3417 3418//3418
f 3485//3485 3418//3418 3465//3465
f 3465//3465 3418//3418 3419//3419
f 3465//3465 3419//3419 3420//3420
f 3425//3425 3426//3426 3470//3470
f 3470//3470 3426//3426 3427//3427
f 3470//3470 3427//3427 3486//3486
f 3486//3486 3427//3427 3428//3428
f 3486//3486 3428//3428 3487//3487
f 3487//3487 3428//3428 3429//3429
f 3487//3487 3429//3429 3488//3488
f 3488//3488 3429//3429 3430//3430
f 3488//3488 3430//3430 3489//3489
f 3489//3489 3430//3430 3431//3431
f 3489//3489 3431//3431 3455//3455
f 3455//3455 3431//3431 3432//3432
f 3455//3455 3432//3432 3433//3433
f 3441//3441 3446//3446 3440//3440
f 3440//3440 3446//3446 3490//3490
f 3440//3440 3490//3490 3476//3476
f 3491//3491 3318//3318 3492//3492
f 3492//3492 3318//3318 3320//3320
f 3492//3492 3320//3320 3481//3481
f 3481//3481 3320//3320 3322//3322
f 3481//3481 3322//3322 3413//3413
f 3326//3326 3324//3324 3464//3464
f 3464//3464 3324//3324 3311//3311
f 3464//3464 3311//3311 3493//3493
f 3311//3311 3312//3312 3493//3493
f 3493//3493 3312//3312 3314//3314
f 3493//3493 3314//3314 3491//3491
f 3491//3491 3314//3314 3316//3316
f 3491//3491 3316//3316 3318//3318
f 3494//3494 3495//3495 3496//3496
f 3496//3496 3495//3495 3497//3497
f 3496//3496 3497//3497 3498//3498
f 3499//3499 3500//3500 3501//3501
f 3501//3501 3500//3500 3502//3502
f 3501//3501 3502//3502 3503//3503
f 3499//3499 3501//3501 3504//3504
f 3504//3504 3501//3501 3505//3505
f 3504//3504 3505//3505 3506//3506
f 3507//3507 3508//3508 3509//3509
f 3509//3509 3508//3508 3510//3510
f 3509//3509 3510//3510 3506//3506
f 3506//3506 3505//3505 3509//3509
f 3509//3509 3505//3505 3511//3511
f 3509//3509 3511//3511 3512//3512
f 3513//3513 3514//3514 3515//3515
f 3515//3515 3514//3514 3516//3516
f 3515//3515 3516//3516 3517//3517
f 3517//3517 3516//3516 3507//3507
f 3517//3517 3507//3507 3518//3518
f 3518//3518 3507//3507 3509//3509
f 3518//3518 3509//3509 3519//3519
f 3519//3519 3509//3509 3512//3512
f 3496//3496 3520//3520 3521//3521
f 3521//3521 3522//3522 3496//3496
f 3496//3496 3522//3522 3501//3501
f 3496//3496 3501//3501 3494//3494
f 3494//3494 3501//3501 3503//3503
f 3522//3522 3523//3523 3501//3501
f 3501//3501 3523//3523 3524//3524
f 3501//3501 3524//3524 3505//3505
f 3505//3505 3524//3524 3525//3525
f 3505//3505 3525//3525 3511//3511
f 3526//3526 3527//3527 3528//3528
f 3526//3526 3528//3528 3529//3529
f 3530//3530 3531//3531 3532//3532
f 3533//3533 3534//3534 3535//3535
f 3536//3536 3537//3537 3538//3538
f 3539//3539 3540//3540 3541//3541
f 3541//3541 3540//3540 3542//3542
f 3541//3541 3542//3542 3543//3543
f 3543//3543 3542//3542 3544//3544
f 3543//3543 3544//3544 2927//2927
f 3539//3539 3541//3541 3545//3545
f 3545//3545 3541//3541 3546//3546
f 3545//3545 3546//3546 3547//3547
f 3548//3548 3549//3549 3550//3550
f 3548//3548 3550//3550 3546//3546
f 3546//3546 3550//3550 3551//3551
f 3546//3546 3551//3551 3547//3547
f 3538//3538 2918//2918 3552//3552
f 3538//3538 3552//3552 3548//3548
f 3548//3548 3552//3552 3553//3553
f 3548//3548 3553//3553 3549//3549
f 3548//3548 3554//3554 3555//3555
f 3548//3548 3555//3555 3538//3538
f 3538//3538 3555//3555 3556//3556
f 3538//3538 3556//3556 3536//3536
f 3546//3546 3557//3557 3558//3558
f 3546//3546 3558//3558 3548//3548
f 3548//3548 3558//3558 3559//3559
f 3548//3548 3559//3559 3554//3554
f 3560//3560 3561//3561 3541//3541
f 3541//3541 3561//3561 3562//3562
f 3541//3541 3562//3562 3546//3546
f 3546//3546 3562//3562 3563//3563
f 3546//3546 3563//3563 3557//3557
f 3560//3560 3541//3541 3564//3564
f 3564//3564 3541//3541 3543//3543
f 3564//3564 3543//3543 3565//3565
f 3537//3537 3566//3566 3538//3538
f 3538//3538 3566//3566 2918//2918
f 2918//2918 3566//3566 2899//2899
f 2899//2899 3566//3566 3567//3567
f 2899//2899 3567//3567 3530//3530
f 3568//3568 3569//3569 3570//3570
f 3570//3570 3569//3569 3571//3571
f 3570//3570 3571//3571 3529//3529
f 3529//3529 3571//3571 2899//2899
f 3529//3529 2899//2899 3526//3526
f 3526//3526 2899//2899 3572//3572
f 3530//3530 3533//3533 2899//2899
f 2899//2899 3533//3533 3535//3535
f 2899//2899 3535//3535 3573//3573
f 3573//3573 3574//3574 2899//2899
f 2899//2899 3574//3574 3575//3575
f 2899//2899 3575//3575 3576//3576
f 3576//3576 3577//3577 2899//2899
f 2899//2899 3577//3577 3578//3578
f 2899//2899 3578//3578 3572//3572
f 3579//3579 3580//3580 3581//3581
f 3582//3582 3583//3583 3584//3584
f 3585//3585 3582//3582 3586//3586
f 3587//3587 3585//3585 3588//3588
f 3589//3589 3590//3590 3591//3591
f 3591//3591 3590//3590 3584//3584
f 3591//3591 3584//3584 3592//3592
f 3592//3592 3584//3584 3583//3583
f 3592//3592 3583//3583 3593//3593
f 3591//3591 3594//3594 3589//3589
f 3589//3589 3594//3594 3595//3595
f 3589//3589 3595//3595 3596//3596
f 3597//3597 3598//3598 3596//3596
f 3596//3596 3598//3598 3599//3599
f 3596//3596 3599//3599 3589//3589
f 3597//3597 3600//3600 3598//3598
f 3598//3598 3600//3600 3601//3601
f 3598//3598 3601//3601 3581//3581
f 3581//3581 3601//3601 3602//3602
f 3581//3581 3602//3602 3579//3579
f 3582//3582 3584//3584 3586//3586
f 3586//3586 3584//3584 3590//3590
f 3586//3586 3590//3590 3603//3603
f 3603//3603 3590//3590 3589//3589
f 3603//3603 3589//3589 3604//3604
f 3604//3604 3589//3589 3599//3599
f 3604//3604 3599//3599 3605//3605
f 3605//3605 3599//3599 3598//3598
f 3605//3605 3598//3598 3606//3606
f 3606//3606 3598//3598 3581//3581
f 3606//3606 3581//3581 3607//3607
f 3607//3607 3581//3581 3580//3580
f 3607//3607 3580//3580 3608//3608
f 3585//3585 3586//3586 3588//3588
f 3588//3588 3586//3586 3603//3603
f 3588//3588 3603//3603 3609//3609
f 3609//3609 3603//3603 3604//3604
f 3609//3609 3604//3604 3610//3610
f 3610//3610 3604//3604 3605//3605
f 3610//3610 3605//3605 3611//3611
f 3611//3611 3605//3605 3606//3606
f 3611//3611 3606//3606 3612//3612
f 3612//3612 3606//3606 3607//3607
f 3612//3612 3607//3607 3613//3613
f 3613//3613 3607//3607 3608//3608
f 3613//3613 3608//3608 3614//3614
f 3587//3587 3588//3588 3615//3615
f 3615//3615 3588//3588 3609//3609
f 3615//3615 3609//3609 3616//3616
f 3616//3616 3609//3609 3610//3610
f 3616//3616 3610//3610 3617//3617
f 3617//3617 3610//3610 3611//3611
f 3617//3617 3611//3611 3618//3618
f 3618//3618 3611//3611 3612//3612
f 3618//3618 3612//3612 3619//3619
f 3619//3619 3612//3612 3613//3613
f 3619//3619 3613//3613 3620//3620
f 3620//3620 3613//3613 3614//3614
f 3620//3620 3614//3614 3621//3621
f 3622//3622 3623//3623 3624//3624
f 3625//3625 3626//3626 3627//3627
f 3628//3628 3629//3629 3630//3630
f 3631//3631 3632//3632 3633//3633
f 3633//3633 3632//3632 3634//3634
f 3633//3633 3634//3634 3635//3635
f 3635//3635 3634//3634 3636//3636
f 3636//3636 3634//3634 3637//3637
f 3636//3636 3637//3637 3638//3638
f 3638//3638 3637//3637 3639//3639
f 3639//3639 3637//3637 3640//3640
f 3639//3639 3640//3640 3641//3641
f 3641//3641 3640//3640 3642//3642
f 3642//3642 3640//3640 3643//3643
f 3642//3642 3643//3643 3644//3644
f 3626//3626 3643//3643 3627//3627
f 3627//3627 3643//3643 3640//3640
f 3627//3627 3640//3640 3645//3645
f 3645//3645 3640//3640 3637//3637
f 3645//3645 3637//3637 3646//3646
f 3646//3646 3637//3637 3634//3634
f 3646//3646 3634//3634 3647//3647
f 3647//3647 3634//3634 3632//3632
f 3648//3648 3625//3625 3649//3649
f 3649//3649 3625//3625 3627//3627
f 3649//3649 3627//3627 3650//3650
f 3650//3650 3627//3627 3645//3645
f 3650//3650 3645//3645 3630//3630
f 3630//3630 3645//3645 3646//3646
f 3630//3630 3646//3646 3628//3628
f 3628//3628 3646//3646 3647//3647
f 3623//3623 3648//3648 3624//3624
f 3624//3624 3648//3648 3649//3649
f 3624//3624 3649//3649 3651//3651
f 3651//3651 3649//3649 3650//3650
f 3651//3651 3650//3650 3652//3652
f 3652//3652 3650//3650 3630//3630
f 3652//3652 3630//3630 3653//3653
f 3653//3653 3630//3630 3629//3629
f 3579//3579 3622//3622 3580//3580
f 3580//3580 3622//3622 3624//3624
f 3580//3580 3624//3624 3608//3608
f 3608//3608 3624//3624 3651//3651
f 3608//3608 3651//3651 3614//3614
f 3614//3614 3651//3651 3652//3652
f 3614//3614 3652//3652 3621//3621
f 3621//3621 3652//3652 3653//3653
f 3654//3654 3655//3655 3656//3656
f 3657//3657 3658//3658 3659//3659
f 3660//3660 3661//3661 3662//3662
f 3663//3663 3660//3660 3664//3664
f 3665//3665 3666//3666 3667//3667
f 3667//3667 3668//3668 3665//3665
f 3665//3665 3668//3668 3669//3669
f 3665//3665 3669//3669 3663//3663
f 3663//3663 3669//3669 3670//3670
f 3663//3663 3670//3670 3671//3671
f 3660//3660 3662//3662 3664//3664
f 3664//3664 3662//3662 3672//3672
f 3664//3664 3672//3672 3673//3673
f 3673//3673 3672//3672 3674//3674
f 3673//3673 3674//3674 3675//3675
f 3675//3675 3674//3674 3676//3676
f 3675//3675 3676//3676 3677//3677
f 3678//3678 3679//3679 3677//3677
f 3677//3677 3679//3679 3680//3680
f 3677//3677 3680//3680 3675//3675
f 3681//3681 3682//3682 3683//3683
f 3683//3683 3682//3682 3684//3684
f 3683//3683 3684//3684 3685//3685
f 3685//3685 3684//3684 3686//3686
f 3685//3685 3686//3686 3687//3687
f 3687//3687 3686//3686 3688//3688
f 3687//3687 3688//3688 3666//3666
f 3666//3666 3688//3688 3689//3689
f 3666//3666 3689//3689 3667//3667
f 3681//3681 3683//3683 3659//3659
f 3659//3659 3683//3683 3690//3690
f 3659//3659 3690//3690 3657//3657
f 3678//3678 3691//3691 3679//3679
f 3679//3679 3691//3691 3692//3692
f 3679//3679 3692//3692 3693//3693
f 3693//3693 3692//3692 3694//3694
f 3693//3693 3694//3694 3695//3695
f 3695//3695 3694//3694 3696//3696
f 3695//3695 3696//3696 3697//3697
f 3696//3696 3698//3698 3697//3697
f 3697//3697 3698//3698 3699//3699
f 3697//3697 3699//3699 3700//3700
f 3700//3700 3699//3699 3701//3701
f 3700//3700 3701//3701 3702//3702
f 3703//3703 3704//3704 3705//3705
f 3705//3705 3704//3704 3706//3706
f 3705//3705 3706//3706 3707//3707
f 3707//3707 3706//3706 3708//3708
f 3707//3707 3708//3708 3709//3709
f 3709//3709 3708//3708 3710//3710
f 3709//3709 3710//3710 3711//3711
f 3711//3711 3710//3710 3712//3712
f 3711//3711 3712//3712 3657//3657
f 3657//3657 3712//3712 3713//3713
f 3657//3657 3713//3713 3658//3658
f 3701//3701 3714//3714 3702//3702
f 3702//3702 3714//3714 3715//3715
f 3702//3702 3715//3715 3716//3716
f 3716//3716 3715//3715 3717//3717
f 3716//3716 3717//3717 3718//3718
f 3718//3718 3717//3717 3719//3719
f 3718//3718 3719//3719 3656//3656
f 3656//3656 3719//3719 3720//3720
f 3656//3656 3720//3720 3654//3654
f 3663//3663 3664//3664 3665//3665
f 3665//3665 3664//3664 3673//3673
f 3665//3665 3673//3673 3666//3666
f 3666//3666 3673//3673 3675//3675
f 3666//3666 3675//3675 3687//3687
f 3687//3687 3675//3675 3680//3680
f 3687//3687 3680//3680 3685//3685
f 3685//3685 3680//3680 3679//3679
f 3685//3685 3679//3679 3683//3683
f 3683//3683 3679//3679 3693//3693
f 3683//3683 3693//3693 3690//3690
f 3690//3690 3693//3693 3695//3695
f 3690//3690 3695//3695 3657//3657
f 3657//3657 3695//3695 3697//3697
f 3657//3657 3697//3697 3711//3711
f 3711//3711 3697//3697 3700//3700
f 3711//3711 3700//3700 3709//3709
f 3709//3709 3700//3700 3702//3702
f 3709//3709 3702//3702 3707//3707
f 3707//3707 3702//3702 3716//3716
f 3707//3707 3716//3716 3705//3705
f 3705//3705 3716//3716 3718//3718
f 3705//3705 3718//3718 3721//3721
f 3721//3721 3718//3718 3656//3656
f 3721//3721 3656//3656 3722//3722
f 3722//3722 3656//3656 3655//3655
f 3722//3722 3655//3655 3723//3723
f 3703//3703 3705//3705 3724//3724
f 3724//3724 3705//3705 3721//3721
f 3724//3724 3721//3721 3725//3725
f 3725//3725 3721//3721 3722//3722
f 3725//3725 3722//3722 3726//3726
f 3726//3726 3722//3722 3723//3723
f 3726//3726 3723//3723 3727//3727
f 3661//3661 3660//3660 3728//3728
f 3729//3729 3730//3730 3731//3731
f 3732//3732 3729//3729 3733//3733
f 3734//3734 3732//3732 3735//3735
f 3729//3729 3731//3731 3733//3733
f 3733//3733 3731//3731 3736//3736
f 3733//3733 3736//3736 3737//3737
f 3736//3736 3738//3738 3737//3737
f 3737//3737 3738//3738 3739//3739
f 3737//3737 3739//3739 3740//3740
f 3740//3740 3739//3739 3741//3741
f 3740//3740 3741//3741 3728//3728
f 3728//3728 3741//3741 3742//3742
f 3728//3728 3742//3742 3661//3661
f 3732//3732 3733//3733 3735//3735
f 3735//3735 3733//3733 3737//3737
f 3735//3735 3737//3737 3743//3743
f 3743//3743 3737//3737 3740//3740
f 3743//3743 3740//3740 3744//3744
f 3744//3744 3740//3740 3728//3728
f 3744//3744 3728//3728 3745//3745
f 3745//3745 3728//3728 3660//3660
f 3745//3745 3660//3660 3663//3663
f 3734//3734 3735//3735 3746//3746
f 3746//3746 3735//3735 3743//3743
f 3746//3746 3743//3743 3747//3747
f 3747//3747 3743//3743 3744//3744
f 3747//3747 3744//3744 3748//3748
f 3748//3748 3744//3744 3745//3745
f 3748//3748 3745//3745 3749//3749
f 3749//3749 3745//3745 3663//3663
f 3749//3749 3663//3663 3671//3671
f 3750//3750 3751//3751 3752//3752
f 3752//3752 3751//3751 3753//3753
f 3752//3752 3753//3753 3754//3754
f 3754//3754 3753//3753 3755//3755
f 3754//3754 3755//3755 3756//3756
f 3756//3756 3755//3755 3757//3757
f 3734//3734 3750//3750 3732//3732
f 3732//3732 3750//3750 3752//3752
f 3732//3732 3752//3752 3729//3729
f 3729//3729 3752//3752 3754//3754
f 3729//3729 3754//3754 3730//3730
f 3730//3730 3754//3754 3756//3756
f 3758//3758 3759//3759 3760//3760
f 3760//3760 3759//3759 3761//3761
f 3760//3760 3761//3761 3762//3762
f 3762//3762 3761//3761 3763//3763
f 3762//3762 3763//3763 3764//3764
f 3764//3764 3763//3763 3765//3765
f 3766//3766 3758//3758 3767//3767
f 3767//3767 3758//3758 3760//3760
f 3767//3767 3760//3760 3768//3768
f 3768//3768 3760//3760 3762//3762
f 3768//3768 3762//3762 3769//3769
f 3769//3769 3762//3762 3764//3764
f 3751//3751 3766//3766 3753//3753
f 3753//3753 3766//3766 3767//3767
f 3753//3753 3767//3767 3755//3755
f 3755//3755 3767//3767 3768//3768
f 3755//3755 3768//3768 3757//3757
f 3757//3757 3768//3768 3769//3769
f 3724//3724 3725//3725 3770//3770
f 3726//3726 3727//3727 3771//3771
f 3772//3772 3773//3773 3774//3774
f 3774//3774 3773//3773 3775//3775
f 3774//3774 3775//3775 3727//3727
f 3771//3771 3727//3727 3776//3776
f 3776//3776 3727//3727 3775//3775
f 3776//3776 3775//3775 3777//3777
f 3777//3777 3775//3775 3773//3773
f 3777//3777 3773//3773 3778//3778
f 3725//3725 3726//3726 3770//3770
f 3770//3770 3726//3726 3771//3771
f 3770//3770 3771//3771 3779//3779
f 3779//3779 3771//3771 3780//3780
f 3779//3779 3780//3780 3781//3781
f 3781//3781 3780//3780 3782//3782
f 3781//3781 3782//3782 3783//3783
f 3783//3783 3782//3782 3784//3784
f 3785//3785 3708//3708 3706//3706
f 3770//3770 3786//3786 3724//3724
f 3724//3724 3786//3786 3787//3787
f 3724//3724 3787//3787 3703//3703
f 3703//3703 3787//3787 3785//3785
f 3703//3703 3785//3785 3704//3704
f 3704//3704 3785//3785 3706//3706
f 3785//3785 3788//3788 3708//3708
f 3708//3708 3788//3788 3789//3789
f 3708//3708 3789//3789 3710//3710
f 3710//3710 3789//3789 3790//3790
f 3710//3710 3790//3790 3712//3712
f 3712//3712 3790//3790 3791//3791
f 3712//3712 3791//3791 3713//3713
f 3713//3713 3791//3791 3792//3792
f 3713//3713 3792//3792 3658//3658
f 3658//3658 3792//3792 3793//3793
f 3658//3658 3793//3793 3659//3659
f 3659//3659 3793//3793 3794//3794
f 3659//3659 3794//3794 3681//3681
f 3681//3681 3794//3794 3795//3795
f 3681//3681 3795//3795 3682//3682
f 3796//3796 3670//3670 3797//3797
f 3797//3797 3670//3670 3669//3669
f 3795//3795 3798//3798 3682//3682
f 3682//3682 3798//3798 3799//3799
f 3682//3682 3799//3799 3684//3684
f 3684//3684 3799//3799 3800//3800
f 3684//3684 3800//3800 3686//3686
f 3686//3686 3800//3800 3801//3801
f 3686//3686 3801//3801 3688//3688
f 3688//3688 3801//3801 3802//3802
f 3688//3688 3802//3802 3689//3689
f 3689//3689 3802//3802 3803//3803
f 3689//3689 3803//3803 3667//3667
f 3667//3667 3803//3803 3804//3804
f 3667//3667 3804//3804 3668//3668
f 3668//3668 3804//3804 3805//3805
f 3668//3668 3805//3805 3669//3669
f 3669//3669 3805//3805 3806//3806
f 3669//3669 3806//3806 3797//3797
f 3766//3766 3796//3796 3758//3758
f 3758//3758 3796//3796 3759//3759
f 3747//3747 3748//3748 3807//3807
f 3748//3748 3749//3749 3807//3807
f 3807//3807 3749//3749 3671//3671
f 3807//3807 3671//3671 3670//3670
f 3766//3766 3751//3751 3796//3796
f 3796//3796 3751//3751 3750//3750
f 3796//3796 3750//3750 3670//3670
f 3670//3670 3750//3750 3734//3734
f 3670//3670 3734//3734 3807//3807
f 3807//3807 3734//3734 3746//3746
f 3807//3807 3746//3746 3747//3747
f 3808//3808 3809//3809 3810//3810
f 3655//3655 3654//3654 3811//3811
f 3723//3723 3655//3655 3812//3812
f 3727//3727 3723//3723 3813//3813
f 3655//3655 3811//3811 3812//3812
f 3812//3812 3811//3811 3814//3814
f 3812//3812 3814//3814 3815//3815
f 3815//3815 3814//3814 3816//3816
f 3815//3815 3816//3816 3817//3817
f 3816//3816 3818//3818 3817//3817
f 3817//3817 3818//3818 3819//3819
f 3817//3817 3819//3819 3810//3810
f 3810//3810 3819//3819 3820//3820
f 3810//3810 3820//3820 3808//3808
f 3723//3723 3812//3812 3813//3813
f 3813//3813 3812//3812 3815//3815
f 3813//3813 3815//3815 3821//3821
f 3821//3821 3815//3815 3817//3817
f 3821//3821 3817//3817 3822//3822
f 3822//3822 3817//3817 3810//3810
f 3822//3822 3810//3810 3823//3823
f 3823//3823 3810//3810 3809//3809
f 3823//3823 3809//3809 3824//3824
f 3727//3727 3813//3813 3774//3774
f 3774//3774 3813//3813 3821//3821
f 3774//3774 3821//3821 3772//3772
f 3772//3772 3821//3821 3822//3822
f 3772//3772 3822//3822 3773//3773
f 3773//3773 3822//3822 3823//3823
f 3773//3773 3823//3823 3778//3778
f 3778//3778 3823//3823 3824//3824
f 3778//3778 3824//3824 3777//3777
f 3776//3776 3777//3777 3825//3825
f 3825//3825 3777//3777 3824//3824
f 3825//3825 3824//3824 3826//3826
f 3826//3826 3824//3824 3809//3809
f 3826//3826 3809//3809 3827//3827
f 3827//3827 3809//3809 3808//3808
f 3771//3771 3776//3776 3828//3828
f 3828//3828 3776//3776 3825//3825
f 3828//3828 3825//3825 3829//3829
f 3829//3829 3825//3825 3826//3826
f 3829//3829 3826//3826 3830//3830
f 3830//3830 3826//3826 3827//3827
f 3784//3784 3782//3782 3831//3831
f 3831//3831 3782//3782 3832//3832
f 3831//3831 3832//3832 3833//3833
f 3834//3834 3835//3835 3836//3836
f 3836//3836 3835//3835 3631//3631
f 3631//3631 3837//3837 3836//3836
f 3836//3836 3837//3837 3838//3838
f 3836//3836 3838//3838 3832//3832
f 3832//3832 3838//3838 3839//3839
f 3832//3832 3839//3839 3833//3833
f 3840//3840 3834//3834 3841//3841
f 3841//3841 3834//3834 3836//3836
f 3841//3841 3836//3836 3842//3842
f 3842//3842 3836//3836 3832//3832
f 3842//3842 3832//3832 3780//3780
f 3780//3780 3832//3832 3782//3782
f 3830//3830 3840//3840 3829//3829
f 3829//3829 3840//3840 3841//3841
f 3829//3829 3841//3841 3828//3828
f 3828//3828 3841//3841 3842//3842
f 3828//3828 3842//3842 3771//3771
f 3771//3771 3842//3842 3780//3780
f 3633//3633 3837//3837 3631//3631
f 3843//3843 3784//3784 3844//3844
f 3844//3844 3784//3784 3831//3831
f 3844//3844 3831//3831 3845//3845
f 3644//3644 3843//3843 3642//3642
f 3642//3642 3843//3843 3844//3844
f 3642//3642 3844//3844 3641//3641
f 3641//3641 3844//3844 3639//3639
f 3639//3639 3844//3844 3638//3638
f 3638//3638 3844//3844 3845//3845
f 3638//3638 3845//3845 3636//3636
f 3837//3837 3633//3633 3838//3838
f 3831//3831 3833//3833 3845//3845
f 3845//3845 3833//3833 3839//3839
f 3845//3845 3839//3839 3636//3636
f 3636//3636 3839//3839 3838//3838
f 3636//3636 3838//3838 3635//3635
f 3635//3635 3838//3838 3633//3633
f 3846//3846 3781//3781 3783//3783
f 3843//3843 3644//3644 3847//3847
f 3784//3784 3843//3843 3783//3783
f 3783//3783 3843//3843 3847//3847
f 3783//3783 3847//3847 3846//3846
f 3846//3846 3847//3847 3848//3848
f 3846//3846 3848//3848 3849//3849
f 3850//3850 3851//3851 3852//3852
f 3852//3852 3851//3851 3853//3853
f 3854//3854 3855//3855 3856//3856
f 3592//3592 3593//3593 3857//3857
f 3592//3592 3857//3857 3591//3591
f 3591//3591 3857//3857 3858//3858
f 3591//3591 3858//3858 3594//3594
f 3594//3594 3858//3858 3595//3595
f 3595//3595 3858//3858 3859//3859
f 3595//3595 3859//3859 3596//3596
f 3601//3601 3600//3600 3859//3859
f 3859//3859 3600//3600 3597//3597
f 3859//3859 3597//3597 3596//3596
f 3860//3860 3849//3849 3848//3848
f 3648//3648 3623//3623 3861//3861
f 3861//3861 3623//3623 3622//3622
f 3861//3861 3622//3622 3862//3862
f 3862//3862 3622//3622 3579//3579
f 3862//3862 3579//3579 3602//3602
f 3602//3602 3601//3601 3862//3862
f 3862//3862 3601//3601 3859//3859
f 3862//3862 3859//3859 3856//3856
f 3856//3856 3859//3859 3858//3858
f 3856//3856 3858//3858 3854//3854
f 3854//3854 3858//3858 3857//3857
f 3855//3855 3863//3863 3856//3856
f 3856//3856 3863//3863 3864//3864
f 3856//3856 3864//3864 3862//3862
f 3862//3862 3864//3864 3865//3865
f 3862//3862 3865//3865 3861//3861
f 3865//3865 3852//3852 3861//3861
f 3861//3861 3852//3852 3853//3853
f 3861//3861 3853//3853 3648//3648
f 3648//3648 3853//3853 3860//3860
f 3648//3648 3860//3860 3625//3625
f 3625//3625 3860//3860 3848//3848
f 3625//3625 3848//3848 3626//3626
f 3626//3626 3848//3848 3847//3847
f 3626//3626 3847//3847 3643//3643
f 3643//3643 3847//3847 3644//3644
f 3866//3866 3850//3850 3867//3867
f 3867//3867 3850//3850 3852//3852
f 3867//3867 3852//3852 3868//3868
f 3868//3868 3852//3852 3865//3865
f 3868//3868 3865//3865 3869//3869
f 3869//3869 3865//3865 3864//3864
f 3869//3869 3864//3864 3571//3571
f 3571//3571 3864//3864 3863//3863
f 3870//3870 3866//3866 3871//3871
f 3871//3871 3866//3866 3867//3867
f 3871//3871 3867//3867 3872//3872
f 3872//3872 3867//3867 3873//3873
f 3874//3874 3875//3875 3868//3868
f 3868//3868 3875//3875 3876//3876
f 3868//3868 3876//3876 3867//3867
f 3867//3867 3876//3876 3877//3877
f 3867//3867 3877//3877 3873//3873
f 3874//3874 3868//3868 3878//3878
f 3878//3878 3868//3868 3869//3869
f 3878//3878 3869//3869 3879//3879
f 3879//3879 3869//3869 3880//3880
f 3880//3880 3869//3869 3571//3571
f 3880//3880 3571//3571 3569//3569
f 3568//3568 3881//3881 3569//3569
f 3569//3569 3881//3881 3882//3882
f 3569//3569 3882//3882 3880//3880
f 3460//3460 3461//3461 3883//3883
f 3884//3884 3885//3885 3886//3886
f 3887//3887 3884//3884 3888//3888
f 3463//3463 3464//3464 3889//3889
f 3492//3492 3481//3481 3890//3890
f 3891//3891 3892//3892 3893//3893
f 3893//3893 3894//3894 3895//3895
f 3896//3896 3897//3897 3898//3898
f 3851//3851 3850//3850 3899//3899
f 3900//3900 3901//3901 3899//3899
f 3866//3866 3870//3870 3902//3902
f 3900//3900 3899//3899 3902//3902
f 3902//3902 3899//3899 3850//3850
f 3902//3902 3850//3850 3866//3866
f 3903//3903 3904//3904 3905//3905
f 3905//3905 3904//3904 3899//3899
f 3905//3905 3899//3899 3906//3906
f 3906//3906 3899//3899 3901//3901
f 3907//3907 3860//3860 3853//3853
f 3908//3908 3909//3909 3910//3910
f 3910//3910 3909//3909 3911//3911
f 3911//3911 3912//3912 3910//3910
f 3910//3910 3912//3912 3913//3913
f 3910//3910 3913//3913 3914//3914
f 3915//3915 3916//3916 3907//3907
f 3907//3907 3916//3916 3917//3917
f 3907//3907 3917//3917 3860//3860
f 3860//3860 3917//3917 3918//3918
f 3860//3860 3918//3918 3849//3849
f 3919//3919 3920//3920 3921//3921
f 3504//3504 3506//3506 3922//3922
f 3922//3922 3506//3506 3510//3510
f 3922//3922 3510//3510 3508//3508
f 3508//3508 3507//3507 3922//3922
f 3922//3922 3507//3507 3516//3516
f 3922//3922 3516//3516 3514//3514
f 3514//3514 3565//3565 3922//3922
f 3922//3922 3565//3565 3543//3543
f 3922//3922 3543//3543 2927//2927
f 3495//3495 3494//3494 3923//3923
f 3924//3924 3925//3925 3926//3926
f 3926//3926 3925//3925 3498//3498
f 3926//3926 3498//3498 3923//3923
f 3923//3923 3498//3498 3497//3497
f 3923//3923 3497//3497 3495//3495
f 3494//3494 3503//3503 3923//3923
f 3923//3923 3503//3503 3502//3502
f 3923//3923 3502//3502 3927//3927
f 3927//3927 3502//3502 3500//3500
f 3927//3927 3500//3500 3922//3922
f 3922//3922 3500//3500 3499//3499
f 3922//3922 3499//3499 3504//3504
f 3928//3928 3929//3929 3930//3930
f 3930//3930 3931//3931 3928//3928
f 3928//3928 3931//3931 3932//3932
f 3928//3928 3932//3932 3926//3926
f 3926//3926 3932//3932 3933//3933
f 3926//3926 3933//3933 3924//3924
f 3934//3934 3935//3935 3929//3929
f 3929//3929 3935//3935 3936//3936
f 3929//3929 3936//3936 3930//3930
f 3937//3937 3938//3938 3939//3939
f 3939//3939 3938//3938 3940//3940
f 3939//3939 3940//3940 3934//3934
f 3934//3934 3940//3940 3941//3941
f 3934//3934 3941//3941 3935//3935
f 3937//3937 3939//3939 3942//3942
f 3942//3942 3939//3939 3943//3943
f 3942//3942 3943//3943 3944//3944
f 3944//3944 3943//3943 3945//3945
f 3945//3945 3943//3943 3946//3946
f 3945//3945 3946//3946 3947//3947
f 3897//3897 3948//3948 3898//3898
f 3898//3898 3948//3948 3949//3949
f 3898//3898 3949//3949 3946//3946
f 3946//3946 3949//3949 3950//3950
f 3946//3946 3950//3950 3947//3947
f 3951//3951 3895//3895 3952//3952
f 3952//3952 3895//3895 3904//3904
f 3952//3952 3904//3904 3953//3953
f 3953//3953 3904//3904 3903//3903
f 3914//3914 3915//3915 3910//3910
f 3910//3910 3915//3915 3907//3907
f 3910//3910 3907//3907 3899//3899
f 3899//3899 3907//3907 3853//3853
f 3899//3899 3853//3853 3851//3851
f 3895//3895 3894//3894 3904//3904
f 3904//3904 3894//3894 3954//3954
f 3904//3904 3954//3954 3899//3899
f 3899//3899 3954//3954 3955//3955
f 3899//3899 3955//3955 3910//3910
f 3910//3910 3955//3955 3919//3919
f 3910//3910 3919//3919 3908//3908
f 3908//3908 3919//3919 3921//3921
f 3908//3908 3921//3921 3956//3956
f 3957//3957 3958//3958 3959//3959
f 3959//3959 3958//3958 3960//3960
f 3959//3959 3960//3960 3961//3961
f 3961//3961 3960//3960 3962//3962
f 3961//3961 3962//3962 3963//3963
f 3963//3963 3962//3962 3964//3964
f 3963//3963 3964//3964 3965//3965
f 3965//3965 3964//3964 3966//3966
f 3965//3965 3966//3966 3967//3967
f 3966//3966 3968//3968 3967//3967
f 3967//3967 3968//3968 3969//3969
f 3967//3967 3969//3969 3970//3970
f 3970//3970 3969//3969 3971//3971
f 3970//3970 3971//3971 3972//3972
f 3892//3892 3891//3891 3973//3973
f 3973//3973 3891//3891 3974//3974
f 3973//3973 3974//3974 3975//3975
f 3975//3975 3974//3974 3976//3976
f 3975//3975 3976//3976 3977//3977
f 3951//3951 3896//3896 3895//3895
f 3895//3895 3896//3896 3898//3898
f 3895//3895 3898//3898 3893//3893
f 3893//3893 3898//3898 3946//3946
f 3893//3893 3946//3946 3891//3891
f 3891//3891 3946//3946 3943//3943
f 3891//3891 3943//3943 3974//3974
f 3974//3974 3943//3943 3939//3939
f 3974//3974 3939//3939 3976//3976
f 3976//3976 3939//3939 3934//3934
f 3976//3976 3934//3934 3977//3977
f 3927//3927 3978//3978 3923//3923
f 3923//3923 3978//3978 3979//3979
f 3923//3923 3979//3979 3926//3926
f 3926//3926 3979//3979 3980//3980
f 3926//3926 3980//3980 3928//3928
f 3928//3928 3980//3980 3981//3981
f 3928//3928 3981//3981 3929//3929
f 3929//3929 3981//3981 3982//3982
f 3929//3929 3982//3982 3934//3934
f 3934//3934 3982//3982 3983//3983
f 3934//3934 3983//3983 3977//3977
f 3459//3459 3477//3477 3984//3984
f 3984//3984 3477//3477 3985//3985
f 3986//3986 3987//3987 3988//3988
f 3988//3988 3987//3987 3989//3989
f 3990//3990 3456//3456 3991//3991
f 3991//3991 3456//3456 3457//3457
f 3991//3991 3457//3457 3984//3984
f 3984//3984 3457//3457 3458//3458
f 3984//3984 3458//3458 3459//3459
f 3992//3992 3993//3993 3994//3994
f 3454//3454 3447//3447 3995//3995
f 3995//3995 3447//3447 3448//3448
f 3995//3995 3448//3448 3996//3996
f 3996//3996 3448//3448 3449//3449
f 3996//3996 3449//3449 3997//3997
f 3997//3997 3449//3449 3450//3450
f 3997//3997 3450//3450 3990//3990
f 3990//3990 3450//3450 3451//3451
f 3990//3990 3451//3451 3456//3456
f 3454//3454 3995//3995 3453//3453
f 3453//3453 3995//3995 3998//3998
f 3453//3453 3998//3998 3452//3452
f 3452//3452 3998//3998 3999//3999
f 3452//3452 3999//3999 1234//1234
f 3997//3997 4000//4000 3996//3996
f 3996//3996 4000//4000 4001//4001
f 3996//3996 4001//4001 3995//3995
f 3995//3995 4001//4001 4002//4002
f 3995//3995 4002//4002 3998//3998
f 3998//3998 4002//4002 4003//4003
f 3998//3998 4003//4003 3999//3999
f 4004//4004 4005//4005 4006//4006
f 4006//4006 4005//4005 4007//4007
f 3464//3464 3493//3493 3889//3889
f 3889//3889 3493//3493 4008//4008
f 3889//3889 4008//4008 4009//4009
f 3492//3492 3890//3890 3888//3888
f 3888//3888 3890//3890 4010//4010
f 3888//3888 4010//4010 3887//3887
f 3493//3493 3491//3491 4008//4008
f 4008//4008 3491//3491 4011//4011
f 4008//4008 4011//4011 4009//4009
f 4009//4009 4011//4011 4012//4012
f 4009//4009 4012//4012 4013//4013
f 3985//3985 3477//3477 4014//4014
f 4014//4014 3477//3477 3478//3478
f 4014//4014 3478//3478 3479//3479
f 3994//3994 4015//4015 3992//3992
f 3992//3992 4015//4015 4016//4016
f 3992//3992 4016//4016 4017//4017
f 4017//4017 4016//4016 4018//4018
f 4017//4017 4018//4018 4019//4019
f 4019//4019 4018//4018 4020//4020
f 4019//4019 4020//4020 4021//4021
f 4021//4021 4020//4020 4022//4022
f 4021//4021 4022//4022 3883//3883
f 3883//3883 4022//4022 3480//3480
f 3883//3883 3480//3480 3460//3460
f 4014//4014 3986//3986 3985//3985
f 3985//3985 3986//3986 3988//3988
f 3985//3985 3988//3988 3984//3984
f 3984//3984 3988//3988 3989//3989
f 3984//3984 3989//3989 3991//3991
f 3991//3991 3989//3989 4023//4023
f 3991//3991 4023//4023 3990//3990
f 3990//3990 4023//4023 4024//4024
f 3990//3990 4024//4024 3997//3997
f 3997//3997 4024//4024 4025//4025
f 3997//3997 4025//4025 4000//4000
f 4000//4000 4025//4025 4026//4026
f 4000//4000 4026//4026 4001//4001
f 4001//4001 4026//4026 4006//4006
f 4001//4001 4006//4006 4002//4002
f 4002//4002 4006//4006 4007//4007
f 4002//4002 4007//4007 4003//4003
f 3886//3886 3885//3885 4027//4027
f 4027//4027 3885//3885 4028//4028
f 4027//4027 4028//4028 4029//4029
f 3892//3892 4030//4030 3893//3893
f 3893//3893 4030//4030 4031//4031
f 3893//3893 4031//4031 3894//3894
f 3894//3894 4031//4031 4032//4032
f 3894//3894 4032//4032 3954//3954
f 3954//3954 4032//4032 4033//4033
f 3954//3954 4033//4033 3955//3955
f 3955//3955 4033//4033 4034//4034
f 3955//3955 4034//4034 3919//3919
f 3919//3919 4034//4034 4035//4035
f 3919//3919 4035//4035 3920//3920
f 3920//3920 4035//4035 4036//4036
f 3920//3920 4036//4036 4027//4027
f 4027//4027 4036//4036 4013//4013
f 4027//4027 4013//4013 3886//3886
f 3886//3886 4013//4013 4012//4012
f 3886//3886 4012//4012 3884//3884
f 3884//3884 4012//4012 4011//4011
f 3884//3884 4011//4011 3888//3888
f 3888//3888 4011//4011 3491//3491
f 3888//3888 3491//3491 3492//3492
f 4029//4029 4037//4037 4027//4027
f 4027//4027 4037//4037 4038//4038
f 4027//4027 4038//4038 3920//3920
f 3920//3920 4038//4038 4039//4039
f 3920//3920 4039//4039 3921//3921
f 4040//4040 4041//4041 4042//4042
f 4042//4042 4041//4041 4043//4043
f 4042//4042 4043//4043 4044//4044
f 4045//4045 4040//4040 4046//4046
f 4046//4046 4040//4040 4042//4042
f 4046//4046 4042//4042 4047//4047
f 4047//4047 4042//4042 4044//4044
f 4047//4047 4044//4044 4048//4048
f 4049//4049 4048//4048 4050//4050
f 4050//4050 4048//4048 4044//4044
f 4050//4050 4044//4044 4051//4051
f 4051//4051 4044//4044 4043//4043
f 4051//4051 4043//4043 4052//4052
f 4052//4052 4043//4043 4041//4041
f 4053//4053 4045//4045 4054//4054
f 4054//4054 4045//4045 4046//4046
f 4054//4054 4046//4046 4055//4055
f 4055//4055 4046//4046 4047//4047
f 4055//4055 4047//4047 4056//4056
f 4056//4056 4047//4047 4048//4048
f 4056//4056 4048//4048 4057//4057
f 4057//4057 4048//4048 4049//4049
f 4057//4057 4049//4049 4058//4058
f 3462//3462 3463//3463 4059//4059
f 4059//4059 3463//3463 3889//3889
f 4059//4059 3889//3889 4053//4053
f 4053//4053 3889//3889 4009//4009
f 4053//4053 4009//4009 4045//4045
f 4045//4045 4009//4009 4013//4013
f 4045//4045 4013//4013 4040//4040
f 4040//4040 4013//4013 4036//4036
f 4040//4040 4036//4036 4041//4041
f 4041//4041 4036//4036 4035//4035
f 4041//4041 4035//4035 4052//4052
f 4052//4052 4035//4035 4034//4034
f 4052//4052 4034//4034 4051//4051
f 4051//4051 4034//4034 4033//4033
f 4051//4051 4033//4033 4050//4050
f 4050//4050 4033//4033 4032//4032
f 4050//4050 4032//4032 4049//4049
f 4049//4049 4032//4032 4031//4031
f 4049//4049 4031//4031 4058//4058
f 4058//4058 4031//4031 4030//4030
f 4060//4060 4004//4004 4061//4061
f 4061//4061 4004//4004 4006//4006
f 4061//4061 4006//4006 4062//4062
f 4062//4062 4006//4006 4026//4026
f 4062//4062 4026//4026 4063//4063
f 4063//4063 4026//4026 4025//4025
f 4063//4063 4025//4025 4064//4064
f 4064//4064 4025//4025 4024//4024
f 4064//4064 4024//4024 4065//4065
f 4065//4065 4024//4024 4023//4023
f 4065//4065 4023//4023 4015//4015
f 4015//4015 4023//4023 3989//3989
f 4015//4015 3989//3989 4016//4016
f 4016//4016 3989//3989 3987//3987
f 4016//4016 3987//3987 4018//4018
f 4018//4018 3987//3987 3986//3986
f 4018//4018 3986//3986 4020//4020
f 4020//4020 3986//3986 4014//4014
f 4020//4020 4014//4014 4022//4022
f 4022//4022 4014//4014 3479//3479
f 4022//4022 3479//3479 3480//3480
f 4066//4066 4067//4067 3972//3972
f 3972//3972 4067//4067 4068//4068
f 3972//3972 4068//4068 3970//3970
f 3970//3970 4068//4068 4069//4069
f 3993//3993 3957//3957 3994//3994
f 3994//3994 3957//3957 3959//3959
f 3994//3994 3959//3959 4015//4015
f 4015//4015 3959//3959 3961//3961
f 4015//4015 3961//3961 4065//4065
f 4065//4065 3961//3961 3963//3963
f 4065//4065 3963//3963 4064//4064
f 4064//4064 3963//3963 3965//3965
f 4064//4064 3965//3965 4063//4063
f 4063//4063 3965//3965 3967//3967
f 4063//4063 3967//3967 4062//4062
f 4062//4062 3967//3967 3970//3970
f 4062//4062 3970//3970 4061//4061
f 4061//4061 3970//3970 4069//4069
f 4061//4061 4069//4069 4060//4060
f 3978//3978 4066//4066 3979//3979
f 3979//3979 4066//4066 3972//3972
f 3979//3979 3972//3972 3980//3980
f 3980//3980 3972//3972 3971//3971
f 3980//3980 3971//3971 3981//3981
f 3981//3981 3971//3971 3969//3969
f 3981//3981 3969//3969 3982//3982
f 3982//3982 3969//3969 3968//3968
f 3982//3982 3968//3968 3983//3983
f 3983//3983 3968//3968 3966//3966
f 3983//3983 3966//3966 3977//3977
f 3977//3977 3966//3966 3964//3964
f 3977//3977 3964//3964 3975//3975
f 3975//3975 3964//3964 3962//3962
f 3975//3975 3962//3962 3973//3973
f 3973//3973 3962//3962 3960//3960
f 3973//3973 3960//3960 3892//3892
f 3892//3892 3960//3960 3958//3958
f 3892//3892 3958//3958 4030//4030
f 4030//4030 3958//3958 3957//3957
f 4030//4030 3957//3957 4058//4058
f 4058//4058 3957//3957 3993//3993
f 4058//4058 3993//3993 4057//4057
f 4057//4057 3993//3993 3992//3992
f 4057//4057 3992//3992 4056//4056
f 4056//4056 3992//3992 4017//4017
f 4056//4056 4017//4017 4055//4055
f 4055//4055 4017//4017 4019//4019
f 4055//4055 4019//4019 4054//4054
f 4054//4054 4019//4019 4021//4021
f 4054//4054 4021//4021 4053//4053
f 4053//4053 4021//4021 3883//3883
f 4053//4053 3883//3883 4059//4059
f 4059//4059 3883//3883 3461//3461
f 4059//4059 3461//3461 3462//3462
f 3781//3781 3846//3846 4070//4070
f 4071//4071 4072//4072 3798//3798
f 3798//3798 4072//4072 4073//4073
f 3798//3798 4073//4073 3799//3799
f 3908//3908 3956//3956 4074//4074
f 4075//4075 4076//4076 4077//4077
f 4077//4077 4076//4076 4078//4078
f 4077//4077 4078//4078 4071//4071
f 4071//4071 3798//3798 4077//4077
f 4077//4077 3798//3798 3795//3795
f 4077//4077 3795//3795 4079//4079
f 3795//3795 3794//3794 4079//4079
f 4079//4079 3794//3794 3793//3793
f 4079//4079 3793//3793 4080//4080
f 4080//4080 3793//3793 3792//3792
f 4080//4080 3792//3792 4081//4081
f 4081//4081 3792//3792 3791//3791
f 4081//4081 3791//3791 4082//4082
f 3791//3791 3790//3790 4082//4082
f 4082//4082 3790//3790 3789//3789
f 4082//4082 3789//3789 3788//3788
f 3785//3785 4083//4083 3788//3788
f 3788//3788 4083//4083 4084//4084
f 3788//3788 4084//4084 4082//4082
f 3785//3785 3787//3787 4083//4083
f 4083//4083 3787//3787 3786//3786
f 4083//4083 3786//3786 4085//4085
f 4085//4085 3786//3786 3770//3770
f 4085//4085 3770//3770 4070//4070
f 4070//4070 3770//3770 3779//3779
f 4070//4070 3779//3779 3781//3781
f 4074//4074 4075//4075 3908//3908
f 3908//3908 4075//4075 4077//4077
f 3908//3908 4077//4077 3909//3909
f 3909//3909 4077//4077 4079//4079
f 3909//3909 4079//4079 3911//3911
f 3911//3911 4079//4079 4080//4080
f 3911//3911 4080//4080 3912//3912
f 3912//3912 4080//4080 4081//4081
f 3912//3912 4081//4081 3913//3913
f 3913//3913 4081//4081 4082//4082
f 3913//3913 4082//4082 3914//3914
f 3914//3914 4082//4082 4084//4084
f 3914//3914 4084//4084 3915//3915
f 3915//3915 4084//4084 4083//4083
f 3915//3915 4083//4083 3916//3916
f 3916//3916 4083//4083 4085//4085
f 3916//3916 4085//4085 3917//3917
f 3917//3917 4085//4085 4070//4070
f 3917//3917 4070//4070 3918//3918
f 3918//3918 4070//4070 3846//3846
f 3918//3918 3846//3846 3849//3849
f 4073//4073 4072//4072 4086//4086
f 4072//4072 4071//4071 4087//4087
f 4087//4087 4071//4071 4078//4078
f 4087//4087 4078//4078 4076//4076
f 4088//4088 3759//3759 4089//4089
f 4089//4089 3759//3759 3796//3796
f 4090//4090 4088//4088 4091//4091
f 4091//4091 4088//4088 4089//4089
f 4091//4091 4089//4089 4092//4092
f 4092//4092 4089//4089 4093//4093
f 3796//3796 3797//3797 4089//4089
f 4089//4089 3797//3797 3806//3806
f 4089//4089 3806//3806 4093//4093
f 4093//4093 3806//3806 3805//3805
f 4093//4093 3805//3805 4094//4094
f 3805//3805 3804//3804 4094//4094
f 4094//4094 3804//3804 3803//3803
f 4094//4094 3803//3803 4095//4095
f 4095//4095 4096//4096 4094//4094
f 4094//4094 4096//4096 4097//4097
f 4094//4094 4097//4097 4093//4093
f 4093//4093 4097//4097 4098//4098
f 4093//4093 4098//4098 4092//4092
f 3803//3803 3802//3802 4095//4095
f 4095//4095 3802//3802 3801//3801
f 4095//4095 3801//3801 4086//4086
f 4086//4086 3801//3801 3800//3800
f 4086//4086 3800//3800 4073//4073
f 4073//4073 3800//3800 3799//3799
f 4072//4072 4087//4087 4086//4086
f 4086//4086 4087//4087 4099//4099
f 4086//4086 4099//4099 4095//4095
f 4095//4095 4099//4099 4100//4100
f 4095//4095 4100//4100 4096//4096
f 4101//4101 4102//4102 4103//4103
f 4104//4104 4105//4105 3466//3466
f 3890//3890 3481//3481 3482//3482
f 4106//4106 4107//4107 4108//4108
f 4109//4109 4110//4110 4111//4111
f 4112//4112 4113//4113 4114//4114
f 4115//4115 4090//4090 4091//4091
f 4100//4100 4099//4099 4116//4116
f 3956//3956 3921//3921 4087//4087
f 4076//4076 4075//4075 4087//4087
f 4087//4087 4075//4075 4074//4074
f 4087//4087 4074//4074 3956//3956
f 4117//4117 4091//4091 4118//4118
f 4118//4118 4091//4091 4092//4092
f 4092//4092 4098//4098 4118//4118
f 4118//4118 4098//4098 4097//4097
f 4118//4118 4097//4097 4116//4116
f 4116//4116 4097//4097 4096//4096
f 4116//4116 4096//4096 4100//4100
f 4119//4119 4120//4120 4121//4121
f 4121//4121 4122//4122 4119//4119
f 4119//4119 4122//4122 4123//4123
f 4119//4119 4123//4123 4117//4117
f 4117//4117 4123//4123 4124//4124
f 4117//4117 4124//4124 4091//4091
f 4091//4091 4124//4124 4125//4125
f 4091//4091 4125//4125 4115//4115
f 4126//4126 4127//4127 4128//4128
f 4128//4128 4127//4127 4129//4129
f 4129//4129 4130//4130 4128//4128
f 4128//4128 4130//4130 4131//4131
f 4128//4128 4131//4131 4120//4120
f 4120//4120 4131//4131 4132//4132
f 4120//4120 4132//4132 4121//4121
f 4114//4114 4113//4113 4133//4133
f 4111//4111 4110//4110 4134//4134
f 4110//4110 4135//4135 4134//4134
f 4134//4134 4135//4135 4136//4136
f 4134//4134 4136//4136 4114//4114
f 4114//4114 4136//4136 4137//4137
f 4114//4114 4137//4137 4112//4112
f 4108//4108 4107//4107 4138//4138
f 4107//4107 4139//4139 4138//4138
f 4138//4138 4139//4139 4140//4140
f 4138//4138 4140//4140 4111//4111
f 4111//4111 4140//4140 4141//4141
f 4111//4111 4141//4141 4109//4109
f 4142//4142 4143//4143 4144//4144
f 4144//4144 4143//4143 4103//4103
f 4144//4144 4103//4103 4145//4145
f 4142//4142 4146//4146 4143//4143
f 4143//4143 4146//4146 4147//4147
f 4143//4143 4147//4147 4148//4148
f 4148//4148 4147//4147 4149//4149
f 4148//4148 4149//4149 4108//4108
f 4108//4108 4149//4149 4150//4150
f 4108//4108 4150//4150 4106//4106
f 4145//4145 4103//4103 4151//4151
f 4151//4151 4103//4103 4102//4102
f 4151//4151 4102//4102 2265//2265
f 3885//3885 3884//3884 4152//4152
f 4152//4152 3884//3884 3887//3887
f 4152//4152 3887//3887 4010//4010
f 4010//4010 3890//3890 4152//4152
f 4152//4152 3890//3890 3482//3482
f 4152//4152 3482//3482 4153//4153
f 3466//3466 3467//3467 4104//4104
f 4104//4104 3467//3467 3468//3468
f 4104//4104 3468//3468 4154//4154
f 4154//4154 3468//3468 3469//3469
f 4154//4154 3469//3469 4155//4155
f 3482//3482 3483//3483 4153//4153
f 4153//4153 3483//3483 3484//3484
f 4153//4153 3484//3484 4156//4156
f 4156//4156 3484//3484 3485//3485
f 4156//4156 3485//3485 4105//4105
f 4105//4105 3485//3485 3465//3465
f 4105//4105 3465//3465 3466//3466
f 4157//4157 3489//3489 4158//4158
f 4158//4158 3489//3489 3455//3455
f 4158//4158 3455//3455 4159//4159
f 4160//4160 3474//3474 4161//4161
f 4161//4161 3474//3474 3475//3475
f 4161//4161 3475//3475 4162//4162
f 3455//3455 3471//3471 4159//4159
f 4159//4159 3471//3471 3472//3472
f 4159//4159 3472//3472 4160//4160
f 4160//4160 3472//3472 3473//3473
f 4160//4160 3473//3473 3474//3474
f 4163//4163 4101//4101 4164//4164
f 4164//4164 4101//4101 4103//4103
f 4164//4164 4103//4103 4162//4162
f 4162//4162 4103//4103 4143//4143
f 4162//4162 4143//4143 4161//4161
f 4161//4161 4143//4143 4148//4148
f 4161//4161 4148//4148 4160//4160
f 4160//4160 4148//4148 4108//4108
f 4160//4160 4108//4108 4159//4159
f 4159//4159 4108//4108 4138//4138
f 4159//4159 4138//4138 4158//4158
f 4158//4158 4138//4138 4111//4111
f 4158//4158 4111//4111 4157//4157
f 4157//4157 4111//4111 4134//4134
f 4157//4157 4134//4134 4165//4165
f 4165//4165 4134//4134 4114//4114
f 4165//4165 4114//4114 4155//4155
f 4155//4155 4114//4114 4133//4133
f 4155//4155 4133//4133 4154//4154
f 4154//4154 4133//4133 4166//4166
f 4154//4154 4166//4166 4104//4104
f 4104//4104 4166//4166 4167//4167
f 4104//4104 4167//4167 4105//4105
f 4105//4105 4167//4167 4168//4168
f 4105//4105 4168//4168 4156//4156
f 4156//4156 4168//4168 4169//4169
f 4156//4156 4169//4169 4153//4153
f 4153//4153 4169//4169 4170//4170
f 4153//4153 4170//4170 4152//4152
f 4152//4152 4170//4170 4171//4171
f 4152//4152 4171//4171 3885//3885
f 4039//4039 4116//4116 3921//3921
f 3921//3921 4116//4116 4099//4099
f 3921//3921 4099//4099 4087//4087
f 4038//4038 4037//4037 4171//4171
f 4037//4037 4029//4029 4171//4171
f 4171//4171 4029//4029 4028//4028
f 4171//4171 4028//4028 3885//3885
f 4113//4113 4172//4172 4133//4133
f 4133//4133 4172//4172 4126//4126
f 4133//4133 4126//4126 4166//4166
f 4166//4166 4126//4126 4128//4128
f 4166//4166 4128//4128 4167//4167
f 4167//4167 4128//4128 4120//4120
f 4167//4167 4120//4120 4168//4168
f 4168//4168 4120//4120 4119//4119
f 4168//4168 4119//4119 4169//4169
f 4169//4169 4119//4119 4117//4117
f 4169//4169 4117//4117 4170//4170
f 4170//4170 4117//4117 4118//4118
f 4170//4170 4118//4118 4171//4171
f 4171//4171 4118//4118 4116//4116
f 4171//4171 4116//4116 4038//4038
f 4038//4038 4116//4116 4039//4039
f 3475//3475 3476//3476 4162//4162
f 4162//4162 3476//3476 3490//3490
f 4162//4162 3490//3490 4164//4164
f 4164//4164 3490//3490 3446//3446
f 4164//4164 3446//3446 4163//4163
f 4163//4163 3446//3446 3445//3445
f 4163//4163 3445//3445 1262//1262
f 3469//3469 3470//3470 4155//4155
f 4155//4155 3470//3470 3486//3486
f 4155//4155 3486//3486 4165//4165
f 4165//4165 3486//3486 3487//3487
f 4165//4165 3487//3487 4157//4157
f 4157//4157 3487//3487 3488//3488
f 4157//4157 3488//3488 3489//3489
f 4173//4173 4090//4090 4115//4115
f 4174//4174 4173//4173 4175//4175
f 4173//4173 4115//4115 4175//4175
f 4175//4175 4115//4115 4125//4125
f 4175//4175 4125//4125 4176//4176
f 4176//4176 4125//4125 4124//4124
f 4176//4176 4124//4124 4177//4177
f 4174//4174 4175//4175 4178//4178
f 4178//4178 4175//4175 4176//4176
f 4178//4178 4176//4176 4179//4179
f 4179//4179 4176//4176 4177//4177
f 4179//4179 4177//4177 4180//4180
f 3765//3765 4174//4174 4181//4181
f 4181//4181 4174//4174 4178//4178
f 4181//4181 4178//4178 4182//4182
f 4182//4182 4178//4178 4179//4179
f 4182//4182 4179//4179 4183//4183
f 4183//4183 4179//4179 4180//4180
f 4183//4183 4180//4180 4184//4184
f 4185//4185 2251//2251 4186//4186
f 4187//4187 4188//4188 4185//4185
f 4151//4151 2265//2265 4189//4189
f 4190//4190 4151//4151 4191//4191
f 4191//4191 4151//4151 4189//4189
f 4191//4191 4189//4189 4188//4188
f 4192//4192 4142//4142 4193//4193
f 4193//4193 4142//4142 4144//4144
f 4193//4193 4144//4144 4190//4190
f 4190//4190 4144//4144 4145//4145
f 4190//4190 4145//4145 4151//4151
f 4149//4149 4147//4147 4192//4192
f 4192//4192 4147//4147 4146//4146
f 4192//4192 4146//4146 4142//4142
f 4192//4192 4194//4194 4149//4149
f 4149//4149 4194//4194 4195//4195
f 4149//4149 4195//4195 4150//4150
f 4150//4150 4195//4195 4196//4196
f 4197//4197 4107//4107 4196//4196
f 4196//4196 4107//4107 4106//4106
f 4196//4196 4106//4106 4150//4150
f 4198//4198 4141//4141 4199//4199
f 4199//4199 4141//4141 4140//4140
f 4199//4199 4140//4140 4197//4197
f 4197//4197 4140//4140 4139//4139
f 4197//4197 4139//4139 4107//4107
f 4200//4200 4110//4110 4198//4198
f 4198//4198 4110//4110 4109//4109
f 4198//4198 4109//4109 4141//4141
f 4113//4113 4112//4112 4201//4201
f 4201//4201 4112//4112 4137//4137
f 4201//4201 4137//4137 4202//4202
f 4202//4202 4137//4137 4136//4136
f 4202//4202 4136//4136 4200//4200
f 4200//4200 4136//4136 4135//4135
f 4200//4200 4135//4135 4110//4110
f 4113//4113 4201//4201 4172//4172
f 4172//4172 4201//4201 4203//4203
f 4172//4172 4203//4203 4126//4126
f 4126//4126 4203//4203 4204//4204
f 4126//4126 4204//4204 4127//4127
f 4127//4127 4204//4204 4129//4129
f 4129//4129 4204//4204 4205//4205
f 4129//4129 4205//4205 4130//4130
f 4185//4185 4186//4186 4187//4187
f 4187//4187 4186//4186 4206//4206
f 4187//4187 4206//4206 4207//4207
f 4207//4207 4206//4206 4208//4208
f 4207//4207 4208//4208 4209//4209
f 4209//4209 4208//4208 4210//4210
f 4209//4209 4210//4210 4211//4211
f 4211//4211 4210//4210 4212//4212
f 4211//4211 4212//4212 4213//4213
f 4213//4213 4212//4212 4214//4214
f 4213//4213 4214//4214 4215//4215
f 4215//4215 4214//4214 4216//4216
f 4215//4215 4216//4216 4217//4217
f 4217//4217 4216//4216 4218//4218
f 4217//4217 4218//4218 4219//4219
f 4219//4219 4218//4218 4220//4220
f 4219//4219 4220//4220 4221//4221
f 4221//4221 4220//4220 4222//4222
f 4221//4221 4222//4222 4223//4223
f 4223//4223 4222//4222 4224//4224
f 4223//4223 4224//4224 4225//4225
f 4225//4225 4224//4224 4226//4226
f 4225//4225 4226//4226 4227//4227
f 4227//4227 4226//4226 4228//4228
f 4227//4227 4228//4228 4229//4229
f 4229//4229 4228//4228 4230//4230
f 4229//4229 4230//4230 4231//4231
f 4231//4231 4230//4230 4232//4232
f 4231//4231 4232//4232 4233//4233
f 4233//4233 4232//4232 4234//4234
f 4233//4233 4234//4234 4235//4235
f 4235//4235 4234//4234 4236//4236
f 4235//4235 4236//4236 4237//4237
f 4237//4237 4236//4236 4238//4238
f 4237//4237 4238//4238 4239//4239
f 4188//4188 4187//4187 4191//4191
f 4191//4191 4187//4187 4207//4207
f 4191//4191 4207//4207 4190//4190
f 4190//4190 4207//4207 4209//4209
f 4190//4190 4209//4209 4193//4193
f 4193//4193 4209//4209 4211//4211
f 4193//4193 4211//4211 4192//4192
f 4192//4192 4211//4211 4213//4213
f 4192//4192 4213//4213 4194//4194
f 4194//4194 4213//4213 4215//4215
f 4194//4194 4215//4215 4195//4195
f 4195//4195 4215//4215 4217//4217
f 4195//4195 4217//4217 4196//4196
f 4196//4196 4217//4217 4219//4219
f 4196//4196 4219//4219 4197//4197
f 4197//4197 4219//4219 4221//4221
f 4197//4197 4221//4221 4199//4199
f 4199//4199 4221//4221 4223//4223
f 4199//4199 4223//4223 4198//4198
f 4198//4198 4223//4223 4225//4225
f 4198//4198 4225//4225 4200//4200
f 4200//4200 4225//4225 4227//4227
f 4200//4200 4227//4227 4202//4202
f 4202//4202 4227//4227 4229//4229
f 4202//4202 4229//4229 4201//4201
f 4201//4201 4229//4229 4231//4231
f 4201//4201 4231//4231 4203//4203
f 4203//4203 4231//4231 4233//4233
f 4203//4203 4233//4233 4204//4204
f 4204//4204 4233//4233 4235//4235
f 4204//4204 4235//4235 4205//4205
f 4205//4205 4235//4235 4237//4237
f 4205//4205 4237//4237 4240//4240
f 4240//4240 4237//4237 4239//4239
f 4240//4240 4239//4239 4241//4241
f 4123//4123 4122//4122 4241//4241
f 4241//4241 4122//4122 4121//4121
f 4241//4241 4121//4121 4240//4240
f 4240//4240 4121//4121 4132//4132
f 4240//4240 4132//4132 4205//4205
f 4205//4205 4132//4132 4131//4131
f 4205//4205 4131//4131 4130//4130
f 4124//4124 4123//4123 4177//4177
f 4177//4177 4123//4123 4241//4241
f 4177//4177 4241//4241 4180//4180
f 4180//4180 4241//4241 4239//4239
f 4180//4180 4239//4239 4184//4184
f 4184//4184 4239//4239 4238//4238
f 4242//4242 4243//4243 4244//4244
f 4242//4242 4244//4244 4245//4245
f 4245//4245 4244//4244 4246//4246
f 4245//4245 4246//4246 4247//4247
f 4247//4247 4246//4246 4248//4248
f 4247//4247 4248//4248 4249//4249
f 4250//4250 4242//4242 4245//4245
f 4251//4251 4252//4252 4253//4253
f 4253//4253 4252//4252 4254//4254
f 4253//4253 4254//4254 4255//4255
f 4255//4255 4254//4254 4256//4256
f 4255//4255 4256//4256 4257//4257
f 4257//4257 4256//4256 4258//4258
f 4249//4249 4251//4251 4247//4247
f 4247//4247 4251//4251 4253//4253
f 4247//4247 4253//4253 4245//4245
f 4245//4245 4253//4253 4255//4255
f 4245//4245 4255//4255 4250//4250
f 4250//4250 4255//4255 4257//4257
f 4259//4259 4258//4258 4256//4256
f 4259//4259 4256//4256 4260//4260
f 4260//4260 4256//4256 4254//4254
f 4260//4260 4254//4254 4261//4261
f 4261//4261 4254//4254 4252//4252
f 4261//4261 4252//4252 4262//4262
f 4261//4261 4262//4262 4263//4263
f 4260//4260 4261//4261 4264//4264
f 4259//4259 4260//4260 4265//4265
f 4259//4259 4265//4265 4266//4266
f 4266//4266 4265//4265 4267//4267
f 4266//4266 4267//4267 4268//4268
f 4268//4268 4267//4267 4269//4269
f 4268//4268 4269//4269 4270//4270
f 4270//4270 4269//4269 4271//4271
f 4271//4271 4269//4269 4272//4272
f 4271//4271 4272//4272 4273//4273
f 4273//4273 4272//4272 4274//4274
f 4273//4273 4274//4274 4275//4275
f 4275//4275 4274//4274 4276//4276
f 4275//4275 4276//4276 4277//4277
f 4261//4261 4263//4263 4264//4264
f 4264//4264 4263//4263 4278//4278
f 4264//4264 4278//4278 4279//4279
f 4279//4279 4278//4278 4280//4280
f 4279//4279 4280//4280 4281//4281
f 4281//4281 4280//4280 4282//4282
f 4281//4281 4282//4282 4283//4283
f 4283//4283 4282//4282 4284//4284
f 4283//4283 4284//4284 4285//4285
f 4285//4285 4284//4284 4286//4286
f 4285//4285 4286//4286 4287//4287
f 4287//4287 4286//4286 4288//4288
f 4287//4287 4288//4288 4289//4289
f 4289//4289 4288//4288 4290//4290
f 4289//4289 4290//4290 4291//4291
f 4291//4291 4290//4290 4292//4292
f 4291//4291 4292//4292 4293//4293
f 4260//4260 4264//4264 4265//4265
f 4265//4265 4264//4264 4279//4279
f 4265//4265 4279//4279 4267//4267
f 4267//4267 4279//4279 4281//4281
f 4267//4267 4281//4281 4269//4269
f 4269//4269 4281//4281 4283//4283
f 4269//4269 4283//4283 4272//4272
f 4272//4272 4283//4283 4285//4285
f 4272//4272 4285//4285 4274//4274
f 4274//4274 4285//4285 4287//4287
f 4274//4274 4287//4287 4276//4276
f 4276//4276 4287//4287 4289//4289
f 4276//4276 4289//4289 4294//4294
f 4294//4294 4289//4289 4291//4291
f 4294//4294 4291//4291 4295//4295
f 4295//4295 4291//4291 4293//4293
f 4295//4295 4293//4293 4296//4296
f 4277//4277 4276//4276 4297//4297
f 4297//4297 4276//4276 4294//4294
f 4297//4297 4294//4294 4298//4298
f 4298//4298 4294//4294 4295//4295
f 4298//4298 4295//4295 4299//4299
f 4299//4299 4295//4295 4296//4296
f 4299//4299 4296//4296 4300//4300
f 4301//4301 4302//4302 4303//4303
f 4303//4303 4304//4304 4301//4301
f 4301//4301 4304//4304 4305//4305
f 4301//4301 4305//4305 4306//4306
f 4306//4306 4305//4305 4307//4307
f 4306//4306 4307//4307 4308//4308
f 4307//4307 4309//4309 4308//4308
f 4308//4308 4309//4309 4310//4310
f 4308//4308 4310//4310 4311//4311
f 4311//4311 4310//4310 4312//4312
f 4311//4311 4312//4312 4313//4313
f 4312//4312 4314//4314 4313//4313
f 4313//4313 4314//4314 4315//4315
f 4313//4313 4315//4315 4316//4316
f 4316//4316 4315//4315 4317//4317
f 4316//4316 4317//4317 4318//4318
f 4300//4300 4296//4296 4319//4319
f 4319//4319 4296//4296 4318//4318
f 4319//4319 4318//4318 4320//4320
f 4320//4320 4318//4318 4317//4317
f 4296//4296 4293//4293 4318//4318
f 4318//4318 4293//4293 4321//4321
f 4318//4318 4321//4321 4316//4316
f 4316//4316 4321//4321 4322//4322
f 4316//4316 4322//4322 4313//4313
f 4313//4313 4322//4322 4323//4323
f 4313//4313 4323//4323 4311//4311
f 4311//4311 4323//4323 4324//4324
f 4311//4311 4324//4324 4308//4308
f 4308//4308 4324//4324 4325//4325
f 4308//4308 4325//4325 4306//4306
f 4306//4306 4325//4325 4326//4326
f 4306//4306 4326//4326 4301//4301
f 4301//4301 4326//4326 4327//4327
f 4301//4301 4327//4327 4302//4302
f 4302//4302 4327//4327 4328//4328
f 4293//4293 4292//4292 4321//4321
f 4321//4321 4292//4292 4329//4329
f 4321//4321 4329//4329 4322//4322
f 4322//4322 4329//4329 4330//4330
f 4322//4322 4330//4330 4323//4323
f 4323//4323 4330//4330 4331//4331
f 4323//4323 4331//4331 4324//4324
f 4324//4324 4331//4331 4332//4332
f 4324//4324 4332//4332 4325//4325
f 4325//4325 4332//4332 4333//4333
f 4325//4325 4333//4333 4326//4326
f 4326//4326 4333//4333 4334//4334
f 4326//4326 4334//4334 4327//4327
f 4327//4327 4334//4334 4335//4335
f 4327//4327 4335//4335 4328//4328
f 4328//4328 4335//4335 4336//4336
f 4328//4328 4336//4336 4337//4337
f 4302//4302 4328//4328 4338//4338
f 4303//4303 4302//4302 4339//4339
f 4303//4303 4339//4339 4340//4340
f 4340//4340 4339//4339 4341//4341
f 4340//4340 4341//4341 4342//4342
f 4342//4342 4341//4341 4343//4343
f 4342//4342 4343//4343 4344//4344
f 4344//4344 4343//4343 4345//4345
f 4345//4345 4343//4343 4346//4346
f 4345//4345 4346//4346 4347//4347
f 4347//4347 4346//4346 4348//4348
f 4347//4347 4348//4348 4349//4349
f 4349//4349 4348//4348 4350//4350
f 4349//4349 4350//4350 4351//4351
f 4328//4328 4337//4337 4338//4338
f 4338//4338 4337//4337 4352//4352
f 4338//4338 4352//4352 4353//4353
f 4353//4353 4352//4352 4354//4354
f 4353//4353 4354//4354 4355//4355
f 4355//4355 4354//4354 4356//4356
f 4355//4355 4356//4356 4357//4357
f 4357//4357 4356//4356 4358//4358
f 4357//4357 4358//4358 4359//4359
f 4359//4359 4358//4358 4360//4360
f 4359//4359 4360//4360 4361//4361
f 4361//4361 4360//4360 4362//4362
f 4361//4361 4362//4362 4363//4363
f 4363//4363 4362//4362 4364//4364
f 4363//4363 4364//4364 4365//4365
f 4365//4365 4364//4364 4366//4366
f 4365//4365 4366//4366 4367//4367
f 4302//4302 4338//4338 4339//4339
f 4339//4339 4338//4338 4353//4353
f 4339//4339 4353//4353 4341//4341
f 4341//4341 4353//4353 4355//4355
f 4341//4341 4355//4355 4343//4343
f 4343//4343 4355//4355 4357//4357
f 4343//4343 4357//4357 4346//4346
f 4346//4346 4357//4357 4359//4359
f 4346//4346 4359//4359 4348//4348
f 4348//4348 4359//4359 4361//4361
f 4348//4348 4361//4361 4350//4350
f 4350//4350 4361//4361 4363//4363
f 4350//4350 4363//4363 4368//4368
f 4368//4368 4363//4363 4365//4365
f 4368//4368 4365//4365 4369//4369
f 4369//4369 4365//4365 4367//4367
f 4369//4369 4367//4367 4370//4370
f 4351//4351 4350//4350 4371//4371
f 4371//4371 4350//4350 4368//4368
f 4371//4371 4368//4368 4372//4372
f 4372//4372 4368//4368 4369//4369
f 4372//4372 4369//4369 4373//4373
f 4373//4373 4369//4369 4370//4370
f 4373//4373 4370//4370 4374//4374
f 4375//4375 4374//4374 4370//4370
f 4375//4375 4370//4370 4376//4376
f 4376//4376 4370//4370 4367//4367
f 4376//4376 4367//4367 4377//4377
f 4377//4377 4367//4367 4366//4366
f 4377//4377 4366//4366 4378//4378
f 4379//4379 4375//4375 4376//4376
f 4380//4380 4381//4381 4382//4382
f 4383//4383 4384//4384 4385//4385
f 4385//4385 4384//4384 4386//4386
f 4385//4385 4386//4386 4387//4387
f 4387//4387 4386//4386 4388//4388
f 4380//4380 4382//4382 4389//4389
f 4390//4390 4383//4383 4391//4391
f 4391//4391 4383//4383 4385//4385
f 4391//4391 4385//4385 4382//4382
f 4382//4382 4385//4385 4387//4387
f 4382//4382 4387//4387 4389//4389
f 4389//4389 4387//4387 4388//4388
f 4389//4389 4388//4388 4392//4392
f 4378//4378 4390//4390 4377//4377
f 4377//4377 4390//4390 4391//4391
f 4377//4377 4391//4391 4376//4376
f 4376//4376 4391//4391 4382//4382
f 4376//4376 4382//4382 4379//4379
f 4379//4379 4382//4382 4381//4381
f 4393//4393 4392//4392 4388//4388
f 4393//4393 4388//4388 4394//4394
f 4394//4394 4388//4388 4386//4386
f 4394//4394 4386//4386 4395//4395
f 4395//4395 4386//4386 4384//4384
f 4395//4395 4384//4384 4396//4396
f 4397//4397 4398//4398 4399//4399
f 4398//4398 4397//4397 4400//4400
f 4401//4401 4402//4402 4403//4403
f 4403//4403 4402//4402 4404//4404
f 4404//4404 4402//4402 4405//4405
f 4405//4405 4402//4402 4406//4406
f 4405//4405 4406//4406 4407//4407
f 4407//4407 4406//4406 4408//4408
f 4407//4407 4408//4408 4409//4409
f 4409//4409 4408//4408 4410//4410
f 4409//4409 4410//4410 4411//4411
f 4411//4411 4410//4410 4412//4412
f 4411//4411 4412//4412 4413//4413
f 4413//4413 4412//4412 4414//4414
f 4414//4414 4412//4412 4415//4415
f 4414//4414 4415//4415 4416//4416
f 4417//4417 4418//4418 4419//4419
f 4419//4419 4418//4418 4420//4420
f 4419//4419 4420//4420 4421//4421
f 4421//4421 4420//4420 4422//4422
f 4421//4421 4422//4422 4399//4399
f 4399//4399 4422//4422 4423//4423
f 4399//4399 4423//4423 4397//4397
f 4424//4424 4425//4425 4426//4426
f 4427//4427 4421//4421 4428//4428
f 4428//4428 4421//4421 4399//4399
f 4428//4428 4399//4399 4429//4429
f 4429//4429 4399//4399 4398//4398
f 4429//4429 4398//4398 4416//4416
f 4416//4416 4398//4398 4400//4400
f 4416//4416 4400//4400 4414//4414
f 4426//4426 4417//4417 4424//4424
f 4424//4424 4417//4417 4419//4419
f 4424//4424 4419//4419 4430//4430
f 4430//4430 4419//4419 4421//4421
f 4430//4430 4421//4421 4431//4431
f 4431//4431 4421//4421 4427//4427
f 4396//4396 4425//4425 4395//4395
f 4395//4395 4425//4425 4424//4424
f 4395//4395 4424//4424 4394//4394
f 4394//4394 4424//4424 4430//4430
f 4394//4394 4430//4430 4393//4393
f 4393//4393 4430//4430 4431//4431
f 4417//4417 4426//4426 4432//4432
f 4420//4420 4418//4418 4433//4433
f 4413//4413 4414//4414 4434//4434
f 4401//4401 4403//4403 4435//4435
f 4435//4435 4403//4403 4404//4404
f 4405//4405 4436//4436 4404//4404
f 4404//4404 4436//4436 4437//4437
f 4404//4404 4437//4437 4435//4435
f 4405//4405 4407//4407 4436//4436
f 4436//4436 4407//4407 4409//4409
f 4436//4436 4409//4409 4434//4434
f 4434//4434 4409//4409 4411//4411
f 4434//4434 4411//4411 4413//4413
f 4401//4401 4435//4435 4438//4438
f 4438//4438 4435//4435 4437//4437
f 4438//4438 4437//4437 4439//4439
f 4439//4439 4437//4437 4436//4436
f 4439//4439 4436//4436 4440//4440
f 4440//4440 4436//4436 4434//4434
f 4440//4440 4434//4434 4441//4441
f 4441//4441 4442//4442 4440//4440
f 4440//4440 4442//4442 4443//4443
f 4440//4440 4443//4443 4439//4439
f 4439//4439 4443//4443 4444//4444
f 4439//4439 4444//4444 4438//4438
f 4438//4438 4444//4444 4401//4401
f 4400//4400 4397//4397 4445//4445
f 4445//4445 4397//4397 4423//4423
f 4445//4445 4423//4423 4422//4422
f 4446//4446 4447//4447 4441//4441
f 4441//4441 4447//4447 4448//4448
f 4441//4441 4448//4448 4442//4442
f 4449//4449 4450//4450 4433//4433
f 4433//4433 4450//4450 4445//4445
f 4433//4433 4445//4445 4420//4420
f 4420//4420 4445//4445 4422//4422
f 4414//4414 4400//4400 4434//4434
f 4434//4434 4400//4400 4445//4445
f 4434//4434 4445//4445 4441//4441
f 4441//4441 4445//4445 4450//4450
f 4441//4441 4450//4450 4446//4446
f 4446//4446 4450//4450 4449//4449
f 4446//4446 4449//4449 4451//4451
f 4451//4451 4449//4449 4452//4452
f 4453//4453 4452//4452 4454//4454
f 4454//4454 4452//4452 4449//4449
f 4454//4454 4449//4449 4432//4432
f 4432//4432 4449//4449 4433//4433
f 4432//4432 4433//4433 4417//4417
f 4417//4417 4433//4433 4418//4418
f 4455//4455 4456//4456 4457//4457
f 4457//4457 4456//4456 4458//4458
f 4457//4457 4458//4458 4459//4459
f 4460//4460 4461//4461 4462//4462
f 4432//4432 4426//4426 4463//4463
f 4454//4454 4432//4432 4464//4464
f 4465//4465 4466//4466 4467//4467
f 4467//4467 4466//4466 4468//4468
f 4467//4467 4468//4468 4454//4454
f 4454//4454 4468//4468 4469//4469
f 4454//4454 4469//4469 4453//4453
f 4470//4470 4471//4471 4472//4472
f 4472//4472 4471//4471 4473//4473
f 4472//4472 4473//4473 4474//4474
f 4474//4474 4473//4473 4475//4475
f 4474//4474 4475//4475 4465//4465
f 4465//4465 4475//4475 4476//4476
f 4465//4465 4476//4476 4466//4466
f 4432//4432 4463//4463 4464//4464
f 4464//4464 4463//4463 4477//4477
f 4464//4464 4477//4477 4478//4478
f 4478//4478 4477//4477 4479//4479
f 4478//4478 4479//4479 4480//4480
f 4480//4480 4479//4479 4481//4481
f 4480//4480 4481//4481 4482//4482
f 4482//4482 4481//4481 4483//4483
f 4482//4482 4483//4483 4484//4484
f 4484//4484 4483//4483 4460//4460
f 4484//4484 4460//4460 4485//4485
f 4485//4485 4460//4460 4462//4462
f 4485//4485 4462//4462 4486//4486
f 4454//4454 4464//4464 4467//4467
f 4467//4467 4464//4464 4478//4478
f 4467//4467 4478//4478 4465//4465
f 4465//4465 4478//4478 4480//4480
f 4465//4465 4480//4480 4474//4474
f 4474//4474 4480//4480 4482//4482
f 4474//4474 4482//4482 4472//4472
f 4472//4472 4482//4482 4484//4484
f 4472//4472 4484//4484 4487//4487
f 4487//4487 4484//4484 4485//4485
f 4487//4487 4485//4485 4457//4457
f 4457//4457 4485//4485 4486//4486
f 4457//4457 4486//4486 4455//4455
f 4470//4470 4472//4472 4488//4488
f 4488//4488 4472//4472 4487//4487
f 4488//4488 4487//4487 4489//4489
f 4489//4489 4487//4487 4457//4457
f 4489//4489 4457//4457 4490//4490
f 4490//4490 4457//4457 4459//4459
f 4490//4490 4459//4459 4491//4491
f 4492//4492 4493//4493 4494//4494
f 4495//4495 4496//4496 4497//4497
f 4497//4497 4496//4496 4498//4498
f 4498//4498 4496//4496 4499//4499
f 4498//4498 4499//4499 4500//4500
f 4494//4494 4501//4501 4492//4492
f 4492//4492 4501//4501 4502//4502
f 4492//4492 4502//4502 4499//4499
f 4499//4499 4502//4502 4503//4503
f 4499//4499 4503//4503 4500//4500
f 4504//4504 4505//4505 4506//4506
f 4506//4506 4505//4505 4495//4495
f 4506//4506 4495//4495 4507//4507
f 4507//4507 4495//4495 4497//4497
f 4508//4508 4494//4494 4509//4509
f 4509//4509 4494//4494 4493//4493
f 4509//4509 4493//4493 4510//4510
f 4511//4511 4512//4512 4513//4513
f 4514//4514 4515//4515 4516//4516
f 4517//4517 4514//4514 4518//4518
f 4519//4519 4520//4520 4518//4518
f 4518//4518 4520//4520 4521//4521
f 4518//4518 4521//4521 4517//4517
f 4522//4522 4523//4523 4524//4524
f 4524//4524 4523//4523 4525//4525
f 4524//4524 4525//4525 4519//4519
f 4526//4526 4527//4527 4528//4528
f 4528//4528 4529//4529 4530//4530
f 4530//4530 4529//4529 4531//4531
f 4530//4530 4531//4531 4522//4522
f 4532//4532 4533//4533 4534//4534
f 4534//4534 4533//4533 4535//4535
f 4536//4536 4537//4537 4538//4538
f 4538//4538 4537//4537 4539//4539
f 4540//4540 4541//4541 4542//4542
f 4542//4542 4541//4541 4543//4543
f 4542//4542 4543//4543 4544//4544
f 4514//4514 4516//4516 4518//4518
f 4518//4518 4516//4516 4545//4545
f 4518//4518 4545//4545 4546//4546
f 4546//4546 4545//4545 4547//4547
f 4546//4546 4547//4547 4548//4548
f 4548//4548 4547//4547 4549//4549
f 4548//4548 4549//4549 4550//4550
f 4550//4550 4549//4549 4551//4551
f 4550//4550 4551//4551 4552//4552
f 4552//4552 4551//4551 4553//4553
f 4552//4552 4553//4553 4554//4554
f 4554//4554 4553//4553 4555//4555
f 4554//4554 4555//4555 4556//4556
f 4556//4556 4555//4555 4557//4557
f 4556//4556 4557//4557 4558//4558
f 4558//4558 4557//4557 4559//4559
f 4558//4558 4559//4559 4560//4560
f 4560//4560 4559//4559 4561//4561
f 4560//4560 4561//4561 4562//4562
f 4562//4562 4561//4561 4563//4563
f 4562//4562 4563//4563 4564//4564
f 4564//4564 4563//4563 4565//4565
f 4564//4564 4565//4565 4566//4566
f 4566//4566 4565//4565 4567//4567
f 4566//4566 4567//4567 4568//4568
f 4568//4568 4567//4567 4569//4569
f 4568//4568 4569//4569 4542//4542
f 4542//4542 4569//4569 4570//4570
f 4542//4542 4570//4570 4540//4540
f 4519//4519 4518//4518 4524//4524
f 4524//4524 4518//4518 4546//4546
f 4524//4524 4546//4546 4571//4571
f 4571//4571 4546//4546 4548//4548
f 4571//4571 4548//4548 4572//4572
f 4572//4572 4548//4548 4550//4550
f 4572//4572 4550//4550 4573//4573
f 4573//4573 4550//4550 4552//4552
f 4573//4573 4552//4552 4574//4574
f 4574//4574 4552//4552 4554//4554
f 4574//4574 4554//4554 4575//4575
f 4575//4575 4554//4554 4556//4556
f 4575//4575 4556//4556 4576//4576
f 4576//4576 4556//4556 4558//4558
f 4576//4576 4558//4558 4577//4577
f 4577//4577 4558//4558 4560//4560
f 4577//4577 4560//4560 4578//4578
f 4578//4578 4560//4560 4562//4562
f 4578//4578 4562//4562 4579//4579
f 4579//4579 4562//4562 4564//4564
f 4579//4579 4564//4564 4580//4580
f 4580//4580 4564//4564 4566//4566
f 4580//4580 4566//4566 4581//4581
f 4581//4581 4566//4566 4568//4568
f 4581//4581 4568//4568 4582//4582
f 4582//4582 4568//4568 4542//4542
f 4582//4582 4542//4542 4538//4538
f 4538//4538 4542//4542 4544//4544
f 4538//4538 4544//4544 4536//4536
f 4522//4522 4524//4524 4530//4530
f 4530//4530 4524//4524 4571//4571
f 4530//4530 4571//4571 4583//4583
f 4583//4583 4571//4571 4572//4572
f 4583//4583 4572//4572 4584//4584
f 4584//4584 4572//4572 4573//4573
f 4584//4584 4573//4573 4585//4585
f 4585//4585 4573//4573 4574//4574
f 4585//4585 4574//4574 4586//4586
f 4586//4586 4574//4574 4575//4575
f 4586//4586 4575//4575 4587//4587
f 4587//4587 4575//4575 4576//4576
f 4587//4587 4576//4576 4588//4588
f 4588//4588 4576//4576 4577//4577
f 4588//4588 4577//4577 4589//4589
f 4589//4589 4577//4577 4578//4578
f 4589//4589 4578//4578 4590//4590
f 4590//4590 4578//4578 4579//4579
f 4590//4590 4579//4579 4591//4591
f 4591//4591 4579//4579 4580//4580
f 4591//4591 4580//4580 4592//4592
f 4592//4592 4580//4580 4581//4581
f 4592//4592 4581//4581 4593//4593
f 4593//4593 4581//4581 4582//4582
f 4593//4593 4582//4582 4594//4594
f 4594//4594 4582//4582 4538//4538
f 4594//4594 4538//4538 4534//4534
f 4534//4534 4538//4538 4539//4539
f 4534//4534 4539//4539 4532//4532
f 4528//4528 4530//4530 4526//4526
f 4526//4526 4530//4530 4583//4583
f 4526//4526 4583//4583 4595//4595
f 4595//4595 4583//4583 4584//4584
f 4595//4595 4584//4584 4596//4596
f 4596//4596 4584//4584 4585//4585
f 4596//4596 4585//4585 4597//4597
f 4597//4597 4585//4585 4586//4586
f 4597//4597 4586//4586 4598//4598
f 4598//4598 4586//4586 4587//4587
f 4598//4598 4587//4587 4599//4599
f 4599//4599 4587//4587 4588//4588
f 4599//4599 4588//4588 4600//4600
f 4600//4600 4588//4588 4589//4589
f 4600//4600 4589//4589 4601//4601
f 4601//4601 4589//4589 4590//4590
f 4601//4601 4590//4590 4602//4602
f 4602//4602 4590//4590 4591//4591
f 4602//4602 4591//4591 4603//4603
f 4603//4603 4591//4591 4592//4592
f 4603//4603 4592//4592 4604//4604
f 4604//4604 4592//4592 4593//4593
f 4604//4604 4593//4593 4605//4605
f 4605//4605 4593//4593 4594//4594
f 4605//4605 4594//4594 4606//4606
f 4606//4606 4594//4594 4534//4534
f 4606//4606 4534//4534 4513//4513
f 4513//4513 4534//4534 4535//4535
f 4513//4513 4535//4535 4511//4511
f 4607//4607 4549//4549 4547//4547
f 4607//4607 4608//4608 4549//4549
f 4549//4549 4608//4608 4609//4609
f 4549//4549 4609//4609 4551//4551
f 4551//4551 4609//4609 4610//4610
f 4551//4551 4610//4610 4553//4553
f 4553//4553 4610//4610 4611//4611
f 4553//4553 4611//4611 4555//4555
f 4555//4555 4611//4611 4612//4612
f 4555//4555 4612//4612 4557//4557
f 4557//4557 4612//4612 4613//4613
f 4557//4557 4613//4613 4559//4559
f 4559//4559 4613//4613 4614//4614
f 4559//4559 4614//4614 4561//4561
f 4561//4561 4614//4614 4615//4615
f 4561//4561 4615//4615 4563//4563
f 4563//4563 4615//4615 4616//4616
f 4563//4563 4616//4616 4565//4565
f 4565//4565 4616//4616 4617//4617
f 4565//4565 4617//4617 4567//4567
f 4567//4567 4617//4617 4618//4618
f 4567//4567 4618//4618 4569//4569
f 4569//4569 4618//4618 4570//4570
f 4515//4515 4619//4619 4516//4516
f 4516//4516 4619//4619 4620//4620
f 4516//4516 4620//4620 4545//4545
f 4620//4620 4621//4621 4545//4545
f 4545//4545 4621//4621 4622//4622
f 4545//4545 4622//4622 4547//4547
f 4547//4547 4622//4622 4623//4623
f 4547//4547 4623//4623 4607//4607
f 4619//4619 4624//4624 4625//4625
f 4626//4626 4618//4618 4627//4627
f 4627//4627 4618//4618 4617//4617
f 4627//4627 4617//4617 4628//4628
f 4628//4628 4617//4617 4616//4616
f 4628//4628 4616//4616 4629//4629
f 4629//4629 4616//4616 4615//4615
f 4629//4629 4615//4615 4630//4630
f 4630//4630 4615//4615 4614//4614
f 4630//4630 4614//4614 4631//4631
f 4631//4631 4614//4614 4613//4613
f 4631//4631 4613//4613 4632//4632
f 4632//4632 4613//4613 4612//4612
f 4632//4632 4612//4612 4633//4633
f 4633//4633 4612//4612 4611//4611
f 4633//4633 4611//4611 4634//4634
f 4634//4634 4611//4611 4610//4610
f 4634//4634 4610//4610 4635//4635
f 4635//4635 4610//4610 4609//4609
f 4635//4635 4609//4609 4636//4636
f 4636//4636 4609//4609 4608//4608
f 4636//4636 4608//4608 4637//4637
f 4637//4637 4608//4608 4607//4607
f 4637//4637 4607//4607 4638//4638
f 4638//4638 4607//4607 4623//4623
f 4638//4638 4623//4623 4639//4639
f 4639//4639 4623//4623 4622//4622
f 4639//4639 4622//4622 4640//4640
f 4640//4640 4622//4622 4621//4621
f 4640//4640 4621//4621 4625//4625
f 4625//4625 4621//4621 4620//4620
f 4625//4625 4620//4620 4619//4619
f 4641//4641 4642//4642 4643//4643
f 4644//4644 4645//4645 4646//4646
f 4647//4647 4648//4648 4649//4649
f 4649//4649 4648//4648 4650//4650
f 4649//4649 4650//4650 4646//4646
f 4646//4646 4650//4650 4651//4651
f 4646//4646 4651//4651 4644//4644
f 4652//4652 4653//4653 4654//4654
f 4654//4654 4653//4653 4655//4655
f 4654//4654 4655//4655 4656//4656
f 4643//4643 4642//4642 4654//4654
f 4654//4654 4642//4642 4657//4657
f 4654//4654 4657//4657 4652//4652
f 4641//4641 4643//4643 4658//4658
f 4658//4658 4643//4643 4659//4659
f 4658//4658 4659//4659 4660//4660
f 4655//4655 4647//4647 4656//4656
f 4656//4656 4647//4647 4649//4649
f 4656//4656 4649//4649 4661//4661
f 4661//4661 4649//4649 4646//4646
f 4662//4662 4659//4659 4643//4643
f 4663//4663 4664//4664 4665//4665
f 4666//4666 4667//4667 4668//4668
f 4668//4668 4667//4667 4669//4669
f 4668//4668 4669//4669 4670//4670
f 4669//4669 4671//4671 4670//4670
f 4670//4670 4671//4671 4672//4672
f 4670//4670 4672//4672 4673//4673
f 4673//4673 4672//4672 4674//4674
f 4673//4673 4674//4674 4675//4675
f 4675//4675 4674//4674 4676//4676
f 4676//4676 4674//4674 4677//4677
f 4676//4676 4677//4677 4678//4678
f 4679//4679 4680//4680 4681//4681
f 4681//4681 4680//4680 4682//4682
f 4681//4681 4682//4682 4668//4668
f 4668//4668 4682//4682 4683//4683
f 4668//4668 4683//4683 4666//4666
f 4679//4679 4681//4681 4684//4684
f 4684//4684 4681//4681 4685//4685
f 4684//4684 4685//4685 4686//4686
f 4687//4687 4688//4688 4689//4689
f 4689//4689 4688//4688 4690//4690
f 4691//4691 4692//4692 4686//4686
f 4686//4686 4692//4692 4693//4693
f 4686//4686 4693//4693 4684//4684
f 4694//4694 4685//4685 4695//4695
f 4695//4695 4685//4685 4681//4681
f 4695//4695 4681//4681 4665//4665
f 4665//4665 4681//4681 4668//4668
f 4665//4665 4668//4668 4663//4663
f 4663//4663 4668//4668 4670//4670
f 4656//4656 4694//4694 4654//4654
f 4654//4654 4694//4694 4695//4695
f 4654//4654 4695//4695 4643//4643
f 4643//4643 4695//4695 4665//4665
f 4643//4643 4665//4665 4662//4662
f 4662//4662 4665//4665 4664//4664
f 4690//4690 4691//4691 4689//4689
f 4689//4689 4691//4691 4686//4686
f 4689//4689 4686//4686 4696//4696
f 4696//4696 4686//4686 4685//4685
f 4696//4696 4685//4685 4697//4697
f 4697//4697 4685//4685 4694//4694
f 4697//4697 4694//4694 4698//4698
f 4698//4698 4694//4694 4656//4656
f 4698//4698 4656//4656 4661//4661
f 4699//4699 4696//4696 4700//4700
f 4700//4700 4696//4696 4697//4697
f 4700//4700 4697//4697 4701//4701
f 4701//4701 4697//4697 4698//4698
f 4701//4701 4698//4698 2174//2174
f 2174//2174 4698//4698 4661//4661
f 4702//4702 4703//4703 4699//4699
f 4699//4699 4703//4703 4704//4704
f 4699//4699 4704//4704 4696//4696
f 4696//4696 4704//4704 4705//4705
f 4696//4696 4705//4705 4689//4689
f 4689//4689 4705//4705 4687//4687
f 530//530 533//533 4706//4706
f 4706//4706 533//533 4707//4707
f 4706//4706 4707//4707 4708//4708
f 4708//4708 4707//4707 4709//4709
f 4708//4708 4709//4709 4710//4710
f 4710//4710 4709//4709 4711//4711
f 4710//4710 4711//4711 4712//4712
f 4712//4712 4711//4711 4713//4713
f 4712//4712 4713//4713 4714//4714
f 4714//4714 4713//4713 4715//4715
f 4714//4714 4715//4715 4716//4716
f 4716//4716 4715//4715 4717//4717
f 4716//4716 4717//4717 4718//4718
f 4718//4718 4717//4717 4719//4719
f 4718//4718 4719//4719 4720//4720
f 4720//4720 4719//4719 4721//4721
f 4720//4720 4721//4721 4722//4722
f 4722//4722 4721//4721 4723//4723
f 4722//4722 4723//4723 4724//4724
f 4724//4724 4723//4723 4725//4725
f 4724//4724 4725//4725 4726//4726
f 4726//4726 4725//4725 4727//4727
f 4726//4726 4727//4727 4728//4728
f 4728//4728 4727//4727 4729//4729
f 4728//4728 4729//4729 4730//4730
f 4730//4730 4729//4729 4731//4731
f 4730//4730 4731//4731 4702//4702
f 4702//4702 4731//4731 4732//4732
f 4702//4702 4732//4732 4703//4703
f 4733//4733 4734//4734 4624//4624
f 4624//4624 4734//4734 2174//2174
f 2174//2174 4661//4661 4646//4646
f 4627//4627 2174//2174 4626//4626
f 4626//4626 2174//2174 4646//4646
f 4626//4626 4646//4646 4645//4645
f 4627//4627 4628//4628 2174//2174
f 2174//2174 4628//4628 4629//4629
f 2174//2174 4629//4629 4630//4630
f 4633//4633 4634//4634 2174//2174
f 2174//2174 4634//4634 4635//4635
f 2174//2174 4635//4635 4636//4636
f 4630//4630 4631//4631 2174//2174
f 2174//2174 4631//4631 4632//4632
f 2174//2174 4632//4632 4633//4633
f 4636//4636 4637//4637 2174//2174
f 2174//2174 4637//4637 4638//4638
f 2174//2174 4638//4638 4639//4639
f 4639//4639 4640//4640 2174//2174
f 2174//2174 4640//4640 4625//4625
f 2174//2174 4625//4625 4624//4624
f 4735//4735 4736//4736 4660//4660
f 4660//4660 4736//4736 4512//4512
f 4660//4660 4512//4512 4658//4658
f 4658//4658 4512//4512 4511//4511
f 4658//4658 4511//4511 4641//4641
f 4641//4641 4511//4511 4535//4535
f 4641//4641 4535//4535 4642//4642
f 4642//4642 4535//4535 4533//4533
f 4642//4642 4533//4533 4657//4657
f 4657//4657 4533//4533 4532//4532
f 4657//4657 4532//4532 4652//4652
f 4652//4652 4532//4532 4539//4539
f 4652//4652 4539//4539 4653//4653
f 4653//4653 4539//4539 4537//4537
f 4653//4653 4537//4537 4655//4655
f 4655//4655 4537//4537 4536//4536
f 4655//4655 4536//4536 4647//4647
f 4647//4647 4536//4536 4544//4544
f 4618//4618 4626//4626 4570//4570
f 4570//4570 4626//4626 4645//4645
f 4570//4570 4645//4645 4540//4540
f 4540//4540 4645//4645 4644//4644
f 4540//4540 4644//4644 4541//4541
f 4541//4541 4644//4644 4651//4651
f 4541//4541 4651//4651 4543//4543
f 4543//4543 4651//4651 4650//4650
f 4543//4543 4650//4650 4544//4544
f 4544//4544 4650//4650 4648//4648
f 4544//4544 4648//4648 4647//4647
f 4737//4737 4738//4738 4739//4739
f 4740//4740 4741//4741 4742//4742
f 4743//4743 4740//4740 4744//4744
f 4745//4745 4746//4746 4747//4747
f 4748//4748 4749//4749 4750//4750
f 4751//4751 4752//4752 4753//4753
f 4754//4754 4755//4755 4756//4756
f 4757//4757 4758//4758 4759//4759
f 4760//4760 4761//4761 4762//4762
f 4763//4763 4764//4764 4765//4765
f 4766//4766 4767//4767 4768//4768
f 4768//4768 4767//4767 4769//4769
f 4770//4770 4771//4771 4772//4772
f 4770//4770 4772//4772 4773//4773
f 4773//4773 4772//4772 4774//4774
f 4773//4773 4774//4774 4775//4775
f 4775//4775 4776//4776 4773//4773
f 4773//4773 4776//4776 4777//4777
f 4773//4773 4777//4777 4778//4778
f 4779//4779 4780//4780 4781//4781
f 4781//4781 4780//4780 4782//4782
f 4675//4675 4783//4783 4673//4673
f 4673//4673 4783//4783 4784//4784
f 4673//4673 4784//4784 4670//4670
f 4670//4670 4784//4784 4779//4779
f 4670//4670 4779//4779 4663//4663
f 4663//4663 4779//4779 4781//4781
f 4663//4663 4781//4781 4664//4664
f 4735//4735 4785//4785 4786//4786
f 4786//4786 4785//4785 4787//4787
f 4786//4786 4787//4787 4788//4788
f 4664//4664 4781//4781 4662//4662
f 4662//4662 4781//4781 4785//4785
f 4662//4662 4785//4785 4659//4659
f 4659//4659 4785//4785 4735//4735
f 4659//4659 4735//4735 4660//4660
f 4788//4788 4787//4787 4789//4789
f 4789//4789 4787//4787 4790//4790
f 4789//4789 4790//4790 4791//4791
f 4792//4792 4793//4793 4794//4794
f 4794//4794 4793//4793 4795//4795
f 4796//4796 4797//4797 4798//4798
f 4798//4798 4797//4797 4799//4799
f 4800//4800 4801//4801 4802//4802
f 4802//4802 4801//4801 4803//4803
f 4802//4802 4803//4803 4804//4804
f 4805//4805 4806//4806 4807//4807
f 4807//4807 4808//4808 4805//4805
f 4805//4805 4808//4808 4809//4809
f 4805//4805 4809//4809 4800//4800
f 4810//4810 4811//4811 4812//4812
f 4812//4812 4813//4813 4810//4810
f 4810//4810 4813//4813 4814//4814
f 4810//4810 4814//4814 4806//4806
f 4806//4806 4814//4814 4815//4815
f 4806//4806 4815//4815 4807//4807
f 4816//4816 4817//4817 4818//4818
f 4818//4818 4817//4817 4819//4819
f 4818//4818 4819//4819 4811//4811
f 4811//4811 4819//4819 4820//4820
f 4811//4811 4820//4820 4812//4812
f 4821//4821 4822//4822 4823//4823
f 4824//4824 4825//4825 4826//4826
f 4826//4826 4825//4825 4821//4821
f 4826//4826 4821//4821 4827//4827
f 4827//4827 4821//4821 4823//4823
f 4827//4827 4823//4823 4828//4828
f 4828//4828 4823//4823 4829//4829
f 4828//4828 4829//4829 4830//4830
f 4831//4831 4832//4832 4829//4829
f 4829//4829 4832//4832 4833//4833
f 4829//4829 4833//4833 4830//4830
f 4834//4834 4835//4835 4836//4836
f 4836//4836 4835//4835 4837//4837
f 4836//4836 4837//4837 4831//4831
f 4831//4831 4837//4837 4838//4838
f 4831//4831 4838//4838 4832//4832
f 4839//4839 4840//4840 4841//4841
f 4841//4841 4840//4840 4842//4842
f 4843//4843 4844//4844 4842//4842
f 4842//4842 4844//4844 4845//4845
f 4842//4842 4845//4845 4841//4841
f 4765//4765 4846//4846 4843//4843
f 4843//4843 4846//4846 4847//4847
f 4843//4843 4847//4847 4844//4844
f 4757//4757 4759//4759 4848//4848
f 4849//4849 4850//4850 4848//4848
f 4850//4850 4849//4849 4851//4851
f 4737//4737 4852//4852 4853//4853
f 4748//4748 4750//4750 4853//4853
f 4854//4854 4855//4855 4856//4856
f 4855//4855 4854//4854 4857//4857
f 4857//4857 4854//4854 4858//4858
f 4857//4857 4858//4858 4859//4859
f 4860//4860 4861//4861 4862//4862
f 4862//4862 4863//4863 4860//4860
f 4860//4860 4863//4863 4864//4864
f 4860//4860 4864//4864 4858//4858
f 4858//4858 4864//4864 4865//4865
f 4858//4858 4865//4865 4859//4859
f 4866//4866 4867//4867 4868//4868
f 4868//4868 4867//4867 4869//4869
f 4868//4868 4869//4869 4861//4861
f 4861//4861 4869//4869 4870//4870
f 4861//4861 4870//4870 4862//4862
f 4871//4871 4872//4872 4873//4873
f 4873//4873 4872//4872 4874//4874
f 4873//4873 4874//4874 4875//4875
f 4875//4875 4874//4874 4876//4876
f 4877//4877 4876//4876 4878//4878
f 4878//4878 4876//4876 4874//4874
f 4878//4878 4874//4874 4879//4879
f 4879//4879 4874//4874 4880//4880
f 4881//4881 4882//4882 4874//4874
f 4874//4874 4882//4882 4883//4883
f 4874//4874 4883//4883 4880//4880
f 4884//4884 4885//4885 4886//4886
f 4885//4885 4887//4887 4881//4881
f 4881//4881 4887//4887 4888//4888
f 4881//4881 4888//4888 4882//4882
f 4745//4745 4747//4747 4889//4889
f 4890//4890 4891//4891 4892//4892
f 4893//4893 4894//4894 4895//4895
f 4895//4895 4894//4894 4896//4896
f 4895//4895 4896//4896 4897//4897
f 4897//4897 4896//4896 4898//4898
f 4897//4897 4898//4898 4899//4899
f 4899//4899 4898//4898 4900//4900
f 4899//4899 4900//4900 4892//4892
f 4892//4892 4900//4900 4769//4769
f 4892//4892 4769//4769 4890//4890
f 4890//4890 4769//4769 4767//4767
f 4894//4894 4901//4901 4896//4896
f 4896//4896 4901//4901 4902//4902
f 4896//4896 4902//4902 4898//4898
f 4898//4898 4902//4902 4903//4903
f 4898//4898 4903//4903 4900//4900
f 4900//4900 4903//4903 4773//4773
f 4900//4900 4773//4773 4769//4769
f 4769//4769 4773//4773 4778//4778
f 4769//4769 4778//4778 4768//4768
f 4901//4901 4790//4790 4902//4902
f 4902//4902 4790//4790 4787//4787
f 4902//4902 4787//4787 4903//4903
f 4903//4903 4787//4787 4785//4785
f 4903//4903 4785//4785 4773//4773
f 4773//4773 4785//4785 4781//4781
f 4773//4773 4781//4781 4770//4770
f 4770//4770 4781//4781 4782//4782
f 4770//4770 4782//4782 4771//4771
f 4904//4904 4905//4905 4906//4906
f 4906//4906 4905//4905 4907//4907
f 4906//4906 4907//4907 4908//4908
f 4908//4908 4907//4907 4909//4909
f 4908//4908 4909//4909 4910//4910
f 4910//4910 4909//4909 4798//4798
f 4910//4910 4798//4798 4794//4794
f 4794//4794 4798//4798 4799//4799
f 4794//4794 4799//4799 4792//4792
f 4743//4743 4744//4744 4911//4911
f 4911//4911 4744//4744 4912//4912
f 4911//4911 4912//4912 4913//4913
f 4914//4914 4915//4915 4916//4916
f 4917//4917 4915//4915 4918//4918
f 4918//4918 4915//4915 4914//4914
f 4918//4918 4914//4914 4919//4919
f 4740//4740 4742//4742 4744//4744
f 4744//4744 4742//4742 4920//4920
f 4744//4744 4920//4920 4912//4912
f 4912//4912 4920//4920 4921//4921
f 4912//4912 4921//4921 4913//4913
f 4802//4802 4921//4921 4922//4922
f 4922//4922 4921//4921 4920//4920
f 4922//4922 4920//4920 4917//4917
f 4917//4917 4920//4920 4742//4742
f 4917//4917 4742//4742 4915//4915
f 4915//4915 4742//4742 4741//4741
f 4915//4915 4741//4741 4916//4916
f 4839//4839 4834//4834 4840//4840
f 4840//4840 4834//4834 4836//4836
f 4840//4840 4836//4836 4923//4923
f 4923//4923 4836//4836 4831//4831
f 4923//4923 4831//4831 4924//4924
f 4924//4924 4831//4831 4829//4829
f 4924//4924 4829//4829 4925//4925
f 4925//4925 4829//4829 4823//4823
f 4800//4800 4802//4802 4805//4805
f 4805//4805 4802//4802 4922//4922
f 4805//4805 4922//4922 4806//4806
f 4806//4806 4922//4922 4917//4917
f 4806//4806 4917//4917 4810//4810
f 4810//4810 4917//4917 4918//4918
f 4810//4810 4918//4918 4811//4811
f 4811//4811 4918//4918 4919//4919
f 4811//4811 4919//4919 4818//4818
f 4926//4926 4750//4750 4753//4753
f 4753//4753 4750//4750 4749//4749
f 4753//4753 4749//4749 4751//4751
f 4927//4927 4928//4928 4929//4929
f 4737//4737 4853//4853 4738//4738
f 4738//4738 4853//4853 4750//4750
f 4738//4738 4750//4750 4930//4930
f 4930//4930 4750//4750 4926//4926
f 4930//4930 4926//4926 4931//4931
f 4804//4804 4796//4796 4802//4802
f 4802//4802 4796//4796 4798//4798
f 4802//4802 4798//4798 4921//4921
f 4921//4921 4798//4798 4909//4909
f 4921//4921 4909//4909 4913//4913
f 4913//4913 4909//4909 4907//4907
f 4913//4913 4907//4907 4911//4911
f 4911//4911 4907//4907 4905//4905
f 4911//4911 4905//4905 4743//4743
f 4743//4743 4905//4905 4904//4904
f 4743//4743 4904//4904 4740//4740
f 4740//4740 4904//4904 4928//4928
f 4740//4740 4928//4928 4741//4741
f 4741//4741 4928//4928 4927//4927
f 4741//4741 4927//4927 4916//4916
f 4932//4932 4931//4931 4933//4933
f 4933//4933 4931//4931 4926//4926
f 4933//4933 4926//4926 4934//4934
f 4934//4934 4926//4926 4753//4753
f 4934//4934 4753//4753 4756//4756
f 4756//4756 4753//4753 4752//4752
f 4756//4756 4752//4752 4754//4754
f 4848//4848 4759//4759 4849//4849
f 4849//4849 4759//4759 4935//4935
f 4849//4849 4935//4935 4851//4851
f 4840//4840 4936//4936 4842//4842
f 4842//4842 4936//4936 4937//4937
f 4842//4842 4937//4937 4843//4843
f 4843//4843 4937//4937 4762//4762
f 4843//4843 4762//4762 4765//4765
f 4765//4765 4762//4762 4761//4761
f 4765//4765 4761//4761 4763//4763
f 4938//4938 4932//4932 4939//4939
f 4939//4939 4932//4932 4933//4933
f 4939//4939 4933//4933 4940//4940
f 4940//4940 4933//4933 4934//4934
f 4940//4940 4934//4934 4941//4941
f 4941//4941 4934//4934 4756//4756
f 4941//4941 4756//4756 4935//4935
f 4935//4935 4756//4756 4755//4755
f 4935//4935 4755//4755 4851//4851
f 4925//4925 4938//4938 4924//4924
f 4924//4924 4938//4938 4939//4939
f 4924//4924 4939//4939 4923//4923
f 4923//4923 4939//4939 4940//4940
f 4923//4923 4940//4940 4840//4840
f 4840//4840 4940//4940 4941//4941
f 4840//4840 4941//4941 4936//4936
f 4936//4936 4941//4941 4935//4935
f 4936//4936 4935//4935 4937//4937
f 4937//4937 4935//4935 4759//4759
f 4937//4937 4759//4759 4762//4762
f 4762//4762 4759//4759 4758//4758
f 4762//4762 4758//4758 4760//4760
f 4942//4942 4943//4943 4944//4944
f 4944//4944 4943//4943 4945//4945
f 4944//4944 4945//4945 4886//4886
f 4885//4885 4881//4881 4886//4886
f 4886//4886 4881//4881 4874//4874
f 4886//4886 4874//4874 4944//4944
f 4944//4944 4874//4874 4872//4872
f 4944//4944 4872//4872 4942//4942
f 4942//4942 4872//4872 4871//4871
f 4942//4942 4871//4871 4946//4946
f 4822//4822 4816//4816 4823//4823
f 4823//4823 4816//4816 4818//4818
f 4823//4823 4818//4818 4925//4925
f 4925//4925 4818//4818 4919//4919
f 4925//4925 4919//4919 4938//4938
f 4938//4938 4919//4919 4914//4914
f 4938//4938 4914//4914 4932//4932
f 4932//4932 4914//4914 4916//4916
f 4932//4932 4916//4916 4931//4931
f 4931//4931 4916//4916 4927//4927
f 4931//4931 4927//4927 4930//4930
f 4930//4930 4927//4927 4929//4929
f 4930//4930 4929//4929 4738//4738
f 4738//4738 4929//4929 4947//4947
f 4738//4738 4947//4947 4739//4739
f 4739//4739 4947//4947 4948//4948
f 4739//4739 4948//4948 4949//4949
f 4949//4949 4948//4948 4950//4950
f 4949//4949 4950//4950 4951//4951
f 4951//4951 4950//4950 4952//4952
f 4951//4951 4952//4952 4953//4953
f 4953//4953 4952//4952 4954//4954
f 4953//4953 4954//4954 4955//4955
f 4955//4955 4868//4868 4953//4953
f 4953//4953 4868//4868 4861//4861
f 4953//4953 4861//4861 4951//4951
f 4951//4951 4861//4861 4860//4860
f 4951//4951 4860//4860 4949//4949
f 4949//4949 4860//4860 4858//4858
f 4949//4949 4858//4858 4739//4739
f 4739//4739 4858//4858 4854//4854
f 4739//4739 4854//4854 4737//4737
f 4737//4737 4854//4854 4856//4856
f 4737//4737 4856//4856 4852//4852
f 4746//4746 4884//4884 4747//4747
f 4747//4747 4884//4884 4886//4886
f 4747//4747 4886//4886 4956//4956
f 4956//4956 4886//4886 4945//4945
f 4956//4956 4945//4945 4957//4957
f 4957//4957 4945//4945 4958//4958
f 4957//4957 4958//4958 4959//4959
f 4959//4959 4960//4960 4961//4961
f 4961//4961 4960//4960 4962//4962
f 4963//4963 4962//4962 4964//4964
f 4964//4964 4962//4962 4960//4960
f 4964//4964 4960//4960 4965//4965
f 4965//4965 4960//4960 4959//4959
f 4965//4965 4959//4959 4966//4966
f 4966//4966 4959//4959 4958//4958
f 4967//4967 4968//4968 4969//4969
f 4969//4969 4968//4968 4970//4970
f 4969//4969 4970//4970 4893//4893
f 4963//4963 4967//4967 4962//4962
f 4962//4962 4967//4967 4969//4969
f 4962//4962 4969//4969 4961//4961
f 4961//4961 4969//4969 4893//4893
f 4961//4961 4893//4893 4959//4959
f 4959//4959 4893//4893 4895//4895
f 4959//4959 4895//4895 4957//4957
f 4957//4957 4895//4895 4897//4897
f 4957//4957 4897//4897 4956//4956
f 4956//4956 4897//4897 4899//4899
f 4956//4956 4899//4899 4747//4747
f 4747//4747 4899//4899 4892//4892
f 4747//4747 4892//4892 4889//4889
f 4889//4889 4892//4892 4891//4891
f 4946//4946 4866//4866 4942//4942
f 4942//4942 4866//4866 4868//4868
f 4942//4942 4868//4868 4943//4943
f 4943//4943 4868//4868 4955//4955
f 4943//4943 4955//4955 4945//4945
f 4945//4945 4955//4955 4954//4954
f 4945//4945 4954//4954 4958//4958
f 4958//4958 4954//4954 4952//4952
f 4958//4958 4952//4952 4966//4966
f 4966//4966 4952//4952 4950//4950
f 4966//4966 4950//4950 4965//4965
f 4965//4965 4950//4950 4948//4948
f 4965//4965 4948//4948 4964//4964
f 4964//4964 4948//4948 4947//4947
f 4964//4964 4947//4947 4963//4963
f 4963//4963 4947//4947 4929//4929
f 4963//4963 4929//4929 4967//4967
f 4967//4967 4929//4929 4928//4928
f 4967//4967 4928//4928 4968//4968
f 4968//4968 4928//4928 4904//4904
f 4968//4968 4904//4904 4970//4970
f 4970//4970 4904//4904 4906//4906
f 4970//4970 4906//4906 4893//4893
f 4893//4893 4906//4906 4908//4908
f 4893//4893 4908//4908 4894//4894
f 4894//4894 4908//4908 4910//4910
f 4894//4894 4910//4910 4901//4901
f 4901//4901 4910//4910 4794//4794
f 4901//4901 4794//4794 4790//4790
f 4790//4790 4794//4794 4795//4795
f 4790//4790 4795//4795 4791//4791
f 4971//4971 4972//4972 4973//4973
f 4974//4974 4975//4975 4976//4976
f 4977//4977 4978//4978 4979//4979
f 4980//4980 4981//4981 4982//4982
f 4880//4880 4883//4883 4983//4983
f 4882//4882 4888//4888 4984//4984
f 4985//4985 1648//1648 4986//4986
f 4987//4987 4988//4988 4989//4989
f 4985//4985 4986//4986 4989//4989
f 4988//4988 4987//4987 4990//4990
f 4990//4990 4987//4987 4991//4991
f 4990//4990 4991//4991 4992//4992
f 4993//4993 4994//4994 4991//4991
f 4991//4991 4994//4994 4995//4995
f 4991//4991 4995//4995 4992//4992
f 4996//4996 4997//4997 4998//4998
f 4998//4998 4997//4997 4999//4999
f 4998//4998 4999//4999 4993//4993
f 4993//4993 4999//4999 5000//5000
f 4993//4993 5000//5000 4994//4994
f 4996//4996 4998//4998 5001//5001
f 5001//5001 4998//4998 5002//5002
f 5001//5001 5002//5002 5003//5003
f 5003//5003 5002//5002 5004//5004
f 5004//5004 5002//5002 5005//5005
f 5004//5004 5005//5005 5006//5006
f 5006//5006 5005//5005 5007//5007
f 5007//5007 5005//5005 5008//5008
f 5007//5007 5008//5008 5009//5009
f 5009//5009 5008//5008 5010//5010
f 5010//5010 5008//5008 5011//5011
f 5010//5010 5011//5011 5012//5012
f 5013//5013 5014//5014 5015//5015
f 5015//5015 5014//5014 5016//5016
f 5015//5015 5016//5016 5011//5011
f 5011//5011 5016//5016 5017//5017
f 5011//5011 5017//5017 5012//5012
f 5018//5018 5019//5019 5020//5020
f 5020//5020 5019//5019 5021//5021
f 5020//5020 5021//5021 5022//5022
f 5018//5018 5020//5020 5023//5023
f 5023//5023 5020//5020 5024//5024
f 5023//5023 5024//5024 5025//5025
f 5025//5025 5024//5024 5026//5026
f 5026//5026 5024//5024 5027//5027
f 5026//5026 5027//5027 5028//5028
f 5028//5028 5027//5027 5029//5029
f 5029//5029 5027//5027 5030//5030
f 5029//5029 5030//5030 5031//5031
f 5032//5032 5033//5033 5030//5030
f 5030//5030 5033//5033 5034//5034
f 5030//5030 5034//5034 5031//5031
f 5031//5031 5034//5034 5035//5035
f 5031//5031 5035//5035 5036//5036
f 5037//5037 5038//5038 5039//5039
f 5039//5039 5038//5038 5040//5040
f 5039//5039 5040//5040 5032//5032
f 5032//5032 5040//5040 5041//5041
f 5032//5032 5041//5041 5033//5033
f 5039//5039 4890//4890 5037//5037
f 5037//5037 4890//4890 4767//4767
f 5037//5037 4767//4767 5042//5042
f 5042//5042 4767//4767 4766//4766
f 4745//4745 4889//4889 5039//5039
f 5039//5039 4889//4889 4891//4891
f 5039//5039 4891//4891 4890//4890
f 4887//4887 4885//4885 5043//5043
f 5043//5043 4885//4885 4884//4884
f 5043//5043 4884//4884 4746//4746
f 4880//4880 4983//4983 4879//4879
f 5044//5044 5045//5045 4878//4878
f 4878//4878 5045//5045 4877//4877
f 4982//4982 4981//4981 5044//5044
f 5044//5044 4981//4981 5046//5046
f 5044//5044 5046//5046 5045//5045
f 5047//5047 5048//5048 4982//4982
f 4982//4982 5048//5048 5049//5049
f 4982//4982 5049//5049 4980//4980
f 4979//4979 4978//4978 5050//5050
f 4978//4978 5051//5051 5050//5050
f 5050//5050 5051//5051 5052//5052
f 5050//5050 5052//5052 5047//5047
f 5047//5047 5052//5052 5053//5053
f 5047//5047 5053//5053 5048//5048
f 4977//4977 4979//4979 5054//5054
f 5054//5054 4979//4979 5055//5055
f 5054//5054 5055//5055 5056//5056
f 5056//5056 5055//5055 5057//5057
f 5057//5057 5055//5055 5058//5058
f 5057//5057 5058//5058 5059//5059
f 5059//5059 5058//5058 5060//5060
f 5060//5060 5058//5058 5061//5061
f 5060//5060 5061//5061 5062//5062
f 5062//5062 5061//5061 5063//5063
f 5063//5063 5061//5061 5064//5064
f 5063//5063 5064//5064 5065//5065
f 5066//5066 5067//5067 5064//5064
f 5064//5064 5067//5067 5068//5068
f 5064//5064 5068//5068 5065//5065
f 4976//4976 4975//4975 5069//5069
f 4975//4975 5070//5070 5069//5069
f 5069//5069 5070//5070 5071//5071
f 5069//5069 5071//5071 5066//5066
f 5066//5066 5071//5071 5072//5072
f 5066//5066 5072//5072 5067//5067
f 4974//4974 4976//4976 5073//5073
f 5073//5073 4976//4976 5074//5074
f 5073//5073 5074//5074 5075//5075
f 5075//5075 5074//5074 5076//5076
f 5076//5076 5074//5074 5077//5077
f 5076//5076 5077//5077 5078//5078
f 5078//5078 5077//5077 5079//5079
f 5079//5079 5077//5077 4973//4973
f 5079//5079 4973//4973 5080//5080
f 5080//5080 4973//4973 4972//4972
f 5081//5081 5082//5082 5083//5083
f 4986//4986 5084//5084 5085//5085
f 5085//5085 5084//5084 5086//5086
f 5085//5085 5086//5086 5087//5087
f 5088//5088 5089//5089 5090//5090
f 5090//5090 5089//5089 5091//5091
f 5090//5090 5091//5091 5092//5092
f 5092//5092 5091//5091 5093//5093
f 5092//5092 5093//5093 5043//5043
f 5043//5043 5093//5093 4984//4984
f 5043//5043 4984//4984 4887//4887
f 4887//4887 4984//4984 4888//4888
f 5088//5088 5094//5094 5089//5089
f 5089//5089 5094//5094 5095//5095
f 5089//5089 5095//5095 5091//5091
f 5091//5091 5095//5095 5096//5096
f 5091//5091 5096//5096 5093//5093
f 5093//5093 5096//5096 5097//5097
f 5093//5093 5097//5097 4984//4984
f 4984//4984 5097//5097 4983//4983
f 4984//4984 4983//4983 4882//4882
f 4882//4882 4983//4983 4883//4883
f 4989//4989 4986//4986 4987//4987
f 4987//4987 4986//4986 5085//5085
f 4987//4987 5085//5085 4991//4991
f 4991//4991 5085//5085 5098//5098
f 4991//4991 5098//5098 4993//4993
f 4993//4993 5098//5098 5099//5099
f 4993//4993 5099//5099 4998//4998
f 4998//4998 5099//5099 5100//5100
f 4998//4998 5100//5100 5002//5002
f 5002//5002 5100//5100 5101//5101
f 5002//5002 5101//5101 5005//5005
f 5005//5005 5101//5101 5102//5102
f 5005//5005 5102//5102 5008//5008
f 5008//5008 5102//5102 5103//5103
f 5008//5008 5103//5103 5011//5011
f 5011//5011 5103//5103 5104//5104
f 5011//5011 5104//5104 5015//5015
f 5015//5015 5104//5104 5105//5105
f 5015//5015 5105//5105 5013//5013
f 5013//5013 5105//5105 5106//5106
f 5013//5013 5106//5106 5094//5094
f 5094//5094 5106//5106 5107//5107
f 5094//5094 5107//5107 5095//5095
f 5087//5087 4971//4971 5085//5085
f 5085//5085 4971//4971 4973//4973
f 5085//5085 4973//4973 5098//5098
f 5098//5098 4973//4973 5077//5077
f 5098//5098 5077//5077 5099//5099
f 5099//5099 5077//5077 5074//5074
f 5099//5099 5074//5074 5100//5100
f 5100//5100 5074//5074 4976//4976
f 5100//5100 4976//4976 5101//5101
f 5101//5101 4976//4976 5069//5069
f 5101//5101 5069//5069 5102//5102
f 5102//5102 5069//5069 5066//5066
f 5102//5102 5066//5066 5103//5103
f 5103//5103 5066//5066 5064//5064
f 5103//5103 5064//5064 5104//5104
f 5104//5104 5064//5064 5061//5061
f 5104//5104 5061//5061 5105//5105
f 5105//5105 5061//5061 5058//5058
f 5105//5105 5058//5058 5106//5106
f 5106//5106 5058//5058 5055//5055
f 5106//5106 5055//5055 5107//5107
f 5107//5107 5055//5055 4979//4979
f 5107//5107 4979//4979 5095//5095
f 5095//5095 4979//4979 5050//5050
f 5095//5095 5050//5050 5096//5096
f 5096//5096 5050//5050 5047//5047
f 5096//5096 5047//5047 5097//5097
f 5097//5097 5047//5047 4982//4982
f 5097//5097 4982//4982 4983//4983
f 4983//4983 4982//4982 5044//5044
f 4983//4983 5044//5044 4879//4879
f 4879//4879 5044//5044 4878//4878
f 5022//5022 5014//5014 5020//5020
f 5020//5020 5014//5014 5013//5013
f 5020//5020 5013//5013 5024//5024
f 5024//5024 5013//5013 5094//5094
f 5024//5024 5094//5094 5027//5027
f 5027//5027 5094//5094 5088//5088
f 5027//5027 5088//5088 5030//5030
f 5030//5030 5088//5088 5090//5090
f 5030//5030 5090//5090 5032//5032
f 5032//5032 5090//5090 5092//5092
f 5032//5032 5092//5092 5039//5039
f 5039//5039 5092//5092 5043//5043
f 5039//5039 5043//5043 4745//4745
f 4745//4745 5043//5043 4746//4746
f 5108//5108 1648//1648 4985//4985
f 5109//5109 5110//5110 5108//5108
f 5111//5111 5112//5112 5110//5110
f 5113//5113 1630//1630 5112//5112
f 5108//5108 4985//4985 5109//5109
f 5109//5109 4985//4985 4989//4989
f 5109//5109 4989//4989 5114//5114
f 5114//5114 4989//4989 4988//4988
f 5114//5114 4988//4988 5115//5115
f 5000//5000 5116//5116 5117//5117
f 4988//4988 4990//4990 5115//5115
f 5115//5115 4990//4990 4992//4992
f 5115//5115 4992//4992 5118//5118
f 5118//5118 4992//4992 4995//4995
f 5118//5118 4995//4995 5117//5117
f 5117//5117 4995//4995 4994//4994
f 5117//5117 4994//4994 5000//5000
f 5000//5000 4999//4999 5116//5116
f 5116//5116 4999//4999 4997//4997
f 5116//5116 4997//4997 5119//5119
f 5119//5119 4997//4997 4996//4996
f 5119//5119 4996//4996 5120//5120
f 5009//5009 5121//5121 5122//5122
f 4996//4996 5001//5001 5120//5120
f 5120//5120 5001//5001 5003//5003
f 5120//5120 5003//5003 5123//5123
f 5123//5123 5003//5003 5004//5004
f 5123//5123 5004//5004 5124//5124
f 5124//5124 5004//5004 5006//5006
f 5124//5124 5006//5006 5122//5122
f 5122//5122 5006//5006 5007//5007
f 5122//5122 5007//5007 5009//5009
f 5009//5009 5010//5010 5121//5121
f 5121//5121 5010//5010 5012//5012
f 5121//5121 5012//5012 5125//5125
f 5125//5125 5012//5012 5017//5017
f 5125//5125 5017//5017 5126//5126
f 5017//5017 5016//5016 5126//5126
f 5126//5126 5016//5016 5014//5014
f 5126//5126 5014//5014 5127//5127
f 5127//5127 5014//5014 5022//5022
f 5022//5022 5021//5021 5127//5127
f 5127//5127 5021//5021 5019//5019
f 5127//5127 5019//5019 5128//5128
f 5128//5128 5019//5019 5018//5018
f 5128//5128 5018//5018 5129//5129
f 5029//5029 5130//5130 5028//5028
f 5028//5028 5130//5130 5131//5131
f 5018//5018 5023//5023 5129//5129
f 5129//5129 5023//5023 5025//5025
f 5129//5129 5025//5025 5131//5131
f 5131//5131 5025//5025 5026//5026
f 5131//5131 5026//5026 5028//5028
f 5110//5110 5109//5109 5111//5111
f 5111//5111 5109//5109 5114//5114
f 5111//5111 5114//5114 5132//5132
f 5132//5132 5114//5114 5115//5115
f 5132//5132 5115//5115 5133//5133
f 5133//5133 5115//5115 5118//5118
f 5133//5133 5118//5118 5134//5134
f 5134//5134 5118//5118 5117//5117
f 5134//5134 5117//5117 5135//5135
f 5135//5135 5117//5117 5116//5116
f 5135//5135 5116//5116 5136//5136
f 5136//5136 5116//5116 5119//5119
f 5136//5136 5119//5119 5137//5137
f 5137//5137 5119//5119 5120//5120
f 5137//5137 5120//5120 5138//5138
f 5138//5138 5120//5120 5123//5123
f 5138//5138 5123//5123 5139//5139
f 5139//5139 5123//5123 5124//5124
f 5139//5139 5124//5124 5140//5140
f 5140//5140 5124//5124 5122//5122
f 5140//5140 5122//5122 5141//5141
f 5141//5141 5122//5122 5121//5121
f 5141//5141 5121//5121 5142//5142
f 5142//5142 5121//5121 5125//5125
f 5142//5142 5125//5125 5143//5143
f 5143//5143 5125//5125 5126//5126
f 5143//5143 5126//5126 5144//5144
f 5144//5144 5126//5126 5127//5127
f 5144//5144 5127//5127 5145//5145
f 5145//5145 5127//5127 5128//5128
f 5145//5145 5128//5128 5146//5146
f 5146//5146 5128//5128 5129//5129
f 5146//5146 5129//5129 5147//5147
f 5147//5147 5129//5129 5131//5131
f 5147//5147 5131//5131 5148//5148
f 5148//5148 5131//5131 5130//5130
f 5148//5148 5130//5130 5149//5149
f 5112//5112 5111//5111 5113//5113
f 5113//5113 5111//5111 5132//5132
f 5113//5113 5132//5132 5150//5150
f 5150//5150 5132//5132 5133//5133
f 5150//5150 5133//5133 5151//5151
f 5151//5151 5133//5133 5134//5134
f 5151//5151 5134//5134 5152//5152
f 5152//5152 5134//5134 5135//5135
f 5152//5152 5135//5135 5153//5153
f 5153//5153 5135//5135 5136//5136
f 5153//5153 5136//5136 5154//5154
f 5154//5154 5136//5136 5137//5137
f 5154//5154 5137//5137 5155//5155
f 5155//5155 5137//5137 5138//5138
f 5155//5155 5138//5138 5156//5156
f 5156//5156 5138//5138 5139//5139
f 5156//5156 5139//5139 5157//5157
f 5157//5157 5139//5139 5140//5140
f 5157//5157 5140//5140 5158//5158
f 5158//5158 5140//5140 5141//5141
f 5158//5158 5141//5141 5159//5159
f 5159//5159 5141//5141 5142//5142
f 5159//5159 5142//5142 5160//5160
f 5160//5160 5142//5142 5143//5143
f 5160//5160 5143//5143 5161//5161
f 5161//5161 5143//5143 5144//5144
f 5161//5161 5144//5144 5162//5162
f 5162//5162 5144//5144 5145//5145
f 5162//5162 5145//5145 5163//5163
f 5163//5163 5145//5145 5146//5146
f 5163//5163 5146//5146 5164//5164
f 5164//5164 5146//5146 5147//5147
f 5164//5164 5147//5147 5165//5165
f 5165//5165 5147//5147 5148//5148
f 5165//5165 5148//5148 5166//5166
f 5166//5166 5148//5148 5149//5149
f 5166//5166 5149//5149 5167//5167
f 5163//5163 5168//5168 5162//5162
f 5162//5162 5168//5168 5169//5169
f 5162//5162 5169//5169 5161//5161
f 5163//5163 5164//5164 5168//5168
f 5168//5168 5164//5164 5165//5165
f 5168//5168 5165//5165 5170//5170
f 5170//5170 5165//5165 5166//5166
f 5170//5170 5166//5166 5167//5167
f 5169//5169 1630//1630 5113//5113
f 5158//5158 5159//5159 5169//5169
f 5169//5169 5159//5159 5160//5160
f 5169//5169 5160//5160 5161//5161
f 5152//5152 5153//5153 5169//5169
f 5169//5169 5153//5153 5154//5154
f 5169//5169 5154//5154 5155//5155
f 5155//5155 5156//5156 5169//5169
f 5169//5169 5156//5156 5157//5157
f 5169//5169 5157//5157 5158//5158
f 5113//5113 5150//5150 5169//5169
f 5169//5169 5150//5150 5151//5151
f 5169//5169 5151//5151 5152//5152
f 571//571 5171//5171 5172//5172
f 5172//5172 5171//5171 5173//5173
f 5172//5172 5173//5173 5174//5174
f 5174//5174 5173//5173 5175//5175
f 5174//5174 5175//5175 5176//5176
f 5176//5176 5175//5175 5177//5177
f 5176//5176 5177//5177 5178//5178
f 5178//5178 5177//5177 5179//5179
f 5178//5178 5179//5179 5180//5180
f 5180//5180 5179//5179 5181//5181
f 5182//5182 5180//5180 5183//5183
f 5183//5183 5180//5180 5184//5184
f 4704//4704 4703//4703 5185//5185
f 5185//5185 4703//4703 5186//5186
f 5187//5187 5188//5188 5180//5180
f 576//576 571//571 5189//5189
f 5189//5189 571//571 5172//5172
f 5172//5172 5174//5174 5189//5189
f 5189//5189 5174//5174 5176//5176
f 5189//5189 5176//5176 5182//5182
f 5182//5182 5176//5176 5178//5178
f 5182//5182 5178//5178 5180//5180
f 5187//5187 5180//5180 5190//5190
f 5180//5180 5168//5168 5170//5170
f 533//533 575//575 4707//4707
f 4707//4707 575//575 5191//5191
f 4707//4707 5191//5191 4709//4709
f 4719//4719 4717//4717 5192//5192
f 5170//5170 5193//5193 5180//5180
f 5180//5180 5193//5193 5194//5194
f 5180//5180 5194//5194 5190//5190
f 5195//5195 5196//5196 5197//5197
f 5197//5197 5196//5196 5198//5198
f 5197//5197 5198//5198 5199//5199
f 5199//5199 5198//5198 5200//5200
f 4709//4709 5191//5191 4711//4711
f 4711//4711 5191//5191 5201//5201
f 4711//4711 5201//5201 4713//4713
f 4713//4713 5201//5201 4715//4715
f 4715//4715 5201//5201 5196//5196
f 4715//4715 5196//5196 4717//4717
f 4717//4717 5196//5196 5195//5195
f 4717//4717 5195//5195 5192//5192
f 5184//5184 5202//5202 5203//5203
f 5203//5203 5202//5202 5204//5204
f 5203//5203 5204//5204 5205//5205
f 5188//5188 5206//5206 5180//5180
f 5180//5180 5206//5206 5207//5207
f 5180//5180 5207//5207 5184//5184
f 5184//5184 5207//5207 5208//5208
f 5184//5184 5208//5208 5202//5202
f 4510//4510 4723//4723 5192//5192
f 5192//5192 4723//4723 4721//4721
f 5192//5192 4721//4721 4719//4719
f 4731//4731 5209//5209 4732//4732
f 4732//4732 5209//5209 5210//5210
f 4732//4732 5210//5210 4703//4703
f 4703//4703 5210//5210 5211//5211
f 4703//4703 5211//5211 5186//5186
f 5204//5204 5212//5212 5205//5205
f 5205//5205 5212//5212 5213//5213
f 5205//5205 5213//5213 5214//5214
f 5214//5214 5213//5213 5215//5215
f 5214//5214 5215//5215 5200//5200
f 5200//5200 5215//5215 5216//5216
f 5200//5200 5216//5216 5199//5199
f 4731//4731 4729//4729 5209//5209
f 5209//5209 4729//4729 4727//4727
f 5209//5209 4727//4727 4505//4505
f 4505//4505 4727//4727 4495//4495
f 4493//4493 4727//4727 4510//4510
f 4510//4510 4727//4727 4725//4725
f 4510//4510 4725//4725 4723//4723
f 4496//4496 4495//4495 4499//4499
f 4499//4499 4495//4495 4727//4727
f 4499//4499 4727//4727 4492//4492
f 4492//4492 4727//4727 4493//4493
f 611//611 576//576 5217//5217
f 5217//5217 576//576 5189//5189
f 5217//5217 5189//5189 5218//5218
f 5218//5218 5189//5189 5182//5182
f 5218//5218 5182//5182 5219//5219
f 5219//5219 5182//5182 5183//5183
f 5219//5219 5183//5183 5220//5220
f 5220//5220 5183//5183 5184//5184
f 5220//5220 5184//5184 5221//5221
f 5221//5221 5184//5184 5203//5203
f 5221//5221 5203//5203 5222//5222
f 5222//5222 5203//5203 5205//5205
f 5222//5222 5205//5205 5223//5223
f 5223//5223 5205//5205 5214//5214
f 5223//5223 5214//5214 5224//5224
f 5224//5224 5214//5214 5200//5200
f 5224//5224 5200//5200 5225//5225
f 5225//5225 5200//5200 5198//5198
f 5225//5225 5198//5198 5226//5226
f 5226//5226 5198//5198 5196//5196
f 5226//5226 5196//5196 5227//5227
f 5227//5227 5196//5196 5201//5201
f 5227//5227 5201//5201 5228//5228
f 5228//5228 5201//5201 5191//5191
f 5228//5228 5191//5191 592//592
f 592//592 5191//5191 575//575
f 592//592 621//621 5228//5228
f 5228//5228 621//621 5229//5229
f 5228//5228 5229//5229 5227//5227
f 5227//5227 5229//5229 5230//5230
f 5227//5227 5230//5230 5226//5226
f 5226//5226 5230//5230 5231//5231
f 5226//5226 5231//5231 5225//5225
f 5225//5225 5231//5231 5232//5232
f 5225//5225 5232//5232 5224//5224
f 5224//5224 5232//5232 5233//5233
f 5224//5224 5233//5233 5223//5223
f 5223//5223 5233//5233 5234//5234
f 5223//5223 5234//5234 5222//5222
f 5222//5222 5234//5234 5235//5235
f 5222//5222 5235//5235 5221//5221
f 5221//5221 5235//5235 5236//5236
f 5221//5221 5236//5236 5220//5220
f 5220//5220 5236//5236 5237//5237
f 5220//5220 5237//5237 5219//5219
f 5219//5219 5237//5237 5238//5238
f 5219//5219 5238//5238 5218//5218
f 5218//5218 5238//5238 5239//5239
f 5218//5218 5239//5239 5217//5217
f 5217//5217 5239//5239 5240//5240
f 5217//5217 5240//5240 611//611
f 611//611 5240//5240 612//612
f 232//232 612//612 5241//5241
f 5241//5241 612//612 5240//5240
f 5241//5241 5240//5240 5242//5242
f 5242//5242 5240//5240 5239//5239
f 5242//5242 5239//5239 5243//5243
f 5243//5243 5239//5239 5238//5238
f 5243//5243 5238//5238 5244//5244
f 5244//5244 5238//5238 5237//5237
f 5244//5244 5237//5237 5245//5245
f 5245//5245 5237//5237 5236//5236
f 5245//5245 5236//5236 5246//5246
f 5246//5246 5236//5236 5235//5235
f 5246//5246 5235//5235 5247//5247
f 5247//5247 5235//5235 5234//5234
f 5247//5247 5234//5234 5248//5248
f 5248//5248 5234//5234 5233//5233
f 5248//5248 5233//5233 5249//5249
f 5249//5249 5233//5233 5232//5232
f 5249//5249 5232//5232 5250//5250
f 5250//5250 5232//5232 5231//5231
f 5250//5250 5231//5231 5251//5251
f 5251//5251 5231//5231 5230//5230
f 5251//5251 5230//5230 5252//5252
f 5252//5252 5230//5230 5229//5229
f 5252//5252 5229//5229 216//216
f 216//216 5229//5229 621//621
f 5251//5251 5252//5252 4483//4483
f 5253//5253 232//232 5254//5254
f 5254//5254 232//232 5241//5241
f 216//216 4461//4461 5252//5252
f 5252//5252 4461//4461 4460//4460
f 5252//5252 4460//4460 4483//4483
f 5243//5243 5255//5255 5242//5242
f 5242//5242 5255//5255 5256//5256
f 5244//5244 5245//5245 4331//4331
f 4463//4463 4426//4426 4425//4425
f 4284//4284 5255//5255 4286//4286
f 4286//4286 5255//5255 5243//5243
f 4286//4286 5243//5243 4288//4288
f 4288//4288 5243//5243 4290//4290
f 4331//4331 5245//5245 4332//4332
f 4332//4332 5245//5245 5246//5246
f 4332//4332 5246//5246 4333//4333
f 5256//5256 5257//5257 5242//5242
f 5242//5242 5257//5257 5258//5258
f 5242//5242 5258//5258 5241//5241
f 5241//5241 5258//5258 5259//5259
f 5241//5241 5259//5259 5254//5254
f 4360//4360 4358//4358 5249//5249
f 5249//5249 4358//4358 4356//4356
f 4483//4483 4481//4481 5251//5251
f 5251//5251 4481//4481 4479//4479
f 5251//5251 4479//4479 5250//5250
f 5250//5250 4479//4479 4477//4477
f 5250//5250 4477//4477 5249//5249
f 5249//5249 4477//4477 4463//4463
f 4284//4284 4282//4282 5255//5255
f 5255//5255 4282//4282 4280//4280
f 5255//5255 4280//4280 5260//5260
f 5260//5260 4280//4280 4278//4278
f 4333//4333 5246//5246 4334//4334
f 4334//4334 5246//5246 5247//5247
f 4334//4334 5247//5247 4335//4335
f 4335//4335 5247//5247 5248//5248
f 4335//4335 5248//5248 4336//4336
f 4331//4331 4330//4330 5244//5244
f 5244//5244 4330//4330 4329//4329
f 5244//5244 4329//4329 5243//5243
f 5243//5243 4329//4329 4292//4292
f 5243//5243 4292//4292 4290//4290
f 4366//4366 4364//4364 5249//5249
f 5249//5249 4364//4364 4362//4362
f 5249//5249 4362//4362 4360//4360
f 4278//4278 4263//4263 5260//5260
f 5260//5260 4263//4263 4262//4262
f 5260//5260 4262//4262 4252//4252
f 4356//4356 4354//4354 5249//5249
f 5249//5249 4354//4354 4352//4352
f 5249//5249 4352//4352 5248//5248
f 5248//5248 4352//4352 4337//4337
f 5248//5248 4337//4337 4336//4336
f 4252//4252 4251//4251 5260//5260
f 5260//5260 4251//4251 4249//4249
f 5260//5260 4249//4249 4248//4248
f 4463//4463 4425//4425 5249//5249
f 5249//5249 4425//4425 4396//4396
f 5249//5249 4396//4396 4366//4366
f 4366//4366 4396//4396 4384//4384
f 4366//4366 4384//4384 4378//4378
f 4378//4378 4384//4384 4383//4383
f 4378//4378 4383//4383 4390//4390
f 5261//5261 5262//5262 5263//5263
f 5264//5264 5265//5265 5266//5266
f 5266//5266 5265//5265 5267//5267
f 5266//5266 5267//5267 5263//5263
f 5263//5263 5267//5267 5268//5268
f 5263//5263 5268//5268 5261//5261
f 5266//5266 5269//5269 5264//5264
f 5264//5264 5269//5269 5260//5260
f 5264//5264 5260//5260 4248//4248
f 5270//5270 5271//5271 5272//5272
f 5271//5271 5273//5273 5272//5272
f 5272//5272 5273//5273 5274//5274
f 5272//5272 5274//5274 5275//5275
f 5275//5275 5274//5274 5276//5276
f 5275//5275 5276//5276 5256//5256
f 5256//5256 5276//5276 5257//5257
f 5277//5277 5270//5270 5278//5278
f 5278//5278 5270//5270 5272//5272
f 5278//5278 5272//5272 5279//5279
f 5279//5279 5272//5272 5275//5275
f 5279//5279 5275//5275 5255//5255
f 5255//5255 5275//5275 5256//5256
f 5263//5263 5277//5277 5266//5266
f 5266//5266 5277//5277 5278//5278
f 5266//5266 5278//5278 5269//5269
f 5269//5269 5278//5278 5279//5279
f 5269//5269 5279//5279 5260//5260
f 5260//5260 5279//5279 5255//5255
f 5280//5280 5281//5281 5282//5282
f 5282//5282 5281//5281 5283//5283
f 5284//5284 5285//5285 5286//5286
f 5287//5287 5288//5288 5289//5289
f 5274//5274 5273//5273 5290//5290
f 5257//5257 5276//5276 5291//5291
f 5276//5276 5274//5274 5292//5292
f 5292//5292 5274//5274 5290//5290
f 5292//5292 5290//5290 5293//5293
f 5293//5293 5290//5290 5294//5294
f 5294//5294 5295//5295 5293//5293
f 5293//5293 5295//5295 5287//5287
f 5293//5293 5287//5287 5284//5284
f 5284//5284 5287//5287 5289//5289
f 5284//5284 5289//5289 5285//5285
f 5276//5276 5292//5292 5291//5291
f 5291//5291 5292//5292 5293//5293
f 5291//5291 5293//5293 5296//5296
f 5296//5296 5293//5293 5284//5284
f 5296//5296 5284//5284 5282//5282
f 5282//5282 5284//5284 5286//5286
f 5282//5282 5286//5286 5280//5280
f 5257//5257 5291//5291 5258//5258
f 5258//5258 5291//5291 5296//5296
f 5258//5258 5296//5296 5259//5259
f 5259//5259 5296//5296 5282//5282
f 5259//5259 5282//5282 5254//5254
f 5254//5254 5282//5282 5283//5283
f 5254//5254 5283//5283 5253//5253
f 5273//5273 5297//5297 5290//5290
f 5290//5290 5297//5297 1140//1140
f 5290//5290 1140//1140 5294//5294
f 5294//5294 1140//1140 5298//5298
f 5294//5294 5298//5298 5295//5295
f 5295//5295 5298//5298 5299//5299
f 5295//5295 5299//5299 5287//5287
f 5287//5287 5299//5299 5300//5300
f 5287//5287 5300//5300 5288//5288
f 5263//5263 5301//5301 5277//5277
f 5277//5277 5301//5301 5302//5302
f 5277//5277 5302//5302 5270//5270
f 5270//5270 5302//5302 5271//5271
f 5297//5297 5273//5273 5271//5271
f 5302//5302 5303//5303 5304//5304
f 5271//5271 5302//5302 5297//5297
f 5297//5297 5302//5302 5304//5304
f 5297//5297 5304//5304 1140//1140
f 5303//5303 5302//5302 5305//5305
f 5305//5305 5302//5302 5301//5301
f 5305//5305 5301//5301 1149//1149
f 1151//1151 1149//1149 5262//5262
f 5262//5262 1149//1149 5301//5301
f 5262//5262 5301//5301 5263//5263
f 5262//5262 5306//5306 1151//1151
f 1151//1151 5306//5306 5307//5307
f 5308//5308 5309//5309 1155//1155
f 1155//1155 5310//5310 5308//5308
f 5308//5308 5310//5310 5311//5311
f 5308//5308 5311//5311 5306//5306
f 5306//5306 5311//5311 5312//5312
f 5306//5306 5312//5312 5307//5307
f 4244//4244 4243//4243 5313//5313
f 4246//4246 4244//4244 5314//5314
f 4248//4248 4246//4246 5264//5264
f 5264//5264 4246//4246 5315//5315
f 5264//5264 5315//5315 5265//5265
f 4244//4244 5313//5313 5314//5314
f 5314//5314 5313//5313 5316//5316
f 5314//5314 5316//5316 5317//5317
f 5317//5317 5316//5316 5318//5318
f 5317//5317 5318//5318 5319//5319
f 5319//5319 5318//5318 5309//5309
f 5319//5319 5309//5309 5308//5308
f 4246//4246 5314//5314 5315//5315
f 5315//5315 5314//5314 5317//5317
f 5315//5315 5317//5317 5320//5320
f 5320//5320 5317//5317 5319//5319
f 5320//5320 5319//5319 5321//5321
f 5321//5321 5319//5319 5308//5308
f 5321//5321 5308//5308 5306//5306
f 5265//5265 5315//5315 5267//5267
f 5267//5267 5315//5315 5320//5320
f 5267//5267 5320//5320 5268//5268
f 5268//5268 5320//5320 5321//5321
f 5268//5268 5321//5321 5261//5261
f 5261//5261 5321//5321 5306//5306
f 5261//5261 5306//5306 5262//5262
f 4236//4236 5313//5313 4243//4243
f 4242//4242 4184//4184 4243//4243
f 4243//4243 4184//4184 4238//4238
f 4243//4243 4238//4238 4236//4236
f 4236//4236 4234//4234 5313//5313
f 5313//5313 4234//4234 4232//4232
f 5313//5313 4232//4232 5316//5316
f 5316//5316 4232//4232 4230//4230
f 5316//5316 4230//4230 5318//5318
f 4216//4216 4214//4214 1155//1155
f 4230//4230 4228//4228 5318//5318
f 5318//5318 4228//4228 4226//4226
f 5318//5318 4226//4226 5309//5309
f 5309//5309 4226//4226 4224//4224
f 4224//4224 4222//4222 5309//5309
f 5309//5309 4222//4222 4220//4220
f 5309//5309 4220//4220 1155//1155
f 1155//1155 4220//4220 4218//4218
f 1155//1155 4218//4218 4216//4216
f 4214//4214 4212//4212 1155//1155
f 1155//1155 4212//4212 4210//4210
f 1155//1155 4210//4210 4208//4208
f 4208//4208 4206//4206 1155//1155
f 1155//1155 4206//4206 4186//4186
f 1155//1155 4186//4186 2251//2251
f 4184//4184 4242//4242 4183//4183
f 4183//4183 4242//4242 4250//4250
f 4183//4183 4250//4250 4182//4182
f 4182//4182 4250//4250 4181//4181
f 4181//4181 4250//4250 3765//3765
f 3765//3765 4250//4250 4257//4257
f 3765//3765 4257//4257 3764//3764
f 3764//3764 4257//4257 3769//3769
f 3769//3769 4257//4257 4258//4258
f 3769//3769 4258//4258 3757//3757
f 4258//4258 4259//4259 5322//5322
f 5322//5322 3730//3730 4258//4258
f 4258//4258 3730//3730 3756//3756
f 4258//4258 3756//3756 3757//3757
f 4277//4277 4297//4297 5323//5323
f 3738//3738 3736//3736 5324//5324
f 5324//5324 3736//3736 5322//5322
f 5322//5322 3736//3736 3731//3731
f 5322//5322 3731//3731 3730//3730
f 5323//5323 5325//5325 3661//3661
f 3661//3661 3742//3742 5323//5323
f 5323//5323 3742//3742 3741//3741
f 5323//5323 3741//3741 5324//5324
f 5324//5324 3741//3741 3739//3739
f 5324//5324 3739//3739 3738//3738
f 4300//4300 5325//5325 4299//4299
f 4299//4299 5325//5325 5323//5323
f 4299//4299 5323//5323 4298//4298
f 4298//4298 5323//5323 4297//4297
f 4270//4270 4271//4271 5324//5324
f 5324//5324 4271//4271 4273//4273
f 5324//5324 4273//4273 5323//5323
f 5323//5323 4273//4273 4275//4275
f 5323//5323 4275//4275 4277//4277
f 5322//5322 4259//4259 4266//4266
f 5322//5322 4266//4266 5324//5324
f 5324//5324 4266//4266 4268//4268
f 5324//5324 4268//4268 4270//4270
f 5325//5325 4300//4300 4319//4319
f 4317//4317 3676//3676 4320//4320
f 4320//4320 3676//3676 3674//3674
f 4320//4320 3674//3674 4319//4319
f 4319//4319 3674//3674 3672//3672
f 4319//4319 3672//3672 5325//5325
f 5325//5325 3672//3672 3662//3662
f 5325//5325 3662//3662 3661//3661
f 4314//4314 3691//3691 4315//4315
f 4315//4315 3691//3691 3678//3678
f 4315//4315 3678//3678 4317//4317
f 4317//4317 3678//3678 3677//3677
f 4317//4317 3677//3677 3676//3676
f 4312//4312 3694//3694 4314//4314
f 4314//4314 3694//3694 3692//3692
f 4314//4314 3692//3692 3691//3691
f 4310//4310 3698//3698 4312//4312
f 4312//4312 3698//3698 3696//3696
f 4312//4312 3696//3696 3694//3694
f 4307//4307 3714//3714 4309//4309
f 4309//4309 3714//3714 3701//3701
f 4309//4309 3701//3701 4310//4310
f 4310//4310 3701//3701 3699//3699
f 4310//4310 3699//3699 3698//3698
f 4304//4304 3719//3719 4305//4305
f 4305//4305 3719//3719 3717//3717
f 4305//4305 3717//3717 4307//4307
f 4307//4307 3717//3717 3715//3715
f 4307//4307 3715//3715 3714//3714
f 4304//4304 4303//4303 3719//3719
f 3719//3719 4303//4303 5326//5326
f 3719//3719 5326//5326 3720//3720
f 3720//3720 5326//5326 3654//3654
f 4351//4351 4371//4371 5327//5327
f 5328//5328 3816//3816 3814//3814
f 5328//5328 3814//3814 5326//5326
f 5326//5326 3814//3814 3811//3811
f 5326//5326 3811//3811 3654//3654
f 3816//3816 5328//5328 3818//3818
f 3818//3818 5328//5328 5327//5327
f 3818//3818 5327//5327 3819//3819
f 3819//3819 5327//5327 3820//3820
f 3820//3820 5327//5327 5329//5329
f 3820//3820 5329//5329 3808//3808
f 4374//4374 5329//5329 4373//4373
f 4373//4373 5329//5329 5327//5327
f 4373//4373 5327//5327 4372//4372
f 4372//4372 5327//5327 4371//4371
f 4344//4344 4345//4345 5328//5328
f 5328//5328 4345//4345 4347//4347
f 5328//5328 4347//4347 5327//5327
f 5327//5327 4347//4347 4349//4349
f 5327//5327 4349//4349 4351//4351
f 5326//5326 4303//4303 4340//4340
f 5326//5326 4340//4340 5328//5328
f 5328//5328 4340//4340 4342//4342
f 5328//5328 4342//4342 4344//4344
f 5329//5329 4374//4374 4375//4375
f 3808//3808 5329//5329 3827//3827
f 3827//3827 5329//5329 4375//4375
f 3827//3827 4375//4375 3830//3830
f 4389//4389 4392//4392 3621//3621
f 3830//3830 4375//4375 3840//3840
f 3840//3840 4375//4375 4379//4379
f 3840//3840 4379//4379 3834//3834
f 3834//3834 4379//4379 3835//3835
f 3631//3631 3835//3835 3632//3632
f 3632//3632 3835//3835 4379//4379
f 3632//3632 4379//4379 3647//3647
f 3647//3647 4379//4379 4381//4381
f 3647//3647 4381//4381 3628//3628
f 3628//3628 4381//4381 4380//4380
f 3628//3628 4380//4380 3629//3629
f 4389//4389 3621//3621 4380//4380
f 4380//4380 3621//3621 3653//3653
f 4380//4380 3653//3653 3629//3629
f 4393//4393 5330//5330 4392//4392
f 4392//4392 5330//5330 3587//3587
f 4392//4392 3587//3587 3615//3615
f 3618//3618 3619//3619 4392//4392
f 4392//4392 3619//3619 3620//3620
f 4392//4392 3620//3620 3621//3621
f 3615//3615 3616//3616 4392//4392
f 4392//4392 3616//3616 3617//3617
f 4392//4392 3617//3617 3618//3618
f 4416//4416 4415//4415 5331//5331
f 4401//4401 5332//5332 4402//4402
f 4402//4402 5332//5332 5333//5333
f 4402//4402 5333//5333 4406//4406
f 4415//4415 4412//4412 5331//5331
f 5331//5331 4412//4412 4410//4410
f 5331//5331 4410//4410 5333//5333
f 5333//5333 4410//4410 4408//4408
f 5333//5333 4408//4408 4406//4406
f 5330//5330 4393//4393 5334//5334
f 5334//5334 4393//4393 4431//4431
f 4431//4431 4427//4427 5334//5334
f 5334//5334 4427//4427 4428//4428
f 5334//5334 4428//4428 5331//5331
f 5331//5331 4428//4428 4429//4429
f 5331//5331 4429//4429 4416//4416
f 3587//3587 5330//5330 3585//3585
f 3585//3585 5330//5330 5334//5334
f 3585//3585 5334//5334 3582//3582
f 3582//3582 5334//5334 5331//5331
f 3582//3582 5331//5331 3583//3583
f 3583//3583 5331//5331 5333//5333
f 3583//3583 5333//5333 3593//3593
f 3593//3593 5333//5333 5332//5332
f 5335//5335 5336//5336 4451//4451
f 3593//3593 5332//5332 3857//3857
f 3857//3857 5332//5332 3854//3854
f 4451//4451 5336//5336 4446//4446
f 4442//4442 4448//4448 5336//5336
f 5336//5336 4448//4448 4447//4447
f 5336//5336 4447//4447 4446//4446
f 4401//4401 4444//4444 5336//5336
f 5336//5336 4444//4444 4443//4443
f 5336//5336 4443//4443 4442//4442
f 5332//5332 4401//4401 3854//3854
f 3854//3854 4401//4401 5336//5336
f 3854//3854 5336//5336 3855//3855
f 3855//3855 5336//5336 5337//5337
f 3855//3855 5337//5337 3863//3863
f 3863//3863 5337//5337 2899//2899
f 3863//3863 2899//2899 3571//3571
f 4491//4491 245//245 4490//4490
f 4490//4490 245//245 5338//5338
f 5339//5339 4473//4473 5340//5340
f 5340//5340 4473//4473 4471//4471
f 5340//5340 4471//4471 5341//5341
f 5341//5341 4471//4471 4470//4470
f 5341//5341 4470//4470 5342//5342
f 5342//5342 4470//4470 4488//4488
f 5342//5342 4488//4488 5338//5338
f 5338//5338 4488//4488 4489//4489
f 5338//5338 4489//4489 4490//4490
f 4468//4468 4466//4466 5343//5343
f 5343//5343 4466//4466 4476//4476
f 5343//5343 4476//4476 5339//5339
f 5339//5339 4476//4476 4475//4475
f 5339//5339 4475//4475 4473//4473
f 5335//5335 4451//4451 5344//5344
f 5344//5344 4451//4451 4452//4452
f 5344//5344 4452//4452 5345//5345
f 5345//5345 4452//4452 4453//4453
f 5345//5345 4453//4453 5343//5343
f 5343//5343 4453//4453 4469//4469
f 5343//5343 4469//4469 4468//4468
f 3255//3255 3377//3377 3256//3256
f 3256//3256 3377//3377 3376//3376
f 3256//3256 3376//3376 4764//4764
f 4764//4764 3376//3376 1234//1234
f 4764//4764 1234//1234 4765//4765
f 5346//5346 5347//5347 5348//5348
f 5348//5348 5347//5347 3540//3540
f 3540//3540 5347//5347 5349//5349
f 3540//3540 5349//5349 5350//5350
f 5350//5350 5349//5349 5351//5351
f 5351//5351 5349//5349 5352//5352
f 5351//5351 5352//5352 2927//2927
f 5348//5348 5353//5353 5346//5346
f 5346//5346 5353//5353 3547//3547
f 5346//5346 3547//3547 5354//5354
f 5354//5354 3547//3547 5355//5355
f 5356//5356 5355//5355 5357//5357
f 5357//5357 5355//5355 5358//5358
f 5357//5357 5358//5358 5359//5359
f 5342//5342 5338//5338 5360//5360
f 245//245 530//530 5361//5361
f 5362//5362 3549//3549 5359//5359
f 5359//5359 3549//3549 5363//5363
f 5359//5359 5364//5364 5365//5365
f 5365//5365 5364//5364 5366//5366
f 5365//5365 5366//5366 4734//4734
f 4734//4734 5366//5366 2918//2918
f 4734//4734 2918//2918 2174//2174
f 2174//2174 2918//2918 2899//2899
f 5342//5342 5360//5360 5341//5341
f 245//245 5361//5361 5338//5338
f 5338//5338 5361//5361 4708//4708
f 5338//5338 4708//4708 5360//5360
f 5360//5360 5367//5367 5341//5341
f 5341//5341 5367//5367 4714//4714
f 5341//5341 4714//4714 5340//5340
f 5340//5340 4714//4714 5368//5368
f 5340//5340 5368//5368 5339//5339
f 5339//5339 5368//5368 4718//4718
f 5339//5339 4718//4718 5343//5343
f 5369//5369 4007//4007 4005//4005
f 4718//4718 5370//5370 5343//5343
f 5343//5343 5370//5370 4722//4722
f 5343//5343 4722//4722 5345//5345
f 5352//5352 5371//5371 2927//2927
f 2927//2927 5371//5371 4824//4824
f 2927//2927 4824//4824 5372//5372
f 5372//5372 4824//4824 5373//5373
f 5372//5372 5373//5373 3927//3927
f 3927//3927 5373//5373 4827//4827
f 3927//3927 4827//4827 3978//3978
f 4827//4827 5374//5374 3978//3978
f 3978//3978 5374//5374 4830//4830
f 3978//3978 4830//4830 5375//5375
f 4830//4830 5376//5376 5375//5375
f 5375//5375 5376//5376 4832//4832
f 5375//5375 4832//4832 4067//4067
f 4067//4067 4832//4832 5377//5377
f 4067//4067 5377//5377 4068//4068
f 4068//4068 5377//5377 4837//4837
f 4068//4068 4837//4837 5378//5378
f 5378//5378 4837//4837 5379//5379
f 5378//5378 5379//5379 4060//4060
f 4722//4722 5380//5380 5345//5345
f 5345//5345 5380//5380 4726//4726
f 5345//5345 4726//4726 5344//5344
f 5379//5379 5381//5381 4060//4060
f 4060//4060 5381//5381 4839//4839
f 4060//4060 4839//4839 5382//5382
f 5382//5382 4839//4839 5383//5383
f 5382//5382 5383//5383 4005//4005
f 4005//4005 5383//5383 4845//4845
f 4005//4005 4845//4845 5369//5369
f 4726//4726 5384//5384 5344//5344
f 5344//5344 5384//5384 4730//4730
f 5344//5344 4730//4730 5335//5335
f 5335//5335 4730//4730 5385//5385
f 5335//5335 5385//5385 5336//5336
f 5336//5336 5385//5385 4699//4699
f 5336//5336 4699//4699 5337//5337
f 5337//5337 4699//4699 5386//5386
f 5337//5337 5386//5386 2899//2899
f 2899//2899 5386//5386 5387//5387
f 2899//2899 5387//5387 2174//2174
f 5369//5369 4847//4847 4007//4007
f 4007//4007 4847//4847 5388//5388
f 4007//4007 5388//5388 5389//5389
f 5389//5389 5388//5388 4765//4765
f 5389//5389 4765//4765 3999//3999
f 3999//3999 4765//4765 1234//1234
f 5390//5390 5391//5391 5392//5392
f 5392//5392 5393//5393 5394//5394
f 5394//5394 5393//5393 5395//5395
f 5394//5394 5395//5395 5396//5396
f 5396//5396 5397//5397 5398//5398
f 5398//5398 5397//5397 5399//5399
f 5398//5398 5399//5399 5400//5400
f 5401//5401 5402//5402 5403//5403
f 5404//5404 5405//5405 5406//5406
f 5407//5407 5408//5408 5409//5409
f 5410//5410 5411//5411 5412//5412
f 5413//5413 5414//5414 5415//5415
f 5408//5408 5416//5416 5409//5409
f 5417//5417 5406//5406 5405//5405
f 5418//5418 5419//5419 5420//5420
f 5421//5421 5422//5422 5423//5423
f 5424//5424 5422//5422 5425//5425
f 5425//5425 5422//5422 5421//5421
f 5426//5426 5427//5427 5428//5428
f 5429//5429 5430//5430 5431//5431
f 5431//5431 5430//5430 5432//5432
f 5433//5433 5434//5434 5435//5435
f 5435//5435 5434//5434 5436//5436
f 5437//5437 5438//5438 5439//5439
f 5440//5440 5441//5441 5442//5442
f 5442//5442 5441//5441 5443//5443
f 5444//5444 5445//5445 5446//5446
f 5447//5447 5448//5448 5449//5449
f 5450//5450 5451//5451 5445//5445
f 5452//5452 5453//5453 5454//5454
f 5455//5455 5456//5456 5457//5457
f 5458//5458 5459//5459 5460//5460
f 5461//5461 5462//5462 5463//5463
f 5464//5464 5465//5465 5466//5466
f 5464//5464 5466//5466 5467//5467
f 5467//5467 5466//5466 5468//5468
f 5469//5469 5470//5470 5471//5471
f 5472//5472 5473//5473 5474//5474
f 5475//5475 5476//5476 5477//5477
f 5478//5478 5479//5479 5480//5480
f 5481//5481 5482//5482 5483//5483
f 5484//5484 5485//5485 5486//5486
f 5487//5487 5488//5488 5489//5489
f 5490//5490 5491//5491 5492//5492
f 5493//5493 5464//5464 5467//5467
f 5494//5494 5493//5493 5495//5495
f 5496//5496 5494//5494 5497//5497
f 5496//5496 5497//5497 5498//5498
f 5499//5499 5500//5500 5501//5501
f 5502//5502 5503//5503 5504//5504
f 5505//5505 5506//5506 5448//5448
f 5448//5448 5507//5507 5449//5449
f 5449//5449 5507//5507 5508//5508
f 5508//5508 5509//5509 5510//5510
f 5510//5510 5509//5509 5511//5511
f 5511//5511 5512//5512 5446//5446
f 5446//5446 5512//5512 5444//5444
f 5444//5444 5513//5513 5514//5514
f 5503//5503 5513//5513 5504//5504
f 5504//5504 5513//5513 5512//5512
f 5515//5515 5512//5512 5509//5509
f 5516//5516 5509//5509 5507//5507
f 5516//5516 5507//5507 5517//5517
f 5517//5517 5507//5507 5506//5506
f 5518//5518 5502//5502 5519//5519
f 5519//5519 5502//5502 5504//5504
f 5500//5500 5518//5518 5501//5501
f 5520//5520 5519//5519 5521//5521
f 5520//5520 5521//5521 5522//5522
f 5522//5522 5523//5523 5524//5524
f 5524//5524 5523//5523 5525//5525
f 5526//5526 5499//5499 5527//5527
f 5528//5528 5529//5529 5530//5530
f 5531//5531 5530//5530 5532//5532
f 5533//5533 5534//5534 5535//5535
f 5536//5536 5537//5537 5538//5538
f 5402//5402 5401//5401 5539//5539
f 5439//5439 5540//5540 5437//5437
f 5540//5540 5431//5431 5432//5432
f 5541//5541 5487//5487 5489//5489
f 5470//5470 5469//5469 5542//5542
f 5543//5543 5474//5474 5473//5473
f 5456//5456 5544//5544 5457//5457
f 5545//5545 5546//5546 5547//5547
f 5548//5548 5549//5549 5550//5550
f 5551//5551 5552//5552 5553//5553
f 5554//5554 5555//5555 5556//5556
f 5557//5557 5558//5558 5559//5559
f 5546//5546 5545//5545 5560//5560
f 5560//5560 5545//5545 5561//5561
f 5546//5546 5562//5562 5547//5547
f 5563//5563 5555//5555 5554//5554
f 5553//5553 5552//5552 5564//5564
f 5565//5565 5549//5549 5548//5548
f 5566//5566 5567//5567 5568//5568
f 5568//5568 5567//5567 5569//5569
f 5570//5570 5566//5566 5571//5571
f 5572//5572 5573//5573 5574//5574
f 5575//5575 5576//5576 5577//5577
f 5578//5578 5579//5579 5580//5580
f 5578//5578 5580//5580 5581//5581
f 5582//5582 5583//5583 5584//5584
f 5584//5584 5583//5583 5585//5585
f 5586//5586 5585//5585 5587//5587
f 5588//5588 5578//5578 5581//5581
f 5588//5588 5581//5581 5589//5589
f 5590//5590 5588//5588 5589//5589
f 5590//5590 5589//5589 5591//5591
f 5592//5592 5593//5593 5594//5594
f 5592//5592 5594//5594 5595//5595
f 5596//5596 5590//5590 5591//5591
f 5596//5596 5591//5591 5597//5597
f 5397//5397 5598//5598 5399//5399
f 5393//5393 5599//5599 5395//5395
f 5547//5547 5600//5600 5545//5545
f 5545//5545 5600//5600 5561//5561
f 5601//5601 5602//5602 5603//5603
f 5559//5559 5558//5558 5604//5604
f 5605//5605 5606//5606 5607//5607
f 5608//5608 5609//5609 5610//5610
f 5611//5611 5390//5390 5612//5612
f 5613//5613 5612//5612 5614//5614
f 5615//5615 5614//5614 5616//5616
f 5617//5617 5616//5616 5618//5618
f 5619//5619 5618//5618 5620//5620
f 5621//5621 5622//5622 5623//5623
f 5624//5624 5625//5625 5626//5626
f 5627//5627 5626//5626 5628//5628
f 5627//5627 5628//5628 5629//5629
f 5630//5630 5631//5631 5632//5632
f 5633//5633 5634//5634 5635//5635
f 5635//5635 5634//5634 5636//5636
f 5635//5635 5636//5636 5533//5533
f 5533//5533 5636//5636 5534//5534
f 5636//5636 5526//5526 5637//5637
f 5636//5636 5637//5637 5534//5534
f 5518//5518 5500//5500 5638//5638
f 5638//5638 5500//5500 5499//5499
f 5638//5638 5499//5499 5526//5526
f 5632//5632 5514//5514 5639//5639
f 5639//5639 5514//5514 5513//5513
f 5513//5513 5503//5503 5639//5639
f 5639//5639 5503//5503 5502//5502
f 5639//5639 5502//5502 5518//5518
f 5640//5640 5641//5641 5639//5639
f 5639//5639 5641//5641 5642//5642
f 5639//5639 5642//5642 5632//5632
f 5632//5632 5642//5642 5643//5643
f 5632//5632 5643//5643 5630//5630
f 5518//5518 5638//5638 5639//5639
f 5639//5639 5644//5644 5640//5640
f 5645//5645 5646//5646 5636//5636
f 5636//5636 5646//5646 5647//5647
f 5636//5636 5647//5647 5638//5638
f 5638//5638 5647//5647 5648//5648
f 5638//5638 5648//5648 5644//5644
f 5645//5645 5636//5636 5649//5649
f 5649//5649 5636//5636 5634//5634
f 5649//5649 5634//5634 5650//5650
f 5632//5632 5631//5631 5651//5651
f 5450//5450 5651//5651 5652//5652
f 5450//5450 5652//5652 5451//5451
f 5451//5451 5652//5652 5653//5653
f 5453//5453 5653//5653 5454//5454
f 5654//5654 5655//5655 5462//5462
f 5462//5462 5655//5655 5656//5656
f 5463//5463 5656//5656 5657//5657
f 5465//5465 5657//5657 5658//5658
f 5466//5466 5658//5658 5659//5659
f 5466//5466 5659//5659 5468//5468
f 5468//5468 5659//5659 5660//5660
f 5661//5661 5660//5660 5662//5662
f 5663//5663 5662//5662 5664//5664
f 5665//5665 5664//5664 5666//5666
f 5667//5667 5668//5668 5669//5669
f 5670//5670 5671//5671 5672//5672
f 5672//5672 5480//5480 5673//5673
f 5673//5673 5480//5480 5479//5479
f 5671//5671 5674//5674 5675//5675
f 5676//5676 5483//5483 5677//5677
f 5677//5677 5483//5483 5482//5482
f 5678//5678 5679//5679 5677//5677
f 5676//5676 5680//5680 5483//5483
f 5483//5483 5680//5680 5681//5681
f 5483//5483 5681//5681 5484//5484
f 5485//5485 5681//5681 5682//5682
f 5485//5485 5682//5682 5683//5683
f 5683//5683 5684//5684 5485//5485
f 5485//5485 5684//5684 5685//5685
f 5485//5485 5685//5685 5686//5686
f 5686//5686 5685//5685 5687//5687
f 5688//5688 5685//5685 5689//5689
f 5688//5688 5689//5689 5690//5690
f 5691//5691 5692//5692 5693//5693
f 5690//5690 5694//5694 5688//5688
f 5688//5688 5694//5694 5693//5693
f 5695//5695 5692//5692 5696//5696
f 5696//5696 5692//5692 5691//5691
f 5696//5696 5691//5691 5697//5697
f 5695//5695 5698//5698 5491//5491
f 5491//5491 5698//5698 5699//5699
f 5491//5491 5699//5699 5492//5492
f 5492//5492 5699//5699 5700//5700
f 5700//5700 5699//5699 5701//5701
f 5701//5701 5699//5699 5702//5702
f 5701//5701 5702//5702 5703//5703
f 5704//5704 5702//5702 5705//5705
f 5704//5704 5705//5705 5440//5440
f 5695//5695 5696//5696 5706//5706
f 5699//5699 5698//5698 5707//5707
f 5441//5441 5440//5440 5705//5705
f 5708//5708 5433//5433 5709//5709
f 5709//5709 5710//5710 5708//5708
f 5708//5708 5710//5710 5711//5711
f 5708//5708 5711//5711 5712//5712
f 5713//5713 5714//5714 5715//5715
f 5715//5715 5714//5714 5716//5716
f 5715//5715 5716//5716 5436//5436
f 5424//5424 5713//5713 5422//5422
f 5422//5422 5713//5713 5423//5423
f 5713//5713 5411//5411 5410//5410
f 5717//5717 5718//5718 5719//5719
f 5719//5719 5718//5718 5720//5720
f 5721//5721 5722//5722 5723//5723
f 5723//5723 5722//5722 5724//5724
f 5723//5723 5724//5724 5725//5725
f 5721//5721 5723//5723 5726//5726
f 5726//5726 5723//5723 5727//5727
f 5726//5726 5727//5727 5728//5728
f 5728//5728 5727//5727 5729//5729
f 5728//5728 5729//5729 5730//5730
f 5731//5731 5732//5732 5706//5706
f 5706//5706 5732//5732 5733//5733
f 5706//5706 5733//5733 5734//5734
f 5733//5733 5735//5735 5734//5734
f 5734//5734 5735//5735 5736//5736
f 5734//5734 5736//5736 5729//5729
f 5729//5729 5736//5736 5737//5737
f 5729//5729 5737//5737 5730//5730
f 5731//5731 5706//5706 5738//5738
f 5738//5738 5706//5706 5696//5696
f 5738//5738 5696//5696 5697//5697
f 5702//5702 5708//5708 5705//5705
f 5705//5705 5712//5712 5441//5441
f 5702//5702 5699//5699 5708//5708
f 5708//5708 5699//5699 5707//5707
f 5708//5708 5707//5707 5433//5433
f 5433//5433 5707//5707 5715//5715
f 5433//5433 5715//5715 5434//5434
f 5434//5434 5715//5715 5436//5436
f 5729//5729 5713//5713 5734//5734
f 5734//5734 5713//5713 5715//5715
f 5734//5734 5715//5715 5706//5706
f 5706//5706 5715//5715 5707//5707
f 5706//5706 5707//5707 5695//5695
f 5695//5695 5707//5707 5698//5698
f 5739//5739 5723//5723 5718//5718
f 5718//5718 5723//5723 5725//5725
f 5718//5718 5725//5725 5720//5720
f 5740//5740 5741//5741 5742//5742
f 5742//5742 5743//5743 5744//5744
f 5745//5745 5746//5746 5747//5747
f 5748//5748 5749//5749 5750//5750
f 5751//5751 5752//5752 5753//5753
f 5754//5754 5755//5755 5756//5756
f 5756//5756 5757//5757 5758//5758
f 5758//5758 5759//5759 5740//5740
f 5760//5760 5754//5754 5761//5761
f 5762//5762 5761//5761 5763//5763
f 5764//5764 5763//5763 5765//5765
f 5766//5766 5765//5765 5767//5767
f 5768//5768 5767//5767 5769//5769
f 5770//5770 5769//5769 5771//5771
f 5772//5772 5771//5771 5773//5773
f 5773//5773 5774//5774 5775//5775
f 5775//5775 5774//5774 5776//5776
f 5777//5777 5776//5776 5778//5778
f 5779//5779 5573//5573 5780//5780
f 5781//5781 5778//5778 5782//5782
f 5783//5783 5782//5782 5784//5784
f 5785//5785 5576//5576 5786//5786
f 5786//5786 5787//5787 5788//5788
f 5788//5788 5787//5787 5789//5789
f 5789//5789 5790//5790 5791//5791
f 5791//5791 5792//5792 5793//5793
f 5793//5793 5794//5794 5779//5779
f 5779//5779 5574//5574 5573//5573
f 5400//5400 5587//5587 5795//5795
f 5795//5795 5585//5585 5796//5796
f 5796//5796 5583//5583 5582//5582
f 5796//5796 5582//5582 5797//5797
f 5797//5797 5580//5580 5798//5798
f 5798//5798 5580//5580 5579//5579
f 5798//5798 5579//5579 5785//5785
f 5799//5799 5800//5800 5801//5801
f 5801//5801 5800//5800 5802//5802
f 5799//5799 5801//5801 5803//5803
f 5799//5799 5803//5803 5804//5804
f 5804//5804 5803//5803 5805//5805
f 5804//5804 5805//5805 5806//5806
f 5806//5806 5805//5805 5807//5807
f 5806//5806 5807//5807 5808//5808
f 5808//5808 5807//5807 5809//5809
f 5808//5808 5809//5809 5810//5810
f 5810//5810 5809//5809 5811//5811
f 5810//5810 5811//5811 5812//5812
f 5812//5812 5811//5811 5813//5813
f 5812//5812 5813//5813 5814//5814
f 5814//5814 5813//5813 5815//5815
f 5814//5814 5815//5815 5816//5816
f 5816//5816 5815//5815 5817//5817
f 5816//5816 5817//5817 5818//5818
f 5818//5818 5817//5817 5819//5819
f 5818//5818 5819//5819 5820//5820
f 5820//5820 5819//5819 5821//5821
f 5820//5820 5821//5821 5822//5822
f 5822//5822 5821//5821 5823//5823
f 5822//5822 5823//5823 5824//5824
f 5824//5824 5823//5823 5825//5825
f 5824//5824 5825//5825 5826//5826
f 5826//5826 5825//5825 5827//5827
f 5826//5826 5827//5827 5828//5828
f 5828//5828 5827//5827 5829//5829
f 5828//5828 5829//5829 5830//5830
f 5830//5830 5829//5829 5831//5831
f 5830//5830 5831//5831 5832//5832
f 5832//5832 5831//5831 5833//5833
f 5832//5832 5833//5833 5834//5834
f 5834//5834 5833//5833 5835//5835
f 5834//5834 5835//5835 5836//5836
f 5836//5836 5835//5835 5837//5837
f 5836//5836 5837//5837 5838//5838
f 5838//5838 5837//5837 5839//5839
f 5838//5838 5839//5839 5840//5840
f 5840//5840 5839//5839 5841//5841
f 5840//5840 5841//5841 5842//5842
f 5842//5842 5841//5841 5843//5843
f 5842//5842 5843//5843 5844//5844
f 5844//5844 5843//5843 5845//5845
f 5844//5844 5845//5845 5846//5846
f 5846//5846 5845//5845 5847//5847
f 5846//5846 5847//5847 5848//5848
f 5848//5848 5847//5847 5849//5849
f 5848//5848 5849//5849 5850//5850
f 5850//5850 5849//5849 5851//5851
f 5850//5850 5851//5851 5852//5852
f 5852//5852 5851//5851 5853//5853
f 5852//5852 5853//5853 5854//5854
f 5854//5854 5853//5853 5855//5855
f 5854//5854 5855//5855 5856//5856
f 5856//5856 5855//5855 5857//5857
f 5856//5856 5857//5857 5858//5858
f 5858//5858 5857//5857 5802//5802
f 5858//5858 5802//5802 5800//5800
f 5800//5800 5799//5799 5858//5858
f 5858//5858 5799//5799 5804//5804
f 5858//5858 5804//5804 5856//5856
f 5856//5856 5804//5804 5806//5806
f 5856//5856 5806//5806 5854//5854
f 5854//5854 5806//5806 5808//5808
f 5854//5854 5808//5808 5852//5852
f 5852//5852 5808//5808 5810//5810
f 5852//5852 5810//5810 5850//5850
f 5850//5850 5810//5810 5812//5812
f 5850//5850 5812//5812 5848//5848
f 5848//5848 5812//5812 5814//5814
f 5848//5848 5814//5814 5846//5846
f 5846//5846 5814//5814 5816//5816
f 5846//5846 5816//5816 5844//5844
f 5844//5844 5816//5816 5818//5818
f 5844//5844 5818//5818 5842//5842
f 5842//5842 5818//5818 5820//5820
f 5842//5842 5820//5820 5840//5840
f 5840//5840 5820//5820 5822//5822
f 5840//5840 5822//5822 5838//5838
f 5838//5838 5822//5822 5824//5824
f 5838//5838 5824//5824 5836//5836
f 5836//5836 5824//5824 5826//5826
f 5836//5836 5826//5826 5834//5834
f 5834//5834 5826//5826 5828//5828
f 5834//5834 5828//5828 5832//5832
f 5832//5832 5828//5828 5830//5830
