# Converted from the official Rethink Robotics Baxter DAE
v -0.043078 -0.03793221 0.3039625
v -0.04502475 -0.04308104 0.3038726
v -0.0417456 -0.04025191 0.303922
v -0.04343128 -0.04379272 0.3038602
v -0.04125237 -0.04288107 0.3038761
v -0.04201638 -0.04434478 0.3038505
v -0.04122185 -0.04462671 0.3038457
v -0.05547165 -0.03328502 0.3040436
v -0.05018699 -0.03047519 0.3040927
v -0.0513007 -0.02829635 0.3041307
v -0.05528771 -0.03360563 0.304038
v -0.05439215 -0.03504317 0.3040129
v -0.04896855 -0.03236979 0.3040596
v -0.05346167 -0.03634601 0.3039902
v -0.04875326 -0.03266036 0.3040545
v -0.05249512 -0.03752785 0.3039696
v -0.04758518 -0.03404569 0.3040303
v -0.05147248 -0.03861761 0.3039506
v -0.04629105 -0.0352649 0.304009
v -0.05037426 -0.03963363 0.3039328
v -0.04910057 -0.04065132 0.303915
v -0.0448333 -0.03635114 0.3039901
v -0.04784905 -0.04151237 0.3039
v -0.04649603 -0.04232013 0.3038859
v -0.0544638 -0.0179854 0.3043107
v -0.05977725 -0.02171427 0.3042456
v -0.05360364 -0.02169358 0.304246
v -0.05901515 -0.0245915 0.3041954
v -0.05259633 -0.0250262 0.3041878
v -0.05818665 -0.02718317 0.3041501
v -0.05231893 -0.02580779 0.3041741
v -0.0573011 -0.02950781 0.3041095
v -0.05636113 -0.03159391 0.3040731
v -0.06195503 -0.007116556 0.3045004
v -0.06179523 -0.009032011 0.304467
v -0.05986726 -0.007715225 0.3044899
v -0.05763471 -0.00918883 0.3044642
v -0.05601269 -0.011316 0.3044271
v -0.06131607 -0.01329767 0.3043925
v -0.05518263 -0.01385897 0.3043827
v -0.06069529 -0.01729381 0.3043227
v -0.05994307 -0.0210067 0.3042579
v -0.09087312 -0.007129192 0.2781072
v -0.09093326 -0.007128655 0.2773118
v -0.09061348 -0.01120913 0.2772899
v -0.04123473 -0.04853487 0.3035375
v -0.04122722 -0.0458489 0.3038011
v -0.0437926 -0.04917675 0.3033041
v -0.04123634 -0.04979872 0.3033178
v -0.04123723 -0.05049741 0.3031963
v -0.0427742 -0.05479681 0.3018196
v -0.04123735 -0.05307441 0.3025473
v -0.04123485 -0.05526149 0.3017911
v -0.04122292 -0.06009685 0.2994247
v -0.04122442 -0.0596801 0.2996925
v -0.04414135 -0.05923599 0.2994871
v -0.04122918 -0.0580089 0.3005961
v -0.04123443 -0.0555799 0.3016811
v -0.04536902 -0.06320452 0.2963628
v -0.04208493 -0.06418645 0.2962861
v -0.04122042 -0.06081652 0.2989625
v -0.04120618 -0.06440514 0.2962504
v -0.04120838 -0.06392234 0.2966975
v -0.04121679 -0.06186813 0.2982871
v -0.04118484 -0.06872159 0.2915164
v -0.04118829 -0.06804591 0.29237
v -0.04296344 -0.06760591 0.2924407
v -0.04119312 -0.06713145 0.2935252
v -0.04119962 -0.06583762 0.2949238
v -0.04117 -0.07134437 0.2871023
v -0.0411725 -0.07090818 0.287917
v -0.04366189 -0.07030081 0.2880246
v -0.04117697 -0.0701276 0.2893749
v -0.04115664 -0.07357925 0.2804228
v -0.04116034 -0.07296639 0.2828891
v -0.04415762 -0.07218384 0.2831811
v -0.04116064 -0.072914 0.2830408
v -0.04116529 -0.07213711 0.2852882
v -0.09053075 -0.007130563 0.2806532
v -0.09009623 -0.00713098 0.2826578
v -0.08975642 -0.01122421 0.2826749
v -0.08839893 -0.007129669 0.2874934
v -0.0893557 -0.007130742 0.2851107
v -0.0900824 -0.00713098 0.2827035
v -0.08722442 -0.007127702 0.2898002
v -0.088225 -0.007129371 0.287835
v -0.08791077 -0.01114398 0.2878051
v -0.08514189 -0.01097112 0.2924994
v -0.08614075 -0.007125437 0.2915624
v -0.08293455 -0.00711745 0.2955622
v -0.0846281 -0.00712192 0.2936311
v -0.08543658 -0.007123768 0.2925254
v -0.07944452 -0.007107079 0.2986599
v -0.08106082 -0.007112026 0.2973495
v -0.08154755 -0.01071184 0.2965916
v -0.08182758 -0.007114291 0.2966181
v -0.07272636 -0.007083117 0.3024371
v -0.07508903 -0.007092118 0.3013714
v -0.07725489 -0.01037538 0.2999372
v -0.07732933 -0.007100105 0.3001105
v -0.07752323 -0.007100701 0.2999776
v -0.06829929 -0.007064819 0.3038031
v -0.07077866 -0.007075369 0.3031337
v -0.0724157 -0.009973406 0.3024178
v -0.07265657 -0.007082819 0.302462
v -0.06317943 -0.007040977 0.3044762
v -0.06576478 -0.007053375 0.304252
v -0.06720101 -0.009520292 0.3039457
v -0.06740164 -0.007060766 0.3039621
v -0.06256568 -0.007058382 0.3044951
v -0.09052717 -0.01196855 0.2772914
v -0.08912509 -0.01663297 0.2826703
v -0.08999443 -0.01665532 0.2773007
v -0.08985376 -0.01754873 0.277311
v -0.08828234 -0.0218352 0.2827081
v -0.0891686 -0.02189987 0.2773608
v -0.0889191 -0.02311271 0.2773874
v -0.08721458 -0.02687293 0.2827898
v -0.08812177 -0.02698773 0.2774721
v -0.08788275 -0.02799195 0.2775005
v -0.0869711 -0.02786582 0.2828113
v -0.08770471 -0.0286529 0.2775226
v -0.08581346 -0.03203791 0.2829204
v -0.0867443 -0.03221738 0.2776417
v -0.08612042 -0.03413498 0.2777202
v -0.08448421 -0.0360099 0.28305
v -0.08543241 -0.03624987 0.2778068
v -0.08415871 -0.03953307 0.2779612
v -0.08297699 -0.03979372 0.2831936
v -0.08393812 -0.04010158 0.277988
v -0.08223909 -0.04380488 0.2781779
v -0.08127164 -0.04342162 0.2833449
v -0.08171892 -0.04477673 0.2782297
v -0.07956105 -0.04654806 0.2834808
v -0.08052647 -0.04700446 0.2783483
v -0.08033394 -0.04733467 0.2783659
v -0.07919585 -0.04716169 0.2835075
v -0.08015978 -0.04763329 0.2783818
v -0.07878285 -0.04980778 0.2784957
v -0.07735687 -0.05001157 0.2836293
v -0.07830822 -0.05055749 0.2785349
v -0.07710909 -0.05221199 0.2786155
v -0.0753529 -0.05273205 0.2837372
v -0.0762816 -0.05335372 0.2786711
v -0.07530593 -0.05453181 0.2787207
v -0.0731979 -0.05529922 0.2838245
v -0.07409375 -0.0559954 0.2787824
v -0.07337218 -0.05675637 0.2788069
v -0.07083255 -0.05776858 0.2838873
v -0.07168334 -0.0585379 0.2788644
v -0.07131218 -0.05887895 0.2788707
v -0.06830596 -0.0600748 0.2839188
v -0.06910216 -0.06091052 0.2789086
v -0.06681424 -0.06273257 0.2789108
v -0.06541556 -0.06236881 0.2839156
v -0.06614381 -0.06326651 0.2789115
v -0.06440675 -0.06446295 0.2788878
v -0.06265556 -0.06427073 0.2838786
v -0.0633161 -0.06521421 0.2788729
v -0.06191217 -0.06605607 0.2788375
v -0.0598405 -0.06596565 0.2838134
v -0.06043279 -0.06694322 0.2788002
v -0.05934119 -0.06751239 0.2787625
v -0.05693012 -0.06749504 0.2837231
v -0.05745375 -0.06849652 0.2786971
v -0.05670517 -0.06883472 0.2786657
v -0.05397313 -0.06884694 0.2836132
v -0.05443102 -0.06986242 0.2785704
v -0.05401808 -0.07002586 0.2785511
v -0.05150038 -0.06984102 0.2835114
v -0.066684 -0.0140056 0.3038699
v -0.06600844 -0.01823192 0.3037997
v -0.06518012 -0.02219605 0.3037351
v -0.06499588 -0.02295744 0.3037229
v -0.06414163 -0.02607792 0.3036735
v -0.06320023 -0.02892702 0.3036291
v -0.06217861 -0.03152197 0.3035895
v -0.06107604 -0.03389197 0.3035539
v -0.06001651 -0.03584593 0.303525
v -0.05979543 -0.03622007 0.3035195
v -0.05870956 -0.03791511 0.3034945
v -0.05756652 -0.03947579 0.3034715
v -0.05636852 -0.04090958 0.3034499
v -0.05508834 -0.04225069 0.3034294
v -0.0537194 -0.04350286 0.3034094
v -0.05214226 -0.04475605 0.3033885
v -0.05060964 -0.04581147 0.30337
v -0.04898548 -0.04678732 0.303352
v -0.04724812 -0.04769665 0.3033344
v -0.04540282 -0.04853492 0.3033175
v -0.05190712 -0.07086151 0.2784523
v -0.05128371 -0.07107406 0.2784209
v -0.04785084 -0.07110983 0.2833505
v -0.08093887 -0.01578164 0.2965394
v -0.07667112 -0.01526969 0.2998731
v -0.08013027 -0.02062261 0.2965068
v -0.07589876 -0.01992601 0.2998222
v -0.07911545 -0.02525866 0.296494
v -0.07493507 -0.02435946 0.2997848
v -0.07888585 -0.02616447 0.2964938
v -0.07471805 -0.02522164 0.2997789
v -0.07780361 -0.02993828 0.2965009
v -0.07369929 -0.02879786 0.2997593
v -0.07657915 -0.033481 0.2965187
v -0.07255464 -0.03213018 0.2997478
v -0.07521289 -0.03680604 0.2965443
v -0.07128673 -0.03523319 0.2997426
v -0.07369387 -0.03994446 0.296575
v -0.06988793 -0.03813737 0.2997419
v -0.07219463 -0.04261159 0.296604
v -0.06851685 -0.04058665 0.2997434
v -0.07187736 -0.04313111 0.2966098
v -0.06822776 -0.04106169 0.2997438
v -0.07029443 -0.04552584 0.296636
v -0.06679117 -0.04324245 0.2997455
v -0.06859254 -0.04778814 0.2966579
v -0.06525498 -0.04528993 0.2997457
v -0.06678211 -0.04990708 0.2966731
v -0.06362736 -0.04719913 0.2997428
v -0.06481605 -0.0519315 0.2966794
v -0.06186705 -0.04901432 0.2997356
v -0.06272292 -0.0538243 0.2966747
v -0.05999231 -0.05071151 0.2997224
v -0.06033092 -0.05571419 0.2966562
v -0.0578469 -0.05240744 0.2997013
v -0.05804157 -0.0572924 0.2966271
v -0.05578708 -0.05382716 0.2996756
v -0.05568587 -0.0587179 0.2965883
v -0.05365377 -0.05511713 0.2996449
v -0.05322974 -0.06002128 0.2965404
v -0.05141633 -0.05630248 0.2996096
v -0.05070406 -0.06119251 0.296486
v -0.04909771 -0.05737507 0.299571
v -0.04856586 -0.0620678 0.2964374
v -0.04712039 -0.05818176 0.2995375
v -0.07186311 -0.01467067 0.3023455
v -0.07113599 -0.01911967 0.3022818
v -0.07023572 -0.02332669 0.3022267
v -0.07003408 -0.02414011 0.3022167
v -0.06909281 -0.02749615 0.3021777
v -0.06804418 -0.03059488 0.302145
v -0.06689304 -0.03345203 0.3021175
v -0.06563514 -0.03609746 0.3020942
v -0.06441277 -0.03830665 0.3020758
v -0.06415623 -0.0387327 0.3020724
v -0.06288754 -0.04067796 0.3020566
v -0.06153994 -0.04248929 0.3020414
v -0.06011903 -0.04416781 0.302026
v -0.05859005 -0.04575318 0.3020094
v -0.05695933 -0.04723465 0.3019911
v -0.05508846 -0.04871612 0.3019691
v -0.05328363 -0.04995971 0.301947
v -0.0513966 -0.05109816 0.3019234
v -0.04940128 -0.05215066 0.3018983
v -0.04731184 -0.05311071 0.3018725
v -0.04551213 -0.05383861 0.3018509
v -0.04131144 -0.05002933 0.3032855
v -0.0411545 -0.07397121 0.2778925
v -0.04443454 -0.0731939 0.2780669
v -0.04573202 -0.07282596 0.2781354
v -0.04818904 -0.07212913 0.2782649
v -0.08727735 -0.01647531 0.287784
v -0.08643215 -0.02159422 0.2877976
v -0.08536332 -0.02653753 0.2878468
v -0.08512008 -0.02750974 0.2878609
v -0.08396601 -0.03158646 0.287935
v -0.08264654 -0.03545427 0.2880262
v -0.08115738 -0.03912514 0.2881292
v -0.0794813 -0.04263103 0.2882388
v -0.07780849 -0.04564177 0.2883377
v -0.0774523 -0.04623162 0.2883571
v -0.07566398 -0.04896599 0.2884457
v -0.07372355 -0.0515697 0.2885235
v -0.0716446 -0.05402255 0.2885854
v -0.06937068 -0.05637878 0.2886283
v -0.06694614 -0.05858063 0.2886467
v -0.0641756 -0.06077414 0.2886376
v -0.06153053 -0.06259739 0.2886027
v -0.05882871 -0.06422883 0.2885461
v -0.0560308 -0.0657072 0.2884699
v -0.05318099 -0.06702089 0.2883785
v -0.05079132 -0.06799185 0.2882946
v -0.04725402 -0.06923836 0.2881628
v -0.08451622 -0.01618826 0.2924619
v -0.08368283 -0.02118515 0.2924513
v -0.08263212 -0.02599316 0.2924683
v -0.08239358 -0.02693611 0.2924749
v -0.08126527 -0.0308786 0.292514
v -0.07998144 -0.03460156 0.2925669
v -0.0785402 -0.038118 0.2926295
v -0.07692724 -0.04145908 0.2926979
v -0.07532596 -0.04431515 0.2927603
v -0.07498604 -0.04487329 0.2927725
v -0.07328426 -0.04745447 0.2928284
v -0.07144582 -0.04990386 0.2928768
v -0.0694831 -0.05220592 0.2929142
v -0.06734383 -0.05441242 0.2929377
v -0.06506544 -0.05647516 0.2929437
v -0.0624628 -0.05853247 0.2929294
v -0.05997622 -0.0602467 0.2928972
v -0.05742919 -0.0617873 0.2928494
v -0.05478423 -0.0631895 0.2927877
v -0.05207961 -0.06444215 0.2927153
v -0.04980266 -0.065373 0.2926496
v -0.04641789 -0.06657469 0.2925472
v -0.07991427 -0.05062842 0.2663063
v -0.08516681 -0.04012537 0.2654674
v -0.07625859 -0.05718696 0.2583374
v -0.07517975 -0.05834412 0.2587634
v -0.0745204 -0.05775249 0.2669175
v -0.04117113 -0.07496362 0.2682957
v -0.04110628 -0.07491385 0.268925
v -0.04626625 -0.07375466 0.2689222
v -0.04643565 -0.07404047 0.2656369
v -0.04380881 -0.07465201 0.2659519
v -0.0433765 -0.07473832 0.26603
v -0.04304224 -0.07479912 0.2661355
v -0.0424689 -0.07488983 0.2664248
v -0.04218351 -0.07492733 0.2666335
v -0.04174005 -0.07497143 0.2670865
v -0.04153424 -0.07498282 0.2673827
v -0.04126602 -0.07497888 0.2679541
v -0.05194783 -0.0720933 0.2685757
v -0.05217355 -0.07243978 0.2648273
v -0.05162584 -0.07262861 0.2649205
v -0.04772686 -0.07373988 0.265482
v -0.05533123 -0.07135075 0.2642897
v -0.0550121 -0.07146078 0.264344
v -0.05474901 -0.07107776 0.2684016
v -0.05780774 -0.07032936 0.2638002
v -0.05750966 -0.0699265 0.2682262
v -0.05885314 -0.06989818 0.2635934
v -0.06021755 -0.06863057 0.2680487
v -0.05940085 -0.06964862 0.263476
v -0.06548333 -0.06636643 0.2619861
v -0.06325137 -0.0676648 0.2625659
v -0.06285607 -0.06718611 0.2678688
v -0.06252479 -0.06808739 0.2627546
v -0.06056046 -0.06906914 0.2632082
v -0.06586492 -0.06610906 0.2618756
v -0.06541174 -0.06559056 0.2676858
v -0.06827634 -0.06448298 0.2611776
v -0.06787073 -0.06384205 0.2674993
v -0.06838601 -0.06439751 0.2611424
v -0.07021492 -0.06194782 0.2673091
v -0.07243442 -0.05991542 0.2671151
v -0.0709176 -0.06242465 0.26033
v -0.07078671 -0.0625267 0.2603721
v -0.07402956 -0.05957782 0.2592176
v -0.07341086 -0.06018549 0.2594491
v -0.07305467 -0.06050539 0.259575
v -0.07826024 -0.05309629 0.2665126
v -0.07832223 -0.05464619 0.2574523
v -0.0764625 -0.05547499 0.2667165
v -0.07716488 -0.0560711 0.2579487
v -0.08022451 -0.05195754 0.2565712
v -0.07899868 -0.05369001 0.257139
v -0.08142596 -0.04808604 0.2660982
v -0.08196759 -0.04912394 0.2557035
v -0.0806818 -0.05121415 0.2563436
v -0.08280104 -0.04548096 0.2658887
v -0.08355551 -0.04614889 0.2548582
v -0.08221584 -0.04865872 0.2555713
v -0.08594894 -0.04062128 0.2534708
v -0.08555531 -0.04168111 0.2537122
v -0.08409219 -0.04503935 0.2545599
v -0.08360946 -0.04603731 0.2548282
v -0.08684515 -0.03820812 0.2529211
v -0.08707123 -0.03463691 0.2650453
v -0.08783316 -0.03507602 0.2522842
v -0.08858031 -0.029069 0.2646239
v -0.08896106 -0.03092646 0.2515301
v -0.08797609 -0.03462278 0.2521921
v -0.08975714 -0.02346003 0.264204
v -0.08981221 -0.02712142 0.2509393
v -0.0892927 -0.02944386 0.2512999
v -0.09116125 -0.01919442 0.2499791
v -0.09054207 -0.0232104 0.2504216
v -0.09043669 -0.0237751 0.2504963
v -0.09186673 -0.01308476 0.2498224
v -0.09177553 -0.0140984 0.2496272
v -0.0913226 -0.0121876 0.2633649
v -0.0916745 -0.01507323 0.249617
v -0.0906589 -0.01783061 0.2637851
v -0.09129953 -0.01808428 0.2498816
v -0.09172749 -0.007122755 0.2629846
v -0.09189701 -0.007121503 0.2596637
v -0.0919348 -0.007148921 0.2588251
v -0.09199506 -0.00735116 0.2572508
v -0.09203892 -0.007747173 0.2557207
v -0.09205281 -0.007989227 0.2550505
v -0.09206855 -0.00861597 0.2537204
v -0.09206449 -0.009386539 0.2525298
v -0.09206163 -0.009537398 0.2523349
v -0.09203583 -0.01037514 0.2514201
v -0.09199213 -0.0112859 0.2506833
v -0.09193861 -0.01214051 0.2501859
v -0.09192097 -0.01237219 0.2500967
v -0.09144657 -0.007124841 0.2684894
v -0.04112964 -0.07445335 0.2734097
v -0.04110789 -0.07488209 0.2692343
v -0.09133225 -0.006322026 0.2684832
v -0.0918045 -0.006478965 0.2596593
v -0.09178155 -0.006319642 0.2596582
v -0.09152704 -0.005905032 0.2596461
v -0.090909 -0.005630612 0.2684601
v -0.09135782 -0.00562942 0.2596381
v -0.0910933 -0.005443513 0.2596256
v -0.09024643 -0.005164325 0.2684239
v -0.09069538 -0.005164027 0.2596067
v -0.08945345 -0.004999995 0.2683807
v -0.08990293 -0.004999995 0.2595691
v -0.09053796 -0.005131483 0.2595992
v -0.08894121 -0.004999995 0.2771888
v -0.08973473 -0.005164802 0.2772378
v -0.09039747 -0.005631983 0.2772787
v -0.09082019 -0.006324708 0.2773048
v -0.08984446 -0.005034089 0.2585975
v -0.09110969 -0.005405426 0.2586759
v -0.09157925 -0.005880475 0.258727
v -0.09050899 -0.005112349 0.2586311
v -0.08971828 -0.005284786 0.2567796
v -0.09042644 -0.005305588 0.2568075
v -0.09032118 -0.005733907 0.2550258
v -0.08965224 -0.005508065 0.2559776
v -0.08958047 -0.005750775 0.2551064
v -0.0902661 -0.006005406 0.2542411
v -0.08934408 -0.006848633 0.2527361
v -0.090137 -0.006726384 0.2526731
v -0.08934015 -0.006870985 0.2527044
v -0.08999246 -0.007638335 0.2512519
v -0.0899654 -0.007819712 0.251017
v -0.08899277 -0.009022891 0.2501266
v -0.08982056 -0.008842527 0.2499032
v -0.09108108 -0.005568087 0.2568796
v -0.09103018 -0.005957663 0.2551152
v -0.09099954 -0.006209731 0.2543345
v -0.09091991 -0.006887972 0.2527658
v -0.09082067 -0.007758796 0.2513314
v -0.0916 -0.006039083 0.256987
v -0.09160107 -0.006414473 0.2552772
v -0.09159463 -0.006656587 0.2545203
v -0.09156602 -0.007307112 0.2529993
v -0.09151649 -0.008140981 0.2516078
v -0.09080106 -0.007933378 0.2510929
v -0.0915054 -0.008308053 0.2513764
v -0.0906912 -0.008926153 0.2499551
v -0.09143757 -0.009257793 0.2502724
v -0.0905705 -0.01004892 0.2490105
v -0.09135311 -0.01033151 0.2493557
v -0.09045666 -0.01114106 0.2483536
v -0.09126514 -0.01137554 0.2487187
v -0.091865 -0.00648427 0.2587787
v -0.09191799 -0.006659448 0.2571161
v -0.09195381 -0.007040143 0.2554889
v -0.09196382 -0.00728029 0.2547713
v -0.09197074 -0.007915973 0.2533356
v -0.09195703 -0.008717536 0.2520323
v -0.09195232 -0.00887674 0.2518167
v -0.09191644 -0.00977379 0.2507941
v -0.09186136 -0.01077365 0.2499538
v -0.09179645 -0.01173382 0.2493756
v -0.09171104 -0.01281541 0.2489468
v -0.09115958 -0.01256346 0.2482427
v -0.09033125 -0.01238346 0.2478619
v -0.09160476 -0.01399075 0.2487158
v -0.09103804 -0.01386284 0.2479851
v -0.09019887 -0.0137425 0.2475944
v -0.08927005 -0.01365602 0.2476286
v -0.089405 -0.01231414 0.2478868
v -0.08845388 -0.0136221 0.2480805
v -0.09148943 -0.01512253 0.2487072
v -0.09091496 -0.01511508 0.2479762
v -0.09007519 -0.01505255 0.247582
v -0.08915162 -0.01494848 0.2476098
v -0.09035831 -0.02328783 0.2495263
v -0.05837875 -0.06847369 0.2613487
v -0.05807095 -0.06782925 0.2613008
v -0.05755198 -0.06806945 0.2614167
v -0.0476275 -0.07371681 0.2648023
v -0.04372519 -0.07461929 0.265277
v -0.04352682 -0.07414197 0.2644115
v -0.04360151 -0.07436507 0.2646575
v -0.04747831 -0.07346969 0.2641786
v -0.04369431 -0.07455599 0.2651227
v -0.04333388 -0.0734784 0.2639343
v -0.04345226 -0.07391881 0.2641654
v -0.04729688 -0.07302778 0.2636845
v -0.04314702 -0.07267338 0.2637698
v -0.04329466 -0.07333225 0.2638576
v -0.04677337 -0.07182067 0.2633151
v -0.04710459 -0.0724433 0.2633783
v -0.04692429 -0.07178521 0.2632962
v -0.05088323 -0.07136249 0.2628079
v -0.05151003 -0.07261717 0.2642353
v -0.05519944 -0.07135248 0.2635983
v -0.05466902 -0.06927585 0.2620103
v -0.05420458 -0.06947016 0.262106
v -0.05446231 -0.07012212 0.2621695
v -0.05074697 -0.07067811 0.2627194
v -0.05066555 -0.0707066 0.2627338
v -0.05870622 -0.06991475 0.2628949
v -0.05785256 -0.06871515 0.261467
v -0.05925148 -0.06966769 0.2627762
v -0.06236273 -0.06812179 0.2620472
v -0.06137603 -0.06696403 0.2606232
v -0.06102561 -0.06632834 0.260591
v -0.05848038 -0.06762135 0.2612024
v -0.06531029 -0.06641668 0.2612702
v -0.06809455 -0.06454932 0.2604521
v -0.07072901 -0.06250685 0.259594
v -0.06939584 -0.061495 0.2581951
v -0.06643778 -0.0628736 0.2590497
v -0.06687641 -0.06348299 0.2590422
v -0.06564325 -0.06341981 0.2592884
v -0.06420844 -0.06530123 0.2598519
v -0.06381446 -0.06467711 0.2598381
v -0.06213563 -0.06567108 0.2602913
v -0.07321798 -0.06028223 0.2587015
v -0.072124 -0.05784934 0.2570292
v -0.07182443 -0.0581789 0.2571512
v -0.07236188 -0.05874294 0.2570854
v -0.07124614 -0.05876034 0.2573745
v -0.07177245 -0.05933058 0.2573161
v -0.06899672 -0.06082653 0.2581962
v -0.06891304 -0.06090337 0.2582268
v -0.07606339 -0.05729919 0.257574
v -0.07383596 -0.05967807 0.2584668
v -0.07812684 -0.05476814 0.2566758
v -0.08003032 -0.05208629 0.255781
v -0.0739063 -0.0558893 0.2563039
v -0.07448434 -0.05642819 0.2562089
v -0.074992 -0.05451613 0.2558256
v -0.07644921 -0.05396288 0.2553293
v -0.08177542 -0.04925632 0.2548994
v -0.0776329 -0.05082952 0.2546008
v -0.07826042 -0.0513482 0.2544548
v -0.07992017 -0.04858553 0.2535951
v -0.07923895 -0.0481373 0.2537851
v -0.08336567 -0.04628199 0.2540402
v -0.08390319 -0.04517185 0.2537369
v -0.08000534 -0.0466538 0.2533705
v -0.08143216 -0.04567706 0.252759
v -0.08072376 -0.04526311 0.2529817
v -0.08194315 -0.04459047 0.2524642
v -0.08536869 -0.04180979 0.2528747
v -0.08666044 -0.03833019 0.2520699
v -0.08779251 -0.03473585 0.2513281
v -0.05133259 -0.07237917 0.2636069
v -0.05499249 -0.07112538 0.262965
v -0.05846893 -0.06970059 0.2622565
v -0.05900943 -0.0694558 0.2621369
v -0.0620917 -0.06792408 0.2614027
v -0.06501108 -0.06623464 0.2606203
v -0.06776762 -0.0643844 0.2597966
v -0.07037532 -0.06235986 0.2589325
v -0.07283914 -0.0601539 0.2580339
v -0.07345086 -0.05955451 0.2577976
v -0.07565563 -0.05719369 0.2568987
v -0.07769823 -0.05467987 0.2559943
v -0.07958257 -0.05201411 0.2550933
v -0.08131015 -0.04919868 0.2542057
v -0.08288437 -0.04623717 0.2533407
v -0.0834164 -0.0451312 0.2530354
v -0.0848667 -0.04177981 0.2521677
v -0.08614462 -0.03830868 0.2513578
v -0.08726406 -0.03472054 0.2506116
v -0.05111485 -0.0719434 0.2631111
v -0.05473619 -0.0706976 0.2624682
v -0.0581718 -0.06928294 0.2617594
v -0.05870544 -0.06904006 0.2616398
v -0.06174767 -0.06752038 0.2609062
v -0.06462627 -0.06584513 0.2601251
v -0.06734156 -0.06401145 0.2593034
v -0.0699082 -0.0620054 0.2584424
v -0.07233166 -0.05981975 0.2575476
v -0.07293313 -0.05922603 0.2573124
v -0.07509994 -0.0568872 0.2564182
v -0.07710671 -0.05439597 0.2555195
v -0.07895725 -0.0517534 0.2546247
v -0.08065336 -0.04896128 0.253744
v -0.08219856 -0.04602265 0.2528863
v -0.08272069 -0.04492485 0.2525837
v -0.08414375 -0.04159677 0.2517242
v -0.08539748 -0.0381475 0.2509225
v -0.08649545 -0.03457987 0.2501844
v -0.08333599 -0.04129517 0.2516277
v -0.08456355 -0.03787809 0.2508483
v -0.08563905 -0.03434163 0.2501316
v -0.08657509 -0.03068751 0.2494817
v -0.08745044 -0.0308957 0.2495148
v -0.088238 -0.03101772 0.249934
v -0.08877801 -0.03102862 0.2506544
v -0.08738356 -0.02691835 0.2489029
v -0.08827471 -0.02709829 0.2489176
v -0.08907866 -0.02720332 0.2493293
v -0.08962905 -0.0272116 0.2500532
v -0.08807647 -0.02303731 0.2483963
v -0.08898061 -0.02319109 0.2483947
v -0.08979862 -0.02328085 0.2487998
v -0.08866429 -0.01904702 0.2479636
v -0.0895791 -0.01917576 0.2479478
v -0.09040898 -0.01925164 0.248347
v -0.09097677 -0.01925832 0.249076
v -0.04244315 -0.07275348 0.2639026
v -0.04263317 -0.07358545 0.2640277
v -0.04288363 -0.07426989 0.2644889
v -0.04314774 -0.07467961 0.2652004
v -0.04189854 -0.07280999 0.2640803
v -0.04208755 -0.07365387 0.2641914
v -0.04142975 -0.07285243 0.2643234
v -0.04114449 -0.07375645 0.264657
v -0.04096347 -0.07289469 0.2645653
v -0.04049742 -0.07292997 0.264914
v -0.04067265 -0.07379901 0.2649993
v -0.04000753 -0.0729584 0.2654247
v -0.03993797 -0.07384902 0.2657505
v -0.03959739 -0.07386189 0.2662448
v -0.03943467 -0.0729835 0.2661641
v -0.03906643 -0.07298201 0.2669591
v -0.03915679 -0.07385748 0.2671997
v -0.03883683 -0.07296872 0.2676844
v -0.03900367 -0.0738402 0.26777
v -0.03872704 -0.07292491 0.2687309
v -0.03890669 -0.07378441 0.2688163
v -0.04237961 -0.07434535 0.264635
v -0.0415067 -0.07445824 0.2650573
v -0.04106926 -0.07450485 0.2653703
v -0.04038798 -0.07455927 0.2660604
v -0.04007256 -0.07457286 0.2665156
v -0.03966581 -0.07456654 0.267396
v -0.03952574 -0.07454663 0.2679217
v -0.03944045 -0.07448351 0.268885
v -0.04271942 -0.07475286 0.2653269
v -0.04197907 -0.07486242 0.2656878
v -0.04160857 -0.0749076 0.2659536
v -0.04103177 -0.07496023 0.2665376
v -0.04076457 -0.07497334 0.2669222
v -0.04041922 -0.07496708 0.2676655
v -0.04029953 -0.07494765 0.2681094
v -0.04022449 -0.07488608 0.2689238
v -0.06208372 -0.005051255 0.2965352
v -0.0630958 -0.004999995 0.296512
v -0.0630958 -0.004999995 0.3024784
v -0.06238108 -0.005025506 0.3024959
v -0.06166976 -0.005102097 0.3025007
v -0.0603246 -0.005536854 0.2965267
v -0.06031292 -0.005491197 0.3024953
v -0.05886054 -0.005941033 0.2965197
v -0.05906009 -0.005850434 0.3024902
v -0.05778163 -0.006687641 0.2965067
v -0.05778229 -0.00669384 0.3024784
v -0.05611091 -0.007843673 0.2964864
v -0.0562694 -0.007692337 0.3024645
v -0.05565184 -0.008502364 0.3024532
v -0.05563986 -0.008490443 0.2964752
v -0.05424189 -0.0103513 0.3024274
v -0.05414223 -0.01054632 0.2964393
v -0.05408442 -0.01083397 0.3024206
v -0.05405503 -0.0108239 0.2964345
v -0.05320435 -0.01353001 0.302383
v -0.05320435 -0.01353001 0.2963872
v -0.05297499 -0.01498717 0.2963618
v -0.05285751 -0.01552116 0.3023474
v -0.05276501 -0.01619213 0.2963408
v -0.05250334 -0.01755458 0.302311
v -0.05196338 -0.01999139 0.2962744
v -0.05167055 -0.02114593 0.3022462
v -0.05158829 -0.02134126 0.2962509
v -0.05160975 -0.02134704 0.3022426
v -0.05101788 -0.02339392 0.2962151
v -0.05070483 -0.02434116 0.302188
v -0.05010253 -0.02595347 0.2961704
v -0.0504409 -0.02508497 0.3021745
v -0.05008816 -0.02594727 0.3021585
v -0.05003821 -0.02613312 0.2961672
v -0.04948168 -0.02742981 0.302131
v -0.04899597 -0.02843725 0.296127
v -0.04882138 -0.02877378 0.2961211
v -0.04845124 -0.02944684 0.302093
v -0.04818266 -0.02985072 0.2961024
v -0.04818952 -0.02985394 0.3020851
v -0.04372882 -0.03464889 0.3019904
v -0.04372882 -0.03464889 0.2960186
v -0.04500555 -0.03369778 0.3020094
v -0.04522615 -0.03350871 0.2960385
v -0.04613095 -0.03263783 0.3020306
v -0.04618203 -0.03257715 0.3020318
v -0.04654151 -0.03218287 0.2960616
v -0.047158 -0.03141909 0.3020548
v -0.04772931 -0.03061521 0.296089
v -0.04734981 -0.03116023 0.3020599
v -0.03984516 -0.0396527 0.3019205
v -0.03925263 -0.04281127 0.3018764
v -0.03925263 -0.04281127 0.2958761
v -0.03973966 -0.03989833 0.2959269
v -0.03986912 -0.03952479 0.3019223
v -0.0398603 -0.0396676 0.295931
v -0.04128921 -0.03693532 0.2959787
v -0.0414049 -0.03685122 0.3019596
v -0.04153466 -0.03662526 0.3019628
v -0.0413841 -0.03684639 0.2959802
v -0.03873503 -0.07246834 0.2732069
v -0.03874713 -0.07177489 0.2687488
v -0.03874331 -0.0719906 0.2776807
v -0.0388422 -0.06632959 0.2770169
v -0.03874975 -0.07162475 0.2800365
v -0.03884828 -0.0659812 0.2791696
v -0.0387597 -0.07105273 0.2823328
v -0.03885823 -0.06541174 0.2812584
v -0.03877317 -0.0702787 0.2845665
v -0.03887194 -0.06462526 0.2832787
v -0.03878617 -0.06953877 0.2862555
v -0.03887534 -0.0644297 0.2836997
v -0.03880602 -0.068403 0.2883713
v -0.03889364 -0.0633791 0.2856277
v -0.03882884 -0.06709045 0.2903653
v -0.03891527 -0.06213939 0.2874245
v -0.03885477 -0.06560581 0.2922355
v -0.03894019 -0.06071573 0.2890872
v -0.03887587 -0.06439769 0.2935378
v -0.03894507 -0.06043308 0.2893788
v -0.03890711 -0.06260907 0.2951893
v -0.03897368 -0.05879092 0.290876
v -0.03894054 -0.06069022 0.2966694
v -0.03900486 -0.05701065 0.292189
v -0.03897631 -0.0586459 0.2979779
v -0.03903824 -0.05509799 0.2933165
v -0.03900355 -0.05708408 0.2988193
v -0.03904438 -0.05474197 0.2934984
v -0.03904312 -0.0548132 0.2998297
v -0.03908056 -0.05267179 0.2944022
v -0.03908407 -0.05246984 0.3006364
v -0.03911799 -0.05052822 0.2950875
v -0.03912615 -0.05005806 0.3012408
v -0.03915655 -0.04831737 0.2955551
v -0.03915828 -0.04822039 0.3015586
v -0.03916466 -0.04785335 0.2956242
v -0.03920221 -0.04570329 0.3018043
v -0.03920423 -0.04558295 0.2958231
v -0.03921228 -0.04512244 0.2958357
v -0.03922224 -0.04455685 0.3018459
v -0.04316228 -0.07177489 0.2637838
v -0.04143577 -0.07175302 0.264316
v -0.04001098 -0.07174539 0.2654271
v -0.039074 -0.07175302 0.266972
v -0.03899377 -0.07298171 0.2671158
v -0.04393702 -0.06659138 0.263782
v -0.04678386 -0.06585389 0.2634117
v -0.04772037 -0.06561124 0.2632899
v -0.05129498 -0.06446659 0.2627363
v -0.06967681 -0.05255854 0.2580994
v -0.07217764 -0.0494191 0.2571651
v -0.08932334 -0.004999995 0.2599712
v -0.08759588 -0.00547868 0.2574491
v -0.08660233 -0.004999995 0.2617317
v -0.07964056 -0.004999995 0.287088
v -0.07991874 -0.004999995 0.2866542
v -0.08447903 -0.004999995 0.2904565
v -0.08548808 -0.004999995 0.288816
v -0.08098465 -0.004999995 0.2847278
v -0.0865817 -0.004999995 0.2866683
v -0.088162 -0.004999995 0.2821662
v -0.08259159 -0.004999995 0.2801354
v -0.0885666 -0.004999995 0.2802999
v -0.08295768 -0.004999995 0.2779786
v -0.08888524 -0.004999995 0.2779293
v -0.08747255 -0.004999995 0.2844498
v -0.08183664 -0.004999995 0.2827171
v -0.08247494 -0.004999995 0.2806283
v -0.07108938 -0.004999995 0.2945141
v -0.07198715 -0.004999995 0.3005805
v -0.06905096 -0.004999995 0.295351
v -0.07017326 -0.004999995 0.301229
v -0.06741976 -0.004999995 0.2958496
v -0.06786423 -0.004999995 0.3018521
v -0.06527984 -0.004999995 0.2962927
v -0.06550371 -0.004999995 0.3022699
v -0.07834559 -0.004999995 0.2888471
v -0.08307045 -0.004999995 0.2923825
v -0.07687485 -0.004999995 0.290462
v -0.08149349 -0.004999995 0.2941803
v -0.07523018 -0.004999995 0.2919265
v -0.07974863 -0.004999995 0.2958444
v -0.07481968 -0.004999995 0.2922468
v -0.07824349 -0.004999995 0.2970643
v -0.0730136 -0.004999995 0.2934776
v -0.07627373 -0.004999995 0.2984148
v -0.07418745 -0.004999995 0.2995885
v -0.08305907 -0.004999995 0.2768379
v -0.06317353 -0.006263077 0.3043361
v -0.06574696 -0.006271719 0.3041167
v -0.09076046 -0.006325066 0.2780971
v -0.09033864 -0.005632162 0.2780594
v -0.08967721 -0.005164802 0.2780002
v -0.09041988 -0.00632596 0.2806333
v -0.08998709 -0.006326258 0.2826301
v -0.08924943 -0.006326079 0.2850733
v -0.08829605 -0.006325364 0.2874467
v -0.08712559 -0.006323993 0.2897443
v -0.08604556 -0.006322443 0.291499
v -0.08453804 -0.00631994 0.2935589
v -0.08098292 -0.006312966 0.2972602
v -0.08285021 -0.006316781 0.2954813
v -0.07937228 -0.00630939 0.298564
v -0.07726466 -0.006304502 0.3000067
v -0.07503277 -0.006298959 0.3012601
v -0.07267916 -0.006292641 0.3023186
v -0.07073926 -0.006287097 0.3030099
v -0.06827032 -0.006279706 0.3036732
v -0.09000319 -0.005632698 0.2805583
v -0.08957684 -0.005632877 0.2825258
v -0.08884996 -0.005632758 0.2849332
v -0.08791047 -0.0056324 0.2872716
v -0.08675706 -0.005631685 0.2895353
v -0.0856927 -0.005630791 0.2912642
v -0.08420705 -0.005629539 0.2932936
v -0.08254379 -0.00562793 0.2951874
v -0.08070361 -0.005625963 0.2969399
v -0.07911646 -0.005624175 0.298224
v -0.07703953 -0.005621612 0.2996451
v -0.07484018 -0.005618751 0.3008793
v -0.07252109 -0.005615413 0.3019215
v -0.07060962 -0.005612671 0.3026019
v -0.06817698 -0.005608797 0.3032546
v -0.06569087 -0.005604743 0.3036906
v -0.06315553 -0.005600333 0.3039058
v -0.08934944 -0.005164921 0.2804407
v -0.08893305 -0.005164921 0.2823622
v -0.08822315 -0.005164921 0.2847132
v -0.08730578 -0.005164802 0.286997
v -0.08617949 -0.005164623 0.2892079
v -0.08514022 -0.005164444 0.2908965
v -0.08368957 -0.005164027 0.2928788
v -0.08206546 -0.005163609 0.2947288
v -0.08026856 -0.005163133 0.2964407
v -0.0787186 -0.005162656 0.2976955
v -0.07669037 -0.005161941 0.2990841
v -0.07454246 -0.005161166 0.3002905
v -0.07227736 -0.005160272 0.3013094
v -0.07041037 -0.005159497 0.301975
v -0.06803405 -0.005158424 0.3026137
v -0.06560528 -0.005157351 0.3030409
v -0.06312817 -0.005156159 0.3032525
v -0.06240731 -0.00518018 0.3032705
v -0.06245166 -0.005622327 0.3039242
v -0.06250739 -0.006282687 0.3043548
v -0.06169015 -0.005256414 0.303274
v -0.0617516 -0.005694568 0.3039271
v -0.0618447 -0.00634855 0.3043582
v -0.05911785 -0.005994737 0.303263
v -0.05929183 -0.006400883 0.3039157
v -0.05955535 -0.007005631 0.304347
v -0.05636835 -0.007811605 0.3032357
v -0.05666303 -0.008138656 0.3038876
v -0.05710816 -0.008622646 0.3043194
v -0.05437254 -0.01043331 0.3031964
v -0.05475544 -0.01064568 0.3038471
v -0.0553317 -0.01095587 0.3042796
v -0.05442446 -0.01374363 0.304232
v -0.05378198 -0.01364064 0.3037988
v -0.05335348 -0.01356559 0.3031494
v -0.05181521 -0.02119779 0.3030136
v -0.05265069 -0.01759773 0.3030778
v -0.05223357 -0.0213201 0.3036634
v -0.05307519 -0.01769477 0.3037274
v -0.0528618 -0.0214942 0.3040963
v -0.05371201 -0.0178309 0.3041604
v -0.05058068 -0.02514952 0.3029425
v -0.0508458 -0.02440297 0.3029559
v -0.050987 -0.02530974 0.3035927
v -0.05125504 -0.02455496 0.3036061
v -0.05159765 -0.02554094 0.3040254
v -0.05186992 -0.02477395 0.3040388
v -0.04857897 -0.02953338 0.3028622
v -0.04961639 -0.02750486 0.3028996
v -0.04895424 -0.02975952 0.3035131
v -0.05000978 -0.02769607 0.3035501
v -0.04951924 -0.03009045 0.3039454
v -0.0506016 -0.02797406 0.3039827
v -0.04727452 -0.03152078 0.302825
v -0.04746824 -0.03125959 0.3028299
v -0.04761928 -0.0317927 0.3034763
v -0.047818 -0.03152477 0.3034812
v -0.04813879 -0.03219324 0.3039084
v -0.04834514 -0.03191483 0.3039133
v -0.04623663 -0.03275102 0.3028015
v -0.04655069 -0.03305894 0.3034532
v -0.0470246 -0.03351396 0.3038851
v -0.04509848 -0.033822 0.3027809
v -0.045376 -0.03416413 0.3034329
v -0.04579514 -0.03467124 0.3038646
v -0.04380828 -0.03478223 0.3027625
v -0.04404658 -0.03515338 0.3034148
v -0.04440689 -0.03570491 0.3038463
v -0.04164713 -0.03673148 0.3027332
v -0.04198062 -0.03701764 0.3033847
v -0.04248332 -0.03743964 0.3038167
v -0.04000878 -0.0395897 0.3026903
v -0.04041475 -0.03975081 0.3033406
v -0.04102492 -0.03998345 0.3037733
v -0.03940469 -0.04282718 0.3026418
v -0.03983819 -0.04284614 0.3032906
v -0.04048699 -0.04286497 0.3037241
v -0.03937429 -0.04457283 0.3026114
v -0.03980767 -0.04459178 0.3032602
v -0.04045653 -0.04461061 0.3036936
v -0.04045379 -0.04582744 0.3036569
v -0.03979617 -0.04579222 0.3032259
v -0.03935629 -0.04574853 0.3025748
v -0.04044502 -0.04850322 0.3034107
v -0.04043686 -0.05045992 0.3030822
v -0.04123663 -0.05004966 0.3032742
v -0.04042387 -0.0530312 0.3024495
v -0.04040932 -0.05553311 0.3015987
v -0.04036623 -0.0618208 0.298241
v -0.04038214 -0.05963158 0.2996342
v -0.04039371 -0.05796051 0.3005282
v -0.04035031 -0.06387746 0.296662
v -0.04033488 -0.06579601 0.2948975
v -0.04032427 -0.06709265 0.2935047
v -0.04031074 -0.06868702 0.2915024
v -0.04028779 -0.07131826 0.2870972
v -0.04029852 -0.07009732 0.289366
v -0.04028069 -0.07211399 0.2852852
v -0.04027324 -0.0729466 0.2828878
v -0.04026788 -0.07356202 0.2804224
v -0.04026442 -0.07395583 0.2778925
v -0.03976958 -0.04843199 0.3029873
v -0.03974926 -0.05036228 0.3026664
v -0.03972148 -0.05289942 0.3020465
v -0.03969359 -0.05536818 0.3012112
v -0.03966563 -0.05776369 0.3001592
v -0.03964608 -0.05941313 0.2992799
v -0.0396201 -0.0615741 0.2979088
v -0.03959512 -0.06360447 0.2963542
v -0.0395717 -0.0654987 0.2946163
v -0.0395556 -0.06677913 0.293244
v -0.03953576 -0.06835359 0.2912709
v -0.03951799 -0.06974643 0.2891649
v -0.03950262 -0.07095241 0.2869281
v -0.03949248 -0.07173842 0.2851414
v -0.03948193 -0.0725609 0.2827773
v -0.03947412 -0.07316899 0.2803458
v -0.0394693 -0.07355803 0.2778505
v -0.03931641 -0.04833239 0.3023352
v -0.03928709 -0.05022066 0.3020172
v -0.03924834 -0.05270117 0.3014062
v -0.03921037 -0.05511355 0.3005856
v -0.03917336 -0.05745339 0.2995539
v -0.03914779 -0.05906379 0.2986928
v -0.03911411 -0.0611729 0.2973511
v -0.03908246 -0.06315392 0.2958311
v -0.0390529 -0.06500154 0.2941328
v -0.03903281 -0.06625014 0.2927924
v -0.03900814 -0.06778514 0.290866
v -0.0389862 -0.06914281 0.2888106
v -0.03896731 -0.0703181 0.2866281
v -0.03895497 -0.07108396 0.2848851
v -0.03894197 -0.07188534 0.2825793
v -0.0389325 -0.07247763 0.2802081
v -0.03892636 -0.0728566 0.2777749
v -0.03891623 -0.07333105 0.2732966
v -0.03945446 -0.07403123 0.2733687
v -0.04024392 -0.07443153 0.2734091
v -0.07851469 0.006664991 0.2832742
v -0.07925939 0.01597833 0.2765947
v -0.07754784 0.0158534 0.283188
v -0.07450318 0.006500244 0.2888118
v -0.04031413 -0.03807753 0.2999594
v -0.04352468 -0.0344839 0.3000221
v -0.04352468 -0.0344839 0.2957714
v -0.04043215 -0.03769856 0.2957153
v -0.04007583 -0.03834426 0.2999547
v -0.04033339 -0.0380429 0.2957093
v -0.03900504 -0.04267495 0.2956284
v -0.03900504 -0.04267495 0.2998791
v -0.06287997 -0.004749894 0.3005291
v -0.06287997 -0.004749894 0.2962759
v -0.06210327 -0.004780173 0.3005406
v -0.06209903 -0.004780471 0.2962899
v -0.05838799 -0.006092429 0.3005176
v -0.05918675 -0.005456924 0.2962781
v -0.05842757 -0.006022274 0.2962682
v -0.0572229 -0.00650388 0.3005105
v -0.05503523 -0.008548319 0.2962241
v -0.0549739 -0.009132623 0.3004646
v -0.05484867 -0.008981049 0.2962166
v -0.05385774 -0.01043725 0.3004418
v -0.05298531 -0.01330202 0.2961412
v -0.03973966 0.03989833 0.2959269
v -0.03925263 0.04281127 0.3018764
v -0.03984516 0.0396527 0.3019205
v -0.04128921 0.03693532 0.2959787
v -0.03986912 0.03952479 0.3019223
v -0.0414049 0.03685122 0.3019596
v -0.04372882 0.03464889 0.2960186
v -0.04153466 0.03662526 0.3019628
v -0.04372882 0.03464889 0.3019904
v -0.04110789 0.07488209 0.2692343
v -0.04112964 0.07445335 0.2734097
v -0.04024392 0.07443153 0.2734091
v -0.0411545 0.07397121 0.2778925
v -0.04026442 0.07395583 0.2778925
v -0.03945446 0.07403123 0.2733687
v -0.0394693 0.07355803 0.2778505
v -0.03891623 0.07333105 0.2732966
v -0.03892636 0.0728566 0.2777749
v -0.03873503 0.07246834 0.2732069
v -0.03874331 0.0719906 0.2776807
v -0.04022449 0.07488608 0.2689238
v -0.03944045 0.07448351 0.268885
v -0.03890669 0.07378441 0.2688163
v -0.03872704 0.07292491 0.2687309
v -0.08990293 0.004999995 0.2595691
v -0.08945345 0.004999995 0.2683807
v -0.09054332 0.005105495 0.2595995
v -0.09024643 0.005164325 0.2684239
v -0.090909 0.005630612 0.2684601
v -0.09111613 0.005410969 0.2596266
v -0.09068608 0.00518161 0.2596063
v -0.09133225 0.006322026 0.2684832
v -0.09144657 0.007124841 0.2684894
v -0.09172749 0.007122755 0.2629846
v -0.09189701 0.007121503 0.2596637
v -0.09183067 0.00647515 0.2596606
v -0.09176343 0.006327927 0.2596574
v -0.0915609 0.00588417 0.2596477
v -0.09133851 0.00564754 0.2596372
v -0.09093326 0.007128655 0.2773118
v -0.09082019 0.006324708 0.2773048
v -0.09039747 0.005631983 0.2772787
v -0.08973473 0.005164802 0.2772378
v -0.08894121 0.004999995 0.2771888
v -0.09192097 0.01237219 0.2500967
v -0.09186673 0.01308476 0.2498224
v -0.09171104 0.01281541 0.2489468
v -0.09050899 0.005112349 0.2586311
v -0.08984446 0.005034089 0.2585975
v -0.0919348 0.007148921 0.2588251
v -0.091865 0.00648427 0.2587787
v -0.09157925 0.005880475 0.258727
v -0.09110969 0.005405426 0.2586759
v -0.08971828 0.005284786 0.2567796
v -0.09042644 0.005305588 0.2568075
v -0.09108108 0.005568087 0.2568796
v -0.0916 0.006039083 0.256987
v -0.09191799 0.006659448 0.2571161
v -0.09199506 0.00735116 0.2572508
v -0.08958047 0.005750775 0.2551064
v -0.08965224 0.005508065 0.2559776
v -0.09032118 0.005733907 0.2550258
v -0.09103018 0.005957663 0.2551152
v -0.09160107 0.006414473 0.2552772
v -0.09195381 0.007040143 0.2554889
v -0.09203892 0.007747173 0.2557207
v -0.0902661 0.006005406 0.2542411
v -0.09099954 0.006209731 0.2543345
v -0.09159463 0.006656587 0.2545203
v -0.09196382 0.00728029 0.2547713
v -0.09205281 0.007989227 0.2550505
v -0.08934408 0.006848633 0.2527361
v -0.08950221 0.006073832 0.2542538
v -0.090137 0.006726384 0.2526731
v -0.09091991 0.006887972 0.2527658
v -0.09156602 0.007307112 0.2529993
v -0.09197074 0.007915973 0.2533356
v -0.09206855 0.00861597 0.2537204
v -0.08917826 0.007801175 0.2513833
v -0.08934015 0.006870985 0.2527044
v -0.08999246 0.007638335 0.2512519
v -0.09082067 0.007758796 0.2513314
v -0.09151649 0.008140981 0.2516078
v -0.09195703 0.008717536 0.2520323
v -0.09206449 0.009386539 0.2525298
v -0.08914828 0.007987558 0.2511623
v -0.0899654 0.007819712 0.251017
v -0.09080106 0.007933378 0.2510929
v -0.0915054 0.008308053 0.2513764
v -0.09195232 0.00887674 0.2518167
v -0.09206163 0.009537398 0.2523349
v -0.09203583 0.01037514 0.2514201
v -0.09191644 0.00977379 0.2507941
v -0.09143757 0.009257793 0.2502724
v -0.0906912 0.008926153 0.2499551
v -0.08982056 0.008842527 0.2499032
v -0.08884078 0.01014822 0.2492927
v -0.08897113 0.009182929 0.250008
v -0.08899277 0.009022891 0.2501266
v -0.08954107 0.01107949 0.2483571
v -0.08967232 0.009983479 0.2489879
v -0.09045666 0.01114106 0.2483536
v -0.0905705 0.01004892 0.2490105
v -0.09126514 0.01137554 0.2487187
v -0.09135311 0.01033151 0.2493557
v -0.09179645 0.01173382 0.2493756
v -0.09186136 0.01077365 0.2499538
v -0.09193861 0.01214051 0.2501859
v -0.09199213 0.0112859 0.2506833
v -0.0887112 0.01120412 0.2487283
v -0.08864635 0.01178348 0.2485215
v -0.08858066 0.0123704 0.2483119
v -0.089405 0.01231414 0.2478868
v -0.09033125 0.01238346 0.2478619
v -0.09115958 0.01256346 0.2482427
v -0.08845388 0.0136221 0.2480805
v -0.08927005 0.01365602 0.2476286
v -0.09019887 0.0137425 0.2475944
v -0.09103804 0.01386284 0.2479851
v -0.09160476 0.01399075 0.2487158
v -0.09177553 0.0140984 0.2496272
v -0.08915162 0.01494848 0.2476098
v -0.09007519 0.01505255 0.247582
v -0.09091496 0.01511508 0.2479762
v -0.09148943 0.01512253 0.2487072
v -0.0916745 0.01507323 0.249617
v -0.08221584 0.04865872 0.2555713
v -0.08196759 0.04912394 0.2557035
v -0.08177542 0.04925632 0.2548994
v -0.04314702 0.07267338 0.2637698
v -0.04677337 0.07182067 0.2633151
v -0.04329681 0.0733267 0.2638861
v -0.04710459 0.0724433 0.2633783
v -0.04352909 0.07416319 0.2643916
v -0.04345113 0.07389384 0.2642012
v -0.04729688 0.07302778 0.2636845
v -0.04333382 0.07348853 0.2639149
v -0.04369747 0.07457578 0.2651139
v -0.04359626 0.07432794 0.26468
v -0.04747831 0.07346969 0.2641786
v -0.04380881 0.07465201 0.2659519
v -0.04371958 0.07459092 0.2652803
v -0.04643565 0.07404047 0.2656369
v -0.0476275 0.07371681 0.2648023
v -0.04772686 0.07373988 0.265482
v -0.05151003 0.07261717 0.2642353
v -0.05162584 0.07262861 0.2649205
v -0.04692429 0.07178521 0.2632962
v -0.05066555 0.0707066 0.2627338
v -0.05088323 0.07136249 0.2628079
v -0.05074697 0.07067811 0.2627194
v -0.05446231 0.07012212 0.2621695
v -0.05519944 0.07135248 0.2635983
v -0.0550121 0.07146078 0.264344
v -0.05217355 0.07243978 0.2648273
v -0.05420458 0.06947016 0.262106
v -0.05466902 0.06927585 0.2620103
v -0.05785256 0.06871515 0.261467
v -0.05533123 0.07135075 0.2642897
v -0.05780774 0.07032936 0.2638002
v -0.05870622 0.06991475 0.2628949
v -0.05885314 0.06989818 0.2635934
v -0.05925148 0.06966769 0.2627762
v -0.05940085 0.06964862 0.263476
v -0.05755198 0.06806945 0.2614167
v -0.05837875 0.06847369 0.2613487
v -0.05848038 0.06762135 0.2612024
v -0.06137603 0.06696403 0.2606232
v -0.06236273 0.06812179 0.2620472
v -0.06531029 0.06641668 0.2612702
v -0.06548333 0.06636643 0.2619861
v -0.06325137 0.0676648 0.2625659
v -0.06252479 0.06808739 0.2627546
v -0.06056046 0.06906914 0.2632082
v -0.06102561 0.06632834 0.260591
v -0.06213563 0.06567108 0.2602913
v -0.06420844 0.06530123 0.2598519
v -0.06381446 0.06467711 0.2598381
v -0.06687641 0.06348299 0.2590422
v -0.06564325 0.06341981 0.2592884
v -0.07072901 0.06250685 0.259594
v -0.07078671 0.0625267 0.2603721
v -0.06838601 0.06439751 0.2611424
v -0.06809455 0.06454932 0.2604521
v -0.06827634 0.06448298 0.2611776
v -0.06586492 0.06610906 0.2618756
v -0.06643778 0.0628736 0.2590497
v -0.06891304 0.06090337 0.2582268
v -0.06939584 0.061495 0.2581951
v -0.06899672 0.06082653 0.2581962
v -0.07177245 0.05933058 0.2573161
v -0.0709176 0.06242465 0.26033
v -0.07305467 0.06050539 0.259575
v -0.07321798 0.06028223 0.2587015
v -0.07341086 0.06018549 0.2594491
v -0.07383596 0.05967807 0.2584668
v -0.07402956 0.05957782 0.2592176
v -0.07517975 0.05834412 0.2587634
v -0.07606339 0.05729919 0.257574
v -0.07625859 0.05718696 0.2583374
v -0.07124614 0.05876034 0.2573745
v -0.07182443 0.0581789 0.2571512
v -0.07236188 0.05874294 0.2570854
v -0.072124 0.05784934 0.2570292
v -0.07448434 0.05642819 0.2562089
v -0.0739063 0.0558893 0.2563039
v -0.07644921 0.05396288 0.2553293
v -0.074992 0.05451613 0.2558256
v -0.07812684 0.05476814 0.2566758
v -0.07832223 0.05464619 0.2574523
v -0.07716488 0.0560711 0.2579487
v -0.08003032 0.05208629 0.255781
v -0.0806818 0.05121415 0.2563436
v -0.08022451 0.05195754 0.2565712
v -0.07899868 0.05369001 0.257139
v -0.07583361 0.05345171 0.2554548
v -0.07761025 0.05086749 0.2546123
v -0.07826042 0.0513482 0.2544548
v -0.0776329 0.05082952 0.2546008
v -0.07992017 0.04858553 0.2535951
v -0.07923895 0.0481373 0.2537851
v -0.08143216 0.04567706 0.252759
v -0.08000534 0.0466538 0.2533705
v -0.08072376 0.04526311 0.2529817
v -0.08122581 0.04418903 0.2526988
v -0.08215624 0.04197615 0.2521536
v -0.08333599 0.04129517 0.2516277
v -0.08194315 0.04459047 0.2524642
v -0.08355551 0.04614889 0.2548582
v -0.08336567 0.04628199 0.2540402
v -0.08360946 0.04603731 0.2548282
v -0.08390319 0.04517185 0.2537369
v -0.08409219 0.04503935 0.2545599
v -0.08536869 0.04180979 0.2528747
v -0.08555531 0.04168111 0.2537122
v -0.08259534 0.0409317 0.2518963
v -0.08380401 0.03755247 0.2511495
v -0.08456355 0.03787809 0.2508483
v -0.08405363 0.03672891 0.250988
v -0.08563905 0.03434163 0.2501316
v -0.0892927 0.02944386 0.2512999
v -0.08896106 0.03092646 0.2515301
v -0.08877801 0.03102862 0.2506544
v -0.08797609 0.03462278 0.2521921
v -0.08779251 0.03473585 0.2513281
v -0.08783316 0.03507602 0.2522842
v -0.08666044 0.03833019 0.2520699
v -0.08684515 0.03820812 0.2529211
v -0.08594894 0.04062128 0.2534708
v -0.08486467 0.03405308 0.2504633
v -0.08571672 0.0307188 0.2498905
v -0.08657509 0.03068751 0.2494817
v -0.0857892 0.03043514 0.2498418
v -0.08658927 0.02670043 0.2492883
v -0.08716964 0.02344906 0.2488793
v -0.08807647 0.02303731 0.2483963
v -0.08738356 0.02691835 0.2489029
v -0.08981221 0.02712142 0.2509393
v -0.08962905 0.0272116 0.2500532
v -0.09043669 0.0237751 0.2504963
v -0.09035831 0.02328783 0.2495263
v -0.09054207 0.0232104 0.2504216
v -0.09097677 0.01925832 0.249076
v -0.09116125 0.01919442 0.2499791
v -0.08727622 0.02285188 0.2488042
v -0.08785974 0.0188927 0.248391
v -0.08866429 0.01904702 0.2479636
v -0.08834391 0.01482546 0.2480536
v -0.05111485 0.0719434 0.2631111
v -0.05473619 0.0706976 0.2624682
v -0.0581718 0.06928294 0.2617594
v -0.05870544 0.06904006 0.2616398
v -0.06174767 0.06752038 0.2609062
v -0.06462627 0.06584513 0.2601251
v -0.06734156 0.06401145 0.2593034
v -0.0699082 0.0620054 0.2584424
v -0.07233166 0.05981975 0.2575476
v -0.07293313 0.05922603 0.2573124
v -0.07509994 0.0568872 0.2564182
v -0.07710671 0.05439597 0.2555195
v -0.07895725 0.0517534 0.2546247
v -0.08065336 0.04896128 0.253744
v -0.08219856 0.04602265 0.2528863
v -0.08272069 0.04492485 0.2525837
v -0.08414375 0.04159677 0.2517242
v -0.08539748 0.0381475 0.2509225
v -0.08649545 0.03457987 0.2501844
v -0.08745044 0.0308957 0.2495148
v -0.08827471 0.02709829 0.2489176
v -0.08898061 0.02319109 0.2483947
v -0.0895791 0.01917576 0.2479478
v -0.05133259 0.07237917 0.2636069
v -0.05499249 0.07112538 0.262965
v -0.05846893 0.06970059 0.2622565
v -0.05900943 0.0694558 0.2621369
v -0.0620917 0.06792408 0.2614027
v -0.06501108 0.06623464 0.2606203
v -0.06776762 0.0643844 0.2597966
v -0.07037532 0.06235986 0.2589325
v -0.07283914 0.0601539 0.2580339
v -0.07345086 0.05955451 0.2577976
v -0.07565563 0.05719369 0.2568987
v -0.07769823 0.05467987 0.2559943
v -0.07958257 0.05201411 0.2550933
v -0.08131015 0.04919868 0.2542057
v -0.08288437 0.04623717 0.2533407
v -0.0834164 0.0451312 0.2530354
v -0.0848667 0.04177981 0.2521677
v -0.08614462 0.03830868 0.2513578
v -0.08726406 0.03472054 0.2506116
v -0.088238 0.03101772 0.249934
v -0.08907866 0.02720332 0.2493293
v -0.08979862 0.02328085 0.2487998
v -0.09040898 0.01925164 0.248347
v -0.09129953 0.01808428 0.2498816
v -0.03906643 0.07298201 0.2669591
v -0.03943467 0.0729835 0.2661641
v -0.03959739 0.07386189 0.2662448
v -0.0433765 0.07473832 0.26603
v -0.04314774 0.07467961 0.2652004
v -0.04288363 0.07426989 0.2644889
v -0.04263317 0.07358545 0.2640277
v -0.04244315 0.07275348 0.2639026
v -0.04208755 0.07365387 0.2641914
v -0.04237961 0.07434535 0.264635
v -0.04271942 0.07475286 0.2653269
v -0.04114449 0.07375645 0.264657
v -0.0415067 0.07445824 0.2650573
v -0.04197907 0.07486242 0.2656878
v -0.0424689 0.07488983 0.2664248
v -0.04304224 0.07479912 0.2661355
v -0.04067265 0.07379901 0.2649993
v -0.04096347 0.07289469 0.2645653
v -0.04106926 0.07450485 0.2653703
v -0.04160857 0.0749076 0.2659536
v -0.03993797 0.07384902 0.2657505
v -0.04000753 0.0729584 0.2654247
v -0.04038798 0.07455927 0.2660604
v -0.04103177 0.07496023 0.2665376
v -0.04174005 0.07497143 0.2670865
v -0.04218351 0.07492733 0.2666335
v -0.03977209 0.07297205 0.2656701
v -0.04007256 0.07457286 0.2665156
v -0.04076457 0.07497334 0.2669222
v -0.04153424 0.07498282 0.2673827
v -0.03915679 0.07385748 0.2671997
v -0.03966581 0.07456654 0.267396
v -0.04041922 0.07496708 0.2676655
v -0.04126602 0.07497888 0.2679541
v -0.03883683 0.07296872 0.2676844
v -0.03899377 0.07298171 0.2671158
v -0.03900367 0.0738402 0.26777
v -0.03952574 0.07454663 0.2679217
v -0.04029953 0.07494765 0.2681094
v -0.04117113 0.07496362 0.2682957
v -0.04110628 0.07491385 0.268925
v -0.08999443 0.01665532 0.2773007
v -0.08985376 0.01754873 0.277311
v -0.0906589 0.01783061 0.2637851
v -0.07830822 0.05055749 0.2785349
v -0.07710909 0.05221199 0.2786155
v -0.07826024 0.05309629 0.2665126
v -0.05443102 0.06986242 0.2785704
v -0.05401808 0.07002586 0.2785511
v -0.05474901 0.07107776 0.2684016
v -0.04626625 0.07375466 0.2689222
v -0.04573202 0.07282596 0.2781354
v -0.04443454 0.0731939 0.2780669
v -0.05194783 0.0720933 0.2685757
v -0.05190712 0.07086151 0.2784523
v -0.05128371 0.07107406 0.2784209
v -0.04818904 0.07212913 0.2782649
v -0.05670517 0.06883472 0.2786657
v -0.05750966 0.0699265 0.2682262
v -0.05745375 0.06849652 0.2786971
v -0.06021755 0.06863057 0.2680487
v -0.05934119 0.06751239 0.2787625
v -0.06043279 0.06694322 0.2788002
v -0.06285607 0.06718611 0.2678688
v -0.06191217 0.06605607 0.2788375
v -0.06541174 0.06559056 0.2676858
v -0.06440675 0.06446295 0.2788878
v -0.0633161 0.06521421 0.2788729
v -0.06614381 0.06326651 0.2789115
v -0.06787073 0.06384205 0.2674993
v -0.06681424 0.06273257 0.2789108
v -0.07021492 0.06194782 0.2673091
v -0.06910216 0.06091052 0.2789086
v -0.07131218 0.05887895 0.2788707
v -0.07243442 0.05991542 0.2671151
v -0.07168334 0.0585379 0.2788644
v -0.0745204 0.05775249 0.2669175
v -0.0764625 0.05547499 0.2667165
v -0.07409375 0.0559954 0.2787824
v -0.07337218 0.05675637 0.2788069
v -0.0762816 0.05335372 0.2786711
v -0.07530593 0.05453181 0.2787207
v -0.07878285 0.04980778 0.2784957
v -0.07991427 0.05062842 0.2663063
v -0.08015978 0.04763329 0.2783818
v -0.08142596 0.04808604 0.2660982
v -0.08033394 0.04733467 0.2783659
v -0.08280104 0.04548096 0.2658887
v -0.08516681 0.04012537 0.2654674
v -0.08393812 0.04010158 0.277988
v -0.08223909 0.04380488 0.2781779
v -0.08171892 0.04477673 0.2782297
v -0.08052647 0.04700446 0.2783483
v -0.08707123 0.03463691 0.2650453
v -0.08543241 0.03624987 0.2778068
v -0.08415871 0.03953307 0.2779612
v -0.08770471 0.0286529 0.2775226
v -0.0867443 0.03221738 0.2776417
v -0.08612042 0.03413498 0.2777202
v -0.08975714 0.02346003 0.264204
v -0.0891686 0.02189987 0.2773608
v -0.0889191 0.02311271 0.2773874
v -0.08858031 0.029069 0.2646239
v -0.08812177 0.02698773 0.2774721
v -0.08788275 0.02799195 0.2775005
v -0.0913226 0.0121876 0.2633649
v -0.09052717 0.01196855 0.2772914
v -0.09061348 0.01120913 0.2772899
v -0.04125237 0.04288107 0.3038761
v -0.04122185 0.04462671 0.3038457
v -0.04201638 0.04434478 0.3038505
v -0.0417456 0.04025191 0.303922
v -0.04343128 0.04379272 0.3038602
v -0.043078 0.03793221 0.3039625
v -0.0513007 0.02829635 0.3041307
v -0.05018699 0.03047519 0.3040927
v -0.05547165 0.03328502 0.3040436
v -0.04502475 0.04308104 0.3038726
v -0.04649603 0.04232013 0.3038859
v -0.0448333 0.03635114 0.3039901
v -0.04758518 0.03404569 0.3040303
v -0.05249512 0.03752785 0.3039696
v -0.04875326 0.03266036 0.3040545
v -0.05346167 0.03634601 0.3039902
v -0.04896855 0.03236979 0.3040596
v -0.05439215 0.03504317 0.3040129
v -0.05528771 0.03360563 0.304038
v -0.05818665 0.02718317 0.3041501
v -0.05901515 0.0245915 0.3041954
v -0.05360364 0.02169358 0.304246
v -0.05977725 0.02171427 0.3042456
v -0.0544638 0.0179854 0.3043107
v -0.04784905 0.04151237 0.3039
v -0.04910057 0.04065132 0.303915
v -0.04629105 0.0352649 0.304009
v -0.05037426 0.03963363 0.3039328
v -0.05147248 0.03861761 0.3039506
v -0.06195503 0.007116556 0.3045004
v -0.05986726 0.007715225 0.3044899
v -0.06179523 0.009032011 0.304467
v -0.05763471 0.00918883 0.3044642
v -0.06131607 0.01329767 0.3043925
v -0.05259633 0.0250262 0.3041878
v -0.05231893 0.02580779 0.3041741
v -0.0573011 0.02950781 0.3041095
v -0.05636113 0.03159391 0.3040731
v -0.05994307 0.0210067 0.3042579
v -0.06069529 0.01729381 0.3043227
v -0.05518263 0.01385897 0.3043827
v -0.05601269 0.011316 0.3044271
v -0.04785084 0.07110983 0.2833505
v -0.05150038 0.06984102 0.2835114
v -0.05397313 0.06884694 0.2836132
v -0.05693012 0.06749504 0.2837231
v -0.0598405 0.06596565 0.2838134
v -0.06265556 0.06427073 0.2838786
v -0.06541556 0.06236881 0.2839156
v -0.06830596 0.0600748 0.2839188
v -0.07083255 0.05776858 0.2838873
v -0.0731979 0.05529922 0.2838245
v -0.0753529 0.05273205 0.2837372
v -0.07735687 0.05001157 0.2836293
v -0.07919585 0.04716169 0.2835075
v -0.07956105 0.04654806 0.2834808
v -0.08127164 0.04342162 0.2833449
v -0.08448421 0.0360099 0.28305
v -0.08581346 0.03203791 0.2829204
v -0.0869711 0.02786582 0.2828113
v -0.08828234 0.0218352 0.2827081
v -0.08912509 0.01663297 0.2826703
v -0.08975642 0.01122421 0.2826749
v -0.08614075 0.007125437 0.2915624
v -0.08543658 0.007123768 0.2925254
v -0.08514189 0.01097112 0.2924994
v -0.06256568 0.007058382 0.3044951
v -0.06720101 0.009520292 0.3039457
v -0.06740164 0.007060766 0.3039621
v -0.06576478 0.007053375 0.304252
v -0.06317943 0.007040977 0.3044762
v -0.0724157 0.009973406 0.3024178
v -0.07265657 0.007082819 0.302462
v -0.07077866 0.007075369 0.3031337
v -0.06829929 0.007064819 0.3038031
v -0.07725489 0.01037538 0.2999372
v -0.07732933 0.007100105 0.3001105
v -0.07508903 0.007092118 0.3013714
v -0.07272636 0.007083117 0.3024371
v -0.08154755 0.01071184 0.2965916
v -0.08106082 0.007112026 0.2973495
v -0.07944452 0.007107079 0.2986599
v -0.07752323 0.007100701 0.2999776
v -0.0846281 0.00712192 0.2936311
v -0.08293455 0.00711745 0.2955622
v -0.08182758 0.007114291 0.2966181
v -0.08722442 0.007127702 0.2898002
v -0.08791077 0.01114398 0.2878051
v -0.088225 0.007129371 0.287835
v -0.0900824 0.00713098 0.2827035
v -0.0893557 0.007130742 0.2851107
v -0.08839893 0.007129669 0.2874934
v -0.09087312 0.007129192 0.2781072
v -0.09053075 0.007130563 0.2806532
v -0.09009623 0.00713098 0.2826578
v -0.04116529 0.07213711 0.2852882
v -0.04116064 0.072914 0.2830408
v -0.04415762 0.07218384 0.2831811
v -0.04116034 0.07296639 0.2828891
v -0.04115664 0.07357925 0.2804228
v -0.04117 0.07134437 0.2871023
v -0.04366189 0.07030081 0.2880246
v -0.0411725 0.07090818 0.287917
v -0.04119312 0.06713145 0.2935252
v -0.04118829 0.06804591 0.29237
v -0.04296344 0.06760591 0.2924407
v -0.04118484 0.06872159 0.2915164
v -0.04117697 0.0701276 0.2893749
v -0.04208493 0.06418645 0.2962861
v -0.04122042 0.06081652 0.2989625
v -0.04121679 0.06186813 0.2982871
v -0.04120838 0.06392234 0.2966975
v -0.04120618 0.06440514 0.2962504
v -0.04119962 0.06583762 0.2949238
v -0.04123735 0.05307441 0.3025473
v -0.04123485 0.05526149 0.3017911
v -0.0427742 0.05479681 0.3018196
v -0.04123443 0.0555799 0.3016811
v -0.04414135 0.05923599 0.2994871
v -0.04122918 0.0580089 0.3005961
v -0.04122442 0.0596801 0.2996925
v -0.04123723 0.05049741 0.3031963
v -0.0437926 0.04917675 0.3033041
v -0.04122722 0.0458489 0.3038011
v -0.04123473 0.04853487 0.3035375
v -0.08727735 0.01647531 0.287784
v -0.08451622 0.01618826 0.2924619
v -0.08093887 0.01578164 0.2965394
v -0.07667112 0.01526969 0.2998731
v -0.07186311 0.01467067 0.3023455
v -0.066684 0.0140056 0.3038699
v -0.08643215 0.02159422 0.2877976
v -0.08368283 0.02118515 0.2924513
v -0.08013027 0.02062261 0.2965068
v -0.07589876 0.01992601 0.2998222
v -0.07113599 0.01911967 0.3022818
v -0.06600844 0.01823192 0.3037997
v -0.08721458 0.02687293 0.2827898
v -0.08536332 0.02653753 0.2878468
v -0.08263212 0.02599316 0.2924683
v -0.07911545 0.02525866 0.296494
v -0.07493507 0.02435946 0.2997848
v -0.07023572 0.02332669 0.3022267
v -0.06518012 0.02219605 0.3037351
v -0.08512008 0.02750974 0.2878609
v -0.08239358 0.02693611 0.2924749
v -0.07888585 0.02616447 0.2964938
v -0.07471805 0.02522164 0.2997789
v -0.07003408 0.02414011 0.3022167
v -0.06499588 0.02295744 0.3037229
v -0.08396601 0.03158646 0.287935
v -0.08126527 0.0308786 0.292514
v -0.07780361 0.02993828 0.2965009
v -0.07369929 0.02879786 0.2997593
v -0.06909281 0.02749615 0.3021777
v -0.06414163 0.02607792 0.3036735
v -0.08264654 0.03545427 0.2880262
v -0.07998144 0.03460156 0.2925669
v -0.07657915 0.033481 0.2965187
v -0.07255464 0.03213018 0.2997478
v -0.06804418 0.03059488 0.302145
v -0.06320023 0.02892702 0.3036291
v -0.08297699 0.03979372 0.2831936
v -0.08115738 0.03912514 0.2881292
v -0.0785402 0.038118 0.2926295
v -0.07521289 0.03680604 0.2965443
v -0.07128673 0.03523319 0.2997426
v -0.06689304 0.03345203 0.3021175
v -0.06217861 0.03152197 0.3035895
v -0.0794813 0.04263103 0.2882388
v -0.07692724 0.04145908 0.2926979
v -0.07369387 0.03994446 0.296575
v -0.06988793 0.03813737 0.2997419
v -0.06563514 0.03609746 0.3020942
v -0.06107604 0.03389197 0.3035539
v -0.07780849 0.04564177 0.2883377
v -0.07532596 0.04431515 0.2927603
v -0.07219463 0.04261159 0.296604
v -0.06851685 0.04058665 0.2997434
v -0.06441277 0.03830665 0.3020758
v -0.06001651 0.03584593 0.303525
v -0.0774523 0.04623162 0.2883571
v -0.07498604 0.04487329 0.2927725
v -0.07187736 0.04313111 0.2966098
v -0.06822776 0.04106169 0.2997438
v -0.06415623 0.0387327 0.3020724
v -0.05979543 0.03622007 0.3035195
v -0.07566398 0.04896599 0.2884457
v -0.07328426 0.04745447 0.2928284
v -0.07029443 0.04552584 0.296636
v -0.06679117 0.04324245 0.2997455
v -0.06288754 0.04067796 0.3020566
v -0.05870956 0.03791511 0.3034945
v -0.07372355 0.0515697 0.2885235
v -0.07144582 0.04990386 0.2928768
v -0.06859254 0.04778814 0.2966579
v -0.06525498 0.04528993 0.2997457
v -0.06153994 0.04248929 0.3020414
v -0.05756652 0.03947579 0.3034715
v -0.0716446 0.05402255 0.2885854
v -0.0694831 0.05220592 0.2929142
v -0.06678211 0.04990708 0.2966731
v -0.06362736 0.04719913 0.2997428
v -0.06011903 0.04416781 0.302026
v -0.05636852 0.04090958 0.3034499
v -0.06937068 0.05637878 0.2886283
v -0.06734383 0.05441242 0.2929377
v -0.06481605 0.0519315 0.2966794
v -0.06186705 0.04901432 0.2997356
v -0.05859005 0.04575318 0.3020094
v -0.05508834 0.04225069 0.3034294
v -0.06694614 0.05858063 0.2886467
v -0.06506544 0.05647516 0.2929437
v -0.06272292 0.0538243 0.2966747
v -0.05999231 0.05071151 0.2997224
v -0.05695933 0.04723465 0.3019911
v -0.0537194 0.04350286 0.3034094
v -0.0641756 0.06077414 0.2886376
v -0.0624628 0.05853247 0.2929294
v -0.06033092 0.05571419 0.2966562
v -0.0578469 0.05240744 0.2997013
v -0.05508846 0.04871612 0.3019691
v -0.05214226 0.04475605 0.3033885
v -0.06153053 0.06259739 0.2886027
v -0.05997622 0.0602467 0.2928972
v -0.05804157 0.0572924 0.2966271
v -0.05578708 0.05382716 0.2996756
v -0.05328363 0.04995971 0.301947
v -0.05060964 0.04581147 0.30337
v -0.05882871 0.06422883 0.2885461
v -0.05742919 0.0617873 0.2928494
v -0.05568587 0.0587179 0.2965883
v -0.05365377 0.05511713 0.2996449
v -0.0513966 0.05109816 0.3019234
v -0.04898548 0.04678732 0.303352
v -0.0560308 0.0657072 0.2884699
v -0.05478423 0.0631895 0.2927877
v -0.05322974 0.06002128 0.2965404
v -0.05141633 0.05630248 0.2996096
v -0.04940128 0.05215066 0.3018983
v -0.04724812 0.04769665 0.3033344
v -0.05318099 0.06702089 0.2883785
v -0.05207961 0.06444215 0.2927153
v -0.05070406 0.06119251 0.296486
v -0.04909771 0.05737507 0.299571
v -0.04731184 0.05311071 0.3018725
v -0.04540282 0.04853492 0.3033175
v -0.05079132 0.06799185 0.2882946
v -0.04980266 0.065373 0.2926496
v -0.04856586 0.0620678 0.2964374
v -0.04712039 0.05818176 0.2995375
v -0.04551213 0.05383861 0.3018509
v -0.04725402 0.06923836 0.2881628
v -0.04641789 0.06657469 0.2925472
v -0.04536902 0.06320452 0.2963628
v -0.04131144 0.05002933 0.3032855
v -0.04123634 0.04979872 0.3033178
v -0.04122292 0.06009685 0.2994247
v -0.08888524 0.004999995 0.2779293
v -0.08967721 0.005164802 0.2780002
v -0.09033864 0.005632162 0.2780594
v -0.08998709 0.006326258 0.2826301
v -0.09041988 0.00632596 0.2806333
v -0.09076046 0.006325066 0.2780971
v -0.08829605 0.006325364 0.2874467
v -0.08924943 0.006326079 0.2850733
v -0.08604556 0.006322443 0.291499
v -0.08712559 0.006323993 0.2897443
v -0.08453804 0.00631994 0.2935589
v -0.08285021 0.006316781 0.2954813
v -0.07937228 0.00630939 0.298564
v -0.08098292 0.006312966 0.2972602
v -0.0885666 0.004999995 0.2802999
v -0.08934944 0.005164921 0.2804407
v -0.088162 0.004999995 0.2821662
v -0.08893305 0.005164921 0.2823622
v -0.08747255 0.004999995 0.2844498
v -0.08822315 0.005164921 0.2847132
v -0.0865817 0.004999995 0.2866683
v -0.08730578 0.005164802 0.286997
v -0.08548808 0.004999995 0.288816
v -0.08617949 0.005164623 0.2892079
v -0.08447903 0.004999995 0.2904565
v -0.08514022 0.005164444 0.2908965
v -0.08307045 0.004999995 0.2923825
v -0.08368957 0.005164027 0.2928788
v -0.08149349 0.004999995 0.2941803
v -0.08206546 0.005163609 0.2947288
v -0.07974863 0.004999995 0.2958444
v -0.08026856 0.005163133 0.2964407
v -0.07824349 0.004999995 0.2970643
v -0.0787186 0.005162656 0.2976955
v -0.07627373 0.004999995 0.2984148
v -0.07669037 0.005161941 0.2990841
v -0.07418745 0.004999995 0.2995885
v -0.07454246 0.005161166 0.3002905
v -0.07198715 0.004999995 0.3005805
v -0.07227736 0.005160272 0.3013094
v -0.09000319 0.005632698 0.2805583
v -0.08957684 0.005632877 0.2825258
v -0.08884996 0.005632758 0.2849332
v -0.08791047 0.0056324 0.2872716
v -0.08675706 0.005631685 0.2895353
v -0.0856927 0.005630791 0.2912642
v -0.08420705 0.005629539 0.2932936
v -0.08254379 0.00562793 0.2951874
v -0.08070361 0.005625963 0.2969399
v -0.07911646 0.005624175 0.298224
v -0.07703953 0.005621612 0.2996451
v -0.07484018 0.005618751 0.3008793
v -0.07252109 0.005615413 0.3019215
v -0.07726466 0.006304502 0.3000067
v -0.07503277 0.006298959 0.3012601
v -0.07267916 0.006292641 0.3023186
v -0.07073926 0.006287097 0.3030099
v -0.07060962 0.005612671 0.3026019
v -0.07041037 0.005159497 0.301975
v -0.07017326 0.004999995 0.301229
v -0.06786423 0.004999995 0.3018521
v -0.06803405 0.005158424 0.3026137
v -0.06817698 0.005608797 0.3032546
v -0.06827032 0.006279706 0.3036732
v -0.06317353 0.006263077 0.3043361
v -0.06574696 0.006271719 0.3041167
v -0.06315553 0.005600333 0.3039058
v -0.06569087 0.005604743 0.3036906
v -0.06312817 0.005156159 0.3032525
v -0.06560528 0.005157351 0.3030409
v -0.0630958 0.004999995 0.3024784
v -0.06550371 0.004999995 0.3022699
v -0.06250739 0.006282687 0.3043548
v -0.06245166 0.005622327 0.3039242
v -0.06240731 0.00518018 0.3032705
v -0.06238108 0.005025506 0.3024959
v -0.0618447 0.00634855 0.3043582
v -0.0617516 0.005694568 0.3039271
v -0.06169015 0.005256414 0.303274
v -0.06166976 0.005102097 0.3025007
v -0.05408442 0.01083397 0.3024206
v -0.05320435 0.01353001 0.302383
v -0.05335348 0.01356559 0.3031494
v -0.05565184 0.008502364 0.3024532
v -0.05424189 0.0103513 0.3024274
v -0.05437254 0.01043331 0.3031964
v -0.05778229 0.00669384 0.3024784
v -0.0562694 0.007692337 0.3024645
v -0.05636835 0.007811605 0.3032357
v -0.06031292 0.005491197 0.3024953
v -0.05906009 0.005850434 0.3024902
v -0.05911785 0.005994737 0.303263
v -0.05955535 0.007005631 0.304347
v -0.05929183 0.006400883 0.3039157
v -0.05710816 0.008622646 0.3043194
v -0.05666303 0.008138656 0.3038876
v -0.0553317 0.01095587 0.3042796
v -0.05475544 0.01064568 0.3038471
v -0.05442446 0.01374363 0.304232
v -0.05378198 0.01364064 0.3037988
v -0.05285751 0.01552116 0.3023474
v -0.05265069 0.01759773 0.3030778
v -0.05307519 0.01769477 0.3037274
v -0.05371201 0.0178309 0.3041604
v -0.05250334 0.01755458 0.302311
v -0.05167055 0.02114593 0.3022462
v -0.05181521 0.02119779 0.3030136
v -0.05160975 0.02134704 0.3022426
v -0.0508458 0.02440297 0.3029559
v -0.05070483 0.02434116 0.302188
v -0.0504409 0.02508497 0.3021745
v -0.05058068 0.02514952 0.3029425
v -0.05008816 0.02594727 0.3021585
v -0.04961639 0.02750486 0.3028996
v -0.04948168 0.02742981 0.302131
v -0.04845124 0.02944684 0.302093
v -0.04857897 0.02953338 0.3028622
v -0.04818952 0.02985394 0.3020851
v -0.04746824 0.03125959 0.3028299
v -0.04734981 0.03116023 0.3020599
v -0.04727452 0.03152078 0.302825
v -0.047158 0.03141909 0.3020548
v -0.04618203 0.03257715 0.3020318
v -0.04623663 0.03275102 0.3028015
v -0.04500555 0.03369778 0.3020094
v -0.04509848 0.033822 0.3027809
v -0.04380828 0.03478223 0.3027625
v -0.05223357 0.0213201 0.3036634
v -0.05125504 0.02455496 0.3036061
v -0.050987 0.02530974 0.3035927
v -0.05000978 0.02769607 0.3035501
v -0.04895424 0.02975952 0.3035131
v -0.047818 0.03152477 0.3034812
v -0.04761928 0.0317927 0.3034763
v -0.04655069 0.03305894 0.3034532
v -0.045376 0.03416413 0.3034329
v -0.04404658 0.03515338 0.3034148
v -0.0528618 0.0214942 0.3040963
v -0.05186992 0.02477395 0.3040388
v -0.05159765 0.02554094 0.3040254
v -0.0506016 0.02797406 0.3039827
v -0.04951924 0.03009045 0.3039454
v -0.04834514 0.03191483 0.3039133
v -0.04813879 0.03219324 0.3039084
v -0.0470246 0.03351396 0.3038851
v -0.04579514 0.03467124 0.3038646
v -0.04440689 0.03570491 0.3038463
v -0.03940469 0.04282718 0.3026418
v -0.04000878 0.0395897 0.3026903
v -0.04248332 0.03743964 0.3038167
v -0.04198062 0.03701764 0.3033847
v -0.04164713 0.03673148 0.3027332
v -0.04102492 0.03998345 0.3037733
v -0.04041475 0.03975081 0.3033406
v -0.04048699 0.04286497 0.3037241
v -0.03983819 0.04284614 0.3032906
v -0.04045653 0.04461061 0.3036936
v -0.03980767 0.04459178 0.3032602
v -0.03937429 0.04457283 0.3026114
v -0.03922224 0.04455685 0.3018459
v -0.04028069 0.07211399 0.2852852
v -0.04029852 0.07009732 0.289366
v -0.03920221 0.04570329 0.3018043
v -0.03935629 0.04574853 0.3025748
v -0.03979617 0.04579222 0.3032259
v -0.04045379 0.04582744 0.3036569
v -0.04044502 0.04850322 0.3034107
v -0.04043686 0.05045992 0.3030822
v -0.04042387 0.0530312 0.3024495
v -0.04040932 0.05553311 0.3015987
v -0.04039371 0.05796051 0.3005282
v -0.04038214 0.05963158 0.2996342
v -0.03915828 0.04822039 0.3015586
v -0.03931641 0.04833239 0.3023352
v -0.03912615 0.05005806 0.3012408
v -0.03928709 0.05022066 0.3020172
v -0.03908407 0.05246984 0.3006364
v -0.03924834 0.05270117 0.3014062
v -0.03904312 0.0548132 0.2998297
v -0.03921037 0.05511355 0.3005856
v -0.03900355 0.05708408 0.2988193
v -0.03917336 0.05745339 0.2995539
v -0.03897631 0.0586459 0.2979779
v -0.03914779 0.05906379 0.2986928
v -0.03894054 0.06069022 0.2966694
v -0.03911411 0.0611729 0.2973511
v -0.03976958 0.04843199 0.3029873
v -0.03974926 0.05036228 0.3026664
v -0.03972148 0.05289942 0.3020465
v -0.03969359 0.05536818 0.3012112
v -0.03966563 0.05776369 0.3001592
v -0.03964608 0.05941313 0.2992799
v -0.0396201 0.0615741 0.2979088
v -0.04036623 0.0618208 0.298241
v -0.03890711 0.06260907 0.2951893
v -0.03908246 0.06315392 0.2958311
v -0.03959512 0.06360447 0.2963542
v -0.04035031 0.06387746 0.296662
v -0.04032427 0.06709265 0.2935047
v -0.04033488 0.06579601 0.2948975
v -0.0395556 0.06677913 0.293244
v -0.0395717 0.0654987 0.2946163
v -0.03903281 0.06625014 0.2927924
v -0.0390529 0.06500154 0.2941328
v -0.03885477 0.06560581 0.2922355
v -0.03887587 0.06439769 0.2935378
v -0.04031074 0.06868702 0.2915024
v -0.03953576 0.06835359 0.2912709
v -0.03900814 0.06778514 0.290866
v -0.03882884 0.06709045 0.2903653
v -0.03951799 0.06974643 0.2891649
v -0.0389862 0.06914281 0.2888106
v -0.03880602 0.068403 0.2883713
v -0.04028779 0.07131826 0.2870972
v -0.03950262 0.07095241 0.2869281
v -0.03896731 0.0703181 0.2866281
v -0.03878617 0.06953877 0.2862555
v -0.03949248 0.07173842 0.2851414
v -0.03895497 0.07108396 0.2848851
v -0.03877317 0.0702787 0.2845665
v -0.04027324 0.0729466 0.2828878
v -0.03948193 0.0725609 0.2827773
v -0.03894197 0.07188534 0.2825793
v -0.0387597 0.07105273 0.2823328
v -0.04026788 0.07356202 0.2804224
v -0.03947412 0.07316899 0.2803458
v -0.0389325 0.07247763 0.2802081
v -0.03874975 0.07162475 0.2800365
v -0.03891527 0.06213939 0.2874245
v -0.03889364 0.0633791 0.2856277
v -0.03884828 0.0659812 0.2791696
v -0.03885823 0.06541174 0.2812584
v -0.0388422 0.06632959 0.2770169
v -0.03882735 0.06717604 0.2688202
v -0.03874713 0.07177489 0.2687488
v -0.03887534 0.0644297 0.2836997
v -0.03887194 0.06462526 0.2832787
v -0.03894019 0.06071573 0.2890872
v -0.03925263 0.04281127 0.2958761
v -0.03921228 0.04512244 0.2958357
v -0.03920423 0.04558295 0.2958231
v -0.03916466 0.04785335 0.2956242
v -0.03915655 0.04831737 0.2955551
v -0.03911799 0.05052822 0.2950875
v -0.03908056 0.05267179 0.2944022
v -0.03904438 0.05474197 0.2934984
v -0.03903824 0.05509799 0.2933165
v -0.03900486 0.05701065 0.292189
v -0.03897368 0.05879092 0.290876
v -0.04001098 0.07174539 0.2654271
v -0.039074 0.07175302 0.266972
v -0.04143577 0.07175302 0.264316
v -0.04010611 0.06725549 0.2655142
v -0.04316228 0.07177489 0.2637838
v -0.04393702 0.06659138 0.263782
v -0.04772037 0.06561124 0.2632899
v -0.0507614 0.06463742 0.2628189
v -0.0522117 0.0641334 0.2625792
v -0.05468958 0.06311994 0.2621147
v -0.05536317 0.06284451 0.2619885
v -0.05807095 0.06782925 0.2613008
v -0.05850881 0.0612905 0.2613121
v -0.06110787 0.05978512 0.2606873
v -0.0621671 0.05906081 0.2604036
v -0.0637198 0.05799907 0.2599877
v -0.06537085 0.05670523 0.2595071
v -0.06903403 0.0532267 0.2583186
v -0.06760591 0.05471116 0.2588056
v -0.06568652 0.05642372 0.2594081
v -0.06967681 0.05255854 0.2580994
v -0.07159566 0.05023741 0.2573941
v -0.07217764 0.0494191 0.2571651
v -0.07336062 0.04775553 0.2566996
v -0.07507634 0.0449211 0.2559785
v -0.07772028 0.03943562 0.2547771
v -0.08013653 0.03249186 0.2535836
v -0.08234786 0.0230351 0.2524295
v -0.08427417 0.01482546 0.251286
v -0.08726102 0.01482546 0.2489822
v -0.0883401 0.006868958 0.2534943
v -0.08759588 0.00547868 0.2574491
v -0.08603376 0.006868958 0.2551685
v -0.08773905 0.01482546 0.2485911
v -0.08808833 0.01177734 0.2489923
v -0.08932334 0.004999995 0.2599712
v -0.08500778 0.00547868 0.2591236
v -0.08660233 0.004999995 0.2617317
v -0.08381378 0.004999995 0.2633458
v -0.08305907 0.004999995 0.2768379
v -0.07108938 0.004999995 0.2945141
v -0.0730136 0.004999995 0.2934776
v -0.07481968 0.004999995 0.2922468
v -0.07523018 0.004999995 0.2919265
v -0.07687485 0.004999995 0.290462
v -0.07834559 0.004999995 0.2888471
v -0.07964056 0.004999995 0.287088
v -0.07991874 0.004999995 0.2866542
v -0.08098465 0.004999995 0.2847278
v -0.08183664 0.004999995 0.2827171
v -0.08247494 0.004999995 0.2806283
v -0.08259159 0.004999995 0.2801354
v -0.08295768 0.004999995 0.2779786
v -0.06527984 0.004999995 0.2962927
v -0.06741976 0.004999995 0.2958496
v -0.06905096 0.004999995 0.295351
v -0.0630958 0.004999995 0.296512
v -0.06208372 0.005051255 0.2965352
v -0.0603246 0.005536854 0.2965267
v -0.05886054 0.005941033 0.2965197
v -0.05778163 0.006687641 0.2965067
v -0.05611091 0.007843673 0.2964864
v -0.05563986 0.008490443 0.2964752
v -0.05414223 0.01054632 0.2964393
v -0.05320435 0.01353001 0.2963872
v -0.05196338 0.01999139 0.2962744
v -0.05297499 0.01498717 0.2963618
v -0.05288124 0.01552534 0.2963524
v -0.05276501 0.01619213 0.2963408
v -0.04882138 0.02877378 0.2961211
v -0.05003821 0.02613312 0.2961672
v -0.05010253 0.02595347 0.2961704
v -0.05101788 0.02339392 0.2962151
v -0.05158829 0.02134126 0.2962509
v -0.04522615 0.03350871 0.2960385
v -0.04613095 0.03263783 0.3020306
v -0.0461663 0.03256106 0.296055
v -0.04654151 0.03218287 0.2960616
v -0.04818266 0.02985072 0.2961024
vn 0.08447521 0.05075228 0.995117
vn -0.01962339 -0.05825978 0.9981079
vn 0.1020234 0.0203253 0.9945677
vn -0.01742607 -0.05920588 0.9980773
vn 0.1030305 -0.006317317 0.9946287
vn -0.02093565 -0.04904323 0.9985656
vn 0.09665209 -0.02722251 0.9949339
vn -0.04007077 -0.0394299 0.998413
vn 0.08279669 0.03021329 0.9960936
vn 0.08706927 0.02258366 0.9959411
vn -0.03918576 -0.04077267 0.9983825
vn -0.03811758 -0.04275637 0.998352
vn 0.07947015 0.03750723 0.9961242
vn -0.03628647 -0.04507583 0.9983215
vn 0.07589954 0.04251223 0.9961852
vn -0.03421121 -0.04736471 0.9982604
vn 0.06909388 0.04797506 0.9964293
vn -0.03201389 -0.04959255 0.9982299
vn 0.06118959 0.05554366 0.9965514
vn -0.0295419 -0.05178987 0.9981994
vn -0.02697831 -0.05380409 0.9981689
vn 0.06512647 0.0615558 0.9959716
vn -0.02441477 -0.05551314 0.9981384
vn -0.02197331 -0.05697804 0.9981079
vn 0.09460735 0.001800537 0.9954833
vn -0.04544204 -0.02865684 0.9985351
vn 0.09302037 0.00741595 0.9956054
vn -0.04507583 -0.03051847 0.9985046
vn 0.09207433 0.01281774 0.9956664
vn -0.04412972 -0.03274631 0.9984741
vn 0.09051787 0.01709032 0.9957274
vn -0.04297006 -0.03518784 0.9984436
vn -0.04162722 -0.0376293 0.998413
vn 0.0147404 0.08523815 0.9962462
vn -0.04040646 -0.02877891 0.9987487
vn 0.04550307 0.08108764 0.9956359
vn 0.07452619 0.06247138 0.9952391
vn 0.09643846 0.03329569 0.9947508
vn -0.04709005 -0.02368235 0.9985961
vn 0.09991759 0.008026361 0.9949339
vn -0.04666274 -0.02569657 0.9985656
vn -0.04593032 -0.02740561 0.9985656
vn -0.9939574 0.02746665 0.1060213
vn -0.9973144 0.03051847 0.06634724
vn -0.9897153 -0.09997862 0.1022065
vn 0.05221712 -0.1290322 0.9902341
vn 0.05771046 -0.07116913 0.9957885
vn -0.06964319 -0.1897641 0.979339
vn 0.06015193 -0.1605274 0.985168
vn -0.03445535 -0.21601 0.9757683
vn -0.1162755 -0.3555712 0.927366
vn -0.01467937 -0.2732933 0.9617908
vn 0.01721239 -0.3252357 0.9454634
vn -0.02731406 -0.5392926 0.84167
vn -0.02362132 -0.508713 0.8605915
vn -0.159978 -0.5066988 0.8471328
vn -0.03012174 -0.4358348 0.8995026
vn -0.005798459 -0.3791009 0.9253212
vn -0.194525 -0.6436049 0.7401959
vn -0.1792657 -0.654622 0.7343669
vn -0.05093538 -0.5543382 0.8307138
vn -0.03784292 -0.6783044 0.7337871
vn -0.05087435 -0.6400342 0.7666555
vn -0.1758171 -0.5548265 0.8131352
vn -0.08688616 -0.8132267 0.575396
vn -0.0635395 -0.7826167 0.6192206
vn -0.2093265 -0.7690054 0.6039308
vn -0.07522809 -0.7525559 0.6541948
vn -0.08951079 -0.7083346 0.7001251
vn -0.093997 -0.8983123 0.4291207
vn -0.08163696 -0.87875 0.4702292
vn -0.2311167 -0.860622 0.4537187
vn -0.09216588 -0.8524125 0.5146336
vn -0.1091036 -0.9742729 0.197119
vn -0.09851372 -0.9548021 0.280343
vn -0.246498 -0.9256569 0.286935
vn -0.09466838 -0.9408552 0.3252357
vn -0.1037324 -0.9251992 0.3650014
vn -0.9849849 0.02276676 0.1709952
vn -0.9676198 0.02978605 0.2505264
vn -0.9627064 -0.10477 0.2493362
vn -0.9131749 0.02441477 0.4068117
vn -0.9409772 0.01293981 0.3381756
vn -0.9567553 0.03036588 0.2891934
vn -0.8703574 0.02438426 0.4918058
vn -0.8906217 0.03323465 0.453505
vn -0.90112 -0.09961241 0.4219184
vn -0.8040712 -0.09634691 0.5866268
vn -0.8321482 0.02929776 0.5537279
vn -0.7248451 0.03085416 0.6881924
vn -0.7772759 0.03021329 0.6284067
vn -0.8065737 0.03811758 0.5898923
vn -0.600177 0.03415018 0.7991272
vn -0.6578265 0.03836172 0.7521592
vn -0.6811121 -0.0878933 0.7268593
vn -0.6895962 0.04397714 0.7228309
vn -0.3820917 0.04861593 0.9228187
vn -0.4425794 0.0242927 0.8963592
vn -0.5311442 -0.07568585 0.8438673
vn -0.5278176 0.04760885 0.8479873
vn -0.5647145 0.04773092 0.8238777
vn -0.2266304 0.05609297 0.9723502
vn -0.2921537 0.043733 0.9553514
vn -0.3704947 -0.05822926 0.9269998
vn -0.3358562 0.05887019 0.9400311
vn -0.06344795 0.06195253 0.9960326
vn -0.1230201 0.05804616 0.9906919
vn -0.1878414 -0.04608291 0.981109
vn -0.1737418 0.07431256 0.9819636
vn -0.01580858 0.07962274 0.9966735
vn -0.9877621 -0.1124912 0.1077914
vn -0.9591662 -0.1326639 0.2496719
vn -0.985168 -0.1320536 0.1094393
vn -0.9817805 -0.1539658 0.1111484
vn -0.9515366 -0.1745964 0.253151
vn -0.9780267 -0.1745964 0.113712
vn -0.9731437 -0.1985839 0.1162755
vn -0.9428694 -0.2103946 0.2582476
vn -0.9700919 -0.2114322 0.1190832
vn -0.9631031 -0.2403637 0.1209448
vn -0.935667 -0.2382885 0.2602008
vn -0.9590137 -0.2552568 0.122898
vn -0.9244667 -0.2743919 0.2646565
vn -0.9525132 -0.2766197 0.127018
vn -0.943907 -0.3028962 0.1313211
vn -0.9071016 -0.3218482 0.2711265
vn -0.9353008 -0.3288674 0.1304666
vn -0.9262062 -0.3513596 0.1365703
vn -0.8853725 -0.3725394 0.2779931
vn -0.9142735 -0.3800165 0.140263
vn -0.8896145 -0.4326914 0.145909
vn -0.8593402 -0.4252144 0.2840358
vn -0.8742638 -0.4611042 0.1515854
vn -0.8366954 -0.4651326 0.2890103
vn -0.8661763 -0.4751732 0.1545152
vn -0.8567767 -0.4915921 0.1556138
vn -0.8188116 -0.4942473 0.2919095
vn -0.8476821 -0.5071566 0.1555833
vn -0.8378857 -0.5220191 0.1592761
vn -0.7918332 -0.5341655 0.2959685
vn -0.8203681 -0.5486923 0.1608631
vn -0.8028504 -0.5731681 0.1639759
vn -0.7549974 -0.5829035 0.3002716
vn -0.7832576 -0.598468 0.1681264
vn -0.7618946 -0.6248665 0.1702628
vn -0.7137058 -0.6310617 0.3038728
vn -0.7407758 -0.6492813 0.1721854
vn -0.7170324 -0.6750389 0.1736503
vn -0.6678671 -0.6780908 0.3067415
vn -0.693289 -0.6990265 0.1751457
vn -0.6675924 -0.7233802 0.1760002
vn -0.6177251 -0.7231971 0.3088168
vn -0.6412549 -0.7464522 0.1777397
vn -0.6128727 -0.7696768 0.1787164
vn -0.5640431 -0.7654653 0.3096408
vn -0.5851925 -0.7909177 0.1787469
vn -0.5564745 -0.8113956 0.1786248
vn -0.5112156 -0.8019349 0.3090609
vn -0.5298318 -0.8291879 0.1780145
vn -0.5030061 -0.845851 0.177343
vn -0.4604938 -0.832667 0.307535
vn -0.4766076 -0.8612629 0.1762139
vn -0.4507279 -0.8752709 0.1751152
vn -0.4111453 -0.8589435 0.3051546
vn -0.4247871 -0.8885159 0.1733756
vn -0.4000977 -0.900174 0.1719107
vn -0.365978 -0.8801844 0.3021637
vn -0.3773919 -0.9103366 0.1696829
vn -0.3564562 -0.9190344 0.1681264
vn -0.3234046 -0.8977935 0.2989288
vn -0.1862545 -0.0419324 0.9815974
vn -0.1843928 -0.04998928 0.9815669
vn -0.1818597 -0.05682545 0.9816584
vn -0.1802118 -0.06189149 0.9816584
vn -0.1780145 -0.06894129 0.9815974
vn -0.1741691 -0.07797479 0.9815974
vn -0.1695608 -0.08740496 0.9816279
vn -0.164098 -0.0970183 0.9816279
vn -0.1586962 -0.1043123 0.9817805
vn -0.1550951 -0.109653 0.9817805
vn -0.1501815 -0.1172826 0.9816584
vn -0.1428571 -0.1262856 0.9816279
vn -0.1348002 -0.135197 0.9815974
vn -0.1259804 -0.1439253 0.9815058
vn -0.1163671 -0.1524399 0.9814142
vn -0.1062349 -0.1603137 0.9813227
vn -0.09619432 -0.1670888 0.9812311
vn -0.08664202 -0.1729484 0.9810785
vn -0.0773949 -0.178045 0.9809564
vn -0.06894129 -0.1820734 0.9808344
vn -0.3331705 -0.9280984 0.1661427
vn -0.311594 -0.9358501 0.1644948
vn -0.2779015 -0.9145787 0.2937406
vn -0.6772668 -0.103183 0.7284158
vn -0.5303202 -0.08554333 0.8434401
vn -0.6707968 -0.1326029 0.7296671
vn -0.5251015 -0.1084933 0.8440504
vn -0.6631978 -0.1579638 0.7315592
vn -0.5188757 -0.1282998 0.8451491
vn -0.6577044 -0.176519 0.7322611
vn -0.5144505 -0.142796 0.8455153
vn -0.6485183 -0.2021546 0.7338481
vn -0.5072482 -0.1628162 0.8462477
vn -0.6348766 -0.235023 0.7359539
vn -0.4963836 -0.1884518 0.847377
vn -0.6182745 -0.2696921 0.7382122
vn -0.4831995 -0.2154607 0.8485671
vn -0.5987732 -0.305063 0.7405011
vn -0.4677572 -0.2429884 0.8497879
vn -0.5810725 -0.3328654 0.7426374
vn -0.4535661 -0.2645039 0.8510392
vn -0.5683767 -0.3524582 0.7434309
vn -0.443556 -0.2797632 0.8514359
vn -0.5489364 -0.3795587 0.7446821
vn -0.4284188 -0.3009125 0.8519852
vn -0.5223853 -0.4125797 0.7462081
vn -0.4075747 -0.3266091 0.8527482
vn -0.4930265 -0.4452956 0.7473983
vn -0.3845943 -0.3520005 0.8533281
vn -0.460799 -0.4772484 0.7482223
vn -0.3593555 -0.3768731 0.8536943
vn -0.4257943 -0.5081332 0.748619
vn -0.3320109 -0.4009217 0.8538163
vn -0.3887753 -0.5370342 0.748619
vn -0.3031098 -0.4234138 0.8536943
vn -0.3523362 -0.5621815 0.7481613
vn -0.2746666 -0.4430067 0.8533891
vn -0.317484 -0.583636 0.7473373
vn -0.2475051 -0.4597613 0.8528398
vn -0.2836695 -0.6022523 0.7461776
vn -0.2211676 -0.4743187 0.8520768
vn -0.2527848 -0.61742 0.7448652
vn -0.197119 -0.4861904 0.8513138
vn -0.2235786 -0.6303598 0.7433699
vn -0.1743522 -0.4963836 0.8503677
vn -0.3646962 -0.06488233 0.9288309
vn -0.361095 -0.0806604 0.929014
vn -0.3565477 -0.0941801 0.9295023
vn -0.3534349 -0.1041597 0.9296243
vn -0.3486129 -0.1179235 0.9298074
vn -0.3410748 -0.1355022 0.9302042
vn -0.3319498 -0.1539964 0.9306314
vn -0.3212378 -0.1728568 0.9310587
vn -0.3112583 -0.1874752 0.9316385
vn -0.3043001 -0.1979125 0.9317606
vn -0.2940458 -0.2125309 0.9318217
vn -0.2797021 -0.23014 0.9320658
vn -0.263863 -0.2475356 0.9322184
vn -0.246559 -0.2645955 0.9322794
vn -0.2277596 -0.281106 0.9322184
vn -0.2079226 -0.2965179 0.9320963
vn -0.1883907 -0.3099154 0.9318827
vn -0.1697439 -0.3214209 0.9315775
vn -0.151677 -0.331431 0.9311808
vn -0.1351665 -0.3395184 0.9308146
vn -0.1195715 -0.3465987 0.9303262
vn -0.004547238 -0.1896114 0.9818415
vn -0.1033051 -0.9862972 0.1285439
vn -0.2461317 -0.9577624 0.148503
vn -0.2625507 -0.9519333 0.1576281
vn -0.2854701 -0.9448836 0.1602526
vn -0.8954131 -0.127079 0.4266487
vn -0.8876308 -0.1661427 0.4295175
vn -0.87875 -0.1999878 0.4332713
vn -0.8720054 -0.2246467 0.4348582
vn -0.8604999 -0.25898 0.438612
vn -0.8435621 -0.3030488 0.4433119
vn -0.8226875 -0.3496201 0.4482253
vn -0.797937 -0.3973205 0.4532304
vn -0.7755059 -0.4350413 0.4574725
vn -0.7590869 -0.4614093 0.4591815
vn -0.7335429 -0.498001 0.462447
vn -0.6987823 -0.5427717 0.4658955
vn -0.6601154 -0.5869625 0.4687033
vn -0.6173895 -0.6301767 0.4707785
vn -0.5707572 -0.6718955 0.4719687
vn -0.5212562 -0.7107456 0.472274
vn -0.4724571 -0.744499 0.471633
vn -0.4256417 -0.7731254 0.4701681
vn -0.380169 -0.7977233 0.4680318
vn -0.3386334 -0.817713 0.4654378
vn -0.299295 -0.8344676 0.4626606
vn -0.2578509 -0.8503677 0.4586017
vn -0.800409 -0.117191 0.5878475
vn -0.793054 -0.1520127 0.5898618
vn -0.7845699 -0.1821345 0.5926694
vn -0.7782525 -0.2041383 0.5937986
vn -0.7676016 -0.2345957 0.5963927
vn -0.751915 -0.2736595 0.5997498
vn -0.7327189 -0.3149205 0.6032594
vn -0.7100742 -0.3570666 0.6068301
vn -0.6895657 -0.3903318 0.610004
vn -0.6747032 -0.4136784 0.6112247
vn -0.6517228 -0.445967 0.613422
vn -0.6205024 -0.4854274 0.6158635
vn -0.5858638 -0.5243995 0.6178167
vn -0.5477157 -0.5625782 0.6192511
vn -0.5062105 -0.5994141 0.6199835
vn -0.4622638 -0.6337779 0.6201362
vn -0.4189581 -0.6637471 0.6195868
vn -0.3774834 -0.6891995 0.6184271
vn -0.33726 -0.7111728 0.6167791
vn -0.3004853 -0.7291177 0.6148564
vn -0.2656636 -0.7442549 0.6127507
vn -0.2289804 -0.7587817 0.6096988
vn -0.8446303 -0.5245522 0.1067842
vn -0.9296548 -0.35786 0.08731341
vn -0.7572863 -0.6530045 0.008728265
vn -0.7338786 -0.6790979 0.01385539
vn -0.7406842 -0.6612446 0.1186864
vn -0.088229 -0.9930112 0.07806634
vn -0.08972442 -0.9914854 0.09427165
vn -0.2517777 -0.9618824 0.1064791
vn -0.228492 -0.9733878 0.01568651
vn -0.2110965 -0.9772942 0.01730394
vn -0.1807001 -0.98352 0.005157589
vn -0.1664174 -0.9860225 -0.000701926
vn -0.1469161 -0.9891049 0.005554318
vn -0.1287881 -0.9915159 0.01635789
vn -0.1134983 -0.9931028 0.02841269
vn -0.1012299 -0.9938658 0.04403817
vn -0.09283727 -0.9938353 0.06024348
vn -0.3177282 -0.941496 0.1121555
vn -0.3289285 -0.9441206 0.02056944
vn -0.3028352 -0.9527269 0.02352976
vn -0.257271 -0.9660634 0.02197331
vn -0.3600268 -0.9325541 0.0266121
vn -0.3298746 -0.9436323 0.02621537
vn -0.366863 -0.9231239 0.1149632
vn -0.384991 -0.922483 0.02777183
vn -0.4106876 -0.9040193 0.1185644
vn -0.4056215 -0.9135411 0.02914518
vn -0.4593951 -0.8797265 0.1225013
vn -0.4350108 -0.9000214 0.02649003
vn -0.5385907 -0.8421277 0.02649003
vn -0.5066378 -0.8617817 0.02465891
vn -0.5079806 -0.852382 0.1238441
vn -0.482223 -0.8756065 0.02682572
vn -0.4506363 -0.8923307 0.02471995
vn -0.5629444 -0.8261361 0.02356028
vn -0.5571459 -0.82107 0.1240882
vn -0.5943785 -0.803766 0.02511668
vn -0.6059145 -0.7857906 0.1238441
vn -0.6179082 -0.7859432 0.02105772
vn -0.6531571 -0.7470626 0.1232643
vn -0.6982635 -0.7053743 0.1217383
vn -0.6472365 -0.7619556 0.02145451
vn -0.6195868 -0.7844783 0.02572709
vn -0.7184363 -0.6954253 0.01413005
vn -0.6901761 -0.7233497 0.01950132
vn -0.6721397 -0.7400739 0.02099668
vn -0.8146001 -0.5692617 0.1109958
vn -0.7983642 -0.6021607 0.002227842
vn -0.7794427 -0.6159245 0.1144139
vn -0.7766045 -0.6299326 0.00540173
vn -0.8348338 -0.5504624 -0.004760861
vn -0.8156988 -0.5784478 -0.001464843
vn -0.8711509 -0.4806055 0.1002838
vn -0.8666341 -0.4987335 -0.01214635
vn -0.8502151 -0.5262917 -0.008758783
vn -0.8982818 -0.4290597 0.09445476
vn -0.8896145 -0.4562822 -0.01828056
vn -0.8800013 -0.4746544 -0.01611375
vn -0.93408 -0.3552049 -0.03579819
vn -0.9245887 -0.3795587 -0.03219699
vn -0.9061251 -0.4222236 -0.02441477
vn -0.8977325 -0.4399853 -0.02096617
vn -0.9424421 -0.3318278 -0.04031491
vn -0.9542223 -0.2892544 0.07577741
vn -0.9500717 -0.3087252 -0.04458749
vn -0.9712516 -0.2285836 0.06625568
vn -0.9676198 -0.246498 -0.05392616
vn -0.9571215 -0.2858058 -0.04715108
vn -0.9824213 -0.1766411 0.05999934
vn -0.9760125 -0.2089297 -0.06106752
vn -0.9723502 -0.2262947 -0.05740529
vn -0.9869991 -0.1447492 -0.06961268
vn -0.9824519 -0.1745659 -0.0655232
vn -0.9794305 -0.1912289 -0.06402778
vn -0.9952391 -0.06140321 -0.07553327
vn -0.9928892 -0.08810693 -0.07977539
vn -0.9940489 -0.09537035 0.05246126
vn -0.9903562 -0.1156346 -0.07617419
vn -0.9895017 -0.1335185 0.05517745
vn -0.9890133 -0.1293069 -0.07119965
vn -0.9981384 0.03323465 0.05087435
vn -0.9981994 0.03015226 0.05127108
vn -0.999054 0.01779228 0.0394299
vn -0.9993286 0.02209538 0.02850425
vn -0.9995728 0.02258366 0.01727342
vn -0.9997559 0.02075254 0.006897151
vn -0.9997864 0.01889091 -0.006866633
vn -0.9997559 0.01266515 -0.01803642
vn -0.9996033 0.005890071 -0.02710038
vn -0.9991455 -0.002319395 -0.04095584
vn -0.9983215 -0.01831108 -0.05484175
vn -0.9970702 -0.03787344 -0.06631672
vn -0.9965209 -0.05066072 -0.06570631
vn -0.9979858 0.03015226 0.05539107
vn -0.09955137 -0.9895627 0.103946
vn -0.09442424 -0.9903867 0.1008331
vn -0.9394208 0.3388165 0.05130159
vn -0.9880062 0.142674 0.05868709
vn -0.9388715 0.3405255 0.05038601
vn -0.8503372 0.523545 0.0527665
vn -0.7279886 0.6844081 0.03973507
vn -0.7266457 0.6859645 0.03720206
vn -0.5732902 0.8185369 0.03598129
vn -0.3968322 0.9176 0.02166813
vn -0.3952452 0.9183935 0.01684617
vn -0.1019318 0.9947508 0.005554318
vn -0.09793388 0.9949339 -0.02133244
vn -0.1947691 0.9808344 0.003295958
vn -0.1023285 0.9947203 0.006836116
vn -0.3975341 0.9171728 0.02658158
vn -0.7283853 0.683401 0.04867702
vn -0.9392987 0.33726 0.06277656
vn -0.004303097 0.9962462 -0.08615374
vn -0.5825373 0.8111515 -0.05130159
vn -0.8185675 0.5740227 -0.02008116
vn -0.2727744 0.9597766 -0.06622517
vn 0.05804616 0.9797357 -0.1915951
vn -0.2153386 0.9612415 -0.1721549
vn -0.1422773 0.9454329 -0.2930387
vn 0.1087374 0.9598987 -0.2583392
vn 0.1762139 0.9407941 -0.2894986
vn -0.1016571 0.9192481 -0.3802911
vn 0.2639241 0.8363597 -0.4804224
vn -0.03500473 0.8775902 -0.478103
vn 0.2889493 0.8032777 -0.5207679
vn 0.03128147 0.816065 -0.5770745
vn 0.05478072 0.764153 -0.6426588
vn 0.4132816 0.6275826 -0.6597492
vn 0.1076998 0.68923 -0.7164525
vn -0.5360881 0.8319651 -0.1427655
vn -0.4895474 0.8371533 -0.2438734
vn -0.4668111 0.8194831 -0.3323771
vn -0.4184393 0.7957091 -0.4378185
vn -0.3740348 0.7590259 -0.5328532
vn -0.7955565 0.5992004 -0.0894497
vn -0.7746514 0.6097293 -0.1676381
vn -0.7642445 0.5999329 -0.2365489
vn -0.7405927 0.5893735 -0.3226417
vn -0.7201453 0.5657827 -0.401532
vn -0.3614307 0.709891 -0.6044496
vn -0.7136448 0.5287637 -0.4594256
vn -0.3202612 0.6452223 -0.6935942
vn -0.6913358 0.4823756 -0.5378887
vn -0.282052 0.5377056 -0.7945494
vn -0.6706442 0.3982666 -0.625782
vn -0.2514114 0.4082461 -0.8775597
vn -0.6525773 0.2932524 -0.6986297
vn -0.9621266 0.272103 0.01437419
vn -0.9562975 0.2912687 -0.02514719
vn -0.9523912 0.2970977 -0.06802576
vn -0.950438 0.2921231 -0.106418
vn -0.9448226 0.2880642 -0.155858
vn -0.9409162 0.2734459 -0.1996216
vn -0.9391766 0.2525712 -0.232551
vn -0.9325236 0.2276681 -0.2802515
vn -0.9262978 0.1787774 -0.3316447
vn -0.9197058 0.1172215 -0.3746452
vn -0.9119846 0.04235965 -0.408002
vn -0.6349376 0.1662343 -0.7544481
vn -0.2246162 0.2546769 -0.94055
vn -0.9040193 -0.04348886 -0.4252449
vn -0.6197394 0.02117979 -0.7844783
vn -0.2043824 0.08133178 -0.9754936
vn 0.2541276 0.124485 -0.9591052
vn 0.2306283 0.2870266 -0.9297159
vn 0.6046327 0.1484725 -0.7825251
vn -0.8998688 -0.1184423 -0.4197516
vn -0.6140324 -0.0999481 -0.7828913
vn -0.1978515 -0.06015193 -0.9783624
vn 0.2602313 -0.007446467 -0.9654836
vn -0.8936735 -0.2007812 -0.4012573
vn 0.07351905 -0.3064364 -0.9490341
vn 0.1924192 -0.06683552 -0.9790033
vn 0.1821955 -0.0655232 -0.981048
vn -0.2129886 -0.9482712 -0.2353282
vn -0.1671804 -0.9581897 -0.2321543
vn -0.07306128 -0.7276834 -0.6819666
vn -0.09286779 -0.8324534 -0.5461898
vn -0.1380962 -0.8257393 -0.5468612
vn -0.1534165 -0.9031037 -0.4010132
vn 0.02386546 -0.4695578 -0.8825648
vn -0.007232844 -0.607593 -0.7941832
vn -0.04709005 -0.605884 -0.7941222
vn 0.1442304 -0.07382422 -0.986755
vn 0.08130127 -0.3139134 -0.9459517
vn 0.1094393 -0.06540113 -0.9918211
vn 0.04956203 -0.3142796 -0.948027
vn 0.1175878 -0.06744587 -0.9907529
vn 0.05676442 -0.3133946 -0.9479049
vn -0.2561419 -0.9380474 -0.2332835
vn -0.3039338 -0.9236732 -0.233314
vn 0.1742302 -0.06640827 -0.9824519
vn 0.1617175 -0.06649982 -0.9845882
vn 0.06372261 -0.3111972 -0.9481796
vn 0.1514328 -0.06692707 -0.9861751
vn 0.1392865 -0.06723225 -0.9879452
vn -0.3442793 -0.9096042 -0.2324594
vn 0.0711081 -0.3067415 -0.9491257
vn -0.3727226 -0.8971831 -0.2367931
vn -0.4136784 -0.8790246 -0.2369762
vn 0.07879877 -0.3027131 -0.949797
vn 0.2111575 -0.06503492 -0.9752495
vn 0.2014832 -0.06561475 -0.9772637
vn -0.4646748 -0.8519547 -0.2413098
vn -0.5158544 -0.820185 -0.2472304
vn -0.5661184 -0.7838984 -0.2548906
vn 0.09784233 -0.2809229 -0.9547106
vn 0.2578814 -0.06140321 -0.9642018
vn 0.09118926 -0.2902615 -0.9525743
vn 0.2502518 -0.05990779 -0.9663076
vn 0.08517712 -0.2969146 -0.9510788
vn 0.2338938 -0.06372261 -0.9701529
vn 0.2241889 -0.06469923 -0.9723808
vn -0.606647 -0.7508774 -0.2610248
vn 0.3193457 -0.05771046 -0.9458602
vn 0.3122349 -0.05847346 -0.9481796
vn 0.1077609 -0.2647175 -0.9582812
vn 0.3029572 -0.05618453 -0.951323
vn 0.106418 -0.2696921 -0.9570299
vn 0.2935575 -0.06064027 -0.9540086
vn 0.279458 -0.05999934 -0.9582507
vn -0.6716514 -0.6870632 -0.2770776
vn -0.6346019 -0.7242653 -0.269631
vn -0.7117527 -0.6402783 -0.2887967
vn -0.7477645 -0.5916013 -0.3013398
vn 0.3334757 -0.05288857 -0.9412519
vn 0.1159398 -0.2533951 -0.9603565
vn 0.3513291 -0.0496841 -0.934904
vn 0.1239051 -0.2402722 -0.9627369
vn -0.7794122 -0.5418561 -0.3144017
vn 0.3877376 -0.04721212 -0.9205298
vn 0.1337016 -0.2245857 -0.9652089
vn 0.1447187 -0.206946 -0.9675588
vn 0.4027528 -0.03982663 -0.9144261
vn -0.8026368 -0.4997101 -0.3256019
vn -0.8194831 -0.4650411 -0.3348491
vn 0.4185613 -0.03903317 -0.9073153
vn 0.1582079 -0.1918699 -0.968566
vn 0.4264656 -0.0348826 -0.9038057
vn 0.1616565 -0.1812494 -0.9700309
vn -0.8379162 -0.4218879 -0.3461714
vn -0.8558916 -0.3716849 -0.3594775
vn -0.869808 -0.3242592 -0.371807
vn -0.1679128 -0.8200324 -0.5470748
vn -0.2010864 -0.811304 -0.5489059
vn -0.2287362 -0.8020875 -0.5516526
vn -0.2492446 -0.7932066 -0.5555589
vn -0.2787865 -0.7813654 -0.5582751
vn -0.3158665 -0.7621082 -0.5651112
vn -0.3535569 -0.7388226 -0.5736259
vn -0.3907285 -0.7113865 -0.5841548
vn -0.4196295 -0.685873 -0.5945006
vn -0.4416334 -0.6643574 -0.6029237
vn -0.469039 -0.6352733 -0.6134831
vn -0.4987945 -0.5969116 -0.6283761
vn -0.5253456 -0.5561083 -0.6439711
vn -0.548265 -0.5134434 -0.6601154
vn -0.5636159 -0.4764245 -0.6747642
vn -0.5764946 -0.4461196 -0.6845301
vn -0.5883358 -0.4069033 -0.6987518
vn -0.5993225 -0.3609119 -0.7144994
vn -0.6068301 -0.3165075 -0.7290567
vn -0.05917537 -0.6032594 -0.7953124
vn -0.07315284 -0.59859 -0.7976623
vn -0.08438366 -0.5923032 -0.8012635
vn -0.09375286 -0.587756 -0.8035523
vn -0.1072725 -0.5807367 -0.8069704
vn -0.1240882 -0.5686514 -0.8131352
vn -0.1413312 -0.5536057 -0.8206732
vn -0.1580858 -0.5353557 -0.8296762
vn -0.1694692 -0.5169225 -0.8390454
vn -0.1807611 -0.5035859 -0.8447829
vn -0.1925107 -0.4830775 -0.8541215
vn -0.2044129 -0.4558855 -0.8662068
vn -0.2140873 -0.4265572 -0.8787195
vn -0.2213813 -0.3953978 -0.8914151
vn -0.2229377 -0.3671987 -0.9030122
vn -0.2285225 -0.3458968 -0.9100009
vn -0.2285225 -0.3157445 -0.920896
vn -0.2273629 -0.2806177 -0.9324625
vn -0.2240363 -0.2462843 -0.9429304
vn 0.1746879 -0.1655629 -0.9705802
vn 0.1892147 -0.1448103 -0.9711905
vn 0.2049012 -0.1269264 -0.9704886
vn 0.2183294 -0.1097751 -0.9696646
vn -0.2191839 -0.2132023 -0.9520859
vn -0.6114383 -0.2741172 -0.7422407
vn -0.8803675 -0.2797021 -0.3829768
vn 0.2319712 -0.09079253 -0.9684439
vn -0.2132328 -0.1817682 -0.9599292
vn -0.6138798 -0.23426 -0.7538072
vn -0.8881802 -0.2384716 -0.3926817
vn 0.2446974 -0.07577741 -0.9666128
vn -0.206946 -0.1522568 -0.9664297
vn -0.6146428 -0.197119 -0.7637257
vn 0.2558367 -0.05960261 -0.9648732
vn -0.2008728 -0.1239356 -0.9717094
vn -0.6145818 -0.1618396 -0.7720267
vn -0.8976715 -0.1652577 -0.4084292
vn 0.2534257 -0.06137269 -0.965392
vn 0.1714835 -0.3947874 -0.9026154
vn 0.05136263 -0.7377545 -0.6730858
vn -0.08008056 -0.9441206 -0.3196508
vn 0.3690298 -0.08200323 -0.925779
vn 0.2941069 -0.4016236 -0.867275
vn 0.4472793 -0.1010468 -0.888638
vn 0.4438307 -0.4051942 -0.7992187
vn 0.5405744 -0.07061982 -0.8382824
vn 0.6483657 -0.07113862 -0.7579577
vn 0.5765862 -0.410474 -0.706412
vn 0.7140416 -0.09891045 -0.6930449
vn 0.6942045 -0.4124271 -0.5898312
vn 0.7887204 -0.4140446 -0.4543901
vn 0.863918 -0.0755943 -0.4979095
vn 0.9032258 -0.09753715 -0.41789
vn 0.8578753 -0.4144719 -0.3036286
vn 0.9838557 -0.0527665 -0.1709342
vn 0.8993194 -0.4122745 -0.1456648
vn 0.9948118 -0.08407849 -0.05682545
vn 0.9093906 -0.4158147 -0.007263362
vn 0.1471908 -0.744377 -0.6512955
vn 0.2681356 -0.751915 -0.6022217
vn 0.3786737 -0.7607654 -0.5270547
vn 0.4754478 -0.7645192 -0.4352245
vn 0.553209 -0.7670828 -0.324839
vn 0.6091189 -0.7666555 -0.2029175
vn 0.6418043 -0.7632069 -0.07470929
vn 0.6457412 -0.762627 0.03671371
vn -0.02865684 -0.9493698 -0.3127842
vn 0.04126101 -0.9570605 -0.286874
vn 0.1060518 -0.9638355 -0.2444533
vn 0.1622669 -0.9675588 -0.1935483
vn 0.2075564 -0.969451 -0.1305887
vn 0.2395703 -0.9688711 -0.06216615
vn 0.258034 -0.9660634 0.01080352
vn 0.2569353 -0.9635609 0.07388532
vn 0.1554918 0.9878231 -0.004943966
vn 0.02435374 0.9996948 0
vn 0.01248204 0.9948424 0.1004364
vn 0.06909388 0.9926756 0.09906303
vn 0.1920835 0.9765618 0.09677416
vn 0.2667317 0.9637135 -0.008880853
vn 0.2744529 0.9568774 0.09491252
vn 0.4283578 0.9035921 -0.000305185
vn 0.4152348 0.9044771 0.09714037
vn 0.5675833 0.8232979 0.00326544
vn 0.549852 0.8296762 0.09604173
vn 0.700766 0.7133702 0.00314337
vn 0.6786096 0.7280496 0.09683519
vn 0.7920164 0.6025269 0.09784233
vn 0.8060549 0.5917844 0.001159667
vn 0.8810694 0.4624775 0.09897148
vn 0.8951384 0.4457228 -6.1037e-05
vn 0.9464401 0.3074129 0.09857475
vn 0.9535203 0.3012482 0.003295958
vn 0.9664602 0.2372814 0.09817802
vn 0.9737541 0.2275155 0
vn 0.9862667 0.1649525 -0.002319395
vn 0.9808649 0.169103 0.09634691
vn 0.9823908 0.1867427 -0.000427259
vn 0.9757378 0.196173 0.09717088
vn 0.9714347 0.2372509 0.002777159
vn 0.9616382 0.2559282 0.09860527
vn 0.9634083 0.267922 0.004058957
vn 0.9533677 0.2851344 0.09881889
vn 0.9530931 0.3025605 0.002563536
vn 0.945555 0.3100986 0.09866631
vn 0.9408857 0.3386639 0.000366222
vn 0.9306619 0.352031 0.09936827
vn 0.9219031 0.3750725 0.09695726
vn 0.9277932 0.3730278 0.000366222
vn 0.9052095 0.4136174 0.09726244
vn 0.8981903 0.4395276 -0.001068115
vn 0.875576 0.483047 -0.000793481
vn 0.8631855 0.4951628 0.09836113
vn 0.8596454 0.5108494 0.002594053
vn 0.8384045 0.5360576 0.09823906
vn 0.6315805 0.769097 0.09765923
vn 0.643025 0.7658315 -0.002319395
vn 0.6402173 0.761803 0.09866631
vn 0.6586199 0.7524338 0.00326544
vn 0.7242958 0.6822108 0.09958189
vn 0.7609485 0.6412549 0.09851372
vn 0.7545396 0.656209 0.003753721
vn 0.782281 0.614948 0.0991851
vn 0.8302866 0.5572985 0.002563536
vn 0.8190557 0.5651417 0.09857475
vn 0.978515 0.1824091 0.09588915
vn 0.9902036 0.09927672 0.09799492
vn 0.9955748 0.09360027 0.003601133
vn 0.9499801 0.3122044 0.003906369
vn 0.9345073 0.3421735 0.09772026
vn 0.8870205 0.4616535 -0.006469905
vn 0.7948546 0.606769 -0.000518815
vn 0.8630635 0.4951323 0.09970396
vn 0.7739799 0.6255989 0.09775078
vn 0.6867275 0.7268899 -0.00314337
vn 0.9955138 -0.09360027 0.01162755
vn 0.995819 0.01681566 -0.08963286
vn 0.9953307 -0.09530925 0.01483196
vn 0.9998474 0.01742607 0
vn 0.9951781 -0.09537035 0.02270573
vn 0.9998474 0.01742607 0
vn 0.9951476 -0.09262365 0.03262424
vn 0.9998474 0.01742607 0
vn 0.9951476 -0.08890038 0.04153567
vn 0.9998474 0.01742607 0
vn 0.995117 -0.08499401 0.04974514
vn 0.9998474 0.01742607 0
vn 0.995056 -0.0803247 0.05810719
vn 0.9998474 0.01742607 0
vn 0.9950255 -0.07431256 0.0662862
vn 0.9998474 0.01742607 0
vn 0.9950255 -0.06775104 0.07296973
vn 0.9998474 0.01745659 0
vn 0.9949644 -0.06152528 0.07895135
vn 0.9998474 0.01742607 0
vn 0.9948729 -0.05447548 0.08487194
vn 0.9998474 0.01742607 0
vn 0.9948424 -0.04617446 0.09012115
vn 0.9998474 0.01745659 0
vn 0.9948424 -0.03796499 0.09378337
vn 0.9998474 0.01739555 0
vn 0.9948118 -0.0303964 0.0970183
vn 0.9998474 0.01739555 0
vn 0.9947508 -0.02209538 0.09985655
vn 0.9998474 0.01742607 0
vn 0.9947203 -0.01297032 0.1015961
vn 0.9998474 0.01745659 0
vn 0.9947813 -0.00439465 0.1019013
vn 0.9998474 0.01739555 0
vn 0.9947508 0.00338751 0.1020539
vn 0.9998474 0.01739555 0
vn 0.9948424 0.01037627 0.1006805
vn 0.9998474 0.01745659 0
vn 0.9998474 0.01745659 0
vn 0.9949949 0.01452678 0.09872734
vn 0.1987975 0.02758872 -0.9796442
vn 0.463332 0.03445535 -0.8854945
vn 0.7467574 0.03637802 -0.6640523
vn 0.9359722 0.0348826 -0.350322
vn 0.9361858 -0.09152501 -0.3393353
vn 0.1269264 0.01721239 -0.9917295
vn 0.1330301 0.01617479 -0.9909665
vn 0.1479232 0.0167241 -0.9888302
vn 0.1705374 0.0190435 -0.9851375
vn 0.3588671 0.02142399 -0.933134
vn 0.3888363 0.01828056 -0.9211097
vn 0.04651015 0.9977416 -0.04794454
vn 0.1825922 0.9519944 -0.2455824
vn 0.02844321 0.9975891 -0.06305122
vn 0 1 0
vn 0 1 0
vn -0.08670306 0.9945067 0.05822926
vn -0.09118926 0.9945067 0.05111849
vn 0 1 0
vn -0.09549242 0.9944761 0.04336678
vn -0.1012604 0.9945067 0.02621537
vn 0 1 0
vn -0.103061 0.9945067 0.01803642
vn 0 0.9999695 0
vn -0.1033356 0.9945677 0.01086455
vn -0.09897148 0.9944761 0.03469949
vn 0 1 0
vn 0 0.9999695 0
vn 0 1 0
vn -0.03860586 0.9946593 0.09558397
vn 0 0.9999695 0
vn -0.03073209 0.9946898 0.09811699
vn 0 1 0
vn -0.02240055 0.9946898 0.1002838
vn 0 1 0
vn -0.01339757 0.9947203 0.1015045
vn 0 1 0
vn -0.08160644 0.9945067 0.06540113
vn 0 1 0
vn -0.0754112 0.9945067 0.07229834
vn 0 1 0
vn -0.06872767 0.9945677 0.07809686
vn 0 1 0
vn -0.06213563 0.9945677 0.08322393
vn 0 1 0
vn -0.0549333 0.9945677 0.08819848
vn -0.04678487 0.9945982 0.09247106
vn 0 0.9999695 0
vn -0.04773092 0.3690603 0.9281594
vn -0.1219214 0.3620105 0.924131
vn -0.9366436 0.3361614 0.09820854
vn -0.7273781 0.6819666 0.07626575
vn -0.3985412 0.9161657 0.04187136
vn -0.9279458 0.3353068 0.1626636
vn -0.9120762 0.3351848 0.2361217
vn -0.8890347 0.3350627 0.3119602
vn -0.8576922 0.3354595 0.3896298
vn -0.8213752 0.3362835 0.4606769
vn -0.781518 0.3371685 0.5248574
vn -0.7343364 0.3381756 0.5885189
vn -0.6208075 0.3417158 0.7055269
vn -0.6786706 0.3397015 0.6511124
vn -0.5616627 0.3436384 0.7525864
vn -0.4958953 0.3458663 0.7965026
vn -0.4228644 0.3487045 0.8363903
vn -0.3500168 0.3518479 0.8681295
vn -0.2797327 0.3545945 0.8921781
vn -0.2031617 0.3582262 0.9112217
vn -0.7211829 0.6810511 0.1264076
vn -0.7089145 0.6809595 0.1835078
vn -0.6911527 0.6807459 0.2425611
vn -0.6667379 0.680929 0.3028657
vn -0.6381726 0.6816004 0.3579516
vn -0.6071352 0.6819971 0.4077273
vn -0.5703604 0.6823939 0.4571673
vn -0.5270242 0.6831874 0.5054476
vn -0.481521 0.6844386 0.54738
vn -0.4354991 0.6853847 0.5835444
vn -0.3843196 0.6863918 0.6173589
vn -0.3274941 0.6878262 0.6477554
vn -0.2709433 0.6897183 0.6714377
vn -0.2160405 0.6911527 0.6896268
vn -0.1570177 0.6928007 0.7037873
vn -0.09384441 0.6948454 0.7129734
vn -0.02941983 0.6991791 0.7143163
vn -0.3959776 0.9156163 0.06939905
vn -0.3892331 0.9155858 0.1007721
vn -0.3797723 0.9154027 0.1332743
vn -0.3664052 0.9154332 0.1664174
vn -0.350383 0.9157384 0.1964781
vn -0.3332621 0.9158605 0.2237922
vn -0.3132725 0.9158605 0.2510758
vn -0.289407 0.9160741 0.2775353
vn -0.2641377 0.9165319 0.3002105
vn -0.2388378 0.9168065 0.3199866
vn -0.2108523 0.9169591 0.3386334
vn -0.1796319 0.9173559 0.3551744
vn -0.1484115 0.9180273 0.3676565
vn -0.1182592 0.9183935 0.3774834
vn -0.08600115 0.9187597 0.3852962
vn -0.05139315 0.9193091 0.3901181
vn -0.006622493 0.9209266 0.3896298
vn 0.05844295 0.9202857 0.3867916
vn 0.03622543 0.7006745 0.7125157
vn 0.008362054 0.3722342 0.9280679
vn 0.176519 0.9066744 0.3830378
vn 0.1348307 0.6935026 0.7076937
vn 0.07220679 0.3732109 0.924894
vn 0.3889889 0.8392285 0.3799249
vn 0.3019501 0.6435438 0.7032991
vn 0.1685232 0.3493454 0.9216895
vn 0.6349986 0.6732689 0.3787347
vn 0.4926603 0.515183 0.7012848
vn 0.275277 0.2786645 0.920072
vn 0.8224433 0.425306 0.3776971
vn 0.6375622 0.3225806 0.6996063
vn 0.35609 0.1709647 0.9186682
vn 0.3805048 0.07953119 0.9213233
vn 0.6926786 0.1605274 0.7031159
vn 0.8990753 0.2165898 0.3804132
vn 0.8933378 0.2315134 0.3850826
vn 0.9059115 0.1770989 0.3846248
vn 0.6827906 0.1697134 0.7106235
vn 0.692465 0.1280862 0.7099521
vn 0.3673818 0.08182013 0.9264504
vn 0.3729362 0.05948054 0.9259316
vn 0.8643758 0.323191 0.3852046
vn 0.8789331 0.2818689 0.3847163
vn 0.6612446 0.240028 0.7107151
vn 0.6723533 0.2083498 0.7102878
vn 0.3564257 0.1198767 0.9265725
vn 0.3624378 0.1028473 0.9262978
vn 0.8023622 0.4545121 0.3867611
vn 0.8408154 0.379284 0.3861507
vn 0.6129338 0.3400372 0.713187
vn 0.6425977 0.2825098 0.71218
vn 0.3289285 0.1729179 0.928373
vn 0.3452559 0.1422773 0.9276406
vn 0.7267068 0.5677969 0.3865475
vn 0.7621387 0.5196692 0.3860286
vn 0.5561693 0.4272897 0.7127903
vn 0.5832087 0.3903012 0.7123631
vn 0.2995392 0.2205572 0.9282205
vn 0.3139134 0.2006897 0.9279763
vn 0.6727805 0.6299631 0.3878597
vn 0.5141148 0.4739524 0.7148656
vn 0.2754906 0.2443616 0.9296854
vn 0.5955077 0.703238 0.3883175
vn 0.4551531 0.530137 0.7153539
vn 0.2439344 0.2745445 0.9300821
vn 0.5891599 0.712241 0.3815424
vn 0.4546037 0.5418256 0.7069002
vn 0.2493667 0.2871181 0.9248329
vn 0.7231361 0.5777459 0.3784295
vn 0.560564 0.4405347 0.7011628
vn 0.3127537 0.2363353 0.91995
vn 0.8710898 0.3148289 0.3769036
vn 0.6749169 0.2368236 0.6988434
vn 0.3768121 0.1230506 0.9180578
vn 0.9211402 0.08685564 0.3793756
vn 0.7097995 0.06033504 0.7017731
vn 0.3906064 0.02459788 0.9201941
vn 0.9234291 0.005249142 0.3837092
vn 0.706534 -0.007568538 0.7076022
vn 0.3823969 -0.01940977 0.9237648
vn 0.3725394 -0.05606245 0.9262978
vn 0.700766 -0.03598129 0.7124546
vn 0.9213538 -0.01040679 0.3885006
vn 0.3554491 -0.117954 0.9272134
vn 0.34373 -0.1901303 0.9195837
vn 0.1243934 -0.1701101 0.9775078
vn 0.3279519 -0.263741 0.9071016
vn 0.3152562 -0.3434248 0.8846706
vn 0.2859279 -0.548967 0.7853938
vn 0.2956023 -0.4803003 0.8257699
vn 0.3030183 -0.4158147 0.8574481
vn 0.2766503 -0.6170232 0.7366863
vn 0.2693259 -0.6783654 0.6835536
vn 0.2641987 -0.7294839 0.6308786
vn 0.2577593 -0.781518 0.5681021
vn 0.2479628 -0.87051 0.4250313
vn 0.2523576 -0.8298593 0.4975738
vn 0.244789 -0.9022492 0.3549607
vn 0.241676 -0.9298074 0.2774743
vn 0.2393566 -0.9515671 0.1928464
vn 0.2384716 -0.9627979 0.1269875
vn 0.6915189 -0.08505505 0.717307
vn 0.6857509 -0.1394391 0.7143163
vn 0.6781518 -0.1984618 0.7075716
vn 0.6716819 -0.2614521 0.6931364
vn 0.666036 -0.3194372 0.6740013
vn 0.6623432 -0.3714713 0.6505936
vn 0.6570635 -0.426252 0.6217231
vn 0.6527299 -0.482223 0.5842463
vn 0.6491897 -0.5315409 0.5439925
vn 0.6467788 -0.5739311 0.5022126
vn 0.6433302 -0.6163213 0.4541154
vn 0.6407056 -0.6566362 0.3978393
vn 0.6388134 -0.6896878 0.3408917
vn 0.6374706 -0.7159337 0.2846156
vn 0.6356395 -0.7390667 0.2228766
vn 0.6345409 -0.7571642 0.1550035
vn 0.6351512 -0.7655873 0.1019929
vn 0.9188513 -0.03729361 0.3927427
vn 0.917539 -0.06723225 0.3918576
vn 0.9155553 -0.09997862 0.3895382
vn 0.9139989 -0.1349528 0.382519
vn 0.9129307 -0.1670583 0.3722648
vn 0.9121677 -0.1960814 0.3598132
vn 0.9107639 -0.2270577 0.3448591
vn 0.9097873 -0.2585223 0.3246254
vn 0.909238 -0.2859889 0.3023774
vn 0.9087802 -0.3098239 0.2793664
vn 0.9078341 -0.3341777 0.253212
vn 0.9072848 -0.3570361 0.2220526
vn 0.9071016 -0.3754387 0.1902524
vn 0.9068575 -0.3903012 0.1589099
vn 0.9062777 -0.4038209 0.124607
vn 0.906064 -0.4141362 0.08670306
vn 0.9070101 -0.4172185 0.05691701
vn 0.9091159 -0.4140751 0.04495376
vn 0.6400037 -0.7640614 0.08099609
vn 0.2453383 -0.9641103 0.1011383
vn 0.9020661 -0.09356975 -0.421247
vn 0.9583423 -0.1374859 -0.2502823
vn 0.8948943 -0.1333964 -0.4257943
vn 0.6836146 -0.08517712 -0.7248146
vn -0.5283975 -0.4818567 0.6989654
vn -0.3103733 -0.2930998 0.904294
vn -0.7343364 -0.6784875 -0.01922661
vn -0.8605915 -0.5087741 -0.02148503
vn -0.5634632 -0.3100375 0.7657094
vn -0.9577013 -0.2870571 0.01947081
vn -0.9660634 -0.2576068 0.01873832
vn -0.4134037 -0.1179845 0.9028291
vn -0.07251197 -0.4495682 0.890286
vn -0.0390942 -0.9992066 3.05185e-05
vn -0.1295511 -0.6626484 0.7376324
vn -0.1590319 -0.986877 -0.02719199
vn -0.2376781 -0.68099 0.6926176
vn -0.3940244 -0.9168981 -0.06317329
vn -0.5751823 -0.8175299 0.02719199
vn -0.3511155 -0.5439009 0.7621387
vn -0.8049867 -0.5930967 -0.01364177
vn -0.5553148 -0.4770348 0.6811426
vn -0.9032868 -0.4289987 0.003601133
vn -0.5736259 -0.317423 0.755089
vn -0.9332866 -0.3559069 0.04773092
vn 0.9489731 -0.3152867 -6.1037e-05
vn 0.9901731 -0.09775078 0.09970396
vn 0.9781183 -0.1837519 0.09747612
vn 0.7948546 -0.606769 -0.000518815
vn 0.9345073 -0.3421735 0.09772026
vn 0.8630635 -0.4951323 0.09970396
vn 0.6436659 -0.7652516 -0.003479063
vn 0.7740715 -0.6254768 0.09765923
vn 0.6317331 -0.7688834 0.09830009
vn -0.09442424 0.9903867 0.1008331
vn -0.09887993 0.9896237 0.1040071
vn 0.2454603 0.9640492 0.101474
vn -0.1029694 0.9863582 0.1283303
vn 0.2384411 0.9628895 0.126194
vn 0.6399121 0.764153 0.08102661
vn 0.6351512 0.7656789 0.1014435
vn 0.9090548 0.4141972 0.04495376
vn 0.9070101 0.4172796 0.05664235
vn 0.9955138 0.0936613 0.01162755
vn 0.9953307 0.09530925 0.01477092
vn 0.2577288 0.9634693 0.07272559
vn 0.6460769 0.7624439 0.03460794
vn 0.9094211 0.4156926 -0.01049834
vn 0.9942015 0.0972014 -0.0458998
vn -0.03854483 -0.9986267 -0.0348826
vn -0.101413 -0.9948118 0.006256282
vn -0.3243812 -0.9459212 -0.001525878
vn -0.3964965 -0.9177221 0.02343821
vn -0.7278665 -0.6844081 0.04190188
vn -0.6070132 -0.7944884 0.01733446
vn -0.4670553 -0.8842128 0.004577755
vn -0.9396344 -0.3381451 0.05227816
vn -0.9979858 -0.03094571 0.05490279
vn -0.9978942 -0.0406506 0.05038601
vn -0.9987792 -0.01333653 0.04739522
vn -0.9601734 -0.2727439 0.06009089
vn -0.9116489 -0.4079715 0.04934841
vn -0.8300729 -0.5568407 0.02929776
vn -0.7277749 -0.6852931 0.02563554
vn -0.9972839 -0.03073209 0.06668293
vn -0.9392987 -0.33726 0.06280708
vn -0.7283853 -0.683401 0.04870754
vn -0.3975341 -0.9171728 0.02658158
vn -0.1023285 -0.9947203 0.006836116
vn -0.9965209 0.05066072 -0.06570631
vn -0.9952391 0.06143373 -0.0755943
vn -0.9123203 -0.0414136 -0.4073305
vn -0.2849513 -0.9563891 -0.06384468
vn 0.02743613 -0.9971313 -0.07028412
vn -0.999054 -0.01669359 0.03970456
vn -0.9609974 -0.2758568 0.01815849
vn -0.8184759 -0.5743889 -0.01123076
vn -0.5827204 -0.8116398 -0.04043698
vn 0.05664235 -0.9771416 -0.2048097
vn -0.2082888 -0.9609058 -0.1823786
vn -0.5380718 -0.8308359 -0.1420636
vn -0.7970214 -0.5973388 -0.08880883
vn -0.9570299 -0.2888882 -0.0246284
vn -0.9993591 -0.02099668 0.02868735
vn 0.1939756 -0.9429609 -0.2704855
vn 0.1241188 -0.9559313 -0.2659688
vn -0.1385235 -0.9476302 -0.287698
vn -0.4915616 -0.8353222 -0.2460402
vn -0.7762078 -0.6074099 -0.1688589
vn -0.9531846 -0.2945342 -0.0682699
vn -0.9996033 -0.02157658 0.01733446
vn -0.1040986 -0.9203467 -0.3769646
vn -0.4690085 -0.8193915 -0.3295388
vn -0.7658925 -0.5987732 -0.234199
vn -0.9512314 -0.2901089 -0.1046479
vn -0.9997559 -0.01989805 0.007446467
vn 0.2690512 -0.8321177 -0.4849391
vn 0.2406384 -0.9005707 -0.361919
vn -0.03201389 -0.87463 -0.4836878
vn -0.4208197 -0.7946715 -0.4374523
vn -0.7424238 -0.5875118 -0.3218482
vn -0.9457686 -0.2856227 -0.1546983
vn -0.9997864 -0.0180059 -0.006439387
vn 0.3636891 -0.7554247 -0.5449995
vn 0.2889493 -0.8032777 -0.5207679
vn 0.03506577 -0.815363 -0.5778375
vn -0.3758659 -0.7546617 -0.5377666
vn -0.7215796 -0.5619984 -0.4042482
vn -0.9416181 -0.2705771 -0.2002014
vn -0.9997559 -0.01184117 -0.0180059
vn 0.3785821 -0.7130345 -0.5901059
vn 0.05291908 -0.7688834 -0.6371349
vn -0.3632923 -0.7127903 -0.5999329
vn -0.7151097 -0.5299234 -0.4557939
vn -0.9399396 -0.2521439 -0.2300485
vn -0.9996033 -0.005615353 -0.02645951
vn -0.9991455 0.002868711 -0.04049801
vn -0.9334391 -0.2256538 -0.2788171
vn -0.6930754 -0.4805445 -0.5373089
vn -0.3224281 -0.643727 -0.6939604
vn 0.1131016 -0.6816309 -0.7228614
vn 0.5812556 -0.5064547 -0.6368603
vn 0.4557634 -0.549089 -0.7005219
vn 0.4181036 -0.6220588 -0.661916
vn 0.2017579 -0.4354991 -0.8772546
vn 0.1647694 -0.5726493 -0.8030641
vn -0.2527238 -0.4063845 -0.8780176
vn -0.2838526 -0.5357219 -0.7952208
vn -0.6536455 -0.2916654 -0.6983246
vn -0.6720786 -0.3963134 -0.6254463
vn -0.9203162 -0.1158788 -0.373516
vn -0.9270608 -0.1770378 -0.3303934
vn -0.9970702 0.03820914 -0.06622517
vn -0.9983215 0.01876884 -0.05447548
vn 0.5334941 -0.401532 -0.744377
vn 0.5248879 -0.3409528 -0.77987
vn 0.5817133 -0.2491226 -0.7742851
vn 0.232612 -0.2875454 -0.929075
vn -0.2251961 -0.2523881 -0.9410383
vn -0.6354564 -0.1645558 -0.7543565
vn 0.6161992 -0.1536912 -0.7724235
vn 0.2544328 -0.1211889 -0.9594409
vn -0.2041688 -0.07892084 -0.9757378
vn -0.6196173 -0.01953184 -0.7846309
vn -0.9039583 0.04428231 -0.425306
vn -0.9928587 0.08819848 -0.07998901
vn 0.2604449 0.006836116 -0.965453
vn -0.1976379 0.05969417 -0.9784234
vn -0.6138493 0.09955137 -0.783105
vn -0.8997162 0.1180456 -0.4201483
vn -0.9903562 0.1157567 -0.07571637
vn -0.8800928 0.4744713 -0.01660203
vn -0.866451 0.4990692 -0.01226842
vn -0.7794427 0.5419172 -0.3141881
vn 0.161687 0.0788598 -0.9836726
vn 0.1109042 0.06747639 -0.9915159
vn 0.1107822 0.1934263 -0.9748222
vn 0.04998928 0.3126011 -0.9485458
vn -0.04705953 0.7340312 -0.6774499
vn 0.00943017 0.5760674 -0.8173162
vn -0.04947048 0.6049074 -0.7947325
vn 0.06100648 0.4015015 -0.9138157
vn -0.1472213 0.9358196 -0.3202307
vn -0.09637743 0.8532365 -0.5124668
vn -0.1403241 0.8252816 -0.5469833
vn -0.2083193 0.9780267 -0.004486203
vn -0.1882382 0.9755547 -0.1131931
vn -0.22425 0.9744865 0.007599055
vn -0.2131107 0.9484543 -0.2345042
vn -0.2562944 0.9663381 0.02157658
vn -0.2567522 0.9378948 -0.2332224
vn -0.3035676 0.9525132 0.02331614
vn 0.1173437 0.06753742 -0.9907834
vn 0.1402325 0.07052826 -0.987579
vn 0.05691701 0.3133946 -0.9479049
vn 0.1488693 0.06967371 -0.9863888
vn 0.06375312 0.3114719 -0.948088
vn -0.3043001 0.9237343 -0.2325205
vn -0.3295693 0.9437849 0.02526932
vn -0.3288369 0.9441816 0.01892143
vn 0.1618396 0.06845301 -0.9844051
vn 0.1730704 0.06805628 -0.9825434
vn 0.07055878 0.3067415 -0.9491562
vn -0.3591418 0.9329509 0.02471995
vn -0.3891415 0.9206519 0.03009122
vn -0.3440657 0.9097263 -0.2322763
vn -0.4026917 0.9146397 0.03555405
vn -0.3729972 0.8970916 -0.2367321
vn -0.4352855 0.8998688 0.02667313
vn 0.1812189 0.06561475 -0.9812311
vn 0.07376319 0.306711 -0.948912
vn 0.2024292 0.06512647 -0.9771111
vn 0.07812738 0.3031098 -0.949736
vn -0.4136479 0.8792688 -0.2360911
vn -0.4647969 0.8521378 -0.2403332
vn -0.5375225 0.8427992 0.02722251
vn -0.5082247 0.8608661 0.02417063
vn -0.480575 0.8764611 0.02856528
vn -0.4531388 0.8910794 0.02459788
vn 0.2109134 0.06451612 -0.975341
vn 0.2261421 0.06308174 -0.9720451
vn 0.08447521 0.2979217 -0.9508347
vn 0.2344431 0.06305122 -0.9700614
vn 0.0903958 0.2897427 -0.9528184
vn 0.2505264 0.05764943 -0.9663686
vn -0.5668508 0.7835627 -0.2543413
vn -0.62331 0.7813349 0.03112888
vn -0.6182745 0.785638 0.02154606
vn -0.5156713 0.8205817 -0.2463148
vn -0.5937071 0.8042543 0.02511668
vn -0.5637379 0.8256173 0.02279728
vn 0.2569353 0.06140321 -0.964446
vn 0.2797021 0.06088441 -0.9581286
vn 0.09823906 0.2814112 -0.9545274
vn 0.2935575 0.06064027 -0.9540086
vn 0.1060518 0.269509 -0.9571215
vn -0.6457717 0.7630238 0.02694779
vn -0.674398 0.7379376 0.02447581
vn -0.6062502 0.7512742 -0.2608112
vn -0.6885892 0.7246925 0.02438426
vn -0.6352123 0.723716 -0.2696005
vn -0.7190161 0.6948149 0.01385539
vn -0.7328715 0.6802271 0.01168859
vn -0.671804 0.6870022 -0.2768945
vn -0.7572863 0.6530045 0.008728265
vn 0.3021942 0.05618453 -0.9515671
vn 0.3121739 0.06070131 -0.9480575
vn 0.1079745 0.2656026 -0.9580065
vn 0.3191015 0.05835133 -0.9458907
vn 0.1140782 0.254738 -0.9602344
vn 0.334666 0.0529496 -0.9408246
vn 0.1229285 0.2393872 -0.9631031
vn 0.350383 0.04696798 -0.9354228
vn -0.7117832 0.6404615 -0.2883083
vn -0.7980285 0.6025269 0.002014219
vn -0.7767571 0.6297494 0.003234922
vn -0.7477951 0.5917539 -0.3010041
vn -0.8503677 0.5260781 -0.009735405
vn -0.8345897 0.5508286 -0.004943966
vn -0.8158513 0.5782342 -0.002990782
vn 0.3571887 0.04782247 -0.9327983
vn 0.3786126 0.04751729 -0.9243141
vn 0.1339762 0.2255318 -0.9649648
vn 0.3873104 0.04736471 -0.9207129
vn 0.143437 0.208655 -0.9674062
vn 0.4040346 0.04055905 -0.9138157
vn 0.157445 0.1913205 -0.9687796
vn 0.4209418 0.03500473 -0.9063692
vn 0.4254586 0.03445535 -0.904294
vn 0.437788 0.03549301 -0.8983734
vn 0.4533525 0.02844321 -0.8908658
vn 0.1736503 0.1643727 -0.9709769
vn 0.1612598 0.1832026 -0.9697256
vn -0.8894925 0.4565263 -0.01837211
vn -0.8025453 0.4998932 -0.3255409
vn -0.8986786 0.4381542 -0.0190435
vn -0.8193304 0.4651326 -0.3351542
vn -0.9057283 0.4232307 -0.0217902
vn -0.8378552 0.4217353 -0.3465987
vn -0.9246498 0.3794366 -0.03213596
vn 0.4563738 0.028077 -0.8893094
vn 0.47734 0.02508616 -0.8783227
vn 0.1892147 0.1464888 -0.9709159
vn 0.4892422 0.02426218 -0.8717917
vn 0.2027344 0.1265297 -0.9710074
vn -0.9723502 0.2263557 -0.05716115
vn -0.9676198 0.2465285 -0.05395668
vn -0.8801844 0.2797632 -0.383282
vn -0.9571215 0.2857753 -0.04715108
vn -0.869686 0.3242287 -0.3721427
vn -0.9500717 0.3087252 -0.04458749
vn -0.8557695 0.3717154 -0.3597522
vn -0.942381 0.3319193 -0.04037594
vn -0.9341105 0.3551134 -0.03604233
vn 0.4983062 0.01873832 -0.8667562
vn 0.5159764 0.01647996 -0.8564104
vn 0.217719 0.1089816 -0.9698783
vn 0.5180822 0.01379436 -0.8551897
vn 0.5359355 0.01144438 -0.8441725
vn 0.5496383 0.006958186 -0.8353527
vn 0.2439649 0.07477033 -0.9668874
vn 0.2314218 0.09280675 -0.9683828
vn -0.9760125 0.2089297 -0.06097596
vn -0.8879666 0.2385021 -0.3931699
vn -0.979461 0.1911069 -0.06390571
vn -0.8935209 0.2006897 -0.401593
vn -0.9824519 0.1744743 -0.06561475
vn -0.8975494 0.1654408 -0.4086734
vn -0.9869686 0.1448408 -0.06967371
vn 0.549089 0.005981624 -0.8357189
vn 0.561449 0.002899229 -0.8274789
vn 0.2560808 0.05978572 -0.9647817
vn 0.5720084 -0.03601181 -0.819422
vn -0.05911433 0.6030458 -0.7954649
vn -0.07312232 0.5983764 -0.7978454
vn -0.08426159 0.5920896 -0.8014466
vn -0.09369182 0.5875118 -0.8037355
vn -0.1071504 0.5804315 -0.8071841
vn -0.1239356 0.5683462 -0.8133793
vn -0.1411481 0.5532395 -0.8209479
vn -0.1578417 0.5349895 -0.8299509
vn -0.169042 0.51677 -0.8392285
vn -0.180639 0.5030977 -0.8451186
vn -0.1922361 0.4826807 -0.8543962
vn -0.2040467 0.4555498 -0.8664816
vn -0.2137516 0.426252 -0.8789636
vn -0.2209845 0.3951231 -0.8915982
vn -0.2223883 0.3673208 -0.9031037
vn -0.2282784 0.345378 -0.9102451
vn -0.2281258 0.3155919 -0.9210487
vn -0.2269662 0.2804956 -0.9326151
vn -0.2236701 0.2462538 -0.943022
vn -0.2188482 0.2132023 -0.952147
vn -0.2129276 0.1818292 -0.9599903
vn -0.2066408 0.1523483 -0.9664602
vn -0.2006286 0.1240882 -0.9717704
vn -0.1678518 0.8199103 -0.5472579
vn -0.2009949 0.811182 -0.5491501
vn -0.2287362 0.8019044 -0.5518968
vn -0.2490005 0.793115 -0.5557726
vn -0.278634 0.7812128 -0.5585803
vn -0.3156834 0.7619556 -0.565447
vn -0.3534044 0.738609 -0.5740227
vn -0.3905149 0.7111728 -0.5845515
vn -0.4194464 0.6856594 -0.5948668
vn -0.4413892 0.6642048 -0.6032899
vn -0.4688253 0.6350291 -0.6139103
vn -0.4985198 0.5966979 -0.6288034
vn -0.525071 0.5558947 -0.6443983
vn -0.5479599 0.5132603 -0.6605121
vn -0.5632496 0.4764245 -0.6751
vn -0.576281 0.4458449 -0.6848964
vn -0.5880306 0.4067812 -0.6990875
vn -0.5990173 0.3607898 -0.7148045
vn -0.6065554 0.3164464 -0.7293313
vn -0.6111637 0.2741172 -0.7424848
vn -0.6136357 0.2342905 -0.7539903
vn -0.6144292 0.19718 -0.7638783
vn -0.6143987 0.1619312 -0.7721488
vn -0.9891049 0.1289712 -0.07052826
vn 0.9032258 0.09753715 -0.41789
vn 0.8600421 0.05679494 -0.507004
vn 0.7890866 0.4142277 -0.4535356
vn -0.1861629 0.9825129 -0.002105772
vn -0.09564501 0.9410993 -0.3242897
vn 0.03250217 0.7344279 -0.6778771
vn 0.1536301 0.3929563 -0.9066134
vn 0.2286751 0.01727342 -0.9733268
vn 0.2963958 0.4007691 -0.8668783
vn 0.1457259 0.7454451 -0.6504105
vn -0.03009122 0.949797 -0.3113498
vn 0.4438307 0.4035462 -0.8000733
vn 0.2692648 0.7531053 -0.600238
vn 0.04150515 0.9576403 -0.2848903
vn -0.1473433 0.9890438 0.007171809
vn -0.1673635 0.98587 0.000762963
vn 0.5779901 0.4100772 -0.7054964
vn 0.5394147 0.0686056 -0.8392285
vn 0.3781853 0.7613148 -0.5265969
vn 0.1052583 0.9640797 -0.2438123
vn 0.6947539 0.4115116 -0.5898312
vn 0.7140416 0.09891045 -0.6930449
vn 0.4760582 0.764916 -0.4338511
vn 0.1624805 0.9677419 -0.1924192
vn -0.1140171 0.9930112 0.02941983
vn -0.1297647 0.9913633 0.01730394
vn 0.7837458 0.07367163 -0.616657
vn 0.5536363 0.7670522 -0.3241066
vn 0.2078005 0.969451 -0.1302224
vn -0.1016266 0.9938048 0.04440438
vn 0.8583636 0.4143193 -0.30253
vn 0.6096683 0.7663503 -0.2023682
vn 0.2401806 0.9687491 -0.06179994
vn -0.09286779 0.9938048 0.0605182
vn 0.9799799 0.07803583 -0.1830195
vn 0.9363689 0.09237951 -0.3385723
vn 0.9000519 0.4113284 -0.1436811
vn 0.6427809 0.7625049 -0.07333594
vn 0.2591937 0.9657277 0.01156651
vn -0.08767968 0.9930418 0.078341
vn -0.08932763 0.9915464 0.09384441
vn -0.985168 0.1320536 0.1094698
vn -0.9817805 0.1539048 0.1112399
vn -0.9895322 0.1333048 0.05481123
vn -0.8209784 0.5471358 0.1631519
vn -0.8014771 0.5747551 0.1650746
vn -0.8138676 0.570513 0.1098971
vn -0.3782464 0.910184 0.1686453
vn -0.3558458 0.9194617 0.1671193
vn -0.3666493 0.9228187 0.1179235
vn -0.25309 0.9613636 0.1080965
vn -0.2625507 0.9519333 0.1576281
vn -0.2452162 0.9576708 0.1505783
vn -0.3167516 0.9414045 0.1156041
vn -0.3339946 0.9279763 0.1650441
vn -0.3092746 0.9371624 0.1613208
vn -0.2888882 0.9446089 0.1554918
vn -0.3995178 0.9006317 0.1709036
vn -0.4123661 0.9032563 0.1184728
vn -0.4247871 0.8885159 0.1733756
vn -0.4593646 0.8800928 0.1198767
vn -0.4507279 0.8752709 0.1751152
vn -0.4766076 0.8612629 0.1762139
vn -0.5076144 0.8529313 0.1216163
vn -0.5030061 0.845851 0.177343
vn -0.5567187 0.8215278 0.122898
vn -0.5564745 0.8113956 0.1786248
vn -0.5298318 0.8291879 0.1780145
vn -0.5851925 0.7909177 0.1787469
vn -0.6064333 0.7853633 0.1240272
vn -0.6134526 0.7694022 0.1779229
vn -0.6527909 0.7473678 0.1235389
vn -0.6410413 0.7468795 0.1766716
vn -0.6675009 0.7235328 0.1757866
vn -0.6983856 0.7053743 0.1210974
vn -0.693289 0.6990265 0.1751457
vn -0.7404096 0.6616413 0.1182287
vn -0.7795953 0.6156194 0.1147801
vn -0.7407758 0.6492813 0.1721854
vn -0.7170324 0.6750389 0.1736503
vn -0.7837764 0.5981017 0.1671499
vn -0.7618946 0.6248665 0.1702628
vn -0.8371227 0.5228126 0.160802
vn -0.8447829 0.5248879 0.1040681
vn -0.8480789 0.5059359 0.1572619
vn -0.8716086 0.4801477 0.09866631
vn -0.8567767 0.4915921 0.1556138
vn -0.8982818 0.429487 0.0927152
vn -0.9294412 0.3592944 0.08386486
vn -0.9139989 0.3796197 0.1428877
vn -0.8892788 0.4324167 0.1487167
vn -0.8743858 0.4607685 0.1520127
vn -0.8659932 0.4754173 0.154973
vn -0.9547411 0.2880337 0.07409894
vn -0.9357585 0.3259072 0.1345866
vn -0.9249245 0.3535264 0.1397137
vn -0.9590137 0.2551347 0.1230201
vn -0.9524827 0.2767113 0.1271706
vn -0.943907 0.3028962 0.1313211
vn -0.9824213 0.1767022 0.05996882
vn -0.9779962 0.1746574 0.1138035
vn -0.9731437 0.1986144 0.116245
vn -0.9712516 0.2285225 0.06619465
vn -0.9700309 0.2116153 0.1193579
vn -0.9631031 0.2401196 0.1212806
vn -0.9940489 0.09561449 0.05212557
vn -0.9877621 0.1124912 0.1078219
vn -0.9896237 0.0984832 0.1044343
vn 0.1029694 0.006347835 0.9946593
vn 0.07916498 0.04062008 0.9960021
vn -0.01574754 0.05960261 0.9980773
vn 0.1019929 -0.02026426 0.9945677
vn -0.01733446 0.05911433 0.9980773
vn 0.0844447 -0.05072176 0.995117
vn 0.08709979 -0.02258366 0.9959411
vn 0.08279669 -0.03021329 0.9960936
vn -0.04022336 0.0394299 0.9983825
vn -0.01959288 0.05813771 0.9981079
vn -0.02194279 0.05691701 0.9981079
vn 0.06509596 -0.0615558 0.9959716
vn 0.0691244 -0.04797506 0.9964293
vn -0.03433328 0.04739522 0.9982604
vn 0.07593005 -0.04251223 0.9961852
vn -0.03640854 0.04513686 0.998291
vn 0.07947015 -0.03753775 0.9961242
vn -0.03827017 0.04284799 0.9983215
vn -0.03924679 0.0408948 0.9983825
vn -0.04428231 0.03286838 0.9984741
vn -0.0451979 0.03051847 0.9985046
vn 0.09302037 -0.00741595 0.9956054
vn -0.04556411 0.02874839 0.9985351
vn 0.09460735 -0.001800537 0.9954833
vn -0.02441477 0.0554521 0.9981384
vn -0.02697831 0.05380409 0.9981689
vn 0.06118959 -0.05554366 0.9965514
vn -0.02960294 0.05185091 0.9981994
vn -0.03207492 0.0496841 0.9982299
vn 0.01428264 -0.08578753 0.9961852
vn 0.04550307 -0.08108764 0.9956664
vn -0.04007077 0.02899253 0.9987487
vn 0.07449567 -0.06244087 0.9952391
vn -0.04715108 0.02368235 0.9985961
vn 0.09207433 -0.01284825 0.9956664
vn 0.09051787 -0.01709032 0.9957274
vn -0.04315316 0.03524887 0.9984436
vn -0.04177981 0.03769034 0.998413
vn -0.04602187 0.02734458 0.9985351
vn -0.04675436 0.02572709 0.9985656
vn 0.09991759 -0.007965326 0.9949339
vn 0.09637743 -0.03329569 0.9947813
vn -0.2781457 0.9149449 0.2923673
vn -0.3237709 0.8980072 0.2977996
vn -0.3661305 0.8804285 0.3012482
vn -0.411359 0.8590961 0.3043916
vn -0.4606769 0.832728 0.3070162
vn -0.5113987 0.8019044 0.3088778
vn -0.5641652 0.7653127 0.3098239
vn -0.6177251 0.722953 0.3093356
vn -0.667806 0.6777551 0.3076266
vn -0.7135227 0.6306955 0.3050935
vn -0.7547227 0.5824763 0.301706
vn -0.7915281 0.5337382 0.2976165
vn -0.8182623 0.4945219 0.2930082
vn -0.836726 0.4643086 0.290231
vn -0.8597064 0.4239326 0.2848598
vn -0.9066439 0.321604 0.2730186
vn -0.9240089 0.2742393 0.2663961
vn -0.9353923 0.2385021 0.2609637
vn -0.9512009 0.1746574 0.2543413
vn -0.9589221 0.1327555 0.250557
vn -0.9633778 0.1053804 0.246437
vn -0.8322092 -0.02938932 0.5536668
vn -0.8066653 -0.03778189 0.5897702
vn -0.8040712 0.09692674 0.5865352
vn -0.01562547 -0.08044677 0.9966124
vn -0.1865901 0.04733419 0.9812921
vn -0.1742302 -0.07342749 0.9819331
vn -0.1232948 -0.05929744 0.9905698
vn -0.06244087 -0.06402778 0.9959716
vn -0.3661916 0.06384468 0.928312
vn -0.3358562 -0.05887019 0.9400311
vn -0.2952666 -0.04907375 0.9541001
vn -0.2233955 -0.06079286 0.972808
vn -0.5340129 0.07654041 0.8419752
vn -0.5276345 -0.04779195 0.8481094
vn -0.4512467 -0.04199343 0.8913846
vn -0.3747368 -0.05648976 0.9253823
vn -0.6800134 0.08685564 0.7279886
vn -0.6543474 -0.03353983 0.7554247
vn -0.6046938 -0.02465891 0.7960448
vn -0.5647145 -0.04773092 0.8238777
vn -0.7771539 -0.03024381 0.6285592
vn -0.7250282 -0.03085416 0.6879788
vn -0.6894437 -0.04354989 0.7229835
vn -0.8702964 -0.02447581 0.4918668
vn -0.8995331 0.1032441 0.4244514
vn -0.8906217 -0.03323465 0.453505
vn -0.9567553 -0.03036588 0.2891934
vn -0.9429609 -0.02356028 0.3320109
vn -0.9107334 -0.03024381 0.4118168
vn -0.9936522 -0.02304142 0.1099582
vn -0.98587 -0.01599168 0.1666921
vn -0.9676198 -0.02978605 0.2505264
vn -0.1094088 0.9233986 0.3678396
vn -0.09466838 0.9408552 0.3252357
vn -0.2424085 0.9277322 0.2836695
vn -0.1049531 0.9558092 0.2744835
vn -0.1207007 0.9715567 0.2036805
vn -0.09921562 0.8992889 0.4259163
vn -0.2290719 0.8616901 0.4527421
vn -0.08050781 0.8785058 0.4708396
vn -0.07522809 0.7533189 0.6532792
vn -0.06167787 0.7821283 0.620014
vn -0.2079226 0.7686392 0.6049379
vn -0.08728289 0.812891 0.5758233
vn -0.0921964 0.8529008 0.5138096
vn -0.1713614 0.66451 0.7273171
vn -0.04776144 0.5532395 0.8316294
vn -0.1764275 0.5540941 0.8135319
vn -0.0514847 0.640614 0.7661061
vn -0.05093538 0.6902066 0.7217933
vn -0.1290627 0.6922819 0.7099521
vn -0.01559495 0.2744835 0.9614551
vn 0.01721239 0.3252357 0.9454634
vn -0.1158177 0.3555406 0.927427
vn -0.006591975 0.3781243 0.925718
vn -0.1593371 0.5067598 0.8471938
vn -0.03161716 0.4359569 0.8993805
vn -0.0242927 0.5094455 0.8601337
vn -0.1076693 0.1919004 0.9754631
vn -0.06933802 0.1890621 0.9794915
vn 0.02673417 0.05685597 0.9980163
vn 0.05221712 0.1316568 0.9898984
vn -0.8954436 0.1274148 0.4265267
vn -0.80047 0.1174657 0.5877255
vn -0.6773583 0.1033967 0.7283242
vn -0.5304422 0.08572649 0.8433485
vn -0.3648488 0.0650044 0.9287698
vn -0.1863765 0.04202395 0.9815669
vn -0.8876613 0.1664785 0.4293039
vn -0.793115 0.1523178 0.5896787
vn -0.670919 0.132847 0.7295145
vn -0.5252541 0.1087374 0.8439283
vn -0.3612781 0.08081299 0.9289224
vn -0.1846064 0.05008083 0.9815058
vn -0.9427778 0.2100589 0.2588885
vn -0.8790246 0.1991027 0.4331492
vn -0.784814 0.1813715 0.5925474
vn -0.6634724 0.1573534 0.7314371
vn -0.5191199 0.127842 0.8450576
vn -0.3567919 0.09390544 0.9294412
vn -0.1820734 0.05667287 0.9816279
vn -0.8718222 0.2257759 0.4346141
vn -0.7781609 0.2051149 0.593585
vn -0.6576739 0.1773125 0.7321085
vn -0.514481 0.143437 0.8453933
vn -0.3535264 0.1045869 0.9295328
vn -0.1803644 0.06213563 0.9816279
vn -0.8605915 0.2591937 0.4383373
vn -0.7677541 0.2347789 0.596118
vn -0.6487014 0.2023377 0.733604
vn -0.5074923 0.1629993 0.8460646
vn -0.3488876 0.1180761 0.9296854
vn -0.1783196 0.06909388 0.9815363
vn -0.8436537 0.3032014 0.4429762
vn -0.7520676 0.2738426 0.5994446
vn -0.6350902 0.2352061 0.7357097
vn -0.4966582 0.1886349 0.8471938
vn -0.3413801 0.1356548 0.9300516
vn -0.1745353 0.07809686 0.9815363
vn -0.8847316 0.3734855 0.2787255
vn -0.8228095 0.3497726 0.4478896
vn -0.732902 0.3150731 0.6029542
vn -0.6185187 0.2698447 0.7379376
vn -0.4835047 0.2156438 0.8483535
vn -0.3322855 0.1541795 0.9304788
vn -0.169927 0.08758813 0.9815363
vn -0.7981201 0.3972594 0.4528947
vn -0.7103183 0.3570666 0.6065554
vn -0.5990784 0.3050935 0.740257
vn -0.4680929 0.2430799 0.8495743
vn -0.321604 0.1729789 0.9309061
vn -0.1644642 0.09717088 0.9815669
vn -0.7762078 0.4339427 0.4573199
vn -0.6902066 0.3894467 0.6098514
vn -0.5816523 0.3321635 0.7424848
vn -0.4540849 0.2640461 0.8509171
vn -0.3116855 0.18717 0.931547
vn -0.1590014 0.1042512 0.98175
vn -0.7585986 0.4624775 0.4589374
vn -0.674337 0.4146245 0.6110111
vn -0.5681326 0.3532518 0.7432173
vn -0.443434 0.2804346 0.8512833
vn -0.3043001 0.1984008 0.9316691
vn -0.1551866 0.1099582 0.9817194
vn -0.733726 0.498001 0.4621723
vn -0.6519364 0.4459975 0.6131779
vn -0.5491806 0.3796502 0.7444685
vn -0.4286935 0.3010346 0.8518021
vn -0.2943815 0.2126834 0.9316996
vn -0.1504867 0.1174657 0.9815974
vn -0.698996 0.5426802 0.4656514
vn -0.6207465 0.4854274 0.6156194
vn -0.5226295 0.4126713 0.7459945
vn -0.4078494 0.3267006 0.8525345
vn -0.2799768 0.2302621 0.9319437
vn -0.1431318 0.1264687 0.9815669
vn -0.6603595 0.5868404 0.4684897
vn -0.586108 0.524369 0.6176336
vn -0.4932706 0.4452956 0.7472152
vn -0.3848384 0.352031 0.8531755
vn -0.2641377 0.2476577 0.9321268
vn -0.1349833 0.1353496 0.9815363
vn -0.6176641 0.6300241 0.4706565
vn -0.5479599 0.5624867 0.6190985
vn -0.4610431 0.4772179 0.7481002
vn -0.3595691 0.3768731 0.8536027
vn -0.2467421 0.2646565 0.9322184
vn -0.126133 0.1440473 0.9814447
vn -0.5710013 0.6717124 0.4719077
vn -0.5064547 0.599292 0.6199225
vn -0.4260079 0.5080721 0.748558
vn -0.332194 0.4009217 0.8537248
vn -0.2279427 0.281106 0.9321879
vn -0.1164891 0.1524704 0.9813837
vn -0.5215613 0.7105625 0.472274
vn -0.462508 0.6336558 0.6201056
vn -0.3889889 0.5369122 0.7485885
vn -0.3032929 0.4233222 0.8536638
vn -0.2080447 0.2964873 0.9320658
vn -0.106296 0.1602832 0.9813227
vn -0.4727012 0.7443464 0.4716635
vn -0.4191412 0.6635945 0.6196173
vn -0.3524888 0.5620289 0.7481918
vn -0.2747581 0.4428846 0.8533891
vn -0.1884518 0.3098239 0.9319132
vn -0.09619432 0.1670278 0.9812311
vn -0.4258553 0.7729423 0.4702597
vn -0.377636 0.6890469 0.6185187
vn -0.3176061 0.5834834 0.7473983
vn -0.2475661 0.4596087 0.8528703
vn -0.1697744 0.3212988 0.931608
vn -0.0866115 0.1728263 0.981109
vn -0.3803216 0.7975707 0.4681539
vn -0.3373516 0.7110202 0.6169012
vn -0.2837611 0.6020691 0.7462691
vn -0.2211982 0.4741356 0.8521683
vn -0.151677 0.3312479 0.9312418
vn -0.07736438 0.1778923 0.980987
vn -0.3386029 0.8176214 0.4655904
vn -0.3004242 0.7289956 0.615009
vn -0.2527543 0.6172979 0.7449873
vn -0.1970275 0.4860378 0.8514054
vn -0.1350749 0.3393658 0.9308756
vn -0.06884974 0.1818597 0.9808954
vn -0.2996307 0.8342235 0.4628437
vn -0.2659383 0.7440108 0.6129032
vn -0.2237617 0.6301157 0.7435225
vn -0.1744743 0.4961394 0.8504898
vn -0.1196326 0.3463546 0.9304178
vn -0.2579119 0.8502457 0.4588153
vn -0.2290109 0.7586291 0.6098819
vn -0.1940672 0.6432081 0.7406537
vn 0.009277582 0.2208014 0.9752495
vn 0.06308174 0.1587268 0.9852901
vn -0.02575761 0.5403302 0.8410291
vn -0.1033356 -0.9945677 0.01086455
vn -0.3985412 -0.9161657 0.04184085
vn -0.7273476 -0.6819666 0.07626575
vn -0.9120762 -0.3351542 0.2361217
vn -0.9279153 -0.3353068 0.1627247
vn -0.9366436 -0.3361919 0.09820854
vn -0.8576617 -0.33549 0.3896298
vn -0.8890042 -0.3350627 0.3120213
vn -0.781579 -0.337199 0.5247963
vn -0.8212836 -0.3362835 0.460738
vn -0.7341838 -0.3382366 0.5886715
vn -0.6787927 -0.3398541 0.6508988
vn -0.5617848 -0.3436995 0.7524644
vn -0.6206244 -0.3417768 0.705649
vn -0.103061 -0.9945067 0.01803642
vn -0.3959776 -0.9156163 0.06939905
vn -0.1012604 -0.9945067 0.02621537
vn -0.3892331 -0.9155858 0.1007721
vn -0.09897148 -0.9944761 0.03469949
vn -0.3797723 -0.9154027 0.1332743
vn -0.09549242 -0.9944761 0.04336678
vn -0.3664052 -0.9154332 0.1664479
vn -0.09118926 -0.9945067 0.05111849
vn -0.3504135 -0.9157384 0.1965087
vn -0.08673357 -0.9945067 0.05822926
vn -0.3332621 -0.9158605 0.2238227
vn -0.08163696 -0.9945067 0.06543165
vn -0.313303 -0.91583 0.2511063
vn -0.07544171 -0.9945067 0.07232886
vn -0.2894375 -0.9160436 0.2775964
vn -0.06875818 -0.9945372 0.07812738
vn -0.2641377 -0.9165319 0.3002716
vn -0.06213563 -0.9945677 0.08328497
vn -0.2388684 -0.916776 0.3200781
vn -0.05496382 -0.9945677 0.088229
vn -0.2108829 -0.9169286 0.3386944
vn -0.04681539 -0.9945982 0.09253209
vn -0.1796319 -0.9173254 0.3552965
vn -0.03860586 -0.9946593 0.09564501
vn -0.148442 -0.9179663 0.367748
vn -0.7211829 -0.6810816 0.1264382
vn -0.7089145 -0.6809595 0.1835383
vn -0.6911527 -0.6807459 0.2425611
vn -0.6667379 -0.680929 0.3028962
vn -0.6381726 -0.6815699 0.3579516
vn -0.6071352 -0.6819666 0.4077578
vn -0.5703604 -0.6823328 0.4571978
vn -0.5270242 -0.6831263 0.5054781
vn -0.4815515 -0.6843776 0.547441
vn -0.4355297 -0.6853237 0.5836055
vn -0.3843501 -0.6863002 0.61742
vn -0.3275246 -0.6877651 0.6478164
vn -0.2709738 -0.6896573 0.6714988
vn -0.4956511 -0.3458968 0.7966247
vn -0.4228644 -0.3485824 0.8364513
vn -0.3502304 -0.3519394 0.8680074
vn -0.2794275 -0.3546861 0.8922392
vn -0.21601 -0.6910611 0.6897183
vn -0.1182592 -0.918363 0.3776055
vn -0.03076261 -0.9946898 0.09817802
vn -0.02240055 -0.9946898 0.1003448
vn -0.08600115 -0.9186987 0.3854488
vn -0.1570177 -0.6927092 0.7038789
vn -0.2035279 -0.3583788 0.9110996
vn -0.04773092 -0.3689688 0.9281899
vn -0.1212806 -0.3623157 0.9241005
vn -0.02926725 -0.699118 0.7143773
vn -0.09384441 -0.6947539 0.713065
vn -0.006256282 -0.920896 0.3897213
vn -0.05139315 -0.9192481 0.3902402
vn 0.01229894 -0.9947508 0.1013519
vn -0.01339757 -0.9947203 0.1015961
vn 0.008514642 -0.3721427 0.9281289
vn 0.0361644 -0.7006134 0.7126072
vn 0.05819875 -0.9202551 0.3868831
vn 0.0693075 -0.9925535 0.1000702
vn 0.07138276 -0.3732414 0.924955
vn 0.1341593 -0.6935331 0.7077853
vn 0.1761834 -0.9067354 0.3830683
vn 0.1920225 -0.9765618 0.09698778
vn 0.9468063 -0.3064059 0.09805595
vn 0.9662771 -0.238319 0.09741508
vn 0.8991668 -0.2166814 0.380169
vn 0.7924131 -0.6018555 0.09912407
vn 0.8809473 -0.4626606 0.09912407
vn 0.8225654 -0.4254586 0.3773003
vn 0.5495773 -0.8294931 0.09915459
vn 0.6788843 -0.7274697 0.09915459
vn 0.6349986 -0.6734215 0.3784601
vn 0.2747276 -0.9568163 0.0946989
vn 0.4141667 -0.9049348 0.09756767
vn 0.3889584 -0.8392896 0.3798028
vn 0.1684622 -0.3493149 0.92172
vn 0.3018586 -0.6435438 0.7033601
vn 0.2751854 -0.278634 0.9201025
vn 0.4925993 -0.515183 0.7013459
vn 0.3559374 -0.1709647 0.9186987
vn 0.6374706 -0.3225806 0.6996673
vn 0.3804743 -0.07934808 0.9213538
vn 0.6927397 -0.1601916 0.7031465
vn 0.9808649 -0.1691641 0.0961638
vn 0.9059115 -0.1769768 0.3846553
vn 0.6924955 -0.1280862 0.7099215
vn 0.3729667 -0.05948054 0.9259316
vn 0.9757378 -0.1960814 0.0972014
vn 0.9616077 -0.2559587 0.09863579
vn 0.8933073 -0.2316049 0.3851131
vn 0.9528489 -0.2862941 0.1003143
vn 0.8789331 -0.2817774 0.3847469
vn 0.9459212 -0.3086947 0.09961241
vn 0.9306009 -0.3522751 0.09912407
vn 0.8643453 -0.3232215 0.3852351
vn 0.9218726 -0.375164 0.09677416
vn 0.8408765 -0.3791314 0.3862117
vn 0.9052705 -0.4134953 0.09726244
vn 0.863155 -0.4952238 0.09842216
vn 0.8022706 -0.4546037 0.3868221
vn 0.8377941 -0.5368206 0.09921562
vn 0.7621387 -0.5195776 0.3861507
vn 0.8195441 -0.5642873 0.09958189
vn 0.7267373 -0.5677664 0.386578
vn 0.7822199 -0.6149785 0.09921562
vn 0.7609485 -0.6412549 0.09851372
vn 0.6728416 -0.6298715 0.3879207
vn 0.6405835 -0.7611927 0.1010468
vn 0.5955077 -0.7032685 0.3882565
vn 0.5887936 -0.7125157 0.3815729
vn 0.6827906 -0.1697134 0.710593
vn 0.6723533 -0.2083804 0.7102573
vn 0.6612751 -0.2399975 0.7106845
vn 0.6426283 -0.2825403 0.7121495
vn 0.6129948 -0.3400372 0.7131565
vn 0.5831477 -0.3903928 0.7123631
vn 0.5562304 -0.4271981 0.7127598
vn 0.5141148 -0.4739829 0.7148351
vn 0.4551531 -0.5301675 0.7153233
vn 0.4543595 -0.5419782 0.7069308
vn 0.3674123 -0.08182013 0.9264199
vn 0.3624683 -0.1028779 0.9262673
vn 0.3564867 -0.1198462 0.9265419
vn 0.3452559 -0.1422773 0.9276406
vn 0.328959 -0.1729484 0.9283425
vn 0.3139439 -0.2007812 0.9279458
vn 0.2996002 -0.2205572 0.9281899
vn 0.2755211 -0.2444533 0.9296854
vn 0.2439649 -0.274575 0.9300821
vn 0.2492141 -0.2872097 0.9248635
vn 0.9212012 -0.08667254 0.3792535
vn 0.8711509 -0.31489 0.3766595
vn 0.3126621 -0.2363353 0.9199805
vn 0.560503 -0.4405347 0.7012238
vn 0.7232581 -0.5776544 0.3783684
vn 0.3767205 -0.1230201 0.9180883
vn 0.6748253 -0.2368236 0.6989044
vn 0.3906064 -0.02441477 0.9202246
vn 0.709769 -0.06006038 0.7018342
vn 0.3826716 0.01733446 0.9237037
vn 0.7067477 0.006164729 0.707419
vn 0.9235206 -0.005981624 0.3834345
vn 0.9949949 -0.01470988 0.09857475
vn 0.2446974 0.9024018 0.3545945
vn 0.2519303 0.8304392 0.4968108
vn 0.9948729 -0.0104373 0.1003448
vn 0.921598 0.01019316 0.3879207
vn 0.7011933 0.0356456 0.7120274
vn 0.3731193 0.05560469 0.9260842
vn 0.3542588 0.1206701 0.9273049
vn 0.3430891 0.1884213 0.9201941
vn 0.3276467 0.2650837 0.906827
vn 0.3148595 0.3425092 0.8851588
vn 0.3034455 0.4160283 0.8572039
vn 0.295175 0.4814295 0.8252511
vn 0.9947813 -0.00338751 0.1017487
vn 0.9190955 0.03735464 0.3921629
vn 0.9948118 0.004333615 0.1015961
vn 0.9177526 0.06714069 0.3913694
vn 0.9947508 0.01290929 0.1013214
vn 0.9157689 0.09988707 0.38905
vn 0.9947508 0.02203434 0.09961241
vn 0.9142125 0.1348307 0.3820917
vn 0.9948118 0.03033536 0.09677416
vn 0.9131444 0.1669362 0.371868
vn 0.9948729 0.03787344 0.09360027
vn 0.9123203 0.1958983 0.359508
vn 0.9948729 0.04611343 0.08993804
vn 0.9109165 0.2268746 0.344554
vn 0.6919462 0.08523815 0.7168798
vn 0.6861782 0.1393475 0.7139195
vn 0.6785485 0.1984618 0.7072054
vn 0.6720176 0.2614216 0.6928007
vn 0.6663717 0.3194983 0.6736656
vn 0.6626179 0.3713187 0.65038
vn 0.6573382 0.426191 0.6214484
vn 0.2855617 0.548265 0.7860042
vn 0.9949034 0.05438393 0.08474987
vn 0.9099399 0.2583697 0.3243507
vn 0.652974 0.4821619 0.5840327
vn 0.276284 0.6180303 0.7359539
vn 0.2636189 0.7303385 0.6301157
vn 0.2685629 0.677633 0.6845607
vn 0.6469924 0.5737785 0.5020905
vn 0.6494033 0.5315104 0.5437483
vn 0.9089022 0.3096408 0.2792139
vn 0.9093906 0.2858363 0.3021332
vn 0.9950255 0.06765949 0.07284766
vn 0.9949644 0.06140321 0.07882928
vn 0.2574847 0.7812128 0.5686514
vn 0.6435133 0.6162603 0.4539628
vn 0.9079562 0.3340251 0.2530289
vn 0.9950255 0.07422101 0.06619465
vn 0.6408887 0.6565447 0.3976867
vn 0.9073764 0.3568834 0.2219001
vn 0.995056 0.08023315 0.05807667
vn 0.2477492 0.8703879 0.4254586
vn 0.638966 0.6896268 0.3407086
vn 0.9071627 0.3753166 0.1901303
vn 0.995117 0.08490246 0.04971462
vn 0.6375927 0.7158727 0.2845546
vn 0.9069185 0.3901792 0.1588488
vn 0.9951781 0.08883935 0.04150515
vn 0.241554 0.9298074 0.2776574
vn 0.6357311 0.7390362 0.2227851
vn 0.9063387 0.4037598 0.124546
vn 0.9951476 0.09259313 0.03262424
vn 0.2394177 0.9515671 0.1927244
vn 0.6346019 0.7571337 0.1548814
vn 0.9060946 0.4140751 0.08664202
vn 0.9951781 0.09530925 0.02270573
vn 0.9998474 -0.01742607 0
vn 0.9998474 -0.01742607 0
vn 0.9998474 -0.01742607 0
vn 0.9998474 -0.01742607 0
vn 0.9998474 -0.01742607 0
vn 0.9985961 -0.01818901 -0.04925686
vn 0.9965514 -0.02386546 -0.07916498
vn 0.9998474 -0.01742607 0
vn 0.9998474 -0.01742607 0
vn 0.9998474 -0.01745659 0
vn 0.99588 -0.09060943 0
vn 0.9998474 -0.01745659 0
vn 0.9998474 -0.01745659 0
vn 0.9998474 -0.01739555 0
vn 0.9998474 -0.01739555 0
vn 0.9998474 -0.01745659 0
vn 0.9998474 -0.01742607 0
vn 0.9998474 -0.01742607 0
vn 0.9998474 -0.01739555 0
vn 0.9998474 -0.01745659 0
vn 0.9998474 -0.01742607 0
vn 0.7457503 -0.0371105 -0.665151
vn 0.933256 -0.03271579 -0.3577075
vn 0.4598224 -0.04113894 -0.887051
vn 0.7082736 -0.006195247 -0.7058931
vn 0.2125614 -0.01889091 -0.9769585
vn 0.1269264 -0.01721239 -0.9917295
vn 0.1480453 -0.01684617 -0.9888302
vn 0.1642506 -0.02185124 -0.9861446
vn 0.1841182 -0.01910454 -0.982696
vn 0.1955015 -0.02111876 -0.9804682
vn 0.2057558 -0.02124083 -0.9783624
vn 0.1925107 0.06711018 -0.9789727
vn 0.2430494 -0.01757866 -0.9698477
vn 0.2612079 -0.01751762 -0.9651173
vn 0.2699667 -0.01767021 -0.9626759
vn 0.2865383 -0.0185247 -0.9578539
vn 0.307596 -0.01849418 -0.951323
vn 0.3488571 -0.02243107 -0.9368878
vn 0.3311563 -0.01843315 -0.9433577
vn 0.3168737 -0.01937925 -0.9482406
vn 0.3588671 -0.02270573 -0.9331035
vn 0.3816645 -0.01779228 -0.9241005
vn 0.3945128 -0.02056944 -0.9186376
vn 0.4075136 -0.01965391 -0.9129612
vn 0.4250313 -0.02380442 -0.9048433
vn 0.4682455 -0.02197331 -0.8832972
vn 0.5097812 -0.0203253 -0.8600421
vn 0.5527818 -0.01864677 -0.8330943
vn 0.5848567 -0.09482097 -0.805536
vn 0.6307871 -0.09488201 -0.7701041
vn 0.3727836 -0.8033082 -0.4644002
vn 0.1813409 -0.9498581 -0.2546464
vn 0.3221229 -0.8178656 -0.4767296
vn 0.6561174 -0.08224737 -0.750145
vn 0.6339 -0.3150731 -0.7062899
vn 0.04275637 -0.9970397 -0.06378364
vn 0.1404767 -0.9585254 -0.2478408
vn 0.03100675 -0.997406 -0.06476026
vn 0.009613275 -0.9997864 -0.01660203
vn 0 -1 0
vn 0 -0.9999695 0
vn 0 -1 0
vn 0 -1 0
vn 0 -1 0
vn 0 -1 0
vn 0 -0.9999695 0
vn 0 -1 0
vn 0 -1 0
vn 0 -1 0
vn 0 -1 0
vn 0 -1 0
vn 0 -1 0
vn 0 -1 0
vn 0 -1 0
vn 0 -1 0
vn 0 -0.9999695 0
vn 0.02380442 -0.9996948 -0.000762963
vn 0.1560411 -0.9877011 -0.005706906
vn 0.2674032 -0.9635304 -0.007934808
vn 0.4261299 -0.9046297 -0.001953184
vn 0.567278 -0.823481 -0.001770019
vn 0.7013154 -0.7128208 -0.001190185
vn 0.8067568 -0.5908689 -0.000488296
vn 0.8951384 -0.4457228 -6.1037e-05
vn 0.9734184 -0.2289804 0.001831054
vn 0.9714347 -0.2372509 0.002777159
vn 0.9862667 -0.1649525 -0.002319395
vn 0.985107 -0.1717581 -0.003967404
vn 0.9823908 -0.1867427 -0.000396741
vn 0.875576 -0.483047 -0.000793481
vn 0.9277932 -0.3730278 0.000366222
vn 0.9408552 -0.3387554 0.000488296
vn 0.9541918 -0.2991119 -0.002410948
vn 0.9624623 -0.2713096 0
vn 0.6600238 -0.7512131 -0.001739501
vn 0.7234413 -0.6828822 0.1012909
vn 0.7082431 -0.7059541 0.000640889
vn 0.7545396 -0.656209 0.003753721
vn 0.8581194 -0.5134129 -0.001312255
f 1//1 2//2 3//3
f 3//3 2//2 4//4
f 3//3 4//4 5//5
f 5//5 4//4 6//6
f 5//5 6//6 7//7
f 8//8 9//9 10//10
f 8//8 11//11 9//9
f 9//9 11//11 12//12
f 9//9 12//12 13//13
f 13//13 12//12 14//14
f 13//13 14//14 15//15
f 15//15 14//14 16//16
f 15//15 16//16 17//17
f 17//17 16//16 18//18
f 17//17 18//18 19//19
f 18//18 20//20 19//19
f 19//19 20//20 21//21
f 19//19 21//21 22//22
f 22//22 21//21 23//23
f 22//22 23//23 1//1
f 1//1 23//23 24//24
f 1//1 24//24 2//2
f 25//25 26//26 27//27
f 27//27 26//26 28//28
f 27//27 28//28 29//29
f 29//29 28//28 30//30
f 29//29 30//30 31//31
f 31//31 30//30 32//32
f 31//31 32//32 10//10
f 10//10 32//32 33//33
f 10//10 33//33 8//8
f 34//34 35//35 36//36
f 36//36 35//35 37//37
f 37//37 35//35 38//38
f 38//38 35//35 39//39
f 38//38 39//39 40//40
f 40//40 39//39 41//41
f 40//40 41//41 25//25
f 25//25 41//41 42//42
f 25//25 42//42 26//26
f 43//43 44//44 45//45
f 46//46 47//47 48//48
f 46//46 48//48 49//49
f 50//50 51//51 52//52
f 52//52 51//51 53//53
f 54//54 55//55 56//56
f 56//56 55//55 57//57
f 56//56 57//57 58//58
f 59//59 60//60 61//61
f 62//62 63//63 60//60
f 60//60 63//63 64//64
f 60//60 64//64 61//61
f 65//65 66//66 67//67
f 67//67 66//66 68//68
f 67//67 68//68 69//69
f 70//70 71//71 72//72
f 72//72 71//71 73//73
f 74//74 75//75 76//76
f 76//76 77//77 78//78
f 43//43 45//45 79//79
f 80//80 79//79 81//81
f 82//82 83//83 81//81
f 81//81 83//83 84//84
f 85//85 86//86 87//87
f 87//87 86//86 82//82
f 88//88 89//89 85//85
f 90//90 91//91 88//88
f 88//88 91//91 92//92
f 88//88 92//92 89//89
f 93//93 94//94 95//95
f 95//95 94//94 96//96
f 95//95 96//96 90//90
f 97//97 98//98 99//99
f 98//98 100//100 99//99
f 99//99 100//100 101//101
f 99//99 101//101 93//93
f 102//102 103//103 104//104
f 104//104 103//103 105//105
f 106//106 107//107 108//108
f 108//108 107//107 109//109
f 108//108 109//109 102//102
f 106//106 35//35 110//110
f 110//110 35//35 34//34
f 79//79 45//45 81//81
f 81//81 45//45 111//111
f 81//81 111//111 112//112
f 111//111 113//113 112//112
f 112//112 113//113 114//114
f 112//112 114//114 115//115
f 114//114 116//116 115//115
f 115//115 116//116 117//117
f 115//115 117//117 118//118
f 117//117 119//119 118//118
f 118//118 119//119 120//120
f 118//118 120//120 121//121
f 121//121 120//120 122//122
f 121//121 122//122 123//123
f 122//122 124//124 123//123
f 123//123 124//124 125//125
f 123//123 125//125 126//126
f 125//125 127//127 126//126
f 126//126 127//127 128//128
f 126//126 128//128 129//129
f 128//128 130//130 129//129
f 129//129 130//130 131//131
f 129//129 131//131 132//132
f 132//132 131//131 133//133
f 132//132 133//133 134//134
f 133//133 135//135 134//134
f 134//134 135//135 136//136
f 134//134 136//136 137//137
f 136//136 138//138 137//137
f 137//137 138//138 139//139
f 137//137 139//139 140//140
f 139//139 141//141 140//140
f 140//140 141//141 142//142
f 140//140 142//142 143//143
f 142//142 144//144 143//143
f 143//143 144//144 145//145
f 143//143 145//145 146//146
f 145//145 147//147 146//146
f 146//146 147//147 148//148
f 146//146 148//148 149//149
f 148//148 150//150 149//149
f 149//149 150//150 151//151
f 149//149 151//151 152//152
f 151//151 153//153 152//152
f 152//152 153//153 154//154
f 152//152 154//154 155//155
f 154//154 156//156 155//155
f 155//155 156//156 157//157
f 155//155 157//157 158//158
f 157//157 159//159 158//158
f 158//158 159//159 160//160
f 158//158 160//160 161//161
f 160//160 162//162 161//161
f 161//161 162//162 163//163
f 161//161 163//163 164//164
f 163//163 165//165 164//164
f 164//164 165//165 166//166
f 164//164 166//166 167//167
f 166//166 168//168 167//167
f 167//167 168//168 169//169
f 167//167 169//169 170//170
f 106//106 108//108 35//35
f 35//35 108//108 171//171
f 35//35 171//171 39//39
f 39//39 171//171 172//172
f 39//39 172//172 41//41
f 41//41 172//172 173//173
f 41//41 173//173 42//42
f 42//42 173//173 174//174
f 42//42 174//174 26//26
f 26//26 174//174 175//175
f 26//26 175//175 28//28
f 28//28 175//175 176//176
f 28//28 176//176 30//30
f 30//30 176//176 177//177
f 30//30 177//177 32//32
f 32//32 177//177 178//178
f 32//32 178//178 33//33
f 33//33 178//178 179//179
f 33//33 179//179 8//8
f 8//8 179//179 180//180
f 8//8 180//180 11//11
f 11//11 180//180 181//181
f 11//11 181//181 12//12
f 12//12 181//181 182//182
f 12//12 182//182 14//14
f 14//14 182//182 183//183
f 14//14 183//183 16//16
f 16//16 183//183 184//184
f 16//16 184//184 18//18
f 18//18 184//184 185//185
f 18//18 185//185 20//20
f 20//20 185//185 186//186
f 20//20 186//186 21//21
f 21//21 186//186 187//187
f 21//21 187//187 23//23
f 23//23 187//187 188//188
f 23//23 188//188 24//24
f 24//24 188//188 189//189
f 24//24 189//189 2//2
f 2//2 189//189 190//190
f 2//2 190//190 4//4
f 4//4 190//190 48//48
f 4//4 48//48 6//6
f 6//6 48//48 47//47
f 6//6 47//47 7//7
f 169//169 191//191 170//170
f 170//170 191//191 192//192
f 170//170 192//192 193//193
f 93//93 95//95 99//99
f 99//99 95//95 194//194
f 99//99 194//194 195//195
f 195//195 194//194 196//196
f 195//195 196//196 197//197
f 197//197 196//196 198//198
f 197//197 198//198 199//199
f 199//199 198//198 200//200
f 199//199 200//200 201//201
f 201//201 200//200 202//202
f 201//201 202//202 203//203
f 203//203 202//202 204//204
f 203//203 204//204 205//205
f 205//205 204//204 206//206
f 205//205 206//206 207//207
f 207//207 206//206 208//208
f 207//207 208//208 209//209
f 209//209 208//208 210//210
f 209//209 210//210 211//211
f 211//211 210//210 212//212
f 211//211 212//212 213//213
f 213//213 212//212 214//214
f 213//213 214//214 215//215
f 215//215 214//214 216//216
f 215//215 216//216 217//217
f 217//217 216//216 218//218
f 217//217 218//218 219//219
f 219//219 218//218 220//220
f 219//219 220//220 221//221
f 221//221 220//220 222//222
f 221//221 222//222 223//223
f 223//223 222//222 224//224
f 223//223 224//224 225//225
f 225//225 224//224 226//226
f 225//225 226//226 227//227
f 227//227 226//226 228//228
f 227//227 228//228 229//229
f 229//229 228//228 230//230
f 229//229 230//230 231//231
f 231//231 230//230 232//232
f 231//231 232//232 233//233
f 233//233 232//232 234//234
f 233//233 234//234 235//235
f 235//235 234//234 59//59
f 235//235 59//59 56//56
f 56//56 59//59 61//61
f 56//56 61//61 54//54
f 97//97 99//99 104//104
f 104//104 99//99 195//195
f 104//104 195//195 236//236
f 236//236 195//195 197//197
f 236//236 197//197 237//237
f 237//237 197//197 199//199
f 237//237 199//199 238//238
f 238//238 199//199 201//201
f 238//238 201//201 239//239
f 239//239 201//201 203//203
f 239//239 203//203 240//240
f 240//240 203//203 205//205
f 240//240 205//205 241//241
f 241//241 205//205 207//207
f 241//241 207//207 242//242
f 242//242 207//207 209//209
f 242//242 209//209 243//243
f 243//243 209//209 211//211
f 243//243 211//211 244//244
f 244//244 211//211 213//213
f 244//244 213//213 245//245
f 245//245 213//213 215//215
f 245//245 215//215 246//246
f 246//246 215//215 217//217
f 246//246 217//217 247//247
f 247//247 217//217 219//219
f 247//247 219//219 248//248
f 248//248 219//219 221//221
f 248//248 221//221 249//249
f 249//249 221//221 223//223
f 249//249 223//223 250//250
f 250//250 223//223 225//225
f 250//250 225//225 251//251
f 251//251 225//225 227//227
f 251//251 227//227 252//252
f 252//252 227//227 229//229
f 252//252 229//229 253//253
f 253//253 229//229 231//231
f 253//253 231//231 254//254
f 254//254 231//231 233//233
f 254//254 233//233 255//255
f 255//255 233//233 235//235
f 255//255 235//235 256//256
f 256//256 235//235 56//56
f 256//256 56//56 51//51
f 51//51 56//56 58//58
f 102//102 104//104 108//108
f 108//108 104//104 236//236
f 108//108 236//236 171//171
f 171//171 236//236 237//237
f 171//171 237//237 172//172
f 172//172 237//237 238//238
f 172//172 238//238 173//173
f 173//173 238//238 239//239
f 173//173 239//239 174//174
f 174//174 239//239 240//240
f 174//174 240//240 175//175
f 175//175 240//240 241//241
f 175//175 241//241 176//176
f 176//176 241//241 242//242
f 176//176 242//242 177//177
f 177//177 242//242 243//243
f 177//177 243//243 178//178
f 178//178 243//243 244//244
f 178//178 244//244 179//179
f 179//179 244//244 245//245
f 179//179 245//245 180//180
f 180//180 245//245 246//246
f 180//180 246//246 181//181
f 181//181 246//246 247//247
f 181//181 247//247 182//182
f 182//182 247//247 248//248
f 182//182 248//248 183//183
f 183//183 248//248 249//249
f 183//183 249//249 184//184
f 184//184 249//249 250//250
f 184//184 250//250 185//185
f 185//185 250//250 251//251
f 185//185 251//251 186//186
f 186//186 251//251 252//252
f 186//186 252//252 187//187
f 187//187 252//252 253//253
f 187//187 253//253 188//188
f 188//188 253//253 254//254
f 188//188 254//254 189//189
f 189//189 254//254 255//255
f 189//189 255//255 190//190
f 190//190 255//255 256//256
f 190//190 256//256 48//48
f 48//48 256//256 51//51
f 48//48 51//51 257//257
f 258//258 74//74 259//259
f 259//259 74//74 76//76
f 259//259 76//76 260//260
f 260//260 76//76 193//193
f 260//260 193//193 261//261
f 261//261 193//193 192//192
f 82//82 81//81 87//87
f 87//87 81//81 112//112
f 87//87 112//112 262//262
f 262//262 112//112 115//115
f 262//262 115//115 263//263
f 263//263 115//115 118//118
f 263//263 118//118 264//264
f 264//264 118//118 121//121
f 264//264 121//121 265//265
f 265//265 121//121 123//123
f 265//265 123//123 266//266
f 266//266 123//123 126//126
f 266//266 126//126 267//267
f 267//267 126//126 129//129
f 267//267 129//129 268//268
f 268//268 129//129 132//132
f 268//268 132//132 269//269
f 269//269 132//132 134//134
f 269//269 134//134 270//270
f 270//270 134//134 137//137
f 270//270 137//137 271//271
f 271//271 137//137 140//140
f 271//271 140//140 272//272
f 272//272 140//140 143//143
f 272//272 143//143 273//273
f 273//273 143//143 146//146
f 273//273 146//146 274//274
f 274//274 146//146 149//149
f 274//274 149//149 275//275
f 275//275 149//149 152//152
f 275//275 152//152 276//276
f 276//276 152//152 155//155
f 276//276 155//155 277//277
f 277//277 155//155 158//158
f 277//277 158//158 278//278
f 278//278 158//158 161//161
f 278//278 161//161 279//279
f 279//279 161//161 164//164
f 279//279 164//164 280//280
f 280//280 164//164 167//167
f 280//280 167//167 281//281
f 281//281 167//167 170//170
f 281//281 170//170 282//282
f 282//282 170//170 193//193
f 282//282 193//193 283//283
f 283//283 193//193 76//76
f 283//283 76//76 72//72
f 72//72 76//76 78//78
f 72//72 78//78 70//70
f 85//85 87//87 88//88
f 88//88 87//87 262//262
f 88//88 262//262 284//284
f 284//284 262//262 263//263
f 284//284 263//263 285//285
f 285//285 263//263 264//264
f 285//285 264//264 286//286
f 286//286 264//264 265//265
f 286//286 265//265 287//287
f 287//287 265//265 266//266
f 287//287 266//266 288//288
f 288//288 266//266 267//267
f 288//288 267//267 289//289
f 289//289 267//267 268//268
f 289//289 268//268 290//290
f 290//290 268//268 269//269
f 290//290 269//269 291//291
f 291//291 269//269 270//270
f 291//291 270//270 292//292
f 292//292 270//270 271//271
f 292//292 271//271 293//293
f 293//293 271//271 272//272
f 293//293 272//272 294//294
f 294//294 272//272 273//273
f 294//294 273//273 295//295
f 295//295 273//273 274//274
f 295//295 274//274 296//296
f 296//296 274//274 275//275
f 296//296 275//275 297//297
f 297//297 275//275 276//276
f 297//297 276//276 298//298
f 298//298 276//276 277//277
f 298//298 277//277 299//299
f 299//299 277//277 278//278
f 299//299 278//278 300//300
f 300//300 278//278 279//279
f 300//300 279//279 301//301
f 301//301 279//279 280//280
f 301//301 280//280 302//302
f 302//302 280//280 281//281
f 302//302 281//281 303//303
f 303//303 281//281 282//282
f 303//303 282//282 304//304
f 304//304 282//282 283//283
f 304//304 283//283 305//305
f 305//305 283//283 72//72
f 305//305 72//72 67//67
f 67//67 72//72 73//73
f 67//67 73//73 65//65
f 90//90 88//88 95//95
f 95//95 88//88 284//284
f 95//95 284//284 194//194
f 194//194 284//284 285//285
f 194//194 285//285 196//196
f 196//196 285//285 286//286
f 196//196 286//286 198//198
f 198//198 286//286 287//287
f 198//198 287//287 200//200
f 200//200 287//287 288//288
f 200//200 288//288 202//202
f 202//202 288//288 289//289
f 202//202 289//289 204//204
f 204//204 289//289 290//290
f 204//204 290//290 206//206
f 206//206 290//290 291//291
f 206//206 291//291 208//208
f 208//208 291//291 292//292
f 208//208 292//292 210//210
f 210//210 292//292 293//293
f 210//210 293//293 212//212
f 212//212 293//293 294//294
f 212//212 294//294 214//214
f 214//214 294//294 295//295
f 214//214 295//295 216//216
f 216//216 295//295 296//296
f 216//216 296//296 218//218
f 218//218 296//296 297//297
f 218//218 297//297 220//220
f 220//220 297//297 298//298
f 220//220 298//298 222//222
f 222//222 298//298 299//299
f 222//222 299//299 224//224
f 224//224 299//299 300//300
f 224//224 300//300 226//226
f 226//226 300//300 301//301
f 226//226 301//301 228//228
f 228//228 301//301 302//302
f 228//228 302//302 230//230
f 230//230 302//302 303//303
f 230//230 303//303 232//232
f 232//232 303//303 304//304
f 232//232 304//304 234//234
f 234//234 304//304 305//305
f 234//234 305//305 59//59
f 59//59 305//305 67//67
f 59//59 67//67 60//60
f 60//60 67//67 69//69
f 60//60 69//69 62//62
f 141//141 139//139 306//306
f 130//130 128//128 307//307
f 308//308 309//309 310//310
f 311//311 312//312 313//313
f 314//314 315//315 313//313
f 313//313 315//315 316//316
f 313//313 316//316 317//317
f 317//317 318//318 313//313
f 313//313 318//318 319//319
f 313//313 319//319 320//320
f 320//320 321//321 313//313
f 313//313 321//321 322//322
f 313//313 322//322 311//311
f 323//323 324//324 325//325
f 323//323 325//325 313//313
f 313//313 325//325 326//326
f 313//313 326//326 314//314
f 327//327 328//328 329//329
f 329//329 328//328 324//324
f 327//327 329//329 330//330
f 330//330 329//329 331//331
f 330//330 331//331 332//332
f 332//332 331//331 333//333
f 332//332 333//333 334//334
f 335//335 336//336 337//337
f 337//337 336//336 338//338
f 337//337 338//338 333//333
f 333//333 338//338 339//339
f 333//333 339//339 334//334
f 340//340 341//341 342//342
f 342//342 341//341 343//343
f 344//344 343//343 345//345
f 346//346 347//347 345//345
f 345//345 348//348 344//344
f 309//309 349//349 310//310
f 310//310 349//349 350//350
f 310//310 350//350 346//346
f 346//346 350//350 351//351
f 346//346 351//351 347//347
f 352//352 353//353 354//354
f 354//354 353//353 355//355
f 354//354 355//355 308//308
f 306//306 356//356 352//352
f 352//352 356//356 357//357
f 352//352 357//357 353//353
f 358//358 359//359 306//306
f 306//306 359//359 360//360
f 306//306 360//360 356//356
f 361//361 362//362 358//358
f 358//358 362//362 363//363
f 358//358 363//363 359//359
f 364//364 365//365 307//307
f 307//307 365//365 366//366
f 307//307 366//366 361//361
f 361//361 366//366 367//367
f 364//364 307//307 368//368
f 368//368 307//307 369//369
f 368//368 369//369 370//370
f 371//371 372//372 369//369
f 369//369 372//372 373//373
f 369//369 373//373 370//370
f 374//374 375//375 371//371
f 371//371 375//375 376//376
f 371//371 376//376 372//372
f 377//377 378//378 374//374
f 374//374 378//378 379//379
f 374//374 379//379 375//375
f 380//380 381//381 382//382
f 382//382 381//381 383//383
f 382//382 383//383 384//384
f 384//384 383//383 385//385
f 384//384 385//385 377//377
f 382//382 386//386 387//387
f 387//387 388//388 382//382
f 382//382 388//388 389//389
f 382//382 389//389 390//390
f 390//390 391//391 382//382
f 382//382 391//391 392//392
f 382//382 392//392 393//393
f 382//382 394//394 395//395
f 382//382 395//395 396//396
f 396//396 397//397 382//382
f 382//382 397//397 398//398
f 382//382 398//398 380//380
f 382//382 111//111 45//45
f 45//45 44//44 382//382
f 382//382 44//44 399//399
f 382//382 399//399 386//386
f 111//111 382//382 113//113
f 113//113 382//382 384//384
f 113//113 384//384 114//114
f 377//377 374//374 384//384
f 384//384 374//374 116//116
f 384//384 116//116 114//114
f 122//122 120//120 371//371
f 371//371 120//120 119//119
f 371//371 119//119 374//374
f 374//374 119//119 117//117
f 374//374 117//117 116//116
f 122//122 371//371 124//124
f 124//124 371//371 369//369
f 124//124 369//369 125//125
f 307//307 128//128 369//369
f 369//369 128//128 127//127
f 369//369 127//127 125//125
f 130//130 307//307 131//131
f 131//131 307//307 361//361
f 131//131 361//361 133//133
f 133//133 361//361 135//135
f 135//135 361//361 358//358
f 135//135 358//358 136//136
f 306//306 139//139 358//358
f 358//358 139//139 138//138
f 358//358 138//138 136//136
f 141//141 306//306 142//142
f 142//142 306//306 352//352
f 142//142 352//352 144//144
f 144//144 352//352 354//354
f 144//144 354//354 145//145
f 308//308 310//310 354//354
f 354//354 310//310 147//147
f 354//354 147//147 145//145
f 343//343 153//153 345//345
f 345//345 153//153 151//151
f 345//345 151//151 346//346
f 346//346 151//151 150//150
f 346//346 150//150 310//310
f 310//310 150//150 148//148
f 310//310 148//148 147//147
f 159//159 157//157 341//341
f 341//341 157//157 156//156
f 341//341 156//156 343//343
f 343//343 156//156 154//154
f 343//343 154//154 153//153
f 160//160 159//159 337//337
f 337//337 159//159 341//341
f 337//337 341//341 335//335
f 335//335 341//341 340//340
f 160//160 337//337 162//162
f 162//162 337//337 333//333
f 162//162 333//333 163//163
f 163//163 333//333 165//165
f 165//165 333//333 331//331
f 165//165 331//331 166//166
f 166//166 331//331 168//168
f 168//168 331//331 329//329
f 168//168 329//329 169//169
f 324//324 323//323 329//329
f 329//329 323//323 191//191
f 329//329 191//191 169//169
f 259//259 260//260 313//313
f 313//313 260//260 261//261
f 313//313 261//261 323//323
f 323//323 261//261 192//192
f 323//323 192//192 191//191
f 258//258 259//259 400//400
f 400//400 259//259 313//313
f 400//400 313//313 401//401
f 401//401 313//313 312//312
f 399//399 402//402 386//386
f 386//386 402//402 403//403
f 386//386 403//403 387//387
f 404//404 402//402 405//405
f 405//405 402//402 406//406
f 405//405 406//406 407//407
f 407//407 406//406 408//408
f 408//408 406//406 409//409
f 408//408 409//409 410//410
f 411//411 412//412 409//409
f 409//409 412//412 413//413
f 414//414 411//411 415//415
f 415//415 411//411 409//409
f 415//415 409//409 416//416
f 416//416 409//409 406//406
f 416//416 406//406 417//417
f 417//417 406//406 402//402
f 417//417 402//402 44//44
f 44//44 402//402 399//399
f 413//413 412//412 418//418
f 419//419 408//408 410//410
f 404//404 405//405 420//420
f 420//420 405//405 407//407
f 413//413 418//418 421//421
f 421//421 418//418 422//422
f 421//421 422//422 423//423
f 423//423 422//422 424//424
f 424//424 425//425 426//426
f 427//427 428//428 429//429
f 429//429 430//430 431//431
f 432//432 433//433 434//434
f 410//410 421//421 419//419
f 419//419 421//421 423//423
f 419//419 423//423 435//435
f 435//435 423//423 424//424
f 435//435 424//424 436//436
f 436//436 424//424 427//427
f 436//436 427//427 437//437
f 437//437 427//427 429//429
f 437//437 429//429 438//438
f 438//438 429//429 431//431
f 438//438 431//431 439//439
f 407//407 419//419 420//420
f 420//420 419//419 435//435
f 420//420 435//435 440//440
f 440//440 435//435 436//436
f 440//440 436//436 441//441
f 441//441 436//436 437//437
f 441//441 437//437 442//442
f 442//442 437//437 438//438
f 442//442 438//438 443//443
f 443//443 438//438 439//439
f 443//443 439//439 444//444
f 444//444 445//445 446//446
f 446//446 445//445 447//447
f 446//446 447//447 448//448
f 448//448 447//447 449//449
f 448//448 449//449 450//450
f 450//450 451//451 452//452
f 404//404 420//420 453//453
f 453//453 420//420 440//440
f 453//453 440//440 454//454
f 454//454 440//440 441//441
f 454//454 441//441 455//455
f 455//455 441//441 442//442
f 455//455 442//442 456//456
f 456//456 442//442 443//443
f 456//456 443//443 457//457
f 457//457 443//443 444//444
f 457//457 444//444 458//458
f 458//458 444//444 446//446
f 459//459 446//446 448//448
f 459//459 448//448 460//460
f 460//460 448//448 450//450
f 460//460 450//450 461//461
f 461//461 450//450 452//452
f 461//461 452//452 462//462
f 462//462 397//397 396//396
f 462//462 396//396 461//461
f 461//461 396//396 395//395
f 461//461 395//395 460//460
f 460//460 395//395 394//394
f 460//460 394//394 459//459
f 459//459 394//394 393//393
f 458//458 393//393 392//392
f 458//458 392//392 457//457
f 457//457 392//392 391//391
f 457//457 391//391 456//456
f 456//456 391//391 390//390
f 456//456 390//390 455//455
f 455//455 390//390 389//389
f 455//455 389//389 454//454
f 454//454 389//389 388//388
f 454//454 388//388 453//453
f 453//453 388//388 387//387
f 453//453 387//387 403//403
f 380//380 398//398 463//463
f 463//463 398//398 462//462
f 463//463 462//462 464//464
f 464//464 462//462 452//452
f 464//464 452//452 465//465
f 465//465 452//452 451//451
f 381//381 380//380 466//466
f 466//466 380//380 463//463
f 466//466 463//463 467//467
f 467//467 463//463 464//464
f 467//467 464//464 468//468
f 468//468 464//464 465//465
f 468//468 465//465 469//469
f 469//469 465//465 470//470
f 469//469 470//470 471//471
f 383//383 381//381 472//472
f 472//472 381//381 466//466
f 472//472 466//466 473//473
f 473//473 466//466 467//467
f 473//473 467//467 474//474
f 474//474 467//467 468//468
f 474//474 468//468 475//475
f 475//475 468//468 469//469
f 385//385 383//383 472//472
f 379//379 378//378 476//476
f 477//477 478//478 479//479
f 480//480 481//481 315//315
f 480//480 315//315 314//314
f 482//482 483//483 484//484
f 484//484 483//483 485//485
f 486//486 487//487 488//488
f 488//488 487//487 482//482
f 489//489 490//490 491//491
f 491//491 490//490 492//492
f 493//493 492//492 494//494
f 314//314 326//326 480//480
f 480//480 326//326 325//325
f 480//480 325//325 495//495
f 495//495 325//325 324//324
f 495//495 324//324 496//496
f 497//497 498//498 499//499
f 499//499 498//498 500//500
f 499//499 500//500 494//494
f 494//494 501//501 493//493
f 324//324 328//328 496//496
f 496//496 327//327 502//502
f 502//502 327//327 330//330
f 497//497 499//499 479//479
f 479//479 499//499 503//503
f 479//479 503//503 477//477
f 330//330 332//332 502//502
f 502//502 332//332 334//334
f 502//502 334//334 504//504
f 504//504 334//334 339//339
f 504//504 339//339 505//505
f 506//506 507//507 477//477
f 477//477 507//507 508//508
f 477//477 508//508 478//478
f 339//339 338//338 505//505
f 505//505 338//338 336//336
f 505//505 336//336 509//509
f 336//336 335//335 509//509
f 509//509 335//335 340//340
f 509//509 340//340 510//510
f 340//340 342//342 510//510
f 510//510 344//344 511//511
f 512//512 513//513 514//514
f 514//514 515//515 516//516
f 516//516 517//517 506//506
f 506//506 517//517 518//518
f 506//506 518//518 507//507
f 344//344 348//348 511//511
f 511//511 347//347 519//519
f 347//347 351//351 519//519
f 519//519 351//351 350//350
f 519//519 350//350 349//349
f 520//520 521//521 522//522
f 522//522 521//521 523//523
f 522//522 523//523 524//524
f 524//524 523//523 525//525
f 524//524 525//525 512//512
f 512//512 526//526 513//513
f 309//309 527//527 349//349
f 349//349 527//527 528//528
f 349//349 528//528 519//519
f 309//309 308//308 527//527
f 527//527 308//308 355//355
f 527//527 355//355 529//529
f 355//355 353//353 529//529
f 529//529 353//353 357//357
f 529//529 357//357 530//530
f 520//520 522//522 531//531
f 531//531 522//522 532//532
f 531//531 532//532 533//533
f 533//533 532//532 534//534
f 357//357 356//356 530//530
f 530//530 356//356 360//360
f 530//530 360//360 535//535
f 536//536 537//537 538//538
f 536//536 538//538 539//539
f 360//360 359//359 535//535
f 535//535 359//359 363//363
f 535//535 363//363 540//540
f 363//363 362//362 540//540
f 540//540 367//367 541//541
f 539//539 538//538 542//542
f 542//542 538//538 543//543
f 544//544 543//543 545//545
f 367//367 366//366 541//541
f 541//541 366//366 365//365
f 541//541 365//365 546//546
f 546//546 365//365 364//364
f 546//546 364//364 547//547
f 370//370 548//548 547//547
f 370//370 547//547 368//368
f 368//368 547//547 364//364
f 485//485 480//480 484//484
f 484//484 480//480 495//495
f 484//484 495//495 549//549
f 549//549 495//495 496//496
f 549//549 496//496 550//550
f 550//550 496//496 502//502
f 550//550 502//502 551//551
f 551//551 502//502 504//504
f 551//551 504//504 552//552
f 552//552 504//504 505//505
f 552//552 505//505 553//553
f 553//553 505//505 509//509
f 553//553 509//509 554//554
f 554//554 509//509 510//510
f 554//554 510//510 555//555
f 555//555 510//510 511//511
f 555//555 511//511 556//556
f 556//556 511//511 519//519
f 556//556 519//519 557//557
f 557//557 519//519 528//528
f 557//557 528//528 558//558
f 558//558 528//528 527//527
f 558//558 527//527 559//559
f 559//559 527//527 529//529
f 559//559 529//529 560//560
f 560//560 529//529 530//530
f 560//560 530//530 561//561
f 561//561 530//530 535//535
f 561//561 535//535 562//562
f 562//562 535//535 540//540
f 562//562 540//540 563//563
f 563//563 540//540 541//541
f 563//563 541//541 564//564
f 564//564 541//541 546//546
f 564//564 546//546 565//565
f 565//565 546//546 547//547
f 565//565 547//547 566//566
f 566//566 547//547 548//548
f 566//566 548//548 567//567
f 482//482 484//484 488//488
f 488//488 484//484 549//549
f 488//488 549//549 568//568
f 568//568 549//549 550//550
f 568//568 550//550 569//569
f 569//569 550//550 551//551
f 569//569 551//551 570//570
f 570//570 551//551 552//552
f 570//570 552//552 571//571
f 571//571 552//552 553//553
f 571//571 553//553 572//572
f 572//572 553//553 554//554
f 572//572 554//554 573//573
f 573//573 554//554 555//555
f 573//573 555//555 574//574
f 574//574 555//555 556//556
f 574//574 556//556 575//575
f 575//575 556//556 557//557
f 575//575 557//557 576//576
f 576//576 557//557 558//558
f 576//576 558//558 577//577
f 577//577 558//558 559//559
f 577//577 559//559 578//578
f 578//578 559//559 560//560
f 578//578 560//560 579//579
f 579//579 560//560 561//561
f 579//579 561//561 580//580
f 580//580 561//561 562//562
f 580//580 562//562 581//581
f 581//581 562//562 563//563
f 581//581 563//563 582//582
f 582//582 563//563 564//564
f 582//582 564//564 583//583
f 583//583 564//564 565//565
f 583//583 565//565 584//584
f 584//584 565//565 566//566
f 584//584 566//566 585//585
f 585//585 566//566 567//567
f 585//585 567//567 586//586
f 486//486 488//488 492//492
f 492//492 488//488 568//568
f 492//492 568//568 494//494
f 494//494 568//568 569//569
f 494//494 569//569 499//499
f 499//499 569//569 570//570
f 499//499 570//570 503//503
f 503//503 570//570 571//571
f 503//503 571//571 477//477
f 477//477 571//571 572//572
f 477//477 572//572 506//506
f 506//506 572//572 573//573
f 506//506 573//573 516//516
f 516//516 573//573 574//574
f 516//516 574//574 514//514
f 514//514 574//574 575//575
f 514//514 575//575 512//512
f 512//512 575//575 576//576
f 512//512 576//576 524//524
f 524//524 576//576 577//577
f 524//524 577//577 522//522
f 522//522 577//577 578//578
f 522//522 578//578 532//532
f 532//532 578//578 579//579
f 532//532 579//579 534//534
f 534//534 579//579 580//580
f 534//534 580//580 537//537
f 537//537 580//580 581//581
f 537//537 581//581 538//538
f 538//538 581//581 582//582
f 538//538 582//582 543//543
f 543//543 582//582 583//583
f 543//543 583//583 545//545
f 545//545 583//583 584//584
f 545//545 584//584 587//587
f 587//587 584//584 585//585
f 587//587 585//585 588//588
f 588//588 585//585 586//586
f 588//588 586//586 589//589
f 590//590 589//589 591//591
f 591//591 589//589 586//586
f 591//591 586//586 592//592
f 592//592 586//586 567//567
f 592//592 567//567 593//593
f 593//593 567//567 548//548
f 593//593 548//548 372//372
f 372//372 548//548 373//373
f 594//594 590//590 595//595
f 595//595 590//590 591//591
f 595//595 591//591 596//596
f 596//596 591//591 592//592
f 596//596 592//592 597//597
f 597//597 592//592 593//593
f 597//597 593//593 376//376
f 376//376 593//593 372//372
f 379//379 476//476 375//375
f 598//598 594//594 599//599
f 599//599 594//594 595//595
f 599//599 595//595 600//600
f 600//600 595//595 596//596
f 600//600 596//596 476//476
f 476//476 596//596 597//597
f 476//476 597//597 375//375
f 375//375 597//597 376//376
f 601//601 598//598 602//602
f 602//602 598//598 599//599
f 602//602 599//599 603//603
f 603//603 599//599 600//600
f 603//603 600//600 604//604
f 604//604 600//600 476//476
f 604//604 476//476 377//377
f 377//377 476//476 378//378
f 475//475 601//601 474//474
f 474//474 601//601 602//602
f 474//474 602//602 473//473
f 473//473 602//602 603//603
f 473//473 603//603 472//472
f 472//472 603//603 604//604
f 472//472 604//604 385//385
f 385//385 604//604 377//377
f 490//490 489//489 605//605
f 487//487 486//486 606//606
f 607//607 482//482 487//487
f 608//608 485//485 483//483
f 316//316 315//315 481//481
f 490//490 605//605 606//606
f 606//606 605//605 609//609
f 606//606 609//609 610//610
f 610//610 611//611 612//612
f 611//611 613//613 612//612
f 612//612 613//613 614//614
f 612//612 614//614 615//615
f 615//615 616//616 617//617
f 618//618 619//619 620//620
f 618//618 620//620 621//621
f 621//621 622//622 623//623
f 623//623 622//622 624//624
f 623//623 624//624 625//625
f 487//487 606//606 607//607
f 607//607 606//606 610//610
f 607//607 610//610 626//626
f 626//626 610//610 612//612
f 626//626 612//612 627//627
f 627//627 612//612 615//615
f 627//627 615//615 628//628
f 628//628 615//615 617//617
f 628//628 617//617 629//629
f 629//629 617//617 618//618
f 630//630 618//618 621//621
f 630//630 621//621 631//631
f 631//631 621//621 623//623
f 631//631 623//623 632//632
f 632//632 623//623 625//625
f 632//632 625//625 633//633
f 483//483 607//607 608//608
f 608//608 607//607 626//626
f 608//608 626//626 634//634
f 634//634 626//626 627//627
f 634//634 627//627 635//635
f 635//635 627//627 628//628
f 636//636 628//628 629//629
f 636//636 629//629 637//637
f 637//637 630//630 638//638
f 638//638 630//630 631//631
f 638//638 631//631 639//639
f 639//639 631//631 632//632
f 639//639 632//632 640//640
f 640//640 632//632 633//633
f 640//640 633//633 641//641
f 481//481 608//608 316//316
f 316//316 608//608 634//634
f 316//316 634//634 317//317
f 317//317 634//634 635//635
f 317//317 635//635 318//318
f 318//318 635//635 636//636
f 318//318 636//636 319//319
f 319//319 636//636 637//637
f 319//319 637//637 320//320
f 320//320 637//637 638//638
f 321//321 638//638 639//639
f 321//321 639//639 322//322
f 322//322 639//639 640//640
f 322//322 640//640 311//311
f 311//311 640//640 641//641
f 311//311 641//641 312//312
f 642//642 643//643 644//644
f 644//644 645//645 642//642
f 642//642 645//645 646//646
f 642//642 646//646 647//647
f 647//647 646//646 648//648
f 647//647 648//648 649//649
f 649//649 648//648 650//650
f 649//649 650//650 651//651
f 651//651 650//650 652//652
f 651//651 652//652 653//653
f 653//653 652//652 654//654
f 654//654 655//655 656//656
f 656//656 655//655 657//657
f 656//656 657//657 658//658
f 658//658 657//657 659//659
f 660//660 659//659 661//661
f 660//660 661//661 662//662
f 662//662 661//661 663//663
f 663//663 661//661 664//664
f 665//665 664//664 666//666
f 665//665 666//666 667//667
f 667//667 666//666 668//668
f 667//667 668//668 669//669
f 669//669 670//670 671//671
f 671//671 670//670 672//672
f 671//671 672//672 673//673
f 672//672 674//674 673//673
f 673//673 674//674 675//675
f 676//676 675//675 677//677
f 676//676 677//677 678//678
f 679//679 677//677 680//680
f 681//681 680//680 682//682
f 683//683 684//684 685//685
f 685//685 684//684 686//686
f 685//685 686//686 687//687
f 688//688 689//689 690//690
f 690//690 689//689 691//691
f 690//690 691//691 692//692
f 692//692 691//691 682//682
f 693//693 694//694 695//695
f 695//695 696//696 693//693
f 697//697 698//698 699//699
f 697//697 699//699 700//700
f 701//701 702//702 684//684
f 701//701 684//684 683//683
f 703//703 624//624 704//704
f 703//703 704//704 705//705
f 705//705 704//704 706//706
f 705//705 706//706 707//707
f 707//707 706//706 708//708
f 707//707 708//708 709//709
f 709//709 708//708 710//710
f 709//709 710//710 711//711
f 711//711 710//710 712//712
f 711//711 712//712 713//713
f 713//713 714//714 715//715
f 715//715 714//714 716//716
f 715//715 716//716 717//717
f 717//717 716//716 718//718
f 717//717 718//718 719//719
f 719//719 718//718 720//720
f 719//719 720//720 721//721
f 721//721 722//722 723//723
f 723//723 722//722 724//724
f 723//723 724//724 725//725
f 725//725 724//724 726//726
f 725//725 726//726 727//727
f 727//727 726//726 728//728
f 727//727 728//728 729//729
f 729//729 730//730 731//731
f 731//731 730//730 732//732
f 731//731 732//732 733//733
f 733//733 732//732 734//734
f 733//733 734//734 735//735
f 735//735 734//734 736//736
f 735//735 736//736 737//737
f 737//737 736//736 738//738
f 737//737 738//738 739//739
f 738//738 740//740 739//739
f 739//739 740//740 741//741
f 739//739 741//741 742//742
f 742//742 741//741 695//695
f 742//742 695//695 694//694
f 743//743 744//744 605//605
f 743//743 605//605 489//489
f 745//745 746//746 619//619
f 746//746 704//704 624//624
f 746//746 624//624 622//622
f 622//622 747//747 746//746
f 746//746 620//620 619//619
f 743//743 489//489 491//491
f 748//748 743//743 491//491
f 748//748 491//491 749//749
f 750//750 493//493 501//501
f 751//751 500//500 498//498
f 520//520 752//752 521//521
f 531//531 753//753 520//520
f 418//418 412//412 754//754
f 418//418 755//755 422//422
f 418//418 754//754 755//755
f 755//755 754//754 756//756
f 754//754 412//412 411//411
f 757//757 758//758 759//759
f 759//759 758//758 760//760
f 760//760 758//758 761//761
f 760//760 761//761 762//762
f 763//763 764//764 765//765
f 765//765 764//764 766//766
f 765//765 766//766 767//767
f 762//762 761//761 768//768
f 768//768 761//761 769//769
f 768//768 769//769 763//763
f 763//763 769//769 770//770
f 763//763 770//770 764//764
f 771//771 772//772 773//773
f 773//773 772//772 774//774
f 773//773 774//774 775//775
f 775//775 774//774 776//776
f 775//775 776//776 777//777
f 777//777 776//776 778//778
f 777//777 778//778 643//643
f 643//643 778//778 644//644
f 757//757 759//759 779//779
f 779//779 759//759 780//780
f 779//779 780//780 781//781
f 781//781 780//780 782//782
f 781//781 782//782 783//783
f 783//783 782//782 784//784
f 785//785 784//784 786//786
f 785//785 786//786 787//787
f 787//787 786//786 788//788
f 787//787 788//788 771//771
f 771//771 788//788 789//789
f 771//771 789//789 772//772
f 767//767 766//766 414//414
f 414//414 790//790 411//411
f 411//411 790//790 756//756
f 411//411 756//756 754//754
f 106//106 791//791 792//792
f 417//417 44//44 43//43
f 416//416 417//417 793//793
f 415//415 416//416 794//794
f 414//414 415//415 795//795
f 417//417 43//43 793//793
f 793//793 43//43 79//79
f 793//793 79//79 796//796
f 796//796 79//79 80//80
f 796//796 80//80 797//797
f 797//797 84//84 798//798
f 84//84 83//83 798//798
f 798//798 83//83 82//82
f 798//798 82//82 799//799
f 799//799 82//82 86//86
f 799//799 86//86 800//800
f 86//86 85//85 800//800
f 800//800 85//85 89//89
f 800//800 89//89 801//801
f 801//801 89//89 92//92
f 801//801 92//92 802//802
f 802//802 92//92 91//91
f 802//802 91//91 90//90
f 96//96 803//803 90//90
f 90//90 803//803 804//804
f 90//90 804//804 802//802
f 96//96 94//94 803//803
f 803//803 94//94 93//93
f 803//803 93//93 805//805
f 805//805 93//93 101//101
f 805//805 101//101 806//806
f 806//806 100//100 98//98
f 806//806 98//98 807//807
f 807//807 98//98 97//97
f 807//807 97//97 808//808
f 808//808 105//105 809//809
f 105//105 103//103 809//809
f 809//809 103//103 102//102
f 809//809 102//102 810//810
f 810//810 102//102 109//109
f 810//810 109//109 792//792
f 792//792 109//109 107//107
f 792//792 107//107 106//106
f 416//416 793//793 794//794
f 794//794 793//793 796//796
f 794//794 796//796 811//811
f 811//811 796//796 797//797
f 811//811 797//797 812//812
f 812//812 797//797 798//798
f 812//812 798//798 813//813
f 813//813 798//798 799//799
f 813//813 799//799 814//814
f 814//814 799//799 800//800
f 814//814 800//800 815//815
f 815//815 800//800 801//801
f 815//815 801//801 816//816
f 816//816 801//801 802//802
f 816//816 802//802 817//817
f 817//817 802//802 804//804
f 817//817 804//804 818//818
f 818//818 804//804 803//803
f 818//818 803//803 819//819
f 819//819 803//803 805//805
f 819//819 805//805 820//820
f 820//820 805//805 806//806
f 820//820 806//806 821//821
f 821//821 806//806 807//807
f 821//821 807//807 822//822
f 822//822 807//807 808//808
f 822//822 808//808 823//823
f 823//823 808//808 809//809
f 823//823 809//809 824//824
f 824//824 809//809 810//810
f 824//824 810//810 825//825
f 825//825 810//810 792//792
f 825//825 792//792 826//826
f 826//826 792//792 791//791
f 826//826 791//791 827//827
f 415//415 794//794 795//795
f 795//795 794//794 811//811
f 795//795 811//811 828//828
f 828//828 811//811 812//812
f 828//828 812//812 829//829
f 829//829 812//812 813//813
f 829//829 813//813 830//830
f 830//830 813//813 814//814
f 830//830 814//814 831//831
f 831//831 814//814 815//815
f 831//831 815//815 832//832
f 832//832 815//815 816//816
f 832//832 816//816 833//833
f 833//833 816//816 817//817
f 833//833 817//817 834//834
f 834//834 817//817 818//818
f 834//834 818//818 835//835
f 835//835 818//818 819//819
f 835//835 819//819 836//836
f 836//836 819//819 820//820
f 836//836 820//820 837//837
f 837//837 820//820 821//821
f 837//837 821//821 838//838
f 838//838 821//821 822//822
f 838//838 822//822 839//839
f 839//839 822//822 823//823
f 839//839 823//823 840//840
f 840//840 823//823 824//824
f 840//840 824//824 841//841
f 841//841 824//824 825//825
f 841//841 825//825 842//842
f 842//842 825//825 826//826
f 842//842 826//826 843//843
f 843//843 826//826 827//827
f 843//843 827//827 844//844
f 414//414 795//795 767//767
f 767//767 795//795 828//828
f 767//767 828//828 765//765
f 765//765 828//828 829//829
f 765//765 829//829 763//763
f 763//763 829//829 830//830
f 763//763 830//830 768//768
f 768//768 830//830 831//831
f 768//768 831//831 762//762
f 762//762 831//831 832//832
f 762//762 832//832 760//760
f 760//760 832//832 833//833
f 760//760 833//833 759//759
f 759//759 833//833 834//834
f 759//759 834//834 780//780
f 780//780 834//834 835//835
f 780//780 835//835 782//782
f 782//782 835//835 836//836
f 782//782 836//836 784//784
f 784//784 836//836 837//837
f 784//784 837//837 786//786
f 786//786 837//837 838//838
f 786//786 838//838 788//788
f 788//788 838//838 839//839
f 788//788 839//839 789//789
f 789//789 839//839 840//840
f 789//789 840//840 772//772
f 772//772 840//840 841//841
f 772//772 841//841 774//774
f 774//774 841//841 842//842
f 774//774 842//842 776//776
f 776//776 842//842 843//843
f 776//776 843//843 778//778
f 778//778 843//843 844//844
f 778//778 844//844 644//644
f 645//645 644//644 845//845
f 845//845 644//644 844//844
f 845//845 844//844 846//846
f 846//846 844//844 827//827
f 846//846 827//827 847//847
f 847//847 827//827 791//791
f 110//110 791//791 106//106
f 646//646 645//645 848//848
f 848//848 645//645 845//845
f 848//848 845//845 849//849
f 849//849 845//845 846//846
f 849//849 846//846 850//850
f 850//850 846//846 847//847
f 850//850 847//847 34//34
f 34//34 847//847 110//110
f 648//648 646//646 848//848
f 650//650 648//648 851//851
f 851//851 648//648 848//848
f 851//851 848//848 852//852
f 852//852 848//848 849//849
f 852//852 849//849 853//853
f 853//853 849//849 850//850
f 853//853 850//850 36//36
f 36//36 850//850 34//34
f 854//854 851//851 855//855
f 855//855 851//851 852//852
f 855//855 852//852 856//856
f 856//856 852//852 853//853
f 856//856 853//853 37//37
f 37//37 853//853 36//36
f 854//854 654//654 851//851
f 851//851 654//654 652//652
f 851//851 652//652 650//650
f 857//857 854//854 858//858
f 858//858 854//854 855//855
f 858//858 855//855 859//859
f 859//859 855//855 856//856
f 859//859 856//856 38//38
f 38//38 856//856 37//37
f 38//38 40//40 859//859
f 859//859 40//40 860//860
f 859//859 860//860 858//858
f 858//858 860//860 861//861
f 858//858 861//861 857//857
f 857//857 861//861 862//862
f 857//857 862//862 661//661
f 661//661 659//659 857//857
f 857//857 659//659 657//657
f 857//857 657//657 854//854
f 854//854 657//657 655//655
f 854//854 655//655 654//654
f 664//664 661//661 862//862
f 664//664 862//862 666//666
f 863//863 864//864 865//865
f 865//865 864//864 866//866
f 865//865 866//866 867//867
f 867//867 866//866 868//868
f 867//867 868//868 27//27
f 27//27 868//868 25//25
f 40//40 25//25 860//860
f 860//860 25//25 868//868
f 860//860 868//868 861//861
f 861//861 868//868 866//866
f 861//861 866//866 862//862
f 862//862 866//866 864//864
f 862//862 864//864 666//666
f 666//666 864//864 863//863
f 672//672 670//670 863//863
f 863//863 668//668 666//666
f 869//869 870//870 871//871
f 871//871 870//870 872//872
f 871//871 872//872 873//873
f 873//873 872//872 874//874
f 873//873 874//874 31//31
f 31//31 874//874 29//29
f 27//27 29//29 867//867
f 867//867 29//29 874//874
f 867//867 874//874 865//865
f 865//865 874//874 872//872
f 865//865 872//872 863//863
f 863//863 872//872 870//870
f 863//863 870//870 672//672
f 672//672 870//870 869//869
f 677//677 675//675 869//869
f 869//869 675//675 674//674
f 869//869 674//674 672//672
f 875//875 876//876 877//877
f 877//877 876//876 878//878
f 877//877 878//878 879//879
f 879//879 878//878 880//880
f 879//879 880//880 9//9
f 9//9 880//880 10//10
f 31//31 10//10 873//873
f 873//873 10//10 880//880
f 873//873 880//880 871//871
f 871//871 880//880 878//878
f 871//871 878//878 869//869
f 869//869 878//878 876//876
f 869//869 876//876 677//677
f 677//677 876//876 875//875
f 692//692 682//682 875//875
f 875//875 682//682 680//680
f 875//875 680//680 677//677
f 881//881 882//882 883//883
f 883//883 882//882 884//884
f 883//883 884//884 885//885
f 885//885 884//884 886//886
f 885//885 886//886 15//15
f 9//9 13//13 879//879
f 879//879 13//13 886//886
f 879//879 886//886 877//877
f 877//877 886//886 884//884
f 877//877 884//884 875//875
f 875//875 884//884 882//882
f 875//875 882//882 692//692
f 690//690 881//881 688//688
f 887//887 688//688 881//881
f 887//887 881//881 888//888
f 888//888 881//881 883//883
f 888//888 883//883 889//889
f 889//889 883//883 885//885
f 889//889 885//885 17//17
f 17//17 885//885 15//15
f 685//685 687//687 890//890
f 890//890 687//687 887//887
f 890//890 887//887 891//891
f 891//891 887//887 888//888
f 891//891 888//888 892//892
f 892//892 888//888 889//889
f 892//892 889//889 19//19
f 19//19 889//889 17//17
f 683//683 685//685 893//893
f 893//893 685//685 890//890
f 893//893 890//890 894//894
f 894//894 890//890 891//891
f 894//894 891//891 895//895
f 895//895 891//891 892//892
f 895//895 892//892 22//22
f 22//22 892//892 19//19
f 701//701 683//683 896//896
f 896//896 683//683 893//893
f 896//896 893//893 897//897
f 897//897 893//893 894//894
f 897//897 894//894 898//898
f 898//898 894//894 895//895
f 898//898 895//895 1//1
f 1//1 895//895 22//22
f 697//697 700//700 899//899
f 899//899 700//700 896//896
f 899//899 896//896 900//900
f 900//900 896//896 897//897
f 900//900 897//897 901//901
f 901//901 897//897 898//898
f 901//901 898//898 3//3
f 3//3 898//898 1//1
f 694//694 693//693 902//902
f 902//902 693//693 899//899
f 902//902 899//899 903//903
f 903//903 899//899 900//900
f 903//903 900//900 904//904
f 904//904 900//900 901//901
f 904//904 901//901 5//5
f 5//5 901//901 3//3
f 742//742 694//694 902//902
f 742//742 902//902 905//905
f 905//905 902//902 903//903
f 905//905 903//903 906//906
f 906//906 903//903 904//904
f 906//906 904//904 907//907
f 907//907 904//904 5//5
f 907//907 5//5 7//7
f 907//907 7//7 47//47
f 906//906 907//907 908//908
f 905//905 906//906 909//909
f 742//742 905//905 910//910
f 907//907 47//47 908//908
f 908//908 47//47 46//46
f 908//908 46//46 911//911
f 911//911 46//46 912//912
f 912//912 46//46 49//49
f 913//913 50//50 912//912
f 912//912 50//50 52//52
f 912//912 52//52 914//914
f 914//914 52//52 53//53
f 914//914 53//53 915//915
f 61//61 916//916 54//54
f 54//54 916//916 917//917
f 54//54 917//917 55//55
f 55//55 917//917 918//918
f 55//55 918//918 57//57
f 57//57 918//918 915//915
f 57//57 915//915 58//58
f 61//61 64//64 916//916
f 916//916 64//64 63//63
f 916//916 63//63 919//919
f 919//919 63//63 62//62
f 919//919 62//62 920//920
f 62//62 69//69 920//920
f 920//920 69//69 68//68
f 920//920 68//68 921//921
f 921//921 68//68 922//922
f 68//68 66//66 922//922
f 922//922 66//66 65//65
f 922//922 65//65 73//73
f 71//71 923//923 73//73
f 73//73 923//923 924//924
f 73//73 924//924 922//922
f 71//71 70//70 923//923
f 923//923 70//70 78//78
f 923//923 78//78 925//925
f 925//925 78//78 77//77
f 925//925 77//77 926//926
f 926//926 75//75 74//74
f 926//926 74//74 927//927
f 927//927 74//74 258//258
f 927//927 258//258 928//928
f 906//906 908//908 909//909
f 909//909 908//908 911//911
f 909//909 911//911 929//929
f 929//929 911//911 912//912
f 929//929 912//912 930//930
f 930//930 912//912 914//914
f 930//930 914//914 931//931
f 931//931 914//914 915//915
f 931//931 915//915 932//932
f 932//932 915//915 918//918
f 932//932 918//918 933//933
f 933//933 918//918 917//917
f 933//933 917//917 934//934
f 934//934 917//917 916//916
f 934//934 916//916 935//935
f 935//935 916//916 919//919
f 935//935 919//919 936//936
f 936//936 919//919 920//920
f 936//936 920//920 937//937
f 937//937 920//920 921//921
f 937//937 921//921 938//938
f 938//938 921//921 922//922
f 938//938 922//922 939//939
f 939//939 922//922 924//924
f 939//939 924//924 940//940
f 940//940 924//924 923//923
f 940//940 923//923 941//941
f 941//941 923//923 925//925
f 941//941 925//925 942//942
f 942//942 925//925 926//926
f 942//942 926//926 943//943
f 943//943 926//926 927//927
f 943//943 927//927 944//944
f 944//944 927//927 928//928
f 944//944 928//928 945//945
f 905//905 909//909 910//910
f 910//910 909//909 929//929
f 910//910 929//929 946//946
f 946//946 929//929 930//930
f 946//946 930//930 947//947
f 947//947 930//930 931//931
f 947//947 931//931 948//948
f 948//948 931//931 932//932
f 948//948 932//932 949//949
f 949//949 932//932 933//933
f 949//949 933//933 950//950
f 950//950 933//933 934//934
f 950//950 934//934 951//951
f 951//951 934//934 935//935
f 951//951 935//935 952//952
f 952//952 935//935 936//936
f 952//952 936//936 953//953
f 953//953 936//936 937//937
f 953//953 937//937 954//954
f 954//954 937//937 938//938
f 954//954 938//938 955//955
f 955//955 938//938 939//939
f 955//955 939//939 956//956
f 956//956 939//939 940//940
f 956//956 940//940 957//957
f 957//957 940//940 941//941
f 957//957 941//941 958//958
f 958//958 941//941 942//942
f 958//958 942//942 959//959
f 959//959 942//942 943//943
f 959//959 943//943 960//960
f 960//960 943//943 944//944
f 960//960 944//944 961//961
f 961//961 944//944 945//945
f 961//961 945//945 962//962
f 742//742 910//910 739//739
f 739//739 910//910 946//946
f 739//739 946//946 737//737
f 737//737 946//946 947//947
f 737//737 947//947 735//735
f 735//735 947//947 948//948
f 735//735 948//948 733//733
f 733//733 948//948 949//949
f 733//733 949//949 731//731
f 731//731 949//949 950//950
f 731//731 950//950 729//729
f 729//729 950//950 951//951
f 729//729 951//951 727//727
f 727//727 951//951 952//952
f 727//727 952//952 725//725
f 725//725 952//952 953//953
f 725//725 953//953 723//723
f 723//723 953//953 954//954
f 723//723 954//954 721//721
f 721//721 954//954 955//955
f 721//721 955//955 719//719
f 719//719 955//955 956//956
f 719//719 956//956 717//717
f 717//717 956//956 957//957
f 717//717 957//957 715//715
f 715//715 957//957 958//958
f 715//715 958//958 713//713
f 713//713 958//958 959//959
f 713//713 959//959 711//711
f 711//711 959//959 960//960
f 711//711 960//960 709//709
f 709//709 960//960 961//961
f 709//709 961//961 707//707
f 707//707 961//961 962//962
f 707//707 962//962 705//705
f 401//401 312//312 641//641
f 703//703 705//705 963//963
f 963//963 705//705 962//962
f 963//963 962//962 964//964
f 964//964 962//962 945//945
f 964//964 945//945 965//965
f 965//965 945//945 928//928
f 965//965 928//928 400//400
f 400//400 928//928 258//258
f 624//624 703//703 625//625
f 625//625 703//703 963//963
f 625//625 963//963 633//633
f 633//633 963//963 964//964
f 633//633 964//964 641//641
f 641//641 964//964 965//965
f 641//641 965//965 401//401
f 401//401 965//965 400//400
f 966//966 967//967 968//968
f 969//969 966//966 968//968
f 970//970 971//971 972//972
f 972//972 973//973 970//970
f 974//974 975//975 976//976
f 974//974 976//976 977//977
f 978//978 979//979 980//980
f 980//980 979//979 981//981
f 980//980 981//981 982//982
f 981//981 983//983 982//982
f 982//982 983//983 984//984
f 982//982 984//984 985//985
f 985//985 984//984 986//986
f 985//985 986//986 987//987
f 987//987 988//988 989//989
f 989//989 988//988 990//990
f 991//991 992//992 993//993
f 994//994 995//995 996//996
f 997//997 998//998 999//999
f 1000//1000 1001//1001 1002//1002
f 1001//1001 1003//1003 1002//1002
f 1002//1002 1003//1003 1004//1004
f 1002//1002 1004//1004 1005//1005
f 1005//1005 1004//1004 1006//1006
f 1005//1005 1006//1006 1007//1007
f 1007//1007 1006//1006 1008//1008
f 1007//1007 1008//1008 1009//1009
f 1009//1009 1008//1008 1010//1010
f 1011//1011 1000//1000 1002//1002
f 1011//1011 1002//1002 1012//1012
f 1012//1012 1002//1002 1005//1005
f 1012//1012 1005//1005 1013//1013
f 1013//1013 1005//1005 1007//1007
f 1013//1013 1007//1007 1014//1014
f 1014//1014 1007//1007 1009//1009
f 1015//1015 1016//1016 1017//1017
f 1017//1017 1016//1016 1018//1018
f 1019//1019 1020//1020 1018//1018
f 1018//1018 1020//1020 1021//1021
f 1022//1022 1023//1023 1024//1024
f 1025//1025 1026//1026 1024//1024
f 1024//1024 1027//1027 1022//1022
f 1022//1022 1027//1027 1028//1028
f 1022//1022 1028//1028 1019//1019
f 1019//1019 1028//1028 1029//1029
f 1019//1019 1029//1029 1020//1020
f 1030//1030 1023//1023 1031//1031
f 1031//1031 1023//1023 1022//1022
f 1031//1031 1022//1022 1032//1032
f 1032//1032 1022//1022 1019//1019
f 1032//1032 1019//1019 1033//1033
f 1033//1033 1019//1019 1018//1018
f 1033//1033 1018//1018 1034//1034
f 1034//1034 1018//1018 1016//1016
f 1035//1035 1036//1036 1037//1037
f 1038//1038 1039//1039 1015//1015
f 1025//1025 1040//1040 1026//1026
f 1026//1026 1040//1040 1041//1041
f 1027//1027 1041//1041 1042//1042
f 1027//1027 1042//1042 1028//1028
f 1015//1015 1017//1017 1038//1038
f 1038//1038 1021//1021 1043//1043
f 1043//1043 1021//1021 1020//1020
f 1043//1043 1020//1020 1042//1042
f 1042//1042 1029//1029 1028//1028
f 1044//1044 1039//1039 1045//1045
f 1045//1045 1039//1039 1038//1038
f 1045//1045 1038//1038 1046//1046
f 1046//1046 1038//1038 1043//1043
f 1046//1046 1043//1043 1047//1047
f 1047//1047 1043//1043 1042//1042
f 1047//1047 1042//1042 1048//1048
f 1048//1048 1042//1042 1041//1041
f 1048//1048 1041//1041 1049//1049
f 1049//1049 1041//1041 1040//1040
f 1050//1050 1051//1051 1052//1052
f 1052//1052 1051//1051 1045//1045
f 1052//1052 1045//1045 1053//1053
f 1053//1053 1045//1045 1046//1046
f 1053//1053 1046//1046 1054//1054
f 1054//1054 1046//1046 1047//1047
f 1054//1054 1047//1047 1055//1055
f 1055//1055 1047//1047 1048//1048
f 1055//1055 1048//1048 1056//1056
f 1056//1056 1048//1048 1049//1049
f 1057//1057 1052//1052 1058//1058
f 1058//1058 1052//1052 1053//1053
f 1058//1058 1053//1053 1059//1059
f 1059//1059 1053//1053 1054//1054
f 1060//1060 1054//1054 1055//1055
f 1060//1060 1055//1055 1061//1061
f 1061//1061 1055//1055 1056//1056
f 1062//1062 1063//1063 1064//1064
f 1064//1064 1063//1063 1057//1057
f 1064//1064 1057//1057 1065//1065
f 1065//1065 1057//1057 1058//1058
f 1065//1065 1058//1058 1066//1066
f 1066//1066 1058//1058 1059//1059
f 1066//1066 1059//1059 1067//1067
f 1067//1067 1059//1059 1060//1060
f 1067//1067 1060//1060 1068//1068
f 1068//1068 1060//1060 1061//1061
f 1069//1069 1070//1070 1071//1071
f 1071//1071 1070//1070 1064//1064
f 1071//1071 1064//1064 1072//1072
f 1072//1072 1064//1064 1065//1065
f 1072//1072 1065//1065 1073//1073
f 1073//1073 1065//1065 1066//1066
f 1073//1073 1066//1066 1074//1074
f 1074//1074 1066//1066 1067//1067
f 1074//1074 1067//1067 1075//1075
f 1075//1075 1067//1067 1068//1068
f 1076//1076 1069//1069 1077//1077
f 1077//1077 1069//1069 1071//1071
f 1077//1077 1071//1071 1078//1078
f 1078//1078 1071//1071 1072//1072
f 1078//1078 1072//1072 1079//1079
f 1079//1079 1072//1072 1073//1073
f 1079//1079 1073//1073 1080//1080
f 1080//1080 1073//1073 1074//1074
f 1081//1081 1082//1082 1080//1080
f 1080//1080 1082//1082 1083//1083
f 1080//1080 1083//1083 1079//1079
f 1079//1079 1083//1083 1084//1084
f 1079//1079 1084//1084 1078//1078
f 1078//1078 1084//1084 1085//1085
f 1078//1078 1085//1085 1077//1077
f 1077//1077 1085//1085 1086//1086
f 1077//1077 1086//1086 1076//1076
f 1087//1087 1088//1088 1086//1086
f 1086//1086 1089//1089 1076//1076
f 1090//1090 1091//1091 1092//1092
f 1092//1092 1091//1091 1093//1093
f 1092//1092 1093//1093 1094//1094
f 1094//1094 1093//1093 1095//1095
f 1094//1094 1095//1095 1096//1096
f 1096//1096 1095//1095 1097//1097
f 1096//1096 1097//1097 1098//1098
f 1098//1098 1097//1097 1099//1099
f 1082//1082 1099//1099 1083//1083
f 1083//1083 1099//1099 1097//1097
f 1083//1083 1097//1097 1084//1084
f 1084//1084 1097//1097 1095//1095
f 1084//1084 1095//1095 1085//1085
f 1085//1085 1095//1095 1093//1093
f 1085//1085 1093//1093 1086//1086
f 1086//1086 1093//1093 1091//1091
f 1086//1086 1091//1091 1087//1087
f 1087//1087 1091//1091 1090//1090
f 1087//1087 1090//1090 1100//1100
f 1100//1100 1090//1090 1101//1101
f 1102//1102 1101//1101 1103//1103
f 1103//1103 1101//1101 1090//1090
f 1103//1103 1090//1090 1104//1104
f 1104//1104 1090//1090 1092//1092
f 1104//1104 1092//1092 1105//1105
f 1105//1105 1092//1092 1094//1094
f 1105//1105 1094//1094 1037//1037
f 1037//1037 1094//1094 1096//1096
f 1037//1037 1096//1096 1035//1035
f 1106//1106 1102//1102 1107//1107
f 1107//1107 1102//1102 1103//1103
f 1107//1107 1103//1103 1108//1108
f 1108//1108 1103//1103 1104//1104
f 1108//1108 1104//1104 1109//1109
f 1109//1109 1104//1104 1105//1105
f 1109//1109 1105//1105 1110//1110
f 1110//1110 1105//1105 1037//1037
f 1110//1110 1037//1037 1111//1111
f 1111//1111 1037//1037 1036//1036
f 1112//1112 1107//1107 1113//1113
f 1113//1113 1107//1107 1108//1108
f 1113//1113 1108//1108 1114//1114
f 1114//1114 1108//1108 1109//1109
f 1114//1114 1109//1109 1115//1115
f 1115//1115 1109//1109 1110//1110
f 1115//1115 1110//1110 1116//1116
f 1116//1116 1110//1110 1111//1111
f 1117//1117 1118//1118 1119//1119
f 1120//1120 1121//1121 1122//1122
f 1122//1122 1121//1121 1123//1123
f 1124//1124 1125//1125 1126//1126
f 1126//1126 1125//1125 1127//1127
f 1128//1128 1129//1129 1130//1130
f 1130//1130 1129//1129 1124//1124
f 1131//1131 1132//1132 1133//1133
f 1133//1133 1132//1132 1134//1134
f 1133//1133 1134//1134 1135//1135
f 1135//1135 1134//1134 1136//1136
f 1135//1135 1136//1136 1137//1137
f 1123//1123 1138//1138 1139//1139
f 1123//1123 1139//1139 1140//1140
f 1140//1140 1141//1141 1142//1142
f 1143//1143 1144//1144 1136//1136
f 1136//1136 1144//1144 1145//1145
f 1141//1141 1146//1146 1142//1142
f 1142//1142 1147//1147 1148//1148
f 1149//1149 1143//1143 1150//1150
f 1150//1150 1143//1143 1151//1151
f 1150//1150 1151//1151 1152//1152
f 1152//1152 1151//1151 1153//1153
f 1152//1152 1153//1153 1154//1154
f 1147//1147 1155//1155 1148//1148
f 1156//1156 1157//1157 1158//1158
f 1159//1159 1160//1160 1161//1161
f 1161//1161 1162//1162 1159//1159
f 1159//1159 1162//1162 1163//1163
f 1159//1159 1163//1163 1153//1153
f 1153//1153 1163//1163 1164//1164
f 1153//1153 1164//1164 1154//1154
f 1157//1157 1165//1165 1158//1158
f 1158//1158 1165//1165 1166//1166
f 1158//1158 1166//1166 1167//1167
f 1167//1167 1166//1166 1168//1168
f 1167//1167 1168//1168 1169//1169
f 1169//1169 1168//1168 1170//1170
f 1171//1171 1172//1172 1173//1173
f 1171//1171 1173//1173 1174//1174
f 1174//1174 1175//1175 1160//1160
f 1160//1160 1175//1175 1176//1176
f 1170//1170 1177//1177 1169//1169
f 1169//1169 1177//1177 1178//1178
f 1169//1169 1178//1178 1179//1179
f 1179//1179 1180//1180 1181//1181
f 1182//1182 1171//1171 1183//1183
f 1183//1183 1171//1171 1184//1184
f 1183//1183 1184//1184 1185//1185
f 1185//1185 1184//1184 1186//1186
f 1185//1185 1186//1186 1187//1187
f 1187//1187 1186//1186 1188//1188
f 1188//1188 1186//1186 1189//1189
f 1188//1188 1189//1189 1190//1190
f 1180//1180 1191//1191 1181//1181
f 1181//1181 1191//1191 1192//1192
f 1181//1181 1192//1192 1193//1193
f 1193//1193 1192//1192 1194//1194
f 1193//1193 1194//1194 1195//1195
f 1195//1195 1194//1194 1196//1196
f 1195//1195 1196//1196 1197//1197
f 1197//1197 1196//1196 1198//1198
f 1199//1199 1200//1200 1189//1189
f 1189//1189 1200//1200 1201//1201
f 1189//1189 1201//1201 1190//1190
f 1119//1119 1118//1118 1202//1202
f 1118//1118 1203//1203 1202//1202
f 1202//1202 1203//1203 1204//1204
f 1202//1202 1204//1204 1199//1199
f 1199//1199 1204//1204 1205//1205
f 1199//1199 1205//1205 1200//1200
f 1198//1198 1206//1206 1197//1197
f 1197//1197 1206//1206 1207//1207
f 1197//1197 1207//1207 1208//1208
f 1208//1208 1209//1209 1210//1210
f 1210//1210 1209//1209 1211//1211
f 1210//1210 1211//1211 1212//1212
f 1212//1212 1213//1213 1214//1214
f 1212//1212 1214//1214 1215//1215
f 1216//1216 1217//1217 1215//1215
f 1215//1215 1217//1217 1218//1218
f 1215//1215 1218//1218 1212//1212
f 1117//1117 1119//1119 1219//1219
f 1219//1219 1119//1119 1220//1220
f 1221//1221 1220//1220 1222//1222
f 1221//1221 1222//1222 1223//1223
f 1223//1223 1222//1222 1224//1224
f 1223//1223 1224//1224 1225//1225
f 1216//1216 1226//1226 1217//1217
f 1217//1217 1226//1226 1227//1227
f 1217//1217 1227//1227 1228//1228
f 1228//1228 1227//1227 1229//1229
f 1228//1228 1229//1229 1230//1230
f 1231//1231 1232//1232 1233//1233
f 1233//1233 1232//1232 1234//1234
f 1233//1233 1234//1234 1235//1235
f 1235//1235 1234//1234 1236//1236
f 1235//1235 1236//1236 1237//1237
f 1237//1237 1236//1236 1238//1238
f 1237//1237 1238//1238 1224//1224
f 1224//1224 1238//1238 1239//1239
f 1224//1224 1239//1239 1225//1225
f 1229//1229 1240//1240 1230//1230
f 1230//1230 1240//1240 1241//1241
f 1230//1230 1241//1241 1242//1242
f 1242//1242 1243//1243 1244//1244
f 1245//1245 1246//1246 1244//1244
f 1244//1244 1246//1246 1247//1247
f 1244//1244 1247//1247 1242//1242
f 1231//1231 1233//1233 1248//1248
f 1248//1248 1233//1233 1249//1249
f 1248//1248 1249//1249 1250//1250
f 1250//1250 1249//1249 1251//1251
f 1250//1250 1251//1251 1252//1252
f 1252//1252 1251//1251 1253//1253
f 1252//1252 1253//1253 1254//1254
f 1245//1245 1255//1255 1246//1246
f 1246//1246 1255//1255 1256//1256
f 1246//1246 1256//1256 1257//1257
f 1257//1257 1256//1256 1258//1258
f 1257//1257 1258//1258 1112//1112
f 1127//1127 1123//1123 1126//1126
f 1126//1126 1123//1123 1140//1140
f 1126//1126 1140//1140 1259//1259
f 1259//1259 1140//1140 1142//1142
f 1259//1259 1142//1142 1260//1260
f 1260//1260 1142//1142 1148//1148
f 1260//1260 1148//1148 1261//1261
f 1261//1261 1156//1156 1262//1262
f 1262//1262 1156//1156 1158//1158
f 1262//1262 1158//1158 1263//1263
f 1263//1263 1158//1158 1167//1167
f 1263//1263 1167//1167 1264//1264
f 1264//1264 1167//1167 1169//1169
f 1264//1264 1169//1169 1265//1265
f 1265//1265 1169//1169 1179//1179
f 1265//1265 1179//1179 1266//1266
f 1266//1266 1179//1179 1181//1181
f 1266//1266 1181//1181 1267//1267
f 1267//1267 1181//1181 1193//1193
f 1267//1267 1193//1193 1268//1268
f 1268//1268 1193//1193 1195//1195
f 1268//1268 1195//1195 1269//1269
f 1269//1269 1195//1195 1197//1197
f 1269//1269 1197//1197 1270//1270
f 1270//1270 1197//1197 1208//1208
f 1270//1270 1208//1208 1271//1271
f 1271//1271 1208//1208 1210//1210
f 1271//1271 1210//1210 1272//1272
f 1272//1272 1210//1210 1212//1212
f 1272//1272 1212//1212 1273//1273
f 1273//1273 1212//1212 1218//1218
f 1273//1273 1218//1218 1274//1274
f 1274//1274 1218//1218 1217//1217
f 1274//1274 1217//1217 1275//1275
f 1275//1275 1217//1217 1228//1228
f 1275//1275 1228//1228 1276//1276
f 1276//1276 1228//1228 1230//1230
f 1276//1276 1230//1230 1277//1277
f 1277//1277 1230//1230 1242//1242
f 1277//1277 1242//1242 1278//1278
f 1278//1278 1242//1242 1247//1247
f 1278//1278 1247//1247 1279//1279
f 1279//1279 1247//1247 1246//1246
f 1279//1279 1246//1246 1280//1280
f 1280//1280 1246//1246 1257//1257
f 1280//1280 1257//1257 1281//1281
f 1281//1281 1257//1257 1112//1112
f 1281//1281 1112//1112 1113//1113
f 1124//1124 1126//1126 1130//1130
f 1130//1130 1126//1126 1259//1259
f 1130//1130 1259//1259 1282//1282
f 1282//1282 1259//1259 1260//1260
f 1282//1282 1260//1260 1283//1283
f 1283//1283 1260//1260 1261//1261
f 1283//1283 1261//1261 1284//1284
f 1284//1284 1262//1262 1285//1285
f 1285//1285 1262//1262 1263//1263
f 1285//1285 1263//1263 1286//1286
f 1286//1286 1263//1263 1264//1264
f 1286//1286 1264//1264 1287//1287
f 1287//1287 1264//1264 1265//1265
f 1287//1287 1265//1265 1288//1288
f 1288//1288 1265//1265 1266//1266
f 1288//1288 1266//1266 1289//1289
f 1289//1289 1266//1266 1267//1267
f 1289//1289 1267//1267 1290//1290
f 1290//1290 1267//1267 1268//1268
f 1290//1290 1268//1268 1291//1291
f 1291//1291 1268//1268 1269//1269
f 1291//1291 1269//1269 1292//1292
f 1292//1292 1269//1269 1270//1270
f 1292//1292 1270//1270 1293//1293
f 1293//1293 1270//1270 1271//1271
f 1293//1293 1271//1271 1294//1294
f 1294//1294 1271//1271 1272//1272
f 1294//1294 1272//1272 1295//1295
f 1295//1295 1272//1272 1273//1273
f 1295//1295 1273//1273 1296//1296
f 1296//1296 1273//1273 1274//1274
f 1296//1296 1274//1274 1297//1297
f 1297//1297 1274//1274 1275//1275
f 1297//1297 1275//1275 1298//1298
f 1298//1298 1275//1275 1276//1276
f 1298//1298 1276//1276 1299//1299
f 1299//1299 1276//1276 1277//1277
f 1299//1299 1277//1277 1300//1300
f 1300//1300 1277//1277 1278//1278
f 1300//1300 1278//1278 1301//1301
f 1301//1301 1278//1278 1279//1279
f 1301//1301 1279//1279 1302//1302
f 1302//1302 1279//1279 1280//1280
f 1302//1302 1280//1280 1303//1303
f 1303//1303 1280//1280 1281//1281
f 1303//1303 1281//1281 1304//1304
f 1304//1304 1281//1281 1113//1113
f 1304//1304 1113//1113 1114//1114
f 1128//1128 1130//1130 1134//1134
f 1134//1134 1130//1130 1282//1282
f 1134//1134 1282//1282 1136//1136
f 1136//1136 1282//1282 1283//1283
f 1136//1136 1283//1283 1143//1143
f 1143//1143 1283//1283 1284//1284
f 1143//1143 1284//1284 1151//1151
f 1153//1153 1285//1285 1286//1286
f 1153//1153 1286//1286 1159//1159
f 1159//1159 1286//1286 1287//1287
f 1159//1159 1287//1287 1160//1160
f 1160//1160 1287//1287 1288//1288
f 1160//1160 1288//1288 1174//1174
f 1174//1174 1288//1288 1289//1289
f 1174//1174 1289//1289 1171//1171
f 1171//1171 1289//1289 1290//1290
f 1171//1171 1290//1290 1184//1184
f 1184//1184 1290//1290 1291//1291
f 1184//1184 1291//1291 1186//1186
f 1186//1186 1291//1291 1292//1292
f 1186//1186 1292//1292 1189//1189
f 1189//1189 1292//1292 1293//1293
f 1189//1189 1293//1293 1199//1199
f 1199//1199 1293//1293 1294//1294
f 1199//1199 1294//1294 1202//1202
f 1202//1202 1294//1294 1295//1295
f 1202//1202 1295//1295 1119//1119
f 1119//1119 1295//1295 1296//1296
f 1119//1119 1296//1296 1220//1220
f 1220//1220 1296//1296 1297//1297
f 1220//1220 1297//1297 1222//1222
f 1222//1222 1297//1297 1298//1298
f 1222//1222 1298//1298 1224//1224
f 1224//1224 1298//1298 1299//1299
f 1224//1224 1299//1299 1237//1237
f 1237//1237 1299//1299 1300//1300
f 1237//1237 1300//1300 1235//1235
f 1235//1235 1300//1300 1301//1301
f 1235//1235 1301//1301 1233//1233
f 1233//1233 1301//1301 1302//1302
f 1233//1233 1302//1302 1249//1249
f 1249//1249 1302//1302 1303//1303
f 1249//1249 1303//1303 1251//1251
f 1251//1251 1303//1303 1304//1304
f 1251//1251 1304//1304 1253//1253
f 1253//1253 1304//1304 1114//1114
f 1253//1253 1114//1114 1115//1115
f 1115//1115 1116//1116 1253//1253
f 1253//1253 1116//1116 1305//1305
f 1253//1253 1305//1305 1254//1254
f 1306//1306 1307//1307 1308//1308
f 1132//1132 1309//1309 1310//1310
f 1129//1129 1310//1310 1311//1311
f 1125//1125 1311//1311 1312//1312
f 1122//1122 1312//1312 1313//1313
f 1314//1314 1312//1312 1315//1315
f 1315//1315 1311//1311 1316//1316
f 1317//1317 1314//1314 1318//1318
f 1318//1318 1314//1314 1315//1315
f 1318//1318 1315//1315 1319//1319
f 1319//1319 1315//1315 1316//1316
f 1319//1319 1316//1316 1320//1320
f 1320//1320 1316//1316 1321//1321
f 1322//1322 1323//1323 1317//1317
f 1322//1322 1317//1317 1324//1324
f 1325//1325 1318//1318 1319//1319
f 1326//1326 1327//1327 1322//1322
f 1326//1326 1322//1322 1328//1328
f 1328//1328 1322//1322 1324//1324
f 1328//1328 1324//1324 1329//1329
f 1329//1329 1324//1324 1325//1325
f 1329//1329 1325//1325 1330//1330
f 1330//1330 1325//1325 1331//1331
f 1307//1307 1332//1332 1308//1308
f 1308//1308 1332//1332 1326//1326
f 1308//1308 1326//1326 1333//1333
f 1333//1333 1326//1326 1328//1328
f 1333//1333 1328//1328 1334//1334
f 1334//1334 1329//1329 1335//1335
f 1336//1336 1306//1306 1308//1308
f 1336//1336 1308//1308 1337//1337
f 1337//1337 1308//1308 1333//1333
f 1337//1337 1333//1333 1338//1338
f 1338//1338 1333//1333 1334//1334
f 1338//1338 1334//1334 1339//1339
f 1339//1339 1334//1334 1335//1335
f 1340//1340 1341//1341 1342//1342
f 1342//1342 1341//1341 1336//1336
f 1342//1342 1336//1336 1343//1343
f 1343//1343 1336//1336 1337//1337
f 1343//1343 1337//1337 1344//1344
f 1344//1344 1337//1337 1338//1338
f 1344//1344 1338//1338 1345//1345
f 1014//1014 1340//1340 1013//1013
f 1013//1013 1340//1340 1342//1342
f 1013//1013 1342//1342 1012//1012
f 1012//1012 1342//1342 1343//1343
f 1012//1012 1343//1343 1011//1011
f 1011//1011 1343//1343 1344//1344
f 1011//1011 1344//1344 1346//1346
f 1346//1346 1344//1344 1345//1345
f 1347//1347 1348//1348 1349//1349
f 1350//1350 1351//1351 1352//1352
f 1353//1353 1354//1354 1355//1355
f 1309//1309 1131//1131 1356//1356
f 1331//1331 1320//1320 1356//1356
f 1356//1356 1320//1320 1321//1321
f 1356//1356 1321//1321 1309//1309
f 1356//1356 1346//1346 1345//1345
f 1356//1356 1345//1345 1339//1339
f 1339//1339 1335//1335 1356//1356
f 1356//1356 1335//1335 1330//1330
f 1356//1356 1330//1330 1331//1331
f 1356//1356 1357//1357 1358//1358
f 1358//1358 1003//1003 1356//1356
f 1356//1356 1003//1003 1001//1001
f 1356//1356 1001//1001 1000//1000
f 1355//1355 1354//1354 1359//1359
f 1354//1354 1360//1360 1359//1359
f 1359//1359 1360//1360 1361//1361
f 1359//1359 1361//1361 1356//1356
f 1356//1356 1361//1361 1362//1362
f 1356//1356 1362//1362 1357//1357
f 1353//1353 1355//1355 1363//1363
f 1363//1363 1355//1355 1364//1364
f 1363//1363 1364//1364 1365//1365
f 1365//1365 1364//1364 1366//1366
f 1365//1365 1366//1366 1367//1367
f 1367//1367 1366//1366 1368//1368
f 1368//1368 1366//1366 1369//1369
f 1368//1368 1369//1369 1370//1370
f 1371//1371 1372//1372 1373//1373
f 1372//1372 1371//1371 1374//1374
f 1374//1374 1371//1371 1375//1375
f 1374//1374 1375//1375 1376//1376
f 1376//1376 1375//1375 1377//1377
f 1376//1376 1377//1377 1378//1378
f 1379//1379 1380//1380 1381//1381
f 1381//1381 1380//1380 1382//1382
f 1383//1383 1384//1384 1382//1382
f 1382//1382 1384//1384 1385//1385
f 1382//1382 1385//1385 1381//1381
f 1351//1351 1386//1386 1383//1383
f 1383//1383 1386//1386 1387//1387
f 1383//1383 1387//1387 1384//1384
f 1388//1388 1389//1389 1390//1390
f 1390//1390 1389//1389 1391//1391
f 1390//1390 1391//1391 1392//1392
f 1393//1393 1394//1394 1395//1395
f 1395//1395 1396//1396 1393//1393
f 1393//1393 1396//1396 1397//1397
f 1393//1393 1397//1397 1391//1391
f 1391//1391 1397//1397 1398//1398
f 1391//1391 1398//1398 1392//1392
f 1399//1399 1400//1400 1394//1394
f 1394//1394 1400//1400 1401//1401
f 1394//1394 1401//1401 1395//1395
f 1402//1402 1403//1403 1399//1399
f 1399//1399 1403//1403 1404//1404
f 1399//1399 1404//1404 1400//1400
f 1349//1349 1348//1348 1405//1405
f 1348//1348 1406//1406 1405//1405
f 1405//1405 1406//1406 1407//1407
f 1405//1405 1407//1407 1408//1408
f 1408//1408 1407//1407 1409//1409
f 1408//1408 1409//1409 1410//1410
f 1025//1025 1024//1024 1411//1411
f 1411//1411 1024//1024 1023//1023
f 1347//1347 1349//1349 1412//1412
f 1412//1412 1349//1349 1411//1411
f 1412//1412 1411//1411 1413//1413
f 1413//1413 1411//1411 1023//1023
f 1413//1413 1023//1023 1030//1030
f 1099//1099 1411//1411 1098//1098
f 1099//1099 1082//1082 1411//1411
f 1411//1411 1082//1082 1081//1081
f 1075//1075 1068//1068 1411//1411
f 1411//1411 1068//1068 1061//1061
f 1411//1411 1061//1061 1056//1056
f 1056//1056 1049//1049 1411//1411
f 1411//1411 1049//1049 1040//1040
f 1411//1411 1040//1040 1025//1025
f 1116//1116 1111//1111 1411//1411
f 1411//1411 1111//1111 1036//1036
f 1411//1411 1036//1036 1035//1035
f 1116//1116 1411//1411 1305//1305
f 1305//1305 1411//1411 1349//1349
f 1305//1305 1349//1349 1254//1254
f 1254//1254 1349//1349 1405//1405
f 1254//1254 1405//1405 1252//1252
f 1232//1232 1231//1231 1408//1408
f 1408//1408 1231//1231 1248//1248
f 1408//1408 1248//1248 1405//1405
f 1405//1405 1248//1248 1250//1250
f 1405//1405 1250//1250 1252//1252
f 1234//1234 1232//1232 1399//1399
f 1399//1399 1232//1232 1408//1408
f 1399//1399 1408//1408 1402//1402
f 1402//1402 1408//1408 1410//1410
f 1225//1225 1239//1239 1394//1394
f 1394//1394 1239//1239 1238//1238
f 1394//1394 1238//1238 1399//1399
f 1399//1399 1238//1238 1236//1236
f 1399//1399 1236//1236 1234//1234
f 1391//1391 1219//1219 1393//1393
f 1393//1393 1221//1221 1394//1394
f 1394//1394 1221//1221 1223//1223
f 1394//1394 1223//1223 1225//1225
f 1204//1204 1203//1203 1389//1389
f 1389//1389 1203//1203 1118//1118
f 1389//1389 1118//1118 1391//1391
f 1391//1391 1118//1118 1117//1117
f 1391//1391 1117//1117 1219//1219
f 1205//1205 1204//1204 1352//1352
f 1352//1352 1204//1204 1389//1389
f 1352//1352 1389//1389 1350//1350
f 1350//1350 1389//1389 1388//1388
f 1351//1351 1383//1383 1352//1352
f 1352//1352 1383//1383 1200//1200
f 1352//1352 1200//1200 1205//1205
f 1187//1187 1188//1188 1382//1382
f 1382//1382 1188//1188 1190//1190
f 1382//1382 1190//1190 1383//1383
f 1383//1383 1190//1190 1201//1201
f 1383//1383 1201//1201 1200//1200
f 1380//1380 1182//1182 1183//1183
f 1380//1380 1183//1183 1382//1382
f 1382//1382 1183//1183 1185//1185
f 1382//1382 1185//1185 1187//1187
f 1379//1379 1378//1378 1380//1380
f 1380//1380 1378//1378 1377//1377
f 1380//1380 1377//1377 1172//1172
f 1172//1172 1377//1377 1375//1375
f 1172//1172 1375//1375 1173//1173
f 1162//1162 1371//1371 1369//1369
f 1369//1369 1371//1371 1373//1373
f 1369//1369 1373//1373 1370//1370
f 1162//1162 1161//1161 1371//1371
f 1371//1371 1161//1161 1176//1176
f 1371//1371 1176//1176 1375//1375
f 1375//1375 1176//1176 1175//1175
f 1152//1152 1154//1154 1366//1366
f 1366//1366 1154//1154 1164//1164
f 1366//1366 1164//1164 1369//1369
f 1369//1369 1164//1164 1163//1163
f 1369//1369 1163//1163 1162//1162
f 1152//1152 1366//1366 1150//1150
f 1150//1150 1366//1366 1364//1364
f 1150//1150 1364//1364 1149//1149
f 1149//1149 1364//1364 1355//1355
f 1144//1144 1355//1355 1359//1359
f 1144//1144 1359//1359 1145//1145
f 1131//1131 1133//1133 1356//1356
f 1356//1356 1133//1133 1135//1135
f 1356//1356 1135//1135 1359//1359
f 1359//1359 1135//1135 1137//1137
f 1359//1359 1137//1137 1145//1145
f 1414//1414 1415//1415 1416//1416
f 1414//1414 1416//1416 1417//1417
f 1417//1417 1416//1416 1418//1418
f 1417//1417 1418//1418 1419//1419
f 1420//1420 1421//1421 1422//1422
f 1418//1418 1423//1423 1419//1419
f 1419//1419 1423//1423 1424//1424
f 1419//1419 1424//1424 1425//1425
f 1426//1426 1427//1427 1428//1428
f 1428//1428 1427//1427 1429//1429
f 1428//1428 1429//1429 1430//1430
f 1430//1430 1429//1429 1431//1431
f 1430//1430 1431//1431 1421//1421
f 1421//1421 1431//1431 1432//1432
f 1421//1421 1432//1432 1422//1422
f 1433//1433 1434//1434 1435//1435
f 1435//1435 1434//1434 1436//1436
f 1435//1435 1436//1436 1437//1437
f 1424//1424 1438//1438 1425//1425
f 1425//1425 1438//1438 1439//1439
f 1425//1425 1439//1439 1440//1440
f 1440//1440 1439//1439 1441//1441
f 1440//1440 1441//1441 1426//1426
f 1426//1426 1441//1441 1442//1442
f 1426//1426 1442//1442 1427//1427
f 1443//1443 1444//1444 1445//1445
f 1445//1445 1444//1444 1446//1446
f 1445//1445 1446//1446 1447//1447
f 1435//1435 1448//1448 1433//1433
f 1433//1433 1448//1448 1449//1449
f 1433//1433 1449//1449 1450//1450
f 1450//1450 1449//1449 1420//1420
f 1450//1450 1420//1420 1451//1451
f 1451//1451 1420//1420 1422//1422
f 1436//1436 1452//1452 1437//1437
f 1437//1437 1452//1452 1453//1453
f 1437//1437 1453//1453 1454//1454
f 1454//1454 1453//1453 1447//1447
f 1454//1454 1447//1447 1455//1455
f 1455//1455 1447//1447 1446//1446
f 1357//1357 1362//1362 1456//1456
f 1361//1361 1360//1360 1457//1457
f 1354//1354 1353//1353 1458//1458
f 1363//1363 1365//1365 1459//1459
f 1367//1367 1368//1368 1460//1460
f 1370//1370 1373//1373 1461//1461
f 1372//1372 1374//1374 1462//1462
f 1376//1376 1378//1378 1463//1463
f 1379//1379 1381//1381 1464//1464
f 1385//1385 1384//1384 1465//1465
f 1387//1387 1386//1386 1466//1466
f 1351//1351 1350//1350 1467//1467
f 1388//1388 1390//1390 1468//1468
f 1392//1392 1398//1398 1469//1469
f 1397//1397 1396//1396 1470//1470
f 1401//1401 1400//1400 1471//1471
f 1404//1404 1403//1403 1472//1472
f 1402//1402 1410//1410 1473//1473
f 1407//1407 1406//1406 1474//1474
f 1348//1348 1347//1347 1475//1475
f 1412//1412 1413//1413 1476//1476
f 1477//1477 1478//1478 1479//1479
f 1480//1480 1443//1443 1445//1445
f 1481//1481 1482//1482 1483//1483
f 1481//1481 1483//1483 1445//1445
f 1445//1445 1483//1483 1484//1484
f 1445//1445 1484//1484 1480//1480
f 1485//1485 1486//1486 1487//1487
f 1485//1485 1487//1487 1481//1481
f 1481//1481 1487//1487 1488//1488
f 1481//1481 1488//1488 1482//1482
f 1489//1489 1490//1490 1491//1491
f 1489//1489 1491//1491 1485//1485
f 1485//1485 1491//1491 1492//1492
f 1493//1493 1494//1494 1489//1489
f 1489//1489 1494//1494 1495//1495
f 1489//1489 1495//1495 1496//1496
f 1478//1478 1497//1497 1479//1479
f 1479//1479 1497//1497 1498//1498
f 1479//1479 1498//1498 1493//1493
f 1493//1493 1498//1498 1499//1499
f 1493//1493 1499//1499 1494//1494
f 1477//1477 1479//1479 1500//1500
f 1500//1500 1479//1479 1501//1501
f 1500//1500 1501//1501 1502//1502
f 1476//1476 1503//1503 1504//1504
f 1476//1476 1504//1504 1501//1501
f 1501//1501 1504//1504 1505//1505
f 1501//1501 1505//1505 1502//1502
f 1413//1413 1030//1030 1506//1506
f 1413//1413 1506//1506 1476//1476
f 1476//1476 1506//1506 1507//1507
f 1476//1476 1507//1507 1508//1508
f 1509//1509 1510//1510 1511//1511
f 1511//1511 1512//1512 1358//1358
f 1358//1358 1512//1512 1513//1513
f 1358//1358 1513//1513 1003//1003
f 1509//1509 1511//1511 1514//1514
f 1514//1514 1511//1511 1515//1515
f 1514//1514 1515//1515 1516//1516
f 1517//1517 1518//1518 1519//1519
f 1519//1519 1518//1518 1520//1520
f 1519//1519 1520//1520 1515//1515
f 1515//1515 1520//1520 1521//1521
f 1515//1515 1521//1521 1516//1516
f 1522//1522 1523//1523 1524//1524
f 1524//1524 1525//1525 1522//1522
f 1522//1522 1525//1525 1526//1526
f 1522//1522 1526//1526 1519//1519
f 1519//1519 1526//1526 1527//1527
f 1519//1519 1527//1527 1517//1517
f 1528//1528 1529//1529 1530//1530
f 1530//1530 1529//1529 1531//1531
f 1530//1530 1531//1531 1532//1532
f 1532//1532 1531//1531 1533//1533
f 1532//1532 1533//1533 1534//1534
f 1530//1530 1535//1535 1528//1528
f 1416//1416 1415//1415 1536//1536
f 1536//1536 1415//1415 1537//1537
f 1536//1536 1537//1537 1538//1538
f 1347//1347 1412//1412 1475//1475
f 1475//1475 1412//1412 1476//1476
f 1475//1475 1476//1476 1539//1539
f 1539//1539 1476//1476 1501//1501
f 1539//1539 1501//1501 1540//1540
f 1540//1540 1501//1501 1479//1479
f 1540//1540 1479//1479 1541//1541
f 1541//1541 1479//1479 1493//1493
f 1541//1541 1493//1493 1542//1542
f 1542//1542 1493//1493 1489//1489
f 1542//1542 1489//1489 1543//1543
f 1543//1543 1489//1489 1485//1485
f 1543//1543 1485//1485 1544//1544
f 1544//1544 1485//1485 1481//1481
f 1544//1544 1481//1481 1447//1447
f 1447//1447 1481//1481 1445//1445
f 1406//1406 1348//1348 1474//1474
f 1474//1474 1348//1348 1475//1475
f 1474//1474 1475//1475 1545//1545
f 1545//1545 1475//1475 1539//1539
f 1545//1545 1539//1539 1546//1546
f 1546//1546 1539//1539 1540//1540
f 1546//1546 1540//1540 1547//1547
f 1547//1547 1540//1540 1541//1541
f 1547//1547 1541//1541 1548//1548
f 1548//1548 1541//1541 1542//1542
f 1548//1548 1542//1542 1549//1549
f 1549//1549 1542//1542 1543//1543
f 1549//1549 1543//1543 1550//1550
f 1550//1550 1543//1543 1544//1544
f 1550//1550 1544//1544 1453//1453
f 1453//1453 1544//1544 1447//1447
f 1409//1409 1407//1407 1551//1551
f 1551//1551 1407//1407 1474//1474
f 1551//1551 1474//1474 1552//1552
f 1552//1552 1474//1474 1545//1545
f 1552//1552 1545//1545 1553//1553
f 1553//1553 1545//1545 1546//1546
f 1553//1553 1546//1546 1554//1554
f 1554//1554 1546//1546 1547//1547
f 1554//1554 1547//1547 1555//1555
f 1555//1555 1547//1547 1548//1548
f 1555//1555 1548//1548 1556//1556
f 1556//1556 1548//1548 1549//1549
f 1556//1556 1549//1549 1557//1557
f 1557//1557 1549//1549 1550//1550
f 1557//1557 1550//1550 1452//1452
f 1452//1452 1550//1550 1453//1453
f 1410//1410 1409//1409 1473//1473
f 1473//1473 1409//1409 1551//1551
f 1473//1473 1551//1551 1558//1558
f 1558//1558 1551//1551 1552//1552
f 1558//1558 1552//1552 1559//1559
f 1559//1559 1552//1552 1553//1553
f 1559//1559 1553//1553 1560//1560
f 1560//1560 1553//1553 1554//1554
f 1560//1560 1554//1554 1561//1561
f 1561//1561 1554//1554 1555//1555
f 1561//1561 1555//1555 1562//1562
f 1562//1562 1555//1555 1556//1556
f 1562//1562 1556//1556 1563//1563
f 1563//1563 1556//1556 1557//1557
f 1563//1563 1557//1557 1436//1436
f 1436//1436 1557//1557 1452//1452
f 1403//1403 1402//1402 1472//1472
f 1472//1472 1402//1402 1473//1473
f 1472//1472 1473//1473 1564//1564
f 1564//1564 1473//1473 1558//1558
f 1564//1564 1558//1558 1565//1565
f 1565//1565 1558//1558 1559//1559
f 1565//1565 1559//1559 1566//1566
f 1566//1566 1559//1559 1560//1560
f 1566//1566 1560//1560 1567//1567
f 1567//1567 1560//1560 1561//1561
f 1567//1567 1561//1561 1568//1568
f 1568//1568 1561//1561 1562//1562
f 1568//1568 1562//1562 1569//1569
f 1569//1569 1562//1562 1563//1563
f 1569//1569 1563//1563 1434//1434
f 1434//1434 1563//1563 1436//1436
f 1400//1400 1404//1404 1471//1471
f 1471//1471 1404//1404 1472//1472
f 1471//1471 1472//1472 1570//1570
f 1570//1570 1472//1472 1564//1564
f 1570//1570 1564//1564 1571//1571
f 1571//1571 1564//1564 1565//1565
f 1571//1571 1565//1565 1572//1572
f 1572//1572 1565//1565 1566//1566
f 1572//1572 1566//1566 1573//1573
f 1573//1573 1566//1566 1567//1567
f 1573//1573 1567//1567 1574//1574
f 1574//1574 1567//1567 1568//1568
f 1574//1574 1568//1568 1575//1575
f 1575//1575 1568//1568 1569//1569
f 1575//1575 1569//1569 1433//1433
f 1433//1433 1569//1569 1434//1434
f 1395//1395 1401//1401 1576//1576
f 1576//1576 1401//1401 1471//1471
f 1576//1576 1471//1471 1577//1577
f 1577//1577 1471//1471 1570//1570
f 1577//1577 1570//1570 1578//1578
f 1578//1578 1570//1570 1571//1571
f 1578//1578 1571//1571 1579//1579
f 1579//1579 1571//1571 1572//1572
f 1579//1579 1572//1572 1580//1580
f 1580//1580 1572//1572 1573//1573
f 1580//1580 1573//1573 1581//1581
f 1581//1581 1573//1573 1574//1574
f 1581//1581 1574//1574 1582//1582
f 1582//1582 1574//1574 1575//1575
f 1582//1582 1575//1575 1450//1450
f 1450//1450 1575//1575 1433//1433
f 1396//1396 1395//1395 1470//1470
f 1470//1470 1395//1395 1576//1576
f 1470//1470 1576//1576 1583//1583
f 1583//1583 1576//1576 1577//1577
f 1583//1583 1577//1577 1584//1584
f 1584//1584 1577//1577 1578//1578
f 1584//1584 1578//1578 1585//1585
f 1585//1585 1578//1578 1579//1579
f 1585//1585 1579//1579 1586//1586
f 1586//1586 1579//1579 1580//1580
f 1586//1586 1580//1580 1587//1587
f 1587//1587 1580//1580 1581//1581
f 1587//1587 1581//1581 1588//1588
f 1588//1588 1581//1581 1582//1582
f 1588//1588 1582//1582 1451//1451
f 1451//1451 1582//1582 1450//1450
f 1398//1398 1397//1397 1469//1469
f 1469//1469 1397//1397 1470//1470
f 1469//1469 1470//1470 1589//1589
f 1589//1589 1470//1470 1583//1583
f 1589//1589 1583//1583 1590//1590
f 1590//1590 1583//1583 1584//1584
f 1590//1590 1584//1584 1591//1591
f 1591//1591 1584//1584 1585//1585
f 1591//1591 1585//1585 1592//1592
f 1592//1592 1585//1585 1586//1586
f 1592//1592 1586//1586 1593//1593
f 1593//1593 1586//1586 1587//1587
f 1593//1593 1587//1587 1594//1594
f 1594//1594 1587//1587 1588//1588
f 1594//1594 1588//1588 1422//1422
f 1422//1422 1588//1588 1451//1451
f 1390//1390 1392//1392 1468//1468
f 1468//1468 1392//1392 1469//1469
f 1468//1468 1469//1469 1595//1595
f 1595//1595 1469//1469 1589//1589
f 1595//1595 1589//1589 1596//1596
f 1596//1596 1589//1589 1590//1590
f 1596//1596 1590//1590 1597//1597
f 1597//1597 1590//1590 1591//1591
f 1597//1597 1591//1591 1598//1598
f 1598//1598 1591//1591 1592//1592
f 1598//1598 1592//1592 1599//1599
f 1599//1599 1592//1592 1593//1593
f 1599//1599 1593//1593 1600//1600
f 1600//1600 1593//1593 1594//1594
f 1600//1600 1594//1594 1432//1432
f 1432//1432 1594//1594 1422//1422
f 1350//1350 1388//1388 1467//1467
f 1467//1467 1388//1388 1468//1468
f 1467//1467 1468//1468 1601//1601
f 1601//1601 1468//1468 1595//1595
f 1601//1601 1595//1595 1602//1602
f 1602//1602 1595//1595 1596//1596
f 1602//1602 1596//1596 1603//1603
f 1603//1603 1596//1596 1597//1597
f 1603//1603 1597//1597 1604//1604
f 1604//1604 1597//1597 1598//1598
f 1604//1604 1598//1598 1605//1605
f 1605//1605 1598//1598 1599//1599
f 1605//1605 1599//1599 1606//1606
f 1606//1606 1599//1599 1600//1600
f 1606//1606 1600//1600 1431//1431
f 1431//1431 1600//1600 1432//1432
f 1386//1386 1351//1351 1466//1466
f 1466//1466 1351//1351 1467//1467
f 1466//1466 1467//1467 1607//1607
f 1607//1607 1467//1467 1601//1601
f 1607//1607 1601//1601 1608//1608
f 1608//1608 1601//1601 1602//1602
f 1608//1608 1602//1602 1609//1609
f 1609//1609 1602//1602 1603//1603
f 1609//1609 1603//1603 1610//1610
f 1610//1610 1603//1603 1604//1604
f 1610//1610 1604//1604 1611//1611
f 1611//1611 1604//1604 1605//1605
f 1611//1611 1605//1605 1612//1612
f 1612//1612 1605//1605 1606//1606
f 1612//1612 1606//1606 1429//1429
f 1429//1429 1606//1606 1431//1431
f 1384//1384 1387//1387 1465//1465
f 1465//1465 1387//1387 1466//1466
f 1465//1465 1466//1466 1613//1613
f 1613//1613 1466//1466 1607//1607
f 1613//1613 1607//1607 1614//1614
f 1614//1614 1607//1607 1608//1608
f 1614//1614 1608//1608 1615//1615
f 1615//1615 1608//1608 1609//1609
f 1615//1615 1609//1609 1616//1616
f 1616//1616 1609//1609 1610//1610
f 1616//1616 1610//1610 1617//1617
f 1617//1617 1610//1610 1611//1611
f 1617//1617 1611//1611 1618//1618
f 1618//1618 1611//1611 1612//1612
f 1618//1618 1612//1612 1427//1427
f 1427//1427 1612//1612 1429//1429
f 1381//1381 1385//1385 1464//1464
f 1464//1464 1385//1385 1465//1465
f 1464//1464 1465//1465 1619//1619
f 1619//1619 1465//1465 1613//1613
f 1619//1619 1613//1613 1620//1620
f 1620//1620 1613//1613 1614//1614
f 1620//1620 1614//1614 1621//1621
f 1621//1621 1614//1614 1615//1615
f 1621//1621 1615//1615 1622//1622
f 1622//1622 1615//1615 1616//1616
f 1622//1622 1616//1616 1623//1623
f 1623//1623 1616//1616 1617//1617
f 1623//1623 1617//1617 1624//1624
f 1624//1624 1617//1617 1618//1618
f 1624//1624 1618//1618 1442//1442
f 1442//1442 1618//1618 1427//1427
f 1378//1378 1379//1379 1463//1463
f 1463//1463 1379//1379 1464//1464
f 1463//1463 1464//1464 1625//1625
f 1625//1625 1464//1464 1619//1619
f 1625//1625 1619//1619 1626//1626
f 1626//1626 1619//1619 1620//1620
f 1626//1626 1620//1620 1627//1627
f 1627//1627 1620//1620 1621//1621
f 1627//1627 1621//1621 1628//1628
f 1628//1628 1621//1621 1622//1622
f 1628//1628 1622//1622 1629//1629
f 1629//1629 1622//1622 1623//1623
f 1629//1629 1623//1623 1630//1630
f 1630//1630 1623//1623 1624//1624
f 1630//1630 1624//1624 1441//1441
f 1441//1441 1624//1624 1442//1442
f 1374//1374 1376//1376 1462//1462
f 1462//1462 1376//1376 1463//1463
f 1462//1462 1463//1463 1631//1631
f 1631//1631 1463//1463 1625//1625
f 1631//1631 1625//1625 1632//1632
f 1632//1632 1625//1625 1626//1626
f 1632//1632 1626//1626 1633//1633
f 1633//1633 1626//1626 1627//1627
f 1633//1633 1627//1627 1634//1634
f 1634//1634 1627//1627 1628//1628
f 1634//1634 1628//1628 1635//1635
f 1635//1635 1628//1628 1629//1629
f 1635//1635 1629//1629 1636//1636
f 1636//1636 1629//1629 1630//1630
f 1636//1636 1630//1630 1439//1439
f 1439//1439 1630//1630 1441//1441
f 1373//1373 1372//1372 1461//1461
f 1461//1461 1372//1372 1462//1462
f 1461//1461 1462//1462 1637//1637
f 1637//1637 1462//1462 1631//1631
f 1637//1637 1631//1631 1638//1638
f 1638//1638 1631//1631 1632//1632
f 1638//1638 1632//1632 1639//1639
f 1639//1639 1632//1632 1633//1633
f 1639//1639 1633//1633 1640//1640
f 1640//1640 1633//1633 1634//1634
f 1640//1640 1634//1634 1641//1641
f 1641//1641 1634//1634 1635//1635
f 1641//1641 1635//1635 1642//1642
f 1642//1642 1635//1635 1636//1636
f 1642//1642 1636//1636 1438//1438
f 1438//1438 1636//1636 1439//1439
f 1368//1368 1370//1370 1460//1460
f 1460//1460 1370//1370 1461//1461
f 1460//1460 1461//1461 1643//1643
f 1643//1643 1461//1461 1637//1637
f 1643//1643 1637//1637 1644//1644
f 1644//1644 1637//1637 1638//1638
f 1644//1644 1638//1638 1645//1645
f 1645//1645 1638//1638 1639//1639
f 1645//1645 1639//1639 1646//1646
f 1646//1646 1639//1639 1640//1640
f 1646//1646 1640//1640 1647//1647
f 1647//1647 1640//1640 1641//1641
f 1647//1647 1641//1641 1648//1648
f 1648//1648 1641//1641 1642//1642
f 1648//1648 1642//1642 1424//1424
f 1424//1424 1642//1642 1438//1438
f 1365//1365 1367//1367 1459//1459
f 1459//1459 1367//1367 1460//1460
f 1459//1459 1460//1460 1649//1649
f 1649//1649 1460//1460 1643//1643
f 1649//1649 1643//1643 1650//1650
f 1650//1650 1643//1643 1644//1644
f 1650//1650 1644//1644 1651//1651
f 1651//1651 1644//1644 1645//1645
f 1651//1651 1645//1645 1652//1652
f 1652//1652 1645//1645 1646//1646
f 1652//1652 1646//1646 1653//1653
f 1653//1653 1646//1646 1647//1647
f 1653//1653 1647//1647 1654//1654
f 1654//1654 1647//1647 1648//1648
f 1654//1654 1648//1648 1423//1423
f 1423//1423 1648//1648 1424//1424
f 1353//1353 1363//1363 1458//1458
f 1458//1458 1363//1363 1459//1459
f 1458//1458 1459//1459 1655//1655
f 1655//1655 1459//1459 1649//1649
f 1655//1655 1649//1649 1656//1656
f 1656//1656 1649//1649 1650//1650
f 1656//1656 1650//1650 1657//1657
f 1657//1657 1650//1650 1651//1651
f 1657//1657 1651//1651 1658//1658
f 1658//1658 1651//1651 1652//1652
f 1658//1658 1652//1652 1659//1659
f 1659//1659 1652//1652 1653//1653
f 1659//1659 1653//1653 1660//1660
f 1660//1660 1653//1653 1654//1654
f 1660//1660 1654//1654 1418//1418
f 1418//1418 1654//1654 1423//1423
f 1360//1360 1354//1354 1457//1457
f 1457//1457 1354//1354 1458//1458
f 1457//1457 1458//1458 1661//1661
f 1661//1661 1458//1458 1655//1655
f 1661//1661 1655//1655 1662//1662
f 1662//1662 1655//1655 1656//1656
f 1662//1662 1656//1656 1663//1663
f 1663//1663 1656//1656 1657//1657
f 1663//1663 1657//1657 1664//1664
f 1664//1664 1657//1657 1658//1658
f 1664//1664 1658//1658 1665//1665
f 1665//1665 1658//1658 1659//1659
f 1665//1665 1659//1659 1536//1536
f 1536//1536 1659//1659 1660//1660
f 1536//1536 1660//1660 1416//1416
f 1416//1416 1660//1660 1418//1418
f 1362//1362 1361//1361 1456//1456
f 1456//1456 1361//1361 1457//1457
f 1456//1456 1457//1457 1666//1666
f 1666//1666 1457//1457 1661//1661
f 1666//1666 1661//1661 1667//1667
f 1667//1667 1661//1661 1662//1662
f 1667//1667 1662//1662 1668//1668
f 1668//1668 1662//1662 1663//1663
f 1668//1668 1663//1663 1532//1532
f 1532//1532 1663//1663 1664//1664
f 1532//1532 1664//1664 1530//1530
f 1530//1530 1664//1664 1665//1665
f 1530//1530 1665//1665 1669//1669
f 1669//1669 1665//1665 1536//1536
f 1670//1670 1536//1536 1538//1538
f 1358//1358 1357//1357 1511//1511
f 1511//1511 1357//1357 1456//1456
f 1511//1511 1456//1456 1515//1515
f 1515//1515 1456//1456 1666//1666
f 1515//1515 1666//1666 1519//1519
f 1519//1519 1666//1666 1667//1667
f 1519//1519 1667//1667 1522//1522
f 1522//1522 1667//1667 1668//1668
f 1522//1522 1668//1668 1523//1523
f 1523//1523 1668//1668 1532//1532
f 1523//1523 1532//1532 1671//1671
f 1671//1671 1532//1532 1534//1534
f 1033//1033 1034//1034 1672//1672
f 1032//1032 1033//1033 1673//1673
f 1031//1031 1032//1032 1674//1674
f 1675//1675 1507//1507 1676//1676
f 1676//1676 1507//1507 1506//1506
f 1676//1676 1506//1506 1677//1677
f 1677//1677 1506//1506 1030//1030
f 1677//1677 1030//1030 1031//1031
f 1678//1678 1504//1504 1679//1679
f 1679//1679 1504//1504 1503//1503
f 1679//1679 1503//1503 1675//1675
f 1675//1675 1508//1508 1507//1507
f 1478//1478 1477//1477 1680//1680
f 1680//1680 1477//1477 1500//1500
f 1680//1680 1500//1500 1681//1681
f 1681//1681 1500//1500 1502//1502
f 1681//1681 1502//1502 1678//1678
f 1678//1678 1502//1502 1505//1505
f 1678//1678 1505//1505 1504//1504
f 1478//1478 1680//1680 1497//1497
f 1497//1497 1680//1680 1682//1682
f 1497//1497 1682//1682 1683//1683
f 1684//1684 1494//1494 1685//1685
f 1685//1685 1494//1494 1499//1499
f 1685//1685 1499//1499 1683//1683
f 1683//1683 1499//1499 1498//1498
f 1683//1683 1498//1498 1497//1497
f 1033//1033 1672//1672 1673//1673
f 1673//1673 1672//1672 1686//1686
f 1673//1673 1686//1686 1687//1687
f 1687//1687 1686//1686 1688//1688
f 1687//1687 1688//1688 1689//1689
f 1689//1689 1688//1688 1690//1690
f 1689//1689 1690//1690 1691//1691
f 1691//1691 1690//1690 1692//1692
f 1691//1691 1692//1692 1693//1693
f 1693//1693 1692//1692 1694//1694
f 1693//1693 1694//1694 1695//1695
f 1695//1695 1694//1694 1696//1696
f 1695//1695 1696//1696 1697//1697
f 1697//1697 1696//1696 1698//1698
f 1697//1697 1698//1698 1699//1699
f 1699//1699 1698//1698 1700//1700
f 1699//1699 1700//1700 1701//1701
f 1701//1701 1700//1700 1702//1702
f 1701//1701 1702//1702 1703//1703
f 1703//1703 1702//1702 1704//1704
f 1703//1703 1704//1704 1705//1705
f 1705//1705 1704//1704 1706//1706
f 1705//1705 1706//1706 1707//1707
f 1707//1707 1706//1706 1708//1708
f 1707//1707 1708//1708 1709//1709
f 1709//1709 1708//1708 1710//1710
f 1709//1709 1710//1710 1711//1711
f 1032//1032 1673//1673 1674//1674
f 1674//1674 1673//1673 1687//1687
f 1674//1674 1687//1687 1712//1712
f 1712//1712 1687//1687 1689//1689
f 1712//1712 1689//1689 1713//1713
f 1713//1713 1689//1689 1691//1691
f 1713//1713 1691//1691 1714//1714
f 1714//1714 1691//1691 1693//1693
f 1714//1714 1693//1693 1715//1715
f 1715//1715 1693//1693 1695//1695
f 1715//1715 1695//1695 1716//1716
f 1716//1716 1695//1695 1697//1697
f 1716//1716 1697//1697 1717//1717
f 1717//1717 1697//1697 1699//1699
f 1717//1717 1699//1699 1718//1718
f 1718//1718 1699//1699 1701//1701
f 1718//1718 1701//1701 1719//1719
f 1719//1719 1701//1701 1703//1703
f 1719//1719 1703//1703 1720//1720
f 1720//1720 1703//1703 1705//1705
f 1720//1720 1705//1705 1721//1721
f 1721//1721 1705//1705 1707//1707
f 1721//1721 1707//1707 1722//1722
f 1722//1722 1707//1707 1709//1709
f 1722//1722 1709//1709 1723//1723
f 1723//1723 1709//1709 1711//1711
f 1723//1723 1711//1711 1724//1724
f 1031//1031 1674//1674 1677//1677
f 1677//1677 1674//1674 1712//1712
f 1677//1677 1712//1712 1676//1676
f 1676//1676 1712//1712 1713//1713
f 1676//1676 1713//1713 1675//1675
f 1675//1675 1713//1713 1714//1714
f 1675//1675 1714//1714 1679//1679
f 1679//1679 1714//1714 1715//1715
f 1679//1679 1715//1715 1678//1678
f 1678//1678 1715//1715 1716//1716
f 1678//1678 1716//1716 1681//1681
f 1681//1681 1716//1716 1717//1717
f 1681//1681 1717//1717 1680//1680
f 1680//1680 1717//1717 1718//1718
f 1680//1680 1718//1718 1682//1682
f 1682//1682 1718//1718 1719//1719
f 1682//1682 1719//1719 1683//1683
f 1683//1683 1719//1719 1720//1720
f 1683//1683 1720//1720 1685//1685
f 1685//1685 1720//1720 1721//1721
f 1685//1685 1721//1721 1684//1684
f 1684//1684 1721//1721 1722//1722
f 1684//1684 1722//1722 1725//1725
f 1725//1725 1722//1722 1723//1723
f 1725//1725 1723//1723 1726//1726
f 1726//1726 1723//1723 1724//1724
f 1726//1726 1724//1724 1727//1727
f 1727//1727 1492//1492 1491//1491
f 1727//1727 1491//1491 1726//1726
f 1726//1726 1491//1491 1490//1490
f 1726//1726 1490//1490 1725//1725
f 1725//1725 1496//1496 1684//1684
f 1684//1684 1496//1496 1495//1495
f 1684//1684 1495//1495 1494//1494
f 1487//1487 1486//1486 1728//1728
f 1728//1728 1486//1486 1727//1727
f 1728//1728 1727//1727 1729//1729
f 1729//1729 1727//1727 1724//1724
f 1729//1729 1724//1724 1730//1730
f 1730//1730 1724//1724 1711//1711
f 1730//1730 1711//1711 1731//1731
f 1731//1731 1711//1711 1710//1710
f 1731//1731 1732//1732 1730//1730
f 1730//1730 1732//1732 1733//1733
f 1730//1730 1733//1733 1729//1729
f 1729//1729 1733//1733 1734//1734
f 1729//1729 1734//1734 1728//1728
f 1728//1728 1734//1734 1735//1735
f 1728//1728 1735//1735 1487//1487
f 1483//1483 1482//1482 1735//1735
f 1735//1735 1482//1482 1488//1488
f 1735//1735 1488//1488 1487//1487
f 1736//1736 1737//1737 1738//1738
f 1738//1738 1737//1737 1739//1739
f 1738//1738 1739//1739 1740//1740
f 1740//1740 1739//1739 1741//1741
f 1740//1740 1741//1741 1742//1742
f 1742//1742 1741//1741 1743//1743
f 1732//1732 1743//1743 1733//1733
f 1733//1733 1743//1743 1741//1741
f 1733//1733 1741//1741 1734//1734
f 1734//1734 1741//1741 1739//1739
f 1734//1734 1739//1739 1735//1735
f 1735//1735 1739//1739 1737//1737
f 1735//1735 1737//1737 1483//1483
f 1483//1483 1737//1737 1736//1736
f 1483//1483 1736//1736 1484//1484
f 1744//1744 1736//1736 1745//1745
f 1745//1745 1736//1736 1738//1738
f 1745//1745 1738//1738 1746//1746
f 1746//1746 1738//1738 1740//1740
f 1746//1746 1740//1740 1747//1747
f 1747//1747 1740//1740 1742//1742
f 1748//1748 1480//1480 1744//1744
f 1748//1748 1744//1744 1749//1749
f 1749//1749 1744//1744 1745//1745
f 1749//1749 1745//1745 1750//1750
f 1750//1750 1745//1745 1746//1746
f 1750//1750 1746//1746 1751//1751
f 1751//1751 1746//1746 1747//1747
f 1752//1752 1753//1753 1754//1754
f 1755//1755 1756//1756 1757//1757
f 1758//1758 1759//1759 1760//1760
f 1761//1761 1762//1762 1763//1763
f 1761//1761 1763//1763 1751//1751
f 1444//1444 1443//1443 1764//1764
f 1764//1764 1443//1443 1748//1748
f 1764//1764 1748//1748 1765//1765
f 1765//1765 1748//1748 1749//1749
f 1765//1765 1749//1749 1763//1763
f 1763//1763 1749//1749 1750//1750
f 1763//1763 1750//1750 1751//1751
f 1446//1446 1444//1444 1766//1766
f 1766//1766 1444//1444 1764//1764
f 1766//1766 1764//1764 1767//1767
f 1767//1767 1764//1764 1765//1765
f 1767//1767 1765//1765 1760//1760
f 1760//1760 1765//1765 1763//1763
f 1760//1760 1763//1763 1758//1758
f 1758//1758 1763//1763 1762//1762
f 1455//1455 1446//1446 1768//1768
f 1768//1768 1446//1446 1766//1766
f 1768//1768 1766//1766 1769//1769
f 1769//1769 1766//1766 1767//1767
f 1769//1769 1767//1767 1757//1757
f 1757//1757 1767//1767 1760//1760
f 1757//1757 1760//1760 1755//1755
f 1755//1755 1760//1760 1759//1759
f 1454//1454 1455//1455 1770//1770
f 1770//1770 1455//1455 1768//1768
f 1770//1770 1768//1768 1771//1771
f 1771//1771 1768//1768 1769//1769
f 1771//1771 1769//1769 1754//1754
f 1754//1754 1769//1769 1757//1757
f 1754//1754 1757//1757 1752//1752
f 1752//1752 1757//1757 1756//1756
f 1753//1753 1772//1772 1754//1754
f 1754//1754 1772//1772 1773//1773
f 1754//1754 1773//1773 1771//1771
f 1770//1770 1771//1771 1774//1774
f 1454//1454 1770//1770 1775//1775
f 1772//1772 1776//1776 1773//1773
f 1773//1773 1776//1776 1777//1777
f 1773//1773 1777//1777 1778//1778
f 1778//1778 1779//1779 1780//1780
f 1779//1779 1781//1781 1780//1780
f 1780//1780 1781//1781 1782//1782
f 1780//1780 1782//1782 1783//1783
f 1783//1783 1782//1782 1784//1784
f 1783//1783 1784//1784 1785//1785
f 1784//1784 1786//1786 1785//1785
f 1785//1785 1786//1786 1787//1787
f 1785//1785 1787//1787 1788//1788
f 1788//1788 1789//1789 1790//1790
f 1789//1789 1791//1791 1790//1790
f 1792//1792 1793//1793 1794//1794
f 1792//1792 1794//1794 1795//1795
f 1795//1795 1796//1796 1797//1797
f 1797//1797 999//999 1798//1798
f 1771//1771 1773//1773 1774//1774
f 1774//1774 1773//1773 1778//1778
f 1774//1774 1778//1778 1799//1799
f 1799//1799 1778//1778 1780//1780
f 1799//1799 1780//1780 1800//1800
f 1800//1800 1780//1780 1783//1783
f 1800//1800 1783//1783 1801//1801
f 1801//1801 1783//1783 1785//1785
f 1801//1801 1785//1785 1802//1802
f 1802//1802 1785//1785 1788//1788
f 1802//1802 1788//1788 1803//1803
f 1803//1803 1788//1788 1790//1790
f 1803//1803 1790//1790 1804//1804
f 1805//1805 1792//1792 1795//1795
f 1805//1805 1795//1795 1806//1806
f 1806//1806 1795//1795 1797//1797
f 1806//1806 1797//1797 1807//1807
f 1807//1807 1797//1797 1798//1798
f 1807//1807 1798//1798 1808//1808
f 1770//1770 1774//1774 1775//1775
f 1775//1775 1774//1774 1799//1799
f 1775//1775 1799//1799 1809//1809
f 1809//1809 1799//1799 1800//1800
f 1809//1809 1800//1800 1810//1810
f 1810//1810 1800//1800 1801//1801
f 1810//1810 1801//1801 1811//1811
f 1811//1811 1801//1801 1802//1802
f 1811//1811 1802//1802 1812//1812
f 1812//1812 1802//1802 1803//1803
f 1812//1812 1803//1803 1813//1813
f 1813//1813 1803//1803 1804//1804
f 1813//1813 1804//1804 1814//1814
f 1815//1815 1805//1805 1806//1806
f 1815//1815 1806//1806 1816//1816
f 1816//1816 1806//1806 1807//1807
f 1816//1816 1807//1807 1817//1817
f 1817//1817 1807//1807 1808//1808
f 1817//1817 1808//1808 1818//1818
f 1454//1454 1775//1775 1437//1437
f 1437//1437 1775//1775 1809//1809
f 1437//1437 1809//1809 1435//1435
f 1435//1435 1809//1809 1810//1810
f 1435//1435 1810//1810 1448//1448
f 1449//1449 1811//1811 1812//1812
f 1449//1449 1812//1812 1420//1420
f 1420//1420 1812//1812 1813//1813
f 1420//1420 1813//1813 1421//1421
f 1421//1421 1813//1813 1814//1814
f 1421//1421 1814//1814 1430//1430
f 1428//1428 1815//1815 1816//1816
f 1428//1428 1816//1816 1426//1426
f 1426//1426 1816//1816 1817//1817
f 1426//1426 1817//1817 1440//1440
f 1440//1440 1817//1817 1818//1818
f 1440//1440 1818//1818 1425//1425
f 993//993 992//992 1819//1819
f 996//996 995//995 1820//1820
f 1419//1419 1425//1425 1821//1821
f 1821//1821 1425//1425 1818//1818
f 1821//1821 1818//1818 1822//1822
f 1822//1822 1818//1818 1808//1808
f 1822//1822 1808//1808 1823//1823
f 1823//1823 1808//1808 1798//1798
f 1823//1823 1798//1798 998//998
f 998//998 1798//1798 999//999
f 1417//1417 1419//1419 1824//1824
f 1824//1824 1419//1419 1821//1821
f 1824//1824 1821//1821 1825//1825
f 1825//1825 1821//1821 1822//1822
f 1825//1825 1822//1822 1820//1820
f 1820//1820 1822//1822 1823//1823
f 1820//1820 1823//1823 996//996
f 1414//1414 1417//1417 1826//1826
f 1826//1826 1417//1417 1824//1824
f 1826//1826 1824//1824 1827//1827
f 1827//1827 1824//1824 1825//1825
f 1827//1827 1825//1825 1819//1819
f 1819//1819 1825//1825 1820//1820
f 1819//1819 1820//1820 993//993
f 1415//1415 1414//1414 1826//1826
f 1415//1415 1826//1826 1828//1828
f 1828//1828 1826//1826 1827//1827
f 1828//1828 1827//1827 1829//1829
f 1829//1829 1827//1827 1819//1819
f 1829//1829 1819//1819 1830//1830
f 1830//1830 1819//1819 992//992
f 1830//1830 992//992 1831//1831
f 1510//1510 1509//1509 1832//1832
f 1516//1516 1521//1521 1833//1833
f 1830//1830 1831//1831 1834//1834
f 1829//1829 1830//1830 1835//1835
f 1828//1828 1829//1829 1836//1836
f 1415//1415 1828//1828 1837//1837
f 1415//1415 1837//1837 1537//1537
f 1537//1537 1837//1837 1838//1838
f 1537//1537 1838//1838 1538//1538
f 1538//1538 1838//1838 1670//1670
f 1670//1670 1838//1838 1839//1839
f 1535//1535 1839//1839 1840//1840
f 1535//1535 1840//1840 1528//1528
f 1528//1528 1840//1840 1529//1529
f 1529//1529 1840//1840 1841//1841
f 1529//1529 1841//1841 1531//1531
f 1531//1531 1841//1841 1842//1842
f 1531//1531 1842//1842 1533//1533
f 1533//1533 1842//1842 1843//1843
f 1533//1533 1843//1843 1534//1534
f 1830//1830 1834//1834 1835//1835
f 1835//1835 1834//1834 1844//1844
f 1835//1835 1844//1844 1845//1845
f 1845//1845 1844//1844 1846//1846
f 1845//1845 1846//1846 1847//1847
f 1847//1847 1846//1846 1848//1848
f 1847//1847 1848//1848 1849//1849
f 1849//1849 1848//1848 1850//1850
f 1849//1849 1850//1850 1851//1851
f 1851//1851 1850//1850 1852//1852
f 1851//1851 1852//1852 1853//1853
f 1853//1853 1852//1852 1854//1854
f 1853//1853 1854//1854 1855//1855
f 1855//1855 1854//1854 1856//1856
f 1855//1855 1856//1856 1857//1857
f 1829//1829 1835//1835 1836//1836
f 1836//1836 1835//1835 1845//1845
f 1836//1836 1845//1845 1858//1858
f 1858//1858 1845//1845 1847//1847
f 1858//1858 1847//1847 1859//1859
f 1859//1859 1847//1847 1849//1849
f 1859//1859 1849//1849 1860//1860
f 1860//1860 1849//1849 1851//1851
f 1860//1860 1851//1851 1861//1861
f 1861//1861 1851//1851 1853//1853
f 1861//1861 1853//1853 1862//1862
f 1862//1862 1853//1853 1855//1855
f 1862//1862 1855//1855 1863//1863
f 1863//1863 1855//1855 1857//1857
f 1863//1863 1857//1857 1864//1864
f 1828//1828 1836//1836 1837//1837
f 1837//1837 1836//1836 1858//1858
f 1837//1837 1858//1858 1838//1838
f 1838//1838 1858//1858 1859//1859
f 1838//1838 1859//1859 1839//1839
f 1839//1839 1859//1859 1860//1860
f 1839//1839 1860//1860 1840//1840
f 1840//1840 1860//1860 1861//1861
f 1840//1840 1861//1861 1841//1841
f 1841//1841 1861//1861 1862//1862
f 1841//1841 1862//1862 1842//1842
f 1842//1842 1862//1862 1863//1863
f 1842//1842 1863//1863 1843//1843
f 1843//1843 1863//1863 1864//1864
f 1843//1843 1864//1864 1865//1865
f 1865//1865 1524//1524 1523//1523
f 1865//1865 1523//1523 1843//1843
f 1843//1843 1523//1523 1671//1671
f 1856//1856 1866//1866 1857//1857
f 1857//1857 1866//1866 1867//1867
f 1857//1857 1867//1867 1864//1864
f 1864//1864 1867//1867 1868//1868
f 1864//1864 1868//1868 1865//1865
f 1865//1865 1868//1868 1869//1869
f 1865//1865 1869//1869 1524//1524
f 1527//1527 1526//1526 1869//1869
f 1869//1869 1526//1526 1525//1525
f 1869//1869 1525//1525 1524//1524
f 1870//1870 1871//1871 1872//1872
f 1872//1872 1871//1871 1873//1873
f 1872//1872 1873//1873 1874//1874
f 1874//1874 1873//1873 1875//1875
f 1874//1874 1875//1875 1876//1876
f 1876//1876 1875//1875 1877//1877
f 1866//1866 1877//1877 1867//1867
f 1867//1867 1877//1877 1875//1875
f 1867//1867 1875//1875 1868//1868
f 1868//1868 1875//1875 1873//1873
f 1868//1868 1873//1873 1869//1869
f 1869//1869 1873//1873 1871//1871
f 1869//1869 1871//1871 1527//1527
f 1527//1527 1871//1871 1870//1870
f 1527//1527 1870//1870 1517//1517
f 1517//1517 1870//1870 1518//1518
f 1520//1520 1518//1518 1878//1878
f 1878//1878 1518//1518 1870//1870
f 1878//1878 1870//1870 1879//1879
f 1879//1879 1870//1870 1872//1872
f 1879//1879 1872//1872 1880//1880
f 1880//1880 1872//1872 1874//1874
f 1880//1880 1874//1874 1881//1881
f 1881//1881 1874//1874 1876//1876
f 1521//1521 1520//1520 1833//1833
f 1833//1833 1520//1520 1878//1878
f 1833//1833 1878//1878 1882//1882
f 1882//1882 1878//1878 1879//1879
f 1882//1882 1879//1879 1883//1883
f 1883//1883 1879//1879 1880//1880
f 1883//1883 1880//1880 1884//1884
f 1884//1884 1880//1880 1881//1881
f 1514//1514 1516//1516 1885//1885
f 1885//1885 1516//1516 1833//1833
f 1885//1885 1833//1833 1886//1886
f 1886//1886 1833//1833 1882//1882
f 1886//1886 1882//1882 1887//1887
f 1887//1887 1882//1882 1883//1883
f 1887//1887 1883//1883 1888//1888
f 1888//1888 1883//1883 1884//1884
f 1509//1509 1514//1514 1832//1832
f 1832//1832 1514//1514 1885//1885
f 1832//1832 1885//1885 1889//1889
f 1889//1889 1885//1885 1886//1886
f 1889//1889 1886//1886 1890//1890
f 1890//1890 1886//1886 1887//1887
f 1890//1890 1887//1887 1891//1891
f 1891//1891 1887//1887 1888//1888
f 1892//1892 1510//1510 1832//1832
f 1892//1892 1832//1832 1893//1893
f 1893//1893 1832//1832 1889//1889
f 1893//1893 1889//1889 1894//1894
f 1894//1894 1889//1889 1890//1890
f 1894//1894 1890//1890 1895//1895
f 1895//1895 1890//1890 1891//1891
f 1513//1513 1512//1512 1896//1896
f 1896//1896 1512//1512 1892//1892
f 1896//1896 1892//1892 1897//1897
f 1897//1897 1892//1892 1893//1893
f 1897//1897 1893//1893 1898//1898
f 1898//1898 1893//1893 1894//1894
f 1898//1898 1894//1894 1899//1899
f 1899//1899 1894//1894 1895//1895
f 1003//1003 1513//1513 1004//1004
f 1004//1004 1513//1513 1896//1896
f 1004//1004 1896//1896 1006//1006
f 1006//1006 1896//1896 1897//1897
f 1006//1006 1897//1897 1008//1008
f 1008//1008 1897//1897 1898//1898
f 1008//1008 1898//1898 1010//1010
f 1010//1010 1898//1898 1899//1899
f 1900//1900 1901//1901 1884//1884
f 1902//1902 1010//1010 1899//1899
f 1902//1902 1899//1899 1903//1903
f 1884//1884 1901//1901 1888//1888
f 1904//1904 1905//1905 1010//1010
f 1010//1010 1905//1905 1906//1906
f 1010//1010 1906//1906 1009//1009
f 1009//1009 1906//1906 1014//1014
f 1901//1901 1907//1907 1888//1888
f 1888//1888 1908//1908 1891//1891
f 1891//1891 1908//1908 1903//1903
f 1891//1891 1903//1903 1895//1895
f 1895//1895 1903//1903 1899//1899
f 1877//1877 1909//1909 1876//1876
f 1876//1876 1909//1909 1900//1900
f 1876//1876 1900//1900 1881//1881
f 1881//1881 1900//1900 1884//1884
f 992//992 1910//1910 1831//1831
f 1831//1831 1911//1911 1834//1834
f 1834//1834 1912//1912 1844//1844
f 1844//1844 1913//1913 1846//1846
f 1846//1846 1914//1914 1848//1848
f 1848//1848 1915//1915 1850//1850
f 1850//1850 1915//1915 1916//1916
f 1850//1850 1916//1916 1852//1852
f 1852//1852 1916//1916 1917//1917
f 1852//1852 1917//1917 1854//1854
f 1854//1854 1918//1918 1856//1856
f 1856//1856 1918//1918 1919//1919
f 1856//1856 1919//1919 1866//1866
f 1866//1866 1920//1920 1877//1877
f 1921//1921 1332//1332 1922//1922
f 1923//1923 1921//1921 1924//1924
f 1121//1121 1120//1120 1925//1925
f 1925//1925 1926//1926 1121//1121
f 1138//1138 1927//1927 1139//1139
f 1141//1141 1927//1927 1928//1928
f 1141//1141 1928//1928 1146//1146
f 1146//1146 1929//1929 1147//1147
f 1147//1147 1930//1930 1155//1155
f 1155//1155 1931//1931 1932//1932
f 1157//1157 1933//1933 1165//1165
f 1165//1165 1934//1934 1166//1166
f 1166//1166 1935//1935 1168//1168
f 1168//1168 1936//1936 1170//1170
f 1170//1170 1936//1936 1937//1937
f 1938//1938 1194//1194 1192//1192
f 1192//1192 1191//1191 1938//1938
f 1938//1938 1191//1191 1180//1180
f 1939//1939 1178//1178 1940//1940
f 1940//1940 1178//1178 1177//1177
f 1940//1940 1177//1177 1170//1170
f 1941//1941 1942//1942 1194//1194
f 1194//1194 1943//1943 1196//1196
f 1196//1196 1943//1943 1198//1198
f 1943//1943 1944//1944 1198//1198
f 1198//1198 1945//1945 1206//1206
f 1206//1206 1945//1945 1207//1207
f 1211//1211 1946//1946 1213//1213
f 1215//1215 1947//1947 1216//1216
f 1948//1948 1229//1229 1227//1227
f 1216//1216 1948//1948 1226//1226
f 1226//1226 1948//1948 1227//1227
f 1241//1241 1240//1240 1949//1949
f 1949//1949 1240//1240 1229//1229
f 1255//1255 1950//1950 1256//1256
f 1063//1063 1062//1062 1951//1951
f 1951//1951 1070//1070 1069//1069
f 1015//1015 1039//1039 1952//1952
f 1039//1039 1044//1044 1952//1952
f 1952//1952 1044//1044 1051//1051
f 1952//1952 1051//1051 1953//1953
f 1954//1954 1955//1955 1102//1102
f 1051//1051 1050//1050 1953//1953
f 1953//1953 1050//1050 1951//1951
f 1015//1015 1952//1952 1956//1956
f 1956//1956 1952//1952 1957//1957
f 1016//1016 1015//1015 1956//1956
f 1956//1956 1958//1958 1016//1016
f 1016//1016 1958//1958 1959//1959
f 1016//1016 1959//1959 1960//1960
f 1961//1961 1710//1710 1708//1708
f 1962//1962 1708//1708 1706//1706
f 1962//1962 1706//1706 1963//1963
f 1963//1963 1706//1706 1704//1704
f 1964//1964 1704//1704 1702//1702
f 1964//1964 1702//1702 1965//1965
f 1965//1965 1702//1702 1700//1700
f 1965//1965 1700//1700 1966//1966
f 1966//1966 1700//1700 1698//1698
f 1966//1966 1698//1698 1967//1967
f 1967//1967 1698//1698 1696//1696
f 1968//1968 1696//1696 1694//1694
f 1968//1968 1694//1694 1969//1969
f 1969//1969 1694//1694 1692//1692
f 1969//1969 1692//1692 1970//1970
f 1970//1970 1692//1692 1690//1690
f 1970//1970 1690//1690 1971//1971
f 1971//1971 1690//1690 1688//1688
f 1972//1972 1688//1688 1686//1686
f 1972//1972 1686//1686 1973//1973
f 1973//1973 1686//1686 1672//1672
f 1973//1973 1672//1672 1960//1960
f 1960//1960 1672//1672 1034//1034
f 1960//1960 1034//1034 1016//1016
f 1974//1974 1742//1742 1743//1743
f 1975//1975 1743//1743 1732//1732
f 1976//1976 1732//1732 1731//1731
f 1976//1976 1731//1731 1710//1710
f 1742//1742 1977//1977 1747//1747
f 1747//1747 1978//1978 1751//1751
f 1751//1751 1979//1979 1761//1761
f 1761//1761 1979//1979 1762//1762
f 1762//1762 1980//1980 1758//1758
f 1758//1758 1981//1981 1759//1759
f 1759//1759 1982//1982 1755//1755
f 1755//1755 1983//1983 1756//1756
f 1756//1756 1984//1984 1752//1752
f 1752//1752 1985//1985 1753//1753
f 1986//1986 1777//1777 1776//1776
f 1753//1753 1987//1987 1772//1772
f 1772//1772 1988//1988 1776//1776
f 1776//1776 1989//1989 1986//1986
f 1990//1990 1787//1787 1786//1786
f 1991//1991 1786//1786 1784//1784
f 1992//1992 1784//1784 1782//1782
f 1993//1993 1782//1782 1781//1781
f 1994//1994 1781//1781 1779//1779
f 1995//1995 999//999 1796//1796
f 1796//1796 1996//1996 1997//1997
f 1998//1998 1794//1794 1793//1793
f 1999//1999 1791//1791 1789//1789
f 1999//1999 1789//1789 1787//1787
