# Converted from the official Rethink Robotics Baxter DAE
v -0.02255827 -0.05828696 -0.03626769
v -0.01202678 -0.0612083 -0.03631871
v -0.01164853 -0.06300282 -0.03635007
v -0.01069217 -0.06157857 -0.03632515
v -0.007954299 -0.06345039 -0.03635782
v -0.01759809 -0.06189125 -0.03633064
v -0.02331376 -0.06032556 -0.03630334
v -0.02361768 -0.05775153 -0.03625833
v -0.02877998 -0.0583052 -0.03626799
v -0.03354859 -0.0527327 -0.03617078
v -0.03399294 -0.05581915 -0.03622466
v -0.03432673 -0.05212211 -0.03616017
v -0.03665429 -0.05430293 -0.03619813
v -0.04323661 -0.04513132 -0.0360381
v -0.06108659 -0.01312553 -0.03547942
v -0.06106358 -0.01332187 -0.03548288
v -0.0639978 -0.01156038 -0.03545206
v -0.001680552 -0.06381541 -0.03636419
v 9.98205e-06 -0.06236392 -0.03633892
v 0.004528999 -0.06370967 -0.03636234
v 0.001588821 -0.06247979 -0.03634095
v 0.01064944 -0.06314152 -0.03635251
v 0.01204073 -0.06117606 -0.03631818
v 0.01477748 -0.0624805 -0.03634095
v 0.01380825 -0.06095552 -0.0363143
v 0.02026575 -0.06122493 -0.03631895
v 0.02361363 -0.05769044 -0.03625726
v 0.02554303 -0.05956786 -0.03629004
v 0.02549165 -0.05706501 -0.03624635
v 0.03059971 -0.05750453 -0.03625404
v 0.0342943 -0.05203902 -0.03615868
v 0.0354216 -0.0550279 -0.03621089
v 0.06134349 -0.05288887 -0.03617352
v 0.0483933 -0.05152106 -0.03614968
v 0.04547452 -0.0428754 -0.03599876
v 0.04600411 -0.05146116 -0.03614854
v 0.04368233 -0.04443514 -0.036026
v -0.06499963 0 -0.0352503
v -0.06250947 0 -0.0352503
v -0.06249046 -0.001090705 -0.03526932
v 0.04321986 -0.05182027 -0.0361548
v 0.04228252 -0.05203503 -0.03615862
v 0.03618544 -0.05095928 -0.03613978
v 0.0392071 -0.05306172 -0.03617656
v 0.03625249 -0.05454367 -0.03620243
v 0.05299842 -0.03312712 -0.03582859
v 0.0572341 -0.0245772 -0.03567934
v 0.06319582 -0.03979367 -0.03594487
v 0.05846494 -0.02209287 -0.03563594
v 0.06089061 -0.01306992 -0.03547847
v 0.06166177 -0.01020097 -0.0354284
v 0.06249046 -0.001090705 -0.03526932
v 0.06250536 -0.000237825 -0.03525441
v -0.04105705 -0.0513547 -0.0361467
v -0.04512768 -0.04803681 -0.03608882
v -0.04375118 -0.04453051 -0.03602761
v -0.04886841 -0.044339 -0.03602427
v -0.0512461 -0.0357781 -0.03587484
v -0.05093985 -0.04194867 -0.03598248
v -0.05403637 -0.03777545 -0.03590971
v -0.0515362 -0.03526055 -0.03586584
v -0.05674993 -0.03331041 -0.03583174
v -0.05726647 -0.02503591 -0.03568732
v 0.05142563 -0.03516495 -0.03586417
v 0.06320446 -0.04005122 -0.0359494
v 0.06322139 -0.04030823 -0.03595387
v 0.06516319 -0.05060726 -0.03613364
v 0.06608432 -0.05338686 -0.03618222
v -0.06470477 -0.005754113 -0.03535073
v -0.05908662 -0.02855956 -0.03574877
v -0.05937922 -0.02788245 -0.03573697
v -0.0573883 -0.02465981 -0.03568077
v -0.06134539 -0.02263516 -0.03564542
v -0.06287992 -0.01719099 -0.03555035
v 0.06673765 -0.05356609 -0.03619766
v 0.06735938 -0.05372941 -0.0362342
v 0.06132155 -0.05309599 -0.03622299
v 0.07252866 -0.05453449 -0.03683763
v 0.06129992 -0.05328947 -0.03695738
v 0.07189524 -0.05448234 -0.03677481
v 0.06129181 -0.05336999 -0.03675913
v 0.073722 -0.05461359 -0.03694522
v 0.07408452 -0.0546332 -0.03697514
v 0.07409662 -0.05463373 -0.03697603
v 0.07029336 -0.05431342 -0.03659832
v 0.07079511 -0.05437326 -0.03665655
v 0.07183879 -0.05447769 -0.03676927
v 0.06998252 -0.05426955 -0.03655976
v 0.06129312 -0.05336081 -0.03654527
v 0.06947457 -0.05419772 -0.03649657
v 0.06784391 -0.05385261 -0.03627693
v 0.06840145 -0.05399042 -0.03634715
v 0.06130373 -0.0532636 -0.03635489
v 0.06854903 -0.05402171 -0.03636837
v 0.06895977 -0.05410909 -0.03642767
v 0.06738716 -0.05373662 -0.0362358
v 0.06631028 -0.0534498 -0.03618478
v 0.04837113 -0.0517292 -0.03619956
v 0.04835307 -0.0518971 -0.03633296
v 0.04834246 -0.05199378 -0.03652495
v 0.04834133 -0.05200123 -0.03674006
v 0.04834973 -0.05191808 -0.0369383
v 0.06881868 -0.05258148 -0.03537857
v 0.06865954 -0.05246239 -0.0354346
v 0.07067751 -0.0520671 -0.0333845
v 0.07054984 -0.05180943 -0.03342318
v 0.07141381 -0.05203735 -0.03070992
v 0.07125252 -0.0516014 -0.03068304
v 0.07172161 -0.05283319 -0.030855
v 0.07092463 -0.0525617 -0.03337144
v 0.06912356 -0.05282652 -0.03530216
v 0.06993621 -0.05355083 -0.03531432
v 0.06959664 -0.05323874 -0.03526854
v 0.07159775 -0.05386579 -0.03372204
v 0.07131415 -0.05332481 -0.03350549
v 0.07253229 -0.05474126 -0.03178405
v 0.07219535 -0.05397772 -0.03130024
v 0.07035779 -0.05394995 -0.03547066
v 0.07195389 -0.05452626 -0.03416013
v 0.07294714 -0.05563187 -0.03261476
v 0.07408767 -0.0546351 -0.0369727
v 0.07382047 -0.05467092 -0.03686738
v 0.07246631 -0.05468785 -0.03625714
v 0.07295334 -0.05471652 -0.03648811
v 0.07409083 -0.05463713 -0.03697019
v 0.07409399 -0.05463916 -0.03696781
v 0.07391852 -0.05473124 -0.03679126
v 0.07401615 -0.05479449 -0.03671687
v 0.07336717 -0.05495476 -0.03616005
v 0.07376563 -0.05524653 -0.03585702
v 0.07306617 -0.05501842 -0.03577637
v 0.07362455 -0.05546146 -0.03533816
v 0.07176047 -0.05456191 -0.03591632
v 0.0736106 -0.05547791 -0.03528404
v 0.07264888 -0.05501449 -0.03519427
v 0.07341581 -0.05570822 -0.0345267
v 0.07246953 -0.05496728 -0.03492498
v 0.07331728 -0.05578523 -0.03412693
v 0.07094407 -0.05426257 -0.03556984
v 0.07143855 -0.05446547 -0.03576761
v 0.07221424 -0.05482578 -0.03452491
v 0.07065492 -0.05411368 -0.03549188
v 0.07207995 -0.05469709 -0.03431779
v 0.0732274 -0.05581104 -0.03375345
v 0.0731582 -0.05583089 -0.03346621
v 0.07305824 -0.05578702 -0.03305107
v 0.06870293 -0.03995448 0.03045475
v 0.06870293 -0.03995448 -0.03045475
v 0.06869769 -0.03987413 -0.03045028
v 0.06869769 -0.03987413 0.03045028
v 0.06869494 -0.03979367 -0.03044581
v 0.06869494 -0.03979367 0.03044581
v 0.06800037 0 0.02975118
v 0.06800037 0 -0.02975118
v 0.03782081 -0.05481725 -0.033867
v 0.03737354 -0.0539627 -0.03369188
v 0.03625249 -0.0545873 -0.03370279
v 0.03822046 -0.05557507 -0.03434365
v 0.03734171 -0.05640518 -0.03462493
v 0.03852957 -0.05615496 -0.03507113
v 0.03747385 -0.05662083 -0.0350219
v 0.03871524 -0.05649524 -0.03597158
v 0.03767263 -0.0569452 -0.0356189
v 0.03769487 -0.05697858 -0.03584969
v 0.0367254 -0.05537998 -0.0339021
v 0.0368427 -0.05557668 -0.03395164
v 0.03714239 -0.05607438 -0.03435599
v 0.03875768 -0.05655956 -0.0369488
v 0.04009717 -0.05593109 -0.0371735
v 0.04126822 -0.05544674 -0.03630137
v 0.04026502 -0.05269587 -0.03366971
v 0.04061985 -0.05368149 -0.03387707
v 0.04092973 -0.0545355 -0.03443813
v 0.04115539 -0.05514991 -0.03528177
v 0.03778439 -0.05711317 -0.03678005
v 0.04125404 -0.05538839 -0.03736752
v 0.04264199 -0.05492264 -0.0375874
v 0.04382085 -0.05475074 -0.03663486
v 0.04321986 -0.0518639 -0.03365522
v 0.04344666 -0.05296856 -0.03389608
v 0.04363983 -0.05390214 -0.03454458
v 0.04377108 -0.05452704 -0.03550475
v 0.04378181 -0.05454009 -0.03776782
v 0.04492038 -0.05430662 -0.03793585
v 0.04602527 -0.05444306 -0.03692442
v 0.04537266 -0.05421388 -0.03800261
v 0.04600507 -0.05408418 -0.03809589
v 0.04584699 -0.05151343 -0.03364908
v 0.04591852 -0.0527063 -0.03392022
v 0.04597806 -0.05369132 -0.03464657
v 0.04601573 -0.05430442 -0.03570687
v 0.0483933 -0.05156469 -0.03365004
v 0.04826033 -0.05281358 -0.03394979
v 0.04815191 -0.05382156 -0.0347498
v 0.04808831 -0.05440151 -0.03590184
v 0.04808115 -0.05444622 -0.0371924
v 0.04813188 -0.05394721 -0.03838235
v 0.06755357 -0.006599426 -0.07702755
v 0.06770199 -0.005396187 -0.07719886
v 0.06846445 -0.005158305 -0.07370704
v 0.06653499 -0.01314371 -0.07581835
v 0.06717592 -0.009661614 -0.07659167
v 0.06797862 -0.009246945 -0.07316344
v 0.06639814 -0.01388752 -0.07565325
v 0.06725752 -0.01331543 -0.07231873
v 0.06629139 -0.01739519 -0.07116001
v 0.04888951 -0.05153483 -0.04208523
v 0.04223561 -0.05434709 -0.04012155
v 0.03833848 -0.05673259 -0.03758352
v 0.04364669 -0.05415225 -0.03887492
v 0.04099875 -0.05490517 -0.0414415
v 0.04368776 -0.05276304 -0.04525041
v 0.04567557 -0.0515508 -0.04472488
v 0.04438495 -0.05220746 -0.04623818
v 0.04763478 -0.0491954 -0.05076742
v 0.04895752 -0.04844474 -0.04905605
v 0.04857206 -0.04822582 -0.05206316
v 0.05044949 -0.04686731 -0.05101275
v 0.04920911 -0.05318325 -0.0395593
v 0.05062872 -0.05217659 -0.04111015
v 0.05244666 -0.04842686 -0.04615169
v 0.05437397 -0.04916089 -0.04515767
v 0.0540651 -0.04684764 -0.04798614
v 0.04911965 -0.04765933 -0.05282032
v 0.05199486 -0.0443542 -0.05676335
v 0.05332231 -0.04348933 -0.05475795
v 0.05290246 -0.04315453 -0.05799472
v 0.05598562 -0.03988397 -0.05820274
v 0.05468195 -0.04080253 -0.060409
v 0.0567252 -0.03769451 -0.06315022
v 0.05843478 -0.03606194 -0.06134438
v 0.06272906 -0.03604274 -0.05762624
v 0.06245797 -0.04076057 -0.05375236
v 0.0600714 -0.03986191 -0.05470508
v 0.05938458 -0.044312 -0.05050802
v 0.05718183 -0.0434674 -0.05149096
v 0.05807942 -0.04562056 -0.04911738
v 0.0560835 -0.04762148 -0.04699105
v 0.05717462 -0.03701084 -0.06375312
v 0.05946743 -0.03297591 -0.06679069
v 0.06066679 -0.03202503 -0.06418031
v 0.06000792 -0.03190428 -0.06749892
v 0.06180328 -0.02970618 -0.06561172
v 0.06827384 -0.02569288 -0.06357443
v 0.06923002 -0.03063338 -0.06076502
v 0.06638437 -0.02970039 -0.06157457
v 0.06789958 -0.03295391 -0.05940592
v 0.06515103 -0.03201335 -0.06025308
v 0.06573116 -0.03630536 -0.05716675
v 0.06529814 -0.03697472 -0.0567196
v 0.06064367 -0.03064405 -0.06833183
v 0.06245774 -0.02657938 -0.07068395
v 0.06354308 -0.02568709 -0.06778484
v 0.06273525 -0.02584254 -0.07103884
v 0.06503885 -0.02158308 -0.06963294
v 0.06403237 -0.02239841 -0.07269799
v 0.06490808 -0.01957041 -0.07380068
v 0.06536304 -0.01810127 -0.07437354
v 0.0472064 -0.05132216 -0.04331362
v 0.05059891 -0.0481826 -0.04748153
v 0.05213963 -0.04658985 -0.04936069
v 0.05510193 -0.04318511 -0.05294901
v 0.05784201 -0.03955996 -0.05623805
v 0.0603556 -0.03572714 -0.05922555
v 0.06264007 -0.03169095 -0.06191056
v 0.06380051 -0.02937781 -0.06326079
v 0.06557351 -0.02537769 -0.06530284
v 0.0670939 -0.02130377 -0.06703084
v 0.06836378 -0.01715803 -0.06845158
v 0.06934112 -0.01312899 -0.0695244
v 0.06990039 -0.0216009 -0.06526803
v 0.07126402 -0.01742595 -0.06666159
v 0.0723173 -0.01335793 -0.06771486
v 0.07577705 -0.0136547 -0.06723845
v 0.0757125 -0.01396572 -0.06717813
v 0.07454925 -0.01815801 -0.06606334
v 0.07305246 -0.02243143 -0.06459939
v 0.07174026 -0.02550691 -0.06329375
v 0.07127809 -0.02658998 -0.0628339
v 0.07658612 -0.009759008 -0.06799346
v 0.0731045 -0.009299993 -0.06847989
v 0.07006925 -0.009119451 -0.07030296
v 0.0771768 -0.005511105 -0.06851994
v 0.07363516 -0.005221009 -0.06897073
v 0.0705592 -0.005096495 -0.07080209
v 0.07748103 -0.001210927 -0.06875652
v 0.07390904 -0.00110352 -0.06918925
v 0.07081252 -0.001040101 -0.0710237
v 0.06871557 -0.001031339 -0.07394951
v 0.06797301 -0.001078665 -0.07747149
v -0.04219394 -0.04249167 0.08375787
v -0.04255259 -0.04211229 0.08376455
v 0.06059873 0 0.08449959
v -0.04591202 -0.038558 0.08382654
v -0.04653227 -0.03778731 0.08384001
v -0.05976164 -0.008980631 0.08434283
v -0.060157 -0.005744755 0.08439934
v -0.06042909 -0.003516972 0.0844382
v -0.06059873 0 0.08449959
v 0.006960332 -0.05902987 0.08346921
v 0.005890548 -0.05910313 0.08346796
v 0.001464784 -0.05940604 0.08346265
v -0.0485 -0.03534185 0.08388268
v -0.05004215 -0.03307414 0.08392226
v -0.05159932 -0.03078413 0.08396226
v -0.05310857 -0.02806061 0.08400982
v -0.05424845 -0.02600347 0.0840457
v -0.05567634 -0.02277022 0.08410215
v -0.05644971 -0.02101898 0.08413273
v -0.0577225 -0.01725351 0.08419841
v -0.05820167 -0.01583635 0.08422315
v -0.05860072 -0.0143882 0.08424842
v -0.05920851 -0.01155716 0.08429789
v 0.04335182 -0.04134184 0.08377796
v 0.04653155 -0.03778499 0.08384007
v 0.06024217 -0.005518794 0.08440327
v 0.06020623 -0.005750477 0.08439922
v 0.05940002 -0.01093906 0.08430868
v 0.05924469 -0.01156407 0.08429777
v 0.05808055 -0.01625025 0.08421593
v 0.05774664 -0.01726192 0.08419829
v 0.05691218 -0.0197907 0.08415412
v 0.05567193 -0.02276962 0.08410215
v 0.05480408 -0.02485412 0.08406579
v 0.05311352 -0.02806466 0.0840097
v 0.05227082 -0.02966493 0.08398181
v 0.05005604 -0.0330848 0.08392208
v 0.0493232 -0.03421652 0.08390235
v 0.04699856 -0.03726261 0.08384919
v 0.04254072 -0.04209756 0.08376479
v 0.03938359 -0.04503947 0.08371341
v 0.03814733 -0.04599791 0.08369672
v 0.0351026 -0.0483585 0.08365547
v 0.03340524 -0.04946953 0.0836361
v 0.03162539 -0.05063444 0.08361577
v 0.02832758 -0.05243247 0.08358436
v 0.02679616 -0.05326741 0.08356982
v 0.02299481 -0.05491226 0.08354109
v 9.89199e-07 -0.05937564 0.08346319
v -0.004029214 -0.05929183 0.08346468
v -0.005889773 -0.05910736 0.0834679
v -0.008149087 -0.05888319 0.08347177
v -0.01171952 -0.05824351 0.08348298
v -0.01355564 -0.05791443 0.0834887
v -0.01535069 -0.05748057 0.08349627
v -0.0174368 -0.05684143 0.08350741
v -0.0205996 -0.05587238 0.08352434
v -0.02298969 -0.05489724 0.08354139
v -0.02563816 -0.05381673 0.08356022
v -0.02832591 -0.05242669 0.08358448
v 0.02178323 -0.05543661 0.08353197
v 0.01744359 -0.05686616 0.083507
v 0.0165959 -0.05714547 0.08350211
v -0.03045839 -0.05132389 0.08360373
v -0.03341972 -0.04949122 0.08363574
v -0.03370988 -0.04931175 0.08363884
v 0.01243871 -0.05815583 0.08348447
v 0.01172477 -0.05826967 0.0834825
v -0.03812551 -0.04608017 0.08369529
v -0.03817611 -0.0460354 0.08369606
v -0.06059873 0 0.07749855
v -0.06024688 -0.005575478 0.07740122
v -0.06021469 -0.005787312 0.07739752
v -0.05941778 -0.0110498 0.07730567
v -0.05927526 -0.01163679 0.07729542
v -0.05811637 -0.0164119 0.07721203
v -0.05781304 -0.01736956 0.07719534
v -0.05720382 -0.01929306 0.07716178
v -0.05577719 -0.02290982 0.07709866
v -0.05520892 -0.02435034 0.07707351
v -0.05325913 -0.0282337 0.07700568
v -0.05279409 -0.02915996 0.07698953
v -0.05023807 -0.03327798 0.07691764
v -0.04996752 -0.03371381 0.07691007
v -0.04793542 -0.03649783 0.07686144
v -0.04669141 -0.03795582 0.07683598
v -0.04443264 -0.04060304 0.07678979
v -0.04271787 -0.04227173 0.07676064
v -0.04060113 -0.04433155 0.0767247
v -0.03833007 -0.04616677 0.0766927
v -0.03644388 -0.0476911 0.07666605
v -0.03358578 -0.04962939 0.07663226
v -0.03276377 -0.05018681 0.07662254
v -0.02849793 -0.05258238 0.0765807
v -0.02797669 -0.0528751 0.07657557
v -0.02313971 -0.05503648 0.07653784
v -0.02298295 -0.05510652 0.07653665
v -0.0177949 -0.05688381 0.0765056
v -0.01755243 -0.05694484 0.07650452
v -0.01313412 -0.05805766 0.07648515
v -0.01179069 -0.05827915 0.07648128
v -0.007574856 -0.05897414 0.07646912
v -0.005925059 -0.05909764 0.07646697
v -0.001982808 -0.05939275 0.07646185
v -7.02083e-07 -0.05936765 0.07646226
v 0.003608763 -0.05932193 0.07646304
v 0.005925536 -0.05911141 0.07646673
v 0.00797218 -0.05892544 0.07646995
v 0.0117895 -0.05827385 0.07648134
v 0.01344507 -0.05799114 0.07648628
v 0.01624447 -0.05731689 0.07649809
v 0.01754111 -0.05691063 0.07650518
v 0.02145826 -0.05568301 0.07652658
v 0.02312225 -0.05499368 0.07653862
v 0.02645576 -0.0536127 0.0765627
v 0.02848243 -0.0525512 0.07658123
v 0.03122735 -0.05111366 0.07660633
v 0.03359526 -0.04964226 0.07663202
v 0.03407269 -0.04934555 0.0766372
v 0.03836607 -0.04621112 0.07669192
v 0.03843158 -0.04616338 0.07669275
v 0.04244041 -0.04262763 0.07675445
v 0.04274678 -0.04230254 0.07676011
v 0.0460965 -0.03874886 0.07682216
v 0.04671311 -0.03797549 0.07683569
v 0.04877626 -0.03538733 0.07688087
v 0.05020296 -0.03325372 0.07691806
v 0.05182182 -0.0308327 0.07696032
v 0.05323851 -0.02822118 0.07700592
v 0.05442094 -0.0260412 0.07704401
v 0.05577033 -0.02290523 0.07709872
v 0.05657678 -0.02103102 0.07713145
v 0.05778002 -0.01735866 0.07719552
v 0.05828893 -0.01580566 0.07722264
v 0.05868309 -0.01432287 0.07724851
v 0.05923712 -0.01162976 0.07729554
v 0.0598132 -0.008828938 0.07734441
v 0.06016296 -0.00578171 0.07739758
v 0.06045216 -0.003262162 0.07744157
v 0.06059873 0 0.07749855
v 0.0654996 0 0.07749855
v 0.06515085 -0.005793929 0.0773974
v 0.0650677 -0.006366074 0.07738739
v 0.0643236 -0.01148802 0.07729798
v 0.06404948 -0.01266527 0.07727748
v 0.06302338 -0.0170716 0.07720053
v 0.06247168 -0.01884627 0.07716959
v 0.0618276 -0.02091842 0.07713341
v 0.0602886 -0.02483445 0.07706505
v 0.05975818 -0.0261842 0.0770415
v 0.05757004 -0.03059417 0.07696449
v 0.03072267 -0.05696272 0.07650423
v 0.03537672 -0.0543375 0.07655006
v 0.0362237 -0.05375683 0.07656019
v 0.03986883 -0.05125761 0.07660382
v 0.04137468 -0.05001986 0.0766254
v 0.04416471 -0.04772645 0.07666546
v 0.04613065 -0.0457952 0.07669919
v 0.04813534 -0.0438258 0.07673352
v 0.05044126 -0.04111731 0.07678085
v 0.05177688 -0.03954827 0.07680821
v 0.05430018 -0.03605693 0.07686913
v 0.05436611 -0.0359658 0.07687073
v 0.05726826 -0.03120249 0.07695388
v -0.0654996 0 0.07749855
v -0.06535845 -0.003337681 0.07744026
v -0.06503307 -0.006319165 0.07738822
v -0.0647279 -0.00911504 0.07733941
v -0.06403988 -0.01262027 0.07727825
v -0.063609 -0.0148155 0.07723993
v -0.0624631 -0.01879894 0.07717037
v -0.06199538 -0.02042472 0.077142
v -0.06035512 -0.02479571 0.0770657
v -0.06034803 -0.02481091 0.07706546
v -0.05795687 -0.02991914 0.07697629
v -0.05758965 -0.03055322 0.07696521
v -0.05512815 -0.03480243 0.07689106
v -0.05428802 -0.03599512 0.07687026
v -0.05186736 -0.03943163 0.07681024
v -0.05047684 -0.04109096 0.07678127
v -0.04869771 -0.0432139 0.07674425
v -0.04616528 -0.04576939 0.07669961
v -0.04479426 -0.04715293 0.07667547
v -0.04141819 -0.05000507 0.0766257
v -0.04054242 -0.05074495 0.07661277
v -0.03627121 -0.05374944 0.07656031
v -0.03595024 -0.05397522 0.07655638
v -0.032251 -0.05616813 0.07651811
v -0.0307464 -0.05691045 0.07650518
v -0.02721732 -0.05865138 0.07647478
v -0.02494525 -0.0595383 0.07645928
v -0.02196633 -0.06070107 0.07643896
v -0.01891636 -0.06159979 0.07642328
v -0.01650655 -0.06230998 0.07641088
v 0.03040301 -0.05714309 0.07650107
v 0.02522337 -0.05949121 0.07646012
v 0.02492207 -0.05959749 0.07645827
v 0.01985079 -0.06138467 0.07642704
v 0.01888245 -0.06163448 0.07642269
v 0.01421636 -0.06283795 0.07640171
v 0.01267492 -0.06309616 0.07639718
v 0.008446693 -0.06380456 0.07638484
v 0.006355166 -0.06397336 0.07638186
v 0.002643883 -0.06427288 0.07637661
v -2.16233e-05 -0.06426292 0.07637679
v -0.003160238 -0.06425118 0.07637703
v -0.006398916 -0.06397527 0.07638186
v -0.008542656 -0.06379258 0.07638502
v -0.01271808 -0.06308948 0.07639729
v -0.01423287 -0.06283444 0.07640177
v -0.0654996 0 0.03575021
v -0.06520295 -0.005787909 0.03585124
v -0.0651226 -0.006448507 0.03586292
v -0.06449395 -0.01161533 0.03595381
v -0.06424432 -0.01287478 0.03597623
v -0.06337362 -0.01726758 0.03605407
v -0.06283402 -0.01918607 0.03608816
v -0.06183636 -0.02273362 0.03615134
v -0.06086826 -0.02532464 0.0361976
v -0.05986738 -0.02800345 0.0362454
v -0.05954432 -0.02875173 0.03625869
v -0.0583266 -0.03122866 0.0363028
v -0.05719798 -0.03352421 0.03634369
v -0.05519503 -0.03682386 0.0364021
v -0.05447447 -0.03801101 0.03642314
v -0.05148726 -0.04204469 0.03649407
v -0.05136775 -0.04220604 0.03649693
v -0.04923671 -0.04466813 0.03653997
v -0.04714161 -0.04674017 0.03657573
v -0.04547983 -0.04838365 0.03660404
v -0.04232871 -0.05095553 0.03664785
v -0.04139322 -0.05171895 0.0366609
v -0.03707176 -0.05461937 0.03670948
v -0.03697496 -0.05468428 0.03671056
v -0.03422921 -0.05625087 0.03673648
v -0.03139013 -0.05760562 0.0367586
v -0.02899706 -0.05874747 0.03677719
v -0.02544504 -0.06006258 0.03679817
v -0.02351242 -0.0607782 0.03680968
v -0.01927644 -0.06194233 0.03682798
v -0.01777929 -0.06235384 0.03683435
v -0.01294595 -0.0632624 0.03684836
v -0.01181274 -0.06347537 0.0368517
v -0.008002698 -0.06393933 0.03685867
v -0.006511569 -0.06402623 0.03685998
v -0.001709163 -0.06430619 0.03686422
v -2.29942e-05 -0.064278 0.0368638
v 0.004520595 -0.06420212 0.03686267
v 0.006465137 -0.06402271 0.03685992
v 0.01066142 -0.06363558 0.03685408
v 0.0356034 -0.05549103 0.03672403
v 0.03136706 -0.05766111 0.03675961
v 0.0307585 -0.05797284 0.03676468
v 0.02567952 -0.0600413 0.036798
v 0.02542078 -0.06012248 0.03679925
v 0.02038019 -0.0617032 0.03682422
v 0.01923835 -0.06196433 0.03682827
v 0.0148701 -0.06296318 0.03684377
v 0.01290452 -0.06327718 0.03684866
v 0.04212737 -0.050812 0.04513823
v 0.03965735 -0.05279076 0.04148495
v 0.03701263 -0.05461621 0.03747975
v 0.03650784 -0.05496466 0.03671526
v 0.0467993 -0.04646313 0.05194395
v 0.0459271 -0.04737132 0.05068516
v 0.04285639 -0.05022794 0.0462166
v 0.05461949 -0.03634887 0.06304341
v 0.05274999 -0.03920775 0.06042736
v 0.05095297 -0.0416004 0.05788439
v 0.05021405 -0.0425843 0.05683869
v 0.047504 -0.04572916 0.05296123
v 0.05777812 -0.03077369 0.06740844
v 0.05727612 -0.0317744 0.06672263
v 0.05510544 -0.0356056 0.0637235
v 0.06506419 -0.006367266 0.07701653
v 0.06472939 -0.009121537 0.076613
v 0.0640847 -0.01268213 0.07580083
v 0.06400471 -0.01312381 0.07570004
v 0.06295633 -0.01742535 0.07434636
v 0.06250661 -0.01888149 0.07375508
v 0.06169801 -0.02149939 0.07269209
v 0.06041258 -0.0249325 0.07097661
v 0.06021225 -0.02546775 0.07070916
v 0.05850279 -0.02932947 0.06839829
v 0.0654996 0 0.07749474
v 0.06548893 -0.000492367 0.07748347
v 0.06547433 -0.000997427 0.07747137
v 0.06522023 -0.00508362 0.07720464
v 0.06619983 -0.004782438 0.07271397
v 0.065759 -0.008596777 0.07220137
v 0.06510496 -0.01239919 0.07140493
v 0.06414985 -0.01651751 0.07021468
v 0.04731404 -0.05186015 0.03691804
v 0.04513865 -0.05200153 0.03687566
v 0.04865288 -0.04936158 0.04087013
v 0.03910225 -0.05365955 0.0367614
v 0.04124939 -0.05207026 0.03978216
v 0.0394532 -0.053483 0.03676766
v 0.04200702 -0.0526244 0.03681552
v 0.04458993 -0.05203717 0.03686487
v 0.04361504 -0.05220431 0.0368461
v 0.04306727 -0.05181878 0.03817445
v 0.04251134 -0.05245482 0.03682494
v 0.04483675 -0.0520212 0.03686976
v 0.04648631 -0.0490877 0.04245108
v 0.0445165 -0.04938215 0.04426801
v 0.0476278 -0.0464062 0.04848492
v 0.04921448 -0.04470503 0.05062329
v 0.04834973 -0.05191808 0.0369383
v 0.04942685 -0.05118519 0.03807288
v 0.05089175 -0.05018818 0.03961598
v 0.05211383 -0.04638326 0.04475075
v 0.05459195 -0.04732698 0.04347264
v 0.05388104 -0.04467952 0.04671472
v 0.05191999 -0.04146885 0.0542494
v 0.05442488 -0.03802514 0.05758321
v 0.05672466 -0.03438526 0.06062269
v 0.06224972 -0.0343607 0.05583816
v 0.06276136 -0.03915399 0.05185431
v 0.05968606 -0.03799682 0.05307781
v 0.05973726 -0.04253 0.04877358
v 0.05689501 -0.04144048 0.05003619
v 0.05829697 -0.04392671 0.04729342
v 0.05648922 -0.04567992 0.04543542
v 0.05881822 -0.03055197 0.06336647
v 0.05998909 -0.02812564 0.06488895
v 0.06769281 -0.02433121 0.06155329
v 0.06955879 -0.02931714 0.05864995
v 0.06588941 -0.02811896 0.05968648
v 0.06811743 -0.03174608 0.05722784
v 0.06458365 -0.03053689 0.05831712
v 0.06595063 -0.03497225 0.05506682
v 0.06555628 -0.03555935 0.05467349
v 0.06160414 -0.02432334 0.06697404
v 0.06299024 -0.02045327 0.06874769
v 0.04973822 -0.0460692 0.0464605
v 0.05139434 -0.04434621 0.04848808
v 0.05421257 -0.04107648 0.0519151
v 0.05681425 -0.03760796 0.05505132
v 0.05919539 -0.03395462 0.05789566
v 0.06135523 -0.03012228 0.06044822
v 0.06255942 -0.02770441 0.06185746
v 0.06421595 -0.02392655 0.06377726
v 0.06563299 -0.02009499 0.06539958
v 0.06681442 -0.01621264 0.0667324
v 0.06778454 -0.01216363 0.0678066
v 0.0692436 -0.02047646 0.0631324
v 0.07054322 -0.01655703 0.06443101
v 0.07161605 -0.01245468 0.06547886
v 0.07600229 -0.013161 0.06480532
v 0.07598853 -0.01322597 0.06479293
v 0.07476717 -0.01749837 0.06366181
v 0.07329946 -0.02154237 0.06227433
v 0.07196104 -0.02457803 0.06098771
v 0.07156229 -0.02548241 0.06060445
v 0.07683217 -0.009247601 0.06555312
v 0.07235217 -0.008665442 0.06617641
v 0.06844723 -0.008435964 0.0685209
v 0.07740336 -0.005231738 0.06604462
v 0.07284867 -0.004863262 0.0666235
v 0.06889313 -0.004704654 0.06897819
v 0.07769888 -0.001167476 0.06626641
v 0.07310634 -0.001029372 0.06682276
v 0.06912517 -0.000947865 0.06918138
v 0.06642907 -0.00093657 0.07294315
v 0.06594324 0 0.07436639
v 0.06650555 0 0.07298576
v 0.06644314 -0.000427398 0.07295471
v 0.07315242 0 0.06690031
v 0.07409137 0 0.06656461
v 0.0731219 -0.000475409 0.06683397
v 0.07537156 0 0.06633102
v 0.07771587 -0.000580313 0.06627815
v 0.07772839 0 0.06628936
v 0.06913959 -0.000421407 0.06919258
v 0.07062226 0 0.06806033
v 0.0718705 0 0.06735861
v 0.06683295 0 0.07218205
v 0.06758737 0 0.07096654
v 0.06914985 0 0.06919997
v 0.06563365 0 0.07576286
v 0.09166789 0 0.06750911
v 0.09166789 -0.001188874 0.06748837
v 0.09144997 -0.001232326 -0.06997847
v 0.09166789 -0.001188874 -0.06748837
v 0.09144997 -0.01392912 -0.06859123
v 0.09166789 -0.01343393 -0.06615048
v 0.09144997 -0.02616256 -0.06491965
v 0.09166789 -0.02523195 -0.06260955
v 0.09144997 -0.03752499 -0.05908608
v 0.09166789 -0.03619015 -0.05698353
v 0.09144997 -0.04763805 -0.05128473
v 0.09166789 -0.04594331 -0.04945981
v 0.09144997 -0.05616497 -0.0417754
v 0.09166789 -0.05416685 -0.0402888
v 0.09144997 -0.06282186 -0.03087472
v 0.09166789 -0.06058681 -0.02977615
v 0.09144997 -0.06738686 -0.01894599
v 0.09166789 -0.06498938 -0.0182718
v 0.09144997 -0.06970798 -0.00638622
v 0.09166789 -0.0672279 -0.006158888
v 0.09144997 -0.06970798 0.00638622
v 0.09166789 -0.0672279 0.006158888
v 0.09144997 -0.06738686 0.01894599
v 0.09166789 -0.06498938 0.0182718
v 0.09144997 -0.06282186 0.03087472
v 0.09166789 -0.06058681 0.02977615
v 0.09144997 -0.05616497 0.0417754
v 0.09166789 -0.05416685 0.0402888
v 0.09144997 -0.04763805 0.05128473
v 0.09166789 -0.04594331 0.04945981
v 0.09144997 -0.03752499 0.05908608
v 0.09166789 -0.03619015 0.05698353
v 0.09144997 -0.02616256 0.06491965
v 0.09166789 -0.02523195 0.06260955
v 0.09144997 -0.01392912 0.06859123
v 0.09166789 -0.01343393 0.06615048
v 0.09144997 -0.001232326 0.06997847
v 0.09144997 0 0.06999999
v 0.07751125 0 0.0687803
v 0.07749849 -0.00060192 0.06876868
v 0.07748103 -0.001210927 0.06875652
v 0.06873077 -0.000485244 0.07396155
v 0.06874561 0 0.0739746
v 0.06872272 0 0.07401341
v 0.06798863 -0.000535908 0.07748395
v 0.06810659 0 0.07613378
v 0.06799995 0 0.07749569
v 0.06983643 0 0.07213234
v 0.07082802 -0.000480088 0.07103544
v 0.07088112 0 0.07108831
v 0.07392537 -0.000521305 0.06920099
v 0.07395476 0 0.06927365
v 0.07321923 0 0.06949031
v 0.07139027 0 0.07057952
v 0.07537442 0 0.06885552
v 0.07390904 -0.00110352 0.06918925
v 0.07081252 -0.001040101 0.0710237
v 0.06871557 -0.001031339 0.07394951
v 0.06797301 -0.001078665 0.07747149
v 0.06755357 -0.006599426 0.07702755
v 0.06717592 -0.009661614 0.07659167
v 0.06797862 -0.009246945 0.07316344
v 0.06653499 -0.01314371 0.07581835
v 0.06639814 -0.01388752 0.07565325
v 0.06725752 -0.01331543 0.07231873
v 0.07577705 -0.0136547 0.06723845
v 0.07658612 -0.009759008 0.06799346
v 0.0731045 -0.009299993 0.06847989
v 0.06490808 -0.01957041 0.07380068
v 0.06403237 -0.02239841 0.07269799
v 0.06503885 -0.02158308 0.06963294
v 0.06273525 -0.02584254 0.07103884
v 0.06245774 -0.02657938 0.07068395
v 0.06354308 -0.02568709 0.06778484
v 0.07174026 -0.02550691 0.06329375
v 0.07305246 -0.02243143 0.06459939
v 0.06990039 -0.0216009 0.06526803
v 0.03833848 -0.05673259 0.03758352
v 0.03778439 -0.05711317 0.03678005
v 0.04007351 -0.05590671 0.03717184
v 0.04018068 -0.05585014 0.03719007
v 0.04262906 -0.0548864 0.03758841
v 0.04364669 -0.05415225 0.03887492
v 0.04537111 -0.05421876 0.03800195
v 0.04623854 -0.0540536 0.03812879
v 0.04888951 -0.05153483 0.04208523
v 0.04813188 -0.05394721 0.03838235
v 0.04920911 -0.05318325 0.0395593
v 0.04491966 -0.05430477 0.03793591
v 0.0472064 -0.05132216 0.04331362
v 0.04264628 -0.0548796 0.03759121
v 0.04404485 -0.05447149 0.037808
v 0.04099875 -0.05490517 0.0414415
v 0.04223561 -0.05434709 0.04012155
v 0.04368776 -0.05276304 0.04525041
v 0.04567557 -0.0515508 0.04472488
v 0.04438495 -0.05220746 0.04623818
v 0.04895752 -0.04844474 0.04905605
v 0.04763478 -0.0491954 0.05076742
v 0.05062872 -0.05217659 0.04111015
v 0.05437397 -0.04916089 0.04515767
v 0.05244666 -0.04842686 0.04615169
v 0.0560835 -0.04762148 0.04699105
v 0.05807942 -0.04562056 0.04911738
v 0.05718183 -0.0434674 0.05149096
v 0.0540651 -0.04684764 0.04798614
v 0.04857206 -0.04822582 0.05206316
v 0.05044949 -0.04686731 0.05101275
v 0.04911965 -0.04765933 0.05282032
v 0.05332231 -0.04348933 0.05475795
v 0.05199486 -0.0443542 0.05676335
v 0.06789958 -0.03295391 0.05940592
v 0.06515103 -0.03201335 0.06025308
v 0.06573116 -0.03630536 0.05716675
v 0.06272906 -0.03604274 0.05762624
v 0.06529814 -0.03697472 0.0567196
v 0.0600714 -0.03986191 0.05470508
v 0.06245797 -0.04076057 0.05375236
v 0.05938458 -0.044312 0.05050802
v 0.05059891 -0.0481826 0.04748153
v 0.05213963 -0.04658985 0.04936069
v 0.05510193 -0.04318511 0.05294901
v 0.05784201 -0.03955996 0.05623805
v 0.0603556 -0.03572714 0.05922555
v 0.06264007 -0.03169095 0.06191056
v 0.05598562 -0.03988397 0.05820274
v 0.05843478 -0.03606194 0.06134438
v 0.06066679 -0.03202503 0.06418031
v 0.06000792 -0.03190428 0.06749892
v 0.05946743 -0.03297591 0.06679069
v 0.05717462 -0.03701084 0.06375312
v 0.0567252 -0.03769451 0.06315022
v 0.05468195 -0.04080253 0.060409
v 0.05290246 -0.04315453 0.05799472
v 0.06064367 -0.03064405 0.06833183
v 0.06180328 -0.02970618 0.06561172
v 0.06380051 -0.02937781 0.06326079
v 0.06638437 -0.02970039 0.06157457
v 0.06923002 -0.03063338 0.06076502
v 0.06557351 -0.02537769 0.06530284
v 0.06827384 -0.02569288 0.06357443
v 0.07127809 -0.02658998 0.0628339
v 0.0670939 -0.02130377 0.06703084
v 0.06536304 -0.01810127 0.07437354
v 0.06629139 -0.01739519 0.07116001
v 0.06836378 -0.01715803 0.06845158
v 0.07126402 -0.01742595 0.06666159
v 0.07454925 -0.01815801 0.06606334
v 0.06934112 -0.01312899 0.0695244
v 0.0723173 -0.01335793 0.06771486
v 0.0757125 -0.01396572 0.06717813
v 0.07006925 -0.009119451 0.07030296
v 0.06770199 -0.005396187 0.07719886
v 0.06846445 -0.005158305 0.07370704
v 0.0705592 -0.005096495 0.07080209
v 0.07363516 -0.005221009 0.06897073
v 0.0771768 -0.005511105 0.06851994
v 0.06799995 0 0.07999891
v 0.06765097 -0.005886316 0.07989615
v 0.06754946 -0.006592988 0.07988381
v 0.06682026 -0.01166981 0.07979524
v 0.06648707 -0.01311838 0.0797699
v 0.06481957 -0.01951587 0.07965826
v 0.06551599 -0.01734054 0.07969623
v 0.06255644 -0.02572596 0.07954984
v 0.06374812 -0.02286243 0.07959985
v 0.05971235 -0.03169244 0.07944571
v 0.06152653 -0.02820074 0.07950669
v 0.05630671 -0.03735816 0.07934683
v 0.0588873 -0.03328049 0.079418
v 0.0478717 -0.04752224 0.07916939
v 0.05583977 -0.03809607 0.07933396
v 0.05234754 -0.04265463 0.07925438
v 0.05207693 -0.04300779 0.07924818
v 0.0481832 -0.04723805 0.07917439
v 0.04291093 -0.05189442 0.07909309
v 0.04397052 -0.05108296 0.07910728
v 0.03944635 -0.05454748 0.07904678
v 0.03754848 -0.05576127 0.07902562
v -0.01988345 -0.06441086 0.03685235
v -0.01973217 -0.06445515 0.03685265
v -0.01461666 -0.06529146 0.07885926
v -0.01407647 -0.06564629 0.03685981
v -0.01315194 -0.06553924 0.07885491
v -0.0133301 -0.0657463 0.03686022
v -0.008846819 -0.06626749 0.07884222
v -0.008244633 -0.06642758 0.0368632
v -0.006604969 -0.06646519 0.07883876
v -0.006686568 -0.06653809 0.03686362
v -0.003555893 -0.06673407 0.07883405
v -0.003890573 -0.06673634 0.03686428
v 5.12361e-07 -0.06676512 0.07883352
v 4.37856e-07 -0.06676626 0.03686434
v 0.002320528 -0.06678539 0.07883316
v 0.002556025 -0.06678593 0.03686434
v 0.006605625 -0.06646543 0.07883876
v 0.006684601 -0.06650704 0.0368635
v 0.008197247 -0.06634658 0.07884085
v 0.009001374 -0.06635051 0.03686296
v 0.01315444 -0.06555289 0.07885468
v 0.01332521 -0.06571501 0.03685992
v 0.01404917 -0.06540966 0.07885718
v 0.01533365 -0.06541979 0.03685855
v 0.01877462 -0.06427234 0.07887703
v 0.01987171 -0.06435924 0.03685182
v 0.01958233 -0.06401056 0.07888162
v 0.02171725 -0.06392788 0.03684908
v 0.02429944 -0.06248164 0.07890826
v 0.0262745 -0.06244266 0.03683692
v 0.02582603 -0.06183904 0.07891952
v 0.02733564 -0.06209683 0.03683412
v 0.02964311 -0.06023234 0.07894754
v 0.0324679 -0.05992323 0.0368126
v 0.03183251 -0.05908054 0.07896763
v 0.0326932 -0.05982774 0.03681159
v 0.03479754 -0.05752062 0.07899487
v -0.0195856 -0.0640158 0.0788815
v -0.02022844 -0.06385082 0.07888442
v -0.02520382 -0.06285333 0.03684061
v -0.02567368 -0.06195402 0.0789175
v -0.02627289 -0.06244379 0.03683692
v -0.02584218 -0.0618779 0.07891881
v -0.03048127 -0.0608316 0.03682208
v -0.03145205 -0.05934494 0.07896304
v -0.03244781 -0.05988281 0.0368117
v -0.0318523 -0.05911916 0.07896697
v -0.03541052 -0.05845338 0.03679627
v -0.03646445 -0.05651658 0.07901239
v -0.03833484 -0.05671739 0.03677463
v -0.03755366 -0.05577194 0.07902538
v -0.04005378 -0.05569708 0.03676182
v -0.04117095 -0.05329906 0.0790686
v -0.04386186 -0.05295187 0.03672325
v -0.0429008 -0.05188435 0.07909327
v -0.04438519 -0.05257463 0.03671801
v -0.04556757 -0.04970324 0.07913136
v -0.06799995 0 0.07999891
v -0.06799995 0 0.03574949
v -0.06772607 -0.005101919 0.07990986
v -0.06769388 -0.006000459 0.03585404
v -0.06753897 -0.006592154 0.07988387
v -0.06760978 -0.006682038 0.03586649
v -0.06711256 -0.009988605 0.07982456
v -0.06691932 -0.01227867 0.03596925
v -0.06647253 -0.01311653 0.07976996
v -0.0667091 -0.0133118 0.03598898
v -0.06593924 -0.01572257 0.07972449
v -0.06568396 -0.01834833 0.03608506
v -0.06482303 -0.01951831 0.07965821
v -0.06525141 -0.01983791 0.03611409
v -0.06428933 -0.02133303 0.07962656
v -0.0639916 -0.02417647 0.03619885
v -0.06257587 -0.02573508 0.07954972
v -0.0632084 -0.02620106 0.03623861
v -0.06216013 -0.02680295 0.07953107
v -0.06183308 -0.0297563 0.03630834
v -0.05991172 -0.03143119 0.0794503
v -0.06060463 -0.03235977 0.03635925
v -0.05974739 -0.03170979 0.07944542
v -0.06034588 -0.03290808 0.03636986
v -0.056997 -0.03637295 0.079364
v -0.05764943 -0.03770339 0.03646194
v -0.0563001 -0.03735131 0.07934695
v -0.05731928 -0.03818279 0.03647089
v -0.05367219 -0.04104042 0.07928252
v -0.05456393 -0.04218423 0.03654497
v -0.05231863 -0.0426287 0.0792548
v -0.05338746 -0.04359269 0.03656989
v -0.04993277 -0.04542827 0.07920598
v -0.05107772 -0.04635769 0.03661859
v -0.04783356 -0.04748409 0.07917004
v -0.04891127 -0.04856467 0.03665518
v -0.04839843 -0.04908704 0.03666388
v -0.008221209 -0.06620699 0.03572559
v -0.06378239 -0.02412623 0.03504163
v -0.06599336 0 0.03291898
v -0.06500041 0 0.03274995
v -0.06470477 -0.005797803 0.03285109
v -0.06584841 -0.005891323 0.03308111
v -0.06613707 0 0.03299868
v -0.06754398 0 0.03415954
v -0.06709349 0 0.03365337
v -0.06681799 -0.005962789 0.03373247
v -0.06687438 0 0.03340733
v -0.06792682 0 0.03509098
v -0.06773233 0 0.03461778
v -0.06746602 -0.006001055 0.03470617
v -0.06669527 -0.01226234 0.03481942
v -0.06546622 -0.01831483 0.03493183
v -0.06163424 -0.02968931 0.03514719
v -0.06015384 -0.03283125 0.03520655
v -0.05746883 -0.03761112 0.03529584
v -0.05439555 -0.04207676 0.0353772
v -0.04425245 -0.05242735 0.03555196
v -0.04825228 -0.04895406 0.03549605
v -0.05092209 -0.04623526 0.03545022
v -0.03993493 -0.05553585 0.03559881
v -0.03530603 -0.05827879 0.03563714
v -0.03039193 -0.06064468 0.03566753
v -0.02513033 -0.06265509 0.03569108
v -0.01967513 -0.06424725 0.03570789
v -0.01403599 -0.06543093 0.03571903
v -0.003879666 -0.06651353 0.03572785
v 0.002548933 -0.06656283 0.03572821
v 0.008975803 -0.06613039 0.03572493
v 0.01528948 -0.06520587 0.03571707
v 0.02165424 -0.06372326 0.03570252
v 0.02725577 -0.06190294 0.03568249
v -0.06395828 -0.01184964 0.03295677
v -0.06509244 -0.01203 0.03318876
v -0.06277078 -0.01768457 0.03305864
v -0.06388884 -0.01795554 0.03329312
v -0.06114876 -0.0232715 0.03315609
v -0.06224238 -0.02363598 0.0333935
v -0.05908662 -0.02860319 0.03324919
v -0.06014585 -0.02906429 0.03348934
v -0.05766868 -0.03160834 0.03330171
v -0.05870264 -0.03212678 0.0335434
v -0.05510354 -0.03617084 0.03338134
v -0.05608838 -0.03678017 0.03362554
v -0.05217438 -0.04042494 0.03345561
v -0.05309975 -0.04112279 0.03370171
v -0.04886841 -0.04438263 0.03352469
v -0.0497241 -0.0451641 0.03377234
v -0.04632896 -0.04696959 0.03356981
v -0.04712998 -0.0478059 0.0338183
v -0.0425229 -0.05027663 0.03362751
v -0.04324287 -0.05118155 0.03387647
v -0.03841 -0.05324119 0.03367924
v -0.03904408 -0.05420494 0.03392827
v -0.03399294 -0.05586278 0.03372508
v -0.0345382 -0.05687552 0.03397357
v -0.02929192 -0.05813044 0.03376466
v -0.02974808 -0.05918228 0.03401225
v -0.02424675 -0.0600627 0.03379833
v -0.02461248 -0.06114512 0.03404498
v -0.01900243 -0.0615977 0.03382509
v -0.01928049 -0.06270205 0.03407067
v -0.01356858 -0.06274199 0.03384506
v -0.01376152 -0.06386107 0.03408962
v -0.007954299 -0.06349402 0.03385818
v -0.008064389 -0.06462186 0.0341019
v -0.003755748 -0.06379169 0.03386348
v -0.003806889 -0.06492274 0.03410673
v 0.00246793 -0.06383961 0.03386425
v 0.002501249 -0.06497108 0.03410744
v 0.008683502 -0.06341975 0.03385692
v 0.008804082 -0.06454676 0.03410071
v 0.01477748 -0.06252419 0.03384131
v 0.01498883 -0.06364059 0.03408592
v 0.02090674 -0.06109195 0.03381627
v 0.02121585 -0.0621894 0.0340622
v 0.02628612 -0.05933916 0.03378576
v 0.02668774 -0.06041043 0.03403282
v 0.031403 -0.05717247 0.03374791
v 0.03189837 -0.05820828 0.03399598
v -0.06605368 -0.01217502 0.03384292
v -0.06483566 -0.01817697 0.03395116
v -0.06316787 -0.02393633 0.03405588
v -0.06104117 -0.02944606 0.03415644
v -0.05957621 -0.03255665 0.034213
v -0.05691999 -0.03728657 0.03429853
v -0.05388075 -0.04170358 0.03437739
v -0.05044621 -0.04581552 0.03444939
v -0.04780632 -0.04850363 0.03449559
v -0.04385077 -0.05193758 0.03455305
v -0.03957998 -0.05501139 0.03460294
v -0.0349996 -0.05772441 0.03464537
v -0.03013432 -0.06006538 0.03468072
v -0.02492266 -0.06205528 0.03470951
v -0.01951646 -0.06363201 0.03473138
v -0.01392555 -0.06480455 0.03474712
v -0.008158028 -0.06557357 0.03475689
v -0.003850281 -0.06587743 0.03476071
v 0.00252974 -0.06592625 0.03476125
v 0.008906602 -0.06549769 0.034756
v 0.01516848 -0.06458157 0.0347442
v 0.02147823 -0.06311303 0.03472435
v 0.02702826 -0.0613107 0.0346989
v 0.03231787 -0.05907726 0.034666
v 0.03259712 -0.05964612 0.03565508
v 0.03625249 -0.0545873 0.03370279
v 0.0367254 -0.05537998 0.0339021
v 0.0368427 -0.05557668 0.03395164
v 0.03714239 -0.05607438 0.03435599
v 0.03734171 -0.05640518 0.03462493
v 0.03747385 -0.05662083 0.0350219
v 0.03767263 -0.0569452 0.0356189
v 0.03769487 -0.05697858 0.03584969
v 0.03941684 -0.05411541 0.03387165
v 0.03976792 -0.05493021 0.03439617
v 0.04003053 -0.05553275 0.03518998
v 0.04808115 -0.05444622 0.0371924
v 0.0462538 -0.05442827 0.0369544
v 0.04808831 -0.05440151 0.03590184
v 0.04815191 -0.05382156 0.0347498
v 0.04624736 -0.05429953 0.03572827
v 0.04826033 -0.05281358 0.03394979
v 0.04622018 -0.05368906 0.03465765
v 0.0483933 -0.05156469 0.03365004
v 0.04617691 -0.05269986 0.03392314
v 0.04408389 -0.05469906 0.03666937
v 0.04267919 -0.05501884 0.03648531
v 0.0401737 -0.05585193 0.03615945
v 0.04403972 -0.05448448 0.03552848
v 0.04260277 -0.05475884 0.03540349
v 0.04391902 -0.05386 0.03455621
v 0.04242771 -0.05413573 0.03449547
v 0.04373985 -0.0529192 0.03389865
v 0.04217827 -0.05323553 0.03388649
v 0.04612475 -0.05149906 0.03364884
v 0.04352903 -0.05180323 0.03365421
v 0.04188871 -0.05218243 0.03366076
v 0.0390188 -0.0531845 0.03367829
v 0.07015091 -0.05610924 0.03345769
v 0.06928032 -0.05579489 0.03417253
v 0.06918036 -0.05564469 0.03404921
v 0.07069271 -0.05671232 0.03261476
v 0.07005888 -0.05592787 0.03329509
v 0.0677427 -0.05533486 0.03426551
v 0.06809693 -0.05569976 0.03454291
v 0.06821322 -0.05581694 0.03465062
v 0.0672478 -0.05479896 0.03399318
v 0.06833678 -0.05433171 0.03339326
v 0.06887722 -0.05518227 0.03374242
v 0.06710463 -0.05464386 0.03391432
v 0.0667333 -0.05421936 0.03378367
v 0.06802588 -0.05382657 0.03328984
v 0.06608432 -0.05343049 0.03368258
v 0.06748902 -0.0529263 0.03327476
v 0.06978034 -0.05536705 0.03288555
v 0.06928646 -0.05432552 0.03240054
v 0.06900405 -0.05369997 0.03224313
v 0.06852006 -0.0525701 0.03217762
v 0.07059377 -0.05650454 0.03239965
v 0.07029306 -0.05585652 0.03184556
v 0.06975442 -0.05462646 0.03114449
v 0.0694431 -0.05386865 0.03088384
v 0.06890332 -0.05245661 0.03068304
v 0.06923592 -0.05649417 0.03553766
v 0.06973838 -0.05665367 0.03591275
v 0.06104147 -0.05576425 0.03590488
v 0.07053595 -0.05685389 0.03648543
v 0.07163971 -0.05693167 0.03718483
v 0.06103324 -0.05581939 0.03718799
v 0.06108194 -0.05533576 0.0383768
v 0.07169151 -0.05693531 0.03721761
v 0.07227849 -0.05691587 0.03755623
v 0.0736081 -0.05674898 0.03824514
v 0.0738663 -0.05669867 0.03836637
v 0.0738787 -0.05669611 0.03837209
v 0.07013773 -0.05678051 0.03621089
v 0.06110501 -0.05518054 0.03476262
v 0.06835454 -0.05592566 0.03477799
v 0.06881439 -0.05627954 0.03519254
v 0.06134349 -0.05293256 0.03367394
v 0.06121218 -0.05417519 0.03397059
v 0.07128882 -0.05713683 0.03532052
v 0.07174307 -0.05756956 0.03490018
v 0.07196539 -0.05758208 0.03532361
v 0.07386976 -0.05670094 0.03836381
v 0.07387149 -0.05670195 0.03836244
v 0.0736835 -0.05679488 0.03818637
v 0.07372105 -0.05681896 0.0381577
v 0.07273584 -0.05714511 0.03718656
v 0.07295316 -0.05730432 0.03702121
v 0.07232671 -0.05722141 0.03670346
v 0.072618 -0.05744946 0.03647643
v 0.072519 -0.05746954 0.03630155
v 0.07386803 -0.05669981 0.03836506
v 0.07364583 -0.05677151 0.03821545
v 0.07251012 -0.05701524 0.03736549
v 0.07201576 -0.05704873 0.03695225
v 0.0710625 -0.0569567 0.03608167
v 0.07154709 -0.05720365 0.03568786
v 0.07003742 -0.05652958 0.03503221
v 0.07074218 -0.05686813 0.03576678
v 0.06971973 -0.05628681 0.03468108
v 0.07073026 -0.05683678 0.03446227
v 0.0704841 -0.05660396 0.03405129
v 0.07143908 -0.05745691 0.0342803
v 0.07124519 -0.05738496 0.03388476
v 0.07101559 -0.05719316 0.03337901
v 0.07101559 -0.05719316 -0.03337901
v 0.0704841 -0.05660396 -0.03405129
v 0.07073026 -0.05683678 -0.03446227
v 0.0738787 -0.05669611 -0.03837209
v 0.07386803 -0.05669981 -0.03836506
v 0.0738663 -0.05669867 -0.03836637
v 0.07364583 -0.05677151 -0.03821545
v 0.0736081 -0.05674898 -0.03824514
v 0.07251012 -0.05701524 -0.03736549
v 0.07227849 -0.05691587 -0.03755623
v 0.07201576 -0.05704873 -0.03695225
v 0.07387149 -0.05670195 -0.03836244
v 0.07386976 -0.05670094 -0.03836381
v 0.07372105 -0.05681896 -0.0381577
v 0.0736835 -0.05679488 -0.03818637
v 0.07295316 -0.05730432 -0.03702121
v 0.07273584 -0.05714511 -0.03718656
v 0.072618 -0.05744946 -0.03647643
v 0.07232671 -0.05722141 -0.03670346
v 0.072519 -0.05746954 -0.03630161
v 0.07154709 -0.05720365 -0.03568786
v 0.07074218 -0.05686813 -0.03576678
v 0.07053595 -0.05685389 -0.03648543
v 0.0710625 -0.0569567 -0.03608167
v 0.07163971 -0.05693167 -0.03718483
v 0.07169151 -0.05693531 -0.03721761
v 0.07196539 -0.05758208 -0.03532361
v 0.07174307 -0.05756956 -0.03490018
v 0.07128882 -0.05713683 -0.03532052
v 0.07143914 -0.05745691 -0.0342803
v 0.07124519 -0.05738496 -0.03388476
v 0.07003742 -0.05652958 -0.03503221
v 0.06971973 -0.05628681 -0.03468108
v 0.06835454 -0.05592566 -0.03477799
v 0.06881439 -0.05627954 -0.03519254
v 0.06923592 -0.05649417 -0.03553766
v 0.06973838 -0.05665367 -0.03591275
v 0.07013773 -0.05678051 -0.03621089
v 0.06821322 -0.05581694 -0.03465062
v 0.06928032 -0.05579489 -0.03417253
v 0.07015091 -0.05610924 -0.03345769
v 0.07069271 -0.05671232 -0.03261476
v 0.07108008 -0.05750185 0.03146553
v 0.07202905 -0.05866962 0.03245198
v 0.07343375 -0.05939561 0.03331083
v 0.07511228 -0.05958563 0.03393059
v 0.07522279 -0.05982047 -0.0335347
v 0.07355409 -0.05962973 -0.03291946
v 0.0721547 -0.05890744 -0.03207135
v 0.0712037 -0.05774611 -0.03109872
v 0.07478994 -0.06186544 -0.0288431
v 0.07612353 -0.06159502 -0.03027045
v 0.07636266 -0.06206601 -0.02940404
v 0.07772666 -0.06441289 -0.02417099
v 0.07625913 -0.06419497 -0.02369159
v 0.07894772 -0.06627339 -0.01886379
v 0.07756716 -0.06603717 -0.01847869
v 0.07898783 -0.066329 -0.01864868
v 0.07863092 -0.06740438 -0.01323276
v 0.07994455 -0.06765657 -0.01351445
v 0.08036261 -0.06820499 -0.01063919
v 0.07907611 -0.06794595 -0.01041561
v 0.08080321 -0.06876343 -0.006298959
v 0.07960259 -0.06856507 -0.005640625
v 0.08085763 -0.06883239 -0.005762875
v 0.08106237 -0.06908518 -0.000909942
v 0.07982009 -0.06881445 -0.000890581
v 0.0809676 -0.06896859 0.003971636
v 0.08079302 -0.06875073 0.006298363
v 0.07939821 -0.06832742 0.007830083
v 0.07971942 -0.06869941 0.003887236
v 0.0806654 -0.06859153 0.007999122
v 0.08005231 -0.06779968 0.01282835
v 0.07874578 -0.06754571 0.0125603
v 0.07919865 -0.06663215 0.01764065
v 0.07783526 -0.066392 0.01727855
v 0.07897931 -0.0663076 0.01864123
v 0.07671129 -0.06485384 0.02198284
v 0.07224333 -0.05965143 -0.02797716
v 0.07344448 -0.06117826 -0.02810424
v 0.07247847 -0.06008237 -0.02727121
v 0.07497668 -0.06354486 -0.02308863
v 0.07400399 -0.06252568 -0.02242076
v 0.0763399 -0.06541663 -0.01801091
v 0.07536953 -0.06446403 -0.01750004
v 0.07744807 -0.06680595 -0.01289916
v 0.07648438 -0.06590604 -0.01253867
v 0.07791167 -0.06735634 -0.01015347
v 0.07695186 -0.06647801 -0.009871363
v 0.07845991 -0.06798559 -0.005499005
v 0.07750552 -0.06713253 -0.005347192
v 0.07868641 -0.06823903 -0.000868229
v 0.07773452 -0.06739628 -0.000844332
v 0.07858151 -0.06812214 0.003789663
v 0.07762849 -0.06727463 0.003685235
v 0.07824712 -0.06774401 0.007633209
v 0.07729053 -0.06688123 0.00742197
v 0.07756763 -0.0669496 0.0122438
v 0.0766049 -0.06605529 0.01190215
v 0.0766192 -0.06577718 0.01684165
v 0.07565015 -0.06483799 0.01636564
v 0.07544797 -0.06421428 0.02142453
v 0.07447528 -0.06321829 0.02080905
v 0.07510298 -0.06372678 0.02264988
v 0.07413023 -0.0627138 0.02199596
v 0.07359552 -0.06142604 0.02762877
v 0.07262837 -0.06033772 0.02681189
v 0.07612383 -0.06157732 0.03026092
v 0.07493472 -0.06210935 0.02835464
v 0.07649666 -0.06231141 0.02890849
v 0.07638031 -0.06437402 0.0232411
v 0.07783955 -0.06459355 0.02371275
v 0.07814812 -0.06507784 0.02243256
v 0.07225126 -0.05964708 0.02794528
v 0.06108194 -0.05533576 -0.0383768
v 0.06608432 -0.05343049 -0.03368258
v 0.06134349 -0.05293256 -0.03367394
v 0.0662899 -0.05368745 -0.03369623
v 0.06121218 -0.05417519 -0.03397059
v 0.06661242 -0.05407708 -0.03375232
v 0.0676316 -0.0552178 -0.03419178
v 0.06110501 -0.05518054 -0.03476262
v 0.06727617 -0.05483418 -0.0339924
v 0.06725078 -0.05480521 -0.03398329
v 0.06104147 -0.05576425 -0.03590488
v 0.06103324 -0.05581939 -0.03718799
v 0.06852006 -0.0525701 -0.03217762
v 0.06748902 -0.0529263 -0.03327476
v 0.06765812 -0.05321383 -0.03325647
v 0.06890332 -0.05245661 -0.03068304
v 0.068672 -0.05293315 -0.03216868
v 0.06848138 -0.05456262 -0.03346472
v 0.06792521 -0.05366051 -0.03327107
v 0.06878256 -0.05503576 -0.03366452
v 0.06891298 -0.05349308 -0.03221046
v 0.06941825 -0.05460959 -0.03250312
v 0.06969356 -0.05518859 -0.03277975
v 0.06907361 -0.052917 -0.03070992
v 0.06934207 -0.05361437 -0.03082138
v 0.06989884 -0.05496579 -0.03130024
v 0.07019895 -0.05564832 -0.03169846
v 0.06619536 -0.03983736 -0.03044581
v 0.06619536 -0.03983736 0.03044581
v 0.06549996 0 -0.0297504
v 0.06549996 0 0.0297504
v 0.06250494 -0.00025964 -0.03275448
v 0.06319582 -0.03983736 -0.03344529
v 0.06469529 -0.0398181 -0.03304308
v 0.0650981 0 -0.03125023
v 0.0650981 0 -0.03125029
v 0.06250953 0 -0.03274995
v 0.0640003 0 -0.03234803
v 0.06400036 0 -0.03234803
v 0.06579315 -0.0398181 -0.03194522
v 0.06320446 -0.04009485 -0.03344976
v 0.06322139 -0.04035186 -0.03345423
v 0.06470185 -0.04002737 -0.03304708
v 0.06471514 -0.04023641 -0.03305101
v 0.06579846 -0.03999209 -0.03194934
v 0.0658093 -0.04016578 -0.03195333
v 0.06620073 -0.03999829 -0.03045028
v 0.06621134 -0.04015886 -0.03045475
v 0.0681613 -0.05023545 -0.03064185
v 0.06810349 -0.05006241 -0.03063863
v 0.06771415 -0.05015492 -0.03213393
v 0.0652337 -0.05088424 -0.03363811
v 0.06666439 -0.05045557 -0.03323119
v 0.06621134 -0.04015886 0.03045475
v 0.06648492 -0.0426684 0.03050136
v 0.06834352 -0.0501908 0.03064095
v 0.07315272 -0.06120342 -0.002990663
v 0.06351232 -0.04302072 0.03350085
v 0.06322139 -0.04035186 0.03345423
v 0.0649966 -0.04282563 0.03309667
v 0.06471514 -0.04023641 0.03305101
v 0.06608432 -0.04269677 0.03199911
v 0.0658093 -0.04016578 0.03195333
v 0.06320446 -0.04009485 0.03344976
v 0.06319582 -0.03983736 0.03344529
v 0.06470185 -0.04002737 0.03304708
v 0.06469529 -0.0398181 0.03304308
v 0.06579846 -0.03999209 0.03194934
v 0.06579315 -0.0398181 0.03194522
v 0.06620073 -0.03999829 0.03045028
v 0.06827598 -0.05395972 0.03632903
v 0.06132155 -0.05309599 0.03622299
v 0.06840145 -0.05399042 0.03634715
v 0.06130373 -0.0532636 0.03635489
v 0.06854903 -0.05402171 0.03636837
v 0.06129312 -0.05336081 0.03654527
v 0.06895977 -0.05410909 0.03642767
v 0.07029336 -0.05431342 0.03659832
v 0.06998252 -0.05426955 0.03655976
v 0.06947457 -0.05419772 0.03649657
v 0.07252866 -0.05453449 0.03683763
v 0.07189524 -0.05448234 0.03677481
v 0.06129181 -0.05336999 0.03675913
v 0.07183879 -0.05447769 0.03676927
v 0.07079511 -0.05437326 0.03665655
v 0.06129992 -0.05328947 0.03695738
v 0.07409662 -0.05463373 0.03697603
v 0.07408452 -0.0546332 0.03697514
v 0.073722 -0.05461359 0.03694522
v 0.06782543 -0.05384802 0.03627502
v 0.0673567 -0.05372828 0.03623569
v 0.06720054 -0.05368834 0.03622251
v 0.06672203 -0.05356186 0.03619694
v 0.06608432 -0.05338686 0.03618222
v 0.06134349 -0.05288887 0.03617352
v 0.04834133 -0.05200123 0.03674006
v 0.04834246 -0.05199378 0.03652495
v 0.04835307 -0.0518971 0.03633296
v 0.04837113 -0.0517292 0.03619956
v 0.0483933 -0.05152106 0.03614968
v 0.02361768 -0.05775153 0.03625833
v 0.02255827 -0.05828696 0.03626769
v 0.02602618 -0.05939191 0.036287
v 0.03354859 -0.0527327 0.03617078
v -0.02549165 -0.05706501 0.03624635
v -0.02454578 -0.05991762 0.03629618
v -0.02361363 -0.05769044 0.03625726
v -0.01920408 -0.06150323 0.0363239
v -0.01380825 -0.06095552 0.0363143
v -0.01367056 -0.06268078 0.0363444
v -0.01204073 -0.06117606 0.03631818
v -0.007954299 -0.06345039 0.03635782
v -0.001588821 -0.06247979 0.03634095
v -0.004116535 -0.06373107 0.0363627
v -9.98551e-06 -0.06236392 0.03633892
v 0.002219915 -0.06380289 0.03636395
v 0.01069217 -0.06157857 0.03632515
v 0.008558094 -0.06338936 0.03635674
v 0.01202678 -0.0612083 0.03631871
v 0.01477748 -0.0624805 0.03634095
v 0.02050662 -0.06115937 0.03631788
v 0.06354582 -0.04321861 0.03600472
v 0.04352903 -0.0517596 0.03615385
v 0.0455982 -0.05148643 0.03614908
v 0.04323661 -0.04513132 0.0360381
v 0.04375118 -0.04453051 0.03602761
v 0.0512461 -0.0357781 0.03587484
v 0.03127771 -0.05718833 0.03624856
v 0.03625249 -0.05454367 0.03620243
v 0.03432673 -0.05212211 0.03616017
v 0.03708404 -0.05407267 0.0361942
v 0.0403648 -0.05261665 0.03616881
v -0.04368233 -0.04443514 0.036026
v -0.04271847 -0.05007743 0.0361244
v -0.03618544 -0.05095928 0.03613978
v -0.03851252 -0.0531302 0.03617775
v -0.0342943 -0.05203902 0.03615868
v -0.03399294 -0.05581915 0.03622466
v -0.02968615 -0.05791503 0.03626126
v 0.06322139 -0.04030823 0.03595387
v 0.06320446 -0.04005122 0.0359494
v -0.05299842 -0.03312712 0.03582859
v -0.05525064 -0.0358898 0.03587681
v -0.05142563 -0.03516495 0.03586417
v -0.05225855 -0.04027009 0.03595328
v -0.04547452 -0.0428754 0.03599876
v -0.04886841 -0.044339 0.03602427
v -0.04660493 -0.04666107 0.0360648
v 0.06250536 -0.000237825 0.03525441
v 0.06249046 -0.001090705 0.03526932
v 0.06319582 -0.03979367 0.03594487
v 0.06108659 -0.01312553 0.03547942
v 0.06106358 -0.01332187 0.03548288
v 0.0573883 -0.02465981 0.03568077
v 0.05726647 -0.02503591 0.03568732
v 0.0515362 -0.03526055 0.03586584
v -0.06250947 0 0.0352503
v -0.06499963 0 0.0352503
v -0.06249046 -0.001090705 0.03526932
v -0.06470477 -0.005754113 0.03535073
v -0.06166177 -0.01020097 0.0354284
v -0.06402277 -0.01140272 0.03544932
v -0.06089061 -0.01306992 0.03547847
v -0.06283575 -0.01737481 0.03555363
v -0.05846494 -0.02209287 0.03563594
v -0.06119245 -0.02309787 0.03565353
v -0.0572341 -0.0245772 0.03567934
v -0.05908662 -0.02855956 0.03574877
v -0.05785852 -0.03118598 0.03579473
v 0.06249046 -0.001090705 0.03276902
v 0.06108659 -0.01312553 0.03297907
v -0.06249046 -0.001090705 0.03276902
v -0.06166177 -0.01020097 0.03292798
v -0.06089061 -0.01306992 0.03297805
v -0.05846494 -0.02209287 0.03313559
v -0.0572341 -0.0245772 0.03317898
v -0.05299842 -0.03312712 0.03332823
v -0.05142563 -0.03516495 0.03336369
v -0.04547452 -0.0428754 0.03349828
v -0.04368233 -0.04443514 0.03352552
v -0.03618544 -0.05095928 0.03363949
v -0.0342943 -0.05203902 0.03365826
v -0.02549165 -0.05706501 0.03374606
v -0.02361363 -0.05769044 0.03375697
v -0.01380825 -0.06095552 0.03381395
v -0.01204073 -0.06117606 0.03381776
v -0.001588821 -0.06247979 0.03384047
v -9.98551e-06 -0.06236392 0.03383857
v 0.01069217 -0.06157857 0.03382486
v 0.01202678 -0.0612083 0.03381836
v 0.02255827 -0.05828696 0.0337674
v 0.02361768 -0.05775153 0.03375804
v 0.03354859 -0.0527327 0.03367036
v 0.03432673 -0.05212211 0.03365969
v 0.04323661 -0.04513132 0.03353768
v 0.04375118 -0.04453051 0.03352725
v 0.0512461 -0.0357781 0.03337442
v 0.0515362 -0.03526055 0.03336536
v 0.05726647 -0.02503591 0.03318697
v 0.0573883 -0.02465981 0.03318035
v 0.06106358 -0.01332187 0.03298246
v -0.06250947 0 0.03274995
v 0.06250494 -0.00025964 0.03275448
v 0.06250953 0 0.03274995
v 0.06399965 0 0.03234589
v 0.06509649 0 0.03124856
v 0.06510263 0 0.03124243
v 0.06400817 0 0.0323435
v 0.06250953 0 0.0352503
v 0.06594491 -0.03975856 0.03520756
v 0.06525033 0 0.0345115
v 0.06795763 -0.03975856 0.03319483
v 0.06726777 0 0.03249377
v 0.06726217 0 0.03249943
v 0.0652582 0 0.03450942
v 0.06796014 -0.03986287 0.03319841
v 0.06594967 -0.03992766 0.03521108
v 0.06796598 -0.039967 0.03320211
v 0.06595993 -0.04009652 0.0352146
v 0.07071697 -0.04945635 0.03064095
v 0.06899183 -0.04254627 0.03050553
v 0.0682578 -0.04260188 0.03325122
v 0.06626498 -0.04284793 0.03526347
v 0.07125252 -0.0516014 0.03068304
v 0.07054984 -0.05180943 0.03342318
v 0.06865954 -0.05246239 0.0354346
v 0.07195389 -0.05452626 0.03416013
v 0.07294714 -0.05563187 0.03261476
v 0.07285344 -0.05543518 0.03239965
v 0.07035779 -0.05394995 0.03547066
v 0.07187283 -0.05437779 0.03404134
v 0.07026225 -0.05385863 0.03542381
v 0.06992232 -0.05353796 0.03531122
v 0.07251858 -0.05471098 0.03176146
v 0.07158613 -0.05384379 0.03371101
v 0.07205855 -0.05365633 0.03114449
v 0.0712006 -0.05310457 0.03344732
v 0.07171028 -0.05280476 0.03084754
v 0.07091546 -0.05254346 0.03337061
v 0.06945955 -0.05311614 0.03526723
v 0.06911236 -0.0528171 0.03530418
v 0.07305824 -0.05578702 0.03305107
v 0.07207995 -0.05469709 0.03431779
v 0.07221424 -0.05482578 0.03452491
v 0.07408767 -0.0546351 0.0369727
v 0.07382047 -0.05467092 0.03686738
v 0.07295334 -0.05471652 0.03648811
v 0.07409399 -0.05463916 0.03696781
v 0.07409083 -0.05463713 0.03697019
v 0.07401615 -0.05479449 0.03671687
v 0.07391852 -0.05473124 0.03679126
v 0.07376563 -0.05524653 0.03585702
v 0.07336717 -0.05495476 0.03616005
v 0.07362455 -0.05546146 0.03533816
v 0.07306617 -0.05501842 0.03577637
v 0.0736106 -0.05547791 0.03528404
v 0.07264888 -0.05501449 0.03519427
v 0.07143855 -0.05446547 0.03576761
v 0.07176047 -0.05456191 0.03591632
v 0.07246631 -0.05468785 0.03625714
v 0.07341581 -0.05570822 0.0345267
v 0.07331728 -0.05578523 0.03412693
v 0.07246953 -0.05496728 0.03492498
v 0.07322734 -0.05581104 0.03375339
v 0.0731582 -0.05583089 0.03346621
v 0.07094407 -0.05426257 0.03556984
v 0.07065492 -0.05411368 0.03549188
v 0.07343113 -0.05661094 -0.03109872
v 0.0739066 -0.05719161 -0.03158497
v 0.07460629 -0.05755281 -0.03200912
v 0.0754407 -0.05764812 -0.03231668
v 0.07535529 -0.0574733 0.03261142
v 0.07451713 -0.05737823 0.03230208
v 0.0738154 -0.05701559 0.03187388
v 0.0750271 -0.05921208 -0.02799552
v 0.07441192 -0.05841743 -0.02799344
v 0.07634133 -0.05936914 -0.02917683
v 0.07570189 -0.05955702 -0.02836924
v 0.07649183 -0.05965679 -0.02865207
v 0.07715106 -0.06188297 -0.02327764
v 0.07788699 -0.06199151 -0.02351921
v 0.07844877 -0.06372427 -0.01810568
v 0.0798859 -0.065553 -0.01050317
v 0.08016246 -0.06521439 -0.01302653
v 0.07950562 -0.06508827 -0.01288568
v 0.07920312 -0.06392699 -0.01797336
v 0.07913988 -0.06384217 -0.0182994
v 0.08056139 -0.06634765 0.003786325
v 0.08127874 -0.06659311 -0.000995618
v 0.0806576 -0.06645774 -0.00098463
v 0.08105713 -0.06632846 -0.005795121
v 0.08042901 -0.06619495 -0.005731344
v 0.08102685 -0.06629127 -0.0060727
v 0.08053076 -0.06568217 -0.01061874
v 0.0787537 -0.06412929 0.01673489
v 0.08029901 -0.06538939 0.01218312
v 0.0796467 -0.06526213 0.01205104
v 0.08091229 -0.0661531 0.007424235
v 0.08027958 -0.06602084 0.007342815
v 0.08101505 -0.0662769 0.006071746
v 0.08118546 -0.06648224 0.003828406
v 0.07836598 -0.06272333 0.02162081
v 0.07919597 -0.06390851 0.0179665
v 0.07943475 -0.06424951 0.01691514
v 0.07764756 -0.06261134 0.02139598
v 0.07739979 -0.06225168 0.02234697
v 0.0781269 -0.06236195 0.02258038
v 0.07598531 -0.06003797 0.02740675
v 0.07676428 -0.06013923 0.02768236
v 0.07454448 -0.05866163 -0.0275737
v 0.0760222 -0.06104594 -0.02263563
v 0.07650852 -0.06155717 -0.02297312
v 0.0773493 -0.06293672 -0.01761305
v 0.07783454 -0.06341367 -0.01787018
v 0.07843238 -0.0643391 -0.01253867
v 0.07891422 -0.06478905 -0.01271891
v 0.07882243 -0.06481724 -0.01022124
v 0.0793026 -0.06525772 -0.01036739
v 0.07937997 -0.06547802 -0.005578339
v 0.07985728 -0.06590503 -0.005657494
v 0.07961475 -0.06574863 -0.000958381
v 0.0800907 -0.06617003 -0.000971944
v 0.07951593 -0.06563526 0.003685235
v 0.07999241 -0.06605905 0.003737509
v 0.07922655 -0.06529879 0.007146418
v 0.0797047 -0.06572943 0.007248044
v 0.07857704 -0.06451797 0.01172685
v 0.07905828 -0.06496441 0.01189512
v 0.07766157 -0.063353 0.01628088
v 0.0781461 -0.06382209 0.01651757
v 0.07652962 -0.0617935 0.02080905
v 0.07701593 -0.06229156 0.02111679
v 0.0762763 -0.06142443 0.02173233
v 0.07676273 -0.06192892 0.02205497
v 0.07483303 -0.05915433 0.02664083
v 0.07531684 -0.05969703 0.02704626
v 0.07442504 -0.05841016 0.02793705
v 0.07334065 -0.05643242 0.0313822
v 0.07634162 -0.05933958 0.02916079
v 0.04942685 -0.05118519 -0.03807288
v 0.05089175 -0.05018818 -0.03961598
v 0.05459195 -0.04732698 -0.04347264
v 0.06276136 -0.03915399 -0.05185431
v 0.05973726 -0.04253 -0.04877358
v 0.05829697 -0.04392671 -0.04729342
v 0.05648922 -0.04567992 -0.04543542
v 0.06955879 -0.02931714 -0.05864995
v 0.06811743 -0.03174608 -0.05722784
v 0.06595063 -0.03497225 -0.05506682
v 0.06555628 -0.03555935 -0.05467349
v 0.07476717 -0.01749837 -0.06366181
v 0.07329946 -0.02154237 -0.06227433
v 0.07196104 -0.02457803 -0.06098771
v 0.07156229 -0.02548241 -0.06060445
v 0.07769888 -0.001167476 -0.06626641
v 0.07740336 -0.005231738 -0.06604462
v 0.07683217 -0.009247601 -0.06555312
v 0.07600229 -0.013161 -0.06480532
v 0.07598853 -0.01322597 -0.06479293
v 0.06506419 -0.006367266 -0.07701653
v 0.06472939 -0.009121537 -0.076613
v 0.065759 -0.008596777 -0.07220137
v 0.0640847 -0.01268213 -0.07580083
v 0.06400471 -0.01312381 -0.07570004
v 0.06510496 -0.01239919 -0.07140493
v 0.07235217 -0.008665442 -0.06617641
v 0.06250661 -0.01888149 -0.07375508
v 0.06169801 -0.02149939 -0.07269209
v 0.06299024 -0.02045327 -0.06874769
v 0.06041258 -0.0249325 -0.07097661
v 0.06021225 -0.02546775 -0.07070916
v 0.06160414 -0.02432334 -0.06697404
v 0.0692436 -0.02047646 -0.0631324
v 0.05777812 -0.03077369 -0.06740844
v 0.05727612 -0.0317744 -0.06672263
v 0.05881822 -0.03055197 -0.06336647
v 0.06458365 -0.03053689 -0.05831712
v 0.05461949 -0.03634887 -0.06304341
v 0.05274999 -0.03920775 -0.06042736
v 0.05442488 -0.03802514 -0.05758321
v 0.05095297 -0.0416004 -0.05788439
v 0.05021405 -0.0425843 -0.05683869
v 0.05191999 -0.04146885 -0.0542494
v 0.05689501 -0.04144048 -0.05003619
v 0.05211383 -0.04638326 -0.04475075
v 0.04973822 -0.0460692 -0.0464605
v 0.04648631 -0.0490877 -0.04245108
v 0.04484158 -0.05203342 -0.03686988
v 0.04514467 -0.05198723 -0.03687572
v 0.04865288 -0.04936158 -0.04087013
v 0.04556828 -0.05192261 -0.03688395
v 0.04306727 -0.05181878 -0.03817445
v 0.04200178 -0.05260998 -0.03681534
v 0.04223752 -0.05252689 -0.03681969
v 0.03910714 -0.05363082 -0.03676134
v 0.03807967 -0.05410951 -0.03674274
v 0.03908514 -0.05364114 -0.03676086
v 0.04124939 -0.05207026 -0.03978216
v 0.04331356 -0.05226629 -0.03684026
v 0.0445165 -0.04938215 -0.04426801
v 0.0476278 -0.0464062 -0.04848492
v 0.0467993 -0.04646313 -0.05194395
v 0.0459271 -0.04737132 -0.05068516
v 0.04285639 -0.05022794 -0.0462166
v 0.04212737 -0.050812 -0.04513823
v 0.03965735 -0.05279076 -0.04148495
v 0.03701263 -0.05461621 -0.03747975
v 0.03650784 -0.05496466 -0.03671526
v 0.047504 -0.04572916 -0.05296123
v 0.04921448 -0.04470503 -0.05062329
v 0.05139434 -0.04434621 -0.04848808
v 0.05388104 -0.04467952 -0.04671472
v 0.05421257 -0.04107648 -0.0519151
v 0.05681425 -0.03760796 -0.05505132
v 0.05968606 -0.03799682 -0.05307781
v 0.05510544 -0.0356056 -0.0637235
v 0.05672466 -0.03438526 -0.06062269
v 0.05919539 -0.03395462 -0.05789566
v 0.06224972 -0.0343607 -0.05583816
v 0.06135523 -0.03012228 -0.06044822
v 0.05850279 -0.02932947 -0.06839829
v 0.05998909 -0.02812564 -0.06488895
v 0.06255942 -0.02770441 -0.06185746
v 0.06588941 -0.02811896 -0.05968648
v 0.06421595 -0.02392655 -0.06377726
v 0.06769281 -0.02433121 -0.06155329
v 0.06563299 -0.02009499 -0.06539958
v 0.06295633 -0.01742535 -0.07434636
v 0.06414985 -0.01651751 -0.07021468
v 0.06681442 -0.01621264 -0.0667324
v 0.07054322 -0.01655703 -0.06443101
v 0.06778454 -0.01216363 -0.0678066
v 0.07161605 -0.01245468 -0.06547886
v 0.06844723 -0.008435964 -0.0685209
v 0.06522023 -0.00508362 -0.07720464
v 0.06619983 -0.004782438 -0.07271397
v 0.06889313 -0.004704654 -0.06897819
v 0.07284867 -0.004863262 -0.0666235
v 0.06547433 -0.000997427 -0.07747137
v 0.06642907 -0.00093657 -0.07294315
v 0.06912517 -0.000947865 -0.06918138
v 0.07310634 -0.001029372 -0.06682276
v -0.0485 -0.03534185 -0.08388268
v -0.04653227 -0.03778731 -0.08384001
v 0.06059873 0 -0.08449959
v -0.04591202 -0.038558 -0.08382654
v -0.04255259 -0.04211229 -0.08376455
v -0.04219394 -0.04249167 -0.08375787
v -0.03817611 -0.0460354 -0.08369606
v 0.0165959 -0.05714547 -0.08350211
v 0.01744359 -0.05686616 -0.083507
v 0.06020623 -0.005750477 -0.08439922
v -0.05424845 -0.02600347 -0.0840457
v -0.05310857 -0.02806061 -0.08400982
v -0.06059873 0 -0.08449959
v -0.06042909 -0.003516972 -0.0844382
v -0.05159932 -0.03078413 -0.08396226
v -0.05004215 -0.03307414 -0.08392226
v -0.01171952 -0.05824351 -0.08348298
v -0.008149087 -0.05888319 -0.08347177
v -0.005889773 -0.05910736 -0.0834679
v -0.004029214 -0.05929183 -0.08346468
v 9.89199e-07 -0.05937564 -0.08346319
v 0.001464784 -0.05940604 -0.08346265
v 0.005890548 -0.05910313 -0.08346796
v 0.006960332 -0.05902987 -0.08346921
v 0.01172477 -0.05826967 -0.0834825
v 0.06024217 -0.005518794 -0.08440327
v 0.01243871 -0.05815583 -0.08348447
v -0.0577225 -0.01725351 -0.08419841
v -0.05644971 -0.02101898 -0.08413273
v -0.05567634 -0.02277022 -0.08410215
v -0.03341972 -0.04949122 -0.08363574
v -0.03045839 -0.05132389 -0.08360373
v -0.02832591 -0.05242669 -0.08358448
v -0.02563816 -0.05381673 -0.08356022
v -0.02298969 -0.05489724 -0.08354139
v -0.0205996 -0.05587238 -0.08352434
v -0.0174368 -0.05684143 -0.08350741
v -0.060157 -0.005744755 -0.08439934
v -0.05976164 -0.008980631 -0.08434283
v -0.05920851 -0.01155716 -0.08429789
v -0.03812551 -0.04608017 -0.08369529
v -0.03370988 -0.04931175 -0.08363884
v -0.01535069 -0.05748057 -0.08349627
v -0.01355564 -0.05791443 -0.0834887
v 0.02178323 -0.05543661 -0.08353197
v 0.02299481 -0.05491226 -0.08354109
v 0.02679616 -0.05326741 -0.08356982
v 0.05808055 -0.01625025 -0.08421593
v 0.05924469 -0.01156407 -0.08429777
v 0.05311352 -0.02806466 -0.0840097
v -0.05860072 -0.0143882 -0.08424842
v -0.05820167 -0.01583635 -0.08422315
v 0.02832758 -0.05243247 -0.08358436
v 0.03162539 -0.05063444 -0.08361577
v 0.03340524 -0.04946953 -0.0836361
v 0.0351026 -0.0483585 -0.08365547
v 0.03814733 -0.04599791 -0.08369672
v 0.03938359 -0.04503947 -0.08371341
v 0.04254072 -0.04209756 -0.08376479
v 0.04335182 -0.04134184 -0.08377796
v 0.04653155 -0.03778499 -0.08384007
v 0.04699856 -0.03726261 -0.08384919
v 0.0493232 -0.03421652 -0.08390235
v 0.05005604 -0.0330848 -0.08392208
v 0.05227082 -0.02966493 -0.08398181
v 0.05940002 -0.01093906 -0.08430868
v 0.05480408 -0.02485412 -0.08406579
v 0.05567193 -0.02276962 -0.08410215
v 0.05774664 -0.01726192 -0.08419829
v 0.05691218 -0.0197907 -0.08415412
v 0.06059873 0 -0.07749855
v 0.06045216 -0.003262162 -0.07744157
v 0.06016296 -0.00578171 -0.07739758
v 0.0598132 -0.008828938 -0.07734441
v 0.05923712 -0.01162976 -0.07729554
v 0.05868309 -0.01432287 -0.07724851
v 0.05828893 -0.01580566 -0.07722264
v 0.05778002 -0.01735866 -0.07719552
v 0.05657678 -0.02103102 -0.07713145
v 0.05577033 -0.02290523 -0.07709872
v 0.05442094 -0.0260412 -0.07704401
v 0.05323851 -0.02822118 -0.07700592
v 0.05182182 -0.0308327 -0.07696032
v 0.05020296 -0.03325372 -0.07691806
v 0.04877626 -0.03538733 -0.07688087
v 0.04671311 -0.03797549 -0.07683569
v 0.0460965 -0.03874886 -0.07682216
v 0.04274678 -0.04230254 -0.07676011
v 0.04244041 -0.04262763 -0.07675445
v 0.03843158 -0.04616338 -0.07669275
v 0.03836607 -0.04621112 -0.07669192
v 0.03407269 -0.04934555 -0.0766372
v 0.03359526 -0.04964226 -0.07663202
v 0.03122735 -0.05111366 -0.07660633
v 0.02848243 -0.0525512 -0.07658123
v 0.02645576 -0.0536127 -0.0765627
v 0.02312225 -0.05499368 -0.07653862
v 0.02145826 -0.05568301 -0.07652658
v 0.01754111 -0.05691063 -0.07650518
v 0.01624447 -0.05731689 -0.07649809
v 0.01344507 -0.05799114 -0.07648628
v 0.0117895 -0.05827385 -0.07648134
v 0.00797218 -0.05892544 -0.07646995
v 0.005925536 -0.05911141 -0.07646673
v 0.003608763 -0.05932193 -0.07646304
v -7.02083e-07 -0.05936765 -0.07646226
v -0.001982808 -0.05939275 -0.07646185
v -0.005925059 -0.05909764 -0.07646697
v -0.007574856 -0.05897414 -0.07646912
v -0.01179069 -0.05827915 -0.07648128
v -0.01313412 -0.05805766 -0.07648515
v -0.01755243 -0.05694484 -0.07650452
v -0.0177949 -0.05688381 -0.0765056
v -0.02298295 -0.05510652 -0.07653665
v -0.02313971 -0.05503648 -0.07653784
v -0.02797669 -0.0528751 -0.07657557
v -0.02849793 -0.05258238 -0.0765807
v -0.03276377 -0.05018681 -0.07662254
v -0.03358578 -0.04962939 -0.07663226
v -0.03644388 -0.0476911 -0.07666605
v -0.03833007 -0.04616677 -0.0766927
v -0.04060113 -0.04433155 -0.0767247
v -0.04271787 -0.04227173 -0.07676064
v -0.04443264 -0.04060304 -0.07678979
v -0.04669141 -0.03795582 -0.07683598
v -0.04793542 -0.03649783 -0.07686144
v -0.04996752 -0.03371381 -0.07691007
v -0.05023807 -0.03327798 -0.07691764
v -0.05279409 -0.02915996 -0.07698953
v -0.05325913 -0.0282337 -0.07700568
v -0.05520892 -0.02435034 -0.07707351
v -0.05577719 -0.02290982 -0.07709866
v -0.05720382 -0.01929306 -0.07716178
v -0.05781304 -0.01736956 -0.07719534
v -0.05811637 -0.0164119 -0.07721203
v -0.06059873 0 -0.07749855
v -0.06024688 -0.005575478 -0.07740122
v -0.06021469 -0.005787312 -0.07739752
v -0.05941778 -0.0110498 -0.07730567
v -0.05927526 -0.01163679 -0.07729542
v -0.05428802 -0.03599512 -0.07687026
v -0.05512815 -0.03480243 -0.07689106
v -0.05758965 -0.03055322 -0.07696521
v -0.05795687 -0.02991914 -0.07697629
v -0.06034803 -0.02481091 -0.07706546
v -0.06035512 -0.02479571 -0.0770657
v -0.06199538 -0.02042472 -0.077142
v 0.0654996 0 -0.07749855
v 0.06515085 -0.005793929 -0.0773974
v 0.0650677 -0.006366074 -0.07738739
v 0.0643236 -0.01148802 -0.07729798
v 0.06404948 -0.01266527 -0.07727748
v 0.06302338 -0.0170716 -0.07720053
v 0.05177688 -0.03954827 -0.07680821
v 0.05430018 -0.03605693 -0.07686913
v 0.05436611 -0.0359658 -0.07687073
v 0.05726826 -0.03120249 -0.07695388
v 0.05757004 -0.03059417 -0.07696449
v 0.05975818 -0.0261842 -0.0770415
v 0.0602886 -0.02483445 -0.07706505
v 0.0618276 -0.02091842 -0.07713341
v 0.06247168 -0.01884627 -0.07716959
v -0.03627121 -0.05374944 -0.07656031
v -0.04054242 -0.05074495 -0.07661277
v -0.04141819 -0.05000507 -0.0766257
v -0.04479426 -0.04715293 -0.07667547
v -0.04616528 -0.04576939 -0.07669961
v -0.04869771 -0.0432139 -0.07674425
v -0.05047684 -0.04109096 -0.07678127
v -0.05186736 -0.03943163 -0.07681024
v -0.0624631 -0.01879894 -0.07717037
v -0.063609 -0.0148155 -0.07723993
v -0.06403988 -0.01262027 -0.07727825
v -0.0647279 -0.00911504 -0.07733941
v -0.06503307 -0.006319165 -0.07738822
v -0.06535845 -0.003337681 -0.07744026
v -0.0654996 0 -0.07749855
v 0.05044126 -0.04111731 -0.07678085
v 0.04813534 -0.0438258 -0.07673352
v 0.04613065 -0.0457952 -0.07669919
v 0.04416471 -0.04772645 -0.07666546
v 0.04137468 -0.05001986 -0.0766254
v 0.03986883 -0.05125761 -0.07660382
v 0.0362237 -0.05375683 -0.07656019
v 0.03537672 -0.0543375 -0.07655006
v 0.03072267 -0.05696272 -0.07650423
v 0.03040301 -0.05714309 -0.07650107
v 0.02522337 -0.05949121 -0.07646012
v 0.02492207 -0.05959749 -0.07645827
v 0.01985079 -0.06138467 -0.07642704
v 0.01888245 -0.06163448 -0.07642269
v 0.01421636 -0.06283795 -0.07640171
v 0.01267492 -0.06309616 -0.07639718
v 0.008446693 -0.06380456 -0.07638484
v 0.006355166 -0.06397336 -0.07638186
v 0.002643883 -0.06427288 -0.07637661
v -2.16233e-05 -0.06426292 -0.07637679
v -0.003160238 -0.06425118 -0.07637703
v -0.006398916 -0.06397527 -0.07638186
v -0.008542656 -0.06379258 -0.07638502
v -0.01271808 -0.06308948 -0.07639729
v -0.01423287 -0.06283444 -0.07640177
v -0.01650655 -0.06230998 -0.07641088
v -0.01891636 -0.06159979 -0.07642328
v -0.02196633 -0.06070107 -0.07643896
v -0.02494525 -0.0595383 -0.07645928
v -0.02721732 -0.05865138 -0.07647478
v -0.0307464 -0.05691045 -0.07650518
v -0.032251 -0.05616813 -0.07651811
v -0.03595024 -0.05397522 -0.07655638
v 0.0654996 0 -0.07749474
v 0.06548893 -0.000492367 -0.07748347
v 0.03151398 -0.05762088 -0.03675889
v 0.03137654 -0.05767858 -0.03675991
v 0.02624422 -0.05983573 -0.03679472
v 0.0254141 -0.06010228 -0.03679895
v 0.02070719 -0.06161397 -0.03682279
v 0.01923584 -0.06195414 -0.03682816
v 0.0148701 -0.06296318 -0.03684377
v 0.01290106 -0.06325119 -0.03684818
v 0.008631229 -0.06387573 -0.03685778
v 0.00646615 -0.06401777 -0.03685981
v 0.002274036 -0.0642929 -0.03686404
v -2.16382e-05 -0.06426823 -0.03686368
v -0.004082024 -0.0642246 -0.03686296
v -0.006512463 -0.06404775 -0.03686028
v -0.008002698 -0.06393933 -0.03685867
v -0.0129494 -0.06327378 -0.0368486
v -0.01374059 -0.06316733 -0.03684699
v -0.01928919 -0.06198847 -0.03682869
v -0.01929605 -0.06198698 -0.03682863
v -0.02466017 -0.06039822 -0.03680366
v -0.02545446 -0.06008952 -0.03679865
v -0.02982306 -0.0583921 -0.03677141
v -0.03139942 -0.057626 -0.03675895
v -0.03422921 -0.05625087 -0.03673648
v -0.03704613 -0.05457568 -0.03670877
v -0.03876984 -0.05355054 -0.03669172
v -0.04233783 -0.05096381 -0.03664809
v -0.04299682 -0.05048608 -0.03663998
v -0.04690426 -0.04705792 -0.03658127
v -0.04717808 -0.04677736 -0.03657639
v -0.04923671 -0.04466813 -0.03653997
v -0.05144995 -0.04201292 -0.03649348
v -0.05264288 -0.04058188 -0.0364685
v -0.05520892 -0.0368303 -0.03640228
v -0.05565077 -0.03618443 -0.0363909
v -0.05827403 -0.03146439 -0.03630697
v -0.05837357 -0.03125178 -0.03630328
v -0.05954432 -0.02875173 -0.03625869
v -0.06086695 -0.02532345 -0.0361976
v -0.06165885 -0.02327054 -0.03616094
v -0.06283402 -0.01918584 -0.03608816
v -0.06331068 -0.01752907 -0.03605872
v -0.06423974 -0.01287376 -0.03597617
v -0.06450599 -0.01153951 -0.0359525
v -0.0651229 -0.006448507 -0.03586292
v -0.06520295 -0.005787909 -0.03585124
v -0.0654996 0 -0.03575021
v 0.06707566 0 -0.07175195
v 0.0665071 0 -0.07298928
v 0.06644314 -0.000427398 -0.07295471
v 0.06609094 0 -0.07389503
v 0.06574648 0 -0.07515048
v 0.06788355 0 -0.07056969
v 0.06913959 -0.000421407 -0.06919258
v 0.06914699 0 -0.06920266
v 0.07104307 0 -0.0678001
v 0.0731219 -0.000475409 -0.06683397
v 0.0723198 0 -0.06715446
v 0.07772839 0 -0.06628936
v 0.07599174 0 -0.06627196
v 0.07771587 -0.000580313 -0.06627815
v 0.07457351 0 -0.06645858
v 0.07314908 0 -0.06689846
v 0.09166789 0 -0.06750911
v 0.09144997 0 -0.06999999
v 0.07751125 0 -0.0687803
v 0.07749849 -0.00060192 -0.06876868
v 0.07392537 -0.000521305 -0.06920099
v 0.07393813 0 -0.06921494
v 0.07396799 0 -0.06920051
v 0.07614219 0 -0.06876802
v 0.07198262 0 -0.07015883
v 0.07082802 -0.000480088 -0.07103544
v 0.0708779 0 -0.07109236
v 0.06873077 -0.000485244 -0.07396155
v 0.06879955 0 -0.07399481
v 0.06907272 0 -0.07329767
v 0.07030928 0 -0.07157289
v 0.06798863 -0.000535908 -0.07748395
v 0.06799995 0 -0.07749569
v 0.06826436 0 -0.07536095
v 0.05234754 -0.04265463 -0.07925438
v -0.06799995 0 -0.03574949
v -0.06799995 0 -0.07999891
v -0.06769388 -0.006000459 -0.03585404
v -0.06772607 -0.005101919 -0.07990986
v -0.06760978 -0.006682038 -0.03586649
v -0.06753897 -0.006592154 -0.07988387
v -0.06711256 -0.009988605 -0.07982456
v -0.06691932 -0.01227867 -0.03596925
v -0.06647253 -0.01311653 -0.07976996
v -0.0667091 -0.0133118 -0.03598898
v -0.06593924 -0.01572257 -0.07972449
v -0.06568396 -0.01834833 -0.03608506
v -0.06482303 -0.01951831 -0.07965821
v -0.06525141 -0.01983791 -0.03611409
v -0.06428933 -0.02133303 -0.07962656
v -0.0639916 -0.02417647 -0.03619885
v -0.06257587 -0.02573508 -0.07954972
v -0.0632084 -0.02620106 -0.03623861
v -0.06216013 -0.02680295 -0.07953107
v -0.06183308 -0.0297563 -0.03630834
v -0.05991172 -0.03143119 -0.0794503
v -0.06060463 -0.03235977 -0.03635925
v -0.05974739 -0.03170979 -0.07944542
v -0.06034588 -0.03290808 -0.03636986
v -0.056997 -0.03637295 -0.079364
v -0.05764943 -0.03770339 -0.03646194
v -0.05731928 -0.03818279 -0.03647089
v -0.0563001 -0.03735131 -0.07934695
v -0.05456393 -0.04218423 -0.03654497
v -0.05367219 -0.04104042 -0.07928252
v -0.05338746 -0.04359269 -0.03656989
v -0.05231863 -0.0426287 -0.0792548
v -0.05107772 -0.04635769 -0.03661859
v -0.04993277 -0.04542827 -0.07920598
v -0.04891127 -0.04856467 -0.03665518
v -0.04783356 -0.04748409 -0.07917004
v -0.04839843 -0.04908704 -0.03666388
v -0.04556757 -0.04970324 -0.07913136
v -0.04438519 -0.05257463 -0.03671801
v -0.0429008 -0.05188435 -0.07909327
v -0.04386186 -0.05295187 -0.03672325
v -0.04117095 -0.05329906 -0.0790686
v -0.04005378 -0.05569708 -0.03676182
v -0.03755366 -0.05577194 -0.07902538
v -0.03833484 -0.05671739 -0.03677463
v -0.03646445 -0.05651658 -0.07901239
v -0.03541052 -0.05845338 -0.03679627
v -0.0318523 -0.05911916 -0.07896697
v -0.03244781 -0.05988281 -0.0368117
v -0.03145205 -0.05934494 -0.07896304
v -0.03048127 -0.0608316 -0.03682208
v -0.02584218 -0.0618779 -0.07891881
v -0.02627289 -0.06244379 -0.03683692
v -0.02520382 -0.06285333 -0.03684061
v -0.02567368 -0.06195402 -0.0789175
v -0.01988345 -0.06441086 -0.03685235
v -0.02022844 -0.06385082 -0.07888442
v -0.0195856 -0.0640158 -0.0788815
v -0.01973217 -0.06445515 -0.03685265
v -0.01407647 -0.06564629 -0.03685981
v -0.01461666 -0.06529146 -0.07885926
v -0.0133301 -0.0657463 -0.03686022
v -0.01315194 -0.06553924 -0.07885491
v -0.008244633 -0.06642758 -0.0368632
v -0.008846819 -0.06626749 -0.07884222
v -0.006686568 -0.06653809 -0.03686362
v -0.006604969 -0.06646519 -0.07883876
v -0.003890573 -0.06673634 -0.03686428
v -0.003555893 -0.06673407 -0.07883405
v 4.37856e-07 -0.06676626 -0.03686434
v 5.12361e-07 -0.06676512 -0.07883352
v 0.002556025 -0.06678593 -0.03686434
v 0.002320528 -0.06678539 -0.07883316
v 0.006684601 -0.06650704 -0.0368635
v 0.006605625 -0.06646543 -0.07883876
v 0.009001374 -0.06635051 -0.03686296
v 0.008197247 -0.06634658 -0.07884085
v 0.01332521 -0.06571501 -0.03685992
v 0.01315444 -0.06555289 -0.07885468
v 0.01404917 -0.06540966 -0.07885718
v 0.01533365 -0.06541979 -0.03685855
v 0.01987171 -0.06435924 -0.03685182
v 0.01877462 -0.06427234 -0.07887703
v 0.01958233 -0.06401056 -0.07888162
v 0.02171725 -0.06392788 -0.03684908
v 0.02429944 -0.06248164 -0.07890826
v 0.0262745 -0.06244266 -0.03683692
v 0.02582603 -0.06183904 -0.07891952
v 0.02733564 -0.06209683 -0.03683412
v 0.02964311 -0.06023234 -0.07894754
v 0.0324679 -0.05992323 -0.0368126
v 0.03183251 -0.05908054 -0.07896763
v 0.0326932 -0.05982774 -0.03681159
v 0.03479754 -0.05752062 -0.07899487
v 0.04291093 -0.05189442 -0.07909309
v 0.03944635 -0.05454748 -0.07904678
v 0.03754848 -0.05576127 -0.07902562
v 0.05207693 -0.04300779 -0.07924818
v 0.0481832 -0.04723805 -0.07917439
v 0.0478717 -0.04752224 -0.07916939
v 0.04397052 -0.05108296 -0.07910728
v 0.05583977 -0.03809607 -0.07933396
v 0.05630671 -0.03735816 -0.07934683
v 0.05971235 -0.03169244 -0.07944571
v 0.0588873 -0.03328049 -0.079418
v 0.06648707 -0.01311838 -0.0797699
v 0.06551599 -0.01734054 -0.07969623
v 0.06481957 -0.01951587 -0.07965826
v 0.06374812 -0.02286243 -0.07959985
v 0.06255644 -0.02572596 -0.07954984
v 0.06152653 -0.02820074 -0.07950669
v 0.06799995 0 -0.07999891
v 0.06765097 -0.005886316 -0.07989615
v 0.06754946 -0.006592988 -0.07988381
v 0.06682026 -0.01166981 -0.07979524
v -0.06783092 0 -0.03475654
v -0.06746602 -0.006001055 -0.03470617
v -0.06775128 0 -0.03461289
v -0.06659042 0 -0.03320592
v -0.06709653 0 -0.03365641
v -0.06681799 -0.005962789 -0.03373247
v -0.06734263 0 -0.03387552
v -0.06565898 0 -0.03282308
v -0.06613218 0 -0.03301763
v -0.06584841 -0.005891323 -0.03308111
v -0.06470477 -0.005797803 -0.03285109
v -0.06500041 0 -0.03274995
v -0.06669527 -0.01226234 -0.03481942
v -0.06546622 -0.01831483 -0.03493183
v -0.06378239 -0.02412623 -0.03504163
v -0.06163424 -0.02968931 -0.03514719
v -0.06015384 -0.03283125 -0.03520655
v -0.05746883 -0.03761112 -0.03529584
v -0.05439555 -0.04207676 -0.0353772
v -0.05092209 -0.04623526 -0.03545022
v -0.04825228 -0.04895406 -0.03549605
v -0.04425245 -0.05242735 -0.03555196
v -0.03993493 -0.05553585 -0.03559881
v -0.03530603 -0.05827879 -0.03563714
v -0.03039193 -0.06064468 -0.03566753
v -0.02513033 -0.06265509 -0.03569108
v -0.01967513 -0.06424725 -0.03570789
v -0.01403599 -0.06543093 -0.03571903
v -0.008221209 -0.06620699 -0.03572559
v -0.003879666 -0.06651353 -0.03572785
v 0.002548933 -0.06656283 -0.03572821
v 0.008975803 -0.06613039 -0.03572493
v 0.01528948 -0.06520587 -0.03571707
v 0.02165424 -0.06372326 -0.03570252
v 0.02725577 -0.06190294 -0.03568249
v 0.03259712 -0.05964612 -0.03565508
v -0.06605368 -0.01217502 -0.03384292
v -0.06509244 -0.01203 -0.03318876
v -0.06483566 -0.01817697 -0.03395116
v -0.06388884 -0.01795554 -0.03329312
v -0.06316787 -0.02393633 -0.03405588
v -0.06224238 -0.02363598 -0.0333935
v -0.06104117 -0.02944606 -0.03415644
v -0.06014585 -0.02906429 -0.03348934
v -0.05957621 -0.03255665 -0.034213
v -0.05870264 -0.03212678 -0.0335434
v -0.05691999 -0.03728657 -0.03429853
v -0.05608838 -0.03678017 -0.03362554
v -0.05388075 -0.04170358 -0.03437739
v -0.05309975 -0.04112279 -0.03370171
v -0.05044621 -0.04581552 -0.03444939
v -0.0497241 -0.0451641 -0.03377234
v -0.04780632 -0.04850363 -0.03449559
v -0.04712998 -0.0478059 -0.0338183
v -0.04385077 -0.05193758 -0.03455305
v -0.04324287 -0.05118155 -0.03387647
v -0.03957998 -0.05501139 -0.03460294
v -0.03904408 -0.05420494 -0.03392827
v -0.0349996 -0.05772441 -0.03464537
v -0.0345382 -0.05687552 -0.03397357
v -0.03013432 -0.06006538 -0.03468072
v -0.02974808 -0.05918228 -0.03401225
v -0.02492266 -0.06205528 -0.03470951
v -0.02461248 -0.06114512 -0.03404498
v -0.01951646 -0.06363201 -0.03473138
v -0.01928049 -0.06270205 -0.03407067
v -0.01392555 -0.06480455 -0.03474712
v -0.01376152 -0.06386107 -0.03408962
v -0.008158028 -0.06557357 -0.03475689
v -0.008064389 -0.06462186 -0.0341019
v -0.003850281 -0.06587743 -0.03476071
v -0.003806889 -0.06492274 -0.03410673
v 0.00252974 -0.06592625 -0.03476125
v 0.002501249 -0.06497108 -0.03410744
v 0.008906602 -0.06549769 -0.034756
v 0.008804082 -0.06454676 -0.03410071
v 0.01516848 -0.06458157 -0.0347442
v 0.01498883 -0.06364059 -0.03408592
v 0.02147823 -0.06311303 -0.03472435
v 0.02121585 -0.0621894 -0.0340622
v 0.02702826 -0.0613107 -0.0346989
v 0.02668774 -0.06041043 -0.03403282
v 0.03231787 -0.05907726 -0.034666
v 0.03189837 -0.05820828 -0.03399598
v -0.06395828 -0.01184964 -0.03295677
v -0.06277078 -0.01768457 -0.03305864
v -0.06114876 -0.0232715 -0.03315609
v -0.05908662 -0.02860319 -0.03324919
v -0.05766868 -0.03160834 -0.03330171
v -0.05510354 -0.03617084 -0.03338134
v -0.05217438 -0.04042494 -0.03345561
v -0.04886841 -0.04438263 -0.03352469
v -0.04632896 -0.04696959 -0.03356981
v -0.0425229 -0.05027663 -0.03362751
v -0.03841 -0.05324119 -0.03367924
v -0.03399294 -0.05586278 -0.03372508
v -0.02929192 -0.05813044 -0.03376466
v -0.02424675 -0.0600627 -0.03379833
v -0.01900243 -0.0615977 -0.03382509
v -0.01356858 -0.06274199 -0.03384506
v -0.007954299 -0.06349402 -0.03385818
v -0.003755748 -0.06379169 -0.03386348
v 0.00246793 -0.06383961 -0.03386425
v 0.008683502 -0.06341975 -0.03385692
v 0.01477748 -0.06252419 -0.03384131
v 0.02090674 -0.06109195 -0.03381627
v 0.02628612 -0.05933916 -0.03378576
v 0.031403 -0.05717247 -0.03374791
v 0.01380825 -0.06095552 -0.03381395
v 0.01204073 -0.06117606 -0.03381776
v 0.001588821 -0.06247979 -0.03384047
v 9.98205e-06 -0.06236392 -0.03383857
v 0.04547452 -0.0428754 -0.03349828
v 0.02549165 -0.05706501 -0.03374606
v 0.02361363 -0.05769044 -0.03375697
v 0.0342943 -0.05203902 -0.03365826
v -0.03354859 -0.0527327 -0.03367036
v -0.02361768 -0.05775153 -0.03375804
v -0.02255827 -0.05828696 -0.0337674
v -0.01202678 -0.0612083 -0.03381836
v -0.01069217 -0.06157857 -0.03382486
v 0.04368233 -0.04443514 -0.03352552
v -0.04375118 -0.04453051 -0.03352725
v -0.04323661 -0.04513132 -0.03353768
v -0.03432673 -0.05212211 -0.03365969
v 0.06249046 -0.001090705 -0.03276902
v 0.06166177 -0.01020097 -0.03292798
v 0.06089061 -0.01306992 -0.03297805
v 0.05846494 -0.02209287 -0.03313559
v 0.03618544 -0.05095928 -0.03363949
v -0.0515362 -0.03526055 -0.03336536
v -0.0512461 -0.0357781 -0.03337442
v 0.0572341 -0.0245772 -0.03317898
v 0.05299842 -0.03312712 -0.03332823
v 0.05142563 -0.03516495 -0.03336369
v -0.06250947 0 -0.03274995
v -0.06249046 -0.001090705 -0.03276902
v -0.06108659 -0.01312553 -0.03297907
v -0.06106358 -0.01332187 -0.03298246
v -0.0573883 -0.02465981 -0.03318035
v -0.05726647 -0.02503591 -0.03318697
v 0.06250953 0 -0.0352503
v 0.06525093 0 -0.03451365
v 0.0672636 0 -0.03250104
v 0.06726366 0 -0.03250092
v 0.06795763 -0.03975856 -0.03319483
v 0.06594491 -0.03975856 -0.03520756
v 0.06525105 0 -0.03451359
v 0.06796014 -0.03986287 -0.03319841
v 0.06796598 -0.039967 -0.03320211
v 0.06594967 -0.03992766 -0.03521108
v 0.06595993 -0.04009652 -0.0352146
v 0.07055485 -0.04949611 -0.03064179
v 0.07043218 -0.04912596 -0.03063452
v 0.06971752 -0.04929208 -0.03337615
v 0.06779009 -0.04983395 -0.03538781
v 0.07543039 -0.06013065 -0.003592193
v 0 0.06912219 0.07999891
v 0.01137703 0.06817942 0.07999891
v 0.00798875 0.06143361 0.07999891
v -0.0630992 0 0.07999891
v -0.0688861 -0.005707979 0.07999891
v -0.06284523 0.00466758 0.07999891
v -0.0688861 0.005707979 0.07999891
v 0.04245573 0.05454713 0.07999891
v 0.05085486 0.04681509 0.07999891
v 0.04497724 0.04346412 0.07999891
v -0.02911996 0.05500251 0.07999891
v -0.03348624 0.05255836 0.07999891
v -0.03289842 0.06079113 0.07999891
v 0.0630992 0 0.07999891
v 0.0688861 0.005707979 0.07999891
v 0.06284523 -0.004667699 0.07999891
v 0.0688861 -0.005707979 0.07999891
v -0.04245573 0.05454713 0.07999891
v -0.04954421 0.03831553 0.07999891
v -0.05786675 0.03780627 0.07999891
v -0.04627948 0.04211139 0.07999891
v -0.05085486 0.04681509 0.07999891
v 0.03235322 0.05323725 0.07999891
v 0.02788531 0.05561316 0.07999891
v 0.03289842 0.06079113 0.07999891
v -0.03760457 0.04979759 0.07999891
v -0.04147195 0.0467289 0.07999891
v -0.04508262 0.04335767 0.07999891
v 0.04954421 -0.03831553 0.07999891
v 0.05786675 -0.03780627 0.07999891
v 0.04627948 -0.04211139 0.07999891
v 0.05499482 0.03017425 0.07999891
v 0.05786675 0.03780627 0.07999891
v 0.05725085 0.02574402 0.07999891
v 0.06330025 0.02776598 0.07999891
v 0.05240601 0.03439116 0.07999891
v 0.04948532 0.03838974 0.07999891
v 0.04835093 0.0397765 0.07999891
v 0.02244389 0.06537693 0.07999891
v -0.008196651 0.06140756 0.07999891
v -0.0132097 0.06057214 0.07999891
v -0.01137703 0.06817942 0.07999891
v -0.06700706 0.01696842 0.07999891
v -0.06330025 0.02776598 0.07999891
v -0.05767941 0.02479219 0.07999891
v -0.0595411 0.02005392 0.07999891
v -0.06101328 0.01519972 0.07999891
v -0.0620988 0.01024216 0.07999891
v -0.05499482 -0.03017425 0.07999891
v -0.05786675 -0.03780627 0.07999891
v -0.05725085 -0.02574402 0.07999891
v -0.05085486 -0.04681509 0.07999891
v -0.04948532 -0.03838974 0.07999891
v -0.04835093 -0.0397765 0.07999891
v 0.05085486 -0.04681509 0.07999891
v 0.04147195 -0.0467289 0.07999891
v 0.04508262 -0.04335767 0.07999891
v 0.02326446 0.05761289 0.07999891
v 0.01849746 0.05923962 0.07999891
v 0.0130611 0.06060278 0.07999891
v -0.02244395 0.06537693 0.07999891
v -0.01809513 0.05935806 0.07999891
v -0.02284675 0.05777251 0.07999891
v -0.02745848 0.05581659 0.07999891
v -0.0524711 0.03429383 0.07999891
v -0.05506378 0.03005087 0.07999891
v -0.05732136 0.02559018 0.07999891
v 0.06700706 -0.01696842 0.07999891
v 0.06330025 -0.02776598 0.07999891
v 0.05767941 -0.02479219 0.07999891
v 0.0595411 -0.02005392 0.07999891
v 0.06101328 -0.01519966 0.07999891
v 0.0620988 -0.01024216 0.07999891
v 0.06280416 0.005106568 0.07999891
v 0.06211876 0.01012915 0.07999891
v 0.06700706 0.01696842 0.07999891
v 0.04134345 0.04683929 0.07999891
v 0.03745496 0.04990655 0.07999891
v 0.03332132 0.05265927 0.07999891
v -0.06280416 -0.005106568 0.07999891
v -0.06211876 -0.01012915 0.07999891
v -0.06700706 -0.01696842 0.07999891
v -0.04497724 -0.04346412 0.07999891
v -0.04134345 -0.04683929 0.07999891
v -0.04245573 -0.05454713 0.07999891
v -0.03289842 -0.06079113 0.07999891
v -0.03332132 -0.05265927 0.07999891
v -0.03235322 -0.05323725 0.07999891
v 0.03289842 -0.06079113 0.07999891
v 0.02745848 -0.05581659 0.07999891
v 0.02911996 -0.05500251 0.07999891
v 0.0524711 -0.03429377 0.07999891
v 0.05506378 -0.03005087 0.07999891
v 0.05732136 -0.02559018 0.07999891
v 0.06104946 0.01506012 0.07999891
v 0.05959731 0.01989132 0.07999891
v 0.05916607 0.02110415 0.07999891
v 0.002895951 0.0618593 0.07999891
v -0.002198219 0.06188648 0.07999891
v -0.007282733 0.06151676 0.07999891
v -0.06104946 -0.01506012 0.07999891
v -0.05959731 -0.01989132 0.07999891
v -0.06330025 -0.02776598 0.07999891
v -0.05916607 -0.02110415 0.07999891
v -0.00798875 -0.06143361 0.07999891
v -0.002895951 -0.0618593 0.07999891
v 0 -0.06912219 0.07999891
v 0.01137703 -0.06817942 0.07999891
v 0.007282733 -0.0615167 0.07999891
v 0.008196651 -0.06140756 0.07999891
v -0.06322646 -0.02786457 0.08159768
v -0.06327056 -0.02775323 0.08159828
v -0.02244395 -0.06537693 0.07999891
v -0.02241188 -0.06535905 0.08156555
v -0.02243471 -0.06535023 0.08156549
v 0.02244389 -0.06537693 0.07999891
v 0.02279704 -0.06522566 0.08156472
v 0.02243107 -0.06533819 0.08156543
v 0.04317587 -0.05394452 0.08153009
v 0.0424214 -0.05450177 0.08153074
v 0.04245573 -0.05454713 0.07999891
v 0.05088698 -0.04674059 0.08153349
v 0.0508331 -0.04679501 0.08153343
v 0.06322646 0.02786457 0.08159768
v 0.06327056 0.02775323 0.08159828
v 0.06238067 0.02971005 0.08158868
v 0.05050438 0.04715377 0.08153289
v 0.05082225 0.04678595 0.08153355
v 0.0424304 0.05451381 0.08153063
v 0.04278111 0.05425822 0.08153033
v 0.02241188 0.06535905 0.08156555
v 0.02243471 0.06535023 0.08156549
v -0.02279704 0.06522572 0.08156472
v -0.02243107 0.06533819 0.08156543
v -0.05088698 0.04674059 0.08153349
v -0.0508331 0.04679501 0.08153343
v -0.06348621 0.02726733 0.08160072
v -0.06325829 0.02774703 0.08159846
v 0.004422903 0.06399643 0.09004503
v 0 0.06414645 0.09004229
v 0 0.06411439 0.09006392
v 0 0.0684545 0.08492326
v 0 0.06841802 0.08503359
v 0.004718661 0.06829684 0.08492583
v 0.06839102 0 0.08529108
v 0.06843578 0 0.08513331
v 0.06830334 0.0044716 0.08510434
v 0.06894606 0.004482448 0.08174943
v 0.06908714 0 0.08193945
v 0.06909102 0 0.08178609
v 0.06395232 0.004236698 0.09023523
v 0.06405508 0 0.0902937
v 0.06409955 0 0.09026199
v 0.0222122 0.06475299 0.08490979
v 0.04238307 0.05375057 0.08489334
v 0.05002868 0.0467149 0.08490157
v 0.05554217 0.03190004 0.09007978
v 0.0527383 0.03029745 0.09124362
v 0.05279177 0.03019595 0.0912441
v 0.06262654 0.02761995 0.08496725
v -0.004553318 0.06830805 0.08492583
v -0.004267752 0.06400698 0.09004509
v -0.06393647 0.004461944 0.09023362
v -0.06410068 0 0.09026336
v -0.06405508 0 0.0902937
v -0.06828713 0.004712462 0.08510261
v -0.06844043 0 0.08513426
v -0.06839102 0 0.08529108
v -0.06892985 0.004725635 0.08174753
v -0.06909096 0 0.08178609
v -0.06908714 0 0.08193945
v -0.06624805 0.01721221 0.08502238
v -0.06687915 0.01735079 0.08165788
v -0.06697374 0.01696008 0.08166044
v -0.05040735 0.04630583 0.08490234
v -0.02259391 0.06462073 0.08490926
v -0.01512545 0.05902343 0.09122794
v -0.01652681 0.06196922 0.09003794
v -0.01570928 0.05888968 0.09122711
v -0.06894606 -0.004482448 0.08174943
v -0.004422903 -0.06399643 0.09004503
v 0 -0.06414568 0.09004133
v 0 -0.06411439 0.09006392
v 0 -0.06841802 0.08503359
v -0.00471878 -0.06829684 0.08492583
v 0 -0.0684489 0.08492201
v -0.06830334 -0.004471719 0.08510434
v -0.06395232 -0.004236817 0.09023523
v -0.01512557 -0.0590406 0.091228
v -0.01535719 -0.05898368 0.09122765
v -0.01615637 -0.0620675 0.09003823
v -0.0222122 -0.06475299 0.08490979
v -0.05554217 -0.03189998 0.09007978
v -0.0527383 -0.03029745 0.09124362
v -0.05279177 -0.03019595 0.0912441
v -0.06262654 -0.02761995 0.08496725
v 0.06393647 -0.004461944 0.09023362
v 0.06828713 -0.004712462 0.08510261
v 0.06892985 -0.004725635 0.08174753
v 0.004553318 -0.06830805 0.08492583
v 0.004267752 -0.06400698 0.09004509
v 0.05040735 -0.04630583 0.08490234
v 0.03057438 -0.05264246 0.09120422
v 0.03033149 -0.05279576 0.0912044
v 0.03192633 -0.05557811 0.09002727
v 0.02259391 -0.06462073 0.08490926
v 0.03056013 -0.04580837 0.09221315
v 0.006545722 -0.06061649 0.09123754
v 0 -0.04606324 0.09368526
v 0 -0.0460723 0.09368401
v 0.02456748 -0.03056424 0.09453749
v 0.02448636 -0.03063815 0.09453773
v 0.0150932 -0.04597181 0.09335184
v 0.01505959 -0.03640228 0.09457415
v 0.01490455 -0.03647768 0.09457474
v -0.0150932 -0.04598087 0.09335058
v -0.04012787 -0.04569005 0.09120112
v -0.03056019 -0.04581743 0.0922119
v -0.04118281 -0.04478591 0.0912016
v -0.04594588 -0.03030264 0.09221208
v -0.003206968 -0.03938233 0.09459817
v -0.006545722 0.06061649 0.09123754
v 0 0.04606324 0.09368526
v 0 0.0460723 0.09368401
v -0.03056013 0.04580837 0.09221315
v -0.02456748 0.03056424 0.09453749
v -0.02448636 0.03063815 0.09453773
v -0.0150932 0.04597181 0.09335184
v -0.01505959 0.03640228 0.09457415
v -0.01490455 0.03647768 0.09457474
v 0.04594588 0.03030264 0.09221208
v 0.003206968 0.03938233 0.09459817
v 0 0.03805667 0.09456241
v 0 0.03796046 0.09454524
v 0.003085196 0.03785318 0.0945487
v 0.03808385 0.002004981 0.09457856
v 0.03821855 0 0.09459406
v 0.03826588 0 0.09460282
v 0.03907328 0.005952239 0.09460192
v 0.03750663 0.005939424 0.09455019
v 0.03757041 0.005669534 0.09455192
v -0.00094519 0.03795701 0.09454685
v -0.01429712 0.03506088 0.09452706
v -0.02350616 0.02944421 0.09449189
v -0.03043329 0.02211099 0.09448134
v -0.030483 0.02450942 0.094527
v -0.03045874 0.02207934 0.09448134
v -0.03802579 0.002583146 0.09457415
v -0.03826588 0 0.09460282
v -0.03821855 0 0.09459406
v 0 -0.03805667 0.09456241
v 0 -0.03796041 0.09454524
v -0.003085196 -0.03785318 0.0945487
v -0.03808385 -0.002004981 0.09457856
v -0.03907328 -0.005952239 0.09460192
v -0.03750663 -0.005939424 0.09455019
v -0.03757041 -0.005669653 0.09455192
v 0.000945194 -0.03795701 0.09454685
v 0.01429712 -0.03506082 0.09452706
v 0.02350616 -0.02944415 0.09449189
v 0.03043329 -0.02211093 0.09448134
v 0.030483 -0.02450942 0.094527
v 0.03045874 -0.02207934 0.09448134
v 0.03802585 -0.002583146 0.09457415
v -0.02539831 -0.004022598 0.09261918
v -0.02080374 0.01511484 0.09261918
v 0.02080374 -0.01511484 0.09261918
v 0.06755357 0.006599426 -0.07702755
v 0.06717592 0.009661614 -0.07659167
v 0.06797862 0.009246945 -0.07316344
v 0.06653499 0.01314371 -0.07581835
v 0.06639814 0.01388752 -0.07565325
v 0.06725752 0.01331543 -0.07231873
v 0.07577705 0.0136547 -0.06723845
v 0.07658612 0.009758949 -0.06799346
v 0.0731045 0.009299993 -0.06847989
v 0.06490808 0.01957041 -0.07380068
v 0.06403237 0.02239841 -0.07269799
v 0.06503885 0.02158308 -0.06963294
v 0.06273525 0.02584254 -0.07103884
v 0.06245774 0.02657938 -0.07068395
v 0.06354308 0.02568709 -0.06778484
v 0.07174026 0.02550691 -0.06329375
v 0.07305246 0.02243143 -0.06459939
v 0.06990039 0.0216009 -0.06526803
v 0.04125404 0.05538839 -0.03736752
v 0.04264199 0.05492264 -0.0375874
v 0.04364669 0.05415225 -0.03887492
v 0.04537266 0.05421388 -0.03800261
v 0.04600507 0.05408418 -0.03809589
v 0.04888951 0.05153483 -0.04208523
v 0.04813188 0.05394721 -0.03838235
v 0.04920911 0.05318325 -0.0395593
v 0.0472064 0.05132216 -0.04331362
v 0.04378181 0.05454015 -0.03776782
v 0.04492038 0.05430662 -0.03793585
v 0.04223561 0.05434709 -0.04012155
v 0.04009717 0.05593109 -0.0371735
v 0.03778439 0.05711317 -0.03678005
v 0.03875768 0.05655956 -0.0369488
v 0.03833848 0.05673259 -0.03758352
v 0.04099875 0.05490517 -0.0414415
v 0.04368776 0.05276304 -0.04525041
v 0.04567557 0.0515508 -0.04472488
v 0.04438495 0.05220746 -0.04623818
v 0.04895752 0.04844474 -0.04905605
v 0.04763478 0.0491954 -0.05076742
v 0.05062872 0.05217659 -0.04111015
v 0.05437397 0.04916089 -0.04515767
v 0.05244666 0.04842686 -0.04615169
v 0.0560835 0.04762148 -0.04699105
v 0.05807942 0.04562056 -0.04911738
v 0.05718183 0.0434674 -0.05149096
v 0.0540651 0.04684764 -0.04798614
v 0.04857206 0.04822582 -0.05206316
v 0.05044949 0.04686731 -0.05101275
v 0.04911965 0.04765933 -0.05282032
v 0.05332231 0.04348933 -0.05475795
v 0.05199486 0.0443542 -0.05676335
v 0.06789958 0.03295391 -0.05940592
v 0.06515103 0.03201335 -0.06025308
v 0.06573116 0.03630536 -0.05716675
v 0.06272906 0.03604274 -0.05762624
v 0.06529814 0.03697472 -0.0567196
v 0.0600714 0.03986191 -0.05470508
v 0.06245797 0.04076057 -0.05375236
v 0.05938458 0.044312 -0.05050802
v 0.05059891 0.0481826 -0.04748153
v 0.05213963 0.04658985 -0.04936069
v 0.05510193 0.04318511 -0.05294901
v 0.05784201 0.03955996 -0.05623805
v 0.0603556 0.03572714 -0.05922555
v 0.06264007 0.03169095 -0.06191056
v 0.05598562 0.03988397 -0.05820274
v 0.05843478 0.03606194 -0.06134438
v 0.06066679 0.03202509 -0.06418031
v 0.06000792 0.03190428 -0.06749892
v 0.05946743 0.03297591 -0.06679069
v 0.05717462 0.03701084 -0.06375312
v 0.0567252 0.03769457 -0.06315022
v 0.05468195 0.04080253 -0.060409
v 0.05290246 0.04315453 -0.05799472
v 0.06064367 0.03064405 -0.06833183
v 0.06180328 0.02970618 -0.06561172
v 0.06380051 0.02937781 -0.06326079
v 0.06638437 0.02970045 -0.06157457
v 0.06923002 0.03063338 -0.06076502
v 0.06557351 0.02537769 -0.06530284
v 0.06827384 0.02569288 -0.06357443
v 0.07127809 0.02658998 -0.0628339
v 0.0670939 0.02130377 -0.06703084
v 0.06536304 0.01810133 -0.07437354
v 0.06629139 0.01739519 -0.07116001
v 0.06836378 0.01715803 -0.06845158
v 0.07126402 0.01742595 -0.06666159
v 0.07454925 0.01815801 -0.06606334
v 0.06934112 0.01312905 -0.0695244
v 0.0723173 0.01335793 -0.06771486
v 0.0757125 0.01396572 -0.06717813
v 0.07006925 0.009119451 -0.07030296
v 0.06770199 0.005396187 -0.07719886
v 0.06846445 0.005158305 -0.07370704
v 0.0705592 0.005096495 -0.07080209
v 0.07363516 0.005221009 -0.06897073
v 0.0771768 0.005511045 -0.06851994
v 0.06797301 0.001078665 -0.07747149
v 0.06871557 0.001031219 -0.07394951
v 0.07081252 0.001040101 -0.0710237
v 0.07390904 0.00110352 -0.06918925
v 0.07748103 0.001210927 -0.06875652
v 0.07101559 0.05719316 0.03337901
v 0.0704841 0.05660396 0.03405129
v 0.07073026 0.05683678 0.03446227
v 0.0738787 0.05669617 0.03837209
v 0.07386803 0.05669987 0.03836506
v 0.0738663 0.05669867 0.03836637
v 0.07364583 0.05677151 0.03821545
v 0.0736081 0.05674898 0.03824514
v 0.07251012 0.05701524 0.03736549
v 0.07227849 0.05691587 0.03755623
v 0.07201576 0.05704873 0.03695225
v 0.07387149 0.05670195 0.03836244
v 0.07386976 0.05670094 0.03836381
v 0.07372105 0.05681896 0.0381577
v 0.0736835 0.05679488 0.03818637
v 0.07295316 0.05730432 0.03702121
v 0.07273584 0.05714511 0.03718656
v 0.072618 0.05744946 0.03647643
v 0.07232671 0.05722141 0.03670346
v 0.072519 0.05746954 0.03630155
v 0.07154709 0.05720365 0.03568786
v 0.07074218 0.05686813 0.03576678
v 0.07053595 0.05685389 0.03648543
v 0.0710625 0.0569567 0.03608167
v 0.07163971 0.05693167 0.03718483
v 0.07169151 0.05693531 0.03721761
v 0.07196539 0.05758208 0.03532361
v 0.07174307 0.05756956 0.03490018
v 0.07128882 0.05713683 0.03532052
v 0.07143908 0.05745691 0.0342803
v 0.07124519 0.05738496 0.03388476
v 0.07003742 0.05652958 0.03503221
v 0.06971973 0.05628681 0.03468108
v 0.06835454 0.05592566 0.03477799
v 0.06881439 0.05627954 0.03519254
v 0.06923592 0.05649417 0.03553766
v 0.06973838 0.05665367 0.03591275
v 0.07013773 0.05678051 0.03621089
v 0.06821322 0.05581694 0.03465062
v 0.06928032 0.05579489 0.03417253
v 0.07015091 0.05610924 0.03345769
v 0.07069271 0.05671232 0.03261476
v 0.06755357 0.006599426 0.07702755
v 0.06770199 0.005396187 0.07719886
v 0.06846445 0.005158305 0.07370704
v 0.06653499 0.01314371 0.07581835
v 0.06717592 0.009661614 0.07659167
v 0.06797862 0.009246945 0.07316344
v 0.06639814 0.01388752 0.07565325
v 0.06725752 0.01331543 0.07231873
v 0.06629139 0.01739519 0.07116001
v 0.04623854 0.0540536 0.03812879
v 0.04537111 0.05421882 0.03800195
v 0.04888951 0.05153483 0.04208523
v 0.03778439 0.05711317 0.03678005
v 0.03833848 0.05673259 0.03758352
v 0.04007351 0.05590671 0.03717184
v 0.04223561 0.05434709 0.04012155
v 0.04018068 0.05585014 0.03719007
v 0.04262906 0.0548864 0.03758841
v 0.04491966 0.05430477 0.03793591
v 0.04404485 0.05447149 0.037808
v 0.04364669 0.05415225 0.03887492
v 0.04264628 0.0548796 0.03759121
v 0.04099875 0.05490517 0.0414415
v 0.04368776 0.05276304 0.04525041
v 0.04567557 0.0515508 0.04472488
v 0.04438495 0.05220746 0.04623818
v 0.04763478 0.0491954 0.05076742
v 0.04895752 0.04844474 0.04905605
v 0.04857206 0.04822582 0.05206316
v 0.05044949 0.04686731 0.05101275
v 0.04813188 0.05394721 0.03838235
v 0.04920911 0.05318325 0.0395593
v 0.05062872 0.05217659 0.04111015
v 0.05244666 0.04842686 0.04615169
v 0.05437397 0.04916089 0.04515767
v 0.0540651 0.04684764 0.04798614
v 0.04911965 0.04765933 0.05282032
v 0.05199486 0.0443542 0.05676335
v 0.05332231 0.04348933 0.05475795
v 0.05290246 0.04315453 0.05799472
v 0.05598562 0.03988397 0.05820274
v 0.05468195 0.04080253 0.060409
v 0.0567252 0.03769457 0.06315022
v 0.05843478 0.03606194 0.06134438
v 0.06272906 0.03604274 0.05762624
v 0.06245797 0.04076057 0.05375236
v 0.0600714 0.03986191 0.05470508
v 0.05938458 0.044312 0.05050802
v 0.05718183 0.0434674 0.05149096
v 0.05807942 0.04562056 0.04911738
v 0.0560835 0.04762148 0.04699105
v 0.05717462 0.03701084 0.06375312
v 0.05946743 0.03297591 0.06679069
v 0.06066679 0.03202509 0.06418031
v 0.06000792 0.03190428 0.06749892
v 0.06180328 0.02970618 0.06561172
v 0.06827384 0.02569288 0.06357443
v 0.06923002 0.03063338 0.06076502
v 0.06638437 0.02970045 0.06157457
v 0.06789958 0.03295391 0.05940592
v 0.06515103 0.03201335 0.06025308
v 0.06573116 0.03630536 0.05716675
v 0.06529814 0.03697472 0.0567196
v 0.06064367 0.03064405 0.06833183
v 0.06245774 0.02657938 0.07068395
v 0.06354308 0.02568709 0.06778484
v 0.06273525 0.02584254 0.07103884
v 0.06503885 0.02158308 0.06963294
v 0.06403237 0.02239841 0.07269799
v 0.06490808 0.01957041 0.07380068
v 0.06536304 0.01810133 0.07437354
v 0.0472064 0.05132216 0.04331362
v 0.05059891 0.0481826 0.04748153
v 0.05213963 0.04658985 0.04936069
v 0.05510193 0.04318511 0.05294901
v 0.05784201 0.03955996 0.05623805
v 0.0603556 0.03572714 0.05922555
v 0.06264007 0.03169095 0.06191056
v 0.06380051 0.02937781 0.06326079
v 0.06557351 0.02537769 0.06530284
v 0.0670939 0.02130377 0.06703084
v 0.06836378 0.01715803 0.06845158
v 0.06934112 0.01312905 0.0695244
v 0.06990039 0.0216009 0.06526803
v 0.07126402 0.01742595 0.06666159
v 0.0723173 0.01335793 0.06771486
v 0.07577705 0.0136547 0.06723845
v 0.0757125 0.01396572 0.06717813
v 0.07454925 0.01815801 0.06606334
v 0.07305246 0.02243143 0.06459939
v 0.07174026 0.02550691 0.06329375
v 0.07127809 0.02658998 0.0628339
v 0.07658612 0.009758949 0.06799346
v 0.0731045 0.009299993 0.06847989
v 0.07006925 0.009119451 0.07030296
v 0.0771768 0.005511045 0.06851994
v 0.07363516 0.005221009 0.06897073
v 0.0705592 0.005096495 0.07080209
v 0.07748103 0.001210927 0.06875652
v 0.07390904 0.00110352 0.06918925
v 0.07081252 0.001040101 0.0710237
v 0.06871557 0.001031219 0.07394951
v 0.06797301 0.001078665 0.07747149
v 0.04826033 0.05281364 0.03394979
v 0.0483933 0.05156469 0.03365004
v 0.04612475 0.05149906 0.03364884
v 0.04808831 0.05440151 0.03590184
v 0.04815191 0.05382156 0.0347498
v 0.04622018 0.05368906 0.03465765
v 0.04808115 0.05444622 0.0371924
v 0.04624736 0.05429959 0.03572827
v 0.0462538 0.05442827 0.0369544
v 0.04408389 0.05469912 0.03666937
v 0.04267919 0.05501884 0.03648531
v 0.04617691 0.05269992 0.03392314
v 0.04352903 0.05180323 0.03365421
v 0.04373985 0.0529192 0.03389865
v 0.04188871 0.05218243 0.03366076
v 0.04217827 0.05323553 0.03388649
v 0.0390188 0.0531845 0.03367829
v 0.03941684 0.05411541 0.03387165
v 0.04391902 0.05386 0.03455621
v 0.04403972 0.05448448 0.03552848
v 0.04242771 0.05413573 0.03449547
v 0.04260277 0.0547589 0.03540349
v 0.03976792 0.05493021 0.03439617
v 0.04003053 0.05553275 0.03518998
v 0.0401737 0.05585193 0.03615945
v 0.03625249 0.0545873 0.03370279
v 0.03672909 0.05538702 0.03386563
v 0.03683608 0.05556517 0.03397631
v 0.03715837 0.05610209 0.03430998
v 0.03732812 0.05638194 0.03465092
v 0.03749775 0.05666172 0.0349918
v 0.03765988 0.05692332 0.03563112
v 0.03771358 0.05701029 0.03584331
v 0.0672478 0.05479896 0.03399318
v 0.06121218 0.05417519 0.03397059
v 0.0677427 0.05533486 0.03426551
v 0.06110501 0.05518054 0.03476262
v 0.06809693 0.05569988 0.03454291
v 0.06104147 0.05576425 0.03590488
v 0.06103324 0.05581939 0.03718799
v 0.06108194 0.05533576 0.0383768
v 0.06608432 0.05343055 0.03368258
v 0.06134349 0.05293256 0.03367394
v 0.0667333 0.05421936 0.03378367
v 0.06710463 0.05464386 0.03391432
v 0.07059377 0.05650454 0.03239965
v 0.07005888 0.05592787 0.03329509
v 0.06918036 0.05564469 0.03404921
v 0.06887722 0.05518227 0.03374242
v 0.07029306 0.05585652 0.03184556
v 0.06978034 0.05536711 0.03288555
v 0.06975442 0.05462646 0.03114449
v 0.06928646 0.05432552 0.03240054
v 0.0694431 0.05386865 0.03088384
v 0.06900405 0.05369997 0.03224313
v 0.06890332 0.05245661 0.03068304
v 0.06852006 0.0525701 0.03217762
v 0.06833678 0.05433171 0.03339326
v 0.06802588 0.05382657 0.03328984
v 0.06748902 0.05292636 0.03327476
v 0.06620073 0.03999829 0.03045028
v 0.06619536 0.03983736 0.03044581
v 0.06579846 0.03999209 0.03194934
v 0.06579315 0.0398181 0.03194522
v 0.06470185 0.04002737 0.03304708
v 0.06469529 0.0398181 0.03304308
v 0.06320446 0.04009485 0.03344976
v 0.06319582 0.03983736 0.03344529
v 0.06621134 0.04015886 0.03045475
v 0.0658093 0.04016578 0.03195333
v 0.06471514 0.04023641 0.03305101
v 0.06322139 0.04035186 0.03345423
v 0.06834352 0.0501908 0.03064095
v 0.06648492 0.0426684 0.03050136
v 0.06608432 0.04269677 0.03199911
v 0.0649966 0.04282563 0.03309667
v 0.06351232 0.04302072 0.03350085
v 0.06835454 0.05592566 -0.03477799
v 0.06821322 0.05581694 -0.03465062
v 0.06928032 0.05579489 -0.03417253
v 0.07128882 0.05713683 -0.03532052
v 0.07174307 0.05756956 -0.03490018
v 0.07196539 0.05758208 -0.03532361
v 0.0738787 0.05669617 -0.03837209
v 0.07386976 0.05670094 -0.03836381
v 0.07387149 0.05670195 -0.03836244
v 0.0736835 0.05679488 -0.03818637
v 0.07372105 0.05681896 -0.0381577
v 0.07273584 0.05714511 -0.03718656
v 0.07295316 0.05730432 -0.03702121
v 0.07232671 0.05722141 -0.03670346
v 0.072618 0.05744946 -0.03647643
v 0.072519 0.05746954 -0.03630161
v 0.0738663 0.05669867 -0.03836637
v 0.07386803 0.05669987 -0.03836506
v 0.0736081 0.05674898 -0.03824514
v 0.07364583 0.05677151 -0.03821545
v 0.07227849 0.05691587 -0.03755623
v 0.07251012 0.05701524 -0.03736549
v 0.07169151 0.05693531 -0.03721761
v 0.07201576 0.05704873 -0.03695225
v 0.07163971 0.05693167 -0.03718483
v 0.0710625 0.0569567 -0.03608167
v 0.07154709 0.05720365 -0.03568786
v 0.07053595 0.05685389 -0.03648543
v 0.07013773 0.05678051 -0.03621089
v 0.07074218 0.05686813 -0.03576678
v 0.06973838 0.05665367 -0.03591275
v 0.07003742 0.05652958 -0.03503221
v 0.07073026 0.05683678 -0.03446227
v 0.06971973 0.05628681 -0.03468108
v 0.0704841 0.05660396 -0.03405129
v 0.07143914 0.05745691 -0.0342803
v 0.07124519 0.05738496 -0.03388476
v 0.07101559 0.05719316 -0.03337901
v 0.06881439 0.05627954 -0.03519254
v 0.07069271 0.05671232 -0.03261476
v 0.07015091 0.05610924 -0.03345769
v 0.06923592 0.05649417 -0.03553766
v 0.06852006 0.0525701 -0.03217762
v 0.06890332 0.05245661 -0.03068304
v 0.06907361 0.05291706 -0.03070992
v 0.06748902 0.05292636 -0.03327476
v 0.068672 0.05293315 -0.03216868
v 0.06608432 0.05343055 -0.03368258
v 0.06765812 0.05321383 -0.03325647
v 0.0662899 0.05368745 -0.03369623
v 0.06792521 0.05366051 -0.03327107
v 0.06661242 0.05407708 -0.03375232
v 0.06934207 0.05361443 -0.03082138
v 0.06891298 0.05349308 -0.03221046
v 0.06989884 0.05496579 -0.03130024
v 0.06941825 0.05460959 -0.03250312
v 0.07019895 0.05564832 -0.03169846
v 0.06969356 0.05518859 -0.03277975
v 0.06848138 0.05456262 -0.03346472
v 0.06878256 0.05503576 -0.03366452
v 0.06725078 0.05480521 -0.03398329
v 0.06727617 0.05483424 -0.0339924
v 0.0676316 0.0552178 -0.03419178
v 0.06620073 0.03999829 -0.03045028
v 0.06621134 0.04015886 -0.03045475
v 0.06579846 0.03999209 -0.03194934
v 0.0658093 0.04016578 -0.03195333
v 0.06470185 0.04002737 -0.03304708
v 0.06471514 0.04023641 -0.03305101
v 0.06320446 0.04009485 -0.03344976
v 0.06322139 0.04035186 -0.03345423
v 0.06619536 0.03983736 -0.03044581
v 0.06579315 0.0398181 -0.03194522
v 0.06469529 0.0398181 -0.03304308
v 0.06319582 0.03983736 -0.03344529
v 0.0681613 0.05023545 -0.03064185
v 0.06810349 0.05006241 -0.03063863
v 0.06771415 0.05015498 -0.03213393
v 0.06666439 0.05045557 -0.03323119
v 0.0652337 0.05088424 -0.03363811
v 0.0712037 0.05774611 -0.03109872
v 0.07224333 0.05965143 -0.02797716
v 0.07225126 0.05964708 0.02794528
v 0.07108008 0.05750185 0.03146553
v 0.07315272 0.06120342 -0.002990663
v 0.07262837 0.06033772 0.02681189
v 0.07247847 0.06008237 -0.02727121
v 0.07695186 0.06647801 -0.009871363
v 0.07648438 0.06590604 -0.01253867
v 0.07536953 0.06446403 -0.01750004
v 0.07400399 0.06252568 -0.02242076
v 0.07413023 0.0627138 0.02199596
v 0.07447528 0.06321829 0.02080905
v 0.07565015 0.06483799 0.01636564
v 0.0766049 0.06605529 0.01190215
v 0.07729053 0.06688123 0.00742197
v 0.07762849 0.06727463 0.003685235
v 0.07773452 0.06739628 -0.000844332
v 0.07750552 0.06713253 -0.005347192
v 0.0721547 0.05890744 -0.03207135
v 0.07355409 0.05962973 -0.03291946
v 0.07522279 0.05982047 -0.0335347
v 0.07511228 0.05958563 0.03393059
v 0.07343375 0.05939561 0.03331083
v 0.07202905 0.05866962 0.03245198
v 0.07344448 0.06117826 -0.02810424
v 0.07612353 0.06159508 -0.03027045
v 0.07478994 0.06186544 -0.0288431
v 0.07636266 0.06206601 -0.02940404
v 0.07625913 0.06419497 -0.02369159
v 0.07772666 0.06441289 -0.02417099
v 0.07756716 0.06603723 -0.01847869
v 0.07907611 0.06794595 -0.01041561
v 0.07994455 0.06765663 -0.01351445
v 0.07863092 0.06740438 -0.01323276
v 0.07898783 0.066329 -0.01864868
v 0.07894772 0.06627339 -0.01886379
v 0.07971942 0.06869941 0.003887236
v 0.08106237 0.06908518 -0.000909942
v 0.07982009 0.06881445 -0.000890581
v 0.08085763 0.06883239 -0.005762875
v 0.07960259 0.06856507 -0.005640625
v 0.08080321 0.06876343 -0.006298959
v 0.08036261 0.06820499 -0.01063919
v 0.07783526 0.066392 0.01727855
v 0.08005231 0.06779968 0.01282835
v 0.07874578 0.06754571 0.0125603
v 0.0806654 0.06859153 0.007999122
v 0.07939821 0.06832742 0.007830083
v 0.08079302 0.06875073 0.006298363
v 0.0809676 0.06896859 0.003971636
v 0.07814812 0.06507784 0.02243256
v 0.07897931 0.0663076 0.01864123
v 0.07919865 0.06663215 0.01764065
v 0.07671129 0.06485384 0.02198284
v 0.07638031 0.06437402 0.0232411
v 0.07783955 0.06459355 0.02371275
v 0.07493472 0.06210935 0.02835464
v 0.07649666 0.06231141 0.02890849
v 0.07497668 0.06354486 -0.02308863
v 0.0763399 0.06541663 -0.01801091
v 0.07744807 0.06680601 -0.01289916
v 0.07791167 0.06735634 -0.01015347
v 0.07845991 0.06798559 -0.005499005
v 0.07868641 0.06823909 -0.000868229
v 0.07858151 0.0681222 0.003789663
v 0.07824712 0.06774407 0.007633209
v 0.07756763 0.0669496 0.0122438
v 0.0766192 0.06577718 0.01684165
v 0.07544797 0.06421428 0.02142453
v 0.07510298 0.06372678 0.02264988
v 0.07359552 0.06142604 0.02762877
v 0.07612383 0.06157732 0.03026092
v 0.09144997 0.06970798 -0.00638622
v 0.09144997 0.06282186 -0.03087472
v 0.09144997 0.05616497 -0.0417754
v 0.06108194 0.05533576 -0.0383768
v 0.09144997 0.04763805 -0.05128473
v 0.09144997 0.03752499 -0.05908608
v 0.09144997 0.02616262 -0.06491965
v 0.09144997 0.01392918 -0.06859123
v 0.09144997 0.001232266 -0.06997847
v 0.09144997 0.01392918 0.06859123
v 0.09144997 0.001232266 0.06997847
v 0.09144997 0.02616262 0.06491965
v 0.09144997 0.03752499 0.05908608
v 0.09144997 0.04763805 0.05128473
v 0.09144997 0.05616497 0.0417754
v 0.09144997 0.06282186 0.03087472
v 0.09144997 0.06738686 0.01894599
v 0.09144997 0.06970798 0.00638622
v 0.09144997 0.06738686 -0.01894599
v 0.06121218 0.05417519 -0.03397059
v 0.06104147 0.05576425 -0.03590488
v 0.06103324 0.05581939 -0.03718799
v 0.06110501 0.05518054 -0.03476262
v 0.06134349 0.05293256 -0.03367394
v 0.0483933 0.05156469 -0.03365004
v 0.04826033 0.05281364 -0.03394979
v 0.04815191 0.05382156 -0.0347498
v 0.04808831 0.05440151 -0.03590184
v 0.04808115 0.05444622 -0.0371924
v 0.04382085 0.05475074 -0.03663486
v 0.04126822 0.05544674 -0.03630137
v 0.03871524 0.05649524 -0.03597158
v 0.03625249 0.0545873 -0.03370279
v 0.03737354 0.0539627 -0.03369188
v 0.03672909 0.05538702 -0.03386563
v 0.03782081 0.05481725 -0.033867
v 0.03683608 0.05556517 -0.03397631
v 0.03822046 0.05557507 -0.03434365
v 0.03852957 0.05615496 -0.03507113
v 0.03732812 0.05638194 -0.03465092
v 0.03715837 0.05610209 -0.03430998
v 0.03771358 0.05701029 -0.03584331
v 0.03765988 0.05692332 -0.03563112
v 0.03749775 0.05666172 -0.0349918
v 0.04115539 0.05514997 -0.03528177
v 0.04092973 0.0545355 -0.03443813
v 0.04061985 0.05368149 -0.03387707
v 0.04026502 0.05269587 -0.03366971
v 0.04377108 0.05452704 -0.03550475
v 0.04363983 0.05390214 -0.03454458
v 0.04344666 0.05296856 -0.03389608
v 0.04321986 0.0518639 -0.03365522
v 0.04602527 0.05444306 -0.03692442
v 0.04601573 0.05430442 -0.03570687
v 0.04597806 0.05369132 -0.03464657
v 0.04591852 0.0527063 -0.03392022
v 0.04584699 0.05151343 -0.03364908
v -0.006686568 0.06653809 -0.03686362
v -0.008244633 0.06642758 -0.0368632
v -0.008221209 0.06620699 -0.03572559
v -0.0632084 0.02620106 -0.03623861
v -0.0639916 0.02417647 -0.03619885
v -0.06378239 0.02412623 -0.03504163
v -0.06470477 0.005797684 -0.03285109
v -0.06584841 0.005891323 -0.03308111
v -0.06681799 0.005962729 -0.03373247
v -0.06746602 0.006001055 -0.03470617
v -0.06669527 0.01226234 -0.03481942
v -0.06691932 0.01227867 -0.03596925
v -0.06769388 0.006000459 -0.03585404
v -0.06760978 0.006682038 -0.03586649
v -0.06546622 0.01831483 -0.03493183
v -0.06525141 0.01983791 -0.03611409
v -0.06568396 0.01834833 -0.03608506
v -0.0667091 0.0133118 -0.03598898
v -0.06183308 0.02975636 -0.03630834
v -0.06163424 0.02968931 -0.03514719
v -0.06060463 0.03235977 -0.03635925
v -0.06015384 0.03283125 -0.03520655
v -0.06034588 0.03290808 -0.03636986
v -0.05746883 0.03761112 -0.03529584
v -0.05764943 0.03770339 -0.03646194
v -0.05731928 0.03818279 -0.03647089
v -0.05439555 0.04207676 -0.0353772
v -0.05456393 0.04218423 -0.03654497
v -0.04425245 0.05242735 -0.03555196
v -0.04839843 0.0490871 -0.03666388
v -0.04825228 0.04895412 -0.03549605
v -0.04891127 0.04856467 -0.03665518
v -0.05092209 0.04623526 -0.03545022
v -0.05107772 0.04635769 -0.03661859
v -0.05338746 0.04359269 -0.03656989
v -0.03833484 0.05671739 -0.03677463
v -0.04005378 0.05569708 -0.03676182
v -0.03993493 0.05553585 -0.03559881
v -0.04386186 0.05295187 -0.03672325
v -0.04438519 0.05257463 -0.03671801
v -0.03541052 0.05845338 -0.03679627
v -0.03530603 0.05827879 -0.03563714
v -0.03244781 0.05988281 -0.0368117
v -0.03039193 0.06064468 -0.03566753
v -0.03048127 0.0608316 -0.03682208
v -0.02627289 0.06244379 -0.03683692
v -0.02513033 0.06265509 -0.03569108
v -0.02520382 0.06285333 -0.03684061
v -0.01988345 0.06441086 -0.03685235
v -0.01967513 0.06424731 -0.03570789
v -0.01973217 0.06445515 -0.03685265
v -0.01403599 0.06543093 -0.03571903
v -0.01407647 0.06564629 -0.03685981
v -0.0133301 0.0657463 -0.03686022
v -0.003890573 0.06673634 -0.03686428
v -0.003879666 0.06651359 -0.03572785
v 4.37856e-07 0.06676626 -0.03686434
v 0.002548933 0.06656283 -0.03572821
v 0.002556025 0.06678593 -0.03686434
v 0.006684601 0.06650704 -0.0368635
v 0.008975803 0.06613039 -0.03572493
v 0.009001374 0.06635051 -0.03686296
v 0.01332521 0.06571501 -0.03685992
v 0.01528948 0.06520587 -0.03571707
v 0.01533365 0.06541979 -0.03685855
v 0.01987171 0.06435924 -0.03685182
v 0.02165424 0.06372326 -0.03570252
v 0.02171725 0.06392788 -0.03684908
v 0.0262745 0.06244266 -0.03683692
v 0.02725577 0.06190294 -0.03568249
v 0.02733564 0.06209683 -0.03683412
v -0.06395828 0.01184964 -0.03295677
v -0.06509244 0.01203 -0.03318876
v -0.06277078 0.01768457 -0.03305864
v -0.06388884 0.01795554 -0.03329312
v -0.06114876 0.02327156 -0.03315609
v -0.06224238 0.02363598 -0.0333935
v -0.05908662 0.02860319 -0.03324919
v -0.06014585 0.02906429 -0.03348934
v -0.05766868 0.0316084 -0.03330171
v -0.05870264 0.03212678 -0.0335434
v -0.05510354 0.03617084 -0.03338134
v -0.05608838 0.03678017 -0.03362554
v -0.05217438 0.04042494 -0.03345561
v -0.05309975 0.04112279 -0.03370171
v -0.04886841 0.04438263 -0.03352469
v -0.0497241 0.0451641 -0.03377234
v -0.04632896 0.04696959 -0.03356981
v -0.04712998 0.0478059 -0.0338183
v -0.0425229 0.05027663 -0.03362751
v -0.04324287 0.05118155 -0.03387647
v -0.03841 0.05324119 -0.03367924
v -0.03904408 0.05420494 -0.03392827
v -0.03399294 0.05586278 -0.03372508
v -0.0345382 0.05687552 -0.03397357
v -0.02929192 0.05813044 -0.03376466
v -0.02974808 0.05918228 -0.03401225
v -0.02424675 0.0600627 -0.03379833
v -0.02461248 0.06114512 -0.03404498
v -0.01900243 0.06159776 -0.03382509
v -0.01928049 0.06270205 -0.03407067
v -0.01356858 0.06274199 -0.03384506
v -0.01376152 0.06386107 -0.03408962
v -0.007954299 0.06349402 -0.03385818
v -0.008064389 0.06462192 -0.0341019
v -0.003755748 0.06379169 -0.03386348
v -0.003806889 0.06492274 -0.03410673
v 0.00246793 0.06383961 -0.03386425
v 0.002501249 0.06497108 -0.03410744
v 0.008683502 0.06341975 -0.03385692
v 0.008804082 0.06454676 -0.03410071
v 0.01477748 0.06252419 -0.03384131
v 0.01498883 0.06364059 -0.03408592
v 0.02090674 0.06109195 -0.03381627
v 0.02121585 0.0621894 -0.0340622
v 0.02628612 0.05933916 -0.03378576
v 0.02668774 0.06041043 -0.03403282
v 0.031403 0.05717247 -0.03374791
v 0.03189837 0.05820828 -0.03399598
v -0.06605368 0.01217502 -0.03384292
v -0.06483566 0.01817697 -0.03395116
v -0.06316787 0.02393633 -0.03405588
v -0.06104117 0.02944612 -0.03415644
v -0.05957621 0.03255665 -0.034213
v -0.05691999 0.03728657 -0.03429853
v -0.05388075 0.04170364 -0.03437739
v -0.05044621 0.04581552 -0.03444939
v -0.04780632 0.04850363 -0.03449559
v -0.04385077 0.05193758 -0.03455305
v -0.03957998 0.05501145 -0.03460294
v -0.0349996 0.05772441 -0.03464537
v -0.03013432 0.06006538 -0.03468072
v -0.02492266 0.06205528 -0.03470951
v -0.01951646 0.06363201 -0.03473138
v -0.01392555 0.06480455 -0.03474712
v -0.008158028 0.06557357 -0.03475689
v -0.003850281 0.06587743 -0.03476071
v 0.00252974 0.06592631 -0.03476125
v 0.008906602 0.06549769 -0.034756
v 0.01516848 0.06458157 -0.0347442
v 0.02147823 0.06311303 -0.03472435
v 0.02702826 0.0613107 -0.0346989
v 0.03231787 0.05907726 -0.034666
v 0.03259712 0.05964612 -0.03565508
v 0.0324679 0.05992323 -0.0368126
v 0.0326932 0.05982774 -0.03681159
v 0.06798863 0.000535903 -0.07748395
v 0.06482303 0.01951831 -0.07965821
v 0.06593924 0.01572257 -0.07972449
v 0.06647253 0.01311653 -0.07976996
v 0.06711256 0.009988605 -0.07982456
v 0.06753897 0.006592154 -0.07988387
v 0.06772607 0.005101919 -0.07990986
v 0.06428933 0.02133309 -0.07962656
v 0.06257587 0.02573508 -0.07954972
v 0.06216013 0.02680295 -0.07953107
v 0.05991172 0.03143119 -0.0794503
v 0.05974739 0.03170979 -0.07944542
v 0.0563001 0.03735131 -0.07934695
v 0.056997 0.03637295 -0.079364
v 0.05231863 0.0426287 -0.0792548
v 0.05367219 0.04104042 -0.07928252
v 0.04783356 0.04748409 -0.07917004
v 0.04993277 0.04542827 -0.07920598
v 0.0429008 0.05188435 -0.07909327
v 0.04556757 0.04970324 -0.07913136
v 0.03755366 0.05577194 -0.07902538
v 0.04117095 0.05329906 -0.0790686
v 0.03646445 0.05651658 -0.07901239
v 0.0318523 0.05911922 -0.07896697
v 0.03145205 0.05934494 -0.07896304
v 0.02584218 0.0618779 -0.07891881
v 0.02567368 0.06195402 -0.0789175
v 0.02022838 0.06385082 -0.07888442
v 0.0195856 0.0640158 -0.0788815
v 0.01461666 0.06529146 -0.07885926
v 0.01315194 0.06553924 -0.07885491
v 0.008846819 0.06626754 -0.07884222
v 0.006604969 0.06646519 -0.07883876
v 0.003555893 0.06673407 -0.07883405
v -5.08368e-07 0.06676512 -0.07883352
v -0.002320528 0.06678539 -0.07883316
v -0.006605625 0.06646543 -0.07883876
v -0.008197307 0.06634658 -0.07884085
v -0.01315444 0.06555289 -0.07885468
v -0.01404917 0.06540966 -0.07885718
v -0.01877462 0.06427234 -0.07887703
v -0.01958233 0.06401056 -0.07888162
v -0.02429944 0.06248164 -0.07890826
v -0.02582603 0.06183904 -0.07891952
v -0.02964311 0.06023234 -0.07894754
v -0.03183251 0.05908054 -0.07896763
v -0.03479754 0.05752062 -0.07899487
v -0.03754848 0.05576127 -0.07902562
v -0.03944635 0.05454748 -0.07904678
v -0.04291093 0.05189442 -0.07909309
v -0.04397052 0.05108296 -0.07910728
v -0.0478717 0.04752224 -0.07916939
v -0.0481832 0.04723805 -0.07917439
v -0.05207693 0.04300785 -0.07924818
v -0.05234754 0.04265463 -0.07925438
v -0.05583977 0.03809607 -0.07933396
v -0.05630671 0.03735822 -0.07934683
v -0.0588873 0.03328049 -0.079418
v -0.06765097 0.005886316 -0.07989615
v -0.06754946 0.006592929 -0.07988381
v -0.06682026 0.01166981 -0.07979524
v -0.06648707 0.01311838 -0.0797699
v -0.06551599 0.01734054 -0.07969623
v -0.06481957 0.01951587 -0.07965826
v -0.06374812 0.02286243 -0.07959985
v -0.06255644 0.02572596 -0.07954984
v -0.06152653 0.02820074 -0.07950669
v -0.05971235 0.03169244 -0.07944571
v 0.07392537 0.0005213 -0.06920099
v 0.06826436 0 -0.07536095
v 0.06873077 0.000485239 -0.07396155
v 0.06879955 0 -0.07399481
v 0.06907272 0 -0.07329767
v 0.07030928 0 -0.07157289
v 0.07082802 0.000480083 -0.07103544
v 0.0708779 0 -0.07109236
v 0.07198262 0 -0.07015883
v 0.07614219 0 -0.06876802
v 0.07749849 0.000601915 -0.06876868
v -0.06024217 0.005518794 -0.08440327
v -0.04335182 0.04134184 -0.08377796
v -0.04653155 0.03778499 -0.08384007
v 0.04255259 0.04211229 -0.08376455
v 0.04591202 0.038558 -0.08382654
v 0.05159932 0.03078413 -0.08396226
v 0.05004215 0.03307414 -0.08392226
v -0.05480408 0.02485412 -0.08406579
v -0.05567193 0.02276962 -0.08410215
v -0.05691218 0.0197907 -0.08415412
v -0.05774664 0.01726192 -0.08419829
v -0.05808055 0.01625025 -0.08421593
v -0.05924475 0.01156413 -0.08429777
v -0.05940002 0.01093906 -0.08430868
v -0.06020623 0.005750477 -0.08439922
v 0.0485 0.03534185 -0.08388268
v 0.04653227 0.03778731 -0.08384001
v -0.0493232 0.03421658 -0.08390235
v -0.05005604 0.0330848 -0.08392208
v 0.06042909 0.003516972 -0.0844382
v 0.060157 0.005744755 -0.08439934
v 0.05976164 0.008980572 -0.08434283
v -0.006960332 0.05902987 -0.08346921
v -0.01172477 0.05826967 -0.0834825
v -0.02299481 0.05491226 -0.08354109
v -0.02178323 0.05543661 -0.08353197
v -0.01744365 0.05686616 -0.083507
v -0.02679616 0.05326741 -0.08356982
v -0.02832758 0.05243247 -0.08358436
v -0.03162539 0.0506345 -0.08361577
v -0.03340524 0.04946953 -0.0836361
v -0.0351026 0.0483585 -0.08365547
v -0.03814733 0.04599791 -0.08369672
v -0.03938359 0.04503947 -0.08371341
v -0.04254072 0.04209756 -0.08376479
v -0.05227082 0.02966493 -0.08398181
v -0.05311352 0.02806466 -0.0840097
v 0.05920851 0.01155722 -0.08429789
v 0.05860072 0.0143882 -0.08424842
v 0.05820161 0.01583641 -0.08422315
v 0.0577225 0.01725351 -0.08419841
v 0.05644971 0.02101898 -0.08413273
v 0.05567634 0.02277022 -0.08410215
v 0.05424845 0.02600347 -0.0840457
v 0.05310857 0.02806061 -0.08400982
v -9.92656e-07 0.05937564 -0.08346319
v -0.001464784 0.05940604 -0.08346265
v 0.02298969 0.05489724 -0.08354139
v -0.005890548 0.05910313 -0.08346796
v 0.02563816 0.05381685 -0.08356022
v -0.04699856 0.03726261 -0.08384919
v 0.04219394 0.04249167 -0.08375787
v 0.03817611 0.0460354 -0.08369606
v -0.01243871 0.05815583 -0.08348447
v -0.0165959 0.05714547 -0.08350211
v 0.03341972 0.04949122 -0.08363574
v 0.03045839 0.05132389 -0.08360373
v 0.02832591 0.05242669 -0.08358448
v 0.0205996 0.05587244 -0.08352434
v 0.0174368 0.05684143 -0.08350741
v 0.004029214 0.05929183 -0.08346468
v 0.005889773 0.05910736 -0.0834679
v 0.03812551 0.04608017 -0.08369529
v 0.03370988 0.04931175 -0.08363884
v 0.008149087 0.05888319 -0.08347177
v 0.01171952 0.05824351 -0.08348298
v 0.01355564 0.05791443 -0.0834887
v 0.01535069 0.05748057 -0.08349627
v -0.06045216 0.003262162 -0.07744157
v -0.06016296 0.00578165 -0.07739758
v -0.0598132 0.008828938 -0.07734441
v -0.05923712 0.01162976 -0.07729554
v -0.05868309 0.01432287 -0.07724851
v -0.05828893 0.01580566 -0.07722264
v -0.05778002 0.01735866 -0.07719552
v -0.05657678 0.02103102 -0.07713145
v -0.05577033 0.02290523 -0.07709872
v -0.05442094 0.0260412 -0.07704401
v -0.05323851 0.02822118 -0.07700592
v -0.05182182 0.0308327 -0.07696032
v -0.05020296 0.03325372 -0.07691806
v -0.04877626 0.03538733 -0.07688087
v -0.04671311 0.03797549 -0.07683569
v -0.0460965 0.03874886 -0.07682216
v -0.04274678 0.04230254 -0.07676011
v -0.04244041 0.04262763 -0.07675445
v -0.03843158 0.04616338 -0.07669275
v -0.03836607 0.04621112 -0.07669192
v -0.03407269 0.04934555 -0.0766372
v -0.03359526 0.04964226 -0.07663202
v -0.03122735 0.05111366 -0.07660633
v -0.02848243 0.0525512 -0.07658123
v -0.02645576 0.0536127 -0.0765627
v -0.02312225 0.05499368 -0.07653862
v -0.02145826 0.05568301 -0.07652658
v -0.01754111 0.05691063 -0.07650518
v -0.01624447 0.05731689 -0.07649809
v -0.01344507 0.05799114 -0.07648628
v -0.0117895 0.05827385 -0.07648134
v -0.00797224 0.05892544 -0.07646995
v -0.005925536 0.05911141 -0.07646673
v -0.003608763 0.05932193 -0.07646304
v 7.06077e-07 0.05936765 -0.07646226
v 0.001982808 0.05939275 -0.07646185
v 0.005925059 0.05909764 -0.07646697
v 0.007574856 0.05897414 -0.07646912
v 0.01179069 0.05827915 -0.07648128
v 0.01313412 0.05805778 -0.07648515
v 0.01755243 0.05694484 -0.07650452
v 0.0177949 0.05688381 -0.0765056
v 0.02298295 0.05510652 -0.07653665
v 0.02313971 0.05503648 -0.07653784
v 0.02797669 0.0528751 -0.07657557
v 0.02849793 0.05258238 -0.0765807
v 0.03276377 0.05018687 -0.07662254
v 0.03358578 0.04962939 -0.07663226
v 0.03644388 0.0476911 -0.07666605
v 0.03833007 0.04616677 -0.0766927
v 0.04060113 0.04433155 -0.0767247
v 0.04271787 0.04227173 -0.07676064
v 0.04443264 0.04060304 -0.07678979
v 0.04669141 0.03795582 -0.07683598
v 0.04793542 0.03649783 -0.07686144
v 0.04996752 0.03371381 -0.07691007
v 0.05023807 0.03327798 -0.07691764
v 0.05279409 0.02915996 -0.07698953
v 0.05325913 0.02823382 -0.07700568
v 0.05520892 0.02435034 -0.07707351
v 0.05577719 0.02290982 -0.07709866
v 0.05720382 0.01929306 -0.07716178
v 0.05781304 0.01736956 -0.07719534
v 0.05811637 0.0164119 -0.07721203
v 0.06024688 0.005575478 -0.07740122
v 0.06021469 0.005787312 -0.07739752
v 0.05941778 0.0110498 -0.07730567
v 0.05927526 0.01163679 -0.07729542
v 0.05426293 0.03603076 -0.0768696
v 0.05512815 0.03480243 -0.07689106
v 0.05756783 0.03059089 -0.07696455
v 0.05795687 0.02991914 -0.07697629
v 0.06032949 0.0248503 -0.07706475
v 0.06035512 0.02479571 -0.0770657
v 0.06199538 0.02042472 -0.077142
v -0.06515085 0.005793929 -0.0773974
v -0.06507402 0.006322801 -0.07738816
v -0.06432354 0.01148802 -0.07729798
v -0.06405937 0.01262277 -0.07727819
v -0.06302338 0.0170716 -0.07720053
v -0.06248474 0.01880455 -0.07717031
v -0.0618276 0.02091842 -0.07713341
v -0.06030464 0.02479392 -0.07706576
v -0.05975818 0.0261842 -0.0770415
v -0.05758947 0.03055506 -0.07696521
v -0.05726826 0.03120249 -0.07695388
v -0.05436611 0.0359658 -0.07687073
v -0.05432569 0.03602164 -0.07686978
v -0.05177688 0.03954827 -0.07680821
v 0.03623563 0.05377441 -0.0765599
v 0.04054242 0.05074495 -0.07661277
v 0.04138481 0.05003321 -0.07662522
v 0.04479426 0.04715293 -0.07667547
v 0.04613471 0.04580026 -0.07669907
v 0.04869771 0.0432139 -0.07674425
v 0.05044889 0.04112434 -0.07678067
v 0.05186736 0.03943163 -0.07681024
v 0.06245106 0.0188409 -0.07716965
v 0.063609 0.0148155 -0.07723993
v 0.06403148 0.01266312 -0.07727748
v 0.0647279 0.00911504 -0.07733941
v 0.0650283 0.006362557 -0.07738745
v 0.06535845 0.003337562 -0.07744026
v 0.03595024 0.05397522 -0.07655638
v 0.032251 0.05616813 -0.07651811
v 0.03070729 0.0569297 -0.07650482
v 0.02721732 0.05865138 -0.07647478
v 0.02490466 0.0595541 -0.07645899
v 0.02196633 0.06070107 -0.07643896
v 0.01887458 0.06161206 -0.0764231
v 0.01650655 0.06230998 -0.07641088
v 0.01423287 0.06283444 -0.07640177
v 0.01267498 0.06309676 -0.07639718
v 0.008542656 0.06379264 -0.07638502
v 0.006355345 0.06397897 -0.0763818
v 0.003160238 0.06425124 -0.07637703
v -2.20778e-05 0.0642631 -0.07637679
v -0.002644002 0.06427288 -0.07637661
v -0.006398618 0.06396985 -0.07638192
v -0.008446753 0.06380456 -0.07638484
v -0.01271802 0.06308895 -0.07639729
v -0.01421636 0.06283795 -0.07640171
v -0.01892471 0.06162363 -0.07642287
v -0.01985079 0.06138467 -0.07642704
v -0.02496314 0.05958294 -0.07645851
v -0.02522337 0.05949121 -0.07646012
v -0.03040301 0.05714309 -0.07650107
v -0.03076064 0.05694139 -0.07650464
v -0.03537672 0.0543375 -0.07655006
v -0.03625965 0.05373215 -0.07656061
v -0.03986883 0.05125761 -0.07660382
v -0.0414083 0.04999226 -0.07662594
v -0.04416471 0.04772645 -0.07666546
v -0.04616177 0.04576468 -0.07669973
v -0.04813534 0.0438258 -0.07673352
v -0.05046939 0.04108411 -0.07678139
v 0.06169801 0.02149939 -0.07269209
v 0.06041258 0.0249325 -0.07097661
v 0.03965735 0.05279076 -0.04148495
v 0.03701263 0.05461621 -0.03747975
v -0.06520295 0.005787909 -0.03585124
v -0.0651229 0.006448507 -0.03586292
v -0.06450599 0.01153951 -0.0359525
v -0.06423974 0.01287376 -0.03597617
v -0.06331068 0.01752907 -0.03605872
v -0.06283402 0.01918584 -0.03608816
v -0.06165885 0.02327054 -0.03616094
v -0.06086695 0.02532345 -0.0361976
v -0.05954432 0.02875179 -0.03625869
v -0.05837357 0.03125178 -0.03630328
v -0.05827403 0.03146439 -0.03630697
v -0.05565077 0.03618443 -0.0363909
v -0.05520892 0.0368303 -0.03640228
v -0.05264288 0.04058188 -0.0364685
v -0.05144995 0.04201292 -0.03649348
v -0.04923671 0.04466813 -0.03653997
v -0.04717808 0.04677736 -0.03657639
v -0.04690426 0.04705792 -0.03658127
v -0.04299682 0.05048608 -0.03663998
v -0.04233783 0.05096381 -0.03664809
v -0.03876984 0.05355054 -0.03669172
v -0.03704613 0.05457568 -0.03670877
v -0.03422921 0.05625087 -0.03673648
v -0.03139942 0.057626 -0.03675895
v -0.02982306 0.0583921 -0.03677141
v -0.02545446 0.06008952 -0.03679865
v -0.02466017 0.06039822 -0.03680366
v -0.01929605 0.06198698 -0.03682863
v -0.01928919 0.06198847 -0.03682869
v -0.01374059 0.06316739 -0.03684699
v -0.0129494 0.06327378 -0.0368486
v -0.008002698 0.06393933 -0.03685867
v -0.006512463 0.06404775 -0.03686028
v -0.004082024 0.06422466 -0.03686296
v -2.16382e-05 0.06426823 -0.03686368
v 0.002274036 0.0642929 -0.03686404
v 0.00646615 0.06401783 -0.03685981
v 0.008631229 0.06387573 -0.03685778
v 0.01290106 0.06325119 -0.03684818
v 0.0148701 0.06296318 -0.03684377
v 0.03650784 0.05496466 -0.03671526
v 0.03151398 0.05762088 -0.03675889
v 0.01923584 0.06195414 -0.03682816
v 0.02070719 0.06161397 -0.03682279
v 0.0254141 0.06010228 -0.03679895
v 0.02624422 0.05983573 -0.03679472
v 0.03137654 0.05767858 -0.03675991
v 0.04212737 0.050812 -0.04513823
v 0.0467993 0.04646313 -0.05194395
v 0.0459271 0.04737132 -0.05068516
v 0.04285639 0.05022794 -0.0462166
v 0.05461949 0.03634887 -0.06304341
v 0.05274999 0.03920775 -0.06042736
v 0.05095297 0.0416004 -0.05788439
v 0.05021405 0.0425843 -0.05683869
v 0.047504 0.04572916 -0.05296123
v 0.06021225 0.02546775 -0.07070916
v 0.05850279 0.02932947 -0.06839829
v 0.05777812 0.03077369 -0.06740844
v 0.05727612 0.0317744 -0.06672263
v 0.05510544 0.03560566 -0.0637235
v 0.06400471 0.01312381 -0.07570004
v 0.06295633 0.01742535 -0.07434636
v 0.06250661 0.01888149 -0.07375508
v 0.06548893 0.000492362 -0.07748347
v 0.06547433 0.000997422 -0.07747137
v 0.06522023 0.00508362 -0.07720464
v 0.06506419 0.006367266 -0.07701653
v 0.06472939 0.009121477 -0.076613
v 0.0640847 0.01268213 -0.07580083
v 0.06619983 0.004782438 -0.07271397
v 0.065759 0.008596777 -0.07220137
v 0.06510496 0.01239919 -0.07140493
v 0.06414985 0.01651751 -0.07021468
v 0.04556828 0.05192261 -0.03688395
v 0.04514467 0.05198723 -0.03687572
v 0.04865288 0.04936158 -0.04087013
v 0.04223752 0.05252695 -0.03681969
v 0.04200178 0.05260998 -0.03681534
v 0.04306727 0.05181878 -0.03817445
v 0.03910714 0.05363082 -0.03676134
v 0.03908514 0.05364114 -0.03676086
v 0.04124939 0.05207026 -0.03978216
v 0.03807967 0.05410951 -0.03674274
v 0.04331356 0.05226629 -0.03684026
v 0.04484158 0.05203342 -0.03686988
v 0.04648631 0.0490877 -0.04245108
v 0.0445165 0.04938215 -0.04426801
v 0.0476278 0.0464062 -0.04848492
v 0.04921448 0.04470503 -0.05062329
v 0.04834973 0.05191808 -0.0369383
v 0.04942685 0.05118519 -0.03807288
v 0.05089175 0.05018818 -0.03961598
v 0.05211383 0.04638326 -0.04475075
v 0.05459195 0.04732704 -0.04347264
v 0.05388104 0.04467952 -0.04671472
v 0.05191999 0.04146891 -0.0542494
v 0.05442488 0.03802514 -0.05758321
v 0.05672466 0.03438526 -0.06062269
v 0.06224972 0.0343607 -0.05583816
v 0.06276136 0.03915399 -0.05185431
v 0.05968606 0.03799682 -0.05307781
v 0.05973726 0.04253 -0.04877358
v 0.05689501 0.04144048 -0.05003619
v 0.05829697 0.04392671 -0.04729342
v 0.05648922 0.04567992 -0.04543542
v 0.05881822 0.03055197 -0.06336647
v 0.05998909 0.0281257 -0.06488895
v 0.06769281 0.02433121 -0.06155329
v 0.06955879 0.02931714 -0.05864995
v 0.06588941 0.02811902 -0.05968648
v 0.06811743 0.03174608 -0.05722784
v 0.06458365 0.03053689 -0.05831712
v 0.06595063 0.03497225 -0.05506682
v 0.06555628 0.03555935 -0.05467349
v 0.06160414 0.02432334 -0.06697404
v 0.06299024 0.02045327 -0.06874769
v 0.04973822 0.0460692 -0.0464605
v 0.05139434 0.04434621 -0.04848808
v 0.05421257 0.04107648 -0.0519151
v 0.05681425 0.03760796 -0.05505132
v 0.05919539 0.03395462 -0.05789566
v 0.06135523 0.03012228 -0.06044822
v 0.06255942 0.02770441 -0.06185746
v 0.06421595 0.02392655 -0.06377726
v 0.06563299 0.02009505 -0.06539958
v 0.06681442 0.01621264 -0.0667324
v 0.06778454 0.01216369 -0.0678066
v 0.0692436 0.02047646 -0.0631324
v 0.07054322 0.01655703 -0.06443101
v 0.07161605 0.01245468 -0.06547886
v 0.07600229 0.013161 -0.06480532
v 0.07598853 0.01322597 -0.06479293
v 0.07476717 0.01749837 -0.06366181
v 0.07329946 0.02154237 -0.06227433
v 0.07196104 0.02457803 -0.06098771
v 0.07156229 0.02548241 -0.06060445
v 0.07683217 0.009247601 -0.06555312
v 0.07235217 0.008665442 -0.06617641
v 0.06844723 0.008435904 -0.0685209
v 0.07740336 0.005231738 -0.06604462
v 0.07284867 0.004863262 -0.0666235
v 0.06889313 0.004704654 -0.06897819
v 0.07769888 0.001167476 -0.06626641
v 0.07310634 0.001029372 -0.06682276
v 0.06912517 0.00094786 -0.06918138
v 0.06642907 0.000936565 -0.07294315
v 0.06644314 0.000427393 -0.07295471
v 0.07771587 0.000580308 -0.06627815
v 0.0731219 0.000475434 -0.06683397
v 0.06913959 0.000421402 -0.06919258
v 0.09166789 0.001188755 -0.06748837
v 0.09166789 0.001188755 0.06748837
v 0.09166789 0.01343393 0.06615048
v 0.09166789 0.02523195 0.06260955
v 0.09166789 0.03619015 0.05698353
v 0.09166789 0.04594331 0.04945981
v 0.09166789 0.05416685 0.0402888
v 0.09166789 0.06058681 0.02977615
v 0.09166789 0.06498938 0.0182718
v 0.09166789 0.0672279 0.006158888
v 0.09166789 0.0672279 -0.006158888
v 0.09166789 0.06498938 -0.0182718
v 0.09166789 0.06058681 -0.02977615
v 0.09166789 0.05416685 -0.0402888
v 0.09166789 0.04594331 -0.04945981
v 0.09166789 0.03619015 -0.05698353
v 0.09166789 0.02523195 -0.06260955
v 0.09166789 0.01343393 -0.06615048
v 0.07771587 0.000580308 0.06627815
v 0.07769888 0.001167476 0.06626641
v 0.07749849 0.000601915 0.06876868
v 0.07537442 0 0.06885552
v 0.07392537 0.0005213 0.06920099
v 0.07395476 0 0.06927365
v 0.07082802 0.000480083 0.07103544
v 0.06873077 0.000485239 0.07396155
v 0.06983643 0 0.07213234
v 0.07088112 0 0.07108831
v 0.06810659 0 0.07613378
v 0.06798863 0.000535903 0.07748395
v -0.06769388 0.006000459 0.03585404
v -0.06765097 0.005886316 0.07989615
v -0.06760978 0.006682038 0.03586649
v -0.06754946 0.006592929 0.07988381
v -0.06691932 0.01227867 0.03596925
v -0.06682026 0.01166981 0.07979524
v -0.0667091 0.0133118 0.03598898
v -0.06648707 0.01311838 0.0797699
v -0.06568396 0.01834833 0.03608506
v -0.06551599 0.01734054 0.07969623
v -0.06525141 0.01983791 0.03611409
v -0.06481957 0.01951587 0.07965826
v -0.0639916 0.02417647 0.03619885
v -0.06374812 0.02286243 0.07959985
v -0.0632084 0.02620106 0.03623861
v -0.06255644 0.02572596 0.07954984
v -0.06152653 0.02820074 0.07950669
v -0.06183308 0.02975636 0.03630834
v -0.05971235 0.03169244 0.07944571
v -0.06060463 0.03235977 0.03635925
v -0.06034588 0.03290808 0.03636986
v -0.0588873 0.03328049 0.079418
v -0.05764943 0.03770339 0.03646194
v -0.05630671 0.03735822 0.07934683
v -0.05731928 0.03818279 0.03647089
v -0.05583977 0.03809607 0.07933396
v -0.05456393 0.04218423 0.03654497
v -0.05234754 0.04265463 0.07925438
v -0.05338746 0.04359269 0.03656989
v -0.05207693 0.04300785 0.07924818
v -0.05107772 0.04635769 0.03661859
v -0.0481832 0.04723805 0.07917439
v -0.04891127 0.04856467 0.03665518
v -0.0478717 0.04752224 0.07916939
v -0.04839843 0.0490871 0.03666388
v -0.04397052 0.05108296 0.07910728
v -0.04438519 0.05257463 0.03671801
v -0.04386186 0.05295187 0.03672325
v -0.04291093 0.05189442 0.07909309
v -0.04005378 0.05569708 0.03676182
v -0.03944635 0.05454748 0.07904678
v -0.03833484 0.05671739 0.03677463
v -0.03754848 0.05576127 0.07902562
v -0.03541052 0.05845338 0.03679627
v -0.03479754 0.05752062 0.07899487
v -0.03244781 0.05988281 0.0368117
v -0.03183251 0.05908054 0.07896763
v -0.03048127 0.0608316 0.03682208
v -0.02964311 0.06023234 0.07894754
v -0.02627289 0.06244379 0.03683692
v -0.02582603 0.06183904 0.07891952
v -0.02520382 0.06285333 0.03684061
v -0.02429944 0.06248164 0.07890826
v -0.01988345 0.06441086 0.03685235
v -0.01958233 0.06401056 0.07888162
v -0.01973217 0.06445515 0.03685265
v -0.01877462 0.06427234 0.07887703
v -0.01407647 0.06564629 0.03685981
v -0.01404917 0.06540966 0.07885718
v -0.0133301 0.0657463 0.03686022
v -0.01315444 0.06555289 0.07885468
v -0.008244633 0.06642758 0.0368632
v -0.008197307 0.06634658 0.07884085
v -0.006686568 0.06653809 0.03686362
v -0.006605625 0.06646543 0.07883876
v -0.003890573 0.06673634 0.03686428
v -0.002320528 0.06678539 0.07883316
v 4.37856e-07 0.06676626 0.03686434
v -5.08368e-07 0.06676512 0.07883352
v 0.002556025 0.06678593 0.03686434
v 0.003555893 0.06673407 0.07883405
v 0.006684601 0.06650704 0.0368635
v 0.006604969 0.06646519 0.07883876
v 0.009001374 0.06635051 0.03686296
v 0.008846819 0.06626754 0.07884222
v 0.01332521 0.06571501 0.03685992
v 0.01315194 0.06553924 0.07885491
v 0.01533365 0.06541979 0.03685855
v 0.01461666 0.06529146 0.07885926
v 0.01987171 0.06435924 0.03685182
v 0.0195856 0.0640158 0.0788815
v 0.02022838 0.06385082 0.07888442
v 0.02171725 0.06392788 0.03684908
v 0.02567368 0.06195402 0.0789175
v 0.0262745 0.06244266 0.03683692
v 0.02584218 0.0618779 0.07891881
v 0.02733564 0.06209683 0.03683412
v 0.03145205 0.05934494 0.07896304
v 0.0324679 0.05992323 0.0368126
v 0.0318523 0.05911922 0.07896697
v 0.0326932 0.05982774 0.03681159
v 0.03646445 0.05651658 0.07901239
v 0.0429008 0.05188435 0.07909327
v 0.04117095 0.05329906 0.0790686
v 0.03755366 0.05577194 0.07902538
v 0.04783356 0.04748409 0.07917004
v 0.04556757 0.04970324 0.07913136
v 0.0563001 0.03735131 0.07934695
v 0.05367219 0.04104042 0.07928252
v 0.05231863 0.0426287 0.0792548
v 0.04993277 0.04542827 0.07920598
v 0.05974739 0.03170979 0.07944542
v 0.056997 0.03637295 0.079364
v 0.06482303 0.01951831 0.07965821
v 0.06428933 0.02133309 0.07962656
v 0.06257587 0.02573508 0.07954972
v 0.06216013 0.02680295 0.07953107
v 0.05991172 0.03143119 0.0794503
v 0.06772607 0.005101919 0.07990986
v 0.06753897 0.006592154 0.07988387
v 0.06711256 0.009988605 0.07982456
v 0.06647253 0.01311653 0.07976996
v 0.06593924 0.01572257 0.07972449
v -0.06746602 0.006001055 0.03470617
v -0.06681799 0.005962729 0.03373247
v -0.06584841 0.005891323 0.03308111
v -0.06470477 0.005797684 0.03285109
v -0.06669527 0.01226234 0.03481942
v -0.06546622 0.01831483 0.03493183
v -0.06378239 0.02412623 0.03504163
v -0.06163424 0.02968931 0.03514719
v -0.06015384 0.03283125 0.03520655
v -0.05746883 0.03761112 0.03529584
v -0.05439555 0.04207676 0.0353772
v -0.05092209 0.04623526 0.03545022
v -0.04825228 0.04895412 0.03549605
v -0.04425245 0.05242735 0.03555196
v -0.03993493 0.05553585 0.03559881
v -0.03530603 0.05827879 0.03563714
v -0.03039193 0.06064468 0.03566753
v -0.02513033 0.06265509 0.03569108
v -0.01967513 0.06424731 0.03570789
v -0.01403599 0.06543093 0.03571903
v -0.008221209 0.06620699 0.03572559
v -0.003879666 0.06651359 0.03572785
v 0.002548933 0.06656283 0.03572821
v 0.008975803 0.06613039 0.03572493
v 0.01528948 0.06520587 0.03571707
v 0.02165424 0.06372326 0.03570252
v 0.02725577 0.06190294 0.03568249
v 0.03259712 0.05964612 0.03565508
v -0.06605368 0.01217502 0.03384292
v -0.06509244 0.01203 0.03318876
v -0.06483566 0.01817697 0.03395116
v -0.06388884 0.01795554 0.03329312
v -0.06316787 0.02393633 0.03405588
v -0.06224238 0.02363598 0.0333935
v -0.06104117 0.02944612 0.03415644
v -0.06014585 0.02906429 0.03348934
v -0.05957621 0.03255665 0.034213
v -0.05870264 0.03212678 0.0335434
v -0.05691999 0.03728657 0.03429853
v -0.05608838 0.03678017 0.03362554
v -0.05388075 0.04170364 0.03437739
v -0.05309975 0.04112279 0.03370171
v -0.05044621 0.04581552 0.03444939
v -0.0497241 0.0451641 0.03377234
v -0.04780632 0.04850363 0.03449559
v -0.04712998 0.0478059 0.0338183
v -0.04385077 0.05193758 0.03455305
v -0.04324287 0.05118155 0.03387647
v -0.03957998 0.05501145 0.03460294
v -0.03904408 0.05420494 0.03392827
v -0.0349996 0.05772441 0.03464537
v -0.0345382 0.05687552 0.03397357
v -0.03013432 0.06006538 0.03468072
v -0.02974808 0.05918228 0.03401225
v -0.02492266 0.06205528 0.03470951
v -0.02461248 0.06114512 0.03404498
v -0.01951646 0.06363201 0.03473138
v -0.01928049 0.06270205 0.03407067
v -0.01392555 0.06480455 0.03474712
v -0.01376152 0.06386107 0.03408962
v -0.008158028 0.06557357 0.03475689
v -0.008064389 0.06462192 0.0341019
v -0.003850281 0.06587743 0.03476071
v -0.003806889 0.06492274 0.03410673
v 0.00252974 0.06592631 0.03476125
v 0.002501249 0.06497108 0.03410744
v 0.008906602 0.06549769 0.034756
v 0.008804082 0.06454676 0.03410071
v 0.01516848 0.06458157 0.0347442
v 0.01498883 0.06364059 0.03408592
v 0.02147823 0.06311303 0.03472435
v 0.02121585 0.0621894 0.0340622
v 0.02702826 0.0613107 0.0346989
v 0.02668774 0.06041043 0.03403282
v 0.03231787 0.05907726 0.034666
v 0.03189837 0.05820828 0.03399598
v -0.06395828 0.01184964 0.03295677
v -0.06277078 0.01768457 0.03305864
v -0.06114876 0.02327156 0.03315609
v -0.05908662 0.02860319 0.03324919
v -0.05766868 0.0316084 0.03330171
v -0.05510354 0.03617084 0.03338134
v -0.05217438 0.04042494 0.03345561
v -0.04886841 0.04438263 0.03352469
v -0.04632896 0.04696959 0.03356981
v -0.0425229 0.05027663 0.03362751
v -0.03841 0.05324119 0.03367924
v -0.03399294 0.05586278 0.03372508
v -0.02929192 0.05813044 0.03376466
v -0.02424675 0.0600627 0.03379833
v -0.01900243 0.06159776 0.03382509
v -0.01356858 0.06274199 0.03384506
v -0.007954299 0.06349402 0.03385818
v -0.003755748 0.06379169 0.03386348
v 0.00246793 0.06383961 0.03386425
v 0.008683502 0.06341975 0.03385692
v 0.01477748 0.06252419 0.03384131
v 0.02090674 0.06109195 0.03381627
v 0.02628612 0.05933916 0.03378576
v 0.031403 0.05717247 0.03374791
v 0.07252866 0.05453449 0.03683763
v 0.06129992 0.05328947 0.03695738
v 0.07189524 0.05448234 0.03677481
v 0.06129181 0.05336999 0.03675913
v 0.073722 0.05461359 0.03694522
v 0.07408452 0.0546332 0.03697514
v 0.07409662 0.05463373 0.03697603
v 0.07029336 0.05431348 0.03659832
v 0.07079511 0.05437326 0.03665655
v 0.07183879 0.05447769 0.03676927
v 0.06998252 0.05426955 0.03655976
v 0.06129312 0.05336081 0.03654527
v 0.06947457 0.05419772 0.03649657
v 0.06827598 0.05395972 0.03632903
v 0.06840145 0.05399042 0.03634715
v 0.06130373 0.0532636 0.03635489
v 0.06854903 0.05402171 0.03636837
v 0.06895977 0.05410909 0.03642767
v 0.06672203 0.05356192 0.03619694
v 0.06132155 0.05309599 0.03622299
v 0.06608432 0.05338692 0.03618222
v 0.06134349 0.05288887 0.03617352
v 0.06720054 0.05368834 0.03622251
v 0.0673567 0.05372828 0.03623569
v 0.06782543 0.05384802 0.03627502
v 0.0483933 0.05152106 0.03614968
v 0.04837113 0.0517292 0.03619956
v 0.04835307 0.0518971 0.03633296
v 0.04834246 0.05199378 0.03652495
v 0.04834133 0.05200123 0.03674006
v 0.04834973 0.05191808 0.0369383
v 0.07035779 0.05394995 0.03547066
v 0.07408767 0.0546351 0.0369727
v 0.07382047 0.05467092 0.03686738
v 0.07246631 0.05468785 0.03625714
v 0.07295334 0.05471658 0.03648811
v 0.07409083 0.05463713 0.03697019
v 0.07409399 0.05463916 0.03696781
v 0.07391852 0.05473124 0.03679126
v 0.07401615 0.05479449 0.03671687
v 0.07336717 0.05495476 0.03616005
v 0.07376563 0.05524653 0.03585702
v 0.07306617 0.05501842 0.03577637
v 0.07362455 0.05546146 0.03533816
v 0.07176047 0.05456191 0.03591632
v 0.0736106 0.05547791 0.03528404
v 0.07264888 0.05501449 0.03519427
v 0.07341581 0.05570822 0.0345267
v 0.07246953 0.05496728 0.03492498
v 0.07331728 0.05578523 0.03412693
v 0.07094407 0.05426257 0.03556984
v 0.07143855 0.05446547 0.03576761
v 0.07221424 0.05482578 0.03452491
v 0.07065492 0.05411368 0.03549188
v 0.07207995 0.05469709 0.03431779
v 0.07322734 0.05581104 0.03375339
v 0.0731582 0.05583089 0.03346621
v 0.07305824 0.05578702 0.03305107
v 0.07294714 0.05563187 0.03261476
v 0.07195389 0.05452626 0.03416013
v 0.07026225 0.05385863 0.03542381
v 0.07187283 0.05437779 0.03404134
v 0.06945955 0.05311614 0.03526723
v 0.06992232 0.05353796 0.03531122
v 0.06911236 0.0528171 0.03530418
v 0.06865954 0.05246245 0.0354346
v 0.07158613 0.05384379 0.03371101
v 0.0712006 0.05310457 0.03344732
v 0.07091546 0.05254346 0.03337061
v 0.07054984 0.05180943 0.03342318
v 0.07285344 0.05543518 0.03239965
v 0.07251858 0.05471098 0.03176146
v 0.07205855 0.05365633 0.03114449
v 0.07171028 0.05280476 0.03084754
v 0.07125252 0.0516014 0.03068304
v 0.07071697 0.04945635 0.03064095
v 0.06354582 0.04321861 0.03600472
v 0.06322139 0.04030823 0.03595387
v 0.06626498 0.04284793 0.03526347
v 0.06595993 0.04009652 0.0352146
v 0.0682578 0.04260188 0.03325122
v 0.06796598 0.03996706 0.03320211
v 0.06899183 0.04254627 0.03050553
v 0.06870293 0.03995454 0.03045475
v 0.06320446 0.04005122 0.0359494
v 0.06319582 0.03979367 0.03594487
v 0.06594967 0.03992766 0.03521108
v 0.06594491 0.03975856 0.03520756
v 0.06796014 0.03986287 0.03319841
v 0.06795763 0.03975856 0.03319483
v 0.06869769 0.03987413 0.03045028
v 0.06869494 0.03979367 0.03044581
v 0.06869494 0.03979367 -0.03044581
v 0.06869769 0.03987413 -0.03045028
v 0.06870293 0.03995454 -0.03045475
v 0.06250536 0.00023782 0.03525441
v -0.01202678 0.0612083 0.03631871
v -0.01069217 0.06157863 0.03632515
v -0.01367056 0.06268078 0.0363444
v -0.02361768 0.05775153 0.03625833
v -0.02255827 0.05828696 0.03626769
v -0.02454578 0.05991762 0.03629618
v -0.0515362 0.03526055 0.03586584
v -0.0512461 0.0357781 0.03587484
v -0.05525064 0.0358898 0.03587681
v -0.03354859 0.0527327 0.03617078
v -0.01920408 0.06150323 0.0363239
v -0.02968615 0.05791503 0.03626126
v -0.03399294 0.05581915 0.03622466
v -0.03432673 0.05212211 0.03616017
v -0.03851252 0.0531302 0.03617775
v -0.04323661 0.04513132 0.0360381
v 0.0342943 0.05203902 0.03615868
v 0.03127771 0.05718839 0.03624856
v 0.02549165 0.05706501 0.03624635
v 0.02602618 0.05939191 0.036287
v 0.02361363 0.05769044 0.03625726
v 0.02050662 0.06115937 0.03631788
v 0.01380825 0.06095558 0.0363143
v 0.01477748 0.0624805 0.03634095
v 0.01204073 0.06117606 0.03631818
v 0.008558094 0.06338942 0.03635674
v 0.001588821 0.06247979 0.03634095
v 0.002219915 0.06380289 0.03636395
v 9.98205e-06 0.06236392 0.03633892
v -0.004116535 0.06373107 0.0363627
v -0.007954299 0.06345039 0.03635782
v 0.0455982 0.05148643 0.03614908
v 0.04547452 0.0428754 0.03599876
v -0.06108659 0.01312553 0.03547942
v -0.06106358 0.01332187 0.03548288
v -0.06402277 0.01140272 0.03544932
v 0.04368233 0.04443514 0.036026
v -0.06249046 0.001090705 0.03526932
v -0.05726647 0.02503591 0.03568732
v 0.04352903 0.0517596 0.03615385
v 0.0403648 0.05261665 0.03616881
v 0.03618544 0.05095934 0.03613978
v 0.03708404 0.05407267 0.0361942
v 0.03625249 0.05454367 0.03620243
v 0.05299842 0.03312712 0.03582859
v 0.0572341 0.02457726 0.03567934
v 0.05846494 0.02209287 0.03563594
v 0.06089061 0.01306992 0.03547847
v 0.06166177 0.01020097 0.0354284
v 0.06249046 0.001090705 0.03526932
v -0.04271847 0.05007743 0.0361244
v -0.04660493 0.04666107 0.0360648
v -0.04375118 0.04453051 0.03602761
v -0.04886841 0.044339 0.03602427
v -0.05225855 0.04027009 0.03595328
v -0.05785852 0.03118598 0.03579473
v -0.05908662 0.02855956 0.03574877
v -0.0573883 0.02465981 0.03568077
v -0.06119245 0.02309787 0.03565353
v -0.06283575 0.01737481 0.03555363
v 0.05142563 0.03516495 0.03586417
v -0.06470477 0.005754113 0.03535073
v -0.06249046 0.001090705 0.03276902
v -0.06108659 0.01312553 0.03297907
v 0.06249046 0.001090705 0.03276902
v 0.06166177 0.01020097 0.03292798
v 0.06089061 0.01306992 0.03297805
v 0.05846494 0.02209287 0.03313559
v 0.0572341 0.02457726 0.03317898
v 0.05299842 0.03312712 0.03332823
v 0.05142563 0.03516495 0.03336369
v 0.04547452 0.0428754 0.03349828
v 0.04368233 0.04443514 0.03352552
v 0.03618544 0.05095934 0.03363949
v 0.0342943 0.05203902 0.03365826
v 0.02549165 0.05706501 0.03374606
v 0.02361363 0.05769044 0.03375697
v 0.01380825 0.06095558 0.03381395
v 0.01204073 0.06117606 0.03381776
v 0.001588821 0.06247979 0.03384047
v 9.98205e-06 0.06236392 0.03383857
v -0.01069217 0.06157863 0.03382486
v -0.01202678 0.0612083 0.03381836
v -0.02255827 0.05828696 0.0337674
v -0.02361768 0.05775153 0.03375804
v -0.03354859 0.0527327 0.03367036
v -0.03432673 0.05212211 0.03365969
v -0.04323661 0.04513132 0.03353768
v -0.04375118 0.04453051 0.03352725
v -0.0512461 0.0357781 0.03337442
v -0.0515362 0.03526055 0.03336536
v -0.05726647 0.02503591 0.03318697
v -0.0573883 0.02465981 0.03318035
v -0.06106358 0.01332187 0.03298246
v 0.06250494 0.000259635 0.03275448
v 0.06250494 0.000259635 -0.03275448
v 0.06865954 0.05246245 -0.0354346
v 0.06608432 0.05338692 -0.03618222
v 0.06631028 0.0534498 -0.03618478
v 0.07054984 0.05180943 -0.03342318
v 0.06881868 0.05258148 -0.03537857
v 0.07125252 0.0516014 -0.03068304
v 0.07067751 0.0520671 -0.0333845
v 0.06673765 0.05356609 -0.03619766
v 0.06912356 0.05282652 -0.03530216
v 0.06735938 0.05372941 -0.0362342
v 0.06959664 0.05323874 -0.03526854
v 0.06738716 0.05373662 -0.0362358
v 0.06784391 0.05385267 -0.03627693
v 0.06993621 0.05355083 -0.03531432
v 0.06840145 0.05399042 -0.03634715
v 0.07035779 0.05394995 -0.03547066
v 0.07092463 0.0525617 -0.03337144
v 0.07131415 0.05332481 -0.03350549
v 0.07159775 0.05386579 -0.03372204
v 0.07195389 0.05452626 -0.03416013
v 0.07141381 0.05203741 -0.03070992
v 0.07172161 0.05283325 -0.030855
v 0.07219535 0.05397772 -0.03130024
v 0.07253229 0.05474126 -0.03178405
v 0.07294714 0.05563187 -0.03261476
v 0.07305824 0.05578702 -0.03305107
v 0.07207995 0.05469709 -0.03431779
v 0.07221424 0.05482578 -0.03452491
v 0.07409662 0.05463373 -0.03697603
v 0.07408767 0.0546351 -0.0369727
v 0.07408452 0.0546332 -0.03697514
v 0.07382047 0.05467092 -0.03686738
v 0.073722 0.05461359 -0.03694522
v 0.07295334 0.05471658 -0.03648811
v 0.07409399 0.05463916 -0.03696781
v 0.07409083 0.05463713 -0.03697019
v 0.07401615 0.05479449 -0.03671687
v 0.07391852 0.05473124 -0.03679126
v 0.07376563 0.05524653 -0.03585702
v 0.07336717 0.05495476 -0.03616005
v 0.07362455 0.05546146 -0.03533816
v 0.07306617 0.05501842 -0.03577637
v 0.0736106 0.05547791 -0.03528404
v 0.07264888 0.05501449 -0.03519427
v 0.07143855 0.05446547 -0.03576761
v 0.07079511 0.05437326 -0.03665655
v 0.07176047 0.05456191 -0.03591632
v 0.07183879 0.05447769 -0.03676927
v 0.07246631 0.05468785 -0.03625714
v 0.07189524 0.05448234 -0.03677481
v 0.07252866 0.05453449 -0.03683763
v 0.07341581 0.05570822 -0.0345267
v 0.07331728 0.05578523 -0.03412693
v 0.07246953 0.05496728 -0.03492498
v 0.0732274 0.05581104 -0.03375345
v 0.0731582 0.05583089 -0.03346621
v 0.07094407 0.05426257 -0.03556984
v 0.07065492 0.05411368 -0.03549188
v 0.06854903 0.05402171 -0.03636837
v 0.06895977 0.05410909 -0.03642767
v 0.06947457 0.05419772 -0.03649657
v 0.06998252 0.05426955 -0.03655976
v 0.07029336 0.05431348 -0.03659832
v 0.06132155 0.05309599 -0.03622299
v 0.06134349 0.05288887 -0.03617352
v 0.06130373 0.0532636 -0.03635489
v 0.06129312 0.05336081 -0.03654527
v 0.06129181 0.05336999 -0.03675913
v 0.06129992 0.05328947 -0.03695738
v 0.04834133 0.05200123 -0.03674006
v 0.04834246 0.05199378 -0.03652495
v 0.04835307 0.0518971 -0.03633296
v 0.04837113 0.0517292 -0.03619956
v 0.0483933 0.05152106 -0.03614968
v 0.06249046 0.001090705 -0.03526932
v 0.06249046 0.001090705 -0.03276902
v 0.06108659 0.01312553 -0.03297907
v -0.06249046 0.001090705 -0.03276902
v -0.06249046 0.001090705 -0.03526932
v -0.06166177 0.01020097 -0.03292798
v -0.06166177 0.01020097 -0.0354284
v -0.06089061 0.01306992 -0.03297805
v -0.06089061 0.01306992 -0.03547847
v -0.05846494 0.02209287 -0.03313559
v -0.05846494 0.02209287 -0.03563594
v -0.0572341 0.02457726 -0.03317898
v -0.0572341 0.02457726 -0.03567934
v -0.05299842 0.03312712 -0.03332823
v -0.05299842 0.03312712 -0.03582859
v -0.05142563 0.03516495 -0.03336369
v -0.05142563 0.03516495 -0.03586417
v -0.04547452 0.0428754 -0.03349828
v -0.04547452 0.0428754 -0.03599876
v -0.04368233 0.04443514 -0.03352552
v -0.04368233 0.04443514 -0.036026
v -0.03618544 0.05095934 -0.03363949
v -0.03618544 0.05095934 -0.03613978
v -0.0342943 0.05203902 -0.03365826
v -0.0342943 0.05203902 -0.03615868
v -0.02549165 0.05706501 -0.03374606
v -0.02549165 0.05706501 -0.03624635
v -0.02361363 0.05769044 -0.03375697
v -0.02361363 0.05769044 -0.03625726
v -0.01380825 0.06095558 -0.03381395
v -0.01380825 0.06095558 -0.0363143
v -0.01204073 0.06117606 -0.03381776
v -0.01204073 0.06117606 -0.03631818
v -0.001588821 0.06247979 -0.03384047
v -0.001588821 0.06247979 -0.03634095
v -9.98551e-06 0.06236392 -0.03383857
v -9.98551e-06 0.06236392 -0.03633892
v 0.01069217 0.06157863 -0.03382486
v 0.01069217 0.06157863 -0.03632515
v 0.01202678 0.0612083 -0.03381836
v 0.01202678 0.0612083 -0.03631871
v 0.02255827 0.05828696 -0.0337674
v 0.02255827 0.05828696 -0.03626769
v 0.02361768 0.05775153 -0.03375804
v 0.02361768 0.05775153 -0.03625833
v 0.03354859 0.0527327 -0.03367036
v 0.03354859 0.0527327 -0.03617078
v 0.03432673 0.05212211 -0.03365969
v 0.03432673 0.05212211 -0.03616017
v 0.04323661 0.04513132 -0.03353768
v 0.04323661 0.04513132 -0.0360381
v 0.04375118 0.04453051 -0.03352725
v 0.04375118 0.04453051 -0.03602761
v 0.0512461 0.0357781 -0.03337442
v 0.0512461 0.0357781 -0.03587484
v 0.0515362 0.03526055 -0.03336536
v 0.0515362 0.03526055 -0.03586584
v 0.05726647 0.02503591 -0.03318697
v 0.05726647 0.02503591 -0.03568732
v 0.0573883 0.02465981 -0.03318035
v 0.0573883 0.02465981 -0.03568077
v 0.06106358 0.01332187 -0.03298246
v 0.06106358 0.01332187 -0.03548288
v 0.06108659 0.01312553 -0.03547942
v 0.02554303 0.05956786 -0.03629004
v -0.01164853 0.06300282 -0.03635007
v -0.007954299 0.06345039 -0.03635782
v -0.001680552 0.06381541 -0.03636419
v 0.004528999 0.06370967 -0.03636234
v 0.01064944 0.06314152 -0.03635251
v 0.01477748 0.0624805 -0.03634095
v 0.02026575 0.06122493 -0.03631895
v 0.06516319 0.05060726 -0.03613364
v -0.04886841 0.044339 -0.03602427
v -0.04512768 0.04803681 -0.03608882
v -0.04105705 0.05135476 -0.0361467
v -0.03665429 0.05430293 -0.03619813
v -0.03399294 0.05581915 -0.03622466
v -0.02877998 0.05830526 -0.03626799
v -0.02331376 0.06032556 -0.03630334
v -0.01759809 0.06189125 -0.03633064
v 0.06322139 0.04030823 -0.03595387
v 0.06320446 0.04005122 -0.0359494
v 0.03059971 0.05750453 -0.03625404
v 0.0354216 0.0550279 -0.03621089
v 0.03625249 0.05454367 -0.03620243
v 0.0392071 0.05306172 -0.03617656
v 0.04228252 0.05203503 -0.03615862
v 0.04321986 0.05182027 -0.0361548
v 0.04600411 0.05146116 -0.03614854
v 0.06250536 0.00023782 -0.03525441
v 0.06319582 0.03979367 -0.03594487
v -0.05908662 0.02855956 -0.03574877
v -0.05674993 0.03331041 -0.03583174
v -0.05403637 0.03777545 -0.03590971
v -0.05093985 0.04194867 -0.03598248
v -0.06470477 0.005754113 -0.03535073
v -0.0639978 0.01156038 -0.03545206
v -0.06287992 0.01719105 -0.03555035
v -0.06134539 0.02263516 -0.03564542
v -0.05937922 0.02788245 -0.03573697
v 0.06594491 0.03975856 -0.03520756
v 0.06795763 0.03975856 -0.03319483
v 0.06594967 0.03992766 -0.03521108
v 0.06595993 0.04009652 -0.0352146
v 0.06796014 0.03986287 -0.03319841
v 0.06796598 0.03996706 -0.03320211
v 0.07055485 0.04949611 -0.03064179
v 0.07043218 0.04912602 -0.03063452
v 0.06971752 0.04929208 -0.03337615
v 0.06779009 0.04983395 -0.03538781
v 0.07441192 0.05841743 -0.02799344
v 0.07442504 0.05841016 0.02793705
v 0.07334065 0.05643242 0.0313822
v 0.07343113 0.05661094 -0.03109872
v 0.07961475 0.06574863 -0.000958381
v 0.07951593 0.06563526 0.003685235
v 0.07543039 0.06013065 -0.003592193
v 0.07922655 0.06529879 0.007146418
v 0.07857704 0.06451797 0.01172685
v 0.07454448 0.05866163 -0.0275737
v 0.0760222 0.06104594 -0.02263563
v 0.0773493 0.06293672 -0.01761305
v 0.07843238 0.0643391 -0.01253867
v 0.07882243 0.06481724 -0.01022124
v 0.07937997 0.06547802 -0.005578339
v 0.07766157 0.063353 0.01628088
v 0.07652962 0.0617935 0.02080905
v 0.0762763 0.06142443 0.02173233
v 0.07483303 0.05915433 0.02664083
v 0.0738154 0.05701559 0.03187388
v 0.07451713 0.05737823 0.03230208
v 0.07535529 0.0574733 0.03261142
v 0.0754407 0.05764812 -0.03231668
v 0.07460629 0.05755281 -0.03200912
v 0.0739066 0.05719161 -0.03158497
v 0.07570189 0.05955702 -0.02836924
v 0.07634133 0.05936914 -0.02917683
v 0.07649183 0.05965679 -0.02865207
v 0.07788699 0.06199151 -0.02351921
v 0.07715106 0.06188297 -0.02327764
v 0.07913988 0.06384217 -0.0182994
v 0.07844877 0.06372427 -0.01810568
v 0.07920312 0.06392699 -0.01797336
v 0.07950562 0.06508827 -0.01288568
v 0.08016246 0.06521439 -0.01302653
v 0.08053076 0.06568217 -0.01061874
v 0.0798859 0.065553 -0.01050317
v 0.08102685 0.06629127 -0.0060727
v 0.08042901 0.06619495 -0.005731344
v 0.08105713 0.06632846 -0.005795121
v 0.08127874 0.06659311 -0.000995618
v 0.0806576 0.06645774 -0.00098463
v 0.08118546 0.06648224 0.003828406
v 0.08101505 0.0662769 0.006071746
v 0.08027958 0.06602084 0.007342815
v 0.08056139 0.06634765 0.003786325
v 0.08091229 0.0661531 0.007424235
v 0.08029901 0.06538939 0.01218312
v 0.0796467 0.06526213 0.01205104
v 0.07943475 0.06424951 0.01691514
v 0.0787537 0.06412935 0.01673489
v 0.07919597 0.06390851 0.0179665
v 0.07764756 0.06261134 0.02139598
v 0.0750271 0.05921214 -0.02799552
v 0.07650852 0.06155717 -0.02297312
v 0.07783454 0.06341367 -0.01787018
v 0.07891422 0.06478905 -0.01271891
v 0.0793026 0.06525772 -0.01036739
v 0.07985728 0.06590503 -0.005657494
v 0.0800907 0.06617003 -0.000971944
v 0.07999241 0.06605905 0.003737509
v 0.0797047 0.06572943 0.007248044
v 0.07905828 0.06496441 0.01189512
v 0.0781461 0.06382209 0.01651757
v 0.07701593 0.06229156 0.02111679
v 0.07676273 0.06192892 0.02205497
v 0.07531684 0.05969703 0.02704626
v 0.07634162 0.05933964 0.02916079
v 0.07598531 0.06003797 0.02740675
v 0.07676428 0.06013923 0.02768236
v 0.07739979 0.0622518 0.02234697
v 0.0781269 0.06236195 0.02258038
v 0.07836598 0.06272333 0.02162081
v 0.04942685 0.05118519 0.03807288
v 0.05089175 0.05018818 0.03961598
v 0.05459195 0.04732704 0.04347264
v 0.06276136 0.03915399 0.05185431
v 0.05973726 0.04253 0.04877358
v 0.05829697 0.04392671 0.04729342
v 0.05648922 0.04567992 0.04543542
v 0.06955879 0.02931714 0.05864995
v 0.06811743 0.03174608 0.05722784
v 0.06595063 0.03497225 0.05506682
v 0.06555628 0.03555935 0.05467349
v 0.07476717 0.01749837 0.06366181
v 0.07329946 0.02154237 0.06227433
v 0.07196104 0.02457803 0.06098771
v 0.07156229 0.02548241 0.06060445
v 0.07740336 0.005231738 0.06604462
v 0.07683217 0.009247601 0.06555312
v 0.07600229 0.013161 0.06480532
v 0.07598853 0.01322597 0.06479293
v 0.06506419 0.006367266 0.07701653
v 0.06472939 0.009121477 0.076613
v 0.065759 0.008596777 0.07220137
v 0.0640847 0.01268213 0.07580083
v 0.06400471 0.01312381 0.07570004
v 0.06510496 0.01239919 0.07140493
v 0.07235217 0.008665442 0.06617641
v 0.06250661 0.01888149 0.07375508
v 0.06169801 0.02149939 0.07269209
v 0.06299024 0.02045327 0.06874769
v 0.06041258 0.0249325 0.07097661
v 0.06021225 0.02546775 0.07070916
v 0.06160414 0.02432334 0.06697404
v 0.0692436 0.02047646 0.0631324
v 0.05777812 0.03077369 0.06740844
v 0.05727612 0.0317744 0.06672263
v 0.05881822 0.03055197 0.06336647
v 0.06458365 0.03053689 0.05831712
v 0.05461949 0.03634887 0.06304341
v 0.05274999 0.03920775 0.06042736
v 0.05442488 0.03802514 0.05758321
v 0.05095297 0.0416004 0.05788439
v 0.05021405 0.0425843 0.05683869
v 0.05191999 0.04146891 0.0542494
v 0.05689501 0.04144048 0.05003619
v 0.05211383 0.04638326 0.04475075
v 0.04973822 0.0460692 0.0464605
v 0.04648631 0.0490877 0.04245108
v 0.04483675 0.0520212 0.03686976
v 0.04513865 0.05200153 0.03687566
v 0.04865288 0.04936158 0.04087013
v 0.04731404 0.05186015 0.03691804
v 0.0394532 0.053483 0.03676766
v 0.04200702 0.0526244 0.03681552
v 0.04306727 0.05181878 0.03817445
v 0.04251134 0.05245482 0.03682494
v 0.04361504 0.05220431 0.0368461
v 0.04124939 0.05207026 0.03978216
v 0.03910225 0.05365955 0.0367614
v 0.03701263 0.05461621 0.03747975
v 0.03650784 0.05496466 0.03671526
v 0.04458993 0.05203717 0.03686487
v 0.0445165 0.04938215 0.04426801
v 0.0476278 0.0464062 0.04848492
v 0.0467993 0.04646313 0.05194395
v 0.0459271 0.04737132 0.05068516
v 0.04285639 0.05022794 0.0462166
v 0.04212737 0.050812 0.04513823
v 0.03965735 0.05279076 0.04148495
v 0.047504 0.04572916 0.05296123
v 0.04921448 0.04470503 0.05062329
v 0.05139434 0.04434621 0.04848808
v 0.05388104 0.04467952 0.04671472
v 0.05421257 0.04107648 0.0519151
v 0.05681425 0.03760796 0.05505132
v 0.05968606 0.03799682 0.05307781
v 0.05510544 0.03560566 0.0637235
v 0.05672466 0.03438526 0.06062269
v 0.05919539 0.03395462 0.05789566
v 0.06224972 0.0343607 0.05583816
v 0.06135523 0.03012228 0.06044822
v 0.05850279 0.02932947 0.06839829
v 0.05998909 0.0281257 0.06488895
v 0.06255942 0.02770441 0.06185746
v 0.06588941 0.02811902 0.05968648
v 0.06421595 0.02392655 0.06377726
v 0.06769281 0.02433121 0.06155329
v 0.06563299 0.02009505 0.06539958
v 0.06295633 0.01742535 0.07434636
v 0.06414985 0.01651751 0.07021468
v 0.06681442 0.01621264 0.0667324
v 0.07054322 0.01655703 0.06443101
v 0.06778454 0.01216369 0.0678066
v 0.07161605 0.01245468 0.06547886
v 0.06844723 0.008435904 0.0685209
v 0.06522023 0.00508362 0.07720464
v 0.06619983 0.004782438 0.07271397
v 0.06889313 0.004704654 0.06897819
v 0.07284867 0.004863262 0.0666235
v 0.06547433 0.000997422 0.07747137
v 0.06642907 0.000936565 0.07294315
v 0.06912517 0.00094786 0.06918138
v 0.07310634 0.001029372 0.06682276
v -0.05808055 0.01625025 0.08421593
v -0.05774664 0.01726192 0.08419829
v 0.03817611 0.0460354 0.08369606
v -0.05691218 0.0197907 0.08415412
v 0.04219394 0.04249167 0.08375787
v 0.04255259 0.04211229 0.08376455
v 0.04591202 0.038558 0.08382654
v 0.04653227 0.03778731 0.08384001
v 0.0485 0.03534185 0.08388268
v 0.05004215 0.03307414 0.08392226
v 0.05159932 0.03078413 0.08396226
v -0.06024217 0.005518794 0.08440327
v -0.06020623 0.005750477 0.08439922
v -0.05940002 0.01093906 0.08430868
v -0.05924475 0.01156413 0.08429777
v -0.05567193 0.02276962 0.08410215
v -0.05480408 0.02485412 0.08406579
v -0.05311352 0.02806466 0.0840097
v 0.05310857 0.02806061 0.08400982
v 0.05424845 0.02600347 0.0840457
v 0.05567634 0.02277022 0.08410215
v 0.05644971 0.02101898 0.08413273
v 0.0577225 0.01725351 0.08419841
v 0.05820161 0.01583641 0.08422315
v 0.05860072 0.0143882 0.08424842
v 0.05920851 0.01155722 0.08429789
v 0.05976164 0.008980572 0.08434283
v 0.060157 0.005744755 0.08439934
v 0.06042909 0.003516972 0.0844382
v -0.05227082 0.02966493 0.08398181
v -0.05005604 0.0330848 0.08392208
v -0.0493232 0.03421658 0.08390235
v 0.01355564 0.05791443 0.0834887
v -0.04653155 0.03778499 0.08384007
v 0.01171952 0.05824351 0.08348298
v -0.04335182 0.04134184 0.08377796
v -0.04254072 0.04209756 0.08376479
v -0.03938359 0.04503947 0.08371341
v -0.03814733 0.04599791 0.08369672
v -0.0351026 0.0483585 0.08365547
v -0.03340524 0.04946953 0.0836361
v -0.03162539 0.0506345 0.08361577
v -0.02832758 0.05243247 0.08358436
v -0.02679616 0.05326741 0.08356982
v -0.02299481 0.05491226 0.08354109
v 0.01535069 0.05748057 0.08349627
v 0.0174368 0.05684143 0.08350741
v 0.0205996 0.05587244 0.08352434
v 0.02298969 0.05489724 0.08354139
v 0.02563816 0.05381685 0.08356022
v 0.02832591 0.05242669 0.08358448
v 0.03045839 0.05132389 0.08360373
v 0.03341972 0.04949122 0.08363574
v 0.03370988 0.04931175 0.08363884
v -0.001464784 0.05940604 0.08346265
v -9.92656e-07 0.05937564 0.08346319
v -0.01744365 0.05686616 0.083507
v 0.004029214 0.05929183 0.08346468
v 0.005889773 0.05910736 0.0834679
v -0.02178323 0.05543661 0.08353197
v 0.008149087 0.05888319 0.08347177
v -0.04699856 0.03726261 0.08384919
v 0.03812551 0.04608017 0.08369529
v -0.01243871 0.05815583 0.08348447
v -0.01172477 0.05826967 0.0834825
v -0.0165959 0.05714547 0.08350211
v -0.005890548 0.05910313 0.08346796
v -0.006960332 0.05902987 0.08346921
v 0.06024688 0.005575478 0.07740122
v 0.06021469 0.005787312 0.07739752
v 0.05941778 0.0110498 0.07730567
v 0.05927526 0.01163679 0.07729542
v 0.05811637 0.0164119 0.07721203
v 0.05781304 0.01736956 0.07719534
v 0.05720382 0.01929306 0.07716178
v 0.05577719 0.02290982 0.07709866
v 0.05520892 0.02435034 0.07707351
v 0.05325913 0.02823382 0.07700568
v 0.05279409 0.02915996 0.07698953
v 0.05023807 0.03327798 0.07691764
v 0.04996752 0.03371381 0.07691007
v 0.04793542 0.03649783 0.07686144
v 0.04669141 0.03795582 0.07683598
v 0.04443264 0.04060304 0.07678979
v 0.04271787 0.04227173 0.07676064
v 0.04060113 0.04433155 0.0767247
v 0.03833007 0.04616677 0.0766927
v 0.03644388 0.0476911 0.07666605
v 0.03358578 0.04962939 0.07663226
v 0.03276377 0.05018687 0.07662254
v 0.02849793 0.05258238 0.0765807
v 0.02797669 0.0528751 0.07657557
v 0.02313971 0.05503648 0.07653784
v 0.02298295 0.05510652 0.07653665
v 0.0177949 0.05688381 0.0765056
v 0.01755243 0.05694484 0.07650452
v 0.01313412 0.05805778 0.07648515
v 0.01179069 0.05827915 0.07648128
v 0.007574856 0.05897414 0.07646912
v 0.005925059 0.05909764 0.07646697
v 0.001982808 0.05939275 0.07646185
v 7.06077e-07 0.05936765 0.07646226
v -0.003608763 0.05932193 0.07646304
v -0.005925536 0.05911141 0.07646673
v -0.00797224 0.05892544 0.07646995
v -0.0117895 0.05827385 0.07648134
v -0.01344507 0.05799114 0.07648628
v -0.01624447 0.05731689 0.07649809
v -0.01754111 0.05691063 0.07650518
v -0.02145826 0.05568301 0.07652658
v -0.02312225 0.05499368 0.07653862
v -0.02645576 0.0536127 0.0765627
v -0.02848243 0.0525512 0.07658123
v -0.03122735 0.05111366 0.07660633
v -0.03359526 0.04964226 0.07663202
v -0.03407269 0.04934555 0.0766372
v -0.03836607 0.04621112 0.07669192
v -0.03843158 0.04616338 0.07669275
v -0.04244041 0.04262763 0.07675445
v -0.04274678 0.04230254 0.07676011
v -0.0460965 0.03874886 0.07682216
v -0.04671311 0.03797549 0.07683569
v -0.04877626 0.03538733 0.07688087
v -0.05020296 0.03325372 0.07691806
v -0.05182182 0.0308327 0.07696032
v -0.05323851 0.02822118 0.07700592
v -0.05442094 0.0260412 0.07704401
v -0.05577033 0.02290523 0.07709872
v -0.05657678 0.02103102 0.07713145
v -0.05778002 0.01735866 0.07719552
v -0.05828893 0.01580566 0.07722264
v -0.05868309 0.01432287 0.07724851
v -0.05923712 0.01162976 0.07729554
v -0.0598132 0.008828938 0.07734441
v -0.06016296 0.00578165 0.07739758
v -0.06045216 0.003262162 0.07744157
v -0.05758947 0.03055506 0.07696521
v -0.06515085 0.005793929 0.0773974
v -0.06507402 0.006322801 0.07738816
v -0.06432354 0.01148802 0.07729798
v -0.06405937 0.01262277 0.07727819
v -0.06302338 0.0170716 0.07720053
v -0.05975818 0.0261842 0.0770415
v -0.06030464 0.02479392 0.07706576
v -0.0618276 0.02091842 0.07713341
v -0.06248474 0.01880455 0.07717031
v -0.03076064 0.05694139 0.07650464
v -0.03537672 0.0543375 0.07655006
v -0.03625965 0.05373215 0.07656061
v -0.03986883 0.05125761 0.07660382
v -0.0414083 0.04999226 0.07662594
v -0.04416471 0.04772645 0.07666546
v -0.04616177 0.04576468 0.07669973
v -0.04813534 0.0438258 0.07673352
v -0.05046939 0.04108411 0.07678139
v -0.05177688 0.03954827 0.07680821
v -0.05432569 0.03602164 0.07686978
v -0.05436611 0.0359658 0.07687073
v -0.05726826 0.03120249 0.07695388
v 0.06535845 0.003337562 0.07744026
v 0.0650283 0.006362557 0.07738745
v 0.0647279 0.00911504 0.07733941
v 0.06403148 0.01266312 0.07727748
v 0.063609 0.0148155 0.07723993
v 0.06245106 0.0188409 0.07716965
v 0.06199538 0.02042472 0.077142
v 0.06035512 0.02479571 0.0770657
v 0.06032949 0.0248503 0.07706475
v 0.05795687 0.02991914 0.07697629
v 0.05756783 0.03059089 0.07696455
v 0.05512815 0.03480243 0.07689106
v 0.05426293 0.03603076 0.0768696
v 0.05186736 0.03943163 0.07681024
v 0.05044889 0.04112434 0.07678067
v 0.04869771 0.0432139 0.07674425
v 0.04613471 0.04580026 0.07669907
v 0.04479426 0.04715293 0.07667547
v 0.04138481 0.05003321 0.07662522
v 0.04054242 0.05074495 0.07661277
v 0.03623563 0.05377441 0.0765599
v 0.03595024 0.05397522 0.07655638
v 0.032251 0.05616813 0.07651811
v 0.03070729 0.0569297 0.07650482
v 0.02721732 0.05865138 0.07647478
v 0.02490466 0.0595541 0.07645899
v 0.02196633 0.06070107 0.07643896
v 0.01887458 0.06161206 0.0764231
v 0.01650655 0.06230998 0.07641088
v -0.03040301 0.05714309 0.07650107
v -0.02522337 0.05949121 0.07646012
v -0.02496314 0.05958294 0.07645851
v -0.01985079 0.06138467 0.07642704
v -0.01892471 0.06162363 0.07642287
v -0.01421636 0.06283795 0.07640171
v -0.01271802 0.06308895 0.07639729
v -0.008446753 0.06380456 0.07638484
v -0.006398618 0.06396985 0.07638192
v -0.002644002 0.06427288 0.07637661
v -2.20778e-05 0.0642631 0.07637679
v 0.003160238 0.06425124 0.07637703
v 0.006355345 0.06397897 0.0763818
v 0.008542656 0.06379264 0.07638502
v 0.01267498 0.06309676 0.07639718
v 0.01423287 0.06283444 0.07640177
v 0.06548893 0.000492362 0.07748347
v 0.0356034 0.05549103 0.03672403
v 0.03136706 0.05766111 0.03675961
v 0.0307585 0.05797284 0.03676468
v 0.02567952 0.0600413 0.036798
v 0.02542078 0.06012248 0.03679925
v 0.02038019 0.0617032 0.03682422
v 0.01923835 0.06196433 0.03682827
v 0.0148701 0.06296318 0.03684377
v 0.01290452 0.06327724 0.03684866
v 0.01066142 0.06363558 0.03685408
v 0.006465137 0.06402271 0.03685992
v 0.004520595 0.06420212 0.03686267
v -2.29942e-05 0.064278 0.0368638
v -0.001709163 0.06430619 0.03686422
v -0.006511569 0.06402623 0.03685998
v -0.008002698 0.06393933 0.03685867
v -0.01181274 0.06347543 0.0368517
v -0.01294595 0.0632624 0.03684836
v -0.01777929 0.0623539 0.03683435
v -0.01927644 0.06194233 0.03682798
v -0.02351242 0.0607782 0.03680968
v -0.02544504 0.06006258 0.03679817
v -0.02899706 0.05874747 0.03677719
v -0.03139013 0.05760562 0.0367586
v -0.03422921 0.05625087 0.03673648
v -0.03697496 0.05468428 0.03671056
v -0.03707176 0.05461937 0.03670948
v -0.04139322 0.051719 0.0366609
v -0.04232871 0.05095553 0.03664785
v -0.04547983 0.04838365 0.03660404
v -0.04714161 0.04674017 0.03657573
v -0.04923671 0.04466813 0.03653997
v -0.05136775 0.04220604 0.03649693
v -0.05148726 0.04204469 0.03649407
v -0.05447447 0.03801101 0.03642314
v -0.05519503 0.03682386 0.0364021
v -0.05719798 0.03352421 0.03634369
v -0.0583266 0.03122866 0.0363028
v -0.05954432 0.02875179 0.03625869
v -0.06520295 0.005787909 0.03585124
v -0.0651226 0.006448388 0.03586292
v -0.06449395 0.01161533 0.03595381
v -0.06424432 0.01287478 0.03597623
v -0.06337362 0.01726758 0.03605407
v -0.06283402 0.01918613 0.03608816
v -0.06183636 0.02273362 0.03615134
v -0.06086826 0.02532464 0.0361976
v -0.05986738 0.02800345 0.0362454
v 0.0731219 0.000475434 0.06683397
v 0.06644314 0.000427393 0.07295471
v 0.06913959 0.000421402 0.06919258
v 0.0524711 -0.03429377 -0.07999891
v 0.04954421 -0.03831553 -0.07999891
v 0.05786675 -0.03780627 -0.07999891
v -0.05085486 -0.04681509 -0.07999891
v -0.04245573 -0.05454713 -0.07999891
v -0.04134345 -0.04683929 -0.07999891
v -0.05786675 -0.03780627 -0.07999891
v -0.05240601 -0.03439116 -0.07999891
v -0.05499482 -0.03017425 -0.07999891
v 0.05786675 0.03780627 -0.07999891
v 0.05240601 0.03439116 -0.07999891
v 0.05499482 0.03017425 -0.07999891
v 0.06330025 -0.02776598 -0.07999891
v 0.06700706 -0.01696842 -0.07999891
v 0.0595411 -0.02005392 -0.07999891
v 0.05085486 -0.04681509 -0.07999891
v 0.04627948 -0.04211139 -0.07999891
v 0.04508262 -0.04335767 -0.07999891
v -0.06330025 -0.02776598 -0.07999891
v 0.06330025 0.02776598 -0.07999891
v 0.0688861 -0.005707979 -0.07999891
v 0.0620988 -0.01024216 -0.07999891
v 0.06101328 -0.01519966 -0.07999891
v -0.04497724 -0.04346412 -0.07999891
v -0.04835093 -0.0397765 -0.07999891
v -0.04948532 -0.03838974 -0.07999891
v -0.06330025 0.02776598 -0.07999891
v -0.06700706 0.01696842 -0.07999891
v -0.0595411 0.02005392 -0.07999891
v -0.04147195 0.0467289 -0.07999891
v -0.04245573 0.05454713 -0.07999891
v -0.04508262 0.04335767 -0.07999891
v 0.04835093 0.0397765 -0.07999891
v 0.04948532 0.03838974 -0.07999891
v 0.05767941 -0.02479219 -0.07999891
v 0.05732136 -0.02559018 -0.07999891
v 0.05506378 -0.03005087 -0.07999891
v -0.02788531 -0.05561316 -0.07999891
v -0.03289842 -0.06079113 -0.07999891
v -0.02326446 -0.05761289 -0.07999891
v -0.0688861 0.005707979 -0.07999891
v -0.0620988 0.01024216 -0.07999891
v -0.06101328 0.01519972 -0.07999891
v -0.03235322 -0.05323725 -0.07999891
v -0.03332132 -0.05265927 -0.07999891
v -0.03745496 -0.04990655 -0.07999891
v -0.06700706 -0.01696842 -0.07999891
v -0.06104946 -0.01506012 -0.07999891
v -0.0688861 -0.005707979 -0.07999891
v -0.06211876 -0.01012915 -0.07999891
v -0.06280416 -0.005106568 -0.07999891
v -0.0630992 0 -0.07999891
v -0.06284523 0.00466758 -0.07999891
v -0.05767941 0.02479219 -0.07999891
v -0.05732136 0.02559018 -0.07999891
v -0.05786675 0.03780627 -0.07999891
v -0.05506378 0.03005087 -0.07999891
v 0.03289842 0.06079113 -0.07999891
v 0.03235322 0.05323725 -0.07999891
v 0.03332132 0.05265927 -0.07999891
v 0.06700706 0.01696842 -0.07999891
v 0.06104946 0.01506012 -0.07999891
v 0.0688861 0.005707979 -0.07999891
v 0.06211876 0.01012915 -0.07999891
v 0.06280416 0.005106568 -0.07999891
v 0.0630992 0 -0.07999891
v 0.06284523 -0.004667699 -0.07999891
v -0.05725085 -0.02574402 -0.07999891
v -0.05916607 -0.02110415 -0.07999891
v -0.05959731 -0.01989132 -0.07999891
v -0.02745848 0.05581659 -0.07999891
v -0.02284675 0.05777251 -0.07999891
v -0.02244395 0.06537693 -0.07999891
v -0.01137703 0.06817942 -0.07999891
v -0.01809513 0.05935806 -0.07999891
v -0.0132097 0.06057214 -0.07999891
v 0.05725085 0.02574402 -0.07999891
v 0.05916607 0.02110415 -0.07999891
v 0.05959731 0.01989132 -0.07999891
v -0.008196651 0.06140756 -0.07999891
v -0.007282733 0.06151676 -0.07999891
v 0.004718661 0.06829684 -0.08492583
v 0 0.06841802 -0.08503359
v 0 0.0684545 -0.08492326
v 0.06405508 0 -0.0902937
v 0.06395232 0.004236698 -0.09023523
v 0.06409955 0 -0.09026199
v 0.06830334 0.0044716 -0.08510434
v 0.06843578 0 -0.08513331
v 0.06839102 0 -0.08529108
v 0.06894606 0.004482448 -0.08174943
v 0.06909102 0 -0.08178609
v 0.06908714 0 -0.08193945
v 0.004422903 0.06399643 -0.09004503
v 0 0.06411439 -0.09006392
v 0 0.06414645 -0.09004229
v 0.0222122 0.06475299 -0.08490979
v 0.02241188 0.06535905 -0.08156555
v 0.02243471 0.06535023 -0.08156549
v 0.0424304 0.05451381 -0.08153063
v 0.04278111 0.05425822 -0.08153033
v 0.04238307 0.05375057 -0.08489334
v 0.05002868 0.0467149 -0.08490157
v 0.05050438 0.04715377 -0.08153289
v 0.05082225 0.04678595 -0.08153355
v 0.06262654 0.02761995 -0.08496725
v 0.06322646 0.02786457 -0.08159768
v 0.06327056 0.02775323 -0.08159828
v 0.0527383 0.03029745 -0.09124362
v 0.05554217 0.03190004 -0.09007978
v 0.05279177 0.03019595 -0.0912441
v 0.02244389 0.06537693 -0.07999891
v 0.04245573 0.05454713 -0.07999891
v 0.05085486 0.04681509 -0.07999891
v 0.06325829 -0.02774703 -0.08159846
v 0.06348621 -0.02726733 -0.08160072
v 0.06687915 -0.01735079 -0.08165788
v 0.06697374 -0.01696008 -0.08166044
v 0.0508331 -0.04679501 -0.08153343
v 0.05088698 -0.04674059 -0.08153349
v -0.02244395 -0.06537693 -0.07999891
v -0.02243471 -0.06535023 -0.08156549
v -0.02241188 -0.06535905 -0.08156555
v -0.05082225 -0.04678595 -0.08153355
v -0.05050438 -0.04715377 -0.08153289
v -0.06327056 -0.02775323 -0.08159828
v -0.06322646 -0.02786457 -0.08159768
v -0.06687915 0.01735079 -0.08165788
v -0.06697374 0.01696008 -0.08166044
v -0.05085486 0.04681509 -0.07999891
v -0.0508331 0.04679501 -0.08153343
v -0.05088698 0.04674059 -0.08153349
v -0.01136708 0.06811487 -0.08158475
v -0.01265484 0.06792575 -0.08158338
v -0.02243107 0.06533819 -0.08156543
v -0.02279704 0.06522572 -0.08156472
v -0.06908714 0 -0.08193945
v -0.06909096 0 -0.08178609
v -0.06892985 0.004725635 -0.08174753
v -0.004267752 0.06400698 -0.09004509
v -0.004553318 0.06830805 -0.08492583
v -0.06839102 0 -0.08529108
v -0.06844043 0 -0.08513426
v -0.06828713 0.004712462 -0.08510261
v -0.06393647 0.004461944 -0.09023362
v -0.06405508 0 -0.0902937
v -0.06410068 0 -0.09026336
v -0.05040735 0.04630583 -0.08490234
v -0.02259391 0.06462073 -0.08490926
v -0.01254373 0.06729996 -0.08492112
v -0.00471878 -0.06829684 -0.08492583
v 0 -0.06841802 -0.08503359
v 0 -0.0684489 -0.08492201
v -0.004422903 -0.06399643 -0.09004503
v 0 -0.06411439 -0.09006392
v 0 -0.06414568 -0.09004133
v -0.06395232 -0.004236817 -0.09023523
v -0.06830334 -0.004471719 -0.08510434
v -0.06894606 -0.004482448 -0.08174943
v -0.0222122 -0.06475299 -0.08490979
v -0.01615637 -0.0620675 -0.09003823
v -0.01535719 -0.05898368 -0.09122765
v -0.01512557 -0.0590406 -0.091228
v -0.06262654 -0.02761995 -0.08496725
v -0.0527383 -0.03029745 -0.09124362
v -0.05554217 -0.03189998 -0.09007978
v -0.05279177 -0.03019595 -0.0912441
v 0.06892985 -0.004725635 -0.08174753
v 0.06828713 -0.004712462 -0.08510261
v 0.06393647 -0.004461944 -0.09023362
v 0.004267752 -0.06400698 -0.09004509
v 0.004553318 -0.06830805 -0.08492583
v 0.06624805 -0.01721221 -0.08502238
v 0.06288397 -0.02702885 -0.08497011
v 0.06199884 -0.01614868 -0.09015911
v 0.05887955 -0.01534855 -0.09132838
v 0.05902963 -0.01473927 -0.09133255
v 0.05040735 -0.04630583 -0.08490234
v 0.02259391 -0.06462073 -0.08490926
v 0.02279704 -0.06522566 -0.08156472
v 0.02243107 -0.06533819 -0.08156543
v 0.03057438 -0.05264246 -0.09120422
v 0.03192633 -0.05557811 -0.09002727
v 0.03033149 -0.05279576 -0.0912044
v 0.01570928 -0.05888968 -0.09122711
v 0.01652681 -0.06196922 -0.09003794
v 0.01512545 -0.05902343 -0.09122794
v 0 -0.0460723 -0.09368401
v 0 -0.04606324 -0.09368526
v 0.0150932 -0.04597181 -0.09335184
v 0.02448636 -0.03063815 -0.09453773
v 0.02456748 -0.03056424 -0.09453749
v 0.03050971 -0.03049999 -0.09400635
v 0.03056013 -0.04580837 -0.09221315
v 0.01505959 -0.03640228 -0.09457415
v 0.01490455 -0.03647768 -0.09457474
v -0.003206968 -0.03938233 -0.09459817
v -0.02969533 -0.02553004 -0.09452652
v -0.02934396 -0.02593559 -0.09452682
v -0.03050971 -0.03050601 -0.09400576
v -0.04594588 -0.03030264 -0.09221208
v -0.0150932 -0.04598087 -0.09335058
v 0 0.0460723 -0.09368401
v 0 0.04606324 -0.09368526
v -0.0150932 0.04597181 -0.09335184
v -0.02448636 0.03063815 -0.09453773
v -0.02456748 0.03056424 -0.09453749
v -0.03050971 0.03049999 -0.09400635
v -0.03057438 0.05264246 -0.09120422
v -0.03033149 0.05279576 -0.0912044
v -0.03056013 0.04580837 -0.09221315
v -0.01505959 0.03640228 -0.09457415
v -0.01490455 0.03647768 -0.09457474
v 0.003206968 0.03938233 -0.09459817
v 0.04594588 0.03030264 -0.09221208
v 0.01512557 0.0590406 -0.091228
v 0.01535719 0.05898368 -0.09122765
v 0.0150932 0.04598087 -0.09335058
v 0.03826588 0 -0.09460282
v 0.03821855 0 -0.09459406
v 0.03808385 0.002004981 -0.09457856
v 0.03907328 0.005952239 -0.09460192
v 0.03757041 0.005669534 -0.09455192
v 0.03750663 0.005939424 -0.09455019
v 0.0345931 0.01502799 -0.0944994
v 0.03599059 0.01566869 -0.09454643
v 0.03623902 0.01508063 -0.09454917
v 0.02373093 0.0312435 -0.09454029
v 0.0227791 0.03002673 -0.0944944
v 0.0221433 0.03047698 -0.09449678
v 0 0.03796046 -0.09454524
v 0 0.03805667 -0.09456241
v 0.003085196 0.03785318 -0.0945487
v 0.005937278 0.03748285 -0.09454739
v 0.006775259 0.03892123 -0.09459632
v 0.006502628 0.03740954 -0.09454715
v 0 -0.03805667 -0.09456241
v 0 -0.03796041 -0.09454524
v 0.000945194 -0.03795701 -0.09454685
v 0.006526887 -0.03896498 -0.09459662
v 0.00593847 -0.03749161 -0.09454756
v 0.006264567 -0.03745162 -0.09454745
v 0.01429712 -0.03506082 -0.09452706
v 0.01715594 -0.03366976 -0.09451609
v 0.01751399 -0.0334956 -0.09451472
v 0.01825457 -0.03484952 -0.09456163
v 0.02350616 -0.02944415 -0.09449189
v 0.03043329 -0.02211093 -0.09448134
v 0.03045874 -0.02207934 -0.09448134
v 0.03170406 -0.02298909 -0.09452706
v 0.03802585 -0.002583146 -0.09457415
v 0.037503 -0.005939841 -0.09455019
v 0.03894615 -0.006603956 -0.09459745
v 0.03744739 -0.00629729 -0.09454768
v -0.02080374 0.01511484 -0.09261918
v -0.03045874 0.02207934 -0.09448134
v -0.03043329 0.02211099 -0.09448134
v 0.004022598 -0.02539831 -0.09261918
v 0.01167428 -0.02291214 -0.09261918
v 0.02080374 -0.01511484 -0.09261918
v -0.03826588 0 -0.09460282
v -0.03821855 0 -0.09459406
v -0.03808385 -0.002004981 -0.09457856
v -0.03907328 -0.005952239 -0.09460192
v -0.03757041 -0.005669653 -0.09455192
v -0.03750663 -0.005939424 -0.09455019
v -0.02852267 -0.02452641 -0.09448099
v -0.02818405 -0.02491706 -0.09448122
v -0.02058291 -0.03347218 -0.09455221
v -0.01975148 -0.03217095 -0.09450578
v -0.01893496 -0.03267824 -0.09450906
v -0.003085196 -0.03785318 -0.0945487
v -0.00094519 0.03795701 -0.09454685
v -0.01429712 0.03506088 -0.09452706
v -0.02350616 0.02944421 -0.09449189
v -0.03170406 0.02298915 -0.09452706
v -0.03802579 0.002583146 -0.09457415
v -0.037503 0.005939841 -0.09455019
v -0.03894615 0.006603956 -0.09459745
v -0.03744739 0.00629729 -0.09454768
vn 0.2443006 0.644673 -0.7243263
vn 0.1874141 0.6879482 -0.7011322
vn 0 0.01742607 -0.9998474
vn 0.1157262 0.6799524 -0.7240211
vn 0 0.01742607 -0.9998474
vn 0 0.01745659 -0.9998474
vn 0 0.01745659 -0.9998474
vn 0.3164464 0.6384778 -0.701529
vn 0 0.01742607 -0.9998474
vn 0.3637196 0.5850399 -0.7248451
vn 0 0.01742607 -0.9998474
vn 0.4335154 0.5647755 -0.7022004
vn 0 0.01742607 -0.9998474
vn 0.4692831 0.5032808 -0.725547
vn 0.7015595 0.0941801 -0.7063509
vn 0.6663106 0.1588793 -0.7285379
vn 0 0.01742607 -0.9998474
vn 0 0.01742607 -0.9998474
vn 0.05130159 0.7113559 -0.7009186
vn 0 0.01742607 -0.9998474
vn -0.01718187 0.6895962 -0.7239601
vn 0 0.01745659 -0.9998474
vn -0.08676409 0.7078768 -0.7009491
vn 0 0.01742607 -0.9998474
vn -0.1494796 0.6732689 -0.7240822
vn 0 0.01742607 -0.9998474
vn -0.2215644 0.677633 -0.7011933
vn 0 0.01742607 -0.9998474
vn -0.2761315 0.63155 -0.7244484
vn 0 0.01745659 -0.9998474
vn -0.347972 0.6216925 -0.7016816
vn 0 0.01745659 -0.9998474
vn 0.01126128 0.1244544 -0.9921568
vn 0.00741595 0.0878933 -0.9960936
vn -0.493759 0.4789575 -0.7257607
vn 0 0.01742607 -0.9998474
vn -0.4611652 0.5421614 -0.7023835
vn 0 0 -0.9999695
vn 0.7070834 0 -0.7070834
vn 0.6936552 0.05926692 -0.7178259
vn 0 0.01742607 -0.9998474
vn 0 0.01742607 -0.9998474
vn -0.3923765 0.5659963 -0.7249977
vn 0 0.01745659 -0.9998474
vn 0 0.01745659 -0.9998474
vn -0.5764031 0.3736991 -0.7266762
vn -0.6311533 0.3249611 -0.7042452
vn 0.1297952 0.02069151 -0.9913023
vn -0.6369823 0.2541581 -0.7277444
vn -0.6812952 0.1954405 -0.7053743
vn -0.6747642 0.1337626 -0.7257607
vn -0.6971648 0.05050808 -0.7150792
vn -0.6095462 0.02829062 -0.79223
vn 0 0.01745659 -0.9998474
vn 0 0.01742607 -0.9998474
vn 0.5340434 0.4695883 -0.7029939
vn 0 0.01742607 -0.9998474
vn 0.5571154 0.402356 -0.7264321
vn 0 0.01742607 -0.9998474
vn 0 0.01742607 -0.9998474
vn 0.6142155 0.3564867 -0.704001
vn 0 0.01742607 -0.9998474
vn 0.6235847 0.2860805 -0.7275002
vn -0.5567797 0.4419996 -0.703238
vn 0.1289407 0.02374339 -0.9913633
vn 0.1245765 0.0328989 -0.991638
vn 0.1206701 0.04873806 -0.9914854
vn 0.08172857 0.1180456 -0.9896237
vn 0 0.01742607 -0.9998474
vn 0 0.01742607 -0.9998474
vn 0 0.01742607 -0.9998474
vn 0.6708579 0.2297128 -0.7050691
vn 0 0.01742607 -0.9998474
vn 0 0.01742607 -0.9998474
vn 0.08035522 0.457503 -0.8855251
vn 0.08001953 0.4986114 -0.863094
vn 0.04379403 0.4316843 -0.9009369
vn 0.1132236 0.9313334 0.3460494
vn 0.09317296 0.8691061 0.485702
vn 0.1044954 0.9606006 0.2574236
vn 0.1033661 0.9797357 0.1713919
vn 0.09421062 0.8511002 0.5164342
vn 0.08700823 0.8174688 0.5693228
vn 0.07724231 0.8268074 0.5571154
vn 0.1291238 0.9856258 -0.1087374
vn 0.119541 0.9905698 0.06674396
vn 0.1101413 0.9658192 0.2345652
vn 0.1144139 0.9756463 -0.1870174
vn 0.1006195 0.9613941 -0.2561113
vn 0.1202734 0.9668264 -0.2252571
vn 0.1162145 0.734611 -0.6684469
vn 0.1233253 0.8495438 -0.5128636
vn 0.07950067 0.7668081 -0.6369213
vn 0.1163976 0.8715171 -0.4763024
vn 0.126255 0.9069491 -0.4018372
vn 0.1008636 0.5670949 -0.8174383
vn 0.07519757 0.3302713 -0.9408552
vn 0.04412972 0.4338511 -0.8998688
vn 0.08011108 0.7697989 -0.633198
vn 0.1011688 0.9631031 -0.2492446
vn 0.1035493 0.9780267 0.1808832
vn 0.05301064 0.8603473 0.506882
vn 0.4634846 0.2719504 -0.843318
vn 0.4381237 0.1371197 -0.8883633
vn 0.8014771 0.3579821 -0.478988
vn 0.8069399 0.2962431 -0.5109409
vn 0.9227882 0.3650319 -0.1231116
vn 0.9342326 0.3323161 -0.1293069
vn 0.9103671 0.3981445 -0.1126743
vn 0.7837458 0.4318369 -0.4463027
vn 0.4633625 0.4225898 -0.7788934
vn 0.4392834 0.6436049 -0.6266976
vn 0.4573504 0.5330058 -0.7118137
vn 0.7416303 0.5776849 -0.3409222
vn 0.7616505 0.5129857 -0.395825
vn 0.8775902 0.4712668 -0.08783227
vn 0.8947722 0.4354686 -0.0984832
vn 0.4274423 0.7489242 -0.5063326
vn 0.707419 0.6576434 -0.2588275
vn 0.8529313 0.5209815 -0.03176975
vn 0.09048736 0.8313853 0.5482345
vn 0.117069 0.8606525 0.4954985
vn 0.2123172 0.9432661 0.2551652
vn 0.1681874 0.9168981 0.361919
vn 0.09762871 0.8287606 0.5509812
vn 0.05563521 0.8347728 0.5477462
vn 0.1428877 0.850032 0.5069125
vn 0.1183508 0.8468582 0.5184484
vn 0.2345347 0.8744164 0.424665
vn 0.2449721 0.8488724 0.4683676
vn 0.3251137 0.8883633 0.3241066
vn 0.3490096 0.845027 0.4050416
vn 0.2636494 0.9611194 0.08188116
vn 0.4457533 0.8208258 0.3570971
vn 0.417127 0.8824732 0.2172613
vn 0.4934232 0.8060549 0.3267617
vn 0.499588 0.8589435 0.112125
vn 0.5800348 0.774926 0.2510452
vn 0.3537706 0.9224525 -0.1544541
vn 0.3202918 0.9465011 -0.03894162
vn 0.5822932 0.8128605 -0.01052886
vn 0.3968322 0.8571429 -0.3282876
vn 0.6557512 0.7428205 -0.1348002
vn 0.650502 0.7316203 0.2038026
vn 0.6951811 0.7009797 0.1590625
vn 0.7795953 0.6234931 0.0587176
vn 0.9869381 0.09216588 0.1320536
vn 0.9829096 0.1292154 -0.1310159
vn 0.9898374 0.05642867 -0.130375
vn 0.9898068 0.05642867 0.1306192
vn 0.9911801 0.03027433 -0.1288796
vn 0.9911496 0.03021329 0.1290017
vn 0.991638 0 0.1289101
vn 0.9916074 0 -0.1292459
vn 0.1439558 -0.2967315 0.944029
vn 0.03656113 -0.08883935 0.9953612
vn 0.04251223 -0.1034272 0.9937132
vn 0.2779931 -0.5522325 0.7859432
vn 0.3285318 -0.6436659 0.6911527
vn 0.3694571 -0.7639698 0.5289468
vn 0.3960082 -0.7552416 0.5222327
vn 0.4162114 -0.8756981 0.2447279
vn 0.4555193 -0.8053529 0.379284
vn 0.4590899 -0.8736839 0.160802
vn 0.08258306 -0.1964781 0.9770196
vn 0.1750236 -0.359508 0.9165319
vn 0.2484207 -0.5162816 0.8195746
vn 0.4363231 -0.8996247 0.01611375
vn 0.424665 -0.9007233 -0.09121978
vn 0.3382061 -0.9310892 0.1366313
vn 0.02999967 -0.09823906 0.9946898
vn 0.1185033 -0.3404034 0.9327678
vn 0.222663 -0.6271859 0.7463302
vn 0.2987152 -0.8340404 0.4637898
vn 0.4916226 -0.8678854 0.07101655
vn 0.3435469 -0.9275186 -0.1470382
vn 0.2873623 -0.9295023 -0.2311472
vn 0.2074953 -0.9779962 0.02105772
vn 0.01974546 -0.1083102 0.9938963
vn 0.07730334 -0.3794366 0.9219642
vn 0.1430097 -0.693228 0.7063509
vn 0.1875972 -0.9038057 0.3845638
vn 0.1984618 -0.9403058 -0.2763756
vn 0.1453596 -0.9370709 -0.317362
vn 0.07074189 -0.9937437 -0.08603167
vn 0.1543626 -0.9216285 -0.3559374
vn 0.077578 -0.9128086 -0.4008606
vn 0.006469905 -0.1157262 0.9932554
vn 0.02438426 -0.4083987 0.9124424
vn 0.04358041 -0.740257 0.6708884
vn 0.05563521 -0.9474471 0.3149815
vn -0.006714046 -0.1225318 0.9924314
vn -0.02734458 -0.4316233 0.9016084
vn -0.05142366 -0.7709891 0.634724
vn -0.06714069 -0.9662771 0.2485122
vn -0.07214576 -0.980163 -0.1845759
vn -0.05194246 -0.8753014 -0.4807276
vn 0.9845576 -0.1389813 -0.106357
vn 0.9894406 -0.1022675 -0.1026337
vn 0.9095126 -0.1199682 -0.3979308
vn 0.9732353 -0.2019104 -0.1095309
vn 0.9795526 -0.1681874 -0.1101108
vn 0.8971221 -0.2008118 -0.3934751
vn 0.966216 -0.2345042 -0.1068453
vn 0.8802454 -0.2760704 -0.385876
vn 0.8569598 -0.3527329 -0.3756828
vn 0.1127964 -0.8547624 -0.5065767
vn 0.431196 -0.8830836 -0.1848506
vn 0.494705 -0.8671835 -0.05667287
vn 0.273751 -0.9056368 -0.3238319
vn 0.524369 -0.8484756 -0.07153534
vn 0.5651723 -0.8221381 -0.06796467
vn 0.4783776 -0.8547624 -0.201239
vn 0.5815302 -0.8101444 -0.07388532
vn 0.6348766 -0.7681814 -0.08230841
vn 0.5280618 -0.8197577 -0.2215949
vn 0.6585894 -0.7476119 -0.08554333
vn 0.5602588 -0.7919248 -0.2427747
vn -0.04910427 -0.8185369 -0.5723136
vn -0.03778189 -0.8050172 -0.5919981
vn 0.1280556 -0.8232063 -0.5530869
vn -0.033845 -0.7689749 -0.6383557
vn 0.1456343 -0.793939 -0.590228
vn 0.6728416 -0.7345805 -0.0871303
vn 0.7169103 -0.6904813 -0.09619432
vn 0.6067996 -0.7505417 -0.2615436
vn 0.7420576 -0.6626484 -0.1011688
vn 0.6512345 -0.7042146 -0.2827235
vn 0.7645192 -0.6372265 -0.09677416
vn 0.7901242 -0.6048769 -0.09894096
vn 0.6973785 -0.6492508 -0.3034455
vn 0.2051149 -0.6516007 -0.7302774
vn -0.01709032 -0.638081 -0.7697684
vn 0.1852168 -0.7054964 -0.6840419
vn -0.02673417 -0.6906949 -0.7226478
vn 0.1643727 -0.7538072 -0.6361584
vn -0.02890098 -0.7116611 -0.7018952
vn -0.02572709 -0.7396771 -0.6724448
vn 0.8076113 -0.5811945 -0.09952086
vn 0.8426771 -0.5281228 -0.1044954
vn 0.7371441 -0.5948973 -0.3203833
vn 0.8597369 -0.4998322 -0.1046785
vn 0.7640919 -0.5503098 -0.3365276
vn 0.2544938 -0.4920194 -0.8325144
vn 0.000335704 -0.4795678 -0.8774682
vn 0.2406384 -0.5495468 -0.8000122
vn -0.01141387 -0.5259865 -0.8503983
vn 0.2231208 -0.5983459 -0.7695242
vn -0.009338617 -0.5488754 -0.8358104
vn -0.01098662 -0.5885189 -0.8084048
vn 0.869747 -0.4818262 -0.1066011
vn 0.8963897 -0.4293344 -0.1100497
vn 0.7980896 -0.4901883 -0.3502914
vn 0.9116489 -0.3953978 -0.1119724
vn 0.8284555 -0.4254891 -0.3640858
vn 0.9242531 -0.3670156 -0.1050447
vn 0.9380779 -0.3295999 -0.1064485
vn 0.9473556 -0.3029572 -0.1034577
vn 0.3044221 -0.8800318 -0.3644825
vn 0.339671 -0.8508256 -0.4007996
vn 0.368511 -0.8227485 -0.4326914
vn 0.4027528 -0.7865231 -0.4680929
vn 0.4409314 -0.7399213 -0.5079806
vn 0.4783776 -0.6873379 -0.546495
vn 0.5108494 -0.6351512 -0.5792719
vn 0.5370647 -0.5863521 -0.6064028
vn 0.565508 -0.527543 -0.6339
vn 0.5945616 -0.4562517 -0.662038
vn 0.6202277 -0.3795587 -0.6864528
vn 0.6415296 -0.2989288 -0.706412
vn 0.2721641 -0.422132 -0.864681
vn 0.2869961 -0.3490096 -0.8920561
vn 0.299295 -0.2729576 -0.914243
vn 0.01315343 -0.1919919 -0.9812921
vn 0.008728265 -0.2278817 -0.973632
vn 0.008728265 -0.2956328 -0.9552294
vn 0.00238043 -0.3580431 -0.9336833
vn 0.001770019 -0.3894162 -0.9210487
vn 0.00238043 -0.4315012 -0.9020966
vn 0.01562547 -0.1567431 -0.9874874
vn 0.309122 -0.1942503 -0.9309672
vn 0.6581012 -0.2147892 -0.7216101
vn 0.01916557 -0.09466838 -0.9953002
vn 0.315714 -0.1130405 -0.9420759
vn 0.6694846 -0.127079 -0.7318644
vn 0.01458781 -0.03830069 -0.9991455
vn 0.3190405 -0.05008083 -0.9464095
vn 0.6740318 -0.05835133 -0.7363506
vn 0.9143345 -0.05661183 -0.4009522
vn 0.9929502 -0.05102694 -0.1068148
vn 0.4881741 0.5131077 -0.7059541
vn 0.4986419 0.4880215 -0.7163305
vn -0.7155064 0.001617431 -0.6985687
vn 0.5284585 0.469161 -0.7075106
vn 0.5387433 0.4459975 -0.714713
vn 0.7079684 0.1252174 -0.6950286
vn 0.6996368 0.1019623 -0.7071444
vn 0.7137058 0.06796467 -0.6971343
vn 0.7155064 -0.001617431 -0.6985687
vn -0.07864618 0.718894 -0.6906034
vn -0.05081331 0.7107456 -0.7015595
vn -0.01470988 0.722129 -0.6915494
vn 0.5606861 0.4296396 -0.7077853
vn 0.5700858 0.3993957 -0.7179175
vn 0.5979492 0.3793451 -0.7060457
vn 0.6060671 0.3468123 -0.7158116
vn 0.6311228 0.3252663 -0.7041536
vn 0.637196 0.2917569 -0.7133091
vn 0.6595355 0.268868 -0.7019257
vn 0.6617023 0.2348399 -0.7119969
vn 0.6764122 0.217658 -0.7035737
vn 0.6925566 0.1777092 -0.699118
vn 0.6871243 0.1635487 -0.7078463
vn -0.4986724 0.5013886 -0.7070223
vn -0.5142674 0.4699545 -0.7173681
vn -0.7115085 0.09311193 -0.6964324
vn -0.6980804 0.1170995 -0.7063204
vn -0.6993927 0.1551866 -0.6976531
vn -0.6831569 0.1785943 -0.70806
vn -0.6810511 0.2106387 -0.7012543
vn -0.6667379 0.2322458 -0.7081515
vn -0.6645711 0.2559893 -0.7019562
vn -0.643086 0.2809839 -0.7123631
vn -0.6398206 0.3102817 -0.7030854
vn -0.6138798 0.3367717 -0.7139195
vn -0.6080203 0.365215 -0.7049165
vn -0.5800653 0.3896603 -0.7152623
vn -0.5735954 0.4134342 -0.7071139
vn -0.538316 0.4574419 -0.7077547
vn -0.4690085 0.5145421 -0.7177954
vn -0.4521012 0.5439009 -0.7069308
vn -0.4206671 0.5552232 -0.7174291
vn -0.4044923 0.5809503 -0.7062594
vn -0.3769341 0.5891293 -0.714713
vn -0.358623 0.6121708 -0.7046724
vn -0.3297525 0.6204108 -0.7115696
vn -0.3082675 0.6436659 -0.7004303
vn -0.2741478 0.6500443 -0.7087008
vn 0.01245152 0.7121495 -0.7018952
vn 0.04440438 0.719718 -0.6927702
vn 0.06921595 0.7101352 -0.7006134
vn 0.09799492 0.7152928 -0.6918851
vn 0.1216773 0.7012543 -0.702414
vn 0.1454512 0.7025056 -0.6966155
vn 0.1832331 0.6921293 -0.6980804
vn 0.202948 0.6761986 -0.708182
vn 0.2351146 0.6760155 -0.6983551
vn 0.2614826 0.6528825 -0.7108677
vn 0.2928251 0.65038 -0.7008576
vn 0.3175451 0.6250801 -0.7130345
vn -0.2508621 0.67098 -0.6977142
vn -0.2163152 0.674459 -0.7058931
vn -0.1943113 0.6911832 -0.6960356
vn 0.3443709 0.6212653 -0.7038484
vn 0.364391 0.5988342 -0.713126
vn 0.3878902 0.5931273 -0.7054659
vn -0.1375164 0.7065035 -0.6942045
vn -0.1103244 0.7038484 -0.7017121
vn 0.4416028 0.5555894 -0.7044588
vn 0.4535661 0.5321512 -0.7148656
vn 0.6985077 0.006378352 -0.715537
vn 0.688406 0.09097564 -0.7195654
vn 0.6940519 0.1155736 -0.710532
vn 0.6768395 0.1494186 -0.7207862
vn 0.6808069 0.1754509 -0.7110813
vn 0.6678671 0.2000793 -0.7168493
vn 0.6667684 0.2244941 -0.7106235
vn 0.6522416 0.2426527 -0.7181006
vn 0.6493728 0.2710959 -0.7104709
vn 0.6271859 0.2924588 -0.7218543
vn 0.6201362 0.3270058 -0.7130345
vn 0.5970031 0.345378 -0.7240517
vn 0.586169 0.3802911 -0.7153539
vn 0.5659963 0.3925901 -0.7249062
vn 0.531724 0.4365673 -0.7256692
vn 0.5274514 0.4578692 -0.715598
vn 0.4953459 0.478042 -0.7253029
vn 0.4827418 0.5075533 -0.7136448
vn 0.4511551 0.5211341 -0.7244484
vn 0.4351634 0.5507676 -0.71218
vn 0.4053468 0.5598316 -0.7226783
vn 0.3878902 0.585223 -0.7120579
vn 0.3605151 0.5920591 -0.7207251
vn 0.3367107 0.6171758 -0.7111118
vn 0.3095797 0.6202887 -0.7206641
vn 0.2804651 0.6468398 -0.7091586
vn 0.2544328 0.6474807 -0.7183142
vn 0.1928464 0.6711631 -0.7157506
vn 0.1734672 0.6872158 -0.7054048
vn 0.1385845 0.6872768 -0.7130039
vn 0.1143528 0.7009797 -0.7039094
vn 0.08154541 0.6962798 -0.7130955
vn 0.05542159 0.7112339 -0.7007355
vn 0.02008116 0.7036653 -0.7102268
vn -0.007354915 0.714652 -0.6993927
vn -0.03778189 0.7036347 -0.7095248
vn -0.06335639 0.7097995 -0.7014985
vn -0.09103667 0.6962493 -0.7119663
vn -0.1160619 0.7022615 -0.702353
vn -0.1413922 0.6886502 -0.7111423
vn -0.183111 0.6773889 -0.7124241
vn -0.2090823 0.6781823 -0.7044893
vn -0.2346873 0.6570025 -0.7163915
vn -0.2668233 0.6547136 -0.7071749
vn -0.2900784 0.6315195 -0.7190161
vn -0.3224281 0.6260873 -0.7099215
vn -0.3393353 0.6055178 -0.7198401
vn -0.3656117 0.5979492 -0.7132481
vn -0.3796197 0.5789056 -0.7215796
vn -0.4085513 0.5669423 -0.7152928
vn -0.4221015 0.5430158 -0.7258828
vn -0.4727622 0.4986419 -0.7264931
vn -0.5003204 0.4871364 -0.7157811
vn -0.5143284 0.4576556 -0.7252418
vn -0.5394147 0.4441053 -0.7153539
vn -0.5503098 0.4161809 -0.7238075
vn -0.5764946 0.3971984 -0.7140111
vn -0.5835139 0.3672903 -0.7242653
vn -0.6114689 0.3433333 -0.7128819
vn -0.6158025 0.314005 -0.7225868
vn -0.6414075 0.2874844 -0.7112644
vn -0.6431471 0.2586138 -0.7206946
vn -0.666982 0.2310556 -0.7083041
vn -0.6664937 0.209479 -0.7154454
vn -0.6767174 0.1745659 -0.7152013
vn -0.6915189 0.1554002 -0.7054353
vn -0.6872158 0.1231421 -0.7159032
vn -0.7039399 0.09335607 -0.704062
vn -0.6967681 0.06671345 -0.7141637
vn -0.6985077 -0.006378352 -0.715537
vn -0.7079989 3.05185e-05 -0.7061678
vn -0.7218238 0.09530925 -0.6854152
vn -0.7019562 0.1142613 -0.7029634
vn -0.7016816 0.1446272 -0.6976226
vn -0.6771752 0.167394 -0.7164831
vn -0.683462 0.1992248 -0.7022309
vn -0.6688436 0.2206183 -0.709891
vn -0.6681417 0.24485 -0.7025666
vn -0.6484268 0.2664266 -0.7130955
vn -0.6457412 0.3010346 -0.7016816
vn -0.6237373 0.3194677 -0.7133091
vn -0.3393658 0.6161992 -0.7106845
vn -0.3707999 0.607593 -0.702353
vn -0.3901486 0.5826899 -0.7128819
vn -0.4203009 0.5719474 -0.7043977
vn -0.4386425 0.5453963 -0.7141942
vn -0.4670858 0.533433 -0.7051607
vn -0.4853053 0.5035554 -0.7147435
vn -0.5119785 0.4912869 -0.7046114
vn -0.5266885 0.4593036 -0.7152623
vn -0.5514389 0.4447462 -0.70571
vn -0.5700247 0.4141362 -0.7095859
vn -0.5886105 0.4113895 -0.6958525
vn -0.6167791 0.3534349 -0.7032991
vn 0.7143773 -0.006286799 -0.6996979
vn 0.7115696 0.06512647 -0.6995758
vn 0.7013459 0.0889309 -0.7072359
vn 0.7060763 0.1186254 -0.6981109
vn 0.6905729 0.1478927 -0.7079378
vn 0.6926176 0.1779534 -0.6989654
vn 0.6741234 0.2062135 -0.7092196
vn 0.6736046 0.2336192 -0.7011322
vn 0.6526383 0.2865383 -0.7013459
vn 0.6318858 0.3068636 -0.7116916
vn 0.6257515 0.3384197 -0.7027497
vn 0.6016419 0.3598132 -0.7130955
vn 0.5926694 0.39082 -0.7042452
vn 0.566332 0.4107486 -0.7144688
vn 0.5559252 0.4389783 -0.7058321
vn 0.5294961 0.4560991 -0.7152318
vn 0.5173498 0.4837489 -0.7058931
vn 0.4904325 0.4986419 -0.7146825
vn 0.4753258 0.5268716 -0.7045809
vn 0.4456618 0.5401777 -0.7138279
vn 0.4279 0.5675222 -0.7033906
vn 0.3978698 0.5780816 -0.7123631
vn 0.380169 0.6006959 -0.7032685
vn 0.3335063 0.6292611 -0.7019562
vn 0.3066805 0.6344798 -0.7094638
vn 0.2831202 0.6569109 -0.6987518
vn 0.2526932 0.660329 -0.7071444
vn 0.2273629 0.6805933 -0.6964629
vn 0.1969969 0.6813868 -0.704886
vn 0.1776177 0.6949065 -0.6967986
vn -0.318247 0.6393017 -0.6999725
vn -0.2615436 0.6658834 -0.6986603
vn -0.2310861 0.6681722 -0.7071749
vn -0.2045655 0.6878567 -0.6964019
vn -0.173986 0.6876125 -0.704886
vn -0.1460921 0.704764 -0.6942045
vn -0.1153294 0.7018342 -0.7029328
vn -0.08645892 0.7161779 -0.6925261
vn -0.05633711 0.7104709 -0.7014374
vn -0.02649003 0.7220069 -0.6913663
vn 0.002075254 0.7134922 -0.700644
vn 0.03198337 0.7215796 -0.6915494
vn 0.05877864 0.7107761 -0.7009186
vn 0.08917504 0.7160558 -0.6923124
vn 0.1153294 0.7025056 -0.7022309
vn 0.138554 0.7047029 -0.6957915
vn 0.9999695 -0.00061037 -0.00021363
vn 0.9962157 0.0866115 -0.000946074
vn 0.9927061 0.1204565 -0.002105772
vn 0.9873043 0.1586047 -0.003906369
vn 0.9808954 0.1942808 -0.005981624
vn 0.9722282 0.2338023 -0.00866723
vn 0.9626148 0.2706076 -0.01135283
vn 0.9501633 0.3113803 -0.01394695
vn 0.9367046 0.3497116 -0.01629686
vn 0.9267556 0.375042 -0.02044737
vn 0.9082919 0.4175848 -0.02343821
vn 0.8971526 0.441084 -0.02294987
vn 0.8765221 0.480636 -0.02551347
vn 0.8542741 0.5189673 -0.02853477
vn 0.8299814 0.5569018 -0.0303964
vn 0.8028199 0.5952941 -0.03262424
vn 0.7805109 0.6241646 -0.03402811
vn 0.7299723 0.682577 -0.03445535
vn 0.703238 0.7101047 -0.03466898
vn 0.668569 0.7428205 -0.03445535
vn 0.6326487 0.7736747 -0.03363138
vn 0.5957823 0.8024537 -0.03247165
vn 0.5579089 0.82931 -0.0305795
vn 0.5271767 0.8492386 -0.02874839
vn 0.4649495 0.8849452 -0.02575761
vn 0.4308298 0.9021272 -0.0230109
vn 0.3909726 0.9201636 -0.02035582
vn 0.3475448 0.9374676 -0.01727342
vn 0.3079317 0.9512925 -0.01452678
vn 0.2654805 0.9640187 -0.01144438
vn 0.2263252 0.9739983 -0.008911371
vn 0.1852473 0.9826655 -0.006103694
vn 0.1524399 0.9882809 -0.006134212
vn 0.09085357 0.9958495 -0.004699826
vn 0.05862605 0.9982604 -0.00213629
vn 0.02056944 0.9997864 -0.001647949
vn -0.01617479 0.9998474 -0.00112915
vn -0.05502486 0.9984741 -0.001464843
vn -0.09131133 0.9957885 -0.001708984
vn -0.1263466 0.9919736 -0.003234922
vn -0.4810938 0.8762475 -0.02563554
vn -0.4560686 0.889645 -0.0228278
vn -0.4187139 0.9078646 -0.02014219
vn -0.338908 0.9406415 -0.01678514
vn -0.3006989 0.9535813 -0.01425212
vn -0.2618793 0.9650258 -0.01089507
vn -0.2239448 0.9745476 -0.008575677
vn -0.1909238 0.9815669 -0.006103694
vn -0.1577501 0.9874569 -0.005432248
vn -0.5657827 0.8217109 -0.06781208
vn -0.5247658 0.8487808 -0.06442457
vn -0.4961394 0.8652608 -0.07150483
vn -0.4950102 0.867336 -0.05172884
vn -0.6608478 0.7457503 -0.08426159
vn -0.6342967 0.7687003 -0.08203375
vn -0.5813166 0.8103275 -0.07333594
vn -0.792169 0.6025269 -0.09671312
vn -0.764275 0.6377453 -0.09543138
vn -0.7453231 0.6592914 -0.09894096
vn -0.7171545 0.6902981 -0.0954619
vn -0.673452 0.7340617 -0.08719134
vn -0.8550676 0.5067903 -0.1093783
vn -0.8427686 0.5268105 -0.1102023
vn -0.8080691 0.5808588 -0.09793388
vn -0.9847713 0.1430097 -0.09878838
vn -0.9757683 0.1621753 -0.1467024
vn -0.9725028 0.2047486 -0.1109042
vn -0.9655446 0.2336802 -0.1143528
vn -0.9478439 0.3018586 -0.1020234
vn -0.9387189 0.3287759 -0.1033967
vn -0.9240089 0.3679006 -0.103885
vn -0.912656 0.3935667 -0.1099582
vn -0.8967559 0.4289071 -0.1086764
vn -0.8706321 0.4804834 -0.1053498
vn -0.9992676 0 -0.03805655
vn -0.8831751 0.0132755 -0.4687948
vn -0.7333292 0.05032497 -0.6779687
vn -0.9853511 0.09204381 -0.1434065
vn -0.9096958 0.1184423 -0.3979614
vn -0.8975799 0.197943 -0.3938719
vn -0.8810694 0.272927 -0.3862423
vn -0.8573565 0.3515732 -0.3758659
vn -0.01037627 0.8430128 -0.5377361
vn -0.06772053 0.8806116 -0.4689474
vn -0.1131016 0.8550676 -0.5059969
vn -0.4486221 0.8824427 -0.1413007
vn -0.4251838 0.8864101 -0.1828364
vn -0.4021424 0.8974884 -0.1809747
vn -0.3168432 0.9103061 -0.2663045
vn -0.08188116 0.9632252 -0.2558672
vn -0.1725822 0.9246193 -0.3394574
vn -0.2801904 0.9055452 -0.3184607
vn -0.2648091 0.9097568 -0.3196508
vn -0.1098971 0.9136632 -0.3913083
vn -0.3047578 0.8800013 -0.3642079
vn -0.4788049 0.8545488 -0.2011474
vn -0.5287637 0.8190863 -0.2223883
vn -0.5620899 0.790582 -0.2429273
vn 0.07647937 0.849025 -0.5227516
vn 0.05487227 0.8184759 -0.5718864
vn 0.03848379 0.8048647 -0.5921812
vn -0.128727 0.8229011 -0.5533921
vn 0.03430277 0.7687003 -0.6386609
vn -0.14597 0.7924742 -0.5921506
vn -0.6088748 0.7484359 -0.2628254
vn -0.6521195 0.703177 -0.2832423
vn -0.6979278 0.6486404 -0.3034455
vn -0.2056032 0.6510819 -0.7305826
vn 0.01770073 0.6369823 -0.7706534
vn -0.1859798 0.7043367 -0.6850185
vn 0.02722251 0.6887723 -0.7244179
vn -0.1653493 0.7519761 -0.638081
vn 0.02862632 0.7100132 -0.7035737
vn 0.02633744 0.7386395 -0.6735435
vn -0.7376629 0.5938597 -0.3211157
vn -0.7653432 0.5485397 -0.3366191
vn -0.2553483 0.4899442 -0.833491
vn 0.000305185 0.4782251 -0.8782007
vn -0.2412183 0.5475631 -0.8012024
vn 0.01190221 0.5258339 -0.8504593
vn -0.2237922 0.5976745 -0.7698294
vn 0.01007109 0.5491806 -0.8356273
vn 0.01144438 0.588641 -0.8082827
vn -0.7991882 0.4877468 -0.351207
vn -0.8286996 0.424604 -0.3645741
vn -0.3404034 0.8503677 -0.4011963
vn -0.370159 0.8214057 -0.4338511
vn -0.4044923 0.784875 -0.4693747
vn -0.4421522 0.7387005 -0.5086825
vn -0.479049 0.6867581 -0.5466781
vn -0.5115208 0.6343272 -0.579577
vn -0.5383465 0.5843379 -0.6071963
vn -0.5666982 0.5253762 -0.6346629
vn -0.595172 0.455092 -0.6622822
vn -0.620777 0.3782159 -0.686697
vn -0.6424146 0.2958769 -0.7069002
vn -0.2725913 0.4210333 -0.8650777
vn -0.2874844 0.3477889 -0.8923918
vn -0.2998749 0.2701193 -0.9149144
vn -0.0132755 0.1892147 -0.9818415
vn -0.008484125 0.2256538 -0.9741508
vn -0.008178949 0.295175 -0.9553819
vn -0.001922607 0.3576464 -0.9338359
vn -0.001464843 0.3886532 -0.9213538
vn -0.00225836 0.430433 -0.9025849
vn -0.01541179 0.1548814 -0.9877926
vn -0.3095492 0.19129 -0.9314249
vn -0.6587115 0.2115238 -0.7220069
vn -0.01855522 0.09335607 -0.9954528
vn -0.3158971 0.1114841 -0.9421979
vn -0.6696982 0.1254006 -0.7319254
vn -0.01452678 0.03811758 -0.9991455
vn -0.3190405 0.04977566 -0.9464095
vn -0.6740623 0.0579546 -0.7363811
vn -0.9143345 0.05624556 -0.4009522
vn -0.9726554 0 -0.2321848
vn -0.9261147 0 -0.3772088
vn -0.9178137 0.03445535 -0.3954588
vn -0.3366497 0 -0.9416181
vn -0.2023072 0 -0.9793084
vn -0.3245338 0.0267952 -0.9454634
vn -0.1239967 0 -0.9922788
vn 0.0055238 0.003509581 -0.9999695
vn 0.03552353 0 -0.9993591
vn -0.6784265 -0.004242062 -0.7346416
vn -0.5210425 0 -0.8535112
vn -0.4733726 0 -0.8808252
vn -0.8625447 0 -0.5059664
vn -0.811182 0 -0.5847346
vn -0.6833094 0 -0.7300943
vn -0.9798578 0 -0.1996216
vn 0.769921 0 -0.6381115
vn 0.774102 0.03622543 -0.6319773
vn 0.6354869 -0.04486221 -0.7707755
vn 0.7740409 0.03607285 0.6320689
vn 0.6284067 -0.1548814 -0.7622913
vn 0.7845088 0.1268654 0.6069827
vn 0.6265755 -0.2934049 -0.7220069
vn 0.7858516 0.2320017 0.5731986
vn 0.6250496 -0.4189886 -0.6585589
vn 0.7861874 0.3315836 0.5214698
vn 0.6251106 -0.5307169 -0.5723136
vn 0.7864925 0.420484 0.4522843
vn 0.6266366 -0.624073 -0.4666891
vn 0.7846919 0.495468 0.3724784
vn 0.6274911 -0.6994842 -0.3419599
vn 0.7824641 0.5583361 0.2756432
vn 0.6268197 -0.7487716 -0.2153996
vn 0.7816706 0.6002075 0.1694387
vn 0.6296884 -0.7736747 -0.06997895
vn 0.7810297 0.6218146 0.05740529
vn 0.6293832 -0.7739799 0.06927698
vn 0.782342 0.619953 -0.05981624
vn 0.6295053 -0.7476119 0.2114933
vn 0.7849666 0.5954161 -0.1710562
vn 0.6284067 -0.6978057 0.3436995
vn 0.7835017 0.5585498 -0.2721641
vn 0.6259346 -0.6235542 0.4683066
vn 0.78399 0.4968718 -0.3720816
vn 0.6234931 -0.5322123 0.5726188
vn 0.7853328 0.4209113 -0.4539323
vn 0.6239509 -0.4192633 0.659444
vn 0.7853633 0.3322855 -0.5222327
vn 0.6244698 -0.2932218 0.7238686
vn 0.7841426 0.2340159 -0.5747551
vn 0.6263619 -0.1584826 0.7632069
vn 0.7825862 0.1240272 -0.6100345
vn 0.635609 -0.04458749 0.770684
vn 0.6389355 0 0.7692496
vn -0.007934808 0.01300084 0.9998779
vn 0.01599168 -0.02002012 0.9996643
vn 0.01489299 -0.03799551 0.9991455
vn 0.9206213 -0.01541179 0.390057
vn 0.8608661 0 0.5087741
vn 0.9280679 0.01416057 0.3721122
vn 0.9966124 -0.007599055 0.08178961
vn 0.8907743 0.3902707 0.2327342
vn 0.9992371 0 0.03851431
vn 0.7794427 0.2556536 0.5718864
vn 0.6796472 -0.03396707 0.7327189
vn 0.6983856 -0.15421 0.6988739
vn 0.312418 -0.02865684 0.9494919
vn 0.2794275 -0.1479537 0.9486679
vn 0.4691916 3.05185e-05 0.8830836
vn 0.5515915 3.05185e-05 0.8341014
vn 0.05941951 0.4313791 0.9002045
vn 0.3188269 -0.04959255 0.9465011
vn 0.6738487 -0.05835133 0.7365337
vn 0.9142125 -0.05713063 0.4011658
vn 0.9927976 -0.05240023 0.1076083
vn 0.9853511 -0.1358684 0.1024811
vn 0.9801935 -0.1687368 0.1035493
vn 0.8974578 -0.2009338 0.3926512
vn 0.9731742 -0.203711 0.1068758
vn 0.9647206 -0.2395398 0.1089816
vn 0.8796655 -0.2779626 0.385815
vn 0.01315343 -0.1919919 0.9812921
vn 0.01538127 -0.1579027 0.9873043
vn 0.3087252 -0.1948301 0.9309672
vn 0.938261 -0.3292031 0.1060518
vn 0.9242225 -0.3671377 0.1048005
vn 0.8292185 -0.4252144 0.3626514
vn 0.912595 -0.3936887 0.1102328
vn 0.8960845 -0.4309824 0.1060518
vn 0.7969909 -0.4924772 0.3496201
vn 0.01385539 -0.4027833 0.9151586
vn 0.003204405 -0.3597217 0.9330424
vn 0.2710044 -0.4232917 0.8644979
vn 0.495529 -0.8655965 0.0716269
vn 0.4803614 -0.8744469 -0.06744587
vn 0.4504837 -0.8909574 0.05648976
vn 0.4156316 -0.9056063 0.08423107
vn 0.3239845 -0.9262368 0.1926023
vn 0.2639241 -0.9098178 0.3201697
vn 0.1436506 -0.9211707 0.3615833
vn 0.05236971 -0.9065828 0.4186834
vn 0.1104465 -0.8556169 0.5056307
vn -0.04586929 -0.8742333 0.4832606
vn -0.04452645 -0.8190557 0.5719169
vn 0.1244239 -0.9495224 0.2879421
vn 0.3026521 -0.8801844 0.3655812
vn 0.2854396 -0.933195 0.2181768
vn 0.1824091 -0.9452803 0.2704855
vn 0.524369 -0.8489334 0.06564527
vn 0.4265267 -0.8865627 0.178991
vn 0.5641652 -0.822779 0.06872767
vn 0.4795678 -0.8535417 0.2035279
vn 0.5843379 -0.8080691 0.07431256
vn 0.5262917 -0.8212836 0.2200995
vn 0.6346019 -0.7687613 0.0788598
vn -0.0376293 -0.8067263 0.5896787
vn -0.03122043 -0.770043 0.637196
vn 0.1264992 -0.8223518 0.5546739
vn -0.01940977 -0.7366253 0.675985
vn -0.02740561 -0.7184057 0.6950591
vn 0.1623279 -0.7555468 0.6346324
vn 0.1481673 -0.7923216 0.5917844
vn 0.6604205 -0.746147 0.08401745
vn 0.56151 -0.7903074 0.2451552
vn 0.6755883 -0.732078 0.08728289
vn 0.6050295 -0.7528611 0.2590716
vn 0.716422 -0.691702 0.09079253
vn -0.01068145 -0.5276955 0.8493607
vn 0.2219001 -0.599231 0.769158
vn 0.002166807 -0.5610828 0.827723
vn 0.2052674 -0.6498001 0.7318339
vn 0.001831054 -0.5856502 0.8105411
vn 0.1829279 -0.7048555 0.6853237
vn -0.0142216 -0.639668 0.7685171
vn -0.02630692 -0.6928007 0.7206031
vn 0.3378704 -0.8508866 0.402234
vn 0.3667104 -0.8226875 0.4343699
vn 0.4007385 -0.7865231 0.4698324
vn 0.4388867 -0.7399213 0.5097507
vn 0.4763329 -0.6873379 0.5482956
vn 0.5089267 -0.6353038 0.5808283
vn 0.6547746 -0.701529 0.281167
vn 0.6984161 -0.6472976 0.3052766
vn 0.7355571 -0.5973998 0.3193762
vn 0.8595843 -0.5000763 0.1048921
vn 0.8424329 -0.5290994 0.1016571
vn 0.8097782 -0.5782647 0.09903252
vn 0.7937864 -0.6006653 0.09515666
vn 0.7644886 -0.6371044 0.09784233
vn 0.7420271 -0.6629841 0.09903252
vn 0.871395 -0.478988 0.1057772
vn 0.7649465 -0.5481735 0.3381451
vn 0.5352947 -0.5861995 0.6080813
vn 0.238319 -0.5493637 0.8008362
vn 0.002899229 -0.4810938 0.8766442
vn 0.5636464 -0.5275735 0.6355479
vn 0.2543413 -0.4901883 0.8336741
vn 0.01892143 -0.4269234 0.9040498
vn 0.5928526 -0.4562822 0.6635335
vn 0.9483017 -0.2999054 0.1037324
vn 0.857326 -0.3512375 0.3762322
vn 0.6187323 -0.3796197 0.6877346
vn 0.2852565 -0.3483688 0.89288
vn 0.01950132 -0.292703 0.9559923
vn 0.6403394 -0.2990509 0.7074801
vn 0.2988983 -0.2716147 0.9147923
vn 0.01690721 -0.2347179 0.9718925
vn 0.6571856 -0.2149418 0.7224037
vn 0.9896848 -0.1001923 0.1022065
vn 0.9095737 -0.1197241 0.3978393
vn 0.6689352 -0.1272622 0.7323222
vn 0.3150731 -0.1126438 0.9423505
vn 0.01910454 -0.09369182 0.9953917
vn 0.999939 -0.002990782 0.009643793
vn 0.9947203 -0.1023896 0.003875792
vn 0.9904477 -0.1375774 0.006500422
vn 0.982696 -0.1847895 0.01058989
vn 0.9740593 -0.2258675 0.01303136
vn 0.9523606 -0.3044221 0.01733446
vn 0.965331 -0.2607196 0.009521722
vn 0.9245582 -0.3804132 0.02124083
vn 0.9378643 -0.3465987 0.01532024
vn 0.889523 -0.4561907 0.02392649
vn 0.9036531 -0.4278695 0.0167241
vn 0.8454848 -0.5330973 0.03064054
vn 0.8660237 -0.4991912 0.02771079
vn 0.6777856 -0.734611 0.02996915
vn 0.8206732 -0.5702689 0.03527939
vn 0.7922911 -0.6089969 0.03656113
vn 0.7655873 -0.6422926 0.03637802
vn 0.7012238 -0.7123631 0.02758872
vn 0.60918 -0.7924436 0.02978605
vn 0.6383252 -0.769097 0.03128147
vn 0.572924 -0.8189642 0.03143405
vn 0.5382245 -0.8422498 0.03003019
vn -0.2788476 -0.9564196 -0.0864284
vn -0.2440565 -0.9657887 -0.08743548
vn -0.2064882 -0.9783929 0.008331537
vn -0.1687979 -0.9813532 -0.09173864
vn -0.16657 -0.985992 0.005859553
vn -0.132725 -0.9867855 -0.0927152
vn -0.1264992 -0.9919431 0.003906369
vn -0.1011688 -0.9903256 -0.09491252
vn -0.08761864 -0.9961242 0.002197325
vn -0.0705893 -0.9929197 -0.09543138
vn -0.04776144 -0.9988403 0.000976592
vn -0.03906369 -0.9945677 -0.09634691
vn -0.008697748 -0.999939 6.1037e-05
vn -0.007629573 -0.9952697 -0.09671312
vn 0.03274631 -0.9994507 0.00021363
vn 0.02990812 -0.9948729 -0.09634691
vn 0.07422101 -0.9972229 0.000793481
vn 0.06698811 -0.9931333 -0.09558397
vn 0.1157872 -0.9932554 0.002105772
vn 0.1064791 -0.9898068 -0.09433269
vn 0.1576281 -0.9874569 0.003814756
vn 0.1445356 -0.9851375 -0.09250158
vn 0.1953184 -0.9807123 0.005890071
vn 0.1863155 -0.9782403 -0.0909146
vn 0.2706076 -0.9626454 0.008697748
vn 0.2265083 -0.9699698 -0.08825951
vn 0.3070772 -0.9515976 0.01184117
vn 0.2684713 -0.9594104 -0.08603167
vn 0.3473922 -0.9375591 0.01553392
vn 0.3087863 -0.9475387 -0.08252203
vn 0.3870968 -0.9218116 0.01840263
vn 0.3492844 -0.9335307 -0.08053833
vn 0.4256111 -0.9046297 0.02203434
vn 0.389111 -0.9179663 -0.07672351
vn 0.4651021 -0.8848842 0.02490305
vn 0.4292123 -0.9000519 -0.0750755
vn 0.501114 -0.8649251 0.02746665
vn -0.2485733 -0.9685354 0.01086455
vn -0.2873318 -0.9577013 0.0134586
vn -0.319132 -0.943968 -0.08380383
vn -0.3705862 -0.9286477 0.01647996
vn -0.3559374 -0.9308451 -0.08224737
vn -0.4094668 -0.9121067 0.01934874
vn -0.395825 -0.9149144 -0.07876825
vn -0.451857 -0.8917814 0.02267521
vn -0.4326914 -0.8982513 -0.07672351
vn -0.4897305 -0.8714866 0.02502512
vn -0.4717856 -0.8785669 -0.07391583
vn -0.5278176 -0.8488724 0.02826011
vn -0.5090488 -0.8577837 -0.07089447
vn -0.563036 -0.8258309 0.03033536
vn -0.5467391 -0.8343455 -0.06991785
vn -0.5984069 -0.8005005 0.03280735
vn -0.5832087 -0.8094424 -0.06778156
vn -0.632191 -0.7740409 0.03427225
vn -0.619129 -0.7824031 -0.06704914
vn -0.6663106 -0.7448347 0.03524887
vn -0.9999695 0.002441465 0.000488296
vn -0.9984436 -3.05185e-05 -0.05569624
vn -0.9960936 -0.08816796 0.000885037
vn -0.9913328 -0.09024322 -0.09515666
vn -0.9921873 -0.1245765 0.001831054
vn -0.98764 -0.1236305 -0.09604173
vn -0.9869381 -0.1609241 0.003906369
vn -0.9822382 -0.1624195 -0.0936613
vn -0.9796442 -0.2005371 0.006164729
vn -0.975341 -0.2002624 -0.09237951
vn -0.9708243 -0.2396008 0.008636713
vn -0.9665212 -0.2404553 -0.08923608
vn -0.9592578 -0.2822352 0.01141387
vn -0.9561449 -0.2793664 -0.08764916
vn -0.9470504 -0.320719 0.01428264
vn -0.9433271 -0.3209632 -0.08395642
vn -0.9316385 -0.3628956 0.01742607
vn -0.9289224 -0.360973 -0.08221685
vn -0.9169591 -0.3983886 0.02014219
vn -0.9154332 -0.3946959 -0.07855463
vn -0.8811304 -0.4722434 0.02392649
vn -0.9012116 -0.4266487 -0.07589954
vn -0.8610492 -0.5078585 0.02539139
vn -0.8853725 -0.4588763 -0.0740379
vn -0.8390759 -0.54326 0.02829062
vn -0.8456984 -0.5289468 -0.07065033
vn -0.8138676 -0.5802179 0.03045743
vn -0.8208869 -0.5667898 -0.06942957
vn -0.7885983 -0.6140324 0.03198337
vn -0.793939 -0.6041444 -0.06756794
vn -0.7604907 -0.6484573 0.03344827
vn -0.7650685 -0.6404615 -0.06686604
vn -0.7307962 -0.6817225 0.03408914
vn -0.7389141 -0.6705222 -0.06582838
vn -0.6992706 -0.7139806 0.0351268
vn -0.7113254 -0.6997894 -0.06530958
vn -0.6838893 -0.7265847 -0.06570631
vn -0.0936613 -0.9218116 -0.3761101
vn -0.8784143 -0.3032624 -0.369274
vn -0.3340251 0 -0.9425337
vn -0.08685564 0 -0.9962157
vn -0.099002 -0.02710038 -0.9946898
vn -0.384228 -0.05243074 -0.92172
vn -0.4847255 0 -0.87463
vn -0.8485061 0 -0.5291604
vn -0.74691 0 -0.6649067
vn -0.7059847 -0.07766956 -0.7039094
vn -0.626423 0 -0.7794427
vn -0.9692984 0 -0.2458266
vn -0.924894 0 -0.3801385
vn -0.9205603 -0.09109771 -0.3798028
vn -0.9129612 -0.1555833 -0.3771477
vn -0.8991058 -0.2281869 -0.3734855
vn -0.8531144 -0.3721122 -0.3655812
vn -0.8253426 -0.4322947 -0.3631703
vn -0.7888424 -0.4983062 -0.3596912
vn -0.7407758 -0.568804 -0.3573107
vn -0.5771661 -0.7347026 -0.3564257
vn -0.637257 -0.683462 -0.3559374
vn -0.6893521 -0.630665 -0.3563646
vn -0.5090183 -0.7826472 -0.3581652
vn -0.4384289 -0.8231452 -0.3608203
vn -0.3671377 -0.8560442 -0.3638111
vn -0.2954497 -0.8819239 -0.3672598
vn -0.2246772 -0.9011811 -0.3706168
vn -0.1563768 -0.914304 -0.3735771
vn -0.03607285 -0.9255043 -0.3769952
vn 0.02746665 -0.9258705 -0.3768121
vn 0.09808647 -0.921659 -0.3753471
vn 0.1720938 -0.911832 -0.372631
vn 0.2484512 -0.8955046 -0.3690909
vn 0.324015 -0.8725547 -0.3655507
vn -0.0991851 -0.03353983 -0.9944761
vn -0.3820612 -0.07840204 -0.9207739
vn -0.09790337 -0.04150515 -0.9943236
vn -0.3768121 -0.108951 -0.9198279
vn -0.09591966 -0.04977566 -0.9941405
vn -0.3687552 -0.1406598 -0.9187902
vn -0.09286779 -0.05716115 -0.9940184
vn -0.3578906 -0.1694692 -0.9182104
vn -0.08984649 -0.06375312 -0.9938963
vn -0.3464461 -0.1949217 -0.9175695
vn -0.08648943 -0.0712912 -0.9936827
vn -0.332255 -0.2232429 -0.9163488
vn -0.08130127 -0.07910394 -0.9935301
vn -0.3122654 -0.2531205 -0.9156163
vn -0.0754112 -0.08563494 -0.9934386
vn -0.29017 -0.2788171 -0.9154332
vn -0.06967371 -0.09140288 -0.993347
vn -0.2681356 -0.300943 -0.9151281
vn -0.06326484 -0.09717088 -0.9932249
vn -0.2430494 -0.3227332 -0.9147313
vn -0.05569624 -0.102298 -0.9931638
vn -0.2140568 -0.3425397 -0.9147618
vn -0.04788351 -0.1065096 -0.9931333
vn -0.1841182 -0.3589587 -0.9150059
vn -0.03997921 -0.1098666 -0.9931333
vn -0.1538438 -0.3721122 -0.9153417
vn -0.03210544 -0.1123996 -0.9931333
vn -0.1235694 -0.3821833 -0.9157689
vn -0.02438426 -0.1142613 -0.9931333
vn -0.09384441 -0.3894467 -0.9162267
vn -0.01690721 -0.1154515 -0.9931638
vn -0.06512647 -0.3942992 -0.9166539
vn -0.01007109 -0.1157872 -0.9931638
vn -0.03897213 -0.3964354 -0.9172033
vn -0.003875792 -0.1161534 -0.9931638
vn -0.01498454 -0.3978393 -0.9173254
vn 0.002960264 -0.1165196 -0.9931638
vn 0.01141387 -0.3985107 -0.9170812
vn 0.01058989 -0.116245 -0.9931638
vn 0.04080319 -0.3971374 -0.916837
vn 0.01864677 -0.1154515 -0.9931333
vn 0.07177948 -0.3937498 -0.9163793
vn 0.02697831 -0.1138646 -0.9931028
vn 0.1037935 -0.3876156 -0.9159215
vn 0.03524887 -0.1115757 -0.9931028
vn 0.1356242 -0.3786126 -0.9155248
vn 0.04361093 -0.1085848 -0.9931028
vn 0.1675161 -0.366741 -0.9150975
vn -0.7007355 -0.1265907 -0.7020478
vn -0.6906034 -0.1824702 -0.6997894
vn -0.6753136 -0.2403637 -0.6972259
vn -0.6560869 -0.2934049 -0.6953032
vn -0.6349681 -0.3399152 -0.6936857
vn -0.6076235 -0.3910642 -0.6912443
vn -0.5708487 -0.4455702 -0.6896268
vn -0.5310221 -0.4930875 -0.6890774
vn -0.4908292 -0.5336467 -0.6886807
vn -0.4444715 -0.5730766 -0.6884365
vn -0.391644 -0.6096377 -0.6891385
vn -0.3371379 -0.6401563 -0.6902981
vn -0.2818995 -0.6647542 -0.6917936
vn -0.2265999 -0.6838282 -0.6935331
vn -0.1723075 -0.6977447 -0.6953032
vn -0.1196326 -0.7071444 -0.6968291
vn -0.07168793 -0.7121495 -0.6983246
vn -0.02758872 -0.7148045 -0.6987518
vn 0.02096617 -0.7152623 -0.6985077
vn 0.07495343 -0.7123936 -0.6977142
vn 0.1317484 -0.7055269 -0.6962798
vn 0.1903744 -0.6938078 -0.6945098
vn 0.2486038 -0.6768701 -0.6928007
vn 0.306711 -0.6544694 -0.6910306
vn 0.3989074 -0.8424329 -0.3621326
vn 0.04531997 -0.1044648 -0.9934691
vn 0.08807641 -0.1916868 -0.9774773
vn 0.1793878 -0.3595996 -0.9156774
vn 0.2550432 -0.5085604 -0.8223518
vn 0.3327738 -0.6454665 -0.6874294
vn 0.384228 -0.7470626 -0.542436
vn 0.43614 -0.828547 -0.351085
vn 0.4661092 -0.8678854 -0.1716971
vn 0.1256142 -0.3232825 -0.9378948
vn 0.2414319 -0.5970641 -0.764977
vn 0.330546 -0.7998597 -0.5009308
vn -0.05746632 -0.9816584 0.1817072
vn 0.04379403 -0.9938048 0.1020844
vn -0.05737477 -0.9664297 -0.2504349
vn -0.04574722 -0.7705008 -0.6357616
vn 0.04434335 -0.9493088 -0.3111362
vn -0.02490305 -0.4308298 -0.9020661
vn 0.03476053 -0.7418745 -0.6696066
vn -0.006225764 -0.122074 -0.9924924
vn 0.01953184 -0.408124 -0.9126865
vn 0.1774041 -0.9840694 0.01052886
vn 0.2684408 -0.9618213 -0.05273598
vn 0.3794977 -0.9109165 -0.1618091
vn 0.1586352 -0.9119236 -0.378399
vn 0.2522965 -0.8702659 -0.4229865
vn 0.1210974 -0.7003693 -0.7034211
vn 0.1900998 -0.6608783 -0.7260048
vn 0.0655232 -0.3830989 -0.9213538
vn 0.1016266 -0.3597522 -0.9274575
vn 0.005188107 -0.1149327 -0.993347
vn 0.0167241 -0.108951 -0.9938963
vn 0.02563554 -0.1029694 -0.9943236
vn 0.03149509 -0.09500408 -0.9949644
vn -0.7037873 -0.6674398 -0.243202
vn -0.4179205 -0.7690665 -0.4835658
vn -0.4353466 -0.7070223 -0.557268
vn -0.8502457 -0.5251625 -0.0356456
vn -0.728782 -0.6147344 -0.3015229
vn -0.1601916 -0.6147344 -0.7722709
vn -0.1642811 -0.7244789 -0.669393
vn -0.1535081 -0.7940306 -0.5881222
vn -0.1288796 -0.5452437 -0.8282724
vn -0.4506363 -0.5188452 -0.7264016
vn -0.4540849 -0.6255379 -0.6343883
vn -0.1333964 -0.4833216 -0.8651998
vn -0.1425214 -0.3242287 -0.9351482
vn -0.4598834 -0.3747673 -0.8049867
vn -0.1203955 -0.1345561 -0.9835506
vn -0.4523453 -0.1934263 -0.8706015
vn -0.7443464 -0.5714896 -0.345378
vn -0.7636952 -0.5010224 -0.4070559
vn -0.787347 -0.4212775 -0.450087
vn -0.8162176 -0.2895291 -0.4999237
vn -0.870571 -0.484695 -0.08447521
vn -0.8782312 -0.4694052 -0.09134185
vn -0.8971526 -0.4292734 -0.1039766
vn -0.9120457 -0.3935362 -0.1151463
vn -0.9437239 -0.3059785 -0.1254311
vn -0.1501815 -0.9461043 -0.2868435
vn -0.1420636 -0.9661855 -0.2150334
vn -0.1001312 -0.9614551 -0.2560198
vn -0.134434 -0.9904477 0.03036588
vn -0.1602832 -0.9788812 0.1267738
vn -0.103122 -0.9797968 0.1712698
vn -0.09326452 -0.8691977 0.4855189
vn -0.1445051 -0.964507 0.2208929
vn -0.1127659 -0.9264504 0.3591113
vn -0.104709 -0.8546099 0.5085604
vn -0.09115874 -0.8265633 0.5553758
vn -0.07849359 -0.8274789 0.5559252
vn -0.1641285 -0.9782098 -0.1269569
vn -0.07907342 -0.7668386 -0.6369213
vn -0.1634876 -0.8285775 -0.5354472
vn -0.1735282 -0.8805506 -0.440962
vn -0.0112918 -0.1244239 -0.9921568
vn -0.04382455 -0.4321116 -0.9007233
vn -0.4968413 -0.8595843 0.1192358
vn -0.5904721 -0.7726677 0.2330393
vn -0.5074618 -0.8042848 0.309122
vn -0.09381389 -0.8257699 0.5561083
vn -0.06579786 -0.838496 0.540849
vn -0.1395001 -0.8479263 0.5113682
vn -0.1277199 -0.8461257 0.5173803
vn -0.2327647 -0.8723106 0.4299753
vn -0.2565386 -0.8494522 0.4610431
vn -0.3245033 -0.8849452 0.3339335
vn -0.3616749 -0.8460036 0.3916745
vn -0.4466384 -0.8243965 0.3476058
vn -0.09970396 -0.8216804 0.5611133
vn -0.1215857 -0.8551287 0.5038911
vn -0.1551256 -0.9165014 0.3686636
vn -0.225898 -0.9428999 0.2446669
vn -0.2555925 -0.9615467 0.1002533
vn -0.4203619 -0.8795129 0.2229377
vn -0.3474838 -0.9201025 -0.1806085
vn -0.3220924 -0.9460433 -0.03503525
vn -0.3934751 -0.8520768 -0.3451338
vn -0.5782647 -0.8158208 -0.004455685
vn -0.6508988 -0.7475204 -0.1323893
vn -0.6637471 -0.7235938 0.1892758
vn -0.7077242 -0.6918241 0.1429792
vn -0.783227 -0.6202887 0.04184085
vn -0.7807856 -0.6242256 -0.02533036
vn -0.6589251 -0.7415083 0.1262856
vn -0.5822932 -0.8129521 -0.002990782
vn -0.07785272 -0.8281198 -0.5550706
vn -0.1012909 -0.8225349 -0.5595569
vn -0.09176915 -0.8275094 -0.5538805
vn -0.1279641 -0.8557695 -0.501236
vn -0.1077303 -0.8588824 -0.5006867
vn -0.1610156 -0.9160436 -0.3672903
vn -0.1139256 -0.9301126 -0.3491318
vn -0.2241584 -0.9425642 -0.2475661
vn -0.06241035 -0.8391065 -0.5403302
vn -0.09512615 -0.8251289 -0.5568407
vn -0.1221045 -0.8467971 -0.517655
vn -0.1410871 -0.8462783 -0.5136876
vn -0.2510758 -0.8507645 -0.461623
vn -0.2353282 -0.8702659 -0.4326914
vn -0.3603015 -0.8536638 -0.3760491
vn -0.3313089 -0.8835414 -0.3309427
vn -0.4183782 -0.8417615 -0.3410748
vn -0.419538 -0.8782007 -0.2296518
vn -0.3125095 -0.9493698 0.03118991
vn -0.1338542 -0.9908139 -0.0180059
vn -0.2601398 -0.9606311 -0.09738457
vn -0.147679 -0.9839473 -0.1001007
vn -0.136906 -0.9654836 -0.2214728
vn -0.5024567 -0.8059939 -0.3128452
vn -0.589343 -0.7783746 -0.2162846
vn -0.5046235 -0.8548845 -0.1203955
vn -0.6375622 -0.7473678 -0.1869258
vn -0.704062 -0.6955168 -0.1433149
vn -0.3523972 -0.9163182 0.1900998
vn -0.3921018 -0.8547014 0.3401593
vn -0.1546068 -0.8232063 0.5462508
vn -0.1636402 -0.8828395 0.440199
vn -0.1471602 -0.9421674 0.3010041
vn -0.1511276 -0.9616077 0.2289804
vn -0.1553392 -0.9822688 0.1048921
vn -0.1532945 -0.7613758 0.6298715
vn -0.4272592 -0.745262 0.5118259
vn -0.7177343 -0.6507462 0.2476577
vn -0.842555 -0.5368816 0.0424512
vn -0.8735618 -0.4866787 0.001708984
vn -0.6952422 -0.6956084 0.1808527
vn -0.4148381 -0.8352306 0.3609424
vn -0.1662343 -0.8668172 0.4700766
vn -0.1679738 -0.8670614 -0.4690085
vn -0.4185308 -0.8326365 -0.3625904
vn -0.6954253 -0.6916715 -0.1947386
vn -0.8626973 -0.504593 -0.03338724
vn -0.400586 -0.860622 -0.3143407
vn -0.1734061 -0.884518 -0.4329966
vn -0.1675161 -0.8996552 -0.4030885
vn -0.1495102 -0.9316996 -0.3309732
vn -0.3798639 -0.888638 -0.2569048
vn -0.1503036 -0.9518723 -0.2670674
vn -0.3614307 -0.9110996 -0.1980041
vn -0.1546678 -0.9631947 -0.2197638
vn -0.3492233 -0.9253517 -0.1474959
vn -0.1465803 -0.9706412 -0.1906186
vn -0.1432539 -0.9791558 -0.1437727
vn -0.3417463 -0.9338969 -0.104831
vn -0.1528062 -0.9820246 -0.1105685
vn -0.3351237 -0.9402447 -0.0597552
vn -0.1496322 -0.9855953 -0.07840204
vn -0.1356548 -0.9907224 -0.006591975
vn -0.3322855 -0.9431135 -0.009338617
vn -0.1424604 -0.9887387 0.04553359
vn -0.1517075 -0.985107 0.0808435
vn -0.3378094 -0.9373455 0.08502453
vn -0.3335673 -0.9419233 0.03860586
vn -0.1490219 -0.9822077 0.1140782
vn -0.1470077 -0.9733878 0.1756645
vn -0.3452559 -0.9289224 0.1335795
vn -0.1561021 -0.9578234 0.2411878
vn -0.3569445 -0.9156163 0.1848506
vn -0.1606799 -0.94879 0.2718894
vn -0.3704642 -0.9006012 0.2271798
vn -0.8459731 -0.5311747 -0.04614394
vn -0.6687521 -0.7244789 -0.1669057
vn -0.8288522 -0.5576342 -0.04504531
vn -0.6362804 -0.7590564 -0.1376385
vn -0.7948241 -0.6056093 -0.03836172
vn -0.6071658 -0.7874691 -0.1059297
vn -0.7667776 -0.6412854 -0.02734458
vn -0.5856197 -0.8067568 -0.07861566
vn -0.7491379 -0.6621906 -0.01693773
vn -0.5749992 -0.8162786 -0.05514693
vn -0.742729 -0.6695151 -0.008728265
vn -0.563799 -0.8252511 -0.03192234
vn -0.7373272 -0.6754662 -0.00427258
vn -0.5591296 -0.8290353 -0.005249142
vn -0.7350383 -0.6779992 -0.001190185
vn -0.5612049 -0.8274179 0.02020323
vn -0.7348857 -0.6781518 0.001708984
vn -0.5678884 -0.8218635 0.04470956
vn -0.7374493 -0.6753441 0.006622493
vn -0.5809808 -0.8108158 0.07068085
vn -0.746025 -0.6657308 0.01413005
vn -0.600238 -0.7937254 0.09823906
vn -0.7621693 -0.6469008 0.02340769
vn -0.6235847 -0.7725761 0.1192052
vn -0.7813349 -0.6233711 0.02975553
vn -0.6349376 -0.7595447 0.1410565
vn -0.7957091 -0.6044496 0.03784292
vn -0.6673788 -0.7252418 0.1690725
vn -0.8282113 -0.5583972 0.04687643
vn -0.1730399 -0.8851588 0.4318674
vn -0.397351 -0.8631245 0.3115634
vn -0.167394 -0.9016389 0.3987548
vn -0.3801996 -0.8868374 0.2624897
vn -0.1540574 -0.928373 0.3381146
vn -0.1513413 -0.9409772 0.3026521
vn -0.8403272 -0.5392315 0.05490279
vn -0.093234 -0.8690451 -0.4857936
vn -0.1027863 -0.09164708 0.9904477
vn -0.01312291 -0.122898 0.9923093
vn -0.1174047 -0.1951658 0.9736931
vn -0.04617446 -0.4325083 0.9004181
vn -0.1309854 -0.3123264 0.9408857
vn -0.1454817 -0.624073 0.7676626
vn -0.08197271 -0.7657704 0.6378369
vn -0.1526231 -0.5074923 0.8479873
vn -0.1453291 -0.4123051 0.8993499
vn -0.1039766 -0.9611194 0.2556841
vn -0.1045869 -0.979461 -0.1723075
vn -0.8102359 -0.3056429 0.5000763
vn -0.4552446 -0.1933347 0.8691061
vn -0.4658345 -0.2680135 0.843257
vn -0.9337443 -0.3343608 0.1275979
vn -0.8034303 -0.35609 0.4771264
vn -0.4466689 -0.5203101 0.7278054
vn -0.4507279 -0.3683584 0.8130741
vn -0.4411451 -0.6353038 0.633839
vn -0.7871029 -0.4271675 0.4448989
vn -0.7692191 -0.5031282 0.3938413
vn -0.7462081 -0.572039 0.3404645
vn -0.9237648 -0.3631092 0.1214331
vn -0.9124729 -0.3936887 0.1112094
vn -0.8917509 -0.4400769 0.1050752
vn -0.8791467 -0.4654073 0.1022065
vn -0.9843135 -0.02618485 0.1743828
vn -0.984344 -0.02624589 -0.1742302
vn -0.9916074 0 0.1292459
vn -0.991699 0 -0.1285134
vn -0.7926878 0.000122074 0.6096072
vn -0.1297952 -0.0205084 0.9913023
vn -0.4989776 -0.02783286 0.8661458
vn -0.9906613 0.00665301 0.136082
vn -0.9263893 0.007721126 0.3764458
vn -0.7879574 0 0.6156804
vn -0.136143 -0.006683528 0.9906613
vn -0.3764458 -0.007721126 0.9263893
vn -0.8655354 -0.03088468 0.4998627
vn -0.1290017 -0.02365183 0.9913328
vn -0.1245155 -0.03299045 0.991638
vn -0.4971465 -0.03991818 0.8667257
vn -0.4881436 -0.07751697 0.8692892
vn -0.863979 -0.05175936 0.5008087
vn -0.8559526 -0.1185033 0.5032503
vn -0.9643544 -0.05484175 0.2587969
vn -0.9737541 -0.1488083 0.1720328
vn -0.939787 -0.315775 0.1306497
vn -0.9582507 -0.2540361 0.131138
vn -0.8337047 -0.2264473 0.5035859
vn -0.1206396 -0.04904323 0.9914548
vn -0.4744713 -0.139378 0.8691366
vn -0.980102 -0.09683519 -0.1731315
vn -0.9758904 -0.1752372 -0.1299173
vn -0.9621571 -0.2401501 -0.128605
vn -0.8365429 -0.5478377 0.001312255
vn -0.1230506 -0.03894162 -0.9916074
vn -0.1281472 -0.02844321 -0.9913328
vn -0.4836878 -0.1007721 -0.8694113
vn -0.4948576 -0.05838185 -0.8669698
vn -0.8493301 -0.1595202 -0.5031587
vn -0.8611408 -0.08395642 -0.5013581
vn -0.1289407 -0.02365183 -0.9913633
vn -0.1297647 -0.02056944 -0.9913023
vn -0.4970855 -0.03991818 -0.8667562
vn -0.4988861 -0.02792441 -0.8661763
vn -0.8639485 -0.05175936 -0.5008392
vn -0.8655049 -0.03100675 -0.4998932
vn -0.9644765 -0.05487227 -0.2583697
vn 0.1163976 0.7771233 0.6184576
vn 0.04397714 0.4315623 0.9009979
vn 0.118717 0.8450576 0.5212562
vn 0.07965326 0.7668691 0.6368297
vn 0.1209143 0.8714255 0.4753563
vn 0.1006805 0.9613636 0.2561724
vn 0.1243324 0.9218726 0.3669241
vn 0.1191442 0.9906919 0.06543165
vn 0.1210669 0.9717094 0.2027039
vn 0.120365 0.9581897 0.2595599
vn 0.1020844 0.91995 -0.3784295
vn 0.1077303 0.9633473 -0.2456129
vn 0.1034577 0.9797357 -0.1714529
vn 0.1242408 0.9748222 -0.1851252
vn 0.1184728 0.9919126 -0.04486221
vn 0.09317296 0.8691061 -0.4857631
vn 0.07773059 0.8263802 -0.5576648
vn 0.09036529 0.8204901 -0.5644398
vn 0.1093173 0.8544572 -0.5078585
vn 0.1097446 0.7241432 0.6808375
vn 0.0936613 0.5958434 0.7976012
vn 0.087466 0.5374004 0.8387402
vn 0.07510602 0.3794977 0.9221168
vn 0.07812738 0.1399273 0.9870601
vn 0.01126128 0.1244544 0.9921568
vn 0.1037019 0.9779962 -0.1808832
vn 0.1013214 0.9631031 0.2492446
vn 0.08017212 0.7697989 0.633198
vn 0.04419076 0.4338206 0.8998993
vn 0.00741595 0.0877102 0.9960936
vn -0.3164464 0.6384778 0.701529
vn -0.2443006 0.644673 0.7243263
vn 0 0.01745659 0.9998474
vn -0.3636891 0.5850399 0.7248451
vn 0.2761315 0.6315805 0.7244484
vn 0 0.01745659 0.9998474
vn 0.2215644 0.677633 0.7011933
vn 0 0.01742607 0.9998474
vn 0.1494796 0.6732689 0.7240822
vn 0 0.01742607 0.9998474
vn 0.08676409 0.7078768 0.7009491
vn 0 0.01742607 0.9998474
vn 0.01718187 0.6895962 0.7239601
vn 0 0.01742607 0.9998474
vn -0.05130159 0.7113559 0.7009186
vn 0 0.01742607 0.9998474
vn -0.1157567 0.6799524 0.7240211
vn 0 0.01742607 0.9998474
vn -0.1874141 0.6879482 0.7011322
vn 0 0.01742607 0.9998474
vn 0 0.01742607 0.9998474
vn 0.1230201 0.03924679 0.9916074
vn 0 0.01745659 0.9998474
vn 0 0.01745659 0.9998474
vn -0.4692831 0.5032808 0.725547
vn -0.5340434 0.4695883 0.7029939
vn -0.5570849 0.402356 0.7264321
vn 0 0.01742607 0.9998474
vn 0 0.01742607 0.9998474
vn -0.4335154 0.564745 0.7022004
vn 0 0.01742607 0.9998474
vn 0 0.01745659 0.9998474
vn 0.4611652 0.5421614 0.7023835
vn 0 0.01742607 0.9998474
vn 0.3923765 0.5659963 0.7249977
vn 0 0.01742607 0.9998474
vn 0.347972 0.6216925 0.7016816
vn 0 0.01742607 0.9998474
vn 0 0.01745659 0.9998474
vn 0.1280556 0.02862632 0.9913328
vn 0.1290017 0.02368235 0.9913328
vn 0.5764031 0.3736991 0.7266762
vn 0 0.01742607 0.9998474
vn 0.5567797 0.4419996 0.703238
vn 0 0.01742607 0.9998474
vn 0.493759 0.4789575 0.7257607
vn 0 0.01742607 0.9998474
vn 0 0.01742607 0.9998474
vn -0.609241 0.02832114 0.7924436
vn -0.6935331 0.05929744 0.717948
vn 0.1299478 0.02069151 0.9912717
vn -0.7015595 0.09424114 0.7063204
vn -0.6665548 0.1588183 0.7283242
vn -0.6708579 0.2297128 0.7050691
vn -0.6235847 0.2860805 0.7275002
vn -0.6142155 0.3564867 0.704001
vn 0.7070834 0 0.7070834
vn 0 0 0.9999695
vn 0.6972869 0.05047756 0.7149876
vn 0 0.01742607 0.9998474
vn 0.6747947 0.1337626 0.7257607
vn 0 0.01742607 0.9998474
vn 0.6812952 0.1954405 0.7053743
vn 0 0.01742607 0.9998474
vn 0.6369823 0.2541581 0.7277444
vn 0 0.01742607 0.9998474
vn 0.6311533 0.3249611 0.7042452
vn 0 0.01742607 0.9998474
vn 0 0.01745659 0.9998169
vn -0.6949065 0.03347879 -0.7182837
vn -0.7029939 0.06973475 -0.7077242
vn 0.6979888 0.02496409 -0.7156285
vn 0.6772058 0.1075167 -0.7278665
vn 0.6844081 0.1716055 -0.7085788
vn 0.6416822 0.2289499 -0.731956
vn 0.6360668 0.3027131 -0.7097384
vn 0.5827814 0.3507187 -0.7330241
vn 0.5627613 0.4219489 -0.7107761
vn 0.5008392 0.4586627 -0.7339702
vn 0.4672689 0.5245217 -0.7116916
vn 0.3990905 0.5484482 -0.7347636
vn 0.3532823 0.6063112 -0.7123936
vn 0.2814417 0.6164129 -0.7353435
vn 0.2252571 0.6640523 -0.7129124
vn 0.152562 0.6598102 -0.7357403
vn 0.08829003 0.6953642 -0.713187
vn 0.01754814 0.676809 -0.7359234
vn -0.0521866 0.698996 -0.713187
vn -0.1181371 0.6667684 -0.7358013
vn -0.1906186 0.6747032 -0.7130039
vn -0.2490921 0.6300547 -0.7354961
vn -0.3214209 0.6236152 -0.7125767
vn -0.3701285 0.5681631 -0.7349467
vn -0.4394971 0.5477157 -0.7119053
vn -0.4763634 0.4836878 -0.7341838
vn -0.5401471 0.450148 -0.7110202
vn -0.5637685 0.380047 -0.7332682
vn -0.6194647 0.3347575 -0.7100437
vn -0.6288339 0.2613605 -0.7322611
vn -0.674459 0.2062135 -0.708884
vn -0.6694846 0.1325113 -0.7308878
vn 0.6991791 0 -0.7148961
vn -0.793115 0.000122074 -0.6090274
vn -0.7884152 0 -0.6151006
vn -0.2651754 0.004638791 -0.9641713
vn -0.7103183 0.004730343 -0.7038179
vn -0.8653829 0.005096554 -0.5010529
vn -0.5001068 0.005127072 -0.8659017
vn -0.606769 0 0.7948546
vn 0.4991912 0.02792441 0.8660237
vn 0.266335 0.008392572 0.9638355
vn 0.8660542 0.03082364 0.4989471
vn 0.8641926 0.00955224 0.5030061
vn 0.7120579 0.008514642 0.7020478
vn 0.4963836 0.009643793 0.8680379
vn 0.8640095 0.05194246 0.5007477
vn 0.497116 0.04000973 0.8667562
vn 0.8604694 0.08520764 0.5023041
vn 0.4944914 0.05902278 0.8671529
vn 0.9614246 0.2428053 0.1290017
vn 0.9754021 0.1779229 0.1299173
vn 0.8488113 0.1617481 0.5033113
vn 0.4834742 0.1019318 0.8693808
vn 0.9434492 0.3075045 0.123722
vn 0.8126469 0.2949004 0.5025788
vn 0.4389477 0.1804865 0.8801844
vn 0.7073885 0.6642659 0.2414319
vn 0.8393506 0.5428022 0.02905356
vn 0.8706321 0.4849391 0.08233892
vn 0.4161809 0.7363506 0.533433
vn 0.7333292 0.6098514 0.3004242
vn 0.4379711 0.699881 0.5641652
vn 0.4385815 0.6269723 0.6438185
vn 0.8783532 0.4668722 0.1024506
vn 0.7504501 0.5652028 0.3425092
vn 0.892819 0.4374828 0.1070284
vn 0.7695242 0.4985198 0.398999
vn 0.9136632 0.390698 0.112064
vn 0.7928099 0.4151738 0.4461196
vn 0.4456313 0.4934232 0.74691
vn 0.4624165 0.3674429 0.8069094
vn 0.7772149 0.6272774 -0.04892116
vn 0.6655477 0.7357097 0.125309
vn 0.5891293 0.8080081 -0.000793481
vn 0.09283727 0.8315379 -0.5476241
vn 0.1275979 0.8618732 -0.4907071
vn 0.1578417 0.919187 -0.3607898
vn 0.05685597 0.8340404 -0.5487228
vn 0.09823906 0.8283029 -0.5515305
vn 0.1101108 0.8451491 -0.5229957
vn 0.1473128 0.8463393 -0.5118259
vn 0.2367626 0.849971 -0.4705649
vn 0.2414014 0.8699911 -0.4298837
vn 0.3484298 0.848323 -0.3986023
vn 0.3374432 0.8832972 -0.3254188
vn 0.4148381 0.8361156 -0.3588671
vn 0.4224677 0.8774987 -0.2269051
vn 0.3137608 0.9489426 0.03176975
vn 0.2641072 0.9583423 -0.1085848
vn 0.2263252 0.9468978 -0.2282174
vn 0.4884487 0.8083438 -0.3285623
vn 0.5788751 0.7781304 -0.2436903
vn 0.5114292 0.8515275 -0.1153905
vn 0.6277047 0.7506027 -0.2062746
vn 0.6932585 0.7027497 -0.1596423
vn 0.3570361 0.9162267 0.1816156
vn 0.391705 0.8630635 0.3188269
vn 0.8616901 0.5067598 0.02587968
vn 0.6961272 0.6929533 0.1875362
vn 0.4167302 0.8334605 0.3627735
vn 0.1675161 0.8666341 0.4699545
vn 0.1679128 0.8670309 -0.4690695
vn 0.418836 0.8326365 -0.3622852
vn 0.6981109 0.6896573 -0.1922361
vn 0.6714072 0.7213965 0.1695608
vn 0.8434706 0.5347759 0.05038601
vn 0.1723991 0.8839381 0.4346141
vn 0.4001892 0.8601642 0.3161413
vn 0.1677297 0.898526 0.4055604
vn 0.3791925 0.8881802 0.2594379
vn 0.1590014 0.9280068 0.3368328
vn 0.3608203 0.9110385 0.1994384
vn 0.3417158 0.9336223 0.1073641
vn 0.1474959 0.9702445 0.1918699
vn 0.348796 0.9253823 0.1481978
vn 0.1546983 0.9630726 0.2203131
vn 0.1568651 0.9523912 0.2613911
vn 0.3336284 0.9419233 -0.0376293
vn 0.1425214 0.9896848 0.01232945
vn 0.3321635 0.943144 0.01055938
vn 0.1497238 0.9853206 0.0819422
vn 0.3350017 0.9401532 0.06204408
vn 0.1526841 0.9815669 0.1146885
vn 0.1436811 0.9786676 0.1466414
vn 0.3574633 0.9156469 -0.1837519
vn 0.1393475 0.9756463 -0.1693167
vn 0.3455306 0.9291666 -0.1311686
vn 0.1437422 0.9827265 -0.116306
vn 0.3379315 0.9375286 -0.08261358
vn 0.151799 0.9852595 -0.07849359
vn 0.1466109 0.9880062 -0.04776144
vn 0.1362346 0.9454939 -0.2956633
vn 0.1523789 0.9472335 -0.2818995
vn 0.1556749 0.9582507 -0.2397839
vn 0.3706778 0.9010895 -0.2249214
vn 0.3806574 0.8874782 -0.2596515
vn 0.1531419 0.9296243 -0.3351237
vn 0.3977782 0.8638874 -0.3088778
vn 0.1666311 0.9029816 -0.3959776
vn 0.8320261 0.5529649 0.043733
vn 0.7975097 0.6021607 0.03637802
vn 0.6361889 0.7589343 0.1386761
vn 0.7679983 0.6398816 0.02621537
vn 0.6064944 0.7879574 0.1061128
vn 0.7494431 0.6618244 0.01629686
vn 0.5849177 0.8072451 0.07870721
vn 0.7432783 0.6688742 0.00866723
vn 0.5754265 0.8159124 0.05603194
vn 0.7371441 0.6757103 0.004211544
vn 0.5637379 0.8252816 0.03271579
vn 0.7340922 0.6790369 0.00100708
vn 0.5590075 0.8290963 0.00540173
vn 0.7335124 0.6796472 -0.002105772
vn 0.561449 0.8272653 -0.01989805
vn 0.7354046 0.677572 -0.007202327
vn 0.5678274 0.821955 -0.04382455
vn 0.7437666 0.6682638 -0.01486247
vn 0.5809808 0.8109073 -0.06958216
vn 0.760155 0.6492508 -0.0242927
vn 0.6006348 0.7935423 -0.09750664
vn 0.7792901 0.6259651 -0.02923673
vn 0.6242256 0.7723929 -0.117069
vn 0.7928404 0.6081423 -0.03881949
vn 0.6345409 0.760033 -0.1402325
vn 0.826075 0.5618153 -0.043733
vn 0.6648457 0.7283853 -0.1655018
vn 0.8452407 0.5324259 -0.04507583
vn 0.8748131 0.4842372 -0.01373332
vn 0.174047 0.886105 -0.429487
vn 0.04510635 0.8192389 0.5716422
vn 0.03823965 0.8070009 0.5892514
vn 0.03100675 0.7701346 0.6371044
vn 0.01413005 0.6390271 0.7690359
vn 0.0266121 0.6913968 0.7219459
vn 0.02746665 0.7169713 0.696524
vn 0.01983702 0.7351298 0.6776025
vn -0.002777159 0.4800562 0.8771935
vn 0.01098662 0.5278787 0.8492081
vn -0.00125122 0.5613269 0.8275704
vn -0.001373291 0.5858944 0.810358
vn -0.01937925 0.2924588 0.9560533
vn -0.002960264 0.3595691 0.9331035
vn -0.01358073 0.4020814 0.9154943
vn -0.01879936 0.4259774 0.9045076
vn -0.01489299 0.03778189 0.9991455
vn -0.0190435 0.09274572 0.9954833
vn -0.01553392 0.155919 0.98764
vn -0.02771079 0.2047181 0.9784234
vn -0.04318368 0.2251045 0.9733573
vn -0.9860531 0.1366313 0.09491252
vn -0.9772332 0.1654713 0.1325724
vn -0.8979766 0.1980346 0.3928953
vn -0.9725028 0.2047486 0.1109042
vn -0.9632252 0.2414014 0.117832
vn -0.8803675 0.2751854 0.3862117
vn -0.3090609 0.1919004 0.9314554
vn -0.9385358 0.3291421 0.1037324
vn -0.9240394 0.3678091 0.1040376
vn -0.8296457 0.4242378 0.3628346
vn -0.9128391 0.393292 0.1096835
vn -0.8965423 0.4301584 0.1053498
vn -0.7978454 0.4904019 0.3505051
vn -0.2712485 0.4223151 0.8648641
vn -0.8605304 0.498825 0.1029389
vn -0.8424024 0.5293741 0.1004364
vn -0.7357403 0.5968505 0.3200171
vn -0.2223883 0.5986816 0.7694632
vn -0.7938475 0.6006348 0.09491252
vn -0.764153 0.6379895 0.09472942
vn -0.6535844 0.7025056 0.2815638
vn -0.746971 0.6576739 0.09732353
vn -0.7169103 0.6911527 0.09118926
vn -0.6069521 0.7505417 0.261269
vn -0.1629383 0.7540819 0.6362194
vn -0.1268044 0.8218024 0.5554674
vn -0.3380841 0.8504593 0.4029664
vn -0.3027131 0.8805506 0.3646046
vn -0.1633961 0.8970916 0.4104434
vn -0.1244544 0.8757897 0.4663534
vn -0.1087374 0.8561968 0.5050508
vn -0.08404797 0.8666341 0.4917448
vn -0.2696005 0.9080783 0.3203833
vn -0.3144627 0.9066439 0.2812281
vn -0.2846156 0.9100314 0.3012482
vn -0.3913694 0.900174 0.1909848
vn -0.4634541 0.8800928 0.1029084
vn -0.4140141 0.8944975 0.1684927
vn -0.4273202 0.8862881 0.1784722
vn -0.1728568 0.9237343 0.3417463
vn -0.4802088 0.8531144 0.2038636
vn -0.5265359 0.8210089 0.2206183
vn -0.6604816 0.746025 0.08456677
vn -0.6341747 0.7691275 0.07870721
vn -0.5848872 0.8077334 0.0737937
vn -0.5642567 0.8226875 0.06894129
vn -0.5248574 0.8486282 0.06524854
vn -0.5066378 0.8602252 0.05749684
vn -0.4867397 0.8724021 0.04422128
vn -0.6768395 0.7309183 0.08725237
vn -0.5635243 0.7886593 0.2457655
vn -0.3678701 0.8212836 0.4359569
vn -0.1488083 0.7906125 0.5939207
vn -0.4019288 0.784875 0.471572
vn -0.4395581 0.7387005 0.5109409
vn -0.183111 0.7034516 0.686697
vn -0.8106937 0.5772882 0.0972014
vn -0.699118 0.6464126 0.3055513
vn -0.476455 0.6867581 0.5489059
vn -0.2057253 0.6489151 0.7325053
vn -0.5091098 0.6345103 0.5814997
vn -0.8725852 0.4771569 0.1042207
vn -0.7662587 0.5461288 0.3384808
vn -0.5361797 0.5842158 0.6092105
vn -0.2384105 0.5472579 0.8022401
vn -0.5644093 0.5254067 0.6366466
vn -0.2550737 0.4877773 0.8348338
vn -0.5930967 0.4551531 0.6641133
vn -0.9489731 0.2982879 0.1020234
vn -0.8578143 0.3498032 0.3765374
vn -0.6189459 0.3783074 0.6882839
vn -0.2853481 0.347087 0.8933378
vn -0.6409192 0.2960295 0.708182
vn -0.299295 0.2685323 0.9155553
vn -0.6576434 0.2117069 0.7229225
vn -0.9854427 0.09161657 0.1430402
vn -0.9097873 0.1182287 0.3978698
vn -0.6690573 0.1256142 0.7325053
vn -0.3151036 0.1110568 0.9425032
vn -0.7143773 0.04959255 0.6979583
vn -0.9142125 0.05679494 0.4012268
vn -0.6738487 0.0579546 0.7365642
vn -0.3187963 0.04925686 0.9465316
vn 0.5609302 0.4279 0.7086703
vn 0.536729 0.4465773 0.7158116
vn -0.7143773 0.003845274 0.6997284
vn 0.5284585 0.469161 0.7075106
vn 0.4986419 0.4880215 0.7163305
vn 0.4881741 0.5131077 0.7059541
vn 0.4535661 0.5321512 0.7148656
vn -0.1950438 0.6914579 0.6955474
vn -0.2178106 0.6754662 0.7044588
vn -0.6980499 0.1170995 0.7063814
vn 0.6339915 0.3307901 0.698996
vn 0.6113468 0.345378 0.7119663
vn 0.7143468 -0.003845274 0.6997284
vn 0.7115696 0.07019257 0.6990875
vn 0.5998108 0.3862728 0.7006745
vn 0.5759758 0.396527 0.7148045
vn 0.1225623 0.6996673 0.7038179
vn 0.09717088 0.7135533 0.6937773
vn 0.06790363 0.7094333 0.7014679
vn 0.04440438 0.719718 0.6927702
vn 0.01245152 0.7121495 0.7018952
vn -0.01470988 0.722129 0.6915494
vn -0.04931789 0.7099215 0.7025056
vn -0.07876825 0.7172155 0.6923734
vn -0.111423 0.7029328 0.7024446
vn -0.7115085 0.09311193 0.6964324
vn -0.1375164 0.7065035 0.6942045
vn 0.6627094 0.235786 0.7107761
vn 0.6621601 0.2739036 0.69747
vn 0.6420484 0.2909024 0.7093112
vn 0.364391 0.5988342 0.713126
vn 0.3443709 0.6212653 0.7038484
vn 0.3172094 0.6258125 0.7125157
vn 0.2903836 0.6564226 0.6962493
vn 0.2667012 0.6536455 0.7082126
vn 0.2352977 0.676046 0.6982635
vn 0.202948 0.6761986 0.708182
vn 0.6978057 0.09781181 0.7095553
vn 0.7035737 0.1288796 0.6988129
vn 0.6855068 0.1600695 0.7102268
vn 0.4416028 0.5555894 0.7044588
vn 0.3878902 0.5931273 0.7054659
vn 0.182226 0.6935331 0.6969817
vn 0.1473739 0.7025056 0.6962187
vn -0.250679 0.6726585 0.6961577
vn -0.2754906 0.6511734 0.7071139
vn -0.3086642 0.6453749 0.6986908
vn -0.68099 0.2105166 0.7013459
vn -0.6831263 0.1785943 0.7080905
vn -0.6149785 0.3374737 0.7126377
vn 0.6885281 0.1809747 0.7022309
vn 0.6765953 0.2183294 0.703177
vn -0.3309122 0.6217536 0.7098605
vn -0.360271 0.6138188 0.702414
vn -0.3765069 0.5912961 0.713126
vn -0.4098636 0.581225 0.7029634
vn -0.4189276 0.5595263 0.7151097
vn -0.4521012 0.5439314 0.7068697
vn -0.4690085 0.5145421 0.7177954
vn -0.4986724 0.5013886 0.7070223
vn -0.5142674 0.4699545 0.7173681
vn -0.5383465 0.4574419 0.7077242
vn -0.5736564 0.4134647 0.7070528
vn -0.5814997 0.38905 0.7144383
vn -0.6093936 0.3660085 0.7032991
vn -0.6993927 0.1551866 0.6976531
vn -0.6411939 0.3104648 0.7017426
vn -0.6440626 0.2818384 0.7111423
vn -0.6665242 0.2320627 0.7083957
vn -0.6644795 0.2569658 0.7017121
vn -0.6994842 -0.004821896 0.7145909
vn -0.6967681 0.06671345 0.7141637
vn -0.7039399 0.09335607 0.704062
vn -0.6872158 0.1231421 0.7159032
vn -0.6915189 0.1554002 0.7054353
vn -0.6767174 0.1745659 0.7152013
vn -0.6665548 0.209418 0.7153844
vn -0.6671652 0.2310251 0.7081515
vn -0.6418653 0.2595599 0.7215186
vn -0.6403699 0.2867519 0.7124851
vn -0.6142155 0.3139439 0.7239906
vn -0.6106144 0.3422346 0.7141026
vn -0.5814082 0.3673818 0.7259133
vn -0.5766167 0.3952757 0.7149876
vn -0.5503098 0.4161809 0.7238075
vn -0.5394147 0.4441053 0.7153539
vn -0.5143284 0.4576556 0.7252418
vn -0.5003204 0.4871364 0.7157811
vn -0.4727622 0.4986419 0.7264931
vn -0.4201788 0.5428327 0.727134
vn -0.4053468 0.5656301 0.7181311
vn -0.379162 0.5759453 0.7242043
vn -0.3644825 0.5962706 0.7152318
vn -0.3378704 0.6038087 0.7219459
vn -0.3224281 0.6241646 0.7116306
vn -0.2883999 0.6302988 0.7207556
vn -0.2673116 0.6528214 0.7087314
vn -0.2329478 0.6559038 0.7179785
vn -0.2100589 0.6764122 0.7058931
vn -0.1834162 0.6770226 0.7126988
vn -0.1413617 0.6886502 0.7111423
vn -0.1176183 0.7028108 0.7015595
vn -0.09042632 0.6978362 0.7105014
vn -0.06268501 0.7104099 0.7009491
vn -0.03778189 0.7036347 0.7095248
vn -0.007354915 0.714652 0.6993927
vn 0.02008116 0.7036653 0.7102268
vn 0.05383461 0.7124546 0.6996063
vn 0.08206427 0.6982941 0.7110813
vn 0.1152378 0.702292 0.7024751
vn 0.1399273 0.6872768 0.7127598
vn 0.1729484 0.6871243 0.7056185
vn 0.1928464 0.6711631 0.7157506
vn 0.2558062 0.6441237 0.7208472
vn 0.2792749 0.6435744 0.7125767
vn 0.3084506 0.6161992 0.7246315
vn 0.333079 0.6169622 0.7130039
vn 0.3605151 0.5920591 0.7207251
vn 0.3878902 0.585223 0.7120579
vn 0.4053468 0.5598316 0.7226783
vn 0.4351634 0.5507676 0.71218
vn 0.4511551 0.5211341 0.7244484
vn 0.4827418 0.5075533 0.7136448
vn 0.4953459 0.478042 0.7253029
vn 0.5269936 0.4609516 0.7139806
vn 0.5352336 0.4358043 0.7235633
vn 0.5659963 0.3925901 0.7249062
vn 0.5861385 0.3762627 0.7175207
vn 0.5930967 0.342204 0.7287515
vn 0.615833 0.3259377 0.7172765
vn 0.6233406 0.2888577 0.7266152
vn 0.6447646 0.2713096 0.7145909
vn 0.649495 0.2414319 0.7209693
vn 0.664449 0.2251961 0.7125462
vn 0.6672567 0.202826 0.7166357
vn 0.6994842 0.004821896 0.7145909
vn 0.6910001 0.09048736 0.7171239
vn 0.6971954 0.1151463 0.7075411
vn 0.6798914 0.15009 0.7177648
vn 0.6836451 0.1758476 0.7082736
vn 0.566332 0.4112979 0.7141637
vn 0.5933409 0.3905149 0.7038484
vn 0.6029237 0.3599963 0.7119053
vn 0.627369 0.3389996 0.7010407
vn 0.6331675 0.3077486 0.7101657
vn 0.6545915 0.2865383 0.6995148
vn 0.6743065 0.2356639 0.6997894
vn -0.7079989 3.05185e-05 0.7061678
vn -0.7218238 0.09537035 0.6854457
vn -0.7003693 0.1069063 0.70571
vn -0.70159 0.1450545 0.6976226
vn -0.6776635 0.1714529 0.7150792
vn -0.6859951 0.1960204 0.7006745
vn -0.5502793 0.4451735 0.7063814
vn -0.5700247 0.4128544 0.7103183
vn -0.5874508 0.412183 0.6963714
vn -0.6164434 0.3513291 0.7046419
vn -0.6237678 0.3194677 0.7133091
vn -0.6456191 0.3010956 0.7017426
vn -0.6483963 0.2663045 0.7131565
vn -0.6685079 0.2445448 0.7023225
vn -0.6689352 0.221015 0.7096774
vn 0.3970763 0.5783563 0.7125767
vn 0.4279 0.5668813 0.7039094
vn 0.445204 0.539964 0.7142857
vn 0.4748985 0.5264748 0.7051607
vn 0.4902799 0.4981536 0.7151402
vn 0.5178076 0.4834742 0.7057405
vn 0.5298624 0.4564653 0.7147435
vn 0.556444 0.4391919 0.7052828
vn 0.6740623 0.2062746 0.7092807
vn 0.6926176 0.1778618 0.698996
vn 0.6906034 0.1479232 0.7079073
vn 0.7060763 0.1186559 0.6980804
vn 0.7013459 0.0889309 0.7072359
vn 0.7115696 0.06512647 0.6995758
vn 0.7141942 -0.006012141 0.6999115
vn -0.5266885 0.4587848 0.7155675
vn -0.5114902 0.491409 0.7048555
vn -0.4853053 0.5036775 0.714652
vn -0.4671773 0.5334025 0.7050997
vn -0.4383679 0.5466476 0.7134007
vn -0.4216437 0.5719779 0.7035737
vn -0.3900876 0.582812 0.7127903
vn -0.3705557 0.6085696 0.7016205
vn -0.3404645 0.6161992 0.7101657
vn -0.3175756 0.6403089 0.6993622
vn -0.2625507 0.6663411 0.6978667
vn -0.2306894 0.6691489 0.7063814
vn -0.2054506 0.6884365 0.6955779
vn -0.1737113 0.688406 0.7041841
vn -0.1466719 0.7053133 0.6935026
vn -0.1151158 0.7024751 0.7023225
vn -0.08700823 0.7165136 0.6920682
vn -0.05600142 0.7108066 0.7011322
vn -0.02734458 0.7218849 0.6914274
vn 0.002746641 0.7133091 0.7008271
vn 0.03088468 0.7211524 0.6920377
vn 0.05932796 0.7099215 0.7017426
vn 0.08835107 0.7152928 0.6931974
vn 0.1158788 0.70159 0.7030854
vn 0.1375469 0.7039399 0.6967681
vn 0.1779229 0.6936857 0.6978973
vn 0.1970275 0.6808069 0.7054353
vn 0.2270882 0.6802271 0.6968902
vn 0.2526932 0.6598712 0.7075716
vn 0.2828456 0.6566362 0.699118
vn 0.3065584 0.6340526 0.709891
vn 0.3336589 0.629017 0.7021088
vn 0.3805048 0.6007874 0.7029939
vn -0.9986572 0 0.05169832
vn -0.7641835 0.01886039 0.6447035
vn -0.4302805 0.9023408 0.02499461
vn -0.3876766 0.9215064 0.02243107
vn -0.3488265 0.9369793 0.01892143
vn -0.3058565 0.9519333 0.01599168
vn -0.2675253 0.9634388 0.01312291
vn -0.2254097 0.9741814 0.01016265
vn -0.1865596 0.9823908 0.007599055
vn -0.1449934 0.9894101 0.005096554
vn -0.1060213 0.9943541 0.003326475
vn -0.06570631 0.9978332 0.001678466
vn -0.02758872 0.9996033 0.000885037
vn 0.01058989 0.999939 0.000335704
vn 0.04196292 0.999115 0.000549333
vn 0.07284766 0.9973144 0.001556396
vn 0.1029694 0.9946593 0.001953184
vn 0.134434 0.9909055 0.003753721
vn 0.1708426 0.9852595 0.0055238
vn 0.2111575 0.9773858 0.0087893
vn 0.2479018 0.968688 0.01184117
vn 0.3251442 0.9455245 0.01492351
vn 0.3622242 0.9319132 0.01754814
vn 0.4016541 0.9155553 0.0203253
vn 0.4372692 0.8990142 0.02307194
vn 0.4758141 0.8791772 0.02536088
vn 0.5113071 0.8589435 0.02746665
vn 0.550615 0.8342235 0.02938932
vn 0.5874203 0.8086184 0.0318613
vn 0.624073 0.7806635 0.03299045
vn 0.6888943 0.7240211 0.03451639
vn 0.7153844 0.6977752 0.03576767
vn 0.7420576 0.6694235 0.03451639
vn 0.7679373 0.6396374 0.03329569
vn 0.7975097 0.6023743 0.03259372
vn 0.8249458 0.5643178 0.03109836
vn 0.8502762 0.5254677 0.02914518
vn 0.8899808 0.4551836 0.02621537
vn 0.9055147 0.4235359 0.02471995
vn 0.920011 0.3910031 0.02539139
vn 0.9317911 0.3623768 0.02075254
vn 0.9483932 0.3165075 0.01843315
vn 0.9601734 0.2789087 0.01522868
vn 0.9713431 0.2374035 0.008606195
vn 0.9806513 0.195532 0.005859553
vn 0.9872738 0.1589404 0.003875792
vn 0.9927671 0.1199988 0.00213629
vn 0.9962462 0.08639788 0.000946074
vn 0.9999695 -0.00021363 -0.000335704
vn -0.8352916 0 0.5497604
vn -0.9086581 0 0.4174932
vn -0.9129307 0.0376293 0.4063234
vn -0.9584949 0 0.2850429
vn -0.9779962 0 0.2085024
vn -0.8073672 0 0.5900143
vn -0.6723533 -0.004150509 0.7401959
vn -0.6675924 0 0.744499
vn -0.5153356 0 0.8569598
vn -0.3140355 0.02401804 0.9490951
vn -0.4267098 0 0.904355
vn 0.0491653 0 0.9987792
vn -0.1149327 0 0.993347
vn 0.009643793 -0.000579852 0.999939
vn -0.1466109 0 0.9891659
vn -0.2949919 0 0.9554735
vn 0.769921 0 0.6381115
vn 0.6389355 0 -0.7692496
vn -0.04861593 0 -0.9988098
vn -0.004943966 -0.000579852 -0.9999695
vn 0.3070467 -0.01190221 -0.9515976
vn 0.4521012 -0.01318395 -0.8918424
vn 0.2945647 0.01373332 -0.955504
vn 0.1552782 0.3509323 -0.9233986
vn 0.5059053 0.2447279 -0.8271126
vn 0.6705527 -0.03445535 -0.7410199
vn 0.6375622 -0.1556749 -0.7544786
vn 0.918363 -0.03479105 -0.3941771
vn 0.9197974 -0.1550645 -0.3603625
vn 0.8290963 0.1518296 -0.5379803
vn 0.7758415 0.1531113 -0.6120487
vn 0.9942015 -0.02734458 -0.103885
vn 0.9967345 0.01293981 -0.07965326
vn 0.8798486 0.4555498 -0.135258
vn 0.7942442 -0.606647 -0.03317362
vn -0.9963988 0.000152593 0.0846278
vn -0.9999695 0.002899229 -0.000152593
vn -0.9913633 -0.08914452 0.09601122
vn -0.9960631 -0.08829003 -0.001068115
vn -0.9876706 -0.1235389 0.0959807
vn -0.9921873 -0.1245765 -0.001831054
vn -0.9869381 -0.1609241 -0.003906369
vn -0.9822382 -0.1624805 0.09363079
vn -0.9796442 -0.2005371 -0.006164729
vn -0.9754021 -0.2000793 0.09216588
vn -0.9708243 -0.2396008 -0.008636713
vn -0.9664907 -0.2406079 0.08914452
vn -0.9592578 -0.2822352 -0.01141387
vn -0.956267 -0.2791528 0.08719134
vn -0.9470504 -0.320719 -0.01428264
vn -0.9432966 -0.3211157 0.08383435
vn -0.9316385 -0.3628956 -0.01742607
vn -0.929075 -0.3607288 0.08157593
vn -0.9169591 -0.3983886 -0.02014219
vn -0.9153722 -0.3948485 0.07843255
vn -0.8811304 -0.4722434 -0.02392649
vn -0.9012116 -0.4266487 0.07589954
vn -0.8610492 -0.5078585 -0.02539139
vn -0.8853114 -0.4589679 0.07412946
vn -0.8391065 -0.543199 -0.02841269
vn -0.8457595 -0.5287637 0.07086396
vn -0.8209784 -0.5666067 0.06997895
vn -0.8141423 -0.5797601 -0.03146457
vn -0.7938169 -0.604297 0.0680868
vn -0.7882626 -0.6143987 -0.03311258
vn -0.7650991 -0.6403699 0.06717121
vn -0.7605518 -0.6483657 -0.03408914
vn -0.7389141 -0.6704916 0.06640827
vn -0.7308878 -0.6815699 -0.03518784
vn -0.7113559 -0.6996979 0.06607258
vn -0.6989654 -0.7141942 -0.03604233
vn -0.6837672 -0.7266762 0.06601148
vn -0.6662191 -0.7448958 -0.03540146
vn -0.6190375 -0.7824641 0.06698811
vn -0.632191 -0.7740409 -0.03427225
vn -0.5832087 -0.8094424 0.06778156
vn -0.5984069 -0.8005005 -0.03280735
vn -0.5467391 -0.8343455 0.06991785
vn -0.563036 -0.8258309 -0.03033536
vn -0.5087435 -0.8579058 0.07165741
vn -0.5278176 -0.8488724 -0.02826011
vn -0.4717551 -0.8785669 0.07419049
vn -0.4897305 -0.8714866 -0.02502512
vn -0.4329966 -0.8980072 0.07763904
vn -0.451857 -0.8917814 -0.02267521
vn -0.3956419 -0.9149754 0.07892084
vn -0.409009 -0.9123203 -0.01855522
vn -0.3562425 -0.930723 0.08270514
vn -0.318186 -0.9444258 0.0821253
vn -0.3691519 -0.9292581 -0.01272618
vn -0.2805566 -0.9559618 0.08581805
vn -0.2893765 -0.957152 -0.01037627
vn -0.2467727 -0.9690237 -0.008178949
vn -0.2427442 -0.966155 0.08719134
vn -0.1693167 -0.9814142 0.09009063
vn -0.2081362 -0.9780572 -0.00527966
vn -0.1321756 -0.9869381 0.09179967
vn -0.1654408 -0.9862056 -0.003601133
vn -0.1017487 -0.9903562 0.09393596
vn -0.1276284 -0.9917905 -0.001617431
vn -0.07040619 -0.9929502 0.09515666
vn -0.087466 -0.9961547 -0.001342773
vn -0.03930783 -0.9945677 0.09607225
vn -0.04809713 -0.9988403 -0.000366222
vn -0.00766009 -0.9952697 0.09671312
vn -0.008697748 -0.999939 0
vn 0.02966398 -0.9948729 0.09643846
vn 0.03250217 -0.9994507 -0.000518815
vn 0.06717121 -0.9931333 0.09552294
vn 0.07431256 -0.9972229 -0.001312255
vn 0.1061128 -0.9898068 0.09463787
vn 0.115482 -0.993286 -0.002899229
vn 0.1449934 -0.985107 0.09231847
vn 0.1580553 -0.9873959 -0.004425168
vn 0.1950743 -0.9807428 -0.006225764
vn 0.1860103 -0.9783014 0.09100615
vn 0.2269356 -0.9699393 0.08774071
vn 0.2708212 -0.9625538 -0.009033441
vn 0.3070772 -0.9515976 -0.01184117
vn 0.2682882 -0.9595019 0.08587908
vn 0.3473922 -0.9375591 -0.01553392
vn 0.3090609 -0.9474776 0.08203375
vn 0.3870968 -0.9218116 -0.01840263
vn 0.3492844 -0.9335307 0.08053833
vn 0.4256111 -0.9046297 -0.02203434
vn 0.389111 -0.9179663 0.07672351
vn 0.4651021 -0.8848842 -0.02490305
vn 0.4292123 -0.9000519 0.0750755
vn 0.501114 -0.8649251 -0.02746665
vn 0.6095767 -0.7921079 -0.0305795
vn 0.5724662 -0.8192694 -0.03219699
vn 0.5382245 -0.8422498 -0.03009122
vn 0.7647023 -0.6434522 -0.03411966
vn 0.7022615 -0.711417 -0.02597123
vn 0.6775109 -0.7349162 -0.02929776
vn 0.6386609 -0.7688528 -0.03076261
vn 0.8189947 -0.5729545 -0.0305795
vn 0.8454848 -0.5330973 -0.03064054
vn 0.8896145 -0.4560381 -0.02417063
vn 0.8659322 -0.4993133 -0.02795493
vn 0.9774468 -0.211066 -0.005706906
vn 0.9640492 -0.2652364 -0.01483196
vn 0.9522386 -0.3048189 -0.01681566
vn 0.9380169 -0.3461714 -0.01486247
vn 0.9243141 -0.3810236 -0.02026426
vn 0.9039583 -0.4272897 -0.01599168
vn 0.999939 6.1037e-05 -0.008880853
vn 0.9943236 -0.1061739 -0.000518815
vn 0.9902036 -0.1395001 0.001525878
vn 0.9806818 -0.1947691 0.01629686
vn -0.944029 0 0.3298135
vn -0.9208655 -0.08963286 0.3793756
vn -0.8745995 0 0.4847865
vn -0.533311 0 0.845912
vn -0.6648457 0 0.7469405
vn -0.7063509 -0.07773059 0.7035432
vn -0.7825251 0 0.6226081
vn -0.2493057 0 0.9684134
vn -0.3801385 0 0.924894
vn -0.3845943 -0.0539872 0.9214759
vn -0.09811699 -0.02829062 0.9947508
vn -0.05703908 0 0.998352
vn -0.9129002 -0.1556444 0.3773003
vn -0.8990142 -0.2282479 0.3736991
vn -0.8782922 -0.303354 0.3695181
vn -0.8529924 -0.3722037 0.3658254
vn -0.8252816 -0.4323862 0.3632008
vn -0.7889035 -0.4981842 0.3597217
vn -0.7407758 -0.5687735 0.3573412
vn -0.6893521 -0.6306955 0.3563036
vn -0.6373791 -0.6833705 0.3559374
vn -0.5771355 -0.7347636 0.3563646
vn -0.5090488 -0.7827388 0.3579821
vn -0.4384899 -0.8232979 0.3603625
vn -0.3670461 -0.8562273 0.3634449
vn -0.2955718 -0.881985 0.3670461
vn -0.2248298 -0.9011505 0.3705557
vn -0.1561021 -0.9143651 0.373516
vn -0.09372234 -0.9218726 0.375927
vn -0.03610336 -0.9255349 0.3769036
vn 0.02746665 -0.92584 0.3768731
vn 0.09799492 -0.921598 0.3755303
vn 0.1720023 -0.9117405 0.3729362
vn 0.248268 -0.8954436 0.3694266
vn 0.3240761 -0.8724327 0.3657643
vn 0.3987243 -0.8424634 0.3622242
vn -0.700766 -0.1266518 0.7020173
vn -0.3820917 -0.07846307 0.9207739
vn -0.6906339 -0.1825007 0.6997589
vn -0.3768426 -0.1089816 0.9198279
vn -0.6753746 -0.2403942 0.6971648
vn -0.3688162 -0.1406903 0.9187597
vn -0.6561174 -0.2934049 0.6952422
vn -0.3579821 -0.1694692 0.9181799
vn -0.6349986 -0.3399152 0.6936552
vn -0.3465071 -0.1949522 0.917539
vn -0.6076846 -0.3910337 0.6912137
vn -0.3323161 -0.2232429 0.9163488
vn -0.5708792 -0.4455092 0.6895962
vn -0.3122959 -0.2531205 0.9156163
vn -0.5310526 -0.4930265 0.6890774
vn -0.29017 -0.2787865 0.9154332
vn -0.4908597 -0.5335856 0.6886807
vn -0.2681356 -0.3009125 0.9151586
vn -0.4445021 -0.5730155 0.688467
vn -0.2430494 -0.3226722 0.9147313
vn -0.391644 -0.6095767 0.689169
vn -0.2140263 -0.3424787 0.9147923
vn -0.3371379 -0.6400952 0.6903592
vn -0.1840876 -0.3588671 0.9150364
vn -0.2818689 -0.6646931 0.6918546
vn -0.1538133 -0.3720206 0.9153722
vn -0.2265694 -0.6837672 0.6935942
vn -0.1235084 -0.3821222 0.9157994
vn -0.172277 -0.6976836 0.6953337
vn -0.09384441 -0.3893551 0.9162572
vn -0.119541 -0.7071139 0.6968902
vn -0.06509596 -0.3942381 0.9166845
vn -0.07159638 -0.7121495 0.6983551
vn -0.03894162 -0.3964049 0.9172338
vn -0.02752768 -0.714774 0.6987823
vn -0.01495403 -0.3978087 0.9173254
vn 0.02105772 -0.7152928 0.6984772
vn 0.01144438 -0.3985107 0.9170812
vn 0.07504498 -0.7124241 0.6976836
vn 0.04086428 -0.3971679 0.9168065
vn 0.1318094 -0.7055574 0.6962493
vn 0.07184052 -0.3937803 0.9163793
vn 0.190405 -0.6938383 0.6944487
vn 0.103824 -0.3877071 0.915891
vn 0.2486343 -0.6769311 0.6927397
vn 0.1356548 -0.3786737 0.9154943
vn 0.3064974 -0.654622 0.6910001
vn 0.1674245 -0.366863 0.9150364
vn -0.09921562 -0.03357034 0.9944761
vn -0.09793388 -0.04150515 0.9943236
vn -0.09595018 -0.04977566 0.9941099
vn -0.09286779 -0.05716115 0.9940184
vn -0.089877 -0.06378364 0.9938963
vn -0.08651995 -0.0712912 0.9936827
vn -0.08133178 -0.07910394 0.9935301
vn -0.0754112 -0.08560442 0.9934386
vn -0.06967371 -0.09137237 0.993347
vn -0.06326484 -0.09717088 0.9932249
vn -0.05569624 -0.1022675 0.9931638
vn -0.04788351 -0.1064791 0.9931333
vn -0.03997921 -0.1098361 0.9931333
vn -0.03207492 -0.1123996 0.9931333
vn -0.02435374 -0.1142308 0.9931333
vn -0.01684617 -0.115421 0.9931638
vn -0.01007109 -0.1157567 0.9931638
vn -0.003845274 -0.1161534 0.9931638
vn 0.002960264 -0.1165502 0.9931638
vn 0.01058989 -0.116245 0.9931333
vn 0.01867729 -0.115482 0.9931028
vn 0.02697831 -0.1139561 0.9931028
vn 0.03527939 -0.1116367 0.9931028
vn 0.04358041 -0.1086153 0.9931028
vn -0.152562 0.6598102 0.7357403
vn -0.08829003 0.6953642 0.713187
vn -0.01754814 0.676809 0.7359234
vn 0.0521866 0.6989654 0.7132176
vn -0.5008392 0.4586627 0.7339702
vn -0.2814417 0.6164129 0.7353435
vn -0.2252571 0.6640523 0.7129124
vn -0.3532823 0.6063112 0.7123936
vn 0.3700979 0.5681631 0.7349467
vn 0.3214209 0.6236152 0.7125462
vn 0.2490921 0.6300547 0.7354961
vn 0.1906186 0.6747032 0.7130039
vn 0.1181371 0.6667684 0.7358013
vn -0.4672689 0.5245217 0.7116916
vn 0.5401471 0.450148 0.7110202
vn 0.4763939 0.4836878 0.7341838
vn 0.4394971 0.5477157 0.7119053
vn -0.6983856 0.02496409 0.7152623
vn -0.6772058 0.1075167 0.7278665
vn -0.6844081 0.1716055 0.7086093
vn -0.6416822 0.2289499 0.731956
vn -0.3990905 0.5484482 0.7347636
vn 0.6194647 0.3347575 0.7100437
vn 0.5637685 0.380047 0.7332682
vn -0.6360668 0.3027131 0.7097384
vn -0.5827814 0.3507187 0.7330241
vn -0.5627613 0.4219489 0.7107761
vn 0.6991791 0 0.7148961
vn 0.6945403 0.03347879 0.7186499
vn 0.7029634 0.06967371 0.7077547
vn 0.6692709 0.1325418 0.7310709
vn 0.6744896 0.2062135 0.708884
vn 0.6288644 0.26133 0.7322611
vn -0.6070742 0 -0.794641
vn 0.3575549 -0.005371212 -0.9338664
vn 0.8135625 0.006012141 -0.5814387
vn 0.9338664 0.005371212 -0.3575549
vn 0.8660542 0.03094571 -0.4989776
vn 0.4991607 0.02795493 -0.8660237
vn 0.5814387 -0.006012141 -0.8135625
vn 0.8640095 0.05194246 -0.5007477
vn 0.8554949 0.1177709 -0.5041963
vn 0.4970549 0.04000973 -0.8667562
vn 0.488052 0.07699817 -0.8693808
vn 0.9402753 0.314066 -0.1312601
vn 0.9589221 0.2516251 -0.1309244
vn 0.834315 0.2242805 -0.5035859
vn 0.4747154 0.1381878 -0.8691977
vn 0.8341929 0.5514389 -0.001525878
vn 9.15555e-05 0.7208777 -0.6930449
vn 0.1214026 0.7138584 -0.6896573
vn 0 0 -1
vn 0 0 -1
vn -0.7172765 -0.05969417 -0.6942045
vn 0 0 -1
vn -0.7200537 0.06204408 -0.6911222
vn 0.4422132 0.5707266 -0.6918851
vn 0.5325175 0.4877468 -0.691702
vn 0 0 -1
vn 0 0 -0.9999695
vn 0 0 -1
vn -0.3434248 0.6384167 -0.6888028
vn 0 0 -1
vn 0.7172765 0.05969417 -0.6942045
vn 0 0 -1
vn 0.7200537 -0.06204408 -0.6911222
vn -0.4420301 0.5725272 -0.6904813
vn 0 0 -1
vn -0.6016724 0.3935972 -0.694998
vn 0 0 -1
vn -0.5307169 0.4889675 -0.6922208
vn 0 0 -1
vn 0 0 -1
vn 0.3464156 0.6347545 -0.6906644
vn 0 0 -1
vn 0 0 -1
vn 0 0 -1
vn 0 0 -1
vn 0.6016724 -0.3936277 -0.694998
vn 0 0 -1
vn 0 0 -1
vn 0.6073794 0.3936582 -0.6899625
vn 0 0 -1
vn 0.6606037 0.2865077 -0.6938688
vn 0 0 -1
vn 0 0 -1
vn 0 0 -1
vn 0.2343516 0.6825159 -0.6922513
vn 0 0 -0.9999695
vn 0 0 -1
vn -0.1164891 0.7144994 -0.6898404
vn -0.6970733 0.1778923 -0.6945403
vn -0.6606647 0.2915433 -0.691702
vn 0 0 -1
vn 0 0 -1
vn 0 0 -0.9999695
vn 0 0 -1
vn 0 0 -1
vn -0.6073794 -0.3936582 -0.6899625
vn 0 0 -1
vn -0.5325175 -0.4877468 -0.691702
vn 0 0 -1
vn 0 0 -1
vn 0.5307169 -0.4889675 -0.6922208
vn 0 0 -1
vn 0 0 -1
vn 0 0 -1
vn 0 0 -1
vn 0 0 -1
vn -0.2331004 0.6832179 -0.6919767
vn 0 0 -1
vn 0 0 -0.9999695
vn 0 0 -1
vn 0 0 -1
vn 0 0 -1
vn 0 0 -1
vn 0.6970733 -0.1778923 -0.6945403
vn 0.6606647 -0.2915433 -0.6917325
vn 0 0 -1
vn 0 0 -1
vn 0 0 -1
vn 0 0 -1
vn 0 0 -1
vn 0 0 -1
vn 0.7015595 0.1751152 -0.6907255
vn 0 0 -1
vn 0 0 -0.9999695
vn 0 0 -1
vn 0 0 -1
vn 0 0 -1
vn -0.7015595 -0.1751152 -0.6907255
vn 0 0 -1
vn 0 0 -1
vn -0.4422132 -0.5707266 -0.6918546
vn -0.3464156 -0.6347545 -0.6906644
vn 0 0 -1
vn 0 0 -1
vn 0.3434248 -0.6384167 -0.6888028
vn 0 0 -1
vn 0 0 -0.9999695
vn 0 0 -0.9999695
vn 0 0 -1
vn 0 0 -1
vn 0 0 -0.9999695
vn 0 0 -1
vn 0 0 -1
vn 0 0 -1
vn 0 0 -1
vn 0 0 -1
vn 0 0 -0.9999695
vn 0 0 -1
vn -0.6606037 -0.2865077 -0.6938688
vn 0 0 -1
vn 0 0 -1
vn 0 0 -1
vn -9.15555e-05 -0.7208777 -0.6930449
vn 0.1164891 -0.7144994 -0.6898404
vn 0 0 -0.9999695
vn 0 0 -1
vn -0.9143345 -0.3914304 0.1036714
vn -0.9244056 -0.3667104 0.1048005
vn -0.2343516 -0.6825159 -0.6922513
vn -0.3227943 -0.9408552 0.1025727
vn -0.3585314 -0.9277932 0.1029999
vn 0.2331004 -0.6832179 -0.6919767
vn 0.3311258 -0.9380779 0.101535
vn 0.2923978 -0.9502854 0.1069979
vn 0.6270333 -0.7729118 0.09695726
vn 0.5903195 -0.7991882 0.1129795
vn 0.4420301 -0.5725272 -0.6904813
vn 0.7328715 -0.6724753 0.103122
vn 0.7062899 -0.7001861 0.1042817
vn 0.914304 0.3914609 0.1036714
vn 0.9244056 0.3667104 0.1048005
vn 0.8915982 0.4465773 0.07449567
vn 0.7246315 0.6816004 0.1015045
vn 0.7519761 0.6501053 0.1088595
vn 0.5854976 0.8033998 0.1080965
vn 0.6185797 0.7790765 0.1016571
vn 0.3227943 0.9408552 0.1025727
vn 0.3585314 0.9277932 0.1029694
vn -0.3310648 0.9381085 0.101535
vn -0.2923063 0.9502854 0.1069979
vn -0.7328715 0.6724753 0.103122
vn -0.7062899 0.7001861 0.1042817
vn -0.9154943 0.3893246 0.1012909
vn -0.8975799 0.427137 0.1089816
vn 0.04284799 0.5024873 0.8634907
vn 0.000335704 0.5594653 0.8288217
vn 0.000152593 0.4760888 0.8793603
vn 0.000579852 0.9494614 0.3137913
vn 0.000518815 0.9227576 0.3853572
vn 0.07712024 0.9338664 0.3491623
vn 0.9350261 -0.000793481 0.354503
vn 0.962035 -0.000915555 0.2728965
vn 0.9320658 0.06796467 0.3557848
vn 0.9941099 0.06137269 0.08926659
vn 0.9978332 -0.000824 0.06576734
vn 0.9993897 -0.000518815 -0.03411966
vn 0.4970855 0.04730367 0.86639
vn 0.5106967 -0.000427259 0.8597369
vn 0.5806452 -0.000518815 0.8141118
vn 0.3045137 0.8856166 0.3505661
vn 0.579577 0.7347331 0.3523972
vn 0.6837367 0.6386914 0.352916
vn 0.4307687 0.2510452 0.8668172
vn 0.2190619 0.1291238 0.967101
vn 0.2205267 0.1205176 0.9678946
vn 0.8595843 0.3690298 0.3534349
vn -0.06741535 0.9344767 0.349498
vn -0.03738516 0.501999 0.86404
vn -0.4965667 0.04995876 0.8665121
vn -0.5541246 0.000488296 0.8324229
vn -0.4698629 0.00021363 0.8827174
vn -0.9317301 0.07623523 0.3549913
vn -0.9537644 0.000885037 0.3004853
vn -0.9193091 0.000579852 0.3935056
vn -0.9931333 0.07003998 0.09363079
vn -0.9993897 0.000518815 -0.03430277
vn -0.996765 0.000824 0.08029419
vn -0.9024323 0.2471389 0.3528855
vn -0.9595324 0.2627643 0.1010468
vn -0.9663991 0.2345957 0.1049226
vn -0.6887723 0.6332591 0.3528855
vn -0.3097628 0.8837855 0.3505051
vn -0.05887019 0.2518998 0.9659414
vn -0.1320536 0.4893948 0.8619953
vn -0.0687887 0.2517777 0.965331
vn -0.9941099 -0.06057924 0.08966338
vn -0.04852437 -0.50618 0.8610492
vn -0.000366222 -0.5857113 0.8105106
vn -0.000305185 -0.5162511 0.8564104
vn -0.000549333 -0.9376202 0.3476058
vn -0.07821893 -0.9335917 0.3496201
vn -0.00061037 -0.963744 0.2667623
vn -0.9323099 -0.066805 0.3554186
vn -0.496231 -0.04470956 0.8670004
vn -0.06308174 -0.2510147 0.9659109
vn -0.07028412 -0.2511063 0.965392
vn -0.1345255 -0.4879299 0.8624226
vn -0.3045137 -0.8856166 0.3505661
vn -0.4307687 -0.2510452 0.8668172
vn -0.2190619 -0.1291238 0.967101
vn -0.2205267 -0.1205176 0.9678946
vn -0.8595843 -0.3690298 0.3534349
vn 0.5003204 -0.05566573 0.86404
vn 0.9326762 -0.08096557 0.3514512
vn 0.9931028 -0.07080292 0.093234
vn 0.06485182 -0.9330424 0.3538621
vn 0.03979611 -0.5027314 0.8634907
vn 0.6887723 -0.6332591 0.3528855
vn 0.1388592 -0.2190619 0.9657582
vn 0.1286965 -0.223487 0.966155
vn 0.2517777 -0.4354076 0.8642536
vn 0.3097628 -0.8837855 0.3505051
vn 0.09006011 -0.130375 0.9873349
vn 0.03125095 -0.2558977 0.9661855
vn 0.01113921 -0.1422467 0.9897458
vn 0.02307194 -0.1391034 0.9899899
vn 0.03836172 -0.04290902 0.9983215
vn 0.04239016 -0.0462355 0.9980163
vn 0.04931789 -0.1435285 0.988403
vn 0.02752768 -0.04867702 0.998413
vn 0.02673417 -0.0502029 0.998352
vn -0.05050808 -0.1423078 0.988525
vn -0.1644337 -0.1926633 0.9673757
vn -0.08993804 -0.1300699 0.9873959
vn -0.1713309 -0.1854304 0.9675893
vn -0.127842 -0.08853417 0.9878231
vn -0.006714046 -0.05877864 0.9982299
vn -0.03125095 0.2558977 0.9661855
vn -0.01113921 0.1422467 0.9897458
vn -0.02307194 0.1391034 0.9899899
vn -0.09006011 0.130375 0.9873349
vn -0.03836172 0.04290902 0.9983215
vn -0.04239016 0.0462355 0.9980163
vn -0.04931789 0.1435285 0.988403
vn -0.02752768 0.04867702 0.998413
vn -0.02673417 0.0502029 0.998352
vn 0.127842 0.08853417 0.9878231
vn 0.006714046 0.05877864 0.9982299
vn -0.002502501 -0.09695726 0.9952697
vn -0.002288877 -0.1657155 0.9861446
vn -0.007476985 -0.09186071 0.9957274
vn -0.09405803 -0.001403808 0.9955443
vn -0.1696524 0.00061037 0.9854732
vn -0.1027253 0.000488296 0.9946898
vn 0.05514693 0.016541 0.9983215
vn -0.09305089 -0.01553392 0.9955138
vn -0.09189122 -0.01019316 0.9956969
vn 9.15555e-05 -0.0954619 0.9954223
vn 0.0341807 -0.08517712 0.9957579
vn 0.05566573 -0.07126069 0.99588
vn 0.07196265 -0.05786305 0.9956969
vn -0.04177981 0.03363138 0.9985351
vn 0.07342749 -0.0527665 0.99588
vn 0.09384441 -0.002624571 0.9955748
vn 0.1027253 -0.000488296 0.9946898
vn 0.1696524 -0.000640889 0.9854732
vn 0.002502501 0.09689623 0.9952697
vn 0.002288877 0.1656544 0.9861751
vn 0.007476985 0.09186071 0.9957274
vn 0.09405803 0.001403808 0.9955443
vn -0.05514693 -0.016541 0.9983215
vn 0.09305089 0.01556444 0.9955138
vn 0.09189122 0.01019316 0.9956969
vn -9.15555e-05 0.0954619 0.9954223
vn -0.0341807 0.08517712 0.9957579
vn -0.05566573 0.07126069 0.99588
vn -0.07193213 0.05789357 0.9956969
vn 0.04177981 -0.03363138 0.9985351
vn -0.07339698 0.0527665 0.99588
vn -0.09384441 0.002624571 0.9955748
vn 0.1244544 0.01940977 0.9920042
vn 0.101413 -0.07364112 0.9920957
vn -0.101413 0.07364112 0.9920957
vn 0.985168 0.1355632 -0.1051362
vn 0.9802545 0.1694692 -0.1015655
vn 0.8974578 0.2009338 -0.3926512
vn 0.972869 0.20365 -0.109653
vn 0.9666738 0.2338938 -0.1039766
vn 0.8796655 0.2779626 -0.385815
vn 0.01315343 0.1919919 -0.9812921
vn 0.01538127 0.1579027 -0.9873043
vn 0.3087252 0.1948301 -0.9309672
vn 0.9383526 0.3290811 -0.1057466
vn 0.9244362 0.3667104 -0.1043733
vn 0.8292185 0.4252144 -0.3626514
vn 0.9129307 0.3932005 -0.1089816
vn 0.896878 0.4296701 -0.1045869
vn 0.7969909 0.4924772 -0.3496201
vn 0.01385539 0.4027833 -0.9151586
vn 0.003204405 0.3597217 -0.9330424
vn 0.2710044 0.4232917 -0.8644979
vn 0.3605456 0.9219031 -0.1416059
vn 0.2598651 0.9351482 -0.2406995
vn 0.2631916 0.9090853 -0.3228858
vn 0.1543626 0.9216285 -0.3559374
vn 0.06476026 0.9100925 -0.4092532
vn 0.1103549 0.8556169 -0.5056612
vn -0.04226809 0.8745079 -0.483108
vn -0.04452645 0.8190557 -0.5719169
vn 0.3026521 0.8802454 -0.3654286
vn 0.2113407 0.9400922 -0.2674337
vn 0.1363872 0.9460127 -0.2940153
vn 0.433546 0.8831446 -0.1791131
vn 0.416303 0.9070101 -0.06286811
vn 0.4835658 0.8742333 0.04300057
vn 0.4549394 0.8903775 0.01510661
vn 0.4947355 0.8671529 -0.05664235
vn 0.5245522 0.848323 -0.07171845
vn 0.5639516 0.8229011 -0.06894129
vn 0.4795678 0.8535417 -0.2035279
vn 0.5841548 0.8081912 -0.07452619
vn 0.5262917 0.8212836 -0.2200995
vn 0.6344798 0.7688528 -0.07925653
vn -0.0376293 0.8067263 -0.5896787
vn -0.03122043 0.770043 -0.637196
vn 0.1264992 0.8223518 -0.5546739
vn -0.01940977 0.7366253 -0.675985
vn -0.02740561 0.7184057 -0.6950591
vn 0.1623279 0.7555468 -0.6346324
vn 0.1481673 0.7923216 -0.5917844
vn 0.6596576 0.7467269 -0.08499401
vn 0.56151 0.7903074 -0.2451552
vn 0.6748253 0.7326579 -0.08825951
vn 0.6050295 0.7528611 -0.2590716
vn 0.7157811 0.6922513 -0.0916776
vn -0.01068145 0.5276955 -0.8493607
vn 0.2219001 0.599231 -0.769158
vn 0.002166807 0.5610828 -0.827723
vn 0.2052674 0.6498001 -0.7318339
vn 0.001831054 0.5856502 -0.8105411
vn 0.1829279 0.7048555 -0.6853237
vn -0.0142216 0.639668 -0.7685171
vn -0.02630692 0.6928007 -0.7206031
vn 0.3378704 0.8508866 -0.402234
vn 0.3667104 0.8226875 -0.4343699
vn 0.4007385 0.7865231 -0.4698324
vn 0.4388867 0.7399213 -0.5097507
vn 0.4763329 0.6873379 -0.5482956
vn 0.5089267 0.6353038 -0.5808283
vn 0.6547746 0.701529 -0.281167
vn 0.6984161 0.6472976 -0.3052461
vn 0.7355571 0.5973998 -0.3193762
vn 0.8602252 0.4993133 -0.1032746
vn 0.8422498 0.5294351 -0.1013519
vn 0.8096561 0.5783868 -0.09930723
vn 0.793054 0.6014588 -0.09619432
vn 0.7640004 0.6375927 -0.09863579
vn 0.7412946 0.663625 -0.1001007
vn 0.8719748 0.4784387 -0.1035798
vn 0.7649465 0.5481735 -0.3381451
vn 0.5352947 0.5861995 -0.6080813
vn 0.238319 0.5493942 -0.8008362
vn 0.002899229 0.4810938 -0.8766442
vn 0.5636464 0.5275735 -0.6355479
vn 0.2543413 0.4901883 -0.8336741
vn 0.01892143 0.4269234 -0.9040498
vn 0.5928526 0.4562822 -0.6635335
vn 0.9479964 0.3011566 -0.1026948
vn 0.857326 0.3512375 -0.3762322
vn 0.6187323 0.3796197 -0.6877346
vn 0.2852565 0.3483688 -0.89288
vn 0.01950132 0.292703 -0.9559923
vn 0.6403394 0.2990509 -0.7074801
vn 0.2988983 0.2716147 -0.9147923
vn 0.01690721 0.2347179 -0.9718925
vn 0.6571856 0.2149418 -0.7224037
vn 0.9894406 0.1025117 -0.1022065
vn 0.9095737 0.1197241 -0.3978393
vn 0.6689352 0.1272622 -0.7323222
vn 0.3150731 0.1126438 -0.9423505
vn 0.01910454 0.09369182 -0.9953917
vn 0.9927976 0.05240023 -0.1076083
vn 0.9142125 0.05713063 -0.4011658
vn 0.6738487 0.05835133 -0.7365337
vn 0.3188269 0.04959255 -0.9465011
vn 0.01489299 0.03799551 -0.9991455
vn -0.7796564 0.6258125 0.02133244
vn -0.6589251 0.7415083 -0.1262856
vn -0.5822932 0.8129521 0.002990782
vn -0.07919549 0.8279061 0.5551927
vn -0.1010773 0.821955 0.5604724
vn -0.09762871 0.8243965 0.5574816
vn -0.1280251 0.8557695 0.501236
vn -0.1077303 0.8588824 0.5006867
vn -0.1610156 0.9160436 0.3672903
vn -0.1139256 0.9300821 0.3491318
vn -0.2241279 0.9425642 0.2475356
vn -0.06677448 0.8387707 0.5403302
vn -0.08908349 0.8301645 0.5503098
vn -0.1239967 0.8460036 0.5185095
vn -0.1411176 0.8463088 0.5136265
vn -0.2526017 0.8502457 0.461745
vn -0.2353282 0.8702659 0.4326914
vn -0.3598437 0.8543657 0.3748589
vn -0.3313089 0.8835414 0.3309427
vn -0.4164861 0.8423719 0.3418684
vn -0.419538 0.8782007 0.2296518
vn -0.3125095 0.9493698 -0.03118991
vn -0.1338542 0.9908139 0.0180059
vn -0.2601398 0.9606311 0.09738457
vn -0.1478011 0.9840083 0.09936827
vn -0.1370281 0.9655446 0.2211676
vn -0.5039216 0.8051088 0.3127537
vn -0.5885494 0.7794733 0.214423
vn -0.5046235 0.8548845 0.1203955
vn -0.6362194 0.7480697 0.1885738
vn -0.7054353 0.694113 0.1433149
vn -0.3523972 0.9163182 -0.1900998
vn -0.3921018 0.8547014 -0.3401593
vn -0.1546068 0.8232063 -0.5462508
vn -0.1636402 0.8828395 -0.440199
vn -0.1471602 0.9421674 -0.3010041
vn -0.1511276 0.9616077 -0.2289804
vn -0.1553392 0.9822688 -0.1048921
vn -0.1506088 0.7910703 -0.5928221
vn -0.4153569 0.7690665 -0.4857631
vn -0.7079378 0.665273 -0.2370067
vn -0.8377941 0.5446333 -0.0376293
vn 0.985107 0.1357158 0.1054719
vn 0.9893186 0.1044038 0.1016571
vn 0.9095126 0.1199682 0.3979308
vn 0.9723502 0.2041688 0.1132236
vn 0.9795832 0.1720633 0.103885
vn 0.8971221 0.2008118 0.3934751
vn 0.9652699 0.2365489 0.1107822
vn 0.8802454 0.2760704 0.385876
vn 0.8569598 0.3527329 0.3756828
vn 0.06485182 0.9094516 0.4106876
vn 0.1436201 0.9212012 0.3615528
vn 0.1128879 0.854793 0.5064852
vn 0.4687948 0.8824427 -0.03836172
vn 0.4962615 0.8652303 0.0711081
vn 0.4589984 0.8859218 0.06646931
vn 0.4250618 0.8867763 0.1814325
vn 0.4149602 0.905942 0.08383435
vn 0.3290811 0.9264809 0.1824396
vn 0.1243934 0.9495224 0.2878811
vn 0.1768242 0.9481185 0.2641072
vn 0.2676168 0.9089328 0.3196203
vn 0.2957243 0.9318827 0.2100284
vn 0.5244606 0.8489029 0.06524854
vn 0.565508 0.8219245 0.06778156
vn 0.4783776 0.8547624 0.201239
vn 0.5813471 0.8102664 0.07409894
vn 0.6346324 0.7684255 0.08191168
vn 0.5280618 0.8197577 0.2215949
vn 0.6600543 0.7464217 0.08465832
vn 0.5602588 0.7919248 0.2427747
vn -0.05594038 0.8740807 0.4824976
vn -0.05056911 0.8183538 0.5724357
vn -0.03778189 0.8050172 0.5919981
vn 0.1280556 0.8232063 0.5530869
vn -0.033845 0.7689749 0.6383557
vn 0.1456343 0.793939 0.590228
vn 0.6721091 0.7351604 0.08813744
vn 0.7160558 0.6914579 0.09524822
vn 0.6067996 0.7505417 0.2615436
vn 0.7447432 0.6599017 0.09906303
vn 0.6512345 0.7042146 0.2827235
vn 0.7638173 0.6382031 0.0959807
vn 0.79223 0.6024354 0.09710985
vn 0.6973785 0.6492508 0.3034455
vn 0.2051149 0.6516007 0.7302774
vn -0.01709032 0.638081 0.7697684
vn 0.1852168 0.7054964 0.6840419
vn -0.02673417 0.6906949 0.7226478
vn 0.1643727 0.7538072 0.6361584
vn -0.02890098 0.7116611 0.7018952
vn -0.02572709 0.7396771 0.6724448
vn 0.8074892 0.5813471 0.09982603
vn 0.8427381 0.5273599 0.1078524
vn 0.7371441 0.5948973 0.3203833
vn 0.8565936 0.5045015 0.108066
vn 0.7640919 0.5503098 0.3365276
vn 0.2544938 0.4920194 0.8325144
vn 0.000335704 0.4795678 0.8774682
vn 0.2406384 0.5495468 0.8000122
vn -0.01141387 0.5259865 0.8503983
vn 0.2231208 0.5983459 0.7695242
vn -0.009338617 0.5488754 0.8358104
vn -0.01098662 0.5885189 0.8084048
vn 0.8703574 0.4810938 0.1049531
vn 0.8967559 0.4291818 0.1076998
vn 0.7980896 0.4901883 0.3502914
vn 0.9129307 0.3932615 0.1090426
vn 0.8284555 0.4254891 0.3640858
vn 0.9243446 0.3671377 0.1037324
vn 0.939024 0.3276467 0.1042512
vn 0.9475997 0.3002411 0.1090426
vn 0.3044221 0.8799707 0.3646351
vn 0.339671 0.8508256 0.4007996
vn 0.368511 0.8227485 0.4326914
vn 0.4027528 0.7865231 0.4680929
vn 0.4409314 0.7399213 0.5079806
vn 0.4783776 0.6873379 0.546495
vn 0.5108799 0.6351512 0.5792719
vn 0.5370647 0.5863521 0.6064028
vn 0.565508 0.527543 0.6339
vn 0.5945616 0.4562517 0.662038
vn 0.6202277 0.3795587 0.6864528
vn 0.6415296 0.2989288 0.706412
vn 0.2721641 0.422132 0.864681
vn 0.2869961 0.3490096 0.8920561
vn 0.299295 0.2729576 0.914243
vn 0.01315343 0.1919919 0.9812921
vn 0.008728265 0.2278817 0.973632
vn 0.008728265 0.2956328 0.9552294
vn 0.00238043 0.3580431 0.9336833
vn 0.001770019 0.3894162 0.9210487
vn 0.00238043 0.4315012 0.9020966
vn 0.01562547 0.1567431 0.9874874
vn 0.309122 0.1942503 0.9309672
vn 0.6581012 0.2147892 0.7216101
vn 0.01916557 0.09466838 0.9953002
vn 0.315714 0.1130405 0.9420759
vn 0.6694846 0.127079 0.7318644
vn 0.01458781 0.03830069 0.9991455
vn 0.3190405 0.05008083 0.9464095
vn 0.6740318 0.05835133 0.7363506
vn 0.9143345 0.05661183 0.4009522
vn 0.9931638 0.04974514 0.1052583
vn -0.02917569 0.431959 -0.9013947
vn -0.007202327 0.1227759 -0.9924009
vn 0.005249142 0.1166112 -0.9931333
vn -0.07101655 0.9660634 -0.248268
vn -0.05459761 0.7710196 -0.6344188
vn 0.0343638 0.7442549 -0.666982
vn -0.07586902 0.9798578 0.1846064
vn 0.04348886 0.950438 -0.3077486
vn 0.05490279 0.9937742 0.09677416
vn 0.1723075 0.9850154 0.005828976
vn 0.2764061 0.9592883 -0.05771046
vn 0.01940977 0.4112979 -0.9112827
vn 0.01721239 0.1105075 -0.9937132
vn 0.066805 0.385937 -0.920072
vn 0.02600175 0.1044648 -0.994171
vn 0.1018097 0.3627125 -0.9262978
vn 0.03353983 0.09372234 -0.9950255
vn 0.1333354 0.3216651 -0.9374065
vn 0.1231421 0.702414 -0.7009797
vn 0.1614734 0.9127476 -0.3751946
vn 0.1893368 0.6634419 -0.7238686
vn 0.2504654 0.872158 -0.4201788
vn 0.2535173 0.5934935 -0.7638173
vn 0.346263 0.7941832 -0.4993133
vn 0.4007996 0.8992279 -0.1752067
vn 0.0374462 0.08728289 -0.9954528
vn 0.1435285 0.2894375 -0.9463485
vn 0.2150639 0.4213996 -0.8809778
vn 0.2747581 0.5343486 -0.7993408
vn 0.3341777 0.6434522 -0.6886807
vn 0.3783684 0.7265236 -0.5735344
vn 0.4195075 0.8007447 -0.4275033
vn 0.4443495 0.8471023 -0.2914212
vn -0.1337016 0.5318766 -0.8361766
vn -0.04922634 0.4314097 -0.9007843
vn -0.1560716 0.637196 -0.7546922
vn -0.08401745 0.7664723 -0.6367077
vn -0.1547288 0.7152623 -0.6814783
vn -0.1039766 0.9611194 -0.2556841
vn -0.1045869 0.979461 0.172277
vn -0.093234 0.8690451 0.4857936
vn -0.09991759 0.1280556 -0.9866939
vn -0.01391643 0.1221656 -0.9924009
vn -0.1232337 0.3021027 -0.9452498
vn -0.1272317 0.4689169 -0.8739891
vn -0.8709372 0.4841151 -0.08413952
vn -0.7324137 0.6114078 -0.2994781
vn -0.4405041 0.7020478 -0.5594958
vn -0.4408093 0.632191 -0.6371654
vn -0.8782922 0.4668111 -0.103183
vn -0.7497788 0.5674917 -0.3402203
vn -0.8925443 0.4378185 -0.1077303
vn -0.7671438 0.5019685 -0.3993652
vn -0.9129612 0.3921934 -0.1123081
vn -0.7925352 0.4182257 -0.4437391
vn -0.9434797 0.3071688 -0.1242103
vn -0.8154546 0.2994171 -0.4952849
vn -0.4460585 0.5022126 -0.7407758
vn -0.4683676 0.3697623 -0.8024232
vn -0.4507889 0.2172918 -0.8657491
vn -0.9643544 0.05484175 -0.2587969
vn -0.9843135 0.02618485 -0.1743828
vn -0.863979 0.05175936 -0.5008087
vn -0.8655354 0.03088468 -0.4998627
vn -0.4971465 0.03991818 -0.8667257
vn -0.4989471 0.02783286 -0.8661763
vn -0.1290017 0.02365183 -0.9913328
vn -0.1297952 0.0205084 -0.9913023
vn -0.9800714 0.09683519 -0.1733756
vn -0.8611713 0.08395642 -0.5012971
vn -0.4949187 0.05838185 -0.8669698
vn -0.1281472 0.02844321 -0.9913328
vn -0.962035 0.2404248 -0.1290017
vn -0.9758599 0.1754204 -0.1299173
vn -0.8492386 0.1596728 -0.5032197
vn -0.4837489 0.1007416 -0.8693808
vn -0.1230811 0.03894162 -0.9916074
vn -0.1519211 0.8309885 0.5351116
vn -0.1606189 0.7750786 0.6110721
vn -0.4274423 0.7593311 0.490585
vn -0.4968413 0.8595843 -0.1192358
vn -0.5908689 0.772454 -0.2327036
vn -0.5059664 0.8052003 -0.309244
vn -0.07858514 0.828547 -0.5543382
vn -0.08886986 0.8308054 -0.5493637
vn -0.06637775 0.8396863 -0.5389569
vn -0.1395001 0.8479263 -0.5113682
vn -0.1257973 0.8469497 -0.5165258
vn -0.2327647 0.8723106 -0.4299753
vn -0.2550126 0.849971 -0.4609211
vn -0.3245033 0.8849452 -0.3339335
vn -0.3617054 0.8462783 -0.3910642
vn -0.4449294 0.8256478 -0.3468428
vn -0.09653002 0.822779 -0.5600757
vn -0.09891045 0.8218024 -0.5611133
vn -0.1047395 0.8546099 -0.5085604
vn -0.1216163 0.8551592 -0.5038301
vn -0.1127353 0.9264199 -0.3591418
vn -0.1550951 0.9165014 -0.3686636
vn -0.1446272 0.964568 -0.2205877
vn -0.225898 0.9428999 -0.2446364
vn -0.1604358 0.9789422 -0.1261635
vn -0.2555925 0.9615467 -0.1002533
vn -0.4203619 0.8795129 -0.2229377
vn -0.134434 0.9904477 -0.03036588
vn -0.1639759 0.9808039 0.1052278
vn -0.3136387 0.9488815 0.03503525
vn -0.1622363 0.9642323 0.2095096
vn -0.3483383 0.9187902 0.185583
vn -0.5782647 0.8158208 0.004455685
vn -0.4033936 0.847377 0.3452254
vn -0.6508988 0.7475204 0.1323893
vn -0.6621906 0.7252724 -0.1882076
vn -0.7063509 0.6932585 -0.1429792
vn -0.7839595 0.6192511 -0.04324471
vn -0.1687673 0.8724327 0.4586322
vn -0.8534806 0.5195776 0.03979611
vn -0.710532 0.6565142 0.253151
vn -0.1501815 0.9461043 0.2868435
vn -0.8104801 0.3016144 0.502121
vn -0.9339579 0.3331095 0.129429
vn -0.9235206 0.3629872 0.1238441
vn -0.4553362 0.1843623 0.8709983
vn -0.8016602 0.35374 0.4818262
vn -0.1226539 0.1088595 0.9864498
vn -0.4630879 0.2619099 0.8467056
vn -0.1352885 0.2013 0.9701224
vn -0.459273 0.3910642 0.7975707
vn -0.1243934 0.3295083 0.9358806
vn -0.9120457 0.3939024 0.1139256
vn -0.7845088 0.4239631 0.4524674
vn -0.8967254 0.4311655 0.09964293
vn -0.7637562 0.5069125 0.3996399
vn -0.8792993 0.4675741 0.09048736
vn -0.7424543 0.5727103 0.3474532
vn -0.4619587 0.5137181 0.7229225
vn -0.4369029 0.6304514 0.6415601
vn -0.1586962 0.4126713 0.896939
vn -0.1694082 0.5023957 0.8478652
vn -0.162389 0.6325266 0.7572863
vn -0.9644765 0.05487227 0.2583697
vn -0.9738152 0.1488388 0.1717886
vn -0.8639485 0.05175936 0.5008392
vn -0.8558916 0.1185339 0.5033418
vn -0.4970855 0.03991818 0.8667562
vn -0.4880825 0.07751697 0.8693197
vn -0.1289407 0.02365183 0.9913633
vn -0.124485 0.03299045 0.9916685
vn -0.984344 0.02624589 0.1742302
vn -0.8654744 0.03100675 0.4999237
vn -0.4988861 0.02792441 0.8661763
vn -0.1297647 0.02056944 0.9913023
vn -0.9395123 0.3162328 0.1314127
vn -0.9582812 0.253914 0.1310769
vn -0.8337657 0.2263252 0.5035554
vn -0.4744408 0.1393475 0.8691672
vn -0.1206091 0.04901272 0.9914854
vn -0.8617511 0.5068514 -0.02087461
vn -0.8431044 0.5351421 -0.05243074
vn -0.845912 0.5312662 0.04599136
vn -0.8745079 0.4847255 0.01608324
vn -0.8365429 0.5478377 0.001312255
vn -0.8267769 0.560625 0.04574722
vn -0.8302866 0.5553453 -0.04617446
vn -0.7436445 0.6685079 -0.008148431
vn -0.7502976 0.6608783 -0.01562547
vn -0.7682424 0.6396069 -0.02563554
vn -0.7965026 0.6035341 -0.03607285
vn -0.7943663 0.6060366 0.04068112
vn -0.7796869 0.6253853 0.0303964
vn -0.7607654 0.6485183 0.02490305
vn -0.7449263 0.6669515 0.01522868
vn -0.7367168 0.6761376 0.007354915
vn -0.73455 0.678518 0.002197325
vn -0.7351298 0.6779077 -0.000671407
vn -0.7378765 0.6748864 -0.003601133
vn -0.6943877 0.6960356 -0.1825617
vn -0.4148076 0.8354442 -0.3604541
vn -0.1663564 0.8674276 -0.4688559
vn -0.1679738 0.86639 0.4701986
vn -0.4187139 0.8323008 0.3631703
vn -0.6959746 0.6913053 0.1940672
vn -0.6701865 0.7224952 -0.1697134
vn -0.1724906 0.8848537 -0.4326914
vn -0.3988159 0.8614765 -0.3142491
vn -0.1676992 0.8998688 -0.4026002
vn -0.3780938 0.8892178 -0.2574542
vn -0.1586962 0.929014 -0.3342387
vn -0.360271 0.9114353 -0.1986144
vn -0.3411054 0.9341105 -0.1050752
vn -0.1474654 0.9704886 -0.1907407
vn -0.3482772 0.925718 -0.1472823
vn -0.1546678 0.9631947 -0.2197638
vn -0.1569872 0.9527574 -0.2599567
vn -0.3336894 0.9418622 0.0389111
vn -0.1420636 0.9897763 -0.01080352
vn -0.332194 0.943144 -0.009277582
vn -0.1496933 0.9855953 -0.078341
vn -0.3347575 0.9403973 -0.05954158
vn -0.1528062 0.9820246 -0.1105685
vn -0.144322 0.9790948 -0.1432539
vn -0.3580737 0.9150975 0.1852473
vn -0.1397747 0.9750969 0.1721549
vn -0.346263 0.9285867 0.1334269
vn -0.1436201 0.9824213 0.1191137
vn -0.3383282 0.9371624 0.08481091
vn -0.1521347 0.9850459 0.08056885
vn -0.1467024 0.9879452 0.0491653
vn -0.1359294 0.9451277 0.2970367
vn -0.1524399 0.9468673 0.2831202
vn -0.1559495 0.9577624 0.2415235
vn -0.3711051 0.9006317 0.2260811
vn -0.3818781 0.8862575 0.2620624
vn -0.1534165 0.9284951 0.3380841
vn -0.3991821 0.8622394 0.311655
vn -0.1671804 0.9014558 0.3992431
vn -0.6346629 0.7603687 -0.1378216
vn -0.6057924 0.7885373 -0.1057772
vn -0.584521 0.8075808 -0.07818841
vn -0.5742363 0.8167974 -0.05502486
vn -0.5633412 0.8256173 -0.0313425
vn -0.5590381 0.8290963 -0.004608273
vn -0.5614795 0.8272042 0.02072203
vn -0.5685293 0.8213752 0.0451979
vn -0.581988 0.8100528 0.07101655
vn -0.6015198 0.7927488 0.09839165
vn -0.6245308 0.7720267 0.117832
vn -0.6366772 0.7579577 0.1418195
vn -0.6662496 0.7268593 0.166509
vn -0.1743217 0.8847621 0.4321116
vn 0.6303293 0.7730339 -0.07132172
vn 0.6285287 0.69747 -0.3441267
vn 0.6258431 0.6237373 -0.4682149
vn -0.09326452 0.8691977 -0.4855189
vn 0.6234931 0.5322123 -0.5726188
vn 0.6239509 0.4192633 -0.659444
vn 0.6244698 0.2932218 -0.7238686
vn 0.6263619 0.1584826 -0.7632069
vn 0.635609 0.04458749 -0.770684
vn 0.6284067 0.1548814 0.7622913
vn 0.6354869 0.04486221 0.7707755
vn 0.6265755 0.2934049 0.7220069
vn 0.6250496 0.4189886 0.6585589
vn 0.6251106 0.5307169 0.5723136
vn 0.6267586 0.6238899 0.4667806
vn 0.6274605 0.6997284 0.3414716
vn 0.6255989 0.7499008 0.2150639
vn 0.6289865 0.7738884 0.07376319
vn 0.6295358 0.747734 -0.2109744
vn -0.04434335 0.4318064 0.9008454
vn -0.1001312 0.9614551 0.2560198
vn -0.103122 0.9797968 -0.1712698
vn -0.07943964 0.7669912 0.6366772
vn -0.0112918 0.1244239 0.9921568
vn -0.005706906 0.1217994 0.992523
vn -0.02294987 0.4304941 0.9022797
vn -0.04214602 0.7704703 0.6360363
vn -0.0527665 0.9666128 0.250618
vn -0.0527665 0.9819331 -0.1816461
vn 0.2065187 0.9784234 9.15555e-05
vn 0.3389385 0.9335307 0.1167027
vn 0.4351329 0.8688315 0.2360606
vn 0.03802603 0.08719134 0.9954528
vn 0.0356456 0.08774071 0.9954833
vn 0.1490219 0.2890408 0.945616
vn 0.1414838 0.3015229 0.9428694
vn 0.2221747 0.4169744 0.8813135
vn 0.267861 0.558092 0.7853328
vn 0.3674429 0.7548753 0.5432295
vn 0.3456221 0.6366466 0.6893216
vn 0.2847377 0.530137 0.7986694
vn 0.4587848 0.8394727 0.2911161
vn 0.434492 0.7921995 0.4284493
vn 0.3912778 0.7201148 0.5729545
vn 0.2970367 0.8330027 0.4666891
vn 0.2210761 0.6251717 0.748497
vn 0.1171605 0.3377178 0.9338969
vn 0.0293588 0.09683519 0.9948424
vn 0.18717 0.9025239 0.3877376
vn 0.1423993 0.6908475 0.7088229
vn 0.07660144 0.3764153 0.923246
vn 0.01937925 0.1066927 0.9940794
vn 0.05481123 0.994171 -0.09262365
vn 0.05569624 0.9462874 0.3184301
vn 0.04348886 0.7378155 0.6735435
vn 0.02426218 0.4052248 0.9138768
vn 0.006378352 0.1140171 0.9934386
vn -0.07040619 0.9929502 0.09524822
vn -0.1011688 0.9903256 0.09482097
vn -0.0936613 0.9218116 0.3761101
vn -0.9288919 0.3611866 0.08160644
vn -0.9434797 0.320719 0.083346
vn -0.8784143 0.3032624 0.369274
vn -0.09808647 0.02826011 0.9947508
vn -0.3845638 0.05395668 0.9215064
vn -0.7063509 0.07766956 0.7035737
vn -0.9208655 0.08960235 0.3793756
vn -0.9129612 0.1555833 0.3771477
vn -0.9823298 0.1620532 0.09329503
vn -0.9913938 0.0889309 0.09579759
vn -0.98764 0.1239662 0.09567552
vn -0.8991058 0.2281869 0.3734855
vn -0.9561144 0.2797021 0.08709979
vn -0.9666433 0.2401806 0.08871728
vn -0.9753105 0.2006592 0.09201329
vn -0.9155248 0.3946349 0.07770007
vn -0.8531144 0.3721122 0.3655812
vn -0.9012116 0.4268013 0.0748924
vn -0.8253426 0.4322947 0.3631703
vn -0.8857998 0.4580828 0.07412946
vn -0.7888424 0.4983062 0.3596912
vn -0.8453933 0.529313 0.07138276
vn -0.82107 0.5664541 0.07016205
vn -0.7407758 0.568804 0.3573107
vn -0.7937559 0.604358 0.06839197
vn -0.5771661 0.7347026 0.3564257
vn -0.6835231 0.7268899 0.06637775
vn -0.637257 0.683462 0.3559374
vn -0.7113865 0.6996063 0.06643879
vn -0.6893521 0.630665 0.3563646
vn -0.7388226 0.6705527 0.06677448
vn -0.7651601 0.6402478 0.06762897
vn -0.5091098 0.8577532 0.07089447
vn -0.5466781 0.834376 0.06991785
vn -0.5090183 0.7826777 0.3581652
vn -0.5831782 0.8094729 0.06787312
vn -0.61919 0.782342 0.06711018
vn -0.471633 0.8786889 0.07376319
vn -0.4384289 0.8231452 0.3608203
vn -0.432905 0.8981598 0.07654041
vn -0.3671377 0.8560442 0.3638111
vn -0.3956419 0.9150059 0.07864618
vn -0.3561205 0.9308146 0.08200323
vn -0.2954497 0.8819239 0.3672598
vn -0.3190405 0.944029 0.08368176
vn -0.2796411 0.9561144 0.08728289
vn -0.2246772 0.9011811 0.3706168
vn -0.2432935 0.9658803 0.08862572
vn -0.1563768 0.914304 0.3735771
vn -0.1688589 0.9813227 0.09179967
vn -0.1326334 0.9867855 0.09274572
vn -0.03921627 0.9945677 0.09610277
vn -0.03607285 0.9255043 0.3769952
vn -0.00741595 0.9953002 0.09637743
vn 0.02746665 0.9258705 0.3767815
vn 0.02966398 0.9949339 0.0959807
vn 0.06711018 0.9931638 0.09540086
vn 0.09808647 0.921659 0.3753471
vn 0.1063875 0.9898374 0.09405803
vn 0.1445966 0.985168 0.09222692
vn 0.1720938 0.911832 0.372631
vn 0.1864376 0.9782708 0.0903958
vn 0.2286141 0.9698172 0.08456677
vn 0.2484512 0.8955046 0.3690909
vn 0.2666707 0.9602954 0.08172857
vn 0.308298 0.9477218 0.08221685
vn 0.324015 0.8725547 0.3655507
vn 0.3498642 0.9333476 0.08017212
vn -0.0991851 0.03353983 0.9944761
vn -0.3820612 0.07840204 0.9207739
vn -0.09790337 0.04150515 0.9943236
vn -0.3768121 0.108951 0.9198279
vn -0.09591966 0.04977566 0.9941405
vn -0.3687552 0.1406598 0.9187902
vn -0.09286779 0.05716115 0.9940184
vn -0.3578906 0.1694692 0.9182104
vn -0.08984649 0.06375312 0.9938963
vn -0.3464461 0.1949217 0.9175695
vn -0.08648943 0.0712912 0.9936827
vn -0.332255 0.2232429 0.9163488
vn -0.08130127 0.07910394 0.9935301
vn -0.3122654 0.2531205 0.9156163
vn -0.0754112 0.08563494 0.9934386
vn -0.29017 0.2788171 0.9154332
vn -0.06967371 0.09140288 0.993347
vn -0.2681356 0.300943 0.9151281
vn -0.06326484 0.09717088 0.9932249
vn -0.2430494 0.3227332 0.9147313
vn -0.05569624 0.102298 0.9931638
vn -0.2140568 0.3425397 0.9147618
vn -0.04788351 0.1065096 0.9931333
vn -0.1841182 0.3589587 0.9150059
vn -0.03997921 0.1098666 0.9931333
vn -0.1538438 0.3721122 0.9153417
vn -0.03210544 0.1123996 0.9931333
vn -0.1235694 0.3821833 0.9157689
vn -0.02438426 0.1142613 0.9931333
vn -0.09384441 0.3894467 0.9162267
vn -0.01690721 0.1154515 0.9931638
vn -0.06512647 0.3942992 0.9166539
vn -0.01007109 0.1157872 0.9931638
vn -0.03897213 0.396466 0.9172033
vn -0.003875792 0.1161534 0.9931638
vn -0.01498454 0.3978393 0.9173254
vn 0.002960264 0.1165196 0.9931638
vn 0.01141387 0.3985107 0.9170812
vn 0.01058989 0.116245 0.9931638
vn 0.04080319 0.3971374 0.916837
vn 0.01864677 0.1154515 0.9931333
vn 0.07177948 0.3937498 0.9163793
vn 0.02697831 0.1138646 0.9931028
vn 0.1037935 0.3876156 0.9159215
vn 0.03524887 0.1115757 0.9931028
vn 0.1356242 0.3786126 0.9155248
vn 0.04168826 0.1083102 0.9932249
vn 0.1638233 0.3679922 0.9152501
vn -0.7007355 0.1265907 0.7020478
vn -0.6906034 0.1824702 0.6997894
vn -0.6753136 0.2403637 0.6972259
vn -0.6560869 0.2934049 0.6953032
vn -0.6349681 0.3399152 0.6936857
vn -0.6076235 0.3910642 0.6912443
vn -0.5708487 0.4455702 0.6895962
vn -0.5310221 0.4930875 0.6890774
vn -0.4908292 0.5336161 0.6886807
vn -0.4444715 0.5730766 0.6884365
vn -0.391644 0.6096377 0.689108
vn -0.3371379 0.6401563 0.6902981
vn -0.2818995 0.6647542 0.6917936
vn -0.2265999 0.6838282 0.6935331
vn -0.1723075 0.6977142 0.6953032
vn -0.1196326 0.7071444 0.6968291
vn -0.07168793 0.71218 0.6982941
vn -0.02758872 0.714774 0.6987823
vn 0.02096617 0.7152623 0.6985077
vn 0.07495343 0.7123936 0.6977142
vn 0.1317484 0.7055269 0.6962798
vn 0.1903744 0.6938078 0.6945098
vn 0.2486038 0.6768701 0.6928007
vn 0.302591 0.6564531 0.6910001
vn 0.3956114 0.844203 0.3616138
vn 0.3885922 0.9182104 0.07638782
vn 0.4284188 0.9005402 0.07376319
vn 0.9961547 0.01385539 -0.08615374
vn 0.957915 0.2865383 -0.01571702
vn 0.9704581 0.240669 -0.01574754
vn 0.9796442 0.1998047 -0.01815849
vn 0.9870601 0.160039 -0.008178949
vn 0.9922178 0.1243019 -0.005737423
vn 0.9962767 0.08612322 -0.000701926
vn 0.9478133 0.3184607 -0.01379436
vn 0.931608 0.362743 -0.02182072
vn 0.9158605 0.4008606 -0.02063047
vn 0.8810083 0.4725791 -0.02157658
vn 0.8626057 0.5051729 -0.02624589
vn 0.8197882 0.572161 -0.02368235
vn 0.8338267 0.5517441 -0.0147404
vn 0.7615894 0.6470229 -0.03579819
vn 0.7872555 0.6156194 -0.0343638
vn 0.7007355 0.7125462 -0.03476053
vn 0.7287515 0.6839198 -0.03421121
vn 0.6319773 0.7743156 -0.03152561
vn 0.665151 0.7458419 -0.03509628
vn 0.5629444 0.8258919 -0.03088468
vn 0.5995666 0.7996765 -0.03137302
vn 0.5268716 0.8494827 -0.02697831
vn 0.4908902 0.8708762 -0.02404856
vn 0.4505752 0.8924528 -0.02166813
vn 0.4069338 0.913358 -0.01211583
vn 0.3720206 0.9281899 -0.00640887
vn 0.289407 0.957152 -0.009094476
vn 0.2478408 0.9687491 -0.008484125
vn 0.2072206 0.9782708 -0.006012141
vn 0.1660512 0.9860836 -0.003753721
vn 0.127018 0.9918821 -0.001861572
vn 0.08719134 0.9961852 -0.000183111
vn 0.04861593 0.9988098 0.000396741
vn 0.008239984 0.999939 0.000671407
vn -0.03183078 0.9994812 -0.000122074
vn -0.07440412 0.9972229 -0.001922607
vn -0.1153905 0.993286 -0.003479063
vn -0.1579027 0.9874264 -0.005432248
vn -0.1950132 0.9807428 -0.007446467
vn -0.2708823 0.9625233 -0.01040679
vn -0.3070772 0.9515671 -0.01297032
vn -0.3477584 0.9374371 -0.01617479
vn -0.3867306 0.9219642 -0.01892143
vn -0.426252 0.904294 -0.02218693
vn -0.4644917 0.8851894 -0.02490305
vn -0.5016633 0.8645894 -0.02764976
vn -0.5378887 0.8424634 -0.02978605
vn -0.5728019 0.8190252 -0.03195285
vn -0.6072573 0.7937864 -0.03363138
vn -0.6407971 0.7668997 -0.03463846
vn -0.6736351 0.7382122 -0.03503525
vn -0.704764 0.7085177 -0.03524887
vn -0.7657704 0.6421705 -0.03421121
vn -0.7927488 0.6085696 -0.03353983
vn -0.8205206 0.5706656 -0.03219699
vn -0.844264 0.53502 -0.03045743
vn -0.8674276 0.4967193 -0.02792441
vn -0.9949949 0.09988707 -0.000701926
vn -0.9898374 0.1420941 -0.001464843
vn -0.9833064 0.1817682 -0.003540098
vn -0.9745476 0.2240363 -0.005615353
vn -0.9647511 0.262978 -0.008362054
vn -0.9523301 0.3047578 -0.01120024
vn -0.9391766 0.3430891 -0.01425212
vn -0.9231544 0.3840144 -0.01745659
vn -0.9066134 0.4214301 -0.02047789
vn -0.8872951 0.4604938 -0.02423167
vn 0.3387554 0.01489299 -0.9407331
vn 0.9461043 -0.2433241 -0.2136601
vn 0.9172644 0.03439432 -0.3967101
vn 0.9197974 0.1550645 -0.3603625
vn 0.829249 -0.1515549 -0.5378887
vn 0.7757805 -0.1528367 -0.6121708
vn 0.6684469 0.03494364 -0.7429121
vn 0.6375622 0.1556749 -0.7544786
vn 0.4107486 -0.4548479 -0.7901548
vn 0.1103549 -0.2162846 -0.9700614
vn -0.007568538 3.05185e-05 -0.9999695
vn 0.7115085 -0.09314244 0.6964324
vn 0.4986419 -0.5013886 0.7070528
vn 0.5142674 -0.4699545 0.7173376
vn -0.4986724 -0.4880215 0.7163305
vn -0.5284585 -0.469161 0.7075106
vn -0.5998108 -0.3862728 0.7006745
vn -0.5759758 -0.396527 0.7148045
vn 0.6412549 -0.3104953 0.701651
vn 0.6440626 -0.2818079 0.7111118
vn 0.664388 -0.2569353 0.7018036
vn 0.6665853 -0.2320932 0.7083346
vn 0.68099 -0.2105166 0.7013459
vn 0.6831874 -0.1785943 0.70806
vn 0.6993927 -0.1551561 0.6976531
vn 0.6980499 -0.117069 0.7063814
vn -0.5609302 -0.4279 0.7086703
vn -0.536729 -0.4465773 0.7158116
vn 0.5736564 -0.4134647 0.7070528
vn 0.5814692 -0.3890194 0.7144688
vn -0.7115696 -0.07019257 0.6990875
vn -0.6978057 -0.09781181 0.7095553
vn -0.7035737 -0.1288796 0.6988129
vn 0.07876825 -0.717185 0.6923734
vn 0.111423 -0.7029023 0.7024446
vn 0.2754601 -0.6511734 0.7071444
vn 0.250679 -0.6726585 0.6961577
vn 0.2178106 -0.6754967 0.7044283
vn 0.3086642 -0.6453749 0.6986908
vn 0.3308817 -0.6217536 0.7098605
vn 0.360271 -0.6138188 0.702414
vn 0.3765069 -0.5912656 0.7131565
vn 0.4098636 -0.581225 0.7029634
vn 0.4189276 -0.5595263 0.7151097
vn 0.4520707 -0.5439314 0.7069002
vn 0.4690085 -0.5145115 0.7177954
vn 0.6093936 -0.3660085 0.7032991
vn 0.6149175 -0.3374737 0.7126988
vn -0.6855068 -0.1600695 0.7102268
vn -0.6885281 -0.1810052 0.7022004
vn -0.6765953 -0.2183294 0.7032075
vn -0.6627094 -0.235786 0.7107761
vn -0.6621601 -0.2739036 0.69747
vn -0.6420484 -0.2909024 0.7093112
vn -0.6339915 -0.3307901 0.698996
vn -0.6113468 -0.345378 0.7119663
vn -0.01245152 -0.7121495 0.7018952
vn 0.01470988 -0.722129 0.6915494
vn -0.2667012 -0.6536455 0.7082126
vn 0.04934841 -0.7099215 0.7025056
vn -0.2903531 -0.6564226 0.6962187
vn 0.5383465 -0.4574419 0.7077242
vn -0.4882046 -0.5131688 0.7058931
vn -0.4535356 -0.5321512 0.7148961
vn 0.1375164 -0.706473 0.6942045
vn 0.1950132 -0.6914884 0.6955474
vn -0.3643605 -0.5987732 0.7132176
vn -0.3443709 -0.6212653 0.7038484
vn -0.3172094 -0.6258125 0.7125157
vn -0.2352977 -0.676046 0.698233
vn -0.202948 -0.6761986 0.708182
vn -0.04440438 -0.719718 0.6928007
vn -0.06787312 -0.7094333 0.7014679
vn -0.4415418 -0.5554979 0.7045809
vn -0.3878902 -0.5931273 0.7054659
vn -0.0972014 -0.7137058 0.6936247
vn -0.1225623 -0.6996673 0.7038484
vn -0.1473739 -0.7025056 0.6962187
vn -0.182226 -0.6935026 0.6970123
vn 0.6967681 -0.06671345 0.7141637
vn 0.7039399 -0.09335607 0.704062
vn 0.6872158 -0.1231421 0.7159032
vn 0.6915189 -0.1554002 0.7054048
vn 0.6767174 -0.1745964 0.7152013
vn 0.6665548 -0.209418 0.7153844
vn 0.6671652 -0.2310251 0.7081515
vn 0.6418653 -0.2595599 0.7215186
vn 0.6403699 -0.2867519 0.7124851
vn 0.6142155 -0.3139439 0.7239906
vn 0.6106144 -0.3422346 0.7141332
vn 0.5814082 -0.3673818 0.7259133
vn 0.5766167 -0.3952757 0.7149876
vn 0.5503098 -0.4161809 0.7238075
vn 0.5394147 -0.4441053 0.7153539
vn 0.5143284 -0.4576556 0.7252418
vn 0.5003204 -0.4871364 0.7157811
vn 0.4727622 -0.4986419 0.7264931
vn 0.4201788 -0.5428327 0.727134
vn 0.4053468 -0.5656301 0.7181311
vn 0.379162 -0.5759453 0.7242043
vn 0.3644825 -0.5962706 0.7152318
vn 0.3378704 -0.6038087 0.7219459
vn 0.3224281 -0.6241646 0.7116306
vn 0.2883999 -0.6302988 0.7207556
vn 0.2673116 -0.6528214 0.7087314
vn 0.2329478 -0.6559038 0.7179785
vn 0.2100589 -0.6764122 0.7058931
vn 0.1834162 -0.6770226 0.7126988
vn 0.1413617 -0.6886502 0.7111423
vn 0.1176183 -0.7028108 0.7015595
vn 0.09042632 -0.6978362 0.7105014
vn 0.06268501 -0.7104099 0.7009491
vn 0.03778189 -0.7036347 0.7095248
vn 0.007354915 -0.714652 0.6993927
vn -0.02008116 -0.7036653 0.7102268
vn -0.05383461 -0.7124546 0.6996063
vn -0.08206427 -0.6982941 0.7110813
vn -0.1152073 -0.702292 0.7024751
vn -0.1399273 -0.6872768 0.7127598
vn -0.1729484 -0.6871243 0.7056185
vn -0.1928464 -0.6711631 0.7157506
vn -0.2558062 -0.6441237 0.7208472
vn -0.2792749 -0.6435744 0.7125767
vn -0.3084506 -0.6161992 0.7246315
vn -0.333079 -0.6169622 0.7130039
vn -0.3605151 -0.5920591 0.7207251
vn -0.3878902 -0.5851925 0.7120579
vn -0.4053468 -0.5598316 0.7226783
vn -0.4351634 -0.5507676 0.71218
vn -0.4511551 -0.5211341 0.7244484
vn -0.4827418 -0.5075533 0.7136448
vn -0.4953459 -0.478042 0.7253029
vn -0.5269936 -0.4609516 0.7139806
vn -0.5352336 -0.4358043 0.7235633
vn -0.5659963 -0.3925901 0.7249062
vn -0.5861385 -0.3762932 0.7175207
vn -0.5930967 -0.342204 0.7287515
vn -0.615833 -0.3259377 0.7172765
vn -0.6233406 -0.2888577 0.7266152
vn -0.6447646 -0.2713096 0.7145909
vn -0.649495 -0.2414319 0.7209693
vn -0.664449 -0.2251961 0.7125462
vn -0.6672567 -0.202826 0.7166357
vn -0.6910306 -0.09042632 0.7171239
vn -0.6971954 -0.1151463 0.7075411
vn -0.6798914 -0.15009 0.7177648
vn -0.6836451 -0.1758476 0.7082736
vn -0.5723136 -0.4073 0.7116916
vn -0.5940428 -0.3993042 0.6982941
vn -0.6123539 -0.352031 0.7078158
vn -0.6345409 -0.3572802 0.6853237
vn -0.6422926 -0.3006989 0.7049776
vn -0.6600543 -0.3032624 0.6872463
vn -0.6720786 -0.2334361 0.7026887
vn 0.7115085 -0.08471935 0.6975311
vn 0.6979278 -0.113071 0.7071444
vn 0.7011933 -0.1438947 0.6982635
vn 0.684988 -0.1709952 0.708182
vn 0.6853237 -0.1976073 0.7008881
vn 0.6697897 -0.2205572 0.709006
vn 0.6687216 -0.2454298 0.7017731
vn 0.6502884 -0.267861 0.7108677
vn 0.6468703 -0.2974334 0.7021699
vn 0.6234016 -0.3213904 0.7127598
vn 0.61742 -0.3524888 0.7032075
vn 0.586169 -0.4000366 0.7045198
vn 0.5616932 -0.4174321 0.7142857
vn 0.5512253 -0.444441 0.7060763
vn -0.3974425 -0.5781121 0.7125767
vn -0.4275338 -0.567217 0.7038484
vn -0.4452345 -0.5396588 0.7144688
vn -0.4742271 -0.5265359 0.7055574
vn -0.4910733 -0.4972686 0.7152013
vn -0.51677 -0.4845424 0.705771
vn -0.5299539 -0.4554277 0.7153233
vn -0.5553453 -0.4396191 0.7058931
vn -0.6688742 -0.2078921 0.7136753
vn -0.6903287 -0.1795098 0.7008576
vn -0.6804102 -0.143498 0.7185888
vn -0.7042146 -0.1232643 0.6991791
vn -0.6633809 -0.09292882 0.7424543
vn -0.7849361 -0.05215609 0.6173284
vn -0.3803216 -0.6005127 0.7033296
vn -0.3335063 -0.6288339 0.702353
vn -0.3064974 -0.6337779 0.7101657
vn -0.282754 -0.6563311 0.6994537
vn -0.2523881 -0.6597797 0.7077547
vn -0.2273018 -0.6799524 0.6971038
vn -0.1965087 -0.68099 0.7054048
vn -0.1780755 -0.6940824 0.6975005
vn -0.1377605 -0.7040925 0.6965545
vn -0.1158177 -0.7017731 0.7028718
vn -0.08847314 -0.7154454 0.6930143
vn -0.05920588 -0.7101352 0.701529
vn -0.03140354 -0.7210303 0.6921598
vn -0.002410948 -0.7130345 0.7010712
vn 0.02685624 -0.7215796 0.6917631
vn 0.05618453 -0.7103183 0.7016205
vn 0.087466 -0.7165136 0.6920377
vn 0.114719 -0.7025666 0.702292
vn 0.1473739 -0.7054048 0.6932585
vn 0.1730704 -0.6886807 0.704062
vn 0.2064272 -0.6884365 0.6952727
vn 0.2302011 -0.6697592 0.7059541
vn 0.2614521 -0.666097 0.6985077
vn 0.3183081 -0.6393933 0.699881
vn 0.3393658 -0.6162908 0.710593
vn 0.371044 -0.6076846 0.7021088
vn 0.3903012 -0.582934 0.7126072
vn 0.4205451 -0.572161 0.704062
vn 0.4379711 -0.5457625 0.7143163
vn 0.4678182 -0.5327616 0.7051607
vn 0.4834742 -0.5045625 0.7152623
vn 0.5128941 -0.4891507 0.7054353
vn 0.5262612 -0.4602191 0.7149876
vn -0.9248635 -0.3662831 0.102237
vn -0.9076815 -0.4033936 0.1154515
vn -0.5248574 -0.8484145 0.06842249
vn -0.4825282 -0.8735313 0.06357002
vn 0.9963073 -0.08575701 0.000640889
vn 0.9927061 -0.120365 0.001373291
vn 0.9873349 -0.1585742 0.00314337
vn 0.9805902 -0.1958678 0.005005002
vn 0.9714347 -0.2370373 0.007751643
vn 0.9608142 -0.276925 0.01080352
vn 0.9474776 -0.3194677 0.01477092
vn 0.9328898 -0.3596606 0.01757866
vn 0.9190344 -0.3935362 0.02124083
vn 0.9054537 -0.423658 0.02490305
vn 0.889645 -0.4557634 0.02746665
vn 0.8508866 -0.5244606 0.02978605
vn 0.82519 -0.5640126 0.02923673
vn 0.7970824 -0.6030153 0.03118991
vn 0.7678762 -0.639729 0.0331431
vn 0.7423627 -0.6691184 0.03387552
vn 0.7151708 -0.6980499 0.03500473
vn 0.6889249 -0.7240211 0.03421121
vn 0.6238594 -0.7808161 0.03299045
vn 0.5876644 -0.8084658 0.0318613
vn 0.5503708 -0.834376 0.02938932
vn 0.5116123 -0.8587604 0.02743613
vn 0.4758446 -0.8791467 0.02471995
vn 0.4372692 -0.8990142 0.02218693
vn 0.4018067 -0.9154943 0.01928764
vn 0.3621326 -0.9319742 0.01623582
vn 0.3231605 -0.9461653 0.01696825
vn 0.2494888 -0.9682608 0.01437419
vn 0.2096621 -0.977691 0.01141387
vn 0.1720633 -0.9850154 0.00854516
vn 0.1337016 -0.990997 0.006012141
vn 0.1039155 -0.9945677 0.003845274
vn 0.07269507 -0.9973449 0.002349913
vn 0.0426343 -0.9990845 0.000671407
vn 0.01040679 -0.999939 -0.000305185
vn -0.02719199 -0.9996033 -9.15555e-05
vn -0.06598097 -0.9978027 0.000396741
vn -0.1056246 -0.9943846 0.001800537
vn -0.1454512 -0.9893491 0.003631651
vn -0.1858272 -0.9825434 0.005737423
vn -0.4701681 -0.877987 0.0896939
vn -0.4323862 -0.9012726 0.02624589
vn -0.2263557 -0.9739983 0.008697748
vn -0.2663961 -0.9637745 0.01138335
vn -0.3072603 -0.9515061 0.01480144
vn -0.3473922 -0.9375286 0.01757866
vn -0.3890805 -0.9209266 0.02111876
vn -0.5638295 -0.8229621 0.06906336
vn -0.6612446 -0.7454451 0.08386486
vn -0.6345103 -0.7685476 0.08175909
vn -0.5815913 -0.8101749 0.0730918
vn -0.7923521 -0.6022523 0.0972014
vn -0.7644276 -0.6375927 0.09518718
vn -0.746147 -0.6584674 0.09805595
vn -0.7172155 -0.6903287 0.09503459
vn -0.6735435 -0.7339702 0.08706927
vn -0.8963897 -0.4266793 0.1199988
vn -0.870571 -0.480575 0.105533
vn -0.8567156 -0.5042878 0.108005
vn -0.8421888 -0.5281838 0.1081576
vn -0.8071841 -0.5817744 0.09961241
vn -0.967101 -0.2280343 0.1124607
vn -0.9467757 -0.3036897 0.1066622
vn -0.9390546 -0.3275246 0.1042817
vn -0.8810083 -0.01770073 0.4727012
vn -0.8121586 -0.04873806 0.5813471
vn -0.9705802 -0.1104465 0.2138737
vn -0.9800104 -0.1338847 0.1470687
vn -0.9796137 -0.1720328 0.1036103
vn -0.9717704 -0.2021851 0.1215552
vn -0.9096958 -0.1184423 0.3979614
vn -0.8975799 -0.197943 0.3938719
vn -0.8810694 -0.272927 0.3862423
vn -0.8573565 -0.3515732 0.3758659
vn -0.08438366 -0.8665426 0.4918668
vn -0.1355632 -0.8876919 0.4399853
vn -0.1126438 -0.854793 0.5065462
vn -0.2844935 -0.9100314 0.3014313
vn -0.3258156 -0.9096042 0.2577288
vn -0.2749413 -0.9067354 0.3196508
vn -0.3889584 -0.9014558 0.1898556
vn -0.4302194 -0.8941008 0.1241188
vn -0.4301584 -0.8839687 0.1830805
vn -0.4541764 -0.8857693 0.0952177
vn -0.1728873 -0.9237343 0.3417463
vn -0.1557664 -0.9012116 0.4043703
vn -0.3048799 -0.8800928 0.3639637
vn -0.4788049 -0.8545488 0.2011474
vn -0.5287637 -0.8190863 0.2223883
vn -0.5620899 -0.790582 0.2429273
vn 0.05374306 -0.8593402 0.5085299
vn 0.04654067 -0.8190863 0.5717338
vn 0.03848379 -0.8048647 0.5921812
vn -0.128727 -0.8229011 0.5533921
vn 0.03430277 -0.7687003 0.6386609
vn -0.14597 -0.7924742 0.5921506
vn -0.6088748 -0.7484359 0.2628254
vn -0.6521195 -0.703177 0.2832423
vn -0.6979278 -0.6486404 0.3034455
vn -0.2056032 -0.6510819 0.7305826
vn 0.01770073 -0.6369823 0.7706534
vn -0.1859798 -0.7043367 0.6850185
vn 0.02722251 -0.6887723 0.7244179
vn -0.1653493 -0.7519761 0.638081
vn 0.02862632 -0.7100132 0.7035737
vn 0.02633744 -0.7386395 0.6735435
vn -0.7376629 -0.5938597 0.3211157
vn -0.7653432 -0.5485397 0.3366191
vn -0.2553483 -0.4899442 0.833491
vn 0.000305185 -0.4782251 0.8782007
vn -0.2412183 -0.5475631 0.8012024
vn 0.01190221 -0.5258339 0.8504593
vn -0.2237922 -0.5976745 0.7698294
vn 0.01007109 -0.5491806 0.8356273
vn 0.01144438 -0.588641 0.8082827
vn -0.7991882 -0.4877468 0.351207
vn -0.8286996 -0.424604 0.3645741
vn -0.3404034 -0.8503677 0.4011963
vn -0.370159 -0.8214057 0.4338511
vn -0.4044923 -0.784875 0.4693747
vn -0.4421522 -0.7387005 0.5086825
vn -0.479049 -0.6867581 0.5466781
vn -0.5115208 -0.6343272 0.579577
vn -0.5383465 -0.5843379 0.6071963
vn -0.5666982 -0.5253762 0.6346629
vn -0.595172 -0.455092 0.6622822
vn -0.620777 -0.3782159 0.686697
vn -0.6424146 -0.2958769 0.7069002
vn -0.2725913 -0.4210333 0.8650777
vn -0.2874844 -0.3477889 0.8923918
vn -0.2998749 -0.2701193 0.9149144
vn -0.0132755 -0.1892147 0.9818415
vn -0.008484125 -0.2256538 0.9741508
vn -0.008178949 -0.295175 0.9553819
vn -0.001922607 -0.3576464 0.9338359
vn -0.001464843 -0.3886532 0.9213538
vn -0.00225836 -0.430433 0.9025849
vn -0.01541179 -0.1548814 0.9877926
vn -0.3095492 -0.19129 0.9314249
vn -0.6587115 -0.2115238 0.7220069
vn -0.01855522 -0.09335607 0.9954528
vn -0.3158971 -0.1114841 0.9421979
vn -0.6696982 -0.1254006 0.7319254
vn -0.01452678 -0.03811758 0.9991455
vn -0.3190405 -0.04977566 0.9464095
vn -0.6740623 -0.0579546 0.7363811
vn -0.9143345 -0.05624556 0.4009522
vn -0.9129307 -0.03759878 0.4063234
vn 0.009643793 0.000579852 0.999939
vn -0.314066 -0.02398753 0.9490646
vn -0.6723533 0.004181027 0.7401959
vn 0.774102 -0.03622543 0.6319773
vn 0.7740409 -0.03607285 -0.6320689
vn 0.7845088 -0.1268654 -0.6069827
vn 0.7858516 -0.2320017 -0.5731986
vn 0.7861874 -0.3315836 -0.5214698
vn 0.7864925 -0.420484 -0.4522843
vn 0.7846004 -0.495468 -0.372631
vn 0.7826167 -0.5583667 -0.2751244
vn 0.7816706 -0.6000549 -0.169927
vn 0.7817621 -0.6210517 -0.05536055
vn 0.7843868 -0.6172674 0.06054872
vn 0.7845699 -0.5964843 0.169103
vn 0.7834101 -0.5583972 0.2728049
vn 0.784051 -0.4968718 0.3719291
vn 0.7853328 -0.4209113 0.4539323
vn 0.7853633 -0.3322855 0.5222327
vn 0.7841426 -0.2340159 0.5747551
vn 0.7825862 -0.1240272 0.6100345
vn 0.0055238 -0.003509581 -0.9999695
vn -0.01489299 -0.03778189 -0.9991455
vn -0.001373291 0.00640887 0.9999695
vn 0.132847 -0.2188482 0.9666433
vn 0.3153477 0.02813804 0.9485458
vn 0.2794275 0.1479537 0.9486679
vn 0.6796777 0.03393656 0.7327189
vn 0.9147008 0.00527966 0.404004
vn 0.7794427 -0.2556536 0.5718864
vn 0.6983856 0.15421 0.6988739
vn 0.9508042 -0.2422864 0.192999
vn 0.9967955 0.007141292 0.07934808
vn -0.9913328 0.0902127 -0.09530925
vn -0.9949644 0.1001617 0.001373291
vn -0.98764 0.1235694 -0.09619432
vn -0.9899289 0.1413922 0.002777159
vn -0.9822382 0.1623279 -0.093997
vn -0.9831843 0.1824091 0.005035519
vn -0.975341 0.2002014 -0.09256261
vn -0.9747002 0.2233344 0.007293879
vn -0.9664907 0.2404553 -0.08957183
vn -0.964568 0.2636189 0.0102542
vn -0.9561755 0.2793359 -0.08749651
vn -0.9524827 0.3042085 0.01300084
vn -0.9433271 0.3209326 -0.08420056
vn -0.938963 0.3436079 0.01623582
vn -0.9288919 0.3612171 -0.08139282
vn -0.9229713 0.3844112 0.01806694
vn -0.9066134 0.4214301 0.02047789
vn -0.9154638 0.3947874 -0.07760852
vn -0.8873867 0.4603412 0.02450633
vn -0.9013031 0.4265572 -0.07528913
vn -0.8855861 0.458388 -0.07461774
vn -0.867336 0.4968718 0.02819907
vn -0.8454543 0.5292215 -0.07150483
vn -0.844264 0.53502 0.03045743
vn -0.82107 0.5664541 -0.07016205
vn -0.8205206 0.5706656 0.03219699
vn -0.7937559 0.604358 -0.06839197
vn -0.7927488 0.6085696 0.03353983
vn -0.7651601 0.6402478 -0.06759846
vn -0.7657704 0.6421705 0.03421121
vn -0.7387921 0.6705832 -0.06677448
vn -0.704764 0.7085177 0.03524887
vn -0.7114475 0.6995758 -0.06649982
vn -0.6736351 0.7382122 0.03503525
vn -0.6835841 0.7268288 -0.06631672
vn -0.6407056 0.7669912 0.03442484
vn -0.6190069 0.7825251 -0.06683552
vn -0.5829645 0.8097171 -0.06698811
vn -0.6066164 0.7943358 0.03198337
vn -0.5468917 0.8343455 -0.06881922
vn -0.5732902 0.8187811 0.02972501
vn -0.5087435 0.8579974 -0.07061982
vn -0.5376446 0.8427076 0.02780234
vn -0.4716025 0.8787805 -0.07278662
vn -0.5016938 0.8646504 0.02511668
vn -0.4333323 0.8979766 -0.07632678
vn -0.4647969 0.8850978 0.02276676
vn -0.3953368 0.9152501 -0.077578
vn -0.4258248 0.9045686 0.01971495
vn -0.3567308 0.9306314 -0.08145385
vn -0.387524 0.9216895 0.01690721
vn -0.3187658 0.9442121 -0.08258306
vn -0.3469344 0.9377728 0.01397746
vn -0.2800989 0.9560533 -0.08636736
vn -0.3082064 0.9512314 0.01120024
vn -0.2430799 0.9660329 -0.08761864
vn -0.2697226 0.9628895 0.008514642
vn -0.1691336 0.9813837 -0.09079253
vn -0.1961119 0.9805597 0.00540173
vn -0.1320536 0.9869381 -0.09213536
vn -0.1570788 0.9875485 0.003753721
vn -0.1018097 0.9903256 -0.09421062
vn -0.116306 0.9931638 0.001953184
vn -0.07028412 0.9929502 -0.09530925
vn -0.0743736 0.9972229 0.001739501
vn -0.03946042 0.9945677 -0.09628587
vn -0.0323801 0.9994507 0.000762963
vn -0.007507503 0.9952391 -0.09695726
vn 0.008392572 0.999939 0.000488296
vn 0.0295419 0.9948729 -0.09662157
vn 0.04828023 0.9988098 0.001037597
vn 0.06729328 0.9931028 -0.09570604
vn 0.087466 0.9961547 0.001678466
vn 0.1060518 0.9898068 -0.09472942
vn 0.1266518 0.9919126 0.003448545
vn 0.145085 0.9850764 -0.09237951
vn 0.1664479 0.9860225 0.005310177
vn 0.1859493 0.9783014 -0.09106719
vn 0.2067934 0.9783319 0.007599055
vn 0.2270272 0.9699088 -0.08774071
vn 0.2485733 0.9685354 0.009582757
vn 0.2879421 0.9575487 0.01144438
vn 0.2685323 0.9594409 -0.08542126
vn 0.3696707 0.929014 0.01498454
vn 0.3086947 0.9475997 -0.08185064
vn 0.4104434 0.9116795 0.0178228
vn 0.3498642 0.9333476 -0.08017212
vn 0.4505752 0.8924528 0.02166813
vn 0.3885922 0.9182104 -0.07638782
vn 0.4908902 0.8708762 0.02404856
vn 0.4284188 0.9005402 -0.07376319
vn 0.526719 0.8495743 0.02722251
vn 0.6330454 0.773339 0.03372293
vn 0.5983154 0.800531 0.0336619
vn 0.5630665 0.8258004 0.03112888
vn 0.7008271 0.7124241 0.03494364
vn 0.6650288 0.7459334 0.03530991
vn 0.8193304 0.5728324 0.02258366
vn 0.7878048 0.615009 0.0333262
vn 0.7612232 0.6475113 0.0348826
vn 0.7291787 0.6834926 0.03341776
vn 0.8693503 0.4940947 0.00943017
vn 0.8345897 0.5506455 0.01342809
vn 0.9609363 0.2764061 0.01303136
vn 0.9468673 0.3210547 0.01770073
vn 0.931608 0.3627735 0.02172917
vn 0.915891 0.4008301 0.02059996
vn 0.8744469 0.4848476 -0.01440471
vn 0.9959716 0.08957183 0.003601133
vn 0.9921873 0.1244544 0.005127072
vn 0.9863582 0.1644032 0.002349913
vn 0.9804376 0.1963561 0.01254308
vn 0.967803 0.2515336 -0.005249142
vn -0.9205298 0.09109771 -0.3798334
vn -0.7059847 0.07773059 -0.7039094
vn -0.3842585 0.05246126 -0.92172
vn -0.099002 0.02710038 -0.9946898
vn -0.9129002 0.1556138 -0.3773003
vn -0.8990142 0.2282479 -0.3736991
vn -0.8782922 0.303354 -0.3695181
vn -0.8529924 0.3722037 -0.3658254
vn -0.8252816 0.4323862 -0.3632008
vn -0.7889035 0.4981842 -0.3597217
vn -0.7407758 0.5687735 -0.3573412
vn -0.6893521 0.6306955 -0.3563036
vn -0.6373791 0.6833705 -0.3559374
vn -0.5771355 0.7347636 -0.3563951
vn -0.5090488 0.7827388 -0.3579821
vn -0.4384899 0.8232979 -0.360332
vn -0.3670461 0.8562273 -0.3634449
vn -0.2955718 0.881985 -0.3670461
vn -0.2248298 0.9011505 -0.3705557
vn -0.1561021 0.9143651 -0.373516
vn -0.09372234 0.9218726 -0.375927
vn -0.03610336 0.9255349 -0.3769036
vn 0.02746665 0.92584 -0.3768426
vn 0.09799492 0.921598 -0.3755303
vn 0.1720023 0.9117405 -0.3729362
vn 0.248268 0.8954436 -0.3694266
vn 0.3240761 0.8724327 -0.3657643
vn 0.3954283 0.8442335 -0.3617359
vn -0.700766 0.1266518 -0.7020173
vn -0.3820917 0.07846307 -0.9207739
vn -0.6906339 0.1825007 -0.6997589
vn -0.3768426 0.1089816 -0.9198279
vn -0.6753746 0.2403942 -0.6971648
vn -0.3688162 0.1406903 -0.9187597
vn -0.6561174 0.2934049 -0.6952422
vn -0.3579821 0.1694692 -0.9181799
vn -0.6349986 0.3399152 -0.6936552
vn -0.3465071 0.1949522 -0.917539
vn -0.6076846 0.3910337 -0.6912137
vn -0.3323161 0.2232429 -0.9163488
vn -0.5709097 0.4455092 -0.6895962
vn -0.3122959 0.2531205 -0.9156163
vn -0.5310526 0.4930265 -0.689108
vn -0.29017 0.2787865 -0.9154332
vn -0.4908597 0.5335856 -0.6887112
vn -0.2681356 0.3009125 -0.9151586
vn -0.4445021 0.5730155 -0.688467
vn -0.2430494 0.3226722 -0.9147313
vn -0.391644 0.6095767 -0.689169
vn -0.2140263 0.3424787 -0.9147923
vn -0.3371379 0.6400952 -0.6903592
vn -0.1840876 0.3588671 -0.9150364
vn -0.2818689 0.6646931 -0.6918546
vn -0.1538133 0.3720206 -0.9153722
vn -0.2265694 0.6837672 -0.6935942
vn -0.1235084 0.3821222 -0.9157994
vn -0.172277 0.6976836 -0.6953642
vn -0.09384441 0.3893857 -0.9162572
vn -0.119541 0.7071139 -0.6968902
vn -0.06509596 0.3942381 -0.9166845
vn -0.0716269 0.7121495 -0.6983551
vn -0.03894162 0.3964354 -0.9172033
vn -0.02752768 0.714774 -0.6987823
vn -0.01495403 0.3978087 -0.9173254
vn 0.02105772 0.7152928 -0.6984772
vn 0.01144438 0.3985107 -0.9170812
vn 0.07504498 0.7124241 -0.6976836
vn 0.04086428 0.3971679 -0.9168065
vn 0.1318094 0.7055574 -0.6962493
vn 0.07184052 0.3937803 -0.9163793
vn 0.190405 0.6938383 -0.6944487
vn 0.103824 0.3877071 -0.915891
vn 0.2486343 0.6769311 -0.6927397
vn 0.1356548 0.3786737 -0.9154943
vn 0.3023774 0.6565752 -0.6909696
vn 0.1637012 0.3681142 -0.9152501
vn -0.09921562 0.03357034 -0.9944761
vn -0.09793388 0.04150515 -0.9943236
vn -0.09595018 0.04977566 -0.9941099
vn -0.09286779 0.05716115 -0.9940184
vn -0.089877 0.06378364 -0.9938963
vn -0.08651995 0.0712912 -0.9936827
vn -0.08133178 0.07910394 -0.9935301
vn -0.0754112 0.08560442 -0.9934386
vn -0.06967371 0.09137237 -0.993347
vn -0.06326484 0.09717088 -0.9932249
vn -0.05569624 0.1022675 -0.9931638
vn -0.04788351 0.1064791 -0.9931333
vn -0.03997921 0.1098361 -0.9931333
vn -0.03207492 0.1123996 -0.9931333
vn -0.02435374 0.1142308 -0.9931333
vn -0.01684617 0.115421 -0.9931638
vn -0.01007109 0.1157567 -0.9931638
vn -0.003845274 0.1161534 -0.9931638
vn 0.002960264 0.1165502 -0.9931638
vn 0.01058989 0.116245 -0.9931333
vn 0.01867729 0.115482 -0.9931028
vn 0.02697831 0.1139561 -0.9931028
vn 0.03527939 0.1116367 -0.9931028
vn 0.04168826 0.1083407 -0.9932249
vn 0.1132541 -0.9313334 -0.3460799
vn 0.09317296 -0.8691061 -0.485702
vn 0.1044954 -0.9606006 -0.2574236
vn 0.1033661 -0.9797357 -0.1713919
vn 0.09421062 -0.8511002 -0.5164342
vn 0.08700823 -0.8174688 -0.5693228
vn 0.07773059 -0.8263802 -0.5576648
vn 0.1291849 -0.9856563 0.1083712
vn 0.1195105 -0.9905698 -0.066805
vn 0.1101413 -0.9658192 -0.2345652
vn 0.1144444 -0.9755241 0.1875972
vn 0.1006195 -0.9613941 0.2561113
vn 0.1202734 -0.9668264 0.2252571
vn 0.1209143 -0.8042543 0.5818049
vn 0.1207007 -0.8539689 0.506119
vn 0.07943964 -0.7667776 0.6369518
vn 0.1163976 -0.8715171 0.4763024
vn 0.126255 -0.9069491 0.4018372
vn 0.0871303 -0.438612 0.894406
vn 0.043733 -0.4317454 0.9009064
vn 0.08569598 -0.1405987 0.9863277
vn 0.0112918 -0.1244544 0.9921568
vn 0.09183019 -0.5789056 0.8101749
vn 0.08829003 -0.6062197 0.7903379
vn 0.1100497 -0.6723838 0.7319254
vn 0.00741595 -0.0877102 0.9960936
vn 0.04412972 -0.4338511 0.8998688
vn 0.08011108 -0.7697989 0.633198
vn 0.1011688 -0.9631031 0.2492446
vn 0.1035493 -0.9780267 -0.1808832
vn 0.06976526 -0.8590961 -0.5069735
vn 0.4237495 -0.7587206 0.494705
vn 0.09048736 -0.8313853 -0.5482345
vn 0.1170384 -0.8606525 -0.495529
vn 0.2123478 -0.9432661 -0.2551652
vn 0.1682485 -0.9168981 -0.3618885
vn 0.09762871 -0.8287606 -0.5509812
vn 0.05813771 -0.8342845 -0.5482345
vn 0.1428571 -0.850032 -0.5069125
vn 0.1208838 -0.8462477 -0.5188452
vn 0.2345347 -0.8744469 -0.4246345
vn 0.2471694 -0.8481704 -0.4684897
vn 0.3251137 -0.8883633 -0.3241066
vn 0.3499252 -0.8445387 -0.4053163
vn 0.2636494 -0.9611194 -0.08188116
vn 0.4477065 -0.8196662 -0.3572497
vn 0.417127 -0.8824732 -0.2172613
vn 0.4953154 -0.8049257 -0.3266396
vn 0.499588 -0.8589435 -0.112125
vn 0.580462 -0.7745293 -0.2512894
vn 0.3537706 -0.9224525 0.1544846
vn 0.3202918 -0.9465011 0.03897213
vn 0.5823237 -0.8128605 0.01052886
vn 0.3968322 -0.8571429 0.3282876
vn 0.6557512 -0.7428205 0.1348002
vn 0.6519059 -0.7303079 -0.2040467
vn 0.696524 -0.6996368 -0.1590319
vn 0.7796869 -0.6233711 -0.05862605
vn 0.8503677 -0.5254067 0.02819907
vn 0.7026582 -0.6659749 0.2503738
vn 0.4359569 -0.7087924 0.5545213
vn 0.7293008 -0.6137883 0.3022248
vn 0.4560686 -0.5277871 0.7165136
vn 0.4506058 -0.6275521 0.6348766
vn 0.4586627 -0.3760491 0.8050783
vn 0.4378796 -0.1440778 0.8873867
vn 0.7449263 -0.5685293 0.3490402
vn 0.7656789 -0.4976043 0.4075441
vn 0.7883847 -0.4170354 0.4521927
vn 0.8134403 -0.2833644 0.5079196
vn 0.8700217 -0.4859462 0.08291876
vn 0.8779565 -0.4698629 0.09155553
vn 0.8972442 -0.4290597 0.1040376
vn 0.9125339 -0.3921018 0.1162145
vn 0.9436323 -0.3061006 0.1257362
vn 0.9615162 -0.2426527 0.128727
vn 0.122959 -0.03924679 0.9916074
vn 0.1280251 -0.02856528 0.9913328
vn 0.4833827 -0.1019623 0.8694113
vn 0.4944304 -0.05902278 0.8671835
vn 0.8489334 -0.1615344 0.5031587
vn 0.8604389 -0.08523815 0.5023347
vn 0.9754631 -0.1776177 0.1299478
vn 0.9869686 -0.09216588 0.1318399
vn 0.1289407 -0.02374339 0.9913633
vn 0.1297952 -0.02069151 0.9913023
vn 0.4970549 -0.04000973 0.8667562
vn 0.4991607 -0.02795493 0.8660237
vn 0.8640095 -0.05191195 0.5007477
vn 0.8660237 -0.03097623 0.4990081
vn 0.9898374 -0.05639815 0.130375
vn 0.9911801 -0.03027433 0.1288796
vn 0.9911496 -0.03021329 -0.1290017
vn 0.9898068 -0.05642867 -0.1306192
vn 0.9828791 -0.1290932 -0.1312906
vn -0.609241 -0.02832114 0.7924436
vn 0.1874446 -0.6879177 0.7011017
vn 0.1157567 -0.6799524 0.7240211
vn 0 -0.01742607 0.9998474
vn 0.3164464 -0.6384778 0.701529
vn 0.2443006 -0.644673 0.7243263
vn 0 -0.01745659 0.9998474
vn 0.6142155 -0.3564867 0.704001
vn 0.5570849 -0.402356 0.7264321
vn 0 -0.01742607 0.9998474
vn 0.3637196 -0.5850399 0.7248451
vn 0 -0.01742607 0.9998474
vn 0 -0.01742607 0.9998474
vn 0 -0.01742607 0.9998474
vn 0.4335154 -0.5647755 0.7021699
vn 0 -0.01742607 0.9998474
vn 0.4692831 -0.5032808 0.725547
vn -0.347972 -0.6216925 0.7016816
vn 0 -0.01742607 0.9998474
vn -0.2761315 -0.6315805 0.7244484
vn 0 -0.01745659 0.9998474
vn -0.2215644 -0.677633 0.7011933
vn 0 -0.01742607 0.9998474
vn -0.1494796 -0.6732689 0.7240822
vn 0 -0.01742607 0.9998474
vn -0.08676409 -0.7078768 0.7009491
vn 0 -0.01742607 0.9998474
vn -0.01718187 -0.6895962 0.7239601
vn 0 -0.01742607 0.9998474
vn 0.05130159 -0.7113559 0.7009186
vn 0 -0.01742607 0.9998474
vn 0 -0.01742607 0.9998474
vn 0 -0.01742607 0.9998474
vn -0.493759 -0.4789575 0.7257607
vn 0.7015595 -0.0941801 0.7063509
vn 0.6663106 -0.1588793 0.7285379
vn 0 -0.01742607 0.9998474
vn -0.4611652 -0.5421614 0.7023835
vn 0.6936552 -0.05926692 0.7178259
vn 0.6235847 -0.2860805 0.7275002
vn 0 -0.01742607 0.9998474
vn 0 -0.01742607 0.9998474
vn -0.3923765 -0.5659963 0.7250282
vn 0 -0.01745659 0.9998474
vn 0 -0.01745659 0.9998474
vn -0.5764031 -0.3736991 0.7266762
vn -0.6311533 -0.3249611 0.7042452
vn -0.6369823 -0.2541581 0.7277444
vn -0.6812952 -0.1954405 0.7053743
vn -0.6747642 -0.1337626 0.7257607
vn -0.6971648 -0.05050808 0.7151097
vn 0 -0.01745659 0.9998474
vn 0 -0.01742607 0.9998474
vn 0.5340434 -0.4695883 0.7029939
vn 0 -0.01742607 0.9998474
vn 0 -0.01745659 0.9998474
vn 0 -0.01742607 0.9998474
vn 0 -0.01742607 0.9998474
vn 0.6708579 -0.2297128 0.7050691
vn 0 -0.01742607 0.9998474
vn 0 -0.01742607 0.9998474
vn -0.5567797 -0.4419996 0.703238
vn 0 -0.01742607 0.9998474
vn 0.6945403 -0.03347879 -0.7186499
vn 0.7029634 -0.06967371 -0.7077547
vn -0.6983856 -0.02496409 -0.7152623
vn -0.6772058 -0.1075167 -0.7278665
vn -0.6844081 -0.1716055 -0.7086093
vn -0.6416822 -0.2289499 -0.731956
vn -0.6360668 -0.3027131 -0.7097384
vn -0.5827814 -0.3507187 -0.7330241
vn -0.5627613 -0.4219489 -0.7107761
vn -0.5008392 -0.4586627 -0.7339702
vn -0.4672689 -0.5245217 -0.7116916
vn -0.3990905 -0.5484482 -0.7347636
vn -0.3532823 -0.6063417 -0.7123936
vn -0.2814417 -0.6164129 -0.7353435
vn -0.2252571 -0.6640523 -0.7129124
vn -0.1525315 -0.6598102 -0.7357403
vn -0.08829003 -0.6953642 -0.713187
vn -0.01754814 -0.676809 -0.7359234
vn 0.0521866 -0.6989654 -0.7132176
vn 0.1181371 -0.6667684 -0.7358013
vn 0.1906186 -0.6747032 -0.7130039
vn 0.2490921 -0.6300547 -0.7354961
vn 0.3214209 -0.6236152 -0.7125462
vn 0.3700979 -0.5681631 -0.7349467
vn 0.4394971 -0.5477157 -0.7119053
vn 0.4763939 -0.4836878 -0.7341838
vn 0.5401471 -0.450148 -0.7110202
vn 0.5637685 -0.380047 -0.7332682
vn 0.6194647 -0.3347575 -0.7100437
vn 0.6288644 -0.26133 -0.7322611
vn 0.6744896 -0.2062135 -0.708884
vn 0.6692709 -0.1325418 -0.7310709
vn -0.793115 -0.000122074 -0.6090274
vn -0.7926878 -0.000122074 0.6096072
vn 0.4383984 -0.1506699 -0.8860439
vn 0.0786767 -0.1177404 -0.9898984
vn 0.06692707 -0.3081454 -0.9489731
vn 0.8064821 -0.3006989 -0.5090488
vn 0.464217 -0.282754 -0.8393506
vn 0.93408 -0.3335063 -0.1274148
vn 0.8025147 -0.3618885 -0.4743187
vn 0.07608264 -0.4185308 -0.9049959
vn 0.457625 -0.4030274 -0.7925352
vn 0.08532971 -0.4768212 -0.8748131
vn 0.4517655 -0.5281533 -0.718955
vn 0.09704881 -0.6132389 -0.7838984
vn 0.1056246 -0.7024446 -0.7038179
vn 0.4422437 -0.6465346 -0.6215705
vn 0.1171605 -0.8106632 -0.5736259
vn 0.4215522 -0.7144994 -0.5583056
vn 0.7866146 -0.4349192 -0.4382458
vn 0.7668997 -0.5101779 -0.3892941
vn 0.7461165 -0.5765557 -0.3328959
vn 0.7155064 -0.6520585 -0.2505875
vn 0.9230934 -0.365276 -0.1199988
vn 0.911069 -0.3975646 -0.10889
vn 0.890286 -0.4436171 -0.1026032
vn 0.8779259 -0.4688253 -0.0970183
vn 0.8437147 -0.5357524 -0.03280735
vn 0.7772759 -0.6271249 0.05008083
vn 0.6655477 -0.7357097 -0.125309
vn 0.5891293 -0.8080081 0.000793481
vn 0.07724231 -0.8268074 0.5571154
vn 0.09283727 -0.8315379 0.5476241
vn 0.09036529 -0.8204901 0.5644398
vn 0.1275674 -0.8618732 0.4907071
vn 0.1092867 -0.8544267 0.507889
vn 0.1578417 -0.9191565 0.3607898
vn 0.05435341 -0.8345286 0.5482345
vn 0.09823906 -0.8283029 0.5515305
vn 0.1075778 -0.8457289 0.522599
vn 0.1473128 -0.8463393 0.5118259
vn 0.2345347 -0.8506425 0.4704734
vn 0.2413709 -0.8700217 0.4298532
vn 0.3476364 -0.8485671 0.3988159
vn 0.3374432 -0.8832972 0.3253883
vn 0.4155706 -0.8359325 0.3584704
vn 0.4224677 -0.8774987 0.2269051
vn 0.3137302 -0.9489426 -0.03176975
vn 0.1184423 -0.9919431 0.04489272
vn 0.2641072 -0.9583423 0.1085848
vn 0.1242408 -0.9748222 0.1851252
vn 0.2263863 -0.9469283 0.2281869
vn 0.1077303 -0.9633473 0.2456129
vn 0.1020844 -0.9199194 0.3784906
vn 0.4865566 -0.8094424 0.3286538
vn 0.5785699 -0.778222 0.2441175
vn 0.5114292 -0.8515275 0.1153905
vn 0.6286813 -0.7499619 0.2055727
vn 0.6919156 -0.704062 0.1597033
vn 0.3570361 -0.9162267 -0.1816156
vn 0.391705 -0.8630635 -0.3188269
vn 0.1209143 -0.8714255 -0.4753563
vn 0.1243324 -0.9218726 -0.3669241
vn 0.120365 -0.9581897 -0.2595599
vn 0.1210669 -0.9715567 -0.2034059
vn 0.1192052 -0.9907224 -0.06503492
vn 0.04397714 -0.4315623 -0.9009979
vn 0.01126128 -0.1244544 -0.9921568
vn 0.07965326 -0.7668691 -0.6368297
vn 0.1006805 -0.9613636 -0.2561724
vn 0.1034577 -0.9797357 0.1714529
vn 0.09317296 -0.8691061 0.4857631
vn 0.1037019 -0.9779962 0.1808832
vn 0.1013214 -0.9631031 -0.2492446
vn 0.08017212 -0.7697989 -0.633198
vn 0.04419076 -0.4338206 -0.8998993
vn 0.007446467 -0.0878933 -0.9960936
vn -0.6935331 -0.05929744 -0.717948
vn -0.694937 -0.03347879 0.7182531
vn -0.7029939 -0.06973475 0.7077242
vn 0.6979888 -0.02496409 0.7156285
vn 0.6972869 -0.05047756 -0.7149876
vn 0.6772058 -0.1075167 0.7278665
vn 0.6747947 -0.1337626 -0.7257607
vn 0.6844081 -0.1716055 0.7085788
vn 0.6812952 -0.1954405 -0.7053743
vn 0.6416822 -0.2289499 0.731956
vn 0.6369823 -0.2541581 -0.7277444
vn 0.6360668 -0.3027131 0.7097384
vn 0.6311533 -0.3249611 -0.7042757
vn 0.5827814 -0.3507187 0.7330241
vn 0.5764031 -0.3736991 -0.7266762
vn 0.5627613 -0.4219489 0.7107761
vn 0.5567797 -0.4419996 -0.703238
vn 0.5008392 -0.4586627 0.7339702
vn 0.493759 -0.4789575 -0.7257607
vn 0.4672689 -0.5245217 0.7116916
vn 0.4611652 -0.5421614 -0.7023835
vn 0.3990905 -0.5484482 0.7347636
vn 0.3923765 -0.5659963 -0.7250282
vn 0.3532823 -0.6063112 0.7123936
vn 0.347972 -0.6216925 -0.7016816
vn 0.2814417 -0.6164129 0.7353435
vn 0.2761315 -0.63155 -0.7244484
vn 0.2252571 -0.6640523 0.7129124
vn 0.2215644 -0.677633 -0.7011933
vn 0.1525315 -0.6598102 0.7357403
vn 0.1494796 -0.6732689 -0.7240822
vn 0.08829003 -0.6953642 0.713187
vn 0.08676409 -0.7079073 -0.7009491
vn 0.01754814 -0.676809 0.7359234
vn 0.01718187 -0.6895962 -0.7239601
vn -0.05215609 -0.698996 0.713187
vn -0.05130159 -0.7113865 -0.7009186
vn -0.1181371 -0.6667684 0.7358013
vn -0.1157567 -0.6799524 -0.7240211
vn -0.1906186 -0.6747032 0.7130039
vn -0.1874446 -0.6879482 -0.7011017
vn -0.2490921 -0.6300547 0.7354961
vn -0.2443006 -0.644673 -0.7243263
vn -0.3214209 -0.6236152 0.7125767
vn -0.3164464 -0.6384778 -0.701529
vn -0.3700979 -0.5681631 0.7349467
vn -0.3636891 -0.5850399 -0.7248451
vn -0.4394971 -0.5477157 0.7119053
vn -0.4335154 -0.5647755 -0.7021699
vn -0.4763939 -0.4836878 0.7341838
vn -0.4692831 -0.5032808 -0.725547
vn -0.5401471 -0.450148 0.7110202
vn -0.5340434 -0.4695883 -0.7029939
vn -0.5637685 -0.380047 0.7332682
vn -0.5570849 -0.402356 -0.7264321
vn -0.6194647 -0.3347575 0.7100437
vn -0.6142155 -0.3564867 -0.704001
vn -0.6288339 -0.2613605 0.7322611
vn -0.6235847 -0.2860805 -0.7275002
vn -0.674459 -0.2062135 0.708884
vn -0.6708579 -0.2297128 -0.7050691
vn -0.6694846 -0.1325113 0.7308878
vn -0.6665548 -0.1588183 -0.7283242
vn -0.7015595 -0.09424114 -0.7063204
vn 0 -0.01742607 -0.9998474
vn 0 -0.01742607 -0.9998474
vn 0 -0.01742607 -0.9998474
vn 0 -0.01742607 -0.9998474
vn 0 -0.01742607 -0.9998474
vn 0 -0.01745659 -0.9998474
vn 0 -0.01742607 -0.9998474
vn 0 -0.01742607 -0.9998474
vn 0.1207007 -0.04873806 -0.9914854
vn 0 -0.01742607 -0.9998474
vn 0 -0.01742607 -0.9998474
vn 0 -0.01742607 -0.9998474
vn 0 -0.01742607 -0.9998474
vn 0 -0.01742607 -0.9998474
vn 0 -0.01742607 -0.9998474
vn 0 -0.01745659 -0.9998474
vn 0 -0.01742607 -0.9998474
vn 0.124607 -0.03286838 -0.991638
vn 0.1290017 -0.02368235 -0.9913328
vn 0 -0.01745659 -0.9998474
vn 0 -0.01745659 -0.9998474
vn 0 -0.01742607 -0.9998474
vn 0 -0.01742607 -0.9998474
vn 0 -0.01742607 -0.9998474
vn 0 -0.01742607 -0.9998474
vn 0 -0.01742607 -0.9998474
vn -0.6095462 -0.02829062 -0.79223
vn 0.1299478 -0.02069151 -0.9912717
vn 0 -0.01742607 -0.9998474
vn 0 -0.01745659 -0.9998474
vn 0 -0.01742607 -0.9998474
vn 0 -0.01742607 -0.9998474
vn 0 -0.01742607 -0.9998474
vn 0 -0.01742607 -0.9998474
vn 0 -0.01742607 -0.9998474
vn 0 -0.01742607 -0.9998474
vn 0 -0.01742607 -0.9998474
vn 0.4991607 -0.02792441 -0.8660237
vn 0.8660542 -0.03082364 -0.4989471
vn 0.497116 -0.04000973 -0.8667562
vn 0.4881131 -0.07693713 -0.8693503
vn 0.8640095 -0.05194246 -0.5007477
vn 0.8555559 -0.1176183 -0.5041353
vn 0.9404889 -0.3136997 -0.1305887
vn 0.9588305 -0.2518388 -0.1310464
vn 0.8342235 -0.2245246 -0.5035859
vn 0.4747765 -0.1382488 -0.8691366
vn 0.8460952 -0.530961 0.04651015
vn 0.8394421 -0.5408796 -0.0525223
vn 0.8740807 -0.485702 -0.005859553
vn 0.862331 -0.505234 0.03274631
vn 0.7340312 -0.6790674 0.001312255
vn 0.733665 -0.6794641 -0.001831054
vn 0.8341929 -0.5514389 -0.001525878
vn 0.7357708 -0.6771752 -0.006836116
vn 0.7443159 -0.6676229 -0.01431316
vn 0.8312327 -0.5542162 0.04300057
vn 0.7966552 -0.6032289 0.03753775
vn 0.7672353 -0.6407666 0.02710038
vn 0.7488327 -0.6625263 0.01693773
vn 0.7428205 -0.6694235 0.009002923
vn 0.7368389 -0.6760155 0.004577755
vn 0.7608875 -0.6484268 -0.02356028
vn 0.7801752 -0.6248665 -0.02887046
vn 0.7936033 -0.6072268 -0.03738516
vn 0.8268685 -0.560625 -0.04446542
vn 0.696524 -0.6931974 -0.1852473
vn 0.4163335 -0.8342235 -0.3614917
vn 0.1674245 -0.8670919 -0.4691305
vn 0.1679433 -0.8665731 0.4698629
vn 0.4189886 -0.8320261 0.363506
vn 0.6975616 -0.6897183 0.1940977
vn 0.4011353 -0.8596759 0.3162328
vn 0.1729789 -0.8837245 0.4347972
vn 0.1676381 -0.8984039 0.4058352
vn 0.1511887 -0.9303873 0.3338725
vn 0.3801385 -0.887875 0.2591632
vn 0.1507309 -0.9515061 0.2681356
vn 0.3614307 -0.9108554 0.1991027
vn 0.1546983 -0.9630726 0.2203131
vn 0.3493149 -0.9251686 0.1483504
vn 0.1474349 -0.9702445 0.1920225
vn 0.1276589 -0.9819025 0.1396527
vn 0.3420515 -0.9335307 0.1072115
vn 0.1448408 -0.9816584 0.123722
vn 0.3351848 -0.9400616 0.06216615
vn 0.1496933 -0.9853206 0.08197271
vn 0.1366924 -0.9905698 0.008453607
vn 0.3322245 -0.9431135 0.01058989
vn 0.142674 -0.9887692 -0.04440438
vn 0.1514633 -0.9853206 -0.0786767
vn 0.3376568 -0.9376202 -0.08270514
vn 0.3335673 -0.9419538 -0.03747671
vn 0.1493576 -0.9825434 -0.1107211
vn 0.1471297 -0.9738152 -0.1731315
vn 0.3450117 -0.9293497 -0.1312296
vn 0.1557054 -0.9582812 -0.2396008
vn 0.3568529 -0.9159215 -0.1835688
vn 0.1606189 -0.9490951 -0.2709128
vn 0.3703116 -0.9010895 -0.2255318
vn 0.6706137 -0.7224952 0.1679433
vn 0.6370739 -0.7582018 0.1386761
vn 0.6072268 -0.787347 0.1062349
vn 0.5854671 -0.8068178 0.07892084
vn 0.5758233 -0.8156072 0.05615401
vn 0.5640126 -0.8250679 0.03305155
vn 0.5590381 -0.8290963 0.005767941
vn 0.5612964 -0.8273568 -0.01959288
vn 0.5674917 -0.8221992 -0.04354989
vn 0.580462 -0.811304 -0.06936854
vn 0.5999634 -0.7940611 -0.09735405
vn 0.6236763 -0.7727287 -0.1176794
vn 0.6336253 -0.760857 -0.1398663
vn 0.6652425 -0.7277444 -0.1667531
vn 0.1727958 -0.8863796 -0.4294565
vn 0.3968017 -0.8643453 -0.3088473
vn 0.1667531 -0.9031037 -0.395703
vn 0.3797113 -0.887814 -0.2598651
vn 0.153447 -0.9295633 -0.3351237
vn 0.1510971 -0.9415876 -0.3009125
vn 0.04510635 -0.8192389 -0.5716422
vn 0.03823965 -0.8070009 -0.5892514
vn 0.03100675 -0.7701041 -0.6371044
vn 0.01413005 -0.6390271 -0.7690359
vn 0.0266121 -0.6913968 -0.7219459
vn 0.02746665 -0.7169713 -0.696524
vn 0.01983702 -0.7351298 -0.6776025
vn -0.002777159 -0.4800562 -0.8771935
vn 0.01098662 -0.5278787 -0.8492081
vn -0.00125122 -0.5613269 -0.8275704
vn -0.001373291 -0.5858944 -0.810358
vn -0.01937925 -0.2924588 -0.9560533
vn -0.002960264 -0.3595691 -0.9331035
vn -0.01358073 -0.4020814 -0.9154943
vn -0.01879936 -0.4259774 -0.9045076
vn -0.0190435 -0.09274572 -0.9954833
vn -0.01553392 -0.155919 -0.98764
vn -0.02771079 -0.2047181 -0.9784234
vn -0.04318368 -0.2251045 -0.9733573
vn -0.9785455 -0.1400189 -0.150914
vn -0.9806513 -0.1662037 -0.1033051
vn -0.8979766 -0.1980041 -0.3928953
vn -0.9716483 -0.2032227 -0.1206091
vn -0.9620655 -0.2429273 -0.1241188
vn -0.8803675 -0.2751854 -0.3862117
vn -0.3090609 -0.1919004 -0.9314554
vn -0.9378338 -0.3301798 -0.1068453
vn -0.9250771 -0.3654592 -0.1030305
vn -0.8296457 -0.4242378 -0.3628346
vn -0.9138463 -0.3919187 -0.1059908
vn -0.8973052 -0.4289987 -0.1036714
vn -0.7978454 -0.4904019 -0.3505051
vn -0.2712485 -0.4223456 -0.8648641
vn -0.8601642 -0.4993438 -0.1036103
vn -0.8417615 -0.530198 -0.1013519
vn -0.7357403 -0.5968505 -0.3200171
vn -0.2223883 -0.5986816 -0.7694632
vn -0.7929319 -0.6015504 -0.09653002
vn -0.7643971 -0.6376842 -0.09494304
vn -0.6535844 -0.7025056 -0.2815638
vn -0.7471237 -0.6575213 -0.09704881
vn -0.7170019 -0.6910917 -0.09103667
vn -0.6069521 -0.7505417 -0.261269
vn -0.1629383 -0.7540819 -0.6362194
vn -0.1268044 -0.8218024 -0.5554674
vn -0.3380841 -0.8504593 -0.4029664
vn -0.3027436 -0.8807337 -0.3641468
vn -0.1278725 -0.9050874 -0.4054994
vn -0.04507583 -0.8511918 -0.5228736
vn -0.1082186 -0.8565325 -0.5045625
vn -0.003356993 -0.8457595 -0.5335246
vn -0.4066286 -0.8949858 -0.1832941
vn -0.2985321 -0.9048433 -0.3034455
vn -0.2720725 -0.9079257 -0.3187353
vn -0.2648091 -0.9097568 -0.3196508
vn -0.1725822 -0.9246193 -0.3394574
vn -0.4275033 -0.8863186 -0.1778923
vn -0.4486221 -0.8824427 -0.1413007
vn -0.4863125 -0.8706321 -0.07370215
vn -0.4864956 -0.8703879 -0.07544171
vn -0.08188116 -0.9632252 -0.2558672
vn -0.4802088 -0.8531144 -0.2038636
vn -0.5265359 -0.8210089 -0.2206183
vn -0.6605731 -0.7459639 -0.0844447
vn -0.6344188 -0.7689749 -0.07852411
vn -0.5851619 -0.8075503 -0.07351905
vn -0.5656301 -0.821833 -0.0678426
vn -0.525071 -0.8485977 -0.06427198
vn -0.6769311 -0.7308573 -0.08709979
vn -0.5635243 -0.7886593 -0.245735
vn -0.3678701 -0.8212836 -0.4359569
vn -0.1488083 -0.7906125 -0.5939207
vn -0.4019288 -0.784875 -0.4715415
vn -0.4395581 -0.7387005 -0.5109409
vn -0.183111 -0.7034516 -0.686697
vn -0.8098392 -0.5782342 -0.09884941
vn -0.699118 -0.6464126 -0.3055513
vn -0.476455 -0.6867581 -0.5489059
vn -0.2057253 -0.6489151 -0.7324748
vn -0.5091098 -0.6345103 -0.5814997
vn -0.8724327 -0.4777367 -0.1027863
vn -0.7662587 -0.5461288 -0.3384808
vn -0.5361797 -0.5842158 -0.6092105
vn -0.2384105 -0.5472579 -0.8022401
vn -0.5644093 -0.5254067 -0.6366466
vn -0.2550737 -0.4877773 -0.8348338
vn -0.5930967 -0.4551531 -0.6641133
vn -0.9479049 -0.3002716 -0.1061128
vn -0.8578143 -0.3498032 -0.3765374
vn -0.6189459 -0.3783074 -0.6882839
vn -0.2853481 -0.347087 -0.8933378
vn -0.6409192 -0.2960295 -0.708182
vn -0.299295 -0.2685323 -0.9155553
vn -0.6576434 -0.2116764 -0.7229225
vn -0.9707022 -0.1100497 -0.2135075
vn -0.9097873 -0.1182287 -0.3978698
vn -0.6690573 -0.1256142 -0.7325053
vn -0.3151036 -0.1110568 -0.9425032
vn -0.7987915 -0.04870754 -0.5996277
vn -0.9142125 -0.05679494 -0.4012268
vn -0.6738487 -0.0579546 -0.7365642
vn -0.3187963 -0.04925686 -0.9465316
vn 0.6810206 -0.2106387 -0.7012848
vn 0.6667684 -0.2322763 -0.708121
vn -0.4535356 -0.5321512 -0.7148656
vn 0.6645711 -0.2559893 -0.7019867
vn -0.4881741 -0.5131077 -0.7059541
vn -0.4986419 -0.4880215 -0.7163305
vn -0.5284585 -0.469161 -0.7075106
vn -0.5387433 -0.4459975 -0.714713
vn -0.5606861 -0.4296396 -0.7077853
vn -0.5700858 -0.3993957 -0.7179175
vn -0.5979492 -0.3793451 -0.7060457
vn 0.7115085 -0.09314244 -0.6964324
vn 0.6980499 -0.1170995 -0.7063814
vn 0.6993927 -0.1551561 -0.6976531
vn 0.6831874 -0.1785943 -0.70806
vn 0.643086 -0.2809839 -0.7123326
vn 0.6398206 -0.3102817 -0.7030549
vn 0.6138493 -0.3367412 -0.71395
vn -0.6060671 -0.3468123 -0.7158116
vn -0.6311228 -0.3252663 -0.7041536
vn -0.637196 -0.2917569 -0.7133091
vn -0.6595355 -0.268868 -0.7019257
vn -0.6617023 -0.2348399 -0.7119969
vn -0.6764122 -0.217658 -0.7036042
vn -0.6925566 -0.1777397 -0.699118
vn -0.6871243 -0.1635487 -0.7078463
vn -0.7079684 -0.1251869 -0.6950286
vn -0.6996368 -0.1019623 -0.7071444
vn -0.7137058 -0.06796467 -0.6971343
vn 0.6081118 -0.365276 -0.704764
vn 0.5800653 -0.3896603 -0.7152928
vn 0.5736564 -0.4134647 -0.7070528
vn -0.1454512 -0.7025056 -0.6966155
vn 0.5142674 -0.4699545 -0.7173376
vn -0.1216773 -0.7012238 -0.702414
vn 0.4986419 -0.5013886 -0.7070528
vn 0.4690085 -0.5145115 -0.7178259
vn 0.4521012 -0.5438703 -0.7069308
vn 0.4206671 -0.5552232 -0.7174291
vn 0.4044923 -0.5809503 -0.7062594
vn 0.3769341 -0.5890988 -0.714713
vn 0.358623 -0.6122013 -0.7046724
vn 0.329722 -0.6204108 -0.7115696
vn 0.3082675 -0.6436659 -0.7004303
vn 0.2741172 -0.6500443 -0.7087008
vn -0.1832331 -0.6921293 -0.6980804
vn -0.202948 -0.6761986 -0.708182
vn -0.2351146 -0.6760155 -0.6983246
vn -0.2614826 -0.6528825 -0.7108677
vn -0.2928251 -0.6504105 -0.7008576
vn -0.3175451 -0.6250496 -0.7130345
vn -0.3443709 -0.6212653 -0.7038484
vn -0.364391 -0.5988342 -0.7131565
vn -0.3878902 -0.5931273 -0.7054659
vn 0.01470988 -0.7221595 -0.6915494
vn -0.01245152 -0.71218 -0.7018647
vn 0.2163152 -0.674459 -0.7058626
vn -0.04440438 -0.719718 -0.6927702
vn -0.06921595 -0.7101047 -0.700644
vn 0.2508621 -0.6709495 -0.6977447
vn -0.09799492 -0.7152928 -0.6918851
vn 0.5383465 -0.4574419 -0.7077242
vn -0.4416028 -0.5555589 -0.7044893
vn 0.1375469 -0.7065951 -0.6940824
vn 0.1103244 -0.7038484 -0.7016816
vn 0.1943113 -0.6912748 -0.6959441
vn 0.05081331 -0.7107456 -0.70159
vn 0.07864618 -0.7190161 -0.6905118
vn -0.688406 -0.0909146 -0.7195654
vn -0.6940519 -0.1155736 -0.710532
vn -0.6768395 -0.1494186 -0.7207862
vn -0.6808069 -0.1754509 -0.7110813
vn -0.6678671 -0.2000793 -0.7168493
vn -0.6667684 -0.2244941 -0.7106235
vn -0.6522416 -0.2426527 -0.7181006
vn -0.6493728 -0.2710959 -0.7104709
vn -0.6271859 -0.2924588 -0.7218238
vn -0.6201362 -0.3270058 -0.713065
vn -0.5970031 -0.345378 -0.7240517
vn -0.586169 -0.3802911 -0.7153539
vn -0.5659963 -0.3925901 -0.7249062
vn -0.531724 -0.4365978 -0.7256692
vn -0.5274514 -0.4578692 -0.715598
vn -0.4953459 -0.478042 -0.7253029
vn -0.4827418 -0.5075533 -0.7136448
vn -0.4511551 -0.5211341 -0.7244484
vn -0.4351634 -0.5507676 -0.71218
vn -0.4053468 -0.5598316 -0.7226783
vn -0.3878902 -0.585223 -0.7120579
vn -0.3605151 -0.5920591 -0.7207251
vn -0.3367107 -0.6171758 -0.7111118
vn -0.3095797 -0.6202887 -0.7206641
vn -0.2804651 -0.6468398 -0.7091586
vn -0.2544328 -0.6474807 -0.7183142
vn -0.1928464 -0.6711631 -0.7157506
vn -0.1734672 -0.6872158 -0.7054048
vn -0.138554 -0.6872768 -0.7130345
vn -0.1143223 -0.7010102 -0.7039094
vn -0.08154541 -0.6962798 -0.7130955
vn -0.05542159 -0.7112339 -0.7007355
vn -0.02008116 -0.7036653 -0.7102268
vn 0.007354915 -0.714652 -0.6993927
vn 0.03778189 -0.7036347 -0.7095248
vn 0.06335639 -0.7097995 -0.7014985
vn 0.09103667 -0.6962493 -0.7119663
vn 0.1160619 -0.7022615 -0.702353
vn 0.1413922 -0.6886502 -0.7111423
vn 0.183111 -0.6773889 -0.7124241
vn 0.2090823 -0.6781823 -0.7044893
vn 0.2346873 -0.6570025 -0.7163915
vn 0.2668233 -0.6547136 -0.7071749
vn 0.2900784 -0.6315195 -0.7190161
vn 0.3224281 -0.6260873 -0.7099215
vn 0.3393353 -0.6055178 -0.7198401
vn 0.3656117 -0.5979492 -0.7132481
vn 0.3796197 -0.5789056 -0.7215796
vn 0.4085208 -0.5669423 -0.7152928
vn 0.4221015 -0.5430158 -0.7258828
vn 0.4727622 -0.4986419 -0.7264931
vn 0.5003204 -0.4871364 -0.7157811
vn 0.5143284 -0.4576556 -0.7252418
vn 0.5394147 -0.4441053 -0.7153539
vn 0.5503098 -0.4161809 -0.7238075
vn 0.5764946 -0.3971984 -0.7140111
vn 0.5835139 -0.3672903 -0.7242653
vn 0.6114689 -0.3433333 -0.7128819
vn 0.6158025 -0.314005 -0.7225868
vn 0.6414075 -0.2874844 -0.7112644
vn 0.6431471 -0.2586138 -0.7206946
vn 0.666982 -0.2310556 -0.7083041
vn 0.6664937 -0.209479 -0.7154454
vn 0.6767174 -0.1745659 -0.7152013
vn 0.6915189 -0.1554002 -0.7054048
vn 0.6872158 -0.1231421 -0.7159032
vn 0.7039399 -0.09335607 -0.704062
vn 0.6967681 -0.06671345 -0.7141637
vn 0.6234931 -0.3217261 -0.7125462
vn 0.7117832 -0.08453625 -0.6972564
vn 0.6983856 -0.113712 -0.7065951
vn 0.7018952 -0.143559 -0.6976226
vn 0.6855678 -0.1717276 -0.7074496
vn 0.6862392 -0.1973021 -0.7000641
vn 0.6468398 -0.2974334 -0.7022004
vn 0.6504715 -0.2677389 -0.7107456
vn 0.6687826 -0.2456434 -0.701651
vn 0.6700949 -0.2203436 -0.7087619
vn 0.3393353 -0.6164434 -0.7104709
vn 0.3706778 -0.607654 -0.702353
vn 0.3906064 -0.5826289 -0.7126988
vn 0.4205756 -0.5723441 -0.7039094
vn 0.4383373 -0.545854 -0.7140416
vn 0.4681539 -0.5330363 -0.7047334
vn 0.4839015 -0.5049288 -0.714713
vn 0.5126804 -0.4896084 -0.7052522
vn 0.5282143 -0.4596087 -0.7139195
vn 0.5521714 -0.4462721 -0.7042146
vn 0.5638905 -0.4177069 -0.7123936
vn 0.5868709 -0.4021119 -0.7027192
vn 0.6178472 -0.3528855 -0.7026277
vn -0.7849361 -0.05215609 -0.6173284
vn -0.665273 -0.1000092 -0.7398297
vn -0.7054353 -0.115482 -0.6992706
vn -0.6807154 -0.1561326 -0.715659
vn -0.7079684 -0.1672719 -0.6861171
vn -0.6696982 -0.2114627 -0.7118442
vn -0.6755883 -0.230842 -0.7001556
vn -0.6511429 -0.2870876 -0.7025056
vn -0.6316721 -0.3067721 -0.7119053
vn -0.6250801 -0.33961 -0.7027803
vn -0.6022217 -0.3580431 -0.7135227
vn -0.5931883 -0.399823 -0.6987213
vn -0.5723136 -0.4068117 -0.7119663
vn -0.5548875 -0.4397717 -0.7061373
vn -0.5299844 -0.4550615 -0.715537
vn -0.5164037 -0.4846339 -0.7059847
vn -0.4910428 -0.4975738 -0.7150182
vn -0.4745323 -0.5265054 -0.7053743
vn -0.4452345 -0.5396588 -0.7144688
vn -0.4277169 -0.5665456 -0.7042757
vn -0.3967711 -0.5781121 -0.7129429
vn -0.3795892 -0.6022523 -0.7022309
vn -0.3353679 -0.6292917 -0.7010407
vn -0.30665 -0.6338695 -0.7100132
vn -0.2826929 -0.6565142 -0.6993011
vn -0.2513504 -0.6618244 -0.7062289
vn -0.2292855 -0.6811732 -0.6952727
vn -0.1959288 -0.6826686 -0.7039399
vn -0.179815 -0.6948149 -0.6962798
vn 0.3184301 -0.6395459 -0.6996673
vn 0.2614521 -0.6662801 -0.6983246
vn 0.2313913 -0.6684164 -0.7068392
vn 0.2045045 -0.6881313 -0.6961577
vn 0.1743217 -0.6876736 -0.7047334
vn 0.1458784 -0.7048555 -0.6941435
vn 0.1156041 -0.7017426 -0.7029634
vn 0.08645892 -0.7158727 -0.6928312
vn 0.05612349 -0.7102878 -0.701651
vn 0.02710038 -0.7214576 -0.6918851
vn -0.002716124 -0.7130039 -0.7011322
vn -0.03118991 -0.7210608 -0.6921293
vn -0.05954158 -0.7101963 -0.7014679
vn -0.08825951 -0.715598 -0.6928923
vn -0.1160008 -0.7018036 -0.7028413
vn -0.1376995 -0.7042146 -0.6964935
vn -0.8380993 -0.01394695 -0.5453047
vn -0.4841151 -0.8743248 -0.03360086
vn -0.4575945 -0.8887295 -0.02655106
vn -0.418897 -0.9077731 -0.02105772
vn -0.3374737 -0.9410993 -0.01986753
vn -0.3005768 -0.9535508 -0.01962339
vn -0.2619404 -0.9649342 -0.01641893
vn -0.2244941 -0.9743645 -0.01312291
vn -0.192053 -0.9813227 -0.008056879
vn -0.1578722 -0.9874264 -0.005584836
vn -0.1263161 -0.9919736 -0.003234922
vn -0.09173864 -0.9957579 -0.001159667
vn -0.05496382 -0.9984741 -0.000366222
vn -0.01635789 -0.9998474 9.15555e-05
vn 0.02044737 -0.9997864 3.05185e-05
vn 0.05883967 -0.9982604 -0.000579852
vn 0.08972442 -0.9959411 -0.001800537
vn 0.1539964 -0.9880368 -0.003784239
vn 0.1844844 -0.9827876 -0.004974484
vn 0.2268746 -0.9738762 -0.00753802
vn 0.2649312 -0.9642018 -0.00991851
vn 0.308298 -0.9511704 -0.01284825
vn 0.3472091 -0.9376507 -0.01547288
vn 0.3912168 -0.9201025 -0.01855522
vn 0.4308603 -0.9021272 -0.02154606
vn 0.4651326 -0.8848537 -0.02484202
vn 0.5274514 -0.849086 -0.02853477
vn 0.557268 -0.8297678 -0.02966398
vn 0.5964537 -0.8019959 -0.03152561
vn 0.632252 -0.7740104 -0.03311258
vn 0.6689963 -0.7424543 -0.03396707
vn 0.7029634 -0.7103489 -0.03454691
vn 0.7302469 -0.6822718 -0.03442484
vn 0.7804499 -0.6242561 -0.03445535
vn 0.8033998 -0.594409 -0.03445535
vn 0.8306223 -0.5556505 -0.03588974
vn 0.8531755 -0.5205543 -0.03268527
vn 0.8781091 -0.47734 -0.03265476
vn 0.8954741 -0.4441359 -0.02914518
vn 0.90759 -0.4192327 -0.02185124
vn 0.9963073 -0.08569598 -0.001373291
vn 0.9925535 -0.1216163 -0.002838194
vn 0.9874874 -0.1575365 -0.005005002
vn 0.9806818 -0.1954405 -0.007263362
vn 0.9725028 -0.2325815 -0.009949028
vn 0.9624928 -0.2709738 -0.01141387
vn 0.9501022 -0.3115329 -0.01483196
vn 0.9366131 -0.3498337 -0.01776176
vn 0.9275186 -0.3732719 -0.01910454
vn -0.3245338 -0.0267952 -0.9454634
vn -0.9178137 -0.03451639 -0.3954893
vn -0.6784265 0.004211544 -0.7346416
vn 0 0 0.9999695
vn 0 0 1
vn 0.6039308 -0.3910947 0.6944487
vn -0.5325175 -0.4877468 0.691702
vn -0.4422132 -0.5707266 0.6918546
vn 0 0 0.9999695
vn -0.6077761 -0.3931394 0.6899319
vn 0 0 1
vn 0 0 1
vn 0.6077761 0.3931394 0.6899319
vn 0 0 1
vn 0 0 1
vn 0.660329 -0.2923978 0.6916715
vn 0.6978362 -0.1760002 0.6942656
vn 0 0 0.9999695
vn 0.5307169 -0.4889675 0.6922208
vn 0 0 1
vn 0 0 1
vn -0.6602374 -0.2878201 0.6936857
vn 0.6602374 0.2878201 0.6936857
vn 0.7200232 -0.0628376 0.6910611
vn 0 0 1
vn 0 0 1
vn 0 0 1
vn 0 0 1
vn 0 0 1
vn -0.660329 0.2923978 0.6916715
vn -0.6978362 0.1760002 0.6942656
vn 0 0 1
vn 0 0 1
vn -0.4414197 0.573046 0.6904508
vn 0 0 1
vn 0 0 1
vn 0 0 1
vn 0 0 1
vn 0 0 1
vn 0 0 1
vn 0 0 1
vn -0.3464156 -0.6347545 0.6906644
vn 0 0 1
vn -0.7200232 0.0628376 0.6910611
vn 0 0 0.9999695
vn 0 0 1
vn 0 0 1
vn 0 0 1
vn 0 0 1
vn -0.7018036 -0.1743217 0.6906644
vn 0 0 0.9999695
vn -0.7173681 -0.06167787 0.6939299
vn 0 0 0.9999695
vn 0 0 1
vn 0 0 0.9999695
vn 0 0 1
vn 0 0 1
vn 0 0 1
vn -0.6039308 0.3910947 0.6944487
vn 0 0 1
vn 0.3464156 0.6347545 0.6906644
vn 0 0 1
vn 0 0 1
vn 0.7018036 0.1743217 0.6906644
vn 0 0 0.9999695
vn 0.7173681 0.06167787 0.6939299
vn 0 0 0.9999695
vn 0 0 1
vn 0 0 1
vn 0 0 1
vn 0 0 1
vn 0 0 1
vn 0 0 1
vn 0 0 1
vn 0 0 1
vn -0.2331004 0.6832179 0.6919767
vn -0.1166417 0.7144383 0.6898709
vn 0 0 0.9999695
vn 0 0 1
vn 0 0 1
vn 0 0 1
vn 0 0 1
vn 0 0 0.9999695
vn 0 0 1
vn 0.07708972 0.9338664 -0.3491623
vn 0.000518815 0.9227576 -0.3853572
vn 0.000579852 0.9494614 -0.3137913
vn 0.5106967 -0.000427259 -0.8597369
vn 0.5001068 0.0509659 -0.8644368
vn 0.5806452 -0.000518815 -0.8141118
vn 0.9332866 0.07181 -0.3517869
vn 0.962035 -0.000915555 -0.2728965
vn 0.9350261 -0.000793481 -0.354503
vn 0.9941099 0.06137269 -0.08926659
vn 0.9993897 -0.000518815 0.03411966
vn 0.9978332 -0.000824 -0.06576734
vn 0.04275637 0.5025178 -0.8634907
vn 0.000152593 0.4760888 -0.8793603
vn 0.000335704 0.5594653 -0.8288217
vn 0.3045442 0.8856471 -0.350444
vn 0.3228553 0.9408552 -0.1025422
vn 0.3585314 0.9277932 -0.1029694
vn 0.5854976 0.8033998 -0.1080965
vn 0.6185797 0.7790765 -0.1016571
vn 0.5796076 0.7347636 -0.3523057
vn 0.6837367 0.6386914 -0.352855
vn 0.7246315 0.6815699 -0.101474
vn 0.7519761 0.6501053 -0.1088595
vn 0.8595538 0.3689993 -0.3534959
vn 0.914304 0.3914609 -0.1037019
vn 0.9244056 0.3667104 -0.1048005
vn 0.2190619 0.1291849 -0.967101
vn 0.4307993 0.2510452 -0.8667867
vn 0.2205267 0.1205176 -0.9678946
vn 0.2343516 0.6825159 0.6922513
vn 0.4422132 0.5707266 0.6918851
vn 0.5325175 0.4877468 0.691702
vn 0.8975799 -0.427137 -0.1089816
vn 0.9154638 -0.3893857 -0.1012299
vn 0.959563 -0.2627033 -0.1009857
vn 0.9663991 -0.2345957 -0.1049226
vn 0.7062899 -0.7001861 -0.1042817
vn 0.732841 -0.6724753 -0.103122
vn -0.2343516 -0.6825159 0.6922513
vn -0.3585314 -0.9277932 -0.1029999
vn -0.3228553 -0.9408552 -0.1025422
vn -0.7519761 -0.6501053 -0.1088595
vn -0.7246315 -0.6815699 -0.101474
vn -0.9244056 -0.3667104 -0.1048005
vn -0.914304 -0.3914609 -0.1037019
vn -0.959563 0.2627033 -0.1009857
vn -0.9663991 0.2345957 -0.1049226
vn -0.5307169 0.4889675 0.6922208
vn -0.7062899 0.7001861 -0.1042817
vn -0.732841 0.6724753 -0.103122
vn -0.1444746 0.9828486 -0.1143223
vn -0.1906186 0.9773553 -0.09183019
vn -0.2923063 0.9502854 -0.1069979
vn -0.3310953 0.9381085 -0.1015655
vn -0.996765 0.000824 -0.08029419
vn -0.9993897 0.000518815 0.03430277
vn -0.9931333 0.07003998 -0.09363079
vn -0.0374462 0.501999 -0.86404
vn -0.06744587 0.9344767 -0.349498
vn -0.9193091 0.000579852 -0.3935056
vn -0.9537644 0.000885037 -0.3004853
vn -0.9317911 0.07608264 -0.3548692
vn -0.4966582 0.049501 -0.8665121
vn -0.4698629 0.00021363 -0.8827174
vn -0.5541246 0.000488296 -0.8324229
vn -0.6887418 0.6332591 -0.3529465
vn -0.3097934 0.8837855 -0.3505966
vn -0.1720023 0.920835 -0.3499252
vn -0.07452619 -0.9324625 -0.3534349
vn -0.000549333 -0.9376202 -0.3476058
vn -0.00061037 -0.963744 -0.2667623
vn -0.04501479 -0.5031587 -0.8630024
vn -0.000305185 -0.5162511 -0.8564104
vn -0.000366222 -0.5857113 -0.8105106
vn -0.4961699 -0.04504531 -0.8670309
vn -0.9322489 -0.06692707 -0.3555101
vn -0.9941099 -0.06057924 -0.08966338
vn -0.3045442 -0.8856471 -0.350444
vn -0.1343119 -0.4879605 -0.8624531
vn -0.0700705 -0.2509842 -0.9654225
vn -0.06308174 -0.2510147 -0.9659109
vn -0.8595538 -0.3689993 -0.3534959
vn -0.2190619 -0.1291849 -0.967101
vn -0.4307993 -0.2510452 -0.8667867
vn -0.2205267 -0.1205176 -0.9678946
vn 0.9931028 -0.07080292 -0.093234
vn 0.931547 -0.07712024 -0.3552965
vn 0.4973906 -0.05191195 -0.8659322
vn 0.04324471 -0.5058748 -0.861507
vn 0.06854456 -0.9342326 -0.3499557
vn 0.9024934 -0.2470473 -0.3527939
vn 0.858913 -0.371044 -0.352916
vn 0.4805139 -0.1364787 -0.8662679
vn 0.2423474 -0.07263404 -0.9674367
vn 0.2423779 -0.06619465 -0.9678946
vn 0.6887418 -0.6332591 -0.3529465
vn 0.3097934 -0.8837855 -0.3505966
vn 0.3311563 -0.9380779 -0.1015655
vn 0.2923978 -0.9502854 -0.1069979
vn 0.1388592 -0.2190619 -0.9657582
vn 0.2516251 -0.4355602 -0.8642536
vn 0.128605 -0.2237312 -0.966094
vn 0.06903284 -0.2518693 -0.9652699
vn 0.1322672 -0.4893948 -0.8619648
vn 0.05887019 -0.2518998 -0.9659414
vn 0.001525878 -0.1387676 -0.9902951
vn 0.008453607 -0.1385235 -0.9902951
vn 0.05044704 -0.1424298 -0.9884945
vn 0.03823965 -0.04553359 -0.9981994
vn 0.03573715 -0.03610336 -0.9986877
vn 0.1028779 -0.1005585 -0.9895932
vn 0.08972442 -0.1304361 -0.9873654
vn 0.02960294 -0.04995876 -0.998291
vn 0.02673417 -0.0502029 -0.998352
vn -0.006561458 -0.05832082 -0.9982604
vn -0.04358041 -0.03463846 -0.9984436
vn -0.04004025 -0.03457742 -0.9985961
vn -0.1024201 -0.1009857 -0.9895932
vn -0.1278725 -0.08838158 -0.9878231
vn -0.0502029 -0.1428571 -0.988464
vn -0.001525878 0.1387676 -0.9902951
vn -0.008453607 0.1385235 -0.9902951
vn -0.05044704 0.1424298 -0.9884945
vn -0.03823965 0.04553359 -0.9981994
vn -0.03573715 0.03610336 -0.9986877
vn -0.1028779 0.1005585 -0.9895932
vn -0.1388592 0.2190313 -0.9657582
vn -0.128605 0.2237312 -0.966094
vn -0.08972442 0.1304361 -0.9873654
vn -0.02960294 0.04995876 -0.998291
vn -0.02673417 0.0502029 -0.998352
vn 0.006561458 0.05832082 -0.9982604
vn 0.1278725 0.08838158 -0.9878231
vn 0.06308174 0.2510147 -0.9659109
vn 0.0700705 0.2509842 -0.9654225
vn 0.0502029 0.1428571 -0.988464
vn -0.1027253 0.000488296 -0.9946898
vn -0.1696524 0.00061037 -0.9854732
vn -0.09408855 -0.001434326 -0.9955443
vn 0.05688649 0.01596117 -0.9982299
vn -0.09189122 -0.01016265 -0.9956969
vn -0.09305089 -0.01553392 -0.9955138
vn -0.08407849 -0.03509628 -0.995819
vn 0.05032497 0.02941983 -0.998291
vn 0.0469985 0.02441477 -0.9985656
vn 0.04055905 0.04675436 -0.9980773
vn -0.05365151 -0.07272559 -0.99588
vn -0.05105745 -0.07742542 -0.9956664
vn -0.002288877 -0.1657155 -0.9861446
vn -0.005127072 -0.0959807 -0.9953612
vn -0.006714046 -0.09259313 -0.9956664
vn -0.01165807 -0.09335607 -0.9955443
vn 0.01052886 0.05874812 -0.9981994
vn -0.01480144 -0.0909146 -0.9957274
vn 0.005127072 0.09591966 -0.9953612
vn 0.002288877 0.1656544 -0.9861751
vn -0.001281738 0.093997 -0.9955443
vn 0.009643793 -0.06106752 -0.9980773
vn -0.01110869 0.09335607 -0.9955443
vn -0.01480144 0.09048736 -0.9957579
vn -0.03421121 0.08465832 -0.995819
vn -0.03720206 0.08505505 -0.9956664
vn -0.04068112 0.08114868 -0.9958495
vn 0.03213596 -0.05334633 -0.9980468
vn -0.05566573 0.07126069 -0.99588
vn -0.07199317 0.05789357 -0.9956969
vn -0.07339698 0.0527665 -0.99588
vn 0.0482192 -0.03646957 -0.9981689
vn -0.09384441 0.002624571 -0.9955748
vn -0.09442424 0.007599055 -0.9954833
vn 0.05502486 -0.01684617 -0.9983215
vn -0.09140288 0.01214635 -0.9957274
vn 0.101413 -0.07364112 -0.9920957
vn 0.07342749 -0.0527665 -0.99588
vn 0.07199317 -0.05786305 -0.9956969
vn -0.01989805 0.1243934 -0.9920042
vn -0.05713063 0.1123996 -0.9920042
vn -0.101413 0.07364112 -0.9920957
vn 0.1027253 -0.000488296 -0.9946898
vn 0.1696524 -0.000640889 -0.9854732
vn 0.09408855 0.001434326 -0.9955443
vn -0.05688649 -0.01596117 -0.9982299
vn 0.09189122 0.01016265 -0.9956969
vn 0.09305089 0.01556444 -0.9955138
vn 0.07013154 0.0579546 -0.9958495
vn 0.06677448 0.06192201 -0.995819
vn -0.03579819 -0.04828023 -0.9981689
vn 0.04763936 0.07788324 -0.995819
vn 0.04306161 0.08078247 -0.9957885
vn 0.006714046 0.09259313 -0.9956664
vn 0.001281738 -0.093997 -0.9955443
vn 0.03421121 -0.08465832 -0.995819
vn 0.05566573 -0.07126069 -0.99588
vn -0.0482192 0.03646957 -0.9981689
vn 0.09384441 -0.002624571 -0.9955748
vn 0.09442424 -0.007599055 -0.9954833
vn -0.05502486 0.01684617 -0.9983215
vn 0.09140288 -0.01214635 -0.9957274
f 1//1 2//2 3//3
f 3//3 2//2 4//4
f 3//3 4//4 5//5
f 6//6 1//1 3//3
f 1//1 6//6 7//7
f 1//1 7//7 8//8
f 8//8 7//7 9//9
f 8//8 9//9 10//10
f 10//10 9//9 11//11
f 10//10 11//11 12//12
f 12//12 11//11 13//13
f 12//12 13//13 14//14
f 15//15 16//16 17//17
f 5//5 4//4 18//18
f 18//18 4//4 19//19
f 18//18 19//19 20//20
f 20//20 19//19 21//21
f 20//20 21//21 22//22
f 22//22 21//21 23//23
f 22//22 23//23 24//24
f 24//24 23//23 25//25
f 24//24 25//25 26//26
f 26//26 25//25 27//27
f 26//26 27//27 28//28
f 28//28 27//27 29//29
f 28//28 29//29 30//30
f 30//30 29//29 31//31
f 30//30 31//31 32//32
f 33//33 34//34 35//35
f 35//35 34//34 36//36
f 35//35 36//36 37//37
f 38//38 39//39 40//40
f 36//36 41//41 37//37
f 37//37 41//41 42//42
f 37//37 42//42 43//43
f 43//43 42//42 44//44
f 43//43 44//44 31//31
f 31//31 44//44 45//45
f 31//31 45//45 32//32
f 46//46 47//47 48//48
f 48//48 47//47 49//49
f 48//48 49//49 50//50
f 50//50 51//51 48//48
f 48//48 51//51 52//52
f 48//48 52//52 53//53
f 13//13 54//54 14//14
f 14//14 54//54 55//55
f 14//14 55//55 56//56
f 56//56 55//55 57//57
f 56//56 57//57 58//58
f 57//57 59//59 58//58
f 58//58 59//59 60//60
f 58//58 60//60 61//61
f 61//61 60//60 62//62
f 61//61 62//62 63//63
f 46//46 48//48 64//64
f 64//64 48//48 65//65
f 64//64 65//65 35//35
f 35//35 65//65 66//66
f 35//35 66//66 33//33
f 33//33 66//66 67//67
f 33//33 67//67 68//68
f 15//15 17//17 40//40
f 40//40 17//17 69//69
f 40//40 69//69 38//38
f 62//62 70//70 63//63
f 63//63 70//70 71//71
f 63//63 71//71 72//72
f 72//72 71//71 73//73
f 72//72 73//73 16//16
f 16//16 73//73 74//74
f 16//16 74//74 17//17
f 75//75 76//76 77//77
f 78//78 79//79 80//80
f 80//80 79//79 81//81
f 78//78 82//82 79//79
f 79//79 82//82 83//83
f 79//79 83//83 84//84
f 85//85 86//86 81//81
f 81//81 86//86 87//87
f 81//81 87//87 80//80
f 85//85 81//81 88//88
f 88//88 81//81 89//89
f 88//88 89//89 90//90
f 91//91 92//92 93//93
f 93//93 92//92 94//94
f 93//93 94//94 89//89
f 89//89 94//94 95//95
f 89//89 95//95 90//90
f 77//77 76//76 93//93
f 93//93 76//76 96//96
f 93//93 96//96 91//91
f 33//33 68//68 77//77
f 77//77 68//68 97//97
f 77//77 97//97 75//75
f 34//34 33//33 98//98
f 98//98 33//33 77//77
f 98//98 77//77 99//99
f 99//99 77//77 93//93
f 99//99 93//93 100//100
f 100//100 93//93 89//89
f 100//100 89//89 101//101
f 101//101 89//89 81//81
f 101//101 81//81 102//102
f 102//102 81//81 79//79
f 97//97 68//68 103//103
f 103//103 68//68 104//104
f 103//103 104//104 105//105
f 105//105 104//104 106//106
f 105//105 106//106 107//107
f 107//107 106//106 108//108
f 107//107 109//109 105//105
f 105//105 109//109 110//110
f 105//105 110//110 103//103
f 103//103 110//110 111//111
f 103//103 111//111 97//97
f 96//96 76//76 111//111
f 111//111 76//76 75//75
f 111//111 75//75 97//97
f 112//112 113//113 114//114
f 114//114 113//113 115//115
f 114//114 115//115 116//116
f 116//116 115//115 117//117
f 118//118 112//112 119//119
f 119//119 112//112 114//114
f 119//119 114//114 120//120
f 120//120 114//114 116//116
f 109//109 117//117 110//110
f 110//110 117//117 115//115
f 110//110 115//115 111//111
f 111//111 115//115 113//113
f 111//111 113//113 96//96
f 96//96 113//113 112//112
f 96//96 112//112 91//91
f 91//91 112//112 118//118
f 91//91 118//118 92//92
f 94//94 92//92 118//118
f 84//84 83//83 121//121
f 121//121 83//83 82//82
f 121//121 82//82 122//122
f 122//122 82//82 78//78
f 80//80 123//123 78//78
f 78//78 123//123 124//124
f 78//78 124//124 122//122
f 84//84 125//125 126//126
f 126//126 125//125 127//127
f 126//126 127//127 128//128
f 128//128 127//127 129//129
f 128//128 129//129 130//130
f 130//130 129//129 131//131
f 130//130 131//131 132//132
f 80//80 87//87 123//123
f 123//123 87//87 86//86
f 123//123 86//86 133//133
f 133//133 86//86 85//85
f 132//132 131//131 134//134
f 134//134 131//131 135//135
f 134//134 135//135 136//136
f 136//136 135//135 137//137
f 136//136 137//137 138//138
f 88//88 139//139 85//85
f 85//85 139//139 140//140
f 85//85 140//140 133//133
f 84//84 121//121 125//125
f 125//125 121//121 122//122
f 125//125 122//122 127//127
f 127//127 122//122 124//124
f 127//127 124//124 129//129
f 129//129 124//124 123//123
f 129//129 123//123 131//131
f 131//131 123//123 133//133
f 131//131 133//133 135//135
f 135//135 133//133 140//140
f 135//135 140//140 137//137
f 137//137 140//140 139//139
f 137//137 139//139 141//141
f 141//141 139//139 142//142
f 141//141 142//142 143//143
f 138//138 137//137 144//144
f 144//144 137//137 141//141
f 144//144 141//141 145//145
f 145//145 141//141 143//143
f 145//145 143//143 146//146
f 94//94 118//118 95//95
f 120//120 146//146 119//119
f 119//119 146//146 143//143
f 119//119 143//143 118//118
f 118//118 143//143 142//142
f 118//118 142//142 95//95
f 95//95 142//142 139//139
f 95//95 139//139 90//90
f 90//90 139//139 88//88
f 147//147 148//148 149//149
f 147//147 149//149 150//150
f 150//150 149//149 151//151
f 150//150 151//151 152//152
f 152//152 151//151 153//153
f 153//153 151//151 154//154
f 155//155 156//156 157//157
f 158//158 159//159 160//160
f 160//160 159//159 161//161
f 160//160 161//161 162//162
f 162//162 161//161 163//163
f 162//162 163//163 164//164
f 157//157 165//165 155//155
f 155//155 165//165 166//166
f 155//155 166//166 158//158
f 158//158 166//166 167//167
f 158//158 167//167 159//159
f 168//168 169//169 170//170
f 171//171 156//156 172//172
f 172//172 156//156 155//155
f 172//172 155//155 173//173
f 173//173 155//155 158//158
f 173//173 158//158 174//174
f 174//174 158//158 160//160
f 174//174 160//160 170//170
f 170//170 160//160 162//162
f 170//170 162//162 168//168
f 168//168 162//162 164//164
f 168//168 164//164 175//175
f 176//176 177//177 178//178
f 179//179 171//171 180//180
f 180//180 171//171 172//172
f 180//180 172//172 181//181
f 181//181 172//172 173//173
f 181//181 173//173 182//182
f 182//182 173//173 174//174
f 182//182 174//174 178//178
f 178//178 174//174 170//170
f 178//178 170//170 176//176
f 176//176 170//170 169//169
f 183//183 184//184 185//185
f 185//185 184//184 186//186
f 185//185 186//186 187//187
f 188//188 179//179 189//189
f 189//189 179//179 180//180
f 189//189 180//180 190//190
f 190//190 180//180 181//181
f 190//190 181//181 191//191
f 191//191 181//181 182//182
f 191//191 182//182 185//185
f 185//185 182//182 178//178
f 185//185 178//178 183//183
f 183//183 178//178 177//177
f 192//192 188//188 193//193
f 193//193 188//188 189//189
f 193//193 189//189 194//194
f 194//194 189//189 190//190
f 194//194 190//190 195//195
f 195//195 190//190 191//191
f 195//195 191//191 196//196
f 196//196 191//191 185//185
f 196//196 185//185 197//197
f 197//197 185//185 187//187
f 198//198 199//199 200//200
f 201//201 202//202 203//203
f 204//204 205//205 206//206
f 187//187 186//186 207//207
f 176//176 169//169 208//208
f 168//168 175//175 209//209
f 176//176 208//208 177//177
f 177//177 210//210 183//183
f 183//183 210//210 184//184
f 168//168 209//209 169//169
f 169//169 209//209 211//211
f 169//169 211//211 208//208
f 208//208 211//211 212//212
f 208//208 212//212 213//213
f 212//212 214//214 213//213
f 213//213 214//214 215//215
f 213//213 215//215 216//216
f 216//216 215//215 217//217
f 216//216 217//217 218//218
f 197//197 187//187 219//219
f 219//219 187//187 207//207
f 219//219 207//207 220//220
f 220//220 207//207 221//221
f 220//220 221//221 222//222
f 222//222 221//221 223//223
f 217//217 224//224 218//218
f 218//218 224//224 225//225
f 218//218 225//225 226//226
f 226//226 225//225 227//227
f 226//226 227//227 228//228
f 227//227 229//229 228//228
f 228//228 229//229 230//230
f 228//228 230//230 231//231
f 232//232 233//233 234//234
f 234//234 233//233 235//235
f 234//234 235//235 236//236
f 236//236 235//235 237//237
f 236//236 237//237 223//223
f 223//223 237//237 238//238
f 223//223 238//238 222//222
f 230//230 239//239 231//231
f 231//231 239//239 240//240
f 231//231 240//240 241//241
f 241//241 240//240 242//242
f 241//241 242//242 243//243
f 244//244 245//245 246//246
f 246//246 245//245 247//247
f 246//246 247//247 248//248
f 248//248 247//247 249//249
f 248//248 249//249 232//232
f 232//232 249//249 250//250
f 232//232 250//250 233//233
f 242//242 251//251 243//243
f 243//243 251//251 252//252
f 243//243 252//252 253//253
f 253//253 252//252 254//254
f 253//253 254//254 255//255
f 254//254 256//256 255//255
f 255//255 256//256 257//257
f 255//255 257//257 206//206
f 206//206 257//257 258//258
f 206//206 258//258 204//204
f 177//177 208//208 210//210
f 210//210 208//208 213//213
f 210//210 213//213 259//259
f 259//259 213//213 216//216
f 259//259 216//216 260//260
f 260//260 216//216 218//218
f 260//260 218//218 261//261
f 261//261 218//218 226//226
f 261//261 226//226 262//262
f 262//262 226//226 228//228
f 262//262 228//228 263//263
f 263//263 228//228 231//231
f 263//263 231//231 264//264
f 264//264 231//231 241//241
f 264//264 241//241 265//265
f 265//265 241//241 243//243
f 265//265 243//243 266//266
f 266//266 243//243 253//253
f 266//266 253//253 267//267
f 267//267 253//253 255//255
f 267//267 255//255 268//268
f 268//268 255//255 206//206
f 268//268 206//206 269//269
f 269//269 206//206 205//205
f 269//269 205//205 270//270
f 184//184 210//210 186//186
f 186//186 210//210 259//259
f 186//186 259//259 207//207
f 207//207 259//259 260//260
f 207//207 260//260 221//221
f 221//221 260//260 261//261
f 221//221 261//261 223//223
f 223//223 261//261 262//262
f 223//223 262//262 236//236
f 236//236 262//262 263//263
f 236//236 263//263 234//234
f 234//234 263//263 264//264
f 234//234 264//264 232//232
f 232//232 264//264 265//265
f 232//232 265//265 248//248
f 248//248 265//265 266//266
f 248//248 266//266 246//246
f 246//246 266//266 267//267
f 246//246 267//267 244//244
f 244//244 267//267 268//268
f 244//244 268//268 271//271
f 271//271 268//268 269//269
f 271//271 269//269 272//272
f 272//272 269//269 270//270
f 272//272 270//270 273//273
f 274//274 275//275 273//273
f 273//273 275//275 276//276
f 273//273 276//276 272//272
f 272//272 276//276 277//277
f 272//272 277//277 271//271
f 271//271 277//277 278//278
f 271//271 278//278 244//244
f 244//244 278//278 279//279
f 244//244 279//279 245//245
f 280//280 274//274 281//281
f 281//281 274//274 273//273
f 281//281 273//273 282//282
f 282//282 273//273 270//270
f 282//282 270//270 203//203
f 203//203 270//270 205//205
f 203//203 205//205 201//201
f 201//201 205//205 204//204
f 283//283 280//280 284//284
f 284//284 280//280 281//281
f 284//284 281//281 285//285
f 285//285 281//281 282//282
f 285//285 282//282 200//200
f 200//200 282//282 203//203
f 200//200 203//203 198//198
f 198//198 203//203 202//202
f 286//286 283//283 287//287
f 287//287 283//283 284//284
f 287//287 284//284 288//288
f 288//288 284//284 285//285
f 288//288 285//285 289//289
f 289//289 285//285 200//200
f 289//289 200//200 290//290
f 290//290 200//200 199//199
f 291//291 292//292 293//293
f 293//293 292//292 294//294
f 293//293 294//294 295//295
f 296//296 297//297 293//293
f 293//293 297//297 298//298
f 293//293 298//298 299//299
f 300//300 301//301 293//293
f 293//293 301//301 302//302
f 295//295 303//303 293//293
f 293//293 303//303 304//304
f 293//293 304//304 305//305
f 305//305 306//306 293//293
f 293//293 306//306 307//307
f 293//293 307//307 308//308
f 308//308 309//309 293//293
f 293//293 309//309 310//310
f 293//293 310//310 311//311
f 311//311 312//312 293//293
f 293//293 312//312 313//313
f 293//293 313//313 296//296
f 314//314 293//293 315//315
f 315//315 293//293 316//316
f 316//316 317//317 315//315
f 315//315 317//317 318//318
f 315//315 318//318 319//319
f 319//319 320//320 315//315
f 315//315 320//320 321//321
f 315//315 321//321 322//322
f 322//322 323//323 315//315
f 315//315 323//323 324//324
f 315//315 324//324 325//325
f 325//325 326//326 327//327
f 325//325 327//327 315//315
f 315//315 327//327 328//328
f 315//315 328//328 329//329
f 314//314 330//330 293//293
f 293//293 330//330 331//331
f 293//293 331//331 332//332
f 332//332 333//333 293//293
f 293//293 333//333 334//334
f 293//293 334//334 335//335
f 335//335 336//336 293//293
f 293//293 336//336 337//337
f 293//293 337//337 338//338
f 302//302 339//339 293//293
f 293//293 339//339 340//340
f 293//293 340//340 341//341
f 341//341 342//342 293//293
f 293//293 342//342 343//343
f 293//293 343//343 344//344
f 344//344 345//345 293//293
f 293//293 345//345 346//346
f 293//293 346//346 347//347
f 347//347 348//348 293//293
f 293//293 348//348 349//349
f 293//293 349//349 350//350
f 338//338 351//351 293//293
f 293//293 351//351 352//352
f 293//293 352//352 353//353
f 350//350 354//354 293//293
f 293//293 354//354 355//355
f 293//293 355//355 356//356
f 353//353 357//357 293//293
f 293//293 357//357 358//358
f 293//293 358//358 300//300
f 356//356 359//359 293//293
f 293//293 359//359 360//360
f 293//293 360//360 291//291
f 361//361 299//299 362//362
f 362//362 299//299 298//298
f 362//362 298//298 363//363
f 363//363 298//298 297//297
f 363//363 297//297 364//364
f 364//364 297//297 296//296
f 364//364 296//296 365//365
f 365//365 296//296 313//313
f 365//365 313//313 366//366
f 313//313 312//312 366//366
f 366//366 312//312 311//311
f 366//366 311//311 367//367
f 367//367 311//311 310//310
f 367//367 310//310 368//368
f 368//368 310//310 309//309
f 368//368 309//309 369//369
f 369//369 309//309 308//308
f 369//369 308//308 370//370
f 370//370 308//308 307//307
f 370//370 307//307 371//371
f 371//371 307//307 306//306
f 371//371 306//306 372//372
f 372//372 306//306 305//305
f 372//372 305//305 373//373
f 373//373 305//305 304//304
f 373//373 304//304 374//374
f 374//374 304//304 303//303
f 374//374 303//303 375//375
f 375//375 303//303 376//376
f 303//303 295//295 376//376
f 376//376 295//295 294//294
f 376//376 294//294 377//377
f 377//377 294//294 292//292
f 377//377 292//292 378//378
f 378//378 292//292 291//291
f 378//378 291//291 379//379
f 379//379 291//291 360//360
f 379//379 360//360 380//380
f 380//380 360//360 359//359
f 380//380 359//359 381//381
f 381//381 359//359 356//356
f 382//382 356//356 355//355
f 383//383 355//355 354//354
f 384//384 354//354 350//350
f 384//384 350//350 385//385
f 385//385 350//350 349//349
f 385//385 349//349 386//386
f 386//386 349//349 348//348
f 386//386 348//348 387//387
f 387//387 348//348 347//347
f 387//387 347//347 388//388
f 388//388 347//347 346//346
f 388//388 346//346 389//389
f 389//389 346//346 345//345
f 389//389 345//345 390//390
f 390//390 345//345 344//344
f 390//390 344//344 391//391
f 391//391 344//344 343//343
f 391//391 343//343 392//392
f 392//392 343//343 342//342
f 392//392 342//342 393//393
f 342//342 341//341 393//393
f 393//393 341//341 340//340
f 393//393 340//340 394//394
f 394//394 340//340 339//339
f 394//394 339//339 395//395
f 395//395 339//339 302//302
f 395//395 302//302 396//396
f 396//396 302//302 301//301
f 396//396 301//301 397//397
f 397//397 301//301 398//398
f 398//398 301//301 300//300
f 398//398 300//300 399//399
f 300//300 358//358 399//399
f 399//399 358//358 357//357
f 399//399 357//357 400//400
f 400//400 357//357 353//353
f 400//400 353//353 401//401
f 401//401 353//353 402//402
f 402//402 353//353 352//352
f 402//402 352//352 403//403
f 403//403 352//352 351//351
f 403//403 351//351 404//404
f 404//404 351//351 338//338
f 404//404 338//338 405//405
f 405//405 338//338 337//337
f 405//405 337//337 406//406
f 406//406 337//337 336//336
f 406//406 336//336 407//407
f 407//407 336//336 335//335
f 407//407 335//335 408//408
f 408//408 335//335 334//334
f 408//408 334//334 409//409
f 409//409 334//334 333//333
f 409//409 333//333 410//410
f 410//410 333//333 332//332
f 410//410 332//332 411//411
f 411//411 332//332 331//331
f 411//411 331//331 412//412
f 412//412 331//331 330//330
f 412//412 330//330 413//413
f 413//413 330//330 314//314
f 413//413 314//314 414//414
f 414//414 314//314 315//315
f 414//414 315//315 415//415
f 415//415 315//315 329//329
f 415//415 329//329 416//416
f 416//416 329//329 328//328
f 416//416 328//328 417//417
f 417//417 328//328 327//327
f 417//417 327//327 418//418
f 418//418 327//327 326//326
f 418//418 326//326 419//419
f 419//419 326//326 325//325
f 419//419 325//325 420//420
f 420//420 325//325 324//324
f 420//420 324//324 421//421
f 421//421 324//324 323//323
f 421//421 323//323 422//422
f 422//422 323//323 322//322
f 422//422 322//322 423//423
f 423//423 322//322 321//321
f 423//423 321//321 424//424
f 424//424 321//321 320//320
f 424//424 320//320 425//425
f 425//425 320//320 319//319
f 425//425 319//319 426//426
f 426//426 319//319 318//318
f 426//426 318//318 427//427
f 427//427 318//318 317//317
f 427//427 317//317 428//428
f 428//428 317//317 316//316
f 428//428 316//316 429//429
f 429//429 316//316 293//293
f 429//429 293//293 430//430
f 430//430 431//431 429//429
f 429//429 431//431 432//432
f 429//429 432//432 428//428
f 428//428 432//432 433//433
f 428//428 433//433 427//427
f 427//427 433//433 434//434
f 427//427 434//434 426//426
f 426//426 434//434 435//435
f 426//426 435//435 425//425
f 425//425 435//435 436//436
f 425//425 436//436 424//424
f 424//424 436//436 423//423
f 423//423 436//436 437//437
f 423//423 437//437 422//422
f 422//422 437//437 438//438
f 422//422 438//438 421//421
f 421//421 438//438 439//439
f 421//421 439//439 420//420
f 420//420 439//439 440//440
f 420//420 440//440 419//419
f 419//419 440//440 441//441
f 419//419 441//441 418//418
f 405//405 406//406 442//442
f 442//442 406//406 443//443
f 406//406 407//407 443//443
f 443//443 407//407 408//408
f 443//443 408//408 444//444
f 444//444 408//408 409//409
f 444//444 409//409 445//445
f 445//445 409//409 410//410
f 445//445 410//410 446//446
f 446//446 410//410 411//411
f 446//446 411//411 447//447
f 447//447 411//411 412//412
f 447//447 412//412 448//448
f 448//448 412//412 413//413
f 448//448 413//413 449//449
f 449//449 413//413 414//414
f 449//449 414//414 450//450
f 450//450 414//414 415//415
f 450//450 415//415 451//451
f 451//451 415//415 416//416
f 451//451 416//416 452//452
f 452//452 416//416 417//417
f 452//452 417//417 453//453
f 453//453 417//417 418//418
f 453//453 418//418 454//454
f 454//454 418//418 441//441
f 455//455 361//361 456//456
f 456//456 361//361 362//362
f 456//456 362//362 457//457
f 457//457 362//362 363//363
f 457//457 363//363 458//458
f 458//458 363//363 364//364
f 458//458 364//364 459//459
f 459//459 364//364 365//365
f 459//459 365//365 460//460
f 460//460 365//365 366//366
f 460//460 366//366 461//461
f 461//461 366//366 367//367
f 461//461 367//367 462//462
f 462//462 367//367 368//368
f 462//462 368//368 463//463
f 463//463 368//368 369//369
f 463//463 369//369 464//464
f 464//464 369//369 370//370
f 464//464 370//370 465//465
f 465//465 370//370 371//371
f 465//465 371//371 466//466
f 466//466 371//371 372//372
f 466//466 372//372 467//467
f 467//467 372//372 373//373
f 467//467 373//373 468//468
f 468//468 373//373 374//374
f 468//468 374//374 469//469
f 469//469 374//374 375//375
f 469//469 375//375 470//470
f 470//470 376//376 471//471
f 471//471 376//376 377//377
f 471//471 377//377 472//472
f 472//472 377//377 378//378
f 472//472 378//378 473//473
f 473//473 378//378 379//379
f 473//473 379//379 474//474
f 474//474 379//379 380//380
f 474//474 380//380 475//475
f 475//475 380//380 381//381
f 475//475 381//381 476//476
f 476//476 381//381 382//382
f 476//476 382//382 477//477
f 477//477 382//382 383//383
f 477//477 383//383 478//478
f 478//478 383//383 384//384
f 478//478 384//384 479//479
f 479//479 384//384 385//385
f 479//479 385//385 480//480
f 480//480 385//385 386//386
f 480//480 386//386 481//481
f 481//481 386//386 387//387
f 481//481 387//387 482//482
f 482//482 387//387 388//388
f 482//482 388//388 483//483
f 483//483 388//388 389//389
f 483//483 389//389 484//484
f 484//484 389//389 390//390
f 442//442 485//485 405//405
f 405//405 485//485 486//486
f 405//405 486//486 404//404
f 404//404 486//486 487//487
f 404//404 487//487 403//403
f 403//403 487//487 488//488
f 403//403 488//488 402//402
f 402//402 488//488 489//489
f 402//402 489//489 401//401
f 401//401 489//489 400//400
f 400//400 489//489 490//490
f 400//400 490//490 399//399
f 399//399 490//490 491//491
f 399//399 491//491 398//398
f 398//398 491//491 492//492
f 398//398 492//492 397//397
f 397//397 492//492 493//493
f 397//397 493//493 396//396
f 396//396 493//493 494//494
f 396//396 494//494 395//395
f 395//395 494//494 495//495
f 395//395 495//495 394//394
f 394//394 495//495 496//496
f 394//394 496//496 393//393
f 393//393 496//496 497//497
f 393//393 497//497 392//392
f 392//392 497//497 498//498
f 392//392 498//498 391//391
f 391//391 498//498 499//499
f 391//391 499//499 390//390
f 390//390 499//499 500//500
f 390//390 500//500 484//484
f 501//501 455//455 456//456
f 501//501 456//456 502//502
f 502//502 456//456 457//457
f 502//502 457//457 503//503
f 503//503 457//457 458//458
f 503//503 458//458 504//504
f 504//504 458//458 459//459
f 504//504 459//459 505//505
f 505//505 459//459 460//460
f 505//505 460//460 506//506
f 506//506 460//460 461//461
f 506//506 461//461 507//507
f 507//507 461//461 462//462
f 507//507 462//462 508//508
f 508//508 462//462 463//463
f 508//508 463//463 509//509
f 509//509 463//463 464//464
f 509//509 464//464 510//510
f 510//510 464//464 465//465
f 510//510 465//465 511//511
f 511//511 465//465 512//512
f 512//512 465//465 466//466
f 512//512 466//466 513//513
f 513//513 466//466 467//467
f 513//513 467//467 514//514
f 514//514 467//467 468//468
f 514//514 468//468 515//515
f 515//515 468//468 469//469
f 515//515 469//469 516//516
f 516//516 469//469 470//470
f 516//516 470//470 517//517
f 517//517 470//470 471//471
f 517//517 471//471 518//518
f 518//518 471//471 519//519
f 519//519 471//471 472//472
f 519//519 472//472 520//520
f 520//520 472//472 473//473
f 520//520 473//473 521//521
f 521//521 473//473 474//474
f 521//521 474//474 522//522
f 522//522 474//474 475//475
f 522//522 475//475 523//523
f 523//523 475//475 476//476
f 523//523 476//476 524//524
f 524//524 476//476 477//477
f 524//524 477//477 525//525
f 525//525 477//477 478//478
f 525//525 478//478 526//526
f 526//526 478//478 479//479
f 526//526 479//479 527//527
f 527//527 479//479 480//480
f 527//527 480//480 528//528
f 528//528 480//480 481//481
f 528//528 481//481 529//529
f 529//529 481//481 482//482
f 529//529 482//482 530//530
f 530//530 482//482 483//483
f 530//530 483//483 531//531
f 531//531 483//483 484//484
f 531//531 484//484 532//532
f 484//484 500//500 532//532
f 532//532 500//500 499//499
f 532//532 499//499 533//533
f 533//533 499//499 534//534
f 534//534 499//499 498//498
f 534//534 498//498 535//535
f 535//535 498//498 497//497
f 535//535 497//497 536//536
f 536//536 497//497 496//496
f 536//536 496//496 537//537
f 537//537 496//496 495//495
f 537//537 495//495 538//538
f 538//538 495//495 494//494
f 538//538 494//494 539//539
f 494//494 493//493 539//539
f 539//539 493//493 492//492
f 539//539 492//492 540//540
f 540//540 492//492 491//491
f 443//443 541//541 442//442
f 442//442 541//541 542//542
f 442//442 542//542 485//485
f 485//485 542//542 543//543
f 485//485 543//543 486//486
f 486//486 543//543 544//544
f 486//486 544//544 487//487
f 487//487 544//544 545//545
f 487//487 545//545 488//488
f 488//488 545//545 546//546
f 488//488 546//546 489//489
f 489//489 546//546 547//547
f 489//489 547//547 490//490
f 490//490 547//547 548//548
f 490//490 548//548 491//491
f 491//491 548//548 549//549
f 491//491 549//549 540//540
f 446//446 550//550 445//445
f 445//445 550//550 551//551
f 445//445 551//551 444//444
f 444//444 551//551 552//552
f 444//444 552//552 443//443
f 443//443 552//552 553//553
f 443//443 553//553 541//541
f 448//448 554//554 447//447
f 447//447 554//554 555//555
f 447//447 555//555 446//446
f 446//446 555//555 556//556
f 446//446 556//556 550//550
f 452//452 557//557 451//451
f 451//451 557//557 558//558
f 451//451 558//558 450//450
f 450//450 558//558 559//559
f 450//450 559//559 449//449
f 449//449 559//559 560//560
f 449//449 560//560 448//448
f 448//448 560//560 561//561
f 448//448 561//561 554//554
f 454//454 441//441 562//562
f 454//454 562//562 453//453
f 453//453 562//562 563//563
f 453//453 563//563 452//452
f 452//452 563//563 564//564
f 452//452 564//564 557//557
f 565//565 566//566 434//434
f 434//434 566//566 567//567
f 434//434 567//567 435//435
f 435//435 567//567 568//568
f 435//435 568//568 436//436
f 436//436 568//568 569//569
f 436//436 569//569 437//437
f 437//437 569//569 570//570
f 437//437 570//570 438//438
f 438//438 570//570 571//571
f 438//438 571//571 439//439
f 439//439 571//571 572//572
f 439//439 572//572 440//440
f 440//440 572//572 573//573
f 440//440 573//573 441//441
f 441//441 573//573 574//574
f 441//441 574//574 562//562
f 575//575 576//576 431//431
f 431//431 576//576 577//577
f 431//431 577//577 432//432
f 434//434 433//433 565//565
f 565//565 433//433 432//432
f 565//565 432//432 578//578
f 578//578 432//432 577//577
f 565//565 578//578 579//579
f 567//567 566//566 580//580
f 568//568 581//581 582//582
f 583//583 584//584 585//585
f 553//553 552//552 586//586
f 586//586 552//552 587//587
f 586//586 587//587 588//588
f 588//588 587//587 589//589
f 590//590 591//591 592//592
f 592//592 591//591 593//593
f 592//592 593//593 589//589
f 590//590 592//592 594//594
f 594//594 592//592 595//595
f 594//594 595//595 584//584
f 552//552 551//551 587//587
f 587//587 551//551 550//550
f 587//587 550//550 596//596
f 550//550 556//556 596//596
f 596//596 556//556 555//555
f 596//596 555//555 597//597
f 597//597 555//555 554//554
f 597//597 554//554 598//598
f 599//599 583//583 600//600
f 600//600 583//583 585//585
f 600//600 585//585 601//601
f 601//601 585//585 602//602
f 601//601 602//602 603//603
f 603//603 602//602 604//604
f 554//554 561//561 598//598
f 598//598 561//561 560//560
f 598//598 560//560 605//605
f 605//605 560//560 559//559
f 605//605 559//559 606//606
f 559//559 558//558 606//606
f 606//606 558//558 557//557
f 606//606 557//557 607//607
f 608//608 609//609 610//610
f 610//610 609//609 611//611
f 610//610 611//611 612//612
f 612//612 611//611 613//613
f 612//612 613//613 604//604
f 604//604 613//613 614//614
f 604//604 614//614 603//603
f 557//557 564//564 607//607
f 607//607 564//564 563//563
f 607//607 563//563 615//615
f 615//615 563//563 562//562
f 615//615 562//562 616//616
f 617//617 618//618 619//619
f 619//619 618//618 620//620
f 619//619 620//620 621//621
f 621//621 620//620 622//622
f 621//621 622//622 608//608
f 608//608 622//622 623//623
f 608//608 623//623 609//609
f 562//562 574//574 616//616
f 616//616 574//574 573//573
f 616//616 573//573 624//624
f 624//624 573//573 572//572
f 624//624 572//572 625//625
f 572//572 571//571 625//625
f 625//625 571//571 570//570
f 625//625 570//570 582//582
f 582//582 570//570 569//569
f 582//582 569//569 568//568
f 589//589 587//587 592//592
f 592//592 587//587 596//596
f 592//592 596//596 595//595
f 595//595 596//596 597//597
f 595//595 597//597 626//626
f 626//626 597//597 598//598
f 626//626 598//598 627//627
f 627//627 598//598 605//605
f 627//627 605//605 628//628
f 628//628 605//605 606//606
f 628//628 606//606 629//629
f 629//629 606//606 607//607
f 629//629 607//607 630//630
f 630//630 607//607 615//615
f 630//630 615//615 631//631
f 631//631 615//615 616//616
f 631//631 616//616 632//632
f 632//632 616//616 624//624
f 632//632 624//624 633//633
f 633//633 624//624 625//625
f 633//633 625//625 634//634
f 634//634 625//625 582//582
f 634//634 582//582 635//635
f 635//635 582//582 581//581
f 635//635 581//581 636//636
f 584//584 595//595 585//585
f 585//585 595//595 626//626
f 585//585 626//626 602//602
f 602//602 626//626 627//627
f 602//602 627//627 604//604
f 604//604 627//627 628//628
f 604//604 628//628 612//612
f 612//612 628//628 629//629
f 612//612 629//629 610//610
f 610//610 629//629 630//630
f 610//610 630//630 608//608
f 608//608 630//630 631//631
f 608//608 631//631 621//621
f 621//621 631//631 632//632
f 621//621 632//632 619//619
f 619//619 632//632 633//633
f 619//619 633//633 617//617
f 617//617 633//633 634//634
f 617//617 634//634 637//637
f 637//637 634//634 635//635
f 637//637 635//635 638//638
f 638//638 635//635 636//636
f 638//638 636//636 639//639
f 640//640 641//641 639//639
f 639//639 641//641 642//642
f 639//639 642//642 638//638
f 638//638 642//642 643//643
f 638//638 643//643 637//637
f 637//637 643//643 644//644
f 637//637 644//644 617//617
f 617//617 644//644 645//645
f 617//617 645//645 618//618
f 646//646 640//640 647//647
f 647//647 640//640 639//639
f 647//647 639//639 648//648
f 648//648 639//639 636//636
f 648//648 636//636 580//580
f 580//580 636//636 581//581
f 580//580 581//581 567//567
f 567//567 581//581 568//568
f 649//649 646//646 650//650
f 650//650 646//646 647//647
f 650//650 647//647 651//651
f 651//651 647//647 648//648
f 651//651 648//648 579//579
f 579//579 648//648 580//580
f 579//579 580//580 565//565
f 565//565 580//580 566//566
f 652//652 649//649 653//653
f 653//653 649//649 650//650
f 653//653 650//650 654//654
f 654//654 650//650 651//651
f 654//654 651//651 655//655
f 655//655 651//651 579//579
f 655//655 579//579 577//577
f 577//577 579//579 578//578
f 656//656 657//657 658//658
f 659//659 660//660 661//661
f 661//661 660//660 662//662
f 661//661 662//662 663//663
f 663//663 662//662 664//664
f 665//665 666//666 661//661
f 661//661 666//666 667//667
f 661//661 667//667 659//659
f 657//657 668//668 658//658
f 658//658 668//668 669//669
f 658//658 669//669 665//665
f 665//665 669//669 670//670
f 665//665 670//670 666//666
f 656//656 658//658 671//671
f 671//671 658//658 576//576
f 671//671 576//576 575//575
f 577//577 576//576 655//655
f 655//655 576//576 658//658
f 655//655 658//658 654//654
f 654//654 658//658 665//665
f 654//654 665//665 653//653
f 653//653 665//665 661//661
f 653//653 661//661 652//652
f 652//652 661//661 663//663
f 664//664 672//672 663//663
f 663//663 672//672 673//673
f 663//663 673//673 652//652
f 674//674 675//675 676//676
f 676//676 675//675 677//677
f 676//676 677//677 678//678
f 678//678 677//677 679//679
f 678//678 679//679 680//680
f 680//680 679//679 681//681
f 680//680 681//681 682//682
f 682//682 681//681 683//683
f 682//682 683//683 684//684
f 684//684 683//683 685//685
f 684//684 685//685 686//686
f 686//686 685//685 687//687
f 686//686 687//687 688//688
f 688//688 687//687 689//689
f 688//688 689//689 690//690
f 690//690 689//689 691//691
f 690//690 691//691 692//692
f 692//692 691//691 693//693
f 692//692 693//693 694//694
f 694//694 693//693 695//695
f 694//694 695//695 696//696
f 696//696 695//695 697//697
f 696//696 697//697 698//698
f 698//698 697//697 699//699
f 698//698 699//699 700//700
f 700//700 699//699 701//701
f 700//700 701//701 702//702
f 702//702 701//701 703//703
f 702//702 703//703 704//704
f 704//704 703//703 705//705
f 704//704 705//705 706//706
f 706//706 705//705 707//707
f 706//706 707//707 708//708
f 708//708 707//707 673//673
f 672//672 709//709 673//673
f 673//673 709//709 708//708
f 709//709 710//710 708//708
f 708//708 710//710 711//711
f 708//708 711//711 712//712
f 713//713 714//714 715//715
f 713//713 715//715 716//716
f 716//716 715//715 717//717
f 716//716 717//717 718//718
f 714//714 713//713 719//719
f 719//719 713//713 720//720
f 719//719 720//720 721//721
f 722//722 723//723 724//724
f 722//722 724//724 720//720
f 720//720 724//724 725//725
f 720//720 725//725 721//721
f 711//711 710//710 722//722
f 722//722 710//710 726//726
f 722//722 726//726 723//723
f 712//712 711//711 727//727
f 727//727 711//711 722//722
f 727//727 722//722 728//728
f 728//728 722//722 720//720
f 728//728 720//720 729//729
f 729//729 720//720 713//713
f 729//729 713//713 730//730
f 730//730 713//713 716//716
f 731//731 732//732 733//733
f 734//734 735//735 736//736
f 737//737 738//738 739//739
f 740//740 741//741 742//742
f 743//743 744//744 745//745
f 746//746 747//747 748//748
f 749//749 750//750 751//751
f 752//752 753//753 754//754
f 755//755 756//756 757//757
f 757//757 756//756 758//758
f 757//757 758//758 759//759
f 754//754 760//760 755//755
f 754//754 755//755 761//761
f 753//753 762//762 754//754
f 754//754 762//762 763//763
f 754//754 763//763 760//760
f 764//764 749//749 765//765
f 765//765 749//749 751//751
f 765//765 751//751 752//752
f 764//764 765//765 766//766
f 766//766 765//765 767//767
f 766//766 767//767 768//768
f 768//768 767//767 769//769
f 768//768 769//769 770//770
f 759//759 771//771 757//757
f 757//757 771//771 772//772
f 757//757 772//772 773//773
f 773//773 772//772 774//774
f 775//775 776//776 774//774
f 774//774 776//776 777//777
f 774//774 777//777 773//773
f 770//770 769//769 778//778
f 778//778 769//769 779//779
f 778//778 779//779 780//780
f 780//780 779//779 781//781
f 780//780 781//781 782//782
f 783//783 784//784 785//785
f 785//785 784//784 786//786
f 785//785 786//786 787//787
f 787//787 786//786 788//788
f 787//787 788//788 789//789
f 789//789 788//788 776//776
f 789//789 776//776 790//790
f 790//790 776//776 775//775
f 755//755 757//757 761//761
f 761//761 757//757 773//773
f 761//761 773//773 791//791
f 791//791 773//773 777//777
f 791//791 777//777 792//792
f 792//792 777//777 776//776
f 792//792 776//776 793//793
f 793//793 776//776 788//788
f 793//793 788//788 794//794
f 794//794 788//788 786//786
f 794//794 786//786 795//795
f 795//795 786//786 784//784
f 795//795 784//784 796//796
f 752//752 754//754 765//765
f 765//765 754//754 761//761
f 765//765 761//761 767//767
f 767//767 761//761 791//791
f 767//767 791//791 769//769
f 769//769 791//791 792//792
f 769//769 792//792 779//779
f 779//779 792//792 793//793
f 779//779 793//793 781//781
f 781//781 793//793 794//794
f 781//781 794//794 797//797
f 797//797 794//794 795//795
f 797//797 795//795 798//798
f 798//798 795//795 796//796
f 798//798 796//796 799//799
f 800//800 801//801 799//799
f 799//799 801//801 802//802
f 799//799 802//802 798//798
f 798//798 802//802 803//803
f 798//798 803//803 797//797
f 797//797 803//803 804//804
f 797//797 804//804 781//781
f 781//781 804//804 805//805
f 781//781 805//805 782//782
f 806//806 800//800 807//807
f 807//807 800//800 799//799
f 807//807 799//799 808//808
f 808//808 799//799 796//796
f 808//808 796//796 809//809
f 809//809 796//796 784//784
f 809//809 784//784 810//810
f 810//810 784//784 783//783
f 744//744 806//806 745//745
f 745//745 806//806 807//807
f 745//745 807//807 811//811
f 811//811 807//807 808//808
f 811//811 808//808 812//812
f 812//812 808//808 809//809
f 812//812 809//809 813//813
f 813//813 809//809 810//810
f 741//741 743//743 742//742
f 742//742 743//743 745//745
f 742//742 745//745 814//814
f 814//814 745//745 811//811
f 814//814 811//811 748//748
f 748//748 811//811 812//812
f 748//748 812//812 746//746
f 746//746 812//812 813//813
f 815//815 740//740 816//816
f 816//816 740//740 742//742
f 816//816 742//742 817//817
f 817//817 742//742 814//814
f 817//817 814//814 818//818
f 818//818 814//814 748//748
f 818//818 748//748 819//819
f 819//819 748//748 747//747
f 735//735 815//815 736//736
f 736//736 815//815 816//816
f 736//736 816//816 820//820
f 820//820 816//816 817//817
f 820//820 817//817 821//821
f 821//821 817//817 818//818
f 821//821 818//818 822//822
f 822//822 818//818 819//819
f 732//732 734//734 733//733
f 733//733 734//734 736//736
f 733//733 736//736 823//823
f 823//823 736//736 820//820
f 823//823 820//820 739//739
f 739//739 820//820 821//821
f 739//739 821//821 737//737
f 737//737 821//821 822//822
f 824//824 731//731 825//825
f 825//825 731//731 733//733
f 825//825 733//733 826//826
f 826//826 733//733 823//823
f 826//826 823//823 827//827
f 827//827 823//823 739//739
f 827//827 739//739 828//828
f 828//828 739//739 738//738
f 730//730 824//824 729//729
f 729//729 824//824 825//825
f 729//729 825//825 728//728
f 728//728 825//825 826//826
f 728//728 826//826 727//727
f 727//727 826//826 827//827
f 727//727 827//827 712//712
f 712//712 827//827 828//828
f 718//718 829//829 716//716
f 716//716 829//829 730//730
f 730//730 829//829 824//824
f 824//824 829//829 830//830
f 824//824 830//830 731//731
f 731//731 830//830 831//831
f 731//731 831//831 732//732
f 732//732 831//831 832//832
f 732//732 832//832 734//734
f 734//734 832//832 833//833
f 734//734 833//833 735//735
f 834//834 740//740 815//815
f 735//735 833//833 815//815
f 815//815 833//833 835//835
f 815//815 835//835 834//834
f 836//836 743//743 741//741
f 740//740 834//834 741//741
f 741//741 834//834 837//837
f 741//741 837//837 836//836
f 744//744 838//838 806//806
f 806//806 838//838 800//800
f 743//743 836//836 744//744
f 744//744 836//836 839//839
f 744//744 839//839 838//838
f 840//840 802//802 801//801
f 800//800 838//838 801//801
f 801//801 838//838 841//841
f 801//801 841//841 840//840
f 782//782 842//842 780//780
f 780//780 842//842 778//778
f 802//802 840//840 803//803
f 803//803 840//840 843//843
f 803//803 843//843 804//804
f 804//804 843//843 844//844
f 804//804 844//844 805//805
f 805//805 844//844 845//845
f 805//805 845//845 782//782
f 782//782 845//845 846//846
f 782//782 846//846 842//842
f 766//766 768//768 847//847
f 847//847 768//768 770//770
f 778//778 842//842 770//770
f 770//770 842//842 848//848
f 770//770 848//848 847//847
f 766//766 847//847 764//764
f 764//764 847//847 849//849
f 764//764 849//849 850//850
f 851//851 852//852 853//853
f 853//853 852//852 854//854
f 853//853 854//854 855//855
f 855//855 854//854 856//856
f 855//855 856//856 857//857
f 857//857 856//856 858//858
f 857//857 858//858 859//859
f 859//859 858//858 860//860
f 859//859 860//860 861//861
f 861//861 860//860 862//862
f 861//861 862//862 863//863
f 863//863 862//862 864//864
f 863//863 864//864 865//865
f 865//865 864//864 866//866
f 865//865 866//866 867//867
f 867//867 866//866 868//868
f 867//867 868//868 869//869
f 869//869 868//868 870//870
f 869//869 870//870 871//871
f 871//871 870//870 872//872
f 871//871 872//872 873//873
f 873//873 872//872 874//874
f 873//873 874//874 875//875
f 875//875 874//874 876//876
f 875//875 876//876 877//877
f 877//877 876//876 878//878
f 877//877 878//878 879//879
f 879//879 878//878 880//880
f 879//879 880//880 881//881
f 881//881 880//880 882//882
f 881//881 882//882 883//883
f 883//883 882//882 884//884
f 883//883 884//884 885//885
f 885//885 884//884 886//886
f 885//885 886//886 887//887
f 887//887 886//886 750//750
f 887//887 750//750 850//850
f 850//850 750//750 749//749
f 850//850 749//749 764//764
f 853//853 888//888 851//851
f 851//851 888//888 889//889
f 851//851 889//889 890//890
f 890//890 889//889 891//891
f 890//890 891//891 892//892
f 892//892 891//891 893//893
f 892//892 893//893 894//894
f 894//894 893//893 895//895
f 894//894 895//895 896//896
f 896//896 895//895 897//897
f 896//896 897//897 898//898
f 898//898 897//897 899//899
f 898//898 899//899 900//900
f 900//900 899//899 901//901
f 900//900 901//901 902//902
f 902//902 901//901 903//903
f 902//902 903//903 904//904
f 904//904 903//903 905//905
f 904//904 905//905 906//906
f 906//906 905//905 907//907
f 908//908 909//909 910//910
f 910//910 909//909 911//911
f 910//910 911//911 912//912
f 912//912 911//911 913//913
f 912//912 913//913 914//914
f 914//914 913//913 915//915
f 914//914 915//915 916//916
f 916//916 915//915 917//917
f 916//916 917//917 918//918
f 918//918 917//917 919//919
f 918//918 919//919 920//920
f 920//920 919//919 921//921
f 920//920 921//921 922//922
f 922//922 921//921 923//923
f 922//922 923//923 924//924
f 924//924 923//923 925//925
f 924//924 925//925 926//926
f 926//926 925//925 927//927
f 926//926 927//927 928//928
f 928//928 927//927 929//929
f 928//928 929//929 930//930
f 930//930 929//929 931//931
f 930//930 931//931 932//932
f 932//932 931//931 933//933
f 932//932 933//933 934//934
f 934//934 933//933 935//935
f 934//934 935//935 936//936
f 936//936 935//935 937//937
f 936//936 937//937 938//938
f 938//938 937//937 939//939
f 938//938 939//939 940//940
f 940//940 939//939 941//941
f 940//940 941//941 942//942
f 942//942 941//941 943//943
f 942//942 943//943 907//907
f 907//907 943//943 944//944
f 907//907 944//944 906//906
f 860//860 858//858 945//945
f 925//925 923//923 946//946
f 947//947 948//948 949//949
f 950//950 951//951 947//947
f 952//952 953//953 954//954
f 954//954 953//953 955//955
f 956//956 957//957 958//958
f 958//958 957//957 952//952
f 958//958 959//959 915//915
f 909//909 956//956 911//911
f 911//911 956//956 958//958
f 911//911 958//958 913//913
f 913//913 958//958 915//915
f 946//946 923//923 960//960
f 923//923 921//921 960//960
f 960//960 921//921 919//919
f 960//960 919//919 959//959
f 959//959 919//919 917//917
f 959//959 917//917 915//915
f 925//925 946//946 927//927
f 927//927 946//946 961//961
f 927//927 961//961 929//929
f 929//929 961//961 962//962
f 929//929 962//962 931//931
f 931//931 962//962 963//963
f 931//931 963//963 933//933
f 933//933 963//963 935//935
f 935//935 963//963 964//964
f 935//935 964//964 937//937
f 965//965 944//944 966//966
f 966//966 944//944 943//943
f 966//966 943//943 967//967
f 967//967 943//943 941//941
f 967//967 941//941 964//964
f 964//964 941//941 939//939
f 964//964 939//939 937//937
f 900//900 902//902 968//968
f 968//968 902//902 904//904
f 968//968 904//904 965//965
f 965//965 904//904 906//906
f 965//965 906//906 944//944
f 900//900 968//968 898//898
f 898//898 968//968 969//969
f 898//898 969//969 896//896
f 896//896 969//969 970//970
f 896//896 970//970 894//894
f 894//894 970//970 892//892
f 892//892 970//970 971//971
f 892//892 971//971 890//890
f 890//890 971//971 851//851
f 851//851 971//971 972//972
f 851//851 972//972 852//852
f 852//852 972//972 973//973
f 852//852 973//973 854//854
f 945//945 858//858 973//973
f 973//973 858//858 856//856
f 973//973 856//856 854//854
f 860//860 945//945 862//862
f 862//862 945//945 974//974
f 862//862 974//974 864//864
f 864//864 974//974 975//975
f 864//864 975//975 866//866
f 866//866 975//975 868//868
f 868//868 975//975 976//976
f 868//868 976//976 870//870
f 870//870 976//976 872//872
f 872//872 976//976 977//977
f 872//872 977//977 874//874
f 874//874 977//977 876//876
f 876//876 977//977 978//978
f 876//876 978//978 878//878
f 878//878 978//978 880//880
f 880//880 978//978 979//979
f 880//880 979//979 882//882
f 947//947 949//949 950//950
f 950//950 949//949 980//980
f 950//950 980//980 981//981
f 981//981 980//980 982//982
f 981//981 982//982 983//983
f 983//983 982//982 984//984
f 983//983 984//984 985//985
f 985//985 984//984 986//986
f 985//985 986//986 987//987
f 987//987 986//986 988//988
f 987//987 988//988 989//989
f 989//989 988//988 990//990
f 989//989 990//990 991//991
f 991//991 990//990 992//992
f 991//991 992//992 993//993
f 993//993 992//992 994//994
f 993//993 994//994 995//995
f 995//995 994//994 996//996
f 995//995 996//996 997//997
f 997//997 996//996 998//998
f 997//997 998//998 999//999
f 999//999 998//998 1000//1000
f 999//999 1000//1000 1001//1001
f 1001//1001 1000//1000 1002//1002
f 1001//1001 1002//1002 1003//1003
f 1003//1003 1002//1002 1004//1004
f 1003//1003 1004//1004 1005//1005
f 1005//1005 1004//1004 1006//1006
f 1005//1005 1006//1006 1007//1007
f 1007//1007 1006//1006 1008//1008
f 1007//1007 1008//1008 1009//1009
f 1009//1009 1008//1008 1010//1010
f 1009//1009 1010//1010 1011//1011
f 1011//1011 1010//1010 1012//1012
f 1011//1011 1012//1012 1013//1013
f 1013//1013 1012//1012 1014//1014
f 1013//1013 1014//1014 1015//1015
f 1015//1015 1014//1014 1016//1016
f 1015//1015 1016//1016 1017//1017
f 1017//1017 1016//1016 1018//1018
f 1017//1017 1018//1018 1019//1019
f 1019//1019 1018//1018 1020//1020
f 1019//1019 1020//1020 1021//1021
f 1021//1021 1020//1020 1022//1022
f 1021//1021 1022//1022 1023//1023
f 1023//1023 1022//1022 1024//1024
f 1023//1023 1024//1024 1025//1025
f 1025//1025 1024//1024 1026//1026
f 1025//1025 1026//1026 1027//1027
f 952//952 954//954 958//958
f 958//958 954//954 1028//1028
f 958//958 1028//1028 959//959
f 959//959 1028//1028 1029//1029
f 959//959 1029//1029 960//960
f 960//960 1029//1029 1030//1030
f 960//960 1030//1030 946//946
f 946//946 1030//1030 1031//1031
f 946//946 1031//1031 961//961
f 961//961 1031//1031 1032//1032
f 961//961 1032//1032 962//962
f 962//962 1032//1032 1033//1033
f 962//962 1033//1033 963//963
f 963//963 1033//1033 1034//1034
f 963//963 1034//1034 964//964
f 964//964 1034//1034 1035//1035
f 964//964 1035//1035 967//967
f 967//967 1035//1035 1036//1036
f 967//967 1036//1036 966//966
f 966//966 1036//1036 1037//1037
f 966//966 1037//1037 965//965
f 965//965 1037//1037 1038//1038
f 965//965 1038//1038 968//968
f 968//968 1038//1038 1039//1039
f 968//968 1039//1039 969//969
f 969//969 1039//1039 1040//1040
f 969//969 1040//1040 970//970
f 970//970 1040//1040 1041//1041
f 970//970 1041//1041 971//971
f 971//971 1041//1041 1042//1042
f 971//971 1042//1042 972//972
f 972//972 1042//1042 1043//1043
f 972//972 1043//1043 973//973
f 973//973 1043//1043 1044//1044
f 973//973 1044//1044 945//945
f 945//945 1044//1044 1045//1045
f 945//945 1045//1045 974//974
f 974//974 1045//1045 1046//1046
f 974//974 1046//1046 975//975
f 975//975 1046//1046 1047//1047
f 975//975 1047//1047 976//976
f 976//976 1047//1047 1048//1048
f 976//976 1048//1048 977//977
f 977//977 1048//1048 1049//1049
f 977//977 1049//1049 978//978
f 978//978 1049//1049 1050//1050
f 978//978 1050//1050 979//979
f 979//979 1050//1050 1051//1051
f 979//979 1051//1051 1052//1052
f 1026//1026 1053//1053 1054//1054
f 1026//1026 1054//1054 1027//1027
f 1027//1027 1054//1054 1055//1055
f 1027//1027 1055//1055 1056//1056
f 1056//1056 1051//1051 1027//1027
f 1027//1027 1051//1051 1050//1050
f 1027//1027 1050//1050 1025//1025
f 1025//1025 1050//1050 1049//1049
f 1025//1025 1049//1049 1023//1023
f 1023//1023 1049//1049 1048//1048
f 1023//1023 1048//1048 1021//1021
f 1021//1021 1048//1048 1047//1047
f 1021//1021 1047//1047 1019//1019
f 1019//1019 1047//1047 1046//1046
f 1019//1019 1046//1046 1017//1017
f 1017//1017 1046//1046 1045//1045
f 1017//1017 1045//1045 1015//1015
f 1015//1015 1045//1045 1044//1044
f 1015//1015 1044//1044 1013//1013
f 1013//1013 1044//1044 1043//1043
f 1013//1013 1043//1043 1011//1011
f 1011//1011 1043//1043 1042//1042
f 1011//1011 1042//1042 1009//1009
f 1009//1009 1042//1042 1041//1041
f 1009//1009 1041//1041 1007//1007
f 1007//1007 1041//1041 1040//1040
f 1007//1007 1040//1040 1005//1005
f 1005//1005 1040//1040 1039//1039
f 1005//1005 1039//1039 1003//1003
f 1003//1003 1039//1039 1038//1038
f 1003//1003 1038//1038 1001//1001
f 1001//1001 1038//1038 1037//1037
f 1001//1001 1037//1037 999//999
f 999//999 1037//1037 1036//1036
f 999//999 1036//1036 997//997
f 997//997 1036//1036 1035//1035
f 997//997 1035//1035 995//995
f 995//995 1035//1035 1034//1034
f 995//995 1034//1034 993//993
f 993//993 1034//1034 1033//1033
f 993//993 1033//1033 991//991
f 991//991 1033//1033 1032//1032
f 991//991 1032//1032 989//989
f 989//989 1032//1032 1031//1031
f 989//989 1031//1031 987//987
f 987//987 1031//1031 1030//1030
f 987//987 1030//1030 985//985
f 985//985 1030//1030 1029//1029
f 985//985 1029//1029 983//983
f 983//983 1029//1029 1028//1028
f 983//983 1028//1028 981//981
f 981//981 1028//1028 954//954
f 981//981 954//954 950//950
f 950//950 954//954 955//955
f 950//950 955//955 951//951
f 1056//1056 1057//1057 1051//1051
f 1051//1051 1057//1057 1058//1058
f 1051//1051 1058//1058 1052//1052
f 1052//1052 1058//1058 1059//1059
f 1052//1052 1059//1059 1060//1060
f 882//882 979//979 884//884
f 884//884 979//979 1052//1052
f 884//884 1052//1052 886//886
f 886//886 1052//1052 1060//1060
f 886//886 1060//1060 750//750
f 1055//1055 1054//1054 1061//1061
f 1057//1057 1056//1056 1062//1062
f 1059//1059 1058//1058 1063//1063
f 758//758 756//756 1064//1064
f 1064//1064 756//756 1065//1065
f 1064//1064 1065//1065 1066//1066
f 1067//1067 1066//1066 1068//1068
f 1069//1069 1067//1067 1070//1070
f 1071//1071 1069//1069 1072//1072
f 756//756 755//755 1065//1065
f 1065//1065 755//755 760//760
f 1065//1065 760//760 1073//1073
f 760//760 763//763 1073//1073
f 1073//1073 763//763 762//762
f 1073//1073 762//762 1074//1074
f 1074//1074 762//762 753//753
f 1074//1074 753//753 1075//1075
f 750//750 1060//1060 751//751
f 751//751 1060//1060 1075//1075
f 751//751 1075//1075 752//752
f 752//752 1075//1075 753//753
f 1066//1066 1065//1065 1068//1068
f 1068//1068 1065//1065 1073//1073
f 1068//1068 1073//1073 1076//1076
f 1076//1076 1073//1073 1074//1074
f 1076//1076 1074//1074 1077//1077
f 1077//1077 1074//1074 1075//1075
f 1077//1077 1075//1075 1063//1063
f 1063//1063 1075//1075 1060//1060
f 1063//1063 1060//1060 1059//1059
f 1067//1067 1068//1068 1070//1070
f 1070//1070 1068//1068 1076//1076
f 1070//1070 1076//1076 1078//1078
f 1078//1078 1076//1076 1077//1077
f 1078//1078 1077//1077 1079//1079
f 1079//1079 1077//1077 1063//1063
f 1079//1079 1063//1063 1062//1062
f 1062//1062 1063//1063 1058//1058
f 1062//1062 1058//1058 1057//1057
f 1069//1069 1070//1070 1072//1072
f 1072//1072 1070//1070 1078//1078
f 1072//1072 1078//1078 1080//1080
f 1080//1080 1078//1078 1079//1079
f 1080//1080 1079//1079 1081//1081
f 1081//1081 1079//1079 1062//1062
f 1081//1081 1062//1062 1061//1061
f 1061//1061 1062//1062 1056//1056
f 1061//1061 1056//1056 1055//1055
f 1071//1071 1072//1072 1082//1082
f 1082//1082 1072//1072 1080//1080
f 1082//1082 1080//1080 1083//1083
f 1083//1083 1080//1080 1081//1081
f 1083//1083 1081//1081 1084//1084
f 1084//1084 1081//1081 1061//1061
f 1084//1084 1061//1061 1085//1085
f 1085//1085 1061//1061 1054//1054
f 1085//1085 1054//1054 1053//1053
f 1086//1086 1087//1087 1088//1088
f 1089//1089 1086//1086 1090//1090
f 1091//1091 1088//1088 1092//1092
f 1092//1092 1088//1088 1087//1087
f 1092//1092 1087//1087 1093//1093
f 1094//1094 1095//1095 1091//1091
f 1091//1091 1095//1095 1096//1096
f 1091//1091 1096//1096 1088//1088
f 1094//1094 1097//1097 1095//1095
f 1095//1095 1097//1097 1098//1098
f 1095//1095 1098//1098 1099//1099
f 1099//1099 1098//1098 1100//1100
f 1099//1099 1100//1100 1101//1101
f 1086//1086 1088//1088 1090//1090
f 1090//1090 1088//1088 1096//1096
f 1090//1090 1096//1096 1102//1102
f 1102//1102 1096//1096 1095//1095
f 1102//1102 1095//1095 1103//1103
f 1103//1103 1095//1095 1099//1099
f 1103//1103 1099//1099 1104//1104
f 1104//1104 1099//1099 1101//1101
f 1104//1104 1101//1101 1105//1105
f 1089//1089 1090//1090 1106//1106
f 1106//1106 1090//1090 1102//1102
f 1106//1106 1102//1102 1107//1107
f 1107//1107 1102//1102 1103//1103
f 1107//1107 1103//1103 1108//1108
f 1108//1108 1103//1103 1104//1104
f 1108//1108 1104//1104 1109//1109
f 1109//1109 1104//1104 1105//1105
f 1109//1109 1105//1105 1110//1110
f 1111//1111 1112//1112 1113//1113
f 1114//1114 1115//1115 1116//1116
f 1116//1116 1115//1115 1117//1117
f 1117//1117 1115//1115 1118//1118
f 1117//1117 1118//1118 1119//1119
f 1119//1119 1120//1120 1117//1117
f 1117//1117 1120//1120 1121//1121
f 1117//1117 1121//1121 1122//1122
f 1113//1113 1112//1112 1116//1116
f 1116//1116 1112//1112 1123//1123
f 1116//1116 1123//1123 1114//1114
f 1092//1092 1093//1093 1124//1124
f 1124//1124 1093//1093 1125//1125
f 1124//1124 1125//1125 1113//1113
f 1113//1113 1125//1125 1126//1126
f 1113//1113 1126//1126 1111//1111
f 1127//1127 1100//1100 1128//1128
f 1128//1128 1100//1100 1098//1098
f 1098//1098 1097//1097 1128//1128
f 1128//1128 1097//1097 1094//1094
f 1128//1128 1094//1094 1124//1124
f 1124//1124 1094//1094 1091//1091
f 1124//1124 1091//1091 1092//1092
f 1071//1071 1127//1127 1069//1069
f 1069//1069 1127//1127 1128//1128
f 1069//1069 1128//1128 1067//1067
f 1067//1067 1128//1128 1124//1124
f 1067//1067 1124//1124 1066//1066
f 1066//1066 1124//1124 1113//1113
f 1066//1066 1113//1113 1064//1064
f 1064//1064 1113//1113 1116//1116
f 1064//1064 1116//1116 758//758
f 758//758 1116//1116 1117//1117
f 1129//1129 1130//1130 1131//1131
f 1122//1122 1132//1132 1133//1133
f 1133//1133 1132//1132 1134//1134
f 1133//1133 1134//1134 1135//1135
f 1135//1135 1134//1134 1136//1136
f 1135//1135 1136//1136 1137//1137
f 1137//1137 1136//1136 1138//1138
f 1137//1137 1138//1138 1139//1139
f 1139//1139 1138//1138 1140//1140
f 1122//1122 1121//1121 1141//1141
f 1141//1141 1121//1121 1120//1120
f 1141//1141 1120//1120 1142//1142
f 1142//1142 1120//1120 1119//1119
f 1142//1142 1119//1119 1143//1143
f 1143//1143 1119//1119 1118//1118
f 1143//1143 1118//1118 1144//1144
f 1144//1144 1118//1118 1115//1115
f 1144//1144 1115//1115 1145//1145
f 1145//1145 1115//1115 1114//1114
f 1145//1145 1114//1114 1123//1123
f 1140//1140 1138//1138 1131//1131
f 1131//1131 1138//1138 1146//1146
f 1131//1131 1146//1146 1129//1129
f 1112//1112 1147//1147 1123//1123
f 1123//1123 1147//1147 1148//1148
f 1123//1123 1148//1148 1145//1145
f 1093//1093 1087//1087 1125//1125
f 1125//1125 1087//1087 1149//1149
f 1125//1125 1149//1149 1126//1126
f 1126//1126 1149//1149 1147//1147
f 1126//1126 1147//1147 1111//1111
f 1111//1111 1147//1147 1112//1112
f 1122//1122 1141//1141 1132//1132
f 1132//1132 1141//1141 1142//1142
f 1132//1132 1142//1142 1134//1134
f 1134//1134 1142//1142 1143//1143
f 1134//1134 1143//1143 1136//1136
f 1136//1136 1143//1143 1144//1144
f 1136//1136 1144//1144 1138//1138
f 1138//1138 1144//1144 1145//1145
f 1138//1138 1145//1145 1146//1146
f 1146//1146 1145//1145 1148//1148
f 1146//1146 1148//1148 1129//1129
f 1129//1129 1148//1148 1147//1147
f 1129//1129 1147//1147 1150//1150
f 1150//1150 1147//1147 1149//1149
f 1150//1150 1149//1149 1151//1151
f 1151//1151 1149//1149 1087//1087
f 1151//1151 1087//1087 1086//1086
f 1130//1130 1129//1129 1152//1152
f 1152//1152 1129//1129 1150//1150
f 1152//1152 1150//1150 1153//1153
f 1153//1153 1150//1150 1151//1151
f 1153//1153 1151//1151 1154//1154
f 1154//1154 1151//1151 1086//1086
f 1154//1154 1086//1086 1089//1089
f 1155//1155 1156//1156 1157//1157
f 1158//1158 1159//1159 1160//1160
f 1160//1160 1159//1159 1161//1161
f 1160//1160 1161//1161 1162//1162
f 1162//1162 1161//1161 1163//1163
f 1162//1162 1163//1163 1164//1164
f 1164//1164 1163//1163 1165//1165
f 1158//1158 1166//1166 1167//1167
f 1167//1167 1166//1166 1168//1168
f 1167//1167 1168//1168 1169//1169
f 1169//1169 1168//1168 1170//1170
f 1169//1169 1170//1170 1171//1171
f 1171//1171 1170//1170 1172//1172
f 1171//1171 1172//1172 1173//1173
f 1173//1173 1172//1172 1174//1174
f 1173//1173 1174//1174 1175//1175
f 1176//1176 1177//1177 1178//1178
f 1178//1178 1177//1177 1179//1179
f 1178//1178 1179//1179 1165//1165
f 1165//1165 1179//1179 1180//1180
f 1165//1165 1180//1180 1164//1164
f 1174//1174 1181//1181 1175//1175
f 1175//1175 1181//1181 1182//1182
f 1175//1175 1182//1182 1183//1183
f 1183//1183 1182//1182 1184//1184
f 1183//1183 1184//1184 1157//1157
f 1157//1157 1184//1184 1185//1185
f 1157//1157 1185//1185 1155//1155
f 1158//1158 1167//1167 1159//1159
f 1159//1159 1167//1167 1169//1169
f 1159//1159 1169//1169 1161//1161
f 1161//1161 1169//1169 1171//1171
f 1161//1161 1171//1171 1163//1163
f 1163//1163 1171//1171 1173//1173
f 1163//1163 1173//1173 1165//1165
f 1165//1165 1173//1173 1175//1175
f 1165//1165 1175//1175 1178//1178
f 1178//1178 1175//1175 1183//1183
f 1178//1178 1183//1183 1176//1176
f 1176//1176 1183//1183 1157//1157
f 1176//1176 1157//1157 1186//1186
f 1186//1186 1157//1157 1156//1156
f 1186//1186 1156//1156 1187//1187
f 1188//1188 1189//1189 1187//1187
f 1187//1187 1189//1189 1190//1190
f 1187//1187 1190//1190 1186//1186
f 1186//1186 1190//1190 1191//1191
f 1186//1186 1191//1191 1176//1176
f 1176//1176 1191//1191 1192//1192
f 1176//1176 1192//1192 1177//1177
f 1193//1193 1188//1188 1194//1194
f 1194//1194 1188//1188 1187//1187
f 1194//1194 1187//1187 1195//1195
f 1195//1195 1187//1187 1156//1156
f 1195//1195 1156//1156 1196//1196
f 1196//1196 1156//1156 1155//1155
f 1154//1154 1089//1089 1197//1197
f 1198//1198 1152//1152 1153//1153
f 1139//1139 1140//1140 1199//1199
f 1199//1199 1140//1140 1131//1131
f 1199//1199 1131//1131 1130//1130
f 1122//1122 1133//1133 1200//1200
f 1200//1200 1133//1133 1135//1135
f 1200//1200 1135//1135 1137//1137
f 1174//1174 1172//1172 1201//1201
f 1201//1201 1172//1172 1170//1170
f 1170//1170 1168//1168 1201//1201
f 1201//1201 1168//1168 1166//1166
f 1201//1201 1166//1166 1158//1158
f 1184//1184 1182//1182 1202//1202
f 1202//1202 1182//1182 1181//1181
f 1203//1203 1204//1204 1196//1196
f 1196//1196 1155//1155 1203//1203
f 1203//1203 1155//1155 1185//1185
f 1203//1203 1185//1185 1184//1184
f 1181//1181 1174//1174 1202//1202
f 1202//1202 1174//1174 1201//1201
f 1202//1202 1201//1201 1205//1205
f 1205//1205 1201//1201 1206//1206
f 1206//1206 1207//1207 1205//1205
f 1205//1205 1207//1207 1208//1208
f 1205//1205 1208//1208 1209//1209
f 1209//1209 1208//1208 1210//1210
f 1209//1209 1210//1210 1211//1211
f 1211//1211 1210//1210 1212//1212
f 1211//1211 1212//1212 1213//1213
f 1212//1212 1214//1214 1213//1213
f 1213//1213 1214//1214 1215//1215
f 1213//1213 1215//1215 1216//1216
f 1216//1216 1215//1215 1217//1217
f 1216//1216 1217//1217 1218//1218
f 1217//1217 1219//1219 1218//1218
f 1218//1218 1219//1219 1220//1220
f 1218//1218 1220//1220 1221//1221
f 1221//1221 1220//1220 1222//1222
f 1223//1223 1224//1224 1222//1222
f 1222//1222 1224//1224 1225//1225
f 1222//1222 1225//1225 1221//1221
f 1223//1223 1226//1226 1224//1224
f 1224//1224 1226//1226 1227//1227
f 1224//1224 1227//1227 1228//1228
f 1228//1228 1227//1227 1229//1229
f 1228//1228 1229//1229 1230//1230
f 1230//1230 1229//1229 1231//1231
f 1230//1230 1231//1231 1232//1232
f 1204//1204 1203//1203 1233//1233
f 1233//1233 1203//1203 1234//1234
f 1233//1233 1234//1234 1235//1235
f 1235//1235 1234//1234 1236//1236
f 1235//1235 1236//1236 1237//1237
f 1237//1237 1236//1236 1238//1238
f 1237//1237 1238//1238 1239//1239
f 1239//1239 1238//1238 1240//1240
f 1239//1239 1240//1240 1241//1241
f 1241//1241 1240//1240 1242//1242
f 1241//1241 1242//1242 1243//1243
f 1243//1243 1242//1242 1244//1244
f 1243//1243 1244//1244 1245//1245
f 1245//1245 1244//1244 1246//1246
f 1245//1245 1246//1246 1247//1247
f 1247//1247 1246//1246 1248//1248
f 1247//1247 1248//1248 1249//1249
f 1249//1249 1248//1248 1250//1250
f 1249//1249 1250//1250 1251//1251
f 1251//1251 1250//1250 1252//1252
f 1251//1251 1252//1252 1253//1253
f 1253//1253 1252//1252 1254//1254
f 1253//1253 1254//1254 1255//1255
f 1255//1255 1254//1254 1256//1256
f 1255//1255 1256//1256 1257//1257
f 1257//1257 1256//1256 1258//1258
f 1257//1257 1258//1258 1259//1259
f 1259//1259 1258//1258 1260//1260
f 1259//1259 1260//1260 1261//1261
f 1137//1137 1139//1139 1200//1200
f 1200//1200 1139//1139 1199//1199
f 1200//1200 1199//1199 1262//1262
f 1262//1262 1199//1199 1263//1263
f 1262//1262 1263//1263 1264//1264
f 1264//1264 1263//1263 1265//1265
f 1264//1264 1265//1265 1266//1266
f 1266//1266 1265//1265 1232//1232
f 1266//1266 1232//1232 1267//1267
f 1267//1267 1232//1232 1231//1231
f 1184//1184 1202//1202 1203//1203
f 1203//1203 1202//1202 1205//1205
f 1203//1203 1205//1205 1234//1234
f 1234//1234 1205//1205 1209//1209
f 1234//1234 1209//1209 1236//1236
f 1236//1236 1209//1209 1211//1211
f 1236//1236 1211//1211 1238//1238
f 1238//1238 1211//1211 1213//1213
f 1238//1238 1213//1213 1240//1240
f 1240//1240 1213//1213 1216//1216
f 1240//1240 1216//1216 1242//1242
f 1242//1242 1216//1216 1218//1218
f 1242//1242 1218//1218 1244//1244
f 1244//1244 1218//1218 1221//1221
f 1244//1244 1221//1221 1246//1246
f 1246//1246 1221//1221 1225//1225
f 1246//1246 1225//1225 1248//1248
f 1248//1248 1225//1225 1224//1224
f 1248//1248 1224//1224 1250//1250
f 1250//1250 1224//1224 1228//1228
f 1250//1250 1228//1228 1252//1252
f 1252//1252 1228//1228 1230//1230
f 1252//1252 1230//1230 1254//1254
f 1254//1254 1230//1230 1232//1232
f 1254//1254 1232//1232 1256//1256
f 1256//1256 1232//1232 1265//1265
f 1256//1256 1265//1265 1258//1258
f 1258//1258 1265//1265 1263//1263
f 1258//1258 1263//1263 1260//1260
f 1260//1260 1263//1263 1199//1199
f 1260//1260 1199//1199 1198//1198
f 1198//1198 1199//1199 1130//1130
f 1198//1198 1130//1130 1152//1152
f 1153//1153 1154//1154 1198//1198
f 1198//1198 1154//1154 1197//1197
f 1198//1198 1197//1197 1260//1260
f 1260//1260 1197//1197 1268//1268
f 1260//1260 1268//1268 1261//1261
f 758//758 1117//1117 759//759
f 759//759 1117//1117 698//698
f 759//759 698//698 771//771
f 771//771 698//698 772//772
f 789//789 790//790 700//700
f 700//700 790//790 775//775
f 700//700 775//775 698//698
f 698//698 775//775 774//774
f 698//698 774//774 772//772
f 810//810 783//783 702//702
f 702//702 783//783 785//785
f 702//702 785//785 700//700
f 700//700 785//785 787//787
f 700//700 787//787 789//789
f 819//819 704//704 822//822
f 822//822 704//704 706//706
f 822//822 706//706 737//737
f 819//819 747//747 704//704
f 704//704 747//747 746//746
f 704//704 746//746 702//702
f 702//702 746//746 813//813
f 702//702 813//813 810//810
f 708//708 712//712 828//828
f 708//708 828//828 706//706
f 706//706 828//828 738//738
f 706//706 738//738 737//737
f 275//275 274//274 676//676
f 676//676 274//274 280//280
f 676//676 280//280 674//674
f 674//674 280//280 283//283
f 674//674 283//283 286//286
f 275//275 676//676 276//276
f 276//276 676//676 678//678
f 276//276 678//678 277//277
f 247//247 245//245 680//680
f 680//680 245//245 279//279
f 680//680 279//279 678//678
f 678//678 279//279 278//278
f 678//678 278//278 277//277
f 235//235 233//233 682//682
f 682//682 233//233 250//250
f 682//682 250//250 680//680
f 680//680 250//250 249//249
f 680//680 249//249 247//247
f 684//684 219//219 220//220
f 220//220 222//222 684//684
f 684//684 222//222 238//238
f 684//684 238//238 682//682
f 682//682 238//238 237//237
f 682//682 237//237 235//235
f 1207//1207 1206//1206 686//686
f 686//686 1206//1206 1201//1201
f 686//686 1201//1201 684//684
f 197//197 219//219 1269//1269
f 1269//1269 219//219 684//684
f 1269//1269 684//684 1158//1158
f 1158//1158 684//684 1201//1201
f 688//688 1212//1212 1210//1210
f 688//688 1210//1210 686//686
f 686//686 1210//1210 1208//1208
f 686//686 1208//1208 1207//1207
f 1219//1219 1217//1217 690//690
f 690//690 1217//1217 1215//1215
f 690//690 1215//1215 688//688
f 688//688 1215//1215 1214//1214
f 688//688 1214//1214 1212//1212
f 1226//1226 1223//1223 692//692
f 692//692 1223//1223 1222//1222
f 692//692 1222//1222 690//690
f 690//690 1222//1222 1220//1220
f 690//690 1220//1220 1219//1219
f 1226//1226 692//692 1227//1227
f 1227//1227 692//692 694//694
f 1227//1227 694//694 1229//1229
f 1117//1117 1122//1122 698//698
f 698//698 1122//1122 1200//1200
f 698//698 1200//1200 696//696
f 696//696 1200//1200 1262//1262
f 696//696 1262//1262 1264//1264
f 1264//1264 1266//1266 696//696
f 696//696 1266//1266 1267//1267
f 696//696 1267//1267 694//694
f 694//694 1267//1267 1231//1231
f 694//694 1231//1231 1229//1229
f 1270//1270 1271//1271 1272//1272
f 1272//1272 1271//1271 1273//1273
f 1272//1272 1273//1273 1274//1274
f 1193//1193 1275//1275 1276//1276
f 1276//1276 1275//1275 1277//1277
f 1276//1276 1277//1277 1273//1273
f 1273//1273 1277//1277 1278//1278
f 1273//1273 1278//1278 1274//1274
f 1191//1191 1190//1190 1279//1279
f 1279//1279 1190//1190 1189//1189
f 1279//1279 1189//1189 1276//1276
f 1276//1276 1189//1189 1188//1188
f 1276//1276 1188//1188 1193//1193
f 1191//1191 1279//1279 1192//1192
f 1192//1192 1279//1279 1280//1280
f 1192//1192 1280//1280 1177//1177
f 1162//1162 1269//1269 1160//1160
f 1160//1160 1269//1269 1158//1158
f 1162//1162 1164//1164 1269//1269
f 1269//1269 1164//1164 1180//1180
f 1269//1269 1180//1180 1280//1280
f 1280//1280 1180//1180 1179//1179
f 1280//1280 1179//1179 1177//1177
f 197//197 1269//1269 196//196
f 196//196 1269//1269 1280//1280
f 196//196 1280//1280 195//195
f 195//195 1280//1280 1279//1279
f 195//195 1279//1279 194//194
f 194//194 1279//1279 1276//1276
f 194//194 1276//1276 193//193
f 193//193 1276//1276 1273//1273
f 193//193 1273//1273 192//192
f 192//192 1273//1273 1271//1271
f 1281//1281 1282//1282 1283//1283
f 1284//1284 1281//1281 1285//1285
f 1274//1274 1283//1283 1272//1272
f 1272//1272 1283//1283 1282//1282
f 1272//1272 1282//1282 1270//1270
f 1278//1278 1286//1286 1274//1274
f 1274//1274 1286//1286 1287//1287
f 1274//1274 1287//1287 1283//1283
f 1278//1278 1277//1277 1286//1286
f 1286//1286 1277//1277 1275//1275
f 1286//1286 1275//1275 1288//1288
f 1288//1288 1275//1275 1193//1193
f 1288//1288 1193//1193 1194//1194
f 1281//1281 1283//1283 1285//1285
f 1285//1285 1283//1283 1287//1287
f 1285//1285 1287//1287 1289//1289
f 1289//1289 1287//1287 1286//1286
f 1289//1289 1286//1286 1290//1290
f 1290//1290 1286//1286 1288//1288
f 1290//1290 1288//1288 1291//1291
f 1291//1291 1288//1288 1194//1194
f 1291//1291 1194//1194 1195//1195
f 1284//1284 1285//1285 1292//1292
f 1292//1292 1285//1285 1289//1289
f 1292//1292 1289//1289 1293//1293
f 1293//1293 1289//1289 1290//1290
f 1293//1293 1290//1290 1294//1294
f 1294//1294 1290//1290 1291//1291
f 1294//1294 1291//1291 1295//1295
f 1295//1295 1291//1291 1195//1195
f 1295//1295 1195//1195 1196//1196
f 1296//1296 1297//1297 1298//1298
f 1298//1298 1297//1297 1299//1299
f 1300//1300 1301//1301 1302//1302
f 1303//1303 1304//1304 1302//1302
f 1305//1305 1300//1300 1306//1306
f 1306//1306 1300//1300 1302//1302
f 1306//1306 1302//1302 1307//1307
f 1307//1307 1302//1302 1304//1304
f 1302//1302 1308//1308 1303//1303
f 1303//1303 1308//1308 1296//1296
f 1303//1303 1296//1296 1298//1298
f 1309//1309 1310//1310 1311//1311
f 1311//1311 1310//1310 1312//1312
f 1311//1311 1312//1312 1313//1313
f 1313//1313 1312//1312 1314//1314
f 1313//1313 1314//1314 1315//1315
f 1315//1315 1314//1314 1316//1316
f 1301//1301 1309//1309 1302//1302
f 1302//1302 1309//1309 1311//1311
f 1302//1302 1311//1311 1308//1308
f 1308//1308 1311//1311 1313//1313
f 1308//1308 1313//1313 1296//1296
f 1296//1296 1313//1313 1315//1315
f 1317//1317 1318//1318 1319//1319
f 1320//1320 1270//1270 1321//1321
f 1321//1321 1270//1270 1282//1282
f 1321//1321 1282//1282 1319//1319
f 1319//1319 1282//1282 1281//1281
f 1319//1319 1281//1281 1317//1317
f 1317//1317 1281//1281 1284//1284
f 1310//1310 1320//1320 1312//1312
f 1312//1312 1320//1320 1321//1321
f 1312//1312 1321//1321 1314//1314
f 1314//1314 1321//1321 1319//1319
f 1314//1314 1319//1319 1316//1316
f 1316//1316 1319//1319 1318//1318
f 1107//1107 1268//1268 1106//1106
f 1106//1106 1268//1268 1197//1197
f 1106//1106 1197//1197 1089//1089
f 1108//1108 1109//1109 1233//1233
f 1322//1322 1316//1316 1323//1323
f 1323//1323 1316//1316 1318//1318
f 1323//1323 1318//1318 1324//1324
f 1324//1324 1318//1318 1317//1317
f 1324//1324 1317//1317 1110//1110
f 1110//1110 1317//1317 1284//1284
f 1284//1284 1292//1292 1110//1110
f 1110//1110 1292//1292 1293//1293
f 1110//1110 1293//1293 1109//1109
f 1109//1109 1293//1293 1294//1294
f 1109//1109 1294//1294 1233//1233
f 1233//1233 1294//1294 1295//1295
f 1233//1233 1295//1295 1204//1204
f 1204//1204 1295//1295 1196//1196
f 1257//1257 1259//1259 1325//1325
f 1249//1249 1251//1251 1325//1325
f 1249//1249 1325//1325 1247//1247
f 1251//1251 1253//1253 1325//1325
f 1325//1325 1253//1253 1255//1255
f 1325//1325 1255//1255 1257//1257
f 1325//1325 1233//1233 1235//1235
f 1235//1235 1237//1237 1325//1325
f 1325//1325 1237//1237 1239//1239
f 1325//1325 1239//1239 1241//1241
f 1241//1241 1243//1243 1325//1325
f 1325//1325 1243//1243 1245//1245
f 1325//1325 1245//1245 1247//1247
f 1259//1259 1261//1261 1325//1325
f 1325//1325 1261//1261 1268//1268
f 1325//1325 1268//1268 1233//1233
f 1233//1233 1268//1268 1107//1107
f 1233//1233 1107//1107 1108//1108
f 1324//1324 1110//1110 1105//1105
f 1326//1326 1327//1327 1328//1328
f 1328//1328 1327//1327 1329//1329
f 1328//1328 1329//1329 1330//1330
f 1330//1330 1329//1329 1331//1331
f 1324//1324 1105//1105 1323//1323
f 1100//1100 1326//1326 1101//1101
f 1101//1101 1326//1326 1328//1328
f 1101//1101 1328//1328 1105//1105
f 1105//1105 1328//1328 1330//1330
f 1105//1105 1330//1330 1323//1323
f 1323//1323 1330//1330 1331//1331
f 1323//1323 1331//1331 1322//1322
f 1332//1332 1333//1333 1334//1334
f 1334//1334 1333//1333 1335//1335
f 1334//1334 1335//1335 1336//1336
f 1336//1336 1335//1335 1337//1337
f 1336//1336 1337//1337 1338//1338
f 1338//1338 1337//1337 1297//1297
f 1327//1327 1332//1332 1329//1329
f 1329//1329 1332//1332 1334//1334
f 1329//1329 1334//1334 1331//1331
f 1331//1331 1334//1334 1336//1336
f 1331//1331 1336//1336 1322//1322
f 1322//1322 1336//1336 1338//1338
f 1339//1339 1340//1340 1341//1341
f 1341//1341 1340//1340 1342//1342
f 1341//1341 1342//1342 1343//1343
f 1343//1343 1342//1342 1344//1344
f 1343//1343 1344//1344 1345//1345
f 1346//1346 1347//1347 1344//1344
f 1344//1344 1347//1347 1348//1348
f 1344//1344 1348//1348 1345//1345
f 1349//1349 1350//1350 1351//1351
f 1351//1351 1350//1350 1352//1352
f 1351//1351 1352//1352 1344//1344
f 1344//1344 1352//1352 1353//1353
f 1344//1344 1353//1353 1346//1346
f 1354//1354 1355//1355 1356//1356
f 1354//1354 1356//1356 1351//1351
f 1351//1351 1356//1356 1357//1357
f 1351//1351 1357//1357 1349//1349
f 1339//1339 1358//1358 1340//1340
f 1340//1340 1358//1358 1359//1359
f 1340//1340 1359//1359 1360//1360
f 1360//1360 1361//1361 1340//1340
f 1340//1340 1361//1361 1362//1362
f 1340//1340 1362//1362 1363//1363
f 599//599 1354//1354 1364//1364
f 1364//1364 1354//1354 1351//1351
f 1364//1364 1351//1351 1365//1365
f 1365//1365 1351//1351 1344//1344
f 1365//1365 1344//1344 1366//1366
f 1366//1366 1344//1344 1342//1342
f 1366//1366 1342//1342 1367//1367
f 1367//1367 1342//1342 1340//1340
f 1367//1367 1340//1340 1368//1368
f 1368//1368 1340//1340 1363//1363
f 1369//1369 1370//1370 1371//1371
f 1369//1369 1371//1371 1372//1372
f 1373//1373 1374//1374 1375//1375
f 1375//1375 1374//1374 1376//1376
f 1375//1375 1376//1376 1377//1377
f 1377//1377 1376//1376 1378//1378
f 1377//1377 1378//1378 1379//1379
f 1379//1379 1378//1378 1380//1380
f 1379//1379 1380//1380 1381//1381
f 1381//1381 1380//1380 1382//1382
f 1381//1381 1382//1382 1383//1383
f 1383//1383 1382//1382 1384//1384
f 1383//1383 1384//1384 1385//1385
f 1385//1385 1384//1384 1386//1386
f 1385//1385 1386//1386 1387//1387
f 1387//1387 1386//1386 1388//1388
f 1387//1387 1388//1388 1370//1370
f 1370//1370 1388//1388 1389//1389
f 1370//1370 1389//1389 1371//1371
f 1363//1363 1362//1362 1390//1390
f 1391//1391 1392//1392 1393//1393
f 1393//1393 1392//1392 1368//1368
f 1393//1393 1368//1368 1394//1394
f 1394//1394 1368//1368 1363//1363
f 1394//1394 1363//1363 1395//1395
f 1371//1371 1396//1396 1372//1372
f 1372//1372 1396//1396 1397//1397
f 1372//1372 1397//1397 1398//1398
f 1398//1398 1397//1397 1399//1399
f 1398//1398 1399//1399 1393//1393
f 1393//1393 1399//1399 1400//1400
f 1393//1393 1400//1400 1391//1391
f 1401//1401 1402//1402 1403//1403
f 1403//1403 1402//1402 1404//1404
f 1403//1403 1404//1404 1405//1405
f 1405//1405 1404//1404 1406//1406
f 1405//1405 1406//1406 1373//1373
f 1373//1373 1406//1406 1407//1407
f 1373//1373 1407//1407 1374//1374
f 1363//1363 1390//1390 1395//1395
f 1395//1395 1390//1390 1408//1408
f 1395//1395 1408//1408 1409//1409
f 1410//1410 1411//1411 1412//1412
f 1412//1412 1411//1411 1413//1413
f 1412//1412 1413//1413 1414//1414
f 1414//1414 1413//1413 1415//1415
f 1414//1414 1415//1415 1401//1401
f 1401//1401 1415//1415 1416//1416
f 1401//1401 1416//1416 1402//1402
f 1417//1417 1418//1418 1419//1419
f 1419//1419 1418//1418 1420//1420
f 1419//1419 1420//1420 1421//1421
f 1421//1421 1422//1422 1419//1419
f 1419//1419 1422//1422 1423//1423
f 1419//1419 1423//1423 1409//1409
f 1409//1409 1423//1423 1424//1424
f 1409//1409 1424//1424 1395//1395
f 1425//1425 1426//1426 1427//1427
f 1427//1427 1426//1426 1428//1428
f 1427//1427 1428//1428 1429//1429
f 1429//1429 1428//1428 1430//1430
f 1429//1429 1430//1430 1431//1431
f 1431//1431 1430//1430 1432//1432
f 1431//1431 1432//1432 1433//1433
f 1433//1433 1432//1432 1434//1434
f 1433//1433 1434//1434 1435//1435
f 1435//1435 1434//1434 1436//1436
f 1435//1435 1436//1436 1410//1410
f 1410//1410 1436//1436 1437//1437
f 1410//1410 1437//1437 1411//1411
f 1418//1418 1438//1438 1439//1439
f 1440//1440 1427//1427 1441//1441
f 1441//1441 1427//1427 1429//1429
f 1441//1441 1429//1429 1442//1442
f 1442//1442 1429//1429 1431//1431
f 1442//1442 1431//1431 1443//1443
f 1443//1443 1431//1431 1433//1433
f 1443//1443 1433//1433 1444//1444
f 1444//1444 1433//1433 1435//1435
f 1444//1444 1435//1435 1445//1445
f 1445//1445 1435//1435 1410//1410
f 1445//1445 1410//1410 1446//1446
f 1446//1446 1410//1410 1412//1412
f 1446//1446 1412//1412 1447//1447
f 1447//1447 1412//1412 1414//1414
f 1447//1447 1414//1414 1448//1448
f 1448//1448 1414//1414 1401//1401
f 1448//1448 1401//1401 1449//1449
f 1449//1449 1401//1401 1403//1403
f 1449//1449 1403//1403 1450//1450
f 1450//1450 1403//1403 1405//1405
f 1450//1450 1405//1405 1451//1451
f 1451//1451 1405//1405 1373//1373
f 1451//1451 1373//1373 1452//1452
f 1452//1452 1373//1373 1375//1375
f 1452//1452 1375//1375 1453//1453
f 1453//1453 1375//1375 1377//1377
f 1453//1453 1377//1377 1454//1454
f 1454//1454 1377//1377 1379//1379
f 1454//1454 1379//1379 1455//1455
f 1455//1455 1379//1379 1381//1381
f 1455//1455 1381//1381 1456//1456
f 1456//1456 1381//1381 1383//1383
f 1456//1456 1383//1383 1457//1457
f 1457//1457 1383//1383 1385//1385
f 1457//1457 1385//1385 1458//1458
f 1458//1458 1385//1385 1387//1387
f 1458//1458 1387//1387 1459//1459
f 1459//1459 1387//1387 1370//1370
f 1459//1459 1370//1370 1460//1460
f 1460//1460 1370//1370 1369//1369
f 1460//1460 1369//1369 1461//1461
f 1461//1461 1369//1369 1372//1372
f 1461//1461 1372//1372 1462//1462
f 1462//1462 1372//1372 1398//1398
f 1462//1462 1398//1398 1463//1463
f 1463//1463 1398//1398 1393//1393
f 1463//1463 1393//1393 1464//1464
f 1464//1464 1393//1393 1394//1394
f 1464//1464 1394//1394 1465//1465
f 1465//1465 1394//1394 1395//1395
f 1465//1465 1395//1395 1466//1466
f 1466//1466 1395//1395 1424//1424
f 1466//1466 1424//1424 1467//1467
f 1467//1467 1424//1424 1423//1423
f 1467//1467 1423//1423 1468//1468
f 1468//1468 1423//1423 1422//1422
f 1468//1468 1422//1422 1469//1469
f 1469//1469 1422//1422 1421//1421
f 1469//1469 1421//1421 1439//1439
f 1439//1439 1421//1421 1420//1420
f 1439//1439 1420//1420 1418//1418
f 1470//1470 1425//1425 1440//1440
f 1440//1440 1425//1425 1427//1427
f 1010//1010 1453//1453 1454//1454
f 1453//1453 1010//1010 1452//1452
f 1448//1448 996//996 1447//1447
f 1447//1447 996//996 994//994
f 1447//1447 994//994 1446//1446
f 1010//1010 1008//1008 1452//1452
f 1452//1452 1008//1008 1006//1006
f 1452//1452 1006//1006 1451//1451
f 1451//1451 1006//1006 1004//1004
f 1451//1451 1004//1004 1450//1450
f 1450//1450 1004//1004 1002//1002
f 1450//1450 1002//1002 1449//1449
f 1449//1449 1002//1002 1000//1000
f 1449//1449 1000//1000 1448//1448
f 1448//1448 1000//1000 998//998
f 1448//1448 998//998 996//996
f 1463//1463 1082//1082 1083//1083
f 1464//1464 1127//1127 1463//1463
f 1463//1463 1127//1127 1071//1071
f 1463//1463 1071//1071 1082//1082
f 948//948 1470//1470 1440//1440
f 980//980 1441//1441 1442//1442
f 1083//1083 1084//1084 1463//1463
f 1463//1463 1084//1084 1085//1085
f 1463//1463 1085//1085 1462//1462
f 1462//1462 1085//1085 1053//1053
f 1462//1462 1053//1053 1461//1461
f 1461//1461 1053//1053 1026//1026
f 1461//1461 1026//1026 1460//1460
f 1460//1460 1026//1026 1024//1024
f 1460//1460 1024//1024 1459//1459
f 1459//1459 1024//1024 1022//1022
f 1459//1459 1022//1022 1458//1458
f 1458//1458 1022//1022 1020//1020
f 1458//1458 1020//1020 1457//1457
f 1457//1457 1020//1020 1018//1018
f 1457//1457 1018//1018 1456//1456
f 1456//1456 1018//1018 1016//1016
f 1456//1456 1016//1016 1455//1455
f 1455//1455 1016//1016 1014//1014
f 1455//1455 1014//1014 1454//1454
f 1454//1454 1014//1014 1012//1012
f 1454//1454 1012//1012 1010//1010
f 1464//1464 1465//1465 1127//1127
f 1127//1127 1465//1465 1326//1326
f 1127//1127 1326//1326 1100//1100
f 1469//1469 1333//1333 1468//1468
f 1468//1468 1333//1333 1467//1467
f 1469//1469 1439//1439 1333//1333
f 1333//1333 1439//1439 1438//1438
f 1333//1333 1438//1438 1471//1471
f 1441//1441 980//980 1440//1440
f 1440//1440 980//980 949//949
f 1440//1440 949//949 948//948
f 994//994 992//992 1446//1446
f 1446//1446 992//992 990//990
f 1446//1446 990//990 1445//1445
f 1445//1445 990//990 988//988
f 1445//1445 988//988 1444//1444
f 1444//1444 988//988 986//986
f 1444//1444 986//986 1443//1443
f 1443//1443 986//986 984//984
f 1443//1443 984//984 1442//1442
f 1442//1442 984//984 982//982
f 1442//1442 982//982 980//980
f 1467//1467 1333//1333 1466//1466
f 1466//1466 1333//1333 1332//1332
f 1466//1466 1332//1332 1465//1465
f 1465//1465 1332//1332 1327//1327
f 1465//1465 1327//1327 1326//1326
f 1471//1471 1472//1472 1473//1473
f 1337//1337 1474//1474 1297//1297
f 1297//1297 1474//1474 1475//1475
f 1297//1297 1475//1475 1299//1299
f 1333//1333 1471//1471 1335//1335
f 1335//1335 1471//1471 1473//1473
f 1335//1335 1473//1473 1337//1337
f 1337//1337 1473//1473 1476//1476
f 1337//1337 1476//1476 1474//1474
f 1438//1438 1418//1418 1471//1471
f 1471//1471 1418//1418 1417//1417
f 1471//1471 1417//1417 1472//1472
f 1472//1472 1417//1417 1477//1477
f 1419//1419 1478//1478 1417//1417
f 1417//1417 1478//1478 1479//1479
f 1417//1417 1479//1479 1477//1477
f 1480//1480 152//152 153//153
f 153//153 1481//1481 1480//1480
f 1480//1480 1481//1481 1482//1482
f 1480//1480 1482//1482 1478//1478
f 1478//1478 1482//1482 1483//1483
f 1478//1478 1483//1483 1479//1479
f 150//150 152//152 1484//1484
f 1484//1484 152//152 1480//1480
f 1484//1484 1480//1480 1485//1485
f 1485//1485 1480//1480 1478//1478
f 1485//1485 1478//1478 1409//1409
f 1409//1409 1478//1478 1419//1419
f 147//147 150//150 1486//1486
f 1486//1486 150//150 1484//1484
f 1486//1486 1484//1484 1487//1487
f 1487//1487 1484//1484 1485//1485
f 1487//1487 1485//1485 1408//1408
f 1408//1408 1485//1485 1409//1409
f 1488//1488 1489//1489 1490//1490
f 1489//1489 147//147 1490//1490
f 1490//1490 147//147 1486//1486
f 1490//1490 1486//1486 1491//1491
f 1491//1491 1486//1486 1487//1487
f 1491//1491 1487//1487 1390//1390
f 1390//1390 1487//1487 1408//1408
f 1492//1492 1488//1488 1493//1493
f 1493//1493 1488//1488 1490//1490
f 1493//1493 1490//1490 1494//1494
f 1494//1494 1490//1490 1491//1491
f 1494//1494 1491//1491 1362//1362
f 1362//1362 1491//1491 1390//1390
f 1495//1495 1496//1496 1497//1497
f 1498//1498 1495//1495 1499//1499
f 1341//1341 1498//1498 1500//1500
f 1341//1341 1500//1500 1339//1339
f 1339//1339 1500//1500 1501//1501
f 1339//1339 1501//1501 1358//1358
f 1495//1495 1497//1497 1499//1499
f 1499//1499 1497//1497 1502//1502
f 1499//1499 1502//1502 1503//1503
f 1503//1503 1502//1502 1504//1504
f 1503//1503 1504//1504 1505//1505
f 1505//1505 1504//1504 1506//1506
f 1505//1505 1506//1506 1507//1507
f 1507//1507 1506//1506 1492//1492
f 1507//1507 1492//1492 1493//1493
f 1498//1498 1499//1499 1500//1500
f 1500//1500 1499//1499 1503//1503
f 1500//1500 1503//1503 1501//1501
f 1501//1501 1503//1503 1505//1505
f 1501//1501 1505//1505 1508//1508
f 1508//1508 1505//1505 1507//1507
f 1508//1508 1507//1507 1509//1509
f 1509//1509 1507//1507 1493//1493
f 1509//1509 1493//1493 1494//1494
f 1358//1358 1501//1501 1359//1359
f 1359//1359 1501//1501 1508//1508
f 1359//1359 1508//1508 1360//1360
f 1360//1360 1508//1508 1509//1509
f 1360//1360 1509//1509 1361//1361
f 1361//1361 1509//1509 1494//1494
f 1361//1361 1494//1494 1362//1362
f 1510//1510 1511//1511 1512//1512
f 1355//1355 1513//1513 1356//1356
f 1356//1356 1513//1513 1514//1514
f 1356//1356 1514//1514 1357//1357
f 1357//1357 1514//1514 1515//1515
f 1355//1355 1516//1516 1517//1517
f 1517//1517 1516//1516 1518//1518
f 1517//1517 1518//1518 1519//1519
f 1519//1519 1518//1518 1520//1520
f 1519//1519 1520//1520 1521//1521
f 1521//1521 1520//1520 1522//1522
f 1521//1521 1522//1522 1523//1523
f 1523//1523 1522//1522 1524//1524
f 1523//1523 1524//1524 1525//1525
f 1526//1526 1353//1353 1527//1527
f 1527//1527 1353//1353 1352//1352
f 1527//1527 1352//1352 1528//1528
f 1528//1528 1352//1352 1350//1350
f 1528//1528 1350//1350 1515//1515
f 1515//1515 1350//1350 1349//1349
f 1515//1515 1349//1349 1357//1357
f 1524//1524 1529//1529 1525//1525
f 1525//1525 1529//1529 1530//1530
f 1525//1525 1530//1530 1531//1531
f 1531//1531 1530//1530 1532//1532
f 1531//1531 1532//1532 1512//1512
f 1512//1512 1532//1532 1533//1533
f 1512//1512 1533//1533 1510//1510
f 1355//1355 1517//1517 1513//1513
f 1513//1513 1517//1517 1519//1519
f 1513//1513 1519//1519 1514//1514
f 1514//1514 1519//1519 1521//1521
f 1514//1514 1521//1521 1515//1515
f 1515//1515 1521//1521 1523//1523
f 1515//1515 1523//1523 1528//1528
f 1528//1528 1523//1523 1525//1525
f 1528//1528 1525//1525 1527//1527
f 1527//1527 1525//1525 1531//1531
f 1527//1527 1531//1531 1526//1526
f 1526//1526 1531//1531 1512//1512
f 1526//1526 1512//1512 1534//1534
f 1534//1534 1512//1512 1511//1511
f 1534//1534 1511//1511 1535//1535
f 1343//1343 1345//1345 1535//1535
f 1535//1535 1345//1345 1348//1348
f 1535//1535 1348//1348 1534//1534
f 1534//1534 1348//1348 1347//1347
f 1534//1534 1347//1347 1526//1526
f 1526//1526 1347//1347 1346//1346
f 1526//1526 1346//1346 1353//1353
f 1341//1341 1343//1343 1498//1498
f 1498//1498 1343//1343 1535//1535
f 1498//1498 1535//1535 1495//1495
f 1495//1495 1535//1535 1511//1511
f 1495//1495 1511//1511 1496//1496
f 1496//1496 1511//1511 1510//1510
f 146//146 120//120 1536//1536
f 138//138 144//144 1537//1537
f 1537//1537 144//144 145//145
f 132//132 134//134 1538//1538
f 1538//1538 134//134 136//136
f 1538//1538 136//136 138//138
f 84//84 126//126 1539//1539
f 1539//1539 126//126 128//128
f 1539//1539 128//128 130//130
f 1524//1524 1522//1522 1540//1540
f 1540//1540 1522//1522 1520//1520
f 1520//1520 1518//1518 1540//1540
f 1540//1540 1518//1518 1516//1516
f 1540//1540 1516//1516 1355//1355
f 1541//1541 1530//1530 1529//1529
f 1496//1496 1510//1510 1542//1542
f 1542//1542 1510//1510 1533//1533
f 1542//1542 1533//1533 1532//1532
f 145//145 146//146 1537//1537
f 1537//1537 146//146 1536//1536
f 1537//1537 1536//1536 1543//1543
f 1543//1543 1536//1536 1544//1544
f 130//130 132//132 1539//1539
f 1539//1539 132//132 1538//1538
f 1539//1539 1538//1538 1545//1545
f 1545//1545 1538//1538 1546//1546
f 1545//1545 1546//1546 1547//1547
f 1547//1547 1546//1546 1548//1548
f 1547//1547 1548//1548 1549//1549
f 1549//1549 1548//1548 1550//1550
f 1551//1551 1552//1552 1553//1553
f 1553//1553 1552//1552 1554//1554
f 1553//1553 1554//1554 1550//1550
f 1550//1550 1554//1554 1555//1555
f 1550//1550 1555//1555 1549//1549
f 1556//1556 1557//1557 1558//1558
f 1558//1558 1557//1557 1559//1559
f 1558//1558 1559//1559 1560//1560
f 1560//1560 1559//1559 1561//1561
f 1560//1560 1561//1561 1551//1551
f 1551//1551 1561//1561 1562//1562
f 1551//1551 1562//1562 1552//1552
f 1563//1563 1564//1564 1565//1565
f 1565//1565 1564//1564 1566//1566
f 1565//1565 1566//1566 1567//1567
f 1567//1567 1566//1566 1568//1568
f 1567//1567 1568//1568 1556//1556
f 1556//1556 1568//1568 1569//1569
f 1556//1556 1569//1569 1557//1557
f 1570//1570 1571//1571 1563//1563
f 1563//1563 1571//1571 1572//1572
f 1563//1563 1572//1572 1564//1564
f 1563//1563 1573//1573 1570//1570
f 1570//1570 1573//1573 1574//1574
f 1570//1570 1574//1574 1575//1575
f 1575//1575 1574//1574 1576//1576
f 1575//1575 1576//1576 1577//1577
f 1544//1544 1578//1578 1543//1543
f 1543//1543 1578//1578 1579//1579
f 1543//1543 1579//1579 1580//1580
f 1580//1580 1579//1579 1581//1581
f 1580//1580 1581//1581 1582//1582
f 1582//1582 1581//1581 1583//1583
f 1582//1582 1583//1583 1584//1584
f 1584//1584 1583//1583 1585//1585
f 1584//1584 1585//1585 1586//1586
f 1586//1586 1585//1585 1587//1587
f 1586//1586 1587//1587 1588//1588
f 1588//1588 1587//1587 1589//1589
f 1588//1588 1589//1589 1590//1590
f 1590//1590 1589//1589 1591//1591
f 1590//1590 1591//1591 1592//1592
f 1592//1592 1591//1591 1593//1593
f 1592//1592 1593//1593 1594//1594
f 1594//1594 1593//1593 1595//1595
f 1594//1594 1595//1595 1596//1596
f 1596//1596 1595//1595 1597//1597
f 1596//1596 1597//1597 1598//1598
f 1598//1598 1597//1597 1599//1599
f 1598//1598 1599//1599 1600//1600
f 1600//1600 1599//1599 1601//1601
f 1600//1600 1601//1601 1602//1602
f 1602//1602 1601//1601 1603//1603
f 1602//1602 1603//1603 1604//1604
f 1604//1604 1603//1603 1605//1605
f 1604//1604 1605//1605 1542//1542
f 1542//1542 1605//1605 1606//1606
f 1542//1542 1606//1606 1496//1496
f 138//138 1537//1537 1538//1538
f 1538//1538 1537//1537 1543//1543
f 1538//1538 1543//1543 1546//1546
f 1546//1546 1543//1543 1580//1580
f 1546//1546 1580//1580 1548//1548
f 1548//1548 1580//1580 1582//1582
f 1548//1548 1582//1582 1550//1550
f 1550//1550 1582//1582 1584//1584
f 1550//1550 1584//1584 1553//1553
f 1553//1553 1584//1584 1586//1586
f 1553//1553 1586//1586 1551//1551
f 1551//1551 1586//1586 1588//1588
f 1551//1551 1588//1588 1560//1560
f 1560//1560 1588//1588 1590//1590
f 1560//1560 1590//1590 1558//1558
f 1558//1558 1590//1590 1592//1592
f 1558//1558 1592//1592 1556//1556
f 1556//1556 1592//1592 1594//1594
f 1556//1556 1594//1594 1567//1567
f 1567//1567 1594//1594 1596//1596
f 1567//1567 1596//1596 1565//1565
f 1565//1565 1596//1596 1598//1598
f 1565//1565 1598//1598 1563//1563
f 1563//1563 1598//1598 1600//1600
f 1563//1563 1600//1600 1573//1573
f 1573//1573 1600//1600 1602//1602
f 1573//1573 1602//1602 1574//1574
f 1574//1574 1602//1602 1604//1604
f 1574//1574 1604//1604 1576//1576
f 1576//1576 1604//1604 1542//1542
f 1576//1576 1542//1542 1541//1541
f 1541//1541 1542//1542 1532//1532
f 1541//1541 1532//1532 1530//1530
f 1529//1529 1524//1524 1541//1541
f 1541//1541 1524//1524 1540//1540
f 1541//1541 1540//1540 1576//1576
f 1576//1576 1540//1540 1607//1607
f 1576//1576 1607//1607 1577//1577
f 1545//1545 687//687 1539//1539
f 1539//1539 687//687 685//685
f 1539//1539 685//685 84//84
f 84//84 685//685 79//79
f 102//102 79//79 1608//1608
f 1608//1608 79//79 685//685
f 1608//1608 685//685 1609//1609
f 1609//1609 685//685 1610//1610
f 1611//1611 1612//1612 683//683
f 683//683 1612//1612 1613//1613
f 683//683 1613//1613 685//685
f 685//685 1613//1613 1614//1614
f 685//685 1614//1614 1610//1610
f 1615//1615 1616//1616 681//681
f 681//681 1616//1616 1617//1617
f 681//681 1617//1617 683//683
f 683//683 1617//1617 1618//1618
f 683//683 1618//1618 1611//1611
f 1619//1619 1620//1620 679//679
f 679//679 1620//1620 1621//1621
f 679//679 1621//1621 681//681
f 681//681 1621//1621 1622//1622
f 681//681 1622//1622 1615//1615
f 675//675 1623//1623 1624//1624
f 675//675 1624//1624 677//677
f 1624//1624 1625//1625 677//677
f 677//677 1625//1625 1626//1626
f 677//677 1626//1626 679//679
f 679//679 1626//1626 1627//1627
f 679//679 1627//1627 1619//1619
f 641//641 640//640 707//707
f 707//707 640//640 646//646
f 707//707 646//646 673//673
f 673//673 646//646 649//649
f 673//673 649//649 652//652
f 641//641 707//707 642//642
f 642//642 707//707 705//705
f 642//642 705//705 643//643
f 620//620 618//618 703//703
f 703//703 618//618 645//645
f 703//703 645//645 705//705
f 705//705 645//645 644//644
f 705//705 644//644 643//643
f 611//611 609//609 701//701
f 701//701 609//609 623//623
f 701//701 623//623 703//703
f 703//703 623//623 622//622
f 703//703 622//622 620//620
f 699//699 600//600 601//601
f 601//601 603//603 699//699
f 699//699 603//603 614//614
f 699//699 614//614 701//701
f 701//701 614//614 613//613
f 701//701 613//613 611//611
f 1540//1540 699//699 697//697
f 599//599 600//600 1354//1354
f 1354//1354 600//600 699//699
f 1354//1354 699//699 1355//1355
f 1355//1355 699//699 1540//1540
f 1575//1575 1577//1577 697//697
f 697//697 1577//1577 1607//1607
f 697//697 1607//1607 1540//1540
f 1564//1564 695//695 1566//1566
f 1566//1566 695//695 693//693
f 1566//1566 693//693 1568//1568
f 1564//1564 1572//1572 695//695
f 695//695 1572//1572 1571//1571
f 695//695 1571//1571 697//697
f 697//697 1571//1571 1570//1570
f 697//697 1570//1570 1575//1575
f 1559//1559 1557//1557 691//691
f 691//691 1557//1557 693//693
f 693//693 1557//1557 1569//1569
f 693//693 1569//1569 1568//1568
f 1554//1554 1552//1552 689//689
f 689//689 1552//1552 1562//1562
f 689//689 1562//1562 691//691
f 691//691 1562//1562 1561//1561
f 691//691 1561//1561 1559//1559
f 1545//1545 1547//1547 687//687
f 687//687 1547//1547 1549//1549
f 687//687 1549//1549 689//689
f 689//689 1549//1549 1555//1555
f 689//689 1555//1555 1554//1554
f 1628//1628 1629//1629 1630//1630
f 1631//1631 1632//1632 1633//1633
f 1626//1626 1625//1625 1634//1634
f 1635//1635 1636//1636 1637//1637
f 1638//1638 1639//1639 1640//1640
f 1621//1621 1620//1620 1641//1641
f 1642//1642 1643//1643 1644//1644
f 1617//1617 1616//1616 1645//1645
f 1646//1646 1647//1647 1648//1648
f 1649//1649 1650//1650 1651//1651
f 1613//1613 1612//1612 1652//1652
f 1653//1653 1654//1654 1655//1655
f 1656//1656 1657//1657 1658//1658
f 1657//1657 1659//1659 1658//1658
f 1658//1658 1659//1659 102//102
f 1658//1658 102//102 1608//1608
f 1660//1660 1661//1661 1662//1662
f 1661//1661 1660//1660 1663//1663
f 1664//1664 1665//1665 1666//1666
f 1666//1666 1665//1665 1663//1663
f 1662//1662 1667//1667 1660//1660
f 1660//1660 1667//1667 1656//1656
f 1660//1660 1656//1656 1655//1655
f 1655//1655 1656//1656 1658//1658
f 1655//1655 1658//1658 1653//1653
f 1663//1663 1660//1660 1666//1666
f 1666//1666 1660//1660 1655//1655
f 1666//1666 1655//1655 1668//1668
f 1668//1668 1655//1655 1654//1654
f 1668//1668 1654//1654 1669//1669
f 1670//1670 1671//1671 1669//1669
f 1669//1669 1671//1671 1672//1672
f 1669//1669 1672//1672 1668//1668
f 1668//1668 1672//1672 1673//1673
f 1668//1668 1673//1673 1666//1666
f 1666//1666 1673//1673 1674//1674
f 1666//1666 1674//1674 1664//1664
f 1664//1664 1674//1674 1675//1675
f 1664//1664 1675//1675 1676//1676
f 1677//1677 1670//1670 1678//1678
f 1678//1678 1670//1670 1669//1669
f 1678//1678 1669//1669 1679//1679
f 1679//1679 1669//1669 1654//1654
f 1679//1679 1654//1654 1680//1680
f 1680//1680 1654//1654 1653//1653
f 1613//1613 1652//1652 1614//1614
f 1650//1650 1677//1677 1651//1651
f 1651//1651 1677//1677 1678//1678
f 1651//1651 1678//1678 1681//1681
f 1681//1681 1678//1678 1679//1679
f 1681//1681 1679//1679 1652//1652
f 1652//1652 1679//1679 1680//1680
f 1652//1652 1680//1680 1614//1614
f 1614//1614 1680//1680 1653//1653
f 1614//1614 1653//1653 1610//1610
f 1610//1610 1653//1653 1658//1658
f 1610//1610 1658//1658 1609//1609
f 1609//1609 1658//1658 1608//1608
f 1647//1647 1649//1649 1648//1648
f 1648//1648 1649//1649 1651//1651
f 1648//1648 1651//1651 1682//1682
f 1682//1682 1651//1651 1681//1681
f 1682//1682 1681//1681 1683//1683
f 1683//1683 1681//1681 1652//1652
f 1683//1683 1652//1652 1611//1611
f 1611//1611 1652//1652 1612//1612
f 1684//1684 1646//1646 1685//1685
f 1685//1685 1646//1646 1648//1648
f 1685//1685 1648//1648 1686//1686
f 1686//1686 1648//1648 1682//1682
f 1686//1686 1682//1682 1687//1687
f 1687//1687 1682//1682 1683//1683
f 1687//1687 1683//1683 1618//1618
f 1618//1618 1683//1683 1611//1611
f 1643//1643 1684//1684 1644//1644
f 1644//1644 1684//1684 1685//1685
f 1644//1644 1685//1685 1688//1688
f 1688//1688 1685//1685 1686//1686
f 1688//1688 1686//1686 1645//1645
f 1645//1645 1686//1686 1687//1687
f 1645//1645 1687//1687 1617//1617
f 1617//1617 1687//1687 1618//1618
f 1689//1689 1642//1642 1690//1690
f 1690//1690 1642//1642 1644//1644
f 1690//1690 1644//1644 1691//1691
f 1691//1691 1644//1644 1688//1688
f 1691//1691 1688//1688 1692//1692
f 1692//1692 1688//1688 1645//1645
f 1692//1692 1645//1645 1615//1615
f 1615//1615 1645//1645 1616//1616
f 1639//1639 1689//1689 1640//1640
f 1640//1640 1689//1689 1690//1690
f 1640//1640 1690//1690 1693//1693
f 1693//1693 1690//1690 1691//1691
f 1693//1693 1691//1691 1694//1694
f 1694//1694 1691//1691 1692//1692
f 1694//1694 1692//1692 1622//1622
f 1622//1622 1692//1692 1615//1615
f 1636//1636 1638//1638 1637//1637
f 1637//1637 1638//1638 1640//1640
f 1637//1637 1640//1640 1695//1695
f 1695//1695 1640//1640 1693//1693
f 1695//1695 1693//1693 1641//1641
f 1641//1641 1693//1693 1694//1694
f 1641//1641 1694//1694 1621//1621
f 1621//1621 1694//1694 1622//1622
f 1696//1696 1635//1635 1697//1697
f 1697//1697 1635//1635 1637//1637
f 1697//1697 1637//1637 1698//1698
f 1698//1698 1637//1637 1695//1695
f 1698//1698 1695//1695 1699//1699
f 1699//1699 1695//1695 1641//1641
f 1699//1699 1641//1641 1619//1619
f 1619//1619 1641//1641 1620//1620
f 1632//1632 1696//1696 1633//1633
f 1633//1633 1696//1696 1697//1697
f 1633//1633 1697//1697 1700//1700
f 1700//1700 1697//1697 1698//1698
f 1700//1700 1698//1698 1701//1701
f 1701//1701 1698//1698 1699//1699
f 1701//1701 1699//1699 1627//1627
f 1627//1627 1699//1699 1619//1619
f 1629//1629 1631//1631 1630//1630
f 1630//1630 1631//1631 1633//1633
f 1630//1630 1633//1633 1702//1702
f 1702//1702 1633//1633 1700//1700
f 1702//1702 1700//1700 1634//1634
f 1634//1634 1700//1700 1701//1701
f 1634//1634 1701//1701 1626//1626
f 1626//1626 1701//1701 1627//1627
f 1703//1703 1628//1628 1704//1704
f 1704//1704 1628//1628 1630//1630
f 1704//1704 1630//1630 1705//1705
f 1705//1705 1630//1630 1702//1702
f 1705//1705 1702//1702 1706//1706
f 1706//1706 1702//1702 1634//1634
f 1706//1706 1634//1634 1624//1624
f 1624//1624 1634//1634 1625//1625
f 1707//1707 1703//1703 1708//1708
f 1708//1708 1703//1703 1704//1704
f 1708//1708 1704//1704 1709//1709
f 1709//1709 1704//1704 1705//1705
f 1709//1709 1705//1705 1710//1710
f 1710//1710 1705//1705 1706//1706
f 1710//1710 1706//1706 1623//1623
f 1623//1623 1706//1706 1624//1624
f 1711//1711 1712//1712 1713//1713
f 1713//1713 1712//1712 1714//1714
f 1714//1714 1715//1715 1713//1713
f 1713//1713 1715//1715 1716//1716
f 1713//1713 1716//1716 1717//1717
f 1718//1718 1719//1719 1720//1720
f 1721//1721 1722//1722 1713//1713
f 1713//1713 1723//1723 1724//1724
f 1722//1722 1725//1725 1713//1713
f 1713//1713 1725//1725 1726//1726
f 1713//1713 1726//1726 1711//1711
f 1727//1727 1728//1728 1713//1713
f 1713//1713 1728//1728 1729//1729
f 1713//1713 1729//1729 1730//1730
f 1730//1730 1731//1731 1713//1713
f 1713//1713 1731//1731 1732//1732
f 1713//1713 1732//1732 1733//1733
f 1733//1733 1734//1734 1713//1713
f 1713//1713 1734//1734 1735//1735
f 1713//1713 1735//1735 1736//1736
f 1736//1736 1735//1735 1720//1720
f 1720//1720 1735//1735 1737//1737
f 1720//1720 1737//1737 1718//1718
f 1738//1738 1739//1739 1713//1713
f 1713//1713 1739//1739 1740//1740
f 1713//1713 1740//1740 1721//1721
f 1741//1741 1742//1742 1713//1713
f 1713//1713 1742//1742 1743//1743
f 1713//1713 1743//1743 1744//1744
f 1744//1744 1745//1745 1713//1713
f 1713//1713 1745//1745 1746//1746
f 1713//1713 1746//1746 1747//1747
f 1724//1724 1748//1748 1713//1713
f 1713//1713 1748//1748 1749//1749
f 1713//1713 1749//1749 1750//1750
f 1717//1717 1751//1751 1713//1713
f 1713//1713 1751//1751 1752//1752
f 1713//1713 1752//1752 1741//1741
f 1747//1747 1753//1753 1713//1713
f 1713//1713 1753//1753 1754//1754
f 1713//1713 1754//1754 1727//1727
f 1719//1719 1755//1755 1720//1720
f 1720//1720 1755//1755 1756//1756
f 1720//1720 1756//1756 1757//1757
f 1758//1758 1759//1759 1760//1760
f 1750//1750 1761//1761 1713//1713
f 1713//1713 1761//1761 1762//1762
f 1713//1713 1762//1762 1738//1738
f 1757//1757 1763//1763 1720//1720
f 1720//1720 1763//1763 1764//1764
f 1720//1720 1764//1764 1765//1765
f 1765//1765 1766//1766 1720//1720
f 1720//1720 1766//1766 1767//1767
f 1720//1720 1767//1767 1768//1768
f 1768//1768 1769//1769 1720//1720
f 1720//1720 1769//1769 1770//1770
f 1720//1720 1770//1770 1771//1771
f 1771//1771 1772//1772 1720//1720
f 1720//1720 1772//1772 1773//1773
f 1720//1720 1773//1773 1774//1774
f 1774//1774 1775//1775 1720//1720
f 1720//1720 1775//1775 1760//1760
f 1720//1720 1760//1760 1776//1776
f 1776//1776 1760//1760 1759//1759
f 1760//1760 1777//1777 1778//1778
f 1758//1758 1760//1760 1779//1779
f 1779//1779 1760//1760 1778//1778
f 1779//1779 1778//1778 1780//1780
f 1781//1781 1713//1713 1782//1782
f 1782//1782 1713//1713 1736//1736
f 1782//1782 1736//1736 1783//1783
f 1783//1783 1736//1736 1720//1720
f 1783//1783 1720//1720 1784//1784
f 1784//1784 1720//1720 1776//1776
f 1784//1784 1776//1776 1785//1785
f 1785//1785 1776//1776 1759//1759
f 1785//1785 1759//1759 1786//1786
f 1786//1786 1759//1759 1758//1758
f 1786//1786 1758//1758 1787//1787
f 1787//1787 1758//1758 1788//1788
f 1788//1788 1758//1758 1779//1779
f 1788//1788 1779//1779 1789//1789
f 1789//1789 1779//1779 1780//1780
f 1789//1789 1780//1780 1790//1790
f 1790//1790 1780//1780 1778//1778
f 1790//1790 1778//1778 1791//1791
f 1791//1791 1778//1778 1777//1777
f 1791//1791 1777//1777 1792//1792
f 1792//1792 1777//1777 1760//1760
f 1792//1792 1760//1760 1793//1793
f 1793//1793 1760//1760 1775//1775
f 1793//1793 1775//1775 1794//1794
f 1775//1775 1774//1774 1794//1794
f 1794//1794 1774//1774 1773//1773
f 1794//1794 1773//1773 1795//1795
f 1795//1795 1773//1773 1772//1772
f 1795//1795 1772//1772 1796//1796
f 1796//1796 1772//1772 1771//1771
f 1796//1796 1771//1771 1797//1797
f 1797//1797 1771//1771 1770//1770
f 1797//1797 1770//1770 1798//1798
f 1798//1798 1770//1770 1769//1769
f 1798//1798 1769//1769 1799//1799
f 1799//1799 1769//1769 1768//1768
f 1799//1799 1768//1768 1800//1800
f 1800//1800 1768//1768 1801//1801
f 1801//1801 1768//1768 1767//1767
f 1801//1801 1767//1767 1802//1802
f 1802//1802 1767//1767 1766//1766
f 1802//1802 1766//1766 1803//1803
f 1803//1803 1766//1766 1765//1765
f 1803//1803 1765//1765 1804//1804
f 1804//1804 1765//1765 1764//1764
f 1804//1804 1764//1764 1805//1805
f 1805//1805 1764//1764 1763//1763
f 1805//1805 1763//1763 1806//1806
f 1806//1806 1763//1763 1757//1757
f 1806//1806 1757//1757 1807//1807
f 1807//1807 1757//1757 1756//1756
f 1807//1807 1756//1756 1808//1808
f 1808//1808 1756//1756 1755//1755
f 1808//1808 1755//1755 1809//1809
f 1809//1809 1755//1755 1719//1719
f 1809//1809 1719//1719 1810//1810
f 1810//1810 1719//1719 1718//1718
f 1810//1810 1718//1718 1811//1811
f 1811//1811 1718//1718 1737//1737
f 1811//1811 1737//1737 1812//1812
f 1812//1812 1737//1737 1735//1735
f 1812//1812 1735//1735 1813//1813
f 1813//1813 1735//1735 1734//1734
f 1813//1813 1734//1734 1814//1814
f 1814//1814 1734//1734 1733//1733
f 1814//1814 1733//1733 1815//1815
f 1815//1815 1733//1733 1732//1732
f 1815//1815 1732//1732 1816//1816
f 1816//1816 1732//1732 1731//1731
f 1816//1816 1731//1731 1817//1817
f 1817//1817 1731//1731 1730//1730
f 1817//1817 1730//1730 1818//1818
f 1818//1818 1730//1730 1729//1729
f 1818//1818 1729//1729 1819//1819
f 1819//1819 1729//1729 1728//1728
f 1819//1819 1728//1728 1820//1820
f 1820//1820 1728//1728 1727//1727
f 1820//1820 1727//1727 1821//1821
f 1821//1821 1727//1727 1754//1754
f 1821//1821 1754//1754 1822//1822
f 1754//1754 1753//1753 1822//1822
f 1822//1822 1753//1753 1747//1747
f 1822//1822 1747//1747 1823//1823
f 1823//1823 1747//1747 1746//1746
f 1823//1823 1746//1746 1824//1824
f 1824//1824 1746//1746 1825//1825
f 1825//1825 1746//1746 1745//1745
f 1825//1825 1745//1745 1826//1826
f 1826//1826 1745//1745 1744//1744
f 1826//1826 1744//1744 1827//1827
f 1744//1744 1743//1743 1827//1827
f 1827//1827 1743//1743 1742//1742
f 1827//1827 1742//1742 1828//1828
f 1828//1828 1742//1742 1741//1741
f 1828//1828 1741//1741 1829//1829
f 1829//1829 1741//1741 1752//1752
f 1829//1829 1752//1752 1830//1830
f 1830//1830 1752//1752 1751//1751
f 1830//1830 1751//1751 1831//1831
f 1831//1831 1751//1751 1717//1717
f 1831//1831 1717//1717 1832//1832
f 1832//1832 1717//1717 1716//1716
f 1832//1832 1716//1716 1833//1833
f 1833//1833 1716//1716 1715//1715
f 1833//1833 1715//1715 1834//1834
f 1834//1834 1715//1715 1714//1714
f 1834//1834 1714//1714 1835//1835
f 1835//1835 1714//1714 1712//1712
f 1835//1835 1712//1712 1836//1836
f 1836//1836 1712//1712 1711//1711
f 1836//1836 1711//1711 1837//1837
f 1837//1837 1711//1711 1726//1726
f 1837//1837 1726//1726 1838//1838
f 1838//1838 1726//1726 1839//1839
f 1839//1839 1726//1726 1725//1725
f 1839//1839 1725//1725 1840//1840
f 1840//1840 1725//1725 1722//1722
f 1840//1840 1722//1722 1841//1841
f 1841//1841 1722//1722 1721//1721
f 1841//1841 1721//1721 1842//1842
f 1842//1842 1721//1721 1740//1740
f 1842//1842 1740//1740 1843//1843
f 1843//1843 1740//1740 1739//1739
f 1843//1843 1739//1739 1844//1844
f 1844//1844 1739//1739 1738//1738
f 1844//1844 1738//1738 1845//1845
f 1723//1723 1846//1846 1724//1724
f 1724//1724 1846//1846 1847//1847
f 1724//1724 1847//1847 1748//1748
f 1748//1748 1847//1847 1848//1848
f 1748//1748 1848//1848 1749//1749
f 1749//1749 1848//1848 1849//1849
f 1749//1749 1849//1849 1750//1750
f 1750//1750 1849//1849 1850//1850
f 1750//1750 1850//1850 1761//1761
f 1761//1761 1850//1850 1845//1845
f 1761//1761 1845//1845 1762//1762
f 1762//1762 1845//1845 1738//1738
f 1851//1851 1838//1838 1852//1852
f 1852//1852 1838//1838 1839//1839
f 1852//1852 1839//1839 1853//1853
f 1853//1853 1839//1839 1840//1840
f 1853//1853 1840//1840 1854//1854
f 1854//1854 1840//1840 1841//1841
f 1854//1854 1841//1841 1855//1855
f 1855//1855 1841//1841 1856//1856
f 1856//1856 1841//1841 1842//1842
f 1856//1856 1842//1842 1857//1857
f 1858//1858 1781//1781 1859//1859
f 1859//1859 1781//1781 1782//1782
f 1859//1859 1782//1782 1860//1860
f 1860//1860 1782//1782 1783//1783
f 1860//1860 1783//1783 1861//1861
f 1861//1861 1783//1783 1784//1784
f 1861//1861 1784//1784 1862//1862
f 1862//1862 1784//1784 1785//1785
f 1862//1862 1785//1785 1863//1863
f 1864//1864 1865//1865 1794//1794
f 1794//1794 1865//1865 1866//1866
f 1794//1794 1866//1866 1793//1793
f 1793//1793 1866//1866 1867//1867
f 1793//1793 1867//1867 1792//1792
f 1792//1792 1867//1867 1868//1868
f 1792//1792 1868//1868 1791//1791
f 1791//1791 1868//1868 1869//1869
f 1791//1791 1869//1869 1790//1790
f 1790//1790 1869//1869 1870//1870
f 1790//1790 1870//1870 1789//1789
f 1789//1789 1870//1870 1871//1871
f 1789//1789 1871//1871 1788//1788
f 1788//1788 1871//1871 1872//1872
f 1788//1788 1872//1872 1787//1787
f 1787//1787 1872//1872 1863//1863
f 1787//1787 1863//1863 1786//1786
f 1786//1786 1863//1863 1785//1785
f 1828//1828 1829//1829 1873//1873
f 1873//1873 1829//1829 1874//1874
f 1874//1874 1829//1829 1830//1830
f 1874//1874 1830//1830 1875//1875
f 1875//1875 1830//1830 1831//1831
f 1875//1875 1831//1831 1876//1876
f 1876//1876 1831//1831 1832//1832
f 1876//1876 1832//1832 1877//1877
f 1877//1877 1832//1832 1833//1833
f 1877//1877 1833//1833 1878//1878
f 1878//1878 1833//1833 1834//1834
f 1878//1878 1834//1834 1879//1879
f 1879//1879 1834//1834 1835//1835
f 1879//1879 1835//1835 1880//1880
f 1880//1880 1835//1835 1836//1836
f 1880//1880 1836//1836 1851//1851
f 1851//1851 1836//1836 1837//1837
f 1851//1851 1837//1837 1838//1838
f 1842//1842 1843//1843 1857//1857
f 1857//1857 1843//1843 1844//1844
f 1857//1857 1844//1844 1881//1881
f 1881//1881 1844//1844 1845//1845
f 1881//1881 1845//1845 1882//1882
f 1882//1882 1845//1845 1850//1850
f 1882//1882 1850//1850 1883//1883
f 1883//1883 1850//1850 1849//1849
f 1883//1883 1849//1849 1884//1884
f 1884//1884 1849//1849 1848//1848
f 1884//1884 1848//1848 1885//1885
f 1885//1885 1848//1848 1847//1847
f 1885//1885 1847//1847 1886//1886
f 1886//1886 1847//1847 1846//1846
f 1886//1886 1846//1846 1887//1887
f 1794//1794 1795//1795 1864//1864
f 1864//1864 1795//1795 1796//1796
f 1864//1864 1796//1796 1888//1888
f 1888//1888 1796//1796 1797//1797
f 1888//1888 1797//1797 1889//1889
f 1889//1889 1797//1797 1798//1798
f 1889//1889 1798//1798 1890//1890
f 1890//1890 1798//1798 1799//1799
f 1890//1890 1799//1799 1891//1891
f 1891//1891 1799//1799 1800//1800
f 1891//1891 1800//1800 1892//1892
f 1892//1892 1800//1800 1801//1801
f 1892//1892 1801//1801 1893//1893
f 1893//1893 1801//1801 1802//1802
f 1893//1893 1802//1802 1894//1894
f 1894//1894 1802//1802 1803//1803
f 1894//1894 1803//1803 1895//1895
f 1895//1895 1803//1803 1804//1804
f 1895//1895 1804//1804 1896//1896
f 1896//1896 1804//1804 1805//1805
f 1896//1896 1805//1805 1897//1897
f 1897//1897 1805//1805 1806//1806
f 1897//1897 1806//1806 1898//1898
f 1898//1898 1806//1806 1807//1807
f 1898//1898 1807//1807 1899//1899
f 1899//1899 1807//1807 1808//1808
f 1899//1899 1808//1808 1900//1900
f 1900//1900 1808//1808 1809//1809
f 1900//1900 1809//1809 1901//1901
f 1901//1901 1809//1809 1810//1810
f 1901//1901 1810//1810 1902//1902
f 1902//1902 1810//1810 1811//1811
f 1902//1902 1811//1811 1903//1903
f 1903//1903 1811//1811 1812//1812
f 1903//1903 1812//1812 1904//1904
f 1904//1904 1812//1812 1813//1813
f 1904//1904 1813//1813 1905//1905
f 1905//1905 1813//1813 1814//1814
f 1905//1905 1814//1814 1906//1906
f 1906//1906 1814//1814 1815//1815
f 1906//1906 1815//1815 1907//1907
f 1907//1907 1815//1815 1816//1816
f 1907//1907 1816//1816 1908//1908
f 1908//1908 1816//1816 1817//1817
f 1908//1908 1817//1817 1909//1909
f 1909//1909 1817//1817 1818//1818
f 1909//1909 1818//1818 1910//1910
f 1910//1910 1818//1818 1819//1819
f 1910//1910 1819//1819 1911//1911
f 1911//1911 1819//1819 1820//1820
f 1911//1911 1820//1820 1912//1912
f 1912//1912 1820//1820 1821//1821
f 1912//1912 1821//1821 1913//1913
f 1913//1913 1821//1821 1822//1822
f 1913//1913 1822//1822 1914//1914
f 1914//1914 1822//1822 1823//1823
f 1914//1914 1823//1823 1915//1915
f 1915//1915 1823//1823 1824//1824
f 1915//1915 1824//1824 1916//1916
f 1916//1916 1824//1824 1825//1825
f 1916//1916 1825//1825 1917//1917
f 1917//1917 1825//1825 1826//1826
f 1917//1917 1826//1826 1918//1918
f 1918//1918 1826//1826 1827//1827
f 1918//1918 1827//1827 1919//1919
f 1919//1919 1827//1827 1828//1828
f 1919//1919 1828//1828 1920//1920
f 1920//1920 1828//1828 1873//1873
f 1921//1921 1858//1858 1922//1922
f 1922//1922 1858//1858 1859//1859
f 1922//1922 1859//1859 1707//1707
f 1707//1707 1859//1859 1703//1703
f 1703//1703 1859//1859 1628//1628
f 1628//1628 1859//1859 1860//1860
f 1628//1628 1860//1860 1629//1629
f 1629//1629 1860//1860 1861//1861
f 1629//1629 1861//1861 1631//1631
f 1631//1631 1861//1861 1862//1862
f 1631//1631 1862//1862 1632//1632
f 1872//1872 1635//1635 1696//1696
f 1632//1632 1862//1862 1696//1696
f 1696//1696 1862//1862 1863//1863
f 1696//1696 1863//1863 1872//1872
f 1870//1870 1638//1638 1636//1636
f 1635//1635 1872//1872 1636//1636
f 1636//1636 1872//1872 1871//1871
f 1636//1636 1871//1871 1870//1870
f 1689//1689 1639//1639 1868//1868
f 1638//1638 1870//1870 1639//1639
f 1639//1639 1870//1870 1869//1869
f 1639//1639 1869//1869 1868//1868
f 1646//1646 1684//1684 1865//1865
f 1865//1865 1684//1684 1643//1643
f 1689//1689 1868//1868 1642//1642
f 1642//1642 1868//1868 1867//1867
f 1642//1642 1867//1867 1643//1643
f 1643//1643 1867//1867 1866//1866
f 1643//1643 1866//1866 1865//1865
f 1888//1888 1649//1649 1647//1647
f 1646//1646 1865//1865 1647//1647
f 1647//1647 1865//1865 1864//1864
f 1647//1647 1864//1864 1888//1888
f 1650//1650 1890//1890 1677//1677
f 1677//1677 1890//1890 1670//1670
f 1649//1649 1888//1888 1650//1650
f 1650//1650 1888//1888 1889//1889
f 1650//1650 1889//1889 1890//1890
f 1673//1673 1672//1672 1892//1892
f 1892//1892 1672//1672 1671//1671
f 1670//1670 1890//1890 1671//1671
f 1671//1671 1890//1890 1891//1891
f 1671//1671 1891//1891 1892//1892
f 1894//1894 1675//1675 1674//1674
f 1673//1673 1892//1892 1674//1674
f 1674//1674 1892//1892 1893//1893
f 1674//1674 1893//1893 1894//1894
f 1675//1675 1894//1894 1676//1676
f 1676//1676 1894//1894 1895//1895
f 1676//1676 1895//1895 1923//1923
f 1923//1923 1895//1895 1896//1896
f 1923//1923 1896//1896 1924//1924
f 1924//1924 1896//1896 1897//1897
f 1924//1924 1897//1897 1925//1925
f 1925//1925 1897//1897 1898//1898
f 1925//1925 1898//1898 1926//1926
f 1926//1926 1898//1898 1899//1899
f 1926//1926 1899//1899 1927//1927
f 1927//1927 1899//1899 1900//1900
f 1927//1927 1900//1900 1928//1928
f 1928//1928 1900//1900 1901//1901
f 1928//1928 1901//1901 1929//1929
f 1929//1929 1901//1901 1902//1902
f 1929//1929 1902//1902 1930//1930
f 1930//1930 1902//1902 1903//1903
f 1930//1930 1903//1903 1931//1931
f 1931//1931 1903//1903 1904//1904
f 1931//1931 1904//1904 1932//1932
f 1932//1932 1904//1904 1905//1905
f 1932//1932 1905//1905 1933//1933
f 1933//1933 1905//1905 1906//1906
f 1933//1933 1906//1906 1934//1934
f 1934//1934 1906//1906 1907//1907
f 1934//1934 1907//1907 1935//1935
f 1935//1935 1907//1907 1908//1908
f 1935//1935 1908//1908 1936//1936
f 1936//1936 1908//1908 1909//1909
f 1936//1936 1909//1909 1937//1937
f 1937//1937 1909//1909 1910//1910
f 1937//1937 1910//1910 1938//1938
f 1938//1938 1910//1910 1911//1911
f 1938//1938 1911//1911 1939//1939
f 1939//1939 1911//1911 1912//1912
f 1939//1939 1912//1912 1940//1940
f 1912//1912 1913//1913 1940//1940
f 1940//1940 1913//1913 1914//1914
f 1940//1940 1914//1914 1941//1941
f 1941//1941 1914//1914 1942//1942
f 1942//1942 1914//1914 1915//1915
f 1942//1942 1915//1915 1943//1943
f 1943//1943 1915//1915 1916//1916
f 1943//1943 1916//1916 1944//1944
f 1944//1944 1916//1916 1917//1917
f 1944//1944 1917//1917 1945//1945
f 1945//1945 1917//1917 1918//1918
f 1945//1945 1918//1918 1946//1946
f 1946//1946 1918//1918 1919//1919
f 1946//1946 1919//1919 1947//1947
f 1919//1919 1920//1920 1947//1947
f 1947//1947 1920//1920 1873//1873
f 1947//1947 1873//1873 1948//1948
f 1948//1948 1873//1873 1874//1874
f 1948//1948 1874//1874 1949//1949
f 1949//1949 1874//1874 1875//1875
f 1949//1949 1875//1875 1950//1950
f 1950//1950 1875//1875 1876//1876
f 1950//1950 1876//1876 1951//1951
f 1951//1951 1876//1876 1952//1952
f 1952//1952 1876//1876 1877//1877
f 1952//1952 1877//1877 1953//1953
f 1953//1953 1877//1877 1878//1878
f 1953//1953 1878//1878 1954//1954
f 1954//1954 1878//1878 1879//1879
f 1954//1954 1879//1879 1955//1955
f 1955//1955 1879//1879 1880//1880
f 1955//1955 1880//1880 1956//1956
f 1956//1956 1880//1880 1851//1851
f 1956//1956 1851//1851 1957//1957
f 1957//1957 1851//1851 1852//1852
f 1957//1957 1852//1852 1958//1958
f 1958//1958 1852//1852 1853//1853
f 1958//1958 1853//1853 1959//1959
f 1959//1959 1853//1853 1960//1960
f 1960//1960 1853//1853 1854//1854
f 1960//1960 1854//1854 1961//1961
f 1961//1961 1854//1854 1855//1855
f 1961//1961 1855//1855 1962//1962
f 1962//1962 1855//1855 1856//1856
f 1962//1962 1856//1856 1963//1963
f 1856//1856 1857//1857 1963//1963
f 1963//1963 1857//1857 1881//1881
f 1963//1963 1881//1881 1964//1964
f 1964//1964 1881//1881 1882//1882
f 1964//1964 1882//1882 1965//1965
f 1965//1965 1882//1882 1883//1883
f 1965//1965 1883//1883 1966//1966
f 1966//1966 1883//1883 1884//1884
f 1966//1966 1884//1884 1967//1967
f 1967//1967 1884//1884 1885//1885
f 1967//1967 1885//1885 1968//1968
f 1968//1968 1885//1885 1886//1886
f 1968//1968 1886//1886 1969//1969
f 1969//1969 1886//1886 1887//1887
f 1970//1970 1971//1971 1972//1972
f 1971//1971 1973//1973 1972//1972
f 1972//1972 1973//1973 1974//1974
f 1972//1972 1974//1974 1922//1922
f 1922//1922 1974//1974 1921//1921
f 1970//1970 1972//1972 1975//1975
f 1975//1975 1972//1972 1976//1976
f 1975//1975 1976//1976 1977//1977
f 1977//1977 1976//1976 1978//1978
f 1978//1978 1976//1976 1979//1979
f 1978//1978 1979//1979 1980//1980
f 1981//1981 1982//1982 1983//1983
f 1983//1983 1982//1982 1984//1984
f 1983//1983 1984//1984 1979//1979
f 1979//1979 1984//1984 1985//1985
f 1979//1979 1985//1985 1980//1980
f 1623//1623 1983//1983 1710//1710
f 1710//1710 1983//1983 1979//1979
f 1710//1710 1979//1979 1709//1709
f 1709//1709 1979//1979 1976//1976
f 1709//1709 1976//1976 1708//1708
f 1708//1708 1976//1976 1972//1972
f 1708//1708 1972//1972 1707//1707
f 1707//1707 1972//1972 1922//1922
f 1986//1986 1981//1981 675//675
f 675//675 1981//1981 1983//1983
f 675//675 1983//1983 1623//1623
f 675//675 674//674 1986//1986
f 1986//1986 674//674 1987//1987
f 1988//1988 1987//1987 1989//1989
f 1989//1989 1987//1987 674//674
f 1989//1989 674//674 286//286
f 1990//1990 1991//1991 1992//1992
f 1990//1990 1992//1992 1989//1989
f 1989//1989 1992//1992 1993//1993
f 1989//1989 1993//1993 1988//1988
f 1991//1991 1990//1990 1994//1994
f 1994//1994 1990//1990 1995//1995
f 1994//1994 1995//1995 1996//1996
f 1997//1997 1998//1998 1999//1999
f 1997//1997 1999//1999 1995//1995
f 1995//1995 1999//1999 2000//2000
f 1995//1995 2000//2000 1996//1996
f 2001//2001 2002//2002 1997//1997
f 1997//1997 2002//2002 2003//2003
f 1997//1997 2003//2003 1998//1998
f 290//290 2001//2001 289//289
f 289//289 2001//2001 1997//1997
f 289//289 1997//1997 288//288
f 288//288 1997//1997 1995//1995
f 288//288 1995//1995 287//287
f 287//287 1995//1995 1990//1990
f 287//287 1990//1990 286//286
f 286//286 1990//1990 1989//1989
f 229//229 227//227 2004//2004
f 2005//2005 2006//2006 2007//2007
f 2007//2007 2006//2006 2008//2008
f 2007//2007 2008//2008 2009//2009
f 2008//2008 2010//2010 2009//2009
f 2009//2009 2010//2010 2011//2011
f 2009//2009 2011//2011 2012//2012
f 2012//2012 2011//2011 2013//2013
f 2012//2012 2013//2013 2014//2014
f 2014//2014 2013//2013 2015//2015
f 2014//2014 2015//2015 2016//2016
f 2016//2016 2015//2015 2017//2017
f 2016//2016 2017//2017 2018//2018
f 2018//2018 2017//2017 2019//2019
f 2018//2018 2019//2019 2020//2020
f 2020//2020 2019//2019 2021//2021
f 2020//2020 2021//2021 2022//2022
f 2022//2022 2021//2021 2023//2023
f 2022//2022 2023//2023 2024//2024
f 2024//2024 2023//2023 2025//2025
f 2024//2024 2025//2025 2026//2026
f 2026//2026 2025//2025 2027//2027
f 2026//2026 2027//2027 2028//2028
f 2028//2028 2027//2027 2029//2029
f 2028//2028 2029//2029 2030//2030
f 2030//2030 2029//2029 2031//2031
f 2031//2031 2029//2029 2032//2032
f 2031//2031 2032//2032 2033//2033
f 2033//2033 2032//2032 2034//2034
f 2033//2033 2034//2034 2035//2035
f 2035//2035 2034//2034 2036//2036
f 2035//2035 2036//2036 2037//2037
f 2037//2037 2036//2036 2038//2038
f 2037//2037 2038//2038 2039//2039
f 2039//2039 2038//2038 2040//2040
f 2039//2039 2040//2040 2041//2041
f 2041//2041 2040//2040 2042//2042
f 2041//2041 2042//2042 2043//2043
f 2043//2043 2042//2042 2044//2044
f 2043//2043 2044//2044 2045//2045
f 2045//2045 2044//2044 2046//2046
f 2045//2045 2046//2046 2047//2047
f 2047//2047 2046//2046 2048//2048
f 2047//2047 2048//2048 2049//2049
f 2049//2049 2048//2048 2050//2050
f 2049//2049 2050//2050 2051//2051
f 2051//2051 2050//2050 2052//2052
f 2051//2051 2052//2052 2053//2053
f 2053//2053 2052//2052 2054//2054
f 2053//2053 2054//2054 2055//2055
f 2055//2055 2054//2054 2056//2056
f 2055//2055 2056//2056 2057//2057
f 2057//2057 2056//2056 2058//2058
f 2058//2058 2056//2056 2059//2059
f 2058//2058 2059//2059 2060//2060
f 2059//2059 2061//2061 2060//2060
f 2060//2060 2061//2061 2062//2062
f 2060//2060 2062//2062 2063//2063
f 2063//2063 2062//2062 2064//2064
f 2064//2064 2062//2062 2065//2065
f 2064//2064 2065//2065 2066//2066
f 2066//2066 2065//2065 2067//2067
f 2066//2066 2067//2067 2068//2068
f 2068//2068 2067//2067 2069//2069
f 2068//2068 2069//2069 2070//2070
f 2070//2070 2069//2069 2071//2071
f 2070//2070 2071//2071 2072//2072
f 2072//2072 2071//2071 2073//2073
f 2072//2072 2073//2073 2074//2074
f 2074//2074 2073//2073 2075//2075
f 2074//2074 2075//2075 2076//2076
f 2076//2076 2075//2075 2077//2077
f 2076//2076 2077//2077 2078//2078
f 2078//2078 2077//2077 2079//2079
f 2078//2078 2079//2079 2080//2080
f 2080//2080 2079//2079 2081//2081
f 2080//2080 2081//2081 2082//2082
f 2081//2081 2083//2083 2082//2082
f 2082//2082 2083//2083 2084//2084
f 2082//2082 2084//2084 2085//2085
f 2085//2085 2084//2084 2086//2086
f 2084//2084 2087//2087 2086//2086
f 2086//2086 2087//2087 2088//2088
f 2086//2086 2088//2088 2089//2089
f 2089//2089 2088//2088 2090//2090
f 2089//2089 2090//2090 2091//2091
f 2091//2091 2090//2090 2092//2092
f 2091//2091 2092//2092 2093//2093
f 2093//2093 2092//2092 2094//2094
f 2093//2093 2094//2094 2095//2095
f 2095//2095 2094//2094 2096//2096
f 2095//2095 2096//2096 2097//2097
f 2097//2097 2096//2096 2098//2098
f 2099//2099 212//212 2100//2100
f 2100//2100 212//212 211//211
f 2100//2100 211//211 2101//2101
f 2101//2101 211//211 209//209
f 2101//2101 209//209 2098//2098
f 2098//2098 209//209 175//175
f 2098//2098 175//175 2097//2097
f 2004//2004 227//227 2102//2102
f 2102//2102 227//227 2103//2103
f 2103//2103 227//227 225//225
f 2103//2103 225//225 2104//2104
f 225//225 224//224 2104//2104
f 2104//2104 224//224 217//217
f 2104//2104 217//217 2105//2105
f 2105//2105 217//217 215//215
f 2105//2105 215//215 2099//2099
f 2099//2099 215//215 214//214
f 2099//2099 214//214 212//212
f 229//229 2004//2004 230//230
f 230//230 2004//2004 2106//2106
f 230//230 2106//2106 2107//2107
f 2108//2108 242//242 2109//2109
f 2109//2109 242//242 240//240
f 2109//2109 240//240 2107//2107
f 2107//2107 240//240 239//239
f 2107//2107 239//239 230//230
f 2110//2110 204//204 2111//2111
f 2111//2111 204//204 258//258
f 2111//2111 258//258 2112//2112
f 2112//2112 258//258 257//257
f 2112//2112 257//257 2113//2113
f 2113//2113 257//257 256//256
f 2113//2113 256//256 2114//2114
f 2114//2114 256//256 254//254
f 2114//2114 254//254 2115//2115
f 2115//2115 254//254 252//252
f 2115//2115 252//252 2108//2108
f 2108//2108 252//252 251//251
f 2108//2108 251//251 242//242
f 2002//2002 2001//2001 2116//2116
f 2116//2116 2001//2001 290//290
f 2116//2116 290//290 2117//2117
f 2117//2117 290//290 199//199
f 2117//2117 199//199 2118//2118
f 2118//2118 199//199 198//198
f 2118//2118 198//198 2119//2119
f 2119//2119 198//198 202//202
f 2119//2119 202//202 2110//2110
f 2110//2110 202//202 201//201
f 2110//2110 201//201 204//204
f 2120//2120 2005//2005 2007//2007
f 2121//2121 2122//2122 2120//2120
f 2123//2123 2124//2124 2125//2125
f 2125//2125 2124//2124 2126//2126
f 2127//2127 2128//2128 2129//2129
f 2129//2129 2128//2128 2123//2123
f 2130//2130 2131//2131 2127//2127
f 2120//2120 2007//2007 2121//2121
f 2121//2121 2007//2007 2009//2009
f 2121//2121 2009//2009 2132//2132
f 2009//2009 2012//2012 2132//2132
f 2132//2132 2012//2012 2014//2014
f 2132//2132 2014//2014 2133//2133
f 2014//2014 2016//2016 2133//2133
f 2133//2133 2016//2016 2018//2018
f 2133//2133 2018//2018 2134//2134
f 2018//2018 2020//2020 2134//2134
f 2134//2134 2020//2020 2022//2022
f 2134//2134 2022//2022 2135//2135
f 2022//2022 2024//2024 2135//2135
f 2135//2135 2024//2024 2026//2026
f 2135//2135 2026//2026 2136//2136
f 2026//2026 2028//2028 2136//2136
f 2136//2136 2028//2028 2030//2030
f 2136//2136 2030//2030 2137//2137
f 2137//2137 2030//2030 2031//2031
f 2137//2137 2031//2031 2138//2138
f 2031//2031 2033//2033 2138//2138
f 2138//2138 2033//2033 2035//2035
f 2138//2138 2035//2035 2139//2139
f 2139//2139 2035//2035 2037//2037
f 2139//2139 2037//2037 2140//2140
f 2140//2140 2037//2037 2039//2039
f 2039//2039 2041//2041 2140//2140
f 2140//2140 2041//2041 2043//2043
f 2140//2140 2043//2043 2141//2141
f 2141//2141 2043//2043 2045//2045
f 2141//2141 2045//2045 2142//2142
f 2045//2045 2047//2047 2142//2142
f 2142//2142 2047//2047 2049//2049
f 2142//2142 2049//2049 2143//2143
f 2143//2143 2049//2049 2051//2051
f 2143//2143 2051//2051 2144//2144
f 2051//2051 2053//2053 2144//2144
f 2144//2144 2053//2053 2055//2055
f 2144//2144 2055//2055 2145//2145
f 2145//2145 2055//2055 2057//2057
f 2057//2057 2058//2058 2145//2145
f 2145//2145 2058//2058 2060//2060
f 2145//2145 2060//2060 2146//2146
f 2060//2060 2063//2063 2146//2146
f 2146//2146 2063//2063 2064//2064
f 2146//2146 2064//2064 2147//2147
f 2147//2147 2064//2064 2066//2066
f 2147//2147 2066//2066 2148//2148
f 2066//2066 2068//2068 2148//2148
f 2148//2148 2068//2068 2070//2070
f 2148//2148 2070//2070 2149//2149
f 2149//2149 2070//2070 2072//2072
f 2149//2149 2072//2072 2150//2150
f 2072//2072 2074//2074 2150//2150
f 2150//2150 2074//2074 2076//2076
f 2150//2150 2076//2076 2151//2151
f 2076//2076 2078//2078 2151//2151
f 2151//2151 2078//2078 2080//2080
f 2151//2151 2080//2080 2152//2152
f 2080//2080 2082//2082 2152//2152
f 2152//2152 2082//2082 2085//2085
f 2152//2152 2085//2085 2153//2153
f 2085//2085 2086//2086 2153//2153
f 2153//2153 2086//2086 2089//2089
f 2153//2153 2089//2089 2154//2154
f 2154//2154 2089//2089 2091//2091
f 2097//2097 2155//2155 2095//2095
f 2095//2095 2155//2155 2154//2154
f 2095//2095 2154//2154 2093//2093
f 2093//2093 2154//2154 2091//2091
f 2123//2123 2125//2125 2129//2129
f 2129//2129 2125//2125 2156//2156
f 2129//2129 2156//2156 2157//2157
f 2157//2157 2156//2156 2158//2158
f 2157//2157 2158//2158 2159//2159
f 2159//2159 2158//2158 2160//2160
f 2159//2159 2160//2160 2161//2161
f 2161//2161 2160//2160 2162//2162
f 2161//2161 2162//2162 2163//2163
f 2163//2163 2162//2162 2164//2164
f 2163//2163 2164//2164 2165//2165
f 2165//2165 2164//2164 2166//2166
f 2165//2165 2166//2166 2167//2167
f 2167//2167 2166//2166 2168//2168
f 2167//2167 2168//2168 2169//2169
f 2169//2169 2168//2168 2170//2170
f 2169//2169 2170//2170 2171//2171
f 2171//2171 2170//2170 2172//2172
f 2171//2171 2172//2172 2173//2173
f 2173//2173 2172//2172 2174//2174
f 2173//2173 2174//2174 2175//2175
f 2175//2175 2174//2174 2176//2176
f 2175//2175 2176//2176 2177//2177
f 2177//2177 2176//2176 2178//2178
f 2177//2177 2178//2178 2179//2179
f 2179//2179 2178//2178 2180//2180
f 2179//2179 2180//2180 2181//2181
f 2181//2181 2180//2180 2182//2182
f 2181//2181 2182//2182 2183//2183
f 2183//2183 2182//2182 2184//2184
f 2183//2183 2184//2184 2185//2185
f 2185//2185 2184//2184 2186//2186
f 2185//2185 2186//2186 2187//2187
f 2187//2187 2186//2186 2188//2188
f 2187//2187 2188//2188 2189//2189
f 2189//2189 2188//2188 2190//2190
f 2189//2189 2190//2190 2191//2191
f 2191//2191 2190//2190 2192//2192
f 2191//2191 2192//2192 2193//2193
f 2193//2193 2192//2192 2194//2194
f 2193//2193 2194//2194 2195//2195
f 2195//2195 2194//2194 2196//2196
f 2195//2195 2196//2196 2197//2197
f 2197//2197 2196//2196 2198//2198
f 2197//2197 2198//2198 2199//2199
f 2199//2199 2198//2198 2200//2200
f 2199//2199 2200//2200 2201//2201
f 2201//2201 2200//2200 2202//2202
f 2201//2201 2202//2202 2203//2203
f 2097//2097 175//175 164//164
f 2097//2097 164//164 2155//2155
f 2155//2155 164//164 163//163
f 2155//2155 163//163 161//161
f 161//161 2202//2202 2155//2155
f 2155//2155 2202//2202 2200//2200
f 2155//2155 2200//2200 2154//2154
f 2154//2154 2200//2200 2198//2198
f 2154//2154 2198//2198 2153//2153
f 2153//2153 2198//2198 2196//2196
f 2153//2153 2196//2196 2152//2152
f 2152//2152 2196//2196 2194//2194
f 2152//2152 2194//2194 2151//2151
f 2151//2151 2194//2194 2192//2192
f 2151//2151 2192//2192 2150//2150
f 2150//2150 2192//2192 2190//2190
f 2150//2150 2190//2190 2149//2149
f 2149//2149 2190//2190 2188//2188
f 2149//2149 2188//2188 2148//2148
f 2148//2148 2188//2188 2186//2186
f 2148//2148 2186//2186 2147//2147
f 2147//2147 2186//2186 2184//2184
f 2147//2147 2184//2184 2146//2146
f 2146//2146 2184//2184 2182//2182
f 2146//2146 2182//2182 2145//2145
f 2145//2145 2182//2182 2180//2180
f 2145//2145 2180//2180 2144//2144
f 2144//2144 2180//2180 2178//2178
f 2144//2144 2178//2178 2143//2143
f 2143//2143 2178//2178 2176//2176
f 2143//2143 2176//2176 2142//2142
f 2142//2142 2176//2176 2174//2174
f 2142//2142 2174//2174 2141//2141
f 2141//2141 2174//2174 2172//2172
f 2141//2141 2172//2172 2140//2140
f 2140//2140 2172//2172 2170//2170
f 2140//2140 2170//2170 2139//2139
f 2139//2139 2170//2170 2168//2168
f 2139//2139 2168//2168 2138//2138
f 2138//2138 2168//2168 2166//2166
f 2138//2138 2166//2166 2137//2137
f 2137//2137 2166//2166 2164//2164
f 2137//2137 2164//2164 2136//2136
f 2136//2136 2164//2164 2162//2162
f 2136//2136 2162//2162 2135//2135
f 2135//2135 2162//2162 2160//2160
f 2135//2135 2160//2160 2134//2134
f 2134//2134 2160//2160 2158//2158
f 2134//2134 2158//2158 2133//2133
f 2133//2133 2158//2158 2156//2156
f 2133//2133 2156//2156 2132//2132
f 2132//2132 2156//2156 2125//2125
f 2132//2132 2125//2125 2121//2121
f 2121//2121 2125//2125 2126//2126
f 2121//2121 2126//2126 2122//2122
f 161//161 159//159 2202//2202
f 2202//2202 159//159 167//167
f 2202//2202 167//167 2203//2203
f 2203//2203 167//167 166//166
f 2203//2203 166//166 165//165
f 2127//2127 2129//2129 2130//2130
f 2130//2130 2129//2129 2157//2157
f 2130//2130 2157//2157 2204//2204
f 2204//2204 2157//2157 2159//2159
f 2204//2204 2159//2159 2205//2205
f 2205//2205 2159//2159 2161//2161
f 2205//2205 2161//2161 2206//2206
f 2206//2206 2161//2161 2163//2163
f 2206//2206 2163//2163 2207//2207
f 2207//2207 2163//2163 2165//2165
f 2207//2207 2165//2165 2208//2208
f 2208//2208 2165//2165 2167//2167
f 2208//2208 2167//2167 2209//2209
f 2209//2209 2167//2167 2169//2169
f 2209//2209 2169//2169 2210//2210
f 2210//2210 2169//2169 2171//2171
f 2210//2210 2171//2171 2211//2211
f 2211//2211 2171//2171 2173//2173
f 2211//2211 2173//2173 2212//2212
f 2212//2212 2173//2173 2175//2175
f 2212//2212 2175//2175 2213//2213
f 2213//2213 2175//2175 2177//2177
f 2213//2213 2177//2177 2214//2214
f 2214//2214 2177//2177 2179//2179
f 2214//2214 2179//2179 2215//2215
f 2215//2215 2179//2179 2181//2181
f 2215//2215 2181//2181 2216//2216
f 2216//2216 2181//2181 2183//2183
f 2216//2216 2183//2183 2217//2217
f 2217//2217 2183//2183 2185//2185
f 2217//2217 2185//2185 2218//2218
f 2218//2218 2185//2185 2187//2187
f 2218//2218 2187//2187 2219//2219
f 2219//2219 2187//2187 2189//2189
f 2219//2219 2189//2189 2220//2220
f 2220//2220 2189//2189 2191//2191
f 2220//2220 2191//2191 2221//2221
f 2221//2221 2191//2191 2193//2193
f 2221//2221 2193//2193 2222//2222
f 2222//2222 2193//2193 2195//2195
f 2222//2222 2195//2195 2223//2223
f 2223//2223 2195//2195 2197//2197
f 2223//2223 2197//2197 2224//2224
f 2224//2224 2197//2197 2199//2199
f 2224//2224 2199//2199 2225//2225
f 2225//2225 2199//2199 2201//2201
f 2225//2225 2201//2201 2226//2226
f 2226//2226 2201//2201 2203//2203
f 2226//2226 2203//2203 2227//2227
f 2227//2227 2203//2203 165//165
f 2227//2227 165//165 157//157
f 2224//2224 2228//2228 2229//2229
f 2222//2222 2230//2230 2231//2231
f 192//192 1271//1271 2232//2232
f 2226//2226 2233//2233 2234//2234
f 2230//2230 2222//2222 2229//2229
f 2229//2229 2222//2222 2223//2223
f 2229//2229 2223//2223 2224//2224
f 2233//2233 2226//2226 2235//2235
f 2228//2228 2224//2224 2234//2234
f 2234//2234 2224//2224 2225//2225
f 2234//2234 2225//2225 2226//2226
f 1271//1271 1270//1270 1320//1320
f 2236//2236 2216//2216 2237//2237
f 2237//2237 2216//2216 2217//2217
f 2237//2237 2217//2217 2238//2238
f 2238//2238 2217//2217 2218//2218
f 2238//2238 2218//2218 2239//2239
f 2239//2239 2218//2218 2219//2219
f 2239//2239 2219//2219 2240//2240
f 2240//2240 2219//2219 2220//2220
f 2240//2240 2220//2220 2231//2231
f 2231//2231 2220//2220 2221//2221
f 2231//2231 2221//2221 2222//2222
f 2241//2241 179//179 2232//2232
f 2232//2232 179//179 188//188
f 2232//2232 188//188 192//192
f 2242//2242 2212//2212 2243//2243
f 2243//2243 2212//2212 2213//2213
f 2243//2243 2213//2213 2244//2244
f 2244//2244 2213//2213 2214//2214
f 2244//2244 2214//2214 2236//2236
f 2236//2236 2214//2214 2215//2215
f 2236//2236 2215//2215 2216//2216
f 1301//1301 1300//1300 2245//2245
f 2245//2245 2246//2246 1301//1301
f 1301//1301 2246//2246 2247//2247
f 1301//1301 2247//2247 2248//2248
f 1271//1271 1320//1320 2232//2232
f 2232//2232 1320//1320 1310//1310
f 2232//2232 1310//1310 1309//1309
f 2226//2226 2227//2227 2235//2235
f 2235//2235 2227//2227 157//157
f 2235//2235 157//157 2249//2249
f 2249//2249 157//157 156//156
f 2249//2249 156//156 2241//2241
f 2241//2241 156//156 171//171
f 2241//2241 171//171 179//179
f 2250//2250 2209//2209 2251//2251
f 2251//2251 2209//2209 2210//2210
f 2251//2251 2210//2210 2242//2242
f 2242//2242 2210//2210 2211//2211
f 2242//2242 2211//2211 2212//2212
f 2248//2248 2252//2252 1301//1301
f 1301//1301 2252//2252 2253//2253
f 1301//1301 2253//2253 1309//1309
f 1309//1309 2253//2253 2254//2254
f 1309//1309 2254//2254 2232//2232
f 2255//2255 2131//2131 2256//2256
f 2256//2256 2131//2131 2130//2130
f 2256//2256 2130//2130 2257//2257
f 2257//2257 2130//2130 2204//2204
f 2257//2257 2204//2204 2258//2258
f 2258//2258 2204//2204 2205//2205
f 2258//2258 2205//2205 2259//2259
f 2259//2259 2205//2205 2206//2206
f 2259//2259 2206//2206 2260//2260
f 2260//2260 2206//2206 2207//2207
f 2260//2260 2207//2207 2250//2250
f 2250//2250 2207//2207 2208//2208
f 2250//2250 2208//2208 2209//2209
f 2256//2256 40//40 2255//2255
f 2255//2255 40//40 39//39
f 40//40 2256//2256 2257//2257
f 2245//2245 52//52 2246//2246
f 2246//2246 52//52 51//51
f 2246//2246 51//51 2247//2247
f 2247//2247 51//51 50//50
f 2247//2247 50//50 2248//2248
f 2248//2248 50//50 49//49
f 2248//2248 49//49 2252//2252
f 2252//2252 49//49 47//47
f 2252//2252 47//47 2253//2253
f 2253//2253 47//47 46//46
f 2253//2253 46//46 2254//2254
f 2254//2254 46//46 64//64
f 2254//2254 64//64 2232//2232
f 2232//2232 64//64 35//35
f 2232//2232 35//35 2241//2241
f 2241//2241 35//35 37//37
f 2241//2241 37//37 2249//2249
f 2249//2249 37//37 43//43
f 2249//2249 43//43 2235//2235
f 2235//2235 43//43 31//31
f 2235//2235 31//31 2233//2233
f 2233//2233 31//31 29//29
f 2233//2233 29//29 2234//2234
f 2234//2234 29//29 27//27
f 2234//2234 27//27 2228//2228
f 2228//2228 27//27 25//25
f 2228//2228 25//25 2229//2229
f 2229//2229 25//25 23//23
f 2229//2229 23//23 2230//2230
f 2230//2230 23//23 21//21
f 2230//2230 21//21 2231//2231
f 2231//2231 21//21 19//19
f 2231//2231 19//19 2240//2240
f 2240//2240 19//19 4//4
f 2240//2240 4//4 2239//2239
f 2239//2239 4//4 2//2
f 2239//2239 2//2 2238//2238
f 2//2 1//1 2238//2238
f 2238//2238 1//1 2237//2237
f 2237//2237 1//1 8//8
f 2237//2237 8//8 2236//2236
f 2236//2236 8//8 10//10
f 2236//2236 10//10 2244//2244
f 2244//2244 10//10 12//12
f 2244//2244 12//12 2243//2243
f 2243//2243 12//12 14//14
f 2243//2243 14//14 2242//2242
f 2242//2242 14//14 56//56
f 2242//2242 56//56 2251//2251
f 2251//2251 56//56 58//58
f 2251//2251 58//58 2250//2250
f 2250//2250 58//58 61//61
f 2250//2250 61//61 2260//2260
f 2260//2260 61//61 63//63
f 2260//2260 63//63 2259//2259
f 2259//2259 63//63 72//72
f 2259//2259 72//72 2258//2258
f 2258//2258 72//72 16//16
f 2258//2258 16//16 2257//2257
f 2257//2257 16//16 15//15
f 2257//2257 15//15 40//40
f 1305//1305 2261//2261 1300//1300
f 1300//1300 2261//2261 53//53
f 1300//1300 53//53 2245//2245
f 2245//2245 53//53 52//52
f 53//53 2261//2261 2262//2262
f 2263//2263 2264//2264 2265//2265
f 2265//2265 2264//2264 154//154
f 2265//2265 154//154 151//151
f 48//48 53//53 2266//2266
f 2266//2266 53//53 2262//2262
f 2266//2266 2262//2262 2265//2265
f 2265//2265 2262//2262 2267//2267
f 2265//2265 2267//2267 2263//2263
f 149//149 148//148 2268//2268
f 2268//2268 148//148 2269//2269
f 2268//2268 2269//2269 2270//2270
f 2270//2270 2269//2269 2271//2271
f 2270//2270 2271//2271 65//65
f 65//65 2271//2271 66//66
f 151//151 149//149 2265//2265
f 2265//2265 149//149 2268//2268
f 2265//2265 2268//2268 2266//2266
f 2266//2266 2268//2268 2270//2270
f 2266//2266 2270//2270 48//48
f 48//48 2270//2270 65//65
f 2272//2272 108//108 106//106
f 2273//2273 2272//2272 2274//2274
f 2274//2274 2272//2272 106//106
f 2274//2274 106//106 2275//2275
f 2275//2275 106//106 104//104
f 2275//2275 104//104 67//67
f 67//67 104//104 68//68
f 148//148 2273//2273 2269//2269
f 2269//2269 2273//2273 2274//2274
f 2269//2269 2274//2274 2271//2271
f 2271//2271 2274//2274 2275//2275
f 2271//2271 2275//2275 66//66
f 66//66 2275//2275 67//67
f 116//116 117//117 1506//1506
f 1536//1536 120//120 116//116
f 117//117 109//109 1506//1506
f 1506//1506 109//109 107//107
f 1506//1506 107//107 1492//1492
f 1492//1492 107//107 108//108
f 1492//1492 108//108 1488//1488
f 1536//1536 116//116 1544//1544
f 1544//1544 116//116 1506//1506
f 1544//1544 1506//1506 1504//1504
f 1504//1504 1502//1502 1605//1605
f 1605//1605 1502//1502 1497//1497
f 1605//1605 1497//1497 1606//1606
f 1606//1606 1497//1497 1496//1496
f 2276//2276 1605//1605 1603//1603
f 1504//1504 1605//1605 1544//1544
f 1544//1544 1605//1605 2276//2276
f 1544//1544 2276//2276 1578//1578
f 1585//1585 1583//1583 2276//2276
f 1583//1583 1581//1581 2276//2276
f 2276//2276 1581//1581 1579//1579
f 2276//2276 1579//1579 1578//1578
f 1603//1603 1601//1601 2276//2276
f 2276//2276 1601//1601 1599//1599
f 2276//2276 1599//1599 1597//1597
f 1597//1597 1595//1595 2276//2276
f 2276//2276 1595//1595 1593//1593
f 2276//2276 1593//1593 1591//1591
f 1591//1591 1589//1589 2276//2276
f 2276//2276 1589//1589 1587//1587
f 2276//2276 1587//1587 1585//1585
f 108//108 2272//2272 1488//1488
f 1488//1488 2272//2272 2273//2273
f 1488//1488 2273//2273 1489//1489
f 1489//1489 2273//2273 148//148
f 1489//1489 148//148 147//147
f 2277//2277 2278//2278 2279//2279
f 2280//2280 2281//2281 2282//2282
f 2282//2282 2281//2281 2283//2283
f 2284//2284 2285//2285 2286//2286
f 2287//2287 2288//2288 2289//2289
f 2290//2290 2291//2291 2292//2292
f 2292//2292 2291//2291 2293//2293
f 2289//2289 2288//2288 2294//2294
f 2295//2295 2296//2296 2297//2297
f 2297//2297 2296//2296 2298//2298
f 2299//2299 2300//2300 2301//2301
f 2288//2288 2302//2302 2294//2294
f 2294//2294 2302//2302 2303//2303
f 2294//2294 2303//2303 2298//2298
f 2298//2298 2303//2303 2304//2304
f 2298//2298 2304//2304 2297//2297
f 2305//2305 2306//2306 2307//2307
f 2308//2308 2309//2309 2310//2310
f 2310//2310 2309//2309 2311//2311
f 2308//2308 2312//2312 2309//2309
f 2309//2309 2312//2312 2313//2313
f 2309//2309 2313//2313 2285//2285
f 2285//2285 2313//2313 2314//2314
f 2285//2285 2314//2314 2286//2286
f 2301//2301 2300//2300 2315//2315
f 2316//2316 2317//2317 2318//2318
f 2319//2319 2320//2320 2321//2321
f 2321//2321 2322//2322 2319//2319
f 2319//2319 2322//2322 2323//2323
f 2319//2319 2323//2323 2283//2283
f 2283//2283 2323//2323 2324//2324
f 2283//2283 2324//2324 2282//2282
f 2325//2325 2326//2326 2327//2327
f 2328//2328 2329//2329 2330//2330
f 2331//2331 2332//2332 2333//2333
f 2331//2331 2333//2333 2307//2307
f 2300//2300 2334//2334 2315//2315
f 2315//2315 2334//2334 2335//2335
f 2315//2315 2335//2335 2278//2278
f 2278//2278 2335//2335 2336//2336
f 2278//2278 2336//2336 2279//2279
f 2318//2318 2317//2317 2337//2337
f 2317//2317 2338//2338 2337//2337
f 2337//2337 2338//2338 2339//2339
f 2337//2337 2339//2339 2289//2289
f 2289//2289 2339//2339 2340//2340
f 2289//2289 2340//2340 2287//2287
f 2295//2295 2341//2341 2296//2296
f 2296//2296 2341//2341 2342//2342
f 2320//2320 2342//2342 2343//2343
f 2320//2320 2343//2343 2321//2321
f 2344//2344 2345//2345 2346//2346
f 2346//2346 2347//2347 2344//2344
f 2344//2344 2347//2347 2348//2348
f 2344//2344 2348//2348 2293//2293
f 2293//2293 2348//2348 2349//2349
f 2293//2293 2349//2349 2292//2292
f 2290//2290 2350//2350 2291//2291
f 2291//2291 2350//2350 2351//2351
f 2291//2291 2351//2351 2352//2352
f 2286//2286 2353//2353 2284//2284
f 2284//2284 2353//2353 2354//2354
f 2284//2284 2354//2354 2301//2301
f 2301//2301 2354//2354 2355//2355
f 2301//2301 2355//2355 2299//2299
f 2280//2280 2356//2356 2281//2281
f 2281//2281 2356//2356 2357//2357
f 2281//2281 2357//2357 2358//2358
f 2359//2359 2360//2360 2361//2361
f 2362//2362 2363//2363 2364//2364
f 2365//2365 2366//2366 2367//2367
f 2305//2305 2368//2368 2306//2306
f 2306//2306 2368//2368 2369//2369
f 2306//2306 2369//2369 2345//2345
f 2345//2345 2369//2369 2370//2370
f 2345//2345 2370//2370 2346//2346
f 2351//2351 2371//2371 2352//2352
f 2352//2352 2371//2371 2372//2372
f 2352//2352 2372//2372 2311//2311
f 2311//2311 2372//2372 2373//2373
f 2311//2311 2373//2373 2310//2310
f 2279//2279 2374//2374 2277//2277
f 2277//2277 2374//2374 2375//2375
f 2277//2277 2375//2375 2318//2318
f 2318//2318 2375//2375 2376//2376
f 2318//2318 2376//2376 2316//2316
f 2357//2357 2377//2377 2358//2358
f 2358//2358 2377//2377 2378//2378
f 2379//2379 2378//2378 2380//2380
f 2381//2381 2382//2382 2383//2383
f 2384//2384 2385//2385 2386//2386
f 2387//2387 2388//2388 2379//2379
f 2389//2389 2390//2390 2391//2391
f 2392//2392 2393//2393 2394//2394
f 2395//2395 2396//2396 2397//2397
f 2331//2331 2398//2398 2399//2399
f 2400//2400 2401//2401 2311//2311
f 2311//2311 2402//2402 2400//2400
f 2403//2403 2404//2404 2285//2285
f 2284//2284 2405//2405 2406//2406
f 2315//2315 2407//2407 2408//2408
f 2337//2337 2409//2409 2410//2410
f 2298//2298 2411//2411 2412//2412
f 2320//2320 2413//2413 2414//2414
f 2415//2415 2416//2416 2417//2417
f 2418//2418 2419//2419 2420//2420
f 2421//2421 2422//2422 2423//2423
f 2424//2424 2425//2425 2426//2426
f 2427//2427 2428//2428 2429//2429
f 2430//2430 2408//2408 2407//2407
f 2431//2431 2406//2406 2405//2405
f 2432//2432 2404//2404 2403//2403
f 2433//2433 2434//2434 2435//2435
f 2401//2401 2400//2400 2436//2436
f 2437//2437 2419//2419 2418//2418
f 2438//2438 2417//2417 2416//2416
f 2439//2439 2440//2440 2441//2441
f 2442//2442 2443//2443 2444//2444
f 2445//2445 2446//2446 2447//2447
f 2448//2448 2449//2449 2450//2450
f 2451//2451 2412//2412 2411//2411
f 2410//2410 2409//2409 2452//2452
f 2453//2453 2454//2454 2455//2455
f 2447//2447 2446//2446 2456//2456
f 2457//2457 2458//2458 2459//2459
f 2460//2460 2461//2461 2462//2462
f 2443//2443 2463//2463 2444//2444
f 2464//2464 2441//2441 2440//2440
f 2465//2465 2466//2466 2467//2467
f 2468//2468 2391//2391 2390//2390
f 2469//2469 2470//2470 2471//2471
f 2388//2388 2387//2387 2472//2472
f 2473//2473 2429//2429 2428//2428
f 2474//2474 2422//2422 2421//2421
f 2475//2475 2426//2426 2425//2425
f 2460//2460 2462//2462 2476//2476
f 2477//2477 2459//2459 2458//2458
f 2478//2478 2399//2399 2398//2398
f 2479//2479 2480//2480 2481//2481
f 2394//2394 2393//2393 2482//2482
f 2483//2483 2480//2480 2479//2479
f 2484//2484 2485//2485 2486//2486
f 2483//2483 2487//2487 2488//2488
f 2489//2489 2490//2490 2491//2491
f 2492//2492 2466//2466 2465//2465
f 2493//2493 2494//2494 2495//2495
f 2496//2496 2471//2471 2470//2470
f 2485//2485 2497//2497 2486//2486
f 2498//2498 2499//2499 2500//2500
f 2501//2501 2502//2502 2503//2503
f 2504//2504 2505//2505 2506//2506
f 2507//2507 2435//2435 2434//2434
f 2499//2499 2508//2508 2500//2500
f 2509//2509 2510//2510 2511//2511
f 2512//2512 2513//2513 2514//2514
f 2515//2515 2516//2516 2517//2517
f 2518//2518 2510//2510 2509//2509
f 2519//2519 2506//2506 2505//2505
f 2520//2520 2503//2503 2502//2502
f 2521//2521 2522//2522 2523//2523
f 2524//2524 2525//2525 2526//2526
f 2527//2527 2528//2528 2529//2529
f 2530//2530 2526//2526 2525//2525
f 2531//2531 2532//2532 2533//2533
f 2534//2534 2528//2528 2527//2527
f 2535//2535 2491//2491 2490//2490
f 2536//2536 2488//2488 2487//2487
f 2537//2537 2538//2538 2539//2539
f 2540//2540 2514//2514 2513//2513
f 2532//2532 2541//2541 2533//2533
f 2521//2521 2523//2523 2542//2542
f 2537//2537 2539//2539 2543//2543
f 2544//2544 2545//2545 2546//2546
f 2547//2547 2548//2548 2549//2549
f 2550//2550 2551//2551 2552//2552
f 2553//2553 2554//2554 2555//2555
f 2556//2556 2557//2557 2558//2558
f 2559//2559 2560//2560 2561//2561
f 2562//2562 2563//2563 2564//2564
f 2565//2565 2566//2566 2567//2567
f 2567//2567 2566//2566 2568//2568
f 2567//2567 2568//2568 2569//2569
f 2570//2570 2564//2564 2565//2565
f 2563//2563 2571//2571 2564//2564
f 2564//2564 2571//2571 2572//2572
f 2564//2564 2572//2572 2565//2565
f 2573//2573 2574//2574 2562//2562
f 2575//2575 2576//2576 2577//2577
f 2577//2577 2576//2576 2574//2574
f 2577//2577 2574//2574 2578//2578
f 2578//2578 2574//2574 2573//2573
f 2578//2578 2573//2573 2579//2579
f 2579//2579 2573//2573 2580//2580
f 2579//2579 2580//2580 2581//2581
f 2581//2581 2580//2580 2582//2582
f 2581//2581 2582//2582 2583//2583
f 2569//2569 2584//2584 2567//2567
f 2567//2567 2584//2584 2585//2585
f 2567//2567 2585//2585 2586//2586
f 2586//2586 2585//2585 2587//2587
f 2588//2588 2589//2589 2587//2587
f 2587//2587 2589//2589 2590//2590
f 2587//2587 2590//2590 2586//2586
f 2583//2583 2582//2582 2591//2591
f 2591//2591 2582//2582 2592//2592
f 2591//2591 2592//2592 2593//2593
f 2593//2593 2592//2592 2594//2594
f 2593//2593 2594//2594 2595//2595
f 2596//2596 2597//2597 2598//2598
f 2598//2598 2597//2597 2599//2599
f 2598//2598 2599//2599 2600//2600
f 2600//2600 2599//2599 2601//2601
f 2600//2600 2601//2601 2602//2602
f 2602//2602 2601//2601 2589//2589
f 2602//2602 2589//2589 2603//2603
f 2603//2603 2589//2589 2588//2588
f 2565//2565 2567//2567 2570//2570
f 2570//2570 2567//2567 2586//2586
f 2570//2570 2586//2586 2604//2604
f 2604//2604 2586//2586 2590//2590
f 2604//2604 2590//2590 2605//2605
f 2605//2605 2590//2590 2589//2589
f 2605//2605 2589//2589 2606//2606
f 2606//2606 2589//2589 2601//2601
f 2606//2606 2601//2601 2607//2607
f 2607//2607 2601//2601 2599//2599
f 2607//2607 2599//2599 2608//2608
f 2608//2608 2599//2599 2597//2597
f 2608//2608 2597//2597 2609//2609
f 2562//2562 2564//2564 2573//2573
f 2573//2573 2564//2564 2570//2570
f 2573//2573 2570//2570 2580//2580
f 2580//2580 2570//2570 2604//2604
f 2580//2580 2604//2604 2582//2582
f 2582//2582 2604//2604 2605//2605
f 2582//2582 2605//2605 2592//2592
f 2592//2592 2605//2605 2606//2606
f 2592//2592 2606//2606 2594//2594
f 2594//2594 2606//2606 2607//2607
f 2594//2594 2607//2607 2610//2610
f 2610//2610 2607//2607 2608//2608
f 2610//2610 2608//2608 2611//2611
f 2611//2611 2608//2608 2609//2609
f 2611//2611 2609//2609 2612//2612
f 2613//2613 2614//2614 2612//2612
f 2612//2612 2614//2614 2615//2615
f 2612//2612 2615//2615 2611//2611
f 2611//2611 2615//2615 2616//2616
f 2611//2611 2616//2616 2610//2610
f 2610//2610 2616//2616 2617//2617
f 2610//2610 2617//2617 2594//2594
f 2594//2594 2617//2617 2618//2618
f 2594//2594 2618//2618 2595//2595
f 2619//2619 2613//2613 2620//2620
f 2620//2620 2613//2613 2612//2612
f 2620//2620 2612//2612 2621//2621
f 2621//2621 2612//2612 2609//2609
f 2621//2621 2609//2609 2622//2622
f 2622//2622 2609//2609 2597//2597
f 2622//2622 2597//2597 2623//2623
f 2623//2623 2597//2597 2596//2596
f 2557//2557 2619//2619 2558//2558
f 2558//2558 2619//2619 2620//2620
f 2558//2558 2620//2620 2624//2624
f 2624//2624 2620//2620 2621//2621
f 2624//2624 2621//2621 2625//2625
f 2625//2625 2621//2621 2622//2622
f 2625//2625 2622//2622 2626//2626
f 2626//2626 2622//2622 2623//2623
f 2554//2554 2556//2556 2555//2555
f 2555//2555 2556//2556 2558//2558
f 2555//2555 2558//2558 2627//2627
f 2627//2627 2558//2558 2624//2624
f 2627//2627 2624//2624 2561//2561
f 2561//2561 2624//2624 2625//2625
f 2561//2561 2625//2625 2559//2559
f 2559//2559 2625//2625 2626//2626
f 2628//2628 2553//2553 2629//2629
f 2629//2629 2553//2553 2555//2555
f 2629//2629 2555//2555 2630//2630
f 2630//2630 2555//2555 2627//2627
f 2630//2630 2627//2627 2631//2631
f 2631//2631 2627//2627 2561//2561
f 2631//2631 2561//2561 2632//2632
f 2632//2632 2561//2561 2560//2560
f 2548//2548 2628//2628 2549//2549
f 2549//2549 2628//2628 2629//2629
f 2549//2549 2629//2629 2633//2633
f 2633//2633 2629//2629 2630//2630
f 2633//2633 2630//2630 2634//2634
f 2634//2634 2630//2630 2631//2631
f 2634//2634 2631//2631 2635//2635
f 2635//2635 2631//2631 2632//2632
f 2545//2545 2547//2547 2546//2546
f 2546//2546 2547//2547 2549//2549
f 2546//2546 2549//2549 2636//2636
f 2636//2636 2549//2549 2633//2633
f 2636//2636 2633//2633 2552//2552
f 2552//2552 2633//2633 2634//2634
f 2552//2552 2634//2634 2550//2550
f 2550//2550 2634//2634 2635//2635
f 2637//2637 2544//2544 2638//2638
f 2638//2638 2544//2544 2546//2546
f 2638//2638 2546//2546 2639//2639
f 2639//2639 2546//2546 2636//2636
f 2639//2639 2636//2636 2640//2640
f 2640//2640 2636//2636 2552//2552
f 2640//2640 2552//2552 2641//2641
f 2641//2641 2552//2552 2551//2551
f 2642//2642 2637//2637 2643//2643
f 2643//2643 2637//2637 2638//2638
f 2643//2643 2638//2638 2644//2644
f 2644//2644 2638//2638 2639//2639
f 2644//2644 2639//2639 2645//2645
f 2645//2645 2639//2639 2640//2640
f 2645//2645 2640//2640 2646//2646
f 2646//2646 2640//2640 2641//2641
f 2647//2647 2648//2648 2649//2649
f 2650//2650 2651//2651 2652//2652
f 2652//2652 2651//2651 2653//2653
f 2652//2652 2653//2653 2654//2654
f 2654//2654 2653//2653 2655//2655
f 2654//2654 2655//2655 2656//2656
f 2656//2656 2655//2655 2657//2657
f 2650//2650 2658//2658 2659//2659
f 2659//2659 2658//2658 2660//2660
f 2659//2659 2660//2660 2661//2661
f 2661//2661 2660//2660 2662//2662
f 2661//2661 2662//2662 2663//2663
f 2663//2663 2662//2662 2664//2664
f 2663//2663 2664//2664 2665//2665
f 2665//2665 2664//2664 2666//2666
f 2665//2665 2666//2666 2667//2667
f 2668//2668 2669//2669 2670//2670
f 2670//2670 2669//2669 2671//2671
f 2670//2670 2671//2671 2657//2657
f 2657//2657 2671//2671 2672//2672
f 2657//2657 2672//2672 2656//2656
f 2666//2666 2673//2673 2667//2667
f 2667//2667 2673//2673 2674//2674
f 2667//2667 2674//2674 2675//2675
f 2675//2675 2674//2674 2676//2676
f 2675//2675 2676//2676 2649//2649
f 2649//2649 2676//2676 2677//2677
f 2649//2649 2677//2677 2647//2647
f 2650//2650 2659//2659 2651//2651
f 2651//2651 2659//2659 2661//2661
f 2651//2651 2661//2661 2653//2653
f 2653//2653 2661//2661 2663//2663
f 2653//2653 2663//2663 2655//2655
f 2655//2655 2663//2663 2665//2665
f 2655//2655 2665//2665 2657//2657
f 2657//2657 2665//2665 2667//2667
f 2657//2657 2667//2667 2670//2670
f 2670//2670 2667//2667 2675//2675
f 2670//2670 2675//2675 2668//2668
f 2668//2668 2675//2675 2649//2649
f 2668//2668 2649//2649 2678//2678
f 2678//2678 2649//2649 2648//2648
f 2678//2678 2648//2648 2679//2679
f 2680//2680 2681//2681 2679//2679
f 2679//2679 2681//2681 2682//2682
f 2679//2679 2682//2682 2678//2678
f 2678//2678 2682//2682 2683//2683
f 2678//2678 2683//2683 2668//2668
f 2668//2668 2683//2683 2684//2684
f 2668//2668 2684//2684 2669//2669
f 2685//2685 2680//2680 2686//2686
f 2686//2686 2680//2680 2679//2679
f 2686//2686 2679//2679 2687//2687
f 2687//2687 2679//2679 2648//2648
f 2687//2687 2648//2648 2688//2688
f 2688//2688 2648//2648 2647//2647
f 2689//2689 2690//2690 2691//2691
f 2692//2692 2693//2693 2694//2694
f 2695//2695 2696//2696 2697//2697
f 2698//2698 2699//2699 2700//2700
f 2701//2701 2702//2702 2703//2703
f 2703//2703 2702//2702 2704//2704
f 2703//2703 2704//2704 2705//2705
f 2705//2705 2704//2704 2706//2706
f 2707//2707 2708//2708 2709//2709
f 2709//2709 2708//2708 2710//2710
f 2709//2709 2710//2710 2706//2706
f 2702//2702 2711//2711 2704//2704
f 2704//2704 2711//2711 2712//2712
f 2704//2704 2712//2712 2713//2713
f 2712//2712 2714//2714 2713//2713
f 2713//2713 2714//2714 2715//2715
f 2713//2713 2715//2715 2716//2716
f 2716//2716 2715//2715 2717//2717
f 2716//2716 2717//2717 2718//2718
f 2719//2719 2698//2698 2720//2720
f 2720//2720 2698//2698 2700//2700
f 2720//2720 2700//2700 2721//2721
f 2721//2721 2700//2700 2722//2722
f 2721//2721 2722//2722 2723//2723
f 2723//2723 2722//2722 2724//2724
f 2717//2717 2725//2725 2718//2718
f 2718//2718 2725//2725 2726//2726
f 2718//2718 2726//2726 2727//2727
f 2727//2727 2726//2726 2728//2728
f 2727//2727 2728//2728 2729//2729
f 2728//2728 2730//2730 2729//2729
f 2729//2729 2730//2730 2731//2731
f 2729//2729 2731//2731 2732//2732
f 2733//2733 2734//2734 2735//2735
f 2735//2735 2734//2734 2736//2736
f 2735//2735 2736//2736 2737//2737
f 2737//2737 2736//2736 2738//2738
f 2737//2737 2738//2738 2724//2724
f 2724//2724 2738//2738 2739//2739
f 2724//2724 2739//2739 2723//2723
f 2731//2731 2740//2740 2732//2732
f 2732//2732 2740//2740 2741//2741
f 2732//2732 2741//2741 2742//2742
f 2742//2742 2741//2741 2743//2743
f 2742//2742 2743//2743 2744//2744
f 2745//2745 2746//2746 2747//2747
f 2747//2747 2746//2746 2748//2748
f 2747//2747 2748//2748 2749//2749
f 2749//2749 2748//2748 2750//2750
f 2749//2749 2750//2750 2733//2733
f 2733//2733 2750//2750 2751//2751
f 2733//2733 2751//2751 2734//2734
f 2743//2743 2752//2752 2744//2744
f 2744//2744 2752//2752 2753//2753
f 2744//2744 2753//2753 2754//2754
f 2754//2754 2753//2753 2755//2755
f 2754//2754 2755//2755 2756//2756
f 2755//2755 2757//2757 2756//2756
f 2756//2756 2757//2757 2758//2758
f 2756//2756 2758//2758 2697//2697
f 2697//2697 2758//2758 2759//2759
f 2697//2697 2759//2759 2695//2695
f 2706//2706 2704//2704 2709//2709
f 2709//2709 2704//2704 2713//2713
f 2709//2709 2713//2713 2760//2760
f 2760//2760 2713//2713 2716//2716
f 2760//2760 2716//2716 2761//2761
f 2761//2761 2716//2716 2718//2718
f 2761//2761 2718//2718 2762//2762
f 2762//2762 2718//2718 2727//2727
f 2762//2762 2727//2727 2763//2763
f 2763//2763 2727//2727 2729//2729
f 2763//2763 2729//2729 2764//2764
f 2764//2764 2729//2729 2732//2732
f 2764//2764 2732//2732 2765//2765
f 2765//2765 2732//2732 2742//2742
f 2765//2765 2742//2742 2766//2766
f 2766//2766 2742//2742 2744//2744
f 2766//2766 2744//2744 2767//2767
f 2767//2767 2744//2744 2754//2754
f 2767//2767 2754//2754 2768//2768
f 2768//2768 2754//2754 2756//2756
f 2768//2768 2756//2756 2769//2769
f 2769//2769 2756//2756 2697//2697
f 2769//2769 2697//2697 2770//2770
f 2770//2770 2697//2697 2696//2696
f 2770//2770 2696//2696 2771//2771
f 2707//2707 2709//2709 2699//2699
f 2699//2699 2709//2709 2760//2760
f 2699//2699 2760//2760 2700//2700
f 2700//2700 2760//2760 2761//2761
f 2700//2700 2761//2761 2722//2722
f 2722//2722 2761//2761 2762//2762
f 2722//2722 2762//2762 2724//2724
f 2724//2724 2762//2762 2763//2763
f 2724//2724 2763//2763 2737//2737
f 2737//2737 2763//2763 2764//2764
f 2737//2737 2764//2764 2735//2735
f 2735//2735 2764//2764 2765//2765
f 2735//2735 2765//2765 2733//2733
f 2733//2733 2765//2765 2766//2766
f 2733//2733 2766//2766 2749//2749
f 2749//2749 2766//2766 2767//2767
f 2749//2749 2767//2767 2747//2747
f 2747//2747 2767//2767 2768//2768
f 2747//2747 2768//2768 2745//2745
f 2745//2745 2768//2768 2769//2769
f 2745//2745 2769//2769 2772//2772
f 2772//2772 2769//2769 2770//2770
f 2772//2772 2770//2770 2773//2773
f 2773//2773 2770//2770 2771//2771
f 2773//2773 2771//2771 2774//2774
f 2775//2775 2776//2776 2774//2774
f 2774//2774 2776//2776 2777//2777
f 2774//2774 2777//2777 2773//2773
f 2773//2773 2777//2777 2778//2778
f 2773//2773 2778//2778 2772//2772
f 2772//2772 2778//2778 2779//2779
f 2772//2772 2779//2779 2745//2745
f 2745//2745 2779//2779 2780//2780
f 2745//2745 2780//2780 2746//2746
f 2781//2781 2775//2775 2782//2782
f 2782//2782 2775//2775 2774//2774
f 2782//2782 2774//2774 2783//2783
f 2783//2783 2774//2774 2771//2771
f 2783//2783 2771//2771 2694//2694
f 2694//2694 2771//2771 2696//2696
f 2694//2694 2696//2696 2692//2692
f 2692//2692 2696//2696 2695//2695
f 2784//2784 2781//2781 2785//2785
f 2785//2785 2781//2781 2782//2782
f 2785//2785 2782//2782 2786//2786
f 2786//2786 2782//2782 2783//2783
f 2786//2786 2783//2783 2691//2691
f 2691//2691 2783//2783 2694//2694
f 2691//2691 2694//2694 2689//2689
f 2689//2689 2694//2694 2693//2693
f 2787//2787 2784//2784 2788//2788
f 2788//2788 2784//2784 2785//2785
f 2788//2788 2785//2785 2789//2789
f 2789//2789 2785//2785 2786//2786
f 2789//2789 2786//2786 2790//2790
f 2790//2790 2786//2786 2691//2691
f 2790//2790 2691//2691 2791//2791
f 2791//2791 2691//2691 2690//2690
f 2792//2792 2793//2793 2794//2794
f 2795//2795 2796//2796 2797//2797
f 2798//2798 2795//2795 2799//2799
f 2699//2699 2698//2698 2800//2800
f 2800//2800 2698//2698 2719//2719
f 2800//2800 2719//2719 2798//2798
f 2699//2699 2800//2800 2707//2707
f 2707//2707 2800//2800 2801//2801
f 2707//2707 2801//2801 2708//2708
f 2708//2708 2801//2801 2802//2802
f 2708//2708 2802//2802 2710//2710
f 2792//2792 2794//2794 2803//2803
f 2803//2803 2794//2794 2804//2804
f 2803//2803 2804//2804 2805//2805
f 2805//2805 2804//2804 2806//2806
f 2805//2805 2806//2806 2807//2807
f 2807//2807 2806//2806 2808//2808
f 2807//2807 2808//2808 2809//2809
f 2795//2795 2797//2797 2799//2799
f 2799//2799 2797//2797 2810//2810
f 2799//2799 2810//2810 2811//2811
f 2811//2811 2810//2810 2812//2812
f 2811//2811 2812//2812 2813//2813
f 2813//2813 2812//2812 2814//2814
f 2813//2813 2814//2814 2815//2815
f 2710//2710 2802//2802 2706//2706
f 2706//2706 2802//2802 2816//2816
f 2706//2706 2816//2816 2705//2705
f 2808//2808 2817//2817 2809//2809
f 2809//2809 2817//2817 2818//2818
f 2809//2809 2818//2818 2819//2819
f 2819//2819 2814//2814 2809//2809
f 2809//2809 2814//2814 2812//2812
f 2809//2809 2812//2812 2807//2807
f 2807//2807 2812//2812 2810//2810
f 2807//2807 2810//2810 2805//2805
f 2805//2805 2810//2810 2797//2797
f 2805//2805 2797//2797 2803//2803
f 2803//2803 2797//2797 2796//2796
f 2803//2803 2796//2796 2792//2792
f 2819//2819 2820//2820 2814//2814
f 2814//2814 2820//2820 2821//2821
f 2814//2814 2821//2821 2815//2815
f 2815//2815 2821//2821 2822//2822
f 2815//2815 2822//2822 2823//2823
f 2798//2798 2799//2799 2800//2800
f 2800//2800 2799//2799 2811//2811
f 2800//2800 2811//2811 2801//2801
f 2801//2801 2811//2811 2813//2813
f 2801//2801 2813//2813 2802//2802
f 2802//2802 2813//2813 2815//2815
f 2802//2802 2815//2815 2816//2816
f 2816//2816 2815//2815 2823//2823
f 2816//2816 2823//2823 2824//2824
f 2824//2824 2701//2701 2816//2816
f 2816//2816 2701//2701 2703//2703
f 2816//2816 2703//2703 2705//2705
f 2825//2825 2826//2826 2827//2827
f 2827//2827 2826//2826 2828//2828
f 2827//2827 2828//2828 2829//2829
f 2829//2829 2828//2828 2685//2685
f 2683//2683 2682//2682 2830//2830
f 2830//2830 2682//2682 2681//2681
f 2830//2830 2681//2681 2828//2828
f 2828//2828 2681//2681 2680//2680
f 2828//2828 2680//2680 2685//2685
f 2683//2683 2830//2830 2684//2684
f 2684//2684 2830//2830 2831//2831
f 2684//2684 2831//2831 2669//2669
f 2654//2654 2832//2832 2652//2652
f 2652//2652 2832//2832 2650//2650
f 2654//2654 2656//2656 2832//2832
f 2832//2832 2656//2656 2672//2672
f 2832//2832 2672//2672 2831//2831
f 2831//2831 2672//2672 2671//2671
f 2831//2831 2671//2671 2669//2669
f 2833//2833 2834//2834 2835//2835
f 2835//2835 2834//2834 2826//2826
f 2835//2835 2826//2826 2836//2836
f 2836//2836 2826//2826 2825//2825
f 2719//2719 2832//2832 2798//2798
f 2798//2798 2832//2832 2831//2831
f 2798//2798 2831//2831 2795//2795
f 2795//2795 2831//2831 2830//2830
f 2795//2795 2830//2830 2796//2796
f 2796//2796 2830//2830 2828//2828
f 2796//2796 2828//2828 2792//2792
f 2792//2792 2828//2828 2826//2826
f 2792//2792 2826//2826 2793//2793
f 2793//2793 2826//2826 2834//2834
f 2687//2687 2688//2688 2837//2837
f 2686//2686 2687//2687 2838//2838
f 2685//2685 2686//2686 2839//2839
f 2685//2685 2839//2839 2829//2829
f 2829//2829 2839//2839 2840//2840
f 2829//2829 2840//2840 2827//2827
f 2687//2687 2837//2837 2838//2838
f 2838//2838 2837//2837 2841//2841
f 2838//2838 2841//2841 2842//2842
f 2842//2842 2841//2841 2843//2843
f 2842//2842 2843//2843 2844//2844
f 2844//2844 2843//2843 2845//2845
f 2844//2844 2845//2845 2846//2846
f 2846//2846 2845//2845 2847//2847
f 2846//2846 2847//2847 2848//2848
f 2686//2686 2838//2838 2839//2839
f 2839//2839 2838//2838 2842//2842
f 2839//2839 2842//2842 2840//2840
f 2840//2840 2842//2842 2844//2844
f 2840//2840 2844//2844 2849//2849
f 2849//2849 2844//2844 2846//2846
f 2849//2849 2846//2846 2850//2850
f 2850//2850 2846//2846 2848//2848
f 2850//2850 2848//2848 2851//2851
f 2827//2827 2840//2840 2825//2825
f 2825//2825 2840//2840 2849//2849
f 2825//2825 2849//2849 2836//2836
f 2836//2836 2849//2849 2850//2850
f 2836//2836 2850//2850 2835//2835
f 2835//2835 2850//2850 2851//2851
f 2835//2835 2851//2851 2833//2833
f 2852//2852 2853//2853 2854//2854
f 2854//2854 2853//2853 2855//2855
f 2854//2854 2855//2855 2856//2856
f 2856//2856 2855//2855 2857//2857
f 2856//2856 2857//2857 2858//2858
f 2858//2858 2857//2857 2859//2859
f 2860//2860 2852//2852 2861//2861
f 2861//2861 2852//2852 2854//2854
f 2861//2861 2854//2854 2862//2862
f 2862//2862 2854//2854 2856//2856
f 2862//2862 2856//2856 2863//2863
f 2863//2863 2856//2856 2858//2858
f 2864//2864 2865//2865 2866//2866
f 2865//2865 2860//2860 2866//2866
f 2866//2866 2860//2860 2861//2861
f 2866//2866 2861//2861 2867//2867
f 2867//2867 2861//2861 2862//2862
f 2867//2867 2862//2862 2868//2868
f 2868//2868 2862//2862 2863//2863
f 2847//2847 2864//2864 2848//2848
f 2848//2848 2864//2864 2866//2866
f 2848//2848 2866//2866 2851//2851
f 2851//2851 2866//2866 2867//2867
f 2851//2851 2867//2867 2833//2833
f 2833//2833 2867//2867 2868//2868
f 2869//2869 2870//2870 2871//2871
f 2872//2872 2873//2873 2874//2874
f 2875//2875 2876//2876 2877//2877
f 2877//2877 2876//2876 2878//2878
f 2877//2877 2878//2878 2879//2879
f 2879//2879 2878//2878 2880//2880
f 2879//2879 2880//2880 2881//2881
f 2881//2881 2880//2880 2882//2882
f 2881//2881 2882//2882 2883//2883
f 2883//2883 2882//2882 2884//2884
f 2875//2875 2885//2885 2886//2886
f 2886//2886 2885//2885 2887//2887
f 2886//2886 2887//2887 2888//2888
f 2888//2888 2887//2887 2889//2889
f 2888//2888 2889//2889 2890//2890
f 2890//2890 2889//2889 2891//2891
f 2890//2890 2891//2891 2892//2892
f 2892//2892 2891//2891 2893//2893
f 2892//2892 2893//2893 2894//2894
f 2884//2884 2882//2882 2874//2874
f 2874//2874 2882//2882 2895//2895
f 2874//2874 2895//2895 2872//2872
f 2893//2893 2896//2896 2894//2894
f 2894//2894 2896//2896 2897//2897
f 2894//2894 2897//2897 2898//2898
f 2898//2898 2897//2897 2899//2899
f 2898//2898 2899//2899 2900//2900
f 2875//2875 2886//2886 2876//2876
f 2876//2876 2886//2886 2888//2888
f 2876//2876 2888//2888 2878//2878
f 2878//2878 2888//2888 2890//2890
f 2878//2878 2890//2890 2880//2880
f 2880//2880 2890//2890 2892//2892
f 2880//2880 2892//2892 2882//2882
f 2882//2882 2892//2892 2894//2894
f 2882//2882 2894//2894 2895//2895
f 2895//2895 2894//2894 2898//2898
f 2895//2895 2898//2898 2872//2872
f 2872//2872 2898//2898 2900//2900
f 2872//2872 2900//2900 2901//2901
f 2901//2901 2900//2900 2902//2902
f 2901//2901 2902//2902 2903//2903
f 2873//2873 2872//2872 2904//2904
f 2904//2904 2872//2872 2901//2901
f 2904//2904 2901//2901 2905//2905
f 2905//2905 2901//2901 2903//2903
f 2905//2905 2903//2903 2906//2906
f 2869//2869 2871//2871 2907//2907
f 2908//2908 2906//2906 2909//2909
f 2909//2909 2906//2906 2903//2903
f 2909//2909 2903//2903 2871//2871
f 2871//2871 2903//2903 2902//2902
f 2871//2871 2902//2902 2907//2907
f 2907//2907 2902//2902 2900//2900
f 2907//2907 2900//2900 2910//2910
f 2910//2910 2900//2900 2899//2899
f 2911//2911 2912//2912 2913//2913
f 2914//2914 2911//2911 2915//2915
f 2916//2916 2914//2914 2917//2917
f 2916//2916 2917//2917 2918//2918
f 2918//2918 2917//2917 2919//2919
f 2918//2918 2919//2919 2920//2920
f 2911//2911 2913//2913 2915//2915
f 2915//2915 2913//2913 2921//2921
f 2915//2915 2921//2921 2922//2922
f 2922//2922 2921//2921 2923//2923
f 2922//2922 2923//2923 2924//2924
f 2924//2924 2923//2923 2925//2925
f 2924//2924 2925//2925 2926//2926
f 2926//2926 2925//2925 2908//2908
f 2926//2926 2908//2908 2909//2909
f 2914//2914 2915//2915 2917//2917
f 2917//2917 2915//2915 2922//2922
f 2917//2917 2922//2922 2919//2919
f 2919//2919 2922//2922 2924//2924
f 2919//2919 2924//2924 2927//2927
f 2927//2927 2924//2924 2926//2926
f 2927//2927 2926//2926 2928//2928
f 2928//2928 2926//2926 2909//2909
f 2928//2928 2909//2909 2871//2871
f 2920//2920 2919//2919 2929//2929
f 2929//2929 2919//2919 2927//2927
f 2929//2929 2927//2927 2930//2930
f 2930//2930 2927//2927 2928//2928
f 2930//2930 2928//2928 2931//2931
f 2931//2931 2928//2928 2871//2871
f 2931//2931 2871//2871 2870//2870
f 2932//2932 2933//2933 2934//2934
f 2934//2934 2933//2933 2935//2935
f 2934//2934 2935//2935 2936//2936
f 2936//2936 2935//2935 2937//2937
f 2936//2936 2937//2937 2938//2938
f 2938//2938 2937//2937 2939//2939
f 2940//2940 2932//2932 2941//2941
f 2941//2941 2932//2932 2934//2934
f 2941//2941 2934//2934 2942//2942
f 2942//2942 2934//2934 2936//2936
f 2942//2942 2936//2936 2943//2943
f 2943//2943 2936//2936 2938//2938
f 2944//2944 2912//2912 2911//2911
f 2945//2945 2944//2944 2946//2946
f 2946//2946 2944//2944 2911//2911
f 2946//2946 2911//2911 2947//2947
f 2947//2947 2911//2911 2914//2914
f 2947//2947 2914//2914 2948//2948
f 2948//2948 2914//2914 2916//2916
f 2933//2933 2945//2945 2935//2935
f 2935//2935 2945//2945 2946//2946
f 2935//2935 2946//2946 2937//2937
f 2937//2937 2946//2946 2947//2947
f 2937//2937 2947//2947 2939//2939
f 2939//2939 2947//2947 2948//2948
f 2949//2949 2908//2908 2925//2925
f 2925//2925 2923//2923 2845//2845
f 2845//2845 2923//2923 2921//2921
f 2845//2845 2921//2921 2847//2847
f 2921//2921 2913//2913 2847//2847
f 2847//2847 2913//2913 2912//2912
f 2847//2847 2912//2912 2864//2864
f 2949//2949 2925//2925 2950//2950
f 2950//2950 2925//2925 2845//2845
f 2950//2950 2845//2845 2843//2843
f 2843//2843 2841//2841 2951//2951
f 2951//2951 2841//2841 2837//2837
f 2951//2951 2837//2837 2952//2952
f 2952//2952 2837//2837 2688//2688
f 2953//2953 2951//2951 2954//2954
f 2843//2843 2951//2951 2950//2950
f 2950//2950 2951//2951 2953//2953
f 2950//2950 2953//2953 2955//2955
f 2956//2956 2957//2957 2953//2953
f 2957//2957 2958//2958 2953//2953
f 2953//2953 2958//2958 2959//2959
f 2953//2953 2959//2959 2955//2955
f 2954//2954 2960//2960 2953//2953
f 2953//2953 2960//2960 2961//2961
f 2953//2953 2961//2961 2962//2962
f 2962//2962 2963//2963 2953//2953
f 2953//2953 2963//2963 2964//2964
f 2953//2953 2964//2964 2965//2965
f 2965//2965 2966//2966 2953//2953
f 2953//2953 2966//2966 2967//2967
f 2953//2953 2967//2967 2956//2956
f 2912//2912 2944//2944 2864//2864
f 2864//2864 2944//2944 2945//2945
f 2864//2864 2945//2945 2865//2865
f 2865//2865 2945//2945 2933//2933
f 2865//2865 2933//2933 2860//2860
f 2906//2906 2908//2908 2949//2949
f 2873//2873 2904//2904 2968//2968
f 2968//2968 2904//2904 2905//2905
f 2883//2883 2884//2884 2969//2969
f 2969//2969 2884//2884 2874//2874
f 2969//2969 2874//2874 2873//2873
f 2875//2875 2877//2877 2970//2970
f 2970//2970 2877//2877 2879//2879
f 2970//2970 2879//2879 2881//2881
f 2666//2666 2664//2664 2971//2971
f 2971//2971 2664//2664 2662//2662
f 2662//2662 2660//2660 2971//2971
f 2971//2971 2660//2660 2658//2658
f 2971//2971 2658//2658 2650//2650
f 2972//2972 2674//2674 2673//2673
f 2688//2688 2647//2647 2973//2973
f 2973//2973 2647//2647 2677//2677
f 2973//2973 2677//2677 2676//2676
f 2905//2905 2906//2906 2968//2968
f 2968//2968 2906//2906 2949//2949
f 2968//2968 2949//2949 2974//2974
f 2974//2974 2949//2949 2950//2950
f 2881//2881 2883//2883 2970//2970
f 2970//2970 2883//2883 2969//2969
f 2970//2970 2969//2969 2975//2975
f 2975//2975 2969//2969 2976//2976
f 2975//2975 2976//2976 2977//2977
f 2977//2977 2976//2976 2978//2978
f 2977//2977 2978//2978 2979//2979
f 2979//2979 2978//2978 2980//2980
f 2981//2981 2982//2982 2983//2983
f 2983//2983 2982//2982 2984//2984
f 2983//2983 2984//2984 2980//2980
f 2980//2980 2984//2984 2985//2985
f 2980//2980 2985//2985 2979//2979
f 2986//2986 2987//2987 2988//2988
f 2988//2988 2987//2987 2989//2989
f 2988//2988 2989//2989 2990//2990
f 2990//2990 2989//2989 2991//2991
f 2990//2990 2991//2991 2981//2981
f 2981//2981 2991//2991 2992//2992
f 2981//2981 2992//2992 2982//2982
f 2993//2993 2994//2994 2995//2995
f 2995//2995 2994//2994 2996//2996
f 2995//2995 2996//2996 2997//2997
f 2997//2997 2996//2996 2998//2998
f 2997//2997 2998//2998 2986//2986
f 2986//2986 2998//2998 2999//2999
f 2986//2986 2999//2999 2987//2987
f 3000//3000 3001//3001 2993//2993
f 2993//2993 3001//3001 3002//3002
f 2993//2993 3002//3002 2994//2994
f 2993//2993 3003//3003 3000//3000
f 3000//3000 3003//3003 3004//3004
f 3000//3000 3004//3004 3005//3005
f 3005//3005 3004//3004 3006//3006
f 3005//3005 3006//3006 3007//3007
f 2950//2950 2955//2955 2974//2974
f 2974//2974 2955//2955 2959//2959
f 2974//2974 2959//2959 3008//3008
f 3008//3008 2959//2959 2958//2958
f 3008//3008 2958//2958 3009//3009
f 3009//3009 2958//2958 2957//2957
f 3009//3009 2957//2957 3010//3010
f 3010//3010 2957//2957 2956//2956
f 3010//3010 2956//2956 3011//3011
f 3011//3011 2956//2956 2967//2967
f 3011//3011 2967//2967 3012//3012
f 3012//3012 2967//2967 2966//2966
f 3012//3012 2966//2966 3013//3013
f 3013//3013 2966//2966 2965//2965
f 3013//3013 2965//2965 3014//3014
f 3014//3014 2965//2965 2964//2964
f 3014//3014 2964//2964 3015//3015
f 3015//3015 2964//2964 2963//2963
f 3015//3015 2963//2963 3016//3016
f 3016//3016 2963//2963 2962//2962
f 3016//3016 2962//2962 3017//3017
f 3017//3017 2962//2962 2961//2961
f 3017//3017 2961//2961 3018//3018
f 3018//3018 2961//2961 2960//2960
f 3018//3018 2960//2960 3019//3019
f 3019//3019 2960//2960 2954//2954
f 3019//3019 2954//2954 3020//3020
f 3020//3020 2954//2954 2951//2951
f 3020//3020 2951//2951 2973//2973
f 2973//2973 2951//2951 2952//2952
f 2973//2973 2952//2952 2688//2688
f 2873//2873 2968//2968 2969//2969
f 2969//2969 2968//2968 2974//2974
f 2969//2969 2974//2974 2976//2976
f 2976//2976 2974//2974 3008//3008
f 2976//2976 3008//3008 2978//2978
f 2978//2978 3008//3008 3009//3009
f 2978//2978 3009//3009 2980//2980
f 2980//2980 3009//3009 3010//3010
f 2980//2980 3010//3010 2983//2983
f 2983//2983 3010//3010 3011//3011
f 2983//2983 3011//3011 2981//2981
f 2981//2981 3011//3011 3012//3012
f 2981//2981 3012//3012 2990//2990
f 2990//2990 3012//3012 3013//3013
f 2990//2990 3013//3013 2988//2988
f 2988//2988 3013//3013 3014//3014
f 2988//2988 3014//3014 2986//2986
f 2986//2986 3014//3014 3015//3015
f 2986//2986 3015//3015 2997//2997
f 2997//2997 3015//3015 3016//3016
f 2997//2997 3016//3016 2995//2995
f 2995//2995 3016//3016 3017//3017
f 2995//2995 3017//3017 2993//2993
f 2993//2993 3017//3017 3018//3018
f 2993//2993 3018//3018 3003//3003
f 3003//3003 3018//3018 3019//3019
f 3003//3003 3019//3019 3004//3004
f 3004//3004 3019//3019 3020//3020
f 3004//3004 3020//3020 3006//3006
f 3006//3006 3020//3020 2973//2973
f 3006//3006 2973//2973 2972//2972
f 2972//2972 2973//2973 2676//2676
f 2972//2972 2676//2676 2674//2674
f 2673//2673 2666//2666 2972//2972
f 2972//2972 2666//2666 2971//2971
f 2972//2972 2971//2971 3006//3006
f 3006//3006 2971//2971 3021//3021
f 3006//3006 3021//3021 3007//3007
f 2992//2992 2991//2991 3022//3022
f 2975//2975 3023//3023 2970//2970
f 2970//2970 3023//3023 3024//3024
f 2970//2970 3024//3024 2875//2875
f 2875//2875 3024//3024 3025//3025
f 2568//2568 3025//3025 2569//2569
f 2569//2569 3025//3025 3024//3024
f 2569//2569 3024//3024 2584//2584
f 2584//2584 3024//3024 2585//2585
f 2602//2602 2603//2603 3026//3026
f 3026//3026 2603//2603 2588//2588
f 3026//3026 2588//2588 3024//3024
f 3024//3024 2588//2588 2587//2587
f 3024//3024 2587//2587 2585//2585
f 2623//2623 2596//2596 3027//3027
f 3027//3027 2596//2596 2598//2598
f 3027//3027 2598//2598 3026//3026
f 3026//3026 2598//2598 2600//2600
f 3026//3026 2600//2600 2602//2602
f 2632//2632 3028//3028 2635//2635
f 2635//2635 3028//3028 3029//3029
f 2635//2635 3029//3029 2550//2550
f 2632//2632 2560//2560 3028//3028
f 3028//3028 2560//2560 2559//2559
f 3028//3028 2559//2559 3027//3027
f 3027//3027 2559//2559 2626//2626
f 3027//3027 2626//2626 2623//2623
f 3030//3030 2646//2646 2641//2641
f 3030//3030 2641//2641 3029//3029
f 3029//3029 2641//2641 2551//2551
f 3029//3029 2551//2551 2550//2550
f 2776//2776 2775//2775 3031//3031
f 3031//3031 2775//2775 2781//2781
f 3031//3031 2781//2781 3032//3032
f 3032//3032 2781//2781 2784//2784
f 3032//3032 2784//2784 2787//2787
f 2776//2776 3031//3031 2777//2777
f 2777//2777 3031//3031 3033//3033
f 2777//2777 3033//3033 2778//2778
f 2748//2748 2746//2746 3034//3034
f 3034//3034 2746//2746 2780//2780
f 3034//3034 2780//2780 3033//3033
f 3033//3033 2780//2780 2779//2779
f 3033//3033 2779//2779 2778//2778
f 2736//2736 2734//2734 3035//3035
f 3035//3035 2734//2734 2751//2751
f 3035//3035 2751//2751 3034//3034
f 3034//3034 2751//2751 2750//2750
f 3034//3034 2750//2750 2748//2748
f 3036//3036 2720//2720 2721//2721
f 2721//2721 2723//2723 3036//3036
f 3036//3036 2723//2723 2739//2739
f 3036//3036 2739//2739 3035//3035
f 3035//3035 2739//2739 2738//2738
f 3035//3035 2738//2738 2736//2736
f 2971//2971 3036//3036 3037//3037
f 2719//2719 2720//2720 2832//2832
f 2832//2832 2720//2720 3036//3036
f 2832//2832 3036//3036 2650//2650
f 2650//2650 3036//3036 2971//2971
f 3005//3005 3007//3007 3037//3037
f 3037//3037 3007//3007 3021//3021
f 3037//3037 3021//3021 2971//2971
f 2994//2994 3038//3038 2996//2996
f 2996//2996 3038//3038 3039//3039
f 2996//2996 3039//3039 2998//2998
f 2994//2994 3002//3002 3038//3038
f 3038//3038 3002//3002 3001//3001
f 3038//3038 3001//3001 3037//3037
f 3037//3037 3001//3001 3000//3000
f 3037//3037 3000//3000 3005//3005
f 2991//2991 2989//2989 3022//3022
f 3022//3022 2989//2989 2987//2987
f 3022//3022 2987//2987 3039//3039
f 3039//3039 2987//2987 2999//2999
f 3039//3039 2999//2999 2998//2998
f 2992//2992 3022//3022 2982//2982
f 2982//2982 3022//3022 3040//3040
f 2982//2982 3040//3040 2984//2984
f 2975//2975 2977//2977 3023//3023
f 3023//3023 2977//2977 2979//2979
f 3023//3023 2979//2979 3040//3040
f 3040//3040 2979//2979 2985//2985
f 3040//3040 2985//2985 2984//2984
f 2920//2920 2929//2929 3041//3041
f 2910//2910 2899//2899 3042//3042
f 2896//2896 2893//2893 3043//3043
f 3043//3043 2893//2893 3025//3025
f 3025//3025 2893//2893 2891//2891
f 3025//3025 2891//2891 2889//2889
f 2889//2889 2887//2887 3025//3025
f 3025//3025 2887//2887 2885//2885
f 3025//3025 2885//2885 2875//2875
f 3042//3042 2899//2899 3043//3043
f 3043//3043 2899//2899 2897//2897
f 3043//3043 2897//2897 2896//2896
f 2931//2931 2870//2870 3044//3044
f 3044//3044 2870//2870 2869//2869
f 3044//3044 2869//2869 3042//3042
f 3042//3042 2869//2869 2907//2907
f 3042//3042 2907//2907 2910//2910
f 3041//3041 2929//2929 3044//3044
f 3044//3044 2929//2929 2930//2930
f 3044//3044 2930//2930 2931//2931
f 3045//3045 2916//2916 3041//3041
f 3041//3041 2916//2916 2918//2918
f 3041//3041 2918//2918 2920//2920
f 3046//3046 3045//3045 3047//3047
f 3047//3047 3045//3045 3041//3041
f 3047//3047 3041//3041 3048//3048
f 3048//3048 3041//3041 3044//3044
f 3048//3048 3044//3044 3049//3049
f 3049//3049 3044//3044 3042//3042
f 3049//3049 3042//3042 3050//3050
f 3050//3050 3042//3042 3043//3043
f 3050//3050 3043//3043 2568//2568
f 2568//2568 3043//3043 3025//3025
f 2572//2572 2571//2571 3051//3051
f 2563//2563 2562//2562 3052//3052
f 2574//2574 2576//2576 3053//3053
f 3053//3053 2576//2576 2575//2575
f 3054//3054 3055//3055 3056//3056
f 3056//3056 3055//3055 3057//3057
f 3056//3056 3057//3057 3058//3058
f 3058//3058 3057//3057 3059//3059
f 3060//3060 3061//3061 3059//3059
f 3059//3059 3061//3061 3062//3062
f 3059//3059 3062//3062 3058//3058
f 2575//2575 3063//3063 3053//3053
f 3053//3053 3063//3063 3064//3064
f 3053//3053 3064//3064 3060//3060
f 3060//3060 3064//3064 3065//3065
f 3060//3060 3065//3065 3061//3061
f 2562//2562 2574//2574 3052//3052
f 3052//3052 2574//2574 3053//3053
f 3052//3052 3053//3053 3066//3066
f 3066//3066 3053//3053 3060//3060
f 3066//3066 3060//3060 3067//3067
f 3067//3067 3060//3060 3059//3059
f 3067//3067 3059//3059 3068//3068
f 3068//3068 3059//3059 3057//3057
f 3068//3068 3057//3057 3069//3069
f 3069//3069 3057//3057 3055//3055
f 2571//2571 2563//2563 3051//3051
f 3051//3051 2563//2563 3052//3052
f 3051//3051 3052//3052 3070//3070
f 3070//3070 3052//3052 3066//3066
f 3070//3070 3066//3066 3071//3071
f 3071//3071 3066//3066 3067//3067
f 3071//3071 3067//3067 3072//3072
f 3072//3072 3067//3067 3068//3068
f 3072//3072 3068//3068 3073//3073
f 3073//3073 3068//3068 3069//3069
f 3074//3074 2566//2566 2565//2565
f 2565//2565 2572//2572 3074//3074
f 3074//3074 2572//2572 3051//3051
f 3074//3074 3051//3051 3075//3075
f 3075//3075 3051//3051 3070//3070
f 3075//3075 3070//3070 3076//3076
f 3076//3076 3070//3070 3071//3071
f 3076//3076 3071//3071 3077//3077
f 3077//3077 3071//3071 3072//3072
f 3077//3077 3072//3072 3078//3078
f 3078//3078 3072//3072 3073//3073
f 2568//2568 2566//2566 3050//3050
f 3050//3050 2566//2566 3074//3074
f 3050//3050 3074//3074 3049//3049
f 3049//3049 3074//3074 3075//3075
f 3049//3049 3075//3075 3048//3048
f 3048//3048 3075//3075 3076//3076
f 3048//3048 3076//3076 3047//3047
f 3047//3047 3076//3076 3077//3077
f 3047//3047 3077//3077 3046//3046
f 3046//3046 3077//3077 3078//3078
f 3079//3079 3080//3080 3081//3081
f 3082//3082 3083//3083 3084//3084
f 2127//2127 2131//2131 3085//3085
f 3086//3086 2128//2128 2127//2127
f 2126//2126 2124//2124 3087//3087
f 3087//3087 2124//2124 2123//2123
f 2120//2120 2122//2122 3088//3088
f 3088//3088 2122//2122 2126//2126
f 3088//3088 3089//3089 3090//3090
f 2005//2005 2120//2120 3091//3091
f 3091//3091 2120//2120 3088//3088
f 3091//3091 3088//3088 3092//3092
f 3092//3092 3088//3088 3090//3090
f 3084//3084 3083//3083 3093//3093
f 3083//3083 3094//3094 3093//3093
f 3093//3093 3094//3094 3095//3095
f 3093//3093 3095//3095 3089//3089
f 3089//3089 3095//3095 3096//3096
f 3089//3089 3096//3096 3090//3090
f 3082//3082 3084//3084 3097//3097
f 3097//3097 3084//3084 3098//3098
f 3097//3097 3098//3098 3099//3099
f 3099//3099 3098//3098 3100//3100
f 3099//3099 3100//3100 3101//3101
f 3101//3101 3100//3100 3102//3102
f 3101//3101 3102//3102 3103//3103
f 3103//3103 3102//3102 3104//3104
f 3104//3104 3102//3102 3105//3105
f 3104//3104 3105//3105 3106//3106
f 3107//3107 3108//3108 3109//3109
f 3109//3109 3108//3108 3110//3110
f 3109//3109 3110//3110 3111//3111
f 3111//3111 3110//3110 3112//3112
f 3111//3111 3112//3112 3105//3105
f 3105//3105 3112//3112 3113//3113
f 3105//3105 3113//3113 3106//3106
f 3114//3114 3115//3115 3116//3116
f 3116//3116 3115//3115 3117//3117
f 3116//3116 3117//3117 3107//3107
f 3107//3107 3117//3117 3118//3118
f 3107//3107 3118//3118 3108//3108
f 3114//3114 3116//3116 3119//3119
f 3119//3119 3116//3116 3120//3120
f 3119//3119 3120//3120 3121//3121
f 3121//3121 3120//3120 3122//3122
f 3121//3121 3122//3122 3123//3123
f 3123//3123 3122//3122 3124//3124
f 3124//3124 3122//3122 3125//3125
f 3124//3124 3125//3125 3126//3126
f 3126//3126 3125//3125 3127//3127
f 3127//3127 3125//3125 3128//3128
f 3127//3127 3128//3128 3129//3129
f 3129//3129 3128//3128 3130//3130
f 3129//3129 3130//3130 3131//3131
f 3081//3081 3080//3080 3130//3130
f 3130//3130 3080//3080 3132//3132
f 3130//3130 3132//3132 3131//3131
f 3079//3079 3081//3081 3133//3133
f 3133//3133 3081//3081 3134//3134
f 3133//3133 3134//3134 3135//3135
f 3135//3135 3134//3134 3136//3136
f 3135//3135 3136//3136 3137//3137
f 3137//3137 3136//3136 3138//3138
f 3138//3138 3136//3136 3139//3139
f 3138//3138 3139//3139 3140//3140
f 3140//3140 3139//3139 3141//3141
f 3141//3141 3139//3139 3142//3142
f 3141//3141 3142//3142 3143//3143
f 3143//3143 3142//3142 3144//3144
f 3144//3144 3142//3142 3145//3145
f 3144//3144 3145//3145 3146//3146
f 3146//3146 3145//3145 3147//3147
f 3147//3147 3145//3145 3148//3148
f 3147//3147 3148//3148 3149//3149
f 2127//2127 3085//3085 3086//3086
f 3086//3086 3085//3085 3150//3150
f 3086//3086 3150//3150 3151//3151
f 3151//3151 3150//3150 3152//3152
f 3151//3151 3152//3152 3153//3153
f 3153//3153 3152//3152 3154//3154
f 3153//3153 3154//3154 3155//3155
f 3155//3155 3154//3154 3156//3156
f 3155//3155 3156//3156 3157//3157
f 3157//3157 3156//3156 3158//3158
f 3157//3157 3158//3158 3159//3159
f 3159//3159 3158//3158 3160//3160
f 3159//3159 3160//3160 3161//3161
f 3161//3161 3160//3160 3162//3162
f 3161//3161 3162//3162 3163//3163
f 3163//3163 3162//3162 3164//3164
f 3163//3163 3164//3164 3165//3165
f 3165//3165 3164//3164 3166//3166
f 3165//3165 3166//3166 3167//3167
f 3167//3167 3166//3166 3168//3168
f 3167//3167 3168//3168 3169//3169
f 3169//3169 3168//3168 3170//3170
f 3169//3169 3170//3170 3171//3171
f 3171//3171 3170//3170 3172//3172
f 3171//3171 3172//3172 3173//3173
f 3173//3173 3172//3172 3174//3174
f 3173//3173 3174//3174 3175//3175
f 3175//3175 3174//3174 3176//3176
f 3175//3175 3176//3176 3177//3177
f 3177//3177 3176//3176 3178//3178
f 3177//3177 3178//3178 3179//3179
f 3179//3179 3178//3178 3180//3180
f 3179//3179 3180//3180 3181//3181
f 3181//3181 3180//3180 3182//3182
f 3181//3181 3182//3182 3183//3183
f 3183//3183 3182//3182 3184//3184
f 3183//3183 3184//3184 3185//3185
f 3185//3185 3184//3184 3186//3186
f 3185//3185 3186//3186 3187//3187
f 3187//3187 3186//3186 3188//3188
f 3187//3187 3188//3188 3189//3189
f 3189//3189 3188//3188 3190//3190
f 3189//3189 3190//3190 3191//3191
f 3191//3191 3190//3190 3192//3192
f 3191//3191 3192//3192 3193//3193
f 3193//3193 3192//3192 3194//3194
f 3193//3193 3194//3194 3195//3195
f 3195//3195 3194//3194 3196//3196
f 3195//3195 3196//3196 3197//3197
f 2126//2126 3087//3087 3088//3088
f 3088//3088 3087//3087 3198//3198
f 3088//3088 3198//3198 3089//3089
f 3089//3089 3198//3198 3199//3199
f 3089//3089 3199//3199 3093//3093
f 3093//3093 3199//3199 3200//3200
f 3093//3093 3200//3200 3084//3084
f 3084//3084 3200//3200 3201//3201
f 3084//3084 3201//3201 3098//3098
f 3098//3098 3201//3201 3202//3202
f 3098//3098 3202//3202 3100//3100
f 3100//3100 3202//3202 3203//3203
f 3100//3100 3203//3203 3102//3102
f 3102//3102 3203//3203 3204//3204
f 3102//3102 3204//3204 3105//3105
f 3105//3105 3204//3204 3205//3205
f 3105//3105 3205//3205 3111//3111
f 3111//3111 3205//3205 3206//3206
f 3111//3111 3206//3206 3109//3109
f 3109//3109 3206//3206 3207//3207
f 3109//3109 3207//3207 3107//3107
f 3107//3107 3207//3207 3208//3208
f 3107//3107 3208//3208 3116//3116
f 3116//3116 3208//3208 3209//3209
f 3116//3116 3209//3209 3120//3120
f 3120//3120 3209//3209 3210//3210
f 3120//3120 3210//3210 3122//3122
f 3122//3122 3210//3210 3211//3211
f 3122//3122 3211//3211 3125//3125
f 3125//3125 3211//3211 3212//3212
f 3125//3125 3212//3212 3128//3128
f 3128//3128 3212//3212 3213//3213
f 3128//3128 3213//3213 3130//3130
f 3130//3130 3213//3213 3214//3214
f 3130//3130 3214//3214 3081//3081
f 3081//3081 3214//3214 3215//3215
f 3081//3081 3215//3215 3134//3134
f 3134//3134 3215//3215 3216//3216
f 3134//3134 3216//3216 3136//3136
f 3136//3136 3216//3216 3217//3217
f 3136//3136 3217//3217 3139//3139
f 3139//3139 3217//3217 3218//3218
f 3139//3139 3218//3218 3142//3142
f 3142//3142 3218//3218 3219//3219
f 3142//3142 3219//3219 3145//3145
f 3145//3145 3219//3219 3220//3220
f 3145//3145 3220//3220 3148//3148
f 3148//3148 3220//3220 3221//3221
f 3148//3148 3221//3221 3222//3222
f 3196//3196 3054//3054 3056//3056
f 3196//3196 3056//3056 3197//3197
f 3197//3197 3056//3056 3058//3058
f 3197//3197 3058//3058 3062//3062
f 3062//3062 3221//3221 3197//3197
f 3197//3197 3221//3221 3220//3220
f 3197//3197 3220//3220 3195//3195
f 3195//3195 3220//3220 3219//3219
f 3195//3195 3219//3219 3193//3193
f 3193//3193 3219//3219 3218//3218
f 3193//3193 3218//3218 3191//3191
f 3191//3191 3218//3218 3217//3217
f 3191//3191 3217//3217 3189//3189
f 3189//3189 3217//3217 3216//3216
f 3189//3189 3216//3216 3187//3187
f 3187//3187 3216//3216 3215//3215
f 3187//3187 3215//3215 3185//3185
f 3185//3185 3215//3215 3214//3214
f 3185//3185 3214//3214 3183//3183
f 3183//3183 3214//3214 3213//3213
f 3183//3183 3213//3213 3181//3181
f 3181//3181 3213//3213 3212//3212
f 3181//3181 3212//3212 3179//3179
f 3179//3179 3212//3212 3211//3211
f 3179//3179 3211//3211 3177//3177
f 3177//3177 3211//3211 3210//3210
f 3177//3177 3210//3210 3175//3175
f 3175//3175 3210//3210 3209//3209
f 3175//3175 3209//3209 3173//3173
f 3173//3173 3209//3209 3208//3208
f 3173//3173 3208//3208 3171//3171
f 3171//3171 3208//3208 3207//3207
f 3171//3171 3207//3207 3169//3169
f 3169//3169 3207//3207 3206//3206
f 3169//3169 3206//3206 3167//3167
f 3167//3167 3206//3206 3205//3205
f 3167//3167 3205//3205 3165//3165
f 3165//3165 3205//3205 3204//3204
f 3165//3165 3204//3204 3163//3163
f 3163//3163 3204//3204 3203//3203
f 3163//3163 3203//3203 3161//3161
f 3161//3161 3203//3203 3202//3202
f 3161//3161 3202//3202 3159//3159
f 3159//3159 3202//3202 3201//3201
f 3159//3159 3201//3201 3157//3157
f 3157//3157 3201//3201 3200//3200
f 3157//3157 3200//3200 3155//3155
f 3155//3155 3200//3200 3199//3199
f 3155//3155 3199//3199 3153//3153
f 3153//3153 3199//3199 3198//3198
f 3153//3153 3198//3198 3151//3151
f 3151//3151 3198//3198 3087//3087
f 3151//3151 3087//3087 3086//3086
f 3086//3086 3087//3087 2123//2123
f 3086//3086 2123//2123 2128//2128
f 3062//3062 3061//3061 3221//3221
f 3221//3221 3061//3061 3065//3065
f 3221//3221 3065//3065 3222//3222
f 3222//3222 3065//3065 3064//3064
f 3222//3222 3064//3064 3063//3063
f 3149//3149 3148//3148 3223//3223
f 3223//3223 3148//3148 3222//3222
f 3223//3223 3222//3222 3224//3224
f 3224//3224 3222//3222 3063//3063
f 3224//3224 3063//3063 2575//2575
f 3225//3225 2002//2002 2116//2116
f 2554//2554 2553//2553 3226//3226
f 3226//3226 2553//2553 2628//2628
f 3226//3226 2628//2628 3227//3227
f 3227//3227 2628//2628 2548//2548
f 3227//3227 2548//2548 3228//3228
f 3228//3228 2548//2548 2547//2547
f 3228//3228 2547//2547 3229//3229
f 3229//3229 2547//2547 2545//2545
f 3229//3229 2545//2545 3230//3230
f 3230//3230 2545//2545 2544//2544
f 3230//3230 2544//2544 3231//3231
f 3231//3231 2544//2544 2637//2637
f 3231//3231 2637//2637 2116//2116
f 2116//2116 2637//2637 2642//2642
f 2116//2116 2642//2642 3225//3225
f 3226//3226 3232//3232 2554//2554
f 2554//2554 3232//3232 3233//3233
f 2554//2554 3233//3233 2556//2556
f 2556//2556 3233//3233 2557//2557
f 3233//3233 3234//3234 2557//2557
f 2557//2557 3234//3234 3235//3235
f 2557//2557 3235//3235 2619//2619
f 2619//2619 3235//3235 3236//3236
f 2619//2619 3236//3236 2613//2613
f 2616//2616 2615//2615 3237//3237
f 3237//3237 2615//2615 2614//2614
f 2613//2613 3236//3236 2614//2614
f 2614//2614 3236//3236 3238//3238
f 2614//2614 3238//3238 3237//3237
f 3239//3239 2618//2618 2617//2617
f 2616//2616 3237//3237 2617//2617
f 2617//2617 3237//3237 3240//3240
f 2617//2617 3240//3240 3239//3239
f 2595//2595 3241//3241 2593//2593
f 2593//2593 3241//3241 2591//2591
f 2618//2618 3239//3239 2595//2595
f 2595//2595 3239//3239 3242//3242
f 2595//2595 3242//3242 3241//3241
f 2579//2579 2581//2581 3243//3243
f 3243//3243 2581//2581 2583//2583
f 2591//2591 3241//3241 2583//2583
f 2583//2583 3241//3241 3244//3244
f 2583//2583 3244//3244 3243//3243
f 3245//3245 2577//2577 2578//2578
f 2579//2579 3243//3243 2578//2578
f 2578//2578 3243//3243 3246//3246
f 2578//2578 3246//3246 3245//3245
f 2577//2577 3245//3245 2575//2575
f 2575//2575 3245//3245 3247//3247
f 2575//2575 3247//3247 3224//3224
f 3224//3224 3247//3247 3248//3248
f 3224//3224 3248//3248 3223//3223
f 3223//3223 3248//3248 3249//3249
f 3223//3223 3249//3249 3149//3149
f 3149//3149 3249//3249 3250//3250
f 3149//3149 3250//3250 3147//3147
f 3147//3147 3250//3250 3146//3146
f 3146//3146 3250//3250 3251//3251
f 3146//3146 3251//3251 3144//3144
f 3251//3251 3252//3252 3144//3144
f 3144//3144 3252//3252 3253//3253
f 3144//3144 3253//3253 3143//3143
f 3143//3143 3253//3253 3254//3254
f 3143//3143 3254//3254 3141//3141
f 3141//3141 3254//3254 3255//3255
f 3141//3141 3255//3255 3140//3140
f 3140//3140 3255//3255 3256//3256
f 3140//3140 3256//3256 3138//3138
f 3138//3138 3256//3256 3257//3257
f 3138//3138 3257//3257 3137//3137
f 3137//3137 3257//3257 3258//3258
f 3137//3137 3258//3258 3135//3135
f 3135//3135 3258//3258 3259//3259
f 3135//3135 3259//3259 3133//3133
f 3133//3133 3259//3259 3260//3260
f 3133//3133 3260//3260 3079//3079
f 3079//3079 3260//3260 3261//3261
f 3079//3079 3261//3261 3080//3080
f 3080//3080 3261//3261 3262//3262
f 3080//3080 3262//3262 3132//3132
f 3132//3132 3262//3262 3263//3263
f 3132//3132 3263//3263 3131//3131
f 3131//3131 3263//3263 3264//3264
f 3131//3131 3264//3264 3129//3129
f 3129//3129 3264//3264 3265//3265
f 3129//3129 3265//3265 3127//3127
f 3127//3127 3265//3265 3266//3266
f 3127//3127 3266//3266 3126//3126
f 3126//3126 3266//3266 3267//3267
f 3126//3126 3267//3267 3124//3124
f 3124//3124 3267//3267 3268//3268
f 3124//3124 3268//3268 3123//3123
f 3123//3123 3268//3268 3269//3269
f 3123//3123 3269//3269 3121//3121
f 3121//3121 3269//3269 3270//3270
f 3121//3121 3270//3270 3119//3119
f 3119//3119 3270//3270 3271//3271
f 3119//3119 3271//3271 3114//3114
f 3114//3114 3271//3271 3272//3272
f 3114//3114 3272//3272 3115//3115
f 3115//3115 3272//3272 3273//3273
f 3115//3115 3273//3273 3117//3117
f 3117//3117 3273//3273 3274//3274
f 3117//3117 3274//3274 3118//3118
f 3118//3118 3274//3274 3275//3275
f 3118//3118 3275//3275 3108//3108
f 3108//3108 3275//3275 3276//3276
f 3108//3108 3276//3276 3110//3110
f 3110//3110 3276//3276 3277//3277
f 3110//3110 3277//3277 3112//3112
f 3112//3112 3277//3277 3278//3278
f 3112//3112 3278//3278 3113//3113
f 3113//3113 3278//3278 3279//3279
f 3113//3113 3279//3279 3106//3106
f 3106//3106 3279//3279 3280//3280
f 3106//3106 3280//3280 3104//3104
f 3104//3104 3280//3280 3281//3281
f 3104//3104 3281//3281 3103//3103
f 3103//3103 3281//3281 3282//3282
f 2006//2006 2005//2005 3283//3283
f 3283//3283 2005//2005 3091//3091
f 3283//3283 3091//3091 3284//3284
f 3284//3284 3091//3091 3092//3092
f 3284//3284 3092//3092 3285//3285
f 3285//3285 3092//3092 3090//3090
f 3285//3285 3090//3090 3286//3286
f 3286//3286 3090//3090 3096//3096
f 3286//3286 3096//3096 3287//3287
f 3287//3287 3096//3096 3095//3095
f 3287//3287 3095//3095 3288//3288
f 3288//3288 3095//3095 3094//3094
f 3288//3288 3094//3094 3289//3289
f 3289//3289 3094//3094 3083//3083
f 3289//3289 3083//3083 3290//3290
f 3290//3290 3083//3083 3082//3082
f 3290//3290 3082//3082 3291//3291
f 3291//3291 3082//3082 3097//3097
f 3291//3291 3097//3097 3292//3292
f 3292//3292 3097//3097 3099//3099
f 3292//3292 3099//3099 3282//3282
f 3282//3282 3099//3099 3101//3101
f 3282//3282 3101//3101 3103//3103
f 1992//1992 1991//1991 3293//3293
f 2002//2002 3225//3225 3294//3294
f 3294//3294 3225//3225 3295//3295
f 3294//3294 3295//3295 3296//3296
f 3296//3296 3295//3295 3297//3297
f 3297//3297 3295//3295 3298//3298
f 3298//3298 3295//3295 3299//3299
f 3298//3298 3299//3299 3300//3300
f 3293//3293 1991//1991 3299//3299
f 3299//3299 1991//1991 3301//3301
f 3299//3299 3301//3301 3300//3300
f 1992//1992 3293//3293 3302//3302
f 3302//3302 3293//3293 3303//3303
f 3302//3302 3303//3303 1988//1988
f 2646//2646 3303//3303 2645//2645
f 2645//2645 3303//3303 3293//3293
f 2645//2645 3293//3293 2644//2644
f 2644//2644 3293//3293 3299//3299
f 2644//2644 3299//3299 2643//2643
f 2643//2643 3299//3299 3295//3295
f 2643//2643 3295//3295 2642//2642
f 2642//2642 3295//3295 3225//3225
f 1987//1987 1988//1988 3030//3030
f 3030//3030 1988//1988 3303//3303
f 3030//3030 3303//3303 2646//2646
f 3304//3304 1723//1723 1713//1713
f 3305//3305 3306//3306 3307//3307
f 3307//3307 3306//3306 3308//3308
f 3309//3309 3310//3310 3306//3306
f 3311//3311 3312//3312 1713//1713
f 1713//1713 3312//3312 3313//3313
f 3313//3313 3314//3314 1713//1713
f 1713//1713 3314//3314 3315//3315
f 1713//1713 3315//3315 3316//3316
f 3316//3316 3317//3317 1713//1713
f 1713//1713 3317//3317 3318//3318
f 1713//1713 3318//3318 3304//3304
f 3310//3310 3319//3319 3306//3306
f 3306//3306 3319//3319 3320//3320
f 3306//3306 3320//3320 3308//3308
f 3321//3321 3322//3322 1713//1713
f 3323//3323 3324//3324 3306//3306
f 3306//3306 3324//3324 3325//3325
f 3326//3326 3327//3327 3307//3307
f 3328//3328 3307//3307 3329//3329
f 3329//3329 3307//3307 3330//3330
f 3328//3328 3331//3331 3307//3307
f 3307//3307 3331//3331 3332//3332
f 3307//3307 3332//3332 3333//3333
f 3333//3333 3334//3334 3307//3307
f 3307//3307 3334//3334 3335//3335
f 3307//3307 3335//3335 3336//3336
f 3336//3336 3337//3337 3307//3307
f 3307//3307 3337//3337 3338//3338
f 3307//3307 3338//3338 3305//3305
f 3322//3322 3339//3339 1713//1713
f 1713//1713 3339//3339 3340//3340
f 1713//1713 3340//3340 3311//3311
f 3325//3325 3341//3341 3306//3306
f 3306//3306 3341//3341 3342//3342
f 3306//3306 3342//3342 3343//3343
f 3343//3343 3344//3344 3306//3306
f 3306//3306 3344//3344 3345//3345
f 3306//3306 3345//3345 3346//3346
f 3346//3346 3347//3347 3306//3306
f 3306//3306 3347//3347 3348//3348
f 3306//3306 3348//3348 3309//3309
f 3349//3349 3350//3350 3351//3351
f 3351//3351 3350//3350 3352//3352
f 3351//3351 3352//3352 3353//3353
f 3323//3323 3306//3306 1713//1713
f 1713//1713 3306//3306 3354//3354
f 1713//1713 3354//3354 3321//3321
f 3326//3326 3307//3307 3352//3352
f 3352//3352 3307//3307 3355//3355
f 3352//3352 3355//3355 3356//3356
f 3327//3327 3357//3357 3307//3307
f 3307//3307 3357//3357 3358//3358
f 3307//3307 3358//3358 3330//3330
f 3359//3359 3360//3360 3352//3352
f 3352//3352 3360//3360 3361//3361
f 3352//3352 3361//3361 3353//3353
f 3351//3351 3362//3362 3349//3349
f 3349//3349 3362//3362 3363//3363
f 3349//3349 3363//3363 3364//3364
f 3364//3364 3363//3363 3365//3365
f 3356//3356 3366//3366 3352//3352
f 3352//3352 3366//3366 3367//3367
f 3352//3352 3367//3367 3359//3359
f 3368//3368 3365//3365 3369//3369
f 3369//3369 3365//3365 3363//3363
f 3369//3369 3363//3363 3370//3370
f 3370//3370 3363//3363 3371//3371
f 1846//1846 1723//1723 3372//3372
f 3372//3372 1723//1723 3304//3304
f 3372//3372 3304//3304 3373//3373
f 3373//3373 3304//3304 3318//3318
f 3373//3373 3318//3318 3374//3374
f 3374//3374 3318//3318 3317//3317
f 3374//3374 3317//3317 3375//3375
f 3375//3375 3317//3317 3316//3316
f 3375//3375 3316//3316 3376//3376
f 3376//3376 3316//3316 3315//3315
f 3376//3376 3315//3315 3377//3377
f 3377//3377 3315//3315 3378//3378
f 3378//3378 3315//3315 3314//3314
f 3378//3378 3314//3314 3379//3379
f 3379//3379 3314//3314 3313//3313
f 3379//3379 3313//3313 3380//3380
f 3380//3380 3313//3313 3312//3312
f 3380//3380 3312//3312 3381//3381
f 3381//3381 3312//3312 3311//3311
f 3381//3381 3311//3311 3382//3382
f 3382//3382 3311//3311 3340//3340
f 3382//3382 3340//3340 3383//3383
f 3383//3383 3340//3340 3339//3339
f 3383//3383 3339//3339 3384//3384
f 3339//3339 3322//3322 3384//3384
f 3384//3384 3322//3322 3321//3321
f 3384//3384 3321//3321 3385//3385
f 3385//3385 3321//3321 3354//3354
f 3385//3385 3354//3354 3386//3386
f 3386//3386 3354//3354 3306//3306
f 3386//3386 3306//3306 3387//3387
f 3387//3387 3306//3306 3305//3305
f 3387//3387 3305//3305 3388//3388
f 3388//3388 3305//3305 3338//3338
f 3388//3388 3338//3338 3389//3389
f 3389//3389 3338//3338 3337//3337
f 3389//3389 3337//3337 3390//3390
f 3390//3390 3337//3337 3391//3391
f 3391//3391 3337//3337 3336//3336
f 3391//3391 3336//3336 3392//3392
f 3392//3392 3336//3336 3335//3335
f 3392//3392 3335//3335 3393//3393
f 3393//3393 3335//3335 3334//3334
f 3393//3393 3334//3334 3394//3394
f 3394//3394 3334//3334 3333//3333
f 3394//3394 3333//3333 3395//3395
f 3395//3395 3333//3333 3332//3332
f 3395//3395 3332//3332 3396//3396
f 3396//3396 3332//3332 3331//3331
f 3396//3396 3331//3331 3397//3397
f 3397//3397 3331//3331 3328//3328
f 3397//3397 3328//3328 3398//3398
f 3398//3398 3328//3328 3329//3329
f 3398//3398 3329//3329 3399//3399
f 3399//3399 3329//3329 3330//3330
f 3399//3399 3330//3330 3400//3400
f 3400//3400 3330//3330 3358//3358
f 3400//3400 3358//3358 3401//3401
f 3401//3401 3358//3358 3357//3357
f 3401//3401 3357//3357 3402//3402
f 3402//3402 3357//3357 3327//3327
f 3402//3402 3327//3327 3403//3403
f 3403//3403 3327//3327 3326//3326
f 3403//3403 3326//3326 3404//3404
f 3404//3404 3326//3326 3352//3352
f 3404//3404 3352//3352 3405//3405
f 3405//3405 3352//3352 3350//3350
f 3405//3405 3350//3350 3406//3406
f 3406//3406 3350//3350 3349//3349
f 3406//3406 3349//3349 3407//3407
f 3407//3407 3349//3349 3364//3364
f 3407//3407 3364//3364 3408//3408
f 3408//3408 3364//3364 3365//3365
f 3408//3408 3365//3365 3409//3409
f 3409//3409 3365//3365 3368//3368
f 3409//3409 3368//3368 3410//3410
f 3410//3410 3368//3368 3369//3369
f 3410//3410 3369//3369 3411//3411
f 3411//3411 3369//3369 3370//3370
f 3411//3411 3370//3370 3412//3412
f 3370//3370 3371//3371 3412//3412
f 3412//3412 3371//3371 3363//3363
f 3412//3412 3363//3363 3413//3413
f 3413//3413 3363//3363 3362//3362
f 3413//3413 3362//3362 3414//3414
f 3414//3414 3362//3362 3415//3415
f 3415//3415 3362//3362 3351//3351
f 3415//3415 3351//3351 3416//3416
f 3416//3416 3351//3351 3353//3353
f 3416//3416 3353//3353 3417//3417
f 3353//3353 3361//3361 3417//3417
f 3417//3417 3361//3361 3360//3360
f 3417//3417 3360//3360 3418//3418
f 3418//3418 3360//3360 3359//3359
f 3418//3418 3359//3359 3419//3419
f 3419//3419 3359//3359 3367//3367
f 3419//3419 3367//3367 3420//3420
f 3420//3420 3367//3367 3366//3366
f 3420//3420 3366//3366 3421//3421
f 3421//3421 3366//3366 3356//3356
f 3421//3421 3356//3356 3422//3422
f 3422//3422 3356//3356 3355//3355
f 3422//3422 3355//3355 3423//3423
f 3423//3423 3355//3355 3307//3307
f 3423//3423 3307//3307 3424//3424
f 3424//3424 3307//3307 3308//3308
f 3424//3424 3308//3308 3425//3425
f 3425//3425 3308//3308 3320//3320
f 3425//3425 3320//3320 3426//3426
f 3426//3426 3320//3320 3319//3319
f 3426//3426 3319//3319 3427//3427
f 3427//3427 3319//3319 3310//3310
f 3427//3427 3310//3310 3428//3428
f 3428//3428 3310//3310 3429//3429
f 3429//3429 3310//3310 3309//3309
f 3429//3429 3309//3309 3430//3430
f 3430//3430 3309//3309 3348//3348
f 3430//3430 3348//3348 3431//3431
f 3431//3431 3348//3348 3347//3347
f 3431//3431 3347//3347 3432//3432
f 3432//3432 3347//3347 3346//3346
f 3432//3432 3346//3346 3433//3433
f 3433//3433 3346//3346 3345//3345
f 3433//3433 3345//3345 3434//3434
f 3434//3434 3345//3345 3344//3344
f 3434//3434 3344//3344 3435//3435
f 1713//1713 1781//1781 3323//3323
f 3323//3323 1781//1781 3436//3436
f 3323//3323 3436//3436 3324//3324
f 3324//3324 3436//3436 3437//3437
f 3324//3324 3437//3437 3325//3325
f 3325//3325 3437//3437 3438//3438
f 3325//3325 3438//3438 3341//3341
f 3341//3341 3438//3438 3439//3439
f 3341//3341 3439//3439 3342//3342
f 3342//3342 3439//3439 3435//3435
f 3342//3342 3435//3435 3343//3343
f 3343//3343 3435//3435 3344//3344
f 3440//3440 3428//3428 3441//3441
f 3441//3441 3428//3428 3429//3429
f 3441//3441 3429//3429 3442//3442
f 3442//3442 3429//3429 3430//3430
f 3442//3442 3430//3430 3443//3443
f 3443//3443 3430//3430 3431//3431
f 3443//3443 3431//3431 3444//3444
f 3444//3444 3431//3431 3445//3445
f 3445//3445 3431//3431 3432//3432
f 3445//3445 3432//3432 3446//3446
f 1887//1887 1846//1846 3447//3447
f 3447//3447 1846//1846 3372//3372
f 3447//3447 3372//3372 3448//3448
f 3448//3448 3372//3372 3373//3373
f 3448//3448 3373//3373 3449//3449
f 3449//3449 3373//3373 3374//3374
f 3449//3449 3374//3374 3450//3450
f 3450//3450 3374//3374 3375//3375
f 3450//3450 3375//3375 3451//3451
f 3375//3375 3376//3376 3451//3451
f 3451//3451 3376//3376 3377//3377
f 3451//3451 3377//3377 3452//3452
f 3452//3452 3377//3377 3378//3378
f 3452//3452 3378//3378 3453//3453
f 3453//3453 3378//3378 3379//3379
f 3453//3453 3379//3379 3454//3454
f 3454//3454 3379//3379 3380//3380
f 3454//3454 3380//3380 3455//3455
f 3455//3455 3380//3380 3381//3381
f 3455//3455 3381//3381 3456//3456
f 3456//3456 3381//3381 3382//3382
f 3456//3456 3382//3382 3457//3457
f 3457//3457 3382//3382 3383//3383
f 3457//3457 3383//3383 3458//3458
f 3458//3458 3383//3383 3384//3384
f 3458//3458 3384//3384 3459//3459
f 3459//3459 3384//3384 3460//3460
f 3418//3418 3419//3419 3461//3461
f 3461//3461 3419//3419 3462//3462
f 3462//3462 3419//3419 3420//3420
f 3462//3462 3420//3420 3463//3463
f 3463//3463 3420//3420 3421//3421
f 3463//3463 3421//3421 3464//3464
f 3464//3464 3421//3421 3422//3422
f 3464//3464 3422//3422 3465//3465
f 3465//3465 3422//3422 3423//3423
f 3465//3465 3423//3423 3466//3466
f 3466//3466 3423//3423 3424//3424
f 3466//3466 3424//3424 3467//3467
f 3467//3467 3424//3424 3425//3425
f 3467//3467 3425//3425 3468//3468
f 3468//3468 3425//3425 3426//3426
f 3468//3468 3426//3426 3440//3440
f 3440//3440 3426//3426 3427//3427
f 3440//3440 3427//3427 3428//3428
f 3432//3432 3433//3433 3446//3446
f 3446//3446 3433//3433 3434//3434
f 3446//3446 3434//3434 3469//3469
f 3469//3469 3434//3434 3435//3435
f 3469//3469 3435//3435 3470//3470
f 3470//3470 3435//3435 3439//3439
f 3470//3470 3439//3439 3471//3471
f 3471//3471 3439//3439 3438//3438
f 3471//3471 3438//3438 3472//3472
f 3472//3472 3438//3438 3437//3437
f 3472//3472 3437//3437 3473//3473
f 3473//3473 3437//3437 3436//3436
f 3473//3473 3436//3436 3474//3474
f 3474//3474 3436//3436 1781//1781
f 3474//3474 1781//1781 1858//1858
f 3461//3461 3475//3475 3418//3418
f 3418//3418 3475//3475 3476//3476
f 3418//3418 3476//3476 3417//3417
f 3417//3417 3476//3476 3477//3477
f 3417//3417 3477//3477 3416//3416
f 3416//3416 3477//3477 3478//3478
f 3416//3416 3478//3478 3415//3415
f 3415//3415 3478//3478 3479//3479
f 3415//3415 3479//3479 3414//3414
f 3414//3414 3479//3479 3480//3480
f 3414//3414 3480//3480 3413//3413
f 3413//3413 3480//3480 3481//3481
f 3413//3413 3481//3481 3412//3412
f 3412//3412 3481//3481 3482//3482
f 3412//3412 3482//3482 3411//3411
f 3411//3411 3482//3482 3483//3483
f 3411//3411 3483//3483 3410//3410
f 3410//3410 3483//3483 3484//3484
f 3410//3410 3484//3484 3409//3409
f 3409//3409 3484//3484 3485//3485
f 3409//3409 3485//3485 3408//3408
f 3408//3408 3485//3485 3486//3486
f 3408//3408 3486//3486 3407//3407
f 3407//3407 3486//3486 3487//3487
f 3407//3407 3487//3487 3406//3406
f 3406//3406 3487//3487 3488//3488
f 3406//3406 3488//3488 3405//3405
f 3405//3405 3488//3488 3489//3489
f 3405//3405 3489//3489 3404//3404
f 3404//3404 3489//3489 3490//3490
f 3404//3404 3490//3490 3403//3403
f 3403//3403 3490//3490 3491//3491
f 3403//3403 3491//3491 3402//3402
f 3402//3402 3491//3491 3492//3492
f 3402//3402 3492//3492 3401//3401
f 3401//3401 3492//3492 3493//3493
f 3401//3401 3493//3493 3400//3400
f 3400//3400 3493//3493 3494//3494
f 3400//3400 3494//3494 3399//3399
f 3399//3399 3494//3494 3495//3495
f 3399//3399 3495//3495 3398//3398
f 3398//3398 3495//3495 3496//3496
f 3398//3398 3496//3496 3397//3397
f 3397//3397 3496//3496 3497//3497
f 3397//3397 3497//3497 3396//3396
f 3396//3396 3497//3497 3498//3498
f 3396//3396 3498//3498 3395//3395
f 3395//3395 3498//3498 3499//3499
f 3395//3395 3499//3499 3394//3394
f 3394//3394 3499//3499 3500//3500
f 3394//3394 3500//3500 3393//3393
f 3393//3393 3500//3500 3501//3501
f 3393//3393 3501//3501 3392//3392
f 3392//3392 3501//3501 3502//3502
f 3392//3392 3502//3502 3391//3391
f 3391//3391 3502//3502 3503//3503
f 3391//3391 3503//3503 3390//3390
f 3390//3390 3503//3503 3504//3504
f 3390//3390 3504//3504 3389//3389
f 3389//3389 3504//3504 3505//3505
f 3389//3389 3505//3505 3388//3388
f 3388//3388 3505//3505 3506//3506
f 3388//3388 3506//3506 3387//3387
f 3387//3387 3506//3506 3507//3507
f 3387//3387 3507//3507 3386//3386
f 3386//3386 3507//3507 3460//3460
f 3386//3386 3460//3460 3385//3385
f 3385//3385 3460//3460 3384//3384
f 3508//3508 3509//3509 3444//3444
f 3510//3510 3511//3511 3461//3461
f 1969//1969 1887//1887 3512//3512
f 3512//3512 1887//1887 3447//3447
f 3512//3512 3447//3447 3513//3513
f 3513//3513 3447//3447 3448//3448
f 3513//3513 3448//3448 3514//3514
f 3514//3514 3448//3448 3449//3449
f 3514//3514 3449//3449 3515//3515
f 3515//3515 3449//3449 3450//3450
f 3515//3515 3450//3450 3516//3516
f 3516//3516 3450//3450 3451//3451
f 3516//3516 3451//3451 3517//3517
f 3451//3451 3452//3452 3517//3517
f 3517//3517 3452//3452 3453//3453
f 3517//3517 3453//3453 3518//3518
f 3518//3518 3453//3453 3454//3454
f 3518//3518 3454//3454 3519//3519
f 3519//3519 3454//3454 3455//3455
f 3519//3519 3455//3455 3520//3520
f 3520//3520 3455//3455 3456//3456
f 3520//3520 3456//3456 3521//3521
f 3521//3521 3456//3456 3457//3457
f 3521//3521 3457//3457 3522//3522
f 3522//3522 3457//3457 3458//3458
f 3522//3522 3458//3458 3523//3523
f 3523//3523 3458//3458 3524//3524
f 3524//3524 3458//3458 3459//3459
f 3524//3524 3459//3459 3525//3525
f 3525//3525 3459//3459 3460//3460
f 3525//3525 3460//3460 3526//3526
f 3526//3526 3460//3460 3507//3507
f 3526//3526 3507//3507 3527//3527
f 3527//3527 3507//3507 3506//3506
f 3527//3527 3506//3506 3528//3528
f 3528//3528 3506//3506 3505//3505
f 3528//3528 3505//3505 3529//3529
f 3529//3529 3505//3505 3504//3504
f 3529//3529 3504//3504 3530//3530
f 3530//3530 3504//3504 3503//3503
f 3530//3530 3503//3503 3531//3531
f 3531//3531 3503//3503 3502//3502
f 3531//3531 3502//3502 3532//3532
f 3532//3532 3502//3502 3501//3501
f 3532//3532 3501//3501 3533//3533
f 3533//3533 3501//3501 3500//3500
f 3533//3533 3500//3500 3534//3534
f 3534//3534 3500//3500 3499//3499
f 3534//3534 3499//3499 3535//3535
f 3535//3535 3499//3499 3498//3498
f 3535//3535 3498//3498 3536//3536
f 3536//3536 3498//3498 3497//3497
f 3536//3536 3497//3497 3537//3537
f 3537//3537 3497//3497 3496//3496
f 3537//3537 3496//3496 3538//3538
f 3538//3538 3496//3496 3539//3539
f 3539//3539 3496//3496 3495//3495
f 3539//3539 3495//3495 3540//3540
f 3540//3540 3495//3495 3494//3494
f 3540//3540 3494//3494 3541//3541
f 3541//3541 3494//3494 3493//3493
f 3541//3541 3493//3493 3542//3542
f 3542//3542 3493//3493 3492//3492
f 3542//3542 3492//3492 3543//3543
f 3543//3543 3492//3492 3491//3491
f 3543//3543 3491//3491 3544//3544
f 3544//3544 3491//3491 3490//3490
f 3544//3544 3490//3490 3545//3545
f 3545//3545 3490//3490 3489//3489
f 3545//3545 3489//3489 3546//3546
f 3546//3546 3489//3489 3488//3488
f 3546//3546 3488//3488 3547//3547
f 3547//3547 3488//3488 3487//3487
f 3547//3547 3487//3487 3548//3548
f 3548//3548 3487//3487 3486//3486
f 3548//3548 3486//3486 3549//3549
f 3549//3549 3486//3486 3485//3485
f 3549//3549 3485//3485 3550//3550
f 3550//3550 3485//3485 3484//3484
f 3550//3550 3484//3484 3551//3551
f 3511//3511 3552//3552 3553//3553
f 3484//3484 3483//3483 3551//3551
f 3551//3551 3483//3483 3482//3482
f 3551//3551 3482//3482 3554//3554
f 3554//3554 3482//3482 3481//3481
f 3554//3554 3481//3481 3555//3555
f 3555//3555 3481//3481 3480//3480
f 3555//3555 3480//3480 3556//3556
f 3556//3556 3480//3480 3479//3479
f 3556//3556 3479//3479 3557//3557
f 3557//3557 3479//3479 3478//3478
f 3557//3557 3478//3478 3558//3558
f 3558//3558 3478//3478 3477//3477
f 3558//3558 3477//3477 3553//3553
f 3553//3553 3477//3477 3476//3476
f 3553//3553 3476//3476 3511//3511
f 3511//3511 3476//3476 3475//3475
f 3511//3511 3475//3475 3461//3461
f 3510//3510 3461//3461 3559//3559
f 3559//3559 3461//3461 3462//3462
f 3559//3559 3462//3462 3463//3463
f 3465//3465 3560//3560 3464//3464
f 3464//3464 3560//3560 3561//3561
f 3464//3464 3561//3561 3463//3463
f 3463//3463 3561//3561 3562//3562
f 3463//3463 3562//3562 3559//3559
f 3440//3440 3563//3563 3468//3468
f 3468//3468 3563//3563 3564//3564
f 3468//3468 3564//3564 3467//3467
f 3467//3467 3564//3564 3565//3565
f 3467//3467 3565//3565 3466//3466
f 3466//3466 3565//3565 3566//3566
f 3466//3466 3566//3566 3465//3465
f 3465//3465 3566//3566 3567//3567
f 3465//3465 3567//3567 3560//3560
f 3444//3444 3509//3509 3443//3443
f 3443//3443 3509//3509 3568//3568
f 3443//3443 3568//3568 3442//3442
f 3568//3568 3569//3569 3442//3442
f 3442//3442 3569//3569 3570//3570
f 3442//3442 3570//3570 3441//3441
f 3441//3441 3570//3570 3571//3571
f 3441//3441 3571//3571 3440//3440
f 3440//3440 3571//3571 3572//3572
f 3440//3440 3572//3572 3563//3563
f 3471//3471 3573//3573 3470//3470
f 3470//3470 3573//3573 3574//3574
f 3470//3470 3574//3574 3469//3469
f 3469//3469 3574//3574 3575//3575
f 3469//3469 3575//3575 3446//3446
f 3446//3446 3575//3575 3508//3508
f 3446//3446 3508//3508 3445//3445
f 3445//3445 3508//3508 3444//3444
f 1921//1921 3576//3576 1858//1858
f 1858//1858 3576//3576 3577//3577
f 1858//1858 3577//3577 3474//3474
f 3474//3474 3577//3577 3578//3578
f 3474//3474 3578//3578 3473//3473
f 3473//3473 3578//3578 3579//3579
f 3473//3473 3579//3579 3472//3472
f 3472//3472 3579//3579 3580//3580
f 3472//3472 3580//3580 3471//3471
f 3471//3471 3580//3580 3581//3581
f 3471//3471 3581//3581 3573//3573
f 3579//3579 3578//3578 3582//3582
f 3581//3581 3580//3580 3583//3583
f 3573//3573 3584//3584 3585//3585
f 3586//3586 3587//3587 3588//3588
f 3589//3589 3590//3590 3591//3591
f 3592//3592 3593//3593 3594//3594
f 3552//3552 3511//3511 3595//3595
f 3595//3595 3511//3511 3510//3510
f 3595//3595 3510//3510 3593//3593
f 3592//3592 3594//3594 3590//3590
f 3589//3589 3591//3591 3596//3596
f 3596//3596 3591//3591 3597//3597
f 3597//3597 3591//3591 3598//3598
f 3597//3597 3598//3598 3587//3587
f 3593//3593 3510//3510 3594//3594
f 3594//3594 3510//3510 3559//3559
f 3594//3594 3559//3559 3599//3599
f 3559//3559 3562//3562 3599//3599
f 3599//3599 3562//3562 3561//3561
f 3599//3599 3561//3561 3600//3600
f 3600//3600 3561//3561 3560//3560
f 3600//3600 3560//3560 3601//3601
f 3602//3602 3586//3586 3603//3603
f 3603//3603 3586//3586 3588//3588
f 3603//3603 3588//3588 3604//3604
f 3604//3604 3588//3588 3605//3605
f 3604//3604 3605//3605 3606//3606
f 3606//3606 3605//3605 3607//3607
f 3560//3560 3567//3567 3601//3601
f 3601//3601 3567//3567 3566//3566
f 3601//3601 3566//3566 3608//3608
f 3608//3608 3566//3566 3565//3565
f 3608//3608 3565//3565 3609//3609
f 3565//3565 3564//3564 3609//3609
f 3609//3609 3564//3564 3563//3563
f 3609//3609 3563//3563 3610//3610
f 3611//3611 3612//3612 3613//3613
f 3613//3613 3612//3612 3614//3614
f 3613//3613 3614//3614 3615//3615
f 3615//3615 3614//3614 3616//3616
f 3615//3615 3616//3616 3607//3607
f 3607//3607 3616//3616 3617//3617
f 3607//3607 3617//3617 3606//3606
f 3563//3563 3572//3572 3610//3610
f 3610//3610 3572//3572 3571//3571
f 3610//3610 3571//3571 3618//3618
f 3618//3618 3571//3571 3570//3570
f 3618//3618 3570//3570 3619//3619
f 3620//3620 3621//3621 3622//3622
f 3622//3622 3621//3621 3623//3623
f 3622//3622 3623//3623 3624//3624
f 3624//3624 3623//3623 3625//3625
f 3624//3624 3625//3625 3611//3611
f 3611//3611 3625//3625 3626//3626
f 3611//3611 3626//3626 3612//3612
f 3570//3570 3569//3569 3619//3619
f 3619//3619 3569//3569 3568//3568
f 3619//3619 3568//3568 3627//3627
f 3627//3627 3568//3568 3509//3509
f 3627//3627 3509//3509 3628//3628
f 3509//3509 3508//3508 3628//3628
f 3628//3628 3508//3508 3575//3575
f 3628//3628 3575//3575 3585//3585
f 3585//3585 3575//3575 3574//3574
f 3585//3585 3574//3574 3573//3573
f 3590//3590 3594//3594 3591//3591
f 3591//3591 3594//3594 3599//3599
f 3591//3591 3599//3599 3598//3598
f 3598//3598 3599//3599 3600//3600
f 3598//3598 3600//3600 3629//3629
f 3629//3629 3600//3600 3601//3601
f 3629//3629 3601//3601 3630//3630
f 3630//3630 3601//3601 3608//3608
f 3630//3630 3608//3608 3631//3631
f 3631//3631 3608//3608 3609//3609
f 3631//3631 3609//3609 3632//3632
f 3632//3632 3609//3609 3610//3610
f 3632//3632 3610//3610 3633//3633
f 3633//3633 3610//3610 3618//3618
f 3633//3633 3618//3618 3634//3634
f 3634//3634 3618//3618 3619//3619
f 3634//3634 3619//3619 3635//3635
f 3635//3635 3619//3619 3627//3627
f 3635//3635 3627//3627 3636//3636
f 3636//3636 3627//3627 3628//3628
f 3636//3636 3628//3628 3637//3637
f 3637//3637 3628//3628 3585//3585
f 3637//3637 3585//3585 3638//3638
f 3638//3638 3585//3585 3584//3584
f 3638//3638 3584//3584 3639//3639
f 3587//3587 3598//3598 3588//3588
f 3588//3588 3598//3598 3629//3629
f 3588//3588 3629//3629 3605//3605
f 3605//3605 3629//3629 3630//3630
f 3605//3605 3630//3630 3607//3607
f 3607//3607 3630//3630 3631//3631
f 3607//3607 3631//3631 3615//3615
f 3615//3615 3631//3631 3632//3632
f 3615//3615 3632//3632 3613//3613
f 3613//3613 3632//3632 3633//3633
f 3613//3613 3633//3633 3611//3611
f 3611//3611 3633//3633 3634//3634
f 3611//3611 3634//3634 3624//3624
f 3624//3624 3634//3634 3635//3635
f 3624//3624 3635//3635 3622//3622
f 3622//3622 3635//3635 3636//3636
f 3622//3622 3636//3636 3620//3620
f 3620//3620 3636//3636 3637//3637
f 3620//3620 3637//3637 3640//3640
f 3640//3640 3637//3637 3638//3638
f 3640//3640 3638//3638 3641//3641
f 3641//3641 3638//3638 3639//3639
f 3641//3641 3639//3639 3642//3642
f 3643//3643 3644//3644 3642//3642
f 3642//3642 3644//3644 3645//3645
f 3642//3642 3645//3645 3641//3641
f 3641//3641 3645//3645 3646//3646
f 3641//3641 3646//3646 3640//3640
f 3640//3640 3646//3646 3647//3647
f 3640//3640 3647//3647 3620//3620
f 3620//3620 3647//3647 3648//3648
f 3620//3620 3648//3648 3621//3621
f 3649//3649 3643//3643 3650//3650
f 3650//3650 3643//3643 3642//3642
f 3650//3650 3642//3642 3651//3651
f 3651//3651 3642//3642 3639//3639
f 3651//3651 3639//3639 3583//3583
f 3583//3583 3639//3639 3584//3584
f 3583//3583 3584//3584 3581//3581
f 3581//3581 3584//3584 3573//3573
f 3652//3652 3649//3649 3653//3653
f 3653//3653 3649//3649 3650//3650
f 3653//3653 3650//3650 3654//3654
f 3654//3654 3650//3650 3651//3651
f 3654//3654 3651//3651 3582//3582
f 3582//3582 3651//3651 3583//3583
f 3582//3582 3583//3583 3579//3579
f 3579//3579 3583//3583 3580//3580
f 3655//3655 3652//3652 3656//3656
f 3656//3656 3652//3652 3653//3653
f 3656//3656 3653//3653 3657//3657
f 3657//3657 3653//3653 3654//3654
f 3657//3657 3654//3654 3658//3658
f 3658//3658 3654//3654 3582//3582
f 3658//3658 3582//3582 3577//3577
f 3577//3577 3582//3582 3578//3578
f 1973//1973 1971//1971 3659//3659
f 1982//1982 1981//1981 3660//3660
f 1982//1982 3660//3660 1984//1984
f 1984//1984 3660//3660 3661//3661
f 1984//1984 3661//3661 1985//1985
f 3662//3662 1978//1978 3661//3661
f 3661//3661 1978//1978 1980//1980
f 3661//3661 1980//1980 1985//1985
f 1971//1971 1970//1970 3659//3659
f 3659//3659 1970//1970 1975//1975
f 3659//3659 1975//1975 3662//3662
f 3662//3662 1975//1975 1977//1977
f 3662//3662 1977//1977 1978//1978
f 1973//1973 3659//3659 1974//1974
f 1974//1974 3659//3659 3576//3576
f 1974//1974 3576//3576 1921//1921
f 3577//3577 3576//3576 3658//3658
f 3658//3658 3576//3576 3659//3659
f 3658//3658 3659//3659 3657//3657
f 3657//3657 3659//3659 3662//3662
f 3657//3657 3662//3662 3656//3656
f 3656//3656 3662//3662 3661//3661
f 3656//3656 3661//3661 3655//3655
f 3655//3655 3661//3661 3660//3660
f 1981//1981 1986//1986 3660//3660
f 3660//3660 1986//1986 3663//3663
f 3660//3660 3663//3663 3655//3655
f 1986//1986 1987//1987 3663//3663
f 3663//3663 1987//1987 3030//3030
f 3032//3032 3664//3664 3031//3031
f 3031//3031 3664//3664 3665//3665
f 3031//3031 3665//3665 3033//3033
f 3033//3033 3665//3665 3666//3666
f 3033//3033 3666//3666 3034//3034
f 3034//3034 3666//3666 3667//3667
f 3034//3034 3667//3667 3035//3035
f 3035//3035 3667//3667 3668//3668
f 3035//3035 3668//3668 3036//3036
f 3036//3036 3668//3668 3669//3669
f 3036//3036 3669//3669 3037//3037
f 3037//3037 3669//3669 3670//3670
f 3037//3037 3670//3670 3038//3038
f 3038//3038 3670//3670 3671//3671
f 3038//3038 3671//3671 3039//3039
f 3039//3039 3671//3671 3672//3672
f 3039//3039 3672//3672 3022//3022
f 3022//3022 3672//3672 3673//3673
f 3022//3022 3673//3673 3040//3040
f 3040//3040 3673//3673 3674//3674
f 3040//3040 3674//3674 3023//3023
f 3023//3023 3674//3674 3675//3675
f 3023//3023 3675//3675 3024//3024
f 3024//3024 3675//3675 3676//3676
f 3024//3024 3676//3676 3026//3026
f 3026//3026 3676//3676 3677//3677
f 3026//3026 3677//3677 3027//3027
f 3027//3027 3677//3677 3678//3678
f 3027//3027 3678//3678 3028//3028
f 3028//3028 3678//3678 3679//3679
f 3028//3028 3679//3679 3029//3029
f 3029//3029 3679//3679 3680//3680
f 3029//3029 3680//3680 3030//3030
f 3030//3030 3680//3680 3663//3663
f 672//672 664//664 3664//3664
f 3664//3664 664//664 3681//3681
f 3664//3664 3681//3681 3682//3682
f 3664//3664 3032//3032 672//672
f 672//672 3032//3032 709//709
f 710//710 709//709 3683//3683
f 3683//3683 709//709 3032//3032
f 3683//3683 3032//3032 2787//2787
f 710//710 3683//3683 3684//3684
f 3684//3684 3683//3683 3685//3685
f 3684//3684 3685//3685 3686//3686
f 3687//3687 725//725 3685//3685
f 3685//3685 725//725 724//724
f 3685//3685 724//724 3686//3686
f 715//715 714//714 3688//3688
f 3688//3688 714//714 3689//3689
f 3688//3688 3689//3689 3687//3687
f 3687//3687 3689//3689 3690//3690
f 3687//3687 3690//3690 725//725
f 715//715 3688//3688 3691//3691
f 3691//3691 3688//3688 3692//3692
f 3691//3691 3692//3692 718//718
f 2791//2791 3692//3692 2790//2790
f 2790//2790 3692//3692 3688//3688
f 2790//2790 3688//3688 2789//2789
f 2789//2789 3688//3688 3687//3687
f 2789//2789 3687//3687 2788//2788
f 2788//2788 3687//3687 3685//3685
f 2788//2788 3685//3685 2787//2787
f 2787//2787 3685//3685 3683//3683
f 909//909 908//908 3693//3693
f 3693//3693 908//908 3694//3694
f 3693//3693 3694//3694 3695//3695
f 3695//3695 3694//3694 3696//3696
f 3695//3695 3696//3696 3697//3697
f 3697//3697 3696//3696 3698//3698
f 3697//3697 3698//3698 3699//3699
f 3699//3699 3698//3698 3700//3700
f 3699//3699 3700//3700 3701//3701
f 3701//3701 3700//3700 3702//3702
f 3701//3701 3702//3702 3703//3703
f 3703//3703 3702//3702 3704//3704
f 3703//3703 3704//3704 3705//3705
f 3705//3705 3704//3704 3706//3706
f 3705//3705 3706//3706 3707//3707
f 3706//3706 3708//3708 3707//3707
f 3707//3707 3708//3708 3709//3709
f 3707//3707 3709//3709 3710//3710
f 3710//3710 3709//3709 3711//3711
f 3710//3710 3711//3711 3712//3712
f 3712//3712 3711//3711 3713//3713
f 3713//3713 3711//3711 3714//3714
f 3713//3713 3714//3714 3715//3715
f 3715//3715 3714//3714 3716//3716
f 3715//3715 3716//3716 3717//3717
f 3717//3717 3716//3716 3718//3718
f 3717//3717 3718//3718 3719//3719
f 3719//3719 3718//3718 3720//3720
f 3719//3719 3720//3720 3721//3721
f 3721//3721 3720//3720 3722//3722
f 3721//3721 3722//3722 3723//3723
f 3723//3723 3722//3722 3724//3724
f 3723//3723 3724//3724 3725//3725
f 3725//3725 3724//3724 3726//3726
f 3725//3725 3726//3726 3727//3727
f 3727//3727 3726//3726 3728//3728
f 3727//3727 3728//3728 3729//3729
f 3729//3729 3728//3728 3730//3730
f 3730//3730 3728//3728 3731//3731
f 3730//3730 3731//3731 3732//3732
f 3732//3732 3731//3731 3733//3733
f 3732//3732 3733//3733 3734//3734
f 3734//3734 3733//3733 3735//3735
f 3734//3734 3735//3735 3736//3736
f 3736//3736 3735//3735 3737//3737
f 3736//3736 3737//3737 3738//3738
f 3738//3738 3737//3737 3739//3739
f 3738//3738 3739//3739 3740//3740
f 3740//3740 3739//3739 3741//3741
f 3740//3740 3741//3741 3742//3742
f 3742//3742 3741//3741 3743//3743
f 3742//3742 3743//3743 3744//3744
f 3744//3744 3743//3743 3745//3745
f 3744//3744 3745//3745 3746//3746
f 3746//3746 3745//3745 3747//3747
f 3746//3746 3747//3747 3748//3748
f 3748//3748 3747//3747 3749//3749
f 3748//3748 3749//3749 3750//3750
f 3750//3750 3749//3749 3751//3751
f 3750//3750 3751//3751 3752//3752
f 3752//3752 3751//3751 3753//3753
f 3752//3752 3753//3753 3754//3754
f 3754//3754 3753//3753 3755//3755
f 3754//3754 3755//3755 3756//3756
f 3756//3756 3755//3755 3757//3757
f 3756//3756 3757//3757 3758//3758
f 3758//3758 3757//3757 3759//3759
f 3758//3758 3759//3759 3760//3760
f 3760//3760 3759//3759 3761//3761
f 3760//3760 3761//3761 3762//3762
f 3762//3762 3761//3761 3763//3763
f 3762//3762 3763//3763 3764//3764
f 3764//3764 3763//3763 3765//3765
f 3764//3764 3765//3765 3766//3766
f 3766//3766 3765//3765 3767//3767
f 3766//3766 3767//3767 3768//3768
f 3768//3768 3767//3767 3769//3769
f 3768//3768 3769//3769 3770//3770
f 3770//3770 3769//3769 3771//3771
f 3770//3770 3771//3771 3772//3772
f 3771//3771 3773//3773 3772//3772
f 3772//3772 3773//3773 3774//3774
f 3772//3772 3774//3774 3775//3775
f 3775//3775 3774//3774 3776//3776
f 3775//3775 3776//3776 3777//3777
f 3777//3777 3776//3776 3778//3778
f 3777//3777 3778//3778 3779//3779
f 3779//3779 3778//3778 3780//3780
f 3779//3779 3780//3780 3781//3781
f 3781//3781 3780//3780 3782//3782
f 3781//3781 3782//3782 3783//3783
f 3783//3783 3782//3782 3784//3784
f 3785//3785 2712//2712 3786//3786
f 3786//3786 2712//2712 2711//2711
f 3786//3786 2711//2711 3787//3787
f 3787//3787 2711//2711 2702//2702
f 3787//3787 2702//2702 3784//3784
f 3784//3784 2702//2702 2701//2701
f 3784//3784 2701//2701 3783//3783
f 3788//3788 2717//2717 3789//3789
f 3789//3789 2717//2717 2715//2715
f 3789//3789 2715//2715 3785//3785
f 3785//3785 2715//2715 2714//2714
f 3785//3785 2714//2714 2712//2712
f 3790//3790 2731//2731 3791//3791
f 3791//3791 2731//2731 2730//2730
f 3791//3791 2730//2730 3792//3792
f 3792//3792 2730//2730 2728//2728
f 3792//3792 2728//2728 3793//3793
f 3793//3793 2728//2728 2726//2726
f 3793//3793 2726//2726 3788//3788
f 3788//3788 2726//2726 2725//2725
f 3788//3788 2725//2725 2717//2717
f 2753//2753 2752//2752 3794//3794
f 3794//3794 2752//2752 2743//2743
f 3794//3794 2743//2743 3795//3795
f 3795//3795 2743//2743 2741//2741
f 3795//3795 2741//2741 3790//3790
f 3790//3790 2741//2741 2740//2740
f 3790//3790 2740//2740 2731//2731
f 3796//3796 2758//2758 3797//3797
f 3797//3797 2758//2758 2757//2757
f 3797//3797 2757//2757 3798//3798
f 3798//3798 2757//2757 2755//2755
f 3798//3798 2755//2755 3799//3799
f 3799//3799 2755//2755 2753//2753
f 3799//3799 2753//2753 3800//3800
f 3800//3800 2753//2753 3794//3794
f 718//718 3692//3692 829//829
f 829//829 3692//3692 2791//2791
f 829//829 2791//2791 3801//3801
f 3801//3801 2791//2791 2690//2690
f 3801//3801 2690//2690 3802//3802
f 3802//3802 2690//2690 2689//2689
f 3802//3802 2689//2689 3803//3803
f 3803//3803 2689//2689 2693//2693
f 3803//3803 2693//2693 3804//3804
f 3804//3804 2693//2693 2692//2692
f 3804//3804 2692//2692 3805//3805
f 3805//3805 2692//2692 2695//2695
f 3805//3805 2695//2695 3796//3796
f 3796//3796 2695//2695 2759//2759
f 3796//3796 2759//2759 2758//2758
f 956//956 909//909 3693//3693
f 3806//3806 957//957 956//956
f 955//955 953//953 3807//3807
f 3807//3807 953//953 952//952
f 947//947 951//951 3808//3808
f 3808//3808 951//951 955//955
f 3809//3809 948//948 947//947
f 956//956 3693//3693 3806//3806
f 3806//3806 3693//3693 3695//3695
f 3806//3806 3695//3695 3810//3810
f 3695//3695 3697//3697 3810//3810
f 3810//3810 3697//3697 3699//3699
f 3810//3810 3699//3699 3811//3811
f 3699//3699 3701//3701 3811//3811
f 3811//3811 3701//3701 3703//3703
f 3811//3811 3703//3703 3812//3812
f 3703//3703 3705//3705 3812//3812
f 3812//3812 3705//3705 3707//3707
f 3812//3812 3707//3707 3813//3813
f 3707//3707 3710//3710 3813//3813
f 3813//3813 3710//3710 3712//3712
f 3813//3813 3712//3712 3814//3814
f 3712//3712 3713//3713 3814//3814
f 3814//3814 3713//3713 3715//3715
f 3814//3814 3715//3715 3815//3815
f 3815//3815 3715//3715 3717//3717
f 3815//3815 3717//3717 3816//3816
f 3717//3717 3719//3719 3816//3816
f 3816//3816 3719//3719 3721//3721
f 3816//3816 3721//3721 3817//3817
f 3817//3817 3721//3721 3723//3723
f 3817//3817 3723//3723 3818//3818
f 3818//3818 3723//3723 3725//3725
f 3725//3725 3727//3727 3818//3818
f 3818//3818 3727//3727 3729//3729
f 3818//3818 3729//3729 3819//3819
f 3819//3819 3729//3729 3730//3730
f 3819//3819 3730//3730 3820//3820
f 3730//3730 3732//3732 3820//3820
f 3820//3820 3732//3732 3734//3734
f 3820//3820 3734//3734 3821//3821
f 3821//3821 3734//3734 3736//3736
f 3821//3821 3736//3736 3822//3822
f 3736//3736 3738//3738 3822//3822
f 3822//3822 3738//3738 3740//3740
f 3822//3822 3740//3740 3823//3823
f 3823//3823 3740//3740 3742//3742
f 3742//3742 3744//3744 3823//3823
f 3823//3823 3744//3744 3746//3746
f 3823//3823 3746//3746 3824//3824
f 3746//3746 3748//3748 3824//3824
f 3824//3824 3748//3748 3750//3750
f 3824//3824 3750//3750 3825//3825
f 3825//3825 3750//3750 3752//3752
f 3825//3825 3752//3752 3826//3826
f 3752//3752 3754//3754 3826//3826
f 3826//3826 3754//3754 3756//3756
f 3826//3826 3756//3756 3827//3827
f 3827//3827 3756//3756 3758//3758
f 3827//3827 3758//3758 3828//3828
f 3758//3758 3760//3760 3828//3828
f 3828//3828 3760//3760 3762//3762
f 3828//3828 3762//3762 3829//3829
f 3762//3762 3764//3764 3829//3829
f 3829//3829 3764//3764 3766//3766
f 3829//3829 3766//3766 3830//3830
f 3766//3766 3768//3768 3830//3830
f 3830//3830 3768//3768 3770//3770
f 3830//3830 3770//3770 3831//3831
f 3770//3770 3772//3772 3831//3831
f 3831//3831 3772//3772 3775//3775
f 3831//3831 3775//3775 3832//3832
f 3832//3832 3775//3775 3777//3777
f 3783//3783 3833//3833 3781//3781
f 3781//3781 3833//3833 3832//3832
f 3781//3781 3832//3832 3779//3779
f 3779//3779 3832//3832 3777//3777
f 955//955 3807//3807 3808//3808
f 3808//3808 3807//3807 3834//3834
f 3808//3808 3834//3834 3835//3835
f 3835//3835 3834//3834 3836//3836
f 3835//3835 3836//3836 3837//3837
f 3837//3837 3836//3836 3838//3838
f 3837//3837 3838//3838 3839//3839
f 3839//3839 3838//3838 3840//3840
f 3839//3839 3840//3840 3841//3841
f 3841//3841 3840//3840 3842//3842
f 3841//3841 3842//3842 3843//3843
f 3843//3843 3842//3842 3844//3844
f 3843//3843 3844//3844 3845//3845
f 3845//3845 3844//3844 3846//3846
f 3845//3845 3846//3846 3847//3847
f 3847//3847 3846//3846 3848//3848
f 3847//3847 3848//3848 3849//3849
f 3849//3849 3848//3848 3850//3850
f 3849//3849 3850//3850 3851//3851
f 3851//3851 3850//3850 3852//3852
f 3851//3851 3852//3852 3853//3853
f 3853//3853 3852//3852 3854//3854
f 3853//3853 3854//3854 3855//3855
f 3855//3855 3854//3854 3856//3856
f 3855//3855 3856//3856 3857//3857
f 3857//3857 3856//3856 3858//3858
f 3857//3857 3858//3858 3859//3859
f 3859//3859 3858//3858 3860//3860
f 3859//3859 3860//3860 3861//3861
f 3861//3861 3860//3860 3862//3862
f 3861//3861 3862//3862 3863//3863
f 3863//3863 3862//3862 3864//3864
f 3863//3863 3864//3864 3865//3865
f 3865//3865 3864//3864 3866//3866
f 3865//3865 3866//3866 3867//3867
f 3867//3867 3866//3866 3868//3868
f 3867//3867 3868//3868 3869//3869
f 3869//3869 3868//3868 3870//3870
f 3869//3869 3870//3870 3871//3871
f 3871//3871 3870//3870 3872//3872
f 3871//3871 3872//3872 3873//3873
f 3873//3873 3872//3872 3874//3874
f 3873//3873 3874//3874 3875//3875
f 3875//3875 3874//3874 3876//3876
f 3875//3875 3876//3876 3877//3877
f 3877//3877 3876//3876 3878//3878
f 3877//3877 3878//3878 3879//3879
f 3879//3879 3878//3878 3880//3880
f 3879//3879 3880//3880 3881//3881
f 3783//3783 2701//2701 2824//2824
f 3783//3783 2824//2824 3833//3833
f 3833//3833 2824//2824 2823//2823
f 3833//3833 2823//2823 2822//2822
f 2822//2822 3880//3880 3833//3833
f 3833//3833 3880//3880 3878//3878
f 3833//3833 3878//3878 3832//3832
f 3832//3832 3878//3878 3876//3876
f 3832//3832 3876//3876 3831//3831
f 3831//3831 3876//3876 3874//3874
f 3831//3831 3874//3874 3830//3830
f 3830//3830 3874//3874 3872//3872
f 3830//3830 3872//3872 3829//3829
f 3829//3829 3872//3872 3870//3870
f 3829//3829 3870//3870 3828//3828
f 3828//3828 3870//3870 3868//3868
f 3828//3828 3868//3868 3827//3827
f 3827//3827 3868//3868 3866//3866
f 3827//3827 3866//3866 3826//3826
f 3826//3826 3866//3866 3864//3864
f 3826//3826 3864//3864 3825//3825
f 3825//3825 3864//3864 3862//3862
f 3825//3825 3862//3862 3824//3824
f 3824//3824 3862//3862 3860//3860
f 3824//3824 3860//3860 3823//3823
f 3823//3823 3860//3860 3858//3858
f 3823//3823 3858//3858 3822//3822
f 3822//3822 3858//3858 3856//3856
f 3822//3822 3856//3856 3821//3821
f 3821//3821 3856//3856 3854//3854
f 3821//3821 3854//3854 3820//3820
f 3820//3820 3854//3854 3852//3852
f 3820//3820 3852//3852 3819//3819
f 3819//3819 3852//3852 3850//3850
f 3819//3819 3850//3850 3818//3818
f 3818//3818 3850//3850 3848//3848
f 3818//3818 3848//3848 3817//3817
f 3817//3817 3848//3848 3846//3846
f 3817//3817 3846//3846 3816//3816
f 3816//3816 3846//3846 3844//3844
f 3816//3816 3844//3844 3815//3815
f 3815//3815 3844//3844 3842//3842
f 3815//3815 3842//3842 3814//3814
f 3814//3814 3842//3842 3840//3840
f 3814//3814 3840//3840 3813//3813
f 3813//3813 3840//3840 3838//3838
f 3813//3813 3838//3838 3812//3812
f 3812//3812 3838//3838 3836//3836
f 3812//3812 3836//3836 3811//3811
f 3811//3811 3836//3836 3834//3834
f 3811//3811 3834//3834 3810//3810
f 3810//3810 3834//3834 3807//3807
f 3810//3810 3807//3807 3806//3806
f 3806//3806 3807//3807 952//952
f 3806//3806 952//952 957//957
f 2822//2822 2821//2821 3880//3880
f 3880//3880 2821//2821 2820//2820
f 3880//3880 2820//2820 3881//3881
f 3881//3881 2820//2820 2819//2819
f 3881//3881 2819//2819 2818//2818
f 947//947 3808//3808 3809//3809
f 3809//3809 3808//3808 3835//3835
f 3809//3809 3835//3835 3882//3882
f 3882//3882 3835//3835 3837//3837
f 3882//3882 3837//3837 3883//3883
f 3883//3883 3837//3837 3839//3839
f 3883//3883 3839//3839 3884//3884
f 3884//3884 3839//3839 3841//3841
f 3884//3884 3841//3841 3885//3885
f 3885//3885 3841//3841 3843//3843
f 3885//3885 3843//3843 3886//3886
f 3886//3886 3843//3843 3845//3845
f 3886//3886 3845//3845 3887//3887
f 3887//3887 3845//3845 3847//3847
f 3887//3887 3847//3847 3888//3888
f 3888//3888 3847//3847 3849//3849
f 3888//3888 3849//3849 3889//3889
f 3889//3889 3849//3849 3851//3851
f 3889//3889 3851//3851 3890//3890
f 3890//3890 3851//3851 3853//3853
f 3890//3890 3853//3853 3891//3891
f 3891//3891 3853//3853 3855//3855
f 3891//3891 3855//3855 3892//3892
f 3892//3892 3855//3855 3857//3857
f 3892//3892 3857//3857 3893//3893
f 3893//3893 3857//3857 3859//3859
f 3893//3893 3859//3859 3894//3894
f 3894//3894 3859//3859 3861//3861
f 3894//3894 3861//3861 3895//3895
f 3895//3895 3861//3861 3863//3863
f 3895//3895 3863//3863 3896//3896
f 3896//3896 3863//3863 3865//3865
f 3896//3896 3865//3865 3897//3897
f 3897//3897 3865//3865 3867//3867
f 3897//3897 3867//3867 3898//3898
f 3898//3898 3867//3867 3869//3869
f 3898//3898 3869//3869 3899//3899
f 3899//3899 3869//3869 3871//3871
f 3899//3899 3871//3871 3900//3900
f 3900//3900 3871//3871 3873//3873
f 3900//3900 3873//3873 3901//3901
f 3901//3901 3873//3873 3875//3875
f 3901//3901 3875//3875 3902//3902
f 3902//3902 3875//3875 3877//3877
f 3902//3902 3877//3877 3903//3903
f 3903//3903 3877//3877 3879//3879
f 3903//3903 3879//3879 3904//3904
f 3904//3904 3879//3879 3881//3881
f 3904//3904 3881//3881 3905//3905
f 3905//3905 3881//3881 2818//2818
f 3905//3905 2818//2818 2817//2817
f 3906//3906 3907//3907 3908//3908
f 3908//3908 3907//3907 3909//3909
f 3906//3906 3910//3910 3907//3907
f 3907//3907 3910//3910 3911//3911
f 3907//3907 3911//3911 3912//3912
f 3913//3913 3914//3914 3909//3909
f 3909//3909 3914//3914 3915//3915
f 3909//3909 3915//3915 3908//3908
f 3913//3913 3909//3909 3916//3916
f 3916//3916 3909//3909 3917//3917
f 3916//3916 3917//3917 3918//3918
f 3919//3919 3920//3920 3921//3921
f 3921//3921 3920//3920 3922//3922
f 3921//3921 3922//3922 3917//3917
f 3917//3917 3922//3922 3923//3923
f 3917//3917 3923//3923 3918//3918
f 3924//3924 3925//3925 3926//3926
f 3926//3926 3925//3925 3927//3927
f 3924//3924 3928//3928 3925//3925
f 3925//3925 3928//3928 3929//3929
f 3925//3925 3929//3929 3921//3921
f 3921//3921 3929//3929 3930//3930
f 3921//3921 3930//3930 3919//3919
f 3931//3931 3927//3927 3932//3932
f 3932//3932 3927//3927 3925//3925
f 3932//3932 3925//3925 3933//3933
f 3933//3933 3925//3925 3921//3921
f 3933//3933 3921//3921 3934//3934
f 3934//3934 3921//3921 3917//3917
f 3934//3934 3917//3917 3935//3935
f 3935//3935 3917//3917 3909//3909
f 3935//3935 3909//3909 3936//3936
f 3936//3936 3909//3909 3907//3907
f 3922//3922 3920//3920 3937//3937
f 3912//3912 3911//3911 3938//3938
f 3938//3938 3911//3911 3910//3910
f 3938//3938 3910//3910 3939//3939
f 3939//3939 3910//3910 3906//3906
f 3908//3908 3940//3940 3906//3906
f 3906//3906 3940//3940 3941//3941
f 3906//3906 3941//3941 3939//3939
f 3912//3912 3942//3942 3943//3943
f 3943//3943 3942//3942 3944//3944
f 3943//3943 3944//3944 3945//3945
f 3945//3945 3944//3944 3946//3946
f 3945//3945 3946//3946 3947//3947
f 3947//3947 3946//3946 3948//3948
f 3947//3947 3948//3948 3949//3949
f 3908//3908 3915//3915 3940//3940
f 3940//3940 3915//3915 3914//3914
f 3940//3940 3914//3914 3950//3950
f 3950//3950 3914//3914 3913//3913
f 3949//3949 3948//3948 3951//3951
f 3951//3951 3948//3948 3952//3952
f 3951//3951 3952//3952 3953//3953
f 3953//3953 3952//3952 3954//3954
f 3953//3953 3954//3954 3955//3955
f 3916//3916 3956//3956 3913//3913
f 3913//3913 3956//3956 3957//3957
f 3913//3913 3957//3957 3950//3950
f 3912//3912 3938//3938 3942//3942
f 3942//3942 3938//3938 3939//3939
f 3942//3942 3939//3939 3944//3944
f 3944//3944 3939//3939 3941//3941
f 3944//3944 3941//3941 3946//3946
f 3946//3946 3941//3941 3940//3940
f 3946//3946 3940//3940 3948//3948
f 3948//3948 3940//3940 3950//3950
f 3948//3948 3950//3950 3952//3952
f 3952//3952 3950//3950 3957//3957
f 3952//3952 3957//3957 3954//3954
f 3954//3954 3957//3957 3956//3956
f 3954//3954 3956//3956 3958//3958
f 3958//3958 3956//3956 3959//3959
f 3958//3958 3959//3959 3960//3960
f 3955//3955 3954//3954 3961//3961
f 3961//3961 3954//3954 3958//3958
f 3961//3961 3958//3958 3962//3962
f 3962//3962 3958//3958 3960//3960
f 3962//3962 3960//3960 3963//3963
f 3922//3922 3937//3937 3923//3923
f 3964//3964 3963//3963 3965//3965
f 3965//3965 3963//3963 3960//3960
f 3965//3965 3960//3960 3937//3937
f 3937//3937 3960//3960 3959//3959
f 3937//3937 3959//3959 3923//3923
f 3923//3923 3959//3959 3956//3956
f 3923//3923 3956//3956 3918//3918
f 3918//3918 3956//3956 3916//3916
f 3965//3965 3937//3937 3966//3966
f 3964//3964 3965//3965 3967//3967
f 3930//3930 3966//3966 3919//3919
f 3919//3919 3966//3966 3937//3937
f 3919//3919 3937//3937 3920//3920
f 3929//3929 3968//3968 3930//3930
f 3930//3930 3968//3968 3969//3969
f 3930//3930 3969//3969 3966//3966
f 3929//3929 3928//3928 3968//3968
f 3968//3968 3928//3928 3924//3924
f 3968//3968 3924//3924 3970//3970
f 3970//3970 3924//3924 3926//3926
f 3970//3970 3926//3926 3971//3971
f 3965//3965 3966//3966 3967//3967
f 3967//3967 3966//3966 3969//3969
f 3967//3967 3969//3969 3972//3972
f 3972//3972 3969//3969 3968//3968
f 3972//3972 3968//3968 3973//3973
f 3973//3973 3968//3968 3970//3970
f 3973//3973 3970//3970 3974//3974
f 3974//3974 3970//3970 3971//3971
f 3974//3974 3971//3971 3975//3975
f 3964//3964 3967//3967 3976//3976
f 3976//3976 3967//3967 3972//3972
f 3976//3976 3972//3972 3977//3977
f 3977//3977 3972//3972 3973//3973
f 3977//3977 3973//3973 3978//3978
f 3978//3978 3973//3973 3974//3974
f 3978//3978 3974//3974 3979//3979
f 3979//3979 3974//3974 3975//3975
f 3979//3979 3975//3975 3980//3980
f 3981//3981 3980//3980 3975//3975
f 3982//3982 3983//3983 3984//3984
f 3984//3984 3983//3983 3985//3985
f 3984//3984 3985//3985 3986//3986
f 3986//3986 3985//3985 3987//3987
f 3981//3981 3975//3975 3988//3988
f 3926//3926 3982//3982 3971//3971
f 3971//3971 3982//3982 3984//3984
f 3971//3971 3984//3984 3975//3975
f 3975//3975 3984//3984 3986//3986
f 3975//3975 3986//3986 3988//3988
f 3988//3988 3986//3986 3987//3987
f 3988//3988 3987//3987 3989//3989
f 3990//3990 3991//3991 3992//3992
f 3992//3992 3991//3991 3993//3993
f 3992//3992 3993//3993 3994//3994
f 3994//3994 3993//3993 3995//3995
f 3994//3994 3995//3995 3996//3996
f 3996//3996 3995//3995 3997//3997
f 3983//3983 3990//3990 3985//3985
f 3985//3985 3990//3990 3992//3992
f 3985//3985 3992//3992 3987//3987
f 3987//3987 3992//3992 3994//3994
f 3987//3987 3994//3994 3989//3989
f 3989//3989 3994//3994 3996//3996
f 3997//3997 3998//3998 3996//3996
f 3996//3996 3998//3998 3999//3999
f 3996//3996 3999//3999 3989//3989
f 3989//3989 3999//3999 4000//4000
f 3998//3998 3997//3997 154//154
f 154//154 3997//3997 153//153
f 4001//4001 1477//1477 1479//1479
f 3995//3995 1482//1482 3997//3997
f 3997//3997 1482//1482 1481//1481
f 3997//3997 1481//1481 153//153
f 3991//3991 4001//4001 3993//3993
f 3993//3993 4001//4001 1479//1479
f 3993//3993 1479//1479 3995//3995
f 3995//3995 1479//1479 1483//1483
f 3995//3995 1483//1483 1482//1482
f 4002//4002 4003//4003 4004//4004
f 4005//4005 4006//4006 4007//4007
f 4008//4008 4009//4009 4010//4010
f 4005//4005 4007//4007 4011//4011
f 4002//4002 4004//4004 4006//4006
f 4006//4006 4004//4004 4012//4012
f 4006//4006 4012//4012 4007//4007
f 4007//4007 4013//4013 4011//4011
f 4011//4011 4013//4013 4014//4014
f 4011//4011 4014//4014 4015//4015
f 4015//4015 4014//4014 4016//4016
f 4015//4015 4016//4016 4017//4017
f 4018//4018 4019//4019 4020//4020
f 4020//4020 4019//4019 4021//4021
f 4020//4020 4021//4021 4022//4022
f 4022//4022 4021//4021 4023//4023
f 4022//4022 4023//4023 4024//4024
f 4024//4024 4023//4023 4025//4025
f 4024//4024 4025//4025 4026//4026
f 4026//4026 4025//4025 4027//4027
f 4026//4026 4027//4027 4028//4028
f 4028//4028 4027//4027 4029//4029
f 4028//4028 4029//4029 4030//4030
f 4030//4030 4029//4029 4031//4031
f 4030//4030 4031//4031 4003//4003
f 4003//4003 4031//4031 4032//4032
f 4003//4003 4032//4032 4004//4004
f 3931//3931 4033//4033 4034//4034
f 4035//4035 4036//4036 4037//4037
f 4034//4034 4033//4033 4038//4038
f 3931//3931 4034//4034 3927//3927
f 3927//3927 4034//4034 3982//3982
f 3927//3927 3982//3982 3926//3926
f 1426//1426 1425//1425 4039//4039
f 4008//4008 4010//4010 4040//4040
f 4033//4033 4041//4041 4038//4038
f 4038//4038 4041//4041 4042//4042
f 4038//4038 4042//4042 4043//4043
f 4043//4043 4042//4042 4044//4044
f 4043//4043 4044//4044 4018//4018
f 4018//4018 4044//4044 4045//4045
f 4018//4018 4045//4045 4019//4019
f 4046//4046 4047//4047 3991//3991
f 3991//3991 4047//4047 4048//4048
f 3991//3991 4048//4048 4049//4049
f 4049//4049 4050//4050 3991//3991
f 3991//3991 4050//4050 4051//4051
f 3991//3991 4051//4051 4001//4001
f 4016//4016 4052//4052 4017//4017
f 4017//4017 4052//4052 4053//4053
f 4017//4017 4053//4053 4054//4054
f 4054//4054 4053//4053 4055//4055
f 4054//4054 4055//4055 4009//4009
f 4009//4009 4055//4055 4056//4056
f 4009//4009 4056//4056 4010//4010
f 4010//4010 4057//4057 4040//4040
f 4040//4040 4057//4057 4058//4058
f 4040//4040 4058//4058 4059//4059
f 4059//4059 4058//4058 4060//4060
f 4059//4059 4060//4060 4036//4036
f 4036//4036 4060//4060 4061//4061
f 4036//4036 4061//4061 4037//4037
f 4046//4046 3991//3991 4062//4062
f 4062//4062 3991//3991 3990//3990
f 4062//4062 3990//3990 4034//4034
f 4034//4034 3990//3990 3983//3983
f 4034//4034 3983//3983 3982//3982
f 4035//4035 4037//4037 4039//4039
f 4039//4039 4037//4037 4063//4063
f 4039//4039 4063//4063 1426//1426
f 4039//4039 4064//4064 4065//4065
f 4066//4066 4051//4051 4067//4067
f 4067//4067 4051//4051 4050//4050
f 4067//4067 4050//4050 4068//4068
f 4068//4068 4050//4050 4049//4049
f 4068//4068 4049//4049 4069//4069
f 4069//4069 4049//4049 4048//4048
f 4069//4069 4048//4048 4070//4070
f 4070//4070 4048//4048 4047//4047
f 4070//4070 4047//4047 4071//4071
f 4071//4071 4047//4047 4046//4046
f 4071//4071 4046//4046 4072//4072
f 4072//4072 4046//4046 4062//4062
f 4072//4072 4062//4062 4073//4073
f 4073//4073 4062//4062 4034//4034
f 4073//4073 4034//4034 4074//4074
f 4074//4074 4034//4034 4038//4038
f 4074//4074 4038//4038 4075//4075
f 4075//4075 4038//4038 4043//4043
f 4075//4075 4043//4043 4076//4076
f 4076//4076 4043//4043 4018//4018
f 4076//4076 4018//4018 4077//4077
f 4077//4077 4018//4018 4020//4020
f 4077//4077 4020//4020 4078//4078
f 4078//4078 4020//4020 4022//4022
f 4078//4078 4022//4022 4079//4079
f 4079//4079 4022//4022 4024//4024
f 4079//4079 4024//4024 4080//4080
f 4080//4080 4024//4024 4026//4026
f 4080//4080 4026//4026 4081//4081
f 4081//4081 4026//4026 4028//4028
f 4081//4081 4028//4028 4082//4082
f 4082//4082 4028//4028 4030//4030
f 4082//4082 4030//4030 4083//4083
f 4083//4083 4030//4030 4003//4003
f 4083//4083 4003//4003 4084//4084
f 4084//4084 4003//4003 4002//4002
f 4084//4084 4002//4002 4085//4085
f 4085//4085 4002//4002 4006//4006
f 4085//4085 4006//4006 4086//4086
f 4086//4086 4006//4006 4005//4005
f 4086//4086 4005//4005 4087//4087
f 4087//4087 4005//4005 4011//4011
f 4087//4087 4011//4011 4088//4088
f 4088//4088 4011//4011 4015//4015
f 4088//4088 4015//4015 4089//4089
f 4089//4089 4015//4015 4017//4017
f 4089//4089 4017//4017 4090//4090
f 4090//4090 4017//4017 4054//4054
f 4090//4090 4054//4054 4091//4091
f 4091//4091 4054//4054 4009//4009
f 4091//4091 4009//4009 4092//4092
f 4092//4092 4009//4009 4008//4008
f 4092//4092 4008//4008 4093//4093
f 4093//4093 4008//4008 4040//4040
f 4093//4093 4040//4040 4094//4094
f 4094//4094 4040//4040 4059//4059
f 4094//4094 4059//4059 4095//4095
f 4095//4095 4059//4059 4036//4036
f 4095//4095 4036//4036 4065//4065
f 4065//4065 4036//4036 4035//4035
f 4065//4065 4035//4035 4039//4039
f 4039//4039 1425//1425 4064//4064
f 4064//4064 1425//1425 1470//1470
f 3902//3902 4079//4079 4080//4080
f 3900//3900 4081//4081 4082//4082
f 3904//3904 4077//4077 4078//4078
f 4081//4081 3900//3900 4080//4080
f 4080//4080 3900//3900 3901//3901
f 4080//4080 3901//3901 3902//3902
f 4077//4077 3904//3904 4076//4076
f 4079//4079 3902//3902 4078//4078
f 4078//4078 3902//3902 3903//3903
f 4078//4078 3903//3903 3904//3904
f 2793//2793 2834//2834 4073//4073
f 4073//4073 2834//2834 2833//2833
f 4087//4087 3894//3894 4086//4086
f 4086//4086 3894//3894 3895//3895
f 4086//4086 3895//3895 4085//4085
f 4085//4085 3895//3895 3896//3896
f 4085//4085 3896//3896 4084//4084
f 4084//4084 3896//3896 3897//3897
f 4084//4084 3897//3897 4083//4083
f 4083//4083 3897//3897 3898//3898
f 4083//4083 3898//3898 4082//4082
f 4082//4082 3898//3898 3899//3899
f 4082//4082 3899//3899 3900//3900
f 4074//4074 2804//2804 4073//4073
f 4073//4073 2804//2804 2794//2794
f 4073//4073 2794//2794 2793//2793
f 4090//4090 3890//3890 4089//4089
f 4089//4089 3890//3890 3891//3891
f 4089//4089 3891//3891 4088//4088
f 4088//4088 3891//3891 3892//3892
f 4088//4088 3892//3892 4087//4087
f 4087//4087 3892//3892 3893//3893
f 4087//4087 3893//3893 3894//3894
f 2859//2859 4096//4096 4066//4066
f 4066//4066 4067//4067 2859//2859
f 2859//2859 4067//4067 4068//4068
f 2859//2859 4068//4068 4069//4069
f 2833//2833 2868//2868 4073//4073
f 4073//4073 2868//2868 2863//2863
f 4073//4073 2863//2863 2858//2858
f 3904//3904 3905//3905 4076//4076
f 4076//4076 3905//3905 2817//2817
f 4076//4076 2817//2817 4075//4075
f 4075//4075 2817//2817 2808//2808
f 4075//4075 2808//2808 4074//4074
f 4074//4074 2808//2808 2806//2806
f 4074//4074 2806//2806 2804//2804
f 4092//4092 3887//3887 4091//4091
f 4091//4091 3887//3887 3888//3888
f 4091//4091 3888//3888 4090//4090
f 4090//4090 3888//3888 3889//3889
f 4090//4090 3889//3889 3890//3890
f 4069//4069 4070//4070 2859//2859
f 2859//2859 4070//4070 4071//4071
f 2859//2859 4071//4071 2858//2858
f 2858//2858 4071//4071 4072//4072
f 2858//2858 4072//4072 4073//4073
f 1470//1470 948//948 4064//4064
f 4064//4064 948//948 3809//3809
f 4064//4064 3809//3809 4065//4065
f 4065//4065 3809//3809 3882//3882
f 4065//4065 3882//3882 4095//4095
f 4095//4095 3882//3882 3883//3883
f 4095//4095 3883//3883 4094//4094
f 4094//4094 3883//3883 3884//3884
f 4094//4094 3884//3884 4093//4093
f 4093//4093 3884//3884 3885//3885
f 4093//4093 3885//3885 4092//4092
f 4092//4092 3885//3885 3886//3886
f 4092//4092 3886//3886 3887//3887
f 1472//1472 1477//1477 4096//4096
f 4096//4096 1477//1477 4001//4001
f 4096//4096 4001//4001 4066//4066
f 4066//4066 4001//4001 4051//4051
f 2859//2859 2857//2857 4096//4096
f 4096//4096 2857//2857 1473//1473
f 4096//4096 1473//1473 1472//1472
f 2855//2855 2853//2853 1299//1299
f 1299//1299 1475//1475 2855//2855
f 2855//2855 1475//1475 1474//1474
f 2855//2855 1474//1474 2857//2857
f 2857//2857 1474//1474 1476//1476
f 2857//2857 1476//1476 1473//1473
f 2853//2853 2940//2940 1299//1299
f 1299//1299 2940//2940 1298//1298
f 4097//4097 1305//1305 1306//1306
f 1304//1304 1303//1303 2941//2941
f 2941//2941 1303//1303 1298//1298
f 2941//2941 1298//1298 2940//2940
f 2943//2943 4097//4097 2942//2942
f 2942//2942 4097//4097 1306//1306
f 2942//2942 1306//1306 2941//2941
f 2941//2941 1306//1306 1307//1307
f 2941//2941 1307//1307 1304//1304
f 4098//4098 4099//4099 4100//4100
f 4101//4101 4098//4098 4102//4102
f 4103//4103 4101//4101 4104//4104
f 4098//4098 4100//4100 4102//4102
f 4102//4102 4100//4100 4105//4105
f 4102//4102 4105//4105 4106//4106
f 4106//4106 4105//4105 4107//4107
f 4106//4106 4107//4107 4108//4108
f 4107//4107 4109//4109 4108//4108
f 4108//4108 4109//4109 4110//4110
f 4108//4108 4110//4110 4111//4111
f 4111//4111 4110//4110 4112//4112
f 4111//4111 4112//4112 4113//4113
f 4101//4101 4102//4102 4104//4104
f 4104//4104 4102//4102 4106//4106
f 4104//4104 4106//4106 4114//4114
f 4114//4114 4106//4106 4108//4108
f 4114//4114 4108//4108 4115//4115
f 4115//4115 4108//4108 4111//4111
f 4115//4115 4111//4111 4116//4116
f 4116//4116 4111//4111 4113//4113
f 4116//4116 4113//4113 4117//4117
f 4103//4103 4104//4104 4118//4118
f 4118//4118 4104//4104 4114//4114
f 4118//4118 4114//4114 4119//4119
f 4119//4119 4114//4114 4115//4115
f 4119//4119 4115//4115 4120//4120
f 4120//4120 4115//4115 4116//4116
f 4120//4120 4116//4116 4121//4121
f 4121//4121 4116//4116 4117//4117
f 4121//4121 4117//4117 4122//4122
f 4123//4123 4124//4124 4125//4125
f 4126//4126 4127//4127 4128//4128
f 4128//4128 4127//4127 4129//4129
f 4128//4128 4129//4129 4130//4130
f 4130//4130 4129//4129 4131//4131
f 4126//4126 4132//4132 4133//4133
f 4133//4133 4132//4132 4134//4134
f 4133//4133 4134//4134 4135//4135
f 4135//4135 4134//4134 4136//4136
f 4135//4135 4136//4136 4137//4137
f 4137//4137 4136//4136 4138//4138
f 4137//4137 4138//4138 4139//4139
f 4139//4139 4138//4138 4140//4140
f 4139//4139 4140//4140 4141//4141
f 4142//4142 4143//4143 4144//4144
f 4144//4144 4143//4143 4145//4145
f 4144//4144 4145//4145 4146//4146
f 4146//4146 4145//4145 4147//4147
f 4146//4146 4147//4147 4131//4131
f 4131//4131 4147//4147 4148//4148
f 4131//4131 4148//4148 4130//4130
f 4140//4140 4149//4149 4141//4141
f 4141//4141 4149//4149 4150//4150
f 4141//4141 4150//4150 4151//4151
f 4151//4151 4150//4150 4152//4152
f 4151//4151 4152//4152 4125//4125
f 4125//4125 4152//4152 4153//4153
f 4125//4125 4153//4153 4123//4123
f 4126//4126 4133//4133 4127//4127
f 4127//4127 4133//4133 4135//4135
f 4127//4127 4135//4135 4129//4129
f 4129//4129 4135//4135 4137//4137
f 4129//4129 4137//4137 4131//4131
f 4131//4131 4137//4137 4139//4139
f 4131//4131 4139//4139 4146//4146
f 4146//4146 4139//4139 4141//4141
f 4146//4146 4141//4141 4144//4144
f 4144//4144 4141//4141 4151//4151
f 4144//4144 4151//4151 4142//4142
f 4142//4142 4151//4151 4125//4125
f 4142//4142 4125//4125 4154//4154
f 4154//4154 4125//4125 4124//4124
f 4154//4154 4124//4124 4155//4155
f 4156//4156 4157//4157 4155//4155
f 4155//4155 4157//4157 4158//4158
f 4155//4155 4158//4158 4154//4154
f 4154//4154 4158//4158 4159//4159
f 4154//4154 4159//4159 4142//4142
f 4142//4142 4159//4159 4160//4160
f 4142//4142 4160//4160 4143//4143
f 4112//4112 4156//4156 4113//4113
f 4113//4113 4156//4156 4155//4155
f 4113//4113 4155//4155 4117//4117
f 4117//4117 4155//4155 4124//4124
f 4117//4117 4124//4124 4122//4122
f 4122//4122 4124//4124 4123//4123
f 4105//4105 4100//4100 4161//4161
f 4161//4161 4100//4100 4099//4099
f 4161//4161 4099//4099 4162//4162
f 4110//4110 4109//4109 4161//4161
f 4161//4161 4109//4109 4107//4107
f 4161//4161 4107//4107 4105//4105
f 4110//4110 4161//4161 4112//4112
f 4112//4112 4161//4161 4163//4163
f 4112//4112 4163//4163 4156//4156
f 4156//4156 4163//4163 4164//4164
f 4156//4156 4164//4164 4157//4157
f 4160//4160 4159//4159 4164//4164
f 4164//4164 4159//4159 4158//4158
f 4164//4164 4158//4158 4157//4157
f 4148//4148 4147//4147 4165//4165
f 4165//4165 4147//4147 4145//4145
f 4165//4165 4145//4145 4164//4164
f 4164//4164 4145//4145 4143//4143
f 4164//4164 4143//4143 4160//4160
f 4166//4166 4126//4126 4128//4128
f 4166//4166 4128//4128 4165//4165
f 4165//4165 4128//4128 4130//4130
f 4165//4165 4130//4130 4148//4148
f 3602//3602 4166//4166 4167//4167
f 4167//4167 4166//4166 4165//4165
f 4167//4167 4165//4165 4168//4168
f 4168//4168 4165//4165 4164//4164
f 4168//4168 4164//4164 4169//4169
f 4169//4169 4164//4164 4163//4163
f 4169//4169 4163//4163 4170//4170
f 4170//4170 4163//4163 4161//4161
f 4170//4170 4161//4161 4171//4171
f 4171//4171 4161//4161 4162//4162
f 4172//4172 4173//4173 4174//4174
f 4175//4175 4176//4176 4177//4177
f 4177//4177 4176//4176 4178//4178
f 4177//4177 4178//4178 4179//4179
f 4179//4179 4178//4178 4180//4180
f 4179//4179 4180//4180 4181//4181
f 4181//4181 4180//4180 4182//4182
f 4181//4181 4182//4182 4183//4183
f 4183//4183 4182//4182 4184//4184
f 4183//4183 4184//4184 4185//4185
f 4185//4185 4184//4184 4186//4186
f 4185//4185 4186//4186 4187//4187
f 4187//4187 4186//4186 4188//4188
f 4187//4187 4188//4188 4189//4189
f 4189//4189 4188//4188 4190//4190
f 4189//4189 4190//4190 4191//4191
f 4191//4191 4190//4190 4192//4192
f 4191//4191 4192//4192 4193//4193
f 4193//4193 4192//4192 4194//4194
f 4193//4193 4194//4194 4195//4195
f 4195//4195 4194//4194 4196//4196
f 4195//4195 4196//4196 4197//4197
f 4197//4197 4196//4196 4198//4198
f 4197//4197 4198//4198 4199//4199
f 4199//4199 4198//4198 4200//4200
f 4199//4199 4200//4200 4201//4201
f 4201//4201 4200//4200 4202//4202
f 4201//4201 4202//4202 4203//4203
f 4203//4203 4202//4202 4204//4204
f 4203//4203 4204//4204 4205//4205
f 4205//4205 4204//4204 4206//4206
f 4205//4205 4206//4206 4207//4207
f 4207//4207 4206//4206 4208//4208
f 4207//4207 4208//4208 4209//4209
f 4209//4209 4208//4208 4210//4210
f 4209//4209 4210//4210 4211//4211
f 4211//4211 4210//4210 4212//4212
f 4211//4211 4212//4212 4213//4213
f 4213//4213 4212//4212 4214//4214
f 4213//4213 4214//4214 4215//4215
f 4215//4215 4214//4214 4216//4216
f 4215//4215 4216//4216 4217//4217
f 4217//4217 4216//4216 4218//4218
f 4217//4217 4218//4218 4219//4219
f 4219//4219 4218//4218 4220//4220
f 4219//4219 4220//4220 4221//4221
f 4221//4221 4220//4220 4222//4222
f 4221//4221 4222//4222 4223//4223
f 4223//4223 4222//4222 4224//4224
f 4223//4223 4224//4224 4225//4225
f 4225//4225 4224//4224 4226//4226
f 4225//4225 4226//4226 4227//4227
f 4227//4227 4226//4226 4228//4228
f 4227//4227 4228//4228 4229//4229
f 4229//4229 4228//4228 4230//4230
f 4229//4229 4230//4230 4231//4231
f 4231//4231 4230//4230 4232//4232
f 4231//4231 4232//4232 4233//4233
f 4233//4233 4232//4232 4234//4234
f 4233//4233 4234//4234 4174//4174
f 4174//4174 4234//4234 4235//4235
f 4174//4174 4235//4235 4172//4172
f 4216//4216 4214//4214 4236//4236
f 4224//4224 4222//4222 4171//4171
f 4216//4216 4236//4236 4218//4218
f 4202//4202 4237//4237 4204//4204
f 4204//4204 4237//4237 4238//4238
f 4204//4204 4238//4238 4206//4206
f 4206//4206 4238//4238 4239//4239
f 4206//4206 4239//4239 4208//4208
f 4208//4208 4239//4239 4240//4240
f 4208//4208 4240//4240 4210//4210
f 4210//4210 4240//4240 4241//4241
f 4210//4210 4241//4241 4212//4212
f 4212//4212 4241//4241 4242//4242
f 4212//4212 4242//4242 4214//4214
f 4214//4214 4242//4242 4243//4243
f 4214//4214 4243//4243 4236//4236
f 4162//4162 4099//4099 4244//4244
f 4190//4190 4245//4245 4192//4192
f 4192//4192 4245//4245 4246//4246
f 4192//4192 4246//4246 4194//4194
f 4246//4246 4247//4247 4194//4194
f 4194//4194 4247//4247 4248//4248
f 4194//4194 4248//4248 4196//4196
f 4196//4196 4248//4248 4249//4249
f 4196//4196 4249//4249 4198//4198
f 4198//4198 4249//4249 4250//4250
f 4198//4198 4250//4250 4200//4200
f 4200//4200 4250//4250 4251//4251
f 4200//4200 4251//4251 4202//4202
f 4202//4202 4251//4251 4252//4252
f 4202//4202 4252//4252 4237//4237
f 4171//4171 4162//4162 4224//4224
f 4224//4224 4162//4162 4244//4244
f 4224//4224 4244//4244 4226//4226
f 4226//4226 4244//4244 4253//4253
f 4226//4226 4253//4253 4254//4254
f 4236//4236 4255//4255 4218//4218
f 4218//4218 4255//4255 4256//4256
f 4218//4218 4256//4256 4220//4220
f 4220//4220 4256//4256 4257//4257
f 4220//4220 4257//4257 4222//4222
f 4222//4222 4257//4257 4258//4258
f 4222//4222 4258//4258 4259//4259
f 4259//4259 4260//4260 4222//4222
f 4222//4222 4260//4260 4261//4261
f 4222//4222 4261//4261 4171//4171
f 4262//4262 4172//4172 4263//4263
f 4263//4263 4172//4172 4235//4235
f 4263//4263 4235//4235 4234//4234
f 4184//4184 4264//4264 4186//4186
f 4186//4186 4264//4264 4265//4265
f 4186//4186 4265//4265 4188//4188
f 4188//4188 4265//4265 4266//4266
f 4188//4188 4266//4266 4190//4190
f 4190//4190 4266//4266 4267//4267
f 4190//4190 4267//4267 4245//4245
f 4234//4234 4232//4232 4263//4263
f 4263//4263 4232//4232 4230//4230
f 4263//4263 4230//4230 4254//4254
f 4254//4254 4230//4230 4228//4228
f 4254//4254 4228//4228 4226//4226
f 39//39 38//38 4176//4176
f 4176//4176 38//38 4268//4268
f 4176//4176 4268//4268 4178//4178
f 4178//4178 4268//4268 4269//4269
f 4178//4178 4269//4269 4180//4180
f 4180//4180 4269//4269 4270//4270
f 4180//4180 4270//4270 4182//4182
f 4182//4182 4270//4270 4271//4271
f 4182//4182 4271//4271 4184//4184
f 4184//4184 4271//4271 4272//4272
f 4184//4184 4272//4272 4264//4264
f 39//39 4176//4176 2255//2255
f 2255//2255 4176//4176 4175//4175
f 3180//3180 4201//4201 4203//4203
f 4201//4201 3180//3180 4199//4199
f 4221//4221 3046//3046 3078//3078
f 4217//4217 3196//3196 4215//4215
f 4215//4215 3196//3196 3194//3194
f 4215//4215 3194//3194 4213//4213
f 4213//4213 3194//3194 3192//3192
f 4213//4213 3192//3192 4211//4211
f 4211//4211 3192//3192 3190//3190
f 4211//4211 3190//3190 4209//4209
f 4209//4209 3190//3190 3188//3188
f 4209//4209 3188//3188 4207//4207
f 4207//4207 3188//3188 3186//3186
f 4207//4207 3186//3186 4205//4205
f 4205//4205 3186//3186 3184//3184
f 4205//4205 3184//3184 4203//4203
f 4203//4203 3184//3184 3182//3182
f 4203//4203 3182//3182 3180//3180
f 3046//3046 4221//4221 3045//3045
f 4191//4191 3166//3166 4189//4189
f 4189//4189 3166//3166 3164//3164
f 4189//4189 3164//3164 4187//4187
f 3180//3180 3178//3178 4199//4199
f 4199//4199 3178//3178 3176//3176
f 4199//4199 3176//3176 4197//4197
f 4197//4197 3176//3176 3174//3174
f 4197//4197 3174//3174 4195//4195
f 4195//4195 3174//3174 3172//3172
f 4195//4195 3172//3172 4193//4193
f 4193//4193 3172//3172 3170//3170
f 4193//4193 3170//3170 4191//4191
f 4191//4191 3170//3170 3168//3168
f 4191//4191 3168//3168 3166//3166
f 2131//2131 2255//2255 4175//4175
f 3150//3150 4177//4177 4179//4179
f 2948//2948 2916//2916 4225//4225
f 4225//4225 2916//2916 3045//3045
f 4225//4225 3045//3045 4223//4223
f 4223//4223 3045//3045 4221//4221
f 4233//4233 2943//2943 4231//4231
f 4231//4231 2943//2943 4229//4229
f 3078//3078 3073//3073 4221//4221
f 4221//4221 3073//3073 3069//3069
f 4221//4221 3069//3069 4219//4219
f 4219//4219 3069//3069 3055//3055
f 4219//4219 3055//3055 4217//4217
f 4217//4217 3055//3055 3054//3054
f 4217//4217 3054//3054 3196//3196
f 4233//4233 4174//4174 2943//2943
f 2943//2943 4174//4174 4173//4173
f 2943//2943 4173//4173 4097//4097
f 4177//4177 3150//3150 4175//4175
f 4175//4175 3150//3150 3085//3085
f 4175//4175 3085//3085 2131//2131
f 3164//3164 3162//3162 4187//4187
f 4187//4187 3162//3162 3160//3160
f 4187//4187 3160//3160 4185//4185
f 4185//4185 3160//3160 3158//3158
f 4185//4185 3158//3158 4183//4183
f 4183//4183 3158//3158 3156//3156
f 4183//4183 3156//3156 4181//4181
f 4181//4181 3156//3156 3154//3154
f 4181//4181 3154//3154 4179//4179
f 4179//4179 3154//3154 3152//3152
f 4179//4179 3152//3152 3150//3150
f 4229//4229 2943//2943 4227//4227
f 4227//4227 2943//2943 2938//2938
f 4227//4227 2938//2938 4225//4225
f 4225//4225 2938//2938 2939//2939
f 4225//4225 2939//2939 2948//2948
f 4173//4173 4172//4172 4097//4097
f 4097//4097 4172//4172 4262//4262
f 4097//4097 4262//4262 1305//1305
f 1305//1305 4262//4262 2261//2261
f 4262//4262 4263//4263 4273//4273
f 2264//2264 2263//2263 4273//4273
f 2261//2261 4262//4262 2262//2262
f 2262//2262 4262//4262 4273//4273
f 2262//2262 4273//4273 2267//2267
f 2267//2267 4273//4273 2263//2263
f 4273//4273 4274//4274 2264//2264
f 2264//2264 4274//4274 3998//3998
f 2264//2264 3998//3998 154//154
f 4254//4254 4253//4253 4275//4275
f 4275//4275 4253//4253 4276//4276
f 4275//4275 4276//4276 4277//4277
f 4277//4277 4276//4276 4278//4278
f 4277//4277 4278//4278 3999//3999
f 3999//3999 4278//4278 4000//4000
f 4263//4263 4254//4254 4273//4273
f 4273//4273 4254//4254 4275//4275
f 4273//4273 4275//4275 4274//4274
f 4274//4274 4275//4275 4277//4277
f 4274//4274 4277//4277 3998//3998
f 3998//3998 4277//4277 3999//3999
f 4279//4279 4280//4280 4281//4281
f 4244//4244 4099//4099 4282//4282
f 4282//4282 4099//4099 4098//4098
f 4282//4282 4098//4098 4281//4281
f 4281//4281 4098//4098 4101//4101
f 4281//4281 4101//4101 4279//4279
f 4279//4279 4101//4101 4103//4103
f 4253//4253 4244//4244 4276//4276
f 4276//4276 4244//4244 4282//4282
f 4276//4276 4282//4282 4278//4278
f 4278//4278 4282//4282 4281//4281
f 4278//4278 4281//4281 4000//4000
f 4000//4000 4281//4281 4280//4280
f 3978//3978 3979//3979 4283//4283
f 3977//3977 4284//4284 3976//3976
f 3976//3976 4284//4284 4285//4285
f 3976//3976 4285//4285 3964//3964
f 4118//4118 3979//3979 3980//3980
f 3989//3989 4000//4000 3988//3988
f 3988//3988 4000//4000 4280//4280
f 3988//3988 4280//4280 3981//3981
f 3981//3981 4280//4280 4279//4279
f 3981//3981 4279//4279 3980//3980
f 3980//3980 4279//4279 4103//4103
f 3980//3980 4103//4103 4118//4118
f 4118//4118 4119//4119 3979//3979
f 3979//3979 4119//4119 4120//4120
f 3979//3979 4120//4120 4283//4283
f 4283//4283 4120//4120 4121//4121
f 4283//4283 4121//4121 4286//4286
f 4286//4286 4121//4121 4122//4122
f 4287//4287 4288//4288 4289//4289
f 4289//4289 4288//4288 4290//4290
f 4289//4289 4290//4290 4291//4291
f 4289//4289 4283//4283 4292//4292
f 4292//4292 4293//4293 4289//4289
f 4289//4289 4293//4293 4294//4294
f 4289//4289 4294//4294 4295//4295
f 4295//4295 4296//4296 4289//4289
f 4289//4289 4296//4296 4297//4297
f 4289//4289 4297//4297 4287//4287
f 4291//4291 4298//4298 4289//4289
f 4289//4289 4298//4298 4299//4299
f 4289//4289 4299//4299 4300//4300
f 4300//4300 4301//4301 4289//4289
f 4289//4289 4301//4301 4284//4284
f 4289//4289 4284//4284 4283//4283
f 4283//4283 4284//4284 3977//3977
f 4283//4283 3977//3977 3978//3978
f 3963//3963 3964//3964 4285//4285
f 4302//4302 3961//3961 3962//3962
f 3949//3949 3951//3951 4303//4303
f 4303//4303 3951//3951 3953//3953
f 4303//4303 3953//3953 3955//3955
f 3912//3912 3943//3943 4304//4304
f 4304//4304 3943//3943 3945//3945
f 4304//4304 3945//3945 3947//3947
f 4140//4140 4138//4138 4305//4305
f 4305//4305 4138//4138 4136//4136
f 4136//4136 4134//4134 4305//4305
f 4305//4305 4134//4134 4132//4132
f 4305//4305 4132//4132 4126//4126
f 4152//4152 4150//4150 4306//4306
f 4306//4306 4150//4150 4149//4149
f 4307//4307 4286//4286 4122//4122
f 4122//4122 4123//4123 4307//4307
f 4307//4307 4123//4123 4153//4153
f 4307//4307 4153//4153 4152//4152
f 4149//4149 4140//4140 4306//4306
f 4306//4306 4140//4140 4305//4305
f 4306//4306 4305//4305 4308//4308
f 4308//4308 4305//4305 4309//4309
f 4309//4309 4310//4310 4308//4308
f 4308//4308 4310//4310 4311//4311
f 4308//4308 4311//4311 4312//4312
f 4312//4312 4311//4311 4313//4313
f 4312//4312 4313//4313 4314//4314
f 4314//4314 4313//4313 4315//4315
f 4314//4314 4315//4315 4316//4316
f 4315//4315 4317//4317 4316//4316
f 4316//4316 4317//4317 4318//4318
f 4316//4316 4318//4318 4319//4319
f 4319//4319 4318//4318 4320//4320
f 4319//4319 4320//4320 4321//4321
f 4320//4320 4322//4322 4321//4321
f 4321//4321 4322//4322 4323//4323
f 4321//4321 4323//4323 4324//4324
f 4324//4324 4323//4323 4325//4325
f 4326//4326 4327//4327 4325//4325
f 4325//4325 4327//4327 4328//4328
f 4325//4325 4328//4328 4324//4324
f 4326//4326 4329//4329 4327//4327
f 4327//4327 4329//4329 4330//4330
f 4327//4327 4330//4330 4331//4331
f 4331//4331 4330//4330 4332//4332
f 4331//4331 4332//4332 4333//4333
f 4333//4333 4332//4332 4334//4334
f 4333//4333 4334//4334 4335//4335
f 4286//4286 4307//4307 4283//4283
f 4283//4283 4307//4307 4336//4336
f 4283//4283 4336//4336 4292//4292
f 4292//4292 4336//4336 4337//4337
f 4292//4292 4337//4337 4293//4293
f 4293//4293 4337//4337 4338//4338
f 4293//4293 4338//4338 4294//4294
f 4294//4294 4338//4338 4339//4339
f 4294//4294 4339//4339 4295//4295
f 4295//4295 4339//4339 4340//4340
f 4295//4295 4340//4340 4296//4296
f 4296//4296 4340//4340 4341//4341
f 4296//4296 4341//4341 4297//4297
f 4297//4297 4341//4341 4342//4342
f 4297//4297 4342//4342 4287//4287
f 4287//4287 4342//4342 4343//4343
f 4287//4287 4343//4343 4288//4288
f 4288//4288 4343//4343 4344//4344
f 4288//4288 4344//4344 4290//4290
f 4290//4290 4344//4344 4345//4345
f 4290//4290 4345//4345 4291//4291
f 4291//4291 4345//4345 4346//4346
f 4291//4291 4346//4346 4298//4298
f 4298//4298 4346//4346 4347//4347
f 4298//4298 4347//4347 4299//4299
f 4299//4299 4347//4347 4348//4348
f 4299//4299 4348//4348 4300//4300
f 4300//4300 4348//4348 4349//4349
f 4300//4300 4349//4349 4301//4301
f 3947//3947 3949//3949 4304//4304
f 4304//4304 3949//3949 4303//4303
f 4304//4304 4303//4303 4350//4350
f 4350//4350 4303//4303 4351//4351
f 4350//4350 4351//4351 4352//4352
f 4352//4352 4351//4351 4353//4353
f 4352//4352 4353//4353 4354//4354
f 4354//4354 4353//4353 4335//4335
f 4354//4354 4335//4335 4355//4355
f 4355//4355 4335//4335 4334//4334
f 4152//4152 4306//4306 4307//4307
f 4307//4307 4306//4306 4308//4308
f 4307//4307 4308//4308 4336//4336
f 4336//4336 4308//4308 4312//4312
f 4336//4336 4312//4312 4337//4337
f 4337//4337 4312//4312 4314//4314
f 4337//4337 4314//4314 4338//4338
f 4338//4338 4314//4314 4316//4316
f 4338//4338 4316//4316 4339//4339
f 4339//4339 4316//4316 4319//4319
f 4339//4339 4319//4319 4340//4340
f 4340//4340 4319//4319 4321//4321
f 4340//4340 4321//4321 4341//4341
f 4341//4341 4321//4321 4324//4324
f 4341//4341 4324//4324 4342//4342
f 4342//4342 4324//4324 4328//4328
f 4342//4342 4328//4328 4343//4343
f 4343//4343 4328//4328 4327//4327
f 4343//4343 4327//4327 4344//4344
f 4344//4344 4327//4327 4331//4331
f 4344//4344 4331//4331 4345//4345
f 4345//4345 4331//4331 4333//4333
f 4345//4345 4333//4333 4346//4346
f 4346//4346 4333//4333 4335//4335
f 4346//4346 4335//4335 4347//4347
f 4347//4347 4335//4335 4353//4353
f 4347//4347 4353//4353 4348//4348
f 4348//4348 4353//4353 4351//4351
f 4348//4348 4351//4351 4349//4349
f 4349//4349 4351//4351 4303//4303
f 4349//4349 4303//4303 4302//4302
f 4302//4302 4303//4303 3955//3955
f 4302//4302 3955//3955 3961//3961
f 3962//3962 3963//3963 4302//4302
f 4302//4302 3963//3963 4285//4285
f 4302//4302 4285//4285 4349//4349
f 4349//4349 4285//4285 4284//4284
f 4349//4349 4284//4284 4301//4301
f 3936//3936 3907//3907 4356//4356
f 4356//4356 3907//3907 3669//3669
f 4356//4356 3669//3669 4357//4357
f 4357//4357 3669//3669 4358//4358
f 4359//4359 4360//4360 3668//3668
f 3668//3668 4360//4360 4361//4361
f 3668//3668 4361//4361 3669//3669
f 3669//3669 4361//4361 4362//4362
f 3669//3669 4362//4362 4358//4358
f 4363//4363 4364//4364 3667//3667
f 3667//3667 4364//4364 4365//4365
f 3667//3667 4365//4365 3668//3668
f 3668//3668 4365//4365 4366//4366
f 3668//3668 4366//4366 4359//4359
f 4367//4367 4368//4368 3666//3666
f 3666//3666 4368//4368 4369//4369
f 3666//3666 4369//4369 3667//3667
f 3667//3667 4369//4369 4370//4370
f 3667//3667 4370//4370 4363//4363
f 3664//3664 3682//3682 4371//4371
f 3664//3664 4371//4371 3665//3665
f 4371//4371 4372//4372 3665//3665
f 3665//3665 4372//4372 4373//4373
f 3665//3665 4373//4373 3666//3666
f 3666//3666 4373//4373 4374//4374
f 3666//3666 4374//4374 4367//4367
f 3644//3644 3643//3643 3680//3680
f 3680//3680 3643//3643 3649//3649
f 3680//3680 3649//3649 3663//3663
f 3663//3663 3649//3649 3652//3652
f 3663//3663 3652//3652 3655//3655
f 3644//3644 3680//3680 3645//3645
f 3645//3645 3680//3680 3679//3679
f 3645//3645 3679//3679 3646//3646
f 3623//3623 3621//3621 3678//3678
f 3678//3678 3621//3621 3648//3648
f 3678//3678 3648//3648 3679//3679
f 3679//3679 3648//3648 3647//3647
f 3679//3679 3647//3647 3646//3646
f 3614//3614 3612//3612 3677//3677
f 3677//3677 3612//3612 3626//3626
f 3677//3677 3626//3626 3678//3678
f 3678//3678 3626//3626 3625//3625
f 3678//3678 3625//3625 3623//3623
f 3676//3676 3603//3603 3604//3604
f 3604//3604 3606//3606 3676//3676
f 3676//3676 3606//3606 3617//3617
f 3676//3676 3617//3617 3677//3677
f 3677//3677 3617//3617 3616//3616
f 3677//3677 3616//3616 3614//3614
f 4310//4310 4309//4309 3675//3675
f 3675//3675 4309//4309 4305//4305
f 3675//3675 4305//4305 3676//3676
f 3602//3602 3603//3603 4166//4166
f 4166//4166 3603//3603 3676//3676
f 4166//4166 3676//3676 4126//4126
f 4126//4126 3676//3676 4305//4305
f 4317//4317 4315//4315 3674//3674
f 3674//3674 4315//4315 4313//4313
f 3674//3674 4313//4313 3675//3675
f 3675//3675 4313//4313 4311//4311
f 3675//3675 4311//4311 4310//4310
f 4323//4323 3673//3673 4325//4325
f 4325//4325 3673//3673 3672//3672
f 4325//4325 3672//3672 4326//4326
f 4326//4326 3672//3672 4329//4329
f 4323//4323 4322//4322 3673//3673
f 3673//3673 4322//4322 4320//4320
f 3673//3673 4320//4320 3674//3674
f 3674//3674 4320//4320 4318//4318
f 3674//3674 4318//4318 4317//4317
f 4329//4329 3672//3672 4330//4330
f 4330//4330 3672//3672 3671//3671
f 4330//4330 3671//3671 4332//4332
f 3907//3907 3912//3912 3669//3669
f 3669//3669 3912//3912 4304//4304
f 3669//3669 4304//4304 3670//3670
f 3670//3670 4304//4304 4350//4350
f 3670//3670 4350//4350 4352//4352
f 4352//4352 4354//4354 3670//3670
f 3670//3670 4354//4354 4355//4355
f 3670//3670 4355//4355 3671//3671
f 3671//3671 4355//4355 4334//4334
f 3671//3671 4334//4334 4332//4332
f 4375//4375 4376//4376 4377//4377
f 4378//4378 4379//4379 4380//4380
f 4373//4373 4372//4372 4381//4381
f 4382//4382 4383//4383 4384//4384
f 4385//4385 4386//4386 4387//4387
f 4369//4369 4368//4368 4388//4388
f 4389//4389 4390//4390 4391//4391
f 4365//4365 4364//4364 4392//4392
f 4393//4393 4394//4394 4395//4395
f 4396//4396 4397//4397 4398//4398
f 4361//4361 4360//4360 4399//4399
f 4400//4400 4401//4401 4402//4402
f 4403//4403 4404//4404 4405//4405
f 4404//4404 4406//4406 4405//4405
f 4405//4405 4406//4406 3936//3936
f 4405//4405 3936//3936 4356//4356
f 4407//4407 4408//4408 4409//4409
f 4409//4409 4408//4408 4410//4410
f 4409//4409 4410//4410 4411//4411
f 4407//4407 4412//4412 4413//4413
f 4413//4413 4412//4412 4414//4414
f 4413//4413 4414//4414 4415//4415
f 4411//4411 4416//4416 4409//4409
f 4409//4409 4416//4416 4403//4403
f 4409//4409 4403//4403 4402//4402
f 4402//4402 4403//4403 4405//4405
f 4402//4402 4405//4405 4400//4400
f 4407//4407 4409//4409 4412//4412
f 4412//4412 4409//4409 4402//4402
f 4412//4412 4402//4402 4417//4417
f 4417//4417 4402//4402 4401//4401
f 4417//4417 4401//4401 4418//4418
f 4419//4419 4420//4420 4418//4418
f 4418//4418 4420//4420 4421//4421
f 4418//4418 4421//4421 4417//4417
f 4417//4417 4421//4421 4422//4422
f 4417//4417 4422//4422 4412//4412
f 4412//4412 4422//4422 4423//4423
f 4412//4412 4423//4423 4414//4414
f 4424//4424 4419//4419 4425//4425
f 4425//4425 4419//4419 4418//4418
f 4425//4425 4418//4418 4426//4426
f 4426//4426 4418//4418 4401//4401
f 4426//4426 4401//4401 4427//4427
f 4427//4427 4401//4401 4400//4400
f 4361//4361 4399//4399 4362//4362
f 4397//4397 4424//4424 4398//4398
f 4398//4398 4424//4424 4425//4425
f 4398//4398 4425//4425 4428//4428
f 4428//4428 4425//4425 4426//4426
f 4428//4428 4426//4426 4399//4399
f 4399//4399 4426//4426 4427//4427
f 4399//4399 4427//4427 4362//4362
f 4362//4362 4427//4427 4400//4400
f 4362//4362 4400//4400 4358//4358
f 4358//4358 4400//4400 4405//4405
f 4358//4358 4405//4405 4357//4357
f 4357//4357 4405//4405 4356//4356
f 4394//4394 4396//4396 4395//4395
f 4395//4395 4396//4396 4398//4398
f 4395//4395 4398//4398 4429//4429
f 4429//4429 4398//4398 4428//4428
f 4429//4429 4428//4428 4430//4430
f 4430//4430 4428//4428 4399//4399
f 4430//4430 4399//4399 4359//4359
f 4359//4359 4399//4399 4360//4360
f 4431//4431 4393//4393 4432//4432
f 4432//4432 4393//4393 4395//4395
f 4432//4432 4395//4395 4433//4433
f 4433//4433 4395//4395 4429//4429
f 4433//4433 4429//4429 4434//4434
f 4434//4434 4429//4429 4430//4430
f 4434//4434 4430//4430 4366//4366
f 4366//4366 4430//4430 4359//4359
f 4390//4390 4431//4431 4391//4391
f 4391//4391 4431//4431 4432//4432
f 4391//4391 4432//4432 4435//4435
f 4435//4435 4432//4432 4433//4433
f 4435//4435 4433//4433 4392//4392
f 4392//4392 4433//4433 4434//4434
f 4392//4392 4434//4434 4365//4365
f 4365//4365 4434//4434 4366//4366
f 4436//4436 4389//4389 4437//4437
f 4437//4437 4389//4389 4391//4391
f 4437//4437 4391//4391 4438//4438
f 4438//4438 4391//4391 4435//4435
f 4438//4438 4435//4435 4439//4439
f 4439//4439 4435//4435 4392//4392
f 4439//4439 4392//4392 4363//4363
f 4363//4363 4392//4392 4364//4364
f 4386//4386 4436//4436 4387//4387
f 4387//4387 4436//4436 4437//4437
f 4387//4387 4437//4437 4440//4440
f 4440//4440 4437//4437 4438//4438
f 4440//4440 4438//4438 4441//4441
f 4441//4441 4438//4438 4439//4439
f 4441//4441 4439//4439 4370//4370
f 4370//4370 4439//4439 4363//4363
f 4383//4383 4385//4385 4384//4384
f 4384//4384 4385//4385 4387//4387
f 4384//4384 4387//4387 4442//4442
f 4442//4442 4387//4387 4440//4440
f 4442//4442 4440//4440 4388//4388
f 4388//4388 4440//4440 4441//4441
f 4388//4388 4441//4441 4369//4369
f 4369//4369 4441//4441 4370//4370
f 4443//4443 4382//4382 4444//4444
f 4444//4444 4382//4382 4384//4384
f 4444//4444 4384//4384 4445//4445
f 4445//4445 4384//4384 4442//4442
f 4445//4445 4442//4442 4446//4446
f 4446//4446 4442//4442 4388//4388
f 4446//4446 4388//4388 4367//4367
f 4367//4367 4388//4388 4368//4368
f 4379//4379 4443//4443 4380//4380
f 4380//4380 4443//4443 4444//4444
f 4380//4380 4444//4444 4447//4447
f 4447//4447 4444//4444 4445//4445
f 4447//4447 4445//4445 4448//4448
f 4448//4448 4445//4445 4446//4446
f 4448//4448 4446//4446 4374//4374
f 4374//4374 4446//4446 4367//4367
f 4376//4376 4378//4378 4377//4377
f 4377//4377 4378//4378 4380//4380
f 4377//4377 4380//4380 4449//4449
f 4449//4449 4380//4380 4447//4447
f 4449//4449 4447//4447 4381//4381
f 4381//4381 4447//4447 4448//4448
f 4381//4381 4448//4448 4373//4373
f 4373//4373 4448//4448 4374//4374
f 4450//4450 4375//4375 4451//4451
f 4451//4451 4375//4375 4377//4377
f 4451//4451 4377//4377 4452//4452
f 4452//4452 4377//4377 4449//4449
f 4452//4452 4449//4449 4453//4453
f 4453//4453 4449//4449 4381//4381
f 4453//4453 4381//4381 4371//4371
f 4371//4371 4381//4381 4372//4372
f 4454//4454 4450//4450 4455//4455
f 4455//4455 4450//4450 4451//4451
f 4455//4455 4451//4451 4456//4456
f 4456//4456 4451//4451 4452//4452
f 4456//4456 4452//4452 4457//4457
f 4457//4457 4452//4452 4453//4453
f 4457//4457 4453//4453 3682//3682
f 3682//3682 4453//4453 4371//4371
f 4458//4458 4459//4459 4460//4460
f 4460//4460 4459//4459 4461//4461
f 4462//4462 4463//4463 299//299
f 299//299 4463//4463 4464//4464
f 299//299 4464//4464 4465//4465
f 4465//4465 4466//4466 299//299
f 299//299 4466//4466 4467//4467
f 299//299 4467//4467 4468//4468
f 4462//4462 299//299 4460//4460
f 4460//4460 299//299 4469//4469
f 4460//4460 4469//4469 4470//4470
f 4470//4470 4471//4471 4460//4460
f 4460//4460 4471//4471 4472//4472
f 4460//4460 4472//4472 4458//4458
f 4461//4461 4473//4473 4460//4460
f 4460//4460 4473//4473 4474//4474
f 4460//4460 4474//4474 4475//4475
f 4468//4468 4476//4476 299//299
f 299//299 4476//4476 4477//4477
f 299//299 4477//4477 4478//4478
f 4478//4478 4479//4479 299//299
f 299//299 4479//4479 4480//4480
f 299//299 4480//4480 4481//4481
f 4481//4481 4482//4482 299//299
f 299//299 4482//4482 4483//4483
f 299//299 4483//4483 4484//4484
f 4484//4484 4485//4485 299//299
f 299//299 4485//4485 4486//4486
f 299//299 4486//4486 293//293
f 4475//4475 4487//4487 4460//4460
f 4460//4460 4487//4487 4488//4488
f 4460//4460 4488//4488 4489//4489
f 4490//4490 4491//4491 4492//4492
f 4492//4492 4491//4491 4493//4493
f 4493//4493 4494//4494 4492//4492
f 4492//4492 4494//4494 4495//4495
f 4492//4492 4495//4495 4496//4496
f 4496//4496 4497//4497 4492//4492
f 4492//4492 4497//4497 4498//4498
f 4492//4492 4498//4498 4499//4499
f 4499//4499 4500//4500 4492//4492
f 4492//4492 4500//4500 4501//4501
f 4492//4492 4501//4501 4502//4502
f 4490//4490 4503//4503 4491//4491
f 4491//4491 4503//4503 4504//4504
f 4491//4491 4504//4504 4505//4505
f 4505//4505 4506//4506 4491//4491
f 4491//4491 4506//4506 4507//4507
f 4491//4491 4507//4507 4508//4508
f 4508//4508 4509//4509 4491//4491
f 4491//4491 4509//4509 4510//4510
f 4491//4491 4510//4510 4511//4511
f 4512//4512 4513//4513 4514//4514
f 4514//4514 4513//4513 4515//4515
f 4514//4514 4515//4515 4516//4516
f 4502//4502 4517//4517 4492//4492
f 4492//4492 4517//4517 4514//4514
f 4492//4492 4514//4514 4518//4518
f 4518//4518 4514//4514 4516//4516
f 4489//4489 4519//4519 4460//4460
f 4460//4460 4519//4519 4491//4491
f 4460//4460 4491//4491 4520//4520
f 4520//4520 4491//4491 4511//4511
f 4521//4521 4522//4522 4523//4523
f 4523//4523 4522//4522 4514//4514
f 4512//4512 4514//4514 4524//4524
f 4524//4524 4514//4514 4522//4522
f 4524//4524 4522//4522 4525//4525
f 430//430 293//293 4526//4526
f 4526//4526 293//293 4486//4486
f 4526//4526 4486//4486 4527//4527
f 4527//4527 4486//4486 4485//4485
f 4527//4527 4485//4485 4528//4528
f 4528//4528 4485//4485 4484//4484
f 4528//4528 4484//4484 4529//4529
f 4529//4529 4484//4484 4483//4483
f 4529//4529 4483//4483 4530//4530
f 4483//4483 4482//4482 4530//4530
f 4530//4530 4482//4482 4481//4481
f 4530//4530 4481//4481 4531//4531
f 4531//4531 4481//4481 4480//4480
f 4531//4531 4480//4480 4532//4532
f 4532//4532 4480//4480 4479//4479
f 4532//4532 4479//4479 4533//4533
f 4533//4533 4479//4479 4478//4478
f 4533//4533 4478//4478 4534//4534
f 4534//4534 4478//4478 4477//4477
f 4534//4534 4477//4477 4535//4535
f 4535//4535 4477//4477 4476//4476
f 4535//4535 4476//4476 4536//4536
f 4536//4536 4476//4476 4468//4468
f 4536//4536 4468//4468 4537//4537
f 4537//4537 4468//4468 4467//4467
f 4537//4537 4467//4467 4538//4538
f 4538//4538 4467//4467 4466//4466
f 4538//4538 4466//4466 4539//4539
f 4539//4539 4466//4466 4540//4540
f 4466//4466 4465//4465 4540//4540
f 4540//4540 4465//4465 4464//4464
f 4540//4540 4464//4464 4541//4541
f 4541//4541 4464//4464 4463//4463
f 4541//4541 4463//4463 4542//4542
f 4542//4542 4463//4463 4462//4462
f 4542//4542 4462//4462 4543//4543
f 4543//4543 4462//4462 4460//4460
f 4543//4543 4460//4460 4544//4544
f 4544//4544 4460//4460 4520//4520
f 4544//4544 4520//4520 4545//4545
f 4545//4545 4520//4520 4511//4511
f 4545//4545 4511//4511 4546//4546
f 4546//4546 4511//4511 4510//4510
f 4546//4546 4510//4510 4547//4547
f 4547//4547 4510//4510 4509//4509
f 4547//4547 4509//4509 4548//4548
f 4548//4548 4509//4509 4508//4508
f 4548//4548 4508//4508 4549//4549
f 4549//4549 4508//4508 4507//4507
f 4549//4549 4507//4507 4550//4550
f 4550//4550 4507//4507 4506//4506
f 4550//4550 4506//4506 4551//4551
f 4551//4551 4506//4506 4505//4505
f 4551//4551 4505//4505 4552//4552
f 4552//4552 4505//4505 4504//4504
f 4552//4552 4504//4504 4553//4553
f 4553//4553 4504//4504 4503//4503
f 4553//4553 4503//4503 4554//4554
f 4554//4554 4503//4503 4490//4490
f 4554//4554 4490//4490 4555//4555
f 4555//4555 4490//4490 4492//4492
f 4555//4555 4492//4492 4556//4556
f 4556//4556 4492//4492 4518//4518
f 4556//4556 4518//4518 4557//4557
f 4518//4518 4516//4516 4557//4557
f 4557//4557 4516//4516 4515//4515
f 4557//4557 4515//4515 4558//4558
f 4558//4558 4515//4515 4513//4513
f 4558//4558 4513//4513 4559//4559
f 4559//4559 4513//4513 4512//4512
f 4559//4559 4512//4512 4560//4560
f 4560//4560 4512//4512 4524//4524
f 4560//4560 4524//4524 4561//4561
f 4561//4561 4524//4524 4562//4562
f 4562//4562 4524//4524 4525//4525
f 4562//4562 4525//4525 4563//4563
f 4525//4525 4522//4522 4563//4563
f 4563//4563 4522//4522 4521//4521
f 4563//4563 4521//4521 4564//4564
f 4564//4564 4521//4521 4523//4523
f 4564//4564 4523//4523 4565//4565
f 4565//4565 4523//4523 4566//4566
f 4566//4566 4523//4523 4514//4514
f 4566//4566 4514//4514 4567//4567
f 4567//4567 4514//4514 4517//4517
f 4567//4567 4517//4517 4568//4568
f 4568//4568 4517//4517 4502//4502
f 4568//4568 4502//4502 4569//4569
f 4569//4569 4502//4502 4501//4501
f 4569//4569 4501//4501 4570//4570
f 4570//4570 4501//4501 4500//4500
f 4570//4570 4500//4500 4571//4571
f 4571//4571 4500//4500 4499//4499
f 4571//4571 4499//4499 4572//4572
f 4572//4572 4499//4499 4498//4498
f 4572//4572 4498//4498 4573//4573
f 4573//4573 4498//4498 4497//4497
f 4573//4573 4497//4497 4574//4574
f 4574//4574 4497//4497 4496//4496
f 4574//4574 4496//4496 4575//4575
f 4575//4575 4496//4496 4495//4495
f 4575//4575 4495//4495 4576//4576
f 4576//4576 4495//4495 4494//4494
f 4576//4576 4494//4494 4577//4577
f 4577//4577 4494//4494 4493//4493
f 4577//4577 4493//4493 4578//4578
f 4578//4578 4493//4493 4491//4491
f 4578//4578 4491//4491 4579//4579
f 4579//4579 4491//4491 4519//4519
f 4579//4579 4519//4519 4580//4580
f 4580//4580 4519//4519 4489//4489
f 4580//4580 4489//4489 4581//4581
f 4581//4581 4489//4489 4488//4488
f 4581//4581 4488//4488 4582//4582
f 4582//4582 4488//4488 4487//4487
f 4582//4582 4487//4487 4583//4583
f 4583//4583 4487//4487 4475//4475
f 4583//4583 4475//4475 4584//4584
f 4584//4584 4475//4475 4474//4474
f 4584//4584 4474//4474 4585//4585
f 4585//4585 4474//4474 4473//4473
f 4585//4585 4473//4473 4586//4586
f 4586//4586 4473//4473 4461//4461
f 4586//4586 4461//4461 4587//4587
f 4587//4587 4461//4461 4459//4459
f 4587//4587 4459//4459 4588//4588
f 4588//4588 4459//4459 4458//4458
f 4588//4588 4458//4458 4589//4589
f 4589//4589 4458//4458 4472//4472
f 4589//4589 4472//4472 4590//4590
f 4590//4590 4472//4472 4471//4471
f 4590//4590 4471//4471 4591//4591
f 4591//4591 4471//4471 4470//4470
f 4591//4591 4470//4470 4592//4592
f 4592//4592 4470//4470 4469//4469
f 4592//4592 4469//4469 4593//4593
f 4593//4593 4469//4469 299//299
f 4593//4593 299//299 361//361
f 4582//4582 4583//4583 4594//4594
f 361//361 455//455 4593//4593
f 4593//4593 455//455 4595//4595
f 4593//4593 4595//4595 4592//4592
f 4592//4592 4595//4595 4596//4596
f 4592//4592 4596//4596 4591//4591
f 4591//4591 4596//4596 4597//4597
f 4591//4591 4597//4597 4590//4590
f 4590//4590 4597//4597 4598//4598
f 4590//4590 4598//4598 4589//4589
f 4589//4589 4598//4598 4599//4599
f 4594//4594 4583//4583 4600//4600
f 4600//4600 4583//4583 4584//4584
f 4600//4600 4584//4584 4601//4601
f 4601//4601 4584//4584 4585//4585
f 4601//4601 4585//4585 4602//4602
f 4602//4602 4585//4585 4586//4586
f 4602//4602 4586//4586 4603//4603
f 4603//4603 4586//4586 4587//4587
f 4603//4603 4587//4587 4599//4599
f 4599//4599 4587//4587 4588//4588
f 4599//4599 4588//4588 4589//4589
f 4569//4569 4570//4570 4604//4604
f 4604//4604 4570//4570 4605//4605
f 4570//4570 4571//4571 4605//4605
f 4605//4605 4571//4571 4572//4572
f 4605//4605 4572//4572 4606//4606
f 4606//4606 4572//4572 4573//4573
f 4606//4606 4573//4573 4607//4607
f 4607//4607 4573//4573 4574//4574
f 4607//4607 4574//4574 4608//4608
f 4608//4608 4574//4574 4575//4575
f 4608//4608 4575//4575 4609//4609
f 4609//4609 4575//4575 4576//4576
f 4609//4609 4576//4576 4610//4610
f 4610//4610 4576//4576 4577//4577
f 4610//4610 4577//4577 4611//4611
f 4611//4611 4577//4577 4578//4578
f 4611//4611 4578//4578 4612//4612
f 4612//4612 4578//4578 4579//4579
f 4612//4612 4579//4579 4613//4613
f 4613//4613 4579//4579 4580//4580
f 4613//4613 4580//4580 4614//4614
f 4614//4614 4580//4580 4581//4581
f 4614//4614 4581//4581 4615//4615
f 4615//4615 4581//4581 4582//4582
f 4615//4615 4582//4582 4616//4616
f 4616//4616 4582//4582 4594//4594
f 431//431 430//430 4617//4617
f 4617//4617 430//430 4526//4526
f 4617//4617 4526//4526 4618//4618
f 4618//4618 4526//4526 4527//4527
f 4618//4618 4527//4527 4619//4619
f 4619//4619 4527//4527 4528//4528
f 4619//4619 4528//4528 4620//4620
f 4620//4620 4528//4528 4529//4529
f 4620//4620 4529//4529 4621//4621
f 4621//4621 4529//4529 4530//4530
f 4621//4621 4530//4530 4622//4622
f 4622//4622 4530//4530 4531//4531
f 4622//4622 4531//4531 4623//4623
f 4623//4623 4531//4531 4532//4532
f 4623//4623 4532//4532 4624//4624
f 4624//4624 4532//4532 4533//4533
f 4624//4624 4533//4533 4625//4625
f 4625//4625 4533//4533 4534//4534
f 4625//4625 4534//4534 4626//4626
f 4626//4626 4534//4534 4535//4535
f 4626//4626 4535//4535 4627//4627
f 4627//4627 4535//4535 4536//4536
f 4627//4627 4536//4536 4628//4628
f 4628//4628 4536//4536 4537//4537
f 4628//4628 4537//4537 4629//4629
f 4629//4629 4537//4537 4538//4538
f 4629//4629 4538//4538 4630//4630
f 4630//4630 4538//4538 4539//4539
f 4630//4630 4539//4539 4631//4631
f 4631//4631 4539//4539 4540//4540
f 4631//4631 4540//4540 4632//4632
f 4632//4632 4540//4540 4541//4541
f 4632//4632 4541//4541 4633//4633
f 4633//4633 4541//4541 4542//4542
f 4633//4633 4542//4542 4634//4634
f 4634//4634 4542//4542 4543//4543
f 4634//4634 4543//4543 4635//4635
f 4635//4635 4543//4543 4544//4544
f 4635//4635 4544//4544 4636//4636
f 4636//4636 4544//4544 4545//4545
f 4636//4636 4545//4545 4637//4637
f 4637//4637 4545//4545 4546//4546
f 4637//4637 4546//4546 4638//4638
f 4638//4638 4546//4546 4547//4547
f 4638//4638 4547//4547 4639//4639
f 4639//4639 4547//4547 4548//4548
f 4639//4639 4548//4548 4640//4640
f 4640//4640 4548//4548 4549//4549
f 4640//4640 4549//4549 4641//4641
f 4641//4641 4549//4549 4550//4550
f 4641//4641 4550//4550 4642//4642
f 4642//4642 4550//4550 4551//4551
f 4642//4642 4551//4551 4643//4643
f 4643//4643 4551//4551 4552//4552
f 4643//4643 4552//4552 4644//4644
f 4644//4644 4552//4552 4553//4553
f 4644//4644 4553//4553 4645//4645
f 4645//4645 4553//4553 4554//4554
f 4604//4604 4646//4646 4569//4569
f 4569//4569 4646//4646 4647//4647
f 4569//4569 4647//4647 4568//4568
f 4568//4568 4647//4647 4648//4648
f 4568//4568 4648//4648 4567//4567
f 4567//4567 4648//4648 4649//4649
f 4567//4567 4649//4649 4566//4566
f 4566//4566 4649//4649 4650//4650
f 4566//4566 4650//4650 4565//4565
f 4565//4565 4650//4650 4564//4564
f 4564//4564 4650//4650 4651//4651
f 4564//4564 4651//4651 4563//4563
f 4563//4563 4651//4651 4652//4652
f 4563//4563 4652//4652 4562//4562
f 4562//4562 4652//4652 4653//4653
f 4562//4562 4653//4653 4561//4561
f 4561//4561 4653//4653 4654//4654
f 4561//4561 4654//4654 4560//4560
f 4560//4560 4654//4654 4655//4655
f 4560//4560 4655//4655 4559//4559
f 4559//4559 4655//4655 4656//4656
f 4559//4559 4656//4656 4558//4558
f 4558//4558 4656//4656 4657//4657
f 4558//4558 4657//4657 4557//4557
f 4557//4557 4657//4657 4658//4658
f 4557//4557 4658//4658 4556//4556
f 4556//4556 4658//4658 4659//4659
f 4556//4556 4659//4659 4555//4555
f 4555//4555 4659//4659 4660//4660
f 4555//4555 4660//4660 4554//4554
f 4554//4554 4660//4660 4661//4661
f 4554//4554 4661//4661 4645//4645
f 4617//4617 4618//4618 4450//4450
f 4450//4450 4454//4454 4617//4617
f 4617//4617 4454//4454 4662//4662
f 4617//4617 4662//4662 431//431
f 431//431 4662//4662 575//575
f 4443//4443 4379//4379 4620//4620
f 4620//4620 4379//4379 4378//4378
f 4620//4620 4378//4378 4619//4619
f 4619//4619 4378//4378 4376//4376
f 4619//4619 4376//4376 4618//4618
f 4618//4618 4376//4376 4375//4375
f 4618//4618 4375//4375 4450//4450
f 4620//4620 4621//4621 4443//4443
f 4443//4443 4621//4621 4622//4622
f 4443//4443 4622//4622 4382//4382
f 4382//4382 4622//4622 4383//4383
f 4622//4622 4623//4623 4383//4383
f 4383//4383 4623//4623 4624//4624
f 4383//4383 4624//4624 4385//4385
f 4385//4385 4624//4624 4625//4625
f 4385//4385 4625//4625 4386//4386
f 4386//4386 4625//4625 4626//4626
f 4386//4386 4626//4626 4436//4436
f 4436//4436 4626//4626 4627//4627
f 4436//4436 4627//4627 4389//4389
f 4393//4393 4431//4431 4629//4629
f 4629//4629 4431//4431 4390//4390
f 4389//4389 4627//4627 4390//4390
f 4390//4390 4627//4627 4628//4628
f 4390//4390 4628//4628 4629//4629
f 4631//4631 4396//4396 4394//4394
f 4393//4393 4629//4629 4394//4394
f 4394//4394 4629//4629 4630//4630
f 4394//4394 4630//4630 4631//4631
f 4397//4397 4633//4633 4424//4424
f 4424//4424 4633//4633 4419//4419
f 4396//4396 4631//4631 4397//4397
f 4397//4397 4631//4631 4632//4632
f 4397//4397 4632//4632 4633//4633
f 4419//4419 4633//4633 4420//4420
f 4420//4420 4633//4633 4634//4634
f 4420//4420 4634//4634 4635//4635
f 4663//4663 4415//4415 4414//4414
f 4664//4664 4663//4663 4638//4638
f 4638//4638 4663//4663 4414//4414
f 4638//4638 4414//4414 4637//4637
f 4637//4637 4414//4414 4423//4423
f 4637//4637 4423//4423 4636//4636
f 4636//4636 4423//4423 4422//4422
f 4636//4636 4422//4422 4635//4635
f 4635//4635 4422//4422 4421//4421
f 4635//4635 4421//4421 4420//4420
f 4638//4638 4639//4639 4664//4664
f 4664//4664 4639//4639 4640//4640
f 4664//4664 4640//4640 4665//4665
f 4665//4665 4640//4640 4641//4641
f 4665//4665 4641//4641 4666//4666
f 4666//4666 4641//4641 4667//4667
f 4667//4667 4641//4641 4642//4642
f 4667//4667 4642//4642 4668//4668
f 4668//4668 4642//4642 4643//4643
f 4668//4668 4643//4643 4669//4669
f 4669//4669 4643//4643 4644//4644
f 4669//4669 4644//4644 4670//4670
f 4644//4644 4645//4645 4670//4670
f 4670//4670 4645//4645 4661//4661
f 4670//4670 4661//4661 4671//4671
f 4671//4671 4661//4661 4660//4660
f 4671//4671 4660//4660 4672//4672
f 4672//4672 4660//4660 4659//4659
f 4672//4672 4659//4659 4673//4673
f 4673//4673 4659//4659 4658//4658
f 4673//4673 4658//4658 4674//4674
f 4674//4674 4658//4658 4657//4657
f 4674//4674 4657//4657 4675//4675
f 4675//4675 4657//4657 4656//4656
f 4675//4675 4656//4656 4676//4676
f 4676//4676 4656//4656 4655//4655
f 4676//4676 4655//4655 4677//4677
f 4677//4677 4655//4655 4654//4654
f 4677//4677 4654//4654 4678//4678
f 4678//4678 4654//4654 4653//4653
f 4678//4678 4653//4653 4679//4679
f 4679//4679 4653//4653 4652//4652
f 4679//4679 4652//4652 4680//4680
f 4680//4680 4652//4652 4651//4651
f 4680//4680 4651//4651 4681//4681
f 4681//4681 4651//4651 4650//4650
f 4681//4681 4650//4650 4682//4682
f 4682//4682 4650//4650 4649//4649
f 4682//4682 4649//4649 4683//4683
f 4683//4683 4649//4649 4648//4648
f 4683//4683 4648//4648 4684//4684
f 4684//4684 4648//4648 4647//4647
f 4684//4684 4647//4647 4685//4685
f 4685//4685 4647//4647 4646//4646
f 4685//4685 4646//4646 4686//4686
f 4686//4686 4646//4646 4604//4604
f 4686//4686 4604//4604 4687//4687
f 4687//4687 4604//4604 4605//4605
f 4687//4687 4605//4605 4688//4688
f 4688//4688 4605//4605 4689//4689
f 4689//4689 4605//4605 4606//4606
f 4689//4689 4606//4606 4690//4690
f 4690//4690 4606//4606 4607//4607
f 4690//4690 4607//4607 4691//4691
f 4691//4691 4607//4607 4608//4608
f 4691//4691 4608//4608 4692//4692
f 4692//4692 4608//4608 4609//4609
f 4692//4692 4609//4609 4693//4693
f 4693//4693 4609//4609 4610//4610
f 4693//4693 4610//4610 4694//4694
f 4694//4694 4610//4610 4611//4611
f 4694//4694 4611//4611 4695//4695
f 4695//4695 4611//4611 4612//4612
f 4695//4695 4612//4612 4696//4696
f 4696//4696 4612//4612 4697//4697
f 4697//4697 4612//4612 4613//4613
f 4697//4697 4613//4613 4698//4698
f 4698//4698 4613//4613 4614//4614
f 4698//4698 4614//4614 4699//4699
f 4699//4699 4614//4614 4615//4615
f 4699//4699 4615//4615 4700//4700
f 4615//4615 4616//4616 4700//4700
f 4700//4700 4616//4616 4594//4594
f 4700//4700 4594//4594 4701//4701
f 4701//4701 4594//4594 4600//4600
f 455//455 501//501 4595//4595
f 4595//4595 501//501 4702//4702
f 4595//4595 4702//4702 4596//4596
f 4596//4596 4702//4702 4703//4703
f 4596//4596 4703//4703 4597//4597
f 4597//4597 4703//4703 4704//4704
f 4597//4597 4704//4704 4598//4598
f 4598//4598 4704//4704 4705//4705
f 4598//4598 4705//4705 4599//4599
f 4599//4599 4705//4705 4706//4706
f 4599//4599 4706//4706 4603//4603
f 4603//4603 4706//4706 4707//4707
f 4603//4603 4707//4707 4602//4602
f 4602//4602 4707//4707 4708//4708
f 4602//4602 4708//4708 4601//4601
f 4601//4601 4708//4708 4709//4709
f 4601//4601 4709//4709 4600//4600
f 4600//4600 4709//4709 4710//4710
f 4600//4600 4710//4710 4701//4701
f 660//660 659//659 4711//4711
f 657//657 656//656 4712//4712
f 4712//4712 656//656 671//671
f 4712//4712 671//671 4662//4662
f 4662//4662 671//671 575//575
f 4713//4713 669//669 4712//4712
f 4712//4712 669//669 668//668
f 4712//4712 668//668 657//657
f 659//659 667//667 4711//4711
f 4711//4711 667//667 666//666
f 4711//4711 666//666 4713//4713
f 4713//4713 666//666 670//670
f 4713//4713 670//670 669//669
f 660//660 4711//4711 662//662
f 662//662 4711//4711 3681//3681
f 662//662 3681//3681 664//664
f 3682//3682 3681//3681 4457//4457
f 4457//4457 3681//3681 4711//4711
f 4457//4457 4711//4711 4456//4456
f 4456//4456 4711//4711 4713//4713
f 4456//4456 4713//4713 4455//4455
f 4455//4455 4713//4713 4712//4712
f 4455//4455 4712//4712 4454//4454
f 4454//4454 4712//4712 4662//4662
f 4714//4714 4715//4715 4716//4716
f 4717//4717 4718//4718 4719//4719
f 4720//4720 4721//4721 4722//4722
f 4723//4723 4724//4724 4725//4725
f 4726//4726 4727//4727 4728//4728
f 4729//4729 4730//4730 4731//4731
f 4720//4720 4722//4722 4732//4732
f 4723//4723 4725//4725 4733//4733
f 4734//4734 4735//4735 4727//4727
f 4727//4727 4735//4735 4736//4736
f 4727//4727 4736//4736 4728//4728
f 4719//4719 4737//4737 4717//4717
f 4717//4717 4737//4737 4738//4738
f 4717//4717 4738//4738 4720//4720
f 4720//4720 4738//4738 4739//4739
f 4720//4720 4739//4739 4721//4721
f 4740//4740 4741//4741 4742//4742
f 4743//4743 4744//4744 4745//4745
f 4723//4723 4746//4746 4747//4747
f 4723//4723 4747//4747 4724//4724
f 4728//4728 4748//4748 4726//4726
f 4726//4726 4748//4748 4749//4749
f 4726//4726 4749//4749 4716//4716
f 4716//4716 4749//4749 4750//4750
f 4716//4716 4750//4750 4714//4714
f 4751//4751 4752//4752 4753//4753
f 4754//4754 4755//4755 4741//4741
f 4741//4741 4755//4755 4756//4756
f 4741//4741 4756//4756 4742//4742
f 4752//4752 4757//4757 4758//4758
f 4718//4718 4758//4758 4759//4759
f 4718//4718 4759//4759 4719//4719
f 4760//4760 4761//4761 4762//4762
f 4762//4762 4761//4761 4763//4763
f 4763//4763 4764//4764 4762//4762
f 4762//4762 4764//4764 4765//4765
f 4762//4762 4765//4765 4754//4754
f 4754//4754 4765//4765 4766//4766
f 4754//4754 4766//4766 4755//4755
f 4742//4742 4767//4767 4740//4740
f 4740//4740 4767//4767 4768//4768
f 4769//4769 4768//4768 4770//4770
f 4771//4771 4772//4772 4773//4773
f 4774//4774 4775//4775 4776//4776
f 4776//4776 4775//4775 4777//4777
f 4777//4777 4778//4778 4776//4776
f 4776//4776 4778//4778 4779//4779
f 4776//4776 4779//4779 4734//4734
f 4734//4734 4779//4779 4780//4780
f 4734//4734 4780//4780 4735//4735
f 4722//4722 4781//4781 4732//4732
f 4732//4732 4781//4781 4782//4782
f 4732//4732 4782//4782 4760//4760
f 4760//4760 4782//4782 4783//4783
f 4760//4760 4783//4783 4761//4761
f 4784//4784 4785//4785 4786//4786
f 4787//4787 4788//4788 4789//4789
f 4725//4725 4790//4790 4733//4733
f 4733//4733 4790//4790 4791//4791
f 4733//4733 4791//4791 4774//4774
f 4774//4774 4791//4791 4792//4792
f 4774//4774 4792//4792 4775//4775
f 4787//4787 4793//4793 4794//4794
f 4795//4795 4796//4796 4797//4797
f 4798//4798 4799//4799 4800//4800
f 4801//4801 4802//4802 4803//4803
f 4804//4804 4805//4805 4806//4806
f 4807//4807 4808//4808 4809//4809
f 4810//4810 4811//4811 4812//4812
f 4813//4813 4814//4814 4815//4815
f 4816//4816 4817//4817 4818//4818
f 4819//4819 4820//4820 4821//4821
f 4822//4822 4823//4823 4824//4824
f 4825//4825 4812//4812 4811//4811
f 4826//4826 4814//4814 4813//4813
f 4827//4827 4818//4818 4817//4817
f 4733//4733 4821//4821 4820//4820
f 4828//4828 4829//4829 4726//4726
f 4727//4727 4830//4830 4831//4831
f 4729//4729 4832//4832 4833//4833
f 4834//4834 4835//4835 4836//4836
f 4717//4717 4837//4837 4838//4838
f 4732//4732 4839//4839 4840//4840
f 4741//4741 4841//4841 4842//4842
f 4843//4843 4844//4844 4845//4845
f 4846//4846 4847//4847 4787//4787
f 4786//4786 4848//4848 4849//4849
f 4850//4850 4851//4851 4852//4852
f 4853//4853 4809//4809 4808//4808
f 4854//4854 4797//4797 4796//4796
f 4855//4855 4856//4856 4857//4857
f 4858//4858 4859//4859 4860//4860
f 4861//4861 4845//4845 4844//4844
f 4862//4862 4849//4849 4848//4848
f 4863//4863 4847//4847 4846//4846
f 4864//4864 4865//4865 4866//4866
f 4867//4867 4868//4868 4869//4869
f 4870//4870 4860//4860 4859//4859
f 4871//4871 4856//4856 4855//4855
f 4872//4872 4851//4851 4850//4850
f 4873//4873 4836//4836 4835//4835
f 4874//4874 4875//4875 4876//4876
f 4877//4877 4840//4840 4839//4839
f 4878//4878 4879//4879 4880//4880
f 4806//4806 4805//4805 4881//4881
f 4882//4882 4803//4803 4802//4802
f 4883//4883 4798//4798 4800//4800
f 4868//4868 4884//4884 4869//4869
f 4885//4885 4866//4866 4865//4865
f 4831//4831 4830//4830 4886//4886
f 4887//4887 4829//4829 4828//4828
f 4888//4888 4889//4889 4890//4890
f 4891//4891 4833//4833 4832//4832
f 4892//4892 4893//4893 4894//4894
f 4895//4895 4896//4896 4897//4897
f 4898//4898 4899//4899 4900//4900
f 4901//4901 4902//4902 4903//4903
f 4904//4904 4905//4905 4906//4906
f 4895//4895 4897//4897 4907//4907
f 4908//4908 4903//4903 4909//4909
f 4901//4901 4910//4910 4902//4902
f 4911//4911 4912//4912 4913//4913
f 4878//4878 4880//4880 4914//4914
f 4876//4876 4875//4875 4915//4915
f 4916//4916 4917//4917 4918//4918
f 4919//4919 4920//4920 4921//4921
f 4922//4922 4923//4923 4924//4924
f 4925//4925 4918//4918 4926//4926
f 4916//4916 4927//4927 4917//4917
f 4822//4822 4824//4824 4928//4928
f 4929//4929 4930//4930 4931//4931
f 4932//4932 4933//4933 4934//4934
f 4935//4935 4936//4936 4937//4937
f 4938//4938 4939//4939 4940//4940
f 4941//4941 4942//4942 4943//4943
f 4944//4944 4945//4945 4946//4946
f 4947//4947 4948//4948 4949//4949
f 4950//4950 4951//4951 4952//4952
f 4953//4953 4954//4954 4955//4955
f 4909//4909 4956//4956 4908//4908
f 4957//4957 4958//4958 4959//4959
f 4904//4904 4960//4960 4905//4905
f 4961//4961 4962//4962 4963//4963
f 4933//4933 4932//4932 4964//4964
f 4965//4965 4966//4966 4967//4967
f 4968//4968 4969//4969 4970//4970
f 4971//4971 4955//4955 4954//4954
f 4972//4972 4958//4958 4957//4957
f 4973//4973 4962//4962 4961//4961
f 4974//4974 4975//4975 4976//4976
f 4977//4977 4978//4978 4979//4979
f 4911//4911 4980//4980 4981//4981
f 4911//4911 4981//4981 4912//4912
f 4982//4982 4983//4983 4984//4984
f 4951//4951 4950//4950 4985//4985
f 4945//4945 4944//4944 4986//4986
f 4926//4926 4987//4987 4925//4925
f 4919//4919 4988//4988 4920//4920
f 4970//4970 4969//4969 4989//4989
f 4975//4975 4974//4974 4990//4990
f 4991//4991 4992//4992 4993//4993
