# Converted from the official Rethink Robotics Baxter DAE
v -0.03644388 -0.0476911 0.07666605
v -0.03370988 -0.04931175 0.08363884
v -0.03358578 -0.04962939 0.07663226
v -0.03341972 -0.04949122 0.08363574
v -0.03276377 -0.05018681 0.07662254
v -0.03045839 -0.05132389 0.08360373
v -0.02849793 -0.05258238 0.0765807
v -0.05047684 -0.04109096 0.07678127
v -0.04793542 -0.03649783 0.07686144
v -0.04669141 -0.03795582 0.07683598
v -0.01137703 -0.06817942 0.07999891
v -0.02244395 -0.06537693 0.07999891
v -0.01849746 -0.05923962 0.07999891
v -0.04245573 -0.05454713 0.07999891
v -0.05085486 -0.04681509 0.07999891
v -0.04497724 -0.04346412 0.07999891
v 0.02911996 -0.05500251 0.07999891
v 0.03348624 -0.05255836 0.07999891
v 0.03289842 -0.06079113 0.07999891
v -0.03235322 -0.05323725 0.07999891
v -0.02788531 -0.05561316 0.07999891
v -0.03289842 -0.06079113 0.07999891
v 0.01809513 -0.05935806 0.07999891
v 0.02284675 -0.05777251 0.07999891
v 0.02244389 -0.06537693 0.07999891
v 0.04245573 -0.05454713 0.07999891
v 0.04627948 -0.04211139 0.07999891
v 0.05786675 -0.03780627 0.07999891
v 0.05085486 -0.04681509 0.07999891
v -0.05725085 -0.02574402 0.07999891
v -0.05786675 -0.03780627 0.07999891
v -0.06330025 -0.02776598 0.07999891
v -0.05499482 -0.03017425 0.07999891
v -0.05240601 -0.03439116 0.07999891
v -0.04948532 -0.03838974 0.07999891
v -0.04835093 -0.0397765 0.07999891
v 0.03760457 -0.04979759 0.07999891
v 0.04147195 -0.0467289 0.07999891
v -0.05786675 0.03780627 0.07999891
v -0.05506378 0.03005087 0.07999891
v -0.06330025 0.02776598 0.07999891
v -0.02326446 -0.05761289 0.07999891
v -0.04134345 -0.04683929 0.07999891
v -0.03745496 -0.04990655 0.07999891
v -0.03332132 -0.05265927 0.07999891
v 0.02745848 -0.05581659 0.07999891
v -0.06700706 -0.01696842 0.07999891
v -0.05959731 -0.01989132 0.07999891
v -0.05916607 -0.02110415 0.07999891
v -0.0130611 -0.06060278 0.07999891
v -0.00798875 -0.06143361 0.07999891
v 0 -0.06912219 0.07999891
v 0.0132097 -0.06057208 0.07999891
v 0.01137703 -0.06817942 0.07999891
v 0.008196651 -0.06140756 0.07999891
v -0.002895951 -0.0618593 0.07999891
v 0.002198219 -0.06188642 0.07999891
v 0.007282733 -0.0615167 0.07999891
v 0.009995698 0.0683676 0.08158671
v 0.01136535 0.06811344 0.08158481
v 0.01137703 0.06817942 0.07999891
v 0.03205257 0.06121087 0.08154517
v 0.03287082 0.0607416 0.08154374
v 0.03289842 0.06079113 0.07999891
v -0.009995698 -0.0683676 0.08158671
v -0.01136535 -0.06811344 0.08158481
v -0.03205257 -0.06121087 0.08154517
v -0.03287082 -0.0607416 0.08154374
v -0.06883889 -0.005704045 0.08174002
v -0.06894606 -0.004482448 0.08174943
v -0.0688861 -0.005707979 0.07999891
v -0.06909096 0 0.08178609
v -0.0688861 0.005707979 0.07999891
v -0.06892985 0.004725635 0.08174753
v -0.06694769 -0.01695418 0.08166068
v -0.06788665 -0.01285296 0.08168774
v -0.06867146 -0.007611811 0.08172541
v -0.06327056 -0.02775323 0.08159828
v -0.06515836 -0.02298557 0.08162385
v -0.06671297 -0.0179795 0.08165389
v -0.05781322 -0.03777211 0.08155596
v -0.05993443 -0.03437936 0.08156818
v -0.06238073 -0.02971005 0.08158868
v -0.06322646 -0.02786457 0.08159768
v -0.05050438 -0.04715377 0.08153289
v -0.05082225 -0.04678595 0.08153355
v -0.05397051 -0.04314321 0.08154028
v -0.0571503 -0.0388326 0.08155214
v -0.04677128 -0.05085885 0.08152967
v -0.04278111 -0.05425816 0.08153033
v -0.03665137 -0.05857342 0.08153706
v -0.03854048 -0.05734807 0.08153438
v -0.0424304 -0.05451381 0.08153063
v -0.02730298 -0.06347179 0.08155506
v -0.02243471 -0.06535023 0.08156549
v -0.01520133 -0.06740164 0.08157944
v -0.01738679 -0.06687128 0.08157557
v -0.02241188 -0.06535905 0.08156555
v -0.004761636 -0.06893014 0.08159023
v 0 -0.06909441 0.08158886
v 0.01265484 -0.06792575 0.08158338
v 0.01136708 -0.06811487 0.08158475
v 0.007409334 -0.06869602 0.08158904
v 0.004594743 -0.06894147 0.08159029
v 0.01778596 -0.06676626 0.08157479
v 0.02243107 -0.06533819 0.08156543
v 0.03286498 -0.06072807 0.08154374
v 0.02973359 -0.06237018 0.08154988
v 0.02768141 -0.06330764 0.08155423
v 0.02279704 -0.06522566 0.08156472
v 0.0424214 -0.05450177 0.08153074
v 0.03885471 -0.05713564 0.08153396
v 0.03440243 -0.05992186 0.08154076
v 0.04317587 -0.05394452 0.08153009
v 0.04718422 -0.05047595 0.08152985
v 0.0508331 -0.04679501 0.08153343
v 0.05783677 -0.03778666 0.08155566
v 0.05737078 -0.03850603 0.08155322
v 0.05428373 -0.04274839 0.08154118
v 0.05088698 -0.04674059 0.08153349
v 0.06330025 -0.02776598 0.07999891
v 0.06325829 -0.02774703 0.08159846
v 0.06122851 -0.03201764 0.08157813
v 0.05859404 -0.03661739 0.08155971
v 0.06697374 -0.01696008 0.08166044
v 0.06687915 -0.01735079 0.08165788
v 0.06700706 -0.01696842 0.07999891
v 0.06537026 -0.02237588 0.08162736
v 0.06348621 -0.02726733 0.08160072
v 0.0688861 -0.005707979 0.07999891
v 0.06882554 -0.005702257 0.0817402
v 0.06837087 -0.009958863 0.08170813
v 0.06740838 -0.01516407 0.08167213
v 0.06883889 0.005704045 0.08174002
v 0.06894606 0.004482448 0.08174943
v 0.0688861 0.005707979 0.07999891
v 0.06909102 0 0.08178609
v 0.06892985 -0.004725635 0.08174753
v 0.06700706 0.01696842 0.07999891
v 0.06694769 0.01695424 0.08166068
v 0.06788671 0.01285296 0.08168774
v 0.06867146 0.007611811 0.08172541
v 0.06330025 0.02776598 0.07999891
v 0.06327056 0.02775323 0.08159828
v 0.06515842 0.02298557 0.08162385
v 0.06671297 0.0179795 0.08165389
v 0.05786675 0.03780627 0.07999891
v 0.05781322 0.03777211 0.08155596
v 0.05993443 0.03437942 0.08156818
v 0.06238067 0.02971005 0.08158868
v 0.05085486 0.04681509 0.07999891
v 0.05082225 0.04678595 0.08153355
v 0.05397051 0.04314321 0.08154028
v 0.0571503 0.0388326 0.08155214
v 0.05050438 0.04715377 0.08153289
v 0.04677128 0.05085885 0.08152967
v 0.04245573 0.05454713 0.07999891
v 0.04278111 0.05425822 0.08153033
v 0.03665131 0.05857342 0.08153706
v 0.03854048 0.05734807 0.08153438
v 0.0424304 0.05451381 0.08153063
v 0.02730298 0.06347179 0.08155506
v 0.02244389 0.06537693 0.07999891
v 0.02243471 0.06535023 0.08156549
v 0.01520133 0.06740164 0.08157944
v 0.01738679 0.06687128 0.08157557
v 0.02241188 0.06535905 0.08156555
v 0.004761636 0.06893014 0.08159023
v 0 0.06912219 0.07999891
v 0 0.06909441 0.08158886
v -0.01265484 0.06792575 0.08158338
v -0.01136708 0.06811487 0.08158475
v -0.01137703 0.06817942 0.07999891
v -0.007409334 0.06869602 0.08158904
v -0.004594862 0.06894147 0.08159029
v -0.01778596 0.06676626 0.08157479
v -0.02244395 0.06537693 0.07999891
v -0.02243107 0.06533819 0.08156543
v -0.03286498 0.06072807 0.08154374
v -0.02973365 0.06237018 0.08154988
v -0.03289842 0.06079113 0.07999891
v -0.02768141 0.06330764 0.08155423
v -0.02279704 0.06522572 0.08156472
v -0.04317587 0.05394452 0.08153009
v -0.0424214 0.05450177 0.08153074
v -0.04245573 0.05454713 0.07999891
v -0.03885471 0.05713564 0.08153396
v -0.03440243 0.05992186 0.08154076
v -0.04718422 0.05047595 0.08152985
v -0.05085486 0.04681509 0.07999891
v -0.0508331 0.04679501 0.08153343
v -0.05783677 0.03778666 0.08155566
v -0.05737084 0.03850603 0.08155322
v -0.05428373 0.04274839 0.08154118
v -0.05088698 0.04674059 0.08153349
v -0.06325829 0.02774703 0.08159846
v -0.06122851 0.03201764 0.08157813
v -0.05859404 0.03661739 0.08155971
v -0.06697374 0.01696008 0.08166044
v -0.06687915 0.01735079 0.08165788
v -0.06700706 0.01696842 0.07999891
v -0.0653702 0.02237588 0.08162736
v -0.06348621 0.02726733 0.08160072
v -0.06882554 0.005702257 0.0817402
v -0.06837087 0.009958803 0.08170813
v -0.06740838 0.01516407 0.08167213
v 0.0680291 0.007570028 0.08508288
v 0.06608313 0.01783466 0.08501881
v 0.05900156 0.01474273 0.09133273
v 0.0597825 0.0113976 0.09135591
v 0.06294417 0.01198637 0.09018409
v 0.0556401 0.0245788 0.09127199
v 0.05859607 0.02587443 0.09010702
v 0.05781072 0.02758127 0.09009885
v 0 0.06228852 0.09089106
v 0 0.06096839 0.09123748
v 0.004204154 0.0608251 0.09123849
v 0 0.06411439 0.09006392
v 0 0.06524538 0.08930009
v 0 0.06414645 0.09004229
v 0.004422903 0.06399643 0.09004503
v 0 0.06750893 0.08682006
v 0 0.06669455 0.08791524
v 0.004601359 0.06658655 0.08785676
v 0.004718661 0.06829684 0.08492583
v 0 0.06841802 0.08503359
v 0 0.06907337 0.0820859
v 0 0.06873953 0.08406031
v 0.06830334 0.0044716 0.08510434
v 0.06843578 0 0.08513331
v 0.06893813 0 0.0833621
v 0.06908714 0 0.08193945
v 0.06395232 0.004236698 0.09023523
v 0.06568688 0 0.0891295
v 0.06657141 0.004386425 0.08804738
v 0.06664901 0 0.08816164
v 0.0678035 0 0.08652293
v 0.06839102 0 0.08529108
v 0.06075161 0.004040062 0.09141248
v 0.06090164 0 0.09144705
v 0.06282681 0 0.09088861
v 0.06405508 0 0.0902937
v 0.06409955 0 0.09026199
v 0.00990796 0.06773853 0.08492338
v 0 0.0684545 0.08492326
v 0.008831858 0.06032282 0.09123581
v 0.009290397 0.06346994 0.09004324
v 0.01342904 0.05945813 0.09123045
v 0.01412719 0.06256449 0.09003984
v 0.01512557 0.0590406 0.091228
v 0.01615637 0.0620675 0.09003823
v 0.0222122 0.06475299 0.08490979
v 0.01723343 0.06625342 0.08491599
v 0.01506763 0.06677973 0.08491849
v 0.01535719 0.05898368 0.09122765
v 0.01978635 0.0576325 0.09122061
v 0.02081876 0.06065201 0.0900343
v 0.02409213 0.0559501 0.09121346
v 0.02535295 0.05888825 0.09003067
v 0.02826768 0.0539397 0.09120708
v 0.0317611 0.06063956 0.08489817
v 0.02705734 0.06288117 0.08490353
v 0.03057408 0.05260378 0.0912044
v 0.03400701 0.05432283 0.09002703
v 0.02975153 0.05677902 0.09002804
v 0.03818494 0.05681151 0.08489358
v 0.03631454 0.05802553 0.08489447
v 0.03230577 0.05160069 0.09120237
v 0.03396368 0.05051589 0.09120106
v 0.03575438 0.05318307 0.09002721
v 0.0376836 0.04778468 0.09119987
v 0.03967565 0.05031222 0.09002929
v 0.04012787 0.04569005 0.09120112
v 0.04336452 0.04715782 0.09003371
v 0.05002868 0.0467149 0.08490157
v 0.04633313 0.05038374 0.0848959
v 0.04238307 0.05375057 0.08489334
v 0.04118281 0.04478597 0.0912016
v 0.04445672 0.04152292 0.09120666
v 0.04681581 0.04372352 0.0900408
v 0.04597324 0.03976392 0.0912109
v 0.05002123 0.04000926 0.09005075
v 0.05660825 0.03847694 0.0849232
v 0.05346006 0.04274415 0.08491057
v 0.0474978 0.03799539 0.09121525
v 0.05029004 0.03420788 0.09122765
v 0.05296349 0.0360198 0.09006386
v 0.0527383 0.03029745 0.09124362
v 0.05554217 0.03190004 0.09007978
v 0.05279177 0.03019595 0.0912441
v 0.05489355 0.02619874 0.09126341
v 0.009663462 0.06604069 0.08785492
v 0.01469522 0.06510275 0.08785164
v 0.01680684 0.06458801 0.08784997
v 0.02165991 0.06312096 0.08784615
v 0.02638119 0.06129175 0.08784258
v 0.03096318 0.05910259 0.08784008
v 0.03539741 0.05655127 0.08783918
v 0.03721857 0.05536687 0.08783942
v 0.04130584 0.05238169 0.08784157
v 0.04515129 0.0490998 0.08784615
v 0.04874897 0.04552477 0.08785331
v 0.05208981 0.04165691 0.08786332
v 0.05515569 0.03750097 0.08787649
v 0.05784142 0.03320854 0.08789241
v 0.06020295 0.02870815 0.08791142
v 0.06101995 0.02692949 0.08791959
v 0.05936551 0.03406882 0.08493924
v 0.06178849 0.02944684 0.08495879
v 0.06262654 0.02761995 0.08496725
v 0.06322646 0.02786457 0.08159768
v 0.06454133 0.02279043 0.08499145
v 0.06288802 0.02222698 0.08794254
v 0.06039279 0.02136164 0.09013003
v 0.05734932 0.02029609 0.09129667
v 0.06439381 0.01740127 0.08796817
v 0.06184333 0.01673036 0.09015578
v 0.05873119 0.01590073 0.09132468
v 0.0672484 0.01275932 0.08504921
v 0.06553393 0.01245874 0.08799648
v 0.06630039 0.007404506 0.08802759
v 0.06368738 0.007134497 0.09021532
v 0.06049537 0.006791472 0.09139049
v -0.01254373 0.06729996 0.08492112
v -0.01512545 0.05902343 0.09122794
v -0.01118087 0.05992734 0.09123331
v -0.01176172 0.06305575 0.09004163
v -0.06222391 0 0.09110909
v -0.06090164 0 0.09144705
v -0.06073623 0.004253864 0.09141075
v -0.004553318 0.06830805 0.08492583
v -0.00443989 0.06659752 0.08785676
v -0.004267752 0.06400698 0.09004509
v -0.004056632 0.06083518 0.09123849
v -0.06405508 0 0.0902937
v -0.06519091 0 0.08953714
v -0.06410068 0 0.09026336
v -0.06393647 0.004461944 0.09023362
v -0.06839102 0 0.08529108
v -0.06747043 0 0.08707171
v -0.06655526 0.004620969 0.08804583
v -0.06664901 0 0.08816164
v -0.06882083 0 0.08392673
v -0.06844043 0 0.08513426
v -0.06828713 0.004712462 0.08510261
v -0.06908714 0 0.08193945
v -0.06772977 0.009893894 0.08506751
v -0.06677335 0.01504743 0.0850352
v -0.06022047 0.008854448 0.09137463
v -0.0634014 0.009307384 0.09020107
v -0.05935281 0.01342803 0.09134149
v -0.06249469 0.01412522 0.09017109
v -0.05902963 0.01473927 0.09133255
v -0.06199884 0.01614868 0.09015911
v -0.06288397 0.02702885 0.08497011
v -0.06475138 0.02218681 0.08499467
v -0.06624805 0.01721221 0.08502238
v -0.05887955 0.01534855 0.09132838
v -0.05753713 0.0197609 0.09129995
v -0.06059014 0.02079761 0.09013307
v -0.05586951 0.0240547 0.09127491
v -0.05883741 0.02532202 0.0901097
v -0.05387783 0.02822422 0.09125328
v -0.05674177 0.02971559 0.09008914
v -0.05274885 0.0301904 0.09124451
v -0.0543003 0.03397035 0.09007149
v -0.05803799 0.03628414 0.08493083
v -0.06064713 0.031731 0.08494877
v -0.05155915 0.0322625 0.09123522
v -0.05048388 0.03392106 0.09122872
v -0.05316764 0.0357176 0.090065
v -0.04777282 0.03764837 0.0912162
v -0.0503109 0.03964382 0.09005188
v -0.04597324 0.03976821 0.0912109
v -0.0471695 0.04334074 0.09004169
v -0.05040735 0.04630583 0.08490234
v -0.05377018 0.04235339 0.08491158
v -0.05682665 0.03815364 0.08492434
v -0.04479235 0.04115933 0.09120738
v -0.04154503 0.04444855 0.09120202
v -0.04374629 0.04680269 0.09003436
v -0.04012888 0.04568094 0.09120118
v -0.04004067 0.05002099 0.09002959
v -0.04277396 0.05343979 0.08489346
v -0.04674196 0.0500046 0.08489638
v -0.0380299 0.04750782 0.09119993
v -0.03423947 0.05032783 0.09120088
v -0.03604507 0.05298554 0.09002733
v -0.03057438 0.05264246 0.09120422
v -0.03192633 0.05557817 0.09002727
v -0.03408783 0.05936193 0.08489602
v -0.03849601 0.05660092 0.08489352
v -0.03033149 0.05279576 0.0912044
v -0.02622967 0.0549699 0.09121006
v -0.02760452 0.05786007 0.09002912
v -0.02442502 0.05580401 0.09121292
v -0.02570354 0.05873507 0.09003043
v -0.02012568 0.05751341 0.09122008
v -0.02117604 0.06052732 0.090034
v -0.06600606 0.009667932 0.08801335
v -0.06506878 0.01468706 0.08798348
v -0.06455504 0.01679515 0.08797156
v -0.063093 0.02163922 0.08794558
v -0.06127107 0.02635395 0.08792227
v -0.05909037 0.0309323 0.08790177
v -0.05654817 0.03536576 0.08788412
v -0.0553683 0.03718626 0.08787757
v -0.0523917 0.04127615 0.08786445
v -0.04911768 0.04512625 0.0878542
v -0.04554927 0.04873025 0.08784675
v -0.04168629 0.05207878 0.08784192
v -0.03752154 0.05516147 0.08783954
v -0.03322917 0.05785536 0.08783936
v -0.02872633 0.06022483 0.08784115
v -0.02674639 0.06113272 0.08784234
v -0.02203184 0.06299161 0.08784586
v -0.02946478 0.06178879 0.08490061
v -0.02743226 0.06271839 0.08490306
v -0.02259391 0.06462073 0.08490926
v -0.0176289 0.06614917 0.08491551
v -0.01719242 0.06448602 0.08784967
v -0.01652681 0.06196922 0.09003794
v -0.01570928 0.05888968 0.09122711
v -0.01223421 0.06561166 0.08785337
v -0.007343888 0.06806451 0.08492499
v -0.007162392 0.06635946 0.08785611
v -0.006885707 0.06377756 0.09004437
v -0.006545722 0.06061649 0.09123754
v -0.0680291 -0.007570087 0.08508288
v -0.06608313 -0.01783466 0.08501881
v -0.05900156 -0.01474273 0.09133273
v -0.0597825 -0.0113976 0.09135591
v -0.06294417 -0.01198637 0.09018409
v -0.0556401 -0.0245788 0.09127199
v -0.05859607 -0.02587443 0.09010702
v -0.05781072 -0.02758127 0.09009885
v 0 -0.06288999 0.09066671
v 0 -0.06096839 0.09123748
v -0.004204154 -0.0608251 0.09123849
v 0 -0.06573867 0.0888893
v 0 -0.06414568 0.09004133
v -0.004422903 -0.06399643 0.09004503
v 0 -0.06411439 0.09006392
v 0 -0.06783843 0.08626914
v 0 -0.06669455 0.08791524
v -0.004601359 -0.06658649 0.08785676
v -0.00471878 -0.06829684 0.08492583
v 0 -0.06841802 0.08503359
v 0 -0.06907337 0.0820859
v 0 -0.06895226 0.08310365
v -0.06830334 -0.004471719 0.08510434
v -0.06657141 -0.004386425 0.08804738
v -0.06395232 -0.004236817 0.09023523
v -0.06075161 -0.004040062 0.09141248
v -0.00990796 -0.06773853 0.08492338
v 0 -0.0684489 0.08492201
v -0.008831858 -0.06032282 0.09123581
v -0.009290397 -0.06346994 0.09004324
v -0.01342904 -0.05945807 0.09123045
v -0.01412719 -0.06256449 0.09003984
v -0.01512557 -0.0590406 0.091228
v -0.01615637 -0.0620675 0.09003823
v -0.0222122 -0.06475299 0.08490979
v -0.01723343 -0.06625342 0.08491599
v -0.01506763 -0.06677973 0.08491849
v -0.01535719 -0.05898368 0.09122765
v -0.01978635 -0.0576325 0.09122061
v -0.02081876 -0.06065201 0.0900343
v -0.02409213 -0.0559501 0.09121346
v -0.02535295 -0.05888819 0.09003067
v -0.02826768 -0.0539397 0.09120708
v -0.0317611 -0.06063956 0.08489817
v -0.02705734 -0.06288117 0.08490353
v -0.03057408 -0.05260378 0.0912044
v -0.03400701 -0.05432283 0.09002703
v -0.02975153 -0.05677902 0.09002804
v -0.03818494 -0.05681151 0.08489358
v -0.03631454 -0.05802553 0.08489447
v -0.03230577 -0.05160069 0.09120237
v -0.03396368 -0.05051589 0.09120106
v -0.03575438 -0.05318307 0.09002721
v -0.0376836 -0.04778468 0.09119987
v -0.03967565 -0.05031222 0.09002929
v -0.04012787 -0.04569005 0.09120112
v -0.04336452 -0.04715782 0.09003371
v -0.05002868 -0.0467149 0.08490157
v -0.04633313 -0.05038374 0.0848959
v -0.04238307 -0.05375057 0.08489334
v -0.04118281 -0.04478591 0.0912016
v -0.04445672 -0.04152292 0.09120666
v -0.04681581 -0.04372352 0.0900408
v -0.04597324 -0.03976392 0.0912109
v -0.05002123 -0.04000926 0.09005075
v -0.05660825 -0.03847694 0.0849232
v -0.05346006 -0.04274415 0.08491057
v -0.0474978 -0.03799539 0.09121525
v -0.05029004 -0.03420788 0.09122765
v -0.05296349 -0.0360198 0.09006386
v -0.0527383 -0.03029745 0.09124362
v -0.05554217 -0.03189998 0.09007978
v -0.05279177 -0.03019595 0.0912441
v -0.05489355 -0.02619868 0.09126341
v -0.009663462 -0.06604069 0.08785492
v -0.01469522 -0.06510275 0.08785164
v -0.01680684 -0.06458801 0.08784997
v -0.02165991 -0.06312096 0.08784615
v -0.02638119 -0.06129175 0.08784258
v -0.03096318 -0.05910259 0.08784008
v -0.03539741 -0.05655127 0.08783918
v -0.03721857 -0.05536687 0.08783942
v -0.04130584 -0.05238169 0.08784157
v -0.04515129 -0.0490998 0.08784615
v -0.04874897 -0.04552477 0.08785331
v -0.05208981 -0.04165691 0.08786332
v -0.05515569 -0.03750097 0.08787649
v -0.05784142 -0.03320848 0.08789241
v -0.06020295 -0.02870815 0.08791142
v -0.06101995 -0.02692949 0.08791959
v -0.05936551 -0.03406882 0.08493924
v -0.06178849 -0.02944684 0.08495879
v -0.06262654 -0.02761995 0.08496725
v -0.06454133 -0.02279043 0.08499145
v -0.06288802 -0.02222698 0.08794254
v -0.06039279 -0.02136164 0.09013003
v -0.05734932 -0.02029609 0.09129667
v -0.06439381 -0.01740127 0.08796817
v -0.06184333 -0.01673036 0.09015578
v -0.05873119 -0.01590073 0.09132468
v -0.0672484 -0.01275926 0.08504921
v -0.06553393 -0.01245874 0.08799648
v -0.06630039 -0.007404506 0.08802759
v -0.06368738 -0.007134497 0.09021532
v -0.06049537 -0.006791472 0.09139049
v 0.01254373 -0.06729996 0.08492112
v 0.01512545 -0.05902343 0.09122794
v 0.01118087 -0.05992734 0.09123331
v 0.01176172 -0.06305575 0.09004163
v 0.06073623 -0.004253864 0.09141075
v 0.06393647 -0.004461944 0.09023362
v 0.06655526 -0.004620969 0.08804583
v 0.06828713 -0.004712462 0.08510261
v 0.004553318 -0.06830805 0.08492583
v 0.004267752 -0.06400698 0.09004509
v 0.00443989 -0.06659746 0.08785676
v 0.004056513 -0.06083518 0.09123849
v 0.06772977 -0.009893894 0.08506751
v 0.06677335 -0.01504743 0.0850352
v 0.06022047 -0.008854448 0.09137463
v 0.0634014 -0.009307384 0.09020107
v 0.05935281 -0.01342797 0.09134149
v 0.06249457 -0.01412522 0.09017109
v 0.05902963 -0.01473927 0.09133255
v 0.06199884 -0.01614868 0.09015911
v 0.06288397 -0.02702885 0.08497011
v 0.06475138 -0.02218681 0.08499467
v 0.06624805 -0.01721221 0.08502238
v 0.05887955 -0.01534855 0.09132838
v 0.05753713 -0.01976078 0.09129995
v 0.06059014 -0.02079761 0.09013307
v 0.05586951 -0.0240547 0.09127491
v 0.05883741 -0.02532202 0.0901097
v 0.05387783 -0.02822422 0.09125328
v 0.05674177 -0.02971559 0.09008914
v 0.05274885 -0.0301904 0.09124451
v 0.0543003 -0.03397035 0.09007149
v 0.05803799 -0.03628414 0.08493083
v 0.06064713 -0.031731 0.08494877
v 0.05155915 -0.0322625 0.09123522
v 0.05048388 -0.03392106 0.09122872
v 0.05316764 -0.0357176 0.090065
v 0.04777282 -0.03764837 0.0912162
v 0.0503109 -0.03964382 0.09005188
v 0.04597324 -0.03976821 0.0912109
v 0.0471695 -0.04334074 0.09004169
v 0.05040735 -0.04630583 0.08490234
v 0.05377018 -0.04235339 0.08491158
v 0.05682665 -0.03815364 0.08492434
v 0.04479235 -0.04115933 0.09120738
v 0.04154503 -0.04444855 0.09120202
v 0.04374629 -0.04680269 0.09003436
v 0.04012888 -0.04568094 0.09120118
v 0.04004067 -0.05002099 0.09002959
v 0.04277396 -0.05343979 0.08489346
v 0.04674196 -0.0500046 0.08489638
v 0.0380299 -0.04750782 0.09119993
v 0.03423947 -0.05032783 0.09120088
v 0.03604507 -0.05298554 0.09002733
v 0.03057438 -0.05264246 0.09120422
v 0.03192633 -0.05557811 0.09002727
v 0.03408783 -0.05936193 0.08489602
v 0.03849601 -0.05660092 0.08489352
v 0.03033149 -0.05279576 0.0912044
v 0.02622967 -0.0549699 0.09121006
v 0.02760452 -0.05786007 0.09002912
v 0.02442502 -0.05580395 0.09121292
v 0.02570354 -0.05873507 0.09003043
v 0.02012568 -0.05751341 0.09122008
v 0.02117604 -0.06052732 0.090034
v 0.06600606 -0.009667932 0.08801335
v 0.06506884 -0.01468706 0.08798348
v 0.06455504 -0.01679515 0.08797156
v 0.06309306 -0.02163922 0.08794558
v 0.06127107 -0.02635395 0.08792227
v 0.05909037 -0.0309323 0.08790177
v 0.05654817 -0.03536576 0.08788412
v 0.0553683 -0.03718626 0.08787757
v 0.0523917 -0.04127615 0.08786445
v 0.04911768 -0.04512625 0.0878542
v 0.04554927 -0.04873025 0.08784675
v 0.04168629 -0.05207878 0.08784192
v 0.03752154 -0.05516147 0.08783954
v 0.03322917 -0.05785536 0.08783936
v 0.02872633 -0.06022483 0.08784115
v 0.02674639 -0.06113266 0.08784234
v 0.02203184 -0.06299161 0.08784586
v 0.02946478 -0.06178879 0.08490061
v 0.02743226 -0.06271839 0.08490306
v 0.02259391 -0.06462073 0.08490926
v 0.0176289 -0.06614917 0.08491551
v 0.01719242 -0.06448602 0.08784967
v 0.01652681 -0.06196922 0.09003794
v 0.01570928 -0.05888968 0.09122711
v 0.01223421 -0.0656116 0.08785337
v 0.007343888 -0.06806451 0.08492499
v 0.007162392 -0.06635946 0.08785611
v 0.006885707 -0.06377756 0.09004437
v 0.006545722 -0.06061649 0.09123754
v 0.000971815 -0.03948986 0.09459632
v 0 -0.03949332 0.09459477
v 0 -0.04606324 0.09368526
v 0.05121266 0 0.09308409
v 0.04580289 0 0.09382122
v 0.04588484 -0.01495122 0.09335225
v 0.04594588 -0.03029662 0.09221267
v 0.03050971 -0.03049999 0.09400635
v 0.03056013 -0.04580837 0.09221315
v 0.0150932 -0.04597181 0.09335184
v 0 -0.0460723 0.09368401
v 0 -0.04972714 0.09317803
v 0.01490455 -0.03647768 0.09457474
v 0.0135098 -0.03704243 0.09457969
v 0.01004475 -0.03817898 0.09459006
v 0.006526887 -0.03896498 0.09459662
v 0.002964854 -0.03940069 0.09459811
v 0.02456748 -0.03056424 0.09453749
v 0.02448636 -0.03063815 0.09453773
v 0.02145135 -0.03290182 0.09454882
v 0.01825457 -0.03484952 0.09456163
v 0.01505959 -0.03640228 0.09457415
v 0.030483 -0.02450942 0.094527
v 0.02927172 -0.02601772 0.09452688
v 0.02762323 -0.02778083 0.09452927
v 0.03170406 -0.02298909 0.09452706
v 0.03385198 -0.01974099 0.09453272
v 0.03974282 0 0.09464699
v 0.03954309 -0.00274688 0.09462541
v 0.03894615 -0.006603956 0.09459745
v 0.03799521 -0.01036828 0.09457337
v 0.03669798 -0.01403152 0.09455376
v 0.03623598 -0.01507765 0.09454923
v 0.03570574 -0.01627868 0.09454399
v -0.0150932 -0.04598087 0.09335058
v -0.03056019 -0.04581743 0.0922119
v -0.03050971 -0.03050601 0.09400576
v -0.04594588 -0.03030264 0.09221208
v -0.04588484 -0.01495426 0.09335213
v -0.04580289 0 0.09382122
v -0.05121266 0 0.09308409
v -0.03623902 -0.01508063 0.09454917
v -0.03695017 -0.01339751 0.09455686
v -0.03818982 -0.009705841 0.09457737
v -0.03907328 -0.005952239 0.09460192
v -0.03960257 -0.002146363 0.09463006
v -0.03974282 0 0.09464699
v -0.03048306 -0.02451652 0.09452694
v -0.03210949 -0.0224238 0.09452766
v -0.03420805 -0.01913285 0.09453433
v -0.03599059 -0.01566869 0.09454643
v -0.02665358 -0.028728 0.09453147
v -0.02934396 -0.02593559 0.09452682
v -0.02969533 -0.02553004 0.09452652
v -0.0197333 -0.03399968 0.09455567
v -0.02058291 -0.03347218 0.09455221
v -0.02373093 -0.0312435 0.09454029
v -0.02451258 -0.03057068 0.09453791
v -0.009452164 -0.03833681 0.09459149
v -0.01300203 -0.03723239 0.09458142
v -0.01505935 -0.03636389 0.09457391
v -0.01643103 -0.03578484 0.0945689
v -0.003206968 -0.03938233 0.09459817
v -0.006775259 -0.03892123 0.09459632
v -0.000971811 0.03948986 0.09459632
v 0 0.03949332 0.09459477
v 0 0.04606324 0.09368526
v -0.04588484 0.01495128 0.09335225
v -0.04594588 0.03029662 0.09221267
v -0.03050971 0.03049999 0.09400635
v -0.03056013 0.04580837 0.09221315
v -0.0150932 0.04597181 0.09335184
v 0 0.0460723 0.09368401
v 0 0.04972714 0.09317803
v -0.01490455 0.03647768 0.09457474
v -0.01350975 0.03704243 0.09457969
v -0.01004475 0.03817898 0.09459006
v -0.006526768 0.03896498 0.09459662
v -0.002964854 0.03940069 0.09459811
v -0.02456748 0.03056424 0.09453749
v -0.02448636 0.03063815 0.09453773
v -0.02145135 0.03290182 0.09454882
v -0.01825451 0.03484958 0.09456163
v -0.01505959 0.03640228 0.09457415
v -0.030483 0.02450942 0.094527
v -0.02927172 0.02601772 0.09452688
v -0.02762323 0.02778083 0.09452927
v -0.03170406 0.02298915 0.09452706
v -0.03385198 0.01974099 0.09453272
v -0.03954309 0.00274688 0.09462541
v -0.03894615 0.006603956 0.09459745
v -0.03799521 0.01036834 0.09457337
v -0.03669798 0.01403152 0.09455376
v -0.03623598 0.01507765 0.09454923
v -0.03570574 0.01627868 0.09454399
v 0.0150932 0.04598087 0.09335058
v 0.03056019 0.04581743 0.0922119
v 0.03050971 0.03050601 0.09400576
v 0.04594588 0.03030264 0.09221208
v 0.04588484 0.01495426 0.09335213
v 0.03623902 0.01508063 0.09454917
v 0.03695017 0.01339751 0.09455686
v 0.03818982 0.009705841 0.09457737
v 0.03907328 0.005952239 0.09460192
v 0.03960257 0.002146363 0.09463006
v 0.03048306 0.02451652 0.09452694
v 0.03210949 0.0224238 0.09452766
v 0.03420805 0.01913285 0.09453433
v 0.03599059 0.01566869 0.09454643
v 0.02665358 0.028728 0.09453147
v 0.02934396 0.02593559 0.09452682
v 0.02969533 0.02553004 0.09452652
v 0.0197333 0.03399968 0.09455567
v 0.02058291 0.03347218 0.09455221
v 0.02373093 0.0312435 0.09454029
v 0.02451258 0.03057074 0.09453791
v 0.009452164 0.03833681 0.09459149
v 0.01300203 0.03723239 0.09458142
v 0.01505935 0.03636389 0.09457391
v 0.01643103 0.03578484 0.0945689
v 0.003206968 0.03938233 0.09459817
v 0.006775259 0.03892123 0.09459632
v 0.03808385 0.002004981 0.09457856
v 0.03826588 0 0.09460282
v 0.03750663 0.005939424 0.09455019
v 0.03757041 0.005669534 0.09455192
v 0.03287339 0.01836502 0.09448802
v 0.03353273 0.01708555 0.09449243
v 0.0345931 0.01502799 0.0944994
v 0.03551918 0.01284033 0.09450924
v 0.0359137 0.01166862 0.09451562
v 0.03671634 0.009284555 0.09452861
v 0.02852267 0.02452641 0.09448099
v 0.0304135 0.02209556 0.0944817
v 0.03084969 0.02153486 0.09448188
v 0.0227791 0.03002673 0.0944944
v 0.02559256 0.02760565 0.09448581
v 0.02658003 0.0265811 0.09448409
v 0.02818405 0.02491706 0.09448122
v 0.0221433 0.03047698 0.09449678
v 0.01975148 0.03217095 0.09450578
v 0.01893496 0.03267824 0.09450906
v 0.01714313 0.03364771 0.09451615
v 0.0157625 0.03439486 0.09452158
v 0.01247155 0.03578633 0.09453338
v 0.01170557 0.0360251 0.09453547
v 0.009067654 0.03684771 0.09454274
v 0.006502628 0.03740954 0.09454715
v 0.005937278 0.03748285 0.09454739
v 0.003085196 0.03785318 0.0945487
v 0 0.03805667 0.09456241
v -0.02811443 0.0249961 0.09448134
v -0.02652633 0.0266937 0.09448373
v -0.03826588 0 0.09460282
v -0.00094519 0.03795701 0.09454685
v -0.002853333 0.03787088 0.09454858
v -0.00593847 0.03749161 0.09454756
v -0.006264567 0.03745162 0.09454745
v -0.009635686 0.03669601 0.09454143
v -0.01170229 0.0360167 0.09453541
v -0.01295876 0.03560376 0.09453177
v -0.01429712 0.03506088 0.09452706
v -0.01715594 0.03366976 0.09451609
v -0.01751399 0.0334956 0.09451472
v -0.02058655 0.03162229 0.0945025
v -0.0221349 0.03046715 0.0944969
v -0.02350616 0.02944421 0.09449189
v -0.03043329 0.02211099 0.09448134
v -0.03045874 0.02207934 0.09448134
v -0.03527569 0.01345103 0.09450632
v -0.03431808 0.01561564 0.09449708
v -0.03353101 0.01708376 0.09449243
v -0.03252989 0.01895081 0.09448653
v -0.03590935 0.01166629 0.09451574
v -0.03652822 0.009922683 0.09452486
v -0.03744739 0.00629729 0.09454768
v -0.037503 0.005939841 0.09455019
v -0.03802579 0.002583146 0.09457415
v -0.03808385 -0.002004981 0.09457856
v -0.03750663 -0.005939424 0.09455019
v -0.03757041 -0.005669653 0.09455192
v -0.03287339 -0.01836502 0.09448802
v -0.03353273 -0.01708555 0.09449243
v -0.0345931 -0.01502799 0.0944994
v -0.03551918 -0.01284033 0.09450924
v -0.0359137 -0.01166862 0.09451562
v -0.03671634 -0.009284615 0.09452861
v -0.02852267 -0.02452641 0.09448099
v -0.0304135 -0.02209556 0.0944817
v -0.03084969 -0.02153486 0.09448188
v -0.0227791 -0.03002673 0.0944944
v -0.02559256 -0.02760565 0.09448581
v -0.02658003 -0.0265811 0.09448409
v -0.02818405 -0.02491706 0.09448122
v -0.0221433 -0.03047698 0.09449678
v -0.01975148 -0.03217095 0.09450578
v -0.01893496 -0.03267824 0.09450906
v -0.01714313 -0.03364771 0.09451615
v -0.0157625 -0.03439486 0.09452158
v -0.01247155 -0.03578633 0.09453338
v -0.01170557 -0.0360251 0.09453547
v -0.009067654 -0.03684771 0.09454274
v -0.006502628 -0.03740954 0.09454715
v -0.005937278 -0.03748285 0.09454739
v -0.003085196 -0.03785318 0.0945487
v 0 -0.03805667 0.09456241
v 0.02811443 -0.0249961 0.09448134
v 0.02652633 -0.0266937 0.09448373
v 0.000945194 -0.03795701 0.09454685
v 0.002853333 -0.03787088 0.09454858
v 0.00593847 -0.03749161 0.09454756
v 0.006264567 -0.03745162 0.09454745
v 0.009635686 -0.03669601 0.09454143
v 0.01170229 -0.0360167 0.09453541
v 0.01295876 -0.03560376 0.09453177
v 0.01429712 -0.03506082 0.09452706
v 0.01715594 -0.03366976 0.09451609
v 0.01751399 -0.0334956 0.09451472
v 0.02058655 -0.03162229 0.0945025
v 0.0221349 -0.03046715 0.0944969
v 0.02350616 -0.02944415 0.09449189
v 0.03043329 -0.02211093 0.09448134
v 0.03045874 -0.02207934 0.09448134
v 0.03527569 -0.01345103 0.09450632
v 0.03431808 -0.01561564 0.09449708
v 0.03353101 -0.01708376 0.09449243
v 0.03252989 -0.01895081 0.09448653
v 0.03590935 -0.01166629 0.09451574
v 0.03652828 -0.009922683 0.09452486
v 0.03744739 -0.00629729 0.09454768
v 0.037503 -0.005939841 0.09455019
v 0.03802585 -0.002583146 0.09457415
v -0.01225239 0.003980994 0.09140521
v -0.01272428 0.002015233 0.09140521
v 0 0 0.09099996
v -0.01147872 0.005848646 0.09140521
v -0.0104224 0.007572293 0.09140521
v -0.009109556 0.009109556 0.09140521
v -0.007572293 0.0104224 0.09140521
v -0.005848646 0.01147878 0.09140521
v -0.003980994 0.01225239 0.09140521
v -0.002015233 0.01272428 0.09140521
v 0 0.01288282 0.09140521
v 0.002015233 0.01272428 0.09140521
v 0.003980994 0.01225239 0.09140521
v 0.005848646 0.01147878 0.09140521
v 0.007572293 0.0104224 0.09140521
v 0.009109556 0.009109556 0.09140521
v 0.0104224 0.007572293 0.09140521
v 0.01147872 0.005848646 0.09140521
v 0.01225239 0.003980994 0.09140521
v 0.01272428 0.002015233 0.09140521
v 0.01288282 0 0.09140521
v 0.01272428 -0.002015233 0.09140521
v 0.01225239 -0.003980994 0.09140521
v 0.01147872 -0.005848646 0.09140521
v 0.0104224 -0.007572293 0.09140521
v 0.009109556 -0.009109616 0.09140521
v 0.007572293 -0.0104224 0.09140521
v 0.005848646 -0.01147878 0.09140521
v 0.003980994 -0.01225239 0.09140521
v 0.002015233 -0.01272428 0.09140521
v 0 -0.01288282 0.09140521
v -0.002015233 -0.01272428 0.09140521
v -0.003980994 -0.01225239 0.09140521
v -0.005848646 -0.01147878 0.09140521
v -0.007572293 -0.0104224 0.09140521
v -0.009109556 -0.009109616 0.09140521
v -0.0104224 -0.007572293 0.09140521
v -0.01147872 -0.005848646 0.09140521
v -0.01225239 -0.003980994 0.09140521
v -0.01272428 -0.002015233 0.09140521
v -0.01288282 0 0.09140521
v 0.02291214 0.01167434 0.09261918
v -0.02291214 -0.01167428 0.09261918
v 0 -0.03796041 0.09454524
v 0 -0.02571493 0.09261918
v -0.004022598 -0.02539831 0.09261918
v -0.007946312 -0.02445632 0.09261918
v -0.01167428 -0.02291214 0.09261918
v -0.01511484 -0.02080374 0.09261918
v -0.01818317 -0.01818317 0.09261918
v -0.02080374 -0.01511484 0.09261918
v -0.02445632 -0.007946312 0.09261918
v -0.02539831 -0.004022598 0.09261918
v -0.02571487 0 0.09261918
v -0.02539831 0.004022598 0.09261918
v -0.03821855 0 0.09459406
v -0.02445632 0.007946312 0.09261918
v -0.02291214 0.01167434 0.09261918
v -0.02080374 0.01511484 0.09261918
v -0.01818317 0.01818317 0.09261918
v -0.01511484 0.02080374 0.09261918
v -0.01167428 0.02291214 0.09261918
v -0.007946312 0.02445632 0.09261918
v -0.004022598 0.02539831 0.09261918
v 0 0.03796046 0.09454524
v 0 0.02571493 0.09261918
v 0.004022598 0.02539831 0.09261918
v 0.007946312 0.02445632 0.09261918
v 0.01167428 0.02291214 0.09261918
v 0.01511484 0.02080374 0.09261918
v 0.01818317 0.01818317 0.09261918
v 0.02080374 0.01511484 0.09261918
v 0.02445632 0.007946312 0.09261918
v 0.02539831 0.004022598 0.09261918
v 0.02571487 0 0.09261918
v 0.02539831 -0.004022598 0.09261918
v 0.03821855 0 0.09459406
v 0.02445632 -0.007946312 0.09261918
v 0.02291214 -0.01167428 0.09261918
v 0.02080374 -0.01511484 0.09261918
v 0.01818317 -0.01818317 0.09261918
v 0.01511484 -0.02080374 0.09261918
v 0.01167428 -0.02291214 0.09261918
v 0.007946312 -0.02445632 0.09261918
v 0.004022598 -0.02539831 0.09261918
v -0.02244395 -0.06537693 -0.07999891
v -0.01137703 -0.06817942 -0.07999891
v -0.0130611 -0.06060278 -0.07999891
v 0.02244389 0.06537693 -0.07999891
v 0.01137703 0.06817942 -0.07999891
v 0.0130611 0.06060278 -0.07999891
v -0.0524711 0.03429383 -0.07999891
v -0.04954421 0.03831553 -0.07999891
v -0.05786675 0.03780627 -0.07999891
v 0.05786675 -0.03780627 -0.07999891
v 0.04954421 -0.03831553 -0.07999891
v 0.05085486 -0.04681509 -0.07999891
v 0 -0.06912219 -0.07999891
v -0.002895951 -0.0618593 -0.07999891
v -0.00798875 -0.06143361 -0.07999891
v -0.05085486 0.04681509 -0.07999891
v 0.05085486 0.04681509 -0.07999891
v 0.04245573 0.05454713 -0.07999891
v 0.04134345 0.04683929 -0.07999891
v 0.04627948 -0.04211139 -0.07999891
v 0.04508262 -0.04335767 -0.07999891
v 0.04245573 -0.05454713 -0.07999891
v 0.03348624 -0.05255836 -0.07999891
v 0.03289842 -0.06079113 -0.07999891
v 0.03760457 -0.04979759 -0.07999891
v 0.04147195 -0.0467289 -0.07999891
v -0.04627948 0.04211139 -0.07999891
v -0.04508262 0.04335767 -0.07999891
v -0.04245573 0.05454713 -0.07999891
v -0.03348624 0.05255836 -0.07999891
v -0.03289842 0.06079113 -0.07999891
v -0.03760457 0.04979759 -0.07999891
v -0.04147195 0.0467289 -0.07999891
v 0.04497724 0.04346412 -0.07999891
v 0.04835093 0.0397765 -0.07999891
v 0.05786675 0.03780627 -0.07999891
v 0.02911996 -0.05500251 -0.07999891
v 0.02745848 -0.05581659 -0.07999891
v 0.02244389 -0.06537693 -0.07999891
v 0.02284675 -0.05777251 -0.07999891
v 0.01809513 -0.05935806 -0.07999891
v 0.01137703 -0.06817942 -0.07999891
v 0.0132097 -0.06057208 -0.07999891
v -0.02326446 -0.05761289 -0.07999891
v -0.03289842 -0.06079113 -0.07999891
v -0.01849746 -0.05923962 -0.07999891
v 0.02788531 0.05561316 -0.07999891
v 0.03289842 0.06079113 -0.07999891
v 0.02326446 0.05761289 -0.07999891
v 0.01849746 0.05923962 -0.07999891
v -0.02788531 -0.05561316 -0.07999891
v -0.03235322 -0.05323725 -0.07999891
v -0.03332132 -0.05265927 -0.07999891
v -0.04245573 -0.05454713 -0.07999891
v -0.06330025 0.02776598 -0.07999891
v -0.05732136 0.02559018 -0.07999891
v -0.05506378 0.03005087 -0.07999891
v -0.02911996 0.05500251 -0.07999891
v -0.02745848 0.05581659 -0.07999891
v -0.02244395 0.06537693 -0.07999891
v 0.03235322 0.05323725 -0.07999891
v 0.03332132 0.05265927 -0.07999891
v 0.03745496 0.04990655 -0.07999891
v 0.008196651 -0.06140756 -0.07999891
v 0.007282733 -0.0615167 -0.07999891
v 0.002198219 -0.06188642 -0.07999891
v -0.02284675 0.05777251 -0.07999891
v -0.01809513 0.05935806 -0.07999891
v -0.01137703 0.06817942 -0.07999891
v 0 0.06912219 -0.07999891
v 0.002895951 0.0618593 -0.07999891
v 0.00798875 0.06143361 -0.07999891
v -0.0132097 0.06057214 -0.07999891
v -0.008196651 0.06140756 -0.07999891
v -0.007282733 0.06151676 -0.07999891
v -0.002198219 0.06188648 -0.07999891
v 0 0.06907337 -0.0820859
v 0 0.06909441 -0.08158886
v 0.004761636 0.06893014 -0.08159023
v 0 0.06873953 -0.08406031
v 0 0.06750893 -0.08682006
v 0 0.06841802 -0.08503359
v 0.004718661 0.06829684 -0.08492583
v 0 0.0684545 -0.08492326
v 0 0.06524538 -0.08930009
v 0 0.06669455 -0.08791524
v 0.004601359 0.06658655 -0.08785676
v 0.004422903 0.06399643 -0.09004503
v 0 0.06414645 -0.09004229
v 0 0.06096839 -0.09123748
v 0 0.06228852 -0.09089106
v 0.004204154 0.0608251 -0.09123849
v 0 0.06411439 -0.09006392
v 0.06282681 0 -0.09088861
v 0.06395232 0.004236698 -0.09023523
v 0.06405508 0 -0.0902937
v 0.06657141 0.004386425 -0.08804738
v 0.06664901 0 -0.08816164
v 0.06568688 0 -0.0891295
v 0.06893813 0 -0.0833621
v 0.06843578 0 -0.08513331
v 0.06830334 0.0044716 -0.08510434
v 0.06839102 0 -0.08529108
v 0.0678035 0 -0.08652293
v 0.009995698 0.0683676 -0.08158671
v 0.00990796 0.06773853 -0.08492338
v 0.01136535 0.06811344 -0.08158481
v 0.01506763 0.06677973 -0.08491849
v 0.01412719 0.06256449 -0.09003984
v 0.008831858 0.06032282 -0.09123581
v 0.009290397 0.06346994 -0.09004324
v 0.01520133 0.06740164 -0.08157944
v 0.01738679 0.06687128 -0.08157557
v 0.01723343 0.06625342 -0.08491599
v 0.02241188 0.06535905 -0.08156555
v 0.0222122 0.06475299 -0.08490979
v 0.02243471 0.06535023 -0.08156549
v 0.02705734 0.06288117 -0.08490353
v 0.02975153 0.05677902 -0.09002804
v 0.02409213 0.0559501 -0.09121346
v 0.02535295 0.05888825 -0.09003067
v 0.01978635 0.0576325 -0.09122061
v 0.02081876 0.06065201 -0.0900343
v 0.01535719 0.05898368 -0.09122765
v 0.01615637 0.0620675 -0.09003823
v 0.01512557 0.0590406 -0.091228
v 0.01342904 0.05945813 -0.09123045
v 0.02730298 0.06347179 -0.08155506
v 0.03205257 0.06121087 -0.08154517
v 0.0317611 0.06063956 -0.08489817
v 0.03287082 0.0607416 -0.08154374
v 0.03631454 0.05802553 -0.08489447
v 0.03665131 0.05857342 -0.08153706
v 0.03854048 0.05734807 -0.08153438
v 0.03818494 0.05681151 -0.08489358
v 0.0424304 0.05451381 -0.08153063
v 0.04238307 0.05375057 -0.08489334
v 0.03967565 0.05031222 -0.09002929
v 0.03396368 0.05051589 -0.09120106
v 0.03575438 0.05318307 -0.09002721
v 0.03230577 0.05160069 -0.09120237
v 0.03400701 0.05432283 -0.09002703
v 0.03057408 0.05260378 -0.0912044
v 0.02826768 0.0539397 -0.09120708
v 0.04681581 0.04372352 -0.0900408
v 0.04118281 0.04478597 -0.0912016
v 0.04336452 0.04715782 -0.09003371
v 0.04012787 0.04569005 -0.09120112
v 0.0376836 0.04778468 -0.09119987
v 0.04278111 0.05425822 -0.08153033
v 0.04677128 0.05085885 -0.08152967
v 0.04633313 0.05038374 -0.0848959
v 0.05050438 0.04715377 -0.08153289
v 0.05002868 0.0467149 -0.08490157
v 0.05082225 0.04678595 -0.08153355
v 0.05346006 0.04274415 -0.08491057
v 0.0474978 0.03799539 -0.09121525
v 0.04597324 0.03976392 -0.0912109
v 0.04445672 0.04152292 -0.09120666
v 0.05397051 0.04314321 -0.08154028
v 0.0571503 0.0388326 -0.08155214
v 0.05660825 0.03847694 -0.0849232
v 0.05781322 0.03777211 -0.08155596
v 0.05936551 0.03406882 -0.08493924
v 0.05002123 0.04000926 -0.09005075
v 0.05296349 0.0360198 -0.09006386
v 0.05029004 0.03420788 -0.09122765
v 0.05554217 0.03190004 -0.09007978
v 0.0527383 0.03029745 -0.09124362
v 0.05993443 0.03437942 -0.08156818
v 0.06238067 0.02971005 -0.08158868
v 0.06178849 0.02944684 -0.08495879
v 0.06322646 0.02786457 -0.08159768
v 0.06262654 0.02761995 -0.08496725
v 0.06327056 0.02775323 -0.08159828
v 0.06454133 0.02279043 -0.08499145
v 0.05279177 0.03019595 -0.0912441
v 0.05781072 0.02758127 -0.09009885
v 0.05489355 0.02619874 -0.09126341
v 0.05859607 0.02587443 -0.09010702
v 0.0556401 0.0245788 -0.09127199
v 0.06039279 0.02136164 -0.09013003
v 0.05734932 0.02029609 -0.09129667
v 0.06184333 0.01673036 -0.09015578
v 0.05873119 0.01590073 -0.09132468
v 0.06515842 0.02298557 -0.08162385
v 0.06671297 0.0179795 -0.08165389
v 0.06608313 0.01783466 -0.08501881
v 0.06694769 0.01695424 -0.08166068
v 0.0672484 0.01275932 -0.08504921
v 0.06908714 0 -0.08193945
v 0.06894606 0.004482448 -0.08174943
v 0.06883889 0.005704045 -0.08174002
v 0.0680291 0.007570028 -0.08508288
v 0.06867146 0.007611811 -0.08172541
v 0.06788671 0.01285296 -0.08168774
v 0.009663462 0.06604069 -0.08785492
v 0.01469522 0.06510275 -0.08785164
v 0.01680684 0.06458801 -0.08784997
v 0.02165991 0.06312096 -0.08784615
v 0.02638119 0.06129175 -0.08784258
v 0.03096318 0.05910259 -0.08784008
v 0.03539741 0.05655127 -0.08783918
v 0.03721857 0.05536687 -0.08783942
v 0.04130584 0.05238169 -0.08784157
v 0.04515129 0.0490998 -0.08784615
v 0.04874897 0.04552477 -0.08785331
v 0.05208981 0.04165691 -0.08786332
v 0.05515569 0.03750097 -0.08787649
v 0.05784142 0.03320854 -0.08789241
v 0.06020295 0.02870815 -0.08791142
v 0.06101995 0.02692949 -0.08791959
v 0.06288802 0.02222698 -0.08794254
v 0.06439381 0.01740127 -0.08796817
v 0.06553393 0.01245874 -0.08799648
v 0.06630039 0.007404506 -0.08802759
v 0.06294417 0.01198637 -0.09018409
v 0.06368738 0.007134497 -0.09021532
v 0.06409955 0 -0.09026199
v 0.05900156 0.01474273 -0.09133273
v 0.0597825 0.0113976 -0.09135591
v 0.06049537 0.006791472 -0.09139049
v 0.06075161 0.004040062 -0.09141248
v 0.06090164 0 -0.09144705
v -0.06837087 0.009958803 -0.08170813
v -0.06882554 0.005702257 -0.0817402
v -0.0688861 0.005707979 -0.07999891
v -0.06788665 -0.01285296 -0.08168774
v -0.06694769 -0.01695418 -0.08166068
v -0.06700706 -0.01696842 -0.07999891
v -0.05993443 -0.03437936 -0.08156818
v -0.05781322 -0.03777211 -0.08155596
v -0.05786675 -0.03780627 -0.07999891
v -0.03665137 -0.05857342 -0.08153706
v -0.03287082 -0.0607416 -0.08154374
v 0.007409334 -0.06869602 -0.08158904
v 0.01136708 -0.06811487 -0.08158475
v 0.06837087 -0.009958863 -0.08170813
v 0.06882554 -0.005702257 -0.0817402
v 0.0688861 -0.005707979 -0.07999891
v 0.06700706 0.01696842 -0.07999891
v 0.06330025 0.02776598 -0.07999891
v 0.0688861 0.005707979 -0.07999891
v 0.06892985 -0.004725635 -0.08174753
v 0.06909102 0 -0.08178609
v 0.06740838 -0.01516407 -0.08167213
v 0.06700706 -0.01696842 -0.07999891
v 0.06697374 -0.01696008 -0.08166044
v 0.06330025 -0.02776598 -0.07999891
v 0.06348621 -0.02726733 -0.08160072
v 0.06537026 -0.02237588 -0.08162736
v 0.06687915 -0.01735079 -0.08165788
v 0.05737078 -0.03850603 -0.08155322
v 0.05783677 -0.03778666 -0.08155566
v 0.05859404 -0.03661739 -0.08155971
v 0.06122851 -0.03201764 -0.08157813
v 0.06325829 -0.02774703 -0.08159846
v 0.05428373 -0.04274839 -0.08154118
v 0.05088698 -0.04674059 -0.08153349
v 0.0424214 -0.05450177 -0.08153074
v 0.04317587 -0.05394452 -0.08153009
v 0.04718422 -0.05047595 -0.08152985
v 0.0508331 -0.04679501 -0.08153343
v 0.02973359 -0.06237018 -0.08154988
v 0.03286498 -0.06072807 -0.08154374
v 0.03440243 -0.05992186 -0.08154076
v 0.03885471 -0.05713564 -0.08153396
v 0.02768141 -0.06330764 -0.08155423
v 0.02279704 -0.06522566 -0.08156472
v 0.01265484 -0.06792575 -0.08158338
v 0.01778596 -0.06676626 -0.08157479
v 0.02243107 -0.06533819 -0.08156543
v 0.004594743 -0.06894147 -0.08159029
v 0 -0.06909441 -0.08158886
v -0.01520133 -0.06740164 -0.08157944
v -0.01136535 -0.06811344 -0.08158481
v -0.009995698 -0.0683676 -0.08158671
v -0.004761636 -0.06893014 -0.08159023
v -0.01738679 -0.06687128 -0.08157557
v -0.02241188 -0.06535905 -0.08156555
v -0.03205257 -0.06121087 -0.08154517
v -0.02730298 -0.06347179 -0.08155506
v -0.02243471 -0.06535023 -0.08156549
v -0.03854048 -0.05734807 -0.08153438
v -0.0424304 -0.05451381 -0.08153063
v -0.05085486 -0.04681509 -0.07999891
v -0.05050438 -0.04715377 -0.08153289
v -0.04677128 -0.05085885 -0.08152967
v -0.04278111 -0.05425816 -0.08153033
v -0.0571503 -0.0388326 -0.08155214
v -0.05397051 -0.04314321 -0.08154028
v -0.05082225 -0.04678595 -0.08153355
v -0.06238073 -0.02971005 -0.08158868
v -0.06330025 -0.02776598 -0.07999891
v -0.06322646 -0.02786457 -0.08159768
v -0.06671297 -0.0179795 -0.08165389
v -0.06515836 -0.02298557 -0.08162385
v -0.06327056 -0.02775323 -0.08159828
v -0.06867146 -0.007611811 -0.08172541
v -0.0688861 -0.005707979 -0.07999891
v -0.06883889 -0.005704045 -0.08174002
v -0.06892985 0.004725635 -0.08174753
v -0.06909096 0 -0.08178609
v -0.06894606 -0.004482448 -0.08174943
v -0.06740838 0.01516407 -0.08167213
v -0.06700706 0.01696842 -0.07999891
v -0.06697374 0.01696008 -0.08166044
v -0.06325829 0.02774703 -0.08159846
v -0.06348621 0.02726733 -0.08160072
v -0.0653702 0.02237588 -0.08162736
v -0.06687915 0.01735079 -0.08165788
v -0.05737084 0.03850603 -0.08155322
v -0.05783677 0.03778666 -0.08155566
v -0.05859404 0.03661739 -0.08155971
v -0.06122851 0.03201764 -0.08157813
v -0.05428373 0.04274839 -0.08154118
v -0.05088698 0.04674059 -0.08153349
v -0.0424214 0.05450177 -0.08153074
v -0.04317587 0.05394452 -0.08153009
v -0.04718422 0.05047595 -0.08152985
v -0.0508331 0.04679501 -0.08153343
v -0.02973365 0.06237018 -0.08154988
v -0.03286498 0.06072807 -0.08154374
v -0.03440243 0.05992186 -0.08154076
v -0.03885471 0.05713564 -0.08153396
v -0.02768141 0.06330764 -0.08155423
v -0.02279704 0.06522572 -0.08156472
v -0.01265484 0.06792575 -0.08158338
v -0.01778596 0.06676626 -0.08157479
v -0.02243107 0.06533819 -0.08156543
v -0.004594862 0.06894147 -0.08159029
v -0.007409334 0.06869602 -0.08158904
v -0.01136708 0.06811487 -0.08158475
v -0.004553318 0.06830805 -0.08492583
v -0.007343888 0.06806451 -0.08492499
v -0.03604507 0.05298554 -0.09002733
v -0.03423947 0.05032783 -0.09120088
v -0.0380299 0.04750782 -0.09119993
v -0.004056632 0.06083518 -0.09123849
v -0.00443989 0.06659752 -0.08785676
v -0.06908714 0 -0.08193945
v -0.06882083 0 -0.08392673
v -0.06828713 0.004712462 -0.08510261
v -0.06844043 0 -0.08513426
v -0.06519091 0 -0.08953714
v -0.06664901 0 -0.08816164
v -0.06655526 0.004620969 -0.08804583
v -0.06747043 0 -0.08707171
v -0.06839102 0 -0.08529108
v -0.06393647 0.004461944 -0.09023362
v -0.06410068 0 -0.09026336
v -0.06090164 0 -0.09144705
v -0.06222391 0 -0.09110909
v -0.06073623 0.004253864 -0.09141075
v -0.06405508 0 -0.0902937
v -0.06772977 0.009893894 -0.08506751
v -0.06249469 0.01412522 -0.09017109
v -0.06022047 0.008854448 -0.09137463
v -0.0634014 0.009307384 -0.09020107
v -0.06677335 0.01504743 -0.0850352
v -0.06624805 0.01721221 -0.08502238
v -0.06475138 0.02218681 -0.08499467
v -0.06288397 0.02702885 -0.08497011
v -0.06064713 0.031731 -0.08494877
v -0.05674177 0.02971559 -0.09008914
v -0.05586951 0.0240547 -0.09127491
v -0.05883741 0.02532202 -0.0901097
v -0.05753713 0.0197609 -0.09129995
v -0.06059014 0.02079761 -0.09013307
v -0.05887955 0.01534855 -0.09132838
v -0.06199884 0.01614868 -0.09015911
v -0.05902963 0.01473927 -0.09133255
v -0.05935281 0.01342803 -0.09134149
v -0.05155915 0.0322625 -0.09123522
v -0.05274885 0.0301904 -0.09124451
v -0.05387783 0.02822422 -0.09125328
v -0.05803799 0.03628414 -0.08493083
v -0.05682665 0.03815364 -0.08492434
v -0.0543003 0.03397035 -0.09007149
v -0.05316764 0.0357176 -0.090065
v -0.05048388 0.03392106 -0.09122872
v -0.0503109 0.03964382 -0.09005188
v -0.05377018 0.04235339 -0.08491158
v -0.05040735 0.04630583 -0.08490234
v -0.04674196 0.0500046 -0.08489638
v -0.04012888 0.04568094 -0.09120118
v -0.04154503 0.04444855 -0.09120202
v -0.04374629 0.04680269 -0.09003436
v -0.04479235 0.04115933 -0.09120738
v -0.0471695 0.04334074 -0.09004169
v -0.04597324 0.03976821 -0.0912109
v -0.04777282 0.03764837 -0.0912162
v -0.04277396 0.05343979 -0.08489346
v -0.03849601 0.05660092 -0.08489352
v -0.04004067 0.05002099 -0.09002959
v -0.03408783 0.05936193 -0.08489602
v -0.02946478 0.06178879 -0.08490061
v -0.02743226 0.06271839 -0.08490306
v -0.02259391 0.06462073 -0.08490926
v -0.0176289 0.06614917 -0.08491551
v -0.03057438 0.05264246 -0.09120422
v -0.03192633 0.05557817 -0.09002727
v -0.03033149 0.05279576 -0.0912044
v -0.02760452 0.05786007 -0.09002912
v -0.02622967 0.0549699 -0.09121006
v -0.02570354 0.05873507 -0.09003043
v -0.02442502 0.05580401 -0.09121292
v -0.02117604 0.06052732 -0.090034
v -0.02012568 0.05751341 -0.09122008
v -0.01652681 0.06196922 -0.09003794
v -0.01570928 0.05888968 -0.09122711
v -0.01254373 0.06729996 -0.08492112
v -0.06600606 0.009667932 -0.08801335
v -0.06506878 0.01468706 -0.08798348
v -0.06455504 0.01679515 -0.08797156
v -0.063093 0.02163922 -0.08794558
v -0.06127107 0.02635395 -0.08792227
v -0.05909037 0.0309323 -0.08790177
v -0.05654817 0.03536576 -0.08788412
v -0.0553683 0.03718626 -0.08787757
v -0.0523917 0.04127615 -0.08786445
v -0.04911768 0.04512625 -0.0878542
v -0.04554927 0.04873025 -0.08784675
v -0.04168629 0.05207878 -0.08784192
v -0.03752154 0.05516147 -0.08783954
v -0.03322917 0.05785536 -0.08783936
v -0.02872633 0.06022483 -0.08784115
v -0.02674639 0.06113272 -0.08784234
v -0.02203184 0.06299161 -0.08784586
v -0.01719242 0.06448602 -0.08784967
v -0.01223421 0.06561166 -0.08785337
v -0.007162392 0.06635946 -0.08785611
v -0.01176172 0.06305575 -0.09004163
v -0.006885707 0.06377756 -0.09004437
v -0.004267752 0.06400698 -0.09004509
v -0.01512545 0.05902343 -0.09122794
v -0.01118087 0.05992734 -0.09123331
v -0.006545722 0.06061649 -0.09123754
v -0.06075161 -0.004040062 -0.09141248
v 0 -0.06573867 -0.0888893
v 0 -0.06669455 -0.08791524
v -0.004601359 -0.06658649 -0.08785676
v 0 -0.06907337 -0.0820859
v 0 -0.06895226 -0.08310365
v 0 -0.06783843 -0.08626914
v -0.00471878 -0.06829684 -0.08492583
v 0 -0.06841802 -0.08503359
v 0 -0.0684489 -0.08492201
v 0 -0.06288999 -0.09066671
v 0 -0.06411439 -0.09006392
v -0.004422903 -0.06399643 -0.09004503
v 0 -0.06414568 -0.09004133
v -0.06657141 -0.004386425 -0.08804738
v -0.06830334 -0.004471719 -0.08510434
v -0.00990796 -0.06773853 -0.08492338
v -0.01506763 -0.06677973 -0.08491849
v -0.01412719 -0.06256449 -0.09003984
v -0.008831858 -0.06032282 -0.09123581
v -0.009290397 -0.06346994 -0.09004324
v -0.004204154 -0.0608251 -0.09123849
v 0 -0.06096839 -0.09123748
v -0.01723343 -0.06625342 -0.08491599
v -0.0222122 -0.06475299 -0.08490979
v -0.02705734 -0.06288117 -0.08490353
v -0.02975153 -0.05677902 -0.09002804
v -0.02409213 -0.0559501 -0.09121346
v -0.02535295 -0.05888819 -0.09003067
v -0.01978635 -0.0576325 -0.09122061
v -0.02081876 -0.06065201 -0.0900343
v -0.01535719 -0.05898368 -0.09122765
v -0.01615637 -0.0620675 -0.09003823
v -0.01512557 -0.0590406 -0.091228
v -0.01342904 -0.05945807 -0.09123045
v -0.0317611 -0.06063956 -0.08489817
v -0.03631454 -0.05802553 -0.08489447
v -0.03818494 -0.05681151 -0.08489358
v -0.04238307 -0.05375057 -0.08489334
v -0.03967565 -0.05031222 -0.09002929
v -0.03396368 -0.05051589 -0.09120106
v -0.03575438 -0.05318307 -0.09002721
v -0.03230577 -0.05160069 -0.09120237
v -0.03400701 -0.05432283 -0.09002703
v -0.03057408 -0.05260378 -0.0912044
v -0.02826768 -0.0539397 -0.09120708
v -0.04681581 -0.04372352 -0.0900408
v -0.04118281 -0.04478591 -0.0912016
v -0.04336452 -0.04715782 -0.09003371
v -0.04012787 -0.04569005 -0.09120112
v -0.0376836 -0.04778468 -0.09119987
v -0.04633313 -0.05038374 -0.0848959
v -0.05002868 -0.0467149 -0.08490157
v -0.05346006 -0.04274415 -0.08491057
v -0.0474978 -0.03799539 -0.09121525
v -0.04597324 -0.03976392 -0.0912109
v -0.04445672 -0.04152292 -0.09120666
v -0.05660825 -0.03847694 -0.0849232
v -0.05936551 -0.03406882 -0.08493924
v -0.05002123 -0.04000926 -0.09005075
v -0.05296349 -0.0360198 -0.09006386
v -0.05029004 -0.03420788 -0.09122765
v -0.05554217 -0.03189998 -0.09007978
v -0.0527383 -0.03029745 -0.09124362
v -0.06178849 -0.02944684 -0.08495879
v -0.06262654 -0.02761995 -0.08496725
v -0.06454133 -0.02279043 -0.08499145
v -0.05279177 -0.03019595 -0.0912441
v -0.05781072 -0.02758127 -0.09009885
v -0.05489355 -0.02619868 -0.09126341
v -0.05859607 -0.02587443 -0.09010702
v -0.0556401 -0.0245788 -0.09127199
v -0.06039279 -0.02136164 -0.09013003
v -0.05734932 -0.02029609 -0.09129667
v -0.06184333 -0.01673036 -0.09015578
v -0.05873119 -0.01590073 -0.09132468
v -0.06608313 -0.01783466 -0.08501881
v -0.0672484 -0.01275926 -0.08504921
v -0.0680291 -0.007570087 -0.08508288
v -0.009663462 -0.06604069 -0.08785492
v -0.01469522 -0.06510275 -0.08785164
v -0.01680684 -0.06458801 -0.08784997
v -0.02165991 -0.06312096 -0.08784615
v -0.02638119 -0.06129175 -0.08784258
v -0.03096318 -0.05910259 -0.08784008
v -0.03539741 -0.05655127 -0.08783918
v -0.03721857 -0.05536687 -0.08783942
v -0.04130584 -0.05238169 -0.08784157
v -0.04515129 -0.0490998 -0.08784615
v -0.04874897 -0.04552477 -0.08785331
v -0.05208981 -0.04165691 -0.08786332
v -0.05515569 -0.03750097 -0.08787649
v -0.05784142 -0.03320848 -0.08789241
v -0.06020295 -0.02870815 -0.08791142
v -0.06101995 -0.02692949 -0.08791959
v -0.06288802 -0.02222698 -0.08794254
v -0.06439381 -0.01740127 -0.08796817
v -0.06553393 -0.01245874 -0.08799648
v -0.06630039 -0.007404506 -0.08802759
v -0.06294417 -0.01198637 -0.09018409
v -0.06368738 -0.007134497 -0.09021532
v -0.06395232 -0.004236817 -0.09023523
v -0.05900156 -0.01474273 -0.09133273
v -0.0597825 -0.0113976 -0.09135591
v -0.06049537 -0.006791472 -0.09139049
v 0.004553318 -0.06830805 -0.08492583
v 0.007343888 -0.06806451 -0.08492499
v 0.03604507 -0.05298554 -0.09002733
v 0.03423947 -0.05032783 -0.09120088
v 0.0380299 -0.04750782 -0.09119993
v 0.06655526 -0.004620969 -0.08804583
v 0.06828713 -0.004712462 -0.08510261
v 0.06393647 -0.004461944 -0.09023362
v 0.004267752 -0.06400698 -0.09004509
v 0.00443989 -0.06659746 -0.08785676
v 0.06772977 -0.009893894 -0.08506751
v 0.06249457 -0.01412522 -0.09017109
v 0.06022047 -0.008854448 -0.09137463
v 0.0634014 -0.009307384 -0.09020107
v 0.06073623 -0.004253864 -0.09141075
v 0.06677335 -0.01504743 -0.0850352
v 0.06624805 -0.01721221 -0.08502238
v 0.06475138 -0.02218681 -0.08499467
v 0.06288397 -0.02702885 -0.08497011
v 0.06064713 -0.031731 -0.08494877
v 0.05674177 -0.02971559 -0.09008914
v 0.05586951 -0.0240547 -0.09127491
v 0.05883741 -0.02532202 -0.0901097
v 0.05753713 -0.01976078 -0.09129995
v 0.06059014 -0.02079761 -0.09013307
v 0.05887955 -0.01534855 -0.09132838
v 0.06199884 -0.01614868 -0.09015911
v 0.05902963 -0.01473927 -0.09133255
v 0.05935281 -0.01342797 -0.09134149
v 0.05155915 -0.0322625 -0.09123522
v 0.05274885 -0.0301904 -0.09124451
v 0.05387783 -0.02822422 -0.09125328
v 0.05803799 -0.03628414 -0.08493083
v 0.05682665 -0.03815364 -0.08492434
v 0.0543003 -0.03397035 -0.09007149
v 0.05316764 -0.0357176 -0.090065
v 0.05048388 -0.03392106 -0.09122872
v 0.0503109 -0.03964382 -0.09005188
v 0.05377018 -0.04235339 -0.08491158
v 0.05040735 -0.04630583 -0.08490234
v 0.04674196 -0.0500046 -0.08489638
v 0.04012888 -0.04568094 -0.09120118
v 0.04154503 -0.04444855 -0.09120202
v 0.04374629 -0.04680269 -0.09003436
v 0.04479235 -0.04115933 -0.09120738
v 0.0471695 -0.04334074 -0.09004169
v 0.04597324 -0.03976821 -0.0912109
v 0.04777282 -0.03764837 -0.0912162
v 0.04277396 -0.05343979 -0.08489346
v 0.03849601 -0.05660092 -0.08489352
v 0.04004067 -0.05002099 -0.09002959
v 0.03408783 -0.05936193 -0.08489602
v 0.02946478 -0.06178879 -0.08490061
v 0.02743226 -0.06271839 -0.08490306
v 0.02259391 -0.06462073 -0.08490926
v 0.0176289 -0.06614917 -0.08491551
v 0.03057438 -0.05264246 -0.09120422
v 0.03192633 -0.05557811 -0.09002727
v 0.03033149 -0.05279576 -0.0912044
v 0.02760452 -0.05786007 -0.09002912
v 0.02622967 -0.0549699 -0.09121006
v 0.02570354 -0.05873507 -0.09003043
v 0.02442502 -0.05580395 -0.09121292
v 0.02117604 -0.06052732 -0.090034
v 0.02012568 -0.05751341 -0.09122008
v 0.01652681 -0.06196922 -0.09003794
v 0.01570928 -0.05888968 -0.09122711
v 0.01254373 -0.06729996 -0.08492112
v 0.06600606 -0.009667932 -0.08801335
v 0.06506884 -0.01468706 -0.08798348
v 0.06455504 -0.01679515 -0.08797156
v 0.06309306 -0.02163922 -0.08794558
v 0.06127107 -0.02635395 -0.08792227
v 0.05909037 -0.0309323 -0.08790177
v 0.05654817 -0.03536576 -0.08788412
v 0.0553683 -0.03718626 -0.08787757
v 0.0523917 -0.04127615 -0.08786445
v 0.04911768 -0.04512625 -0.0878542
v 0.04554927 -0.04873025 -0.08784675
v 0.04168629 -0.05207878 -0.08784192
v 0.03752154 -0.05516147 -0.08783954
v 0.03322917 -0.05785536 -0.08783936
v 0.02872633 -0.06022483 -0.08784115
v 0.02674639 -0.06113266 -0.08784234
v 0.02203184 -0.06299161 -0.08784586
v 0.01719242 -0.06448602 -0.08784967
v 0.01223421 -0.0656116 -0.08785337
v 0.007162392 -0.06635946 -0.08785611
v 0.01176172 -0.06305575 -0.09004163
v 0.006885707 -0.06377756 -0.09004437
v 0.01512545 -0.05902343 -0.09122794
v 0.01118087 -0.05992734 -0.09123331
v 0.006545722 -0.06061649 -0.09123754
v 0.004056513 -0.06083518 -0.09123849
v 0.03954309 -0.00274688 -0.09462541
v 0.03974282 0 -0.09464699
v 0.04580289 0 -0.09382122
v 0.03623598 -0.01507765 -0.09454923
v 0.03669798 -0.01403152 -0.09455376
v 0.04588484 -0.01495122 -0.09335225
v 0.03799521 -0.01036828 -0.09457337
v 0.03894615 -0.006603956 -0.09459745
v 0.03570574 -0.01627868 -0.09454399
v 0.04594588 -0.03029662 -0.09221267
v 0.03385198 -0.01974099 -0.09453272
v 0.03050971 -0.03049999 -0.09400635
v 0.02456748 -0.03056424 -0.09453749
v 0.02762323 -0.02778083 -0.09452927
v 0.02927172 -0.02601772 -0.09452688
v 0.030483 -0.02450942 -0.094527
v 0.03170406 -0.02298909 -0.09452706
v 0.01505959 -0.03640228 -0.09457415
v 0.01825457 -0.03484952 -0.09456163
v 0.03056013 -0.04580837 -0.09221315
v 0.02145135 -0.03290182 -0.09454882
v 0.02448636 -0.03063815 -0.09453773
v 0.006526887 -0.03896498 -0.09459662
v 0.0150932 -0.04597181 -0.09335184
v 0.002964854 -0.03940069 -0.09459811
v 0 -0.04606324 -0.09368526
v 0.000971815 -0.03948986 -0.09459632
v 0 -0.03949332 -0.09459477
v 0.01004475 -0.03817898 -0.09459006
v 0.0135098 -0.03704243 -0.09457969
v 0.01490455 -0.03647768 -0.09457474
v 0 -0.04972714 -0.09317803
v 0 -0.0460723 -0.09368401
v 0.05121266 0 -0.09308409
v -0.01300203 -0.03723239 -0.09458142
v -0.009452164 -0.03833681 -0.09459149
v -0.0150932 -0.04598087 -0.09335058
v -0.006775259 -0.03892123 -0.09459632
v -0.003206968 -0.03938233 -0.09459817
v -0.03050971 -0.03050601 -0.09400576
v -0.02451258 -0.03057068 -0.09453791
v -0.03056019 -0.04581743 -0.0922119
v -0.02373093 -0.0312435 -0.09454029
v -0.02058291 -0.03347218 -0.09455221
v -0.0197333 -0.03399968 -0.09455567
v -0.01643103 -0.03578484 -0.0945689
v -0.01505935 -0.03636389 -0.09457391
v -0.03210949 -0.0224238 -0.09452766
v -0.03048306 -0.02451652 -0.09452694
v -0.02969533 -0.02553004 -0.09452652
v -0.02934396 -0.02593559 -0.09452682
v -0.02665358 -0.028728 -0.09453147
v -0.04588484 -0.01495426 -0.09335213
v -0.03599059 -0.01566869 -0.09454643
v -0.04594588 -0.03030264 -0.09221208
v -0.03420805 -0.01913285 -0.09453433
v -0.03960257 -0.002146363 -0.09463006
v -0.03907328 -0.005952239 -0.09460192
v -0.03818982 -0.009705841 -0.09457737
v -0.03695017 -0.01339751 -0.09455686
v -0.03623902 -0.01508063 -0.09454917
v -0.05121266 0 -0.09308409
v -0.03974282 0 -0.09464699
v -0.04580289 0 -0.09382122
v -0.03954309 0.00274688 -0.09462541
v -0.03623598 0.01507765 -0.09454923
v -0.03669798 0.01403152 -0.09455376
v -0.04588484 0.01495128 -0.09335225
v -0.03799521 0.01036834 -0.09457337
v -0.03894615 0.006603956 -0.09459745
v -0.03570574 0.01627868 -0.09454399
v -0.04594588 0.03029662 -0.09221267
v -0.03385198 0.01974099 -0.09453272
v -0.03050971 0.03049999 -0.09400635
v -0.02456748 0.03056424 -0.09453749
v -0.02762323 0.02778083 -0.09452927
v -0.02927172 0.02601772 -0.09452688
v -0.030483 0.02450942 -0.094527
v -0.03170406 0.02298915 -0.09452706
v -0.01505959 0.03640228 -0.09457415
v -0.01825451 0.03484958 -0.09456163
v -0.03056013 0.04580837 -0.09221315
v -0.02145135 0.03290182 -0.09454882
v -0.02448636 0.03063815 -0.09453773
v -0.006526768 0.03896498 -0.09459662
v -0.0150932 0.04597181 -0.09335184
v -0.002964854 0.03940069 -0.09459811
v 0 0.04606324 -0.09368526
v -0.000971811 0.03948986 -0.09459632
v 0 0.03949332 -0.09459477
v -0.01004475 0.03817898 -0.09459006
v -0.01350975 0.03704243 -0.09457969
v -0.01490455 0.03647768 -0.09457474
v 0 0.04972714 -0.09317803
v 0 0.0460723 -0.09368401
v 0.01300203 0.03723239 -0.09458142
v 0.009452164 0.03833681 -0.09459149
v 0.0150932 0.04598087 -0.09335058
v 0.006775259 0.03892123 -0.09459632
v 0.003206968 0.03938233 -0.09459817
v 0.03050971 0.03050601 -0.09400576
v 0.02451258 0.03057074 -0.09453791
v 0.03056019 0.04581743 -0.0922119
v 0.02373093 0.0312435 -0.09454029
v 0.02058291 0.03347218 -0.09455221
v 0.0197333 0.03399968 -0.09455567
v 0.01643103 0.03578484 -0.0945689
v 0.01505935 0.03636389 -0.09457391
v 0.03210949 0.0224238 -0.09452766
v 0.03048306 0.02451652 -0.09452694
v 0.02969533 0.02553004 -0.09452652
v 0.02934396 0.02593559 -0.09452682
v 0.02665358 0.028728 -0.09453147
v 0.04588484 0.01495426 -0.09335213
v 0.03599059 0.01566869 -0.09454643
v 0.04594588 0.03030264 -0.09221208
v 0.03420805 0.01913285 -0.09453433
v 0.03960257 0.002146363 -0.09463006
v 0.03907328 0.005952239 -0.09460192
v 0.03818982 0.009705841 -0.09457737
v 0.03695017 0.01339751 -0.09455686
v 0.03623902 0.01508063 -0.09454917
v 0 0.03805667 -0.09456241
v 0.03826588 0 -0.09460282
v 0.03808385 0.002004981 -0.09457856
v 0.03757041 0.005669534 -0.09455192
v 0.03750663 0.005939424 -0.09455019
v 0.03671634 0.009284555 -0.09452861
v 0.0359137 0.01166862 -0.09451562
v 0.03551918 0.01284033 -0.09450924
v 0.0345931 0.01502799 -0.0944994
v 0.03353273 0.01708555 -0.09449243
v 0.03287339 0.01836502 -0.09448802
v 0.03084969 0.02153486 -0.09448188
v 0.0304135 0.02209556 -0.0944817
v 0.02852267 0.02452641 -0.09448099
v 0.02818405 0.02491706 -0.09448122
v 0.02658003 0.0265811 -0.09448409
v 0.02559256 0.02760565 -0.09448581
v 0.0227791 0.03002673 -0.0944944
v 0.0221433 0.03047698 -0.09449678
v 0.01975148 0.03217095 -0.09450578
v 0.01893496 0.03267824 -0.09450906
v 0.01714313 0.03364771 -0.09451615
v 0.0157625 0.03439486 -0.09452158
v 0.01247155 0.03578633 -0.09453338
v 0.01170557 0.0360251 -0.09453547
v 0.003085196 0.03785318 -0.0945487
v 0.005937278 0.03748285 -0.09454739
v 0.006502628 0.03740954 -0.09454715
v 0.009067654 0.03684771 -0.09454274
v 0 -0.03805667 -0.09456241
v 0.000945194 -0.03795701 -0.09454685
v 0.002853333 -0.03787088 -0.09454858
v 0.00593847 -0.03749161 -0.09454756
v 0.006264567 -0.03745162 -0.09454745
v 0.009635686 -0.03669601 -0.09454143
v 0.01170229 -0.0360167 -0.09453541
v 0.01295876 -0.03560376 -0.09453177
v 0.01429712 -0.03506082 -0.09452706
v 0.01715594 -0.03366976 -0.09451609
v 0.01751399 -0.0334956 -0.09451472
v 0.02058655 -0.03162229 -0.0945025
v 0.0221349 -0.03046715 -0.0944969
v 0.02350616 -0.02944415 -0.09449189
v 0.02652633 -0.0266937 -0.09448373
v 0.02811443 -0.0249961 -0.09448134
v 0.03043329 -0.02211093 -0.09448134
v 0.03045874 -0.02207934 -0.09448134
v 0.03252989 -0.01895081 -0.09448653
v 0.03353101 -0.01708376 -0.09449243
v 0.03431808 -0.01561564 -0.09449708
v 0.03527569 -0.01345103 -0.09450632
v 0.03590935 -0.01166629 -0.09451574
v 0.03802585 -0.002583146 -0.09457415
v 0.037503 -0.005939841 -0.09455019
v 0.03744739 -0.00629729 -0.09454768
v 0.03652828 -0.009922683 -0.09452486
v -0.01225239 -0.003980994 -0.09140521
v -0.01272428 -0.002015233 -0.09140521
v 0 0 -0.09099996
v -0.01147872 -0.005848646 -0.09140521
v -0.0104224 -0.007572293 -0.09140521
v -0.009109556 -0.009109616 -0.09140521
v -0.007572293 -0.0104224 -0.09140521
v -0.005848646 -0.01147878 -0.09140521
v -0.003980994 -0.01225239 -0.09140521
v -0.002015233 -0.01272428 -0.09140521
v 0 -0.01288282 -0.09140521
v 0.002015233 -0.01272428 -0.09140521
v 0.003980994 -0.01225239 -0.09140521
v 0.005848646 -0.01147878 -0.09140521
v 0.007572293 -0.0104224 -0.09140521
v 0.009109556 -0.009109616 -0.09140521
v 0.0104224 -0.007572293 -0.09140521
v 0.01147872 -0.005848646 -0.09140521
v 0.01225239 -0.003980994 -0.09140521
v 0.01272428 -0.002015233 -0.09140521
v 0.01288282 0 -0.09140521
v 0.01272428 0.002015233 -0.09140521
v 0.01225239 0.003980994 -0.09140521
v 0.01147872 0.005848646 -0.09140521
v 0.0104224 0.007572293 -0.09140521
v 0.009109556 0.009109556 -0.09140521
v 0.007572293 0.0104224 -0.09140521
v 0.005848646 0.01147878 -0.09140521
v 0.003980994 0.01225239 -0.09140521
v 0.002015233 0.01272428 -0.09140521
v 0 0.01288282 -0.09140521
v -0.002015233 0.01272428 -0.09140521
v -0.003980994 0.01225239 -0.09140521
v -0.005848646 0.01147878 -0.09140521
v -0.007572293 0.0104224 -0.09140521
v -0.009109556 0.009109556 -0.09140521
v -0.0104224 0.007572293 -0.09140521
v -0.01147872 0.005848646 -0.09140521
v -0.01225239 0.003980994 -0.09140521
v -0.01272428 0.002015233 -0.09140521
v -0.01288282 0 -0.09140521
v 0.007946312 -0.02445632 -0.09261918
v -0.03652822 0.009922683 -0.09452486
v -0.03590935 0.01166629 -0.09451574
v -0.02445632 0.007946312 -0.09261918
v -0.01295876 0.03560376 -0.09453177
v -0.01170229 0.0360167 -0.09453541
v -0.007946312 0.02445632 -0.09261918
v 0.02571487 0 -0.09261918
v 0.02539831 0.004022598 -0.09261918
v 0.02445632 0.007946312 -0.09261918
v 0.02291214 0.01167434 -0.09261918
v 0.02080374 0.01511484 -0.09261918
v 0.01818317 0.01818317 -0.09261918
v 0.01511484 0.02080374 -0.09261918
v 0.01167428 0.02291214 -0.09261918
v 0.007946312 0.02445632 -0.09261918
v 0.004022598 0.02539831 -0.09261918
v 0 0.02571493 -0.09261918
v 0 0.03796046 -0.09454524
v -0.004022598 0.02539831 -0.09261918
v -0.002853333 0.03787088 -0.09454858
v -0.00094519 0.03795701 -0.09454685
v -0.009635686 0.03669601 -0.09454143
v -0.006264567 0.03745162 -0.09454745
v -0.00593847 0.03749161 -0.09454756
v -0.0221349 0.03046715 -0.0944969
v -0.02058655 0.03162229 -0.0945025
v -0.01511484 0.02080374 -0.09261918
v -0.01751399 0.0334956 -0.09451472
v -0.01167428 0.02291214 -0.09261918
v -0.01715594 0.03366976 -0.09451609
v -0.01429712 0.03506088 -0.09452706
v -0.02350616 0.02944421 -0.09449189
v -0.01818317 0.01818317 -0.09261918
v -0.02652633 0.0266937 -0.09448373
v -0.02811443 0.0249961 -0.09448134
v -0.02080374 0.01511484 -0.09261918
v -0.03043329 0.02211099 -0.09448134
v -0.02291214 0.01167434 -0.09261918
v -0.03252989 0.01895081 -0.09448653
v -0.03045874 0.02207934 -0.09448134
v -0.03527569 0.01345103 -0.09450632
v -0.03431808 0.01561564 -0.09449708
v -0.03353101 0.01708376 -0.09449243
v -0.03744739 0.00629729 -0.09454768
v -0.02539831 0.004022598 -0.09261918
v -0.037503 0.005939841 -0.09455019
v -0.03802579 0.002583146 -0.09457415
v -0.02571487 0 -0.09261918
v -0.03821855 0 -0.09459406
v -0.02539831 -0.004022598 -0.09261918
v -0.03757041 -0.005669653 -0.09455192
v -0.03808385 -0.002004981 -0.09457856
v -0.02445632 -0.007946312 -0.09261918
v -0.03671634 -0.009284615 -0.09452861
v -0.03750663 -0.005939424 -0.09455019
v -0.03353273 -0.01708555 -0.09449243
v -0.0345931 -0.01502799 -0.0944994
v -0.02291214 -0.01167428 -0.09261918
v -0.03551918 -0.01284033 -0.09450924
v -0.0359137 -0.01166862 -0.09451562
v -0.02080374 -0.01511484 -0.09261918
v -0.03084969 -0.02153486 -0.09448188
v -0.03287339 -0.01836502 -0.09448802
v -0.02658003 -0.0265811 -0.09448409
v -0.02818405 -0.02491706 -0.09448122
v -0.01818317 -0.01818317 -0.09261918
v -0.02852267 -0.02452641 -0.09448099
v -0.0304135 -0.02209556 -0.0944817
v -0.01511484 -0.02080374 -0.09261918
v -0.0227791 -0.03002673 -0.0944944
v -0.02559256 -0.02760565 -0.09448581
v -0.01714313 -0.03364771 -0.09451615
v -0.01893496 -0.03267824 -0.09450906
v -0.01167428 -0.02291214 -0.09261918
v -0.01975148 -0.03217095 -0.09450578
v -0.0221433 -0.03047698 -0.09449678
v -0.007946312 -0.02445632 -0.09261918
v -0.01247155 -0.03578633 -0.09453338
v -0.0157625 -0.03439486 -0.09452158
v -0.005937278 -0.03748285 -0.09454739
v -0.006502628 -0.03740954 -0.09454715
v -0.004022598 -0.02539831 -0.09261918
v -0.009067654 -0.03684771 -0.09454274
v -0.01170557 -0.0360251 -0.09453547
v -0.003085196 -0.03785318 -0.0945487
v 0 -0.02571493 -0.09261918
v 0 -0.03796041 -0.09454524
v 0.004022598 -0.02539831 -0.09261918
v 0.01511484 -0.02080374 -0.09261918
v 0.01167428 -0.02291214 -0.09261918
v 0.01818317 -0.01818317 -0.09261918
v 0.02080374 -0.01511484 -0.09261918
v 0.02291214 -0.01167428 -0.09261918
v 0.02445632 -0.007946312 -0.09261918
v 0.02539831 -0.004022598 -0.09261918
v 0.03821855 0 -0.09459406
v -0.03826588 0 -0.09460282
vn 0.4053468 0.5598316 -0.7226783
vn 0.3878902 0.5931273 -0.7054659
vn 0.3878902 0.585223 -0.7120579
vn 0.364391 0.5988342 -0.713126
vn 0.3605151 0.5920591 -0.7207251
vn 0.3443709 0.6212653 -0.7038484
vn 0.3367107 0.6171758 -0.7111118
vn 0.5294961 0.4560991 -0.7152318
vn 0.531724 0.4365673 -0.7256692
vn 0.5274514 0.4578692 -0.715598
vn -0.1214026 -0.7138584 -0.6896573
vn -0.2343516 -0.6825159 -0.6922513
vn 0 0 -1
vn -0.4422132 -0.5707266 -0.6918546
vn -0.5325175 -0.4877468 -0.691702
vn 0 0 -1
vn 0 0 -0.9999695
vn 0 0 -1
vn 0.3434248 -0.6384167 -0.6888028
vn 0 0 -1
vn 0 0 -1
vn -0.3464156 -0.6347545 -0.6906644
vn 0 0 -1
vn 0 0 -0.9999695
vn 0.2331004 -0.6832179 -0.6919767
vn 0.4420301 -0.5725272 -0.6904813
vn 0 0 -1
vn 0.6016724 -0.3936277 -0.694998
vn 0.5307169 -0.4889675 -0.6922208
vn 0 0 -1
vn -0.6073794 -0.3936582 -0.6899625
vn -0.6606037 -0.2865077 -0.6938688
vn 0 0 -1
vn 0 0 -1
vn 0 0 -1
vn 0 0 -1
vn 0 0 -1
vn 0 0 -1
vn -0.6016724 0.3935972 -0.694998
vn 0 0 -1
vn -0.6606647 0.2915433 -0.691702
vn 0 0 -1
vn 0 0 -1
vn 0 0 -0.9999695
vn 0 0 -1
vn 0 0 -1
vn -0.7015595 -0.1751152 -0.6907255
vn 0 0 -1
vn 0 0 -1
vn 0 0 -1
vn 0 0 -1
vn -9.15555e-05 -0.7208777 -0.6930449
vn 0 0 -1
vn 0.1164891 -0.7144994 -0.6898404
vn 0 0 -1
vn 0 0 -1
vn 0 0 -1
vn 0 0 -0.9999695
vn 0.1355022 0.9866329 0.09036529
vn 0.181402 0.9766533 0.1148411
vn 0.1214026 0.7138584 -0.6896573
vn 0.455977 0.8847011 0.0966826
vn 0.4945219 0.8618122 0.1125217
vn 0.3464156 0.6347545 -0.6906644
vn -0.1355022 -0.9866329 0.09036529
vn -0.181402 -0.9766533 0.1148411
vn -0.455977 -0.8847011 0.0966826
vn -0.4945219 -0.8618427 0.1125217
vn -0.9902646 -0.08780175 0.1079134
vn -0.9941099 -0.06057924 0.08966338
vn -0.7172765 -0.05969417 -0.6942045
vn -0.9993897 0.000518815 -0.03430277
vn -0.7200537 0.06204408 -0.6911222
vn -0.9931333 0.07003998 0.09363079
vn -0.9683523 -0.2225104 0.1128879
vn -0.9826655 -0.1785027 0.04989773
vn -0.9885861 -0.1260414 0.08218634
vn -0.9244056 -0.3667104 0.1048005
vn -0.943022 -0.3298135 0.04345834
vn -0.9591357 -0.2659688 0.09643846
vn -0.8420667 -0.5269326 0.1149937
vn -0.8708457 -0.4892727 0.04678487
vn -0.8915982 -0.4466078 0.07449567
vn -0.9143345 -0.3914304 0.1036714
vn -0.7246315 -0.6816004 0.1015045
vn -0.7519761 -0.6501053 0.1088595
vn -0.7834712 -0.6200445 0.04098635
vn -0.8185064 -0.5669118 0.09286779
vn -0.6765648 -0.7353435 0.03842276
vn -0.6186102 -0.779046 0.1016571
vn -0.5297403 -0.8469802 0.04422128
vn -0.5584887 -0.8286691 0.03695791
vn -0.5855587 -0.8033692 0.1080965
vn -0.3975036 -0.916715 0.03976559
vn -0.3585314 -0.9277932 0.1029999
vn -0.2190924 -0.9740593 0.05633711
vn -0.2553483 -0.9661245 0.03704947
vn -0.3227943 -0.9408552 0.1025727
vn -0.08139282 -0.9959716 0.03726309
vn -0.000579852 -0.9995422 0.02984708
vn 0.1905881 -0.9773553 0.09179967
vn 0.1444746 -0.9828486 0.1143223
vn 0.103122 -0.9936522 0.04412972
vn 0.07715076 -0.9965819 0.02893149
vn 0.2528153 -0.9666128 0.04147464
vn 0.2923978 -0.9502854 0.1069979
vn 0.4614093 -0.8793603 0.1172521
vn 0.4302499 -0.9004791 0.06314277
vn 0.3951842 -0.9178747 0.0358287
vn 0.3311258 -0.9380779 0.101535
vn 0.5903195 -0.7991882 0.1129795
vn 0.5563524 -0.8298288 0.04223757
vn 0.5050203 -0.8589435 0.08441418
vn 0.6270333 -0.7729118 0.09695726
vn 0.680166 -0.7319865 0.0390942
vn 0.7062899 -0.7001861 0.1042817
vn 0.834376 -0.540849 0.1062349
vn 0.817774 -0.5673696 0.09628587
vn 0.7862789 -0.616596 0.03939938
vn 0.7328715 -0.6724753 0.103122
vn 0.6606647 -0.2915433 -0.6917325
vn 0.8975799 -0.427137 0.1089816
vn 0.8826563 -0.4680013 0.04300057
vn 0.8536638 -0.5132298 0.08825951
vn 0.9663991 -0.2345957 0.1049226
vn 0.9595324 -0.2627643 0.1010468
vn 0.6970733 -0.1778923 -0.6945403
vn 0.9449751 -0.3242592 0.04297006
vn 0.9154943 -0.3893551 0.1012909
vn 0.7200537 -0.06204408 -0.6911222
vn 0.9880062 -0.1064791 0.1116367
vn 0.9870907 -0.1519821 0.05032497
vn 0.9761345 -0.2012085 0.08154541
vn 0.9902646 0.08780175 0.1079134
vn 0.9941099 0.06137269 0.08926659
vn 0.7172765 0.05969417 -0.6942045
vn 0.9993897 -0.000518815 -0.03411966
vn 0.9931028 -0.07080292 0.093234
vn 0.7015595 0.1751152 -0.6907255
vn 0.9683523 0.2225409 0.1128574
vn 0.9826655 0.1785027 0.04989773
vn 0.9885861 0.1260414 0.08221685
vn 0.6606037 0.2865077 -0.6938688
vn 0.9244056 0.3667104 0.1048005
vn 0.943022 0.3298135 0.04345834
vn 0.9591357 0.2659688 0.09643846
vn 0.6073794 0.3936582 -0.6899625
vn 0.8420667 0.5269326 0.1149937
vn 0.8708457 0.4892727 0.04678487
vn 0.8915982 0.4465773 0.07449567
vn 0.5325175 0.4877468 -0.691702
vn 0.7519761 0.6501053 0.1088595
vn 0.7834712 0.6200445 0.04098635
vn 0.8185064 0.5669118 0.09286779
vn 0.7246315 0.6816004 0.1015045
vn 0.6765648 0.7353435 0.03842276
vn 0.4422132 0.5707266 -0.6918851
vn 0.6185797 0.7790765 0.1016571
vn 0.5297403 0.8469802 0.04422128
vn 0.5584887 0.8286691 0.03695791
vn 0.5854976 0.8033998 0.1080965
vn 0.3975036 0.916715 0.03973507
vn 0.2343516 0.6825159 -0.6922513
vn 0.3585314 0.9277932 0.1029694
vn 0.2190924 0.9740593 0.05633711
vn 0.2553483 0.9661245 0.03704947
vn 0.3227943 0.9408552 0.1025727
vn 0.07998901 0.9960326 0.03827017
vn 9.15555e-05 0.7208777 -0.6930449
vn 0.000579852 0.9995422 0.02984708
vn -0.1905881 0.9773553 0.09179967
vn -0.1444746 0.9828486 0.1143223
vn -0.1164891 0.7144994 -0.6898404
vn -0.103122 0.9936522 0.04412972
vn -0.07571637 0.9966735 0.02996915
vn -0.2528153 0.9666128 0.04147464
vn -0.2331004 0.6832179 -0.6919767
vn -0.2923063 0.9502854 0.1069979
vn -0.4614093 0.8793603 0.1172521
vn -0.4302194 0.9004791 0.06308174
vn -0.3434248 0.6384167 -0.6888028
vn -0.3951842 0.9178747 0.0358287
vn -0.3310648 0.9381085 0.101535
vn -0.6270333 0.7729118 0.09695726
vn -0.5903195 0.7991882 0.1129795
vn -0.4420301 0.5725272 -0.6904813
vn -0.5563524 0.8298288 0.04223757
vn -0.5050203 0.8589435 0.08441418
vn -0.680166 0.7319865 0.0390942
vn -0.5307169 0.4889675 -0.6922208
vn -0.7062899 0.7001861 0.1042817
vn -0.834376 0.5408185 0.1062654
vn -0.8178045 0.5673696 0.09628587
vn -0.7862789 0.616596 0.03939938
vn -0.7328715 0.6724753 0.103122
vn -0.8975799 0.427137 0.1089816
vn -0.8826563 0.4680013 0.04300057
vn -0.8536638 0.5132298 0.08825951
vn -0.9663991 0.2345957 0.1049226
vn -0.9595324 0.2627643 0.1010468
vn -0.6970733 0.1778923 -0.6945403
vn -0.9449751 0.3242592 0.04300057
vn -0.9154943 0.3893246 0.1012909
vn -0.9880062 0.1064791 0.1116367
vn -0.9870907 0.1519821 0.05032497
vn -0.9761345 0.2012085 0.08154541
vn 0.929136 0.1131931 0.3519089
vn 0.9029511 0.245796 0.3524582
vn 0.2431409 0.06320381 0.9678946
vn 0.2472609 0.05511641 0.9673452
vn 0.4910733 0.1000397 0.8653218
vn 0.2290109 0.1040986 0.967803
vn 0.4561601 0.1999267 0.8671224
vn 0.445082 0.2231819 0.867214
vn -0.000457778 0.3517869 0.9360637
vn 0.000122074 0.2130191 0.9770196
vn 0.02267521 0.2608417 0.9650868
vn 0.000152593 0.4760888 0.8793603
vn 0.000122074 0.6292917 0.7771233
vn 0.000335704 0.5594653 0.8288217
vn 0.04284799 0.5024873 0.8634907
vn 0.000274667 0.8511002 0.5249794
vn 0.000427259 0.7495041 0.661977
vn 0.06616413 0.7636952 0.6421705
vn 0.07712024 0.9338664 0.3491623
vn 0.000518815 0.9227576 0.3853572
vn 0.000457778 0.9940489 0.1087069
vn 0.000335704 0.9717704 0.235847
vn 0.9320658 0.06796467 0.3557848
vn 0.962035 -0.000915555 0.2728965
vn 0.9822077 -0.000488296 0.1877193
vn 0.9978332 -0.000824 0.06576734
vn 0.4970855 0.04730367 0.86639
vn 0.6483047 -0.000183111 0.7613453
vn 0.7650991 0.05706959 0.6413465
vn 0.7711112 0.008239984 0.6366161
vn 0.8591266 0.01397746 0.5115513
vn 0.9350261 -0.000793481 0.354503
vn 0.256386 0.02490305 0.9662466
vn 0.2315439 0.008148431 0.9727775
vn 0.3515732 0.01214635 0.9360637
vn 0.5106967 -0.000427259 0.8597369
vn 0.5806452 -0.000518815 0.8141118
vn 0.1360515 0.9268777 0.3498032
vn 0.000579852 0.9494614 0.3137913
vn 0.03949093 0.2573931 0.9654836
vn 0.07461774 0.5025483 0.8612934
vn 0.05563521 0.2536394 0.9656667
vn 0.1074556 0.4950102 0.8621784
vn 0.06308174 0.2510147 0.9659109
vn 0.1345255 0.4879299 0.8624226
vn 0.3045137 0.8856166 0.3505661
vn 0.2461928 0.9035921 0.3505356
vn 0.1966002 0.9157079 0.3504135
vn 0.07028412 0.2511063 0.965392
vn 0.08700823 0.2463148 0.9652394
vn 0.1659901 0.4779198 0.8625447
vn 0.1051362 0.2369762 0.9657887
vn 0.2013306 0.4628742 0.8632161
vn 0.1206701 0.2278817 0.966155
vn 0.4350413 0.8289743 0.3514207
vn 0.3707999 0.8598285 0.3509628
vn 0.1300393 0.2225409 0.9661855
vn 0.2626423 0.4273812 0.8650472
vn 0.2351146 0.4454482 0.8638569
vn 0.5306864 0.770806 0.3523972
vn 0.4881436 0.7985168 0.3522141
vn 0.1365398 0.2207708 0.9656972
vn 0.148503 0.2134159 0.9655751
vn 0.2847988 0.4120914 0.8654439
vn 0.1604358 0.2006897 0.9663991
vn 0.3104038 0.3929868 0.8655354
vn 0.1644337 0.1926633 0.9673757
vn 0.3382977 0.3681142 0.8660237
vn 0.6837367 0.6386914 0.352916
vn 0.6333811 0.6887723 0.3526719
vn 0.579577 0.7347331 0.3523972
vn 0.1713309 0.1854304 0.9675893
vn 0.1830805 0.1721854 0.967864
vn 0.3642689 0.3414106 0.8664205
vn 0.1873226 0.16422 0.9684439
vn 0.3886227 0.3128147 0.8666341
vn 0.7730339 0.5269631 0.3530992
vn 0.7304605 0.584582 0.3530381
vn 0.195471 0.1602221 0.9674978
vn 0.2099673 0.1467024 0.9666128
vn 0.4108096 0.2826014 0.8667867
vn 0.2190619 0.1291238 0.967101
vn 0.4307687 0.2510452 0.8668172
vn 0.2205267 0.1205176 0.9678946
vn 0.2234565 0.114719 0.9679251
vn 0.1117588 0.7582629 0.6422621
vn 0.1613208 0.7484664 0.6432081
vn 0.202002 0.7383343 0.6434522
vn 0.2496719 0.7235328 0.6435133
vn 0.3036286 0.7019867 0.6441847
vn 0.3557848 0.6763512 0.6449171
vn 0.3984802 0.6508682 0.6461684
vn 0.4330271 0.6281015 0.6465041
vn 0.4725791 0.5988342 0.6465346
vn 0.516007 0.5612659 0.6470534
vn 0.5566271 0.5205543 0.6474196
vn 0.5943785 0.4766686 0.6476638
vn 0.6288339 0.4300058 0.6477859
vn 0.6595355 0.3812677 0.6477859
vn 0.6821802 0.3382061 0.6482132
vn 0.6989044 0.3022248 0.6481826
vn 0.8108463 0.4666585 0.3531297
vn 0.8390759 0.4135563 0.3534044
vn 0.8595843 0.3690298 0.3534349
vn 0.914304 0.3914609 0.1036714
vn 0.8816797 0.313303 0.3527634
vn 0.7174901 0.2573931 0.647206
vn 0.4692831 0.1713309 0.8662374
vn 0.2368541 0.09027373 0.9673147
vn 0.7351909 0.2027955 0.6467788
vn 0.4814295 0.1359599 0.8658406
vn 0.2428663 0.07235938 0.9673452
vn 0.9190955 0.1766411 0.3521531
vn 0.7488632 0.1468245 0.6462295
vn 0.7573779 0.09543138 0.6459243
vn 0.4973906 0.06649982 0.8649556
vn 0.2522965 0.03924679 0.9668264
vn -0.1719412 0.9208655 0.3498642
vn -0.05887019 0.2518998 0.9659414
vn -0.04797506 0.2543718 0.9658803
vn -0.09433269 0.4988555 0.861507
vn -0.3457747 -0.000701926 0.9382916
vn -0.2081972 0.000152593 0.9780572
vn -0.2553178 0.03088468 0.9663381
vn -0.06741535 0.9344767 0.349498
vn -0.05819875 0.7638783 0.6426893
vn -0.03738516 0.501999 0.86404
vn -0.02059996 0.2583697 0.9657887
vn -0.4698629 0.00021363 0.8827174
vn -0.6241646 0.000152593 0.7812739
vn -0.5541246 0.000488296 0.8324229
vn -0.4965667 0.04995876 0.8665121
vn -0.9193091 0.000579852 0.3935056
vn -0.8543657 0 0.5196081
vn -0.7629323 0.06845301 0.6428114
vn -0.7448042 0.00061037 0.6672567
vn -0.9765008 0.000488296 0.2154607
vn -0.9537644 0.000885037 0.3004853
vn -0.9317301 0.07623523 0.3549913
vn -0.996765 0.000824 0.08029419
vn -0.925779 0.1378216 0.3520005
vn -0.9145177 0.1977599 0.352855
vn -0.2499771 0.04586929 0.9671316
vn -0.4954985 0.07947015 0.8649556
vn -0.2450636 0.05954158 0.9676504
vn -0.4875026 0.1106601 0.8660542
vn -0.2423779 0.06619465 0.9678946
vn -0.4805139 0.1366924 0.8662374
vn -0.858913 0.370983 0.352977
vn -0.8845485 0.3050325 0.3527939
vn -0.9024323 0.2471389 0.3528855
vn -0.2424085 0.07284766 0.9674062
vn -0.2380443 0.08816796 0.9672231
vn -0.4709006 0.1669362 0.8662374
vn -0.2294992 0.1050142 0.9676198
vn -0.456679 0.2012695 0.8665426
vn -0.2185735 0.1203039 0.9683523
vn -0.4401074 0.2345957 0.8667257
vn -0.2161321 0.1259499 0.9681997
vn -0.4232917 0.2617878 0.8673055
vn -0.797998 0.487991 0.3535569
vn -0.8282724 0.4350108 0.3530992
vn -0.2160405 0.1356548 0.9668874
vn -0.2089297 0.1472213 0.9667654
vn -0.4087649 0.2839747 0.8673055
vn -0.1969359 0.1591235 0.9674062
vn -0.390698 0.3100375 0.8666952
vn -0.1895199 0.1634266 0.9681692
vn -0.3669241 0.3384503 0.8664816
vn -0.6887723 0.6332591 0.3528855
vn -0.7345805 0.5793634 0.3530687
vn -0.7704092 0.5305033 0.3534959
vn -0.1843318 0.1710257 0.9678335
vn -0.1714835 0.1840876 0.967803
vn -0.3410748 0.3654286 0.8660848
vn -0.1645863 0.188879 0.9680777
vn -0.3132115 0.3906674 0.8655965
vn -0.5847651 0.7306742 0.3523057
vn -0.638844 0.6837367 0.3526414
vn -0.161565 0.1989196 0.9665822
vn -0.147618 0.2143009 0.9655141
vn -0.2832728 0.4142583 0.8649251
vn -0.1388592 0.2190313 0.9657582
vn -0.2517777 0.4354076 0.8642536
vn -0.4665975 0.8115788 0.3515122
vn -0.5270547 0.7734916 0.3519394
vn -0.1286965 0.223487 0.966155
vn -0.1153294 0.2289193 0.9665822
vn -0.2231819 0.4511551 0.8640705
vn -0.1036103 0.2367626 0.9660024
vn -0.198767 0.4630573 0.8637349
vn -0.08838158 0.2454298 0.9653615
vn -0.1687979 0.4769433 0.8625447
vn -0.7546007 0.1153294 0.6459243
vn -0.7445296 0.1638233 0.647145
vn -0.7344585 0.2038026 0.6472976
vn -0.7198706 0.250679 0.647206
vn -0.6987518 0.3039338 0.6475418
vn -0.6737266 0.3556627 0.6477249
vn -0.6487625 0.3982666 0.6483963
vn -0.626423 0.4326609 0.6483352
vn -0.5977355 0.4724265 0.6476944
vn -0.5607166 0.516129 0.6474196
vn -0.5204321 0.5571764 0.6470229
vn -0.4768212 0.5955077 0.6465041
vn -0.4302194 0.6306345 0.6458632
vn -0.3813288 0.661977 0.6452223
vn -0.3375347 0.6855068 0.6450697
vn -0.3000274 0.7030244 0.644734
vn -0.2539445 0.722068 0.6434828
vn -0.4127018 0.8402966 0.3514512
vn -0.3665578 0.861507 0.3512986
vn -0.3097628 0.8837855 0.3505051
vn -0.2417371 0.9049348 0.3501389
vn -0.1984008 0.7397992 0.6428724
vn -0.1320536 0.4893948 0.8619953
vn -0.0687887 0.2517777 0.965331
vn -0.1412091 0.7531968 0.6424146
vn -0.1090426 0.9303568 0.3499863
vn -0.08951079 0.7609485 0.6425672
vn -0.05966365 0.5040437 0.861568
vn -0.03125095 0.2558977 0.9661855
vn -0.929136 -0.1131931 0.3519089
vn -0.9029511 -0.245796 0.3524582
vn -0.2431409 -0.06320381 0.9678946
vn -0.2472609 -0.05511641 0.9673452
vn -0.4910733 -0.1000397 0.8653218
vn -0.2290109 -0.1040986 0.967803
vn -0.4561601 -0.1999267 0.8671224
vn -0.445082 -0.2231819 0.867214
vn 0.01217687 -0.3578906 0.9336528
vn 0.008301019 -0.2364268 0.9715873
vn -0.02526932 -0.2569963 0.9660634
vn -0.000122074 -0.6533708 0.7570117
vn -0.000366222 -0.5857113 0.8105106
vn -0.04852437 -0.50618 0.8610492
vn -0.000305185 -0.5162511 0.8564104
vn 0.01297032 -0.8626973 0.5055086
vn 0.008178949 -0.7753533 0.631428
vn -0.06643879 -0.7637867 0.6420179
vn -0.07821893 -0.9335917 0.3496201
vn -0.000549333 -0.9376202 0.3476058
vn -0.000518815 -0.9965514 0.08276617
vn -0.000305185 -0.981811 0.1897641
vn -0.9323099 -0.066805 0.3554186
vn -0.7632679 -0.06082338 0.6432081
vn -0.496231 -0.04470956 0.8670004
vn -0.2551042 -0.02819907 0.9664907
vn -0.1360515 -0.9268777 0.3498032
vn -0.00061037 -0.963744 0.2667623
vn -0.03949093 -0.2573931 0.9654836
vn -0.07461774 -0.5025483 0.8612934
vn -0.05563521 -0.2536394 0.9656667
vn -0.1074556 -0.4950102 0.8621784
vn -0.06308174 -0.2510147 0.9659109
vn -0.1345255 -0.4879299 0.8624226
vn -0.3045137 -0.8856166 0.3505661
vn -0.2461928 -0.9035921 0.3505356
vn -0.1966002 -0.9157079 0.3504135
vn -0.07028412 -0.2511063 0.965392
vn -0.08700823 -0.2463148 0.9652394
vn -0.1659901 -0.4779198 0.8625447
vn -0.1051362 -0.2369762 0.9657887
vn -0.2013306 -0.4628742 0.8632161
vn -0.1206701 -0.2278817 0.966155
vn -0.4350413 -0.8289743 0.3514207
vn -0.3707999 -0.8598285 0.3509628
vn -0.1300393 -0.2225409 0.9661855
vn -0.2626423 -0.4273812 0.8650472
vn -0.2351146 -0.4454482 0.8638569
vn -0.5306864 -0.770806 0.3523972
vn -0.4881436 -0.7985168 0.3522141
vn -0.1365398 -0.2207708 0.9656972
vn -0.148503 -0.2134159 0.9655751
vn -0.2847988 -0.4120914 0.8654439
vn -0.1604358 -0.2006897 0.9663991
vn -0.3104038 -0.3929868 0.8655354
vn -0.1644337 -0.1926633 0.9673757
vn -0.3382977 -0.3681142 0.8660237
vn -0.6837367 -0.6386914 0.352916
vn -0.6333811 -0.6887723 0.3526719
vn -0.579577 -0.7347331 0.3523972
vn -0.1713309 -0.1854304 0.9675893
vn -0.1830805 -0.1721854 0.967864
vn -0.3642689 -0.3414106 0.8664205
vn -0.1873226 -0.16422 0.9684439
vn -0.3886227 -0.3128147 0.8666341
vn -0.7730339 -0.5269631 0.3530992
vn -0.7304605 -0.584582 0.3530381
vn -0.195471 -0.1602221 0.9674978
vn -0.2099673 -0.1467024 0.9666128
vn -0.4108096 -0.2826014 0.8667867
vn -0.2190619 -0.1291238 0.967101
vn -0.4307687 -0.2510452 0.8668172
vn -0.2205267 -0.1205176 0.9678946
vn -0.223426 -0.114719 0.9679251
vn -0.1117588 -0.7582629 0.6422621
vn -0.1613208 -0.7484664 0.6432081
vn -0.202002 -0.7383343 0.6434522
vn -0.2496719 -0.7235328 0.6435133
vn -0.3036286 -0.7019867 0.6441847
vn -0.3557848 -0.6763512 0.6449171
vn -0.3984802 -0.6508682 0.6461684
vn -0.4330271 -0.6281015 0.6465041
vn -0.4725791 -0.5988342 0.6465346
vn -0.516007 -0.5612659 0.6470534
vn -0.5566271 -0.5205543 0.6474196
vn -0.5943785 -0.4766686 0.6476638
vn -0.6288339 -0.4300058 0.6477859
vn -0.6595355 -0.3812677 0.6477859
vn -0.6821802 -0.3382061 0.6482132
vn -0.6989044 -0.3022248 0.6481826
vn -0.8108463 -0.4666585 0.3531297
vn -0.8390759 -0.4135563 0.3534044
vn -0.8595843 -0.3690298 0.3534349
vn -0.8816797 -0.313303 0.3527634
vn -0.7174901 -0.2573931 0.647206
vn -0.4692831 -0.1713309 0.8662374
vn -0.2368541 -0.09027373 0.9673147
vn -0.7351909 -0.2027955 0.6467788
vn -0.4814295 -0.1359599 0.8658406
vn -0.2428663 -0.07235938 0.9673452
vn -0.9190955 -0.1766411 0.3521531
vn -0.7488632 -0.1468245 0.6462295
vn -0.7573779 -0.0954619 0.6459243
vn -0.4973906 -0.06649982 0.8649556
vn -0.2522965 -0.03924679 0.9668264
vn 0.1719412 -0.9208655 0.3498642
vn 0.05887019 -0.2518998 0.9659414
vn 0.04797506 -0.2543718 0.9658803
vn 0.09433269 -0.4988555 0.861507
vn 0.2514725 -0.03353983 0.9672536
vn 0.5003204 -0.05566573 0.86404
vn 0.7607654 -0.07168793 0.6450392
vn 0.9326762 -0.08096557 0.3514512
vn 0.06485182 -0.9330424 0.3538621
vn 0.03979611 -0.5027314 0.8634907
vn 0.05188143 -0.7678457 0.6385083
vn 0.01715135 -0.2598041 0.9654836
vn 0.925779 -0.1378216 0.3520005
vn 0.9145177 -0.1977599 0.352855
vn 0.2499771 -0.04586929 0.9671316
vn 0.4954985 -0.07947015 0.8649556
vn 0.2450636 -0.05954158 0.9676504
vn 0.4875026 -0.1106601 0.8660542
vn 0.2423779 -0.06619465 0.9678946
vn 0.4805139 -0.1366924 0.8662374
vn 0.858913 -0.370983 0.352977
vn 0.8845485 -0.3050325 0.3527939
vn 0.9024323 -0.2471389 0.3528855
vn 0.2424085 -0.07284766 0.9674062
vn 0.2380443 -0.08816796 0.9672231
vn 0.4709006 -0.1669362 0.8662374
vn 0.2294992 -0.1050142 0.9676198
vn 0.456679 -0.2012695 0.8665426
vn 0.2185735 -0.1203039 0.9683523
vn 0.4401074 -0.2345957 0.8667257
vn 0.2161321 -0.1259499 0.9681997
vn 0.4232917 -0.2617878 0.8673055
vn 0.797998 -0.487991 0.3535569
vn 0.8282724 -0.4350108 0.3530992
vn 0.2160405 -0.1356548 0.9668874
vn 0.2089297 -0.1472213 0.9667654
vn 0.4087649 -0.2839747 0.8673055
vn 0.1969359 -0.1591235 0.9674062
vn 0.390698 -0.3100375 0.8666952
vn 0.1895199 -0.1634266 0.9681692
vn 0.3669241 -0.3384503 0.8664816
vn 0.6887723 -0.6332591 0.3528855
vn 0.7345805 -0.5793634 0.3530687
vn 0.7704092 -0.5305033 0.3534959
vn 0.1843318 -0.1710257 0.9678335
vn 0.1714835 -0.1840876 0.967803
vn 0.3410748 -0.3654286 0.8660848
vn 0.1645863 -0.188879 0.9680777
vn 0.3132115 -0.3906674 0.8655965
vn 0.5847651 -0.7306742 0.3523057
vn 0.638844 -0.6837367 0.3526414
vn 0.161565 -0.1989196 0.9665822
vn 0.147618 -0.2143009 0.9655141
vn 0.2832728 -0.4142583 0.8649251
vn 0.1388592 -0.2190619 0.9657582
vn 0.2517777 -0.4354076 0.8642536
vn 0.4665975 -0.8115788 0.3515122
vn 0.5270547 -0.7734916 0.3519394
vn 0.1286965 -0.223487 0.966155
vn 0.1153294 -0.2289193 0.9665822
vn 0.2231819 -0.4511551 0.8640705
vn 0.1036103 -0.2367626 0.9660024
vn 0.198767 -0.4630573 0.8637349
vn 0.08838158 -0.2454298 0.9653615
vn 0.1687979 -0.4769433 0.8625447
vn 0.7546007 -0.1153294 0.6459243
vn 0.7445296 -0.1638233 0.647145
vn 0.7344585 -0.2038026 0.6472976
vn 0.7198706 -0.250679 0.647206
vn 0.6987518 -0.3039338 0.6475418
vn 0.6737266 -0.3556627 0.6477249
vn 0.6487625 -0.3982666 0.6483963
vn 0.626423 -0.4326609 0.6483352
vn 0.5977355 -0.4724265 0.6476944
vn 0.5607166 -0.516129 0.6474196
vn 0.5204321 -0.5571764 0.6470229
vn 0.4768212 -0.5955077 0.6465041
vn 0.4302194 -0.6306345 0.6458938
vn 0.3813288 -0.661977 0.6452223
vn 0.3375347 -0.6855068 0.6450392
vn 0.3000274 -0.7030244 0.644734
vn 0.2539445 -0.722068 0.6435133
vn 0.4127018 -0.8402966 0.3514512
vn 0.3665578 -0.8614765 0.3512986
vn 0.3097628 -0.8837855 0.3505051
vn 0.2417371 -0.9049348 0.3501389
vn 0.1983703 -0.7397992 0.6428724
vn 0.1320536 -0.4893948 0.8619953
vn 0.0687887 -0.2517777 0.965331
vn 0.1412091 -0.7531968 0.6424146
vn 0.1090426 -0.9303568 0.3499863
vn 0.0894497 -0.7609485 0.6425672
vn 0.05966365 -0.5040742 0.861568
vn 0.03125095 -0.2558977 0.9661855
vn 0.001586914 -0.0554521 0.9984436
vn -0.001983702 -0.05774098 0.9983215
vn 0.01113921 -0.1422467 0.9897458
vn 0.1482589 -9.15555e-05 0.9889218
vn 0.1371197 -9.15555e-05 0.9905393
vn 0.1373028 -0.05331581 0.9890744
vn 0.1285134 -0.0877102 0.9877926
vn 0.1025727 -0.1009857 0.9895627
vn 0.09006011 -0.130375 0.9873349
vn 0.04931789 -0.1435285 0.988403
vn 0.02307194 -0.1391034 0.9899899
vn 0.03268527 -0.1459395 0.9887387
vn 0.02673417 -0.0502029 0.998352
vn 0.02197331 -0.05032497 0.9984741
vn 0.01635789 -0.05371254 0.998413
vn 0.01049834 -0.05893123 0.9981994
vn 0.0055238 -0.05710011 0.998352
vn 0.03836172 -0.04290902 0.9983215
vn 0.04239016 -0.0462355 0.9980163
vn 0.03665268 -0.04876857 0.9981079
vn 0.03250217 -0.05127108 0.9981384
vn 0.02752768 -0.04867702 0.998413
vn 0.04177981 -0.03363138 0.9985351
vn 0.04223757 -0.03479105 0.9984741
vn 0.03811758 -0.03659164 0.9985961
vn 0.04806661 -0.0351268 0.9981994
vn 0.05090487 -0.03241062 0.9981689
vn 0.0563066 -0.000183111 0.9983825
vn 0.05514693 -0.01547288 0.998352
vn 0.05563521 -0.01660203 0.998291
vn 0.05056911 -0.02069151 0.9985046
vn 0.04882961 -0.02465891 0.9984741
vn 0.0491653 -0.02832114 0.9983825
vn 0.05441445 -0.02938932 0.9980773
vn -0.05050808 -0.1423078 0.988525
vn -0.08993804 -0.1300699 0.9873959
vn -0.1029999 -0.1004364 0.9895932
vn -0.127842 -0.08853417 0.9878231
vn -0.13773 -0.05288857 0.9890438
vn -0.1371197 9.15555e-05 0.9905393
vn -0.1482589 9.15555e-05 0.9889218
vn -0.0469985 -0.02441477 0.9985656
vn -0.04886013 -0.02380442 0.9985046
vn -0.05114901 -0.01989805 0.9984741
vn -0.05514693 -0.016541 0.9983215
vn -0.0539872 -0.01431316 0.998413
vn -0.0563066 0.000183111 0.9983825
vn -0.04544204 -0.03469949 0.998352
vn -0.04858541 -0.03567612 0.9981689
vn -0.05044704 -0.03201389 0.9981994
vn -0.04947048 -0.028077 0.998352
vn -0.03772085 -0.03842276 0.9985351
vn -0.04007077 -0.03460794 0.9985961
vn -0.04358041 -0.03463846 0.9984436
vn -0.03308206 -0.05075228 0.9981384
vn -0.03579819 -0.04828023 0.9981689
vn -0.03796499 -0.0464186 0.9981994
vn -0.0358287 -0.03811758 0.9986267
vn -0.01568651 -0.05395668 0.998413
vn -0.02218693 -0.05111849 0.9984436
vn -0.02783286 -0.05066072 0.9983215
vn -0.02975553 -0.05703908 0.9979248
vn -0.006714046 -0.05877864 0.9982299
vn -0.009887993 -0.06030452 0.9981079
vn -0.001586914 0.0554521 0.9984436
vn 0.001983702 0.05774098 0.9983215
vn -0.01113921 0.1422467 0.9897458
vn -0.1373028 0.05331581 0.9890744
vn -0.1285134 0.0877102 0.9877926
vn -0.1025727 0.1009857 0.9895627
vn -0.09006011 0.130375 0.9873349
vn -0.04931789 0.1435285 0.988403
vn -0.02307194 0.1391034 0.9899899
vn -0.03268527 0.1459395 0.9887387
vn -0.02673417 0.0502029 0.998352
vn -0.02197331 0.05032497 0.9984741
vn -0.01635789 0.05371254 0.998413
vn -0.01049834 0.05893123 0.9981994
vn -0.0055238 0.05710011 0.998352
vn -0.03836172 0.04290902 0.9983215
vn -0.04239016 0.0462355 0.9980163
vn -0.03665268 0.04876857 0.9981079
vn -0.03250217 0.05127108 0.9981384
vn -0.02752768 0.04867702 0.998413
vn -0.04177981 0.03363138 0.9985351
vn -0.04223757 0.03479105 0.9984741
vn -0.03811758 0.03659164 0.9985961
vn -0.04806661 0.0351268 0.9981994
vn -0.05090487 0.03241062 0.9981689
vn -0.05517745 0.01547288 0.998352
vn -0.05563521 0.01660203 0.998291
vn -0.05056911 0.02069151 0.9984741
vn -0.04882961 0.02465891 0.9984741
vn -0.0491653 0.02832114 0.9983825
vn -0.05441445 0.02938932 0.9980773
vn 0.05050808 0.1423078 0.988525
vn 0.08993804 0.1300699 0.9873959
vn 0.1029999 0.1004364 0.9895932
vn 0.127842 0.08853417 0.9878231
vn 0.13773 0.05288857 0.9890438
vn 0.0469985 0.02441477 0.9985656
vn 0.04886013 0.02380442 0.9985046
vn 0.05114901 0.01989805 0.9984741
vn 0.05514693 0.016541 0.9983215
vn 0.0539872 0.01431316 0.998413
vn 0.04544204 0.03469949 0.998352
vn 0.04858541 0.03567612 0.9981689
vn 0.05044704 0.03201389 0.9981994
vn 0.04947048 0.028077 0.998352
vn 0.03772085 0.03842276 0.9985351
vn 0.04007077 0.03460794 0.9985961
vn 0.04358041 0.03463846 0.9984436
vn 0.03308206 0.05075228 0.9981384
vn 0.03579819 0.04828023 0.9981689
vn 0.03796499 0.0464186 0.9981994
vn 0.0358287 0.03811758 0.9986267
vn 0.01568651 0.05395668 0.998413
vn 0.02218693 0.05111849 0.9984436
vn 0.02783286 0.05066072 0.9983215
vn 0.02975553 0.05703908 0.9979248
vn 0.006714046 0.05877864 0.9982299
vn 0.009887993 0.06030452 0.9981079
vn -0.09405803 -0.001403808 0.9955443
vn -0.1027253 0.000488296 0.9946898
vn -0.09305089 -0.01553392 0.9955138
vn -0.09189122 -0.01019316 0.9956969
vn -0.07959222 -0.04324471 0.99588
vn -0.08401745 -0.03982663 0.9956359
vn -0.08407849 -0.03509628 0.995819
vn -0.08700823 -0.02829062 0.9957885
vn -0.09033477 -0.02490305 0.9955748
vn -0.08990752 -0.01965391 0.9957274
vn -0.07013154 -0.0579546 0.9958495
vn -0.07318335 -0.05661183 0.9956969
vn -0.07443463 -0.05117952 0.99588
vn -0.05365151 -0.07272559 0.99588
vn -0.06054872 -0.06692707 0.9959105
vn -0.06576734 -0.06503492 0.9956969
vn -0.06677448 -0.06192201 0.995819
vn -0.05105745 -0.07742542 0.9956664
vn -0.04763936 -0.07791376 0.995819
vn -0.04309213 -0.08075195 0.9957885
vn -0.04126101 -0.08355963 0.9956359
vn -0.03613388 -0.08352911 0.995819
vn -0.02874839 -0.08664202 0.995819
vn -0.02536088 -0.09024322 0.9955748
vn -0.02136296 -0.0894497 0.9957579
vn -0.01480144 -0.09097564 0.9957274
vn -0.01165807 -0.09335607 0.9955443
vn -0.007476985 -0.09186071 0.9957274
vn -0.002502501 -0.09695726 0.9952697
vn 0.06814783 -0.05978572 0.99588
vn 0.06256294 -0.0655232 0.99588
vn 0.1027253 -0.000488296 0.9946898
vn 9.15555e-05 -0.0954619 0.9954223
vn 0.007934808 -0.09207433 0.9956969
vn 0.01110869 -0.09335607 0.9955443
vn 0.01477092 -0.09042632 0.9957885
vn 0.02185124 -0.08877831 0.9957885
vn 0.0266121 -0.089877 0.9955748
vn 0.02893149 -0.08734393 0.9957274
vn 0.0341807 -0.08517712 0.9957579
vn 0.0376293 -0.08523815 0.9956359
vn 0.0406506 -0.08114868 0.9958495
vn 0.04779195 -0.07684558 0.99588
vn 0.05310219 -0.07605212 0.9956664
vn 0.05566573 -0.07126069 0.99588
vn 0.07196265 -0.05786305 0.9956969
vn 0.07342749 -0.0527665 0.99588
vn 0.08651995 -0.02984708 0.9957885
vn 0.08343756 -0.03680527 0.995819
vn 0.08322393 -0.04144412 0.9956664
vn 0.07889032 -0.04470956 0.9958495
vn 0.08981597 -0.0266121 0.9955748
vn 0.08917504 -0.02096617 0.9957885
vn 0.09140288 -0.01217687 0.9957274
vn 0.09442424 -0.007599055 0.9954833
vn 0.09384441 -0.002624571 0.9955748
vn 0.09405803 0.001403808 0.9955443
vn 0.09305089 0.01556444 0.9955138
vn 0.09189122 0.01019316 0.9956969
vn 0.07959222 0.04324471 0.99588
vn 0.08401745 0.03982663 0.9956359
vn 0.08407849 0.03509628 0.995819
vn 0.08700823 0.02829062 0.9957885
vn 0.09033477 0.02490305 0.9955748
vn 0.08990752 0.01965391 0.9957274
vn 0.07013154 0.0579546 0.9958495
vn 0.07318335 0.05661183 0.9956969
vn 0.07443463 0.05117952 0.99588
vn 0.05365151 0.07272559 0.99588
vn 0.06054872 0.06692707 0.9959105
vn 0.06576734 0.06503492 0.9956969
vn 0.06677448 0.06192201 0.995819
vn 0.05105745 0.07742542 0.9956664
vn 0.04763936 0.07791376 0.995819
vn 0.04309213 0.08075195 0.9957885
vn 0.04126101 0.08355963 0.9956359
vn 0.03613388 0.08352911 0.995819
vn 0.02874839 0.08664202 0.995819
vn 0.02536088 0.09024322 0.9955748
vn 0.02136296 0.0894497 0.9957579
vn 0.01480144 0.09097564 0.9957274
vn 0.01165807 0.09335607 0.9955443
vn 0.007476985 0.09186071 0.9957274
vn 0.002502501 0.09689623 0.9952697
vn -0.06814783 0.05978572 0.99588
vn -0.06256294 0.0655232 0.99588
vn -9.15555e-05 0.0954619 0.9954223
vn -0.007934808 0.09207433 0.9956969
vn -0.01110869 0.09335607 0.9955443
vn -0.01477092 0.09042632 0.9957885
vn -0.02185124 0.08877831 0.9957885
vn -0.0266121 0.089877 0.9955748
vn -0.02893149 0.08734393 0.9957274
vn -0.0341807 0.08517712 0.9957579
vn -0.0376293 0.08523815 0.9956359
vn -0.0406506 0.08114868 0.9958495
vn -0.04779195 0.07684558 0.99588
vn -0.05310219 0.07605212 0.9956664
vn -0.05566573 0.07126069 0.99588
vn -0.07193213 0.05789357 0.9956969
vn -0.07339698 0.0527665 0.99588
vn -0.08651995 0.02984708 0.9957885
vn -0.08343756 0.03680527 0.995819
vn -0.08322393 0.04144412 0.9956664
vn -0.07889032 0.04470956 0.9958495
vn -0.08981597 0.0266121 0.9955748
vn -0.08917504 0.02096617 0.9957885
vn -0.09140288 0.01217687 0.9957274
vn -0.09442424 0.007599055 0.9954833
vn -0.09384441 0.002624571 0.9955748
vn 0.06125062 -0.01989805 0.9978942
vn 0.06357002 -0.01007109 0.9978942
vn 0 0 1
vn 0.05737477 -0.02923673 0.9978942
vn 0.05209505 -0.03784292 0.9978942
vn 0.04553359 -0.04553359 0.9978942
vn 0.03784292 -0.05209505 0.9978942
vn 0.02923673 -0.05737477 0.9978942
vn 0.01989805 -0.06125062 0.9978942
vn 0.01007109 -0.06357002 0.9978942
vn 0 -0.06439405 0.9978942
vn -0.01007109 -0.06357002 0.9978942
vn -0.01989805 -0.06125062 0.9978942
vn -0.02923673 -0.05737477 0.9978942
vn -0.03784292 -0.05209505 0.9978942
vn -0.04553359 -0.04553359 0.9978942
vn -0.05209505 -0.03784292 0.9978942
vn -0.05737477 -0.02923673 0.9978942
vn -0.06125062 -0.01989805 0.9978942
vn -0.06357002 -0.01007109 0.9978942
vn -0.06439405 0 0.9978942
vn -0.06357002 0.01007109 0.9978942
vn -0.06125062 0.01989805 0.9978942
vn -0.05737477 0.02923673 0.9978942
vn -0.05209505 0.03784292 0.9978942
vn -0.04553359 0.04553359 0.9978942
vn -0.03784292 0.05209505 0.9978942
vn -0.02923673 0.05737477 0.9978942
vn -0.01989805 0.06125062 0.9978942
vn -0.01007109 0.06357002 0.9978942
vn 0 0.06439405 0.9978942
vn 0.01007109 0.06357002 0.9978942
vn 0.01989805 0.06125062 0.9978942
vn 0.02923673 0.05737477 0.9978942
vn 0.03784292 0.05209505 0.9978942
vn 0.04553359 0.04553359 0.9978942
vn 0.05209505 0.03784292 0.9978942
vn 0.05737477 0.02923673 0.9978942
vn 0.06125062 0.01989805 0.9978942
vn 0.06357002 0.01007109 0.9978942
vn 0.06439405 0 0.9978942
vn -0.1119114 -0.05700856 0.9920652
vn 0.1119114 0.05700856 0.9920652
vn 0.002288877 0.1656544 0.9861751
vn 0 0.1257057 0.9920652
vn 0.01962339 0.1241188 0.9920652
vn 0.03897213 0.119602 0.9920347
vn 0.05685597 0.1120334 0.9920652
vn 0.07388532 0.1015045 0.9920652
vn 0.08856469 0.08880883 0.9920957
vn 0.1015655 0.0736106 0.9920957
vn 0.1194494 0.03885 0.9920652
vn 0.1244544 0.01940977 0.9920042
vn 0.1260414 0.000122074 0.9920042
vn 0.124485 -0.01983702 0.9920042
vn 0.1696524 -0.000640889 0.9854732
vn 0.1196936 -0.03860586 0.9920347
vn 0.1117588 -0.05688649 0.9920957
vn 0.101413 -0.07364112 0.9920957
vn 0.08859521 -0.08868676 0.9920957
vn 0.07367163 -0.1017487 0.9920652
vn 0.05722218 -0.1119724 0.9920347
vn 0.03860586 -0.1197241 0.9920347
vn 0.01989805 -0.1243934 0.9920042
vn -0.002288877 -0.1657155 0.9861446
vn 0 -0.1257057 0.9920652
vn -0.01962339 -0.1241188 0.9920652
vn -0.03897213 -0.119602 0.9920347
vn -0.05685597 -0.1120334 0.9920652
vn -0.07388532 -0.1015045 0.9920652
vn -0.08856469 -0.08880883 0.9920957
vn -0.1015655 -0.0736106 0.9920957
vn -0.1194494 -0.03885 0.9920652
vn -0.1244544 -0.01940977 0.9920042
vn -0.1260414 -0.000122074 0.9920042
vn -0.124485 0.01983702 0.9920042
vn -0.1696524 0.00061037 0.9854732
vn -0.1196936 0.03860586 0.9920347
vn -0.1117588 0.05688649 0.9920957
vn -0.101413 0.07364112 0.9920957
vn -0.08859521 0.08868676 0.9920957
vn -0.07367163 0.1017487 0.9920652
vn -0.05722218 0.1119724 0.9920347
vn -0.03860586 0.1197241 0.9920347
vn -0.01989805 0.1243934 0.9920042
vn -0.2343516 -0.6825159 0.6922513
vn -0.1180761 -0.7149876 0.6890469
vn 0 0 1
vn 0.2343516 0.6825159 0.6922513
vn 0.1180761 0.7149876 0.6890469
vn 0 0 1
vn 0 0 1
vn 0 0 1
vn -0.6039308 0.3910947 0.6944487
vn 0.6039308 -0.3910947 0.6944487
vn 0 0 1
vn 0.5307169 -0.4889675 0.6922208
vn -0.00112915 -0.7209082 0.6930143
vn 0 0 1
vn 0 0 1
vn -0.5307169 0.4889675 0.6922208
vn 0.5325175 0.4877468 0.691702
vn 0.4422132 0.5707266 0.6918851
vn 0 0 0.9999695
vn 0 0 1
vn 0 0 1
vn 0.4414197 -0.573046 0.6904508
vn 0 0 1
vn 0.3455916 -0.6375927 0.688467
vn 0 0 1
vn 0 0 1
vn 0 0 1
vn 0 0 1
vn -0.4414197 0.573046 0.6904508
vn 0 0 1
vn -0.3455916 0.6375927 0.688467
vn 0 0 1
vn 0 0 1
vn 0 0 1
vn 0 0 1
vn 0.6077761 0.3931394 0.6899319
vn 0 0 1
vn 0 0 1
vn 0.2331004 -0.6832179 0.6919767
vn 0 0 1
vn 0 0 0.9999695
vn 0.1166417 -0.7144383 0.6898709
vn 0 0 1
vn 0 0 1
vn -0.3464156 -0.6347545 0.6906644
vn 0 0 1
vn 0 0 1
vn 0.3464156 0.6347545 0.6906644
vn 0 0 1
vn 0 0 1
vn 0 0 1
vn 0 0 1
vn 0 0 1
vn -0.4422132 -0.5707266 0.6918546
vn -0.660329 0.2923978 0.6916715
vn 0 0 1
vn 0 0 1
vn 0 0 1
vn 0 0 1
vn -0.2331004 0.6832179 0.6919767
vn 0 0 1
vn 0 0 1
vn 0 0 1
vn 0 0 1
vn 0 0 0.9999695
vn 0 0 1
vn 0 0 1
vn 0 0 0.9999695
vn -0.1166417 0.7144383 0.6898709
vn 0.00112915 0.7209082 0.6930143
vn 0 0 1
vn 0 0 1
vn 0 0 1
vn 0 0 0.9999695
vn 0 0 1
vn 0 0 1
vn 0.000457778 0.9940489 -0.1087069
vn 0.000579852 0.9995422 -0.02984708
vn 0.08993804 0.9959411 -0.002899229
vn 0.000335704 0.9717704 -0.235847
vn 0.000274667 0.8511002 -0.5249794
vn 0.000518815 0.9227576 -0.3853572
vn 0.07708972 0.9338664 -0.3491623
vn 0.000579852 0.9494614 -0.3137913
vn 0.000122074 0.6292917 -0.7771233
vn 0.000427259 0.7495041 -0.661977
vn 0.0661031 0.7636952 -0.64214
vn 0.04275637 0.5025178 -0.8634907
vn 0.000335704 0.5594653 -0.8288217
vn 0.000122074 0.2130191 -0.9770196
vn -0.000457778 0.3517869 -0.9360637
vn 0.02258366 0.2607806 -0.9651173
vn 0.000152593 0.4760888 -0.8793603
vn 0.3519394 -0.01138335 -0.9359416
vn 0.5001068 0.0509659 -0.8644368
vn 0.5106967 -0.000427259 -0.8597369
vn 0.7610096 0.0643025 -0.645497
vn 0.7708976 -0.009399652 -0.6368603
vn 0.6483047 -0.000183111 -0.7613453
vn 0.9822077 -0.000488296 -0.1877193
vn 0.962035 -0.000915555 -0.2728965
vn 0.9332866 0.07181 -0.3517869
vn 0.9350261 -0.000793481 -0.354503
vn 0.8593402 -0.0140385 -0.5111545
vn 0.1273843 0.9887081 -0.07876825
vn 0.136021 0.9268777 -0.3497726
vn 0.181402 0.9766533 -0.1148411
vn 0.1966002 0.9157384 -0.3503525
vn 0.1075778 0.4949492 -0.8622089
vn 0.03939938 0.2572405 -0.9655141
vn 0.07452619 0.5025788 -0.8612934
vn 0.2190619 0.9740593 -0.0563066
vn 0.2553178 0.9661245 -0.03698843
vn 0.2461622 0.9036226 -0.3504745
vn 0.3228553 0.9408552 -0.1025422
vn 0.3045442 0.8856471 -0.350444
vn 0.3585314 0.9277932 -0.1029694
vn 0.3707694 0.859859 -0.3508408
vn 0.2353282 0.445143 -0.863979
vn 0.1049836 0.2366405 -0.9658803
vn 0.2013306 0.4629658 -0.8631855
vn 0.08691668 0.2460402 -0.965331
vn 0.1659901 0.4780114 -0.8625141
vn 0.0700705 0.2509842 -0.9654225
vn 0.1343119 0.4879605 -0.8624531
vn 0.06308174 0.2510147 -0.9659109
vn 0.05569624 0.2535173 -0.9656972
vn 0.397473 0.9167455 -0.03970456
vn 0.4560075 0.8847011 -0.09665209
vn 0.4351024 0.8290048 -0.3512986
vn 0.4945219 0.8618122 -0.1125217
vn 0.4881741 0.7985473 -0.352092
vn 0.5297403 0.8469802 -0.04422128
vn 0.5584887 0.8286691 -0.03689682
vn 0.5307169 0.7708365 -0.3523057
vn 0.5854976 0.8033998 -0.1080965
vn 0.5796076 0.7347636 -0.3523057
vn 0.3105258 0.3928343 -0.865566
vn 0.1482894 0.2132328 -0.9656667
vn 0.2847377 0.4122135 -0.8654134
vn 0.1363872 0.2207403 -0.9657277
vn 0.2624897 0.4273202 -0.8651387
vn 0.1300088 0.2230293 -0.966094
vn 0.1210364 0.2276986 -0.966155
vn 0.3643605 0.3412885 -0.8664205
vn 0.1700796 0.1853999 -0.967803
vn 0.3382366 0.3681142 -0.8660542
vn 0.1633656 0.1900388 -0.9680777
vn 0.1604663 0.2004761 -0.9664602
vn 0.6185797 0.7790765 -0.1016571
vn 0.6765648 0.7353435 -0.03836172
vn 0.6334117 0.6887723 -0.3526414
vn 0.7246315 0.6815699 -0.101474
vn 0.6837367 0.6386914 -0.352855
vn 0.7519761 0.6501053 -0.1088595
vn 0.7304911 0.5845515 -0.3530381
vn 0.1954405 0.1603137 -0.9674978
vn 0.188055 0.1644642 -0.9682608
vn 0.183111 0.1723075 -0.967864
vn 0.7834712 0.6200445 -0.04101687
vn 0.8185064 0.5669118 -0.09286779
vn 0.7730339 0.5269326 -0.3531297
vn 0.8420667 0.5269326 -0.1149937
vn 0.8108768 0.4665975 -0.3531602
vn 0.3885617 0.3127842 -0.8666647
vn 0.4108402 0.2825403 -0.8667867
vn 0.2099978 0.1466719 -0.9666128
vn 0.4307993 0.2510452 -0.8667867
vn 0.2190619 0.1291849 -0.967101
vn 0.8742333 0.4845729 -0.02917569
vn 0.8898892 0.4514603 -0.06509596
vn 0.8390454 0.4135869 -0.3534044
vn 0.914304 0.3914609 -0.1037019
vn 0.8595538 0.3689993 -0.3534959
vn 0.9244056 0.3667104 -0.1048005
vn 0.8816797 0.3132115 -0.352855
vn 0.2205267 0.1205176 -0.9678946
vn 0.445143 0.2231513 -0.8671835
vn 0.2235175 0.1146885 -0.9678946
vn 0.4561907 0.1998047 -0.8671224
vn 0.2292245 0.1040986 -0.9677724
vn 0.4692221 0.1712393 -0.8662679
vn 0.2371288 0.09033477 -0.9672536
vn 0.4814905 0.1361125 -0.8657796
vn 0.2429884 0.072573 -0.9672842
vn 0.9430525 0.329722 -0.04348886
vn 0.9591052 0.2660298 -0.0964995
vn 0.9028901 0.2458266 -0.3525803
vn 0.9683523 0.2225409 -0.1128574
vn 0.9190649 0.176519 -0.3522751
vn 0.9978332 -0.000824 -0.06576734
vn 0.9941099 0.06137269 -0.08926659
vn 0.9902646 0.08780175 -0.1079134
vn 0.929075 0.1133152 -0.352031
vn 0.9885556 0.1322062 -0.07245093
vn 0.9847713 0.1714835 -0.028077
vn 0.1116672 0.7582934 -0.6422315
vn 0.1613513 0.748497 -0.6431776
vn 0.2019104 0.7383953 -0.6433912
vn 0.2496719 0.7235938 -0.6434522
vn 0.3036286 0.7020478 -0.6441237
vn 0.3558153 0.6764122 -0.6448256
vn 0.3986023 0.6508377 -0.6461074
vn 0.4329966 0.6281625 -0.6464431
vn 0.4726402 0.5988342 -0.6464736
vn 0.516068 0.5612659 -0.6469924
vn 0.5566881 0.5204932 -0.6473891
vn 0.5944395 0.4766381 -0.6476333
vn 0.6288644 0.4299753 -0.6477859
vn 0.6595355 0.3812067 -0.6477859
vn 0.6821497 0.3382366 -0.6482132
vn 0.6989349 0.3021332 -0.6482132
vn 0.7174901 0.2573321 -0.6472671
vn 0.7351604 0.2027649 -0.6468093
vn 0.7488327 0.1467635 -0.64626
vn 0.7573168 0.09549242 -0.6459853
vn 0.4911954 0.09979552 -0.8652913
vn 0.4973296 0.06659138 -0.8649861
vn 0.5806452 -0.000518815 -0.8141118
vn 0.2431409 0.06320381 -0.9678946
vn 0.2475051 0.0549333 -0.9673147
vn 0.2526932 0.03933835 -0.9667348
vn 0.2513504 0.03100675 -0.9673757
vn 0.2312692 -0.008331537 -0.9728385
vn -0.986877 0.1585131 -0.02996915
vn -0.9880062 0.1064791 -0.1116367
vn -0.7200232 0.0628376 0.6910611
vn -0.9847713 -0.1714835 -0.02813804
vn -0.9683523 -0.2225104 -0.1128879
vn -0.7018036 -0.1743217 0.6906644
vn -0.8742333 -0.4846034 -0.02917569
vn -0.8420667 -0.5269326 -0.1149937
vn -0.6077761 -0.3931394 0.6899319
vn -0.5297403 -0.8469802 -0.04419076
vn -0.4945219 -0.8618427 -0.1125217
vn 0.1048616 -0.9932249 -0.04943996
vn 0.1444746 -0.9828486 -0.1143223
vn 0.986877 -0.1585131 -0.02996915
vn 0.9880062 -0.1064791 -0.1116367
vn 0.7200232 -0.0628376 0.6910611
vn 0.7018036 0.1743217 0.6906644
vn 0.6602374 0.2878201 0.6936857
vn 0.7173681 0.06167787 0.6939299
vn 0.9931028 -0.07080292 -0.093234
vn 0.9993897 -0.000518815 0.03411966
vn 0.9780877 -0.19541 -0.07153534
vn 0.6978362 -0.1760002 0.6942656
vn 0.9663991 -0.2345957 -0.1049226
vn 0.660329 -0.2923978 0.6916715
vn 0.9154638 -0.3893857 -0.1012299
vn 0.9449751 -0.3242897 -0.0428785
vn 0.959563 -0.2627033 -0.1009857
vn 0.8178045 -0.5673696 -0.09625536
vn 0.834376 -0.540849 -0.1062349
vn 0.8586993 -0.5066683 -0.07666248
vn 0.8789331 -0.4768212 -0.008880853
vn 0.8975799 -0.427137 -0.1089816
vn 0.7862484 -0.616596 -0.03939938
vn 0.732841 -0.6724753 -0.103122
vn 0.5903195 -0.7991882 -0.1129795
vn 0.6270638 -0.7728813 -0.09695726
vn 0.6801355 -0.732017 -0.0390942
vn 0.7062899 -0.7001861 -0.1042817
vn 0.4302194 -0.9004791 -0.06317329
vn 0.4614093 -0.8793603 -0.1172521
vn 0.5116123 -0.8561052 -0.07293921
vn 0.5500046 -0.835017 -0.01434367
vn 0.3951537 -0.9179052 -0.03588974
vn 0.3311563 -0.9380779 -0.1015655
vn 0.1906186 -0.9773553 -0.09183019
vn 0.2527848 -0.9666128 -0.04150515
vn 0.2923978 -0.9502854 -0.1069979
vn 0.0754112 -0.9965209 -0.03494364
vn -0.000579852 -0.9995422 -0.02984708
vn -0.2190619 -0.9740593 -0.0563066
vn -0.181402 -0.9766533 -0.1148411
vn -0.1273843 -0.9887081 -0.07876825
vn -0.09134185 -0.9957885 -0.001861572
vn -0.2553178 -0.9661245 -0.03701895
vn -0.3228553 -0.9408552 -0.1025422
vn -0.4560075 -0.8847011 -0.09665209
vn -0.397473 -0.9167455 -0.03970456
vn -0.3585314 -0.9277932 -0.1029999
vn -0.5584887 -0.8286691 -0.03689682
vn -0.5855587 -0.8033692 -0.1080965
vn -0.5325175 -0.4877468 0.691702
vn -0.7246315 -0.6815699 -0.101474
vn -0.6765648 -0.7353435 -0.03836172
vn -0.6186102 -0.779046 -0.1016571
vn -0.8185064 -0.5669118 -0.09286779
vn -0.7834712 -0.6200445 -0.04101687
vn -0.7519761 -0.6501053 -0.1088595
vn -0.8898892 -0.4514298 -0.06509596
vn -0.6602374 -0.2878201 0.6936857
vn -0.914304 -0.3914609 -0.1037019
vn -0.9591052 -0.2660298 -0.0964995
vn -0.9430525 -0.329722 -0.04348886
vn -0.9244056 -0.3667104 -0.1048005
vn -0.9885556 -0.1322062 -0.07245093
vn -0.7173681 -0.06167787 0.6939299
vn -0.9902646 -0.08780175 -0.1079134
vn -0.9931333 0.07003998 -0.09363079
vn -0.9993897 0.000518815 0.03430277
vn -0.9941099 -0.06057924 -0.08966338
vn -0.9780877 0.19541 -0.07153534
vn -0.6978362 0.1760002 0.6942656
vn -0.9663991 0.2345957 -0.1049226
vn -0.8975799 0.427137 -0.1089816
vn -0.9154638 0.3893857 -0.1012299
vn -0.9449751 0.3242897 -0.0428785
vn -0.959563 0.2627033 -0.1009857
vn -0.8178045 0.5673391 -0.09625536
vn -0.834376 0.5408185 -0.1062654
vn -0.8586993 0.5066683 -0.07666248
vn -0.8789331 0.4768212 -0.008880853
vn -0.7862484 0.616596 -0.03939938
vn -0.732841 0.6724753 -0.103122
vn -0.5903195 0.7991882 -0.1129795
vn -0.6270638 0.7728813 -0.09695726
vn -0.6801355 0.732017 -0.0390942
vn -0.7062899 0.7001861 -0.1042817
vn -0.4302194 0.9004791 -0.06314277
vn -0.4614093 0.8793603 -0.1172521
vn -0.5116123 0.8561052 -0.07293921
vn -0.5500046 0.835017 -0.01434367
vn -0.3951537 0.9178747 -0.03588974
vn -0.3310953 0.9381085 -0.1015655
vn -0.1906186 0.9773553 -0.09183019
vn -0.2527848 0.9666128 -0.04150515
vn -0.2923063 0.9502854 -0.1069979
vn -0.07397687 0.9965819 -0.03601181
vn -0.1048616 0.9932249 -0.04943996
vn -0.1444746 0.9828486 -0.1143223
vn -0.06744587 0.9344767 -0.349498
vn -0.1090731 0.9303568 -0.3500473
vn -0.2834254 0.4142277 -0.8648946
vn -0.1478621 0.2143315 -0.9654836
vn -0.1613208 0.1991332 -0.9665822
vn -0.01971495 0.2607196 -0.9652089
vn -0.05819875 0.7638783 -0.6426893
vn -0.996765 0.000824 -0.08029419
vn -0.9765008 0.000488296 -0.2154607
vn -0.9317911 0.07608264 -0.3548692
vn -0.9537644 0.000885037 -0.3004853
vn -0.6241646 0.000152593 -0.7812739
vn -0.7448042 0.00061037 -0.6672567
vn -0.7629933 0.06814783 -0.6427809
vn -0.8543657 0 -0.5196081
vn -0.9193091 0.000579852 -0.3935056
vn -0.4966582 0.049501 -0.8665121
vn -0.5541246 0.000488296 -0.8324229
vn -0.2081972 0.000152593 -0.9780572
vn -0.3457747 -0.000701926 -0.9382916
vn -0.2551347 0.03061002 -0.9663991
vn -0.4698629 0.00021363 -0.8827174
vn -0.92584 0.1377605 -0.3518479
vn -0.4873806 0.1109347 -0.8660848
vn -0.2495498 0.04583877 -0.9672536
vn -0.4955595 0.07953119 -0.8648946
vn -0.9145177 0.1979125 -0.3527634
vn -0.9024934 0.2470473 -0.3527939
vn -0.884579 0.305063 -0.3527329
vn -0.858913 0.371044 -0.352916
vn -0.8283029 0.4350108 -0.3530381
vn -0.4400159 0.2346873 -0.8667562
vn -0.2292855 0.1049531 -0.9676504
vn -0.4566485 0.2013611 -0.8665426
vn -0.2377697 0.08810693 -0.9672842
vn -0.4709006 0.1670278 -0.8662068
vn -0.2423474 0.07263404 -0.9674367
vn -0.4805139 0.1364787 -0.8662679
vn -0.2423779 0.06619465 -0.9678946
vn -0.2448195 0.05972468 -0.9677114
vn -0.2161321 0.1356242 -0.9668874
vn -0.2179937 0.1295205 -0.9672842
vn -0.2219001 0.1200598 -0.9676198
vn -0.7979675 0.488052 -0.3535264
vn -0.7704398 0.5305033 -0.3534959
vn -0.4232612 0.2617267 -0.8673666
vn -0.4087649 0.2840052 -0.8673055
vn -0.2088991 0.1472213 -0.9667654
vn -0.390698 0.3100681 -0.8666952
vn -0.7345805 0.5793939 -0.3530687
vn -0.6887418 0.6332591 -0.3529465
vn -0.6387829 0.6837367 -0.3527024
vn -0.1654103 0.1907101 -0.9675893
vn -0.1725211 0.1840876 -0.9676198
vn -0.3411969 0.3653981 -0.8660237
vn -0.1843318 0.1707205 -0.9678946
vn -0.366863 0.3385418 -0.866451
vn -0.1884518 0.1629993 -0.9684439
vn -0.1969664 0.1591235 -0.9674062
vn -0.5847346 0.7306436 -0.3523972
vn -0.5269936 0.7734916 -0.352031
vn -0.3130589 0.3909116 -0.8655049
vn -0.4665975 0.8115482 -0.3516343
vn -0.4127018 0.8402661 -0.3515732
vn -0.3664968 0.8614765 -0.3513596
vn -0.3097934 0.8837855 -0.3505966
vn -0.2417066 0.9049043 -0.3502304
vn -0.1388592 0.2190313 -0.9657582
vn -0.2516251 0.4355602 -0.8642536
vn -0.128605 0.2237312 -0.966094
vn -0.2233039 0.4510331 -0.8641011
vn -0.1155431 0.229133 -0.9664907
vn -0.1986144 0.4630573 -0.8637654
vn -0.1036714 0.2370678 -0.9659414
vn -0.1687979 0.4768517 -0.8626057
vn -0.08853417 0.245735 -0.9652699
vn -0.1322672 0.4893948 -0.8619648
vn -0.06903284 0.2518693 -0.9652699
vn -0.1720023 0.920835 -0.3499252
vn -0.7546617 0.1153905 -0.6458632
vn -0.7445601 0.1639759 -0.6470839
vn -0.7345195 0.203711 -0.6472671
vn -0.7199012 0.2507095 -0.6471755
vn -0.6987518 0.3039948 -0.6475113
vn -0.6737266 0.3557237 -0.6476944
vn -0.648732 0.3983276 -0.6483963
vn -0.6263924 0.4326914 -0.6483657
vn -0.5976745 0.4724571 -0.6476944
vn -0.5606555 0.516129 -0.6474502
vn -0.5203711 0.5571764 -0.6470839
vn -0.4767602 0.5955077 -0.6465346
vn -0.4301584 0.630604 -0.6459548
vn -0.3812983 0.6619465 -0.6452834
vn -0.3375958 0.6854152 -0.6451002
vn -0.2999359 0.7030244 -0.6447951
vn -0.2539445 0.7220069 -0.6435744
vn -0.1984313 0.7397382 -0.6429334
vn -0.1412702 0.7531663 -0.6424452
vn -0.08957183 0.760918 -0.6425977
vn -0.09430217 0.4989166 -0.8614765
vn -0.0597552 0.5040437 -0.8615986
vn -0.0374462 0.501999 -0.86404
vn -0.05887019 0.2518998 -0.9659414
vn -0.04886013 0.255501 -0.9655446
vn -0.03189182 0.258858 -0.9653615
vn -0.2552568 -0.02841269 -0.9664297
vn -0.000122074 -0.6533708 -0.7570117
vn -0.009002923 -0.7752007 -0.6316111
vn -0.05996882 -0.7675405 -0.6381421
vn -0.000518815 -0.9965514 -0.08276617
vn -0.000305185 -0.981811 -0.1897641
vn -0.01309239 -0.8628498 -0.5052645
vn -0.07452619 -0.9324625 -0.3534349
vn -0.000549333 -0.9376202 -0.3476058
vn -0.00061037 -0.963744 -0.2667623
vn -0.01168859 -0.3581652 -0.9335612
vn -0.000305185 -0.5162511 -0.8564104
vn -0.04501479 -0.5031587 -0.8630024
vn -0.000366222 -0.5857113 -0.8105106
vn -0.7632069 -0.06106752 -0.6432081
vn -0.9322489 -0.06692707 -0.3555101
vn -0.136021 -0.9268777 -0.3497726
vn -0.1966002 -0.9157384 -0.3503525
vn -0.1075778 -0.4949492 -0.8622089
vn -0.03939938 -0.2572405 -0.9655141
vn -0.07452619 -0.5025788 -0.8612934
vn -0.01934874 -0.2621235 -0.9648122
vn -0.008453607 -0.2362437 -0.9716483
vn -0.2461622 -0.9036226 -0.3504745
vn -0.3045442 -0.8856471 -0.350444
vn -0.3707694 -0.859859 -0.3508408
vn -0.2352977 -0.445143 -0.863979
vn -0.1049836 -0.2366405 -0.9658803
vn -0.2013306 -0.4629658 -0.8631855
vn -0.08691668 -0.2460402 -0.965331
vn -0.1659901 -0.4780114 -0.8625141
vn -0.0700705 -0.2509842 -0.9654225
vn -0.1343119 -0.4879605 -0.8624531
vn -0.06308174 -0.2510147 -0.9659109
vn -0.05569624 -0.2535173 -0.9656972
vn -0.4351024 -0.8290048 -0.3512986
vn -0.4881741 -0.7985473 -0.3521226
vn -0.5307169 -0.7708365 -0.3523057
vn -0.5796076 -0.7347636 -0.3523057
vn -0.3105258 -0.3928343 -0.865566
vn -0.1482894 -0.2132328 -0.9656667
vn -0.2847377 -0.4122135 -0.8654134
vn -0.1363872 -0.2207403 -0.9657277
vn -0.2624897 -0.4273202 -0.8651387
vn -0.1300088 -0.2230293 -0.966094
vn -0.1210364 -0.2276986 -0.966155
vn -0.3643605 -0.3412885 -0.8664205
vn -0.1700796 -0.1853999 -0.967803
vn -0.3382366 -0.3681142 -0.8660542
vn -0.1633656 -0.1900082 -0.9680777
vn -0.1604663 -0.2004761 -0.9664602
vn -0.6334117 -0.6887723 -0.3526414
vn -0.6837367 -0.6386914 -0.352855
vn -0.7304911 -0.5845515 -0.3530381
vn -0.1954405 -0.1603137 -0.9674978
vn -0.188055 -0.1644642 -0.9682608
vn -0.183111 -0.1723075 -0.967864
vn -0.7730339 -0.5269326 -0.3531297
vn -0.8108768 -0.4665975 -0.3531602
vn -0.3885617 -0.3127842 -0.8666647
vn -0.4108402 -0.2825403 -0.8667867
vn -0.2099978 -0.1466719 -0.9666128
vn -0.4307993 -0.2510452 -0.8667867
vn -0.2190619 -0.1291849 -0.967101
vn -0.8390454 -0.4135869 -0.3534349
vn -0.8595538 -0.3689993 -0.3534959
vn -0.8816797 -0.3132115 -0.352855
vn -0.2205267 -0.1205176 -0.9678946
vn -0.445143 -0.2231513 -0.8671835
vn -0.2235175 -0.1146885 -0.9678946
vn -0.4561907 -0.1998047 -0.8671224
vn -0.2292245 -0.1040986 -0.9677724
vn -0.4692221 -0.1712393 -0.8662679
vn -0.2371288 -0.09033477 -0.9672536
vn -0.4814905 -0.1361125 -0.8657796
vn -0.2429884 -0.072573 -0.9672842
vn -0.9028901 -0.2458266 -0.3525803
vn -0.9190649 -0.176519 -0.3522751
vn -0.929075 -0.1133152 -0.352031
vn -0.1116672 -0.7582934 -0.6422315
vn -0.1613513 -0.748497 -0.6431776
vn -0.2019104 -0.7383953 -0.6433912
vn -0.2496719 -0.7235938 -0.6434522
vn -0.3036592 -0.7020173 -0.6441237
vn -0.3558153 -0.6764122 -0.6448256
vn -0.3986023 -0.6508377 -0.6461074
vn -0.4329966 -0.6281625 -0.6464431
vn -0.4726402 -0.5988342 -0.6464736
vn -0.516068 -0.5612659 -0.6469924
vn -0.5566881 -0.5204932 -0.6473891
vn -0.5944395 -0.4766381 -0.6476333
vn -0.6288644 -0.4299753 -0.6477859
vn -0.6595355 -0.3812067 -0.6477859
vn -0.6821497 -0.3382366 -0.6482132
vn -0.6989349 -0.3021332 -0.6482132
vn -0.7174901 -0.2573321 -0.6472671
vn -0.7351604 -0.2027649 -0.6468093
vn -0.7488327 -0.1467635 -0.64626
vn -0.7573168 -0.09549242 -0.6459853
vn -0.4911954 -0.09979552 -0.8652913
vn -0.4973296 -0.06659138 -0.8649861
vn -0.4961699 -0.04504531 -0.8670309
vn -0.2431409 -0.06320381 -0.9678946
vn -0.2475051 -0.0549333 -0.9673147
vn -0.2526932 -0.03933835 -0.9667348
vn 0.06854456 -0.9342326 -0.3499557
vn 0.1090731 -0.9303568 -0.3500473
vn 0.2834254 -0.4142277 -0.8648946
vn 0.1478621 -0.2143315 -0.9654836
vn 0.1613208 -0.1991332 -0.9665822
vn 0.7647328 -0.06463819 -0.6410718
vn 0.931547 -0.07712024 -0.3552965
vn 0.4973906 -0.05191195 -0.8659322
vn 0.04324471 -0.5058748 -0.861507
vn 0.05847346 -0.7640004 -0.6425367
vn 0.92584 -0.1377605 -0.3518479
vn 0.4873806 -0.1109347 -0.8660848
vn 0.2495498 -0.04583877 -0.9672536
vn 0.4955595 -0.07953119 -0.8648946
vn 0.2562639 -0.0275582 -0.9661855
vn 0.9145177 -0.1979125 -0.3527329
vn 0.9024934 -0.2470473 -0.3527939
vn 0.884579 -0.305063 -0.3527329
vn 0.858913 -0.371044 -0.352916
vn 0.8283029 -0.4350108 -0.3530381
vn 0.4400159 -0.2346873 -0.8667562
vn 0.2292855 -0.1049531 -0.9676504
vn 0.4566485 -0.2013611 -0.8665426
vn 0.2377697 -0.08810693 -0.9672842
vn 0.4709006 -0.1670278 -0.8662068
vn 0.2423474 -0.07263404 -0.9674367
vn 0.4805139 -0.1364787 -0.8662679
vn 0.2423779 -0.06619465 -0.9678946
vn 0.2448195 -0.05972468 -0.9677114
vn 0.2161321 -0.1356242 -0.9668874
vn 0.2179937 -0.1295205 -0.9672842
vn 0.2219001 -0.1200598 -0.9676198
vn 0.7979675 -0.488052 -0.3535264
vn 0.7704398 -0.5305033 -0.3534959
vn 0.4232612 -0.2617267 -0.8673666
vn 0.4087649 -0.2840052 -0.8673055
vn 0.2088991 -0.1472213 -0.9667654
vn 0.390698 -0.3100681 -0.8666952
vn 0.7345805 -0.5793939 -0.3530687
vn 0.6887418 -0.6332591 -0.3529465
vn 0.6387829 -0.6837367 -0.3527024
vn 0.1654103 -0.1907101 -0.9675893
vn 0.1725211 -0.1840876 -0.9676198
vn 0.3411969 -0.3653981 -0.8660237
vn 0.1843318 -0.1707205 -0.9678946
vn 0.366863 -0.3385418 -0.866451
vn 0.1884518 -0.1629993 -0.9684439
vn 0.1969664 -0.1591235 -0.9674062
vn 0.5847346 -0.7306436 -0.3523972
vn 0.5269936 -0.7734916 -0.352031
vn 0.3130589 -0.3909116 -0.8655049
vn 0.4665975 -0.8115482 -0.3516343
vn 0.4127018 -0.8402661 -0.3515732
vn 0.3664968 -0.8614765 -0.3513901
vn 0.3097934 -0.8837855 -0.3505966
vn 0.2417066 -0.9049043 -0.3502304
vn 0.1388592 -0.2190619 -0.9657582
vn 0.2516251 -0.4355602 -0.8642536
vn 0.128605 -0.2237312 -0.966094
vn 0.2233039 -0.4510331 -0.8641011
vn 0.1155431 -0.229133 -0.9664907
vn 0.1986144 -0.4630573 -0.8637654
vn 0.1036103 -0.2370678 -0.9659414
vn 0.1688284 -0.4768517 -0.8626057
vn 0.08853417 -0.245735 -0.9652699
vn 0.1322672 -0.4893948 -0.8619648
vn 0.06903284 -0.2518693 -0.9652699
vn 0.1720023 -0.920835 -0.3499252
vn 0.7546617 -0.1153905 -0.6458632
vn 0.7445601 -0.1639759 -0.6470839
vn 0.7345195 -0.2037416 -0.6472671
vn 0.7199012 -0.2507095 -0.6471755
vn 0.6987518 -0.3039948 -0.6475113
vn 0.6736961 -0.3557237 -0.6476944
vn 0.648732 -0.3983276 -0.6483963
vn 0.6263924 -0.4326914 -0.6483657
vn 0.5976745 -0.4724571 -0.6476944
vn 0.5606555 -0.516129 -0.6474502
vn 0.5203711 -0.5571764 -0.6470839
vn 0.4767602 -0.5955077 -0.6465346
vn 0.4301584 -0.630604 -0.6459548
vn 0.3812983 -0.6619465 -0.6452834
vn 0.3375958 -0.6854152 -0.6451002
vn 0.2999359 -0.7030244 -0.6447951
vn 0.2539445 -0.7220069 -0.6435744
vn 0.1984313 -0.7397382 -0.6429334
vn 0.1412702 -0.7531663 -0.6424452
vn 0.08957183 -0.760918 -0.6425977
vn 0.09430217 -0.4989166 -0.8614765
vn 0.0597552 -0.5040437 -0.8615986
vn 0.05887019 -0.2518998 -0.9659414
vn 0.04886013 -0.255501 -0.9655446
vn 0.03189182 -0.258858 -0.9653615
vn 0.022309 -0.2568438 -0.9661855
vn 0.05471968 -0.0150761 -0.9983825
vn 0.0563066 -0.000183111 -0.9983825
vn 0.1369976 0.000183111 -0.9905393
vn 0.04715108 -0.02511668 -0.9985656
vn 0.04882961 -0.02465891 -0.9984741
vn 0.1376385 -0.05298012 -0.9890438
vn 0.05056911 -0.02063047 -0.9985046
vn 0.05502486 -0.01684617 -0.9983215
vn 0.05038601 -0.0298776 -0.9982604
vn 0.127781 -0.08838158 -0.9878231
vn 0.05090487 -0.03244113 -0.9981689
vn 0.1028779 -0.1005585 -0.9895932
vn 0.03573715 -0.03610336 -0.9986877
vn 0.03811758 -0.03659164 -0.9985961
vn 0.04223757 -0.03482156 -0.9984741
vn 0.04516738 -0.03479105 -0.998352
vn 0.0482192 -0.03646957 -0.9981689
vn 0.02960294 -0.04995876 -0.998291
vn 0.03213596 -0.05334633 -0.9980468
vn 0.08972442 -0.1304361 -0.9873654
vn 0.03671371 -0.04876857 -0.9981079
vn 0.03823965 -0.04553359 -0.9981994
vn 0.009643793 -0.06106752 -0.9980773
vn 0.05044704 -0.1424298 -0.9884945
vn 0.006775081 -0.05847346 -0.9982604
vn 0.008453607 -0.1385235 -0.9902951
vn 0.00021363 -0.0539872 -0.9985351
vn 0.000183111 -0.05688649 -0.998352
vn 0.01635789 -0.05371254 -0.998413
vn 0.02194279 -0.05032497 -0.9984741
vn 0.02673417 -0.0502029 -0.998352
vn 0 -0.1512192 -0.9884945
vn 0.001525878 -0.1387676 -0.9902951
vn 0.1482589 -9.15555e-05 -0.9889218
vn -0.02218693 -0.05111849 -0.9984436
vn -0.01562547 -0.05392616 -0.998413
vn -0.0502029 -0.1428571 -0.988464
vn -0.01052886 -0.05874812 -0.9981994
vn -0.006561458 -0.05832082 -0.9982604
vn -0.1024201 -0.1009857 -0.9895932
vn -0.03784292 -0.04342782 -0.9983215
vn -0.0902127 -0.1299478 -0.9873959
vn -0.04055905 -0.04675436 -0.9980773
vn -0.03579819 -0.04828023 -0.9981689
vn -0.03308206 -0.05075228 -0.9981384
vn -0.03036588 -0.05175936 -0.9981689
vn -0.02398753 -0.04818868 -0.9985351
vn -0.04852437 -0.03491312 -0.9981994
vn -0.04324471 -0.03396707 -0.9984741
vn -0.04358041 -0.03463846 -0.9984436
vn -0.04004025 -0.03457742 -0.9985961
vn -0.03772085 -0.03842276 -0.9985351
vn -0.1374248 -0.05301064 -0.9890744
vn -0.05032497 -0.02941983 -0.998291
vn -0.1278725 -0.08838158 -0.9878231
vn -0.05154573 -0.03176975 -0.9981384
vn -0.05496382 -0.01522868 -0.998352
vn -0.05688649 -0.01596117 -0.9982299
vn -0.05111849 -0.01989805 -0.9984741
vn -0.04886013 -0.02380442 -0.9985046
vn -0.0469985 -0.02441477 -0.9985656
vn -0.1482589 9.15555e-05 -0.9889218
vn -0.0563066 0.000183111 -0.9983825
vn -0.1369976 -0.000183111 -0.9905393
vn -0.05471968 0.0150761 -0.9983825
vn -0.04715108 0.02511668 -0.9985656
vn -0.04882961 0.02465891 -0.9984741
vn -0.1376385 0.05298012 -0.9890438
vn -0.05056911 0.02063047 -0.9985046
vn -0.05502486 0.01684617 -0.9983215
vn -0.05038601 0.0298776 -0.9982604
vn -0.127781 0.08838158 -0.9878231
vn -0.05090487 0.03244113 -0.9981689
vn -0.1028779 0.1005585 -0.9895932
vn -0.03573715 0.03610336 -0.9986877
vn -0.03811758 0.03659164 -0.9985961
vn -0.04223757 0.03482156 -0.9984741
vn -0.04516738 0.03479105 -0.998352
vn -0.0482192 0.03646957 -0.9981689
vn -0.02960294 0.04995876 -0.998291
vn -0.03213596 0.05337685 -0.9980468
vn -0.08972442 0.1304361 -0.9873654
vn -0.03671371 0.04876857 -0.9981079
vn -0.03823965 0.04553359 -0.9981994
vn -0.009643793 0.06106752 -0.9980773
vn -0.05044704 0.1424298 -0.9884945
vn -0.006775081 0.05847346 -0.9982604
vn -0.008453607 0.1385235 -0.9902951
vn -0.00021363 0.0539872 -0.9985351
vn -0.000183111 0.05688649 -0.998352
vn -0.01635789 0.05371254 -0.998413
vn -0.02194279 0.05032497 -0.9984741
vn -0.02673417 0.0502029 -0.998352
vn 0 0.1512192 -0.9884945
vn -0.001525878 0.1387676 -0.9902951
vn 0.02218693 0.05111849 -0.9984436
vn 0.01562547 0.05392616 -0.998413
vn 0.0502029 0.1428571 -0.988464
vn 0.01052886 0.05874812 -0.9981994
vn 0.006561458 0.05832082 -0.9982604
vn 0.1024201 0.1009857 -0.9895932
vn 0.03784292 0.04342782 -0.9983215
vn 0.0902127 0.1299478 -0.9873959
vn 0.04055905 0.04675436 -0.9980773
vn 0.03579819 0.04828023 -0.9981689
vn 0.03308206 0.05075228 -0.9981384
vn 0.03036588 0.05175936 -0.9981689
vn 0.02398753 0.04818868 -0.9985351
vn 0.04852437 0.03491312 -0.9981994
vn 0.04324471 0.03396707 -0.9984741
vn 0.04358041 0.03463846 -0.9984436
vn 0.04004025 0.03457742 -0.9985961
vn 0.03772085 0.03842276 -0.9985351
vn 0.1374248 0.05301064 -0.9890744
vn 0.05032497 0.02941983 -0.998291
vn 0.1278725 0.08838158 -0.9878231
vn 0.05154573 0.03176975 -0.9981384
vn 0.05496382 0.01522868 -0.998352
vn 0.05688649 0.01596117 -0.9982299
vn 0.05111849 0.01989805 -0.9984741
vn 0.04886013 0.02380442 -0.9985046
vn 0.0469985 0.02441477 -0.9985656
vn -0.005127072 -0.0959807 -0.9953612
vn -0.1027253 0.000488296 -0.9946898
vn -0.09408855 -0.001434326 -0.9955443
vn -0.09189122 -0.01016265 -0.9956969
vn -0.09305089 -0.01553392 -0.9955138
vn -0.089877 -0.01965391 -0.9957274
vn -0.09027373 -0.02496409 -0.9955748
vn -0.08700823 -0.02829062 -0.9957885
vn -0.08407849 -0.03509628 -0.995819
vn -0.08395642 -0.03982663 -0.9956664
vn -0.07959222 -0.04324471 -0.99588
vn -0.07443463 -0.05117952 -0.99588
vn -0.07315284 -0.05658131 -0.9956969
vn -0.07013154 -0.0579546 -0.9958495
vn -0.06677448 -0.06192201 -0.995819
vn -0.06573683 -0.06503492 -0.9956969
vn -0.06054872 -0.06692707 -0.9959105
vn -0.05365151 -0.07272559 -0.99588
vn -0.05105745 -0.07742542 -0.9956664
vn -0.04763936 -0.07788324 -0.995819
vn -0.04306161 -0.08078247 -0.9957885
vn -0.04129153 -0.08359014 -0.9956359
vn -0.03613388 -0.08352911 -0.995819
vn -0.02877891 -0.08664202 -0.995819
vn -0.02536088 -0.09024322 -0.9955748
vn -0.006714046 -0.09259313 -0.9956664
vn -0.01165807 -0.09335607 -0.9955443
vn -0.01480144 -0.0909146 -0.9957274
vn -0.02136296 -0.08941918 -0.9957579
vn 0.005127072 0.09591966 -0.9953612
vn -0.001281738 0.093997 -0.9955443
vn -0.007934808 0.09207433 -0.9956969
vn -0.01110869 0.09335607 -0.9955443
vn -0.01480144 0.09048736 -0.9957579
vn -0.02182072 0.08880883 -0.9957885
vn -0.0266121 0.08984649 -0.9955748
vn -0.02893149 0.08734393 -0.9957274
vn -0.03421121 0.08465832 -0.995819
vn -0.03720206 0.08505505 -0.9956664
vn -0.04068112 0.08114868 -0.9958495
vn -0.04779195 0.07684558 -0.99588
vn -0.05310219 0.07605212 -0.9956664
vn -0.05566573 0.07126069 -0.99588
vn -0.06256294 0.0655232 -0.99588
vn -0.06814783 0.05978572 -0.9958495
vn -0.07199317 0.05789357 -0.9956969
vn -0.07339698 0.0527665 -0.99588
vn -0.07889032 0.04470956 -0.9958495
vn -0.08325445 0.04147464 -0.9956359
vn -0.08346807 0.03677475 -0.995819
vn -0.08651995 0.02978605 -0.9957885
vn -0.089877 0.0266121 -0.9955748
vn -0.09384441 0.002624571 -0.9955748
vn -0.09442424 0.007599055 -0.9954833
vn -0.09140288 0.01214635 -0.9957274
vn -0.08914452 0.02099668 -0.9957885
vn 0.06125062 0.01989805 -0.9978942
vn 0.06357002 0.01007109 -0.9978942
vn 0 0 -0.9999695
vn 0.05737477 0.02923673 -0.9978942
vn 0.05209505 0.03784292 -0.9978942
vn 0.04553359 0.04553359 -0.9978942
vn 0.03784292 0.05209505 -0.9978942
vn 0.02923673 0.05737477 -0.9978942
vn 0.01989805 0.06125062 -0.9978942
vn 0.01007109 0.06357002 -0.9978942
vn 0 0.06439405 -0.9978942
vn -0.01007109 0.06357002 -0.9978942
vn -0.01989805 0.06125062 -0.9978942
vn -0.02923673 0.05737477 -0.9978942
vn -0.03784292 0.05209505 -0.9978942
vn -0.04553359 0.04553359 -0.9978942
vn -0.05209505 0.03784292 -0.9978942
vn -0.05737477 0.02923673 -0.9978942
vn -0.06125062 0.01989805 -0.9978942
vn -0.06357002 0.01007109 -0.9978942
vn -0.06439405 0 -0.9978942
vn -0.06357002 -0.01007109 -0.9978942
vn -0.06125062 -0.01989805 -0.9978942
vn -0.05737477 -0.02923673 -0.9978942
vn -0.05209505 -0.03784292 -0.9978942
vn -0.04553359 -0.04553359 -0.9978942
vn -0.03784292 -0.05209505 -0.9978942
vn -0.02923673 -0.05737477 -0.9978942
vn -0.01989805 -0.06125062 -0.9978942
vn -0.01007109 -0.06357002 -0.9978942
vn 0 -0.06439405 -0.9978942
vn 0.01007109 -0.06357002 -0.9978942
vn 0.01989805 -0.06125062 -0.9978942
vn 0.02923673 -0.05737477 -0.9978942
vn 0.03784292 -0.05209505 -0.9978942
vn 0.04553359 -0.04553359 -0.9978942
vn 0.05209505 -0.03784292 -0.9978942
vn 0.05737477 -0.02923673 -0.9978942
vn 0.06125062 -0.01989805 -0.9978942
vn 0.06357002 -0.01007109 -0.9978942
vn 0.06439405 0 -0.9978942
vn -0.03894162 0.1198767 -0.9920042
vn 0.08914452 -0.02099668 -0.9957885
vn 0.089877 -0.0266121 -0.9955748
vn 0.1196936 -0.03860586 -0.9920347
vn 0.02893149 -0.08737444 -0.9957274
vn 0.0266121 -0.08984649 -0.9955748
vn 0.03894162 -0.1198767 -0.9920042
vn -0.1260414 -0.000122074 -0.9920042
vn -0.1244544 -0.01940977 -0.9920042
vn -0.1194494 -0.03885 -0.9920652
vn -0.1119114 -0.05700856 -0.9920652
vn -0.1015655 -0.0736106 -0.9920957
vn -0.08856469 -0.08880883 -0.9920957
vn -0.07388532 -0.1015045 -0.9920652
vn -0.05685597 -0.1120334 -0.9920652
vn -0.03897213 -0.119602 -0.9920347
vn -0.01962339 -0.1241188 -0.9920652
vn 0 -0.1257057 -0.9920652
vn -0.002288877 -0.1657155 -0.9861446
vn 0.01989805 -0.1243934 -0.9920042
vn 0.007934808 -0.09207433 -0.9956969
vn 0.001281738 -0.093997 -0.9955443
vn 0.02182072 -0.08880883 -0.9957885
vn 0.01480144 -0.09048736 -0.9957579
vn 0.01110869 -0.09335607 -0.9955443
vn 0.05310219 -0.07605212 -0.9956664
vn 0.04779195 -0.07684558 -0.99588
vn 0.07367163 -0.1017487 -0.9920652
vn 0.04068112 -0.08114868 -0.9958495
vn 0.05713063 -0.1123996 -0.9920042
vn 0.03720206 -0.08505505 -0.9956664
vn 0.03421121 -0.08465832 -0.995819
vn 0.05566573 -0.07126069 -0.99588
vn 0.08859521 -0.08868676 -0.9920957
vn 0.06256294 -0.0655232 -0.99588
vn 0.06814783 -0.05978572 -0.9958495
vn 0.101413 -0.07364112 -0.9920957
vn 0.07199317 -0.05786305 -0.9956969
vn 0.1117588 -0.05688649 -0.9920957
vn 0.07889032 -0.04470956 -0.9958495
vn 0.07342749 -0.0527665 -0.99588
vn 0.08651995 -0.02978605 -0.9957885
vn 0.08346807 -0.03677475 -0.995819
vn 0.08325445 -0.04147464 -0.9956359
vn 0.09140288 -0.01214635 -0.9957274
vn 0.124485 -0.01983702 -0.9920042
vn 0.09442424 -0.007599055 -0.9954833
vn 0.09384441 -0.002624571 -0.9955748
vn 0.1260414 0.000122074 -0.9920042
vn 0.1696524 -0.000640889 -0.9854732
vn 0.1244544 0.01940977 -0.9920042
vn 0.09189122 0.01016265 -0.9956969
vn 0.09408855 0.001434326 -0.9955443
vn 0.1194494 0.03885 -0.9920652
vn 0.089877 0.01965391 -0.9957274
vn 0.09305089 0.01556444 -0.9955138
vn 0.08395642 0.03982663 -0.9956664
vn 0.08407849 0.03509628 -0.995819
vn 0.1119114 0.05700856 -0.9920652
vn 0.08700823 0.02829062 -0.9957885
vn 0.09027373 0.02496409 -0.9955748
vn 0.1015655 0.0736106 -0.9920957
vn 0.07443463 0.05117952 -0.99588
vn 0.07959222 0.04324471 -0.99588
vn 0.06573683 0.06503492 -0.9956969
vn 0.06677448 0.06192201 -0.995819
vn 0.08856469 0.08880883 -0.9920957
vn 0.07013154 0.0579546 -0.9958495
vn 0.07315284 0.05658131 -0.9956969
vn 0.07388532 0.1015045 -0.9920652
vn 0.05365151 0.07272559 -0.99588
vn 0.06054872 0.06692707 -0.9959105
vn 0.04129153 0.08359014 -0.9956359
vn 0.04306161 0.08078247 -0.9957885
vn 0.05685597 0.1120334 -0.9920652
vn 0.04763936 0.07788324 -0.995819
vn 0.05105745 0.07742542 -0.9956664
vn 0.03897213 0.119602 -0.9920347
vn 0.02877891 0.08664202 -0.995819
vn 0.03613388 0.08352911 -0.995819
vn 0.01165807 0.09335607 -0.9955443
vn 0.01480144 0.0909146 -0.9957274
vn 0.01962339 0.1241188 -0.9920652
vn 0.02136296 0.08941918 -0.9957579
vn 0.02536088 0.09024322 -0.9955748
vn 0.006714046 0.09259313 -0.9956664
vn 0 0.1257057 -0.9920652
vn 0.002288877 0.1656544 -0.9861751
vn -0.01989805 0.1243934 -0.9920042
vn -0.07367163 0.1017487 -0.9920652
vn -0.05713063 0.1123996 -0.9920042
vn -0.08859521 0.08868676 -0.9920957
vn -0.101413 0.07364112 -0.9920957
vn -0.1117588 0.05688649 -0.9920957
vn -0.1196936 0.03860586 -0.9920347
vn -0.124485 0.01983702 -0.9920042
vn -0.1696524 0.00061037 -0.9854732
vn 0.1027253 -0.000488296 -0.9946898
f 1//1 2//2 3//3
f 3//3 4//4 5//5
f 5//5 6//6 7//7
f 8//8 9//9 10//10
f 11//11 12//12 13//13
f 14//14 15//15 16//16
f 17//17 18//18 19//19
f 20//20 21//21 22//22
f 23//23 24//24 25//25
f 19//19 18//18 26//26
f 27//27 28//28 29//29
f 30//30 31//31 32//32
f 33//33 34//34 31//31
f 31//31 34//34 35//35
f 31//31 35//35 15//15
f 15//15 36//36 16//16
f 18//18 37//37 26//26
f 26//26 37//37 38//38
f 26//26 38//38 29//29
f 39//39 40//40 41//41
f 22//22 21//21 12//12
f 12//12 21//21 42//42
f 12//12 42//42 13//13
f 14//14 43//43 44//44
f 14//14 44//44 22//22
f 22//22 44//44 45//45
f 25//25 24//24 19//19
f 19//19 24//24 46//46
f 47//47 48//48 32//32
f 32//32 49//49 30//30
f 13//13 50//50 11//11
f 11//11 50//50 51//51
f 11//11 51//51 52//52
f 23//23 25//25 53//53
f 53//53 25//25 54//54
f 53//53 54//54 55//55
f 52//52 56//56 57//57
f 52//52 57//57 54//54
f 54//54 57//57 58//58
f 59//59 60//60 61//61
f 62//62 63//63 64//64
f 65//65 66//66 11//11
f 67//67 68//68 22//22
f 69//69 70//70 71//71
f 71//71 70//70 72//72
f 71//71 72//72 73//73
f 73//73 72//72 74//74
f 47//47 75//75 76//76
f 47//47 76//76 71//71
f 71//71 76//76 77//77
f 71//71 77//77 69//69
f 32//32 78//78 79//79
f 32//32 79//79 47//47
f 47//47 79//79 80//80
f 47//47 80//80 75//75
f 31//31 81//81 82//82
f 31//31 82//82 32//32
f 32//32 82//82 83//83
f 32//32 83//83 84//84
f 85//85 86//86 15//15
f 15//15 86//86 87//87
f 15//15 87//87 31//31
f 31//31 87//87 88//88
f 31//31 88//88 81//81
f 85//85 15//15 89//89
f 89//89 15//15 14//14
f 89//89 14//14 90//90
f 68//68 91//91 22//22
f 22//22 91//91 92//92
f 22//22 92//92 14//14
f 14//14 92//92 93//93
f 14//14 93//93 90//90
f 67//67 22//22 94//94
f 94//94 22//22 12//12
f 94//94 12//12 95//95
f 66//66 96//96 11//11
f 11//11 96//96 97//97
f 11//11 97//97 12//12
f 12//12 97//97 98//98
f 65//65 11//11 99//99
f 99//99 11//11 52//52
f 99//99 52//52 100//100
f 101//101 102//102 54//54
f 54//54 102//102 103//103
f 54//54 103//103 52//52
f 52//52 103//103 104//104
f 52//52 104//104 100//100
f 101//101 54//54 105//105
f 105//105 54//54 25//25
f 105//105 25//25 106//106
f 107//107 108//108 19//19
f 19//19 108//108 109//109
f 19//19 109//109 25//25
f 25//25 109//109 110//110
f 26//26 111//111 112//112
f 26//26 112//112 19//19
f 19//19 112//112 113//113
f 19//19 113//113 107//107
f 114//114 26//26 115//115
f 115//115 26//26 29//29
f 115//115 29//29 116//116
f 117//117 118//118 28//28
f 28//28 118//118 119//119
f 28//28 119//119 29//29
f 29//29 119//119 120//120
f 121//121 122//122 123//123
f 121//121 123//123 28//28
f 28//28 123//123 124//124
f 28//28 124//124 117//117
f 125//125 126//126 127//127
f 127//127 126//126 128//128
f 127//127 128//128 121//121
f 121//121 128//128 129//129
f 121//121 129//129 122//122
f 130//130 131//131 132//132
f 130//130 132//132 127//127
f 127//127 132//132 133//133
f 127//127 133//133 125//125
f 134//134 135//135 136//136
f 136//136 135//135 137//137
f 136//136 137//137 130//130
f 130//130 137//137 138//138
f 130//130 138//138 131//131
f 139//139 140//140 141//141
f 139//139 141//141 136//136
f 136//136 141//141 142//142
f 136//136 142//142 134//134
f 143//143 144//144 145//145
f 143//143 145//145 139//139
f 139//139 145//145 146//146
f 139//139 146//146 140//140
f 147//147 148//148 149//149
f 147//147 149//149 143//143
f 143//143 149//149 150//150
f 151//151 152//152 153//153
f 151//151 153//153 147//147
f 147//147 153//153 154//154
f 147//147 154//154 148//148
f 155//155 151//151 156//156
f 156//156 151//151 157//157
f 156//156 157//157 158//158
f 63//63 159//159 64//64
f 64//64 159//159 160//160
f 64//64 160//160 157//157
f 157//157 160//160 161//161
f 62//62 64//64 162//162
f 162//162 64//64 163//163
f 162//162 163//163 164//164
f 60//60 165//165 61//61
f 61//61 165//165 166//166
f 61//61 166//166 163//163
f 163//163 166//166 167//167
f 59//59 61//61 168//168
f 168//168 61//61 169//169
f 168//168 169//169 170//170
f 171//171 172//172 173//173
f 173//173 172//172 174//174
f 173//173 174//174 169//169
f 169//169 174//174 175//175
f 169//169 175//175 170//170
f 171//171 173//173 176//176
f 176//176 173//173 177//177
f 176//176 177//177 178//178
f 179//179 180//180 181//181
f 181//181 180//180 182//182
f 181//181 182//182 177//177
f 177//177 182//182 183//183
f 184//184 185//185 186//186
f 186//186 185//185 187//187
f 186//186 187//187 181//181
f 181//181 187//187 188//188
f 181//181 188//188 179//179
f 184//184 186//186 189//189
f 189//189 186//186 190//190
f 189//189 190//190 191//191
f 192//192 193//193 39//39
f 39//39 193//193 194//194
f 39//39 194//194 190//190
f 190//190 194//194 195//195
f 41//41 196//196 197//197
f 41//41 197//197 39//39
f 39//39 197//197 198//198
f 39//39 198//198 192//192
f 199//199 200//200 201//201
f 201//201 200//200 202//202
f 201//201 202//202 41//41
f 41//41 202//202 203//203
f 74//74 204//204 73//73
f 73//73 204//204 205//205
f 73//73 205//205 201//201
f 201//201 205//205 206//206
f 201//201 206//206 199//199
f 134//134 142//142 207//207
f 140//140 146//146 208//208
f 209//209 210//210 211//211
f 212//212 213//213 214//214
f 215//215 216//216 217//217
f 215//215 217//217 218//218
f 219//219 220//220 221//221
f 222//222 223//223 224//224
f 224//224 223//223 219//219
f 225//225 226//226 222//222
f 170//170 227//227 168//168
f 168//168 227//227 228//228
f 229//229 230//230 231//231
f 229//229 231//231 135//135
f 135//135 231//231 232//232
f 233//233 234//234 235//235
f 235//235 234//234 236//236
f 235//235 236//236 229//229
f 229//229 236//236 237//237
f 229//229 237//237 238//238
f 239//239 240//240 233//233
f 233//233 240//240 241//241
f 241//241 242//242 233//233
f 233//233 243//243 234//234
f 244//244 168//168 225//225
f 225//225 168//168 228//228
f 225//225 228//228 245//245
f 218//218 217//217 221//221
f 221//221 217//217 246//246
f 221//221 246//246 247//247
f 247//247 246//246 248//248
f 247//247 248//248 249//249
f 249//249 248//248 250//250
f 249//249 250//250 251//251
f 252//252 166//166 253//253
f 253//253 166//166 165//165
f 253//253 165//165 254//254
f 254//254 165//165 60//60
f 254//254 60//60 244//244
f 244//244 60//60 59//59
f 244//244 59//59 168//168
f 250//250 255//255 251//251
f 251//251 255//255 256//256
f 251//251 256//256 257//257
f 257//257 256//256 258//258
f 257//257 258//258 259//259
f 259//259 258//258 260//260
f 261//261 162//162 262//262
f 262//262 162//162 164//164
f 262//262 164//164 252//252
f 252//252 167//167 166//166
f 263//263 264//264 260//260
f 260//260 264//264 265//265
f 260//260 265//265 259//259
f 266//266 159//159 267//267
f 267//267 159//159 63//63
f 267//267 63//63 261//261
f 261//261 63//63 62//62
f 261//261 62//62 162//162
f 263//263 268//268 264//264
f 264//264 268//268 269//269
f 264//264 269//269 270//270
f 270//270 269//269 271//271
f 270//270 271//271 272//272
f 272//272 271//271 273//273
f 272//272 273//273 274//274
f 275//275 156//156 276//276
f 276//276 156//156 158//158
f 276//276 158//158 277//277
f 277//277 161//161 266//266
f 266//266 161//161 160//160
f 266//266 160//160 159//159
f 273//273 278//278 274//274
f 274//274 278//278 279//279
f 274//274 279//279 280//280
f 280//280 279//279 281//281
f 280//280 281//281 282//282
f 283//283 153//153 284//284
f 284//284 153//153 152//152
f 284//284 152//152 275//275
f 275//275 155//155 156//156
f 281//281 285//285 282//282
f 282//282 285//285 286//286
f 282//282 286//286 287//287
f 287//287 286//286 288//288
f 287//287 288//288 289//289
f 289//289 290//290 214//214
f 214//214 290//290 291//291
f 214//214 291//291 212//212
f 219//219 221//221 224//224
f 224//224 221//221 247//247
f 224//224 247//247 292//292
f 292//292 247//247 249//249
f 292//292 249//249 293//293
f 293//293 249//249 251//251
f 293//293 251//251 294//294
f 294//294 251//251 257//257
f 294//294 257//257 295//295
f 295//295 257//257 259//259
f 295//295 259//259 296//296
f 296//296 259//259 265//265
f 296//296 265//265 297//297
f 297//297 265//265 264//264
f 297//297 264//264 298//298
f 298//298 264//264 270//270
f 298//298 270//270 299//299
f 299//299 270//270 272//272
f 299//299 272//272 300//300
f 300//300 272//272 274//274
f 300//300 274//274 301//301
f 301//301 274//274 280//280
f 301//301 280//280 302//302
f 302//302 280//280 282//282
f 302//302 282//282 303//303
f 303//303 282//282 287//287
f 303//303 287//287 304//304
f 304//304 287//287 289//289
f 304//304 289//289 305//305
f 305//305 289//289 214//214
f 305//305 214//214 306//306
f 306//306 214//214 213//213
f 306//306 213//213 307//307
f 222//222 224//224 225//225
f 225//225 224//224 292//292
f 225//225 292//292 244//244
f 244//244 292//292 293//293
f 244//244 293//293 254//254
f 254//254 293//293 294//294
f 254//254 294//294 253//253
f 253//253 294//294 295//295
f 253//253 295//295 252//252
f 252//252 295//295 296//296
f 252//252 296//296 262//262
f 262//262 296//296 297//297
f 262//262 297//297 261//261
f 261//261 297//297 298//298
f 261//261 298//298 267//267
f 267//267 298//298 299//299
f 267//267 299//299 266//266
f 266//266 299//299 300//300
f 266//266 300//300 277//277
f 277//277 300//300 301//301
f 277//277 301//301 276//276
f 276//276 301//301 302//302
f 276//276 302//302 275//275
f 275//275 302//302 303//303
f 275//275 303//303 284//284
f 284//284 303//303 304//304
f 284//284 304//304 283//283
f 283//283 304//304 305//305
f 283//283 305//305 308//308
f 308//308 305//305 306//306
f 308//308 306//306 309//309
f 309//309 306//306 307//307
f 309//309 307//307 310//310
f 310//310 311//311 150//150
f 310//310 150//150 309//309
f 309//309 150//150 149//149
f 309//309 149//149 308//308
f 308//308 149//149 148//148
f 308//308 148//148 283//283
f 283//283 148//148 154//154
f 283//283 154//154 153//153
f 145//145 144//144 312//312
f 312//312 144//144 310//310
f 312//312 310//310 313//313
f 313//313 310//310 307//307
f 313//313 307//307 314//314
f 314//314 307//307 213//213
f 314//314 213//213 315//315
f 315//315 213//213 212//212
f 146//146 145//145 208//208
f 208//208 145//145 312//312
f 208//208 312//312 316//316
f 316//316 312//312 313//313
f 316//316 313//313 317//317
f 317//317 313//313 314//314
f 317//317 314//314 318//318
f 318//318 314//314 315//315
f 141//141 140//140 319//319
f 319//319 140//140 208//208
f 319//319 208//208 320//320
f 320//320 208//208 316//316
f 320//320 316//316 211//211
f 211//211 316//316 317//317
f 211//211 317//317 209//209
f 209//209 317//317 318//318
f 142//142 141//141 207//207
f 207//207 141//141 319//319
f 207//207 319//319 321//321
f 321//321 319//319 320//320
f 321//321 320//320 322//322
f 322//322 320//320 211//211
f 322//322 211//211 323//323
f 323//323 211//211 210//210
f 135//135 134//134 229//229
f 229//229 134//134 207//207
f 229//229 207//207 235//235
f 235//235 207//207 321//321
f 235//235 321//321 233//233
f 233//233 321//321 322//322
f 233//233 322//322 239//239
f 239//239 322//322 323//323
f 172//172 171//171 324//324
f 325//325 326//326 327//327
f 328//328 329//329 330//330
f 227//227 170//170 175//175
f 227//227 175//175 228//228
f 228//228 175//175 331//331
f 228//228 331//331 245//245
f 332//332 222//222 331//331
f 331//331 222//222 226//226
f 333//333 219//219 332//332
f 332//332 219//219 223//223
f 332//332 223//223 222//222
f 216//216 215//215 334//334
f 334//334 215//215 218//218
f 334//334 218//218 333//333
f 333//333 220//220 219//219
f 328//328 330//330 335//335
f 336//336 337//337 338//338
f 339//339 340//340 341//341
f 341//341 340//340 342//342
f 341//341 342//342 336//336
f 343//343 344//344 345//345
f 346//346 343//343 74//74
f 74//74 343//343 345//345
f 74//74 345//345 204//204
f 204//204 345//345 347//347
f 204//204 347//347 205//205
f 205//205 347//347 348//348
f 335//335 330//330 338//338
f 338//338 330//330 349//349
f 338//338 349//349 350//350
f 350//350 349//349 351//351
f 350//350 351//351 352//352
f 352//352 351//351 353//353
f 352//352 353//353 354//354
f 355//355 202//202 356//356
f 356//356 202//202 200//200
f 356//356 200//200 357//357
f 357//357 199//199 348//348
f 348//348 199//199 206//206
f 348//348 206//206 205//205
f 353//353 358//358 354//354
f 354//354 358//358 359//359
f 354//354 359//359 360//360
f 360//360 359//359 361//361
f 360//360 361//361 362//362
f 362//362 361//361 363//363
f 362//362 363//363 364//364
f 364//364 363//363 365//365
f 364//364 365//365 366//366
f 367//367 197//197 368//368
f 368//368 197//197 196//196
f 368//368 196//196 355//355
f 355//355 196//196 203//203
f 355//355 203//203 202//202
f 365//365 369//369 366//366
f 366//366 369//369 370//370
f 366//366 370//370 371//371
f 371//371 370//370 372//372
f 371//371 372//372 373//373
f 373//373 372//372 374//374
f 373//373 374//374 375//375
f 376//376 194//194 377//377
f 377//377 194//194 193//193
f 377//377 193//193 378//378
f 378//378 193//193 192//192
f 378//378 192//192 367//367
f 367//367 192//192 198//198
f 367//367 198//198 197//197
f 374//374 379//379 375//375
f 375//375 379//379 380//380
f 375//375 380//380 381//381
f 381//381 380//380 382//382
f 381//381 382//382 383//383
f 384//384 189//189 385//385
f 385//385 189//189 191//191
f 385//385 191//191 376//376
f 376//376 195//195 194//194
f 382//382 386//386 383//383
f 383//383 386//386 387//387
f 383//383 387//387 388//388
f 388//388 387//387 389//389
f 388//388 389//389 390//390
f 391//391 187//187 392//392
f 392//392 187//187 185//185
f 392//392 185//185 384//384
f 384//384 185//185 184//184
f 384//384 184//184 189//189
f 389//389 393//393 390//390
f 390//390 393//393 394//394
f 390//390 394//394 395//395
f 395//395 394//394 396//396
f 395//395 396//396 397//397
f 397//397 396//396 398//398
f 397//397 398//398 399//399
f 336//336 338//338 341//341
f 341//341 338//338 350//350
f 341//341 350//350 400//400
f 400//400 350//350 352//352
f 400//400 352//352 401//401
f 401//401 352//352 354//354
f 401//401 354//354 402//402
f 402//402 354//354 360//360
f 402//402 360//360 403//403
f 403//403 360//360 362//362
f 403//403 362//362 404//404
f 404//404 362//362 364//364
f 404//404 364//364 405//405
f 405//405 364//364 366//366
f 405//405 366//366 406//406
f 406//406 366//366 371//371
f 406//406 371//371 407//407
f 407//407 371//371 373//373
f 407//407 373//373 408//408
f 408//408 373//373 375//375
f 408//408 375//375 409//409
f 409//409 375//375 381//381
f 409//409 381//381 410//410
f 410//410 381//381 383//383
f 410//410 383//383 411//411
f 411//411 383//383 388//388
f 411//411 388//388 412//412
f 412//412 388//388 390//390
f 412//412 390//390 413//413
f 413//413 390//390 395//395
f 413//413 395//395 414//414
f 414//414 395//395 397//397
f 414//414 397//397 415//415
f 415//415 397//397 399//399
f 415//415 399//399 416//416
f 339//339 341//341 345//345
f 345//345 341//341 400//400
f 345//345 400//400 347//347
f 347//347 400//400 401//401
f 347//347 401//401 348//348
f 348//348 401//401 402//402
f 348//348 402//402 357//357
f 357//357 402//402 403//403
f 357//357 403//403 356//356
f 356//356 403//403 404//404
f 356//356 404//404 355//355
f 355//355 404//404 405//405
f 355//355 405//405 368//368
f 368//368 405//405 406//406
f 368//368 406//406 367//367
f 367//367 406//406 407//407
f 367//367 407//407 378//378
f 378//378 407//407 408//408
f 378//378 408//408 377//377
f 377//377 408//408 409//409
f 377//377 409//409 376//376
f 376//376 409//409 410//410
f 376//376 410//410 385//385
f 385//385 410//410 411//411
f 385//385 411//411 384//384
f 384//384 411//411 412//412
f 384//384 412//412 392//392
f 392//392 412//412 413//413
f 392//392 413//413 391//391
f 391//391 413//413 414//414
f 391//391 414//414 417//417
f 417//417 414//414 415//415
f 417//417 415//415 418//418
f 418//418 415//415 416//416
f 418//418 416//416 419//419
f 419//419 183//183 182//182
f 419//419 182//182 418//418
f 418//418 182//182 180//180
f 418//418 180//180 417//417
f 417//417 180//180 179//179
f 417//417 179//179 391//391
f 391//391 179//179 188//188
f 391//391 188//188 187//187
f 176//176 178//178 420//420
f 420//420 178//178 419//419
f 420//420 419//419 421//421
f 421//421 419//419 416//416
f 421//421 416//416 422//422
f 422//422 416//416 399//399
f 422//422 399//399 423//423
f 423//423 399//399 398//398
f 171//171 176//176 324//324
f 324//324 176//176 420//420
f 324//324 420//420 424//424
f 424//424 420//420 421//421
f 424//424 421//421 327//327
f 327//327 421//421 422//422
f 327//327 422//422 325//325
f 174//174 172//172 425//425
f 425//425 172//172 324//324
f 425//425 324//324 426//426
f 426//426 324//324 424//424
f 426//426 424//424 427//427
f 427//427 424//424 327//327
f 427//427 327//327 428//428
f 428//428 327//327 326//326
f 175//175 174//174 331//331
f 331//331 174//174 425//425
f 331//331 425//425 332//332
f 332//332 425//425 426//426
f 332//332 426//426 333//333
f 333//333 426//426 427//427
f 333//333 427//427 334//334
f 334//334 427//427 428//428
f 69//69 77//77 429//429
f 75//75 80//80 430//430
f 431//431 432//432 433//433
f 434//434 435//435 436//436
f 437//437 438//438 439//439
f 440//440 441//441 442//442
f 442//442 443//443 437//437
f 444//444 445//445 446//446
f 446//446 445//445 440//440
f 444//444 447//447 448//448
f 100//100 449//449 99//99
f 99//99 449//449 450//450
f 346//346 70//70 343//343
f 343//343 70//70 451//451
f 343//343 451//451 344//344
f 339//339 451//451 452//452
f 339//339 452//452 340//340
f 453//453 336//336 452//452
f 452//452 336//336 342//342
f 452//452 342//342 340//340
f 329//329 328//328 454//454
f 454//454 328//328 335//335
f 454//454 335//335 453//453
f 453//453 337//337 336//336
f 455//455 99//99 447//447
f 447//447 99//99 450//450
f 447//447 450//450 456//456
f 437//437 439//439 442//442
f 442//442 439//439 457//457
f 442//442 457//457 458//458
f 458//458 457//457 459//459
f 458//458 459//459 460//460
f 460//460 459//459 461//461
f 460//460 461//461 462//462
f 463//463 97//97 464//464
f 464//464 97//97 96//96
f 464//464 96//96 465//465
f 465//465 96//96 66//66
f 465//465 66//66 455//455
f 455//455 66//66 65//65
f 455//455 65//65 99//99
f 462//462 466//466 467//467
f 462//462 467//467 468//468
f 468//468 467//467 469//469
f 468//468 469//469 470//470
f 470//470 469//469 471//471
f 472//472 94//94 473//473
f 473//473 94//94 95//95
f 473//473 95//95 463//463
f 463//463 98//98 97//97
f 474//474 475//475 471//471
f 471//471 475//475 476//476
f 471//471 476//476 470//470
f 477//477 91//91 478//478
f 478//478 91//91 68//68
f 478//478 68//68 472//472
f 472//472 68//68 67//67
f 472//472 67//67 94//94
f 474//474 479//479 475//475
f 475//475 479//479 480//480
f 475//475 480//480 481//481
f 481//481 480//480 482//482
f 481//481 482//482 483//483
f 483//483 482//482 484//484
f 483//483 484//484 485//485
f 486//486 89//89 487//487
f 487//487 89//89 90//90
f 487//487 90//90 488//488
f 488//488 90//90 93//93
f 488//488 93//93 477//477
f 477//477 93//93 92//92
f 477//477 92//92 91//91
f 484//484 489//489 485//485
f 485//485 489//489 490//490
f 485//485 490//490 491//491
f 491//491 490//490 492//492
f 491//491 492//492 493//493
f 494//494 87//87 495//495
f 495//495 87//87 86//86
f 495//495 86//86 486//486
f 486//486 86//86 85//85
f 486//486 85//85 89//89
f 492//492 496//496 493//493
f 493//493 496//496 497//497
f 493//493 497//497 498//498
f 498//498 497//497 499//499
f 498//498 499//499 500//500
f 500//500 501//501 436//436
f 436//436 501//501 502//502
f 436//436 502//502 434//434
f 440//440 442//442 446//446
f 446//446 442//442 458//458
f 446//446 458//458 503//503
f 503//503 458//458 460//460
f 503//503 460//460 504//504
f 504//504 460//460 462//462
f 504//504 462//462 505//505
f 505//505 462//462 468//468
f 505//505 468//468 506//506
f 506//506 468//468 470//470
f 506//506 470//470 507//507
f 507//507 470//470 476//476
f 507//507 476//476 508//508
f 508//508 476//476 475//475
f 508//508 475//475 509//509
f 509//509 475//475 481//481
f 509//509 481//481 510//510
f 510//510 481//481 483//483
f 510//510 483//483 511//511
f 511//511 483//483 485//485
f 511//511 485//485 512//512
f 512//512 485//485 491//491
f 512//512 491//491 513//513
f 513//513 491//491 493//493
f 513//513 493//493 514//514
f 514//514 493//493 498//498
f 514//514 498//498 515//515
f 515//515 498//498 500//500
f 515//515 500//500 516//516
f 516//516 500//500 436//436
f 516//516 436//436 517//517
f 517//517 436//436 435//435
f 517//517 435//435 518//518
f 444//444 446//446 447//447
f 447//447 446//446 503//503
f 447//447 503//503 455//455
f 455//455 503//503 504//504
f 455//455 504//504 465//465
f 465//465 504//504 505//505
f 465//465 505//505 464//464
f 464//464 505//505 506//506
f 464//464 506//506 463//463
f 463//463 506//506 507//507
f 463//463 507//507 473//473
f 473//473 507//507 508//508
f 473//473 508//508 472//472
f 472//472 508//508 509//509
f 472//472 509//509 478//478
f 478//478 509//509 510//510
f 478//478 510//510 477//477
f 477//477 510//510 511//511
f 477//477 511//511 488//488
f 488//488 511//511 512//512
f 488//488 512//512 487//487
f 487//487 512//512 513//513
f 487//487 513//513 486//486
f 486//486 513//513 514//514
f 486//486 514//514 495//495
f 495//495 514//514 515//515
f 495//495 515//515 494//494
f 494//494 515//515 516//516
f 494//494 516//516 519//519
f 519//519 516//516 517//517
f 519//519 517//517 520//520
f 520//520 517//517 518//518
f 520//520 518//518 521//521
f 521//521 84//84 83//83
f 521//521 83//83 520//520
f 520//520 83//83 82//82
f 520//520 82//82 519//519
f 519//519 82//82 81//81
f 519//519 81//81 494//494
f 494//494 81//81 88//88
f 494//494 88//88 87//87
f 79//79 78//78 522//522
f 522//522 78//78 521//521
f 522//522 521//521 523//523
f 523//523 521//521 518//518
f 523//523 518//518 524//524
f 524//524 518//518 435//435
f 524//524 435//435 525//525
f 525//525 435//435 434//434
f 80//80 79//79 430//430
f 430//430 79//79 522//522
f 430//430 522//522 526//526
f 526//526 522//522 523//523
f 526//526 523//523 527//527
f 527//527 523//523 524//524
f 527//527 524//524 528//528
f 528//528 524//524 525//525
f 76//76 75//75 529//529
f 529//529 75//75 430//430
f 529//529 430//430 530//530
f 530//530 430//430 526//526
f 530//530 526//526 433//433
f 433//433 526//526 527//527
f 433//433 527//527 431//431
f 431//431 527//527 528//528
f 77//77 76//76 429//429
f 429//429 76//76 529//529
f 429//429 529//529 531//531
f 531//531 529//529 530//530
f 531//531 530//530 532//532
f 532//532 530//530 433//433
f 532//532 433//433 533//533
f 533//533 433//433 432//432
f 70//70 69//69 451//451
f 451//451 69//69 429//429
f 451//451 429//429 452//452
f 452//452 429//429 531//531
f 452//452 531//531 453//453
f 453//453 531//531 532//532
f 453//453 532//532 454//454
f 454//454 532//532 533//533
f 102//102 101//101 534//534
f 535//535 536//536 537//537
f 241//241 240//240 538//538
f 234//234 243//243 539//539
f 539//539 242//242 241//241
f 237//237 236//236 540//540
f 540//540 236//236 234//234
f 231//231 230//230 541//541
f 541//541 238//238 237//237
f 542//542 456//456 450//450
f 542//542 450//450 104//104
f 104//104 450//450 449//449
f 104//104 449//449 100//100
f 543//543 440//440 544//544
f 544//544 440//440 445//445
f 544//544 445//445 542//542
f 542//542 445//445 444//444
f 542//542 444//444 448//448
f 545//545 438//438 543//543
f 543//543 438//438 437//437
f 437//437 443//443 543//543
f 543//543 441//441 440//440
f 232//232 231//231 138//138
f 138//138 231//231 541//541
f 138//138 541//541 131//131
f 131//131 541//541 546//546
f 131//131 546//546 132//132
f 132//132 546//546 547//547
f 241//241 538//538 539//539
f 539//539 538//538 548//548
f 539//539 548//548 549//549
f 549//549 548//548 550//550
f 549//549 550//550 551//551
f 551//551 550//550 552//552
f 551//551 552//552 553//553
f 554//554 128//128 555//555
f 555//555 128//128 126//126
f 555//555 126//126 556//556
f 556//556 126//126 125//125
f 556//556 125//125 547//547
f 547//547 125//125 133//133
f 547//547 133//133 132//132
f 552//552 557//557 553//553
f 553//553 557//557 558//558
f 553//553 558//558 559//559
f 559//559 558//558 560//560
f 559//559 560//560 561//561
f 561//561 560//560 562//562
f 561//561 562//562 563//563
f 563//563 562//562 564//564
f 563//563 564//564 565//565
f 566//566 123//123 567//567
f 567//567 123//123 122//122
f 567//567 122//122 554//554
f 554//554 122//122 129//129
f 554//554 129//129 128//128
f 564//564 568//568 565//565
f 565//565 568//568 569//569
f 565//565 569//569 570//570
f 570//570 569//569 571//571
f 570//570 571//571 572//572
f 572//572 571//571 573//573
f 572//572 573//573 574//574
f 575//575 119//119 576//576
f 576//576 119//119 118//118
f 576//576 118//118 577//577
f 577//577 118//118 117//117
f 577//577 117//117 566//566
f 566//566 117//117 124//124
f 566//566 124//124 123//123
f 573//573 578//578 574//574
f 574//574 578//578 579//579
f 574//574 579//579 580//580
f 580//580 579//579 581//581
f 580//580 581//581 582//582
f 583//583 115//115 584//584
f 584//584 115//115 116//116
f 584//584 116//116 575//575
f 575//575 120//120 119//119
f 581//581 585//585 582//582
f 582//582 585//585 586//586
f 582//582 586//586 587//587
f 587//587 586//586 588//588
f 587//587 588//588 589//589
f 590//590 112//112 591//591
f 591//591 112//112 111//111
f 591//591 111//111 583//583
f 583//583 111//111 114//114
f 583//583 114//114 115//115
f 589//589 592//592 593//593
f 589//589 593//593 594//594
f 594//594 593//593 595//595
f 594//594 595//595 596//596
f 596//596 595//595 597//597
f 596//596 597//597 598//598
f 234//234 539//539 540//540
f 540//540 539//539 549//549
f 540//540 549//549 599//599
f 599//599 549//549 551//551
f 599//599 551//551 600//600
f 600//600 551//551 553//553
f 600//600 553//553 601//601
f 601//601 553//553 559//559
f 601//601 559//559 602//602
f 602//602 559//559 561//561
f 602//602 561//561 603//603
f 603//603 561//561 563//563
f 603//603 563//563 604//604
f 604//604 563//563 565//565
f 604//604 565//565 605//605
f 605//605 565//565 570//570
f 605//605 570//570 606//606
f 606//606 570//570 572//572
f 606//606 572//572 607//607
f 607//607 572//572 574//574
f 607//607 574//574 608//608
f 608//608 574//574 580//580
f 608//608 580//580 609//609
f 609//609 580//580 582//582
f 609//609 582//582 610//610
f 610//610 582//582 587//587
f 610//610 587//587 611//611
f 611//611 587//587 589//589
f 611//611 589//589 612//612
f 612//612 589//589 594//594
f 612//612 594//594 613//613
f 613//613 594//594 596//596
f 613//613 596//596 614//614
f 614//614 596//596 598//598
f 614//614 598//598 615//615
f 237//237 540//540 541//541
f 541//541 540//540 599//599
f 541//541 599//599 546//546
f 546//546 599//599 600//600
f 546//546 600//600 547//547
f 547//547 600//600 601//601
f 547//547 601//601 556//556
f 556//556 601//601 602//602
f 556//556 602//602 555//555
f 555//555 602//602 603//603
f 555//555 603//603 554//554
f 554//554 603//603 604//604
f 554//554 604//604 567//567
f 567//567 604//604 605//605
f 567//567 605//605 566//566
f 566//566 605//605 606//606
f 566//566 606//606 577//577
f 577//577 606//606 607//607
f 577//577 607//607 576//576
f 576//576 607//607 608//608
f 576//576 608//608 575//575
f 575//575 608//608 609//609
f 575//575 609//609 584//584
f 584//584 609//609 610//610
f 584//584 610//610 583//583
f 583//583 610//610 611//611
f 583//583 611//611 591//591
f 591//591 611//611 612//612
f 591//591 612//612 590//590
f 590//590 612//612 613//613
f 590//590 613//613 616//616
f 616//616 613//613 614//614
f 616//616 614//614 617//617
f 617//617 614//614 615//615
f 617//617 615//615 618//618
f 618//618 110//110 109//109
f 618//618 109//109 617//617
f 617//617 109//109 108//108
f 617//617 108//108 616//616
f 616//616 108//108 107//107
f 616//616 107//107 590//590
f 590//590 107//107 113//113
f 590//590 113//113 112//112
f 105//105 106//106 619//619
f 619//619 106//106 618//618
f 619//619 618//618 620//620
f 620//620 618//618 615//615
f 620//620 615//615 621//621
f 621//621 615//615 598//598
f 621//621 598//598 622//622
f 622//622 598//598 597//597
f 101//101 105//105 534//534
f 534//534 105//105 619//619
f 534//534 619//619 623//623
f 623//623 619//619 620//620
f 623//623 620//620 537//537
f 537//537 620//620 621//621
f 537//537 621//621 535//535
f 535//535 621//621 622//622
f 103//103 102//102 624//624
f 624//624 102//102 534//534
f 624//624 534//534 625//625
f 625//625 534//534 623//623
f 625//625 623//623 626//626
f 626//626 623//623 537//537
f 626//626 537//537 627//627
f 627//627 537//537 536//536
f 104//104 103//103 542//542
f 542//542 103//103 624//624
f 542//542 624//624 544//544
f 544//544 624//624 625//625
f 544//544 625//625 543//543
f 543//543 625//625 626//626
f 543//543 626//626 545//545
f 545//545 626//626 627//627
f 628//628 629//629 630//630
f 631//631 632//632 633//633
f 552//552 550//550 633//633
f 633//633 550//550 548//548
f 633//633 548//548 631//631
f 631//631 548//548 538//538
f 631//631 538//538 240//240
f 560//560 558//558 633//633
f 633//633 558//558 557//557
f 633//633 557//557 552//552
f 571//571 569//569 634//634
f 569//569 568//568 634//634
f 634//634 568//568 564//564
f 634//634 564//564 633//633
f 633//633 564//564 562//562
f 633//633 562//562 560//560
f 581//581 579//579 635//635
f 635//635 579//579 578//578
f 635//635 578//578 634//634
f 634//634 578//578 573//573
f 634//634 573//573 571//571
f 581//581 636//636 585//585
f 585//585 636//636 586//586
f 535//535 622//622 637//637
f 637//637 622//622 597//597
f 637//637 597//597 595//595
f 595//595 593//593 637//637
f 637//637 593//593 592//592
f 637//637 592//592 636//636
f 636//636 588//588 586//586
f 535//535 637//637 536//536
f 536//536 637//637 630//630
f 536//536 630//630 627//627
f 627//627 638//638 545//545
f 545//545 638//638 639//639
f 545//545 639//639 438//438
f 640//640 641//641 637//637
f 641//641 642//642 637//637
f 637//637 642//642 643//643
f 637//637 643//643 630//630
f 630//630 643//643 644//644
f 630//630 644//644 628//628
f 581//581 635//635 636//636
f 636//636 635//635 645//645
f 646//646 647//647 636//636
f 636//636 647//647 648//648
f 636//636 648//648 637//637
f 637//637 648//648 649//649
f 650//650 651//651 635//635
f 635//635 651//651 652//652
f 635//635 652//652 645//645
f 650//650 635//635 653//653
f 653//653 635//635 634//634
f 653//653 634//634 654//654
f 632//632 655//655 656//656
f 632//632 656//656 633//633
f 633//633 656//656 657//657
f 633//633 657//657 658//658
f 658//658 659//659 633//633
f 633//633 659//659 660//660
f 633//633 660//660 634//634
f 634//634 660//660 661//661
f 634//634 661//661 654//654
f 639//639 638//638 662//662
f 461//461 459//459 662//662
f 662//662 459//459 457//457
f 662//662 457//457 639//639
f 639//639 457//457 439//439
f 639//639 439//439 438//438
f 469//469 662//662 471//471
f 471//471 662//662 663//663
f 469//469 467//467 662//662
f 662//662 467//467 466//466
f 480//480 663//663 482//482
f 482//482 663//663 484//484
f 480//480 479//479 663//663
f 663//663 479//479 474//474
f 663//663 474//474 471//471
f 489//489 663//663 664//664
f 489//489 664//664 490//490
f 499//499 497//497 665//665
f 665//665 497//497 496//496
f 665//665 496//496 492//492
f 528//528 525//525 666//666
f 525//525 434//434 666//666
f 666//666 434//434 502//502
f 666//666 502//502 665//665
f 665//665 502//502 501//501
f 666//666 667//667 668//668
f 668//668 329//329 454//454
f 454//454 533//533 668//668
f 668//668 533//533 432//432
f 668//668 432//432 666//666
f 666//666 432//432 431//431
f 666//666 431//431 528//528
f 666//666 669//669 670//670
f 670//670 671//671 666//666
f 666//666 671//671 672//672
f 666//666 672//672 667//667
f 667//667 672//672 673//673
f 667//667 673//673 674//674
f 675//675 665//665 664//664
f 664//664 665//665 492//492
f 664//664 492//492 490//490
f 675//675 676//676 665//665
f 665//665 676//676 677//677
f 665//665 677//677 666//666
f 666//666 677//677 678//678
f 666//666 678//678 669//669
f 679//679 680//680 664//664
f 664//664 680//680 681//681
f 664//664 681//681 675//675
f 682//682 683//683 663//663
f 663//663 683//683 684//684
f 663//663 684//684 664//664
f 664//664 684//684 685//685
f 664//664 685//685 679//679
f 686//686 687//687 662//662
f 662//662 687//687 688//688
f 662//662 688//688 663//663
f 663//663 688//688 689//689
f 663//663 689//689 682//682
f 629//629 690//690 630//630
f 638//638 690//690 662//662
f 662//662 690//690 691//691
f 662//662 691//691 686//686
f 692//692 693//693 694//694
f 668//668 667//667 695//695
f 353//353 351//351 695//695
f 695//695 351//351 349//349
f 695//695 349//349 668//668
f 668//668 349//349 330//330
f 668//668 330//330 329//329
f 361//361 359//359 695//695
f 695//695 359//359 358//358
f 695//695 358//358 353//353
f 372//372 370//370 696//696
f 370//370 369//369 696//696
f 696//696 369//369 365//365
f 696//696 365//365 695//695
f 695//695 365//365 363//363
f 695//695 363//363 361//361
f 382//382 380//380 697//697
f 697//697 380//380 379//379
f 697//697 379//379 696//696
f 696//696 379//379 374//374
f 696//696 374//374 372//372
f 382//382 698//698 386//386
f 386//386 698//698 387//387
f 325//325 423//423 699//699
f 699//699 423//423 398//398
f 699//699 398//398 396//396
f 396//396 394//394 699//699
f 699//699 394//394 393//393
f 699//699 393//393 698//698
f 698//698 393//393 389//389
f 698//698 389//389 387//387
f 325//325 699//699 326//326
f 326//326 699//699 694//694
f 326//326 694//694 428//428
f 428//428 700//700 334//334
f 334//334 700//700 701//701
f 334//334 701//701 216//216
f 702//702 703//703 699//699
f 703//703 704//704 699//699
f 699//699 704//704 705//705
f 699//699 705//705 694//694
f 694//694 705//705 706//706
f 694//694 706//706 692//692
f 382//382 697//697 698//698
f 698//698 697//697 707//707
f 708//708 709//709 698//698
f 698//698 709//709 710//710
f 698//698 710//710 699//699
f 699//699 710//710 711//711
f 712//712 713//713 697//697
f 697//697 713//713 714//714
f 697//697 714//714 707//707
f 712//712 697//697 715//715
f 715//715 697//697 696//696
f 715//715 696//696 716//716
f 667//667 674//674 717//717
f 667//667 717//717 695//695
f 695//695 717//717 718//718
f 695//695 718//718 719//719
f 719//719 720//720 695//695
f 695//695 720//720 721//721
f 695//695 721//721 696//696
f 696//696 721//721 722//722
f 696//696 722//722 716//716
f 701//701 700//700 723//723
f 250//250 248//248 723//723
f 723//723 248//248 246//246
f 723//723 246//246 701//701
f 701//701 246//246 217//217
f 701//701 217//217 216//216
f 258//258 723//723 260//260
f 260//260 723//723 724//724
f 258//258 256//256 723//723
f 723//723 256//256 255//255
f 723//723 255//255 250//250
f 269//269 724//724 271//271
f 271//271 724//724 273//273
f 269//269 268//268 724//724
f 724//724 268//268 263//263
f 724//724 263//263 260//260
f 273//273 724//724 278//278
f 278//278 724//724 725//725
f 278//278 725//725 279//279
f 288//288 286//286 726//726
f 726//726 286//286 285//285
f 726//726 285//285 281//281
f 318//318 315//315 727//727
f 315//315 212//212 727//727
f 727//727 212//212 291//291
f 727//727 291//291 726//726
f 726//726 291//291 290//290
f 727//727 632//632 631//631
f 631//631 240//240 239//239
f 239//239 323//323 631//631
f 631//631 323//323 210//210
f 631//631 210//210 727//727
f 727//727 210//210 209//209
f 727//727 209//209 318//318
f 727//727 728//728 729//729
f 729//729 730//730 727//727
f 727//727 730//730 731//731
f 727//727 731//731 632//632
f 632//632 731//731 732//732
f 632//632 732//732 655//655
f 733//733 726//726 725//725
f 725//725 726//726 281//281
f 725//725 281//281 279//279
f 733//733 734//734 726//726
f 726//726 734//734 735//735
f 726//726 735//735 727//727
f 727//727 735//735 736//736
f 727//727 736//736 728//728
f 737//737 738//738 725//725
f 725//725 738//738 739//739
f 725//725 739//739 733//733
f 740//740 741//741 724//724
f 724//724 741//741 742//742
f 724//724 742//742 725//725
f 725//725 742//742 743//743
f 725//725 743//743 737//737
f 744//744 745//745 723//723
f 723//723 745//745 746//746
f 723//723 746//746 724//724
f 724//724 746//746 747//747
f 724//724 747//747 740//740
f 693//693 748//748 694//694
f 700//700 748//748 723//723
f 723//723 748//748 749//749
f 723//723 749//749 744//744
f 731//731 750//750 732//732
f 732//732 750//750 751//751
f 732//732 751//751 655//655
f 730//730 752//752 731//731
f 731//731 753//753 750//750
f 734//734 754//754 735//735
f 735//735 754//754 755//755
f 735//735 755//755 736//736
f 736//736 755//755 756//756
f 736//736 756//756 728//728
f 728//728 756//756 757//757
f 728//728 757//757 729//729
f 729//729 757//757 758//758
f 729//729 758//758 730//730
f 730//730 758//758 759//759
f 730//730 759//759 752//752
f 760//760 761//761 734//734
f 734//734 761//761 762//762
f 734//734 762//762 754//754
f 734//734 733//733 760//760
f 760//760 733//733 739//739
f 760//760 739//739 738//738
f 763//763 764//764 737//737
f 737//737 764//764 765//765
f 737//737 765//765 738//738
f 738//738 765//765 766//766
f 738//738 766//766 760//760
f 737//737 743//743 763//763
f 763//763 743//743 742//742
f 763//763 742//742 767//767
f 767//767 742//742 741//741
f 767//767 741//741 768//768
f 768//768 741//741 740//740
f 768//768 740//740 769//769
f 769//769 740//740 770//770
f 770//770 740//740 747//747
f 770//770 747//747 771//771
f 771//771 747//747 746//746
f 771//771 746//746 772//772
f 772//772 746//746 745//745
f 772//772 745//745 773//773
f 773//773 745//745 744//744
f 773//773 744//744 774//774
f 774//774 744//744 749//749
f 774//774 749//749 775//775
f 775//775 749//749 776//776
f 776//776 749//749 748//748
f 776//776 748//748 777//777
f 777//777 748//748 693//693
f 777//777 693//693 778//778
f 713//713 779//779 780//780
f 778//778 693//693 692//692
f 717//717 674//674 781//781
f 778//778 692//692 782//782
f 782//782 692//692 706//706
f 782//782 706//706 783//783
f 783//783 706//706 784//784
f 784//784 706//706 705//705
f 784//784 705//705 785//785
f 785//785 705//705 704//704
f 785//785 704//704 786//786
f 786//786 704//704 787//787
f 787//787 704//704 703//703
f 787//787 703//703 788//788
f 788//788 703//703 702//702
f 788//788 702//702 789//789
f 789//789 711//711 790//790
f 790//790 711//711 710//710
f 790//790 710//710 791//791
f 791//791 710//710 709//709
f 791//791 709//709 792//792
f 792//792 709//709 793//793
f 793//793 709//709 708//708
f 793//793 708//708 794//794
f 794//794 707//707 780//780
f 780//780 707//707 714//714
f 780//780 714//714 713//713
f 779//779 713//713 795//795
f 795//795 713//713 712//712
f 796//796 712//712 715//715
f 796//796 715//715 716//716
f 797//797 798//798 722//722
f 722//722 798//798 799//799
f 722//722 799//799 716//716
f 716//716 799//799 800//800
f 716//716 800//800 796//796
f 722//722 721//721 797//797
f 797//797 721//721 720//720
f 797//797 720//720 801//801
f 801//801 720//720 719//719
f 801//801 719//719 802//802
f 802//802 719//719 718//718
f 802//802 718//718 803//803
f 803//803 718//718 804//804
f 804//804 718//718 717//717
f 804//804 717//717 805//805
f 805//805 717//717 781//781
f 672//672 806//806 673//673
f 673//673 806//806 781//781
f 673//673 781//781 674//674
f 671//671 807//807 672//672
f 672//672 808//808 806//806
f 676//676 809//809 677//677
f 677//677 809//809 810//810
f 677//677 810//810 678//678
f 678//678 810//810 811//811
f 678//678 811//811 669//669
f 669//669 811//811 812//812
f 669//669 812//812 670//670
f 670//670 812//812 813//813
f 670//670 813//813 671//671
f 671//671 813//813 814//814
f 671//671 814//814 807//807
f 815//815 816//816 676//676
f 676//676 816//816 817//817
f 676//676 817//817 809//809
f 676//676 675//675 815//815
f 815//815 675//675 681//681
f 815//815 681//681 680//680
f 818//818 819//819 679//679
f 679//679 819//819 820//820
f 679//679 820//820 680//680
f 680//680 820//820 821//821
f 680//680 821//821 815//815
f 679//679 685//685 818//818
f 818//818 685//685 684//684
f 818//818 684//684 822//822
f 822//822 684//684 683//683
f 822//822 683//683 823//823
f 823//823 683//683 682//682
f 823//823 682//682 824//824
f 824//824 682//682 825//825
f 825//825 682//682 689//689
f 825//825 689//689 826//826
f 826//826 689//689 688//688
f 826//826 688//688 827//827
f 827//827 688//688 687//687
f 827//827 687//687 828//828
f 828//828 687//687 686//686
f 828//828 686//686 829//829
f 829//829 686//686 691//691
f 829//829 691//691 830//830
f 830//830 691//691 831//831
f 831//831 691//691 690//690
f 831//831 690//690 832//832
f 832//832 690//690 629//629
f 832//832 629//629 833//833
f 651//651 834//834 835//835
f 833//833 629//629 628//628
f 656//656 655//655 751//751
f 833//833 628//628 836//836
f 836//836 628//628 644//644
f 836//836 644//644 837//837
f 837//837 644//644 838//838
f 838//838 644//644 643//643
f 838//838 643//643 839//839
f 839//839 643//643 642//642
f 839//839 642//642 840//840
f 840//840 642//642 841//841
f 841//841 642//642 641//641
f 841//841 641//641 842//842
f 842//842 641//641 640//640
f 842//842 640//640 843//843
f 843//843 649//649 844//844
f 844//844 649//649 648//648
f 844//844 648//648 845//845
f 845//845 648//648 647//647
f 845//845 647//647 846//846
f 846//846 647//647 847//847
f 847//847 647//647 646//646
f 847//847 646//646 848//848
f 848//848 645//645 835//835
f 835//835 645//645 652//652
f 835//835 652//652 651//651
f 834//834 651//651 849//849
f 849//849 651//651 650//650
f 850//850 650//650 653//653
f 850//850 653//653 654//654
f 851//851 852//852 661//661
f 661//661 852//852 853//853
f 661//661 853//853 654//654
f 654//654 853//853 854//854
f 654//654 854//854 850//850
f 661//661 660//660 851//851
f 851//851 660//660 659//659
f 851//851 659//659 855//855
f 855//855 659//659 658//658
f 855//855 658//658 856//856
f 856//856 658//658 657//657
f 856//856 657//657 857//857
f 857//857 657//657 858//858
f 858//858 657//657 656//656
f 858//858 656//656 859//859
f 859//859 656//656 751//751
f 860//860 861//861 862//862
f 860//860 862//862 863//863
f 864//864 863//863 862//862
f 865//865 864//864 862//862
f 866//866 865//865 862//862
f 867//867 866//866 862//862
f 868//868 867//867 862//862
f 869//869 868//868 862//862
f 870//870 869//869 862//862
f 871//871 870//870 862//862
f 872//872 871//871 862//862
f 873//873 872//872 862//862
f 874//874 873//873 862//862
f 875//875 874//874 862//862
f 876//876 875//875 862//862
f 877//877 876//876 862//862
f 878//878 877//877 862//862
f 879//879 878//878 862//862
f 880//880 879//879 862//862
f 881//881 880//880 862//862
f 882//882 881//881 862//862
f 883//883 882//882 862//862
f 884//884 883//883 862//862
f 885//885 884//884 862//862
f 886//886 885//885 862//862
f 887//887 886//886 862//862
f 888//888 887//887 862//862
f 889//889 888//888 862//862
f 890//890 889//889 862//862
f 891//891 890//890 862//862
f 892//892 891//891 862//862
f 893//893 892//892 862//862
f 894//894 893//893 862//862
f 895//895 894//894 862//862
f 896//896 895//895 862//862
f 897//897 896//896 862//862
f 898//898 897//897 862//862
f 899//899 898//898 862//862
f 900//900 899//899 862//862
f 861//861 900//900 862//862
f 756//756 755//755 901//901
f 811//811 810//810 902//902
f 903//903 904//904 832//832
f 832//832 904//904 905//905
f 832//832 905//905 831//831
f 906//906 829//829 905//905
f 905//905 829//829 830//830
f 905//905 830//830 831//831
f 825//825 826//826 907//907
f 907//907 826//826 827//827
f 907//907 827//827 906//906
f 906//906 827//827 828//828
f 906//906 828//828 829//829
f 908//908 823//823 907//907
f 907//907 823//823 824//824
f 907//907 824//824 825//825
f 820//820 819//819 909//909
f 909//909 819//819 818//818
f 909//909 818//818 908//908
f 908//908 818//818 822//822
f 908//908 822//822 823//823
f 910//910 815//815 909//909
f 909//909 815//815 821//821
f 909//909 821//821 820//820
f 810//810 809//809 902//902
f 902//902 809//809 817//817
f 902//902 817//817 910//910
f 910//910 817//817 816//816
f 910//910 816//816 815//815
f 811//811 902//902 812//812
f 812//812 902//902 911//911
f 812//812 911//911 813//813
f 813//813 911//911 814//814
f 814//814 911//911 912//912
f 814//814 912//912 807//807
f 808//808 912//912 913//913
f 808//808 913//913 806//806
f 914//914 805//805 913//913
f 913//913 805//805 915//915
f 913//913 915//915 806//806
f 801//801 802//802 916//916
f 916//916 802//802 803//803
f 916//916 803//803 914//914
f 914//914 803//803 804//804
f 914//914 804//804 805//805
f 917//917 798//798 916//916
f 916//916 798//798 797//797
f 916//916 797//797 801//801
f 918//918 796//796 800//800
f 918//918 800//800 917//917
f 917//917 800//800 799//799
f 917//917 799//799 798//798
f 795//795 918//918 779//779
f 779//779 918//918 919//919
f 779//779 919//919 780//780
f 780//780 919//919 794//794
f 794//794 919//919 920//920
f 794//794 920//920 793//793
f 921//921 791//791 920//920
f 920//920 791//791 792//792
f 920//920 792//792 793//793
f 787//787 788//788 922//922
f 922//922 788//788 789//789
f 922//922 789//789 921//921
f 921//921 789//789 790//790
f 921//921 790//790 791//791
f 923//923 785//785 922//922
f 922//922 785//785 786//786
f 922//922 786//786 787//787
f 924//924 782//782 925//925
f 925//925 782//782 783//783
f 925//925 783//783 923//923
f 923//923 783//783 784//784
f 923//923 784//784 785//785
f 924//924 925//925 777//777
f 777//777 925//925 926//926
f 777//777 926//926 776//776
f 927//927 774//774 926//926
f 926//926 774//774 775//775
f 926//926 775//775 776//776
f 770//770 771//771 928//928
f 928//928 771//771 772//772
f 928//928 772//772 927//927
f 927//927 772//772 773//773
f 927//927 773//773 774//774
f 929//929 768//768 928//928
f 928//928 768//768 769//769
f 928//928 769//769 770//770
f 765//765 764//764 930//930
f 930//930 764//764 763//763
f 930//930 763//763 929//929
f 929//929 763//763 767//767
f 929//929 767//767 768//768
f 931//931 760//760 930//930
f 930//930 760//760 766//766
f 930//930 766//766 765//765
f 755//755 754//754 901//901
f 901//901 754//754 762//762
f 901//901 762//762 931//931
f 931//931 762//762 761//761
f 931//931 761//761 760//760
f 756//756 901//901 757//757
f 757//757 901//901 932//932
f 757//757 932//932 758//758
f 758//758 932//932 759//759
f 759//759 932//932 933//933
f 759//759 933//933 752//752
f 752//752 933//933 753//753
f 753//753 933//933 934//934
f 753//753 934//934 750//750
f 935//935 859//859 934//934
f 934//934 859//859 936//936
f 934//934 936//936 750//750
f 855//855 856//856 937//937
f 937//937 856//856 857//857
f 937//937 857//857 935//935
f 935//935 857//857 858//858
f 935//935 858//858 859//859
f 938//938 852//852 937//937
f 937//937 852//852 851//851
f 937//937 851//851 855//855
f 939//939 850//850 854//854
f 939//939 854//854 938//938
f 938//938 854//854 853//853
f 938//938 853//853 852//852
f 849//849 939//939 834//834
f 834//834 939//939 940//940
f 834//834 940//940 835//835
f 835//835 940//940 848//848
f 848//848 940//940 941//941
f 848//848 941//941 847//847
f 942//942 845//845 941//941
f 941//941 845//845 846//846
f 941//941 846//846 847//847
f 841//841 842//842 943//943
f 943//943 842//842 843//843
f 943//943 843//843 942//942
f 942//942 843//843 844//844
f 942//942 844//844 845//845
f 944//944 839//839 943//943
f 943//943 839//839 840//840
f 943//943 840//840 841//841
f 903//903 836//836 904//904
f 904//904 836//836 837//837
f 904//904 837//837 944//944
f 944//944 837//837 838//838
f 944//944 838//838 839//839
f 914//914 861//861 916//916
f 916//916 861//861 860//860
f 916//916 860//860 917//917
f 917//917 860//860 863//863
f 917//917 863//863 918//918
f 918//918 863//863 864//864
f 918//918 864//864 919//919
f 919//919 864//864 865//865
f 919//919 865//865 920//920
f 920//920 865//865 866//866
f 920//920 866//866 921//921
f 921//921 866//866 867//867
f 921//921 867//867 922//922
f 922//922 867//867 868//868
f 922//922 868//868 923//923
f 923//923 868//868 869//869
f 923//923 869//869 925//925
f 925//925 869//869 870//870
f 925//925 870//870 926//926
f 926//926 870//870 871//871
f 926//926 871//871 927//927
f 927//927 871//871 872//872
f 927//927 872//872 928//928
f 928//928 872//872 873//873
f 928//928 873//873 929//929
f 929//929 873//873 874//874
f 929//929 874//874 930//930
f 930//930 874//874 875//875
f 930//930 875//875 931//931
f 931//931 875//875 876//876
f 931//931 876//876 901//901
f 901//901 876//876 877//877
f 901//901 877//877 932//932
f 932//932 877//877 878//878
f 932//932 878//878 933//933
f 933//933 878//878 879//879
f 933//933 879//879 934//934
f 934//934 879//879 880//880
f 934//934 880//880 935//935
f 935//935 880//880 881//881
f 935//935 881//881 937//937
f 937//937 881//881 882//882
f 937//937 882//882 938//938
f 938//938 882//882 883//883
f 938//938 883//883 939//939
f 939//939 883//883 884//884
f 939//939 884//884 940//940
f 940//940 884//884 885//885
f 940//940 885//885 941//941
f 941//941 885//885 886//886
f 941//941 886//886 942//942
f 942//942 886//886 887//887
f 942//942 887//887 943//943
f 943//943 887//887 888//888
f 943//943 888//888 944//944
f 944//944 888//888 889//889
f 944//944 889//889 904//904
f 904//904 889//889 890//890
f 904//904 890//890 905//905
f 905//905 890//890 891//891
f 905//905 891//891 906//906
f 906//906 891//891 892//892
f 906//906 892//892 907//907
f 907//907 892//892 893//893
f 907//907 893//893 908//908
f 908//908 893//893 894//894
f 908//908 894//894 909//909
f 909//909 894//894 895//895
f 909//909 895//895 910//910
f 910//910 895//895 896//896
f 910//910 896//896 902//902
f 902//902 896//896 897//897
f 902//902 897//897 911//911
f 911//911 897//897 898//898
f 911//911 898//898 912//912
f 912//912 898//898 899//899
f 912//912 899//899 913//913
f 913//913 899//899 900//900
f 913//913 900//900 914//914
f 914//914 900//900 861//861
f 945//945 946//946 947//947
f 948//948 949//949 950//950
f 951//951 952//952 953//953
f 954//954 955//955 956//956
f 957//957 958//958 946//946
f 946//946 958//958 959//959
f 946//946 959//959 947//947
f 953//953 952//952 960//960
f 961//961 962//962 963//963
f 955//955 964//964 956//956
f 956//956 965//965 966//966
f 967//967 968//968 969//969
f 969//969 968//968 966//966
f 969//969 966//966 970//970
f 970//970 966//966 965//965
f 952//952 971//971 960//960
f 960//960 971//971 972//972
f 960//960 972//972 973//973
f 974//974 975//975 976//976
f 976//976 975//975 973//973
f 976//976 973//973 977//977
f 963//963 978//978 961//961
f 961//961 978//978 979//979
f 961//961 979//979 980//980
f 967//967 981//981 968//968
f 968//968 981//981 982//982
f 968//968 982//982 983//983
f 982//982 984//984 983//983
f 983//983 984//984 985//985
f 983//983 985//985 986//986
f 986//986 985//985 987//987
f 988//988 989//989 945//945
f 988//988 945//945 990//990
f 990//990 945//945 947//947
f 991//991 992//992 993//993
f 993//993 992//992 948//948
f 993//993 948//948 994//994
f 994//994 948//948 950//950
f 995//995 996//996 989//989
f 989//989 997//997 998//998
f 999//999 1000//1000 953//953
f 953//953 1001//1001 951//951
f 974//974 1002//1002 975//975
f 975//975 1002//1002 1003//1003
f 975//975 1003//1003 1004//1004
f 991//991 1005//1005 992//992
f 992//992 1006//1006 962//962
f 962//962 1006//1006 1007//1007
f 962//962 1007//1007 963//963
f 987//987 1008//1008 986//986
f 986//986 1008//1008 1009//1009
f 986//986 1009//1009 957//957
f 957//957 1009//1009 1010//1010
f 957//957 1010//1010 958//958
f 1004//1004 1011//1011 1012//1012
f 1004//1004 1012//1012 1013//1013
f 1014//1014 1015//1015 949//949
f 949//949 1015//1015 1016//1016
f 949//949 1016//1016 950//950
f 1017//1017 1018//1018 1013//1013
f 1013//1013 1019//1019 1014//1014
f 1014//1014 1019//1019 1020//1020
f 1014//1014 1020//1020 1015//1015
f 1021//1021 1022//1022 1023//1023
f 1021//1021 1023//1023 1024//1024
f 1025//1025 1026//1026 1027//1027
f 1027//1027 1028//1028 1024//1024
f 1029//1029 1030//1030 1031//1031
f 1031//1031 1030//1030 1025//1025
f 1032//1032 1033//1033 1029//1029
f 1034//1034 1035//1035 1036//1036
f 1036//1036 1035//1035 1037//1037
f 1038//1038 1039//1039 1040//1040
f 1041//1041 1042//1042 1043//1043
f 1044//1044 1045//1045 1046//1046
f 1046//1046 1047//1047 1048//1048
f 1024//1024 1023//1023 1027//1027
f 1027//1027 1023//1023 1049//1049
f 1027//1027 1049//1049 1050//1050
f 1050//1050 1049//1049 1051//1051
f 1050//1050 1051//1051 1052//1052
f 1053//1053 1054//1054 1055//1055
f 1055//1055 1054//1054 1036//1036
f 1055//1055 1036//1036 1032//1032
f 1032//1032 1036//1036 1037//1037
f 1051//1051 1056//1056 1052//1052
f 1052//1052 1056//1056 1057//1057
f 1052//1052 1057//1057 1058//1058
f 1058//1058 1057//1057 1059//1059
f 1058//1058 1059//1059 1060//1060
f 1060//1060 1061//1061 1062//1062
f 1063//1063 1064//1064 1065//1065
f 1065//1065 1064//1064 1066//1066
f 1065//1065 1066//1066 1067//1067
f 1067//1067 1066//1066 1068//1068
f 1067//1067 1068//1068 1069//1069
f 1069//1069 1068//1068 1070//1070
f 1069//1069 1070//1070 1053//1053
f 1053//1053 1070//1070 1071//1071
f 1053//1053 1071//1071 1054//1054
f 1061//1061 1072//1072 1062//1062
f 1062//1062 1072//1072 1073//1073
f 1062//1062 1073//1073 1074//1074
f 1074//1074 1073//1073 1075//1075
f 1074//1074 1075//1075 1076//1076
f 1075//1075 1077//1077 1076//1076
f 1076//1076 1077//1077 1078//1078
f 1076//1076 1078//1078 1079//1079
f 1079//1079 1078//1078 1080//1080
f 1079//1079 1080//1080 1081//1081
f 1082//1082 1083//1083 1084//1084
f 1084//1084 1083//1083 1085//1085
f 1084//1084 1085//1085 1086//1086
f 1086//1086 1085//1085 1087//1087
f 1086//1086 1087//1087 1063//1063
f 1063//1063 1087//1087 1088//1088
f 1063//1063 1088//1088 1064//1064
f 1089//1089 1090//1090 1091//1091
f 1091//1091 1090//1090 1092//1092
f 1091//1091 1092//1092 1082//1082
f 1082//1082 1092//1092 1093//1093
f 1082//1082 1093//1093 1083//1083
f 1081//1081 1094//1094 1095//1095
f 1081//1081 1095//1095 1096//1096
f 1096//1096 1095//1095 1097//1097
f 1096//1096 1097//1097 1098//1098
f 1098//1098 1099//1099 1100//1100
f 1101//1101 1102//1102 1089//1089
f 1089//1089 1102//1102 1103//1103
f 1089//1089 1103//1103 1090//1090
f 1099//1099 1104//1104 1100//1100
f 1100//1100 1104//1104 1105//1105
f 1100//1100 1105//1105 1106//1106
f 1106//1106 1105//1105 1107//1107
f 1106//1106 1107//1107 1108//1108
f 1089//1089 1109//1109 1101//1101
f 1101//1101 1109//1109 1110//1110
f 1101//1101 1110//1110 1111//1111
f 1111//1111 1110//1110 1112//1112
f 1111//1111 1112//1112 1113//1113
f 1107//1107 1114//1114 1108//1108
f 1108//1108 1114//1114 1115//1115
f 1108//1108 1115//1115 1116//1116
f 1116//1116 1115//1115 1117//1117
f 1116//1116 1117//1117 1118//1118
f 1118//1118 1119//1119 1120//1120
f 1121//1121 1112//1112 1122//1122
f 1121//1121 1122//1122 1123//1123
f 1123//1123 1122//1122 1124//1124
f 1123//1123 1124//1124 1125//1125
f 1125//1125 1124//1124 1126//1126
f 1125//1125 1126//1126 1127//1127
f 1127//1127 1126//1126 1128//1128
f 1127//1127 1128//1128 1129//1129
f 1119//1119 1130//1130 1120//1120
f 1120//1120 1130//1130 1131//1131
f 1120//1120 1131//1131 1132//1132
f 1132//1132 1131//1131 1133//1133
f 1132//1132 1133//1133 1134//1134
f 1135//1135 1044//1044 1136//1136
f 1136//1136 1044//1044 1046//1046
f 1136//1136 1046//1046 1137//1137
f 1137//1137 1046//1046 1138//1138
f 1137//1137 1138//1138 1139//1139
f 1139//1139 1138//1138 1134//1134
f 1139//1139 1134//1134 1140//1140
f 1140//1140 1134//1134 1133//1133
f 1025//1025 1027//1027 1031//1031
f 1031//1031 1027//1027 1050//1050
f 1031//1031 1050//1050 1141//1141
f 1141//1141 1050//1050 1052//1052
f 1141//1141 1052//1052 1142//1142
f 1142//1142 1052//1052 1058//1058
f 1142//1142 1058//1058 1143//1143
f 1143//1143 1058//1058 1060//1060
f 1143//1143 1060//1060 1144//1144
f 1144//1144 1060//1060 1062//1062
f 1144//1144 1062//1062 1145//1145
f 1145//1145 1062//1062 1074//1074
f 1145//1145 1074//1074 1146//1146
f 1146//1146 1074//1074 1076//1076
f 1146//1146 1076//1076 1147//1147
f 1147//1147 1076//1076 1079//1079
f 1147//1147 1079//1079 1148//1148
f 1148//1148 1079//1079 1081//1081
f 1148//1148 1081//1081 1149//1149
f 1149//1149 1081//1081 1096//1096
f 1149//1149 1096//1096 1150//1150
f 1150//1150 1096//1096 1098//1098
f 1150//1150 1098//1098 1151//1151
f 1151//1151 1098//1098 1100//1100
f 1151//1151 1100//1100 1152//1152
f 1152//1152 1100//1100 1106//1106
f 1152//1152 1106//1106 1153//1153
f 1153//1153 1106//1106 1108//1108
f 1153//1153 1108//1108 1154//1154
f 1154//1154 1108//1108 1116//1116
f 1154//1154 1116//1116 1155//1155
f 1155//1155 1116//1116 1118//1118
f 1155//1155 1118//1118 1156//1156
f 1156//1156 1118//1118 1120//1120
f 1156//1156 1120//1120 1157//1157
f 1157//1157 1120//1120 1132//1132
f 1157//1157 1132//1132 1158//1158
f 1158//1158 1132//1132 1134//1134
f 1158//1158 1134//1134 1159//1159
f 1159//1159 1134//1134 1138//1138
f 1159//1159 1138//1138 1160//1160
f 1160//1160 1138//1138 1046//1046
f 1160//1160 1046//1046 1041//1041
f 1041//1041 1046//1046 1048//1048
f 1041//1041 1048//1048 1042//1042
f 1029//1029 1031//1031 1032//1032
f 1032//1032 1031//1031 1141//1141
f 1032//1032 1141//1141 1055//1055
f 1055//1055 1141//1141 1142//1142
f 1055//1055 1142//1142 1053//1053
f 1053//1053 1142//1142 1143//1143
f 1053//1053 1143//1143 1069//1069
f 1069//1069 1143//1143 1144//1144
f 1069//1069 1144//1144 1067//1067
f 1067//1067 1144//1144 1145//1145
f 1067//1067 1145//1145 1065//1065
f 1065//1065 1145//1145 1146//1146
f 1065//1065 1146//1146 1063//1063
f 1063//1063 1146//1146 1147//1147
f 1063//1063 1147//1147 1086//1086
f 1086//1086 1147//1147 1148//1148
f 1086//1086 1148//1148 1084//1084
f 1084//1084 1148//1148 1149//1149
f 1084//1084 1149//1149 1082//1082
f 1082//1082 1149//1149 1150//1150
f 1082//1082 1150//1150 1091//1091
f 1091//1091 1150//1150 1151//1151
f 1091//1091 1151//1151 1089//1089
f 1089//1089 1151//1151 1152//1152
f 1089//1089 1152//1152 1109//1109
f 1109//1109 1152//1152 1153//1153
f 1109//1109 1153//1153 1110//1110
f 1110//1110 1153//1153 1154//1154
f 1110//1110 1154//1154 1112//1112
f 1112//1112 1154//1154 1155//1155
f 1112//1112 1155//1155 1122//1122
f 1122//1122 1155//1155 1156//1156
f 1122//1122 1156//1156 1124//1124
f 1124//1124 1156//1156 1157//1157
f 1124//1124 1157//1157 1126//1126
f 1126//1126 1157//1157 1158//1158
f 1126//1126 1158//1158 1128//1128
f 1128//1128 1158//1158 1159//1159
f 1128//1128 1159//1159 1161//1161
f 1161//1161 1159//1159 1160//1160
f 1161//1161 1160//1160 1162//1162
f 1162//1162 1160//1160 1041//1041
f 1162//1162 1041//1041 1039//1039
f 1039//1039 1041//1041 1043//1043
f 1039//1039 1043//1043 1163//1163
f 1129//1129 1128//1128 1164//1164
f 1164//1164 1128//1128 1161//1161
f 1164//1164 1161//1161 1165//1165
f 1165//1165 1161//1161 1162//1162
f 1165//1165 1162//1162 1166//1166
f 1166//1166 1162//1162 1039//1039
f 1166//1166 1039//1039 1167//1167
f 1167//1167 1039//1039 1038//1038
f 1167//1167 1038//1038 1168//1168
f 1169//1169 1170//1170 1171//1171
f 1172//1172 1173//1173 1174//1174
f 1175//1175 1176//1176 1177//1177
f 1178//1178 1179//1179 989//989
f 1180//1180 1181//1181 986//986
f 1182//1182 1183//1183 1184//1184
f 1140//1140 1133//1133 1185//1185
f 1114//1114 1107//1107 980//980
f 1077//1077 1075//1075 992//992
f 1056//1056 1051//1051 949//949
f 949//949 1051//1051 1049//1049
f 949//949 1049//1049 1014//1014
f 1014//1014 1049//1049 1023//1023
f 1056//1056 949//949 1057//1057
f 1057//1057 949//949 948//948
f 1057//1057 948//948 1059//1059
f 1075//1075 1073//1073 992//992
f 992//992 1073//1073 1072//1072
f 992//992 1072//1072 948//948
f 948//948 1072//1072 1061//1061
f 1077//1077 992//992 1078//1078
f 1078//1078 992//992 962//962
f 1078//1078 962//962 1080//1080
f 961//961 1097//1097 1095//1095
f 961//961 1095//1095 962//962
f 962//962 1095//1095 1094//1094
f 1107//1107 1105//1105 980//980
f 980//980 1105//1105 1104//1104
f 980//980 1104//1104 961//961
f 961//961 1104//1104 1099//1099
f 1114//1114 980//980 1115//1115
f 1115//1115 980//980 1186//1186
f 1115//1115 1186//1186 1117//1117
f 1133//1133 1131//1131 1185//1185
f 1185//1185 1131//1131 1130//1130
f 1185//1185 1130//1130 1186//1186
f 1186//1186 1130//1130 1119//1119
f 1140//1140 1185//1185 1139//1139
f 1139//1139 1185//1185 1187//1187
f 1139//1139 1187//1187 1137//1137
f 1183//1183 1188//1188 1184//1184
f 1184//1184 1188//1188 1189//1189
f 1184//1184 1189//1189 1187//1187
f 1187//1187 1189//1189 1136//1136
f 1187//1187 1136//1136 1137//1137
f 1182//1182 1184//1184 1190//1190
f 1190//1190 1184//1184 1191//1191
f 1190//1190 1191//1191 1192//1192
f 1193//1193 1194//1194 1195//1195
f 1193//1193 1195//1195 1191//1191
f 1191//1191 1195//1195 1196//1196
f 1197//1197 1198//1198 954//954
f 954//954 1198//1198 1199//1199
f 954//954 1199//1199 1193//1193
f 1193//1193 1199//1199 1200//1200
f 1193//1193 1200//1200 1201//1201
f 1197//1197 954//954 1202//1202
f 1202//1202 954//954 956//956
f 1202//1202 956//956 1203//1203
f 1204//1204 1205//1205 966//966
f 966//966 1205//1205 1206//1206
f 966//966 1206//1206 956//956
f 956//956 1206//1206 1207//1207
f 1208//1208 1209//1209 968//968
f 968//968 1209//1209 1210//1210
f 968//968 1210//1210 966//966
f 966//966 1210//1210 1211//1211
f 966//966 1211//1211 1204//1204
f 1208//1208 968//968 1212//1212
f 1212//1212 968//968 983//983
f 1212//1212 983//983 1213//1213
f 1181//1181 1214//1214 986//986
f 986//986 1214//1214 1215//1215
f 986//986 1215//1215 983//983
f 983//983 1215//1215 1216//1216
f 983//983 1216//1216 1213//1213
f 1180//1180 986//986 1217//1217
f 1217//1217 986//986 957//957
f 1217//1217 957//957 1218//1218
f 1219//1219 1220//1220 946//946
f 946//946 1220//1220 1221//1221
f 946//946 1221//1221 957//957
f 957//957 1221//1221 1222//1222
f 957//957 1222//1222 1218//1218
f 1219//1219 946//946 1223//1223
f 1223//1223 946//946 945//945
f 1223//1223 945//945 1224//1224
f 1179//1179 1225//1225 989//989
f 989//989 1225//1225 1226//1226
f 989//989 1226//1226 945//945
f 945//945 1226//1226 1227//1227
f 1178//1178 989//989 1228//1228
f 1228//1228 989//989 998//998
f 1228//1228 998//998 1229//1229
f 1230//1230 1231//1231 1232//1232
f 1230//1230 1232//1232 998//998
f 998//998 1232//1232 1233//1233
f 998//998 1233//1233 1229//1229
f 1176//1176 1234//1234 1177//1177
f 1177//1177 1234//1234 1235//1235
f 1177//1177 1235//1235 1230//1230
f 1230//1230 1235//1235 1236//1236
f 1175//1175 1177//1177 1237//1237
f 1237//1237 1177//1177 1238//1238
f 1237//1237 1238//1238 1239//1239
f 1173//1173 1240//1240 1174//1174
f 1174//1174 1240//1240 1241//1241
f 1174//1174 1241//1241 1238//1238
f 1238//1238 1241//1241 1242//1242
f 1172//1172 1174//1174 1243//1243
f 1243//1243 1174//1174 1244//1244
f 1243//1243 1244//1244 1245//1245
f 1170//1170 1246//1246 1171//1171
f 1171//1171 1246//1246 1247//1247
f 1171//1171 1247//1247 1244//1244
f 1244//1244 1247//1247 1248//1248
f 1244//1244 1248//1248 1245//1245
f 1169//1169 1171//1171 1249//1249
f 1249//1249 1171//1171 1250//1250
f 1249//1249 1250//1250 1251//1251
f 1252//1252 1253//1253 999//999
f 999//999 1253//1253 1254//1254
f 999//999 1254//1254 1250//1250
f 1250//1250 1254//1254 1255//1255
f 1256//1256 1257//1257 953//953
f 953//953 1257//1257 1258//1258
f 953//953 1258//1258 999//999
f 999//999 1258//1258 1259//1259
f 999//999 1259//1259 1252//1252
f 1256//1256 953//953 1260//1260
f 1260//1260 953//953 960//960
f 1260//1260 960//960 1261//1261
f 1262//1262 1263//1263 973//973
f 973//973 1263//1263 1264//1264
f 973//973 1264//1264 960//960
f 960//960 1264//1264 1265//1265
f 1266//1266 1267//1267 975//975
f 975//975 1267//1267 1268//1268
f 975//975 1268//1268 973//973
f 973//973 1268//1268 1269//1269
f 973//973 1269//1269 1262//1262
f 1266//1266 975//975 1270//1270
f 1270//1270 975//975 1004//1004
f 1270//1270 1004//1004 1271//1271
f 1013//1013 1272//1272 1273//1273
f 1013//1013 1273//1273 1004//1004
f 1004//1004 1273//1273 1274//1274
f 1023//1023 1022//1022 1014//1014
f 1014//1014 1022//1022 1275//1275
f 1014//1014 1275//1275 1013//1013
f 1013//1013 1275//1275 1276//1276
f 1013//1013 1276//1276 1277//1277
f 1275//1275 1278//1278 1279//1279
f 1280//1280 1281//1281 1282//1282
f 1035//1035 1034//1034 1283//1283
f 1284//1284 1030//1030 1029//1029
f 1278//1278 1026//1026 1025//1025
f 1022//1022 1021//1021 1275//1275
f 1275//1275 1021//1021 1024//1024
f 1275//1275 1024//1024 1278//1278
f 1278//1278 1024//1024 1028//1028
f 1285//1285 1246//1246 1286//1286
f 1287//1287 1288//1288 1286//1286
f 1289//1289 1290//1290 1291//1291
f 1291//1291 1290//1290 1292//1292
f 1291//1291 1292//1292 1293//1293
f 1294//1294 1295//1295 1289//1289
f 1296//1296 1297//1297 1298//1298
f 1298//1298 1297//1297 1299//1299
f 1286//1286 1246//1246 1287//1287
f 1287//1287 1246//1246 1170//1170
f 1287//1287 1170//1170 1300//1300
f 1301//1301 1302//1302 1303//1303
f 1303//1303 1302//1302 1298//1298
f 1303//1303 1298//1298 1294//1294
f 1294//1294 1298//1298 1299//1299
f 1170//1170 1169//1169 1300//1300
f 1300//1300 1169//1169 1249//1249
f 1300//1300 1249//1249 1304//1304
f 1304//1304 1249//1249 1251//1251
f 1304//1304 1251//1251 1305//1305
f 1251//1251 1255//1255 1305//1305
f 1305//1305 1255//1255 1254//1254
f 1305//1305 1254//1254 1306//1306
f 1306//1306 1254//1254 1253//1253
f 1306//1306 1253//1253 1307//1307
f 1307//1307 1253//1253 1252//1252
f 1307//1307 1252//1252 1308//1308
f 1309//1309 1310//1310 1311//1311
f 1311//1311 1310//1310 1312//1312
f 1311//1311 1312//1312 1313//1313
f 1313//1313 1312//1312 1314//1314
f 1313//1313 1314//1314 1315//1315
f 1315//1315 1314//1314 1316//1316
f 1315//1315 1316//1316 1301//1301
f 1301//1301 1316//1316 1317//1317
f 1301//1301 1317//1317 1302//1302
f 1318//1318 1319//1319 1309//1309
f 1309//1309 1319//1319 1320//1320
f 1309//1309 1320//1320 1310//1310
f 1252//1252 1259//1259 1308//1308
f 1308//1308 1259//1259 1258//1258
f 1308//1308 1258//1258 1321//1321
f 1321//1321 1258//1258 1257//1257
f 1321//1321 1257//1257 1322//1322
f 1309//1309 1323//1323 1318//1318
f 1318//1318 1323//1323 1324//1324
f 1318//1318 1324//1324 1325//1325
f 1325//1325 1324//1324 1326//1326
f 1257//1257 1256//1256 1322//1322
f 1322//1322 1256//1256 1260//1260
f 1322//1322 1260//1260 1327//1327
f 1327//1327 1260//1260 1261//1261
f 1327//1327 1261//1261 1328//1328
f 1328//1328 1265//1265 1329//1329
f 1330//1330 1331//1331 1332//1332
f 1332//1332 1331//1331 1333//1333
f 1332//1332 1333//1333 1334//1334
f 1334//1334 1333//1333 1335//1335
f 1334//1334 1335//1335 1326//1326
f 1326//1326 1335//1335 1336//1336
f 1326//1326 1336//1336 1325//1325
f 1265//1265 1264//1264 1329//1329
f 1329//1329 1264//1264 1263//1263
f 1329//1329 1263//1263 1337//1337
f 1337//1337 1263//1263 1262//1262
f 1337//1337 1262//1262 1338//1338
f 1330//1330 1332//1332 1282//1282
f 1282//1282 1332//1332 1339//1339
f 1282//1282 1339//1339 1280//1280
f 1262//1262 1269//1269 1338//1338
f 1338//1338 1269//1269 1268//1268
f 1338//1338 1268//1268 1340//1340
f 1340//1340 1268//1268 1267//1267
f 1340//1340 1267//1267 1341//1341
f 1267//1267 1266//1266 1341//1341
f 1341//1341 1266//1266 1270//1270
f 1341//1341 1270//1270 1342//1342
f 1342//1342 1270//1270 1271//1271
f 1342//1342 1271//1271 1343//1343
f 1343//1343 1274//1274 1344//1344
f 1281//1281 1280//1280 1345//1345
f 1345//1345 1280//1280 1346//1346
f 1345//1345 1346//1346 1347//1347
f 1347//1347 1346//1346 1348//1348
f 1347//1347 1348//1348 1349//1349
f 1349//1349 1348//1348 1350//1350
f 1349//1349 1350//1350 1351//1351
f 1351//1351 1350//1350 1352//1352
f 1351//1351 1352//1352 1353//1353
f 1353//1353 1352//1352 1354//1354
f 1353//1353 1354//1354 1355//1355
f 1274//1274 1273//1273 1344//1344
f 1344//1344 1273//1273 1272//1272
f 1344//1344 1272//1272 1356//1356
f 1356//1356 1277//1277 1279//1279
f 1279//1279 1277//1277 1276//1276
f 1279//1279 1276//1276 1275//1275
f 1293//1293 1287//1287 1291//1291
f 1291//1291 1287//1287 1300//1300
f 1291//1291 1300//1300 1357//1357
f 1357//1357 1300//1300 1304//1304
f 1357//1357 1304//1304 1358//1358
f 1358//1358 1304//1304 1305//1305
f 1358//1358 1305//1305 1359//1359
f 1359//1359 1305//1305 1306//1306
f 1359//1359 1306//1306 1360//1360
f 1360//1360 1306//1306 1307//1307
f 1360//1360 1307//1307 1361//1361
f 1361//1361 1307//1307 1308//1308
f 1361//1361 1308//1308 1362//1362
f 1362//1362 1308//1308 1321//1321
f 1362//1362 1321//1321 1363//1363
f 1363//1363 1321//1321 1322//1322
f 1363//1363 1322//1322 1364//1364
f 1364//1364 1322//1322 1327//1327
f 1364//1364 1327//1327 1365//1365
f 1365//1365 1327//1327 1328//1328
f 1365//1365 1328//1328 1366//1366
f 1366//1366 1328//1328 1329//1329
f 1366//1366 1329//1329 1367//1367
f 1367//1367 1329//1329 1337//1337
f 1367//1367 1337//1337 1368//1368
f 1368//1368 1337//1337 1338//1338
f 1368//1368 1338//1338 1369//1369
f 1369//1369 1338//1338 1340//1340
f 1369//1369 1340//1340 1370//1370
f 1370//1370 1340//1340 1341//1341
f 1370//1370 1341//1341 1371//1371
f 1371//1371 1341//1341 1342//1342
f 1371//1371 1342//1342 1372//1372
f 1372//1372 1342//1342 1343//1343
f 1372//1372 1343//1343 1373//1373
f 1373//1373 1343//1343 1344//1344
f 1373//1373 1344//1344 1374//1374
f 1374//1374 1344//1344 1356//1356
f 1374//1374 1356//1356 1375//1375
f 1375//1375 1356//1356 1279//1279
f 1375//1375 1279//1279 1376//1376
f 1376//1376 1279//1279 1278//1278
f 1376//1376 1278//1278 1284//1284
f 1284//1284 1278//1278 1025//1025
f 1284//1284 1025//1025 1030//1030
f 1289//1289 1291//1291 1294//1294
f 1294//1294 1291//1291 1357//1357
f 1294//1294 1357//1357 1303//1303
f 1303//1303 1357//1357 1358//1358
f 1303//1303 1358//1358 1301//1301
f 1301//1301 1358//1358 1359//1359
f 1301//1301 1359//1359 1315//1315
f 1315//1315 1359//1359 1360//1360
f 1315//1315 1360//1360 1313//1313
f 1313//1313 1360//1360 1361//1361
f 1313//1313 1361//1361 1311//1311
f 1311//1311 1361//1361 1362//1362
f 1311//1311 1362//1362 1309//1309
f 1309//1309 1362//1362 1363//1363
f 1309//1309 1363//1363 1323//1323
f 1323//1323 1363//1363 1364//1364
f 1323//1323 1364//1364 1324//1324
f 1324//1324 1364//1364 1365//1365
f 1324//1324 1365//1365 1326//1326
f 1326//1326 1365//1365 1366//1366
f 1326//1326 1366//1366 1334//1334
f 1334//1334 1366//1366 1367//1367
f 1334//1334 1367//1367 1332//1332
f 1332//1332 1367//1367 1368//1368
f 1332//1332 1368//1368 1339//1339
f 1339//1339 1368//1368 1369//1369
f 1339//1339 1369//1369 1280//1280
f 1280//1280 1369//1369 1370//1370
f 1280//1280 1370//1370 1346//1346
f 1346//1346 1370//1370 1371//1371
f 1346//1346 1371//1371 1348//1348
f 1348//1348 1371//1371 1372//1372
f 1348//1348 1372//1372 1350//1350
f 1350//1350 1372//1372 1373//1373
f 1350//1350 1373//1373 1352//1352
f 1352//1352 1373//1373 1374//1374
f 1352//1352 1374//1374 1354//1354
f 1354//1354 1374//1374 1375//1375
f 1354//1354 1375//1375 1377//1377
f 1377//1377 1375//1375 1376//1376
f 1377//1377 1376//1376 1378//1378
f 1378//1378 1376//1376 1284//1284
f 1378//1378 1284//1284 1379//1379
f 1379//1379 1284//1284 1029//1029
f 1379//1379 1029//1029 1033//1033
f 1355//1355 1354//1354 1380//1380
f 1380//1380 1354//1354 1377//1377
f 1380//1380 1377//1377 1381//1381
f 1381//1381 1377//1377 1378//1378
f 1381//1381 1378//1378 1382//1382
f 1382//1382 1378//1378 1379//1379
f 1382//1382 1379//1379 1283//1283
f 1283//1283 1379//1379 1037//1037
f 1283//1283 1037//1037 1035//1035
f 1297//1297 1296//1296 1383//1383
f 1384//1384 1385//1385 1386//1386
f 1387//1387 1218//1218 1222//1222
f 1387//1387 1222//1222 1388//1388
f 1385//1385 1389//1389 1390//1390
f 1389//1389 1391//1391 1390//1390
f 1390//1390 1392//1392 1388//1388
f 1393//1393 1394//1394 1395//1395
f 1395//1395 1396//1396 1384//1384
f 1292//1292 1290//1290 1397//1397
f 1397//1397 1290//1290 1289//1289
f 1286//1286 1288//1288 1398//1398
f 1388//1388 1222//1222 1390//1390
f 1390//1390 1222//1222 1221//1221
f 1390//1390 1221//1221 1399//1399
f 1399//1399 1221//1221 1220//1220
f 1399//1399 1220//1220 1400//1400
f 1401//1401 1402//1402 1403//1403
f 1403//1403 1402//1402 1404//1404
f 1403//1403 1404//1404 1395//1395
f 1395//1395 1404//1404 1405//1405
f 1395//1395 1405//1405 1393//1393
f 1220//1220 1219//1219 1400//1400
f 1400//1400 1219//1219 1223//1223
f 1400//1400 1223//1223 1406//1406
f 1406//1406 1223//1223 1224//1224
f 1406//1406 1224//1224 1407//1407
f 1407//1407 1227//1227 1408//1408
f 1409//1409 1410//1410 1411//1411
f 1411//1411 1410//1410 1412//1412
f 1411//1411 1412//1412 1413//1413
f 1413//1413 1412//1412 1414//1414
f 1413//1413 1414//1414 1415//1415
f 1415//1415 1416//1416 1401//1401
f 1401//1401 1416//1416 1417//1417
f 1401//1401 1417//1417 1402//1402
f 1227//1227 1226//1226 1408//1408
f 1408//1408 1226//1226 1225//1225
f 1408//1408 1225//1225 1418//1418
f 1418//1418 1225//1225 1179//1179
f 1418//1418 1179//1179 1419//1419
f 1179//1179 1178//1178 1419//1419
f 1419//1419 1178//1178 1228//1228
f 1419//1419 1228//1228 1420//1420
f 1420//1420 1228//1228 1229//1229
f 1420//1420 1229//1229 1421//1421
f 1422//1422 1423//1423 1424//1424
f 1424//1424 1423//1423 1425//1425
f 1424//1424 1425//1425 1426//1426
f 1426//1426 1425//1425 1427//1427
f 1426//1426 1427//1427 1409//1409
f 1409//1409 1427//1427 1428//1428
f 1409//1409 1428//1428 1410//1410
f 1429//1429 1430//1430 1431//1431
f 1431//1431 1430//1430 1432//1432
f 1431//1431 1432//1432 1422//1422
f 1422//1422 1432//1432 1433//1433
f 1422//1422 1433//1433 1423//1423
f 1229//1229 1233//1233 1421//1421
f 1421//1421 1233//1233 1232//1232
f 1421//1421 1232//1232 1434//1434
f 1434//1434 1232//1232 1231//1231
f 1434//1434 1231//1231 1435//1435
f 1435//1435 1231//1231 1236//1236
f 1435//1435 1236//1236 1436//1436
f 1437//1437 1438//1438 1429//1429
f 1429//1429 1438//1438 1439//1439
f 1429//1429 1439//1439 1430//1430
f 1236//1236 1235//1235 1436//1436
f 1436//1436 1235//1235 1234//1234
f 1436//1436 1234//1234 1440//1440
f 1440//1440 1234//1234 1176//1176
f 1440//1440 1176//1176 1441//1441
f 1429//1429 1442//1442 1437//1437
f 1437//1437 1442//1442 1443//1443
f 1437//1437 1443//1443 1444//1444
f 1444//1444 1443//1443 1445//1445
f 1444//1444 1445//1445 1446//1446
f 1176//1176 1175//1175 1441//1441
f 1441//1441 1175//1175 1237//1237
f 1441//1441 1237//1237 1447//1447
f 1447//1447 1237//1237 1239//1239
f 1447//1447 1239//1239 1448//1448
f 1448//1448 1242//1242 1449//1449
f 1450//1450 1445//1445 1451//1451
f 1450//1450 1451//1451 1452//1452
f 1452//1452 1451//1451 1453//1453
f 1452//1452 1453//1453 1454//1454
f 1454//1454 1453//1453 1455//1455
f 1454//1454 1455//1455 1456//1456
f 1456//1456 1455//1455 1457//1457
f 1456//1456 1457//1457 1458//1458
f 1242//1242 1241//1241 1449//1449
f 1449//1449 1241//1241 1240//1240
f 1449//1449 1240//1240 1459//1459
f 1459//1459 1240//1240 1173//1173
f 1459//1459 1173//1173 1460//1460
f 1285//1285 1286//1286 1248//1248
f 1248//1248 1286//1286 1398//1398
f 1248//1248 1398//1398 1245//1245
f 1245//1245 1398//1398 1461//1461
f 1245//1245 1461//1461 1243//1243
f 1243//1243 1461//1461 1460//1460
f 1243//1243 1460//1460 1172//1172
f 1172//1172 1460//1460 1173//1173
f 1385//1385 1390//1390 1386//1386
f 1386//1386 1390//1390 1399//1399
f 1386//1386 1399//1399 1462//1462
f 1462//1462 1399//1399 1400//1400
f 1462//1462 1400//1400 1463//1463
f 1463//1463 1400//1400 1406//1406
f 1463//1463 1406//1406 1464//1464
f 1464//1464 1406//1406 1407//1407
f 1464//1464 1407//1407 1465//1465
f 1465//1465 1407//1407 1408//1408
f 1465//1465 1408//1408 1466//1466
f 1466//1466 1408//1408 1418//1418
f 1466//1466 1418//1418 1467//1467
f 1467//1467 1418//1418 1419//1419
f 1467//1467 1419//1419 1468//1468
f 1468//1468 1419//1419 1420//1420
f 1468//1468 1420//1420 1469//1469
f 1469//1469 1420//1420 1421//1421
f 1469//1469 1421//1421 1470//1470
f 1470//1470 1421//1421 1434//1434
f 1470//1470 1434//1434 1471//1471
f 1471//1471 1434//1434 1435//1435
f 1471//1471 1435//1435 1472//1472
f 1472//1472 1435//1435 1436//1436
f 1472//1472 1436//1436 1473//1473
f 1473//1473 1436//1436 1440//1440
f 1473//1473 1440//1440 1474//1474
f 1474//1474 1440//1440 1441//1441
f 1474//1474 1441//1441 1475//1475
f 1475//1475 1441//1441 1447//1447
f 1475//1475 1447//1447 1476//1476
f 1476//1476 1447//1447 1448//1448
f 1476//1476 1448//1448 1477//1477
f 1477//1477 1448//1448 1449//1449
f 1477//1477 1449//1449 1478//1478
f 1478//1478 1449//1449 1459//1459
f 1478//1478 1459//1459 1479//1479
f 1479//1479 1459//1459 1460//1460
f 1479//1479 1460//1460 1480//1480
f 1480//1480 1460//1460 1461//1461
f 1480//1480 1461//1461 1481//1481
f 1481//1481 1461//1461 1398//1398
f 1481//1481 1398//1398 1397//1397
f 1397//1397 1398//1398 1293//1293
f 1397//1397 1293//1293 1292//1292
f 1384//1384 1386//1386 1395//1395
f 1395//1395 1386//1386 1462//1462
f 1395//1395 1462//1462 1403//1403
f 1403//1403 1462//1462 1463//1463
f 1403//1403 1463//1463 1401//1401
f 1401//1401 1463//1463 1464//1464
f 1401//1401 1464//1464 1415//1415
f 1415//1415 1464//1464 1465//1465
f 1415//1415 1465//1465 1413//1413
f 1413//1413 1465//1465 1466//1466
f 1413//1413 1466//1466 1411//1411
f 1411//1411 1466//1466 1467//1467
f 1411//1411 1467//1467 1409//1409
f 1409//1409 1467//1467 1468//1468
f 1409//1409 1468//1468 1426//1426
f 1426//1426 1468//1468 1469//1469
f 1426//1426 1469//1469 1424//1424
f 1424//1424 1469//1469 1470//1470
f 1424//1424 1470//1470 1422//1422
f 1422//1422 1470//1470 1471//1471
f 1422//1422 1471//1471 1431//1431
f 1431//1431 1471//1471 1472//1472
f 1431//1431 1472//1472 1429//1429
f 1429//1429 1472//1472 1473//1473
f 1429//1429 1473//1473 1442//1442
f 1442//1442 1473//1473 1474//1474
f 1442//1442 1474//1474 1443//1443
f 1443//1443 1474//1474 1475//1475
f 1443//1443 1475//1475 1445//1445
f 1445//1445 1475//1475 1476//1476
f 1445//1445 1476//1476 1451//1451
f 1451//1451 1476//1476 1477//1477
f 1451//1451 1477//1477 1453//1453
f 1453//1453 1477//1477 1478//1478
f 1453//1453 1478//1478 1455//1455
f 1455//1455 1478//1478 1479//1479
f 1455//1455 1479//1479 1457//1457
f 1457//1457 1479//1479 1480//1480
f 1457//1457 1480//1480 1482//1482
f 1482//1482 1480//1480 1481//1481
f 1482//1482 1481//1481 1483//1483
f 1483//1483 1481//1481 1397//1397
f 1483//1483 1397//1397 1484//1484
f 1484//1484 1397//1397 1289//1289
f 1484//1484 1289//1289 1295//1295
f 1458//1458 1457//1457 1485//1485
f 1485//1485 1457//1457 1482//1482
f 1485//1485 1482//1482 1486//1486
f 1486//1486 1482//1482 1483//1483
f 1486//1486 1483//1483 1487//1487
f 1487//1487 1483//1483 1484//1484
f 1487//1487 1484//1484 1383//1383
f 1383//1383 1484//1484 1299//1299
f 1383//1383 1299//1299 1297//1297
f 1217//1217 1488//1488 1489//1489
f 1490//1490 1491//1491 1492//1492
f 1043//1043 1042//1042 1493//1493
f 1135//1135 1188//1188 1044//1044
f 1042//1042 1048//1048 1494//1494
f 1048//1048 1047//1047 1494//1494
f 1494//1494 1045//1045 1044//1044
f 1038//1038 1040//1040 1495//1495
f 1495//1495 1163//1163 1043//1043
f 1393//1393 1496//1496 1394//1394
f 1497//1497 1385//1385 1384//1384
f 1391//1391 1389//1389 1488//1488
f 1218//1218 1387//1387 1217//1217
f 1217//1217 1387//1387 1388//1388
f 1217//1217 1388//1388 1488//1488
f 1488//1488 1388//1388 1392//1392
f 1044//1044 1188//1188 1494//1494
f 1494//1494 1188//1188 1183//1183
f 1494//1494 1183//1183 1498//1498
f 1499//1499 1500//1500 1501//1501
f 1501//1501 1500//1500 1502//1502
f 1501//1501 1502//1502 1495//1495
f 1495//1495 1502//1502 1168//1168
f 1495//1495 1168//1168 1038//1038
f 1183//1183 1182//1182 1498//1498
f 1498//1498 1182//1182 1190//1190
f 1498//1498 1190//1190 1503//1503
f 1503//1503 1190//1190 1192//1192
f 1503//1503 1192//1192 1504//1504
f 1504//1504 1196//1196 1195//1195
f 1504//1504 1195//1195 1505//1505
f 1505//1505 1195//1195 1194//1194
f 1505//1505 1194//1194 1506//1506
f 1506//1506 1201//1201 1507//1507
f 1508//1508 1509//1509 1510//1510
f 1510//1510 1509//1509 1511//1511
f 1510//1510 1511//1511 1512//1512
f 1512//1512 1511//1511 1513//1513
f 1512//1512 1513//1513 1514//1514
f 1514//1514 1515//1515 1499//1499
f 1499//1499 1515//1515 1516//1516
f 1499//1499 1516//1516 1500//1500
f 1517//1517 1518//1518 1508//1508
f 1508//1508 1518//1518 1519//1519
f 1508//1508 1519//1519 1509//1509
f 1201//1201 1200//1200 1507//1507
f 1507//1507 1200//1200 1199//1199
f 1507//1507 1199//1199 1520//1520
f 1520//1520 1199//1199 1198//1198
f 1520//1520 1198//1198 1521//1521
f 1508//1508 1522//1522 1517//1517
f 1517//1517 1522//1522 1523//1523
f 1517//1517 1523//1523 1524//1524
f 1524//1524 1523//1523 1525//1525
f 1198//1198 1197//1197 1521//1521
f 1521//1521 1197//1197 1202//1202
f 1521//1521 1202//1202 1526//1526
f 1526//1526 1202//1202 1203//1203
f 1526//1526 1203//1203 1527//1527
f 1527//1527 1207//1207 1528//1528
f 1529//1529 1530//1530 1531//1531
f 1531//1531 1530//1530 1532//1532
f 1531//1531 1532//1532 1533//1533
f 1533//1533 1532//1532 1534//1534
f 1533//1533 1534//1534 1525//1525
f 1525//1525 1534//1534 1535//1535
f 1525//1525 1535//1535 1524//1524
f 1207//1207 1206//1206 1528//1528
f 1528//1528 1206//1206 1205//1205
f 1528//1528 1205//1205 1536//1536
f 1536//1536 1205//1205 1204//1204
f 1536//1536 1204//1204 1537//1537
f 1529//1529 1531//1531 1492//1492
f 1492//1492 1531//1531 1538//1538
f 1492//1492 1538//1538 1490//1490
f 1204//1204 1211//1211 1537//1537
f 1537//1537 1211//1211 1210//1210
f 1537//1537 1210//1210 1539//1539
f 1539//1539 1210//1210 1209//1209
f 1539//1539 1209//1209 1540//1540
f 1209//1209 1208//1208 1540//1540
f 1540//1540 1208//1208 1212//1212
f 1540//1540 1212//1212 1541//1541
f 1541//1541 1212//1212 1213//1213
f 1541//1541 1213//1213 1542//1542
f 1542//1542 1216//1216 1543//1543
f 1491//1491 1490//1490 1544//1544
f 1544//1544 1490//1490 1545//1545
f 1546//1546 1545//1545 1547//1547
f 1546//1546 1547//1547 1548//1548
f 1548//1548 1547//1547 1549//1549
f 1548//1548 1549//1549 1550//1550
f 1550//1550 1549//1549 1551//1551
f 1550//1550 1551//1551 1552//1552
f 1552//1552 1551//1551 1553//1553
f 1552//1552 1553//1553 1554//1554
f 1216//1216 1215//1215 1543//1543
f 1543//1543 1215//1215 1214//1214
f 1543//1543 1214//1214 1555//1555
f 1555//1555 1214//1214 1181//1181
f 1555//1555 1181//1181 1489//1489
f 1489//1489 1181//1181 1180//1180
f 1489//1489 1180//1180 1217//1217
f 1042//1042 1494//1494 1493//1493
f 1493//1493 1494//1494 1498//1498
f 1493//1493 1498//1498 1556//1556
f 1556//1556 1498//1498 1503//1503
f 1556//1556 1503//1503 1557//1557
f 1557//1557 1503//1503 1504//1504
f 1557//1557 1504//1504 1558//1558
f 1558//1558 1504//1504 1505//1505
f 1558//1558 1505//1505 1559//1559
f 1559//1559 1505//1505 1506//1506
f 1559//1559 1506//1506 1560//1560
f 1560//1560 1506//1506 1507//1507
f 1560//1560 1507//1507 1561//1561
f 1561//1561 1507//1507 1520//1520
f 1561//1561 1520//1520 1562//1562
f 1562//1562 1520//1520 1521//1521
f 1562//1562 1521//1521 1563//1563
f 1563//1563 1521//1521 1526//1526
f 1563//1563 1526//1526 1564//1564
f 1564//1564 1526//1526 1527//1527
f 1564//1564 1527//1527 1565//1565
f 1565//1565 1527//1527 1528//1528
f 1565//1565 1528//1528 1566//1566
f 1566//1566 1528//1528 1536//1536
f 1566//1566 1536//1536 1567//1567
f 1567//1567 1536//1536 1537//1537
f 1567//1567 1537//1537 1568//1568
f 1568//1568 1537//1537 1539//1539
f 1568//1568 1539//1539 1569//1569
f 1569//1569 1539//1539 1540//1540
f 1569//1569 1540//1540 1570//1570
f 1570//1570 1540//1540 1541//1541
f 1570//1570 1541//1541 1571//1571
f 1571//1571 1541//1541 1542//1542
f 1571//1571 1542//1542 1572//1572
f 1572//1572 1542//1542 1543//1543
f 1572//1572 1543//1543 1573//1573
f 1573//1573 1543//1543 1555//1555
f 1573//1573 1555//1555 1574//1574
f 1574//1574 1555//1555 1489//1489
f 1574//1574 1489//1489 1575//1575
f 1575//1575 1489//1489 1488//1488
f 1575//1575 1488//1488 1497//1497
f 1497//1497 1488//1488 1389//1389
f 1497//1497 1389//1389 1385//1385
f 1043//1043 1493//1493 1495//1495
f 1495//1495 1493//1493 1556//1556
f 1495//1495 1556//1556 1501//1501
f 1501//1501 1556//1556 1557//1557
f 1501//1501 1557//1557 1499//1499
f 1499//1499 1557//1557 1558//1558
f 1499//1499 1558//1558 1514//1514
f 1514//1514 1558//1558 1559//1559
f 1514//1514 1559//1559 1512//1512
f 1512//1512 1559//1559 1560//1560
f 1512//1512 1560//1560 1510//1510
f 1510//1510 1560//1560 1561//1561
f 1510//1510 1561//1561 1508//1508
f 1508//1508 1561//1561 1562//1562
f 1508//1508 1562//1562 1522//1522
f 1522//1522 1562//1562 1563//1563
f 1522//1522 1563//1563 1523//1523
f 1523//1523 1563//1563 1564//1564
f 1523//1523 1564//1564 1525//1525
f 1525//1525 1564//1564 1565//1565
f 1525//1525 1565//1565 1533//1533
f 1533//1533 1565//1565 1566//1566
f 1533//1533 1566//1566 1531//1531
f 1531//1531 1566//1566 1567//1567
f 1531//1531 1567//1567 1538//1538
f 1538//1538 1567//1567 1568//1568
f 1538//1538 1568//1568 1490//1490
f 1490//1490 1568//1568 1569//1569
f 1490//1490 1569//1569 1545//1545
f 1545//1545 1569//1569 1570//1570
f 1545//1545 1570//1570 1547//1547
f 1547//1547 1570//1570 1571//1571
f 1547//1547 1571//1571 1549//1549
f 1549//1549 1571//1571 1572//1572
f 1549//1549 1572//1572 1551//1551
f 1551//1551 1572//1572 1573//1573
f 1551//1551 1573//1573 1553//1553
f 1553//1553 1573//1573 1574//1574
f 1553//1553 1574//1574 1576//1576
f 1576//1576 1574//1574 1575//1575
f 1576//1576 1575//1575 1577//1577
f 1577//1577 1575//1575 1497//1497
f 1577//1577 1497//1497 1496//1496
f 1496//1496 1497//1497 1384//1384
f 1496//1496 1384//1384 1396//1396
f 1578//1578 1553//1553 1576//1576
f 1578//1578 1576//1576 1579//1579
f 1579//1579 1576//1576 1577//1577
f 1579//1579 1577//1577 1580//1580
f 1580//1580 1577//1577 1496//1496
f 1580//1580 1496//1496 1581//1581
f 1581//1581 1496//1496 1393//1393
f 1581//1581 1393//1393 1405//1405
f 1582//1582 1583//1583 1584//1584
f 1585//1585 1586//1586 1587//1587
f 1587//1587 1586//1586 1588//1588
f 1587//1587 1588//1588 1589//1589
f 1585//1585 1587//1587 1590//1590
f 1590//1590 1587//1587 1591//1591
f 1590//1590 1591//1591 1592//1592
f 1593//1593 1594//1594 1595//1595
f 1595//1595 1596//1596 1593//1593
f 1593//1593 1596//1596 1597//1597
f 1593//1593 1597//1597 1591//1591
f 1591//1591 1597//1597 1598//1598
f 1591//1591 1598//1598 1592//1592
f 1599//1599 1600//1600 1601//1601
f 1601//1601 1600//1600 1602//1602
f 1601//1601 1602//1602 1603//1603
f 1604//1604 1605//1605 1606//1606
f 1606//1606 1605//1605 1607//1607
f 1606//1606 1607//1607 1608//1608
f 1608//1608 1607//1607 1609//1609
f 1604//1604 1610//1610 1605//1605
f 1605//1605 1610//1610 1611//1611
f 1605//1605 1611//1611 1612//1612
f 1581//1581 1405//1405 1613//1613
f 1581//1581 1613//1613 1580//1580
f 1614//1614 1605//1605 1613//1613
f 1613//1613 1605//1605 1579//1579
f 1613//1613 1579//1579 1580//1580
f 1601//1601 1546//1546 1605//1605
f 1601//1601 1605//1605 1599//1599
f 1546//1546 1548//1548 1605//1605
f 1605//1605 1548//1548 1550//1550
f 1605//1605 1550//1550 1552//1552
f 1552//1552 1554//1554 1605//1605
f 1605//1605 1554//1554 1578//1578
f 1605//1605 1578//1578 1579//1579
f 1529//1529 1492//1492 1601//1601
f 1601//1601 1492//1492 1491//1491
f 1601//1601 1491//1491 1544//1544
f 1603//1603 1593//1593 1601//1601
f 1601//1601 1593//1593 1530//1530
f 1601//1601 1530//1530 1529//1529
f 1517//1517 1524//1524 1591//1591
f 1524//1524 1535//1535 1591//1591
f 1591//1591 1535//1535 1534//1534
f 1591//1591 1534//1534 1593//1593
f 1593//1593 1534//1534 1532//1532
f 1593//1593 1532//1532 1530//1530
f 1587//1587 1513//1513 1511//1511
f 1511//1511 1509//1509 1587//1587
f 1587//1587 1509//1509 1519//1519
f 1587//1587 1519//1519 1591//1591
f 1591//1591 1519//1519 1518//1518
f 1591//1591 1518//1518 1517//1517
f 1500//1500 1516//1516 1587//1587
f 1587//1587 1516//1516 1515//1515
f 1587//1587 1515//1515 1513//1513
f 1615//1615 1168//1168 1502//1502
f 1502//1502 1500//1500 1615//1615
f 1615//1615 1500//1500 1587//1587
f 1615//1615 1587//1587 1584//1584
f 1584//1584 1587//1587 1589//1589
f 1584//1584 1589//1589 1582//1582
f 1616//1616 1617//1617 1618//1618
f 1618//1618 1617//1617 1619//1619
f 1607//1607 1620//1620 1609//1609
f 1621//1621 1622//1622 1623//1623
f 1623//1623 1622//1622 1624//1624
f 1623//1623 1624//1624 1625//1625
f 1625//1625 1626//1626 1623//1623
f 1623//1623 1626//1626 1627//1627
f 1623//1623 1627//1627 1618//1618
f 1618//1618 1627//1627 1628//1628
f 1618//1618 1628//1628 1616//1616
f 1629//1629 1630//1630 1621//1621
f 1621//1621 1630//1630 1631//1631
f 1621//1621 1632//1632 1633//1633
f 1621//1621 1633//1633 1622//1622
f 1634//1634 1635//1635 1636//1636
f 1636//1636 1635//1635 1637//1637
f 1636//1636 1637//1637 1629//1629
f 1638//1638 1639//1639 1634//1634
f 1634//1634 1639//1639 1640//1640
f 1640//1640 1641//1641 1634//1634
f 1634//1634 1641//1641 1642//1642
f 1634//1634 1642//1642 1635//1635
f 1383//1383 1296//1296 1643//1643
f 1383//1383 1643//1643 1487//1487
f 1644//1644 1638//1638 1645//1645
f 1645//1645 1638//1638 1634//1634
f 1645//1645 1634//1634 1643//1643
f 1643//1643 1634//1634 1486//1486
f 1643//1643 1486//1486 1487//1487
f 1636//1636 1450//1450 1452//1452
f 1636//1636 1452//1452 1634//1634
f 1634//1634 1452//1452 1454//1454
f 1634//1634 1454//1454 1456//1456
f 1456//1456 1458//1458 1634//1634
f 1634//1634 1458//1458 1485//1485
f 1634//1634 1485//1485 1486//1486
f 1438//1438 1437//1437 1636//1636
f 1636//1636 1437//1437 1444//1444
f 1636//1636 1444//1444 1446//1446
f 1629//1629 1621//1621 1636//1636
f 1636//1636 1621//1621 1439//1439
f 1636//1636 1439//1439 1438//1438
f 1425//1425 1423//1423 1623//1623
f 1423//1423 1433//1433 1623//1623
f 1623//1623 1433//1433 1432//1432
f 1623//1623 1432//1432 1621//1621
f 1621//1621 1432//1432 1430//1430
f 1621//1621 1430//1430 1439//1439
f 1618//1618 1414//1414 1412//1412
f 1412//1412 1410//1410 1618//1618
f 1618//1618 1410//1410 1428//1428
f 1618//1618 1428//1428 1623//1623
f 1623//1623 1428//1428 1427//1427
f 1623//1623 1427//1427 1425//1425
f 1613//1613 1618//1618 1614//1614
f 1614//1614 1618//1618 1619//1619
f 1614//1614 1619//1619 1620//1620
f 1405//1405 1404//1404 1613//1613
f 1613//1613 1404//1404 1402//1402
f 1613//1613 1402//1402 1618//1618
f 1618//1618 1402//1402 1417//1417
f 1618//1618 1417//1417 1416//1416
f 1646//1646 1644//1644 1645//1645
f 1647//1647 1648//1648 1649//1649
f 1649//1649 1648//1648 1650//1650
f 1649//1649 1650//1650 1651//1651
f 1647//1647 1649//1649 1652//1652
f 1652//1652 1649//1649 1653//1653
f 1652//1652 1653//1653 1654//1654
f 1655//1655 1656//1656 1657//1657
f 1657//1657 1658//1658 1655//1655
f 1655//1655 1658//1658 1659//1659
f 1655//1655 1659//1659 1653//1653
f 1653//1653 1659//1659 1660//1660
f 1653//1653 1660//1660 1654//1654
f 1661//1661 1662//1662 1663//1663
f 1663//1663 1662//1662 1664//1664
f 1663//1663 1664//1664 1665//1665
f 1666//1666 1667//1667 1668//1668
f 1668//1668 1667//1667 1669//1669
f 1668//1668 1669//1669 1670//1670
f 1670//1670 1669//1669 1671//1671
f 1666//1666 1672//1672 1667//1667
f 1667//1667 1672//1672 1673//1673
f 1667//1667 1673//1673 1674//1674
f 1283//1283 1034//1034 1675//1675
f 1283//1283 1675//1675 1382//1382
f 1676//1676 1667//1667 1675//1675
f 1675//1675 1667//1667 1381//1381
f 1675//1675 1381//1381 1382//1382
f 1663//1663 1347//1347 1667//1667
f 1663//1663 1667//1667 1661//1661
f 1347//1347 1349//1349 1667//1667
f 1667//1667 1349//1349 1351//1351
f 1667//1667 1351//1351 1353//1353
f 1353//1353 1355//1355 1667//1667
f 1667//1667 1355//1355 1380//1380
f 1667//1667 1380//1380 1381//1381
f 1330//1330 1282//1282 1663//1663
f 1663//1663 1282//1282 1281//1281
f 1663//1663 1281//1281 1345//1345
f 1665//1665 1655//1655 1663//1663
f 1663//1663 1655//1655 1331//1331
f 1663//1663 1331//1331 1330//1330
f 1318//1318 1325//1325 1653//1653
f 1325//1325 1336//1336 1653//1653
f 1653//1653 1336//1336 1335//1335
f 1653//1653 1335//1335 1655//1655
f 1655//1655 1335//1335 1333//1333
f 1655//1655 1333//1333 1331//1331
f 1649//1649 1314//1314 1312//1312
f 1312//1312 1310//1310 1649//1649
f 1649//1649 1310//1310 1320//1320
f 1649//1649 1320//1320 1653//1653
f 1653//1653 1320//1320 1319//1319
f 1653//1653 1319//1319 1318//1318
f 1302//1302 1317//1317 1649//1649
f 1649//1649 1317//1317 1316//1316
f 1649//1649 1316//1316 1314//1314
f 1643//1643 1296//1296 1298//1298
f 1298//1298 1302//1302 1643//1643
f 1643//1643 1302//1302 1649//1649
f 1643//1643 1649//1649 1645//1645
f 1645//1645 1649//1649 1651//1651
f 1645//1645 1651//1651 1646//1646
f 1677//1677 1678//1678 1679//1679
f 1679//1679 1678//1678 1680//1680
f 1669//1669 1681//1681 1671//1671
f 1682//1682 1683//1683 1684//1684
f 1684//1684 1683//1683 1685//1685
f 1684//1684 1685//1685 1686//1686
f 1686//1686 1687//1687 1684//1684
f 1684//1684 1687//1687 1688//1688
f 1684//1684 1688//1688 1679//1679
f 1679//1679 1688//1688 1689//1689
f 1679//1679 1689//1689 1677//1677
f 1690//1690 1691//1691 1682//1682
f 1682//1682 1691//1691 1692//1692
f 1692//1692 1693//1693 1682//1682
f 1682//1682 1693//1693 1694//1694
f 1682//1682 1694//1694 1683//1683
f 1695//1695 1696//1696 1697//1697
f 1697//1697 1696//1696 1698//1698
f 1697//1697 1698//1698 1690//1690
f 1699//1699 1700//1700 1695//1695
f 1695//1695 1700//1700 1701//1701
f 1701//1701 1702//1702 1695//1695
f 1695//1695 1702//1702 1703//1703
f 1695//1695 1703//1703 1696//1696
f 1167//1167 1168//1168 1615//1615
f 1167//1167 1615//1615 1166//1166
f 1583//1583 1699//1699 1584//1584
f 1584//1584 1699//1699 1695//1695
f 1584//1584 1695//1695 1615//1615
f 1615//1615 1695//1695 1165//1165
f 1615//1615 1165//1165 1166//1166
f 1697//1697 1121//1121 1123//1123
f 1697//1697 1123//1123 1695//1695
f 1695//1695 1123//1123 1125//1125
f 1695//1695 1125//1125 1127//1127
f 1127//1127 1129//1129 1695//1695
f 1695//1695 1129//1129 1164//1164
f 1695//1695 1164//1164 1165//1165
f 1102//1102 1101//1101 1697//1697
f 1697//1697 1101//1101 1111//1111
f 1697//1697 1111//1111 1113//1113
f 1690//1690 1682//1682 1697//1697
f 1697//1697 1682//1682 1103//1103
f 1697//1697 1103//1103 1102//1102
f 1085//1085 1083//1083 1684//1684
f 1083//1083 1093//1093 1684//1684
f 1684//1684 1093//1093 1092//1092
f 1684//1684 1092//1092 1682//1682
f 1682//1682 1092//1092 1090//1090
f 1682//1682 1090//1090 1103//1103
f 1679//1679 1068//1068 1066//1066
f 1066//1066 1064//1064 1679//1679
f 1679//1679 1064//1064 1088//1088
f 1679//1679 1088//1088 1684//1684
f 1684//1684 1088//1088 1087//1087
f 1684//1684 1087//1087 1085//1085
f 1675//1675 1679//1679 1676//1676
f 1676//1676 1679//1679 1680//1680
f 1676//1676 1680//1680 1681//1681
f 1034//1034 1036//1036 1675//1675
f 1675//1675 1036//1036 1054//1054
f 1675//1675 1054//1054 1679//1679
f 1679//1679 1054//1054 1071//1071
f 1679//1679 1071//1071 1070//1070
f 1704//1704 1671//1671 1681//1681
f 1699//1699 1583//1583 1705//1705
f 1705//1705 1706//1706 1699//1699
f 1699//1699 1706//1706 1707//1707
f 1699//1699 1707//1707 1700//1700
f 1700//1700 1708//1708 1701//1701
f 1701//1701 1708//1708 1709//1709
f 1701//1701 1709//1709 1702//1702
f 1709//1709 1710//1710 1702//1702
f 1702//1702 1710//1710 1711//1711
f 1702//1702 1711//1711 1703//1703
f 1703//1703 1711//1711 1712//1712
f 1713//1713 1698//1698 1712//1712
f 1712//1712 1698//1698 1696//1696
f 1713//1713 1714//1714 1698//1698
f 1698//1698 1714//1714 1715//1715
f 1698//1698 1715//1715 1690//1690
f 1690//1690 1715//1715 1716//1716
f 1690//1690 1716//1716 1691//1691
f 1691//1691 1716//1716 1717//1717
f 1691//1691 1717//1717 1692//1692
f 1692//1692 1717//1717 1718//1718
f 1692//1692 1718//1718 1693//1693
f 1693//1693 1718//1718 1694//1694
f 1718//1718 1719//1719 1694//1694
f 1694//1694 1719//1719 1720//1720
f 1694//1694 1720//1720 1683//1683
f 1683//1683 1720//1720 1721//1721
f 1683//1683 1721//1721 1685//1685
f 1685//1685 1722//1722 1686//1686
f 1722//1722 1723//1723 1686//1686
f 1686//1686 1723//1723 1724//1724
f 1686//1686 1724//1724 1687//1687
f 1687//1687 1724//1724 1688//1688
f 1724//1724 1725//1725 1688//1688
f 1688//1688 1725//1725 1726//1726
f 1688//1688 1726//1726 1689//1689
f 1689//1689 1726//1726 1677//1677
f 1726//1726 1727//1727 1677//1677
f 1677//1677 1727//1727 1728//1728
f 1677//1677 1728//1728 1678//1678
f 1729//1729 1704//1704 1681//1681
f 1729//1729 1681//1681 1730//1730
f 1730//1730 1681//1681 1680//1680
f 1731//1731 1680//1680 1678//1678
f 1731//1731 1678//1678 1732//1732
f 1732//1732 1678//1678 1728//1728
f 1705//1705 1583//1583 1582//1582
f 1733//1733 1734//1734 1609//1609
f 1609//1609 1734//1734 1608//1608
f 1608//1608 1734//1734 1735//1735
f 1608//1608 1735//1735 1606//1606
f 1606//1606 1735//1735 1736//1736
f 1606//1606 1736//1736 1604//1604
f 1604//1604 1737//1737 1738//1738
f 1739//1739 1611//1611 1738//1738
f 1738//1738 1611//1611 1610//1610
f 1738//1738 1610//1610 1604//1604
f 1739//1739 1740//1740 1611//1611
f 1611//1611 1740//1740 1741//1741
f 1611//1611 1741//1741 1612//1612
f 1599//1599 1741//1741 1742//1742
f 1599//1599 1742//1742 1600//1600
f 1600//1600 1743//1743 1744//1744
f 1600//1600 1744//1744 1602//1602
f 1602//1602 1744//1744 1603//1603
f 1744//1744 1745//1745 1603//1603
f 1603//1603 1745//1745 1746//1746
f 1594//1594 1746//1746 1747//1747
f 1594//1594 1747//1747 1595//1595
f 1595//1595 1747//1747 1748//1748
f 1595//1595 1748//1748 1596//1596
f 1596//1596 1748//1748 1597//1597
f 1597//1597 1748//1748 1749//1749
f 1597//1597 1749//1749 1598//1598
f 1598//1598 1750//1750 1751//1751
f 1598//1598 1751//1751 1592//1592
f 1592//1592 1751//1751 1590//1590
f 1751//1751 1752//1752 1590//1590
f 1590//1590 1752//1752 1753//1753
f 1590//1590 1753//1753 1585//1585
f 1585//1585 1753//1753 1754//1754
f 1755//1755 1588//1588 1754//1754
f 1754//1754 1588//1588 1586//1586
f 1754//1754 1586//1586 1585//1585
f 1756//1756 1705//1705 1582//1582
f 1756//1756 1582//1582 1757//1757
f 1757//1757 1582//1582 1589//1589
f 1758//1758 1589//1589 1588//1588
f 1758//1758 1588//1588 1759//1759
f 1759//1759 1588//1588 1755//1755
f 1760//1760 1761//1761 1762//1762
f 1760//1760 1762//1762 1763//1763
f 1764//1764 1763//1763 1762//1762
f 1765//1765 1764//1764 1762//1762
f 1766//1766 1765//1765 1762//1762
f 1767//1767 1766//1766 1762//1762
f 1768//1768 1767//1767 1762//1762
f 1769//1769 1768//1768 1762//1762
f 1770//1770 1769//1769 1762//1762
f 1771//1771 1770//1770 1762//1762
f 1772//1772 1771//1771 1762//1762
f 1773//1773 1772//1772 1762//1762
f 1774//1774 1773//1773 1762//1762
f 1775//1775 1774//1774 1762//1762
f 1776//1776 1775//1775 1762//1762
f 1777//1777 1776//1776 1762//1762
f 1778//1778 1777//1777 1762//1762
f 1779//1779 1778//1778 1762//1762
f 1780//1780 1779//1779 1762//1762
f 1781//1781 1780//1780 1762//1762
f 1782//1782 1781//1781 1762//1762
f 1783//1783 1782//1782 1762//1762
f 1784//1784 1783//1783 1762//1762
f 1785//1785 1784//1784 1762//1762
f 1786//1786 1785//1785 1762//1762
f 1787//1787 1786//1786 1762//1762
f 1788//1788 1787//1787 1762//1762
f 1789//1789 1788//1788 1762//1762
f 1790//1790 1789//1789 1762//1762
f 1791//1791 1790//1790 1762//1762
f 1792//1792 1791//1791 1762//1762
f 1793//1793 1792//1792 1762//1762
f 1794//1794 1793//1793 1762//1762
f 1795//1795 1794//1794 1762//1762
f 1796//1796 1795//1795 1762//1762
f 1797//1797 1796//1796 1762//1762
f 1798//1798 1797//1797 1762//1762
f 1799//1799 1798//1798 1762//1762
f 1800//1800 1799//1799 1762//1762
f 1761//1761 1800//1800 1762//1762
f 1740//1740 1739//1739 1801//1801
f 1802//1802 1803//1803 1804//1804
f 1805//1805 1806//1806 1807//1807
f 1706//1706 1808//1808 1707//1707
f 1707//1707 1808//1808 1809//1809
f 1810//1810 1709//1709 1809//1809
f 1809//1809 1709//1709 1708//1708
f 1809//1809 1708//1708 1707//1707
f 1713//1713 1712//1712 1811//1811
f 1811//1811 1712//1712 1711//1711
f 1811//1811 1711//1711 1810//1810
f 1810//1810 1711//1711 1710//1710
f 1810//1810 1710//1710 1709//1709
f 1812//1812 1715//1715 1811//1811
f 1811//1811 1715//1715 1714//1714
f 1811//1811 1714//1714 1713//1713
f 1719//1719 1718//1718 1813//1813
f 1813//1813 1718//1718 1717//1717
f 1813//1813 1717//1717 1812//1812
f 1812//1812 1717//1717 1716//1716
f 1812//1812 1716//1716 1715//1715
f 1814//1814 1721//1721 1813//1813
f 1813//1813 1721//1721 1720//1720
f 1813//1813 1720//1720 1719//1719
f 1725//1725 1724//1724 1815//1815
f 1815//1815 1724//1724 1723//1723
f 1815//1815 1723//1723 1814//1814
f 1814//1814 1723//1723 1722//1722
f 1814//1814 1722//1722 1721//1721
f 1816//1816 1727//1727 1815//1815
f 1815//1815 1727//1727 1726//1726
f 1815//1815 1726//1726 1725//1725
f 1730//1730 1731//1731 1817//1817
f 1817//1817 1731//1731 1732//1732
f 1817//1817 1732//1732 1816//1816
f 1816//1816 1732//1732 1728//1728
f 1816//1816 1728//1728 1727//1727
f 1730//1730 1817//1817 1729//1729
f 1729//1729 1817//1817 1818//1818
f 1729//1729 1818//1818 1819//1819
f 1820//1820 1821//1821 1818//1818
f 1818//1818 1821//1821 1822//1822
f 1818//1818 1822//1822 1819//1819
f 1806//1806 1823//1823 1807//1807
f 1807//1807 1823//1823 1824//1824
f 1807//1807 1824//1824 1820//1820
f 1820//1820 1824//1824 1825//1825
f 1820//1820 1825//1825 1821//1821
f 1826//1826 1827//1827 1828//1828
f 1828//1828 1827//1827 1829//1829
f 1828//1828 1829//1829 1830//1830
f 1830//1830 1829//1829 1831//1831
f 1830//1830 1831//1831 1807//1807
f 1807//1807 1831//1831 1832//1832
f 1807//1807 1832//1832 1805//1805
f 1826//1826 1828//1828 1833//1833
f 1833//1833 1828//1828 1834//1834
f 1833//1833 1834//1834 1835//1835
f 1835//1835 1834//1834 1836//1836
f 1836//1836 1834//1834 1837//1837
f 1836//1836 1837//1837 1838//1838
f 1839//1839 1840//1840 1837//1837
f 1837//1837 1840//1840 1841//1841
f 1803//1803 1842//1842 1804//1804
f 1804//1804 1842//1842 1843//1843
f 1804//1804 1843//1843 1839//1839
f 1839//1839 1843//1843 1844//1844
f 1839//1839 1844//1844 1840//1840
f 1802//1802 1804//1804 1845//1845
f 1845//1845 1804//1804 1846//1846
f 1845//1845 1846//1846 1847//1847
f 1847//1847 1846//1846 1848//1848
f 1848//1848 1846//1846 1849//1849
f 1848//1848 1849//1849 1850//1850
f 1851//1851 1852//1852 1849//1849
f 1849//1849 1852//1852 1853//1853
f 1849//1849 1853//1853 1850//1850
f 1854//1854 1855//1855 1851//1851
f 1851//1851 1855//1855 1856//1856
f 1851//1851 1856//1856 1852//1852
f 1857//1857 1858//1858 1859//1859
f 1859//1859 1858//1858 1860//1860
f 1859//1859 1860//1860 1854//1854
f 1854//1854 1860//1860 1861//1861
f 1854//1854 1861//1861 1855//1855
f 1862//1862 1863//1863 1859//1859
f 1859//1859 1863//1863 1864//1864
f 1859//1859 1864//1864 1857//1857
f 1865//1865 1866//1866 1867//1867
f 1867//1867 1866//1866 1868//1868
f 1867//1867 1868//1868 1862//1862
f 1862//1862 1868//1868 1869//1869
f 1862//1862 1869//1869 1863//1863
f 1870//1870 1871//1871 1867//1867
f 1867//1867 1871//1871 1872//1872
f 1867//1867 1872//1872 1865//1865
f 1873//1873 1874//1874 1875//1875
f 1875//1875 1874//1874 1876//1876
f 1875//1875 1876//1876 1870//1870
f 1870//1870 1876//1876 1877//1877
f 1870//1870 1877//1877 1871//1871
f 1878//1878 1879//1879 1875//1875
f 1875//1875 1879//1879 1880//1880
f 1875//1875 1880//1880 1873//1873
f 1881//1881 1882//1882 1883//1883
f 1883//1883 1882//1882 1884//1884
f 1883//1883 1884//1884 1878//1878
f 1878//1878 1884//1884 1885//1885
f 1878//1878 1885//1885 1879//1879
f 1881//1881 1883//1883 1886//1886
f 1886//1886 1883//1883 1887//1887
f 1886//1886 1887//1887 1888//1888
f 1889//1889 1735//1735 1887//1887
f 1887//1887 1735//1735 1734//1734
f 1887//1887 1734//1734 1888//1888
f 1739//1739 1738//1738 1801//1801
f 1801//1801 1738//1738 1737//1737
f 1801//1801 1737//1737 1889//1889
f 1889//1889 1736//1736 1735//1735
f 1745//1745 1744//1744 1890//1890
f 1890//1890 1744//1744 1743//1743
f 1890//1890 1743//1743 1891//1891
f 1891//1891 1742//1742 1801//1801
f 1801//1801 1742//1742 1741//1741
f 1801//1801 1741//1741 1740//1740
f 1745//1745 1890//1890 1746//1746
f 1746//1746 1890//1890 1892//1892
f 1746//1746 1892//1892 1747//1747
f 1747//1747 1892//1892 1748//1748
f 1748//1748 1892//1892 1893//1893
f 1748//1748 1893//1893 1749//1749
f 1894//1894 1751//1751 1893//1893
f 1893//1893 1751//1751 1750//1750
f 1755//1755 1754//1754 1895//1895
f 1895//1895 1754//1754 1753//1753
f 1895//1895 1753//1753 1894//1894
f 1894//1894 1753//1753 1752//1752
f 1894//1894 1752//1752 1751//1751
f 1896//1896 1758//1758 1895//1895
f 1895//1895 1758//1758 1759//1759
f 1895//1895 1759//1759 1755//1755
f 1706//1706 1897//1897 1808//1808
f 1808//1808 1897//1897 1756//1756
f 1808//1808 1756//1756 1896//1896
f 1896//1896 1756//1756 1757//1757
f 1896//1896 1757//1757 1758//1758
f 1851//1851 1761//1761 1854//1854
f 1854//1854 1761//1761 1760//1760
f 1854//1854 1760//1760 1859//1859
f 1859//1859 1760//1760 1763//1763
f 1859//1859 1763//1763 1862//1862
f 1862//1862 1763//1763 1764//1764
f 1862//1862 1764//1764 1867//1867
f 1867//1867 1764//1764 1765//1765
f 1867//1867 1765//1765 1870//1870
f 1870//1870 1765//1765 1766//1766
f 1870//1870 1766//1766 1875//1875
f 1875//1875 1766//1766 1767//1767
f 1875//1875 1767//1767 1878//1878
f 1878//1878 1767//1767 1768//1768
f 1878//1878 1768//1768 1883//1883
f 1883//1883 1768//1768 1769//1769
f 1883//1883 1769//1769 1887//1887
f 1887//1887 1769//1769 1770//1770
f 1887//1887 1770//1770 1889//1889
f 1889//1889 1770//1770 1771//1771
f 1889//1889 1771//1771 1801//1801
f 1801//1801 1771//1771 1772//1772
f 1801//1801 1772//1772 1891//1891
f 1891//1891 1772//1772 1773//1773
f 1891//1891 1773//1773 1890//1890
f 1890//1890 1773//1773 1774//1774
f 1890//1890 1774//1774 1892//1892
f 1892//1892 1774//1774 1775//1775
f 1892//1892 1775//1775 1893//1893
f 1893//1893 1775//1775 1776//1776
f 1893//1893 1776//1776 1894//1894
f 1894//1894 1776//1776 1777//1777
f 1894//1894 1777//1777 1895//1895
f 1895//1895 1777//1777 1778//1778
f 1895//1895 1778//1778 1896//1896
f 1896//1896 1778//1778 1779//1779
f 1896//1896 1779//1779 1808//1808
f 1808//1808 1779//1779 1780//1780
f 1808//1808 1780//1780 1809//1809
f 1809//1809 1780//1780 1781//1781
f 1809//1809 1781//1781 1810//1810
f 1810//1810 1781//1781 1782//1782
f 1810//1810 1782//1782 1811//1811
f 1811//1811 1782//1782 1783//1783
f 1811//1811 1783//1783 1812//1812
f 1812//1812 1783//1783 1784//1784
f 1812//1812 1784//1784 1813//1813
f 1813//1813 1784//1784 1785//1785
f 1813//1813 1785//1785 1814//1814
f 1814//1814 1785//1785 1786//1786
f 1814//1814 1786//1786 1815//1815
f 1815//1815 1786//1786 1787//1787
f 1815//1815 1787//1787 1816//1816
f 1816//1816 1787//1787 1788//1788
f 1816//1816 1788//1788 1817//1817
f 1817//1817 1788//1788 1789//1789
f 1817//1817 1789//1789 1818//1818
f 1818//1818 1789//1789 1790//1790
f 1818//1818 1790//1790 1820//1820
f 1820//1820 1790//1790 1791//1791
f 1820//1820 1791//1791 1807//1807
f 1807//1807 1791//1791 1792//1792
f 1807//1807 1792//1792 1830//1830
f 1830//1830 1792//1792 1793//1793
f 1830//1830 1793//1793 1828//1828
f 1828//1828 1793//1793 1794//1794
f 1828//1828 1794//1794 1834//1834
f 1834//1834 1794//1794 1795//1795
f 1834//1834 1795//1795 1837//1837
f 1837//1837 1795//1795 1796//1796
f 1837//1837 1796//1796 1839//1839
f 1839//1839 1796//1796 1797//1797
f 1839//1839 1797//1797 1804//1804
f 1804//1804 1797//1797 1798//1798
f 1804//1804 1798//1798 1846//1846
f 1846//1846 1798//1798 1799//1799
f 1846//1846 1799//1799 1849//1849
f 1849//1849 1799//1799 1800//1800
f 1849//1849 1800//1800 1851//1851
f 1851//1851 1800//1800 1761//1761
f 1733//1733 1609//1609 1620//1620
f 1638//1638 1644//1644 1898//1898
f 1898//1898 1853//1853 1638//1638
f 1638//1638 1853//1853 1852//1852
f 1638//1638 1852//1852 1639//1639
f 1639//1639 1856//1856 1640//1640
f 1640//1640 1856//1856 1855//1855
f 1640//1640 1855//1855 1641//1641
f 1855//1855 1861//1861 1641//1641
f 1641//1641 1861//1861 1860//1860
f 1641//1641 1860//1860 1642//1642
f 1642//1642 1860//1860 1858//1858
f 1857//1857 1637//1637 1858//1858
f 1858//1858 1637//1637 1635//1635
f 1858//1858 1635//1635 1642//1642
f 1857//1857 1864//1864 1637//1637
f 1637//1637 1864//1864 1863//1863
f 1637//1637 1863//1863 1629//1629
f 1629//1629 1863//1863 1869//1869
f 1629//1629 1869//1869 1630//1630
f 1630//1630 1869//1869 1868//1868
f 1630//1630 1868//1868 1631//1631
f 1632//1632 1866//1866 1633//1633
f 1866//1866 1865//1865 1633//1633
f 1633//1633 1865//1865 1872//1872
f 1633//1633 1872//1872 1622//1622
f 1622//1622 1872//1872 1871//1871
f 1622//1622 1871//1871 1624//1624
f 1624//1624 1871//1871 1877//1877
f 1624//1624 1877//1877 1625//1625
f 1877//1877 1876//1876 1625//1625
f 1625//1625 1874//1874 1626//1626
f 1626//1626 1874//1874 1627//1627
f 1874//1874 1873//1873 1627//1627
f 1627//1627 1873//1873 1880//1880
f 1627//1627 1880//1880 1628//1628
f 1628//1628 1880//1880 1616//1616
f 1880//1880 1879//1879 1616//1616
f 1616//1616 1879//1879 1885//1885
f 1616//1616 1885//1885 1617//1617
f 1886//1886 1733//1733 1620//1620
f 1886//1886 1620//1620 1881//1881
f 1881//1881 1620//1620 1619//1619
f 1881//1881 1619//1619 1882//1882
f 1882//1882 1619//1619 1617//1617
f 1882//1882 1617//1617 1884//1884
f 1884//1884 1617//1617 1885//1885
f 1898//1898 1644//1644 1646//1646
f 1704//1704 1822//1822 1671//1671
f 1671//1671 1822//1822 1670//1670
f 1670//1670 1822//1822 1821//1821
f 1670//1670 1821//1821 1668//1668
f 1668//1668 1821//1821 1825//1825
f 1668//1668 1825//1825 1666//1666
f 1666//1666 1825//1825 1824//1824
f 1666//1666 1824//1824 1823//1823
f 1806//1806 1673//1673 1823//1823
f 1823//1823 1673//1673 1672//1672
f 1823//1823 1672//1672 1666//1666
f 1806//1806 1805//1805 1673//1673
f 1673//1673 1805//1805 1832//1832
f 1673//1673 1832//1832 1674//1674
f 1661//1661 1832//1832 1831//1831
f 1661//1661 1831//1831 1662//1662
f 1831//1831 1829//1829 1662//1662
f 1662//1662 1829//1829 1827//1827
f 1662//1662 1827//1827 1664//1664
f 1664//1664 1827//1827 1665//1665
f 1827//1827 1826//1826 1665//1665
f 1665//1665 1826//1826 1833//1833
f 1656//1656 1833//1833 1835//1835
f 1656//1656 1835//1835 1657//1657
f 1657//1657 1835//1835 1836//1836
f 1657//1657 1836//1836 1658//1658
f 1658//1658 1836//1836 1659//1659
f 1659//1659 1836//1836 1838//1838
f 1659//1659 1838//1838 1660//1660
f 1660//1660 1841//1841 1840//1840
f 1660//1660 1840//1840 1654//1654
f 1654//1654 1840//1840 1652//1652
f 1840//1840 1844//1844 1652//1652
f 1652//1652 1844//1844 1843//1843
f 1652//1652 1843//1843 1647//1647
f 1647//1647 1843//1843 1842//1842
f 1803//1803 1650//1650 1842//1842
f 1842//1842 1650//1650 1648//1648
f 1842//1842 1648//1648 1647//1647
f 1848//1848 1898//1898 1646//1646
f 1848//1848 1646//1646 1847//1847
f 1847//1847 1646//1646 1651//1651
f 1845//1845 1651//1651 1650//1650
f 1845//1845 1650//1650 1802//1802
f 1802//1802 1650//1650 1803//1803
