# Converted from the official Rethink Robotics Baxter DAE
v -0.01024997 0.01274996 0.046
v -0.01058489 0.01399999 -0.046
v -0.01058489 0.01399999 0.046
v -0.01058489 0.01399999 0.046
v -0.0115 0.01491504 -0.046
v -0.0115 0.01491504 0.046
v -0.0115 0.01491504 0.046
v -0.01274996 0.01524996 -0.046
v -0.01274996 0.01524996 0.046
v 0.01024997 0.01274996 -0.046
v 0.01058489 0.01399999 0.046
v 0.01058489 0.01399999 -0.046
v 0.01058489 0.01399999 -0.046
v 0.0115 0.01491504 0.046
v 0.0115 0.01491504 -0.046
v 0.0115 0.01491504 -0.046
v 0.01274996 0.01524996 0.046
v 0.01274996 0.01524996 -0.046
v 0.01124995 0 -0.02099996
v 0.01124995 0 0.04249995
v 0.01124995 -0.009499967 -0.02099996
v 0.01124995 -0.009499967 0.04249995
v 0.008249998 -0.009499967 -0.02099996
v 0.008249998 -0.009499967 0.04249995
v 0.008249998 0.008749961 -0.02099996
v 0.008249998 0.008749961 0.04249995
v 0.003749966 0.01974999 0.04249995
v 0.003749966 0.02024996 0.01424998
v 0.003749966 0.01974999 -0.02045434
v 0.003249943 0.01974999 0.04249995
v 0.003749966 0.01974999 0.04249995
v 0.003749966 0.01974999 -0.02045434
v 0.00025 0.01974999 0.03949999
v 0.00025 0.01974999 -0.01499998
v 0.008749961 0.01974999 -0.02099996
v 0.008749961 0.01974999 0.04249995
v 0.01274996 0.01974999 -0.02099996
v 0.01274996 0.01974999 0.04249995
v 0.007074952 0.01439166 0.03657102
v 0.006249964 0.02024996 0.03634995
v 0.006249964 0.01439166 0.03634995
v 0.006249964 0.01439166 0.03634995
v 0.006249964 0.02024996 0.03634995
v 0.005424976 0.02024996 0.03657102
v 0.005424976 0.01439166 0.03657102
v 0.005424976 0.01439166 0.03657102
v 0.005424976 0.02024996 0.03657102
v 0.004821002 0.02024996 0.03717499
v 0.004821002 0.01439166 0.03717499
v 0.004821002 0.02024996 0.03717499
v 0.004599988 0.02024996 0.03799998
v 0.004599988 0.01439166 0.03799998
v 0.004599988 0.01439166 0.03799998
v 0.004599988 0.02024996 0.03799998
v 0.004821002 0.02024996 0.03882497
v 0.004821002 0.01439166 0.03882497
v 0.004821002 0.01439166 0.03882497
v 0.004821002 0.02024996 0.03882497
v 0.005424976 0.02024996 0.03942888
v 0.005424976 0.01439166 0.03942888
v 0.005424976 0.01439166 0.03942888
v 0.005424976 0.02024996 0.03942888
v 0.006249964 0.02024996 0.03964996
v 0.006249964 0.01439166 0.03964996
v 0.006249964 0.01439166 0.03964996
v 0.006249964 0.02024996 0.03964996
v 0.007074952 0.02024996 0.03942888
v 0.007074952 0.01439166 0.03942888
v 0.007074952 0.01439166 0.03942888
v 0.007074952 0.02024996 0.03942888
v 0.007678925 0.02024996 0.03882497
v 0.007678925 0.01439166 0.03882497
v 0.007678925 0.01439166 0.03882497
v 0.007678925 0.02024996 0.03882497
v 0.007899999 0.02024996 0.03799998
v 0.007899999 0.01439166 0.03799998
v 0.007899999 0.01439166 0.03799998
v 0.007899999 0.02024996 0.03799998
v 0.007678925 0.02024996 0.03717499
v 0.007678925 0.01439166 0.03717499
v 0.007678925 0.01439166 0.03717499
v 0.007678925 0.02024996 0.03717499
v 0.007074952 0.02024996 0.03657102
v 0.007074952 0.01439166 0.03657102
v 0.007074952 0.02024996 0.03657102
v 0.007074952 0.01439166 0.01757103
v 0.006249964 0.02024996 0.01734995
v 0.006249964 0.01439166 0.01734995
v 0.006249964 0.01439166 0.01734995
v 0.006249964 0.02024996 0.01734995
v 0.005424976 0.02024996 0.01757103
v 0.005424976 0.01439166 0.01757103
v 0.005424976 0.01439166 0.01757103
v 0.005424976 0.02024996 0.01757103
v 0.004821002 0.02024996 0.018175
v 0.004821002 0.01439166 0.018175
v 0.004821002 0.01439166 0.018175
v 0.004821002 0.02024996 0.018175
v 0.004599988 0.02024996 0.01899999
v 0.004599988 0.01439166 0.01899999
v 0.004599988 0.01439166 0.01899999
v 0.004599988 0.02024996 0.01899999
v 0.004821002 0.02024996 0.01982498
v 0.004821002 0.01439166 0.01982498
v 0.004821002 0.01439166 0.01982498
v 0.004821002 0.02024996 0.01982498
v 0.005424976 0.02024996 0.02042889
v 0.005424976 0.01439166 0.02042889
v 0.005424976 0.01439166 0.02042889
v 0.005424976 0.02024996 0.02042889
v 0.006249964 0.02024996 0.02064996
v 0.006249964 0.01439166 0.02064996
v 0.006249964 0.01439166 0.02064996
v 0.006249964 0.02024996 0.02064996
v 0.007074952 0.02024996 0.02042889
v 0.007074952 0.01439166 0.02042889
v 0.007074952 0.01439166 0.02042889
v 0.007074952 0.02024996 0.02042889
v 0.007678925 0.02024996 0.01982498
v 0.007678925 0.01439166 0.01982498
v 0.007678925 0.01439166 0.01982498
v 0.007678925 0.02024996 0.01982498
v 0.007899999 0.02024996 0.01899999
v 0.007899999 0.01439166 0.01899999
v 0.007899999 0.01439166 0.01899999
v 0.007899999 0.02024996 0.01899999
v 0.007678925 0.02024996 0.018175
v 0.007678925 0.01439166 0.018175
v 0.007678925 0.01439166 0.018175
v 0.007678925 0.02024996 0.018175
v 0.007074952 0.02024996 0.01757103
v 0.007074952 0.01439166 0.01757103
v 0.007074952 0.02024996 0.01757103
v 0.006249964 0.01439166 -0.001649975
v 0.006249964 0.02024996 -0.001649975
v 0.005424976 0.02024996 -0.001428902
v 0.005424976 0.01439166 -0.001428902
v 0.005424976 0.01439166 -0.001428902
v 0.005424976 0.02024996 -0.001428902
v 0.004821002 0.02024996 -0.000825
v 0.004821002 0.01439166 -0.000825
v 0.004821002 0.01439166 -0.000825
v 0.004821002 0.02024996 -0.000825
v 0.004599988 0.02024996 0
v 0.004599988 0.01439166 0
v 0.004599988 0.01439166 0
v 0.004599988 0.02024996 0
v 0.004821002 0.02024996 0.000825
v 0.004821002 0.01439166 0.000825
v 0.004821002 0.01439166 0.000825
v 0.004821002 0.02024996 0.000825
v 0.005424976 0.02024996 0.001428902
v 0.005424976 0.01439166 0.001428902
v 0.005424976 0.01439166 0.001428902
v 0.005424976 0.02024996 0.001428902
v 0.006249964 0.02024996 0.001649975
v 0.006249964 0.01439166 0.001649975
v 0.006249964 0.01439166 0.001649975
v 0.006249964 0.02024996 0.001649975
v 0.007074952 0.02024996 0.001428902
v 0.007074952 0.01439166 0.001428902
v 0.007074952 0.01439166 0.001428902
v 0.007074952 0.02024996 0.001428902
v 0.007678925 0.02024996 0.000825
v 0.007678925 0.01439166 0.000825
v 0.007678925 0.01439166 0.000825
v 0.007678925 0.02024996 0.000825
v 0.007899999 0.02024996 0
v 0.007899999 0.01439166 0
v 0.007899999 0.01439166 0
v 0.007899999 0.02024996 0
v 0.007678925 0.02024996 -0.000825
v 0.007678925 0.01439166 -0.000825
v 0.007678925 0.01439166 -0.000825
v 0.007678925 0.02024996 -0.000825
v 0.007074952 0.02024996 -0.001428902
v 0.007074952 0.01439166 -0.001428902
v 0.007074952 0.01439166 -0.001428902
v 0.007074952 0.02024996 -0.001428902
v 0.006249964 0.02024996 -0.001649975
v 0.007074952 0.01439166 0.02707105
v 0.006249964 0.02024996 0.02684998
v 0.006249964 0.01439166 0.02684998
v 0.006249964 0.01439166 0.02684998
v 0.006249964 0.02024996 0.02684998
v 0.005424976 0.02024996 0.02707105
v 0.005424976 0.01439166 0.02707105
v 0.005424976 0.01439166 0.02707105
v 0.005424976 0.02024996 0.02707105
v 0.004821002 0.02024996 0.02767497
v 0.004821002 0.01439166 0.02767497
v 0.004821002 0.01439166 0.02767497
v 0.004821002 0.02024996 0.02767497
v 0.004599988 0.02024996 0.02849996
v 0.004599988 0.01439166 0.02849996
v 0.004599988 0.01439166 0.02849996
v 0.004599988 0.02024996 0.02849996
v 0.004821002 0.02024996 0.02932494
v 0.004821002 0.01439166 0.02932494
v 0.004821002 0.01439166 0.02932494
v 0.004821002 0.02024996 0.02932494
v 0.005424976 0.02024996 0.02992892
v 0.005424976 0.01439166 0.02992892
v 0.005424976 0.01439166 0.02992892
v 0.005424976 0.02024996 0.02992892
v 0.006249964 0.02024996 0.03014999
v 0.006249964 0.01439166 0.03014999
v 0.006249964 0.01439166 0.03014999
v 0.006249964 0.02024996 0.03014999
v 0.007074952 0.02024996 0.02992892
v 0.007074952 0.01439166 0.02992892
v 0.007074952 0.01439166 0.02992892
v 0.007074952 0.02024996 0.02992892
v 0.007678925 0.02024996 0.02932494
v 0.007678925 0.01439166 0.02932494
v 0.007678925 0.01439166 0.02932494
v 0.007678925 0.02024996 0.02932494
v 0.007899999 0.02024996 0.02849996
v 0.007899999 0.01439166 0.02849996
v 0.007899999 0.01439166 0.02849996
v 0.007899999 0.02024996 0.02849996
v 0.007678925 0.02024996 0.02767497
v 0.007678925 0.01439166 0.02767497
v 0.007678925 0.01439166 0.02767497
v 0.007678925 0.02024996 0.02767497
v 0.007074952 0.02024996 0.02707105
v 0.007074952 0.01439166 0.02707105
v 0.007074952 0.02024996 0.02707105
v 0.006249964 0.01439166 0.007849991
v 0.006249964 0.02024996 0.007849991
v 0.005424976 0.02024996 0.008071005
v 0.005424976 0.01439166 0.008071005
v 0.005424976 0.01439166 0.008071005
v 0.005424976 0.02024996 0.008071005
v 0.004821002 0.02024996 0.008674979
v 0.004821002 0.01439166 0.008674979
v 0.004821002 0.01439166 0.008674979
v 0.004821002 0.02024996 0.008674979
v 0.004599988 0.02024996 0.009499967
v 0.004599988 0.01439166 0.009499967
v 0.004599988 0.01439166 0.009499967
v 0.004599988 0.02024996 0.009499967
v 0.004821002 0.02024996 0.01032495
v 0.004821002 0.01439166 0.01032495
v 0.004821002 0.01439166 0.01032495
v 0.004821002 0.02024996 0.01032495
v 0.005424976 0.02024996 0.01092892
v 0.005424976 0.01439166 0.01092892
v 0.005424976 0.01439166 0.01092892
v 0.005424976 0.02024996 0.01092892
v 0.006249964 0.02024996 0.01115
v 0.006249964 0.01439166 0.01115
v 0.006249964 0.01439166 0.01115
v 0.006249964 0.02024996 0.01115
v 0.007074952 0.02024996 0.01092892
v 0.007074952 0.01439166 0.01092892
v 0.007074952 0.01439166 0.01092892
v 0.007074952 0.02024996 0.01092892
v 0.007678925 0.02024996 0.01032495
v 0.007678925 0.01439166 0.01032495
v 0.007678925 0.01439166 0.01032495
v 0.007678925 0.02024996 0.01032495
v 0.007899999 0.02024996 0.009499967
v 0.007899999 0.01439166 0.009499967
v 0.007899999 0.01439166 0.009499967
v 0.007899999 0.02024996 0.009499967
v 0.007678925 0.02024996 0.008674979
v 0.007678925 0.01439166 0.008674979
v 0.007678925 0.01439166 0.008674979
v 0.007678925 0.02024996 0.008674979
v 0.007074952 0.02024996 0.008071005
v 0.007074952 0.01439166 0.008071005
v 0.007074952 0.01439166 0.008071005
v 0.007074952 0.02024996 0.008071005
v 0.006249964 0.02024996 0.007849991
v 0.007074952 0.01439166 -0.01092892
v 0.006249964 0.02024996 -0.01115
v 0.006249964 0.01439166 -0.01115
v 0.006249964 0.01439166 -0.01115
v 0.006249964 0.02024996 -0.01115
v 0.005424976 0.02024996 -0.01092892
v 0.005424976 0.01439166 -0.01092892
v 0.005424976 0.01439166 -0.01092892
v 0.005424976 0.02024996 -0.01092892
v 0.004821002 0.02024996 -0.01032495
v 0.004821002 0.01439166 -0.01032495
v 0.004821002 0.01439166 -0.01032495
v 0.004821002 0.02024996 -0.01032495
v 0.004599988 0.02024996 -0.009499967
v 0.004599988 0.01439166 -0.009499967
v 0.004599988 0.01439166 -0.009499967
v 0.004599988 0.02024996 -0.009499967
v 0.004821002 0.02024996 -0.008674979
v 0.004821002 0.01439166 -0.008674979
v 0.004821002 0.01439166 -0.008674979
v 0.004821002 0.02024996 -0.008674979
v 0.005424976 0.02024996 -0.008071005
v 0.005424976 0.01439166 -0.008071005
v 0.005424976 0.01439166 -0.008071005
v 0.005424976 0.02024996 -0.008071005
v 0.006249964 0.02024996 -0.007849991
v 0.006249964 0.01439166 -0.007849991
v 0.006249964 0.01439166 -0.007849991
v 0.006249964 0.02024996 -0.007849991
v 0.007074952 0.02024996 -0.008071005
v 0.007074952 0.01439166 -0.008071005
v 0.007074952 0.01439166 -0.008071005
v 0.007074952 0.02024996 -0.008071005
v 0.007678925 0.02024996 -0.008674979
v 0.007678925 0.01439166 -0.008674979
v 0.007678925 0.01439166 -0.008674979
v 0.007678925 0.02024996 -0.008674979
v 0.007899999 0.02024996 -0.009499967
v 0.007899999 0.01439166 -0.009499967
v 0.007899999 0.01439166 -0.009499967
v 0.007899999 0.02024996 -0.009499967
v 0.007678925 0.02024996 -0.01032495
v 0.007678925 0.01439166 -0.01032495
v 0.007678925 0.01439166 -0.01032495
v 0.007678925 0.02024996 -0.01032495
v 0.007074952 0.02024996 -0.01092892
v 0.007074952 0.01439166 -0.01092892
v 0.007074952 0.02024996 -0.01092892
v 0.005424976 0.02024996 -0.008071005
v 0.004821002 0.02024996 -0.008674979
v 0.004174947 0.02024996 -0.004749953
v 0.004599988 0.02024996 -0.009499967
v 0.004174947 0.02024996 -0.0206201
v 0.004821002 0.02024996 -0.01032495
v 0.005424976 0.02024996 -0.01092892
v 0.004395842 0.02024996 -0.02070629
v 0.006249964 0.02024996 -0.01115
v 0.007074952 0.02024996 -0.01092892
v 0.008749961 0.02024996 -0.02099996
v 0.006249964 0.02024996 -0.02099996
v 0.007678925 0.02024996 -0.01032495
v 0.007899999 0.02024996 -0.009499967
v 0.008749961 0.02024996 -0.004749953
v 0.007678925 0.02024996 -0.008674979
v 0.007074952 0.02024996 -0.008071005
v 0.006249964 0.02024996 -0.007849991
v 0.007074952 0.02024996 0.001428902
v 0.006249964 0.02024996 0.001649975
v 0.004174947 0.02024996 0.004749953
v 0.005424976 0.02024996 0.001428902
v 0.004821002 0.02024996 0.000825
v 0.004599988 0.02024996 0
v 0.004821002 0.02024996 -0.000825
v 0.005424976 0.02024996 -0.001428902
v 0.006249964 0.02024996 -0.001649975
v 0.007074952 0.02024996 -0.001428902
v 0.007678925 0.02024996 -0.000825
v 0.007899999 0.02024996 0
v 0.008749961 0.02024996 0.004749953
v 0.007678925 0.02024996 0.000825
v 0.005424976 0.02024996 0.008071005
v 0.006249964 0.02024996 0.007849991
v 0.007074952 0.02024996 0.008071005
v 0.007678925 0.02024996 0.008674979
v 0.007899999 0.02024996 0.009499967
v 0.008749961 0.02024996 0.01424998
v 0.007678925 0.02024996 0.01032495
v 0.007074952 0.02024996 0.01092892
v 0.006249964 0.02024996 0.01115
v 0.005424976 0.02024996 0.01092892
v 0.004174947 0.02024996 0.01424998
v 0.004821002 0.02024996 0.01032495
v 0.004599988 0.02024996 0.009499967
v 0.004821002 0.02024996 0.008674979
v 0.005424976 0.02024996 0.01757103
v 0.006249964 0.02024996 0.01734995
v 0.007074952 0.02024996 0.02042889
v 0.006249964 0.02024996 0.02064996
v 0.004174947 0.02024996 0.02374994
v 0.005424976 0.02024996 0.02042889
v 0.007074952 0.02024996 0.01757103
v 0.007678925 0.02024996 0.018175
v 0.007899999 0.02024996 0.01899999
v 0.008749961 0.02024996 0.02374994
v 0.007678925 0.02024996 0.01982498
v 0.004821002 0.02024996 0.01982498
v 0.004599988 0.02024996 0.01899999
v 0.004821002 0.02024996 0.018175
v 0.005424976 0.02024996 0.02707105
v 0.006249964 0.02024996 0.02684998
v 0.007074952 0.02024996 0.02707105
v 0.008749961 0.02024996 0.03324997
v 0.007074952 0.02024996 0.02992892
v 0.004174947 0.02024996 0.03324997
v 0.006249964 0.02024996 0.03014999
v 0.005424976 0.02024996 0.02992892
v 0.007678925 0.02024996 0.02767497
v 0.007899999 0.02024996 0.02849996
v 0.007678925 0.02024996 0.02932494
v 0.004821002 0.02024996 0.02932494
v 0.004599988 0.02024996 0.02849996
v 0.004821002 0.02024996 0.02767497
v 0.004821002 0.02024996 0.03717499
v 0.004599988 0.02024996 0.03799998
v 0.004174947 0.02024996 0.04107499
v 0.004821002 0.02024996 0.03882497
v 0.007074952 0.02024996 0.03657102
v 0.006249964 0.02024996 0.03634995
v 0.005424976 0.02024996 0.03657102
v 0.007074952 0.02024996 0.03942888
v 0.006249964 0.02024996 0.03964996
v 0.005424976 0.02024996 0.03942888
v 0.007678925 0.02024996 0.03717499
v 0.007899999 0.02024996 0.03799998
v 0.008749961 0.02024996 0.04107499
v 0.007678925 0.02024996 0.03882497
v 0.004174947 0.02024996 0.04249995
v 0.008749961 0.02024996 0.04249995
v 0.003749966 0.02024996 -0.02045434
v 0.003749966 0.02024996 -0.004749953
v 0.003749966 0.02024996 0.004749953
v 0.003749966 0.02024996 0.01424998
v 0.003749966 0.02024996 0.02374994
v 0.003749966 0.02024996 0.03324997
v 0.003749966 0.02024996 0.04107499
v -0.01124995 -0.009499967 0.02099996
v -0.01124995 0 -0.04249995
v -0.01124995 -0.009499967 -0.04249995
v -0.008249998 -0.009499967 0.02099996
v -0.008249998 -0.009499967 -0.04249995
v -0.008249998 0.008749961 0.02099996
v -0.008249998 0.008749961 -0.04249995
v -0.01164549 0.008078753 -0.04249995
v -0.01009666 0.008749961 0.02099996
v -0.01009666 0.008749961 -0.04249995
v -0.003249943 0.01974999 -0.04249995
v -0.003749966 0.01974999 -0.04249995
v -0.003749966 0.01974999 0.02045434
v -0.00025 0.01974999 -0.03949999
v -0.00025 0.01974999 0.01499998
v -0.01974999 0.01274996 0.02099996
v -0.01974999 0.01274996 -0.04249995
v -0.01974999 -0.009499967 0.02099996
v -0.01974999 0.01274996 -0.04249995
v -0.01974999 0.01274996 0.02099996
v -0.01940739 0.01491308 0.02099996
v -0.01940739 0.01491308 -0.04249995
v -0.01940739 0.01491308 -0.04249995
v -0.01940739 0.01491308 0.02099996
v -0.01841306 0.01686447 0.02099996
v -0.01841306 0.01686447 -0.04249995
v -0.01841306 0.01686447 -0.04249995
v -0.01841306 0.01686447 0.02099996
v -0.01686447 0.01841306 0.02099996
v -0.01686447 0.01841306 -0.04249995
v -0.01686447 0.01841306 -0.04249995
v -0.01686447 0.01841306 0.02099996
v -0.01491308 0.01940739 0.02099996
v -0.01491308 0.01940739 -0.04249995
v -0.01491308 0.01940739 -0.04249995
v -0.01491308 0.01940739 0.02099996
v -0.01274996 0.01974999 0.02099996
v -0.01274996 0.01974999 -0.04249995
v -0.008749961 0.01974999 0.02099996
v -0.008749961 0.01974999 -0.04249995
v -0.01274996 0.01974999 0.02099996
v -0.01274996 0.01974999 -0.04249995
v -0.008749961 0.01974999 0.02099996
v -0.008749961 0.02024996 -0.01424998
v -0.008749961 0.01974999 -0.04249995
v -0.007074952 0.01439166 -0.03657102
v -0.006249964 0.02024996 -0.03634995
v -0.006249964 0.01439166 -0.03634995
v -0.006249964 0.01439166 -0.03634995
v -0.006249964 0.02024996 -0.03634995
v -0.005424976 0.02024996 -0.03657102
v -0.005424976 0.01439166 -0.03657102
v -0.005424976 0.01439166 -0.03657102
v -0.005424976 0.02024996 -0.03657102
v -0.004821002 0.02024996 -0.03717499
v -0.004821002 0.01439166 -0.03717499
v -0.004821002 0.01439166 -0.03717499
v -0.004821002 0.02024996 -0.03717499
v -0.004599988 0.02024996 -0.03799998
v -0.004599988 0.01439166 -0.03799998
v -0.004599988 0.02024996 -0.03799998
v -0.004821002 0.02024996 -0.03882497
v -0.004821002 0.01439166 -0.03882497
v -0.004821002 0.01439166 -0.03882497
v -0.004821002 0.02024996 -0.03882497
v -0.005424976 0.02024996 -0.03942888
v -0.005424976 0.01439166 -0.03942888
v -0.005424976 0.01439166 -0.03942888
v -0.005424976 0.02024996 -0.03942888
v -0.006249964 0.02024996 -0.03964996
v -0.006249964 0.01439166 -0.03964996
v -0.006249964 0.01439166 -0.03964996
v -0.006249964 0.02024996 -0.03964996
v -0.007074952 0.02024996 -0.03942888
v -0.007074952 0.01439166 -0.03942888
v -0.007074952 0.01439166 -0.03942888
v -0.007074952 0.02024996 -0.03942888
v -0.007678925 0.02024996 -0.03882497
v -0.007678925 0.01439166 -0.03882497
v -0.007678925 0.01439166 -0.03882497
v -0.007678925 0.02024996 -0.03882497
v -0.007899999 0.02024996 -0.03799998
v -0.007899999 0.01439166 -0.03799998
v -0.007899999 0.01439166 -0.03799998
v -0.007899999 0.02024996 -0.03799998
v -0.007678925 0.02024996 -0.03717499
v -0.007678925 0.01439166 -0.03717499
v -0.007678925 0.02024996 -0.03717499
v -0.007074952 0.02024996 -0.03657102
v -0.007074952 0.01439166 -0.03657102
v -0.007074952 0.02024996 -0.03657102
v -0.007074952 0.01439166 -0.01757103
v -0.006249964 0.02024996 -0.01734995
v -0.006249964 0.01439166 -0.01734995
v -0.006249964 0.01439166 -0.01734995
v -0.006249964 0.02024996 -0.01734995
v -0.005424976 0.02024996 -0.01757103
v -0.005424976 0.01439166 -0.01757103
v -0.005424976 0.01439166 -0.01757103
v -0.005424976 0.02024996 -0.01757103
v -0.004821002 0.02024996 -0.018175
v -0.004821002 0.01439166 -0.018175
v -0.004821002 0.01439166 -0.018175
v -0.004821002 0.02024996 -0.018175
v -0.004599988 0.02024996 -0.01899999
v -0.004599988 0.01439166 -0.01899999
v -0.004599988 0.01439166 -0.01899999
v -0.004599988 0.02024996 -0.01899999
v -0.004821002 0.02024996 -0.01982498
v -0.004821002 0.01439166 -0.01982498
v -0.004821002 0.01439166 -0.01982498
v -0.004821002 0.02024996 -0.01982498
v -0.005424976 0.02024996 -0.02042889
v -0.005424976 0.01439166 -0.02042889
v -0.005424976 0.01439166 -0.02042889
v -0.005424976 0.02024996 -0.02042889
v -0.006249964 0.02024996 -0.02064996
v -0.006249964 0.01439166 -0.02064996
v -0.006249964 0.01439166 -0.02064996
v -0.006249964 0.02024996 -0.02064996
v -0.007074952 0.02024996 -0.02042889
v -0.007074952 0.01439166 -0.02042889
v -0.007074952 0.01439166 -0.02042889
v -0.007074952 0.02024996 -0.02042889
v -0.007678925 0.02024996 -0.01982498
v -0.007678925 0.01439166 -0.01982498
v -0.007678925 0.01439166 -0.01982498
v -0.007678925 0.02024996 -0.01982498
v -0.007899999 0.02024996 -0.01899999
v -0.007899999 0.01439166 -0.01899999
v -0.007899999 0.01439166 -0.01899999
v -0.007899999 0.02024996 -0.01899999
v -0.007678925 0.02024996 -0.018175
v -0.007678925 0.01439166 -0.018175
v -0.007678925 0.01439166 -0.018175
v -0.007678925 0.02024996 -0.018175
v -0.007074952 0.02024996 -0.01757103
v -0.007074952 0.01439166 -0.01757103
v -0.007074952 0.02024996 -0.01757103
v -0.007074952 0.01439166 0.001428902
v -0.006249964 0.02024996 0.001649975
v -0.006249964 0.01439166 0.001649975
v -0.006249964 0.01439166 0.001649975
v -0.006249964 0.02024996 0.001649975
v -0.005424976 0.02024996 0.001428902
v -0.005424976 0.01439166 0.001428902
v -0.005424976 0.01439166 0.001428902
v -0.005424976 0.02024996 0.001428902
v -0.004821002 0.02024996 0.000825
v -0.004821002 0.01439166 0.000825
v -0.004821002 0.01439166 0.000825
v -0.004821002 0.02024996 0.000825
v -0.004599988 0.02024996 0
v -0.004599988 0.01439166 0
v -0.004599988 0.01439166 0
v -0.004599988 0.02024996 0
v -0.004821002 0.02024996 -0.000825
v -0.004821002 0.01439166 -0.000825
v -0.004821002 0.01439166 -0.000825
v -0.004821002 0.02024996 -0.000825
v -0.005424976 0.02024996 -0.001428902
v -0.005424976 0.01439166 -0.001428902
v -0.005424976 0.01439166 -0.001428902
v -0.005424976 0.02024996 -0.001428902
v -0.006249964 0.02024996 -0.001649975
v -0.006249964 0.01439166 -0.001649975
v -0.006249964 0.01439166 -0.001649975
v -0.006249964 0.02024996 -0.001649975
v -0.007074952 0.02024996 -0.001428902
v -0.007074952 0.01439166 -0.001428902
v -0.007074952 0.01439166 -0.001428902
v -0.007074952 0.02024996 -0.001428902
v -0.007678925 0.02024996 -0.000825
v -0.007678925 0.01439166 -0.000825
v -0.007678925 0.01439166 -0.000825
v -0.007678925 0.02024996 -0.000825
v -0.007899999 0.02024996 0
v -0.007899999 0.01439166 0
v -0.007899999 0.01439166 0
v -0.007899999 0.02024996 0
v -0.007678925 0.02024996 0.000825
v -0.007678925 0.01439166 0.000825
v -0.007678925 0.01439166 0.000825
v -0.007678925 0.02024996 0.000825
v -0.007074952 0.02024996 0.001428902
v -0.007074952 0.01439166 0.001428902
v -0.007074952 0.02024996 0.001428902
v -0.007074952 0.01439166 -0.02707105
v -0.006249964 0.02024996 -0.02684998
v -0.006249964 0.01439166 -0.02684998
v -0.006249964 0.01439166 -0.02684998
v -0.006249964 0.02024996 -0.02684998
v -0.005424976 0.02024996 -0.02707105
v -0.005424976 0.01439166 -0.02707105
v -0.005424976 0.01439166 -0.02707105
v -0.005424976 0.02024996 -0.02707105
v -0.004821002 0.02024996 -0.02767497
v -0.004821002 0.01439166 -0.02767497
v -0.004821002 0.01439166 -0.02767497
v -0.004821002 0.02024996 -0.02767497
v -0.004599988 0.02024996 -0.02849996
v -0.004599988 0.01439166 -0.02849996
v -0.004599988 0.02024996 -0.02849996
v -0.004821002 0.02024996 -0.02932494
v -0.004821002 0.01439166 -0.02932494
v -0.004821002 0.01439166 -0.02932494
v -0.004821002 0.02024996 -0.02932494
v -0.005424976 0.02024996 -0.02992892
v -0.005424976 0.01439166 -0.02992892
v -0.005424976 0.01439166 -0.02992892
v -0.005424976 0.02024996 -0.02992892
v -0.006249964 0.02024996 -0.03014999
v -0.006249964 0.01439166 -0.03014999
v -0.006249964 0.01439166 -0.03014999
v -0.006249964 0.02024996 -0.03014999
v -0.007074952 0.02024996 -0.02992892
v -0.007074952 0.01439166 -0.02992892
v -0.007074952 0.01439166 -0.02992892
v -0.007074952 0.02024996 -0.02992892
v -0.007678925 0.02024996 -0.02932494
v -0.007678925 0.01439166 -0.02932494
v -0.007678925 0.01439166 -0.02932494
v -0.007678925 0.02024996 -0.02932494
v -0.007899999 0.02024996 -0.02849996
v -0.007899999 0.01439166 -0.02849996
v -0.007899999 0.01439166 -0.02849996
v -0.007899999 0.02024996 -0.02849996
v -0.007678925 0.02024996 -0.02767497
v -0.007678925 0.01439166 -0.02767497
v -0.007678925 0.01439166 -0.02767497
v -0.007678925 0.02024996 -0.02767497
v -0.007074952 0.02024996 -0.02707105
v -0.007074952 0.01439166 -0.02707105
v -0.007074952 0.02024996 -0.02707105
v -0.007074952 0.01439166 -0.008071005
v -0.006249964 0.02024996 -0.007849991
v -0.006249964 0.01439166 -0.007849991
v -0.006249964 0.01439166 -0.007849991
v -0.006249964 0.02024996 -0.007849991
v -0.005424976 0.02024996 -0.008071005
v -0.005424976 0.01439166 -0.008071005
v -0.005424976 0.01439166 -0.008071005
v -0.005424976 0.02024996 -0.008071005
v -0.004821002 0.02024996 -0.008674979
v -0.004821002 0.01439166 -0.008674979
v -0.004821002 0.01439166 -0.008674979
v -0.004821002 0.02024996 -0.008674979
v -0.004599988 0.02024996 -0.009499967
v -0.004599988 0.01439166 -0.009499967
v -0.004599988 0.01439166 -0.009499967
v -0.004599988 0.02024996 -0.009499967
v -0.004821002 0.02024996 -0.01032495
v -0.004821002 0.01439166 -0.01032495
v -0.004821002 0.01439166 -0.01032495
v -0.004821002 0.02024996 -0.01032495
v -0.005424976 0.02024996 -0.01092892
v -0.005424976 0.01439166 -0.01092892
v -0.005424976 0.01439166 -0.01092892
v -0.005424976 0.02024996 -0.01092892
v -0.006249964 0.02024996 -0.01115
v -0.006249964 0.01439166 -0.01115
v -0.006249964 0.01439166 -0.01115
v -0.006249964 0.02024996 -0.01115
v -0.007074952 0.02024996 -0.01092892
v -0.007074952 0.01439166 -0.01092892
v -0.007074952 0.01439166 -0.01092892
v -0.007074952 0.02024996 -0.01092892
v -0.007678925 0.02024996 -0.01032495
v -0.007678925 0.01439166 -0.01032495
v -0.007678925 0.01439166 -0.01032495
v -0.007678925 0.02024996 -0.01032495
v -0.007899999 0.02024996 -0.009499967
v -0.007899999 0.01439166 -0.009499967
v -0.007899999 0.01439166 -0.009499967
v -0.007899999 0.02024996 -0.009499967
v -0.007678925 0.02024996 -0.008674979
v -0.007678925 0.01439166 -0.008674979
v -0.007678925 0.01439166 -0.008674979
v -0.007678925 0.02024996 -0.008674979
v -0.007074952 0.02024996 -0.008071005
v -0.007074952 0.01439166 -0.008071005
v -0.007074952 0.02024996 -0.008071005
v -0.007074952 0.01439166 0.01092892
v -0.006249964 0.02024996 0.01115
v -0.006249964 0.01439166 0.01115
v -0.006249964 0.01439166 0.01115
v -0.006249964 0.02024996 0.01115
v -0.005424976 0.02024996 0.01092892
v -0.005424976 0.01439166 0.01092892
v -0.005424976 0.01439166 0.01092892
v -0.005424976 0.02024996 0.01092892
v -0.004821002 0.02024996 0.01032495
v -0.004821002 0.01439166 0.01032495
v -0.004821002 0.01439166 0.01032495
v -0.004821002 0.02024996 0.01032495
v -0.004599988 0.02024996 0.009499967
v -0.004599988 0.01439166 0.009499967
v -0.004599988 0.01439166 0.009499967
v -0.004599988 0.02024996 0.009499967
v -0.004821002 0.02024996 0.008674979
v -0.004821002 0.01439166 0.008674979
v -0.004821002 0.01439166 0.008674979
v -0.004821002 0.02024996 0.008674979
v -0.005424976 0.02024996 0.008071005
v -0.005424976 0.01439166 0.008071005
v -0.005424976 0.01439166 0.008071005
v -0.005424976 0.02024996 0.008071005
v -0.006249964 0.02024996 0.007849991
v -0.006249964 0.01439166 0.007849991
v -0.006249964 0.01439166 0.007849991
v -0.006249964 0.02024996 0.007849991
v -0.007074952 0.02024996 0.008071005
v -0.007074952 0.01439166 0.008071005
v -0.007074952 0.02024996 0.008071005
v -0.007678925 0.02024996 0.008674979
v -0.007678925 0.01439166 0.008674979
v -0.007678925 0.01439166 0.008674979
v -0.007678925 0.02024996 0.008674979
v -0.007899999 0.02024996 0.009499967
v -0.007899999 0.01439166 0.009499967
v -0.007899999 0.01439166 0.009499967
v -0.007899999 0.02024996 0.009499967
v -0.007678925 0.02024996 0.01032495
v -0.007678925 0.01439166 0.01032495
v -0.007678925 0.01439166 0.01032495
v -0.007678925 0.02024996 0.01032495
v -0.007074952 0.02024996 0.01092892
v -0.007074952 0.01439166 0.01092892
v -0.007074952 0.02024996 0.01092892
v -0.004174947 0.02024996 0.004749953
v -0.004174947 0.02024996 0.0206201
v -0.003749966 0.02024996 0.02045434
v -0.006249964 0.02024996 0.01115
v -0.007074952 0.02024996 0.01092892
v -0.008749961 0.02024996 0.02099996
v -0.007678925 0.02024996 0.01032495
v -0.007899999 0.02024996 0.009499967
v -0.008749961 0.02024996 0.004749953
v -0.007678925 0.02024996 0.008674979
v -0.007074952 0.02024996 0.008071005
v -0.006249964 0.02024996 0.007849991
v -0.005424976 0.02024996 0.008071005
v -0.004821002 0.02024996 0.008674979
v -0.004599988 0.02024996 0.009499967
v -0.004821002 0.02024996 0.01032495
v -0.005424976 0.02024996 0.01092892
v -0.004395842 0.02024996 0.02070629
v -0.006249964 0.02024996 0.02099996
v -0.008749961 0.02024996 -0.004749953
v -0.007899999 0.02024996 0
v -0.007678925 0.02024996 0.000825
v -0.007678925 0.02024996 -0.000825
v -0.007074952 0.02024996 -0.001428902
v -0.004174947 0.02024996 -0.004749953
v -0.006249964 0.02024996 -0.001649975
v -0.005424976 0.02024996 -0.001428902
v -0.004821002 0.02024996 -0.000825
v -0.004599988 0.02024996 0
v -0.004821002 0.02024996 0.000825
v -0.005424976 0.02024996 0.001428902
v -0.006249964 0.02024996 0.001649975
v -0.007074952 0.02024996 0.001428902
v -0.007074952 0.02024996 -0.008071005
v -0.007678925 0.02024996 -0.008674979
v -0.007899999 0.02024996 -0.009499967
v -0.008749961 0.02024996 -0.01424998
v -0.007678925 0.02024996 -0.01032495
v -0.007074952 0.02024996 -0.01092892
v -0.004174947 0.02024996 -0.01424998
v -0.006249964 0.02024996 -0.01115
v -0.005424976 0.02024996 -0.01092892
v -0.006249964 0.02024996 -0.007849991
v -0.005424976 0.02024996 -0.008071005
v -0.004821002 0.02024996 -0.01032495
v -0.004599988 0.02024996 -0.009499967
v -0.004821002 0.02024996 -0.008674979
v -0.007074952 0.02024996 -0.01757103
v -0.007678925 0.02024996 -0.018175
v -0.007899999 0.02024996 -0.01899999
v -0.008749961 0.02024996 -0.02374994
v -0.007678925 0.02024996 -0.01982498
v -0.007074952 0.02024996 -0.02042889
v -0.004174947 0.02024996 -0.02374994
v -0.006249964 0.02024996 -0.02064996
v -0.005424976 0.02024996 -0.02042889
v -0.006249964 0.02024996 -0.01734995
v -0.005424976 0.02024996 -0.01757103
v -0.004821002 0.02024996 -0.01982498
v -0.004599988 0.02024996 -0.01899999
v -0.004821002 0.02024996 -0.018175
v -0.007074952 0.02024996 -0.02707105
v -0.007678925 0.02024996 -0.02767497
v -0.007899999 0.02024996 -0.02849996
v -0.008749961 0.02024996 -0.03324997
v -0.007678925 0.02024996 -0.02932494
v -0.007074952 0.02024996 -0.02992892
v -0.004174947 0.02024996 -0.03324997
v -0.006249964 0.02024996 -0.03014999
v -0.005424976 0.02024996 -0.02992892
v -0.006249964 0.02024996 -0.02684998
v -0.005424976 0.02024996 -0.02707105
v -0.004821002 0.02024996 -0.02932494
v -0.004599988 0.02024996 -0.02849996
v -0.004821002 0.02024996 -0.02767497
v -0.008749961 0.02024996 -0.04107499
v -0.007678925 0.02024996 -0.03882497
v -0.007074952 0.02024996 -0.03942888
v -0.007899999 0.02024996 -0.03799998
v -0.007678925 0.02024996 -0.03717499
v -0.004174947 0.02024996 -0.04107499
v -0.006249964 0.02024996 -0.03964996
v -0.005424976 0.02024996 -0.03942888
v -0.004821002 0.02024996 -0.03717499
v -0.004599988 0.02024996 -0.03799998
v -0.004821002 0.02024996 -0.03882497
v -0.005424976 0.02024996 -0.03657102
v -0.006249964 0.02024996 -0.03634995
v -0.007074952 0.02024996 -0.03657102
v -0.004174947 0.02024996 -0.04249995
v -0.008749961 0.02024996 -0.04249995
v -0.003749966 0.02024996 0.004749953
v -0.003749966 0.02024996 -0.004749953
v -0.003749966 0.02024996 -0.01424998
v -0.003749966 0.02024996 -0.02374994
v -0.003749966 0.02024996 -0.03324997
v -0.003749966 0.02024996 -0.04107499
v -0.003749966 0.02024996 -0.04249995
v -0.02458715 -0.02499997 -0.03092014
v -0.02126985 -0.02499997 -0.03062993
v -0.02458715 -0.02149999 -0.03092014
v -0.02126985 -0.02149999 -0.03062993
v -0.02126985 -0.02149999 -0.03062993
v -0.02126985 -0.02499997 -0.03062993
v -0.02004927 -0.02499997 -0.03020566
v -0.02004927 -0.02149999 -0.03020566
v -0.02004927 -0.02149999 -0.03020566
v -0.02004927 -0.02499997 -0.03020566
v -0.01917624 -0.02499997 -0.02925294
v -0.01917624 -0.02149999 -0.02925294
v -0.01917624 -0.02149999 -0.02925294
v -0.01917624 -0.02499997 -0.02925294
v -0.01885998 -0.02499997 -0.02799999
v -0.01885998 -0.02149999 -0.02799999
v -0.01885998 -0.02149999 -0.02799999
v -0.01885998 -0.02499997 -0.02799999
v -0.01917624 -0.02499997 -0.02674704
v -0.01917624 -0.02149999 -0.02674704
v -0.01917624 -0.02149999 -0.02674704
v -0.01917624 -0.02499997 -0.02674704
v -0.02004927 -0.02499997 -0.02579426
v -0.02004927 -0.02149999 -0.02579426
v -0.02004927 -0.02149999 -0.02579426
v -0.02004927 -0.02499997 -0.02579426
v -0.02126985 -0.02499997 -0.02537
v -0.02126985 -0.02149999 -0.02537
v -0.02549999 -0.02149999 -0.03378343
v -0.02538019 -0.02149999 -0.03330886
v -0.02549999 -0.01602047 -0.03378343
v -0.02549999 -0.01602047 -0.03378343
v -0.02538019 -0.02149999 -0.03330886
v -0.02537316 -0.01599574 -0.03331071
v -0.02536571 -0.01599425 -0.03328293
v -0.02538019 -0.02149999 -0.03330886
v -0.0250495 -0.02149999 -0.03294795
v -0.02536571 -0.01599425 -0.03328293
v -0.0250495 -0.02149999 -0.03294795
v -0.02503991 -0.0159772 -0.03295755
v -0.02499943 -0.01597511 -0.03291714
v -0.02458715 -0.02149999 -0.03278726
v -0.02458715 -0.01596826 -0.03278726
v -0.02458715 -0.02149999 -0.03278726
v -0.02110779 -0.02149999 -0.03248286
v -0.02458715 -0.01596826 -0.03278726
v -0.02110779 -0.01595234 -0.03248286
v -0.02110779 -0.01595234 -0.03248286
v -0.02110779 -0.02149999 -0.03248286
v -0.01920908 -0.0159204 -0.03187316
v -0.01920908 -0.0159204 -0.03187316
v -0.02110779 -0.02149999 -0.03248286
v -0.01902717 -0.02149999 -0.03175967
v -0.0190615 -0.01591265 -0.0317254
v -0.01902717 -0.02149999 -0.03175967
v -0.01762336 -0.01583713 -0.03028506
v -0.01762336 -0.01583713 -0.03028506
v -0.01902717 -0.02149999 -0.03175967
v -0.01753908 -0.02149999 -0.03013569
v -0.01757711 -0.01582872 -0.03012472
v -0.01753908 -0.02149999 -0.03013569
v -0.0170018 -0.01572412 -0.02812862
v -0.0170018 -0.01572412 -0.02812862
v -0.01753908 -0.02149999 -0.03013569
v -0.01699995 -0.02149999 -0.02799999
v -0.01702952 -0.01571774 -0.02800667
v -0.01699995 -0.02149999 -0.02799999
v -0.01749908 -0.01560944 -0.02594017
v -0.01749908 -0.01560944 -0.02594017
v -0.01699995 -0.02149999 -0.02799999
v -0.01753908 -0.02149999 -0.0258643
v -0.01755446 -0.01560616 -0.02587795
v -0.01753908 -0.02149999 -0.0258643
v -0.01899147 -0.01552158 -0.02426403
v -0.01899147 -0.01552158 -0.02426403
v -0.01753908 -0.02149999 -0.0258643
v -0.01902717 -0.02149999 -0.02424025
v -0.01903069 -0.01552087 -0.02425014
v -0.01902717 -0.02149999 -0.02424025
v -0.02110779 -0.02149999 -0.02351707
v -0.01903069 -0.01552087 -0.02425014
v -0.02110779 -0.02149999 -0.02351707
v -0.02110779 -0.01548248 -0.02351707
v -0.0215407 -0.01548045 -0.02347922
v -0.02110779 -0.01548248 -0.02351707
v -0.0215407 -0.02149999 -0.02347922
v -0.0215407 -0.02149999 -0.02347922
v -0.02110779 -0.01548248 -0.02351707
v -0.02110779 -0.02149999 -0.02351707
v -0.02200788 -0.02149999 -0.02331531
v -0.02200597 -0.01547157 -0.02331
v -0.0215407 -0.01548045 -0.02347922
v -0.02200788 -0.02149999 -0.02331531
v -0.0215407 -0.01548045 -0.02347922
v -0.0215407 -0.02149999 -0.02347922
v -0.02202665 -0.01547122 -0.02330249
v -0.02200788 -0.02149999 -0.02331531
v -0.02233082 -0.0154522 -0.02294033
v -0.02233082 -0.0154522 -0.02294033
v -0.02200788 -0.02149999 -0.02331531
v -0.02233916 -0.02149999 -0.02294737
v -0.02235966 -0.01545041 -0.022906
v -0.02233916 -0.02149999 -0.02294737
v -0.02245336 -0.02149999 -0.02246558
v -0.02235966 -0.01545041 -0.022906
v -0.02245336 -0.02149999 -0.02246558
v -0.02245336 -0.01542735 -0.02246558
v -0.02248591 -0.02149999 -0.02432984
v -0.02248591 -0.02499997 -0.02432984
v -0.02245336 -0.02149999 -0.02246558
v -0.02245336 -0.02149999 -0.02246558
v -0.02248591 -0.02499997 -0.02432984
v -0.02206122 -0.02499997 0
v -0.02245336 -0.02149999 -0.02246558
v -0.02206122 -0.02499997 0
v -0.02245336 -0.01542735 -0.02246558
v -0.02206122 -0.01424998 0
v -0.02157324 -0.02149999 -0.02534347
v -0.02157324 -0.02499997 -0.02534347
v -0.02204042 -0.02499997 -0.02517956
v -0.02204042 -0.02149999 -0.02517956
v -0.02204042 -0.02149999 -0.02517956
v -0.02204042 -0.02499997 -0.02517956
v -0.0223717 -0.02499997 -0.02481162
v -0.0223717 -0.02149999 -0.02481162
v -0.0223717 -0.02149999 -0.02481162
v -0.0223717 -0.02499997 -0.02481162
v -0.02248591 -0.02499997 -0.02432984
v -0.02248591 -0.02149999 -0.02432984
v -0.02157324 -0.02149999 -0.02534347
v -0.02126985 -0.02149999 -0.02537
v -0.02157324 -0.02499997 -0.02534347
v -0.02126985 -0.02499997 -0.02537
v -0.02458715 -0.02149999 -0.03278726
v -0.02458715 -0.02149999 -0.03092014
v -0.02110779 -0.02149999 -0.03248286
v -0.02126985 -0.02149999 -0.03062993
v -0.01902717 -0.02149999 -0.03175967
v -0.02004927 -0.02149999 -0.03020566
v -0.01753908 -0.02149999 -0.03013569
v -0.01917624 -0.02149999 -0.02925294
v -0.01699995 -0.02149999 -0.02799999
v -0.01885998 -0.02149999 -0.02799999
v -0.01753908 -0.02149999 -0.0258643
v -0.01917624 -0.02149999 -0.02674704
v -0.01902717 -0.02149999 -0.02424025
v -0.02004927 -0.02149999 -0.02579426
v -0.02110779 -0.02149999 -0.02351707
v -0.02549999 -0.02149999 -0.03191632
v -0.02549999 -0.02499997 -0.03191632
v -0.02538019 -0.02499997 -0.03144174
v -0.02538019 -0.02149999 -0.03144174
v -0.02538019 -0.02149999 -0.03144174
v -0.02538019 -0.02499997 -0.03144174
v -0.0250495 -0.02499997 -0.03108084
v -0.0250495 -0.02149999 -0.03108084
v -0.0250495 -0.02149999 -0.03108084
v -0.0250495 -0.02499997 -0.03108084
v -0.02458715 -0.02499997 -0.03092014
v -0.02549999 -0.01602047 -0.03378343
v -0.02549999 -0.01619929 -0.0371955
v -0.02549999 -0.02149999 -0.03378343
v -0.02549999 -0.02499997 -0.03642553
v -0.02549999 -0.02149999 -0.03191632
v -0.02549999 -0.02499997 -0.03191632
v -0.02549999 -0.02499997 -0.03642553
v -0.02549999 -0.01619929 -0.0371955
v -0.02503579 -0.01619923 -0.03719371
v -0.02503579 -0.01619923 -0.03719371
v -0.02363198 -0.01818233 -0.03701478
v -0.02549999 -0.02499997 -0.03642553
v -0.02549999 -0.02499997 -0.03642553
v -0.02363198 -0.01818233 -0.03701478
v -0.02201247 -0.02010971 -0.03683984
v -0.02549999 -0.02499997 -0.03642553
v -0.02201247 -0.02010971 -0.03683984
v -0.02023762 -0.02189338 -0.03667694
v -0.02023762 -0.02189338 -0.03667694
v -0.01898676 -0.02298641 -0.03657644
v -0.02549999 -0.02499997 -0.03642553
v -0.02549999 -0.02499997 -0.03642553
v -0.01898676 -0.02298641 -0.03657644
v -0.01696848 -0.02451467 -0.03643488
v -0.02549999 -0.02499997 -0.03642553
v -0.01696848 -0.02451467 -0.03643488
v -0.01624554 -0.02499997 -0.03638964
v -0.01488023 -0.02499997 -0.03649425
v -0.01624554 -0.02499997 -0.03638964
v -0.01696848 -0.02451467 -0.03643488
v -0.02226763 -0.01627969 -0.03872889
v -0.02165019 -0.01686877 -0.0393812
v -0.02198022 -0.01701837 -0.03822308
v -0.02269715 -0.01749354 -0.03736704
v -0.0226897 -0.01624822 -0.03812938
v -0.02198022 -0.01701837 -0.03822308
v -0.02419847 -0.01620429 -0.03729081
v -0.02269715 -0.01749354 -0.03736704
v -0.02363198 -0.01818233 -0.03701478
v -0.02419847 -0.01620429 -0.03729081
v -0.02363198 -0.01818233 -0.03701478
v -0.02503579 -0.01619923 -0.03719371
v -0.01630353 -0.02358877 -0.03680115
v -0.01433664 -0.02499997 -0.03662008
v -0.01488023 -0.02499997 -0.03649425
v -0.01374411 -0.02499997 -0.03675717
v -0.013812 -0.02417904 -0.03753137
v -0.01283377 -0.02499997 -0.03711903
v -0.01185375 -0.02499997 -0.0378226
v -0.01260489 -0.02442109 -0.03862029
v -0.01159381 -0.02499997 -0.03820329
v -0.01488023 -0.02499997 -0.03649425
v -0.01696848 -0.02451467 -0.03643488
v -0.01630353 -0.02358877 -0.03680115
v -0.01630353 -0.02358877 -0.03680115
v -0.01696848 -0.02451467 -0.03643488
v -0.01898676 -0.02298641 -0.03657644
v -0.01630353 -0.02358877 -0.03680115
v -0.01898676 -0.02298641 -0.03657644
v -0.01824116 -0.02211719 -0.03693932
v -0.01374411 -0.02499997 -0.03675717
v -0.01426231 -0.02488249 -0.03667837
v -0.013812 -0.02417904 -0.03753137
v -0.013812 -0.02417904 -0.03753137
v -0.01426231 -0.02488249 -0.03667837
v -0.01630353 -0.02358877 -0.03680115
v -0.013812 -0.02417904 -0.03753137
v -0.01630353 -0.02358877 -0.03680115
v -0.01578885 -0.02292519 -0.03765469
v -0.01578885 -0.02292519 -0.03765469
v -0.01630353 -0.02358877 -0.03680115
v -0.01824116 -0.02211719 -0.03693932
v -0.01578885 -0.02292519 -0.03765469
v -0.01824116 -0.02211719 -0.03693932
v -0.01766544 -0.02149903 -0.03779345
v -0.01185375 -0.02499997 -0.0378226
v -0.01214915 -0.02499997 -0.03754711
v -0.01260489 -0.02442109 -0.03862029
v -0.01260489 -0.02442109 -0.03862029
v -0.01229465 -0.02499997 -0.03745609
v -0.0135945 -0.02390813 -0.03867357
v -0.0135945 -0.02390813 -0.03867357
v -0.01229465 -0.02499997 -0.03745609
v -0.013812 -0.02417904 -0.03753137
v -0.0135945 -0.02390813 -0.03867357
v -0.013812 -0.02417904 -0.03753137
v -0.01538616 -0.02277517 -0.03878957
v -0.01538616 -0.02277517 -0.03878957
v -0.013812 -0.02417904 -0.03753137
v -0.01578885 -0.02292519 -0.03765469
v -0.01554262 -0.02267622 -0.0387997
v -0.01578885 -0.02292519 -0.03765469
v -0.01766544 -0.02149903 -0.03779345
v -0.0185393 -0.02027207 -0.03904235
v -0.01792877 -0.02080583 -0.0389887
v -0.01766544 -0.02149903 -0.03779345
v -0.01766544 -0.02149903 -0.03779345
v -0.01792877 -0.02080583 -0.0389887
v -0.01739263 -0.02127456 -0.03894162
v -0.01766544 -0.02149903 -0.03779345
v -0.01739263 -0.02127456 -0.03894162
v -0.01554262 -0.02267622 -0.0387997
v -0.02047693 -0.01881539 -0.03805166
v -0.01882809 -0.0204792 -0.03789192
v -0.02114439 -0.01934808 -0.03719639
v -0.02114439 -0.01934808 -0.03719639
v -0.01882809 -0.0204792 -0.03789192
v -0.01944166 -0.02106493 -0.03703737
v -0.02114439 -0.01934808 -0.03719639
v -0.01944166 -0.02106493 -0.03703737
v -0.02201247 -0.02010971 -0.03683984
v -0.02201247 -0.02010971 -0.03683984
v -0.01944166 -0.02106493 -0.03703737
v -0.02023762 -0.02189338 -0.03667694
v -0.01898676 -0.02298641 -0.03657644
v -0.02023762 -0.02189338 -0.03667694
v -0.01824116 -0.02211719 -0.03693932
v -0.01824116 -0.02211719 -0.03693932
v -0.02023762 -0.02189338 -0.03667694
v -0.01944166 -0.02106493 -0.03703737
v -0.01824116 -0.02211719 -0.03693932
v -0.01944166 -0.02106493 -0.03703737
v -0.01766544 -0.02149903 -0.03779345
v -0.01766544 -0.02149903 -0.03779345
v -0.01944166 -0.02106493 -0.03703737
v -0.01882809 -0.0204792 -0.03789192
v -0.01766544 -0.02149903 -0.03779345
v -0.01882809 -0.0204792 -0.03789192
v -0.0185393 -0.02027207 -0.03904235
v -0.0185393 -0.02027207 -0.03904235
v -0.01882809 -0.0204792 -0.03789192
v -0.02047693 -0.01881539 -0.03805166
v -0.0185393 -0.02027207 -0.03904235
v -0.02047693 -0.01881539 -0.03805166
v -0.02016615 -0.0186361 -0.03920578
v -0.02165019 -0.01686877 -0.0393812
v -0.02022552 -0.01856541 -0.03921282
v -0.02198022 -0.01701837 -0.03822308
v -0.02198022 -0.01701837 -0.03822308
v -0.02022552 -0.01856541 -0.03921282
v -0.02047693 -0.01881539 -0.03805166
v -0.02198022 -0.01701837 -0.03822308
v -0.02047693 -0.01881539 -0.03805166
v -0.02269715 -0.01749354 -0.03736704
v -0.02269715 -0.01749354 -0.03736704
v -0.02047693 -0.01881539 -0.03805166
v -0.02114439 -0.01934808 -0.03719639
v -0.02269715 -0.01749354 -0.03736704
v -0.02114439 -0.01934808 -0.03719639
v -0.02363198 -0.01818233 -0.03701478
v -0.02363198 -0.01818233 -0.03701478
v -0.02114439 -0.01934808 -0.03719639
v -0.02201247 -0.02010971 -0.03683984
v 0.01162368 -0.02506816 -0.03613597
v -0.000107574 -0.02501708 -0.03581976
v 0.01120525 -0.02523159 -0.0366559
v 0.01120525 -0.02523159 -0.0366559
v -0.000107574 -0.02501708 -0.03581976
v 0.01080679 -0.02538788 -0.03695535
v -0.000107574 -0.02501708 -0.03581976
v -0.01183885 -0.02499997 -0.03549998
v -0.01170289 -0.02503913 -0.03598296
v -0.000107574 -0.02501708 -0.03581976
v 0.01167672 -0.02504855 -0.03603762
v 0.01183885 -0.02499997 -0.03549998
v -0.000107574 -0.02501708 -0.03581976
v 0.01183885 -0.02499997 -0.03549998
v -0.01183885 -0.02499997 -0.03549998
v 0.007704198 -0.02642869 -0.03803861
v 0.00870949 -0.02613943 -0.03785336
v 0.000576597 -0.02557611 -0.03726768
v 0.000576597 -0.02557611 -0.03726768
v 0.00870949 -0.02613943 -0.03785336
v 0.009830474 -0.02575689 -0.03749209
v 0.000576597 -0.02557611 -0.03726768
v -0.01053071 -0.02549564 -0.03715175
v -0.009653687 -0.02581691 -0.03754186
v -0.01170289 -0.02503913 -0.03598296
v -0.01134693 -0.02517557 -0.03651124
v -0.000107574 -0.02501708 -0.03581976
v -0.000107574 -0.02501708 -0.03581976
v -0.01134693 -0.02517557 -0.03651124
v -0.01081192 -0.02538627 -0.03695648
v -0.000107574 -0.02501708 -0.03581976
v -0.01081192 -0.02538627 -0.03695648
v 0.01080679 -0.02538788 -0.03695535
v 0.01080679 -0.02538788 -0.03695535
v -0.01081192 -0.02538627 -0.03695648
v 0.000576597 -0.02557611 -0.03726768
v -0.006488323 -0.02674674 -0.03821998
v -0.004588663 -0.02714043 -0.03837418
v -0.000385359 -0.02653282 -0.03811675
v -0.002056777 -0.02744269 -0.03844773
v 0.000239096 -0.0275129 -0.03846013
v -0.000385359 -0.02653282 -0.03811675
v -0.000385359 -0.02653282 -0.03811675
v 0.000336911 -0.02751594 -0.03846067
v 0.002656102 -0.0273922 -0.03843778
v -0.009431242 -0.02589833 -0.03764081
v -0.008546173 -0.02619129 -0.03789341
v 0.000576597 -0.02557611 -0.03726768
v 0.000576597 -0.02557611 -0.03726768
v -0.008546173 -0.02619129 -0.03789341
v -0.007705748 -0.0264281 -0.03803914
v 0.000576597 -0.02557611 -0.03726768
v -0.007705748 -0.0264281 -0.03803914
v 0.007704198 -0.02642869 -0.03803861
v -0.01162368 -0.02506816 0.03613597
v 0.000107574 -0.02501708 0.03581976
v -0.01120525 -0.02523159 0.0366559
v -0.01120525 -0.02523159 0.0366559
v 0.000107574 -0.02501708 0.03581976
v -0.01080679 -0.02538788 0.03695535
v 0.000107574 -0.02501708 0.03581976
v 0.01183885 -0.02499997 0.03549998
v 0.01170289 -0.02503913 0.03598296
v 0.000107574 -0.02501708 0.03581976
v -0.01167672 -0.02504855 0.03603762
v -0.01183885 -0.02499997 0.03549998
v 0.000107574 -0.02501708 0.03581976
v -0.01183885 -0.02499997 0.03549998
v 0.01183885 -0.02499997 0.03549998
v 0.000579048 -0.02557772 0.03726989
v 0.01007777 -0.02566152 0.03735321
v 0.009431242 -0.02589833 0.03764081
v -0.007704198 -0.02642869 0.03803861
v -0.00870949 -0.02613943 0.03785336
v 0.000579048 -0.02557772 0.03726989
v 0.000579048 -0.02557772 0.03726989
v -0.00870949 -0.02613943 0.03785336
v -0.009653866 -0.02581715 0.03754901
v 0.01170289 -0.02503913 0.03598296
v 0.01134693 -0.02517557 0.03651124
v 0.000107574 -0.02501708 0.03581976
v 0.000107574 -0.02501708 0.03581976
v 0.01134693 -0.02517557 0.03651124
v 0.01081192 -0.02538627 0.03695648
v 0.000107574 -0.02501708 0.03581976
v 0.01081192 -0.02538627 0.03695648
v -0.01080679 -0.02538788 0.03695535
v -0.01080679 -0.02538788 0.03695535
v 0.01081192 -0.02538627 0.03695648
v 0.000579048 -0.02557772 0.03726989
v -0.01060128 -0.02546852 0.03710985
v 0.000579048 -0.02557772 0.03726989
v -0.009830474 -0.02575689 0.03749209
v 0.006816446 -0.02667874 0.03819334
v 0.004588663 -0.02714043 0.03837418
v -0.000384971 -0.0265311 0.03811579
v -0.000384971 -0.0265311 0.03811579
v 0.003646135 -0.02725297 0.0384016
v 0.002056777 -0.02744269 0.03844773
v 0.002056777 -0.02744269 0.03844773
v 0.000238392 -0.0274983 0.03845757
v -0.000384971 -0.0265311 0.03811579
v -0.000384971 -0.0265311 0.03811579
v 0.000238392 -0.0274983 0.03845757
v -0.000336911 -0.02751594 0.03846067
v -0.000384971 -0.0265311 0.03811579
v -0.000336911 -0.02751594 0.03846067
v -0.002656102 -0.0273922 0.03843778
v -0.000384971 -0.0265311 0.03811579
v -0.003184139 -0.02732062 0.03841906
v -0.0048756 -0.02709138 0.03835904
v -0.000384971 -0.0265311 0.03811579
v -0.0048756 -0.02709138 0.03835904
v -0.006487607 -0.02674406 0.03821671
v 0.009431242 -0.02589833 0.03764081
v 0.008546173 -0.02619129 0.03789341
v 0.000579048 -0.02557772 0.03726989
v 0.000579048 -0.02557772 0.03726989
v 0.008546173 -0.02619129 0.03789341
v 0.007705748 -0.0264281 0.03803914
v 0.000579048 -0.02557772 0.03726989
v 0.007705748 -0.0264281 0.03803914
v -0.007704198 -0.02642869 0.03803861
v -0.02245336 -0.02149999 0.02246558
v -0.02233916 -0.02149999 0.02294737
v -0.02245336 -0.01542735 0.02246558
v -0.02245336 -0.01542735 0.02246558
v -0.02233916 -0.02149999 0.02294737
v -0.02233344 -0.0154525 0.02294594
v -0.02200788 -0.02149999 0.02331531
v -0.0215407 -0.02149999 0.02347922
v -0.0215407 -0.01548045 0.02347922
v -0.0215407 -0.01548045 0.02347922
v -0.021968 -0.01547318 0.02334052
v -0.02200788 -0.02149999 0.02331531
v -0.02200788 -0.02149999 0.02331531
v -0.02199989 -0.01547145 0.02330756
v -0.02233916 -0.02149999 0.02294737
v -0.02233916 -0.02149999 0.02294737
v -0.02199989 -0.01547145 0.02330756
v -0.02232784 -0.01545369 0.02296835
v -0.0215407 -0.02149999 0.02347922
v -0.02110779 -0.02149999 0.02351707
v -0.0215407 -0.01548045 0.02347922
v -0.02110779 -0.01548248 0.02351707
v -0.02110779 -0.01548248 0.02351707
v -0.02110779 -0.02149999 0.02351707
v -0.01920908 -0.01551443 0.02412676
v -0.01920908 -0.01551443 0.02412676
v -0.02110779 -0.02149999 0.02351707
v -0.01902717 -0.02149999 0.02424025
v -0.0190615 -0.01552212 0.02427452
v -0.01902717 -0.02149999 0.02424025
v -0.01762336 -0.01559764 0.02571487
v -0.01762336 -0.01559764 0.02571487
v -0.01902717 -0.02149999 0.02424025
v -0.01753908 -0.02149999 0.0258643
v -0.01757711 -0.01560604 0.02587527
v -0.01753908 -0.02149999 0.0258643
v -0.0170018 -0.01571065 0.02787131
v -0.0170018 -0.01571065 0.02787131
v -0.01753908 -0.02149999 0.0258643
v -0.01699995 -0.02149999 0.02799999
v -0.01702952 -0.01571702 0.02799326
v -0.01699995 -0.02149999 0.02799999
v -0.01749908 -0.01582533 0.03005981
v -0.01749908 -0.01582533 0.03005981
v -0.01699995 -0.02149999 0.02799999
v -0.01753908 -0.02149999 0.03013569
v -0.01755446 -0.0158286 0.03012198
v -0.01753908 -0.02149999 0.03013569
v -0.01899147 -0.01591318 0.03173595
v -0.01899147 -0.01591318 0.03173595
v -0.01753908 -0.02149999 0.03013569
v -0.01902717 -0.02149999 0.03175967
v -0.01903069 -0.0159139 0.03174978
v -0.01902717 -0.02149999 0.03175967
v -0.02110779 -0.02149999 0.03248286
v -0.01903069 -0.0159139 0.03174978
v -0.02110779 -0.02149999 0.03248286
v -0.02110779 -0.01595234 0.03248286
v -0.02458715 -0.02149999 0.03092014
v -0.0250495 -0.02499997 0.03108084
v -0.0250495 -0.02149999 0.03108084
v -0.0250495 -0.02149999 0.03108084
v -0.0250495 -0.02499997 0.03108084
v -0.02538019 -0.02499997 0.03144174
v -0.02538019 -0.02149999 0.03144174
v -0.02538019 -0.02149999 0.03144174
v -0.02538019 -0.02499997 0.03144174
v -0.02549999 -0.02499997 0.03191632
v -0.02549999 -0.02149999 0.03191632
v -0.02458715 -0.02149999 0.03092014
v -0.02126985 -0.02149999 0.03062993
v -0.02458715 -0.02499997 0.03092014
v -0.02126985 -0.02499997 0.03062993
v -0.02126985 -0.02149999 0.02537
v -0.02126985 -0.02499997 0.02537
v -0.02004927 -0.02499997 0.02579426
v -0.02004927 -0.02149999 0.02579426
v -0.02004927 -0.02149999 0.02579426
v -0.02004927 -0.02499997 0.02579426
v -0.01917624 -0.02499997 0.02674704
v -0.01917624 -0.02149999 0.02674704
v -0.01917624 -0.02149999 0.02674704
v -0.01917624 -0.02499997 0.02674704
v -0.01885998 -0.02499997 0.02799999
v -0.01885998 -0.02149999 0.02799999
v -0.01885998 -0.02149999 0.02799999
v -0.01885998 -0.02499997 0.02799999
v -0.01917624 -0.02499997 0.02925294
v -0.01917624 -0.02149999 0.02925294
v -0.01917624 -0.02149999 0.02925294
v -0.01917624 -0.02499997 0.02925294
v -0.02004927 -0.02499997 0.03020566
v -0.02004927 -0.02149999 0.03020566
v -0.02004927 -0.02149999 0.03020566
v -0.02004927 -0.02499997 0.03020566
v -0.02126985 -0.02499997 0.03062993
v -0.02126985 -0.02149999 0.03062993
v -0.02248591 -0.02149999 0.02432984
v -0.02248591 -0.02499997 0.02432984
v -0.0223717 -0.02499997 0.02481162
v -0.0223717 -0.02149999 0.02481162
v -0.0223717 -0.02149999 0.02481162
v -0.0223717 -0.02499997 0.02481162
v -0.02204042 -0.02499997 0.02517956
v -0.02204042 -0.02149999 0.02517956
v -0.02204042 -0.02149999 0.02517956
v -0.02204042 -0.02499997 0.02517956
v -0.02157324 -0.02499997 0.02534347
v -0.02157324 -0.02149999 0.02534347
v -0.02458715 -0.02149999 0.03092014
v -0.02458715 -0.02149999 0.03278726
v -0.02110779 -0.02149999 0.03248286
v -0.02126985 -0.02149999 0.03062993
v -0.02004927 -0.02149999 0.03020566
v -0.01902717 -0.02149999 0.03175967
v -0.01917624 -0.02149999 0.02925294
v -0.01753908 -0.02149999 0.03013569
v -0.01885998 -0.02149999 0.02799999
v -0.01699995 -0.02149999 0.02799999
v -0.01917624 -0.02149999 0.02674704
v -0.01753908 -0.02149999 0.0258643
v -0.02004927 -0.02149999 0.02579426
v -0.01902717 -0.02149999 0.02424025
v -0.02126985 -0.02149999 0.02537
v -0.02110779 -0.02149999 0.02351707
v -0.02458715 -0.01596826 0.03278726
v -0.02110779 -0.01595234 0.03248286
v -0.02458715 -0.02149999 0.03278726
v -0.02110779 -0.02149999 0.03248286
v -0.02458715 -0.02149999 0.03278726
v -0.0250495 -0.02149999 0.03294795
v -0.02458715 -0.01596826 0.03278726
v -0.02507311 -0.01597756 0.03296399
v -0.0250495 -0.02149999 0.03294795
v -0.02538019 -0.02149999 0.03330886
v -0.02507311 -0.01597756 0.03296399
v -0.02538019 -0.02149999 0.03330886
v -0.02536994 -0.01599609 0.03331744
v -0.02540612 -0.0159983 0.03336048
v -0.02538019 -0.02149999 0.03330886
v -0.02549999 -0.02149999 0.03378343
v -0.02540612 -0.0159983 0.03336048
v -0.02549999 -0.02149999 0.03378343
v -0.02549999 -0.01602047 0.03378343
v -0.02549999 -0.02149999 0.03191632
v -0.02549999 -0.02499997 0.03191632
v -0.02549999 -0.02149999 0.03378343
v -0.02549999 -0.02499997 0.03642553
v -0.02549999 -0.01602047 0.03378343
v -0.02549999 -0.01619929 0.0371955
v -0.01624554 -0.02499997 0.03638964
v -0.01699739 -0.02449464 0.03643679
v -0.02549999 -0.02499997 0.03642553
v -0.02549999 -0.02499997 0.03642553
v -0.01699739 -0.02449464 0.03643679
v -0.01901394 -0.02296394 0.03657853
v -0.02549999 -0.02499997 0.03642553
v -0.01901394 -0.02296394 0.03657853
v -0.02023786 -0.0218932 0.03667694
v -0.02363222 -0.01818209 0.03701478
v -0.02549999 -0.01619929 0.0371955
v -0.02549999 -0.02499997 0.03642553
v -0.02363222 -0.01818209 0.03701478
v -0.02549999 -0.02499997 0.03642553
v -0.02201277 -0.02010941 0.0368399
v -0.02201277 -0.02010941 0.0368399
v -0.02549999 -0.02499997 0.03642553
v -0.02023786 -0.0218932 0.03667694
v -0.01161259 -0.02499997 0.03816539
v -0.01148796 -0.02499997 0.03856015
v -0.01260453 -0.02442044 0.03862035
v -0.01385682 -0.02499997 0.03672301
v -0.0127483 -0.02499997 0.03716278
v -0.01384037 -0.02416265 0.03753298
v -0.01384037 -0.02416265 0.03753298
v -0.01230895 -0.02499997 0.03746008
v -0.01260453 -0.02442044 0.03862035
v -0.01260453 -0.02442044 0.03862035
v -0.01230895 -0.02499997 0.03746008
v -0.011945 -0.02499997 0.03772729
v -0.01260453 -0.02442044 0.03862035
v -0.011945 -0.02499997 0.03772729
v -0.01161259 -0.02499997 0.03816539
v -0.01633125 -0.02356946 0.036803
v -0.01605451 -0.02499997 0.03639107
v -0.01465851 -0.02499997 0.03653222
v -0.01633125 -0.02356946 0.036803
v -0.01465851 -0.02499997 0.03653222
v -0.01429164 -0.02486562 0.03667998
v -0.01260453 -0.02442044 0.03862035
v -0.01362246 -0.02389204 0.03867518
v -0.01384037 -0.02416265 0.03753298
v -0.01384037 -0.02416265 0.03753298
v -0.01362246 -0.02389204 0.03867518
v -0.01538556 -0.02277421 0.03878962
v -0.01384037 -0.02416265 0.03753298
v -0.01538556 -0.02277421 0.03878962
v -0.01581579 -0.02290648 0.03765648
v -0.01581579 -0.02290648 0.03765648
v -0.01556909 -0.02265787 0.03880155
v -0.01741755 -0.02125394 0.0389437
v -0.01581579 -0.02290648 0.03765648
v -0.01741755 -0.02125394 0.0389437
v -0.01769071 -0.02147805 0.03779548
v -0.01769071 -0.02147805 0.03779548
v -0.01741755 -0.02125394 0.0389437
v -0.01792913 -0.02080619 0.0389887
v -0.01769071 -0.02147805 0.03779548
v -0.01792913 -0.02080619 0.0389887
v -0.01882833 -0.02047902 0.03789198
v -0.02165037 -0.01686853 0.0393812
v -0.0219804 -0.01701813 0.03822308
v -0.02022552 -0.01856541 0.03921282
v -0.02022552 -0.01856541 0.03921282
v -0.0219804 -0.01701813 0.03822308
v -0.02047723 -0.0188151 0.03805166
v -0.02016639 -0.01863586 0.03920578
v -0.02047723 -0.0188151 0.03805166
v -0.01882833 -0.02047902 0.03789198
v -0.02016639 -0.01863586 0.03920578
v -0.01882833 -0.02047902 0.03789198
v -0.01853948 -0.02027189 0.03904241
v -0.01853948 -0.02027189 0.03904241
v -0.01882833 -0.02047902 0.03789198
v -0.01792913 -0.02080619 0.0389887
v -0.01406067 -0.02499997 0.03667449
v -0.01384037 -0.02416265 0.03753298
v -0.01429164 -0.02486562 0.03667998
v -0.01429164 -0.02486562 0.03667998
v -0.01384037 -0.02416265 0.03753298
v -0.01581579 -0.02290648 0.03765648
v -0.01429164 -0.02486562 0.03667998
v -0.01581579 -0.02290648 0.03765648
v -0.01633125 -0.02356946 0.036803
v -0.01633125 -0.02356946 0.036803
v -0.01581579 -0.02290648 0.03765648
v -0.01769071 -0.02147805 0.03779548
v -0.01633125 -0.02356946 0.036803
v -0.01769071 -0.02147805 0.03779548
v -0.01826721 -0.02209556 0.03694134
v -0.01826721 -0.02209556 0.03694134
v -0.01769071 -0.02147805 0.03779548
v -0.01882833 -0.02047902 0.03789198
v -0.01826721 -0.02209556 0.03694134
v -0.01882833 -0.02047902 0.03789198
v -0.0194419 -0.02106475 0.03703743
v -0.0194419 -0.02106475 0.03703743
v -0.01882833 -0.02047902 0.03789198
v -0.02047723 -0.0188151 0.03805166
v -0.0194419 -0.02106475 0.03703743
v -0.02047723 -0.0188151 0.03805166
v -0.02114468 -0.01934778 0.03719639
v -0.02114468 -0.01934778 0.03719639
v -0.02047723 -0.0188151 0.03805166
v -0.0219804 -0.01701813 0.03822308
v -0.02114468 -0.01934778 0.03719639
v -0.0219804 -0.01701813 0.03822308
v -0.02269732 -0.0174933 0.03736704
v -0.01624554 -0.02499997 0.03638964
v -0.01633125 -0.02356946 0.036803
v -0.01699739 -0.02449464 0.03643679
v -0.01699739 -0.02449464 0.03643679
v -0.01633125 -0.02356946 0.036803
v -0.01826721 -0.02209556 0.03694134
v -0.01699739 -0.02449464 0.03643679
v -0.01826721 -0.02209556 0.03694134
v -0.01901394 -0.02296394 0.03657853
v -0.01901394 -0.02296394 0.03657853
v -0.01826721 -0.02209556 0.03694134
v -0.0194419 -0.02106475 0.03703743
v -0.01901394 -0.02296394 0.03657853
v -0.0194419 -0.02106475 0.03703743
v -0.02023786 -0.0218932 0.03667694
v -0.02023786 -0.0218932 0.03667694
v -0.0194419 -0.02106475 0.03703743
v -0.02114468 -0.01934778 0.03719639
v -0.02023786 -0.0218932 0.03667694
v -0.02114468 -0.01934778 0.03719639
v -0.02201277 -0.02010941 0.0368399
v -0.02201277 -0.02010941 0.0368399
v -0.02114468 -0.01934778 0.03719639
v -0.02269732 -0.0174933 0.03736704
v -0.02201277 -0.02010941 0.0368399
v -0.02269732 -0.0174933 0.03736704
v -0.02363222 -0.01818209 0.03701478
v 0.0185765 -0.02378553 0.03497904
v 0.01677829 -0.02381694 0.03569358
v 0.0167157 -0.02428704 0.03551501
v 0.0376473 -0.02387124 0.007499992
v 0.03768831 -0.02336937 0.007499992
v 0.03766131 -0.0233702 0.008336365
v 0.03758716 -0.02398282 0.008333265
v 0.0376473 -0.02387124 0.007499992
v 0.03766131 -0.0233702 0.008336365
v 0.03758716 -0.02398282 0.008333265
v 0.03766131 -0.0233702 0.008336365
v 0.03737521 -0.02398627 0.01083165
v 0.03766131 -0.0233702 0.008336365
v 0.03753256 -0.02337318 0.009865581
v 0.03737521 -0.02398627 0.01083165
v 0.03737521 -0.02398627 0.01083165
v 0.03753256 -0.02337318 0.009865581
v 0.03745031 -0.02337509 0.01084172
v 0.03737521 -0.02398627 0.01083165
v 0.03745031 -0.02337509 0.01084172
v 0.03691613 -0.02399468 0.01331138
v 0.03691613 -0.02399468 0.01331138
v 0.03745031 -0.02337509 0.01084172
v 0.03714638 -0.02338296 0.01249766
v 0.03714638 -0.02338296 0.01249766
v 0.03699374 -0.02338689 0.01332938
v 0.03691613 -0.02399468 0.01331138
v 0.03691613 -0.02399468 0.01331138
v 0.03699374 -0.02338689 0.01332938
v 0.0365616 -0.02339863 0.01498395
v 0.03691613 -0.02399468 0.01331138
v 0.0365616 -0.02339863 0.01498395
v 0.03648155 -0.02400302 0.01496058
v 0.03648155 -0.02400302 0.01496058
v 0.0365616 -0.02339863 0.01498395
v 0.0357424 -0.02342152 0.01738601
v 0.03648155 -0.02400302 0.01496058
v 0.0357424 -0.02342152 0.01738601
v 0.03565806 -0.02401918 0.01735275
v 0.03565806 -0.02401918 0.01735275
v 0.03572243 -0.02342206 0.01743066
v 0.0346179 -0.02403813 0.01965308
v 0.03572243 -0.02342206 0.01743066
v 0.03470629 -0.02344846 0.01969766
v 0.0346179 -0.02403813 0.01965308
v 0.0346179 -0.02403813 0.01965308
v 0.03470629 -0.02344846 0.01969766
v 0.03349089 -0.02347892 0.02185654
v 0.0346179 -0.02403813 0.01965308
v 0.03349089 -0.02347892 0.02185654
v 0.03335231 -0.02406018 0.02188187
v 0.03335231 -0.02406018 0.02188187
v 0.03344428 -0.02348011 0.02193927
v 0.03264796 -0.0235005 0.02315247
v 0.03335231 -0.02406018 0.02188187
v 0.03264796 -0.0235005 0.02315247
v 0.03255379 -0.02407437 0.02308768
v 0.03255379 -0.02407437 0.02308768
v 0.03264796 -0.0235005 0.02315247
v 0.03217345 -0.02351248 0.02379161
v 0.03255379 -0.02407437 0.02308768
v 0.03217345 -0.02351248 0.02379161
v 0.03085917 -0.02410382 0.02534997
v 0.03217345 -0.02351248 0.02379161
v 0.03095787 -0.02354323 0.02542871
v 0.03085917 -0.02410382 0.02534997
v 0.03085917 -0.02410382 0.02534997
v 0.03081601 -0.02354651 0.02559369
v 0.0289694 -0.02413362 0.02752971
v 0.03081601 -0.02354651 0.02559369
v 0.02935135 -0.02358031 0.0272969
v 0.0289694 -0.02413362 0.02752971
v 0.0289694 -0.02413362 0.02752971
v 0.02907061 -0.02358675 0.02762335
v 0.02693474 -0.02416169 0.02952754
v 0.02693474 -0.02416169 0.02952754
v 0.02907061 -0.02358675 0.02762335
v 0.0277574 -0.02361345 0.02892225
v 0.0277574 -0.02361345 0.02892225
v 0.02703416 -0.02362817 0.02963769
v 0.02693474 -0.02416169 0.02952754
v 0.02693474 -0.02416169 0.02952754
v 0.02703416 -0.02362817 0.02963769
v 0.0260843 -0.02364665 0.03045254
v 0.02693474 -0.02416169 0.02952754
v 0.0260843 -0.02364665 0.03045254
v 0.02585709 -0.02417582 0.03044533
v 0.02585709 -0.02417582 0.03044533
v 0.02595436 -0.02364915 0.03056401
v 0.02375841 -0.0242027 0.03200167
v 0.02595436 -0.02364915 0.03056401
v 0.02429527 -0.02368074 0.03180354
v 0.02375841 -0.0242027 0.03200167
v 0.02375841 -0.0242027 0.03200167
v 0.02429527 -0.02368074 0.03180354
v 0.02385032 -0.02368921 0.03213602
v 0.02375841 -0.0242027 0.03200167
v 0.02385032 -0.02368921 0.03213602
v 0.02153223 -0.02423042 0.0333696
v 0.02153223 -0.02423042 0.0333696
v 0.02385032 -0.02368921 0.03213602
v 0.02244156 -0.02371549 0.03300851
v 0.03744256 -0.02433127 0.007499992
v 0.03758716 -0.02398282 0.008333265
v 0.03727287 -0.02451372 0.008319914
v 0.03727287 -0.02451372 0.008319914
v 0.03758716 -0.02398282 0.008333265
v 0.03737521 -0.02398627 0.01083165
v 0.03727287 -0.02451372 0.008319914
v 0.03737521 -0.02398627 0.01083165
v 0.03706294 -0.0245155 0.01078981
v 0.03706294 -0.0245155 0.01078981
v 0.03737521 -0.02398627 0.01083165
v 0.03691613 -0.02399468 0.01331138
v 0.03706294 -0.0245155 0.01078981
v 0.03691613 -0.02399468 0.01331138
v 0.03660815 -0.02451986 0.01324009
v 0.03660815 -0.02451986 0.01324009
v 0.03691613 -0.02399468 0.01331138
v 0.03648155 -0.02400302 0.01496058
v 0.03660815 -0.02451986 0.01324009
v 0.03648155 -0.02400302 0.01496058
v 0.03617703 -0.02452421 0.01487159
v 0.03617703 -0.02452421 0.01487159
v 0.03648155 -0.02400302 0.01496058
v 0.03565806 -0.02401918 0.01735275
v 0.03617703 -0.02452421 0.01487159
v 0.03565806 -0.02401918 0.01735275
v 0.03536105 -0.02453255 0.01723569
v 0.03536105 -0.02453255 0.01723569
v 0.03565806 -0.02401918 0.01735275
v 0.0346179 -0.02403813 0.01965308
v 0.03536105 -0.02453255 0.01723569
v 0.0346179 -0.02403813 0.01965308
v 0.03433096 -0.02454227 0.0195083
v 0.03433096 -0.02454227 0.0195083
v 0.0346179 -0.02403813 0.01965308
v 0.03335231 -0.02406018 0.02188187
v 0.03433096 -0.02454227 0.0195083
v 0.03335231 -0.02406018 0.02188187
v 0.03307765 -0.02455359 0.02171045
v 0.03307765 -0.02455359 0.02171045
v 0.03335231 -0.02406018 0.02188187
v 0.03255379 -0.02407437 0.02308768
v 0.03307765 -0.02455359 0.02171045
v 0.03255379 -0.02407437 0.02308768
v 0.03228592 -0.0245608 0.02290338
v 0.03228592 -0.0245608 0.02290338
v 0.03255379 -0.02407437 0.02308768
v 0.03085917 -0.02410382 0.02534997
v 0.03228592 -0.0245608 0.02290338
v 0.03085917 -0.02410382 0.02534997
v 0.03060293 -0.02457582 0.02514547
v 0.03060293 -0.02457582 0.02514547
v 0.03085917 -0.02410382 0.02534997
v 0.0289694 -0.02413362 0.02752971
v 0.03060293 -0.02457582 0.02514547
v 0.0289694 -0.02413362 0.02752971
v 0.02872717 -0.0245909 0.02730554
v 0.02872717 -0.0245909 0.02730554
v 0.0289694 -0.02413362 0.02752971
v 0.02693474 -0.02416169 0.02952754
v 0.02872717 -0.0245909 0.02730554
v 0.02693474 -0.02416169 0.02952754
v 0.02671241 -0.02460503 0.02928119
v 0.02671241 -0.02460503 0.02928119
v 0.02693474 -0.02416169 0.02952754
v 0.02585709 -0.02417582 0.03044533
v 0.0256462 -0.02461212 0.03018814
v 0.02585709 -0.02417582 0.03044533
v 0.02375841 -0.0242027 0.03200167
v 0.0256462 -0.02461212 0.03018814
v 0.02375841 -0.0242027 0.03200167
v 0.02356994 -0.02462553 0.03172624
v 0.02356994 -0.02462553 0.03172624
v 0.02375841 -0.0242027 0.03200167
v 0.02153223 -0.02423042 0.0333696
v 0.02356994 -0.02462553 0.03172624
v 0.02153223 -0.02423042 0.0333696
v 0.0213679 -0.02463936 0.03307819
v 0.0213679 -0.02463936 0.03307819
v 0.02153223 -0.02423042 0.0333696
v 0.01918351 -0.02425867 0.03454351
v 0.0213679 -0.02463936 0.03307819
v 0.01918351 -0.02425867 0.03454351
v 0.01904517 -0.02465337 0.03423845
v 0.02244156 -0.02371549 0.03300851
v 0.02161669 -0.02373087 0.03351944
v 0.02153223 -0.02423042 0.0333696
v 0.02153223 -0.02423042 0.0333696
v 0.02161669 -0.02373087 0.03351944
v 0.02053177 -0.02375054 0.03406625
v 0.02153223 -0.02423042 0.0333696
v 0.02053177 -0.02375054 0.03406625
v 0.01918351 -0.02425867 0.03454351
v 0.01918351 -0.02425867 0.03454351
v 0.02053177 -0.02375054 0.03406625
v 0.0192582 -0.02377367 0.0347082
v 0.01918351 -0.02425867 0.03454351
v 0.0192582 -0.02377367 0.0347082
v 0.0185765 -0.02378553 0.03497904
v 0.0185765 -0.02378553 0.03497904
v 0.0167157 -0.02428704 0.03551501
v 0.01918351 -0.02425867 0.03454351
v 0.01918351 -0.02425867 0.03454351
v 0.01667886 -0.02441352 0.03540986
v 0.01904517 -0.02465337 0.03423845
v 0.01904517 -0.02465337 0.03423845
v 0.01667886 -0.02441352 0.03540986
v 0.0166049 -0.02466732 0.03519886
v 0.01904517 -0.02465337 0.03423845
v 0.0166049 -0.02466732 0.03519886
v 0.0165072 -0.02483218 0.03492021
v 0.03677165 -0.02487301 0.008298635
v 0.03727287 -0.02451372 0.008319914
v 0.03706294 -0.0245155 0.01078981
v 0.03677165 -0.02487301 0.008298635
v 0.03706294 -0.0245155 0.01078981
v 0.03656619 -0.02487355 0.01072323
v 0.03656619 -0.02487355 0.01072323
v 0.03706294 -0.0245155 0.01078981
v 0.03660815 -0.02451986 0.01324009
v 0.03656619 -0.02487355 0.01072323
v 0.03660815 -0.02451986 0.01324009
v 0.03612118 -0.02487474 0.01312726
v 0.03612118 -0.02487474 0.01312726
v 0.03660815 -0.02451986 0.01324009
v 0.03617703 -0.02452421 0.01487159
v 0.03612118 -0.02487474 0.01312726
v 0.03617703 -0.02452421 0.01487159
v 0.03569853 -0.02487587 0.0147317
v 0.03569853 -0.02487587 0.0147317
v 0.03617703 -0.02452421 0.01487159
v 0.03536105 -0.02453255 0.01723569
v 0.03569853 -0.02487587 0.0147317
v 0.03536105 -0.02453255 0.01723569
v 0.03489965 -0.02487814 0.01705384
v 0.03489965 -0.02487814 0.01705384
v 0.03536105 -0.02453255 0.01723569
v 0.03433096 -0.02454227 0.0195083
v 0.03489965 -0.02487814 0.01705384
v 0.03433096 -0.02454227 0.0195083
v 0.03389096 -0.02488082 0.01928627
v 0.03389096 -0.02488082 0.01928627
v 0.03433096 -0.02454227 0.0195083
v 0.03307765 -0.02455359 0.02171045
v 0.03389096 -0.02488082 0.01928627
v 0.03307765 -0.02455359 0.02171045
v 0.03266274 -0.02488386 0.02145147
v 0.03266274 -0.02488386 0.02145147
v 0.03307765 -0.02455359 0.02171045
v 0.03228592 -0.0245608 0.02290338
v 0.03266274 -0.02488386 0.02145147
v 0.03228592 -0.0245608 0.02290338
v 0.03188502 -0.02488583 0.02262753
v 0.03188502 -0.02488583 0.02262753
v 0.03228592 -0.0245608 0.02290338
v 0.03060293 -0.02457582 0.02514547
v 0.03188502 -0.02488583 0.02262753
v 0.03060293 -0.02457582 0.02514547
v 0.03022676 -0.02488988 0.02484536
v 0.03022676 -0.02488988 0.02484536
v 0.03060293 -0.02457582 0.02514547
v 0.02872717 -0.0245909 0.02730554
v 0.03022676 -0.02488988 0.02484536
v 0.02872717 -0.0245909 0.02730554
v 0.02837806 -0.02489393 0.02698254
v 0.02837806 -0.02489393 0.02698254
v 0.02872717 -0.0245909 0.02730554
v 0.02671241 -0.02460503 0.02928119
v 0.02837806 -0.02489393 0.02698254
v 0.02671241 -0.02460503 0.02928119
v 0.02639746 -0.02489775 0.02893221
v 0.02639746 -0.02489775 0.02893221
v 0.02671241 -0.02460503 0.02928119
v 0.0256462 -0.02461212 0.03018814
v 0.02639746 -0.02489775 0.02893221
v 0.0256462 -0.02461212 0.03018814
v 0.02534997 -0.02489966 0.02982681
v 0.02534997 -0.02489966 0.02982681
v 0.0256462 -0.02461212 0.03018814
v 0.02356994 -0.02462553 0.03172624
v 0.02534997 -0.02489966 0.02982681
v 0.02356994 -0.02462553 0.03172624
v 0.02330923 -0.02490323 0.0313453
v 0.02330923 -0.02490323 0.0313453
v 0.02356994 -0.02462553 0.03172624
v 0.0213679 -0.02463936 0.03307819
v 0.02330923 -0.02490323 0.0313453
v 0.0213679 -0.02463936 0.03307819
v 0.02114421 -0.02490693 0.0326814
v 0.02114421 -0.02490693 0.0326814
v 0.0213679 -0.02463936 0.03307819
v 0.01904517 -0.02465337 0.03423845
v 0.02114421 -0.02490693 0.0326814
v 0.01904517 -0.02465337 0.03423845
v 0.01885962 -0.02491068 0.03382939
v 0.01885962 -0.02491068 0.03382939
v 0.01904517 -0.02465337 0.03423845
v 0.0165072 -0.02483218 0.03492021
v 0.03664964 -0.02492904 0.007499992
v 0.03677165 -0.02487301 0.008298635
v 0.03616827 -0.02499997 0.008273065
v 0.03616827 -0.02499997 0.008273065
v 0.03677165 -0.02487301 0.008298635
v 0.03656619 -0.02487355 0.01072323
v 0.03616827 -0.02499997 0.008273065
v 0.03656619 -0.02487355 0.01072323
v 0.03596878 -0.02499997 0.01064312
v 0.03596878 -0.02499997 0.01064312
v 0.03656619 -0.02487355 0.01072323
v 0.03612118 -0.02487474 0.01312726
v 0.03596878 -0.02499997 0.01064312
v 0.03612118 -0.02487474 0.01312726
v 0.03553658 -0.02499997 0.01299184
v 0.03553658 -0.02499997 0.01299184
v 0.03612118 -0.02487474 0.01312726
v 0.03569853 -0.02487587 0.0147317
v 0.03553658 -0.02499997 0.01299184
v 0.03569853 -0.02487587 0.0147317
v 0.03512513 -0.02499997 0.01456415
v 0.03512513 -0.02499997 0.01456415
v 0.03569853 -0.02487587 0.0147317
v 0.03489965 -0.02487814 0.01705384
v 0.03512513 -0.02499997 0.01456415
v 0.03489965 -0.02487814 0.01705384
v 0.03434878 -0.02499997 0.01683676
v 0.03434878 -0.02499997 0.01683676
v 0.03489965 -0.02487814 0.01705384
v 0.03389096 -0.02488082 0.01928627
v 0.03434878 -0.02499997 0.01683676
v 0.03389096 -0.02488082 0.01928627
v 0.03336787 -0.02499997 0.01902234
v 0.03336787 -0.02499997 0.01902234
v 0.03389096 -0.02488082 0.01928627
v 0.03266274 -0.02488386 0.02145147
v 0.03336787 -0.02499997 0.01902234
v 0.03266274 -0.02488386 0.02145147
v 0.0321719 -0.02499997 0.02114516
v 0.0321719 -0.02499997 0.02114516
v 0.03266274 -0.02488386 0.02145147
v 0.03188502 -0.02488583 0.02262753
v 0.0321719 -0.02499997 0.02114516
v 0.03188502 -0.02488583 0.02262753
v 0.03141224 -0.02499997 0.02230221
v 0.03141224 -0.02499997 0.02230221
v 0.03188502 -0.02488583 0.02262753
v 0.03022676 -0.02488988 0.02484536
v 0.03141224 -0.02499997 0.02230221
v 0.03022676 -0.02488988 0.02484536
v 0.02978587 -0.02499997 0.02449357
v 0.02978587 -0.02499997 0.02449357
v 0.03022676 -0.02488988 0.02484536
v 0.02837806 -0.02489393 0.02698254
v 0.02978587 -0.02499997 0.02449357
v 0.02837806 -0.02489393 0.02698254
v 0.0279715 -0.02499997 0.02660632
v 0.0279715 -0.02499997 0.02660632
v 0.02837806 -0.02489393 0.02698254
v 0.02639746 -0.02489775 0.02893221
v 0.0279715 -0.02499997 0.02660632
v 0.02639746 -0.02489775 0.02893221
v 0.0260328 -0.02499997 0.02852821
v 0.0260328 -0.02499997 0.02852821
v 0.02639746 -0.02489775 0.02893221
v 0.02534997 -0.02489966 0.02982681
v 0.0260328 -0.02499997 0.02852821
v 0.02534997 -0.02489966 0.02982681
v 0.02500802 -0.02499997 0.02940976
v 0.02500802 -0.02499997 0.02940976
v 0.02534997 -0.02489966 0.02982681
v 0.02330923 -0.02490323 0.0313453
v 0.02500802 -0.02499997 0.02940976
v 0.02330923 -0.02490323 0.0313453
v 0.02301001 -0.02499997 0.03090798
v 0.02301001 -0.02499997 0.03090798
v 0.02330923 -0.02490323 0.0313453
v 0.02114421 -0.02490693 0.0326814
v 0.02301001 -0.02499997 0.03090798
v 0.02114421 -0.02490693 0.0326814
v 0.0208888 -0.02499997 0.03222835
v 0.0208888 -0.02499997 0.03222835
v 0.02114421 -0.02490693 0.0326814
v 0.01885962 -0.02491068 0.03382939
v 0.0208888 -0.02499997 0.03222835
v 0.01885962 -0.02491068 0.03382939
v 0.01864898 -0.02499997 0.03336507
v 0.01864898 -0.02499997 0.03336507
v 0.01885962 -0.02491068 0.03382939
v 0.01645851 -0.02491438 0.03478133
v 0.01864898 -0.02499997 0.03336507
v 0.01645851 -0.02491438 0.03478133
v 0.01629328 -0.02499997 0.03430998
v 0.01184606 -0.02497386 0.03738307
v 0.01165109 -0.02499997 0.03717726
v 0.01244598 -0.02496063 0.03680908
v 0.01266533 -0.02484464 0.03704673
v 0.01272398 -0.02468407 0.03735715
v 0.01206517 -0.02489644 0.03753912
v 0.01206517 -0.02489644 0.03753912
v 0.01272398 -0.02468407 0.03735715
v 0.01226872 -0.02477037 0.03768408
v 0.01294034 -0.0246424 0.03721666
v 0.01266533 -0.02484464 0.03704673
v 0.01361006 -0.02450996 0.03686141
v 0.01361006 -0.02450996 0.03686141
v 0.01266533 -0.02484464 0.03704673
v 0.01342725 -0.02477502 0.03660011
v 0.01361006 -0.02450996 0.03686141
v 0.01342725 -0.02477502 0.03660011
v 0.01390087 -0.0247296 0.03637176
v 0.01537108 -0.02413648 0.03615039
v 0.0150327 -0.02420914 0.03628128
v 0.01523125 -0.02459233 0.03585124
v 0.01523125 -0.02459233 0.03585124
v 0.01456749 -0.02430903 0.03646123
v 0.01390087 -0.0247296 0.03637176
v 0.01390087 -0.0247296 0.03637176
v 0.01456749 -0.02430903 0.03646123
v 0.01407396 -0.02441501 0.03665214
v 0.01390087 -0.0247296 0.03637176
v 0.01407396 -0.02441501 0.03665214
v 0.01361006 -0.02450996 0.03686141
v 0.01165109 -0.02499997 0.03717726
v 0.01221442 -0.02499997 0.03655827
v 0.01244598 -0.02496063 0.03680908
v 0.01244598 -0.02496063 0.03680908
v 0.01221442 -0.02499997 0.03655827
v 0.01297438 -0.02499997 0.03595268
v 0.01244598 -0.02496063 0.03680908
v 0.01297438 -0.02499997 0.03595268
v 0.01320981 -0.02494263 0.03628927
v 0.01320981 -0.02494263 0.03628927
v 0.01297438 -0.02499997 0.03595268
v 0.0134496 -0.02499997 0.03564077
v 0.01320981 -0.02494263 0.03628927
v 0.0134496 -0.02499997 0.03564077
v 0.01368612 -0.02493077 0.03602397
v 0.01368612 -0.02493077 0.03602397
v 0.0134496 -0.02499997 0.03564077
v 0.01479589 -0.02499997 0.03491997
v 0.01368612 -0.02493077 0.03602397
v 0.01479589 -0.02499997 0.03491997
v 0.01503002 -0.02489435 0.03542089
v 0.01503002 -0.02489435 0.03542089
v 0.01479589 -0.02499997 0.03491997
v 0.01629328 -0.02499997 0.03430998
v 0.01503002 -0.02489435 0.03542089
v 0.01629328 -0.02499997 0.03430998
v 0.01645851 -0.02491438 0.03478133
v 0.0165072 -0.02483218 0.03492021
v 0.01523125 -0.02459233 0.03585124
v 0.01503002 -0.02489435 0.03542089
v 0.01503002 -0.02489435 0.03542089
v 0.01523125 -0.02459233 0.03585124
v 0.01390087 -0.0247296 0.03637176
v 0.01503002 -0.02489435 0.03542089
v 0.01390087 -0.0247296 0.03637176
v 0.01368612 -0.02493077 0.03602397
v 0.01368612 -0.02493077 0.03602397
v 0.01390087 -0.0247296 0.03637176
v 0.01342725 -0.02477502 0.03660011
v 0.01368612 -0.02493077 0.03602397
v 0.01342725 -0.02477502 0.03660011
v 0.01320981 -0.02494263 0.03628927
v 0.01320981 -0.02494263 0.03628927
v 0.01342725 -0.02477502 0.03660011
v 0.01266533 -0.02484464 0.03704673
v 0.01320981 -0.02494263 0.03628927
v 0.01266533 -0.02484464 0.03704673
v 0.01244598 -0.02496063 0.03680908
v 0.01244598 -0.02496063 0.03680908
v 0.01266533 -0.02484464 0.03704673
v 0.01206517 -0.02489644 0.03753912
v 0.01184606 -0.02497386 0.03738307
v 0.01206517 -0.02489644 0.03753912
v 0.01166307 -0.02495783 0.03784877
v 0.0165072 -0.02483218 0.03492021
v 0.0166049 -0.02466732 0.03519886
v 0.01523125 -0.02459233 0.03585124
v 0.01523125 -0.02459233 0.03585124
v 0.0166049 -0.02466732 0.03519886
v 0.01667886 -0.02441352 0.03540986
v 0.01523125 -0.02459233 0.03585124
v 0.01667886 -0.02441352 0.03540986
v 0.01537108 -0.02413648 0.03615039
v 0.01537108 -0.02413648 0.03615039
v 0.0167157 -0.02428704 0.03551501
v 0.01677829 -0.02381694 0.03569358
v 0.02224916 -0.01639413 0.03534501
v 0.02247554 -0.01609379 0.03518158
v 0.02151083 -0.01659357 0.04471796
v 0.00989443 -0.02505922 0.04814195
v 0.01081192 -0.02538627 0.03695648
v 0.01134693 -0.02517557 0.03651124
v 0.00989443 -0.02505922 0.04814195
v 0.01134693 -0.02517557 0.03651124
v 0.01170289 -0.02503913 0.03598296
v 0.00989443 -0.02505922 0.04814195
v 0.01182943 -0.02485156 0.03834515
v 0.01112186 -0.02457487 0.04809105
v 0.01112186 -0.02457487 0.04809105
v 0.01182943 -0.02485156 0.03834515
v 0.01284676 -0.02434158 0.0382964
v 0.01112186 -0.02457487 0.04809105
v 0.01284676 -0.02434158 0.0382964
v 0.01257538 -0.02386879 0.04801684
v 0.008546173 -0.02619129 0.03789341
v 0.009431242 -0.02589833 0.03764081
v 0.00989443 -0.02505922 0.04814195
v 0.00989443 -0.02505922 0.04814195
v 0.009431242 -0.02589833 0.03764081
v 0.01007777 -0.02566152 0.03735321
v 0.00989443 -0.02505922 0.04814195
v 0.01007777 -0.02566152 0.03735321
v 0.01053071 -0.02549564 0.03715175
v 0.008546173 -0.02619129 0.03789341
v 0.00989443 -0.02505922 0.04814195
v 0.007705748 -0.0264281 0.03803914
v 0.007705748 -0.0264281 0.03803914
v 0.00989443 -0.02505922 0.04814195
v 0.008789956 -0.02549499 0.04818779
v 0.007705748 -0.0264281 0.03803914
v 0.008789956 -0.02549499 0.04818779
v 0.006934285 -0.02664554 0.0381729
v 0.006934285 -0.02664554 0.0381729
v 0.008789956 -0.02549499 0.04818779
v 0.006818175 -0.02606874 0.04824805
v 0.006816446 -0.02667874 0.03819334
v 0.006818175 -0.02606874 0.04824805
v 0.006402075 -0.02618986 0.0482608
v 0.006816446 -0.02667874 0.03819334
v 0.006402075 -0.02618986 0.0482608
v 0.004588663 -0.02714043 0.03837418
v 0.004588663 -0.02714043 0.03837418
v 0.006402075 -0.02618986 0.0482608
v 0.003961801 -0.02666175 0.04831039
v 0.004588663 -0.02714043 0.03837418
v 0.003961801 -0.02666175 0.04831039
v 0.003646135 -0.02725297 0.0384016
v 0.003646135 -0.02725297 0.0384016
v 0.003961801 -0.02666175 0.04831039
v 0.003590226 -0.02670466 0.04831492
v 0.003646135 -0.02725297 0.0384016
v 0.003590226 -0.02670466 0.04831492
v 0.002056777 -0.02744269 0.03844773
v 0.002056777 -0.02744269 0.03844773
v 0.003590226 -0.02670466 0.04831492
v 0.002332389 -0.02684986 0.04833018
v 0.002056777 -0.02744269 0.03844773
v 0.002332389 -0.02684986 0.04833018
v 0.000238392 -0.0274983 0.03845757
v 0.000238392 -0.0274983 0.03845757
v 0.002332389 -0.02684986 0.04833018
v 0.000234546 -0.02693176 0.04833877
v 0.000238392 -0.0274983 0.03845757
v 0.000234546 -0.02693176 0.04833877
v -0.000336911 -0.02751594 0.03846067
v -0.000336911 -0.02751594 0.03846067
v 0.000234546 -0.02693176 0.04833877
v -0.000182055 -0.02694803 0.04834049
v -0.000336911 -0.02751594 0.03846067
v -0.000182055 -0.02694803 0.04834049
v -0.002656102 -0.0273922 0.03843778
v -0.002656102 -0.0273922 0.03843778
v -0.000182055 -0.02694803 0.04834049
v -0.00267142 -0.02681893 0.0483269
v -0.002656102 -0.0273922 0.03843778
v -0.00267142 -0.02681893 0.0483269
v -0.003184139 -0.02732062 0.03841906
v -0.003184139 -0.02732062 0.03841906
v -0.00267142 -0.02681893 0.0483269
v -0.003133118 -0.02675241 0.04831993
v -0.003184139 -0.02732062 0.03841906
v -0.003133118 -0.02675241 0.04831993
v -0.0048756 -0.02709138 0.03835904
v -0.0048756 -0.02709138 0.03835904
v -0.003133118 -0.02675241 0.04831993
v -0.005131185 -0.02646464 0.04828965
v -0.0048756 -0.02709138 0.03835904
v -0.005131185 -0.02646464 0.04828965
v -0.006487607 -0.02674406 0.03821671
v -0.005131185 -0.02646464 0.04828965
v -0.006384313 -0.02618694 0.0482605
v -0.006487607 -0.02674406 0.03821671
v -0.006487607 -0.02674406 0.03821671
v -0.006384313 -0.02618694 0.0482605
v -0.006671905 -0.02612316 0.04825377
v -0.006487607 -0.02674406 0.03821671
v -0.006671905 -0.02612316 0.04825377
v -0.006967127 -0.02664077 0.03817439
v -0.006967127 -0.02664077 0.03817439
v -0.006671905 -0.02612316 0.04825377
v -0.009072721 -0.02539658 0.04817742
v -0.006967127 -0.02664077 0.03817439
v -0.009072721 -0.02539658 0.04817742
v -0.007704198 -0.02642869 0.03803861
v -0.007704198 -0.02642869 0.03803861
v -0.009072721 -0.02539658 0.04817742
v -0.009483814 -0.02522927 0.04815983
v -0.007704198 -0.02642869 0.03803861
v -0.009483814 -0.02522927 0.04815983
v -0.00870949 -0.02613943 0.03785336
v -0.01160544 -0.02499997 0.03757095
v -0.01162368 -0.02506816 0.03613597
v -0.01120525 -0.02523159 0.0366559
v -0.01160544 -0.02499997 0.03757095
v -0.01120525 -0.02523159 0.0366559
v -0.01148796 -0.02499997 0.03856015
v -0.01148796 -0.02499997 0.03856015
v -0.01120525 -0.02523159 0.0366559
v -0.01080679 -0.02538788 0.03695535
v -0.01148796 -0.02499997 0.03856015
v -0.01080679 -0.02538788 0.03695535
v -0.01060128 -0.02546852 0.03710985
v -0.01060128 -0.02546852 0.03710985
v -0.009830474 -0.02575689 0.03749209
v -0.009483814 -0.02522927 0.04815983
v -0.009483814 -0.02522927 0.04815983
v -0.009653866 -0.02581715 0.03754901
v -0.00870949 -0.02613943 0.03785336
v -0.01060128 -0.02546852 0.03710985
v -0.009483814 -0.02522927 0.04815983
v -0.01148796 -0.02499997 0.03856015
v -0.01148796 -0.02499997 0.03856015
v -0.009483814 -0.02522927 0.04815983
v -0.01137793 -0.02445822 0.04807877
v -0.01148796 -0.02499997 0.03856015
v -0.01137793 -0.02445822 0.04807877
v -0.01260453 -0.02442044 0.03862035
v -0.01260453 -0.02442044 0.03862035
v -0.01137793 -0.02445822 0.04807877
v -0.01241081 -0.0239222 0.04802244
v -0.01260453 -0.02442044 0.03862035
v -0.01241081 -0.0239222 0.04802244
v -0.01362246 -0.02389204 0.03867518
v -0.01241081 -0.0239222 0.04802244
v -0.01358515 -0.02331274 0.04795837
v -0.01362246 -0.02389204 0.03867518
v -0.01362246 -0.02389204 0.03867518
v -0.01358515 -0.02331274 0.04795837
v -0.01501077 -0.02242767 0.04786539
v -0.01362246 -0.02389204 0.03867518
v -0.01501077 -0.02242767 0.04786539
v -0.01538556 -0.02277421 0.03878962
v -0.01556909 -0.02265787 0.03880155
v -0.01515787 -0.02231985 0.04785406
v -0.01702839 -0.02094864 0.04770994
v -0.01996064 -0.01821964 0.04722923
v -0.02022552 -0.01856541 0.03921282
v -0.01943349 -0.01876264 0.04744523
v -0.01943349 -0.01876264 0.04744523
v -0.02016639 -0.01863586 0.03920578
v -0.01865178 -0.01952993 0.04756081
v -0.01865178 -0.01952993 0.04756081
v -0.02016639 -0.01863586 0.03920578
v -0.01853948 -0.02027189 0.03904241
v -0.01865178 -0.01952993 0.04756081
v -0.01853948 -0.02027189 0.03904241
v -0.01766729 -0.02039027 0.04765123
v -0.01766729 -0.02039027 0.04765123
v -0.01853948 -0.02027189 0.03904241
v -0.01792913 -0.02080619 0.0389887
v -0.01766729 -0.02039027 0.04765123
v -0.01792913 -0.02080619 0.0389887
v -0.01702839 -0.02094864 0.04770994
v -0.01702839 -0.02094864 0.04770994
v -0.01792913 -0.02080619 0.0389887
v -0.01741755 -0.02125394 0.0389437
v -0.01702839 -0.02094864 0.04770994
v -0.01741755 -0.02125394 0.0389437
v -0.01556909 -0.02265787 0.03880155
v -0.02022552 -0.01856541 0.03921282
v -0.02006596 -0.01810765 0.04715484
v -0.02055287 -0.01758807 0.04679626
v -0.02105093 -0.01704776 0.04612481
v -0.02165037 -0.01686853 0.0393812
v -0.02022552 -0.01856541 0.03921282
v -0.02105093 -0.01704776 0.04612481
v -0.02022552 -0.01856541 0.03921282
v -0.02074152 -0.01738327 0.04659432
v 0.0128079 -0.02373319 0.0480026
v 0.01301527 -0.02424466 0.03827995
v 0.01472264 -0.0226165 0.04788523
v 0.01472264 -0.0226165 0.04788523
v 0.01301527 -0.02424466 0.03827995
v 0.01468008 -0.02328705 0.03811746
v 0.01472264 -0.0226165 0.04788523
v 0.01468008 -0.02328705 0.03811746
v 0.01550728 -0.02205669 0.0478264
v 0.01550728 -0.02205669 0.0478264
v 0.01468008 -0.02328705 0.03811746
v 0.01576632 -0.02255082 0.03792798
v 0.01550728 -0.02205669 0.0478264
v 0.01576632 -0.02255082 0.03792798
v 0.01675009 -0.02117002 0.04773318
v 0.01675009 -0.02117002 0.04773318
v 0.01576632 -0.02255082 0.03792798
v 0.01641118 -0.0221138 0.03781551
v 0.01675009 -0.02117002 0.04773318
v 0.01641118 -0.0221138 0.03781551
v 0.0179919 -0.02009904 0.04762065
v 0.01641118 -0.0221138 0.03781551
v 0.01805579 -0.02081429 0.03737998
v 0.0179919 -0.02009904 0.04762065
v 0.0179919 -0.02009904 0.04762065
v 0.01805579 -0.02081429 0.03737998
v 0.01831024 -0.0205819 0.03728687
v 0.0179919 -0.02009904 0.04762065
v 0.01831024 -0.0205819 0.03728687
v 0.01865178 -0.01952993 0.04756081
v 0.02006053 -0.01811134 0.04714471
v 0.01961219 -0.01858085 0.04738676
v 0.01831024 -0.0205819 0.03728687
v 0.01831024 -0.0205819 0.03728687
v 0.01961219 -0.01858085 0.04738676
v 0.01921951 -0.01897716 0.04749828
v 0.01831024 -0.0205819 0.03728687
v 0.01921951 -0.01897716 0.04749828
v 0.01865178 -0.01952993 0.04756081
v 0.01831024 -0.0205819 0.03728687
v 0.01952999 -0.01946806 0.03684073
v 0.02025842 -0.0179041 0.04703789
v 0.02025842 -0.0179041 0.04703789
v 0.01952999 -0.01946806 0.03684073
v 0.02060824 -0.01833361 0.03632044
v 0.02104669 -0.0170533 0.04612421
v 0.02060824 -0.01833361 0.03632044
v 0.02131563 -0.01676702 0.04557812
v 0.02060824 -0.01833361 0.03632044
v 0.02095776 -0.01714795 0.0463047
v 0.02047586 -0.01767128 0.04686808
v 0.02151083 -0.01659357 0.04471796
v 0.02060824 -0.01833361 0.03632044
v 0.02095037 -0.0179736 0.03615534
v 0.02151083 -0.01659357 0.04471796
v 0.02095037 -0.0179736 0.03615534
v 0.02224916 -0.01639413 0.03534501
v 0.02241307 -0.01723331 0.0339027
v 0.02331906 -0.01599395 0.03327667
v 0.02285325 -0.01602989 0.03396296
v 0.01472187 -0.02353614 0.03718608
v 0.01294034 -0.0246424 0.03721666
v 0.01361006 -0.02450996 0.03686141
v 0.01472187 -0.02353614 0.03718608
v 0.01361006 -0.02450996 0.03686141
v 0.01407396 -0.02441501 0.03665214
v 0.01193785 -0.02483135 0.03807032
v 0.01226872 -0.02477037 0.03768408
v 0.01284676 -0.02434158 0.0382964
v 0.01284676 -0.02434158 0.0382964
v 0.01226872 -0.02477037 0.03768408
v 0.01291441 -0.02457869 0.03734493
v 0.01301527 -0.02424466 0.03827995
v 0.01291441 -0.02457869 0.03734493
v 0.01472187 -0.02353614 0.03718608
v 0.01301527 -0.02424466 0.03827995
v 0.01472187 -0.02353614 0.03718608
v 0.01468008 -0.02328705 0.03811746
v 0.01537108 -0.02413648 0.03615039
v 0.01706689 -0.02360439 0.03563845
v 0.01665616 -0.02290689 0.03614014
v 0.01665616 -0.02290689 0.03614014
v 0.01706689 -0.02360439 0.03563845
v 0.01868581 -0.0222963 0.03524875
v 0.01665616 -0.02290689 0.03614014
v 0.01868581 -0.0222963 0.03524875
v 0.01827293 -0.02162367 0.03574782
v 0.01468008 -0.02328705 0.03811746
v 0.01472187 -0.02353614 0.03718608
v 0.01576632 -0.02255082 0.03792798
v 0.01576632 -0.02255082 0.03792798
v 0.01472187 -0.02353614 0.03718608
v 0.01642644 -0.02238476 0.03690272
v 0.01576632 -0.02255082 0.03792798
v 0.01642644 -0.02238476 0.03690272
v 0.01641118 -0.0221138 0.03781551
v 0.01641118 -0.0221138 0.03781551
v 0.01642644 -0.02238476 0.03690272
v 0.01804947 -0.02110815 0.03649365
v 0.01641118 -0.0221138 0.03781551
v 0.01804947 -0.02110815 0.03649365
v 0.01805579 -0.02081429 0.03737998
v 0.01805579 -0.02081429 0.03737998
v 0.01804947 -0.02110815 0.03649365
v 0.01831024 -0.0205819 0.03728687
v 0.01831024 -0.0205819 0.03728687
v 0.01804947 -0.02110815 0.03649365
v 0.0195083 -0.01978349 0.03598624
v 0.01831024 -0.0205819 0.03728687
v 0.0195083 -0.01978349 0.03598624
v 0.01952999 -0.01946806 0.03684073
v 0.02135688 -0.01961219 0.03422951
v 0.02112716 -0.01880645 0.03464001
v 0.02074575 -0.02027601 0.03449898
v 0.02074575 -0.02027601 0.03449898
v 0.02112716 -0.01880645 0.03464001
v 0.01972484 -0.02029067 0.03526103
v 0.02074575 -0.02027601 0.03449898
v 0.01972484 -0.02029067 0.03526103
v 0.02015089 -0.02092218 0.03476136
v 0.02015089 -0.02092218 0.03476136
v 0.01972484 -0.02029067 0.03526103
v 0.01827293 -0.02162367 0.03574782
v 0.02015089 -0.02092218 0.03476136
v 0.01827293 -0.02162367 0.03574782
v 0.01869493 -0.02228891 0.03524655
v 0.02377599 -0.01596629 0.03274971
v 0.02342575 -0.01598566 0.03311944
v 0.02282798 -0.01779174 0.03341305
v 0.02282798 -0.01779174 0.03341305
v 0.02342575 -0.01598566 0.03311944
v 0.02241307 -0.01723331 0.0339027
v 0.02271735 -0.01793116 0.03347635
v 0.02241307 -0.01723331 0.0339027
v 0.02112716 -0.01880645 0.03464001
v 0.02271735 -0.01793116 0.03347635
v 0.02112716 -0.01880645 0.03464001
v 0.02155071 -0.01940155 0.03414398
v 0.01407396 -0.02441501 0.03665214
v 0.01495647 -0.02406233 0.03641194
v 0.01472187 -0.02353614 0.03718608
v 0.01472187 -0.02353614 0.03718608
v 0.01495647 -0.02406233 0.03641194
v 0.01665616 -0.02290689 0.03614014
v 0.01472187 -0.02353614 0.03718608
v 0.01665616 -0.02290689 0.03614014
v 0.01642644 -0.02238476 0.03690272
v 0.01642644 -0.02238476 0.03690272
v 0.01665616 -0.02290689 0.03614014
v 0.01827293 -0.02162367 0.03574782
v 0.01642644 -0.02238476 0.03690272
v 0.01827293 -0.02162367 0.03574782
v 0.01804947 -0.02110815 0.03649365
v 0.01804947 -0.02110815 0.03649365
v 0.01827293 -0.02162367 0.03574782
v 0.01972484 -0.02029067 0.03526103
v 0.01804947 -0.02110815 0.03649365
v 0.01972484 -0.02029067 0.03526103
v 0.0195083 -0.01978349 0.03598624
v 0.0195083 -0.01978349 0.03598624
v 0.01972484 -0.02029067 0.03526103
v 0.02112716 -0.01880645 0.03464001
v 0.0195083 -0.01978349 0.03598624
v 0.02112716 -0.01880645 0.03464001
v 0.0209183 -0.01830983 0.03533959
v 0.0209183 -0.01830983 0.03533959
v 0.02112716 -0.01880645 0.03464001
v 0.02241307 -0.01723331 0.0339027
v 0.0209183 -0.01830983 0.03533959
v 0.02241307 -0.01723331 0.0339027
v 0.02221244 -0.01674872 0.03457254
v 0.02221244 -0.01674872 0.03457254
v 0.02241307 -0.01723331 0.0339027
v 0.02285325 -0.01602989 0.03396296
v 0.01952999 -0.01946806 0.03684073
v 0.0195083 -0.01978349 0.03598624
v 0.02060824 -0.01833361 0.03632044
v 0.02060824 -0.01833361 0.03632044
v 0.0195083 -0.01978349 0.03598624
v 0.0209183 -0.01830983 0.03533959
v 0.02060824 -0.01833361 0.03632044
v 0.0209183 -0.01830983 0.03533959
v 0.02095037 -0.0179736 0.03615534
v 0.02095037 -0.0179736 0.03615534
v 0.0209183 -0.01830983 0.03533959
v 0.02221244 -0.01674872 0.03457254
v 0.02095037 -0.0179736 0.03615534
v 0.02221244 -0.01674872 0.03457254
v 0.02224916 -0.01639413 0.03534501
v 0.02224916 -0.01639413 0.03534501
v 0.02221244 -0.01674872 0.03457254
v 0.0226742 -0.01605063 0.03435909
v 0.0192582 -0.02377367 0.0347082
v 0.02053177 -0.02375054 0.03406625
v 0.01869493 -0.02228891 0.03524655
v 0.02569586 -0.01587885 0.03108054
v 0.02450752 -0.01593285 0.0321117
v 0.02449929 -0.01955729 0.03209733
v 0.02449929 -0.01955729 0.03209733
v 0.02450752 -0.01593285 0.0321117
v 0.02407324 -0.01595264 0.03248864
v 0.02618563 -0.0158528 0.03058403
v 0.02623844 -0.01952344 0.03064453
v 0.02755546 -0.01578003 0.02919548
v 0.02755546 -0.01578003 0.02919548
v 0.02623844 -0.01952344 0.03064453
v 0.02788054 -0.01948887 0.02905285
v 0.03082215 -0.01555585 0.02491825
v 0.03051853 -0.0155785 0.02534979
v 0.03066939 -0.01720219 0.02547335
v 0.03066939 -0.01720219 0.02547335
v 0.03051853 -0.0155785 0.02534979
v 0.02926194 -0.01567208 0.02713567
v 0.03082215 -0.01555585 0.02491825
v 0.03066939 -0.01720219 0.02547335
v 0.03235995 -0.01542115 0.02234774
v 0.03235995 -0.01542115 0.02234774
v 0.03066939 -0.01720219 0.02547335
v 0.03307247 -0.01708877 0.0215913
v 0.03235995 -0.01542115 0.02234774
v 0.03307247 -0.01708877 0.0215913
v 0.03281372 -0.01537305 0.02142965
v 0.03281372 -0.01537305 0.02142965
v 0.03307247 -0.01708877 0.0215913
v 0.03441405 -0.01928418 0.01957309
v 0.03281372 -0.01537305 0.02142965
v 0.03441405 -0.01928418 0.01957309
v 0.03358411 -0.01529139 0.01987105
v 0.03535789 -0.01924335 0.01728338
v 0.03453868 -0.01516169 0.01739627
v 0.03441405 -0.01928418 0.01957309
v 0.03441405 -0.01928418 0.01957309
v 0.03453868 -0.01516169 0.01739627
v 0.03381836 -0.01525956 0.01926374
v 0.03441405 -0.01928418 0.01957309
v 0.03381836 -0.01525956 0.01926374
v 0.03358411 -0.01529139 0.01987105
v 0.03566807 -0.01492214 0.01282548
v 0.03529673 -0.01501774 0.01464992
v 0.0361039 -0.0192058 0.01489651
v 0.0361039 -0.0192058 0.01489651
v 0.03525876 -0.01502752 0.01483649
v 0.03535789 -0.01924335 0.01728338
v 0.03535789 -0.01924335 0.01728338
v 0.03525876 -0.01502752 0.01483649
v 0.0346508 -0.01514077 0.01699781
v 0.03535789 -0.01924335 0.01728338
v 0.0346508 -0.01514077 0.01699781
v 0.03453868 -0.01516169 0.01739627
v 0.03701823 -0.01915937 0.009817481
v 0.03710687 -0.01915782 0.007499992
v 0.03688788 -0.01786011 0.007499992
v 0.03574645 -0.01489031 0.01221823
v 0.03666746 -0.01917695 0.01240193
v 0.03600442 -0.01478552 0.01021873
v 0.03600442 -0.01478552 0.01021873
v 0.03666746 -0.01917695 0.01240193
v 0.03701823 -0.01915937 0.009817481
v 0.03600442 -0.01478552 0.01021873
v 0.03701823 -0.01915937 0.009817481
v 0.03602385 -0.01475942 0.009721219
v 0.03602385 -0.01475942 0.009721219
v 0.03701823 -0.01915937 0.009817481
v 0.03688788 -0.01786011 0.007499992
v 0.03602385 -0.01475942 0.009721219
v 0.03688788 -0.01786011 0.007499992
v 0.03611063 -0.01464301 0.007499992
v 0.03710687 -0.01915782 0.007499992
v 0.03701823 -0.01915937 0.009817481
v 0.03744351 -0.02115255 0.007499992
v 0.03744351 -0.02115255 0.007499992
v 0.03701823 -0.01915937 0.009817481
v 0.03766131 -0.0233702 0.008336365
v 0.03744351 -0.02115255 0.007499992
v 0.03766131 -0.0233702 0.008336365
v 0.03768831 -0.02336937 0.007499992
v 0.03699374 -0.02338689 0.01332938
v 0.03714638 -0.02338296 0.01249766
v 0.03666746 -0.01917695 0.01240193
v 0.03666746 -0.01917695 0.01240193
v 0.03714638 -0.02338296 0.01249766
v 0.03745031 -0.02337509 0.01084172
v 0.03666746 -0.01917695 0.01240193
v 0.03745031 -0.02337509 0.01084172
v 0.03701823 -0.01915937 0.009817481
v 0.03701823 -0.01915937 0.009817481
v 0.03745031 -0.02337509 0.01084172
v 0.03753256 -0.02337318 0.009865581
v 0.03701823 -0.01915937 0.009817481
v 0.03753256 -0.02337318 0.009865581
v 0.03766131 -0.0233702 0.008336365
v 0.0365616 -0.02339863 0.01498395
v 0.03699374 -0.02338689 0.01332938
v 0.0361039 -0.0192058 0.01489651
v 0.0361039 -0.0192058 0.01489651
v 0.03699374 -0.02338689 0.01332938
v 0.03666746 -0.01917695 0.01240193
v 0.0361039 -0.0192058 0.01489651
v 0.03666746 -0.01917695 0.01240193
v 0.03566807 -0.01492214 0.01282548
v 0.03566807 -0.01492214 0.01282548
v 0.03666746 -0.01917695 0.01240193
v 0.03574645 -0.01489031 0.01221823
v 0.0365616 -0.02339863 0.01498395
v 0.0361039 -0.0192058 0.01489651
v 0.0357424 -0.02342152 0.01738601
v 0.0357424 -0.02342152 0.01738601
v 0.0361039 -0.0192058 0.01489651
v 0.03535789 -0.01924335 0.01728338
v 0.03572243 -0.02342206 0.01743066
v 0.03535789 -0.01924335 0.01728338
v 0.03441405 -0.01928418 0.01957309
v 0.03572243 -0.02342206 0.01743066
v 0.03441405 -0.01928418 0.01957309
v 0.03470629 -0.02344846 0.01969766
v 0.03329956 -0.01932656 0.02173578
v 0.03349089 -0.02347892 0.02185654
v 0.03470629 -0.02344846 0.01969766
v 0.03208279 -0.01937127 0.02372056
v 0.03264796 -0.0235005 0.02315247
v 0.03329956 -0.01932656 0.02173578
v 0.03329956 -0.01932656 0.02173578
v 0.03264796 -0.0235005 0.02315247
v 0.03344428 -0.02348011 0.02193927
v 0.02907061 -0.02358675 0.02762335
v 0.02935135 -0.02358031 0.0272969
v 0.0294032 -0.01945292 0.02734476
v 0.0294032 -0.01945292 0.02734476
v 0.02935135 -0.02358031 0.0272969
v 0.03081601 -0.02354651 0.02559369
v 0.0294032 -0.01945292 0.02734476
v 0.03081601 -0.02354651 0.02559369
v 0.03079164 -0.01941365 0.02557462
v 0.03079164 -0.01941365 0.02557462
v 0.03095787 -0.02354323 0.02542871
v 0.03208279 -0.01937127 0.02372056
v 0.03208279 -0.01937127 0.02372056
v 0.03095787 -0.02354323 0.02542871
v 0.03217345 -0.02351248 0.02379161
v 0.03208279 -0.01937127 0.02372056
v 0.03217345 -0.02351248 0.02379161
v 0.03264796 -0.0235005 0.02315247
v 0.02776926 -0.0157665 0.02893739
v 0.02788054 -0.01948887 0.02905285
v 0.0294032 -0.01945292 0.02734476
v 0.0294032 -0.01945292 0.02734476
v 0.02788054 -0.01948887 0.02905285
v 0.0277574 -0.02361345 0.02892225
v 0.0294032 -0.01945292 0.02734476
v 0.0277574 -0.02361345 0.02892225
v 0.02907061 -0.02358675 0.02762335
v 0.02385032 -0.02368921 0.03213602
v 0.02429527 -0.02368074 0.03180354
v 0.02449929 -0.01955729 0.03209733
v 0.02449929 -0.01955729 0.03209733
v 0.02429527 -0.02368074 0.03180354
v 0.02623844 -0.01952344 0.03064453
v 0.02449929 -0.01955729 0.03209733
v 0.02623844 -0.01952344 0.03064453
v 0.02569586 -0.01587885 0.03108054
v 0.02569586 -0.01587885 0.03108054
v 0.02623844 -0.01952344 0.03064453
v 0.02618563 -0.0158528 0.03058403
v 0.02429527 -0.02368074 0.03180354
v 0.02595436 -0.02364915 0.03056401
v 0.02623844 -0.01952344 0.03064453
v 0.02623844 -0.01952344 0.03064453
v 0.0260843 -0.02364665 0.03045254
v 0.02788054 -0.01948887 0.02905285
v 0.02788054 -0.01948887 0.02905285
v 0.0260843 -0.02364665 0.03045254
v 0.02703416 -0.02362817 0.02963769
v 0.02788054 -0.01948887 0.02905285
v 0.02703416 -0.02362817 0.02963769
v 0.0277574 -0.02361345 0.02892225
v 0.01869493 -0.02228891 0.03524655
v 0.02053177 -0.02375054 0.03406625
v 0.02015089 -0.02092218 0.03476136
v 0.02385032 -0.02368921 0.03213602
v 0.02449929 -0.01955729 0.03209733
v 0.02244156 -0.02371549 0.03300851
v 0.02244156 -0.02371549 0.03300851
v 0.02449929 -0.01955729 0.03209733
v 0.02267736 -0.01959019 0.03340834
v 0.02244156 -0.02371549 0.03300851
v 0.02267736 -0.01959019 0.03340834
v 0.02161669 -0.02373087 0.03351944
v 0.02161669 -0.02373087 0.03351944
v 0.02267736 -0.01959019 0.03340834
v 0.02135688 -0.01961219 0.03422951
v 0.02161669 -0.02373087 0.03351944
v 0.02135688 -0.01961219 0.03422951
v 0.02053177 -0.02375054 0.03406625
v 0.02053177 -0.02375054 0.03406625
v 0.02135688 -0.01961219 0.03422951
v 0.02074575 -0.02027601 0.03449898
v 0.02053177 -0.02375054 0.03406625
v 0.02074575 -0.02027601 0.03449898
v 0.02015089 -0.02092218 0.03476136
v 0.0192582 -0.02377367 0.0347082
v 0.01869493 -0.02228891 0.03524655
v 0.0185765 -0.02378553 0.03497904
v 0.0185765 -0.02378553 0.03497904
v 0.01868581 -0.0222963 0.03524875
v 0.01706689 -0.02360439 0.03563845
v 0.02449929 -0.01955729 0.03209733
v 0.02398097 -0.01610004 0.03256613
v 0.02282798 -0.01779174 0.03341305
v 0.02449929 -0.01955729 0.03209733
v 0.02282798 -0.01779174 0.03341305
v 0.02267736 -0.01959019 0.03340834
v 0.02267736 -0.01959019 0.03340834
v 0.02271735 -0.01793116 0.03347635
v 0.02155071 -0.01940155 0.03414398
v 0.03470629 -0.02344846 0.01969766
v 0.03441405 -0.01928418 0.01957309
v 0.03329956 -0.01932656 0.02173578
v 0.03329956 -0.01932656 0.02173578
v 0.03441405 -0.01928418 0.01957309
v 0.03307247 -0.01708877 0.0215913
v 0.03329956 -0.01932656 0.02173578
v 0.03307247 -0.01708877 0.0215913
v 0.03208279 -0.01937127 0.02372056
v 0.03208279 -0.01937127 0.02372056
v 0.03307247 -0.01708877 0.0215913
v 0.03066939 -0.01720219 0.02547335
v 0.03208279 -0.01937127 0.02372056
v 0.03066939 -0.01720219 0.02547335
v 0.03079164 -0.01941365 0.02557462
v 0.03079164 -0.01941365 0.02557462
v 0.03066939 -0.01720219 0.02547335
v 0.02926194 -0.01567208 0.02713567
v 0.03079164 -0.01941365 0.02557462
v 0.02926194 -0.01567208 0.02713567
v 0.0294032 -0.01945292 0.02734476
v 0.0294032 -0.01945292 0.02734476
v 0.02922511 -0.01567441 0.02718013
v 0.02776926 -0.0157665 0.02893739
v 0.02199995 -0.02499997 0.007499992
v 0.02199995 -0.01464301 0.007499992
v 0.03310555 -0.01464301 0.007499992
v 0.03688788 -0.01786011 0.007499992
v 0.03710687 -0.01915782 0.007499992
v 0.03460574 -0.01464301 0.007499992
v 0.03611063 -0.01464301 0.007499992
v 0.03768831 -0.02336937 0.007499992
v 0.03744351 -0.02115255 0.007499992
v 0.02836716 -0.02360147 -0.0283606
v 0.0277599 -0.02361351 -0.02892363
v 0.02788048 -0.01948887 -0.02905291
v 0.03603833 -0.01475948 -0.009721875
v 0.03611063 -0.01464301 -0.007499992
v 0.03667324 -0.01686573 -0.007499992
v 0.03603833 -0.01475948 -0.009721875
v 0.03667324 -0.01686573 -0.007499992
v 0.03701823 -0.01915937 -0.009817481
v 0.03528743 -0.01501762 -0.01464802
v 0.03573817 -0.01490002 -0.0124039
v 0.03666746 -0.01917695 -0.01240193
v 0.03666746 -0.01917695 -0.01240193
v 0.03575921 -0.01489043 -0.01222008
v 0.03701823 -0.01915937 -0.009817481
v 0.03701823 -0.01915937 -0.009817481
v 0.03575921 -0.01489043 -0.01222008
v 0.03603577 -0.01476353 -0.00979954
v 0.03535789 -0.01924335 -0.01728343
v 0.03464323 -0.01514065 -0.01699548
v 0.0361039 -0.0192058 -0.01489657
v 0.0361039 -0.0192058 -0.01489657
v 0.03464323 -0.01514065 -0.01699548
v 0.03520053 -0.01504033 -0.01508045
v 0.0361039 -0.0192058 -0.01489657
v 0.03520053 -0.01504033 -0.01508045
v 0.03528743 -0.01501762 -0.01464802
v 0.03441405 -0.01928418 -0.01957315
v 0.0332995 -0.01932656 -0.02173584
v 0.03281646 -0.01537311 -0.02143102
v 0.03281646 -0.01537311 -0.02143102
v 0.03352057 -0.0152989 -0.02001446
v 0.03441405 -0.01928418 -0.01957315
v 0.03441405 -0.01928418 -0.01957315
v 0.03352057 -0.0152989 -0.02001446
v 0.03381699 -0.0152595 -0.01926302
v 0.03441405 -0.01928418 -0.01957315
v 0.03381699 -0.0152595 -0.01926302
v 0.03535789 -0.01924335 -0.01728343
v 0.03535789 -0.01924335 -0.01728343
v 0.03381699 -0.0152595 -0.01926302
v 0.03445136 -0.01517522 -0.01765459
v 0.03535789 -0.01924335 -0.01728343
v 0.03445136 -0.01517522 -0.01765459
v 0.03464323 -0.01514065 -0.01699548
v 0.03079164 -0.01941365 -0.02557468
v 0.0310176 -0.01554 -0.02461493
v 0.03208273 -0.01937127 -0.02372062
v 0.03208273 -0.01937127 -0.02372062
v 0.0310176 -0.01554 -0.02461493
v 0.03171032 -0.01547861 -0.02344429
v 0.03208273 -0.01937127 -0.02372062
v 0.03171032 -0.01547861 -0.02344429
v 0.0332995 -0.01932656 -0.02173584
v 0.0332995 -0.01932656 -0.02173584
v 0.03171032 -0.01547861 -0.02344429
v 0.03236955 -0.01542025 -0.02233028
v 0.0332995 -0.01932656 -0.02173584
v 0.03236955 -0.01542025 -0.02233028
v 0.03281646 -0.01537311 -0.02143102
v 0.02940315 -0.01945292 -0.02734482
v 0.02947026 -0.0156576 -0.0268591
v 0.03079164 -0.01941365 -0.02557468
v 0.03079164 -0.01941365 -0.02557468
v 0.02947026 -0.0156576 -0.0268591
v 0.03051322 -0.01557832 -0.02534645
v 0.03079164 -0.01941365 -0.02557468
v 0.03051322 -0.01557832 -0.02534645
v 0.0310176 -0.01554 -0.02461493
v 0.02623838 -0.01952344 -0.03064459
v 0.02777308 -0.01576668 -0.02893996
v 0.02788048 -0.01948887 -0.02905291
v 0.02788048 -0.01948887 -0.02905291
v 0.02790778 -0.01575922 -0.02879852
v 0.02940315 -0.01945292 -0.02734482
v 0.02940315 -0.01945292 -0.02734482
v 0.02790778 -0.01575922 -0.02879852
v 0.02921688 -0.01567411 -0.02717363
v 0.02450418 -0.01593267 -0.03210824
v 0.02607792 -0.0158599 -0.03071916
v 0.02623838 -0.01952344 -0.03064459
v 0.02623838 -0.01952344 -0.03064459
v 0.02619636 -0.0158534 -0.03059488
v 0.02777308 -0.01576668 -0.02893996
v 0.02298414 -0.0175774 -0.03331017
v 0.02449923 -0.01955729 -0.03209739
v 0.02271336 -0.01792532 -0.03347021
v 0.02271336 -0.01792532 -0.03347021
v 0.02449923 -0.01955729 -0.03209739
v 0.02267724 -0.01959019 -0.0334084
v 0.02271336 -0.01792532 -0.03347021
v 0.02267724 -0.01959019 -0.0334084
v 0.02172136 -0.01919996 -0.03405666
v 0.02172136 -0.01919996 -0.03405666
v 0.02267724 -0.01959019 -0.0334084
v 0.02134907 -0.01961213 -0.03422653
v 0.01677817 -0.02381694 -0.03569358
v 0.01741659 -0.02333885 -0.03556609
v 0.01857644 -0.02378553 -0.03497928
v 0.01857644 -0.02378553 -0.03497928
v 0.01741659 -0.02333885 -0.03556609
v 0.01868253 -0.02228188 -0.03523749
v 0.01857644 -0.02378553 -0.03497928
v 0.01868253 -0.02228188 -0.03523749
v 0.01925265 -0.02377372 -0.03471064
v 0.01925265 -0.02377372 -0.03471064
v 0.01902782 -0.02199357 -0.03514784
v 0.02053171 -0.02375054 -0.03406637
v 0.01902782 -0.02199357 -0.03514784
v 0.02033412 -0.02073562 -0.03468972
v 0.02053171 -0.02375054 -0.03406637
v 0.02053171 -0.02375054 -0.03406637
v 0.02033412 -0.02073562 -0.03468972
v 0.02074664 -0.02027904 -0.03450149
v 0.02053171 -0.02375054 -0.03406637
v 0.02074664 -0.02027904 -0.03450149
v 0.02161049 -0.02373099 -0.0335229
v 0.02161049 -0.02373099 -0.0335229
v 0.02074664 -0.02027904 -0.03450149
v 0.02134907 -0.01961213 -0.03422653
v 0.02161049 -0.02373099 -0.0335229
v 0.02134907 -0.01961213 -0.03422653
v 0.02244138 -0.02371549 -0.03300845
v 0.02244138 -0.02371549 -0.03300845
v 0.02134907 -0.01961213 -0.03422653
v 0.02267724 -0.01959019 -0.0334084
v 0.02244138 -0.02371549 -0.03300845
v 0.02267724 -0.01959019 -0.0334084
v 0.0238496 -0.02368927 -0.03213649
v 0.0238496 -0.02368927 -0.03213649
v 0.02267724 -0.01959019 -0.0334084
v 0.02449923 -0.01955729 -0.03209739
v 0.0238496 -0.02368927 -0.03213649
v 0.02449923 -0.01955729 -0.03209739
v 0.02429515 -0.02368074 -0.03180348
v 0.02429515 -0.02368074 -0.03180348
v 0.02449923 -0.01955729 -0.03209739
v 0.02596306 -0.02364897 -0.03055685
v 0.02623838 -0.01952344 -0.03064459
v 0.02596306 -0.02364897 -0.03055685
v 0.02449923 -0.01955729 -0.03209739
v 0.02623838 -0.01952344 -0.03064459
v 0.02449923 -0.01955729 -0.03209739
v 0.02450418 -0.01593267 -0.03210824
v 0.02450418 -0.01593267 -0.03210824
v 0.02449923 -0.01955729 -0.03209739
v 0.02298414 -0.0175774 -0.03331017
v 0.02450418 -0.01593267 -0.03210824
v 0.02298414 -0.0175774 -0.03331017
v 0.02407324 -0.01595264 -0.03248864
v 0.02788048 -0.01948887 -0.02905291
v 0.0277599 -0.02361351 -0.02892363
v 0.02623838 -0.01952344 -0.03064459
v 0.02623838 -0.01952344 -0.03064459
v 0.0277599 -0.02361351 -0.02892363
v 0.02630048 -0.02364248 -0.03027671
v 0.02836716 -0.02360147 -0.0283606
v 0.02788048 -0.01948887 -0.02905291
v 0.02934008 -0.02358007 -0.02728635
v 0.02934008 -0.02358007 -0.02728635
v 0.02788048 -0.01948887 -0.02905291
v 0.02940315 -0.01945292 -0.02734482
v 0.02934008 -0.02358007 -0.02728635
v 0.02940315 -0.01945292 -0.02734482
v 0.03034925 -0.02355796 -0.02617216
v 0.03034925 -0.02355796 -0.02617216
v 0.02940315 -0.01945292 -0.02734482
v 0.03079164 -0.01941365 -0.02557468
v 0.03034925 -0.02355796 -0.02617216
v 0.03079164 -0.01941365 -0.02557468
v 0.03080523 -0.02354663 -0.02558583
v 0.03080523 -0.02354663 -0.02558583
v 0.03079164 -0.01941365 -0.02557468
v 0.03208273 -0.01937127 -0.02372062
v 0.03080523 -0.02354663 -0.02558583
v 0.03208273 -0.01937127 -0.02372062
v 0.03217017 -0.02351272 -0.02383059
v 0.03217017 -0.02351272 -0.02383059
v 0.03208273 -0.01937127 -0.02372062
v 0.03292959 -0.02349328 -0.02273678
v 0.03292959 -0.02349328 -0.02273678
v 0.03208273 -0.01937127 -0.02372062
v 0.0332995 -0.01932656 -0.02173584
v 0.03292959 -0.02349328 -0.02273678
v 0.0332995 -0.01932656 -0.02173584
v 0.03347116 -0.02347958 -0.0218445
v 0.03347116 -0.02347958 -0.0218445
v 0.0332995 -0.01932656 -0.02173584
v 0.03427052 -0.02345937 -0.0205273
v 0.03427052 -0.02345937 -0.0205273
v 0.0332995 -0.01932656 -0.02173584
v 0.03441405 -0.01928418 -0.01957315
v 0.03427052 -0.02345937 -0.0205273
v 0.03441405 -0.01928418 -0.01957315
v 0.03467053 -0.02344924 -0.01971
v 0.03467053 -0.02344924 -0.01971
v 0.03441405 -0.01928418 -0.01957315
v 0.03538459 -0.02343112 -0.01825076
v 0.03538459 -0.02343112 -0.01825076
v 0.03441405 -0.01928418 -0.01957315
v 0.03535789 -0.01924335 -0.01728343
v 0.03538459 -0.02343112 -0.01825076
v 0.03535789 -0.01924335 -0.01728343
v 0.03569948 -0.02342247 -0.01742208
v 0.03569948 -0.02342247 -0.01742208
v 0.03535789 -0.01924335 -0.01728343
v 0.03627783 -0.02340662 -0.01590019
v 0.03627783 -0.02340662 -0.01590019
v 0.03535789 -0.01924335 -0.01728343
v 0.0361039 -0.0192058 -0.01489657
v 0.03627783 -0.02340662 -0.01590019
v 0.0361039 -0.0192058 -0.01489657
v 0.0365321 -0.02339953 -0.01502847
v 0.03528743 -0.01501762 -0.01464802
v 0.03666746 -0.01917695 -0.01240193
v 0.0361039 -0.0192058 -0.01489657
v 0.0361039 -0.0192058 -0.01489657
v 0.03666746 -0.01917695 -0.01240193
v 0.03681933 -0.02339154 -0.01404374
v 0.0361039 -0.0192058 -0.01489657
v 0.03681933 -0.02339154 -0.01404374
v 0.0365321 -0.02339953 -0.01502847
v 0.03762274 -0.0233711 -0.009067356
v 0.03753364 -0.02337324 -0.009864985
v 0.03701823 -0.01915937 -0.009817481
v 0.03701823 -0.01915937 -0.009817481
v 0.03753364 -0.02337324 -0.009864985
v 0.03734576 -0.02337777 -0.01154679
v 0.03701823 -0.01915937 -0.009817481
v 0.03734576 -0.02337777 -0.01154679
v 0.03666746 -0.01917695 -0.01240193
v 0.03666746 -0.01917695 -0.01240193
v 0.03734576 -0.02337777 -0.01154679
v 0.03714549 -0.02338302 -0.01249676
v 0.03666746 -0.01917695 -0.01240193
v 0.03714549 -0.02338302 -0.01249676
v 0.03681933 -0.02339154 -0.01404374
v 0.03768831 -0.02336937 -0.007499992
v 0.03762274 -0.0233711 -0.009067356
v 0.03728938 -0.02008843 -0.007499992
v 0.03728938 -0.02008843 -0.007499992
v 0.03762274 -0.0233711 -0.009067356
v 0.03701823 -0.01915937 -0.009817481
v 0.03728938 -0.02008843 -0.007499992
v 0.03701823 -0.01915937 -0.009817481
v 0.0371114 -0.01915752 -0.007499992
v 0.0371114 -0.01915752 -0.007499992
v 0.03701823 -0.01915937 -0.009817481
v 0.03667324 -0.01686573 -0.007499992
v 0.02299088 -0.01601707 -0.03371882
v 0.02330619 -0.01599359 -0.03327035
v 0.02257078 -0.01702368 -0.03379875
v 0.02333682 -0.01599133 -0.03322678
v 0.02407324 -0.01595264 -0.03248864
v 0.02298414 -0.0175774 -0.03331017
v 0.01301586 -0.02424502 -0.0382803
v 0.01239019 -0.02474778 -0.03758138
v 0.01202815 -0.02481484 -0.0379374
v 0.01330441 -0.02436846 -0.03732049
v 0.01271712 -0.02468544 -0.03735679
v 0.01301586 -0.02424502 -0.0382803
v 0.01416611 -0.02439588 -0.03661304
v 0.01330441 -0.02436846 -0.03732049
v 0.01508653 -0.0233047 -0.03713697
v 0.01416611 -0.02439588 -0.03661304
v 0.01508653 -0.0233047 -0.03713697
v 0.01456403 -0.02431011 -0.03646075
v 0.01700288 -0.02264779 -0.03606778
v 0.01677817 -0.02381694 -0.03569358
v 0.01532018 -0.02383023 -0.03636485
v 0.01330441 -0.02436846 -0.03732049
v 0.0132423 -0.02412927 -0.03826802
v 0.01505076 -0.02305114 -0.03806507
v 0.01330441 -0.02436846 -0.03732049
v 0.01505076 -0.02305114 -0.03806507
v 0.01508653 -0.0233047 -0.03713697
v 0.01508653 -0.0233047 -0.03713697
v 0.01505076 -0.02305114 -0.03806507
v 0.01576566 -0.0225504 -0.03792744
v 0.01508653 -0.0233047 -0.03713697
v 0.01576566 -0.0225504 -0.03792744
v 0.01677441 -0.02212685 -0.03682726
v 0.01576566 -0.0225504 -0.03792744
v 0.0167641 -0.02185106 -0.03773516
v 0.01677441 -0.02212685 -0.03682726
v 0.01677441 -0.02212685 -0.03682726
v 0.0167641 -0.02185106 -0.03773516
v 0.01831483 -0.02058649 -0.03729248
v 0.01677441 -0.02212685 -0.03682726
v 0.01831483 -0.02058649 -0.03729248
v 0.01838237 -0.0208218 -0.03639054
v 0.01838237 -0.0208218 -0.03639054
v 0.01839256 -0.02052307 -0.0372703
v 0.01971578 -0.01928454 -0.03676116
v 0.02074664 -0.02027904 -0.03450149
v 0.02033412 -0.02073562 -0.03468972
v 0.01990801 -0.02010864 -0.03518909
v 0.01990801 -0.02010864 -0.03518909
v 0.02033412 -0.02073562 -0.03468972
v 0.01902782 -0.02199357 -0.03514784
v 0.01990801 -0.02010864 -0.03518909
v 0.01902782 -0.02199357 -0.03514784
v 0.01860433 -0.02133566 -0.03564894
v 0.01860433 -0.02133566 -0.03564894
v 0.01902782 -0.02199357 -0.03514784
v 0.01868253 -0.02228188 -0.03523749
v 0.01860433 -0.02133566 -0.03564894
v 0.01868253 -0.02228188 -0.03523749
v 0.01700288 -0.02264779 -0.03606778
v 0.01700288 -0.02264779 -0.03606778
v 0.01868253 -0.02228188 -0.03523749
v 0.01741659 -0.02333885 -0.03556609
v 0.01700288 -0.02264779 -0.03606778
v 0.01741659 -0.02333885 -0.03556609
v 0.01677817 -0.02381694 -0.03569358
v 0.02060538 -0.01833117 -0.03631716
v 0.0210908 -0.01811444 -0.03524798
v 0.01971578 -0.01928454 -0.03676116
v 0.01971578 -0.01928454 -0.03676116
v 0.0210908 -0.01811444 -0.03524798
v 0.01969242 -0.01960271 -0.03591132
v 0.01971578 -0.01928454 -0.03676116
v 0.01969242 -0.01960271 -0.03591132
v 0.01838237 -0.0208218 -0.03639054
v 0.02074664 -0.02027904 -0.03450149
v 0.01990801 -0.02010864 -0.03518909
v 0.02134907 -0.01961213 -0.03422653
v 0.02134907 -0.01961213 -0.03422653
v 0.01990801 -0.02010864 -0.03518909
v 0.02129858 -0.01860964 -0.03455203
v 0.02134907 -0.01961213 -0.03422653
v 0.02129858 -0.01860964 -0.03455203
v 0.02172136 -0.01919996 -0.03405666
v 0.02060538 -0.01833117 -0.03631716
v 0.0211237 -0.01777571 -0.03605848
v 0.0210908 -0.01811444 -0.03524798
v 0.0210908 -0.01811444 -0.03524798
v 0.0211237 -0.01777571 -0.03605848
v 0.02240818 -0.01618403 -0.03523099
v 0.0210908 -0.01811444 -0.03524798
v 0.02240818 -0.01618403 -0.03523099
v 0.02237117 -0.01654076 -0.03446441
v 0.01456403 -0.02431011 -0.03646075
v 0.01508653 -0.0233047 -0.03713697
v 0.01532018 -0.02383023 -0.03636485
v 0.01532018 -0.02383023 -0.03636485
v 0.01508653 -0.0233047 -0.03713697
v 0.01677441 -0.02212685 -0.03682726
v 0.01532018 -0.02383023 -0.03636485
v 0.01677441 -0.02212685 -0.03682726
v 0.01700288 -0.02264779 -0.03606778
v 0.01700288 -0.02264779 -0.03606778
v 0.01677441 -0.02212685 -0.03682726
v 0.01838237 -0.0208218 -0.03639054
v 0.01700288 -0.02264779 -0.03606778
v 0.01838237 -0.0208218 -0.03639054
v 0.01860433 -0.02133566 -0.03564894
v 0.01860433 -0.02133566 -0.03564894
v 0.01838237 -0.0208218 -0.03639054
v 0.01969242 -0.01960271 -0.03591132
v 0.01860433 -0.02133566 -0.03564894
v 0.01969242 -0.01960271 -0.03591132
v 0.01990801 -0.02010864 -0.03518909
v 0.01990801 -0.02010864 -0.03518909
v 0.01969242 -0.01960271 -0.03591132
v 0.0210908 -0.01811444 -0.03524798
v 0.01990801 -0.02010864 -0.03518909
v 0.0210908 -0.01811444 -0.03524798
v 0.02129858 -0.01860964 -0.03455203
v 0.02129858 -0.01860964 -0.03455203
v 0.0210908 -0.01811444 -0.03524798
v 0.02237117 -0.01654076 -0.03446441
v 0.02129858 -0.01860964 -0.03455203
v 0.02237117 -0.01654076 -0.03446441
v 0.02257078 -0.01702368 -0.03379875
v 0.02257078 -0.01702368 -0.03379875
v 0.02237117 -0.01654076 -0.03446441
v 0.02276575 -0.01604253 -0.03420358
v 0.02172136 -0.01919996 -0.03405666
v 0.02129858 -0.01860964 -0.03455203
v 0.02271336 -0.01792532 -0.03347021
v 0.02271336 -0.01792532 -0.03347021
v 0.02129858 -0.01860964 -0.03455203
v 0.02257078 -0.01702368 -0.03379875
v 0.02271336 -0.01792532 -0.03347021
v 0.02257078 -0.01702368 -0.03379875
v 0.02298414 -0.0175774 -0.03331017
v 0.02298414 -0.0175774 -0.03331017
v 0.02257078 -0.01702368 -0.03379875
v 0.02330619 -0.01599359 -0.03327035
v 0.01241409 -0.0248667 -0.03722882
v 0.01271712 -0.02468544 -0.03735679
v 0.01315307 -0.02480059 -0.03674709
v 0.01271712 -0.02468544 -0.03735679
v 0.01334089 -0.02456402 -0.0369938
v 0.01315307 -0.02480059 -0.03674709
v 0.01219475 -0.02496629 -0.03702127
v 0.01315307 -0.02480059 -0.03674709
v 0.01293468 -0.02494925 -0.03646028
v 0.01293468 -0.02494925 -0.03646028
v 0.01399511 -0.02472037 -0.03632968
v 0.01378107 -0.02492839 -0.03597503
v 0.01378107 -0.02492839 -0.03597503
v 0.01399511 -0.02472037 -0.03632968
v 0.01527988 -0.02458703 -0.03583484
v 0.01378107 -0.02492839 -0.03597503
v 0.01527988 -0.02458703 -0.03583484
v 0.01507937 -0.02489292 -0.03540199
v 0.01399511 -0.02472037 -0.03632968
v 0.01456403 -0.02431011 -0.03646075
v 0.01527988 -0.02458703 -0.03583484
v 0.01671558 -0.02428704 -0.03551501
v 0.01547026 -0.02411419 -0.03611707
v 0.01677817 -0.02381694 -0.03569358
v 0.01527988 -0.02458703 -0.03583484
v 0.01660478 -0.02466732 -0.03519892
v 0.01507937 -0.02489292 -0.03540199
v 0.01196503 -0.02499997 -0.03680402
v 0.01219475 -0.02496629 -0.03702127
v 0.01293468 -0.02494925 -0.03646028
v 0.01196503 -0.02499997 -0.03680402
v 0.01293468 -0.02494925 -0.03646028
v 0.01270043 -0.02499997 -0.0361526
v 0.01270043 -0.02499997 -0.0361526
v 0.01293468 -0.02494925 -0.03646028
v 0.01378107 -0.02492839 -0.03597503
v 0.01270043 -0.02499997 -0.0361526
v 0.01378107 -0.02492839 -0.03597503
v 0.01354449 -0.02499997 -0.03558301
v 0.01354449 -0.02499997 -0.03558301
v 0.01378107 -0.02492839 -0.03597503
v 0.01507937 -0.02489292 -0.03540199
v 0.01354449 -0.02499997 -0.03558301
v 0.01507937 -0.02489292 -0.03540199
v 0.01484543 -0.02499997 -0.03489702
v 0.01484543 -0.02499997 -0.03489702
v 0.01507937 -0.02489292 -0.03540199
v 0.01645839 -0.02491438 -0.03478139
v 0.01484543 -0.02499997 -0.03489702
v 0.01645839 -0.02491438 -0.03478139
v 0.0162931 -0.02499997 -0.03431004
v 0.03754836 -0.02398347 -0.009062588
v 0.03759735 -0.02397525 -0.007499992
v 0.03746604 -0.02429479 -0.007499992
v 0.03754836 -0.02398347 -0.009062588
v 0.03727006 -0.02398818 -0.01153445
v 0.03734576 -0.02337777 -0.01154679
v 0.03768831 -0.02336937 -0.007499992
v 0.03765749 -0.02382886 -0.007499992
v 0.03762274 -0.0233711 -0.009067356
v 0.03762274 -0.0233711 -0.009067356
v 0.03765749 -0.02382886 -0.007499992
v 0.03754836 -0.02398347 -0.009062588
v 0.03762274 -0.0233711 -0.009067356
v 0.03754836 -0.02398347 -0.009062588
v 0.03753364 -0.02337324 -0.009864985
v 0.03753364 -0.02337324 -0.009864985
v 0.03754836 -0.02398347 -0.009062588
v 0.03734576 -0.02337777 -0.01154679
v 0.03619611 -0.02400869 -0.01587331
v 0.0365321 -0.02339953 -0.01502847
v 0.03674072 -0.02399796 -0.01402348
v 0.03674072 -0.02399796 -0.01402348
v 0.0365321 -0.02339953 -0.01502847
v 0.03681933 -0.02339154 -0.01404374
v 0.03674072 -0.02399796 -0.01402348
v 0.03681933 -0.02339154 -0.01404374
v 0.03727006 -0.02398818 -0.01153445
v 0.03727006 -0.02398818 -0.01153445
v 0.03681933 -0.02339154 -0.01404374
v 0.03714549 -0.02338302 -0.01249676
v 0.03727006 -0.02398818 -0.01153445
v 0.03714549 -0.02338302 -0.01249676
v 0.03734576 -0.02337777 -0.01154679
v 0.0352987 -0.02402591 -0.01821345
v 0.03569948 -0.02342247 -0.01742208
v 0.03619611 -0.02400869 -0.01587331
v 0.03619611 -0.02400869 -0.01587331
v 0.03569948 -0.02342247 -0.01742208
v 0.03627783 -0.02340662 -0.01590019
v 0.03619611 -0.02400869 -0.01587331
v 0.03627783 -0.02340662 -0.01590019
v 0.0365321 -0.02339953 -0.01502847
v 0.03418081 -0.02404576 -0.02047824
v 0.03467053 -0.02344924 -0.01971
v 0.0352987 -0.02402591 -0.01821345
v 0.0352987 -0.02402591 -0.01821345
v 0.03467053 -0.02344924 -0.01971
v 0.03538459 -0.02343112 -0.01825076
v 0.0352987 -0.02402591 -0.01821345
v 0.03538459 -0.02343112 -0.01825076
v 0.03569948 -0.02342247 -0.01742208
v 0.03207463 -0.02408283 -0.02376168
v 0.03292959 -0.02349328 -0.02273678
v 0.03283619 -0.02406936 -0.02267456
v 0.03283619 -0.02406936 -0.02267456
v 0.03292959 -0.02349328 -0.02273678
v 0.03347116 -0.02347958 -0.0218445
v 0.03283619 -0.02406936 -0.02267456
v 0.03347116 -0.02347958 -0.0218445
v 0.03418081 -0.02404576 -0.02047824
v 0.03418081 -0.02404576 -0.02047824
v 0.03347116 -0.02347958 -0.0218445
v 0.03427052 -0.02345937 -0.0205273
v 0.03418081 -0.02404576 -0.02047824
v 0.03427052 -0.02345937 -0.0205273
v 0.03467053 -0.02344924 -0.01971
v 0.03024941 -0.02411395 -0.02608847
v 0.03080523 -0.02354663 -0.02558583
v 0.03207463 -0.02408283 -0.02376168
v 0.03207463 -0.02408283 -0.02376168
v 0.03080523 -0.02354663 -0.02558583
v 0.03217017 -0.02351272 -0.02383059
v 0.03207463 -0.02408283 -0.02376168
v 0.03217017 -0.02351272 -0.02383059
v 0.03292959 -0.02349328 -0.02273678
v 0.0277599 -0.02361351 -0.02892363
v 0.02836716 -0.02360147 -0.0283606
v 0.02826601 -0.02414357 -0.02826136
v 0.02826601 -0.02414357 -0.02826136
v 0.02836716 -0.02360147 -0.0283606
v 0.02934008 -0.02358007 -0.02728635
v 0.02826601 -0.02414357 -0.02826136
v 0.02934008 -0.02358007 -0.02728635
v 0.03024941 -0.02411395 -0.02608847
v 0.03024941 -0.02411395 -0.02608847
v 0.02934008 -0.02358007 -0.02728635
v 0.03034925 -0.02355796 -0.02617216
v 0.03024941 -0.02411395 -0.02608847
v 0.03034925 -0.02355796 -0.02617216
v 0.03080523 -0.02354663 -0.02558583
v 0.0277599 -0.02361351 -0.02892363
v 0.02826601 -0.02414357 -0.02826136
v 0.02630048 -0.02364248 -0.03027671
v 0.02630048 -0.02364248 -0.03027671
v 0.02826601 -0.02414357 -0.02826136
v 0.02620249 -0.02417135 -0.03016072
v 0.02608609 -0.02364659 -0.03045475
v 0.02620249 -0.02417135 -0.03016072
v 0.02586573 -0.0241757 -0.03043824
v 0.02596306 -0.02364897 -0.03055685
v 0.02586573 -0.0241757 -0.03043824
v 0.02429515 -0.02368074 -0.03180348
v 0.02429515 -0.02368074 -0.03180348
v 0.02586573 -0.0241757 -0.03043824
v 0.02375763 -0.0242027 -0.03200215
v 0.0238496 -0.02368927 -0.03213649
v 0.02375763 -0.0242027 -0.03200215
v 0.02244138 -0.02371549 -0.03300845
v 0.02244138 -0.02371549 -0.03300845
v 0.02375763 -0.0242027 -0.03200215
v 0.02152603 -0.02423053 -0.03337305
v 0.02244138 -0.02371549 -0.03300845
v 0.02152603 -0.02423053 -0.03337305
v 0.02161049 -0.02373099 -0.0335229
v 0.0367338 -0.02487313 -0.009010434
v 0.03613132 -0.02499997 -0.00897181
v 0.03587019 -0.02499997 -0.01130616
v 0.0367338 -0.02487313 -0.009010434
v 0.03587019 -0.02499997 -0.01130616
v 0.03646451 -0.02487379 -0.01140308
v 0.03646451 -0.02487379 -0.01140308
v 0.03587019 -0.02499997 -0.01130616
v 0.03537052 -0.02499997 -0.01367062
v 0.03646451 -0.02487379 -0.01140308
v 0.03537052 -0.02499997 -0.01367062
v 0.0359506 -0.02487516 -0.01381999
v 0.0359506 -0.02487516 -0.01381999
v 0.03537052 -0.02499997 -0.01367062
v 0.03485566 -0.02499997 -0.01543241
v 0.0359506 -0.02487516 -0.01381999
v 0.03485566 -0.02499997 -0.01543241
v 0.03542137 -0.02487671 -0.0156185
v 0.03542137 -0.02487671 -0.0156185
v 0.03485566 -0.02499997 -0.01543241
v 0.03401041 -0.02499997 -0.0176534
v 0.03542137 -0.02487671 -0.0156185
v 0.03401041 -0.02499997 -0.0176534
v 0.03455144 -0.02487909 -0.01788854
v 0.03455144 -0.02487909 -0.01788854
v 0.03401041 -0.02499997 -0.0176534
v 0.03295511 -0.02499997 -0.01980763
v 0.03455144 -0.02487909 -0.01788854
v 0.03295511 -0.02499997 -0.01980763
v 0.03346693 -0.02488189 -0.02008765
v 0.03346693 -0.02488189 -0.02008765
v 0.03295511 -0.02499997 -0.01980763
v 0.03168153 -0.02499997 -0.0219047
v 0.03346693 -0.02488189 -0.02008765
v 0.03168153 -0.02499997 -0.0219047
v 0.03216046 -0.02488517 -0.022224
v 0.03216046 -0.02488517 -0.022224
v 0.03168153 -0.02499997 -0.0219047
v 0.03095322 -0.02499997 -0.02295374
v 0.03216046 -0.02488517 -0.022224
v 0.03095322 -0.02499997 -0.02295374
v 0.03141659 -0.02488702 -0.02328759
v 0.03141659 -0.02488702 -0.02328759
v 0.03095322 -0.02499997 -0.02295374
v 0.02920043 -0.02499997 -0.02520948
v 0.03141659 -0.02488702 -0.02328759
v 0.02920043 -0.02499997 -0.02520948
v 0.02963012 -0.02489125 -0.02556949
v 0.02963012 -0.02489125 -0.02556949
v 0.02920043 -0.02499997 -0.02520948
v 0.02729898 -0.02499997 -0.02731233
v 0.02963012 -0.02489125 -0.02556949
v 0.02729898 -0.02499997 -0.02731233
v 0.0276919 -0.02489531 -0.02769792
v 0.0276919 -0.02489531 -0.02769792
v 0.02729898 -0.02499997 -0.02731233
v 0.02533662 -0.02499997 -0.02913624
v 0.0276919 -0.02489531 -0.02769792
v 0.02533662 -0.02499997 -0.02913624
v 0.02568578 -0.02489906 -0.02954936
v 0.02568578 -0.02489906 -0.02954936
v 0.0250163 -0.02499997 -0.02940297
v 0.02535843 -0.02489966 -0.02981996
v 0.02535843 -0.02489966 -0.02981996
v 0.0250163 -0.02499997 -0.02940297
v 0.02300924 -0.02499997 -0.03090852
v 0.02535843 -0.02489966 -0.02981996
v 0.02300924 -0.02499997 -0.03090852
v 0.02330851 -0.02490323 -0.03134584
v 0.02330851 -0.02490323 -0.03134584
v 0.02300924 -0.02499997 -0.03090852
v 0.0208829 -0.02499997 -0.03223168
v 0.02330851 -0.02490323 -0.03134584
v 0.0208829 -0.02499997 -0.03223168
v 0.02113819 -0.02490693 -0.03268474
v 0.02113819 -0.02490693 -0.03268474
v 0.0208829 -0.02499997 -0.03223168
v 0.01864373 -0.02499997 -0.03336745
v 0.02113819 -0.02490693 -0.03268474
v 0.01864373 -0.02499997 -0.03336745
v 0.01885426 -0.02491068 -0.03383183
v 0.03746604 -0.02429479 -0.007499992
v 0.03723436 -0.02451401 -0.009042501
v 0.03754836 -0.02398347 -0.009062588
v 0.03754836 -0.02398347 -0.009062588
v 0.03723436 -0.02451401 -0.009042501
v 0.03695887 -0.02451652 -0.01148372
v 0.03754836 -0.02398347 -0.009062588
v 0.03695887 -0.02451652 -0.01148372
v 0.03727006 -0.02398818 -0.01153445
v 0.03727006 -0.02398818 -0.01153445
v 0.03695887 -0.02451652 -0.01148372
v 0.03643417 -0.02452158 -0.01394456
v 0.03727006 -0.02398818 -0.01153445
v 0.03643417 -0.02452158 -0.01394456
v 0.03674072 -0.02399796 -0.01402348
v 0.03674072 -0.02399796 -0.01402348
v 0.03643417 -0.02452158 -0.01394456
v 0.03589409 -0.02452713 -0.01577401
v 0.03674072 -0.02399796 -0.01402348
v 0.03589409 -0.02452713 -0.01577401
v 0.03619611 -0.02400869 -0.01587331
v 0.03619611 -0.02400869 -0.01587331
v 0.03589409 -0.02452713 -0.01577401
v 0.03500521 -0.02453601 -0.01808583
v 0.03619611 -0.02400869 -0.01587331
v 0.03500521 -0.02453601 -0.01808583
v 0.0352987 -0.02402591 -0.01821345
v 0.0352987 -0.02402591 -0.01821345
v 0.03500521 -0.02453601 -0.01808583
v 0.03389811 -0.0245462 -0.02032357
v 0.0352987 -0.02402591 -0.01821345
v 0.03389811 -0.0245462 -0.02032357
v 0.03418081 -0.02404576 -0.02047824
v 0.03418081 -0.02404576 -0.02047824
v 0.03389811 -0.0245462 -0.02032357
v 0.03256601 -0.02455824 -0.02249443
v 0.03418081 -0.02404576 -0.02047824
v 0.03256601 -0.02455824 -0.02249443
v 0.03283619 -0.02406936 -0.02267456
v 0.03283619 -0.02406936 -0.02267456
v 0.03256601 -0.02455824 -0.02249443
v 0.0318101 -0.02456516 -0.02357113
v 0.03283619 -0.02406936 -0.02267456
v 0.0318101 -0.02456516 -0.02357113
v 0.03207463 -0.02408283 -0.02376168
v 0.03207463 -0.02408283 -0.02376168
v 0.0318101 -0.02456516 -0.02357113
v 0.02999752 -0.02458095 -0.02587741
v 0.03207463 -0.02408283 -0.02376168
v 0.02999752 -0.02458095 -0.02587741
v 0.03024941 -0.02411395 -0.02608847
v 0.03024941 -0.02411395 -0.02608847
v 0.02999752 -0.02458095 -0.02587741
v 0.02802997 -0.02459591 -0.02802973
v 0.03024941 -0.02411395 -0.02608847
v 0.02802997 -0.02459591 -0.02802973
v 0.02826601 -0.02414357 -0.02826136
v 0.02826601 -0.02414357 -0.02826136
v 0.02802997 -0.02459591 -0.02802973
v 0.02598798 -0.02460986 -0.02990686
v 0.02826601 -0.02414357 -0.02826136
v 0.02598798 -0.02460986 -0.02990686
v 0.02620249 -0.02417135 -0.03016072
v 0.02586573 -0.0241757 -0.03043824
v 0.02565479 -0.02461206 -0.03018116
v 0.02356916 -0.02462553 -0.03172677
v 0.02586573 -0.0241757 -0.03043824
v 0.02356916 -0.02462553 -0.03172677
v 0.02375763 -0.0242027 -0.03200215
v 0.02375763 -0.0242027 -0.03200215
v 0.02356916 -0.02462553 -0.03172677
v 0.02136182 -0.02463936 -0.03308159
v 0.02375763 -0.0242027 -0.03200215
v 0.02136182 -0.02463936 -0.03308159
v 0.02152603 -0.02423053 -0.03337305
v 0.02152603 -0.02423053 -0.03337305
v 0.02136182 -0.02463936 -0.03308159
v 0.01903969 -0.02465337 -0.0342409
v 0.02152603 -0.02423053 -0.03337305
v 0.01903969 -0.02465337 -0.0342409
v 0.01917797 -0.02425873 -0.03454595
v 0.01864373 -0.02499997 -0.03336745
v 0.0162931 -0.02499997 -0.03431004
v 0.01885426 -0.02491068 -0.03383183
v 0.01885426 -0.02491068 -0.03383183
v 0.0162931 -0.02499997 -0.03431004
v 0.01645839 -0.02491438 -0.03478139
v 0.01650708 -0.02483218 -0.03492027
v 0.01903969 -0.02465337 -0.0342409
v 0.01885426 -0.02491068 -0.03383183
v 0.01885426 -0.02491068 -0.03383183
v 0.01903969 -0.02465337 -0.0342409
v 0.02136182 -0.02463936 -0.03308159
v 0.02113819 -0.02490693 -0.03268474
v 0.02136182 -0.02463936 -0.03308159
v 0.02356916 -0.02462553 -0.03172677
v 0.02113819 -0.02490693 -0.03268474
v 0.02356916 -0.02462553 -0.03172677
v 0.02330851 -0.02490323 -0.03134584
v 0.02330851 -0.02490323 -0.03134584
v 0.02356916 -0.02462553 -0.03172677
v 0.02565479 -0.02461206 -0.03018116
v 0.02330851 -0.02490323 -0.03134584
v 0.02565479 -0.02461206 -0.03018116
v 0.02535843 -0.02489966 -0.02981996
v 0.02535843 -0.02489966 -0.02981996
v 0.02598798 -0.02460986 -0.02990686
v 0.02568578 -0.02489906 -0.02954936
v 0.02568578 -0.02489906 -0.02954936
v 0.02598798 -0.02460986 -0.02990686
v 0.02802997 -0.02459591 -0.02802973
v 0.02568578 -0.02489906 -0.02954936
v 0.02802997 -0.02459591 -0.02802973
v 0.0276919 -0.02489531 -0.02769792
v 0.0276919 -0.02489531 -0.02769792
v 0.02802997 -0.02459591 -0.02802973
v 0.02999752 -0.02458095 -0.02587741
v 0.0276919 -0.02489531 -0.02769792
v 0.02999752 -0.02458095 -0.02587741
v 0.02963012 -0.02489125 -0.02556949
v 0.02963012 -0.02489125 -0.02556949
v 0.02999752 -0.02458095 -0.02587741
v 0.0318101 -0.02456516 -0.02357113
v 0.02963012 -0.02489125 -0.02556949
v 0.0318101 -0.02456516 -0.02357113
v 0.03141659 -0.02488702 -0.02328759
v 0.03141659 -0.02488702 -0.02328759
v 0.0318101 -0.02456516 -0.02357113
v 0.03256601 -0.02455824 -0.02249443
v 0.03141659 -0.02488702 -0.02328759
v 0.03256601 -0.02455824 -0.02249443
v 0.03216046 -0.02488517 -0.022224
v 0.03216046 -0.02488517 -0.022224
v 0.03256601 -0.02455824 -0.02249443
v 0.03389811 -0.0245462 -0.02032357
v 0.03216046 -0.02488517 -0.022224
v 0.03389811 -0.0245462 -0.02032357
v 0.03346693 -0.02488189 -0.02008765
v 0.03346693 -0.02488189 -0.02008765
v 0.03389811 -0.0245462 -0.02032357
v 0.03500521 -0.02453601 -0.01808583
v 0.03346693 -0.02488189 -0.02008765
v 0.03500521 -0.02453601 -0.01808583
v 0.03455144 -0.02487909 -0.01788854
v 0.03455144 -0.02487909 -0.01788854
v 0.03500521 -0.02453601 -0.01808583
v 0.03589409 -0.02452713 -0.01577401
v 0.03455144 -0.02487909 -0.01788854
v 0.03589409 -0.02452713 -0.01577401
v 0.03542137 -0.02487671 -0.0156185
v 0.03542137 -0.02487671 -0.0156185
v 0.03589409 -0.02452713 -0.01577401
v 0.03643417 -0.02452158 -0.01394456
v 0.03542137 -0.02487671 -0.0156185
v 0.03643417 -0.02452158 -0.01394456
v 0.0359506 -0.02487516 -0.01381999
v 0.0359506 -0.02487516 -0.01381999
v 0.03643417 -0.02452158 -0.01394456
v 0.03695887 -0.02451652 -0.01148372
v 0.0359506 -0.02487516 -0.01381999
v 0.03695887 -0.02451652 -0.01148372
v 0.03646451 -0.02487379 -0.01140308
v 0.03646451 -0.02487379 -0.01140308
v 0.03695887 -0.02451652 -0.01148372
v 0.03723436 -0.02451401 -0.009042501
v 0.03646451 -0.02487379 -0.01140308
v 0.03723436 -0.02451401 -0.009042501
v 0.0367338 -0.02487313 -0.009010434
v 0.0367338 -0.02487313 -0.009010434
v 0.03723436 -0.02451401 -0.009042501
v 0.03713107 -0.02467113 -0.007499992
v 0.01650708 -0.02483218 -0.03492027
v 0.01660478 -0.02466732 -0.03519892
v 0.01903969 -0.02465337 -0.0342409
v 0.01903969 -0.02465337 -0.0342409
v 0.01667869 -0.02441352 -0.03540986
v 0.01917797 -0.02425873 -0.03454595
v 0.01917797 -0.02425873 -0.03454595
v 0.01671558 -0.02428704 -0.03551501
v 0.01677817 -0.02381694 -0.03569358
v 0.01677817 -0.02381694 -0.03569358
v 0.01857644 -0.02378553 -0.03497928
v 0.01917797 -0.02425873 -0.03454595
v 0.01917797 -0.02425873 -0.03454595
v 0.01925265 -0.02377372 -0.03471064
v 0.02152603 -0.02423053 -0.03337305
v 0.03768831 -0.02336937 -0.007499992
v 0.03728938 -0.02008843 -0.007499992
v 0.02199995 -0.01464301 -0.007499992
v 0.0371114 -0.01915752 -0.007499992
v 0.03667324 -0.01686573 -0.007499992
v 0.03611063 -0.01464301 -0.007499992
v 0.02199995 -0.02499997 -0.007499992
v 0.0361936 -0.02499997 -0.007499992
v 0.02199995 -0.02499997 -0.007499992
v 0.02199995 -0.01464301 -0.007499992
v 0.02199995 -0.02499997 0.007499992
v 0.02199995 -0.01424998 0
v 0.02199995 -0.01464301 0.007499992
v 0.02074152 -0.01738327 -0.04659432
v 0.02105093 -0.01704776 -0.04612481
v 0.02060538 -0.01833117 -0.03631716
v 0.02060538 -0.01833117 -0.03631716
v 0.02121806 -0.01686829 -0.0458244
v 0.02144515 -0.01664227 -0.04512178
v 0.02060538 -0.01833117 -0.03631716
v 0.02151083 -0.01659357 -0.04471796
v 0.0211237 -0.01777571 -0.03605848
v 0.0211237 -0.01777571 -0.03605848
v 0.02151083 -0.01659357 -0.04471796
v 0.02240818 -0.01618403 -0.03523099
v 0.01839256 -0.02052307 -0.0372703
v 0.02006596 -0.01810765 -0.04715484
v 0.01971578 -0.01928454 -0.03676116
v 0.01971578 -0.01928454 -0.03676116
v 0.02025729 -0.01790344 -0.04701393
v 0.02060538 -0.01833117 -0.03631716
v 0.02060538 -0.01833117 -0.03631716
v 0.02025729 -0.01790344 -0.04701393
v 0.02055287 -0.01758807 -0.04679626
v 0.01799553 -0.02010339 -0.04762107
v 0.01865178 -0.01952993 -0.04756081
v 0.01839256 -0.02052307 -0.0372703
v 0.01865178 -0.01952993 -0.04756081
v 0.01943349 -0.01876264 -0.04744523
v 0.01839256 -0.02052307 -0.0372703
v 0.01839256 -0.02052307 -0.0372703
v 0.01943349 -0.01876264 -0.04744523
v 0.01997041 -0.01820963 -0.04722523
v 0.01799553 -0.02010339 -0.04762107
v 0.01831483 -0.02058649 -0.03729248
v 0.0167641 -0.02185106 -0.03773516
v 0.01799553 -0.02010339 -0.04762107
v 0.0167641 -0.02185106 -0.03773516
v 0.01702839 -0.02094864 -0.04770994
v 0.01702839 -0.02094864 -0.04770994
v 0.0167641 -0.02185106 -0.03773516
v 0.01576566 -0.0225504 -0.03792744
v 0.01702839 -0.02094864 -0.04770994
v 0.01576566 -0.0225504 -0.03792744
v 0.01551032 -0.0220614 -0.04782688
v 0.01551032 -0.0220614 -0.04782688
v 0.01576566 -0.0225504 -0.03792744
v 0.01505076 -0.02305114 -0.03806507
v 0.01551032 -0.0220614 -0.04782688
v 0.01505076 -0.02305114 -0.03806507
v 0.01501077 -0.02242767 -0.04786539
v 0.01501077 -0.02242767 -0.04786539
v 0.01505076 -0.02305114 -0.03806507
v 0.0132423 -0.02412927 -0.03826802
v 0.01501077 -0.02242767 -0.04786539
v 0.0132423 -0.02412927 -0.03826802
v 0.01358515 -0.02331274 -0.04795837
v 0.01182079 -0.02485674 -0.03832507
v 0.011716 -0.02492219 -0.03804075
v 0.01007878 -0.02566397 -0.03736895
v 0.01165109 -0.02499997 -0.03717702
v 0.01162368 -0.02506816 -0.03613597
v 0.01120525 -0.02523159 -0.0366559
v 0.01164036 -0.0249989 -0.03729033
v 0.01120525 -0.02523159 -0.0366559
v 0.01080679 -0.02538788 -0.03695535
v 0.01358515 -0.02331274 -0.04795837
v 0.0132423 -0.02412927 -0.03826802
v 0.01280134 -0.02371948 -0.04800117
v 0.01280134 -0.02371948 -0.04800117
v 0.01301586 -0.02424502 -0.0382803
v 0.01137793 -0.02445822 -0.04807877
v 0.01137793 -0.02445822 -0.04807877
v 0.01301586 -0.02424502 -0.0382803
v 0.01182949 -0.02485156 -0.03834468
v 0.01137793 -0.02445822 -0.04807877
v 0.01182949 -0.02485156 -0.03834468
v 0.009895145 -0.02506178 -0.04814225
v 0.009895145 -0.02506178 -0.04814225
v 0.01182949 -0.02485156 -0.03834468
v 0.01007878 -0.02566397 -0.03736895
v 0.009895145 -0.02506178 -0.04814225
v 0.01007878 -0.02566397 -0.03736895
v 0.009830474 -0.02575689 -0.03749209
v 0.009830474 -0.02575689 -0.03749209
v 0.00870949 -0.02613943 -0.03785336
v 0.009895145 -0.02506178 -0.04814225
v 0.009895145 -0.02506178 -0.04814225
v 0.00870949 -0.02613943 -0.03785336
v 0.007704198 -0.02642869 -0.03803861
v 0.009895145 -0.02506178 -0.04814225
v 0.007704198 -0.02642869 -0.03803861
v 0.009072721 -0.02539658 -0.04817742
v 0.009072721 -0.02539658 -0.04817742
v 0.007704198 -0.02642869 -0.03803861
v 0.006967127 -0.02664077 -0.03817439
v 0.009072721 -0.02539658 -0.04817742
v 0.006967127 -0.02664077 -0.03817439
v 0.006820797 -0.0260781 -0.04824906
v 0.006671905 -0.02612316 -0.04825377
v 0.00693506 -0.02664768 -0.03817725
v 0.0048756 -0.02709138 -0.03835904
v 0.006671905 -0.02612316 -0.04825377
v 0.0048756 -0.02709138 -0.03835904
v 0.005131185 -0.02646464 -0.04828965
v 0.005131185 -0.02646464 -0.04828965
v 0.0048756 -0.02709138 -0.03835904
v 0.003587365 -0.02668696 -0.04831302
v 0.003587365 -0.02668696 -0.04831302
v 0.0048756 -0.02709138 -0.03835904
v 0.003646373 -0.02725797 -0.03840267
v 0.003587365 -0.02668696 -0.04831302
v 0.003646373 -0.02725797 -0.03840267
v 0.00267142 -0.02681893 -0.0483269
v 0.00267142 -0.02681893 -0.0483269
v 0.003646373 -0.02725797 -0.03840267
v 0.002656102 -0.0273922 -0.03843778
v 0.00267142 -0.02681893 -0.0483269
v 0.002656102 -0.0273922 -0.03843778
v 0.000235049 -0.02694529 -0.0483402
v 0.002656102 -0.0273922 -0.03843778
v 0.000336911 -0.02751594 -0.03846067
v 0.000235049 -0.02694529 -0.0483402
v 0.000182055 -0.02694803 -0.04834049
v 0.000239096 -0.0275129 -0.03846013
v -0.002056777 -0.02744269 -0.03844773
v -0.008546173 -0.02619129 -0.03789341
v -0.009431242 -0.02589833 -0.03764081
v -0.009481251 -0.02522224 -0.04815912
v -0.008546173 -0.02619129 -0.03789341
v -0.009481251 -0.02522224 -0.04815912
v -0.007705748 -0.0264281 -0.03803914
v -0.007705748 -0.0264281 -0.03803914
v -0.009481251 -0.02522224 -0.04815912
v -0.008789956 -0.02549499 -0.04818779
v -0.007705748 -0.0264281 -0.03803914
v -0.008789956 -0.02549499 -0.04818779
v -0.006816446 -0.02667874 -0.03819334
v -0.006816446 -0.02667874 -0.03819334
v -0.008789956 -0.02549499 -0.04818779
v -0.006402075 -0.02618986 -0.0482608
v -0.006816446 -0.02667874 -0.03819334
v -0.006402075 -0.02618986 -0.0482608
v -0.006488323 -0.02674674 -0.03821998
v -0.006488323 -0.02674674 -0.03821998
v -0.006385684 -0.02619302 -0.0482611
v -0.004588663 -0.02714043 -0.03837418
v -0.004588663 -0.02714043 -0.03837418
v -0.006385684 -0.02619302 -0.0482611
v -0.003961801 -0.02666175 -0.04831039
v -0.004588663 -0.02714043 -0.03837418
v -0.003961801 -0.02666175 -0.04831039
v -0.003182888 -0.02730822 -0.03841501
v -0.003182888 -0.02730822 -0.03841501
v -0.003961801 -0.02666175 -0.04831039
v -0.003134191 -0.02675729 -0.04832041
v -0.003182888 -0.02730822 -0.03841501
v -0.003134191 -0.02675729 -0.04832041
v -0.002056777 -0.02744269 -0.03844773
v -0.002056777 -0.02744269 -0.03844773
v -0.003134191 -0.02675729 -0.04832041
v -0.002332389 -0.02684986 -0.04833018
v -0.002056777 -0.02744269 -0.03844773
v -0.002332389 -0.02684986 -0.04833018
v 0.000182055 -0.02694803 -0.04834049
v -0.009653687 -0.02581691 -0.03754186
v -0.01053071 -0.02549564 -0.03715175
v -0.01148796 -0.02499997 -0.03856015
v -0.01148796 -0.02499997 -0.03856015
v -0.01081192 -0.02538627 -0.03695648
v -0.01160544 -0.02499997 -0.03757095
v -0.01160544 -0.02499997 -0.03757095
v -0.01081192 -0.02538627 -0.03695648
v -0.01134693 -0.02517557 -0.03651124
v -0.01160544 -0.02499997 -0.03757095
v -0.01134693 -0.02517557 -0.03651124
v -0.01170289 -0.02503913 -0.03598296
v -0.009481251 -0.02522224 -0.04815912
v -0.009653687 -0.02581691 -0.03754186
v -0.01148796 -0.02499997 -0.03856015
v -0.009481251 -0.02522224 -0.04815912
v -0.01148796 -0.02499997 -0.03856015
v -0.01112186 -0.02457487 -0.04809105
v -0.01112186 -0.02457487 -0.04809105
v -0.01148796 -0.02499997 -0.03856015
v -0.01260489 -0.02442109 -0.03862029
v -0.01995849 -0.01821821 -0.04719978
v -0.01961219 -0.01858085 -0.04738676
v -0.02016615 -0.0186361 -0.03920578
v -0.02016615 -0.0186361 -0.03920578
v -0.01961219 -0.01858085 -0.04738676
v -0.01921951 -0.01897716 -0.04749828
v -0.02016615 -0.0186361 -0.03920578
v -0.01921951 -0.01897716 -0.04749828
v -0.0185393 -0.02027207 -0.03904235
v -0.0185393 -0.02027207 -0.03904235
v -0.01921951 -0.01897716 -0.04749828
v -0.01865178 -0.01952993 -0.04756081
v -0.0185393 -0.02027207 -0.03904235
v -0.01865178 -0.01952993 -0.04756081
v -0.01792877 -0.02080583 -0.0389887
v -0.01792877 -0.02080583 -0.0389887
v -0.01865178 -0.01952993 -0.04756081
v -0.0176618 -0.02038371 -0.04765057
v -0.01792877 -0.02080583 -0.0389887
v -0.0176618 -0.02038371 -0.04765057
v -0.01739263 -0.02127456 -0.03894162
v -0.01739263 -0.02127456 -0.03894162
v -0.0176618 -0.02038371 -0.04765057
v -0.01675009 -0.02117002 -0.04773318
v -0.01739263 -0.02127456 -0.03894162
v -0.01675009 -0.02117002 -0.04773318
v -0.01554262 -0.02267622 -0.0387997
v -0.01554262 -0.02267622 -0.0387997
v -0.01675009 -0.02117002 -0.04773318
v -0.01515132 -0.02231061 -0.04785305
v -0.01538616 -0.02277517 -0.03878957
v -0.01515132 -0.02231061 -0.04785305
v -0.01472264 -0.0226165 -0.04788523
v -0.01538616 -0.02277517 -0.03878957
v -0.01472264 -0.0226165 -0.04788523
v -0.0135945 -0.02390813 -0.03867357
v -0.0135945 -0.02390813 -0.03867357
v -0.01472264 -0.0226165 -0.04788523
v -0.01257538 -0.02386879 -0.04801684
v -0.0135945 -0.02390813 -0.03867357
v -0.01257538 -0.02386879 -0.04801684
v -0.01260489 -0.02442109 -0.03862029
v -0.01260489 -0.02442109 -0.03862029
v -0.01242202 -0.0239433 -0.04802465
v -0.01112186 -0.02457487 -0.04809105
v -0.02104669 -0.0170533 -0.04612421
v -0.02165019 -0.01686877 -0.0393812
v -0.0220645 -0.01631671 -0.0394358
v -0.0220645 -0.01631671 -0.0394358
v -0.02151083 -0.01659357 -0.04471796
v -0.02104669 -0.0170533 -0.04612421
v -0.02047586 -0.01767128 -0.04686808
v -0.02028822 -0.01787286 -0.04702174
v -0.02022552 -0.01856541 -0.03921282
v -0.02022552 -0.01856541 -0.03921282
v -0.02028822 -0.01787286 -0.04702174
v -0.02006053 -0.01811134 -0.04714471
v -0.02165019 -0.01686877 -0.0393812
v -0.02104669 -0.0170533 -0.04612421
v -0.02022552 -0.01856541 -0.03921282
v -0.02022552 -0.01856541 -0.03921282
v -0.02095776 -0.01714795 -0.0463047
v -0.02047586 -0.01767128 -0.04686808
v 0.02520209 -0.0174902 0.02838903
v 0.02399998 -0.01754087 0.02935594
v 0.02399998 -0.01650023 0.009499967
v 0.0289663 -0.01729136 0.02459496
v 0.02839607 -0.0173242 0.02522212
v 0.02399998 -0.01650023 0.009499967
v 0.0289663 -0.01729136 0.02459496
v 0.02399998 -0.01650023 0.009499967
v 0.03093981 -0.01715874 0.02206432
v 0.03492504 -0.01671826 0.01366037
v 0.02399998 -0.01650023 0.009499967
v 0.03536504 -0.01662367 0.01185488
v 0.03536504 -0.01662367 0.01185488
v 0.02399998 -0.01650023 0.009499967
v 0.03569769 -0.01650023 0.009499967
v 0.02839607 -0.0173242 0.02522212
v 0.02722001 -0.01739197 0.02651554
v 0.02399998 -0.01650023 0.009499967
v 0.02399998 -0.01650023 0.009499967
v 0.02722001 -0.01739197 0.02651554
v 0.02537351 -0.01748293 0.02825111
v 0.03492504 -0.01671826 0.01366037
v 0.0347923 -0.01674681 0.01420509
v 0.02399998 -0.01650023 0.009499967
v 0.02399998 -0.01650023 0.009499967
v 0.0347923 -0.01674681 0.01420509
v 0.0340172 -0.01686549 0.01646918
v 0.02399998 -0.01650023 0.009499967
v 0.0340172 -0.01686549 0.01646918
v 0.03355973 -0.01692181 0.01754438
v 0.03353607 -0.01692473 0.01760005
v 0.03237199 -0.01704293 0.0198552
v 0.02399998 -0.01650023 0.009499967
v 0.02399998 -0.01650023 0.009499967
v 0.03237199 -0.01704293 0.0198552
v 0.03145802 -0.01711684 0.02126497
v 0.02399998 -0.01650023 0.009499967
v 0.03145802 -0.01711684 0.02126497
v 0.03093981 -0.01715874 0.02206432
v 0.03569769 -0.02499997 0.009499967
v 0.03569769 -0.01650023 0.009499967
v 0.02399998 -0.02499997 0.009499967
v 0.02399998 -0.01650023 0.009499967
v 0.0347923 -0.01674681 0.01420509
v 0.03492504 -0.01671826 0.01366037
v 0.03494375 -0.02499997 0.01366496
v 0.03494375 -0.02499997 0.01366496
v 0.03492504 -0.01671826 0.01366037
v 0.03569769 -0.02499997 0.009499967
v 0.03569769 -0.02499997 0.009499967
v 0.03492504 -0.01671826 0.01366037
v 0.03536504 -0.01662367 0.01185488
v 0.03569769 -0.02499997 0.009499967
v 0.03536504 -0.01662367 0.01185488
v 0.03569769 -0.01650023 0.009499967
v 0.0347923 -0.01674681 0.01420509
v 0.03494375 -0.02499997 0.01366496
v 0.0340172 -0.01686549 0.01646918
v 0.0340172 -0.01686549 0.01646918
v 0.03494375 -0.02499997 0.01366496
v 0.03356105 -0.02499997 0.01754498
v 0.0340172 -0.01686549 0.01646918
v 0.03356105 -0.02499997 0.01754498
v 0.03355973 -0.01692181 0.01754438
v 0.03148162 -0.02499997 0.02128028
v 0.03145802 -0.01711684 0.02126497
v 0.03237199 -0.01704293 0.0198552
v 0.03148162 -0.02499997 0.02128028
v 0.03237199 -0.01704293 0.0198552
v 0.03356105 -0.02499997 0.01754498
v 0.03356105 -0.02499997 0.01754498
v 0.03237199 -0.01704293 0.0198552
v 0.03353607 -0.01692473 0.01760005
v 0.02722001 -0.01739197 0.02651554
v 0.02839607 -0.0173242 0.02522212
v 0.02841055 -0.02499997 0.02523529
v 0.02841055 -0.02499997 0.02523529
v 0.02839607 -0.0173242 0.02522212
v 0.0289663 -0.01729136 0.02459496
v 0.02841055 -0.02499997 0.02523529
v 0.0289663 -0.01729136 0.02459496
v 0.03148162 -0.02499997 0.02128028
v 0.03148162 -0.02499997 0.02128028
v 0.0289663 -0.01729136 0.02459496
v 0.03093981 -0.01715874 0.02206432
v 0.03148162 -0.02499997 0.02128028
v 0.03093981 -0.01715874 0.02206432
v 0.03145802 -0.01711684 0.02126497
v 0.02722001 -0.01739197 0.02651554
v 0.02841055 -0.02499997 0.02523529
v 0.02537351 -0.01748293 0.02825111
v 0.02537351 -0.01748293 0.02825111
v 0.02841055 -0.02499997 0.02523529
v 0.02520591 -0.02499997 0.0283938
v 0.02520209 -0.0174902 0.02838903
v 0.02520591 -0.02499997 0.0283938
v 0.02399998 -0.02499997 0.02935594
v 0.02520209 -0.0174902 0.02838903
v 0.02399998 -0.02499997 0.02935594
v 0.02399998 -0.01754087 0.02935594
v 0.02399998 -0.02499997 0.009499967
v 0.02399998 -0.01650023 0.009499967
v 0.02399998 -0.02499997 0.02935594
v 0.02399998 -0.01754087 0.02935594
v 0.02399998 -0.01650023 -0.009499967
v 0.03462648 -0.01677417 -0.01472663
v 0.03494107 -0.01671904 -0.01367455
v 0.02399998 -0.01754081 -0.02935528
v 0.02607077 -0.01745045 -0.0276314
v 0.02399998 -0.01650023 -0.009499967
v 0.02399998 -0.01650023 -0.009499967
v 0.02607077 -0.01745045 -0.0276314
v 0.02740955 -0.01737976 -0.02628147
v 0.03494107 -0.01671904 -0.01367455
v 0.03544378 -0.01660138 -0.01143014
v 0.02399998 -0.01650023 -0.009499967
v 0.02399998 -0.01650023 -0.009499967
v 0.03544378 -0.01660138 -0.01143014
v 0.03553879 -0.01656359 -0.01070815
v 0.02399998 -0.01650023 -0.009499967
v 0.03553879 -0.01656359 -0.01070815
v 0.03569769 -0.01650023 -0.009499967
v 0.02760577 -0.01736938 -0.02608364
v 0.02804601 -0.01734608 -0.02563977
v 0.02399998 -0.01650023 -0.009499967
v 0.02399998 -0.01650023 -0.009499967
v 0.02804601 -0.01734608 -0.02563977
v 0.02991366 -0.01723051 -0.0234338
v 0.02399998 -0.01650023 -0.009499967
v 0.02991366 -0.01723051 -0.0234338
v 0.03091812 -0.01715886 -0.0220676
v 0.03091812 -0.01715886 -0.0220676
v 0.03129303 -0.01713216 -0.02155768
v 0.02399998 -0.01650023 -0.009499967
v 0.02399998 -0.01650023 -0.009499967
v 0.03129303 -0.01713216 -0.02155768
v 0.03258836 -0.01702302 -0.01947486
v 0.02399998 -0.01650023 -0.009499967
v 0.03258836 -0.01702302 -0.01947486
v 0.03305268 -0.01697415 -0.01854205
v 0.03305268 -0.01697415 -0.01854205
v 0.03366428 -0.01690971 -0.01731324
v 0.02399998 -0.01650023 -0.009499967
v 0.02399998 -0.01650023 -0.009499967
v 0.03366428 -0.01690971 -0.01731324
v 0.03452402 -0.01679211 -0.01506912
v 0.02399998 -0.01650023 -0.009499967
v 0.03452402 -0.01679211 -0.01506912
v 0.03462648 -0.01677417 -0.01472663
v 0.02399998 -0.02499997 -0.02935528
v 0.02399998 -0.01754081 -0.02935528
v 0.02399998 -0.02499997 -0.009499967
v 0.02399998 -0.01650023 -0.009499967
v 0.02804601 -0.01734608 -0.02563977
v 0.02760577 -0.01736938 -0.02608364
v 0.02762037 -0.02499997 -0.02609819
v 0.0274282 -0.02499997 -0.02630007
v 0.02740955 -0.01737976 -0.02628147
v 0.02607077 -0.01745045 -0.0276314
v 0.0274282 -0.02499997 -0.02630007
v 0.02607077 -0.01745045 -0.0276314
v 0.02399998 -0.02499997 -0.02935528
v 0.02399998 -0.02499997 -0.02935528
v 0.02607077 -0.01745045 -0.0276314
v 0.02399998 -0.01754081 -0.02935528
v 0.02804601 -0.01734608 -0.02563977
v 0.02762037 -0.02499997 -0.02609819
v 0.02991366 -0.01723051 -0.0234338
v 0.02991366 -0.01723051 -0.0234338
v 0.02762037 -0.02499997 -0.02609819
v 0.03093034 -0.02499997 -0.0220766
v 0.02991366 -0.01723051 -0.0234338
v 0.03093034 -0.02499997 -0.0220766
v 0.03091812 -0.01715886 -0.0220676
v 0.03307783 -0.02499997 -0.01855456
v 0.03305268 -0.01697415 -0.01854205
v 0.03258836 -0.01702302 -0.01947486
v 0.03307783 -0.02499997 -0.01855456
v 0.03258836 -0.01702302 -0.01947486
v 0.03093034 -0.02499997 -0.0220766
v 0.03093034 -0.02499997 -0.0220766
v 0.03258836 -0.01702302 -0.01947486
v 0.03129303 -0.01713216 -0.02155768
v 0.03093034 -0.02499997 -0.0220766
v 0.03129303 -0.01713216 -0.02155768
v 0.03091812 -0.01715886 -0.0220676
v 0.03494107 -0.01671904 -0.01367455
v 0.03462648 -0.01677417 -0.01472663
v 0.03463357 -0.02499997 -0.01472878
v 0.03463357 -0.02499997 -0.01472878
v 0.03462648 -0.01677417 -0.01472663
v 0.03452402 -0.01679211 -0.01506912
v 0.03463357 -0.02499997 -0.01472878
v 0.03452402 -0.01679211 -0.01506912
v 0.03307783 -0.02499997 -0.01855456
v 0.03307783 -0.02499997 -0.01855456
v 0.03452402 -0.01679211 -0.01506912
v 0.03366428 -0.01690971 -0.01731324
v 0.03307783 -0.02499997 -0.01855456
v 0.03366428 -0.01690971 -0.01731324
v 0.03305268 -0.01697415 -0.01854205
v 0.03494107 -0.01671904 -0.01367455
v 0.03463357 -0.02499997 -0.01472878
v 0.03544378 -0.01660138 -0.01143014
v 0.03544378 -0.01660138 -0.01143014
v 0.03463357 -0.02499997 -0.01472878
v 0.03555881 -0.02499997 -0.01071077
v 0.03544378 -0.01660138 -0.01143014
v 0.03555881 -0.02499997 -0.01071077
v 0.03553879 -0.01656359 -0.01070815
v 0.03553879 -0.01656359 -0.01070815
v 0.03555881 -0.02499997 -0.01071077
v 0.03569769 -0.02499997 -0.009499967
v 0.03553879 -0.01656359 -0.01070815
v 0.03569769 -0.02499997 -0.009499967
v 0.03569769 -0.01650023 -0.009499967
v 0.02399998 -0.02499997 -0.009499967
v 0.02399998 -0.01650023 -0.009499967
v 0.03569769 -0.02499997 -0.009499967
v 0.03569769 -0.01650023 -0.009499967
v 0.02199995 -0.02499997 0.007499992
v 0.0361936 -0.02499997 0.007499992
v 0.03616827 -0.02499997 0.008273065
v -0.02549999 -0.02499997 -0.03191632
v -0.02549999 -0.02499997 -0.03642553
v -0.01624554 -0.02499997 -0.03638964
v 0.01221442 -0.02499997 0.03655827
v 0.01165109 -0.02499997 0.03717726
v 0.01183885 -0.02499997 0.03549998
v 0.03307783 -0.02499997 -0.01855456
v 0.03295511 -0.02499997 -0.01980763
v 0.03401041 -0.02499997 -0.0176534
v 0.03356105 -0.02499997 0.01754498
v 0.03434878 -0.02499997 0.01683676
v 0.03336787 -0.02499997 0.01902234
v -0.02004927 -0.02499997 -0.03020566
v -0.02126985 -0.02499997 -0.03062993
v 0.03463357 -0.02499997 -0.01472878
v 0.03168153 -0.02499997 -0.0219047
v 0.03093034 -0.02499997 -0.0220766
v 0.03095322 -0.02499997 -0.02295374
v 0.03148162 -0.02499997 0.02128028
v 0.03512513 -0.02499997 0.01456415
v 0.03494375 -0.02499997 0.01366496
v 0.03553658 -0.02499997 0.01299184
v 0.03596878 -0.02499997 0.01064312
v 0.03569769 -0.02499997 0.009499967
v 0.02399998 -0.02499997 0.009499967
v 0.0321719 -0.02499997 0.02114516
v 0.03141224 -0.02499997 0.02230221
v 0.02841055 -0.02499997 0.02523529
v 0.02199995 -0.02499997 -0.007499992
v -0.01183885 -0.02499997 -0.03549998
v 0.01183885 -0.02499997 -0.03549998
v 0.02978587 -0.02499997 0.02449357
v 0.0279715 -0.02499997 0.02660632
v 0.02520591 -0.02499997 0.0283938
v 0.0260328 -0.02499997 0.02852821
v 0.02399998 -0.02499997 0.02935594
v 0.02500802 -0.02499997 0.02940976
v 0.02301001 -0.02499997 0.03090798
v -0.01214915 -0.02499997 -0.03754711
v -0.01160544 -0.02499997 -0.03757095
v 0.01479589 -0.02499997 0.03491997
v 0.0134496 -0.02499997 0.03564077
v 0.01297438 -0.02499997 0.03595268
v 0.03569769 -0.02499997 -0.009499967
v 0.02399998 -0.02499997 -0.009499967
v 0.01270043 -0.02499997 -0.0361526
v 0.01196503 -0.02499997 -0.03680402
v -0.02549999 -0.02499997 0.03642553
v -0.02549999 -0.02499997 0.03191632
v -0.01624554 -0.02499997 0.03638964
v -0.02538019 -0.02499997 0.03144174
v -0.0250495 -0.02499997 0.03108084
v -0.01261425 -0.02499997 0.03723597
v -0.01183885 -0.02499997 0.03549998
v -0.01230895 -0.02499997 0.03746008
v -0.01160544 -0.02499997 0.03757095
v -0.011945 -0.02499997 0.03772729
v -0.01161259 -0.02499997 0.03816539
v -0.02458715 -0.02499997 0.03092014
v -0.02126985 -0.02499997 0.03062993
v -0.01605451 -0.02499997 0.03639107
v -0.02004927 -0.02499997 0.03020566
v -0.01465851 -0.02499997 0.03653222
v -0.01917624 -0.02499997 0.02925294
v 0.02920043 -0.02499997 -0.02520948
v 0.02762037 -0.02499997 -0.02609819
v 0.02729898 -0.02499997 -0.02731233
v 0.0274282 -0.02499997 -0.02630007
v 0.02533662 -0.02499997 -0.02913624
v 0.02399998 -0.02499997 -0.02935528
v -0.0250495 -0.02499997 -0.03108084
v -0.02458715 -0.02499997 -0.03092014
v 0.0208888 -0.02499997 0.03222835
v 0.01864898 -0.02499997 0.03336507
v 0.01629328 -0.02499997 0.03430998
v 0.0361936 -0.02499997 -0.007499992
v 0.03613132 -0.02499997 -0.00897181
v 0.03587019 -0.02499997 -0.01130616
v 0.03537052 -0.02499997 -0.01367062
v 0.03555881 -0.02499997 -0.01071077
v 0.03485566 -0.02499997 -0.01543241
v 0.01354449 -0.02499997 -0.03558301
v 0.01484543 -0.02499997 -0.03489702
v 0.0162931 -0.02499997 -0.03431004
v -0.01406514 -0.02499997 -0.0366829
v -0.01374411 -0.02499997 -0.03675717
v -0.01283377 -0.02499997 -0.03711903
v -0.01229465 -0.02499997 -0.03745609
v -0.02126985 -0.02499997 0.02537
v -0.02126985 -0.02499997 -0.02537
v -0.02004927 -0.02499997 -0.02579426
v -0.01885998 -0.02499997 0.02799999
v -0.0127483 -0.02499997 0.03716278
v -0.01385682 -0.02499997 0.03672301
v -0.01406067 -0.02499997 0.03667449
v -0.01437509 -0.02499997 0.03659963
v -0.01917624 -0.02499997 -0.02925294
v -0.01488023 -0.02499997 -0.03649425
v -0.01433664 -0.02499997 -0.03662008
v -0.01917624 -0.02499997 0.02674704
v -0.02004927 -0.02499997 0.02579426
v 0.01864373 -0.02499997 -0.03336745
v 0.0208829 -0.02499997 -0.03223168
v 0.02300924 -0.02499997 -0.03090852
v 0.0250163 -0.02499997 -0.02940297
v -0.01885998 -0.02499997 -0.02799999
v -0.01917624 -0.02499997 -0.02674704
v -0.02157324 -0.02499997 0.02534347
v -0.0223717 -0.02499997 0.02481162
v -0.02248591 -0.02499997 0.02432984
v -0.02206122 -0.02499997 0
v -0.02248591 -0.02499997 -0.02432984
v -0.02248591 -0.02499997 0.02432984
v -0.02248591 -0.02149999 0.02432984
v -0.02245336 -0.02149999 0.02246558
v -0.02245336 -0.01542735 0.02246558
v -0.02206122 -0.01424998 0
v -0.02245336 -0.02149999 0.02246558
v -0.02206122 -0.02499997 0
v -0.02245336 -0.02149999 0.02246558
v -0.02206122 -0.02499997 0
v -0.02248591 -0.02499997 0.02432984
v -0.02079039 -0.01580071 0.02998536
v -0.02206921 -0.01613044 0.03627687
v -0.02143687 -0.01423186 5e-05
v -0.009518861 0.00900501 -0.04520821
v -0.006768107 0.006290912 -0.04466193
v -0.007928967 0.01040583 -0.04506099
v -0.007928967 0.01040583 -0.04506099
v -0.006768107 0.006290912 -0.04466193
v -0.005637645 0.007286965 -0.04455721
v -0.007928967 0.01040583 -0.04506099
v -0.005637645 0.007286965 -0.04455721
v -0.006133675 0.01153486 -0.04494231
v -0.006133675 0.01153486 -0.04494231
v -0.005637645 0.007286965 -0.04455721
v -0.004361152 0.008089721 -0.04447287
v -0.02206921 -0.01613044 -0.03627687
v -0.02016258 -0.01618564 -0.03733003
v -0.02143687 -0.01423186 -5e-05
v -0.02164071 -0.01613259 -0.04729664
v -0.02069407 -0.01737415 -0.04657888
v -0.02104461 -0.01698029 -0.04605096
v -0.02164071 -0.01613259 -0.04729664
v -0.02115339 -0.01685857 -0.04582142
v -0.02135264 -0.01664298 -0.04520195
v -0.02164071 -0.01613259 -0.04729664
v -0.0214321 -0.01657128 -0.04468882
v -0.02182549 -0.01629602 -0.04060643
vn 0.9659259 0.2588187 0
vn 0.9659259 0.2588187 0
vn 0.9659259 0.2588187 0
vn 0.7071065 0.7071072 0
vn 0.7071065 0.7071072 0
vn 0.7071065 0.7071072 0
vn 0.2588195 0.9659256 0
vn 0.2588195 0.9659256 0
vn 0.2588195 0.9659256 0
vn -0.9659259 0.2588187 0
vn -0.9659259 0.2588187 0
vn -0.9659259 0.2588187 0
vn -0.7071065 0.7071072 0
vn -0.7071065 0.7071072 0
vn -0.7071065 0.7071072 0
vn -0.2588195 0.9659256 0
vn -0.2588195 0.9659256 0
vn -0.2588195 0.9659256 0
vn 1 0 0
vn 1 0 0
vn 1 0 0
vn 1 0 0
vn -1 0 0
vn -1 0 0
vn -1 0 0
vn -1 0 0
vn -1 0 0
vn -1 0 0
vn -1 0 0
vn 0 1 0
vn 0 1 0
vn 0 1 0
vn 0 1 0
vn 0 1 0
vn 0 1 0
vn 0 1 0
vn 0 1 0
vn 0 1 0
vn -0.2588198 0 0.9659256
vn -0.2588198 0 0.9659256
vn -0.2588198 0 0.9659256
vn 0.2588198 0 0.9659256
vn 0.2588198 0 0.9659256
vn 0.2588198 0 0.9659256
vn 0.2588198 0 0.9659256
vn 0.7071057 0 0.7071079
vn 0.7071057 0 0.7071079
vn 0.7071057 0 0.7071079
vn 0.9659259 0 0.258819
vn 0.9659259 0 0.258819
vn 0.9659259 0 0.258819
vn 0.9659259 0 0.258819
vn 0.9659262 0 -0.2588179
vn 0.9659262 0 -0.2588179
vn 0.9659262 0 -0.2588179
vn 0.9659262 0 -0.2588179
vn 0.7071057 0 -0.7071079
vn 0.7071057 0 -0.7071079
vn 0.7071057 0 -0.7071079
vn 0.7071057 0 -0.7071079
vn 0.2588198 0 -0.9659256
vn 0.2588198 0 -0.9659256
vn 0.2588198 0 -0.9659256
vn 0.2588198 0 -0.9659256
vn -0.2588198 0 -0.9659256
vn -0.2588198 0 -0.9659256
vn -0.2588198 0 -0.9659256
vn -0.2588198 0 -0.9659256
vn -0.7071059 0 -0.7071076
vn -0.7071059 0 -0.7071076
vn -0.7071059 0 -0.7071076
vn -0.7071059 0 -0.7071076
vn -0.9659262 0 -0.2588179
vn -0.9659262 0 -0.2588179
vn -0.9659262 0 -0.2588179
vn -0.9659262 0 -0.2588179
vn -0.9659259 0 0.258819
vn -0.9659259 0 0.258819
vn -0.9659259 0 0.258819
vn -0.9659259 0 0.258819
vn -0.7071059 0 0.7071076
vn -0.7071059 0 0.7071076
vn -0.7071059 0 0.7071076
vn -0.7071059 0 0.7071076
vn -0.2588198 0 0.9659256
vn -0.2588198 0 0.9659256
vn -0.2588198 0 0.9659256
vn -0.2588198 0 0.9659256
vn 0.2588198 0 0.9659256
vn 0.2588198 0 0.9659256
vn 0.2588198 0 0.9659256
vn 0.2588198 0 0.9659256
vn 0.7071068 0 0.7071068
vn 0.7071068 0 0.7071068
vn 0.7071068 0 0.7071068
vn 0.7071068 0 0.7071068
vn 0.9659259 0 0.258819
vn 0.9659259 0 0.258819
vn 0.9659259 0 0.258819
vn 0.9659259 0 0.258819
vn 0.965926 0 -0.2588185
vn 0.965926 0 -0.2588185
vn 0.965926 0 -0.2588185
vn 0.965926 0 -0.2588185
vn 0.7071068 0 -0.7071068
vn 0.7071068 0 -0.7071068
vn 0.7071068 0 -0.7071068
vn 0.7071068 0 -0.7071068
vn 0.2588177 0 -0.9659261
vn 0.2588177 0 -0.9659261
vn 0.2588177 0 -0.9659261
vn 0.2588177 0 -0.9659261
vn -0.2588177 0 -0.9659261
vn -0.2588177 0 -0.9659261
vn -0.2588177 0 -0.9659261
vn -0.2588177 0 -0.9659261
vn -0.7071071 0 -0.7071065
vn -0.7071071 0 -0.7071065
vn -0.7071071 0 -0.7071065
vn -0.7071071 0 -0.7071065
vn -0.965926 0 -0.2588185
vn -0.965926 0 -0.2588185
vn -0.965926 0 -0.2588185
vn -0.965926 0 -0.2588185
vn -0.9659259 0 0.258819
vn -0.9659259 0 0.258819
vn -0.9659259 0 0.258819
vn -0.9659259 0 0.258819
vn -0.7071071 0 0.7071065
vn -0.7071071 0 0.7071065
vn -0.7071071 0 0.7071065
vn -0.7071071 0 0.7071065
vn -0.2588198 0 0.9659256
vn 0.258819 0 0.9659258
vn 0.258819 0 0.9659258
vn 0.258819 0 0.9659258
vn 0.258819 0 0.9659258
vn 0.7071067 0 0.707107
vn 0.7071067 0 0.707107
vn 0.7071067 0 0.707107
vn 0.7071067 0 0.707107
vn 0.9659259 0 0.2588188
vn 0.9659259 0 0.2588188
vn 0.9659259 0 0.2588188
vn 0.9659259 0 0.2588188
vn 0.9659259 0 -0.2588188
vn 0.9659259 0 -0.2588188
vn 0.9659259 0 -0.2588188
vn 0.9659259 0 -0.2588188
vn 0.7071067 0 -0.707107
vn 0.7071067 0 -0.707107
vn 0.7071067 0 -0.707107
vn 0.7071067 0 -0.707107
vn 0.258819 0 -0.9659258
vn 0.258819 0 -0.9659258
vn 0.258819 0 -0.9659258
vn 0.258819 0 -0.9659258
vn -0.258819 0 -0.9659258
vn -0.258819 0 -0.9659258
vn -0.258819 0 -0.9659258
vn -0.258819 0 -0.9659258
vn -0.707107 0 -0.7071067
vn -0.707107 0 -0.7071067
vn -0.707107 0 -0.7071067
vn -0.707107 0 -0.7071067
vn -0.9659259 0 -0.2588188
vn -0.9659259 0 -0.2588188
vn -0.9659259 0 -0.2588188
vn -0.9659259 0 -0.2588188
vn -0.9659259 0 0.2588188
vn -0.9659259 0 0.2588188
vn -0.9659259 0 0.2588188
vn -0.9659259 0 0.2588188
vn -0.707107 0 0.7071067
vn -0.707107 0 0.7071067
vn -0.707107 0 0.7071067
vn -0.707107 0 0.7071067
vn -0.258819 0 0.9659258
vn -0.258819 0 0.9659258
vn -0.258819 0 0.9659258
vn -0.2588198 0 0.9659256
vn -0.2588198 0 0.9659256
vn -0.2588198 0 0.9659256
vn 0.2588198 0 0.9659256
vn 0.2588198 0 0.9659256
vn 0.2588198 0 0.9659256
vn 0.2588198 0 0.9659256
vn 0.7071057 0 0.7071079
vn 0.7071057 0 0.7071079
vn 0.7071057 0 0.7071079
vn 0.7071057 0 0.7071079
vn 0.965926 0 0.2588185
vn 0.965926 0 0.2588185
vn 0.965926 0 0.2588185
vn 0.965926 0 0.2588185
vn 0.9659259 0 -0.258819
vn 0.9659259 0 -0.258819
vn 0.9659259 0 -0.258819
vn 0.9659259 0 -0.258819
vn 0.7071068 0 -0.7071068
vn 0.7071068 0 -0.7071068
vn 0.7071068 0 -0.7071068
vn 0.7071068 0 -0.7071068
vn 0.2588198 0 -0.9659256
vn 0.2588198 0 -0.9659256
vn 0.2588198 0 -0.9659256
vn 0.2588198 0 -0.9659256
vn -0.2588198 0 -0.9659256
vn -0.2588198 0 -0.9659256
vn -0.2588198 0 -0.9659256
vn -0.2588198 0 -0.9659256
vn -0.7071071 0 -0.7071065
vn -0.7071071 0 -0.7071065
vn -0.7071071 0 -0.7071065
vn -0.7071071 0 -0.7071065
vn -0.9659259 0 -0.258819
vn -0.9659259 0 -0.258819
vn -0.9659259 0 -0.258819
vn -0.9659259 0 -0.258819
vn -0.965926 0 0.2588185
vn -0.965926 0 0.2588185
vn -0.965926 0 0.2588185
vn -0.965926 0 0.2588185
vn -0.7071059 0 0.7071076
vn -0.7071059 0 0.7071076
vn -0.7071059 0 0.7071076
vn -0.7071059 0 0.7071076
vn -0.2588198 0 0.9659256
vn 0.2588198 0 0.9659256
vn 0.2588198 0 0.9659256
vn 0.2588198 0 0.9659256
vn 0.2588198 0 0.9659256
vn 0.7071062 0 0.7071073
vn 0.7071062 0 0.7071073
vn 0.7071062 0 0.7071073
vn 0.7071062 0 0.7071073
vn 0.9659259 0 0.2588188
vn 0.9659259 0 0.2588188
vn 0.9659259 0 0.2588188
vn 0.9659259 0 0.2588188
vn 0.9659259 0 -0.2588188
vn 0.9659259 0 -0.2588188
vn 0.9659259 0 -0.2588188
vn 0.9659259 0 -0.2588188
vn 0.7071068 0 -0.7071068
vn 0.7071068 0 -0.7071068
vn 0.7071068 0 -0.7071068
vn 0.7071068 0 -0.7071068
vn 0.2588188 0 -0.9659259
vn 0.2588188 0 -0.9659259
vn 0.2588188 0 -0.9659259
vn 0.2588188 0 -0.9659259
vn -0.2588188 0 -0.9659259
vn -0.2588188 0 -0.9659259
vn -0.2588188 0 -0.9659259
vn -0.2588188 0 -0.9659259
vn -0.7071071 0 -0.7071065
vn -0.7071071 0 -0.7071065
vn -0.7071071 0 -0.7071065
vn -0.7071071 0 -0.7071065
vn -0.9659259 0 -0.2588188
vn -0.9659259 0 -0.2588188
vn -0.9659259 0 -0.2588188
vn -0.9659259 0 -0.2588188
vn -0.9659259 0 0.2588188
vn -0.9659259 0 0.2588188
vn -0.9659259 0 0.2588188
vn -0.9659259 0 0.2588188
vn -0.7071065 0 0.7071071
vn -0.7071065 0 0.7071071
vn -0.7071065 0 0.7071071
vn -0.7071065 0 0.7071071
vn -0.2588198 0 0.9659256
vn -0.2588198 0 0.9659256
vn -0.2588198 0 0.9659256
vn -0.2588188 0 0.9659259
vn -0.2588188 0 0.9659259
vn -0.2588188 0 0.9659259
vn 0.2588188 0 0.9659259
vn 0.2588188 0 0.9659259
vn 0.2588188 0 0.9659259
vn 0.2588188 0 0.9659259
vn 0.7071068 0 0.7071068
vn 0.7071068 0 0.7071068
vn 0.7071068 0 0.7071068
vn 0.7071068 0 0.7071068
vn 0.9659259 0 0.2588188
vn 0.9659259 0 0.2588188
vn 0.9659259 0 0.2588188
vn 0.9659259 0 0.2588188
vn 0.9659259 0 -0.2588188
vn 0.9659259 0 -0.2588188
vn 0.9659259 0 -0.2588188
vn 0.9659259 0 -0.2588188
vn 0.7071062 0 -0.7071073
vn 0.7071062 0 -0.7071073
vn 0.7071062 0 -0.7071073
vn 0.7071062 0 -0.7071073
vn 0.2588198 0 -0.9659256
vn 0.2588198 0 -0.9659256
vn 0.2588198 0 -0.9659256
vn 0.2588198 0 -0.9659256
vn -0.2588198 0 -0.9659256
vn -0.2588198 0 -0.9659256
vn -0.2588198 0 -0.9659256
vn -0.2588198 0 -0.9659256
vn -0.7071065 0 -0.7071071
vn -0.7071065 0 -0.7071071
vn -0.7071065 0 -0.7071071
vn -0.7071065 0 -0.7071071
vn -0.9659259 0 -0.2588188
vn -0.9659259 0 -0.2588188
vn -0.9659259 0 -0.2588188
vn -0.9659259 0 -0.2588188
vn -0.9659259 0 0.2588188
vn -0.9659259 0 0.2588188
vn -0.9659259 0 0.2588188
vn -0.9659259 0 0.2588188
vn -0.7071071 0 0.7071065
vn -0.7071071 0 0.7071065
vn -0.7071071 0 0.7071065
vn -0.7071071 0 0.7071065
vn -0.2588188 0 0.9659259
vn 0 1 0
vn 0 1 0
vn 0 1 0
vn 0 1 0
vn 0 1 0
vn 0 1 0
vn 0 1 0
vn 0 1 0
vn 0 1 0
vn 0 1 0
vn 0 1 0
vn 0 1 0
vn 0 1 0
vn 0 1 0
vn 0 1 0
vn 0 1 0
vn 0 1 0
vn 0 1 0
vn 0 1 0
vn 0 1 0
vn 0 1 0
vn 0 1 0
vn 0 1 0
vn 0 1 0
vn 0 1 0
vn 0 1 0
vn 0 1 0
vn 0 1 0
vn 0 1 0
vn 0 1 0
vn 0 1 0
vn 0 1 0
vn 0 1 0
vn 0 1 0
vn 0 1 0
vn 0 1 0
vn 0 1 0
vn 0 1 0
vn 0 1 0
vn 0 1 0
vn 0 1 0
vn 0 1 0
vn 0 1 0
vn 0 1 0
vn 0 1 0
vn 0 1 0
vn 0 1 0
vn 0 1 0
vn 0 1 0
vn 0 1 0
vn 0 1 0
vn 0 1 0
vn 0 1 0
vn 0 1 0
vn 0 1 0
vn 0 1 0
vn 0 1 0
vn 0 1 0
vn 0 1 0
vn 0 1 0
vn 0 1 0
vn 0 1 0
vn 0 1 0
vn 0 1 0
vn 0 1 0
vn 0 1 0
vn 0 1 0
vn 0 1 0
vn 0 1 0
vn 0 1 0
vn 0 1 0
vn 0 1 0
vn 0 1 0
vn 0 1 0
vn 0 1 0
vn 0 1 0
vn 0 1 0
vn 0 1 0
vn 0 1 0
vn 0 1 0
vn 0 1 0
vn 0 1 0
vn 0 1 0
vn 0 1 0
vn 0 1 0
vn 0 1 0
vn 0 1 0
vn 0 1 0
vn 0 1 0
vn 0 1 0
vn 0 1 0
vn 0 1 0
vn 0 1 0
vn 0 1 0
vn 0 1 0
vn 0 1 0
vn 0 1 0
vn -1 0 0
vn -1 0 0
vn -1 0 0
vn 1 0 0
vn 1 0 0
vn 1 0 0
vn 1 0 0
vn -0.3976327 0.9175446 0
vn -0.3976327 0.9175446 0
vn -0.3976327 0.9175446 0
vn 0 1 0
vn 0 1 0
vn 0 1 0
vn 0 1 0
vn 0 1 0
vn -1 0 0
vn -1 0 0
vn -1 0 0
vn -0.9876883 0.156435 0
vn -0.9876883 0.156435 0
vn -0.9876883 0.156435 0
vn -0.9876883 0.156435 0
vn -0.8910066 0.4539903 0
vn -0.8910066 0.4539903 0
vn -0.8910066 0.4539903 0
vn -0.8910066 0.4539903 0
vn -0.7071068 0.7071068 0
vn -0.7071068 0.7071068 0
vn -0.7071068 0.7071068 0
vn -0.7071068 0.7071068 0
vn -0.4539903 0.8910066 0
vn -0.4539903 0.8910066 0
vn -0.4539903 0.8910066 0
vn -0.4539903 0.8910066 0
vn -0.156435 0.9876883 0
vn -0.156435 0.9876883 0
vn -0.156435 0.9876883 0
vn -0.156435 0.9876883 0
vn 0 1 0
vn 0 1 0
vn 0 1 0
vn 0 1 0
vn -1 0 0
vn -1 0 0
vn -1 0 0
vn 0.2588198 0 -0.9659256
vn 0.2588198 0 -0.9659256
vn 0.2588198 0 -0.9659256
vn -0.2588198 0 -0.9659256
vn -0.2588198 0 -0.9659256
vn -0.2588198 0 -0.9659256
vn -0.2588198 0 -0.9659256
vn -0.7071057 0 -0.7071079
vn -0.7071057 0 -0.7071079
vn -0.7071057 0 -0.7071079
vn -0.7071057 0 -0.7071079
vn -0.9659259 0 -0.258819
vn -0.9659259 0 -0.258819
vn -0.9659259 0 -0.258819
vn -0.9659262 0 0.2588179
vn -0.9659262 0 0.2588179
vn -0.9659262 0 0.2588179
vn -0.9659262 0 0.2588179
vn -0.7071057 0 0.7071079
vn -0.7071057 0 0.7071079
vn -0.7071057 0 0.7071079
vn -0.7071057 0 0.7071079
vn -0.2588198 0 0.9659256
vn -0.2588198 0 0.9659256
vn -0.2588198 0 0.9659256
vn -0.2588198 0 0.9659256
vn 0.2588198 0 0.9659256
vn 0.2588198 0 0.9659256
vn 0.2588198 0 0.9659256
vn 0.2588198 0 0.9659256
vn 0.7071059 0 0.7071076
vn 0.7071059 0 0.7071076
vn 0.7071059 0 0.7071076
vn 0.7071059 0 0.7071076
vn 0.9659262 0 0.2588179
vn 0.9659262 0 0.2588179
vn 0.9659262 0 0.2588179
vn 0.9659262 0 0.2588179
vn 0.9659259 0 -0.258819
vn 0.9659259 0 -0.258819
vn 0.9659259 0 -0.258819
vn 0.7071059 0 -0.7071076
vn 0.7071059 0 -0.7071076
vn 0.7071059 0 -0.7071076
vn 0.7071059 0 -0.7071076
vn 0.2588198 0 -0.9659256
vn 0.2588198 0 -0.9659256
vn 0.2588198 0 -0.9659256
vn 0.2588198 0 -0.9659256
vn -0.2588198 0 -0.9659256
vn -0.2588198 0 -0.9659256
vn -0.2588198 0 -0.9659256
vn -0.2588198 0 -0.9659256
vn -0.7071068 0 -0.7071068
vn -0.7071068 0 -0.7071068
vn -0.7071068 0 -0.7071068
vn -0.7071068 0 -0.7071068
vn -0.9659259 0 -0.258819
vn -0.9659259 0 -0.258819
vn -0.9659259 0 -0.258819
vn -0.9659259 0 -0.258819
vn -0.965926 0 0.2588185
vn -0.965926 0 0.2588185
vn -0.965926 0 0.2588185
vn -0.965926 0 0.2588185
vn -0.7071068 0 0.7071068
vn -0.7071068 0 0.7071068
vn -0.7071068 0 0.7071068
vn -0.7071068 0 0.7071068
vn -0.2588177 0 0.9659261
vn -0.2588177 0 0.9659261
vn -0.2588177 0 0.9659261
vn -0.2588177 0 0.9659261
vn 0.2588177 0 0.9659261
vn 0.2588177 0 0.9659261
vn 0.2588177 0 0.9659261
vn 0.2588177 0 0.9659261
vn 0.7071071 0 0.7071065
vn 0.7071071 0 0.7071065
vn 0.7071071 0 0.7071065
vn 0.7071071 0 0.7071065
vn 0.965926 0 0.2588185
vn 0.965926 0 0.2588185
vn 0.965926 0 0.2588185
vn 0.965926 0 0.2588185
vn 0.9659259 0 -0.258819
vn 0.9659259 0 -0.258819
vn 0.9659259 0 -0.258819
vn 0.9659259 0 -0.258819
vn 0.7071071 0 -0.7071065
vn 0.7071071 0 -0.7071065
vn 0.7071071 0 -0.7071065
vn 0.7071071 0 -0.7071065
vn 0.2588198 0 -0.9659256
vn 0.258819 0 -0.9659258
vn 0.258819 0 -0.9659258
vn 0.258819 0 -0.9659258
vn -0.258819 0 -0.9659258
vn -0.258819 0 -0.9659258
vn -0.258819 0 -0.9659258
vn -0.258819 0 -0.9659258
vn -0.7071067 0 -0.707107
vn -0.7071067 0 -0.707107
vn -0.7071067 0 -0.707107
vn -0.7071067 0 -0.707107
vn -0.9659259 0 -0.2588188
vn -0.9659259 0 -0.2588188
vn -0.9659259 0 -0.2588188
vn -0.9659259 0 -0.2588188
vn -0.9659259 0 0.2588188
vn -0.9659259 0 0.2588188
vn -0.9659259 0 0.2588188
vn -0.9659259 0 0.2588188
vn -0.7071067 0 0.707107
vn -0.7071067 0 0.707107
vn -0.7071067 0 0.707107
vn -0.7071067 0 0.707107
vn -0.258819 0 0.9659258
vn -0.258819 0 0.9659258
vn -0.258819 0 0.9659258
vn -0.258819 0 0.9659258
vn 0.258819 0 0.9659258
vn 0.258819 0 0.9659258
vn 0.258819 0 0.9659258
vn 0.258819 0 0.9659258
vn 0.707107 0 0.7071067
vn 0.707107 0 0.7071067
vn 0.707107 0 0.7071067
vn 0.707107 0 0.7071067
vn 0.9659259 0 0.2588188
vn 0.9659259 0 0.2588188
vn 0.9659259 0 0.2588188
vn 0.9659259 0 0.2588188
vn 0.9659259 0 -0.2588188
vn 0.9659259 0 -0.2588188
vn 0.9659259 0 -0.2588188
vn 0.9659259 0 -0.2588188
vn 0.707107 0 -0.7071067
vn 0.707107 0 -0.7071067
vn 0.707107 0 -0.7071067
vn 0.707107 0 -0.7071067
vn 0.258819 0 -0.9659258
vn 0.2588198 0 -0.9659256
vn 0.2588198 0 -0.9659256
vn 0.2588198 0 -0.9659256
vn -0.2588198 0 -0.9659256
vn -0.2588198 0 -0.9659256
vn -0.2588198 0 -0.9659256
vn -0.2588198 0 -0.9659256
vn -0.7071057 0 -0.7071079
vn -0.7071057 0 -0.7071079
vn -0.7071057 0 -0.7071079
vn -0.7071057 0 -0.7071079
vn -0.965926 0 -0.2588185
vn -0.965926 0 -0.2588185
vn -0.965926 0 -0.2588185
vn -0.9659259 0 0.258819
vn -0.9659259 0 0.258819
vn -0.9659259 0 0.258819
vn -0.9659259 0 0.258819
vn -0.7071068 0 0.7071068
vn -0.7071068 0 0.7071068
vn -0.7071068 0 0.7071068
vn -0.7071068 0 0.7071068
vn -0.2588198 0 0.9659256
vn -0.2588198 0 0.9659256
vn -0.2588198 0 0.9659256
vn -0.2588198 0 0.9659256
vn 0.2588198 0 0.9659256
vn 0.2588198 0 0.9659256
vn 0.2588198 0 0.9659256
vn 0.2588198 0 0.9659256
vn 0.7071071 0 0.7071065
vn 0.7071071 0 0.7071065
vn 0.7071071 0 0.7071065
vn 0.7071071 0 0.7071065
vn 0.9659259 0 0.258819
vn 0.9659259 0 0.258819
vn 0.9659259 0 0.258819
vn 0.9659259 0 0.258819
vn 0.965926 0 -0.2588185
vn 0.965926 0 -0.2588185
vn 0.965926 0 -0.2588185
vn 0.965926 0 -0.2588185
vn 0.7071059 0 -0.7071076
vn 0.7071059 0 -0.7071076
vn 0.7071059 0 -0.7071076
vn 0.7071059 0 -0.7071076
vn 0.2588198 0 -0.9659256
vn 0.2588198 0 -0.9659256
vn 0.2588198 0 -0.9659256
vn 0.2588198 0 -0.9659256
vn -0.2588198 0 -0.9659256
vn -0.2588198 0 -0.9659256
vn -0.2588198 0 -0.9659256
vn -0.2588198 0 -0.9659256
vn -0.7071062 0 -0.7071073
vn -0.7071062 0 -0.7071073
vn -0.7071062 0 -0.7071073
vn -0.7071062 0 -0.7071073
vn -0.9659259 0 -0.2588188
vn -0.9659259 0 -0.2588188
vn -0.9659259 0 -0.2588188
vn -0.9659259 0 -0.2588188
vn -0.9659259 0 0.2588188
vn -0.9659259 0 0.2588188
vn -0.9659259 0 0.2588188
vn -0.9659259 0 0.2588188
vn -0.7071068 0 0.7071068
vn -0.7071068 0 0.7071068
vn -0.7071068 0 0.7071068
vn -0.7071068 0 0.7071068
vn -0.2588188 0 0.9659259
vn -0.2588188 0 0.9659259
vn -0.2588188 0 0.9659259
vn -0.2588188 0 0.9659259
vn 0.2588188 0 0.9659259
vn 0.2588188 0 0.9659259
vn 0.2588188 0 0.9659259
vn 0.2588188 0 0.9659259
vn 0.7071071 0 0.7071065
vn 0.7071071 0 0.7071065
vn 0.7071071 0 0.7071065
vn 0.7071071 0 0.7071065
vn 0.9659259 0 0.2588188
vn 0.9659259 0 0.2588188
vn 0.9659259 0 0.2588188
vn 0.9659259 0 0.2588188
vn 0.9659259 0 -0.2588188
vn 0.9659259 0 -0.2588188
vn 0.9659259 0 -0.2588188
vn 0.9659259 0 -0.2588188
vn 0.7071065 0 -0.7071071
vn 0.7071065 0 -0.7071071
vn 0.7071065 0 -0.7071071
vn 0.7071065 0 -0.7071071
vn 0.2588198 0 -0.9659256
vn 0.2588188 0 -0.9659259
vn 0.2588188 0 -0.9659259
vn 0.2588188 0 -0.9659259
vn -0.2588188 0 -0.9659259
vn -0.2588188 0 -0.9659259
vn -0.2588188 0 -0.9659259
vn -0.2588188 0 -0.9659259
vn -0.7071068 0 -0.7071068
vn -0.7071068 0 -0.7071068
vn -0.7071068 0 -0.7071068
vn -0.7071068 0 -0.7071068
vn -0.9659259 0 -0.2588188
vn -0.9659259 0 -0.2588188
vn -0.9659259 0 -0.2588188
vn -0.9659259 0 -0.2588188
vn -0.9659259 0 0.2588188
vn -0.9659259 0 0.2588188
vn -0.9659259 0 0.2588188
vn -0.9659259 0 0.2588188
vn -0.7071062 0 0.7071073
vn -0.7071062 0 0.7071073
vn -0.7071062 0 0.7071073
vn -0.7071062 0 0.7071073
vn -0.2588198 0 0.9659256
vn -0.2588198 0 0.9659256
vn -0.2588198 0 0.9659256
vn -0.2588198 0 0.9659256
vn 0.2588198 0 0.9659256
vn 0.2588198 0 0.9659256
vn 0.2588198 0 0.9659256
vn 0.7071065 0 0.7071071
vn 0.7071065 0 0.7071071
vn 0.7071065 0 0.7071071
vn 0.7071065 0 0.7071071
vn 0.9659259 0 0.2588188
vn 0.9659259 0 0.2588188
vn 0.9659259 0 0.2588188
vn 0.9659259 0 0.2588188
vn 0.9659259 0 -0.2588188
vn 0.9659259 0 -0.2588188
vn 0.9659259 0 -0.2588188
vn 0.9659259 0 -0.2588188
vn 0.7071071 0 -0.7071065
vn 0.7071071 0 -0.7071065
vn 0.7071071 0 -0.7071065
vn 0.7071071 0 -0.7071065
vn 0.2588188 0 -0.9659259
vn 0 1 0
vn 0 1 0
vn 0 1 0
vn 0 1 0
vn 0 1 0
vn 0 1 0
vn 0 1 0
vn 0 1 0
vn 0 1 0
vn 0 1 0
vn 0 1 0
vn 0 1 0
vn 0 1 0
vn 0 1 0
vn 0 1 0
vn 0 1 0
vn 0 1 0
vn 0 1 0
vn 0 1 0
vn 0 1 0
vn 0 1 0
vn 0 1 0
vn 0 1 0
vn 0 1 0
vn 0 1 0
vn 0 1 0
vn 0 1 0
vn 0 1 0
vn 0 1 0
vn 0 1 0
vn 0 1 0
vn 0 1 0
vn 0 1 0
vn 0 1 0
vn 0 1 0
vn 0 1 0
vn 0 1 0
vn 0 1 0
vn 0 1 0
vn 0 1 0
vn 0 1 0
vn 0 1 0
vn 0 1 0
vn 0 1 0
vn 0 1 0
vn 0 1 0
vn 0 1 0
vn 0 1 0
vn 0 1 0
vn 0 1 0
vn 0 1 0
vn 0 1 0
vn 0 1 0
vn 0 1 0
vn 0 1 0
vn 0 1 0
vn 0 1 0
vn 0 1 0
vn 0 1 0
vn 0 1 0
vn 0 1 0
vn 0 1 0
vn 0 1 0
vn 0 1 0
vn 0 1 0
vn 0 1 0
vn 0 1 0
vn 0 1 0
vn 0 1 0
vn 0 1 0
vn 0 1 0
vn 0 1 0
vn 0 1 0
vn 0 1 0
vn 0 1 0
vn 0 1 0
vn 0 1 0
vn 0 1 0
vn 0 1 0
vn 0 1 0
vn 0 1 0
vn 0 1 0
vn 0 1 0
vn 0 1 0
vn 0 1 0
vn 0 1 0
vn 0 1 0
vn 0 1 0
vn 0 1 0
vn 0 1 0
vn 0 1 0
vn 0 1 0
vn 0 1 0
vn 0 1 0
vn 0 1 0
vn 0 1 0
vn 0 1 0
vn 0 1 0
vn -0.08715599 0 0.9961947
vn -0.08715599 0 0.9961947
vn -0.08715599 0 0.9961947
vn -0.08715599 0 0.9961947
vn -0.3283171 0 0.9445676
vn -0.3283171 0 0.9445676
vn -0.3283171 0 0.9445676
vn -0.3283171 0 0.9445676
vn -0.7372776 0 0.6755899
vn -0.7372776 0 0.6755899
vn -0.7372776 0 0.6755899
vn -0.7372776 0 0.6755899
vn -0.9695876 0 0.2447445
vn -0.9695876 0 0.2447445
vn -0.9695876 0 0.2447445
vn -0.9695876 0 0.2447445
vn -0.9695877 0 -0.2447442
vn -0.9695877 0 -0.2447442
vn -0.9695877 0 -0.2447442
vn -0.9695877 0 -0.2447442
vn -0.7372776 0 -0.6755899
vn -0.7372776 0 -0.6755899
vn -0.7372776 0 -0.6755899
vn -0.7372776 0 -0.6755899
vn -0.3283171 0 -0.9445676
vn -0.3283171 0 -0.9445676
vn -0.3283171 0 -0.9445676
vn -0.3283171 0 -0.9445676
vn -0.9695885 0 0.2447412
vn -0.9695885 0 0.2447412
vn -0.9695885 0 0.2447412
vn -0.9658656 0.001319944 0.2590408
vn -0.9658656 0.001319944 0.2590408
vn -0.9658656 0.001319944 0.2590408
vn -0.7372771 -0.001241624 0.6755893
vn -0.7372771 -0.001241624 0.6755893
vn -0.7372771 -0.001241624 0.6755893
vn -0.706748 0.002450883 0.7074611
vn -0.706748 0.002450883 0.7074611
vn -0.706748 0.002450883 0.7074611
vn -0.3004194 0 0.9538072
vn -0.3004194 0 0.9538072
vn -0.3004194 0 0.9538072
vn -0.08715581 0 0.9961947
vn -0.08715581 0 0.9961947
vn -0.08715581 0 0.9961947
vn -0.08715581 0 0.9961947
vn -0.3057227 0 0.9521207
vn -0.3057227 0 0.9521207
vn -0.3057227 0 0.9521207
vn -0.3283061 0.008514106 0.9445329
vn -0.3283061 0.008514106 0.9445329
vn -0.3283061 0.008514106 0.9445329
vn -0.7073819 -0.008680284 0.7067783
vn -0.7073819 -0.008680284 0.7067783
vn -0.7073819 -0.008680284 0.7067783
vn -0.7372598 0.006851911 0.6755747
vn -0.7372598 0.006851911 0.6755747
vn -0.7372598 0.006851911 0.6755747
vn -0.9607659 -0.006982326 0.2772725
vn -0.9607659 -0.006982326 0.2772725
vn -0.9607659 -0.006982326 0.2772725
vn -0.9695752 0.005142033 0.2447395
vn -0.9695752 0.005142033 0.2447395
vn -0.9695752 0.005142033 0.2447395
vn -0.975189 -0.005239188 -0.2213118
vn -0.975189 -0.005239188 -0.2213118
vn -0.975189 -0.005239188 -0.2213118
vn -0.9695824 0.003428637 -0.2447411
vn -0.9695824 0.003428637 -0.2447411
vn -0.9695824 0.003428637 -0.2447411
vn -0.7469455 -0.003494441 -0.6648761
vn -0.7469455 -0.003494441 -0.6648761
vn -0.7469455 -0.003494441 -0.6648761
vn -0.737276 0.001722395 -0.6755895
vn -0.737276 0.001722395 -0.6755895
vn -0.737276 0.001722395 -0.6755895
vn -0.3283168 -0.001755237 -0.9445661
vn -0.3283168 -0.001755237 -0.9445661
vn -0.3283168 -0.001755237 -0.9445661
vn -0.3328141 0 -0.9429925
vn -0.3328141 0 -0.9429925
vn -0.3328141 0 -0.9429925
vn -0.08715713 0 -0.9961946
vn -0.08715713 0 -0.9961946
vn -0.08715713 0 -0.9961946
vn -0.08715707 0 -0.9961946
vn -0.08715707 0 -0.9961946
vn -0.08715707 0 -0.9961946
vn -0.3417586 0.000934037 -0.9397873
vn -0.3417586 0.000934037 -0.9397873
vn -0.3417586 0.000934037 -0.9397873
vn -0.3310648 0 -0.943608
vn -0.3310648 0 -0.943608
vn -0.3310648 0 -0.943608
vn -0.7657718 -0.001018404 -0.6431117
vn -0.7657718 -0.001018404 -0.6431117
vn -0.7657718 -0.001018404 -0.6431117
vn -0.7431412 0.001803278 -0.6691322
vn -0.7431412 0.001803278 -0.6691322
vn -0.7431412 0.001803278 -0.6691322
vn -0.9730436 -0.001716852 -0.2306151
vn -0.9730436 -0.001716852 -0.2306151
vn -0.9730436 -0.001716852 -0.2306151
vn -0.9781055 0 -0.2081099
vn -0.9781055 0 -0.2081099
vn -0.9781055 0 -0.2081099
vn -0.9998477 0 0.01745218
vn -0.9998477 0 0.01745218
vn -0.9998477 0 0.01745218
vn -0.9998477 0 0.01745235
vn -0.9998477 0 0.01745235
vn -0.9998477 0 0.01745235
vn -0.9998477 0 0.01745241
vn -0.9998477 0 0.01745241
vn -0.9998477 0 0.01745241
vn -0.9998477 0 0.01745241
vn -0.3310637 0 -0.9436085
vn -0.3310637 0 -0.9436085
vn -0.3310637 0 -0.9436085
vn -0.3310637 0 -0.9436085
vn -0.7431443 0 -0.6691312
vn -0.7431443 0 -0.6691312
vn -0.7431443 0 -0.6691312
vn -0.7431443 0 -0.6691312
vn -0.973045 0 -0.2306154
vn -0.973045 0 -0.2306154
vn -0.973045 0 -0.2306154
vn -0.973045 0 -0.2306154
vn -0.08715701 0 -0.9961946
vn -0.08715701 0 -0.9961946
vn -0.08715701 0 -0.9961946
vn -0.08715701 0 -0.9961946
vn 0 1 0
vn 0 1 0
vn 0 1 0
vn 0 1 0
vn 0 1 0
vn 0 1 0
vn 0 1 0
vn 0 1 0
vn 0 1 0
vn 0 1 0
vn 0 1 0
vn 0 1 0
vn 0 1 0
vn 0 1 0
vn 0 1 0
vn -0.969588 0 0.2447429
vn -0.969588 0 0.2447429
vn -0.969588 0 0.2447429
vn -0.969588 0 0.2447429
vn -0.7372776 0 0.6755899
vn -0.7372776 0 0.6755899
vn -0.7372776 0 0.6755899
vn -0.7372776 0 0.6755899
vn -0.3283177 0 0.9445674
vn -0.3283177 0 0.9445674
vn -0.3283177 0 0.9445674
vn -1 0 0
vn -1 0 0
vn -1 0 0
vn -1 0 0
vn -1 0 0
vn -1 0 0
vn 0.003863215 -0.0871554 -0.9961872
vn 0.003863215 -0.0871554 -0.9961872
vn 0.003863215 -0.0871554 -0.9961872
vn 0.003864169 -0.08715546 -0.9961872
vn 0.003864169 -0.08715546 -0.9961872
vn 0.003864169 -0.08715546 -0.9961872
vn 0.003865718 -0.08715593 -0.9961872
vn 0.003865718 -0.08715593 -0.9961872
vn 0.003865718 -0.08715593 -0.9961872
vn 0.003864884 -0.08715528 -0.9961872
vn 0.003864884 -0.08715528 -0.9961872
vn 0.003864884 -0.08715528 -0.9961872
vn 0.003864824 -0.08715522 -0.9961873
vn 0.003864824 -0.08715522 -0.9961873
vn 0.003864824 -0.08715522 -0.9961873
vn 0.003864765 -0.08715498 -0.9961872
vn 0.003864765 -0.08715498 -0.9961872
vn 0.003864765 -0.08715498 -0.9961872
vn 0.003864884 -0.08715695 -0.9961871
vn 0.003864884 -0.08715695 -0.9961871
vn 0.003864884 -0.08715695 -0.9961871
vn -0.07482105 -0.202528 -0.9764139
vn -0.07482105 -0.202528 -0.9764139
vn -0.07482105 -0.202528 -0.9764139
vn -0.8042527 -0.5154691 -0.2957516
vn -0.8042527 -0.5154691 -0.2957516
vn -0.8042527 -0.5154691 -0.2957516
vn -0.5602738 -0.4300529 -0.707918
vn -0.5602738 -0.4300529 -0.707918
vn -0.5602738 -0.4300529 -0.707918
vn -0.2164112 -0.195472 -0.9565337
vn -0.2164112 -0.195472 -0.9565337
vn -0.2164112 -0.195472 -0.9565337
vn -0.1145616 -0.1694214 -0.9788626
vn -0.1145616 -0.1694214 -0.9788626
vn -0.1145616 -0.1694214 -0.9788626
vn -0.2064325 -0.4021747 -0.8919873
vn -0.2064325 -0.4021747 -0.8919873
vn -0.2064325 -0.4021747 -0.8919873
vn -0.2736064 -0.6717646 -0.6883835
vn -0.2736064 -0.6717646 -0.6883835
vn -0.2736064 -0.6717646 -0.6883835
vn -0.3929222 -0.8795487 -0.2683398
vn -0.3929222 -0.8795487 -0.2683398
vn -0.3929222 -0.8795487 -0.2683398
vn -0.0977174 -0.3045948 -0.9474563
vn -0.0977174 -0.3045948 -0.9474563
vn -0.0977174 -0.3045948 -0.9474563
vn -0.1413223 -0.2747147 -0.9510834
vn -0.1413223 -0.2747147 -0.9510834
vn -0.1413223 -0.2747147 -0.9510834
vn -0.1414929 -0.2755771 -0.9508087
vn -0.1414929 -0.2755771 -0.9508087
vn -0.1414929 -0.2755771 -0.9508087
vn -0.2580865 -0.6740328 -0.6921496
vn -0.2580865 -0.6740328 -0.6921496
vn -0.2580865 -0.6740328 -0.6921496
vn -0.3522947 -0.6221822 -0.6991266
vn -0.3522947 -0.6221822 -0.6991266
vn -0.3522947 -0.6221822 -0.6991266
vn -0.3522555 -0.6240058 -0.697519
vn -0.3522555 -0.6240058 -0.697519
vn -0.3522555 -0.6240058 -0.697519
vn -0.399241 -0.5914667 -0.7005525
vn -0.399241 -0.5914667 -0.7005525
vn -0.399241 -0.5914667 -0.7005525
vn -0.3993852 -0.5935058 -0.6987435
vn -0.3993852 -0.5935058 -0.6987435
vn -0.3993852 -0.5935058 -0.6987435
vn -0.318657 -0.8841673 -0.3416227
vn -0.318657 -0.8841673 -0.3416227
vn -0.318657 -0.8841673 -0.3416227
vn -0.4242797 -0.8508079 -0.3100205
vn -0.4242797 -0.8508079 -0.3100205
vn -0.4242797 -0.8508079 -0.3100205
vn -0.4449849 -0.8486491 -0.2859776
vn -0.4449849 -0.8486491 -0.2859776
vn -0.4449849 -0.8486491 -0.2859776
vn -0.498286 -0.8175196 -0.2887435
vn -0.498286 -0.8175196 -0.2887435
vn -0.498286 -0.8175196 -0.2887435
vn -0.5005087 -0.817246 -0.2856574
vn -0.5005087 -0.817246 -0.2856574
vn -0.5005087 -0.817246 -0.2856574
vn -0.5654909 -0.7722566 -0.2895512
vn -0.5654909 -0.7722566 -0.2895512
vn -0.5654909 -0.7722566 -0.2895512
vn -0.6154595 -0.7330546 -0.2895523
vn -0.6154595 -0.7330546 -0.2895523
vn -0.6154595 -0.7330546 -0.2895523
vn -0.6154632 -0.7330522 -0.2895502
vn -0.6154632 -0.7330522 -0.2895502
vn -0.6154632 -0.7330522 -0.2895502
vn -0.5647299 -0.7742978 -0.2855576
vn -0.5647299 -0.7742978 -0.2855576
vn -0.5647299 -0.7742978 -0.2855576
vn -0.4716706 -0.5347295 -0.7011358
vn -0.4716706 -0.5347295 -0.7011358
vn -0.4716706 -0.5347295 -0.7011358
vn -0.4711709 -0.5324218 -0.7032247
vn -0.4711709 -0.5324218 -0.7032247
vn -0.4711709 -0.5324218 -0.7032247
vn -0.167779 -0.2546022 -0.9523801
vn -0.167779 -0.2546022 -0.9523801
vn -0.167779 -0.2546022 -0.9523801
vn -0.1674479 -0.2536461 -0.9526935
vn -0.1674479 -0.2536461 -0.9526935
vn -0.1674479 -0.2536461 -0.9526935
vn -0.1547685 -0.2646243 -0.9518512
vn -0.1547685 -0.2646243 -0.9518512
vn -0.1547685 -0.2646243 -0.9518512
vn -0.1548202 -0.2653237 -0.9516481
vn -0.1548202 -0.2653237 -0.9516481
vn -0.1548202 -0.2653237 -0.9516481
vn -0.4363344 -0.5632078 -0.7017188
vn -0.4363344 -0.5632078 -0.7017188
vn -0.4363344 -0.5632078 -0.7017188
vn -0.4361999 -0.5649427 -0.7004066
vn -0.4361999 -0.5649427 -0.7004066
vn -0.4361999 -0.5649427 -0.7004066
vn -0.617837 -0.7320833 -0.2869348
vn -0.617837 -0.7320833 -0.2869348
vn -0.617837 -0.7320833 -0.2869348
vn -0.6654833 -0.6874125 -0.2908541
vn -0.6654833 -0.6874125 -0.2908541
vn -0.6654833 -0.6874125 -0.2908541
vn -0.6649584 -0.6898537 -0.2862379
vn -0.6649584 -0.6898537 -0.2862379
vn -0.6649584 -0.6898537 -0.2862379
vn -0.7194526 -0.6325985 -0.2867177
vn -0.7194526 -0.6325985 -0.2867177
vn -0.7194526 -0.6325985 -0.2867177
vn -0.7198353 -0.6299694 -0.2915056
vn -0.7198353 -0.6299694 -0.2915056
vn -0.7198353 -0.6299694 -0.2915056
vn -0.5112562 -0.4947168 -0.7027607
vn -0.5112562 -0.4947168 -0.7027607
vn -0.5112562 -0.4947168 -0.7027607
vn -0.510504 -0.4922892 -0.7050086
vn -0.510504 -0.4922892 -0.7050086
vn -0.510504 -0.4922892 -0.7050086
vn -0.182222 -0.2402966 -0.9534425
vn -0.182222 -0.2402966 -0.9534425
vn -0.182222 -0.2402966 -0.9534425
vn -0.1817791 -0.2392992 -0.9537779
vn -0.1817791 -0.2392992 -0.9537779
vn -0.1817791 -0.2392992 -0.9537779
vn 0.003847658 -0.9548497 0.2970645
vn 0.003847658 -0.9548497 0.2970645
vn 0.003847658 -0.9548497 0.2970645
vn 0.01597541 -0.8949894 0.4458013
vn 0.01597541 -0.8949894 0.4458013
vn 0.01597541 -0.8949894 0.4458013
vn 0.000754993 -0.9967159 0.08097416
vn 0.000754993 -0.9967159 0.08097416
vn 0.000754993 -0.9967159 0.08097416
vn -0.000991367 -0.9959169 0.09026908
vn -0.000991367 -0.9959169 0.09026908
vn -0.000991367 -0.9959169 0.09026908
vn 0 -0.9985744 0.0533787
vn 0 -0.9985744 0.0533787
vn 0 -0.9985744 0.0533787
vn 0.0181027 -0.5830579 0.8122289
vn 0.0181027 -0.5830579 0.8122289
vn 0.0181027 -0.5830579 0.8122289
vn 0.003956913 -0.6926807 0.7212337
vn 0.003956913 -0.6926807 0.7212337
vn 0.003956913 -0.6926807 0.7212337
vn 0.001067519 -0.7707893 0.6370893
vn 0.001067519 -0.7707893 0.6370893
vn 0.001067519 -0.7707893 0.6370893
vn -0.001663684 -0.9684954 0.2490261
vn -0.001663684 -0.9684954 0.2490261
vn -0.001663684 -0.9684954 0.2490261
vn -0.01271516 -0.9096504 0.4151801
vn -0.01271516 -0.9096504 0.4151801
vn -0.01271516 -0.9096504 0.4151801
vn -8.7872e-05 -0.950851 0.3096486
vn -8.7872e-05 -0.950851 0.3096486
vn -8.7872e-05 -0.950851 0.3096486
vn -9.17597e-05 -0.8551813 0.518329
vn -9.17597e-05 -0.8551813 0.518329
vn -9.17597e-05 -0.8551813 0.518329
vn -0.002529263 -0.3752714 0.9269116
vn -0.002529263 -0.3752714 0.9269116
vn -0.002529263 -0.3752714 0.9269116
vn -0.005122423 -0.3335648 0.9427132
vn -0.005122423 -0.3335648 0.9427132
vn -0.005122423 -0.3335648 0.9427132
vn 0.007997572 -0.3249657 0.945692
vn 0.007997572 -0.3249657 0.945692
vn 0.007997572 -0.3249657 0.945692
vn -0.006480813 -0.6642205 0.7475087
vn -0.006480813 -0.6642205 0.7475087
vn -0.006480813 -0.6642205 0.7475087
vn -0.01797044 -0.5694383 0.8218376
vn -0.01797044 -0.5694383 0.8218376
vn -0.01797044 -0.5694383 0.8218376
vn -5.19988e-05 -0.6709142 0.7415351
vn -5.19988e-05 -0.6709142 0.7415351
vn -5.19988e-05 -0.6709142 0.7415351
vn -0.003847658 -0.9548497 -0.2970645
vn -0.003847658 -0.9548497 -0.2970645
vn -0.003847658 -0.9548497 -0.2970645
vn -0.01597541 -0.8949894 -0.4458013
vn -0.01597541 -0.8949894 -0.4458013
vn -0.01597541 -0.8949894 -0.4458013
vn -0.000754993 -0.9967159 -0.08097416
vn -0.000754993 -0.9967159 -0.08097416
vn -0.000754993 -0.9967159 -0.08097416
vn 0.000991367 -0.9959169 -0.09026908
vn 0.000991367 -0.9959169 -0.09026908
vn 0.000991367 -0.9959169 -0.09026908
vn 0 -0.9985744 -0.0533787
vn 0 -0.9985744 -0.0533787
vn 0 -0.9985744 -0.0533787
vn -0.001211285 -0.7706331 -0.6372779
vn -0.001211285 -0.7706331 -0.6372779
vn -0.001211285 -0.7706331 -0.6372779
vn -0.016231 -0.5786107 -0.8154423
vn -0.016231 -0.5786107 -0.8154423
vn -0.016231 -0.5786107 -0.8154423
vn -0.003499209 -0.6919788 -0.7219094
vn -0.003499209 -0.6919788 -0.7219094
vn -0.003499209 -0.6919788 -0.7219094
vn 0.001663684 -0.9684954 -0.2490261
vn 0.001663684 -0.9684954 -0.2490261
vn 0.001663684 -0.9684954 -0.2490261
vn 0.01271516 -0.9096504 -0.4151801
vn 0.01271516 -0.9096504 -0.4151801
vn 0.01271516 -0.9096504 -0.4151801
vn 8.7872e-05 -0.950851 -0.3096486
vn 8.7872e-05 -0.950851 -0.3096486
vn 8.7872e-05 -0.950851 -0.3096486
vn 9.17656e-05 -0.8547065 -0.5191116
vn 9.17656e-05 -0.8547065 -0.5191116
vn 9.17656e-05 -0.8547065 -0.5191116
vn 0.000847976 -0.7974848 -0.6033384
vn 0.000847976 -0.7974848 -0.6033384
vn 0.000847976 -0.7974848 -0.6033384
vn 0.002314388 -0.374379 -0.9272729
vn 0.002314388 -0.374379 -0.9272729
vn 0.002314388 -0.374379 -0.9272729
vn 0.01036256 -0.3175519 -0.9481843
vn 0.01036256 -0.3175519 -0.9481843
vn 0.01036256 -0.3175519 -0.9481843
vn 0.00501579 -0.3302999 -0.9438627
vn 0.00501579 -0.3302999 -0.9438627
vn 0.00501579 -0.3302999 -0.9438627
vn 0.00502175 -0.3302965 -0.9438639
vn 0.00502175 -0.3302965 -0.9438639
vn 0.00502175 -0.3302965 -0.9438639
vn -0.008332788 -0.3308697 -0.9436397
vn -0.008332788 -0.3308697 -0.9436397
vn -0.008332788 -0.3308697 -0.9436397
vn -0.01060587 -0.3255568 -0.945463
vn -0.01060587 -0.3255568 -0.945463
vn -0.01060587 -0.3255568 -0.945463
vn -0.001778841 -0.3862851 -0.9223778
vn -0.001778841 -0.3862851 -0.9223778
vn -0.001778841 -0.3862851 -0.9223778
vn 0.007175266 -0.6654046 -0.7464485
vn 0.007175266 -0.6654046 -0.7464485
vn 0.007175266 -0.6654046 -0.7464485
vn 0.01985108 -0.5740903 -0.8185514
vn 0.01985108 -0.5740903 -0.8185514
vn 0.01985108 -0.5740903 -0.8185514
vn 5.19978e-05 -0.6706002 -0.741819
vn 5.19978e-05 -0.6706002 -0.741819
vn 5.19978e-05 -0.6706002 -0.741819
vn -0.9730449 0 0.2306154
vn -0.9730449 0 0.2306154
vn -0.9730449 0 0.2306154
vn -0.9702097 0.000977552 0.242265
vn -0.9702097 0.000977552 0.242265
vn -0.9702097 0.000977552 0.242265
vn -0.3310648 0 0.943608
vn -0.3310648 0 0.943608
vn -0.3310648 0 0.943608
vn -0.3087474 -0.00193727 0.9511421
vn -0.3087474 -0.00193727 0.9511421
vn -0.3087474 -0.00193727 0.9511421
vn -0.7431412 0.001844942 0.6691322
vn -0.7431412 0.001844942 0.6691322
vn -0.7431412 0.001844942 0.6691322
vn -0.7189366 -0.001067399 0.6950747
vn -0.7189366 -0.001067399 0.6950747
vn -0.7189366 -0.001067399 0.6950747
vn -0.08715707 0 0.9961946
vn -0.08715707 0 0.9961946
vn -0.08715707 0 0.9961946
vn -0.08715707 0 0.9961946
vn -0.3057218 0 0.952121
vn -0.3057218 0 0.952121
vn -0.3057218 0 0.952121
vn -0.328307 0.007936656 0.9445378
vn -0.328307 0.007936656 0.9445378
vn -0.328307 0.007936656 0.9445378
vn -0.7078253 -0.008113324 0.706341
vn -0.7078253 -0.008113324 0.706341
vn -0.7078253 -0.008113324 0.706341
vn -0.7372611 0.006573855 0.6755759
vn -0.7372611 0.006573855 0.6755759
vn -0.7372611 0.006573855 0.6755759
vn -0.9609587 -0.006718516 0.2766101
vn -0.9609587 -0.006718516 0.2766101
vn -0.9609587 -0.006718516 0.2766101
vn -0.9695754 0.005130171 0.2447393
vn -0.9695754 0.005130171 0.2447393
vn -0.9695754 0.005130171 0.2447393
vn -0.9750704 -0.005238652 -0.221834
vn -0.9750704 -0.005238652 -0.221834
vn -0.9750704 -0.005238652 -0.221834
vn -0.9695819 0.003559112 -0.2447412
vn -0.9695819 0.003559112 -0.2447412
vn -0.9695819 0.003559112 -0.2447412
vn -0.7467601 -0.003631472 -0.6650837
vn -0.7467601 -0.003631472 -0.6650837
vn -0.7467601 -0.003631472 -0.6650837
vn -0.7372758 0.001843333 -0.6755893
vn -0.7372758 0.001843333 -0.6755893
vn -0.7372758 0.001843333 -0.6755893
vn -0.3283175 -0.001879036 -0.9445655
vn -0.3283175 -0.001879036 -0.9445655
vn -0.3283175 -0.001879036 -0.9445655
vn -0.3328156 0 -0.9429919
vn -0.3328156 0 -0.9429919
vn -0.3328156 0 -0.9429919
vn -0.3283177 0 -0.9445674
vn -0.3283177 0 -0.9445674
vn -0.3283177 0 -0.9445674
vn -0.7372776 0 -0.6755899
vn -0.7372776 0 -0.6755899
vn -0.7372776 0 -0.6755899
vn -0.7372776 0 -0.6755899
vn -0.969588 0 -0.2447429
vn -0.969588 0 -0.2447429
vn -0.969588 0 -0.2447429
vn -0.969588 0 -0.2447429
vn -0.08715599 0 -0.9961947
vn -0.08715599 0 -0.9961947
vn -0.08715599 0 -0.9961947
vn -0.08715599 0 -0.9961947
vn -0.3283171 0 0.9445676
vn -0.3283171 0 0.9445676
vn -0.3283171 0 0.9445676
vn -0.3283171 0 0.9445676
vn -0.7372776 0 0.6755899
vn -0.7372776 0 0.6755899
vn -0.7372776 0 0.6755899
vn -0.7372776 0 0.6755899
vn -0.9695877 0 0.2447442
vn -0.9695877 0 0.2447442
vn -0.9695877 0 0.2447442
vn -0.9695877 0 0.2447442
vn -0.9695876 0 -0.2447445
vn -0.9695876 0 -0.2447445
vn -0.9695876 0 -0.2447445
vn -0.9695876 0 -0.2447445
vn -0.7372776 0 -0.6755899
vn -0.7372776 0 -0.6755899
vn -0.7372776 0 -0.6755899
vn -0.7372776 0 -0.6755899
vn -0.3283171 0 -0.9445676
vn -0.3283171 0 -0.9445676
vn -0.3283171 0 -0.9445676
vn -0.3283171 0 -0.9445676
vn -0.973045 0 0.2306154
vn -0.973045 0 0.2306154
vn -0.973045 0 0.2306154
vn -0.973045 0 0.2306154
vn -0.7431443 0 0.6691312
vn -0.7431443 0 0.6691312
vn -0.7431443 0 0.6691312
vn -0.7431443 0 0.6691312
vn -0.3310637 0 0.9436085
vn -0.3310637 0 0.9436085
vn -0.3310637 0 0.9436085
vn -0.3310637 0 0.9436085
vn 0 1 0
vn 0 1 0
vn 0 1 0
vn 0 1 0
vn 0 1 0
vn 0 1 0
vn 0 1 0
vn 0 1 0
vn 0 1 0
vn 0 1 0
vn 0 1 0
vn 0 1 0
vn 0 1 0
vn 0 1 0
vn 0 1 0
vn 0 1 0
vn -0.08715581 0 -0.9961947
vn -0.08715581 0 -0.9961947
vn -0.08715581 0 -0.9961947
vn -0.08715581 0 -0.9961947
vn -0.3283143 0 -0.9445685
vn -0.3283143 0 -0.9445685
vn -0.3283143 0 -0.9445685
vn -0.737277 -0.001194179 -0.6755893
vn -0.737277 -0.001194179 -0.6755893
vn -0.737277 -0.001194179 -0.6755893
vn -0.7658062 0.002422928 -0.643067
vn -0.7658062 0.002422928 -0.643067
vn -0.7658062 0.002422928 -0.643067
vn -0.969586 -0.002274334 -0.2447406
vn -0.969586 -0.002274334 -0.2447406
vn -0.969586 -0.002274334 -0.2447406
vn -0.976252 0 -0.2166377
vn -0.976252 0 -0.2166377
vn -0.976252 0 -0.2166377
vn -1 0 0
vn -1 0 0
vn -1 0 0
vn -1 0 0
vn -1 0 0
vn -1 0 0
vn 0.003864884 -0.08715569 0.9961872
vn 0.003864884 -0.08715569 0.9961872
vn 0.003864884 -0.08715569 0.9961872
vn 0.003864824 -0.08715498 0.9961873
vn 0.003864824 -0.08715498 0.9961873
vn 0.003864824 -0.08715498 0.9961873
vn 0.00386554 -0.0871573 0.996187
vn 0.00386554 -0.0871573 0.996187
vn 0.00386554 -0.0871573 0.996187
vn 0.003863394 -0.0871554 0.9961872
vn 0.003863394 -0.0871554 0.9961872
vn 0.003863394 -0.0871554 0.9961872
vn 0.003864824 -0.08715581 0.9961872
vn 0.003864824 -0.08715581 0.9961872
vn 0.003864824 -0.08715581 0.9961872
vn 0.003864586 -0.08715564 0.9961872
vn 0.003864586 -0.08715564 0.9961872
vn 0.003864586 -0.08715564 0.9961872
vn -0.4499669 -0.8816674 0.1420996
vn -0.4499669 -0.8816674 0.1420996
vn -0.4499669 -0.8816674 0.1420996
vn -0.2752177 -0.6656202 0.6936893
vn -0.2752177 -0.6656202 0.6936893
vn -0.2752177 -0.6656202 0.6936893
vn -0.4453417 -0.8411812 0.306733
vn -0.4453417 -0.8411812 0.306733
vn -0.4453417 -0.8411812 0.306733
vn -0.2738494 -0.88648 0.3730412
vn -0.2738494 -0.88648 0.3730412
vn -0.2738494 -0.88648 0.3730412
vn -0.3807492 -0.878403 0.2888568
vn -0.3807492 -0.878403 0.2888568
vn -0.3807492 -0.878403 0.2888568
vn -0.09618252 -0.292555 0.9513992
vn -0.09618252 -0.292555 0.9513992
vn -0.09618252 -0.292555 0.9513992
vn -0.2073202 -0.4105074 0.8879764
vn -0.2073202 -0.4105074 0.8879764
vn -0.2073202 -0.4105074 0.8879764
vn -0.4294468 -0.8569675 0.284925
vn -0.4294468 -0.8569675 0.284925
vn -0.4294468 -0.8569675 0.284925
vn -0.4992246 -0.8169431 0.2887541
vn -0.4992246 -0.8169431 0.2887541
vn -0.4992246 -0.8169431 0.2887541
vn -0.5014414 -0.8166555 0.2857104
vn -0.5014414 -0.8166555 0.2857104
vn -0.5014414 -0.8166555 0.2857104
vn -0.5647168 -0.7728513 0.2894755
vn -0.5647168 -0.7728513 0.2894755
vn -0.5647168 -0.7728513 0.2894755
vn -0.5672654 -0.7723867 0.2857074
vn -0.5672654 -0.7723867 0.2857074
vn -0.5672654 -0.7723867 0.2857074
vn -0.6158928 -0.7326988 0.2895314
vn -0.6158928 -0.7326988 0.2895314
vn -0.6158928 -0.7326988 0.2895314
vn -0.6178944 -0.7314481 0.2884272
vn -0.6178944 -0.7314481 0.2884272
vn -0.6178944 -0.7314481 0.2884272
vn -0.71946 -0.6325901 0.2867178
vn -0.71946 -0.6325901 0.2867178
vn -0.71946 -0.6325901 0.2867178
vn -0.7198426 -0.6299608 0.2915065
vn -0.7198426 -0.6299608 0.2915065
vn -0.7198426 -0.6299608 0.2915065
vn -0.6666563 -0.6881339 0.286428
vn -0.6666563 -0.6881339 0.286428
vn -0.6666563 -0.6881339 0.286428
vn -0.6637766 -0.6891118 0.2907326
vn -0.6637766 -0.6891118 0.2907326
vn -0.6637766 -0.6891118 0.2907326
vn -0.6165682 -0.733198 0.2868177
vn -0.6165682 -0.733198 0.2868177
vn -0.6165682 -0.733198 0.2868177
vn -0.3471291 -0.6252812 0.6989455
vn -0.3471291 -0.6252812 0.6989455
vn -0.3471291 -0.6252812 0.6989455
vn -0.352027 -0.6223447 0.6991167
vn -0.352027 -0.6223447 0.6991167
vn -0.352027 -0.6223447 0.6991167
vn -0.3538362 -0.6230037 0.6976147
vn -0.3538362 -0.6230037 0.6976147
vn -0.3538362 -0.6230037 0.6976147
vn -0.3988868 -0.5917291 0.7005327
vn -0.3988868 -0.5917291 0.7005327
vn -0.3988868 -0.5917291 0.7005327
vn -0.4009785 -0.5922944 0.6988587
vn -0.4009785 -0.5922944 0.6988587
vn -0.4009785 -0.5922944 0.6988587
vn -0.4356334 -0.5638198 0.7016628
vn -0.4356334 -0.5638198 0.7016628
vn -0.4356334 -0.5638198 0.7016628
vn -0.4374752 -0.563796 0.7005351
vn -0.4374752 -0.563796 0.7005351
vn -0.4374752 -0.563796 0.7005351
vn -0.4701488 -0.5334047 0.7031641
vn -0.4701488 -0.5334047 0.7031641
vn -0.4701488 -0.5334047 0.7031641
vn -0.4726529 -0.5336986 0.7012597
vn -0.4726529 -0.5336986 0.7012597
vn -0.4726529 -0.5336986 0.7012597
vn -0.5094928 -0.4934393 0.704936
vn -0.5094928 -0.4934393 0.704936
vn -0.5094928 -0.4934393 0.704936
vn -0.5122194 -0.4935203 0.7029004
vn -0.5122194 -0.4935203 0.7029004
vn -0.5122194 -0.4935203 0.7029004
vn -0.1302516 -0.2824202 0.9504069
vn -0.1302516 -0.2824202 0.9504069
vn -0.1302516 -0.2824202 0.9504069
vn -0.1412269 -0.2747839 0.9510777
vn -0.1412269 -0.2747839 0.9510777
vn -0.1412269 -0.2747839 0.9510777
vn -0.1420342 -0.2751629 0.9508479
vn -0.1420342 -0.2751629 0.9508479
vn -0.1420342 -0.2751629 0.9508479
vn -0.1545487 -0.2648137 0.9518343
vn -0.1545487 -0.2648137 0.9518343
vn -0.1545487 -0.2648137 0.9518343
vn -0.1552398 -0.2649341 0.9516883
vn -0.1552398 -0.2649341 0.9516883
vn -0.1552398 -0.2649341 0.9516883
vn -0.1671072 -0.253959 0.9526699
vn -0.1671072 -0.253959 0.9526699
vn -0.1671072 -0.253959 0.9526699
vn -0.1680927 -0.2542584 0.9524167
vn -0.1680927 -0.2542584 0.9524167
vn -0.1680927 -0.2542584 0.9524167
vn -0.1814417 -0.2396668 0.9537498
vn -0.1814417 -0.2396668 0.9537498
vn -0.1814417 -0.2396668 0.9537498
vn -0.1825283 -0.2398976 0.9534844
vn -0.1825283 -0.2398976 0.9534844
vn -0.1825283 -0.2398976 0.9534844
vn 0.3482223 -0.3730021 0.8600062
vn 0.3482223 -0.3730021 0.8600062
vn 0.3482223 -0.3730021 0.8600062
vn 0.9961699 -0.08134549 0.03206962
vn 0.9961699 -0.08134549 0.03206962
vn 0.9961699 -0.08134549 0.03206962
vn 0.9911957 -0.1202346 0.0554493
vn 0.9911957 -0.1202346 0.0554493
vn 0.9911957 -0.1202346 0.0554493
vn 0.9892163 -0.1201404 0.08377069
vn 0.9892163 -0.1201404 0.08377069
vn 0.9892163 -0.1201404 0.08377069
vn 0.988931 -0.122962 0.08304125
vn 0.988931 -0.122962 0.08304125
vn 0.988931 -0.122962 0.08304125
vn 0.9889311 -0.1229614 0.08304166
vn 0.9889311 -0.1229614 0.08304166
vn 0.9889311 -0.1229614 0.08304166
vn 0.9759063 -0.122962 0.1802422
vn 0.9759063 -0.122962 0.1802422
vn 0.9759063 -0.122962 0.1802422
vn 0.9753568 -0.1298103 0.1784052
vn 0.9753568 -0.1298103 0.1784052
vn 0.9753568 -0.1298103 0.1784052
vn 0.9753568 -0.1298116 0.1784042
vn 0.9753568 -0.1298116 0.1784042
vn 0.9753568 -0.1298116 0.1784042
vn 0.9595733 -0.1299045 0.2496875
vn 0.9595733 -0.1299045 0.2496875
vn 0.9595733 -0.1299045 0.2496875
vn 0.9580758 -0.1367105 0.2517956
vn 0.9580758 -0.1367105 0.2517956
vn 0.9580758 -0.1367105 0.2517956
vn 0.9379926 -0.1366358 0.3185915
vn 0.9379926 -0.1366358 0.3185915
vn 0.9379926 -0.1366358 0.3185915
vn 0.9351791 -0.1498652 0.3209058
vn 0.9351791 -0.1498652 0.3209058
vn 0.9351791 -0.1498652 0.3209058
vn 0.9013134 -0.1501401 0.4063152
vn 0.9013134 -0.1501401 0.4063152
vn 0.9013134 -0.1501401 0.4063152
vn 0.9006813 -0.1653652 0.4017807
vn 0.9006813 -0.1653652 0.4017807
vn 0.9006813 -0.1653652 0.4017807
vn 0.8603901 -0.1653971 0.4820504
vn 0.8603901 -0.1653971 0.4820504
vn 0.8603901 -0.1653971 0.4820504
vn 0.8557012 -0.1828609 0.4840842
vn 0.8557012 -0.1828609 0.4840842
vn 0.8557012 -0.1828609 0.4840842
vn 0.8231979 -0.1836718 0.5372243
vn 0.8231979 -0.1836718 0.5372243
vn 0.8231979 -0.1836718 0.5372243
vn 0.8187435 -0.1953572 0.5399025
vn 0.8187435 -0.1953572 0.5399025
vn 0.8187435 -0.1953572 0.5399025
vn 0.7891694 -0.1952911 0.5822997
vn 0.7891694 -0.1952911 0.5822997
vn 0.7891694 -0.1952911 0.5822997
vn 0.7851047 -0.2020338 0.5854852
vn 0.7851047 -0.2020338 0.5854852
vn 0.7851047 -0.2020338 0.5854852
vn 0.7852438 -0.2196197 0.5789294
vn 0.7852438 -0.2196197 0.5789294
vn 0.7852438 -0.2196197 0.5789294
vn 0.73832 -0.2214525 0.6370576
vn 0.73832 -0.2214525 0.6370576
vn 0.73832 -0.2214525 0.6370576
vn 0.7376242 -0.2443165 0.62946
vn 0.7376242 -0.2443165 0.62946
vn 0.7376242 -0.2443165 0.62946
vn 0.6811068 -0.2442667 0.6902372
vn 0.6811068 -0.2442667 0.6902372
vn 0.6811068 -0.2442667 0.6902372
vn 0.6803231 -0.2675936 0.6823152
vn 0.6803231 -0.2675936 0.6823152
vn 0.6803231 -0.2675936 0.6823152
vn 0.6803237 -0.2675961 0.6823137
vn 0.6803237 -0.2675961 0.6823137
vn 0.6803237 -0.2675961 0.6823137
vn 0.6303089 -0.2678485 0.7286754
vn 0.6303089 -0.2678485 0.7286754
vn 0.6303089 -0.2678485 0.7286754
vn 0.6248763 -0.2782331 0.7294628
vn 0.6248763 -0.2782331 0.7294628
vn 0.6248763 -0.2782331 0.7294628
vn 0.5742352 -0.2794602 0.7695167
vn 0.5742352 -0.2794602 0.7695167
vn 0.5742352 -0.2794602 0.7695167
vn 0.5742861 -0.3019425 0.7609378
vn 0.5742861 -0.3019425 0.7609378
vn 0.5742861 -0.3019425 0.7609378
vn 0.5742872 -0.3019444 0.7609362
vn 0.5742872 -0.3019444 0.7609362
vn 0.5742872 -0.3019444 0.7609362
vn 0.5018332 -0.3019522 0.8105482
vn 0.5018332 -0.3019522 0.8105482
vn 0.5018332 -0.3019522 0.8105482
vn 0.5022946 -0.3252348 0.8012006
vn 0.5022946 -0.3252348 0.8012006
vn 0.5022946 -0.3252348 0.8012006
vn 0.8580427 -0.509558 0.06413573
vn 0.8580427 -0.509558 0.06413573
vn 0.8580427 -0.509558 0.06413573
vn 0.8574907 -0.5094299 0.07204699
vn 0.8574907 -0.5094299 0.07204699
vn 0.8574907 -0.5094299 0.07204699
vn 0.856481 -0.5110712 0.07243269
vn 0.856481 -0.5110712 0.07243269
vn 0.856481 -0.5110712 0.07243269
vn 0.8454748 -0.511091 0.1547847
vn 0.8454748 -0.511091 0.1547847
vn 0.8454748 -0.511091 0.1547847
vn 0.8427437 -0.5153643 0.1555083
vn 0.8427437 -0.5153643 0.1555083
vn 0.8427437 -0.5153643 0.1555083
vn 0.829173 -0.5156109 0.215911
vn 0.829173 -0.5156109 0.215911
vn 0.829173 -0.5156109 0.215911
vn 0.8262754 -0.5198059 0.2169579
vn 0.8262754 -0.5198059 0.2169579
vn 0.8262754 -0.5198059 0.2169579
vn 0.8089629 -0.5195939 0.2749565
vn 0.8089629 -0.5195939 0.2749565
vn 0.8089629 -0.5195939 0.2749565
vn 0.803521 -0.5277034 0.2754687
vn 0.803521 -0.5277034 0.2754687
vn 0.803521 -0.5277034 0.2754687
vn 0.7755975 -0.5277134 0.3463625
vn 0.7755975 -0.5277134 0.3463625
vn 0.7755975 -0.5277134 0.3463625
vn 0.7690649 -0.5372294 0.3463005
vn 0.7690649 -0.5372294 0.3463005
vn 0.7690649 -0.5372294 0.3463005
vn 0.7357085 -0.5372396 0.4124398
vn 0.7357085 -0.5372396 0.4124398
vn 0.7357085 -0.5372396 0.4124398
vn 0.7280202 -0.5483062 0.4115176
vn 0.7280202 -0.5483062 0.4115176
vn 0.7280202 -0.5483062 0.4115176
vn 0.700047 -0.5485888 0.4571483
vn 0.700047 -0.5485888 0.4571483
vn 0.700047 -0.5485888 0.4571483
vn 0.6942595 -0.5556769 0.4574133
vn 0.6942595 -0.5556769 0.4574133
vn 0.6942595 -0.5556769 0.4574133
vn 0.6689364 -0.5555416 0.4938597
vn 0.6689364 -0.5555416 0.4938597
vn 0.6689364 -0.5555416 0.4938597
vn 0.6588073 -0.5702508 0.4907004
vn 0.6588073 -0.5702508 0.4907004
vn 0.6588073 -0.5702508 0.4907004
vn 0.6245332 -0.5702465 0.5336451
vn 0.6245332 -0.5702465 0.5336451
vn 0.6245332 -0.5702465 0.5336451
vn 0.6143563 -0.5850495 0.5294182
vn 0.6143563 -0.5850495 0.5294182
vn 0.6143563 -0.5850495 0.5294182
vn 0.572333 -0.5849697 0.5746698
vn 0.572333 -0.5849697 0.5746698
vn 0.572333 -0.5849697 0.5746698
vn 0.562875 -0.5988271 0.5697171
vn 0.562875 -0.5988271 0.5697171
vn 0.562875 -0.5988271 0.5697171
vn 0.5236573 -0.5991318 0.60566
vn 0.5236573 -0.5991318 0.60566
vn 0.5236573 -0.5991318 0.60566
vn 0.4788598 -0.6059088 0.63527
vn 0.4788598 -0.6059088 0.63527
vn 0.4788598 -0.6059088 0.63527
vn 0.4700116 -0.6191763 0.6290546
vn 0.4700116 -0.6191763 0.6290546
vn 0.4700116 -0.6191763 0.6290546
vn 0.4166922 -0.6191892 0.6655617
vn 0.4166922 -0.6191892 0.6655617
vn 0.4166922 -0.6191892 0.6655617
vn 0.4079943 -0.6328483 0.6580607
vn 0.4079943 -0.6328483 0.6580607
vn 0.4079943 -0.6328483 0.6580607
vn 0.3522265 -0.6328563 0.6895139
vn 0.3522265 -0.6328563 0.6895139
vn 0.3522265 -0.6328563 0.6895139
vn 0.3439416 -0.6467304 0.6807672
vn 0.3439416 -0.6467304 0.6807672
vn 0.3439416 -0.6467304 0.6807672
vn 0.5022944 -0.3252344 0.801201
vn 0.5022944 -0.3252344 0.801201
vn 0.5022944 -0.3252344 0.801201
vn 0.4303079 -0.3253068 0.8420276
vn 0.4303079 -0.3253068 0.8420276
vn 0.4303079 -0.3253068 0.8420276
vn 0.4242871 -0.3361252 0.8408331
vn 0.4242871 -0.3361252 0.8408331
vn 0.4242871 -0.3361252 0.8408331
vn 0.4268255 -0.3490294 0.8342652
vn 0.4268255 -0.3490294 0.8342652
vn 0.4268255 -0.3490294 0.8342652
vn 0.3512815 -0.3491048 0.8687504
vn 0.3512815 -0.3491048 0.8687504
vn 0.3512815 -0.3491048 0.8687504
vn 0.3459084 -0.3555693 0.8682845
vn 0.3459084 -0.3555693 0.8682845
vn 0.3459084 -0.3555693 0.8682845
vn 0.2847418 -0.6467106 0.7075927
vn 0.2847418 -0.6467106 0.7075927
vn 0.2847418 -0.6467106 0.7075927
vn 0.2782142 -0.660629 0.6972562
vn 0.2782142 -0.660629 0.6972562
vn 0.2782142 -0.660629 0.6972562
vn 0.183012 -0.872896 0.4522821
vn 0.183012 -0.872896 0.4522821
vn 0.183012 -0.872896 0.4522821
vn 0.580574 -0.8127465 0.048756
vn 0.580574 -0.8127465 0.048756
vn 0.580574 -0.8127465 0.048756
vn 0.5796827 -0.8133707 0.04894977
vn 0.5796827 -0.8133707 0.04894977
vn 0.5796827 -0.8133707 0.04894977
vn 0.5722116 -0.8133867 0.1047661
vn 0.5722116 -0.8133867 0.1047661
vn 0.5722116 -0.8133867 0.1047661
vn 0.5696604 -0.8151383 0.1050547
vn 0.5696604 -0.8151383 0.1050547
vn 0.5696604 -0.8151383 0.1050547
vn 0.560329 -0.8153179 0.1459043
vn 0.560329 -0.8153179 0.1459043
vn 0.560329 -0.8153179 0.1459043
vn 0.5577432 -0.8170133 0.1463278
vn 0.5577432 -0.8170133 0.1463278
vn 0.5577432 -0.8170133 0.1463278
vn 0.5461511 -0.8168632 0.1856163
vn 0.5461511 -0.8168632 0.1856163
vn 0.5461511 -0.8168632 0.1856163
vn 0.5412944 -0.8201361 0.1854106
vn 0.5412944 -0.8201361 0.1854106
vn 0.5412944 -0.8201361 0.1854106
vn 0.5224306 -0.8201467 0.2332932
vn 0.5224306 -0.8201467 0.2332932
vn 0.5224306 -0.8201467 0.2332932
vn 0.5167123 -0.8239873 0.2324938
vn 0.5167123 -0.8239873 0.2324938
vn 0.5167123 -0.8239873 0.2324938
vn 0.494237 -0.8239983 0.2770501
vn 0.494237 -0.8239983 0.2770501
vn 0.494237 -0.8239983 0.2770501
vn 0.4876523 -0.8284485 0.2754416
vn 0.4876523 -0.8284485 0.2754416
vn 0.4876523 -0.8284485 0.2754416
vn 0.4687016 -0.8286439 0.3060526
vn 0.4687016 -0.8286439 0.3060526
vn 0.4687016 -0.8286439 0.3060526
vn 0.4640192 -0.831489 0.3054703
vn 0.4640192 -0.831489 0.3054703
vn 0.4640192 -0.831489 0.3054703
vn 0.447061 -0.8314011 0.330013
vn 0.447061 -0.8314011 0.330013
vn 0.447061 -0.8314011 0.330013
vn 0.438621 -0.8372865 0.3264399
vn 0.438621 -0.8372865 0.3264399
vn 0.438621 -0.8372865 0.3264399
vn 0.4157094 -0.8372876 0.3551552
vn 0.4157094 -0.8372876 0.3551552
vn 0.4157094 -0.8372876 0.3551552
vn 0.4074088 -0.8431782 0.3508116
vn 0.4074088 -0.8431782 0.3508116
vn 0.4074088 -0.8431782 0.3508116
vn 0.379481 -0.843132 0.3809495
vn 0.379481 -0.843132 0.3809495
vn 0.379481 -0.843132 0.3809495
vn 0.3719393 -0.8486188 0.3761744
vn 0.3719393 -0.8486188 0.3761744
vn 0.3719393 -0.8486188 0.3761744
vn 0.3458181 -0.8488116 0.3999111
vn 0.3458181 -0.8488116 0.3999111
vn 0.3458181 -0.8488116 0.3999111
vn 0.3413456 -0.8515789 0.3978651
vn 0.3413456 -0.8515789 0.3978651
vn 0.3413456 -0.8515789 0.3978651
vn 0.3157276 -0.8514432 0.4187607
vn 0.3157276 -0.8514432 0.4187607
vn 0.3157276 -0.8514432 0.4187607
vn 0.3089109 -0.8566794 0.4131279
vn 0.3089109 -0.8566794 0.4131279
vn 0.3089109 -0.8566794 0.4131279
vn 0.2737812 -0.8566914 0.4371768
vn 0.2737812 -0.8566914 0.4371768
vn 0.2737812 -0.8566914 0.4371768
vn 0.2672137 -0.8620607 0.430637
vn 0.2672137 -0.8620607 0.430637
vn 0.2672137 -0.8620607 0.430637
vn 0.2306088 -0.8620702 0.451281
vn 0.2306088 -0.8620702 0.451281
vn 0.2306088 -0.8620702 0.451281
vn 0.224476 -0.8675049 0.4438985
vn 0.224476 -0.8675049 0.4438985
vn 0.224476 -0.8675049 0.4438985
vn 0.1851651 -0.8674858 0.4617164
vn 0.1851651 -0.8674858 0.4617164
vn 0.1851651 -0.8674858 0.4617164
vn 0.2042176 -0.9782124 0.0373606
vn 0.2042176 -0.9782124 0.0373606
vn 0.2042176 -0.9782124 0.0373606
vn 0.2051509 -0.9785795 0.01718175
vn 0.2051509 -0.9785795 0.01718175
vn 0.2051509 -0.9785795 0.01718175
vn 0.2048137 -0.9786491 0.0172401
vn 0.2048137 -0.9786491 0.0172401
vn 0.2048137 -0.9786491 0.0172401
vn 0.2021729 -0.9786528 0.03694432
vn 0.2021729 -0.9786528 0.03694432
vn 0.2021729 -0.9786528 0.03694432
vn 0.2011619 -0.9788583 0.03701668
vn 0.2011619 -0.9788583 0.03701668
vn 0.2011619 -0.9788583 0.03701668
vn 0.1978367 -0.9788865 0.05139821
vn 0.1978367 -0.9788865 0.05139821
vn 0.1978367 -0.9788865 0.05139821
vn 0.1968219 -0.9790853 0.05150687
vn 0.1968219 -0.9790853 0.05150687
vn 0.1968219 -0.9790853 0.05150687
vn 0.19277 -0.979065 0.06535702
vn 0.19277 -0.979065 0.06535702
vn 0.19277 -0.979065 0.06535702
vn 0.1908767 -0.9794461 0.0652042
vn 0.1908767 -0.9794461 0.0652042
vn 0.1908767 -0.9794461 0.0652042
vn 0.1842268 -0.9794506 0.08207958
vn 0.1842268 -0.9794506 0.08207958
vn 0.1842268 -0.9794506 0.08207958
vn 0.1820058 -0.9798986 0.08168625
vn 0.1820058 -0.9798986 0.08168625
vn 0.1820058 -0.9798986 0.08168625
vn 0.1740955 -0.9799035 0.09736478
vn 0.1740955 -0.9799035 0.09736478
vn 0.1740955 -0.9799035 0.09736478
vn 0.1715531 -0.9804224 0.09665155
vn 0.1715531 -0.9804224 0.09665155
vn 0.1715531 -0.9804224 0.09665155
vn 0.1648593 -0.9804536 0.1073878
vn 0.1648593 -0.9804536 0.1073878
vn 0.1648593 -0.9804536 0.1073878
vn 0.1630846 -0.9807851 0.1070699
vn 0.1630846 -0.9807851 0.1070699
vn 0.1630846 -0.9807851 0.1070699
vn 0.1571397 -0.9807748 0.1157063
vn 0.1571397 -0.9807748 0.1157063
vn 0.1571397 -0.9807748 0.1157063
vn 0.153908 -0.9814601 0.1142294
vn 0.153908 -0.9814601 0.1142294
vn 0.153908 -0.9814601 0.1142294
vn 0.1458652 -0.9814634 0.1243104
vn 0.1458652 -0.9814634 0.1243104
vn 0.1458652 -0.9814634 0.1243104
vn 0.1427112 -0.9821475 0.1225556
vn 0.1427112 -0.9821475 0.1225556
vn 0.1427112 -0.9821475 0.1225556
vn 0.1329319 -0.9821442 0.1331232
vn 0.1329319 -0.9821442 0.1331232
vn 0.1329319 -0.9821442 0.1331232
vn 0.1300934 -0.9827788 0.1312302
vn 0.1300934 -0.9827788 0.1312302
vn 0.1300934 -0.9827788 0.1312302
vn 0.1209319 -0.9828089 0.1395062
vn 0.1209319 -0.9828089 0.1395062
vn 0.1209319 -0.9828089 0.1395062
vn 0.1192854 -0.9831292 0.1386652
vn 0.1192854 -0.9831292 0.1386652
vn 0.1192854 -0.9831292 0.1386652
vn 0.1103549 -0.9831128 0.1459831
vn 0.1103549 -0.9831128 0.1459831
vn 0.1103549 -0.9831128 0.1459831
vn 0.1078192 -0.9837175 0.1437879
vn 0.1078192 -0.9837175 0.1437879
vn 0.1078192 -0.9837175 0.1437879
vn 0.09557604 -0.9837228 0.1521672
vn 0.09557604 -0.9837228 0.1521672
vn 0.09557604 -0.9837228 0.1521672
vn 0.09314858 -0.9843421 0.1496458
vn 0.09314858 -0.9843421 0.1496458
vn 0.09314858 -0.9843421 0.1496458
vn 0.08041149 -0.984347 0.156828
vn 0.08041149 -0.984347 0.156828
vn 0.08041149 -0.984347 0.156828
vn 0.07816058 -0.984973 0.1540101
vn 0.07816058 -0.984973 0.1540101
vn 0.07816058 -0.984973 0.1540101
vn 0.06495571 -0.9849775 0.1600002
vn 0.06495571 -0.9849775 0.1600002
vn 0.06495571 -0.9849775 0.1600002
vn 0.06294631 -0.9856017 0.1569301
vn 0.06294631 -0.9856017 0.1569301
vn 0.06294631 -0.9856017 0.1569301
vn 0.0749247 -0.995652 0.05534631
vn 0.0749247 -0.995652 0.05534631
vn 0.0749247 -0.995652 0.05534631
vn 0.3758491 -0.8501756 0.3686988
vn 0.3758491 -0.8501756 0.3686988
vn 0.3758491 -0.8501756 0.3686988
vn 0.3618453 -0.8928144 0.2682357
vn 0.3618453 -0.8928144 0.2682357
vn 0.3618453 -0.8928144 0.2682357
vn 0.374579 -0.8397548 0.3930678
vn 0.374579 -0.8397548 0.3930678
vn 0.374579 -0.8397548 0.3930678
vn 0.374087 -0.7690307 0.5183153
vn 0.374087 -0.7690307 0.5183153
vn 0.374087 -0.7690307 0.5183153
vn 0.3361505 -0.7685494 0.5443664
vn 0.3361505 -0.7685494 0.5443664
vn 0.3361505 -0.7685494 0.5443664
vn 0.3987259 -0.585578 0.7057734
vn 0.3987259 -0.585578 0.7057734
vn 0.3987259 -0.585578 0.7057734
vn 0.3304012 -0.666009 0.6687803
vn 0.3304012 -0.666009 0.6687803
vn 0.3304012 -0.666009 0.6687803
vn 0.3786947 -0.7231563 0.5776118
vn 0.3786947 -0.7231563 0.5776118
vn 0.3786947 -0.7231563 0.5776118
vn 0.4017383 -0.7225095 0.5626599
vn 0.4017383 -0.7225095 0.5626599
vn 0.4017383 -0.7225095 0.5626599
vn 0.08501625 -0.9933705 0.07737702
vn 0.08501625 -0.9933705 0.07737702
vn 0.08501625 -0.9933705 0.07737702
vn 0.07156163 -0.9933856 0.08980005
vn 0.07156163 -0.9933856 0.08980005
vn 0.07156163 -0.9933856 0.08980005
vn 0.09356099 -0.9902474 0.1032295
vn 0.09356099 -0.9902474 0.1032295
vn 0.09356099 -0.9902474 0.1032295
vn 0.07588869 -0.9903906 0.1156169
vn 0.07588869 -0.9903906 0.1156169
vn 0.07588869 -0.9903906 0.1156169
vn 0.09226655 -0.9882954 0.1214875
vn 0.09226655 -0.9882954 0.1214875
vn 0.09226655 -0.9882954 0.1214875
vn 0.07181137 -0.9883588 0.134127
vn 0.07181137 -0.9883588 0.134127
vn 0.07181137 -0.9883588 0.134127
vn 0.09882557 -0.982013 0.160885
vn 0.09882557 -0.982013 0.160885
vn 0.09882557 -0.982013 0.160885
vn 0.07087922 -0.9821937 0.1739882
vn 0.07087922 -0.9821937 0.1739882
vn 0.07087922 -0.9821937 0.1739882
vn 0.05732744 -0.9856281 0.1589044
vn 0.05732744 -0.9856281 0.1589044
vn 0.05732744 -0.9856281 0.1589044
vn 0.2038483 -0.8436267 0.4967291
vn 0.2038483 -0.8436267 0.4967291
vn 0.2038483 -0.8436267 0.4967291
vn 0.2692108 -0.8429872 0.4657233
vn 0.2692108 -0.8429872 0.4657233
vn 0.2692108 -0.8429872 0.4657233
vn 0.2012755 -0.8966492 0.3943457
vn 0.2012755 -0.8966492 0.3943457
vn 0.2012755 -0.8966492 0.3943457
vn 0.2589758 -0.8967708 0.3587946
vn 0.2589758 -0.8967708 0.3587946
vn 0.2589758 -0.8967708 0.3587946
vn 0.2140347 -0.9144797 0.3433891
vn 0.2140347 -0.9144797 0.3433891
vn 0.2140347 -0.9144797 0.3433891
vn 0.2640956 -0.913966 0.3080905
vn 0.2640956 -0.913966 0.3080905
vn 0.2640956 -0.913966 0.3080905
vn 0.2055274 -0.9408221 0.2694668
vn 0.2055274 -0.9408221 0.2694668
vn 0.2055274 -0.9408221 0.2694668
vn 0.260461 -0.9404213 0.2185587
vn 0.260461 -0.9404213 0.2185587
vn 0.260461 -0.9404213 0.2185587
vn 0.2467565 -0.9603089 0.1300696
vn 0.2467565 -0.9603089 0.1300696
vn 0.2467565 -0.9603089 0.1300696
vn 0.1694371 -0.8730962 0.4571588
vn 0.1694371 -0.8730962 0.4571588
vn 0.1694371 -0.8730962 0.4571588
vn 0.2924703 -0.6602298 0.6917788
vn 0.2924703 -0.6602298 0.6917788
vn 0.2924703 -0.6602298 0.6917788
vn 0.3016676 -0.5861184 0.751972
vn 0.3016676 -0.5861184 0.751972
vn 0.3016676 -0.5861184 0.751972
vn 0.3620357 -0.372715 0.8544085
vn 0.3620357 -0.372715 0.8544085
vn 0.3620357 -0.372715 0.8544085
vn 0.810809 -0.5830436 0.05146765
vn 0.810809 -0.5830436 0.05146765
vn 0.810809 -0.5830436 0.05146765
vn 0.4086921 -0.9106881 0.06015062
vn 0.4086921 -0.9106881 0.06015062
vn 0.4086921 -0.9106881 0.06015062
vn 0.438182 -0.8966268 0.06369286
vn 0.438182 -0.8966268 0.06369286
vn 0.438182 -0.8966268 0.06369286
vn 0.3684248 -0.92814 0.05309581
vn 0.3684248 -0.92814 0.05309581
vn 0.3684248 -0.92814 0.05309581
vn 0.449589 -0.8913542 0.05794417
vn 0.449589 -0.8913542 0.05794417
vn 0.449589 -0.8913542 0.05794417
vn 0.4385691 -0.8969592 0.05586999
vn 0.4385691 -0.8969592 0.05586999
vn 0.4385691 -0.8969592 0.05586999
vn 0.3292263 -0.9422929 0.06077885
vn 0.3292263 -0.9422929 0.06077885
vn 0.3292263 -0.9422929 0.06077885
vn 0.3660265 -0.9287905 0.05807667
vn 0.3660265 -0.9287905 0.05807667
vn 0.3660265 -0.9287905 0.05807667
vn 0.3660285 -0.9287896 0.05807667
vn 0.3660285 -0.9287896 0.05807667
vn 0.3660285 -0.9287896 0.05807667
vn 0.2816035 -0.95707 0.06867599
vn 0.2816035 -0.95707 0.06867599
vn 0.2816035 -0.95707 0.06867599
vn 0.3683 -0.9285667 0.04603213
vn 0.3683 -0.9285667 0.04603213
vn 0.3683 -0.9285667 0.04603213
vn 0.280101 -0.958206 0.05817961
vn 0.280101 -0.958206 0.05817961
vn 0.280101 -0.958206 0.05817961
vn 0.2805673 -0.9580755 0.05807828
vn 0.2805673 -0.9580755 0.05807828
vn 0.2805673 -0.9580755 0.05807828
vn 0.2805674 -0.958076 0.05807232
vn 0.2805674 -0.958076 0.05807232
vn 0.2805674 -0.958076 0.05807232
vn 0.2069764 -0.9767448 0.05595004
vn 0.2069764 -0.9767448 0.05595004
vn 0.2069764 -0.9767448 0.05595004
vn 0.1906949 -0.9798604 0.05923593
vn 0.1906949 -0.9798604 0.05923593
vn 0.1906949 -0.9798604 0.05923593
vn 0.1199353 -0.9912393 0.0553199
vn 0.1199353 -0.9912393 0.0553199
vn 0.1199353 -0.9912393 0.0553199
vn 0.1151757 -0.9917932 0.05550462
vn 0.1151757 -0.9917932 0.05550462
vn 0.1151757 -0.9917932 0.05550462
vn 0.1199391 -0.9912287 0.05550026
vn 0.1199391 -0.9912287 0.05550026
vn 0.1199391 -0.9912287 0.05550026
vn 0.11518 -0.9917491 0.05627882
vn 0.11518 -0.9917491 0.05627882
vn 0.11518 -0.9917491 0.05627882
vn 0.03085035 -0.9977816 0.05899286
vn 0.03085035 -0.9977816 0.05899286
vn 0.03085035 -0.9977816 0.05899286
vn 0.03917765 -0.9975929 0.0572142
vn 0.03917765 -0.9975929 0.0572142
vn 0.03917765 -0.9975929 0.0572142
vn 0.03084284 -0.9978846 0.05722767
vn 0.03084284 -0.9978846 0.05722767
vn 0.03084284 -0.9978846 0.05722767
vn 0.03917676 -0.9976205 0.05672997
vn 0.03917676 -0.9976205 0.05672997
vn 0.03917676 -0.9976205 0.05672997
vn -0.05375134 -0.9968602 0.05814278
vn -0.05375134 -0.9968602 0.05814278
vn -0.05375134 -0.9968602 0.05814278
vn -0.05202692 -0.9969764 0.0577172
vn -0.05202692 -0.9969764 0.0577172
vn -0.05202692 -0.9969764 0.0577172
vn -0.1360914 -0.989048 0.05712687
vn -0.1360914 -0.989048 0.05712687
vn -0.1360914 -0.989048 0.05712687
vn -0.1431667 -0.9880303 0.05744147
vn -0.1431667 -0.9880303 0.05744147
vn -0.1431667 -0.9880303 0.05744147
vn -0.1360998 -0.9890273 0.05746227
vn -0.1360998 -0.9890273 0.05746227
vn -0.1360998 -0.9890273 0.05746227
vn -0.143174 -0.9879574 0.05866336
vn -0.143174 -0.9879574 0.05866336
vn -0.143174 -0.9879574 0.05866336
vn -0.214996 -0.9750082 0.05599737
vn -0.214996 -0.9750082 0.05599737
vn -0.214996 -0.9750082 0.05599737
vn -0.2172834 -0.9744841 0.05629086
vn -0.2172834 -0.9744841 0.05629086
vn -0.2172834 -0.9744841 0.05629086
vn -0.2172884 -0.974483 0.0562908
vn -0.2172884 -0.974483 0.0562908
vn -0.2172884 -0.974483 0.0562908
vn -0.2150243 -0.9749808 0.05636322
vn -0.2150243 -0.9749808 0.05636322
vn -0.2150243 -0.9749808 0.05636322
vn -0.2908645 -0.9550312 0.05756044
vn -0.2908645 -0.9550312 0.05756044
vn -0.2908645 -0.9550312 0.05756044
vn -0.2860162 -0.9564218 0.05875396
vn -0.2860162 -0.9564218 0.05875396
vn -0.2860162 -0.9564218 0.05875396
vn -0.3782605 -0.9246965 0.04307341
vn -0.3782605 -0.9246965 0.04307341
vn -0.3782605 -0.9246965 0.04307341
vn -0.2866462 -0.9559702 0.06288802
vn -0.2866462 -0.9559702 0.06288802
vn -0.2866462 -0.9559702 0.06288802
vn -0.4150616 -0.9085022 0.0484513
vn -0.4150616 -0.9085022 0.0484513
vn -0.4150616 -0.9085022 0.0484513
vn -0.4138059 -0.9090381 0.04913604
vn -0.4138059 -0.9090381 0.04913604
vn -0.4138059 -0.9090381 0.04913604
vn -0.3984218 -0.9157139 0.05223202
vn -0.3984218 -0.9157139 0.05223202
vn -0.3984218 -0.9157139 0.05223202
vn -0.3984213 -0.9157141 0.05223232
vn -0.3984213 -0.9157141 0.05223232
vn -0.3984213 -0.9157141 0.05223232
vn -0.374895 -0.9252547 0.05794471
vn -0.374895 -0.9252547 0.05794471
vn -0.374895 -0.9252547 0.05794471
vn -0.3389893 -0.9390339 0.05745965
vn -0.3389893 -0.9390339 0.05745965
vn -0.3389893 -0.9390339 0.05745965
vn -0.3889026 -0.9193726 0.05923384
vn -0.3889026 -0.9193726 0.05923384
vn -0.3889026 -0.9193726 0.05923384
vn -0.378508 -0.9238439 0.05695694
vn -0.378508 -0.9238439 0.05695694
vn -0.378508 -0.9238439 0.05695694
vn -0.4575983 -0.8874066 0.05579715
vn -0.4575983 -0.8874066 0.05579715
vn -0.4575983 -0.8874066 0.05579715
vn -0.4623241 -0.8849144 0.0564199
vn -0.4623241 -0.8849144 0.0564199
vn -0.4623241 -0.8849144 0.0564199
vn -0.4575534 -0.8873883 0.05645275
vn -0.4575534 -0.8873883 0.05645275
vn -0.4575534 -0.8873883 0.05645275
vn -0.4623348 -0.8848662 0.05708068
vn -0.4623348 -0.8848662 0.05708068
vn -0.4623348 -0.8848662 0.05708068
vn -0.5292446 -0.846687 0.0549668
vn -0.5292446 -0.846687 0.0549668
vn -0.5292446 -0.846687 0.0549668
vn -0.5321692 -0.8448987 0.05424004
vn -0.5321692 -0.8448987 0.05424004
vn -0.5321692 -0.8448987 0.05424004
vn -0.5931079 -0.8031076 0.05693262
vn -0.5931079 -0.8031076 0.05693262
vn -0.5931079 -0.8031076 0.05693262
vn -0.7270086 -0.6845371 0.05354708
vn -0.7270086 -0.6845371 0.05354708
vn -0.7270086 -0.6845371 0.05354708
vn -0.7034502 -0.7088642 0.05166506
vn -0.7034502 -0.7088642 0.05166506
vn -0.7034502 -0.7088642 0.05166506
vn -0.7054994 -0.7067812 0.0522595
vn -0.7054994 -0.7067812 0.0522595
vn -0.7054994 -0.7067812 0.0522595
vn -0.6599214 -0.7492032 0.05655497
vn -0.6599214 -0.7492032 0.05655497
vn -0.6599214 -0.7492032 0.05655497
vn -0.6548263 -0.7537035 0.05597686
vn -0.6548263 -0.7537035 0.05597686
vn -0.6548263 -0.7537035 0.05597686
vn -0.6599131 -0.7492583 0.0559172
vn -0.6599131 -0.7492583 0.0559172
vn -0.6599131 -0.7492583 0.0559172
vn -0.654883 -0.7537025 0.05532509
vn -0.654883 -0.7537025 0.05532509
vn -0.654883 -0.7537025 0.05532509
vn -0.601271 -0.7971872 0.05445951
vn -0.601271 -0.7971872 0.05445951
vn -0.601271 -0.7971872 0.05445951
vn -0.7467015 -0.6630269 0.05321896
vn -0.7467015 -0.6630269 0.05321896
vn -0.7467015 -0.6630269 0.05321896
vn -0.7623566 -0.6451746 0.05061835
vn -0.7623566 -0.6451746 0.05061835
vn -0.7623566 -0.6451746 0.05061835
vn -0.7672876 -0.6394459 0.04877167
vn -0.7672876 -0.6394459 0.04877167
vn -0.7672876 -0.6394459 0.04877167
vn 0.5055626 -0.8609658 0.0560742
vn 0.5055626 -0.8609658 0.0560742
vn 0.5055626 -0.8609658 0.0560742
vn 0.5019638 -0.8630043 0.0570594
vn 0.5019638 -0.8630043 0.0570594
vn 0.5019638 -0.8630043 0.0570594
vn 0.5825994 -0.8110206 0.05313962
vn 0.5825994 -0.8110206 0.05313962
vn 0.5825994 -0.8110206 0.05313962
vn 0.5668367 -0.821934 0.05586558
vn 0.5668367 -0.821934 0.05586558
vn 0.5668367 -0.821934 0.05586558
vn 0.5826456 -0.8108137 0.05572426
vn 0.5826456 -0.8108137 0.05572426
vn 0.5826456 -0.8108137 0.05572426
vn 0.5670918 -0.8215533 0.05879718
vn 0.5670918 -0.8215533 0.05879718
vn 0.5670918 -0.8215533 0.05879718
vn 0.6548673 -0.7541288 0.04938125
vn 0.6548673 -0.7541288 0.04938125
vn 0.6548673 -0.7541288 0.04938125
vn 0.6283446 -0.7757623 0.05810236
vn 0.6283446 -0.7757623 0.05810236
vn 0.6283446 -0.7757623 0.05810236
vn 0.6841988 -0.7272141 0.05506014
vn 0.6841988 -0.7272141 0.05506014
vn 0.6841988 -0.7272141 0.05506014
vn 0.6549729 -0.7536194 0.05539363
vn 0.6549729 -0.7536194 0.05539363
vn 0.6549729 -0.7536194 0.05539363
vn 0.7328928 -0.6791622 0.04008591
vn 0.7328928 -0.6791622 0.04008591
vn 0.7328928 -0.6791622 0.04008591
vn 0.7159811 -0.6966206 0.04572486
vn 0.7159811 -0.6966206 0.04572486
vn 0.7159811 -0.6966206 0.04572486
vn 0.699559 -0.7128418 0.04973638
vn 0.699559 -0.7128418 0.04973638
vn 0.699559 -0.7128418 0.04973638
vn 0.6853405 -0.7255507 0.06232547
vn 0.6853405 -0.7255507 0.06232547
vn 0.6853405 -0.7255507 0.06232547
vn 0.7355028 -0.6755933 0.05108016
vn 0.7355028 -0.6755933 0.05108016
vn 0.7355028 -0.6755933 0.05108016
vn 0.7722287 -0.6335141 0.0481944
vn 0.7722287 -0.6335141 0.0481944
vn 0.7722287 -0.6335141 0.0481944
vn 0.7610176 -0.646789 0.05016332
vn 0.7610176 -0.646789 0.05016332
vn 0.7610176 -0.646789 0.05016332
vn 0.7371866 -0.6730005 0.0602172
vn 0.7371866 -0.6730005 0.0602172
vn 0.7371866 -0.6730005 0.0602172
vn 0.7835546 -0.6194235 0.04854679
vn 0.7835546 -0.6194235 0.04854679
vn 0.7835546 -0.6194235 0.04854679
vn 0.7926189 -0.3160077 0.521435
vn 0.7926189 -0.3160077 0.521435
vn 0.7926189 -0.3160077 0.521435
vn 0.4400477 -0.6928105 0.5712893
vn 0.4400477 -0.6928105 0.5712893
vn 0.4400477 -0.6928105 0.5712893
vn 0.4136258 -0.6756393 0.6102665
vn 0.4136258 -0.6756393 0.6102665
vn 0.4136258 -0.6756393 0.6102665
vn 0.4196189 -0.8805173 0.2204753
vn 0.4196189 -0.8805173 0.2204753
vn 0.4196189 -0.8805173 0.2204753
vn 0.3933457 -0.8851619 0.2485311
vn 0.3933457 -0.8851619 0.2485311
vn 0.3933457 -0.8851619 0.2485311
vn 0.5006231 -0.8309133 0.2428162
vn 0.5006231 -0.8309133 0.2428162
vn 0.5006231 -0.8309133 0.2428162
vn 0.5012921 -0.830037 0.2444275
vn 0.5012921 -0.830037 0.2444275
vn 0.5012921 -0.830037 0.2444275
vn 0.3754136 -0.3852843 0.8429832
vn 0.3754136 -0.3852843 0.8429832
vn 0.3754136 -0.3852843 0.8429832
vn 0.460373 -0.3235222 0.8266742
vn 0.460373 -0.3235222 0.8266742
vn 0.460373 -0.3235222 0.8266742
vn 0.4609052 -0.3287271 0.8243209
vn 0.4609052 -0.3287271 0.8243209
vn 0.4609052 -0.3287271 0.8243209
vn 0.5730848 -0.7849057 0.2355778
vn 0.5730848 -0.7849057 0.2355778
vn 0.5730848 -0.7849057 0.2355778
vn 0.5704415 -0.7854745 0.2400546
vn 0.5704415 -0.7854745 0.2400546
vn 0.5704415 -0.7854745 0.2400546
vn 0.5729467 -0.783031 0.2420632
vn 0.5729467 -0.783031 0.2420632
vn 0.5729467 -0.783031 0.2420632
vn 0.6368023 -0.7361665 0.2292197
vn 0.6368023 -0.7361665 0.2292197
vn 0.6368023 -0.7361665 0.2292197
vn 0.6401709 -0.7305428 0.2376731
vn 0.6401709 -0.7305428 0.2376731
vn 0.6401709 -0.7305428 0.2376731
vn 0.7004578 -0.6789008 0.2201194
vn 0.7004578 -0.6789008 0.2201194
vn 0.7004578 -0.6789008 0.2201194
vn 0.6967014 -0.6817416 0.223239
vn 0.6967014 -0.6817416 0.223239
vn 0.6967014 -0.6817416 0.223239
vn 0.7008112 -0.6748145 0.2312769
vn 0.7008112 -0.6748145 0.2312769
vn 0.7008112 -0.6748145 0.2312769
vn 0.5889188 -0.2272697 0.7755792
vn 0.5889188 -0.2272697 0.7755792
vn 0.5889188 -0.2272697 0.7755792
vn 0.5846954 -0.2265011 0.778992
vn 0.5846954 -0.2265011 0.778992
vn 0.5846954 -0.2265011 0.778992
vn 0.5852516 -0.2221725 0.7798205
vn 0.5852516 -0.2221725 0.7798205
vn 0.5852516 -0.2221725 0.7798205
vn 0.5263445 -0.280102 0.8028103
vn 0.5263445 -0.280102 0.8028103
vn 0.5263445 -0.280102 0.8028103
vn 0.5254309 -0.2737299 0.8056019
vn 0.5254309 -0.2737299 0.8056019
vn 0.5254309 -0.2737299 0.8056019
vn 0.7233095 -0.1291347 0.6783418
vn 0.7233095 -0.1291347 0.6783418
vn 0.7233095 -0.1291347 0.6783418
vn 0.6910243 -0.1126521 0.7139993
vn 0.6910243 -0.1126521 0.7139993
vn 0.6910243 -0.1126521 0.7139993
vn 0.6424784 -0.1755757 0.7459186
vn 0.6424784 -0.1755757 0.7459186
vn 0.6424784 -0.1755757 0.7459186
vn 0.6407632 -0.1682677 0.7490719
vn 0.6407632 -0.1682677 0.7490719
vn 0.6407632 -0.1682677 0.7490719
vn 0.4327631 -0.6791597 0.5928391
vn 0.4327631 -0.6791597 0.5928391
vn 0.4327631 -0.6791597 0.5928391
vn 0.5186075 -0.6258057 0.5825921
vn 0.5186075 -0.6258057 0.5825921
vn 0.5186075 -0.6258057 0.5825921
vn 0.5188369 -0.6244692 0.5838205
vn 0.5188369 -0.6244692 0.5838205
vn 0.5188369 -0.6244692 0.5838205
vn 0.5914236 -0.5711734 0.5691918
vn 0.5914236 -0.5711734 0.5691918
vn 0.5914236 -0.5711734 0.5691918
vn 0.591662 -0.569332 0.5707864
vn 0.591662 -0.569332 0.5707864
vn 0.591662 -0.569332 0.5707864
vn 0.6567962 -0.5138101 0.551922
vn 0.6567962 -0.5138101 0.551922
vn 0.6567962 -0.5138101 0.551922
vn 0.6570424 -0.5114347 0.5538319
vn 0.6570424 -0.5114347 0.5538319
vn 0.6570424 -0.5114347 0.5538319
vn 0.7155377 -0.4538707 0.5310434
vn 0.7155377 -0.4538707 0.5310434
vn 0.7155377 -0.4538707 0.5310434
vn 0.7156944 -0.4506506 0.5335686
vn 0.7156944 -0.4506506 0.5335686
vn 0.7156944 -0.4506506 0.5335686
vn 0.7684918 -0.3906738 0.5067487
vn 0.7684918 -0.3906738 0.5067487
vn 0.7684918 -0.3906738 0.5067487
vn 0.7685166 -0.3865389 0.5098726
vn 0.7685166 -0.3865389 0.5098726
vn 0.7685166 -0.3865389 0.5098726
vn 0.8168373 -0.3226987 0.4781658
vn 0.8168373 -0.3226987 0.4781658
vn 0.8168373 -0.3226987 0.4781658
vn 0.7549809 -0.6211776 0.2101009
vn 0.7549809 -0.6211776 0.2101009
vn 0.7549809 -0.6211776 0.2101009
vn 0.7513431 -0.6212736 0.2224915
vn 0.7513431 -0.6212736 0.2224915
vn 0.7513431 -0.6212736 0.2224915
vn 0.7556701 -0.6154565 0.2240001
vn 0.7556701 -0.6154565 0.2240001
vn 0.7556701 -0.6154565 0.2240001
vn 0.800435 -0.5646122 0.2012878
vn 0.800435 -0.5646122 0.2012878
vn 0.800435 -0.5646122 0.2012878
vn 0.8055692 -0.5520885 0.2150734
vn 0.8055692 -0.5520885 0.2150734
vn 0.8055692 -0.5520885 0.2150734
vn 0.8445938 -0.5007019 0.1896283
vn 0.8445938 -0.5007019 0.1896283
vn 0.8445938 -0.5007019 0.1896283
vn 0.4471623 -0.1500961 0.8817693
vn 0.4471623 -0.1500961 0.8817693
vn 0.4471623 -0.1500961 0.8817693
vn 0.6555213 -0.004493296 0.7551633
vn 0.6555213 -0.004493296 0.7551633
vn 0.6555213 -0.004493296 0.7551633
vn 0.6555231 -0.004493296 0.7551618
vn 0.6555231 -0.004493296 0.7551618
vn 0.6555231 -0.004493296 0.7551618
vn 0.7111554 0.02180778 0.7026967
vn 0.7111554 0.02180778 0.7026967
vn 0.7111554 0.02180778 0.7026967
vn 0.695241 0.03333187 0.7180033
vn 0.695241 0.03333187 0.7180033
vn 0.695241 0.03333187 0.7180033
vn 0.8090822 0.1189941 0.5755228
vn 0.8090822 0.1189941 0.5755228
vn 0.8090822 0.1189941 0.5755228
vn 0.8090827 0.1189941 0.575522
vn 0.8090827 0.1189941 0.575522
vn 0.8090827 0.1189941 0.575522
vn 0.8521236 0.0945031 0.5147373
vn 0.8521236 0.0945031 0.5147373
vn 0.8521236 0.0945031 0.5147373
vn 0.8423533 0.1217685 0.5249889
vn 0.8423533 0.1217685 0.5249889
vn 0.8423533 0.1217685 0.5249889
vn 0.879081 0.1743667 0.4436361
vn 0.879081 0.1743667 0.4436361
vn 0.879081 0.1743667 0.4436361
vn 0.8966795 0.1735909 0.4072251
vn 0.8966795 0.1735909 0.4072251
vn 0.8966795 0.1735909 0.4072251
vn 0.8831239 0.1504096 0.4443749
vn 0.8831239 0.1504096 0.4443749
vn 0.8831239 0.1504096 0.4443749
vn 0.9096509 0.1721149 0.3780366
vn 0.9096509 0.1721149 0.3780366
vn 0.9096509 0.1721149 0.3780366
vn 0.9175051 0.1636672 0.3624878
vn 0.9175051 0.1636672 0.3624878
vn 0.9175051 0.1636672 0.3624878
vn 0.9175046 0.1636672 0.3624891
vn 0.9175046 0.1636672 0.3624891
vn 0.9175046 0.1636672 0.3624891
vn 0.9586638 0.1968647 0.2054462
vn 0.9586638 0.1968647 0.2054462
vn 0.9586638 0.1968647 0.2054462
vn 0.9355584 0.193485 0.2954557
vn 0.9355584 0.193485 0.2954557
vn 0.9355584 0.193485 0.2954557
vn 0.9440582 0.1818681 0.2750962
vn 0.9440582 0.1818681 0.2750962
vn 0.9440582 0.1818681 0.2750962
vn 0.9440581 0.1818681 0.2750972
vn 0.9440581 0.1818681 0.2750972
vn 0.9440581 0.1818681 0.2750972
vn 0.9853527 0.1662849 0.03780633
vn 0.9853527 0.1662849 0.03780633
vn 0.9853527 0.1662849 0.03780633
vn 0.9673901 0.2136746 0.1360128
vn 0.9673901 0.2136746 0.1360128
vn 0.9673901 0.2136746 0.1360128
vn 0.9681518 0.2122139 0.1328433
vn 0.9681518 0.2122139 0.1328433
vn 0.9681518 0.2122139 0.1328433
vn 0.9739656 0.2211946 0.04963839
vn 0.9739656 0.2211946 0.04963839
vn 0.9739656 0.2211946 0.04963839
vn 0.9727239 0.221346 0.06938505
vn 0.9727239 0.221346 0.06938505
vn 0.9727239 0.221346 0.06938505
vn 0.9708076 0.2345444 0.05021542
vn 0.9708076 0.2345444 0.05021542
vn 0.9708076 0.2345444 0.05021542
vn 0.9853525 0.1662864 0.03780633
vn 0.9853525 0.1662864 0.03780633
vn 0.9853525 0.1662864 0.03780633
vn 0.9893839 0.1250853 0.0739811
vn 0.9893839 0.1250853 0.0739811
vn 0.9893839 0.1250853 0.0739811
vn 0.9934425 0.109714 0.0321688
vn 0.9934425 0.109714 0.0321688
vn 0.9934425 0.109714 0.0321688
vn 0.9769086 0.115339 0.1798513
vn 0.9769086 0.115339 0.1798513
vn 0.9769086 0.115339 0.1798513
vn 0.9769085 0.115339 0.1798518
vn 0.9769085 0.115339 0.1798518
vn 0.9769085 0.115339 0.1798518
vn 0.9819568 0.1332537 0.1341799
vn 0.9819568 0.1332537 0.1341799
vn 0.9819568 0.1332537 0.1341799
vn 0.9890489 0.121675 0.08353239
vn 0.9890489 0.121675 0.08353239
vn 0.9890489 0.121675 0.08353239
vn 0.989049 0.121675 0.08353155
vn 0.989049 0.121675 0.08353155
vn 0.989049 0.121675 0.08353155
vn 0.9614614 0.1102062 0.2518857
vn 0.9614614 0.1102062 0.2518857
vn 0.9614614 0.1102062 0.2518857
vn 0.9676513 0.1234695 0.2200139
vn 0.9676513 0.1234695 0.2200139
vn 0.9676513 0.1234695 0.2200139
vn 0.9547019 0.2025321 0.2180023
vn 0.9547019 0.2025321 0.2180023
vn 0.9547019 0.2025321 0.2180023
vn 0.9673904 0.2136746 0.1360113
vn 0.9673904 0.2136746 0.1360113
vn 0.9673904 0.2136746 0.1360113
vn 0.9404745 0.1093729 0.3217844
vn 0.9404745 0.1093729 0.3217844
vn 0.9404745 0.1093729 0.3217844
vn 0.9497483 0.09473103 0.2983359
vn 0.9497483 0.09473103 0.2983359
vn 0.9497483 0.09473103 0.2983359
vn 0.9198789 0.0936613 0.3808548
vn 0.9198789 0.0936613 0.3808548
vn 0.9198789 0.0936613 0.3808548
vn 0.909553 0.07604587 0.4085711
vn 0.909553 0.07604587 0.4085711
vn 0.909553 0.07604587 0.4085711
vn 0.8697811 0.05434328 0.4904361
vn 0.8697811 0.05434328 0.4904361
vn 0.8697811 0.05434328 0.4904361
vn 0.8512559 0.0445885 0.522853
vn 0.8512559 0.0445885 0.522853
vn 0.8512559 0.0445885 0.522853
vn 0.8342648 0.05595195 0.5485177
vn 0.8342648 0.05595195 0.5485177
vn 0.8342648 0.05595195 0.5485177
vn 0.7582682 -0.01707696 0.6517191
vn 0.7582682 -0.01707696 0.6517191
vn 0.7582682 -0.01707696 0.6517191
vn 0.7582669 -0.01707696 0.6517207
vn 0.7582669 -0.01707696 0.6517207
vn 0.7582669 -0.01707696 0.6517207
vn 0.786725 0.007485806 0.6172583
vn 0.786725 0.007485806 0.6172583
vn 0.786725 0.007485806 0.6172583
vn 0.8204177 0.01282793 0.5716208
vn 0.8204177 0.01282793 0.5716208
vn 0.8204177 0.01282793 0.5716208
vn 0.8023177 0.02779251 0.5962499
vn 0.8023177 0.02779251 0.5962499
vn 0.8023177 0.02779251 0.5962499
vn 0.802318 0.02779251 0.5962496
vn 0.802318 0.02779251 0.5962496
vn 0.802318 0.02779251 0.5962496
vn 0.7453332 0.04291993 0.6653091
vn 0.7453332 0.04291993 0.6653091
vn 0.7453332 0.04291993 0.6653091
vn 0.7462217 -0.04330736 0.6642873
vn 0.7462217 -0.04330736 0.6642873
vn 0.7462217 -0.04330736 0.6642873
vn 0.7032875 -0.008667767 0.7108528
vn 0.7032875 -0.008667767 0.7108528
vn 0.7032875 -0.008667767 0.7108528
vn 0.5973588 -0.08635431 0.7973115
vn 0.5973588 -0.08635431 0.7973115
vn 0.5973588 -0.08635431 0.7973115
vn 0.6397051 -0.08606117 0.7637872
vn 0.6397051 -0.08606117 0.7637872
vn 0.6397051 -0.08606117 0.7637872
vn 0.6410527 0.003619968 0.7674883
vn 0.6410527 0.003619968 0.7674883
vn 0.6410527 0.003619968 0.7674883
vn 0.711157 0.02180778 0.702695
vn 0.711157 0.02180778 0.702695
vn 0.711157 0.02180778 0.702695
vn 0.598266 -0.05679619 0.7992823
vn 0.598266 -0.05679619 0.7992823
vn 0.598266 -0.05679619 0.7992823
vn 0.6954079 -0.05934709 0.7161605
vn 0.6954079 -0.05934709 0.7161605
vn 0.6954079 -0.05934709 0.7161605
vn 0.6511772 -0.02599179 0.7584806
vn 0.6511772 -0.02599179 0.7584806
vn 0.6511772 -0.02599179 0.7584806
vn 0.7030075 -0.04346001 0.7098532
vn 0.7030075 -0.04346001 0.7098532
vn 0.7030075 -0.04346001 0.7098532
vn 0.4421031 -0.157474 0.8830327
vn 0.4421031 -0.157474 0.8830327
vn 0.4421031 -0.157474 0.8830327
vn 0.5260791 -0.07469242 0.8471493
vn 0.5260791 -0.07469242 0.8471493
vn 0.5260791 -0.07469242 0.8471493
vn 0.5817614 -0.1113297 0.8057042
vn 0.5817614 -0.1113297 0.8057042
vn 0.5817614 -0.1113297 0.8057042
vn 0.5247496 -0.1117714 0.8438867
vn 0.5247496 -0.1117714 0.8438867
vn 0.5247496 -0.1117714 0.8438867
vn 0.5261099 -0.1121439 0.8429899
vn 0.5261099 -0.1121439 0.8429899
vn 0.5261099 -0.1121439 0.8429899
vn 0.4483973 -0.1243144 0.8851473
vn 0.4483973 -0.1243144 0.8851473
vn 0.4483973 -0.1243144 0.8851473
vn 0.5205212 -0.137023 0.8427826
vn 0.5205212 -0.137023 0.8427826
vn 0.5205212 -0.137023 0.8427826
vn 0.5205207 -0.137023 0.8427828
vn 0.5205207 -0.137023 0.8427828
vn 0.5205207 -0.137023 0.8427828
vn 0.3652972 -0.1917268 0.9109329
vn 0.3652972 -0.1917268 0.9109329
vn 0.3652972 -0.1917268 0.9109329
vn 0.3734133 -0.191778 0.9076253
vn 0.3734133 -0.191778 0.9076253
vn 0.3734133 -0.191778 0.9076253
vn 0.6076071 -0.0165866 0.7940646
vn 0.6076071 -0.0165866 0.7940646
vn 0.6076071 -0.0165866 0.7940646
vn 0.5839142 -0.05104655 0.810209
vn 0.5839142 -0.05104655 0.810209
vn 0.5839142 -0.05104655 0.810209
vn 0.5405575 -0.04749351 0.8399654
vn 0.5405575 -0.04749351 0.8399654
vn 0.5405575 -0.04749351 0.8399654
vn 0.8857366 0.07585197 0.4579488
vn 0.8857366 0.07585197 0.4579488
vn 0.8857366 0.07585197 0.4579488
vn 0.8816429 0.1189354 0.4566841
vn 0.8816429 0.1189354 0.4566841
vn 0.8816429 0.1189354 0.4566841
vn 0.8452535 0.1193871 0.5208581
vn 0.8452535 0.1193871 0.5208581
vn 0.8452535 0.1193871 0.5208581
vn 0.8420261 0.1245262 0.5248669
vn 0.8420261 0.1245262 0.5248669
vn 0.8420261 0.1245262 0.5248669
vn 0.8177658 0.07134884 0.5711116
vn 0.8177658 0.07134884 0.5711116
vn 0.8177658 0.07134884 0.5711116
vn 0.7927291 0.07153296 0.6053624
vn 0.7927291 0.07153296 0.6053624
vn 0.7927291 0.07153296 0.6053624
vn 0.7845601 0.06342095 0.6168009
vn 0.7845601 0.06342095 0.6168009
vn 0.7845601 0.06342095 0.6168009
vn 0.7668333 0.0639671 0.638651
vn 0.7668333 0.0639671 0.638651
vn 0.7668333 0.0639671 0.638651
vn 0 0 -1
vn 0 0 -1
vn 0 0 -1
vn 0 0 -1
vn 0 0 -1
vn 0 0 -1
vn 0 0 -1
vn 0 0 -1
vn 0 0 -1
vn 0.6797274 -0.04282957 -0.7322133
vn 0.6797274 -0.04282957 -0.7322133
vn 0.6797274 -0.04282957 -0.7322133
vn 0.968471 0.2451439 -0.0443663
vn 0.968471 0.2451439 -0.0443663
vn 0.968471 0.2451439 -0.0443663
vn 0.9732812 0.2183041 -0.07118397
vn 0.9732812 0.2183041 -0.07118397
vn 0.9732812 0.2183041 -0.07118397
vn 0.9568549 0.2078031 -0.2030925
vn 0.9568549 0.2078031 -0.2030925
vn 0.9568549 0.2078031 -0.2030925
vn 0.9684488 0.2108345 -0.132875
vn 0.9684488 0.2108345 -0.132875
vn 0.9684488 0.2108345 -0.132875
vn 0.968523 0.2169528 -0.1220428
vn 0.968523 0.2169528 -0.1220428
vn 0.968523 0.2169528 -0.1220428
vn 0.9373318 0.184049 -0.2958633
vn 0.9373318 0.184049 -0.2958633
vn 0.9373318 0.184049 -0.2958633
vn 0.9396978 0.1912735 -0.2835179
vn 0.9396978 0.1912735 -0.2835179
vn 0.9396978 0.1912735 -0.2835179
vn 0.9587509 0.1989604 -0.2030062
vn 0.9587509 0.1989604 -0.2030062
vn 0.9587509 0.1989604 -0.2030062
vn 0.8786932 0.1424822 -0.4556282
vn 0.8786932 0.1424822 -0.4556282
vn 0.8786932 0.1424822 -0.4556282
vn 0.8824433 0.1483984 -0.4463985
vn 0.8824433 0.1483984 -0.4463985
vn 0.8824433 0.1483984 -0.4463985
vn 0.9146708 0.1641541 -0.3693652
vn 0.9146708 0.1641541 -0.3693652
vn 0.9146708 0.1641541 -0.3693652
vn 0.9109335 0.1642978 -0.3784263
vn 0.9109335 0.1642978 -0.3784263
vn 0.9109335 0.1642978 -0.3784263
vn 0.9136598 0.1699032 -0.3692679
vn 0.9136598 0.1699032 -0.3692679
vn 0.9136598 0.1699032 -0.3692679
vn 0.9411658 0.1838533 -0.2835574
vn 0.9411658 0.1838533 -0.2835574
vn 0.9411658 0.1838533 -0.2835574
vn 0.8160047 0.09371584 -0.5703976
vn 0.8160047 0.09371584 -0.5703976
vn 0.8160047 0.09371584 -0.5703976
vn 0.8519128 0.1177322 -0.510278
vn 0.8519128 0.1177322 -0.510278
vn 0.8519128 0.1177322 -0.510278
vn 0.8454226 0.1178674 -0.5209298
vn 0.8454226 0.1178674 -0.5209298
vn 0.8454226 0.1178674 -0.5209298
vn 0.8509843 0.12497 -0.5101061
vn 0.8509843 0.12497 -0.5101061
vn 0.8509843 0.12497 -0.5101061
vn 0.8833671 0.1423526 -0.4465401
vn 0.8833671 0.1423526 -0.4465401
vn 0.8833671 0.1423526 -0.4465401
vn 0.7844585 0.06505048 -0.6167603
vn 0.7844585 0.06505048 -0.6167603
vn 0.7844585 0.06505048 -0.6167603
vn 0.8174123 0.09315651 -0.5684707
vn 0.8174123 0.09315651 -0.5684707
vn 0.8174123 0.09315651 -0.5684707
vn 0.8174118 0.09315651 -0.5684715
vn 0.8174118 0.09315651 -0.5684715
vn 0.8174118 0.09315651 -0.5684715
vn 0.6949227 0.04184818 -0.7178657
vn 0.6949227 0.04184818 -0.7178657
vn 0.6949227 0.04184818 -0.7178657
vn 0.7454561 0.03992915 -0.6653578
vn 0.7454561 0.03992915 -0.6653578
vn 0.7454561 0.03992915 -0.6653578
vn 0.7752724 0.06666404 -0.6280992
vn 0.7752724 0.06666404 -0.6280992
vn 0.7752724 0.06666404 -0.6280992
vn 0.661324 0.01368808 -0.7499755
vn 0.661324 0.01368808 -0.7499755
vn 0.661324 0.01368808 -0.7499755
vn 0.7234417 0.01762682 -0.6901604
vn 0.7234417 0.01762682 -0.6901604
vn 0.7234417 0.01762682 -0.6901604
vn 0.5694214 -0.06616348 -0.8193789
vn 0.5694214 -0.06616348 -0.8193789
vn 0.5694214 -0.06616348 -0.8193789
vn 0.5840406 -0.04277735 -0.8105964
vn 0.5840406 -0.04277735 -0.8105964
vn 0.5840406 -0.04277735 -0.8105964
vn 0.5487226 -0.04291379 -0.8349023
vn 0.5487226 -0.04291379 -0.8349023
vn 0.5487226 -0.04291379 -0.8349023
vn 0.5219476 -0.1235822 -0.8439775
vn 0.5219476 -0.1235822 -0.8439775
vn 0.5219476 -0.1235822 -0.8439775
vn 0.3617497 -0.2430515 -0.9000351
vn 0.3617497 -0.2430515 -0.9000351
vn 0.3617497 -0.2430515 -0.9000351
vn 0.38699 -0.1825136 -0.9038405
vn 0.38699 -0.1825136 -0.9038405
vn 0.38699 -0.1825136 -0.9038405
vn 0.3657107 -0.1825262 -0.9126555
vn 0.3657107 -0.1825262 -0.9126555
vn 0.3657107 -0.1825262 -0.9126555
vn 0.4464223 -0.1598425 -0.8804302
vn 0.4464223 -0.1598425 -0.8804302
vn 0.4464223 -0.1598425 -0.8804302
vn 0.4540629 -0.1517743 -0.8779473
vn 0.4540629 -0.1517743 -0.8779473
vn 0.4540629 -0.1517743 -0.8779473
vn 0.533266 -0.1376376 -0.8346756
vn 0.533266 -0.1376376 -0.8346756
vn 0.533266 -0.1376376 -0.8346756
vn 0.4475666 -0.1384475 -0.8834684
vn 0.4475666 -0.1384475 -0.8834684
vn 0.4475666 -0.1384475 -0.8834684
vn 0.5131494 -0.1127899 -0.8508561
vn 0.5131494 -0.1127899 -0.8508561
vn 0.5131494 -0.1127899 -0.8508561
vn 0.5246769 -0.1108952 -0.8440477
vn 0.5246769 -0.1108952 -0.8440477
vn 0.5246769 -0.1108952 -0.8440477
vn 0.5225381 -0.1118218 -0.8452513
vn 0.5225381 -0.1118218 -0.8452513
vn 0.5225381 -0.1118218 -0.8452513
vn 0.5246361 -0.1118157 -0.8439515
vn 0.5246361 -0.1118157 -0.8439515
vn 0.5246361 -0.1118157 -0.8439515
vn 0.5830011 -0.08400464 -0.808117
vn 0.5830011 -0.08400464 -0.808117
vn 0.5830011 -0.08400464 -0.808117
vn 0.5974929 -0.0863865 -0.7972075
vn 0.5974929 -0.0863865 -0.7972075
vn 0.5974929 -0.0863865 -0.7972075
vn 0.597492 -0.0863865 -0.7972081
vn 0.597492 -0.0863865 -0.7972081
vn 0.597492 -0.0863865 -0.7972081
vn 0.6406544 -0.05902826 -0.7655571
vn 0.6406544 -0.05902826 -0.7655571
vn 0.6406544 -0.05902826 -0.7655571
vn 0.6411296 -0.003178238 -0.7674261
vn 0.6411296 -0.003178238 -0.7674261
vn 0.6411296 -0.003178238 -0.7674261
vn 0.6223602 -0.003198504 -0.7827244
vn 0.6223602 -0.003198504 -0.7827244
vn 0.6223602 -0.003198504 -0.7827244
vn 0.6620082 -0.06626784 -0.7465614
vn 0.6620082 -0.06626784 -0.7465614
vn 0.6620082 -0.06626784 -0.7465614
vn 0.695814 -0.04282122 -0.7169443
vn 0.695814 -0.04282122 -0.7169443
vn 0.695814 -0.04282122 -0.7169443
vn 0.6794488 -0.05509728 -0.7316514
vn 0.6794488 -0.05509728 -0.7316514
vn 0.6794488 -0.05509728 -0.7316514
vn 0.7411937 -0.02522039 -0.6708173
vn 0.7411937 -0.02522039 -0.6708173
vn 0.7411937 -0.02522039 -0.6708173
vn 0.7465245 -0.02082055 -0.6650322
vn 0.7465245 -0.02082055 -0.6650322
vn 0.7465245 -0.02082055 -0.6650322
vn 0.7412251 -0.02082312 -0.6709336
vn 0.7412251 -0.02082312 -0.6709336
vn 0.7412251 -0.02082312 -0.6709336
vn 0.7867624 0.005011379 -0.6172357
vn 0.7867624 0.005011379 -0.6172357
vn 0.7867624 0.005011379 -0.6172357
vn 0.7893566 0.004256427 -0.6139202
vn 0.7893566 0.004256427 -0.6139202
vn 0.7893566 0.004256427 -0.6139202
vn 0.8205692 0.004244565 -0.5715315
vn 0.8205692 0.004244565 -0.5715315
vn 0.8205692 0.004244565 -0.5715315
vn 0.7886661 0.03295028 -0.6139383
vn 0.7886661 0.03295028 -0.6139383
vn 0.7886661 0.03295028 -0.6139383
vn 0.8207213 0.03247112 -0.5704051
vn 0.8207213 0.03247112 -0.5704051
vn 0.8207213 0.03247112 -0.5704051
vn 0.8509797 0.05004727 -0.5228088
vn 0.8509797 0.05004727 -0.5228088
vn 0.8509797 0.05004727 -0.5228088
vn 0.8535242 0.04884827 -0.5187583
vn 0.8535242 0.04884827 -0.5187583
vn 0.8535242 0.04884827 -0.5187583
vn 0.8535228 0.04884827 -0.5187606
vn 0.8535228 0.04884827 -0.5187606
vn 0.8535228 0.04884827 -0.5187606
vn 0.8858579 0.07421863 -0.4579817
vn 0.8858579 0.07421863 -0.4579817
vn 0.8858579 0.07421863 -0.4579817
vn 0.8956947 0.06958627 -0.4391912
vn 0.8956947 0.06958627 -0.4391912
vn 0.8956947 0.06958627 -0.4391912
vn 0.8956952 0.06958627 -0.43919
vn 0.8956952 0.06958627 -0.43919
vn 0.8956952 0.06958627 -0.43919
vn 0.9198616 0.09384489 -0.3808513
vn 0.9198616 0.09384489 -0.3808513
vn 0.9198616 0.09384489 -0.3808513
vn 0.9308679 0.08785921 -0.354635
vn 0.9308679 0.08785921 -0.354635
vn 0.9308679 0.08785921 -0.354635
vn 0.9308667 0.08785921 -0.3546378
vn 0.9308667 0.08785921 -0.3546378
vn 0.9308667 0.08785921 -0.3546378
vn 0.9481279 0.1104645 -0.2980791
vn 0.9481279 0.1104645 -0.2980791
vn 0.9481279 0.1104645 -0.2980791
vn 0.9543298 0.1062191 -0.2792349
vn 0.9543298 0.1062191 -0.2792349
vn 0.9543298 0.1062191 -0.2792349
vn 0.9553766 0.1991992 -0.2181171
vn 0.9553766 0.1991992 -0.2181171
vn 0.9553766 0.1991992 -0.2181171
vn 0.9680011 0.1206116 -0.2200607
vn 0.9680011 0.1206116 -0.2200607
vn 0.9680011 0.1206116 -0.2200607
vn 0.9543302 0.1062191 -0.2792334
vn 0.9543302 0.1062191 -0.2792334
vn 0.9543302 0.1062191 -0.2792334
vn 0.9863696 0.1218941 -0.1105291
vn 0.9863696 0.1218941 -0.1105291
vn 0.9863696 0.1218941 -0.1105291
vn 0.98637 0.1218941 -0.1105265
vn 0.98637 0.1218941 -0.1105265
vn 0.98637 0.1218941 -0.1105265
vn 0.9822198 0.131278 -0.1342031
vn 0.9822198 0.131278 -0.1342031
vn 0.9822198 0.131278 -0.1342031
vn 0.9718623 0.1150879 -0.2055196
vn 0.9718623 0.1150879 -0.2055196
vn 0.9718623 0.1150879 -0.2055196
vn 0.9718614 0.1150879 -0.2055242
vn 0.9718614 0.1150879 -0.2055242
vn 0.9718614 0.1150879 -0.2055242
vn 0.9918292 0.1205916 -0.04162526
vn 0.9918292 0.1205916 -0.04162526
vn 0.9918292 0.1205916 -0.04162526
vn 0.989391 0.1307268 -0.06337034
vn 0.989391 0.1307268 -0.06337034
vn 0.989391 0.1307268 -0.06337034
vn 0.9814377 0.1876443 -0.03962153
vn 0.9814377 0.1876443 -0.03962153
vn 0.9814377 0.1876443 -0.03962153
vn 0.9814383 0.1876401 -0.03962153
vn 0.9814383 0.1876401 -0.03962153
vn 0.9814383 0.1876401 -0.03962153
vn 0.7906219 -0.2870382 -0.5408568
vn 0.7906219 -0.2870382 -0.5408568
vn 0.7906219 -0.2870382 -0.5408568
vn 0.7059717 -0.1203176 -0.6979454
vn 0.7059717 -0.1203176 -0.6979454
vn 0.7059717 -0.1203176 -0.6979454
vn 0.4144349 -0.8730419 -0.2569853
vn 0.4144349 -0.8730419 -0.2569853
vn 0.4144349 -0.8730419 -0.2569853
vn 0.4718382 -0.8453421 -0.2505302
vn 0.4718382 -0.8453421 -0.2505302
vn 0.4718382 -0.8453421 -0.2505302
vn 0.4591798 -0.6683159 -0.5852416
vn 0.4591798 -0.6683159 -0.5852416
vn 0.4591798 -0.6683159 -0.5852416
vn 0.3904041 -0.6448143 -0.6571142
vn 0.3904041 -0.6448143 -0.6571142
vn 0.3904041 -0.6448143 -0.6571142
vn 0.3946842 -0.3480272 -0.8503537
vn 0.3946842 -0.3480272 -0.8503537
vn 0.3946842 -0.3480272 -0.8503537
vn 0.5167759 -0.8214381 -0.2412093
vn 0.5167759 -0.8214381 -0.2412093
vn 0.5167759 -0.8214381 -0.2412093
vn 0.5154346 -0.8213812 -0.2442545
vn 0.5154346 -0.8213812 -0.2442545
vn 0.5154346 -0.8213812 -0.2442545
vn 0.5875858 -0.7745181 -0.2342324
vn 0.5875858 -0.7745181 -0.2342324
vn 0.5875858 -0.7745181 -0.2342324
vn 0.5848082 -0.775583 -0.2376349
vn 0.5848082 -0.775583 -0.2376349
vn 0.5848082 -0.775583 -0.2376349
vn 0.5874786 -0.7724273 -0.2412983
vn 0.5874786 -0.7724273 -0.2412983
vn 0.5874786 -0.7724273 -0.2412983
vn 0.653592 -0.7220795 -0.2267566
vn 0.653592 -0.7220795 -0.2267566
vn 0.653592 -0.7220795 -0.2267566
vn 0.6502243 -0.7218174 -0.23704
vn 0.6502243 -0.7218174 -0.23704
vn 0.6502243 -0.7218174 -0.23704
vn 0.7103509 -0.6689355 -0.2189223
vn 0.7103509 -0.6689355 -0.2189223
vn 0.7103509 -0.6689355 -0.2189223
vn 0.5926212 -0.2153846 -0.7761505
vn 0.5926212 -0.2153846 -0.7761505
vn 0.5926212 -0.2153846 -0.7761505
vn 0.539115 -0.2691922 -0.7980543
vn 0.539115 -0.2691922 -0.7980543
vn 0.539115 -0.2691922 -0.7980543
vn 0.534207 -0.2669884 -0.8020849
vn 0.534207 -0.2669884 -0.8020849
vn 0.534207 -0.2669884 -0.8020849
vn 0.4773402 -0.3169152 -0.8195798
vn 0.4773402 -0.3169152 -0.8195798
vn 0.4773402 -0.3169152 -0.8195798
vn 0.4748956 -0.3176164 -0.8207277
vn 0.4748956 -0.3176164 -0.8207277
vn 0.4748956 -0.3176164 -0.8207277
vn 0.4747931 -0.312938 -0.8225821
vn 0.4747931 -0.312938 -0.8225821
vn 0.4747931 -0.312938 -0.8225821
vn 0.4278972 -0.3490793 -0.8336951
vn 0.4278972 -0.3490793 -0.8336951
vn 0.4278972 -0.3490793 -0.8336951
vn 0.7623558 -0.6075438 -0.2229443
vn 0.7623558 -0.6075438 -0.2229443
vn 0.7623558 -0.6075438 -0.2229443
vn 0.7575204 -0.6179376 -0.2105132
vn 0.7575204 -0.6179376 -0.2105132
vn 0.7575204 -0.6179376 -0.2105132
vn 0.7067576 -0.6687098 -0.2309136
vn 0.7067576 -0.6687098 -0.2309136
vn 0.7067576 -0.6687098 -0.2309136
vn 0.5926222 -0.2153808 -0.7761508
vn 0.5926222 -0.2153808 -0.7761508
vn 0.5926222 -0.2153808 -0.7761508
vn 0.593244 -0.2213898 -0.773982
vn 0.593244 -0.2213898 -0.773982
vn 0.593244 -0.2213898 -0.773982
vn 0.5963509 -0.2205362 -0.771835
vn 0.5963509 -0.2205362 -0.771835
vn 0.5963509 -0.2205362 -0.771835
vn 0.7623572 -0.6075416 -0.2229453
vn 0.7623572 -0.6075416 -0.2229453
vn 0.7623572 -0.6075416 -0.2229453
vn 0.8105221 -0.5513967 -0.1975234
vn 0.8105221 -0.5513967 -0.1975234
vn 0.8105221 -0.5513967 -0.1975234
vn 0.8072791 -0.5490163 -0.2165215
vn 0.8072791 -0.5490163 -0.2165215
vn 0.8072791 -0.5490163 -0.2165215
vn 0.4854086 -0.6474117 -0.5875685
vn 0.4854086 -0.6474117 -0.5875685
vn 0.4854086 -0.6474117 -0.5875685
vn 0.5350491 -0.6142498 -0.5800169
vn 0.5350491 -0.6142498 -0.5800169
vn 0.5350491 -0.6142498 -0.5800169
vn 0.5339472 -0.6137328 -0.5815775
vn 0.5339472 -0.6137328 -0.5815775
vn 0.5339472 -0.6137328 -0.5815775
vn 0.6068519 -0.5584358 -0.5655795
vn 0.6068519 -0.5584358 -0.5655795
vn 0.6068519 -0.5584358 -0.5655795
vn 0.6054911 -0.5577794 -0.567682
vn 0.6054911 -0.5577794 -0.567682
vn 0.6054911 -0.5577794 -0.567682
vn 0.6683483 -0.502662 -0.5483078
vn 0.6683483 -0.502662 -0.5483078
vn 0.6683483 -0.502662 -0.5483078
vn 0.6667957 -0.5020565 -0.5507475
vn 0.6667957 -0.5020565 -0.5507475
vn 0.6667957 -0.5020565 -0.5507475
vn 0.7236988 -0.444815 -0.5276359
vn 0.7236988 -0.444815 -0.5276359
vn 0.7236988 -0.444815 -0.5276359
vn 0.7217321 -0.4437541 -0.531211
vn 0.7217321 -0.4437541 -0.531211
vn 0.7217321 -0.4437541 -0.531211
vn 0.775937 -0.3810051 -0.5027495
vn 0.775937 -0.3810051 -0.5027495
vn 0.775937 -0.3810051 -0.5027495
vn 0.7736294 -0.3796145 -0.5073366
vn 0.7736294 -0.3796145 -0.5073366
vn 0.7736294 -0.3796145 -0.5073366
vn 0.7872897 -0.3623278 -0.4988923
vn 0.7872897 -0.3623278 -0.4988923
vn 0.7872897 -0.3623278 -0.4988923
vn 0.6474987 -0.1612329 -0.7448149
vn 0.6474987 -0.1612329 -0.7448149
vn 0.6474987 -0.1612329 -0.7448149
vn 0.6487478 -0.1678526 -0.7422614
vn 0.6487478 -0.1678526 -0.7422614
vn 0.6487478 -0.1678526 -0.7422614
vn 0.6515841 -0.1666005 -0.7400557
vn 0.6515841 -0.1666005 -0.7400557
vn 0.6515841 -0.1666005 -0.7400557
vn 0.6856904 -0.1214147 -0.7176957
vn 0.6856904 -0.1214147 -0.7176957
vn 0.6856904 -0.1214147 -0.7176957
vn 0.3385192 -0.8504495 -0.4026665
vn 0.3385192 -0.8504495 -0.4026665
vn 0.3385192 -0.8504495 -0.4026665
vn 0.4140232 -0.7935674 -0.4459098
vn 0.4140232 -0.7935674 -0.4459098
vn 0.4140232 -0.7935674 -0.4459098
vn 0.2437577 -0.9243665 -0.293477
vn 0.2437577 -0.9243665 -0.293477
vn 0.2437577 -0.9243665 -0.293477
vn 0.2396076 -0.8936299 -0.3794915
vn 0.2396076 -0.8936299 -0.3794915
vn 0.2396076 -0.8936299 -0.3794915
vn 0.2390503 -0.8936349 -0.3798308
vn 0.2390503 -0.8936349 -0.3798308
vn 0.2390503 -0.8936349 -0.3798308
vn 0.2370744 -0.8417666 -0.4849996
vn 0.2370744 -0.8417666 -0.4849996
vn 0.2370744 -0.8417666 -0.4849996
vn 0.3269952 -0.6672656 -0.6692016
vn 0.3269952 -0.6672656 -0.6692016
vn 0.3269952 -0.6672656 -0.6692016
vn 0.3614523 -0.3727246 -0.8546512
vn 0.3614523 -0.3727246 -0.8546512
vn 0.3614523 -0.3727246 -0.8546512
vn 0.1917067 -0.8411923 -0.5056124
vn 0.1917067 -0.8411923 -0.5056124
vn 0.1917067 -0.8411923 -0.5056124
vn 0.0775932 -0.9943667 -0.07220917
vn 0.0775932 -0.9943667 -0.07220917
vn 0.0775932 -0.9943667 -0.07220917
vn 0.08643329 -0.9914681 -0.09757286
vn 0.08643329 -0.9914681 -0.09757286
vn 0.08643329 -0.9914681 -0.09757286
vn 0.08225029 -0.9915047 -0.1007637
vn 0.08225029 -0.9915047 -0.1007637
vn 0.08225029 -0.9915047 -0.1007637
vn 0.08652687 -0.9879634 -0.1282244
vn 0.08652687 -0.9879634 -0.1282244
vn 0.08652687 -0.9879634 -0.1282244
vn 0.08420234 -0.9879807 -0.1296305
vn 0.08420234 -0.9879807 -0.1296305
vn 0.08420234 -0.9879807 -0.1296305
vn 0.08822619 -0.9819477 -0.1673167
vn 0.08822619 -0.9819477 -0.1673167
vn 0.08822619 -0.9819477 -0.1673167
vn 0.06488192 -0.9818682 -0.1781152
vn 0.06488192 -0.9818682 -0.1781152
vn 0.06488192 -0.9818682 -0.1781152
vn 0.06354564 -0.9855969 -0.1567186
vn 0.06354564 -0.9855969 -0.1567186
vn 0.06354564 -0.9855969 -0.1567186
vn 0.9246315 -0.379906 -0.02697956
vn 0.9246315 -0.379906 -0.02697956
vn 0.9246315 -0.379906 -0.02697956
vn 0.9860149 -0.1244992 -0.110791
vn 0.9860149 -0.1244992 -0.110791
vn 0.9860149 -0.1244992 -0.110791
vn 0.9968944 -0.06684648 -0.04162913
vn 0.9968944 -0.06684648 -0.04162913
vn 0.9968944 -0.06684648 -0.04162913
vn 0.9910268 -0.1207821 -0.05725121
vn 0.9910268 -0.1207821 -0.05725121
vn 0.9910268 -0.1207821 -0.05725121
vn 0.9865923 -0.1206532 -0.1099021
vn 0.9865923 -0.1206532 -0.1099021
vn 0.9865923 -0.1206532 -0.1099021
vn 0.9865929 -0.1206501 -0.1098997
vn 0.9865929 -0.1206501 -0.1098997
vn 0.9865929 -0.1206501 -0.1098997
vn 0.9504338 -0.1371968 -0.2790209
vn 0.9504338 -0.1371968 -0.2790209
vn 0.9504338 -0.1371968 -0.2790209
vn 0.9518087 -0.1325784 -0.276556
vn 0.9518087 -0.1325784 -0.276556
vn 0.9518087 -0.1325784 -0.276556
vn 0.9696073 -0.1325192 -0.2056703
vn 0.9696073 -0.1325192 -0.2056703
vn 0.9696073 -0.1325192 -0.2056703
vn 0.9710132 -0.1245312 -0.2040234
vn 0.9710132 -0.1245312 -0.2040234
vn 0.9710132 -0.1245312 -0.2040234
vn 0.9710149 -0.1245243 -0.2040193
vn 0.9710149 -0.1245243 -0.2040193
vn 0.9710149 -0.1245243 -0.2040193
vn 0.9234513 -0.1503658 -0.3530266
vn 0.9234513 -0.1503658 -0.3530266
vn 0.9234513 -0.1503658 -0.3530266
vn 0.925901 -0.141254 -0.3503634
vn 0.925901 -0.141254 -0.3503634
vn 0.925901 -0.141254 -0.3503634
vn 0.9506694 -0.1413027 -0.2761542
vn 0.9506694 -0.1413027 -0.2761542
vn 0.9506694 -0.1413027 -0.2761542
vn 0.8848825 -0.1657611 -0.4353231
vn 0.8848825 -0.1657611 -0.4353231
vn 0.8848825 -0.1657611 -0.4353231
vn 0.8880615 -0.1553984 -0.4326639
vn 0.8880615 -0.1553984 -0.4326639
vn 0.8880615 -0.1553984 -0.4326639
vn 0.9239729 -0.1553625 -0.3494805
vn 0.9239729 -0.1553625 -0.3494805
vn 0.9239729 -0.1553625 -0.3494805
vn 0.8050256 -0.1912339 -0.5615723
vn 0.8050256 -0.1912339 -0.5615723
vn 0.8050256 -0.1912339 -0.5615723
vn 0.8404244 -0.1910873 -0.5071218
vn 0.8404244 -0.1910873 -0.5071218
vn 0.8404244 -0.1910873 -0.5071218
vn 0.8393003 -0.1831836 -0.5118777
vn 0.8393003 -0.1831836 -0.5118777
vn 0.8393003 -0.1831836 -0.5118777
vn 0.8433566 -0.1716445 -0.5092031
vn 0.8433566 -0.1716445 -0.5092031
vn 0.8433566 -0.1716445 -0.5092031
vn 0.8857271 -0.1716079 -0.4313216
vn 0.8857271 -0.1716079 -0.4313216
vn 0.8857271 -0.1716079 -0.4313216
vn 0.7687042 -0.2214828 -0.6000325
vn 0.7687042 -0.2214828 -0.6000325
vn 0.7687042 -0.2214828 -0.6000325
vn 0.7749766 -0.2022655 -0.5987487
vn 0.7749766 -0.2022655 -0.5987487
vn 0.7749766 -0.2022655 -0.5987487
vn 0.8061135 -0.2023333 -0.5560955
vn 0.8061135 -0.2023333 -0.5560955
vn 0.8061135 -0.2023333 -0.5560955
vn 0.6605392 -0.2525883 -0.707027
vn 0.6605392 -0.2525883 -0.707027
vn 0.6605392 -0.2525883 -0.707027
vn 0.7196397 -0.2525836 -0.6467769
vn 0.7196397 -0.2525836 -0.6467769
vn 0.7196397 -0.2525836 -0.6467769
vn 0.7185475 -0.240434 -0.6525955
vn 0.7185475 -0.240434 -0.6525955
vn 0.7185475 -0.240434 -0.6525955
vn 0.7239055 -0.2280172 -0.6511291
vn 0.7239055 -0.2280172 -0.6511291
vn 0.7239055 -0.2280172 -0.6511291
vn 0.7707455 -0.2279761 -0.5949608
vn 0.7707455 -0.2279761 -0.5949608
vn 0.7707455 -0.2279761 -0.5949608
vn 0.6605384 -0.2525892 -0.7070273
vn 0.6605384 -0.2525892 -0.7070273
vn 0.6605384 -0.2525892 -0.7070273
vn 0.6529834 -0.2757057 -0.705407
vn 0.6529834 -0.2757057 -0.705407
vn 0.6529834 -0.2757057 -0.705407
vn 0.613057 -0.2782881 -0.7394031
vn 0.613057 -0.2782881 -0.7394031
vn 0.613057 -0.2782881 -0.7394031
vn 0.5782377 -0.2794222 -0.7665275
vn 0.5782377 -0.2794222 -0.7665275
vn 0.5782377 -0.2794222 -0.7665275
vn 0.5713341 -0.2971804 -0.7650236
vn 0.5713341 -0.2971804 -0.7650236
vn 0.5713341 -0.2971804 -0.7650236
vn 0.5059139 -0.3020172 -0.8079832
vn 0.5059139 -0.3020172 -0.8079832
vn 0.5059139 -0.3020172 -0.8079832
vn 0.4993656 -0.3165938 -0.8064753
vn 0.4993656 -0.3165938 -0.8064753
vn 0.4993656 -0.3165938 -0.8064753
vn 0.5021778 -0.3252905 -0.8012511
vn 0.5021778 -0.3252905 -0.8012511
vn 0.5021778 -0.3252905 -0.8012511
vn 0.2045714 -0.9785841 -0.02288419
vn 0.2045714 -0.9785841 -0.02288419
vn 0.2045714 -0.9785841 -0.02288419
vn 0.2040782 -0.9786915 -0.02269273
vn 0.2040782 -0.9786915 -0.02269273
vn 0.2040782 -0.9786915 -0.02269273
vn 0.2008585 -0.9787002 -0.04244804
vn 0.2008585 -0.9787002 -0.04244804
vn 0.2008585 -0.9787002 -0.04244804
vn 0.1998031 -0.9789386 -0.0419256
vn 0.1998031 -0.9789386 -0.0419256
vn 0.1998031 -0.9789386 -0.0419256
vn 0.1958642 -0.9789592 -0.05723774
vn 0.1958642 -0.9789592 -0.05723774
vn 0.1958642 -0.9789592 -0.05723774
vn 0.1948121 -0.9792116 -0.05650377
vn 0.1948121 -0.9792116 -0.05650377
vn 0.1948121 -0.9792116 -0.05650377
vn 0.1896531 -0.9791946 -0.07217752
vn 0.1896531 -0.9791946 -0.07217752
vn 0.1896531 -0.9791946 -0.07217752
vn 0.1879869 -0.979602 -0.07099753
vn 0.1879869 -0.979602 -0.07099753
vn 0.1879869 -0.979602 -0.07099753
vn 0.180428 -0.9796087 -0.08838903
vn 0.180428 -0.9796087 -0.08838903
vn 0.180428 -0.9796087 -0.08838903
vn 0.1786296 -0.9800745 -0.08686375
vn 0.1786296 -0.9800745 -0.08686375
vn 0.1786296 -0.9800745 -0.08686375
vn 0.1697535 -0.9800797 -0.1030896
vn 0.1697535 -0.9800797 -0.1030896
vn 0.1697535 -0.9800797 -0.1030896
vn 0.167737 -0.9806368 -0.1010721
vn 0.167737 -0.9806368 -0.1010721
vn 0.167737 -0.9806368 -0.1010721
vn 0.1607294 -0.9806696 -0.1115946
vn 0.1607294 -0.9806696 -0.1115946
vn 0.1607294 -0.9806696 -0.1115946
vn 0.1598496 -0.9809834 -0.1100897
vn 0.1598496 -0.9809834 -0.1100897
vn 0.1598496 -0.9809834 -0.1100897
vn 0.1533244 -0.9809675 -0.1191403
vn 0.1533244 -0.9809675 -0.1191403
vn 0.1533244 -0.9809675 -0.1191403
vn 0.1508902 -0.9816866 -0.1162911
vn 0.1508902 -0.9816866 -0.1162911
vn 0.1508902 -0.9816866 -0.1162911
vn 0.1412884 -0.9816911 -0.1277509
vn 0.1412884 -0.9816911 -0.1277509
vn 0.1412884 -0.9816911 -0.1277509
vn 0.1391605 -0.9823663 -0.1248626
vn 0.1391605 -0.9823663 -0.1248626
vn 0.1391605 -0.9823663 -0.1248626
vn 0.1272907 -0.9823644 -0.1369572
vn 0.1272907 -0.9823644 -0.1369572
vn 0.1272907 -0.9823644 -0.1369572
vn 0.1255359 -0.9829927 -0.1340379
vn 0.1255359 -0.9829927 -0.1340379
vn 0.1255359 -0.9829927 -0.1340379
vn 0.1175767 -0.9831339 -0.1400834
vn 0.1175767 -0.9831339 -0.1400834
vn 0.1175767 -0.9831339 -0.1400834
vn 0.109837 -0.9831048 -0.1464268
vn 0.109837 -0.9831048 -0.1464268
vn 0.109837 -0.9831048 -0.1464268
vn 0.1084412 -0.9837117 -0.1433586
vn 0.1084412 -0.9837117 -0.1433586
vn 0.1084412 -0.9837117 -0.1433586
vn 0.09495294 -0.9837176 -0.1525896
vn 0.09495294 -0.9837176 -0.1525896
vn 0.09495294 -0.9837176 -0.1525896
vn 0.09377014 -0.9843382 -0.1492831
vn 0.09377014 -0.9843382 -0.1492831
vn 0.09377014 -0.9843382 -0.1492831
vn 0.07973337 -0.9843438 -0.1571937
vn 0.07973337 -0.9843438 -0.1571937
vn 0.07973337 -0.9843438 -0.1571937
vn 0.07880306 -0.9849688 -0.1537094
vn 0.07880306 -0.9849688 -0.1537094
vn 0.07880306 -0.9849688 -0.1537094
vn 0.8582748 -0.5100809 -0.056409
vn 0.8582748 -0.5100809 -0.056409
vn 0.8582748 -0.5100809 -0.056409
vn 0.8550111 -0.5096499 -0.0959835
vn 0.8550111 -0.5096499 -0.0959835
vn 0.8550111 -0.5096499 -0.0959835
vn 0.8537026 -0.5119948 -0.09514862
vn 0.8537026 -0.5119948 -0.09514862
vn 0.8537026 -0.5119948 -0.09514862
vn 0.8402814 -0.5120582 -0.178111
vn 0.8402814 -0.5120582 -0.178111
vn 0.8402814 -0.5120582 -0.178111
vn 0.8376534 -0.5170361 -0.1760979
vn 0.8376534 -0.5170361 -0.1760979
vn 0.8376534 -0.5170361 -0.1760979
vn 0.8212654 -0.5172077 -0.2408721
vn 0.8212654 -0.5172077 -0.2408721
vn 0.8212654 -0.5172077 -0.2408721
vn 0.8187009 -0.5225703 -0.2380108
vn 0.8187009 -0.5225703 -0.2380108
vn 0.8187009 -0.5225703 -0.2380108
vn 0.7965821 -0.5223794 -0.3042642
vn 0.7965821 -0.5223794 -0.3042642
vn 0.7965821 -0.5223794 -0.3042642
vn 0.7924692 -0.5310372 -0.2999868
vn 0.7924692 -0.5310372 -0.2999868
vn 0.7924692 -0.5310372 -0.2999868
vn 0.7604215 -0.5310623 -0.3738075
vn 0.7604215 -0.5310623 -0.3738075
vn 0.7604215 -0.5310623 -0.3738075
vn 0.7560261 -0.5409952 -0.3684412
vn 0.7560261 -0.5409952 -0.3684412
vn 0.7560261 -0.5409952 -0.3684412
vn 0.7181637 -0.5410031 -0.4376719
vn 0.7181637 -0.5410031 -0.4376719
vn 0.7181637 -0.5410031 -0.4376719
vn 0.7132912 -0.552873 -0.4307518
vn 0.7132912 -0.552873 -0.4307518
vn 0.7132912 -0.552873 -0.4307518
vn 0.6834726 -0.5531763 -0.4762995
vn 0.6834726 -0.5531763 -0.4762995
vn 0.6834726 -0.5531763 -0.4762995
vn 0.6818544 -0.5599001 -0.4707297
vn 0.6818544 -0.5599001 -0.4707297
vn 0.6818544 -0.5599001 -0.4707297
vn 0.6534059 -0.5596991 -0.5097035
vn 0.6534059 -0.5596991 -0.5097035
vn 0.6534059 -0.5596991 -0.5097035
vn 0.6473403 -0.5751959 -0.5001001
vn 0.6473403 -0.5751959 -0.5001001
vn 0.6473403 -0.5751959 -0.5001001
vn 0.6057466 -0.5751987 -0.5497431
vn 0.6057466 -0.5751987 -0.5497431
vn 0.6057466 -0.5751987 -0.5497431
vn 0.6003914 -0.5898782 -0.5399758
vn 0.6003914 -0.5898782 -0.5399758
vn 0.6003914 -0.5898782 -0.5399758
vn 0.5487016 -0.589804 -0.5925014
vn 0.5487016 -0.589804 -0.5925014
vn 0.5487016 -0.589804 -0.5925014
vn 0.5443626 -0.6035214 -0.5826072
vn 0.5443626 -0.6035214 -0.5826072
vn 0.5443626 -0.6035214 -0.5826072
vn 0.4762459 -0.6057742 -0.6373596
vn 0.4762459 -0.6057742 -0.6373596
vn 0.4762459 -0.6057742 -0.6373596
vn 0.4729852 -0.6191028 -0.6268945
vn 0.4729852 -0.6191028 -0.6268945
vn 0.4729852 -0.6191028 -0.6268945
vn 0.4136107 -0.6191184 -0.6675466
vn 0.4136107 -0.6191184 -0.6675466
vn 0.4136107 -0.6191184 -0.6675466
vn 0.4110047 -0.6328059 -0.6562255
vn 0.4110047 -0.6328059 -0.6562255
vn 0.4110047 -0.6328059 -0.6562255
vn 0.3488998 -0.6328182 -0.6912381
vn 0.3488998 -0.6328182 -0.6912381
vn 0.3488998 -0.6328182 -0.6912381
vn 0.3470649 -0.6466828 -0.6792255
vn 0.3470649 -0.6466828 -0.6792255
vn 0.3470649 -0.6466828 -0.6792255
vn 0.06427657 -0.984974 -0.1602956
vn 0.06427657 -0.984974 -0.1602956
vn 0.06427657 -0.984974 -0.1602956
vn 0.06362515 -0.9855962 -0.1566906
vn 0.06362515 -0.9855962 -0.1566906
vn 0.06362515 -0.9855962 -0.1566906
vn 0.1851063 -0.8675014 -0.4617109
vn 0.1851063 -0.8675014 -0.4617109
vn 0.1851063 -0.8675014 -0.4617109
vn 0.2263776 -0.8674771 -0.4429863
vn 0.2263776 -0.8674771 -0.4429863
vn 0.2263776 -0.8674771 -0.4429863
vn 0.2690523 -0.8620321 -0.4295482
vn 0.2690523 -0.8620321 -0.4295482
vn 0.2690523 -0.8620321 -0.4295482
vn 0.2719227 -0.8566521 -0.4384124
vn 0.2719227 -0.8566521 -0.4384124
vn 0.2719227 -0.8566521 -0.4384124
vn 0.3107424 -0.8566378 -0.4118384
vn 0.3107424 -0.8566378 -0.4118384
vn 0.3107424 -0.8566378 -0.4118384
vn 0.3141705 -0.8513794 -0.4200595
vn 0.3141705 -0.8513794 -0.4200595
vn 0.3141705 -0.8513794 -0.4200595
vn 0.3357791 -0.8507491 -0.4043245
vn 0.3357791 -0.8507491 -0.4043245
vn 0.3357791 -0.8507491 -0.4043245
vn 0.3591372 -0.8504659 -0.3843544
vn 0.3591372 -0.8504659 -0.3843544
vn 0.3591372 -0.8504659 -0.3843544
vn 0.3634943 -0.8450343 -0.3921591
vn 0.3634943 -0.8450343 -0.3921591
vn 0.3634943 -0.8450343 -0.3921591
vn 0.3975264 -0.845076 -0.3575185
vn 0.3975264 -0.845076 -0.3575185
vn 0.3975264 -0.845076 -0.3575185
vn 0.4028236 -0.8392482 -0.3652335
vn 0.4028236 -0.8392482 -0.3652335
vn 0.4028236 -0.8392482 -0.3652335
vn 0.4302996 -0.8392419 -0.3324381
vn 0.4302996 -0.8392419 -0.3324381
vn 0.4302996 -0.8392419 -0.3324381
vn 0.4363424 -0.8330535 -0.34004
vn 0.4363424 -0.8330535 -0.34004
vn 0.4363424 -0.8330535 -0.34004
vn 0.4550821 -0.833182 -0.3141782
vn 0.4550821 -0.833182 -0.3141782
vn 0.4550821 -0.833182 -0.3141782
vn 0.4571458 -0.8304891 -0.3182851
vn 0.4571458 -0.8304891 -0.3182851
vn 0.4571458 -0.8304891 -0.3182851
vn 0.4770866 -0.8302835 -0.288128
vn 0.4770866 -0.8302835 -0.288128
vn 0.4770866 -0.8302835 -0.288128
vn 0.4820637 -0.8255022 -0.2935316
vn 0.4820637 -0.8255022 -0.2935316
vn 0.4820637 -0.8255022 -0.2935316
vn 0.5073662 -0.8254922 -0.2472695
vn 0.5073662 -0.8254922 -0.2472695
vn 0.5073662 -0.8254922 -0.2472695
vn 0.5118181 -0.8214922 -0.2513817
vn 0.5118181 -0.8214922 -0.2513817
vn 0.5118181 -0.8214922 -0.2513817
vn 0.5333169 -0.8214704 -0.2018898
vn 0.5333169 -0.8214704 -0.2018898
vn 0.5333169 -0.8214704 -0.2018898
vn 0.5374519 -0.8179734 -0.2050974
vn 0.5374519 -0.8179734 -0.2050974
vn 0.5374519 -0.8179734 -0.2050974
vn 0.5522059 -0.8181054 -0.1605377
vn 0.5522059 -0.8181054 -0.1605377
vn 0.5522059 -0.8181054 -0.1605377
vn 0.5548067 -0.8159415 -0.1625704
vn 0.5548067 -0.8159415 -0.1625704
vn 0.5548067 -0.8159415 -0.1625704
vn 0.5659381 -0.8158158 -0.1189897
vn 0.5659381 -0.8158158 -0.1189897
vn 0.5659381 -0.8158158 -0.1189897
vn 0.5685517 -0.8137848 -0.1204294
vn 0.5685517 -0.8137848 -0.1204294
vn 0.5685517 -0.8137848 -0.1204294
vn 0.5776578 -0.8137366 -0.06437474
vn 0.5776578 -0.8137366 -0.06437474
vn 0.5776578 -0.8137366 -0.06437474
vn 0.5789071 -0.8128045 -0.06492418
vn 0.5789071 -0.8128045 -0.06492418
vn 0.5789071 -0.8128045 -0.06492418
vn 0.5804638 -0.8131 -0.04393339
vn 0.5804638 -0.8131 -0.04393339
vn 0.5804638 -0.8131 -0.04393339
vn 0.1829624 -0.8728981 -0.4522983
vn 0.1829624 -0.8728981 -0.4522983
vn 0.1829624 -0.8728981 -0.4522983
vn 0.2846567 -0.6467444 -0.7075961
vn 0.2846567 -0.6467444 -0.7075961
vn 0.2846567 -0.6467444 -0.7075961
vn 0.3434825 -0.3730767 -0.8618779
vn 0.3434825 -0.3730767 -0.8618779
vn 0.3434825 -0.3730767 -0.8618779
vn 0.3511806 -0.3491615 -0.8687683
vn 0.3511806 -0.3491615 -0.8687683
vn 0.3511806 -0.3491615 -0.8687683
vn 0.422105 -0.349155 -0.8366111
vn 0.422105 -0.349155 -0.8366111
vn 0.422105 -0.349155 -0.8366111
vn 0 0 1
vn 0 0 1
vn 0 0 1
vn 0 0 1
vn 0 0 1
vn 0 0 1
vn 0 0 1
vn 0 0 1
vn 1 0 0
vn 1 0 0
vn 1 0 0
vn 1 0 0
vn 1 0 0
vn 0.7673134 -0.6394119 -0.04881298
vn 0.7673134 -0.6394119 -0.04881298
vn 0.7673134 -0.6394119 -0.04881298
vn 0.774272 -0.6310897 -0.04721027
vn 0.774272 -0.6310897 -0.04721027
vn 0.774272 -0.6310897 -0.04721027
vn 0.7431899 -0.6665813 -0.05777567
vn 0.7431899 -0.6665813 -0.05777567
vn 0.7431899 -0.6665813 -0.05777567
vn 0.7894133 -0.6119627 -0.04825282
vn 0.7894133 -0.6119627 -0.04825282
vn 0.7894133 -0.6119627 -0.04825282
vn 0.6939898 -0.7176547 -0.05788046
vn 0.6939898 -0.7176547 -0.05788046
vn 0.6939898 -0.7176547 -0.05788046
vn 0.7418921 -0.6685864 -0.05087643
vn 0.7418921 -0.6685864 -0.05087643
vn 0.7418921 -0.6685864 -0.05087643
vn 0.7459919 -0.6640126 -0.05082696
vn 0.7459919 -0.6640126 -0.05082696
vn 0.7459919 -0.6640126 -0.05082696
vn 0.6599081 -0.7492796 -0.05568939
vn 0.6599081 -0.7492796 -0.05568939
vn 0.6599081 -0.7492796 -0.05568939
vn 0.7034127 -0.708971 -0.05070346
vn 0.7034127 -0.708971 -0.05070346
vn 0.7034127 -0.708971 -0.05070346
vn 0.7255684 -0.6867043 -0.04458433
vn 0.7255684 -0.6867043 -0.04458433
vn 0.7255684 -0.6867043 -0.04458433
vn 0.6405051 -0.7659371 -0.05562055
vn 0.6405051 -0.7659371 -0.05562055
vn 0.6405051 -0.7659371 -0.05562055
vn 0.659819 -0.7497359 -0.0503506
vn 0.659819 -0.7497359 -0.0503506
vn 0.659819 -0.7497359 -0.0503506
vn 0.5802011 -0.8123963 -0.05812895
vn 0.5802011 -0.8123963 -0.05812895
vn 0.5802011 -0.8123963 -0.05812895
vn 0.5930746 -0.8032686 -0.05497276
vn 0.5930746 -0.8032686 -0.05497276
vn 0.5930746 -0.8032686 -0.05497276
vn 0.5799129 -0.8128126 -0.05510467
vn 0.5799129 -0.8128126 -0.05510467
vn 0.5799129 -0.8128126 -0.05510467
vn 0.5930489 -0.803385 -0.05353045
vn 0.5930489 -0.803385 -0.05353045
vn 0.5930489 -0.803385 -0.05353045
vn 0.5159205 -0.8547722 -0.05648469
vn 0.5159205 -0.8547722 -0.05648469
vn 0.5159205 -0.8547722 -0.05648469
vn 0.5292012 -0.8468623 -0.05263507
vn 0.5292012 -0.8468623 -0.05263507
vn 0.5292012 -0.8468623 -0.05263507
vn 0.3882803 -0.918997 -0.06843215
vn 0.3882803 -0.918997 -0.06843215
vn 0.3882803 -0.918997 -0.06843215
vn 0.4151779 -0.9084431 -0.04856348
vn 0.4151779 -0.9084431 -0.04856348
vn 0.4151779 -0.9084431 -0.04856348
vn 0.4025989 -0.9134759 -0.05895745
vn 0.4025989 -0.9134759 -0.05895745
vn 0.4025989 -0.9134759 -0.05895745
vn 0.462354 -0.8847837 -0.05819571
vn 0.462354 -0.8847837 -0.05819571
vn 0.462354 -0.8847837 -0.05819571
vn 0.4623501 -0.8847962 -0.05803632
vn 0.4623501 -0.8847962 -0.05803632
vn 0.4623501 -0.8847962 -0.05803632
vn 0.4569089 -0.8876812 -0.05706399
vn 0.4569089 -0.8876812 -0.05706399
vn 0.4569089 -0.8876812 -0.05706399
vn 0.3784759 -0.923982 -0.05489242
vn 0.3784759 -0.923982 -0.05489242
vn 0.3784759 -0.923982 -0.05489242
vn 0.3934609 -0.9175106 -0.05798983
vn 0.3934609 -0.9175106 -0.05798983
vn 0.3934609 -0.9175106 -0.05798983
vn 0.3749592 -0.9252185 -0.05810528
vn 0.3749592 -0.9252185 -0.05810528
vn 0.3749592 -0.9252185 -0.05810528
vn 0.3394577 -0.9387563 -0.05920445
vn 0.3394577 -0.9387563 -0.05920445
vn 0.3394577 -0.9387563 -0.05920445
vn 0.2872656 -0.9555067 -0.06697338
vn 0.2872656 -0.9555067 -0.06697338
vn 0.2872656 -0.9555067 -0.06697338
vn 0.3782605 -0.9246965 -0.04307341
vn 0.3782605 -0.9246965 -0.04307341
vn 0.3782605 -0.9246965 -0.04307341
vn 0.2860162 -0.9564218 -0.05875396
vn 0.2860162 -0.9564218 -0.05875396
vn 0.2860162 -0.9564218 -0.05875396
vn 0.2908646 -0.9550312 -0.05756044
vn 0.2908646 -0.9550312 -0.05756044
vn 0.2908646 -0.9550312 -0.05756044
vn 0.2150231 -0.9749811 -0.05636316
vn 0.2150231 -0.9749811 -0.05636316
vn 0.2150231 -0.9749811 -0.05636316
vn 0.2172805 -0.9745068 -0.05590689
vn 0.2172805 -0.9745068 -0.05590689
vn 0.2172805 -0.9745068 -0.05590689
vn 0.1431739 -0.9879574 -0.05866336
vn 0.1431739 -0.9879574 -0.05866336
vn 0.1431739 -0.9879574 -0.05866336
vn 0.1361085 -0.9890069 -0.05779165
vn 0.1361085 -0.9890069 -0.05779165
vn 0.1361085 -0.9890069 -0.05779165
vn 0.1431688 -0.9880104 -0.05777621
vn 0.1431688 -0.9880104 -0.05777621
vn 0.1431688 -0.9880104 -0.05777621
vn 0.1360914 -0.9890478 -0.05712687
vn 0.1360914 -0.9890478 -0.05712687
vn 0.1360914 -0.9890478 -0.05712687
vn 0.05202674 -0.9969764 -0.0577172
vn 0.05202674 -0.9969764 -0.0577172
vn 0.05202674 -0.9969764 -0.0577172
vn 0.05375128 -0.9968608 -0.0581336
vn 0.05375128 -0.9968608 -0.0581336
vn 0.05375128 -0.9968608 -0.0581336
vn -0.03084242 -0.9979048 -0.05687689
vn -0.03084242 -0.9979048 -0.05687689
vn -0.03084242 -0.9979048 -0.05687689
vn -0.3288108 -0.9425494 -0.0590257
vn -0.3288108 -0.9425494 -0.0590257
vn -0.3288108 -0.9425494 -0.0590257
vn -0.2810513 -0.9575034 -0.06478738
vn -0.2810513 -0.9575034 -0.06478738
vn -0.2810513 -0.9575034 -0.06478738
vn -0.3683012 -0.9285663 -0.04603201
vn -0.3683012 -0.9285663 -0.04603201
vn -0.3683012 -0.9285663 -0.04603201
vn -0.2801024 -0.9582055 -0.05817943
vn -0.2801024 -0.9582055 -0.05817943
vn -0.2801024 -0.9582055 -0.05817943
vn -0.2805673 -0.958076 -0.05807232
vn -0.2805673 -0.958076 -0.05807232
vn -0.2805673 -0.958076 -0.05807232
vn -0.2069734 -0.9767454 -0.05594992
vn -0.2069734 -0.9767454 -0.05594992
vn -0.2069734 -0.9767454 -0.05594992
vn -0.2069788 -0.9767427 -0.05597746
vn -0.2069788 -0.9767427 -0.05597746
vn -0.2069788 -0.9767427 -0.05597746
vn -0.1906948 -0.9798605 -0.05923599
vn -0.1906948 -0.9798605 -0.05923599
vn -0.1906948 -0.9798605 -0.05923599
vn -0.1199343 -0.9912393 -0.05531984
vn -0.1199343 -0.9912393 -0.05531984
vn -0.1199343 -0.9912393 -0.05531984
vn -0.1151772 -0.9917805 -0.05572968
vn -0.1151772 -0.9917805 -0.05572968
vn -0.1151772 -0.9917805 -0.05572968
vn -0.1199451 -0.9912156 -0.0557217
vn -0.1199451 -0.9912156 -0.0557217
vn -0.1199451 -0.9912156 -0.0557217
vn -0.1151798 -0.9917491 -0.05627882
vn -0.1151798 -0.9917491 -0.05627882
vn -0.1151798 -0.9917491 -0.05627882
vn -0.03918045 -0.9975039 -0.05874383
vn -0.03918045 -0.9975039 -0.05874383
vn -0.03918045 -0.9975039 -0.05874383
vn -0.3715559 -0.9255208 -0.07319444
vn -0.3715559 -0.9255208 -0.07319444
vn -0.3715559 -0.9255208 -0.07319444
vn -0.4066964 -0.9122862 -0.0482918
vn -0.4066964 -0.9122862 -0.0482918
vn -0.4066964 -0.9122862 -0.0482918
vn -0.4036839 -0.91337 -0.05286335
vn -0.4036839 -0.91337 -0.05286335
vn -0.4036839 -0.91337 -0.05286335
vn -0.4188771 -0.9067701 -0.04806399
vn -0.4188771 -0.9067701 -0.04806399
vn -0.4188771 -0.9067701 -0.04806399
vn -0.3791632 -0.9235177 -0.05788356
vn -0.3791632 -0.9235177 -0.05788356
vn -0.3791632 -0.9235177 -0.05788356
vn -0.3684632 -0.9279815 -0.0555433
vn -0.3684632 -0.9279815 -0.0555433
vn -0.3684632 -0.9279815 -0.0555433
vn -0.4569841 -0.8876374 -0.05714386
vn -0.4569841 -0.8876374 -0.05714386
vn -0.4569841 -0.8876374 -0.05714386
vn -0.7360204 -0.6747706 -0.05439358
vn -0.7360204 -0.6747706 -0.05439358
vn -0.7360204 -0.6747706 -0.05439358
vn -0.7167618 -0.6952835 -0.05322825
vn -0.7167618 -0.6952835 -0.05322825
vn -0.7167618 -0.6952835 -0.05322825
vn -0.705559 -0.7067791 -0.05147665
vn -0.705559 -0.7067791 -0.05147665
vn -0.705559 -0.7067791 -0.05147665
vn -0.6996226 -0.7125561 -0.05283886
vn -0.6996226 -0.7125561 -0.05283886
vn -0.6996226 -0.7125561 -0.05283886
vn -0.6542847 -0.7540929 -0.05705618
vn -0.6542847 -0.7540929 -0.05705618
vn -0.6542847 -0.7540929 -0.05705618
vn -0.6549952 -0.7534873 -0.0569061
vn -0.6549952 -0.7534873 -0.0569061
vn -0.6549952 -0.7534873 -0.0569061
vn -0.6542994 -0.7540909 -0.05691409
vn -0.6542994 -0.7540909 -0.05691409
vn -0.6542994 -0.7540909 -0.05691409
vn -0.6549952 -0.753493 -0.05683141
vn -0.6549952 -0.753493 -0.05683141
vn -0.6549952 -0.753493 -0.05683141
vn -0.600424 -0.7978988 -0.05337131
vn -0.600424 -0.7978988 -0.05337131
vn -0.600424 -0.7978988 -0.05337131
vn -0.5826819 -0.8106341 -0.05791664
vn -0.5826819 -0.8106341 -0.05791664
vn -0.5826819 -0.8106341 -0.05791664
vn -0.5826609 -0.8107387 -0.05664759
vn -0.5826609 -0.8107387 -0.05664759
vn -0.5826609 -0.8107387 -0.05664759
vn -0.5312327 -0.8455349 -0.05350267
vn -0.5312327 -0.8455349 -0.05350267
vn -0.5312327 -0.8455349 -0.05350267
vn -0.5056077 -0.8607591 -0.05877554
vn -0.5056077 -0.8607591 -0.05877554
vn -0.5056077 -0.8607591 -0.05877554
vn -0.4572227 -0.887735 -0.05361145
vn -0.4572227 -0.887735 -0.05361145
vn -0.4572227 -0.887735 -0.05361145
vn -0.4385383 -0.8970825 -0.05410218
vn -0.4385383 -0.8970825 -0.05410218
vn -0.4385383 -0.8970825 -0.05410218
vn -0.7960379 -0.6027654 -0.05475115
vn -0.7960379 -0.6027654 -0.05475115
vn -0.7960379 -0.6027654 -0.05475115
vn -0.7722271 -0.6335505 -0.04773747
vn -0.7722271 -0.6335505 -0.04773747
vn -0.7722271 -0.6335505 -0.04773747
vn -0.7505961 -0.6586816 -0.05238491
vn -0.7505961 -0.6586816 -0.05238491
vn -0.7505961 -0.6586816 -0.05238491
vn -0.7359258 -0.67491 -0.05394184
vn -0.7359258 -0.67491 -0.05394184
vn -0.7359258 -0.67491 -0.05394184
vn -0.7623527 -0.6451826 -0.05057537
vn -0.7623527 -0.6451826 -0.05057537
vn -0.7623527 -0.6451826 -0.05057537
vn -0.7612323 -0.646501 -0.05061447
vn -0.7612323 -0.646501 -0.05061447
vn -0.7612323 -0.646501 -0.05061447
vn -2.14036e-07 -0.9986296 -0.05233591
vn -2.14036e-07 -0.9986296 -0.05233591
vn -2.14036e-07 -0.9986296 -0.05233591
vn -2.09183e-06 -0.9986296 -0.05233532
vn -2.09183e-06 -0.9986296 -0.05233532
vn -2.09183e-06 -0.9986296 -0.05233532
vn 1.7154e-07 -0.9986295 -0.05233603
vn 1.7154e-07 -0.9986295 -0.05233603
vn 1.7154e-07 -0.9986295 -0.05233603
vn -1.73806e-07 -0.9986295 -0.05233532
vn -1.73806e-07 -0.9986295 -0.05233532
vn -1.73806e-07 -0.9986295 -0.05233532
vn 0 -0.9986296 -0.05233615
vn 0 -0.9986296 -0.05233615
vn 0 -0.9986296 -0.05233615
vn 5.30662e-07 -0.9986295 -0.05233603
vn 5.30662e-07 -0.9986295 -0.05233603
vn 5.30662e-07 -0.9986295 -0.05233603
vn 0 -0.9986296 -0.05233591
vn 0 -0.9986296 -0.05233591
vn 0 -0.9986296 -0.05233591
vn 6.5023e-07 -0.9986295 -0.05233752
vn 6.5023e-07 -0.9986295 -0.05233752
vn 6.5023e-07 -0.9986295 -0.05233752
vn 0 -0.9986296 -0.05233573
vn 0 -0.9986296 -0.05233573
vn 0 -0.9986296 -0.05233573
vn 1.36233e-07 -0.9986295 -0.05233609
vn 1.36233e-07 -0.9986295 -0.05233609
vn 1.36233e-07 -0.9986295 -0.05233609
vn -2.16532e-07 -0.9986295 -0.05233579
vn -2.16532e-07 -0.9986295 -0.05233579
vn -2.16532e-07 -0.9986295 -0.05233579
vn -3.44328e-07 -0.9986295 -0.05233567
vn -3.44328e-07 -0.9986295 -0.05233567
vn -3.44328e-07 -0.9986295 -0.05233567
vn 5.79023e-07 -0.9986296 -0.05233627
vn 5.79023e-07 -0.9986296 -0.05233627
vn 5.79023e-07 -0.9986296 -0.05233627
vn 0 0 1
vn 0 0 1
vn 0 0 1
vn 0 0 1
vn -0.9715318 -0.002327561 -0.2368977
vn -0.9715318 -0.002327561 -0.2368977
vn -0.9715318 -0.002327561 -0.2368977
vn -0.9840047 -0.002323031 -0.178127
vn -0.9840047 -0.002323031 -0.178127
vn -0.9840047 -0.002323031 -0.178127
vn -0.9715248 0.02757644 -0.2353274
vn -0.9715248 0.02757644 -0.2353274
vn -0.9715248 0.02757644 -0.2353274
vn -0.9901696 0 -0.1398721
vn -0.9901696 0 -0.1398721
vn -0.9901696 0 -0.1398721
vn -0.9461476 0.003820121 -0.3237131
vn -0.9461476 0.003820121 -0.3237131
vn -0.9461476 0.003820121 -0.3237131
vn -0.9419395 0.008423864 -0.3356773
vn -0.9419395 0.008423864 -0.3356773
vn -0.9419395 0.008423864 -0.3356773
vn -0.9201835 -0.000176876 -0.3914873
vn -0.9201835 -0.000176876 -0.3914873
vn -0.9201835 -0.000176876 -0.3914873
vn -0.8390011 -0.003571331 -0.5441179
vn -0.8390011 -0.003571331 -0.5441179
vn -0.8390011 -0.003571331 -0.5441179
vn -0.8736849 0.01065129 -0.4863755
vn -0.8736849 0.01065129 -0.4863755
vn -0.8736849 0.01065129 -0.4863755
vn -0.888604 0.000379362 -0.4586751
vn -0.888604 0.000379362 -0.4586751
vn -0.888604 0.000379362 -0.4586751
vn -0.7398164 -0.002544939 -0.6728041
vn -0.7398164 -0.002544939 -0.6728041
vn -0.7398164 -0.002544939 -0.6728041
vn -0.7398165 -0.002544939 -0.6728039
vn -0.7398165 -0.002544939 -0.6728039
vn -0.7398165 -0.002544939 -0.6728039
vn -0.7898209 0.006002306 -0.6133082
vn -0.7898209 0.006002306 -0.6133082
vn -0.7898209 0.006002306 -0.6133082
vn -0.7887265 0.006959974 -0.6147049
vn -0.7887265 0.006959974 -0.6147049
vn -0.7887265 0.006959974 -0.6147049
vn -0.8390002 -0.003571331 -0.5441195
vn -0.8390002 -0.003571331 -0.5441195
vn -0.8390002 -0.003571331 -0.5441195
vn -0.685199 0.01532274 -0.7281948
vn -0.685199 0.01532274 -0.7281948
vn -0.685199 0.01532274 -0.7281948
vn -0.7019653 0.002134978 -0.712208
vn -0.7019653 0.002134978 -0.712208
vn -0.7019653 0.002134978 -0.712208
vn -0.6236576 -0.000814296 -0.7816973
vn -0.6236576 -0.000814296 -0.7816973
vn -0.6236576 -0.000814296 -0.7816973
vn -0.6267514 0 -0.7792192
vn -0.6267514 0 -0.7792192
vn -0.6267514 0 -0.7792192
vn 1 0 0
vn 1 0 0
vn 1 0 0
vn 1 0 0
vn 2.12473e-07 -0.9986296 0.05233633
vn 2.12473e-07 -0.9986296 0.05233633
vn 2.12473e-07 -0.9986296 0.05233633
vn 1.96046e-07 -0.9986295 0.05233597
vn 1.96046e-07 -0.9986295 0.05233597
vn 1.96046e-07 -0.9986295 0.05233597
vn -6.16534e-07 -0.9986295 0.05233585
vn -6.16534e-07 -0.9986295 0.05233585
vn -6.16534e-07 -0.9986295 0.05233585
vn 0 -0.9986296 0.05233585
vn 0 -0.9986296 0.05233585
vn 0 -0.9986296 0.05233585
vn 0 -0.9986296 0.05233532
vn 0 -0.9986296 0.05233532
vn 0 -0.9986296 0.05233532
vn 0 -0.9986296 0.05233579
vn 0 -0.9986296 0.05233579
vn 0 -0.9986296 0.05233579
vn 1.14786e-06 -0.9986295 0.05233621
vn 1.14786e-06 -0.9986295 0.05233621
vn 1.14786e-06 -0.9986295 0.05233621
vn 2.20852e-07 -0.9986295 0.05233597
vn 2.20852e-07 -0.9986295 0.05233597
vn 2.20852e-07 -0.9986295 0.05233597
vn -5.19434e-07 -0.9986296 0.05233567
vn -5.19434e-07 -0.9986296 0.05233567
vn -5.19434e-07 -0.9986296 0.05233567
vn -5.85594e-07 -0.9986295 0.05233561
vn -5.85594e-07 -0.9986295 0.05233561
vn -5.85594e-07 -0.9986295 0.05233561
vn 1.21604e-07 -0.9986295 0.05233603
vn 1.21604e-07 -0.9986295 0.05233603
vn 1.21604e-07 -0.9986295 0.05233603
vn -2.78388e-07 -0.9986295 0.05233567
vn -2.78388e-07 -0.9986295 0.05233567
vn -2.78388e-07 -0.9986295 0.05233567
vn 1.43157e-07 -0.9986295 0.05233609
vn 1.43157e-07 -0.9986295 0.05233609
vn 1.43157e-07 -0.9986295 0.05233609
vn 0 -0.9986296 0.05233597
vn 0 -0.9986296 0.05233597
vn 0 -0.9986296 0.05233597
vn 3.21218e-07 -0.9986295 0.05233651
vn 3.21218e-07 -0.9986295 0.05233651
vn 3.21218e-07 -0.9986295 0.05233651
vn 1 0 0
vn 1 0 0
vn 1 0 0
vn 1 0 0
vn -0.7099471 -0.002704203 0.70425
vn -0.7099471 -0.002704203 0.70425
vn -0.7099471 -0.002704203 0.70425
vn -0.7099272 -0.003451585 0.7042667
vn -0.7099272 -0.003451585 0.7042667
vn -0.7099272 -0.003451585 0.7042667
vn -0.6652818 0.01202255 0.7464955
vn -0.6652818 0.01202255 0.7464955
vn -0.6652818 0.01202255 0.7464955
vn -0.6398026 0 0.7685393
vn -0.6398026 0 0.7685393
vn -0.6398026 0 0.7685393
vn -0.7633013 0.003749966 0.6460319
vn -0.7633013 0.003749966 0.6460319
vn -0.7633013 0.003749966 0.6460319
vn -0.7720769 0.009968757 0.6354509
vn -0.7720769 0.009968757 0.6354509
vn -0.7720769 0.009968757 0.6354509
vn -0.8056145 -0.001933455 0.5924369
vn -0.8056145 -0.001933455 0.5924369
vn -0.8056145 -0.001933455 0.5924369
vn -0.8951606 -0.003505766 0.4457299
vn -0.8951606 -0.003505766 0.4457299
vn -0.8951606 -0.003505766 0.4457299
vn -0.8537773 0.007668673 0.5205819
vn -0.8537773 0.007668673 0.5205819
vn -0.8537773 0.007668673 0.5205819
vn -0.8492723 0.004333257 0.5279374
vn -0.8492723 0.004333257 0.5279374
vn -0.8492723 0.004333257 0.5279374
vn -0.8056136 -0.001933455 0.5924382
vn -0.8056136 -0.001933455 0.5924382
vn -0.8056136 -0.001933455 0.5924382
vn -0.958065 -0.000899819 0.2865493
vn -0.958065 -0.000899819 0.2865493
vn -0.958065 -0.000899819 0.2865493
vn -0.9580631 -0.000899819 0.2865556
vn -0.9580631 -0.000899819 0.2865556
vn -0.9580631 -0.000899819 0.2865556
vn -0.926339 0.003260731 0.3766766
vn -0.926339 0.003260731 0.3766766
vn -0.926339 0.003260731 0.3766766
vn -0.933961 0.01289898 0.3571422
vn -0.933961 0.01289898 0.3571422
vn -0.933961 0.01289898 0.3571422
vn -0.8951612 -0.003505766 0.445729
vn -0.8951612 -0.003505766 0.445729
vn -0.8951612 -0.003505766 0.445729
vn -0.9758797 0.00846976 0.2181445
vn -0.9758797 0.00846976 0.2181445
vn -0.9758797 0.00846976 0.2181445
vn -0.9744771 0.00587368 0.2244099
vn -0.9744771 0.00587368 0.2244099
vn -0.9744771 0.00587368 0.2244099
vn -0.9914398 -0.00239861 0.1305426
vn -0.9914398 -0.00239861 0.1305426
vn -0.9914398 -0.00239861 0.1305426
vn -0.9934849 -0.002398371 0.1139378
vn -0.9934849 -0.002398371 0.1139378
vn -0.9934849 -0.002398371 0.1139378
vn -0.991459 0 0.1304183
vn -0.991459 0 0.1304183
vn -0.991459 0 0.1304183
vn 0 0 -1
vn 0 0 -1
vn 0 0 -1
vn 0 0 -1
vn 0 -1 0
vn 0 -1 0
vn 0 -1 0
vn 0 -1 0
vn 0 -1 0
vn 0 -1 0
vn 0 -1 0
vn 0 -1 0
vn 0 -1 0
vn 0 -1 0
vn 0 -1 0
vn 0 -1 0
vn 0 -1 0
vn 0 -1 0
vn 0 -1 0
vn 0 -1 0
vn 0 -1 0
vn 0 -1 0
vn 0 -1 0
vn 0 -1 0
vn 0 -1 0
vn 0 -1 0
vn 0 -1 0
vn 0 -1 0
vn 0 -1 0
vn 0 -1 0
vn 0 -1 0
vn 0 -1 0
vn 0 -1 0
vn 0 -1 0
vn 0 -1 0
vn 0 -1 0
vn 0 -1 0
vn 0 -1 0
vn 0 -1 0
vn 0 -1 0
vn 0 -1 0
vn 0 -1 0
vn 0 -1 0
vn 0 -1 0
vn 0 -1 0
vn 0 -1 0
vn 0 -1 0
vn 0 -1 0
vn 0 -1 0
vn 0 -1 0
vn 0 -1 0
vn 0 -1 0
vn 0 -1 0
vn 0 -1 0
vn 0 -1 0
vn 0 -1 0
vn 0 -1 0
vn 0 -1 0
vn 0 -1 0
vn 0 -1 0
vn 0 -1 0
vn 0 -1 0
vn 0 -1 0
vn 0 -1 0
vn 0 -1 0
vn 0 -1 0
vn 0 -1 0
vn 0 -1 0
vn 0 -1 0
vn 0 -1 0
vn 0 -1 0
vn 0 -1 0
vn 0 -1 0
vn 0 -1 0
vn 0 -1 0
vn 0 -1 0
vn 0 -1 0
vn 0 -1 0
vn 0 -1 0
vn 0 -1 0
vn 0 -1 0
vn 0 -1 0
vn 0 -1 0
vn 0 -1 0
vn 0 -1 0
vn 0 -1 0
vn 0 -1 0
vn 0 -1 0
vn 0 -1 0
vn 0 -1 0
vn 0 -1 0
vn 0 -1 0
vn 0 -1 0
vn 0 -1 0
vn 0 -1 0
vn 0 -1 0
vn 0 -1 0
vn 0 -1 0
vn 0 -1 0
vn 0 -1 0
vn 0 -1 0
vn 0 -1 0
vn 0 -1 0
vn 0 -1 0
vn 0 -1 0
vn 0 -1 0
vn 0 -1 0
vn 0 -1 0
vn 0 -1 0
vn 0 -1 0
vn 0 -1 0
vn 0 -1 0
vn 0 -1 0
vn 0 -1 0
vn 0 -1 0
vn 0 -1 0
vn 0 -1 0
vn 0 -1 0
vn 0 -1 0
vn -0.9998477 0 -0.01745218
vn -0.9998477 0 -0.01745218
vn -0.9998477 0 -0.01745218
vn -0.9998477 0 -0.01745241
vn -0.9998477 0 -0.01745241
vn -0.9998477 0 -0.01745241
vn -0.9998477 0 -0.01745241
vn -0.9998477 0 -0.01745235
vn -0.9998477 0 -0.01745235
vn -0.9998477 0 -0.01745235
vn -2.7881e-07 -0.9986295 -0.05233597
vn -2.7881e-07 -0.9986295 -0.05233597
vn -2.7881e-07 -0.9986295 -0.05233597
vn -0.140958 0.05609577 0.988425
vn -0.140958 0.05609577 0.988425
vn -0.140958 0.05609577 0.988425
vn -0.1409562 0.05609631 0.9884253
vn -0.1409562 0.05609631 0.9884253
vn -0.1409562 0.05609631 0.9884253
vn -0.1136083 0.07653439 0.9905734
vn -0.1136083 0.07653439 0.9905734
vn -0.1136083 0.07653439 0.9905734
vn -0.1136085 0.07653433 0.9905734
vn -0.1136085 0.07653433 0.9905734
vn -0.1136085 0.07653433 0.9905734
vn -2.05126e-07 -0.9986296 0.05233597
vn -2.05126e-07 -0.9986296 0.05233597
vn -2.05126e-07 -0.9986296 0.05233597
vn -0.7794821 -0.6242768 -0.05182754
vn -0.7794821 -0.6242768 -0.05182754
vn -0.7794821 -0.6242768 -0.05182754
vn -0.7893195 -0.6126305 -0.04072582
vn -0.7893195 -0.6126305 -0.04072582
vn -0.7893195 -0.6126305 -0.04072582
vn -0.8000898 -0.5987548 -0.03673076
vn -0.8000898 -0.5987548 -0.03673076
vn -0.8000898 -0.5987548 -0.03673076
f 1//1 2//2 3//3
f 4//4 5//5 6//6
f 7//7 8//8 9//9
f 10//10 11//11 12//12
f 13//13 14//14 15//15
f 16//16 17//17 18//18
f 19//19 20//20 21//21
f 21//21 20//20 22//22
f 23//23 24//24 25//25
f 25//25 24//24 26//26
f 27//27 28//28 29//29
f 30//30 31//31 32//32
f 33//33 30//30 34//34
f 34//34 30//30 32//32
f 35//35 36//36 37//37
f 37//37 36//36 38//38
f 39//39 40//40 41//41
f 42//42 43//43 44//44
f 42//42 44//44 45//45
f 46//46 47//47 48//48
f 49//49 50//50 51//51
f 49//49 51//51 52//52
f 53//53 54//54 55//55
f 53//53 55//55 56//56
f 57//57 58//58 59//59
f 57//57 59//59 60//60
f 61//61 62//62 63//63
f 61//61 63//63 64//64
f 65//65 66//66 67//67
f 65//65 67//67 68//68
f 69//69 70//70 71//71
f 69//69 71//71 72//72
f 73//73 74//74 75//75
f 73//73 75//75 76//76
f 77//77 78//78 79//79
f 77//77 79//79 80//80
f 81//81 82//82 83//83
f 81//81 83//83 84//84
f 39//39 85//85 40//40
f 86//86 87//87 88//88
f 89//89 90//90 91//91
f 89//89 91//91 92//92
f 93//93 94//94 95//95
f 93//93 95//95 96//96
f 97//97 98//98 99//99
f 97//97 99//99 100//100
f 101//101 102//102 103//103
f 101//101 103//103 104//104
f 105//105 106//106 107//107
f 105//105 107//107 108//108
f 109//109 110//110 111//111
f 109//109 111//111 112//112
f 113//113 114//114 115//115
f 113//113 115//115 116//116
f 117//117 118//118 119//119
f 117//117 119//119 120//120
f 121//121 122//122 123//123
f 121//121 123//123 124//124
f 125//125 126//126 127//127
f 125//125 127//127 128//128
f 129//129 130//130 131//131
f 129//129 131//131 132//132
f 86//86 133//133 87//87
f 134//134 135//135 136//136
f 134//134 136//136 137//137
f 138//138 139//139 140//140
f 138//138 140//140 141//141
f 142//142 143//143 144//144
f 142//142 144//144 145//145
f 146//146 147//147 148//148
f 146//146 148//148 149//149
f 150//150 151//151 152//152
f 150//150 152//152 153//153
f 154//154 155//155 156//156
f 154//154 156//156 157//157
f 158//158 159//159 160//160
f 158//158 160//160 161//161
f 162//162 163//163 164//164
f 162//162 164//164 165//165
f 166//166 167//167 168//168
f 166//166 168//168 169//169
f 170//170 171//171 172//172
f 170//170 172//172 173//173
f 174//174 175//175 176//176
f 174//174 176//176 177//177
f 178//178 179//179 180//180
f 181//181 182//182 183//183
f 184//184 185//185 186//186
f 184//184 186//186 187//187
f 188//188 189//189 190//190
f 188//188 190//190 191//191
f 192//192 193//193 194//194
f 192//192 194//194 195//195
f 196//196 197//197 198//198
f 196//196 198//198 199//199
f 200//200 201//201 202//202
f 200//200 202//202 203//203
f 204//204 205//205 206//206
f 204//204 206//206 207//207
f 208//208 209//209 210//210
f 208//208 210//210 211//211
f 212//212 213//213 214//214
f 212//212 214//214 215//215
f 216//216 217//217 218//218
f 216//216 218//218 219//219
f 220//220 221//221 222//222
f 220//220 222//222 223//223
f 224//224 225//225 226//226
f 224//224 226//226 227//227
f 181//181 228//228 182//182
f 229//229 230//230 231//231
f 229//229 231//231 232//232
f 233//233 234//234 235//235
f 233//233 235//235 236//236
f 237//237 238//238 239//239
f 237//237 239//239 240//240
f 241//241 242//242 243//243
f 241//241 243//243 244//244
f 245//245 246//246 247//247
f 245//245 247//247 248//248
f 249//249 250//250 251//251
f 249//249 251//251 252//252
f 253//253 254//254 255//255
f 253//253 255//255 256//256
f 257//257 258//258 259//259
f 257//257 259//259 260//260
f 261//261 262//262 263//263
f 261//261 263//263 264//264
f 265//265 266//266 267//267
f 265//265 267//267 268//268
f 269//269 270//270 271//271
f 269//269 271//271 272//272
f 273//273 274//274 275//275
f 276//276 277//277 278//278
f 279//279 280//280 281//281
f 279//279 281//281 282//282
f 283//283 284//284 285//285
f 283//283 285//285 286//286
f 287//287 288//288 289//289
f 287//287 289//289 290//290
f 291//291 292//292 293//293
f 291//291 293//293 294//294
f 295//295 296//296 297//297
f 295//295 297//297 298//298
f 299//299 300//300 301//301
f 299//299 301//301 302//302
f 303//303 304//304 305//305
f 303//303 305//305 306//306
f 307//307 308//308 309//309
f 307//307 309//309 310//310
f 311//311 312//312 313//313
f 311//311 313//313 314//314
f 315//315 316//316 317//317
f 315//315 317//317 318//318
f 319//319 320//320 321//321
f 319//319 321//321 322//322
f 276//276 323//323 277//277
f 324//324 325//325 326//326
f 326//326 325//325 327//327
f 326//326 327//327 328//328
f 327//327 329//329 328//328
f 328//328 329//329 330//330
f 331//331 330//330 332//332
f 333//333 334//334 332//332
f 332//332 334//334 335//335
f 332//332 335//335 331//331
f 333//333 336//336 334//334
f 334//334 336//336 337//337
f 334//334 337//337 338//338
f 337//337 339//339 338//338
f 338//338 339//339 340//340
f 338//338 340//340 326//326
f 326//326 340//340 341//341
f 326//326 341//341 324//324
f 342//342 343//343 344//344
f 344//344 343//343 345//345
f 345//345 346//346 344//344
f 344//344 346//346 347//347
f 344//344 347//347 326//326
f 326//326 347//347 348//348
f 348//348 349//349 326//326
f 326//326 349//349 350//350
f 326//326 350//350 338//338
f 338//338 350//350 351//351
f 351//351 352//352 338//338
f 338//338 352//352 353//353
f 338//338 353//353 354//354
f 354//354 353//353 355//355
f 354//354 355//355 342//342
f 356//356 357//357 344//344
f 342//342 344//344 354//354
f 354//354 344//344 357//357
f 354//354 357//357 358//358
f 358//358 359//359 354//354
f 354//354 359//359 360//360
f 354//354 360//360 361//361
f 361//361 360//360 362//362
f 361//361 362//362 363//363
f 364//364 365//365 366//366
f 364//364 366//366 363//363
f 365//365 367//367 366//366
f 366//366 367//367 368//368
f 366//366 368//368 344//344
f 344//344 368//368 369//369
f 344//344 369//369 356//356
f 370//370 371//371 366//366
f 372//372 373//373 374//374
f 374//374 373//373 375//375
f 363//363 366//366 361//361
f 361//361 366//366 371//371
f 361//361 371//371 376//376
f 376//376 377//377 361//361
f 361//361 377//377 378//378
f 361//361 378//378 379//379
f 379//379 378//378 380//380
f 379//379 380//380 372//372
f 375//375 381//381 374//374
f 374//374 381//381 382//382
f 374//374 382//382 366//366
f 366//366 382//382 383//383
f 366//366 383//383 370//370
f 384//384 385//385 374//374
f 372//372 374//374 379//379
f 379//379 374//374 385//385
f 379//379 385//385 386//386
f 387//387 388//388 389//389
f 389//389 388//388 390//390
f 389//389 390//390 391//391
f 386//386 392//392 379//379
f 379//379 392//392 393//393
f 379//379 393//393 387//387
f 387//387 393//393 394//394
f 387//387 394//394 388//388
f 391//391 395//395 389//389
f 389//389 395//395 396//396
f 389//389 396//396 374//374
f 374//374 396//396 397//397
f 374//374 397//397 384//384
f 398//398 389//389 399//399
f 399//399 389//389 400//400
f 399//399 400//400 401//401
f 402//402 387//387 403//403
f 403//403 387//387 389//389
f 403//403 389//389 404//404
f 404//404 389//389 398//398
f 405//405 406//406 400//400
f 400//400 406//406 407//407
f 400//400 407//407 401//401
f 402//402 408//408 387//387
f 387//387 408//408 409//409
f 387//387 409//409 410//410
f 410//410 409//409 411//411
f 410//410 411//411 405//405
f 405//405 400//400 410//410
f 410//410 400//400 412//412
f 410//410 412//412 413//413
f 414//414 415//415 326//326
f 326//326 415//415 416//416
f 326//326 416//416 344//344
f 344//344 416//416 417//417
f 344//344 417//417 366//366
f 366//366 417//417 418//418
f 366//366 418//418 374//374
f 374//374 418//418 419//419
f 374//374 419//419 389//389
f 389//389 419//419 420//420
f 389//389 420//420 400//400
f 421//421 422//422 423//423
f 424//424 425//425 426//426
f 426//426 425//425 427//427
f 428//428 429//429 430//430
f 431//431 432//432 433//433
f 434//434 431//431 435//435
f 435//435 431//431 433//433
f 436//436 437//437 438//438
f 439//439 440//440 441//441
f 439//439 441//441 442//442
f 443//443 444//444 445//445
f 443//443 445//445 446//446
f 447//447 448//448 449//449
f 447//447 449//449 450//450
f 451//451 452//452 453//453
f 451//451 453//453 454//454
f 455//455 456//456 457//457
f 455//455 457//457 458//458
f 459//459 460//460 461//461
f 461//461 460//460 462//462
f 463//463 464//464 465//465
f 466//466 467//467 468//468
f 469//469 470//470 471//471
f 469//469 471//471 472//472
f 473//473 474//474 475//475
f 473//473 475//475 476//476
f 477//477 478//478 479//479
f 480//480 481//481 482//482
f 480//480 482//482 483//483
f 484//484 485//485 486//486
f 484//484 486//486 487//487
f 488//488 489//489 490//490
f 488//488 490//490 491//491
f 492//492 493//493 494//494
f 492//492 494//494 495//495
f 496//496 497//497 498//498
f 496//496 498//498 499//499
f 500//500 501//501 502//502
f 500//500 502//502 503//503
f 504//504 505//505 506//506
f 507//507 508//508 509//509
f 507//507 509//509 510//510
f 466//466 511//511 467//467
f 512//512 513//513 514//514
f 515//515 516//516 517//517
f 515//515 517//517 518//518
f 519//519 520//520 521//521
f 519//519 521//521 522//522
f 523//523 524//524 525//525
f 523//523 525//525 526//526
f 527//527 528//528 529//529
f 527//527 529//529 530//530
f 531//531 532//532 533//533
f 531//531 533//533 534//534
f 535//535 536//536 537//537
f 535//535 537//537 538//538
f 539//539 540//540 541//541
f 539//539 541//541 542//542
f 543//543 544//544 545//545
f 543//543 545//545 546//546
f 547//547 548//548 549//549
f 547//547 549//549 550//550
f 551//551 552//552 553//553
f 551//551 553//553 554//554
f 555//555 556//556 557//557
f 555//555 557//557 558//558
f 512//512 559//559 513//513
f 560//560 561//561 562//562
f 563//563 564//564 565//565
f 563//563 565//565 566//566
f 567//567 568//568 569//569
f 567//567 569//569 570//570
f 571//571 572//572 573//573
f 571//571 573//573 574//574
f 575//575 576//576 577//577
f 575//575 577//577 578//578
f 579//579 580//580 581//581
f 579//579 581//581 582//582
f 583//583 584//584 585//585
f 583//583 585//585 586//586
f 587//587 588//588 589//589
f 587//587 589//589 590//590
f 591//591 592//592 593//593
f 591//591 593//593 594//594
f 595//595 596//596 597//597
f 595//595 597//597 598//598
f 599//599 600//600 601//601
f 599//599 601//601 602//602
f 603//603 604//604 605//605
f 603//603 605//605 606//606
f 560//560 607//607 561//561
f 608//608 609//609 610//610
f 611//611 612//612 613//613
f 611//611 613//613 614//614
f 615//615 616//616 617//617
f 615//615 617//617 618//618
f 619//619 620//620 621//621
f 622//622 623//623 624//624
f 622//622 624//624 625//625
f 626//626 627//627 628//628
f 626//626 628//628 629//629
f 630//630 631//631 632//632
f 630//630 632//632 633//633
f 634//634 635//635 636//636
f 634//634 636//636 637//637
f 638//638 639//639 640//640
f 638//638 640//640 641//641
f 642//642 643//643 644//644
f 642//642 644//644 645//645
f 646//646 647//647 648//648
f 646//646 648//648 649//649
f 650//650 651//651 652//652
f 650//650 652//652 653//653
f 608//608 654//654 609//609
f 655//655 656//656 657//657
f 658//658 659//659 660//660
f 658//658 660//660 661//661
f 662//662 663//663 664//664
f 662//662 664//664 665//665
f 666//666 667//667 668//668
f 666//666 668//668 669//669
f 670//670 671//671 672//672
f 670//670 672//672 673//673
f 674//674 675//675 676//676
f 674//674 676//676 677//677
f 678//678 679//679 680//680
f 678//678 680//680 681//681
f 682//682 683//683 684//684
f 682//682 684//684 685//685
f 686//686 687//687 688//688
f 686//686 688//688 689//689
f 690//690 691//691 692//692
f 690//690 692//692 693//693
f 694//694 695//695 696//696
f 694//694 696//696 697//697
f 698//698 699//699 700//700
f 698//698 700//700 701//701
f 655//655 702//702 656//656
f 703//703 704//704 705//705
f 706//706 707//707 708//708
f 706//706 708//708 709//709
f 710//710 711//711 712//712
f 710//710 712//712 713//713
f 714//714 715//715 716//716
f 714//714 716//716 717//717
f 718//718 719//719 720//720
f 718//718 720//720 721//721
f 722//722 723//723 724//724
f 722//722 724//724 725//725
f 726//726 727//727 728//728
f 726//726 728//728 729//729
f 730//730 731//731 732//732
f 733//733 734//734 735//735
f 733//733 735//735 736//736
f 737//737 738//738 739//739
f 737//737 739//739 740//740
f 741//741 742//742 743//743
f 741//741 743//743 744//744
f 745//745 746//746 747//747
f 745//745 747//747 748//748
f 703//703 749//749 704//704
f 750//750 751//751 752//752
f 753//753 754//754 755//755
f 754//754 756//756 755//755
f 755//755 756//756 757//757
f 755//755 757//757 758//758
f 757//757 759//759 758//758
f 758//758 759//759 760//760
f 758//758 760//760 750//750
f 750//750 760//760 761//761
f 750//750 761//761 762//762
f 762//762 763//763 750//750
f 750//750 763//763 764//764
f 750//750 764//764 751//751
f 764//764 765//765 751//751
f 751//751 765//765 766//766
f 767//767 766//766 753//753
f 767//767 753//753 768//768
f 768//768 753//753 755//755
f 769//769 758//758 770//770
f 770//770 758//758 771//771
f 770//770 772//772 769//769
f 769//769 772//772 773//773
f 769//769 773//773 774//774
f 774//774 773//773 775//775
f 774//774 775//775 776//776
f 776//776 777//777 774//774
f 774//774 777//777 778//778
f 774//774 778//778 750//750
f 750//750 778//778 779//779
f 779//779 780//780 750//750
f 750//750 780//780 781//781
f 750//750 781//781 758//758
f 758//758 781//781 782//782
f 758//758 782//782 771//771
f 783//783 784//784 769//769
f 769//769 784//784 785//785
f 769//769 785//785 786//786
f 785//785 787//787 786//786
f 786//786 787//787 788//788
f 786//786 788//788 789//789
f 789//789 788//788 790//790
f 789//789 790//790 791//791
f 783//783 769//769 792//792
f 792//792 769//769 774//774
f 792//792 774//774 793//793
f 791//791 794//794 789//789
f 789//789 794//794 795//795
f 789//789 795//795 774//774
f 774//774 795//795 796//796
f 774//774 796//796 793//793
f 797//797 798//798 786//786
f 786//786 798//798 799//799
f 786//786 799//799 800//800
f 799//799 801//801 800//800
f 800//800 801//801 802//802
f 800//800 802//802 803//803
f 803//803 802//802 804//804
f 803//803 804//804 805//805
f 797//797 786//786 806//806
f 806//806 786//786 789//789
f 806//806 789//789 807//807
f 805//805 808//808 803//803
f 803//803 808//808 809//809
f 803//803 809//809 789//789
f 789//789 809//809 810//810
f 789//789 810//810 807//807
f 811//811 812//812 800//800
f 800//800 812//812 813//813
f 800//800 813//813 814//814
f 813//813 815//815 814//814
f 814//814 815//815 816//816
f 814//814 816//816 817//817
f 817//817 816//816 818//818
f 817//817 818//818 819//819
f 811//811 800//800 820//820
f 820//820 800//800 803//803
f 820//820 803//803 821//821
f 819//819 822//822 817//817
f 817//817 822//822 823//823
f 817//817 823//823 803//803
f 803//803 823//823 824//824
f 803//803 824//824 821//821
f 825//825 826//826 827//827
f 826//826 825//825 828//828
f 828//828 825//825 814//814
f 828//828 814//814 829//829
f 830//830 831//831 832//832
f 833//833 817//817 834//834
f 834//834 817//817 830//830
f 834//834 830//830 835//835
f 835//835 830//830 832//832
f 833//833 836//836 817//817
f 817//817 836//836 837//837
f 817//817 837//837 814//814
f 814//814 837//837 838//838
f 814//814 838//838 829//829
f 827//827 830//830 825//825
f 825//825 830//830 839//839
f 825//825 839//839 840//840
f 752//752 841//841 750//750
f 750//750 841//841 842//842
f 750//750 842//842 774//774
f 774//774 842//842 843//843
f 774//774 843//843 789//789
f 789//789 843//843 844//844
f 789//789 844//844 803//803
f 803//803 844//844 845//845
f 803//803 845//845 817//817
f 817//817 845//845 846//846
f 817//817 846//846 830//830
f 830//830 846//846 847//847
f 848//848 849//849 850//850
f 850//850 849//849 851//851
f 852//852 853//853 854//854
f 852//852 854//854 855//855
f 856//856 857//857 858//858
f 856//856 858//858 859//859
f 860//860 861//861 862//862
f 860//860 862//862 863//863
f 864//864 865//865 866//866
f 864//864 866//866 867//867
f 868//868 869//869 870//870
f 868//868 870//870 871//871
f 872//872 873//873 874//874
f 872//872 874//874 875//875
f 876//876 877//877 878//878
f 879//879 880//880 881//881
f 882//882 883//883 884//884
f 885//885 886//886 887//887
f 888//888 889//889 890//890
f 891//891 892//892 893//893
f 893//893 892//892 894//894
f 895//895 896//896 897//897
f 898//898 899//899 900//900
f 901//901 902//902 903//903
f 904//904 905//905 906//906
f 907//907 908//908 909//909
f 910//910 911//911 912//912
f 913//913 914//914 915//915
f 916//916 917//917 918//918
f 919//919 920//920 921//921
f 922//922 923//923 924//924
f 925//925 926//926 927//927
f 928//928 929//929 930//930
f 931//931 932//932 933//933
f 934//934 935//935 936//936
f 937//937 938//938 939//939
f 940//940 941//941 942//942
f 943//943 944//944 945//945
f 946//946 947//947 948//948
f 949//949 950//950 951//951
f 952//952 953//953 954//954
f 955//955 956//956 957//957
f 958//958 959//959 960//960
f 961//961 962//962 963//963
f 963//963 962//962 964//964
f 965//965 966//966 967//967
f 965//965 967//967 968//968
f 969//969 970//970 971//971
f 969//969 971//971 972//972
f 973//973 974//974 975//975
f 973//973 975//975 976//976
f 977//977 978//978 979//979
f 979//979 978//978 980//980
f 981//981 982//982 983//983
f 983//983 982//982 984//984
f 983//983 984//984 985//985
f 985//985 984//984 986//986
f 985//985 986//986 987//987
f 987//987 986//986 988//988
f 987//987 988//988 989//989
f 989//989 988//988 990//990
f 989//989 990//990 991//991
f 991//991 992//992 993//993
f 993//993 994//994 995//995
f 996//996 997//997 998//998
f 996//996 998//998 999//999
f 1000//1000 1001//1001 1002//1002
f 1000//1000 1002//1002 1003//1003
f 1004//1004 1005//1005 1006//1006
f 1007//1007 1008//1008 1009//1009
f 1009//1009 1008//1008 1010//1010
f 1009//1009 1010//1010 1011//1011
f 1011//1011 1010//1010 1012//1012
f 1013//1013 1014//1014 1015//1015
f 1016//1016 1017//1017 1018//1018
f 1019//1019 1020//1020 1021//1021
f 1022//1022 1023//1023 1024//1024
f 1025//1025 1026//1026 1027//1027
f 1028//1028 1029//1029 1030//1030
f 1031//1031 1032//1032 1033//1033
f 1034//1034 1035//1035 1036//1036
f 1037//1037 1038//1038 1039//1039
f 1040//1040 1041//1041 1042//1042
f 1043//1043 1044//1044 1045//1045
f 1046//1046 1047//1047 1048//1048
f 1049//1049 1050//1050 1051//1051
f 1052//1052 1053//1053 1054//1054
f 1055//1055 1056//1056 1057//1057
f 1058//1058 1059//1059 1060//1060
f 1061//1061 1062//1062 1063//1063
f 1064//1064 1065//1065 1066//1066
f 1067//1067 1068//1068 1069//1069
f 1070//1070 1071//1071 1072//1072
f 1073//1073 1074//1074 1075//1075
f 1076//1076 1077//1077 1078//1078
f 1079//1079 1080//1080 1081//1081
f 1082//1082 1083//1083 1084//1084
f 1085//1085 1086//1086 1087//1087
f 1088//1088 1089//1089 1090//1090
f 1091//1091 1092//1092 1093//1093
f 1094//1094 1095//1095 1096//1096
f 1097//1097 1098//1098 1099//1099
f 1100//1100 1101//1101 1102//1102
f 1103//1103 1104//1104 1105//1105
f 1106//1106 1107//1107 1108//1108
f 1109//1109 1110//1110 1111//1111
f 1112//1112 1113//1113 1114//1114
f 1115//1115 1116//1116 1117//1117
f 1118//1118 1119//1119 1120//1120
f 1121//1121 1122//1122 1123//1123
f 1124//1124 1125//1125 1126//1126
f 1127//1127 1128//1128 1129//1129
f 1130//1130 1131//1131 1132//1132
f 1133//1133 1134//1134 1135//1135
f 1136//1136 1137//1137 1138//1138
f 1139//1139 1140//1140 1141//1141
f 1142//1142 1143//1143 1144//1144
f 1145//1145 1146//1146 1147//1147
f 1148//1148 1149//1149 1150//1150
f 1151//1151 1152//1152 1153//1153
f 1154//1154 1155//1155 1156//1156
f 1157//1157 1158//1158 1159//1159
f 1160//1160 1161//1161 1162//1162
f 1163//1163 1164//1164 1165//1165
f 1166//1166 1167//1167 1168//1168
f 1169//1169 1170//1170 1171//1171
f 1172//1172 1173//1173 1174//1174
f 1175//1175 1176//1176 1177//1177
f 1178//1178 1179//1179 1180//1180
f 1181//1181 1182//1182 1183//1183
f 1184//1184 1185//1185 1186//1186
f 1187//1187 1188//1188 1189//1189
f 1190//1190 1191//1191 1192//1192
f 1193//1193 1194//1194 1195//1195
f 1196//1196 1197//1197 1198//1198
f 1199//1199 1200//1200 1201//1201
f 1202//1202 1203//1203 1204//1204
f 1205//1205 1206//1206 1207//1207
f 1208//1208 1209//1209 1210//1210
f 1211//1211 1212//1212 1213//1213
f 1214//1214 1215//1215 1216//1216
f 1217//1217 1218//1218 1219//1219
f 1220//1220 1221//1221 1222//1222
f 1223//1223 1224//1224 1225//1225
f 1226//1226 1227//1227 1228//1228
f 1229//1229 1230//1230 1231//1231
f 1232//1232 1233//1233 1234//1234
f 1235//1235 1236//1236 1237//1237
f 1238//1238 1239//1239 1240//1240
f 1241//1241 1242//1242 1243//1243
f 1244//1244 1245//1245 1246//1246
f 1247//1247 1248//1248 1249//1249
f 1250//1250 1251//1251 1252//1252
f 1253//1253 1254//1254 1255//1255
f 1256//1256 1257//1257 1258//1258
f 1259//1259 1260//1260 1261//1261
f 1262//1262 1263//1263 1264//1264
f 1265//1265 1266//1266 1267//1267
f 1268//1268 1269//1269 1270//1270
f 1271//1271 1272//1272 1273//1273
f 1274//1274 1275//1275 1276//1276
f 1277//1277 1278//1278 1279//1279
f 1280//1280 1281//1281 1282//1282
f 1283//1283 1284//1284 1285//1285
f 1286//1286 1287//1287 1288//1288
f 1289//1289 1290//1290 1291//1291
f 1292//1292 1293//1293 1294//1294
f 1295//1295 1296//1296 1297//1297
f 1298//1298 1299//1299 1300//1300
f 1301//1301 1302//1302 1303//1303
f 1303//1303 1302//1302 1304//1304
f 1305//1305 1306//1306 1307//1307
f 1308//1308 1309//1309 1310//1310
f 1311//1311 1312//1312 1313//1313
f 1314//1314 1315//1315 1316//1316
f 1317//1317 1318//1318 1319//1319
f 1320//1320 1321//1321 1322//1322
f 1323//1323 1324//1324 1325//1325
f 1326//1326 1327//1327 1328//1328
f 1329//1329 1330//1330 1331//1331
f 1332//1332 1333//1333 1334//1334
f 1335//1335 1336//1336 1337//1337
f 1338//1338 1339//1339 1340//1340
f 1341//1341 1342//1342 1343//1343
f 1344//1344 1345//1345 1346//1346
f 1344//1344 1346//1346 1347//1347
f 1348//1348 1349//1349 1350//1350
f 1348//1348 1350//1350 1351//1351
f 1352//1352 1353//1353 1354//1354
f 1354//1354 1353//1353 1355//1355
f 1356//1356 1357//1357 1358//1358
f 1356//1356 1358//1358 1359//1359
f 1360//1360 1361//1361 1362//1362
f 1360//1360 1362//1362 1363//1363
f 1364//1364 1365//1365 1366//1366
f 1364//1364 1366//1366 1367//1367
f 1368//1368 1369//1369 1370//1370
f 1368//1368 1370//1370 1371//1371
f 1372//1372 1373//1373 1374//1374
f 1372//1372 1374//1374 1375//1375
f 1376//1376 1377//1377 1378//1378
f 1376//1376 1378//1378 1379//1379
f 1380//1380 1381//1381 1382//1382
f 1380//1380 1382//1382 1383//1383
f 1384//1384 1385//1385 1386//1386
f 1384//1384 1386//1386 1387//1387
f 1388//1388 1389//1389 1390//1390
f 1388//1388 1390//1390 1391//1391
f 1392//1392 1393//1393 1394//1394
f 1392//1392 1394//1394 1395//1395
f 1396//1396 1394//1394 1397//1397
f 1398//1398 1397//1397 1399//1399
f 1398//1398 1399//1399 1400//1400
f 1400//1400 1399//1399 1401//1401
f 1400//1400 1401//1401 1402//1402
f 1402//1402 1401//1401 1403//1403
f 1402//1402 1403//1403 1404//1404
f 1404//1404 1403//1403 1405//1405
f 1404//1404 1405//1405 1406//1406
f 1406//1406 1405//1405 1407//1407
f 1408//1408 1409//1409 1410//1410
f 1410//1410 1409//1409 1411//1411
f 1412//1412 1413//1413 1414//1414
f 1415//1415 1416//1416 1417//1417
f 1418//1418 1419//1419 1420//1420
f 1421//1421 1422//1422 1423//1423
f 1424//1424 1425//1425 1426//1426
f 1427//1427 1428//1428 1429//1429
f 1429//1429 1428//1428 1430//1430
f 1429//1429 1430//1430 1431//1431
f 1431//1431 1430//1430 1432//1432
f 1433//1433 1434//1434 1435//1435
f 1436//1436 1437//1437 1438//1438
f 1439//1439 1440//1440 1441//1441
f 1442//1442 1443//1443 1444//1444
f 1445//1445 1446//1446 1447//1447
f 1448//1448 1449//1449 1450//1450
f 1451//1451 1452//1452 1453//1453
f 1454//1454 1455//1455 1456//1456
f 1457//1457 1458//1458 1459//1459
f 1460//1460 1461//1461 1462//1462
f 1463//1463 1464//1464 1465//1465
f 1466//1466 1467//1467 1468//1468
f 1469//1469 1470//1470 1471//1471
f 1472//1472 1473//1473 1474//1474
f 1475//1475 1476//1476 1477//1477
f 1478//1478 1479//1479 1480//1480
f 1481//1481 1482//1482 1483//1483
f 1484//1484 1485//1485 1486//1486
f 1487//1487 1488//1488 1489//1489
f 1490//1490 1491//1491 1492//1492
f 1493//1493 1494//1494 1495//1495
f 1496//1496 1497//1497 1498//1498
f 1499//1499 1500//1500 1501//1501
f 1502//1502 1503//1503 1504//1504
f 1505//1505 1506//1506 1507//1507
f 1508//1508 1509//1509 1510//1510
f 1511//1511 1512//1512 1513//1513
f 1514//1514 1515//1515 1516//1516
f 1517//1517 1518//1518 1519//1519
f 1520//1520 1521//1521 1522//1522
f 1523//1523 1524//1524 1525//1525
f 1526//1526 1527//1527 1528//1528
f 1529//1529 1530//1530 1531//1531
f 1532//1532 1533//1533 1534//1534
f 1535//1535 1536//1536 1537//1537
f 1538//1538 1539//1539 1540//1540
f 1541//1541 1542//1542 1543//1543
f 1544//1544 1545//1545 1546//1546
f 1547//1547 1548//1548 1549//1549
f 1550//1550 1551//1551 1552//1552
f 1553//1553 1554//1554 1555//1555
f 1556//1556 1557//1557 1558//1558
f 1559//1559 1560//1560 1561//1561
f 1562//1562 1563//1563 1564//1564
f 1565//1565 1566//1566 1567//1567
f 1568//1568 1569//1569 1570//1570
f 1571//1571 1572//1572 1573//1573
f 1574//1574 1575//1575 1576//1576
f 1577//1577 1578//1578 1579//1579
f 1580//1580 1581//1581 1582//1582
f 1583//1583 1584//1584 1585//1585
f 1586//1586 1587//1587 1588//1588
f 1589//1589 1590//1590 1591//1591
f 1592//1592 1593//1593 1594//1594
f 1595//1595 1596//1596 1597//1597
f 1598//1598 1599//1599 1600//1600
f 1601//1601 1602//1602 1603//1603
f 1604//1604 1605//1605 1606//1606
f 1607//1607 1608//1608 1609//1609
f 1610//1610 1611//1611 1612//1612
f 1613//1613 1614//1614 1615//1615
f 1616//1616 1617//1617 1618//1618
f 1619//1619 1620//1620 1621//1621
f 1622//1622 1623//1623 1624//1624
f 1625//1625 1626//1626 1627//1627
f 1628//1628 1629//1629 1630//1630
f 1631//1631 1632//1632 1633//1633
f 1634//1634 1635//1635 1636//1636
f 1637//1637 1638//1638 1639//1639
f 1640//1640 1641//1641 1642//1642
f 1643//1643 1644//1644 1645//1645
f 1646//1646 1647//1647 1648//1648
f 1649//1649 1650//1650 1651//1651
f 1652//1652 1653//1653 1654//1654
f 1655//1655 1656//1656 1657//1657
f 1658//1658 1659//1659 1660//1660
f 1661//1661 1662//1662 1663//1663
f 1664//1664 1665//1665 1666//1666
f 1667//1667 1668//1668 1669//1669
f 1670//1670 1671//1671 1672//1672
f 1673//1673 1674//1674 1675//1675
f 1676//1676 1677//1677 1678//1678
f 1679//1679 1680//1680 1681//1681
f 1682//1682 1683//1683 1684//1684
f 1685//1685 1686//1686 1687//1687
f 1688//1688 1689//1689 1690//1690
f 1691//1691 1692//1692 1693//1693
f 1694//1694 1695//1695 1696//1696
f 1697//1697 1698//1698 1699//1699
f 1700//1700 1701//1701 1702//1702
f 1703//1703 1704//1704 1705//1705
f 1706//1706 1707//1707 1708//1708
f 1709//1709 1710//1710 1711//1711
f 1712//1712 1713//1713 1714//1714
f 1715//1715 1716//1716 1717//1717
f 1718//1718 1719//1719 1720//1720
f 1721//1721 1722//1722 1723//1723
f 1724//1724 1725//1725 1726//1726
f 1727//1727 1728//1728 1729//1729
f 1730//1730 1731//1731 1732//1732
f 1733//1733 1734//1734 1735//1735
f 1736//1736 1737//1737 1738//1738
f 1739//1739 1740//1740 1741//1741
f 1742//1742 1743//1743 1744//1744
f 1745//1745 1746//1746 1747//1747
f 1748//1748 1749//1749 1750//1750
f 1751//1751 1752//1752 1753//1753
f 1754//1754 1755//1755 1756//1756
f 1757//1757 1758//1758 1759//1759
f 1760//1760 1761//1761 1762//1762
f 1763//1763 1764//1764 1765//1765
f 1766//1766 1767//1767 1768//1768
f 1769//1769 1770//1770 1771//1771
f 1772//1772 1773//1773 1774//1774
f 1775//1775 1776//1776 1777//1777
f 1778//1778 1779//1779 1780//1780
f 1781//1781 1782//1782 1783//1783
f 1784//1784 1785//1785 1786//1786
f 1787//1787 1788//1788 1789//1789
f 1790//1790 1791//1791 1792//1792
f 1793//1793 1794//1794 1795//1795
f 1796//1796 1797//1797 1798//1798
f 1799//1799 1800//1800 1801//1801
f 1802//1802 1803//1803 1804//1804
f 1805//1805 1806//1806 1807//1807
f 1808//1808 1809//1809 1810//1810
f 1811//1811 1812//1812 1813//1813
f 1814//1814 1815//1815 1816//1816
f 1817//1817 1818//1818 1819//1819
f 1820//1820 1821//1821 1822//1822
f 1823//1823 1824//1824 1825//1825
f 1826//1826 1827//1827 1828//1828
f 1829//1829 1830//1830 1831//1831
f 1832//1832 1833//1833 1834//1834
f 1835//1835 1836//1836 1837//1837
f 1838//1838 1839//1839 1840//1840
f 1841//1841 1842//1842 1843//1843
f 1844//1844 1845//1845 1846//1846
f 1847//1847 1848//1848 1849//1849
f 1850//1850 1851//1851 1852//1852
f 1853//1853 1854//1854 1855//1855
f 1856//1856 1857//1857 1858//1858
f 1859//1859 1860//1860 1861//1861
f 1862//1862 1863//1863 1864//1864
f 1865//1865 1866//1866 1867//1867
f 1868//1868 1869//1869 1870//1870
f 1871//1871 1872//1872 1873//1873
f 1874//1874 1875//1875 1876//1876
f 1877//1877 1878//1878 1879//1879
f 1880//1880 1881//1881 1882//1882
f 1883//1883 1884//1884 1885//1885
f 1886//1886 1887//1887 1888//1888
f 1889//1889 1890//1890 1891//1891
f 1892//1892 1893//1893 1894//1894
f 1895//1895 1896//1896 1897//1897
f 1898//1898 1899//1899 1900//1900
f 1901//1901 1902//1902 1903//1903
f 1904//1904 1905//1905 1906//1906
f 1907//1907 1908//1908 1909//1909
f 1910//1910 1911//1911 1912//1912
f 1913//1913 1914//1914 1915//1915
f 1916//1916 1917//1917 1918//1918
f 1919//1919 1920//1920 1921//1921
f 1922//1922 1923//1923 1924//1924
f 1925//1925 1926//1926 1927//1927
f 1928//1928 1929//1929 1930//1930
f 1931//1931 1932//1932 1933//1933
f 1934//1934 1935//1935 1936//1936
f 1937//1937 1938//1938 1939//1939
f 1940//1940 1941//1941 1942//1942
f 1943//1943 1944//1944 1945//1945
f 1946//1946 1947//1947 1948//1948
f 1949//1949 1950//1950 1951//1951
f 1952//1952 1953//1953 1954//1954
f 1955//1955 1956//1956 1957//1957
f 1958//1958 1959//1959 1960//1960
f 1961//1961 1962//1962 1963//1963
f 1964//1964 1965//1965 1966//1966
f 1967//1967 1968//1968 1969//1969
f 1970//1970 1971//1971 1972//1972
f 1973//1973 1974//1974 1975//1975
f 1976//1976 1977//1977 1978//1978
f 1979//1979 1980//1980 1981//1981
f 1982//1982 1983//1983 1984//1984
f 1985//1985 1986//1986 1987//1987
f 1988//1988 1989//1989 1990//1990
f 1991//1991 1992//1992 1993//1993
f 1994//1994 1995//1995 1996//1996
f 1997//1997 1998//1998 1999//1999
f 2000//2000 2001//2001 2002//2002
f 2003//2003 2004//2004 2005//2005
f 2006//2006 2007//2007 2008//2008
f 2009//2009 2010//2010 2011//2011
f 2012//2012 2013//2013 2014//2014
f 2015//2015 2016//2016 2017//2017
f 2018//2018 2019//2019 2020//2020
f 2021//2021 2022//2022 2023//2023
f 2024//2024 2025//2025 2026//2026
f 2027//2027 2028//2028 2029//2029
f 2030//2030 2031//2031 2032//2032
f 2033//2033 2034//2034 2035//2035
f 2036//2036 2037//2037 2038//2038
f 2039//2039 2040//2040 2041//2041
f 2042//2042 2043//2043 2044//2044
f 2045//2045 2046//2046 2047//2047
f 2048//2048 2049//2049 2050//2050
f 2051//2051 2052//2052 2053//2053
f 2054//2054 2055//2055 2056//2056
f 2057//2057 2058//2058 2059//2059
f 2060//2060 2061//2061 2062//2062
f 2063//2063 2064//2064 2065//2065
f 2066//2066 2067//2067 2068//2068
f 2069//2069 2070//2070 2071//2071
f 2072//2072 2073//2073 2074//2074
f 2075//2075 2076//2076 2077//2077
f 2078//2078 2079//2079 2080//2080
f 2081//2081 2082//2082 2083//2083
f 2084//2084 2085//2085 2086//2086
f 2087//2087 2088//2088 2089//2089
f 2090//2090 2091//2091 2092//2092
f 2093//2093 2094//2094 2095//2095
f 2096//2096 2097//2097 2098//2098
f 2099//2099 2100//2100 2101//2101
f 2102//2102 2103//2103 2104//2104
f 2105//2105 2106//2106 2107//2107
f 2108//2108 2109//2109 2110//2110
f 2111//2111 2112//2112 2113//2113
f 2114//2114 2115//2115 2116//2116
f 2117//2117 2118//2118 2119//2119
f 2120//2120 2121//2121 2122//2122
f 2123//2123 2124//2124 2125//2125
f 2126//2126 2127//2127 2128//2128
f 2129//2129 2130//2130 2131//2131
f 2132//2132 2133//2133 2134//2134
f 2135//2135 2136//2136 2137//2137
f 2138//2138 2139//2139 2140//2140
f 2141//2141 2142//2142 2143//2143
f 2144//2144 2145//2145 2146//2146
f 2147//2147 2148//2148 2149//2149
f 2150//2150 2151//2151 2152//2152
f 2153//2153 2154//2154 2155//2155
f 2156//2156 2157//2157 2158//2158
f 2159//2159 2160//2160 2161//2161
f 2162//2162 2163//2163 2164//2164
f 2165//2165 2166//2166 2167//2167
f 2168//2168 2169//2169 2170//2170
f 2171//2171 2172//2172 2173//2173
f 2174//2174 2175//2175 2176//2176
f 2177//2177 2178//2178 2179//2179
f 2180//2180 2181//2181 2182//2182
f 2183//2183 2184//2184 2185//2185
f 2186//2186 2187//2187 2188//2188
f 2189//2189 2190//2190 2191//2191
f 2192//2192 2193//2193 2194//2194
f 2195//2195 2196//2196 2197//2197
f 2198//2198 2199//2199 2200//2200
f 2201//2201 2202//2202 2203//2203
f 2204//2204 2205//2205 2206//2206
f 2207//2207 2208//2208 2209//2209
f 2210//2210 2211//2211 2212//2212
f 2213//2213 2214//2214 2215//2215
f 2216//2216 2217//2217 2218//2218
f 2219//2219 2220//2220 2221//2221
f 2222//2222 2223//2223 2224//2224
f 2225//2225 2226//2226 2227//2227
f 2228//2228 2229//2229 2230//2230
f 2231//2231 2232//2232 2233//2233
f 2234//2234 2235//2235 2236//2236
f 2237//2237 2238//2238 2239//2239
f 2240//2240 2241//2241 2242//2242
f 2243//2243 2244//2244 2245//2245
f 2246//2246 2247//2247 2248//2248
f 2249//2249 2250//2250 2251//2251
f 2252//2252 2253//2253 2254//2254
f 2255//2255 2256//2256 2257//2257
f 2258//2258 2259//2259 2260//2260
f 2261//2261 2262//2262 2263//2263
f 2264//2264 2265//2265 2266//2266
f 2267//2267 2268//2268 2269//2269
f 2270//2270 2271//2271 2272//2272
f 2273//2273 2274//2274 2275//2275
f 2276//2276 2277//2277 2278//2278
f 2279//2279 2280//2280 2281//2281
f 2282//2282 2283//2283 2284//2284
f 2285//2285 2286//2286 2287//2287
f 2288//2288 2289//2289 2290//2290
f 2291//2291 2292//2292 2293//2293
f 2294//2294 2295//2295 2296//2296
f 2297//2297 2298//2298 2299//2299
f 2300//2300 2301//2301 2302//2302
f 2303//2303 2304//2304 2305//2305
f 2306//2306 2307//2307 2308//2308
f 2309//2309 2310//2310 2311//2311
f 2312//2312 2313//2313 2314//2314
f 2315//2315 2316//2316 2317//2317
f 2318//2318 2319//2319 2320//2320
f 2321//2321 2322//2322 2323//2323
f 2324//2324 2325//2325 2326//2326
f 2327//2327 2328//2328 2329//2329
f 2330//2330 2331//2331 2332//2332
f 2333//2333 2334//2334 2335//2335
f 2336//2336 2337//2337 2338//2338
f 2339//2339 2340//2340 2341//2341
f 2342//2342 2343//2343 2344//2344
f 2345//2345 2346//2346 2347//2347
f 2348//2348 2349//2349 2350//2350
f 2351//2351 2352//2352 2353//2353
f 2354//2354 2355//2355 2356//2356
f 2357//2357 2358//2358 2359//2359
f 2360//2360 2361//2361 2362//2362
f 2363//2363 2364//2364 2365//2365
f 2366//2366 2367//2367 2368//2368
f 2369//2369 2370//2370 2371//2371
f 2372//2372 2373//2373 2374//2374
f 2375//2375 2376//2376 2377//2377
f 2378//2378 2379//2379 2380//2380
f 2381//2381 2382//2382 2383//2383
f 2384//2384 2385//2385 2386//2386
f 2387//2387 2388//2388 2389//2389
f 2390//2390 2391//2391 2392//2392
f 2393//2393 2394//2394 2395//2395
f 2396//2396 2397//2397 2398//2398
f 2399//2399 2400//2400 2401//2401
f 2402//2402 2403//2403 2404//2404
f 2405//2405 2406//2406 2407//2407
f 2408//2408 2409//2409 2410//2410
f 2411//2411 2412//2412 2413//2413
f 2414//2414 2415//2415 2416//2416
f 2417//2417 2418//2418 2419//2419
f 2420//2420 2421//2421 2422//2422
f 2423//2423 2424//2424 2425//2425
f 2426//2426 2427//2427 2428//2428
f 2429//2429 2430//2430 2431//2431
f 2432//2432 2433//2433 2434//2434
f 2435//2435 2436//2436 2437//2437
f 2438//2438 2439//2439 2440//2440
f 2441//2441 2442//2442 2443//2443
f 2444//2444 2445//2445 2446//2446
f 2447//2447 2448//2448 2449//2449
f 2450//2450 2451//2451 2452//2452
f 2453//2453 2454//2454 2455//2455
f 2456//2456 2457//2457 2458//2458
f 2459//2459 2460//2460 2461//2461
f 2462//2462 2463//2463 2464//2464
f 2465//2465 2466//2466 2467//2467
f 2468//2468 2469//2469 2470//2470
f 2471//2471 2472//2472 2473//2473
f 2474//2474 2475//2475 2476//2476
f 2477//2477 2478//2478 2479//2479
f 2480//2480 2481//2481 2482//2482
f 2483//2483 2484//2484 2485//2485
f 2486//2486 2487//2487 2488//2488
f 2489//2489 2490//2490 2491//2491
f 2492//2492 2493//2493 2494//2494
f 2495//2495 2496//2496 2497//2497
f 2498//2498 2499//2499 2500//2500
f 2501//2501 2502//2502 2503//2503
f 2504//2504 2505//2505 2506//2506
f 2507//2507 2508//2508 2509//2509
f 2510//2510 2511//2511 2512//2512
f 2513//2513 2514//2514 2515//2515
f 2516//2516 2517//2517 2518//2518
f 2519//2519 2520//2520 2521//2521
f 2522//2522 2523//2523 2524//2524
f 2525//2525 2526//2526 2527//2527
f 2528//2528 2529//2529 2530//2530
f 2531//2531 2532//2532 2533//2533
f 2534//2534 2535//2535 2536//2536
f 2537//2537 2538//2538 2539//2539
f 2540//2540 2541//2541 2542//2542
f 2543//2543 2544//2544 2545//2545
f 2546//2546 2547//2547 2548//2548
f 2549//2549 2550//2550 2551//2551
f 2552//2552 2553//2553 2554//2554
f 2555//2555 2556//2556 2557//2557
f 2558//2558 2559//2559 2560//2560
f 2561//2561 2562//2562 2563//2563
f 2564//2564 2565//2565 2566//2566
f 2567//2567 2568//2568 2569//2569
f 2570//2570 2571//2571 2572//2572
f 2573//2573 2574//2574 2575//2575
f 2576//2576 2577//2577 2578//2578
f 2579//2579 2580//2580 2581//2581
f 2582//2582 2583//2583 2584//2584
f 2585//2585 2586//2586 2587//2587
f 2588//2588 2589//2589 2590//2590
f 2591//2591 2592//2592 2593//2593
f 2594//2594 2595//2595 2596//2596
f 2597//2597 2598//2598 2599//2599
f 2600//2600 2601//2601 2602//2602
f 2603//2603 2604//2604 2605//2605
f 2606//2606 2607//2607 2608//2608
f 2609//2609 2610//2610 2611//2611
f 2612//2612 2613//2613 2614//2614
f 2615//2615 2616//2616 2617//2617
f 2618//2618 2619//2619 2620//2620
f 2621//2621 2622//2622 2623//2623
f 2624//2624 2625//2625 2626//2626
f 2627//2627 2628//2628 2629//2629
f 2630//2630 2631//2631 2632//2632
f 2633//2633 2634//2634 2635//2635
f 2636//2636 2637//2637 2638//2638
f 2639//2639 2640//2640 2641//2641
f 2642//2642 2643//2643 2644//2644
f 2645//2645 2646//2646 2647//2647
f 2648//2648 2649//2649 2650//2650
f 2651//2651 2652//2652 2653//2653
f 2654//2654 2655//2655 2656//2656
f 2657//2657 2658//2658 2659//2659
f 2660//2660 2661//2661 2662//2662
f 2663//2663 2664//2664 2665//2665
f 2666//2666 2667//2667 2668//2668
f 2669//2669 2670//2670 2671//2671
f 2672//2672 2673//2673 2674//2674
f 2675//2675 2676//2676 2677//2677
f 2678//2678 2679//2679 2680//2680
f 2681//2681 2682//2682 2683//2683
f 2684//2684 2685//2685 2686//2686
f 2687//2687 2688//2688 2689//2689
f 2690//2690 2691//2691 2687//2687
f 2689//2689 2692//2692 2687//2687
f 2687//2687 2692//2692 2693//2693
f 2687//2687 2693//2693 2690//2690
f 2694//2694 2687//2687 2695//2695
f 2695//2695 2687//2687 2691//2691
f 2696//2696 2697//2697 2698//2698
f 2699//2699 2700//2700 2701//2701
f 2702//2702 2703//2703 2704//2704
f 2705//2705 2706//2706 2707//2707
f 2708//2708 2709//2709 2710//2710
f 2711//2711 2712//2712 2713//2713
f 2714//2714 2715//2715 2716//2716
f 2717//2717 2718//2718 2719//2719
f 2720//2720 2721//2721 2722//2722
f 2723//2723 2724//2724 2725//2725
f 2726//2726 2727//2727 2728//2728
f 2729//2729 2730//2730 2731//2731
f 2732//2732 2733//2733 2734//2734
f 2735//2735 2736//2736 2737//2737
f 2738//2738 2739//2739 2740//2740
f 2741//2741 2742//2742 2743//2743
f 2744//2744 2745//2745 2746//2746
f 2747//2747 2748//2748 2749//2749
f 2750//2750 2751//2751 2752//2752
f 2753//2753 2754//2754 2755//2755
f 2756//2756 2757//2757 2758//2758
f 2759//2759 2760//2760 2761//2761
f 2762//2762 2763//2763 2764//2764
f 2765//2765 2766//2766 2767//2767
f 2768//2768 2769//2769 2770//2770
f 2771//2771 2772//2772 2773//2773
f 2774//2774 2775//2775 2776//2776
f 2777//2777 2778//2778 2779//2779
f 2780//2780 2781//2781 2782//2782
f 2783//2783 2784//2784 2785//2785
f 2786//2786 2787//2787 2788//2788
f 2789//2789 2790//2790 2791//2791
f 2792//2792 2793//2793 2794//2794
f 2795//2795 2796//2796 2797//2797
f 2798//2798 2799//2799 2800//2800
f 2801//2801 2802//2802 2803//2803
f 2804//2804 2805//2805 2806//2806
f 2807//2807 2808//2808 2809//2809
f 2810//2810 2811//2811 2812//2812
f 2813//2813 2814//2814 2815//2815
f 2816//2816 2817//2817 2818//2818
f 2819//2819 2820//2820 2821//2821
f 2822//2822 2823//2823 2824//2824
f 2825//2825 2826//2826 2827//2827
f 2828//2828 2829//2829 2830//2830
f 2831//2831 2832//2832 2833//2833
f 2834//2834 2835//2835 2836//2836
f 2837//2837 2838//2838 2839//2839
f 2840//2840 2841//2841 2842//2842
f 2843//2843 2844//2844 2845//2845
f 2846//2846 2847//2847 2848//2848
f 2849//2849 2850//2850 2851//2851
f 2852//2852 2853//2853 2854//2854
f 2855//2855 2856//2856 2857//2857
f 2858//2858 2859//2859 2860//2860
f 2861//2861 2862//2862 2863//2863
f 2864//2864 2865//2865 2866//2866
f 2867//2867 2868//2868 2869//2869
f 2870//2870 2871//2871 2872//2872
f 2873//2873 2874//2874 2875//2875
f 2876//2876 2877//2877 2878//2878
f 2879//2879 2880//2880 2881//2881
f 2882//2882 2883//2883 2884//2884
f 2885//2885 2886//2886 2887//2887
f 2888//2888 2889//2889 2890//2890
f 2891//2891 2892//2892 2893//2893
f 2894//2894 2895//2895 2896//2896
f 2897//2897 2898//2898 2899//2899
f 2900//2900 2901//2901 2902//2902
f 2903//2903 2904//2904 2905//2905
f 2906//2906 2907//2907 2908//2908
f 2909//2909 2910//2910 2911//2911
f 2912//2912 2913//2913 2914//2914
f 2915//2915 2916//2916 2917//2917
f 2918//2918 2919//2919 2920//2920
f 2921//2921 2922//2922 2923//2923
f 2924//2924 2925//2925 2926//2926
f 2927//2927 2928//2928 2929//2929
f 2930//2930 2931//2931 2932//2932
f 2933//2933 2934//2934 2935//2935
f 2936//2936 2937//2937 2938//2938
f 2939//2939 2940//2940 2941//2941
f 2942//2942 2943//2943 2944//2944
f 2945//2945 2946//2946 2947//2947
f 2948//2948 2949//2949 2950//2950
f 2951//2951 2952//2952 2953//2953
f 2954//2954 2955//2955 2956//2956
f 2957//2957 2958//2958 2959//2959
f 2960//2960 2961//2961 2962//2962
f 2963//2963 2964//2964 2965//2965
f 2966//2966 2967//2967 2968//2968
f 2969//2969 2970//2970 2971//2971
f 2972//2972 2973//2973 2974//2974
f 2975//2975 2976//2976 2977//2977
f 2978//2978 2979//2979 2980//2980
f 2981//2981 2982//2982 2983//2983
f 2984//2984 2985//2985 2986//2986
f 2987//2987 2988//2988 2989//2989
f 2990//2990 2991//2991 2992//2992
f 2993//2993 2994//2994 2995//2995
f 2996//2996 2997//2997 2998//2998
f 2999//2999 3000//3000 3001//3001
f 3002//3002 3003//3003 3004//3004
f 3005//3005 3006//3006 3007//3007
f 3008//3008 3009//3009 3010//3010
f 3011//3011 3012//3012 3013//3013
f 3014//3014 3015//3015 3016//3016
f 3017//3017 3018//3018 3019//3019
f 3020//3020 3021//3021 3022//3022
f 3023//3023 3024//3024 3025//3025
f 3026//3026 3027//3027 3028//3028
f 3029//3029 3030//3030 3031//3031
f 3032//3032 3033//3033 3034//3034
f 3035//3035 3036//3036 3037//3037
f 3038//3038 3039//3039 3040//3040
f 3041//3041 3042//3042 3043//3043
f 3044//3044 3045//3045 3046//3046
f 3047//3047 3048//3048 3049//3049
f 3050//3050 3051//3051 3052//3052
f 3053//3053 3054//3054 3055//3055
f 3056//3056 3057//3057 3058//3058
f 3059//3059 3060//3060 3061//3061
f 3062//3062 3063//3063 3064//3064
f 3065//3065 3066//3066 3067//3067
f 3068//3068 3069//3069 3070//3070
f 3071//3071 3072//3072 3073//3073
f 3074//3074 3075//3075 3076//3076
f 3077//3077 3078//3078 3079//3079
f 3080//3080 3081//3081 3082//3082
f 3083//3083 3084//3084 3085//3085
f 3086//3086 3087//3087 3088//3088
f 3089//3089 3090//3090 3091//3091
f 3092//3092 3093//3093 3094//3094
f 3095//3095 3096//3096 3097//3097
f 3098//3098 3099//3099 3100//3100
f 3101//3101 3102//3102 3103//3103
f 3104//3104 3105//3105 3106//3106
f 3107//3107 3108//3108 3109//3109
f 3110//3110 3111//3111 3112//3112
f 3113//3113 3114//3114 3115//3115
f 3116//3116 3117//3117 3118//3118
f 3119//3119 3120//3120 3121//3121
f 3122//3122 3123//3123 3124//3124
f 3125//3125 3126//3126 3127//3127
f 3128//3128 3129//3129 3130//3130
f 3131//3131 3132//3132 3133//3133
f 3134//3134 3135//3135 3136//3136
f 3137//3137 3138//3138 3139//3139
f 3140//3140 3141//3141 3142//3142
f 3143//3143 3144//3144 3145//3145
f 3146//3146 3147//3147 3148//3148
f 3149//3149 3150//3150 3151//3151
f 3152//3152 3153//3153 3154//3154
f 3155//3155 3156//3156 3157//3157
f 3158//3158 3159//3159 3160//3160
f 3161//3161 3162//3162 3163//3163
f 3164//3164 3165//3165 3166//3166
f 3167//3167 3168//3168 3169//3169
f 3170//3170 3171//3171 3172//3172
f 3173//3173 3174//3174 3175//3175
f 3176//3176 3177//3177 3178//3178
f 3179//3179 3180//3180 3181//3181
f 3182//3182 3183//3183 3184//3184
f 3185//3185 3186//3186 3187//3187
f 3188//3188 3189//3189 3190//3190
f 3191//3191 3192//3192 3193//3193
f 3194//3194 3195//3195 3196//3196
f 3197//3197 3198//3198 3199//3199
f 3200//3200 3201//3201 3202//3202
f 3203//3203 3204//3204 3205//3205
f 3206//3206 3207//3207 3208//3208
f 3209//3209 3210//3210 3211//3211
f 3212//3212 3213//3213 3214//3214
f 3215//3215 3216//3216 3217//3217
f 3218//3218 3219//3219 3220//3220
f 3221//3221 3222//3222 3223//3223
f 3224//3224 3225//3225 3226//3226
f 3227//3227 3228//3228 3229//3229
f 3230//3230 3231//3231 3232//3232
f 3233//3233 3234//3234 3235//3235
f 3236//3236 3237//3237 3238//3238
f 3239//3239 3240//3240 3241//3241
f 3242//3242 3243//3243 3244//3244
f 3245//3245 3246//3246 3247//3247
f 3248//3248 3249//3249 3250//3250
f 3251//3251 3252//3252 3253//3253
f 3254//3254 3255//3255 3256//3256
f 3257//3257 3258//3258 3259//3259
f 3260//3260 3261//3261 3262//3262
f 3263//3263 3264//3264 3265//3265
f 3266//3266 3267//3267 3268//3268
f 3269//3269 3270//3270 3271//3271
f 3272//3272 3273//3273 3274//3274
f 3275//3275 3276//3276 3277//3277
f 3278//3278 3279//3279 3280//3280
f 3281//3281 3282//3282 3283//3283
f 3284//3284 3285//3285 3286//3286
f 3287//3287 3288//3288 3289//3289
f 3290//3290 3291//3291 3292//3292
f 3293//3293 3294//3294 3295//3295
f 3296//3296 3297//3297 3298//3298
f 3299//3299 3300//3300 3301//3301
f 3302//3302 3303//3303 3304//3304
f 3305//3305 3306//3306 3307//3307
f 3308//3308 3309//3309 3310//3310
f 3311//3311 3312//3312 3313//3313
f 3314//3314 3315//3315 3316//3316
f 3317//3317 3318//3318 3319//3319
f 3320//3320 3321//3321 3322//3322
f 3323//3323 3324//3324 3325//3325
f 3326//3326 3327//3327 3328//3328
f 3329//3329 3330//3330 3331//3331
f 3332//3332 3333//3333 3334//3334
f 3335//3335 3336//3336 3337//3337
f 3338//3338 3339//3339 3340//3340
f 3341//3341 3342//3342 3343//3343
f 3344//3344 3345//3345 3346//3346
f 3347//3347 3348//3348 3349//3349
f 3350//3350 3351//3351 3352//3352
f 3353//3353 3354//3354 3355//3355
f 3356//3356 3357//3357 3358//3358
f 3359//3359 3360//3360 3361//3361
f 3362//3362 3363//3363 3364//3364
f 3365//3365 3366//3366 3367//3367
f 3368//3368 3369//3369 3370//3370
f 3371//3371 3372//3372 3373//3373
f 3374//3374 3375//3375 3376//3376
f 3377//3377 3378//3378 3379//3379
f 3380//3380 3381//3381 3382//3382
f 3383//3383 3384//3384 3385//3385
f 3386//3386 3387//3387 3388//3388
f 3389//3389 3390//3390 3391//3391
f 3392//3392 3393//3393 3394//3394
f 3395//3395 3396//3396 3397//3397
f 3398//3398 3399//3399 3400//3400
f 3401//3401 3402//3402 3403//3403
f 3404//3404 3405//3405 3406//3406
f 3407//3407 3408//3408 3409//3409
f 3410//3410 3411//3411 3412//3412
f 3413//3413 3414//3414 3415//3415
f 3416//3416 3417//3417 3418//3418
f 3419//3419 3420//3420 3421//3421
f 3422//3422 3423//3423 3424//3424
f 3425//3425 3426//3426 3427//3427
f 3428//3428 3429//3429 3430//3430
f 3431//3431 3432//3432 3433//3433
f 3434//3434 3435//3435 3436//3436
f 3437//3437 3438//3438 3439//3439
f 3440//3440 3441//3441 3442//3442
f 3443//3443 3444//3444 3445//3445
f 3446//3446 3447//3447 3448//3448
f 3449//3449 3450//3450 3451//3451
f 3452//3452 3453//3453 3454//3454
f 3455//3455 3456//3456 3457//3457
f 3458//3458 3459//3459 3460//3460
f 3461//3461 3462//3462 3463//3463
f 3464//3464 3465//3465 3466//3466
f 3467//3467 3468//3468 3469//3469
f 3470//3470 3471//3471 3472//3472
f 3473//3473 3474//3474 3475//3475
f 3476//3476 3477//3477 3478//3478
f 3479//3479 3480//3480 3481//3481
f 3482//3482 3483//3483 3484//3484
f 3485//3485 3486//3486 3487//3487
f 3488//3488 3489//3489 3490//3490
f 3491//3491 3492//3492 3493//3493
f 3494//3494 3495//3495 3496//3496
f 3497//3497 3498//3498 3499//3499
f 3500//3500 3501//3501 3502//3502
f 3503//3503 3504//3504 3505//3505
f 3506//3506 3507//3507 3508//3508
f 3509//3509 3510//3510 3511//3511
f 3512//3512 3513//3513 3514//3514
f 3515//3515 3516//3516 3517//3517
f 3518//3518 3519//3519 3520//3520
f 3519//3519 3521//3521 3520//3520
f 3520//3520 3521//3521 3522//3522
f 3520//3520 3522//3522 3523//3523
f 3524//3524 3525//3525 3520//3520
f 3526//3526 3527//3527 3528//3528
f 3528//3528 3527//3527 3529//3529
f 3528//3528 3529//3529 3530//3530
f 3531//3531 3532//3532 3533//3533
f 3534//3534 3535//3535 3536//3536
f 3537//3537 3538//3538 3539//3539
f 3540//3540 3541//3541 3542//3542
f 3543//3543 3544//3544 3545//3545
f 3546//3546 3547//3547 3548//3548
f 3549//3549 3550//3550 3551//3551
f 3552//3552 3553//3553 3554//3554
f 3555//3555 3556//3556 3557//3557
f 3558//3558 3559//3559 3560//3560
f 3561//3561 3562//3562 3563//3563
f 3564//3564 3565//3565 3566//3566
f 3567//3567 3568//3568 3569//3569
f 3570//3570 3571//3571 3572//3572
f 3573//3573 3574//3574 3575//3575
f 3576//3576 3577//3577 3578//3578
f 3579//3579 3580//3580 3581//3581
f 3582//3582 3583//3583 3584//3584
f 3585//3585 3586//3586 3587//3587
f 3588//3588 3589//3589 3590//3590
f 3591//3591 3592//3592 3593//3593
f 3594//3594 3595//3595 3596//3596
f 3597//3597 3598//3598 3599//3599
f 3600//3600 3601//3601 3602//3602
f 3603//3603 3604//3604 3605//3605
f 3606//3606 3607//3607 3608//3608
f 3609//3609 3610//3610 3611//3611
f 3612//3612 3613//3613 3614//3614
f 3615//3615 3616//3616 3617//3617
f 3618//3618 3619//3619 3620//3620
f 3621//3621 3622//3622 3623//3623
f 3624//3624 3625//3625 3626//3626
f 3627//3627 3628//3628 3629//3629
f 3630//3630 3631//3631 3632//3632
f 3633//3633 3634//3634 3635//3635
f 3636//3636 3637//3637 3638//3638
f 3639//3639 3640//3640 3641//3641
f 3642//3642 3643//3643 3644//3644
f 3645//3645 3646//3646 3647//3647
f 3648//3648 3649//3649 3650//3650
f 3651//3651 3652//3652 3653//3653
f 3654//3654 3655//3655 3656//3656
f 3657//3657 3658//3658 3659//3659
f 3660//3660 3661//3661 3662//3662
f 3663//3663 3664//3664 3665//3665
f 3666//3666 3667//3667 3668//3668
f 3669//3669 3670//3670 3671//3671
f 3672//3672 3673//3673 3674//3674
f 3675//3675 3676//3676 3677//3677
f 3678//3678 3679//3679 3680//3680
f 3681//3681 3682//3682 3683//3683
f 3684//3684 3685//3685 3686//3686
f 3687//3687 3688//3688 3689//3689
f 3690//3690 3691//3691 3692//3692
f 3693//3693 3694//3694 3695//3695
f 3696//3696 3697//3697 3698//3698
f 3699//3699 3700//3700 3701//3701
f 3702//3702 3703//3703 3704//3704
f 3705//3705 3706//3706 3707//3707
f 3708//3708 3709//3709 3710//3710
f 3711//3711 3712//3712 3713//3713
f 3714//3714 3715//3715 3716//3716
f 3717//3717 3718//3718 3719//3719
f 3720//3720 3721//3721 3722//3722
f 3723//3723 3724//3724 3725//3725
f 3726//3726 3727//3727 3728//3728
f 3729//3729 3730//3730 3731//3731
f 3732//3732 3733//3733 3734//3734
f 3735//3735 3736//3736 3737//3737
f 3738//3738 3739//3739 3740//3740
f 3741//3741 3742//3742 3743//3743
f 3744//3744 3745//3745 3746//3746
f 3747//3747 3748//3748 3749//3749
f 3750//3750 3751//3751 3752//3752
f 3753//3753 3754//3754 3755//3755
f 3756//3756 3757//3757 3758//3758
f 3759//3759 3760//3760 3761//3761
f 3762//3762 3763//3763 3764//3764
f 3765//3765 3766//3766 3767//3767
f 3768//3768 3769//3769 3770//3770
f 3771//3771 3772//3772 3773//3773
f 3774//3774 3775//3775 3776//3776
f 3777//3777 3778//3778 3779//3779
f 3780//3780 3781//3781 3782//3782
f 3783//3783 3784//3784 3785//3785
f 3786//3786 3787//3787 3788//3788
f 3789//3789 3790//3790 3791//3791
f 3792//3792 3793//3793 3794//3794
f 3795//3795 3796//3796 3797//3797
f 3798//3798 3799//3799 3800//3800
f 3801//3801 3802//3802 3803//3803
f 3804//3804 3805//3805 3806//3806
f 3807//3807 3808//3808 3809//3809
f 3810//3810 3811//3811 3812//3812
f 3813//3813 3814//3814 3815//3815
f 3816//3816 3817//3817 3818//3818
f 3818//3818 3817//3817 3819//3819
f 3820//3820 3821//3821 3822//3822
f 3823//3823 3824//3824 3825//3825
f 3826//3826 3827//3827 3828//3828
f 3829//3829 3830//3830 3831//3831
f 3832//3832 3833//3833 3834//3834
f 3835//3835 3836//3836 3837//3837
f 3838//3838 3839//3839 3840//3840
f 3841//3841 3842//3842 3843//3843
f 3844//3844 3845//3845 3846//3846
f 3847//3847 3848//3848 3849//3849
f 3850//3850 3851//3851 3852//3852
f 3853//3853 3854//3854 3855//3855
f 3856//3856 3857//3857 3858//3858
f 3859//3859 3860//3860 3861//3861
f 3862//3862 3863//3863 3864//3864
f 3865//3865 3866//3866 3867//3867
f 3868//3868 3869//3869 3870//3870
f 3871//3871 3872//3872 3873//3873
f 3874//3874 3875//3875 3876//3876
f 3877//3877 3878//3878 3879//3879
f 3879//3879 3878//3878 3880//3880
f 3881//3881 3882//3882 3883//3883
f 3884//3884 3885//3885 3886//3886
f 3887//3887 3888//3888 3889//3889
f 3890//3890 3891//3891 3892//3892
f 3893//3893 3894//3894 3895//3895
f 3896//3896 3897//3897 3898//3898
f 3899//3899 3900//3900 3901//3901
f 3902//3902 3903//3903 3904//3904
f 3905//3905 3906//3906 3907//3907
f 3908//3908 3909//3909 3910//3910
f 3911//3911 3912//3912 3913//3913
f 3914//3914 3915//3915 3916//3916
f 3917//3917 3918//3918 3919//3919
f 3920//3920 3921//3921 3922//3922
f 3923//3923 3924//3924 3925//3925
f 3926//3926 3927//3927 3928//3928
f 3928//3928 3927//3927 3929//3929
f 3930//3930 3931//3931 3932//3932
f 3933//3933 3934//3934 3935//3935
f 3936//3936 3937//3937 3938//3938
f 3939//3939 3940//3940 3941//3941
f 3942//3942 3943//3943 3944//3944
f 3945//3945 3946//3946 3947//3947
f 3948//3948 3949//3949 3950//3950
f 3951//3951 3952//3952 3953//3953
f 3954//3954 3955//3955 3956//3956
f 3957//3957 3958//3958 3959//3959
f 3960//3960 3961//3961 3962//3962
f 3963//3963 3964//3964 3965//3965
f 3966//3966 3967//3967 3968//3968
f 3969//3969 3970//3970 3971//3971
f 3972//3972 3973//3973 3974//3974
f 3975//3975 3976//3976 3977//3977
f 3978//3978 3979//3979 3980//3980
f 3981//3981 3982//3982 3983//3983
f 3984//3984 3985//3985 3986//3986
f 3987//3987 3988//3988 3989//3989
f 3990//3990 3991//3991 3992//3992
f 3993//3993 3994//3994 3995//3995
f 3995//3995 3994//3994 3996//3996
f 3997//3997 3998//3998 3999//3999
f 4000//4000 4001//4001 4002//4002
f 4003//4003 4004//4004 4005//4005
f 4006//4006 4007//4007 4008//4008
f 4009//4009 4010//4010 4011//4011
f 4002//4002 4012//4012 4013//4013
f 4006//4006 4008//4008 4014//4014
f 4007//4007 4006//4006 4015//4015
f 4015//4015 4006//4006 4016//4016
f 4015//4015 4016//4016 4017//4017
f 4009//4009 4011//4011 4018//4018
f 4010//4010 4009//4009 4019//4019
f 4019//4019 4009//4009 4020//4020
f 4019//4019 4020//4020 4021//4021
f 4021//4021 4020//4020 4022//4022
f 4022//4022 4020//4020 4023//4023
f 4022//4022 4023//4023 3999//3999
f 3999//3999 4023//4023 4024//4024
f 3999//3999 4024//4024 3997//3997
f 4011//4011 4025//4025 4018//4018
f 4018//4018 4025//4025 4026//4026
f 4018//4018 4026//4026 4027//4027
f 4028//4028 4029//4029 4030//4030
f 4026//4026 4031//4031 4027//4027
f 4027//4027 4031//4031 4032//4032
f 4027//4027 4032//4032 4033//4033
f 4033//4033 4032//4032 4034//4034
f 4033//4033 4034//4034 4035//4035
f 4035//4035 4034//4034 4036//4036
f 4035//4035 4036//4036 4037//4037
f 4038//4038 4039//4039 4029//4029
f 4040//4040 4041//4041 4005//4005
f 4005//4005 4041//4041 4042//4042
f 4005//4005 4042//4042 4003//4003
f 4043//4043 4028//4028 4044//4044
f 4044//4044 4028//4028 4030//4030
f 4044//4044 4030//4030 4045//4045
f 4030//4030 4046//4046 4045//4045
f 4047//4047 4048//4048 4049//4049
f 4049//4049 4048//4048 4050//4050
f 4049//4049 4050//4050 4051//4051
f 4052//4052 4053//4053 4054//4054
f 4054//4054 4053//4053 4055//4055
f 4056//4056 4055//4055 4057//4057
f 4051//4051 4058//4058 4049//4049
f 4049//4049 4058//4058 4059//4059
f 4060//4060 4059//4059 4061//4061
f 4060//4060 4061//4061 4062//4062
f 4062//4062 4061//4061 4063//4063
f 4017//4017 4016//4016 4064//4064
f 4064//4064 4016//4016 4065//4065
f 4064//4064 4065//4065 4066//4066
f 4066//4066 4065//4065 4067//4067
f 4066//4066 4067//4067 4068//4068
f 4068//4068 4067//4067 4069//4069
f 4070//4070 4000//4000 4002//4002
f 4070//4070 4002//4002 4071//4071
f 4071//4071 4002//4002 4013//4013
f 4037//4037 4072//4072 4035//4035
f 4035//4035 4072//4072 4073//4073
f 4035//4035 4073//4073 4074//4074
f 4075//4075 4028//4028 4076//4076
f 4076//4076 4028//4028 4043//4043
f 4076//4076 4043//4043 4077//4077
f 4078//4078 4079//4079 4014//4014
f 4078//4078 4014//4014 4080//4080
f 4080//4080 4014//4014 4008//4008
f 4045//4045 4081//4081 4044//4044
f 4044//4044 4081//4081 4082//4082
f 4044//4044 4082//4082 4083//4083
f 4084//4084 4085//4085 4029//4029
f 4029//4029 4085//4085 4086//4086
f 4029//4029 4086//4086 4087//4087
f 4088//4088 4089//4089 3997//3997
f 3997//3997 4089//4089 4090//4090
f 3997//3997 4090//4090 4028//4028
f 4053//4053 4063//4063 4005//4005
f 4005//4005 4063//4063 4091//4091
f 4053//4053 4092//4092 4093//4093
f 4053//4053 4093//4093 4063//4063
f 4063//4063 4094//4094 4095//4095
f 4012//4012 4002//4002 4096//4096
f 4096//4096 4002//4002 4097//4097
f 4096//4096 4097//4097 4098//4098
f 4074//4074 4005//4005 4035//4035
f 4035//4035 4005//4005 4091//4091
f 4035//4035 4091//4091 4024//4024
f 4024//4024 4091//4091 4099//4099
f 4024//4024 4099//4099 3997//3997
f 3997//3997 4099//4099 4100//4100
f 3997//3997 4100//4100 4088//4088
f 4083//4083 4101//4101 4044//4044
f 4044//4044 4101//4101 4102//4102
f 4044//4044 4102//4102 4069//4069
f 4069//4069 4102//4102 4103//4103
f 4069//4069 4103//4103 4104//4104
f 4098//4098 4084//4084 4096//4096
f 4096//4096 4084//4084 4029//4029
f 4096//4096 4029//4029 4105//4105
f 4105//4105 4029//4029 4028//4028
f 4105//4105 4028//4028 4106//4106
f 4106//4106 4028//4028 4090//4090
f 4107//4107 4108//4108 4109//4109
f 4088//4088 4109//4109 4110//4110
f 4088//4088 4110//4110 4089//4089
f 4089//4089 4110//4110 4111//4111
f 4112//4112 4113//4113 4114//4114
f 4115//4115 4116//4116 4117//4117
f 4117//4117 4116//4116 4118//4118
f 4119//4119 4120//4120 4121//4121
f 4122//4122 4123//4123 4124//4124
f 4125//4125 4126//4126 4127//4127
f 4128//4128 4129//4129 4130//4130
f 4131//4131 4132//4132 4133//4133
f 4134//4134 4135//4135 4136//4136
f 4137//4137 4138//4138 4139//4139
f 4140//4140 4141//4141 4142//4142
f 4143//4143 4144//4144 4145//4145
f 4146//4146 4147//4147 4148//4148
