# Converted from the official Rethink Robotics Baxter DAE
v 0.07249522 0.02024996 -0.01977086
v 0.07269257 0.0197919 -0.01993
v 0.07537585 0.02024996 -0.02180302
v 0.07278066 0.01920443 -0.01999998
v 0.07537585 -0.02024996 -0.02180302
v 0.07278066 -0.01895439 -0.01999998
v 0.0727753 -0.01910036 -0.01999574
v 0.07262784 -0.01972544 -0.01987814
v 0.07238268 -0.02016252 -0.01967811
v 0.07233363 -0.02024996 -0.01963812
v 0 0 -0.07199996
v 0.007285594 0.000959172 -0.07186818
v 0.007098078 0.001901924 -0.07186818
v 0.007348477 0 -0.07186818
v 0.006363987 0.003674209 -0.07186818
v 0.00582993 0.004473447 -0.07186818
v 0.006789088 0.002812147 -0.07186818
v 0.004473447 0.00582993 -0.07186818
v 0.003674209 0.006363987 -0.07186818
v 0.005196154 0.005196154 -0.07186818
v 0.001901924 0.007098078 -0.07186818
v 0.000959171 0.007285594 -0.07186818
v 0.002812147 0.006789088 -0.07186818
v -0.00095917 0.007285594 -0.07186818
v -0.001901924 0.007098078 -0.07186818
v 0 0.007348477 -0.07186818
v -0.003674209 0.006363987 -0.07186818
v -0.004473447 0.00582993 -0.07186818
v -0.002812147 0.006789088 -0.07186818
v -0.00582993 0.004473447 -0.07186818
v -0.006363987 0.003674209 -0.07186818
v -0.005196154 0.005196154 -0.07186818
v -0.007098078 0.001901924 -0.07186818
v -0.007285594 0.000959172 -0.07186818
v -0.006789088 0.002812147 -0.07186818
v -0.007285594 -0.000959172 -0.07186818
v -0.007098078 -0.001901924 -0.07186818
v -0.007348477 0 -0.07186818
v -0.006363987 -0.003674209 -0.07186818
v -0.00582993 -0.004473447 -0.07186818
v -0.006789088 -0.002812147 -0.07186818
v -0.004473447 -0.00582993 -0.07186818
v -0.003674209 -0.006363987 -0.07186818
v -0.005196154 -0.005196154 -0.07186818
v -0.001901924 -0.007098078 -0.07186818
v -0.00095917 -0.007285594 -0.07186818
v -0.002812147 -0.006789088 -0.07186818
v 0.000959171 -0.007285594 -0.07186818
v 0.001901924 -0.007098078 -0.07186818
v 0 -0.007348477 -0.07186818
v 0.003674209 -0.006363987 -0.07186818
v 0.004473447 -0.00582993 -0.07186818
v 0.002812147 -0.006789088 -0.07186818
v 0.00582993 -0.004473447 -0.07186818
v 0.006363987 -0.003674209 -0.07186818
v 0.005196154 -0.005196154 -0.07186818
v 0.007098078 -0.001901924 -0.07186818
v 0.007285594 -0.000959172 -0.07186818
v 0.006789088 -0.002812147 -0.07186818
v -0.04595667 -0.04315614 -0.03849142
v -0.04451453 -0.04451042 -0.03849142
v -0.04409998 -0.04409998 -0.04167306
v 0.0618332 -0.008140444 -0.04167306
v 0.06248456 -0.008225083 -0.03849142
v 0.06254631 -0.00790143 -0.03849142
v 0.06236678 0 -0.04167306
v 0.06106275 -0.01567822 -0.03849142
v 0.06024169 -0.01614171 -0.04167306
v 0.06085908 -0.01630508 -0.03849142
v 0.05861628 -0.02320778 -0.03849142
v 0.05761939 -0.02386671 -0.04167306
v 0.05819529 -0.0241025 -0.03849142
v 0.05524533 -0.03037136 -0.03849142
v 0.05401122 -0.03118336 -0.04167306
v 0.05453884 -0.03148466 -0.03849142
v 0.05100315 -0.03705596 -0.03849142
v 0.04947888 -0.03796648 -0.04167306
v 0.04995244 -0.03832608 -0.03849142
v 0.04595667 -0.04315614 -0.03849142
v 0.04409998 -0.04409998 -0.04167306
v 0.04451453 -0.04451042 -0.03849142
v 0.04018539 -0.04857575 -0.03849142
v 0.03796648 -0.04947888 -0.04167306
v 0.03831797 -0.04993253 -0.03849142
v 0.03378033 -0.05322927 -0.03849142
v 0.03118336 -0.05401122 -0.04167306
v 0.03146839 -0.05450028 -0.03849142
v 0.02684253 -0.05704337 -0.03849142
v 0.02386671 -0.05761939 -0.04167306
v 0.02408272 -0.05813604 -0.03849142
v 0.01948148 -0.05995786 -0.03849142
v 0.01614171 -0.06024169 -0.04167306
v 0.01628673 -0.06077808 -0.03849142
v 0.01181316 -0.06192672 -0.03849142
v 0.008140444 -0.0618332 -0.04167306
v 0.008213281 -0.0623815 -0.03849142
v 0.003958523 -0.06291902 -0.03849142
v 0 -0.06236678 -0.04167306
v 0 -0.06291902 -0.03849142
v -0.008140444 -0.0618332 -0.04167306
v -0.01614171 -0.06024169 -0.04167306
v -0.01628673 -0.06077808 -0.03849142
v -0.0118131 -0.06192672 -0.03849142
v -0.008213281 -0.0623815 -0.03849142
v -0.003958523 -0.06291902 -0.03849142
v -0.02386671 -0.05761939 -0.04167306
v -0.03118336 -0.05401122 -0.04167306
v -0.03146839 -0.05450028 -0.03849142
v -0.02684253 -0.05704337 -0.03849142
v -0.02408272 -0.05813604 -0.03849142
v -0.01948148 -0.05995786 -0.03849142
v -0.03796648 -0.04947888 -0.04167306
v -0.04018539 -0.04857575 -0.03849142
v -0.03831797 -0.04993253 -0.03849142
v -0.03378033 -0.05322927 -0.03849142
v -0.04995244 -0.03832608 -0.03849142
v -0.04947888 -0.03796648 -0.04167306
v -0.05100315 -0.03705596 -0.03849142
v -0.05401122 -0.03118336 -0.04167306
v -0.05453884 -0.03148466 -0.03849142
v -0.05524533 -0.03037136 -0.03849142
v -0.05761939 -0.02386671 -0.04167306
v -0.05819529 -0.0241025 -0.03849142
v -0.05861628 -0.02320778 -0.03849142
v -0.06024169 -0.01614171 -0.04167306
v -0.06085908 -0.01630508 -0.03849142
v -0.06106275 -0.01567822 -0.03849142
v -0.0618332 -0.008140444 -0.04167306
v -0.06248456 -0.008225083 -0.03849142
v -0.06254631 -0.00790143 -0.03849142
v -0.06236678 0 -0.04167306
v -0.06304341 0 -0.03849142
v -0.06254631 0.00790143 -0.03849142
v -0.0618332 0.008140444 -0.04167306
v -0.06248456 0.008225083 -0.03849142
v -0.06106275 0.01567822 -0.03849142
v -0.06024169 0.01614171 -0.04167306
v -0.06085908 0.01630508 -0.03849142
v -0.05861628 0.02320778 -0.03849142
v -0.05761939 0.02386671 -0.04167306
v -0.05819529 0.0241025 -0.03849142
v -0.05524533 0.03037136 -0.03849142
v -0.05401122 0.03118336 -0.04167306
v -0.05453884 0.03148466 -0.03849142
v -0.05100315 0.03705596 -0.03849142
v -0.04947888 0.03796648 -0.04167306
v -0.04995244 0.03832608 -0.03849142
v -0.04595667 0.04315614 -0.03849142
v -0.04409998 0.04409998 -0.04167306
v -0.04451453 0.04451042 -0.03849142
v -0.04018539 0.04857575 -0.03849142
v -0.03796648 0.04947888 -0.04167306
v -0.03831797 0.04993253 -0.03849142
v -0.03378033 0.05322927 -0.03849142
v -0.03118336 0.05401122 -0.04167306
v -0.03146839 0.05450028 -0.03849142
v -0.02684253 0.05704337 -0.03849142
v -0.02386671 0.05761939 -0.04167306
v -0.02408272 0.05813604 -0.03849142
v -0.01948148 0.05995786 -0.03849142
v -0.01614171 0.06024169 -0.04167306
v -0.01628673 0.06077808 -0.03849142
v -0.0118131 0.06192672 -0.03849142
v -0.008140444 0.0618332 -0.04167306
v -0.008213281 0.0623815 -0.03849142
v -0.003958523 0.06291902 -0.03849142
v 0 0.06236678 -0.04167306
v 0 0.06291902 -0.03849142
v 0.008140444 0.0618332 -0.04167306
v 0.01614171 0.06024169 -0.04167306
v 0.01628673 0.06077808 -0.03849142
v 0.01181316 0.06192672 -0.03849142
v 0.008213281 0.0623815 -0.03849142
v 0.003958523 0.06291902 -0.03849142
v 0.02386671 0.05761939 -0.04167306
v 0.03118336 0.05401122 -0.04167306
v 0.03146839 0.05450028 -0.03849142
v 0.02684253 0.05704337 -0.03849142
v 0.02408272 0.05813604 -0.03849142
v 0.01948148 0.05995786 -0.03849142
v 0.03796648 0.04947888 -0.04167306
v 0.04409998 0.04409998 -0.04167306
v 0.04451453 0.04451042 -0.03849142
v 0.04018539 0.04857575 -0.03849142
v 0.03831797 0.04993253 -0.03849142
v 0.03378033 0.05322927 -0.03849142
v 0.05401122 0.03118336 -0.04167306
v 0.05100315 0.03705596 -0.03849142
v 0.04947888 0.03796648 -0.04167306
v 0.04995244 0.03832608 -0.03849142
v 0.04595667 0.04315614 -0.03849142
v 0.05761939 0.02386671 -0.04167306
v 0.05524533 0.03037136 -0.03849142
v 0.05453884 0.03148466 -0.03849142
v 0.06024169 0.01614171 -0.04167306
v 0.05861628 0.02320778 -0.03849142
v 0.05819529 0.0241025 -0.03849142
v 0.0618332 0.008140444 -0.04167306
v 0.06106275 0.01567822 -0.03849142
v 0.06085908 0.01630508 -0.03849142
v 0.06304341 0 -0.03849142
v 0.06254631 0.00790143 -0.03849142
v 0.06248456 0.008225083 -0.03849142
v 0.06095343 0.008024632 -0.04463356
v 0.05938452 0.01591199 -0.04463356
v 0.05679959 0.02352714 -0.04463356
v 0.05324274 0.03073972 -0.04463356
v 0.04877489 0.03742629 -0.04463356
v 0.04347252 0.04347252 -0.04463356
v 0.03742629 0.04877489 -0.04463356
v 0.03073972 0.05324274 -0.04463356
v 0.02352714 0.05679959 -0.04463356
v 0.01591205 0.05938452 -0.04463356
v 0.008024632 0.06095343 -0.04463356
v 0 0.06147938 -0.04463356
v -0.008024632 0.06095343 -0.04463356
v -0.01591205 0.05938452 -0.04463356
v -0.02352714 0.05679959 -0.04463356
v -0.03073972 0.05324274 -0.04463356
v -0.03742629 0.04877489 -0.04463356
v -0.04347252 0.04347252 -0.04463356
v -0.04877489 0.03742629 -0.04463356
v -0.05324274 0.03073972 -0.04463356
v -0.05679959 0.02352714 -0.04463356
v -0.05938452 0.01591199 -0.04463356
v -0.06095343 0.008024632 -0.04463356
v -0.06147938 0 -0.04463356
v -0.06095343 -0.008024632 -0.04463356
v -0.05938452 -0.01591199 -0.04463356
v -0.05679959 -0.02352714 -0.04463356
v -0.05324274 -0.03073972 -0.04463356
v -0.04877489 -0.03742629 -0.04463356
v -0.04347252 -0.04347252 -0.04463356
v -0.03742629 -0.04877489 -0.04463356
v -0.03073972 -0.05324274 -0.04463356
v -0.02352714 -0.05679959 -0.04463356
v -0.01591205 -0.05938452 -0.04463356
v -0.008024632 -0.06095343 -0.04463356
v 0 -0.06147938 -0.04463356
v 0.008024632 -0.06095343 -0.04463356
v 0.01591205 -0.05938452 -0.04463356
v 0.02352714 -0.05679959 -0.04463356
v 0.03073972 -0.05324274 -0.04463356
v 0.03742629 -0.04877489 -0.04463356
v 0.04347252 -0.04347252 -0.04463356
v 0.04877489 -0.03742629 -0.04463356
v 0.05324274 -0.03073972 -0.04463356
v 0.05679959 -0.02352714 -0.04463356
v 0.05938452 -0.01591199 -0.04463356
v 0.06095343 -0.008024632 -0.04463356
v 0.06147938 0 -0.04463356
v 0.05986458 0.007881283 -0.04741168
v 0.05832374 0.0156278 -0.04741168
v 0.05578494 0.02310687 -0.04741168
v 0.05229163 0.03019058 -0.04741168
v 0.04790359 0.0367577 -0.04741168
v 0.04269593 0.04269593 -0.04741168
v 0.0367577 0.04790359 -0.04741168
v 0.03019058 0.05229163 -0.04741168
v 0.02310687 0.05578494 -0.04741168
v 0.0156278 0.05832374 -0.04741168
v 0.007881283 0.05986458 -0.04741168
v 0 0.06038117 -0.04741168
v -0.007881283 0.05986458 -0.04741168
v -0.0156278 0.05832374 -0.04741168
v -0.02310687 0.05578494 -0.04741168
v -0.03019058 0.05229163 -0.04741168
v -0.0367577 0.04790359 -0.04741168
v -0.04269593 0.04269593 -0.04741168
v -0.04790359 0.0367577 -0.04741168
v -0.05229163 0.03019058 -0.04741168
v -0.05578494 0.02310687 -0.04741168
v -0.05832374 0.0156278 -0.04741168
v -0.05986458 0.007881283 -0.04741168
v -0.06038117 0 -0.04741168
v -0.05986458 -0.007881283 -0.04741168
v -0.05832374 -0.0156278 -0.04741168
v -0.05578494 -0.02310687 -0.04741168
v -0.05229163 -0.03019058 -0.04741168
v -0.04790359 -0.0367577 -0.04741168
v -0.04269593 -0.04269593 -0.04741168
v -0.0367577 -0.04790359 -0.04741168
v -0.03019058 -0.05229163 -0.04741168
v -0.02310687 -0.05578494 -0.04741168
v -0.0156278 -0.05832374 -0.04741168
v -0.007881283 -0.05986458 -0.04741168
v 0 -0.06038117 -0.04741168
v 0.007881283 -0.05986458 -0.04741168
v 0.0156278 -0.05832374 -0.04741168
v 0.02310687 -0.05578494 -0.04741168
v 0.03019058 -0.05229163 -0.04741168
v 0.0367577 -0.04790359 -0.04741168
v 0.04269593 -0.04269593 -0.04741168
v 0.04790359 -0.0367577 -0.04741168
v 0.05229163 -0.03019058 -0.04741168
v 0.05578494 -0.02310687 -0.04741168
v 0.05832374 -0.0156278 -0.04741168
v 0.05986458 -0.007881283 -0.04741168
v 0.06038117 0 -0.04741168
v 0.05856633 0.007710397 -0.05002301
v 0.05705887 0.01528888 -0.05002301
v 0.05457514 0.02260577 -0.05002301
v 0.05115759 0.02953583 -0.05002301
v 0.04686474 0.03596055 -0.05002301
v 0.04176998 0.04176998 -0.05002301
v 0.03596055 0.04686474 -0.05002301
v 0.02953583 0.05115759 -0.05002301
v 0.02260577 0.05457514 -0.05002301
v 0.01528888 0.05705887 -0.05002301
v 0.007710397 0.05856633 -0.05002301
v 0 0.05907171 -0.05002301
v -0.007710397 0.05856633 -0.05002301
v -0.01528888 0.05705887 -0.05002301
v -0.02260577 0.05457514 -0.05002301
v -0.02953583 0.05115759 -0.05002301
v -0.03596055 0.04686474 -0.05002301
v -0.04176998 0.04176998 -0.05002301
v -0.04686474 0.03596055 -0.05002301
v -0.05115759 0.02953583 -0.05002301
v -0.05457514 0.02260577 -0.05002301
v -0.05705887 0.01528888 -0.05002301
v -0.05856633 0.007710397 -0.05002301
v -0.05907171 0 -0.05002301
v -0.05856633 -0.007710397 -0.05002301
v -0.05705887 -0.01528888 -0.05002301
v -0.05457514 -0.02260577 -0.05002301
v -0.05115759 -0.02953583 -0.05002301
v -0.04686474 -0.03596055 -0.05002301
v -0.04176998 -0.04176998 -0.05002301
v -0.03596055 -0.04686474 -0.05002301
v -0.02953583 -0.05115759 -0.05002301
v -0.02260577 -0.05457514 -0.05002301
v -0.01528888 -0.05705887 -0.05002301
v -0.007710397 -0.05856633 -0.05002301
v 0 -0.05907171 -0.05002301
v 0.007710397 -0.05856633 -0.05002301
v 0.01528888 -0.05705887 -0.05002301
v 0.02260577 -0.05457514 -0.05002301
v 0.02953583 -0.05115759 -0.05002301
v 0.03596055 -0.04686474 -0.05002301
v 0.04176998 -0.04176998 -0.05002301
v 0.04686474 -0.03596055 -0.05002301
v 0.05115759 -0.02953583 -0.05002301
v 0.05457514 -0.02260577 -0.05002301
v 0.05705887 -0.01528888 -0.05002301
v 0.05856633 -0.007710397 -0.05002301
v 0.05907171 0 -0.05002301
v 0.05705404 0.007511258 -0.05248183
v 0.0555855 0.01489406 -0.05248183
v 0.05316591 0.022022 -0.05248183
v 0.04983657 0.02877318 -0.05248183
v 0.04565459 0.03503197 -0.05248183
v 0.04069143 0.04069143 -0.05248183
v 0.03503197 0.04565459 -0.05248183
v 0.02877318 0.04983657 -0.05248183
v 0.022022 0.05316591 -0.05248183
v 0.01489406 0.0555855 -0.05248183
v 0.007511258 0.05705404 -0.05248183
v 0 0.05754637 -0.05248183
v -0.007511258 0.05705404 -0.05248183
v -0.01489406 0.0555855 -0.05248183
v -0.022022 0.05316591 -0.05248183
v -0.02877318 0.04983657 -0.05248183
v -0.03503197 0.04565459 -0.05248183
v -0.04069143 0.04069143 -0.05248183
v -0.04565459 0.03503197 -0.05248183
v -0.04983657 0.02877318 -0.05248183
v -0.05316591 0.022022 -0.05248183
v -0.0555855 0.01489406 -0.05248183
v -0.05705404 0.007511258 -0.05248183
v -0.05754637 0 -0.05248183
v -0.05705404 -0.007511258 -0.05248183
v -0.0555855 -0.01489406 -0.05248183
v -0.05316591 -0.022022 -0.05248183
v -0.04983657 -0.02877318 -0.05248183
v -0.04565459 -0.03503197 -0.05248183
v -0.04069143 -0.04069143 -0.05248183
v -0.03503197 -0.04565459 -0.05248183
v -0.02877318 -0.04983657 -0.05248183
v -0.022022 -0.05316591 -0.05248183
v -0.01489406 -0.0555855 -0.05248183
v -0.007511258 -0.05705404 -0.05248183
v 0 -0.05754637 -0.05248183
v 0.007511258 -0.05705404 -0.05248183
v 0.01489406 -0.0555855 -0.05248183
v 0.022022 -0.05316591 -0.05248183
v 0.02877318 -0.04983657 -0.05248183
v 0.03503197 -0.04565459 -0.05248183
v 0.04069143 -0.04069143 -0.05248183
v 0.04565459 -0.03503197 -0.05248183
v 0.04983657 -0.02877318 -0.05248183
v 0.05316591 -0.022022 -0.05248183
v 0.0555855 -0.01489406 -0.05248183
v 0.05705404 -0.007511258 -0.05248183
v 0.05754637 0 -0.05248183
v 0.05531847 0.007282793 -0.05480033
v 0.05389463 0.01444101 -0.05480033
v 0.0515486 0.02135211 -0.05480033
v 0.04832059 0.02789789 -0.05480033
v 0.0442658 0.03396636 -0.05480033
v 0.03945362 0.03945362 -0.05480033
v 0.03396636 0.0442658 -0.05480033
v 0.02789789 0.04832059 -0.05480033
v 0.02135211 0.0515486 -0.05480033
v 0.01444101 0.05389463 -0.05480033
v 0.007282793 0.05531847 -0.05480033
v 0 0.05579584 -0.05480033
v -0.007282793 0.05531847 -0.05480033
v -0.01444101 0.05389463 -0.05480033
v -0.02135211 0.0515486 -0.05480033
v -0.02789789 0.04832059 -0.05480033
v -0.03396636 0.0442658 -0.05480033
v -0.03945362 0.03945362 -0.05480033
v -0.0442658 0.03396636 -0.05480033
v -0.04832059 0.02789789 -0.05480033
v -0.0515486 0.02135211 -0.05480033
v -0.05389463 0.01444101 -0.05480033
v -0.05531847 0.007282793 -0.05480033
v -0.05579584 0 -0.05480033
v -0.05531847 -0.007282793 -0.05480033
v -0.05389463 -0.01444101 -0.05480033
v -0.0515486 -0.02135211 -0.05480033
v -0.04832059 -0.02789789 -0.05480033
v -0.0442658 -0.03396636 -0.05480033
v -0.03945362 -0.03945362 -0.05480033
v -0.03396636 -0.0442658 -0.05480033
v -0.02789789 -0.04832059 -0.05480033
v -0.02135211 -0.0515486 -0.05480033
v -0.01444101 -0.05389463 -0.05480033
v -0.007282793 -0.05531847 -0.05480033
v 0 -0.05579584 -0.05480033
v 0.007282793 -0.05531847 -0.05480033
v 0.01444101 -0.05389463 -0.05480033
v 0.02135211 -0.0515486 -0.05480033
v 0.02789789 -0.04832059 -0.05480033
v 0.03396636 -0.0442658 -0.05480033
v 0.03945362 -0.03945362 -0.05480033
v 0.0442658 -0.03396636 -0.05480033
v 0.04832059 -0.02789789 -0.05480033
v 0.0515486 -0.02135211 -0.05480033
v 0.05389463 -0.01444101 -0.05480033
v 0.05531847 -0.007282793 -0.05480033
v 0.05579584 0 -0.05480033
v 0.05334609 0.007023096 -0.05698829
v 0.05197298 0.01392608 -0.05698829
v 0.04971063 0.02059078 -0.05698829
v 0.04659771 0.02690321 -0.05698829
v 0.04268747 0.03275525 -0.05698829
v 0.03804683 0.03804683 -0.05698829
v 0.03275525 0.04268747 -0.05698829
v 0.02690321 0.04659771 -0.05698829
v 0.02059078 0.04971063 -0.05698829
v 0.01392608 0.05197298 -0.05698829
v 0.007023096 0.05334609 -0.05698829
v 0 0.05380642 -0.05698829
v -0.007023096 0.05334609 -0.05698829
v -0.01392608 0.05197298 -0.05698829
v -0.02059078 0.04971063 -0.05698829
v -0.02690321 0.04659771 -0.05698829
v -0.03275525 0.04268747 -0.05698829
v -0.03804683 0.03804683 -0.05698829
v -0.04268747 0.03275525 -0.05698829
v -0.04659771 0.02690321 -0.05698829
v -0.04971063 0.02059078 -0.05698829
v -0.05197298 0.01392608 -0.05698829
v -0.05334609 0.007023096 -0.05698829
v -0.05380642 0 -0.05698829
v -0.05334609 -0.007023096 -0.05698829
v -0.05197298 -0.01392608 -0.05698829
v -0.04971063 -0.02059078 -0.05698829
v -0.04659771 -0.02690321 -0.05698829
v -0.04268747 -0.03275525 -0.05698829
v -0.03804683 -0.03804683 -0.05698829
v -0.03275525 -0.04268747 -0.05698829
v -0.02690321 -0.04659771 -0.05698829
v -0.02059078 -0.04971063 -0.05698829
v -0.01392608 -0.05197298 -0.05698829
v -0.007023096 -0.05334609 -0.05698829
v 0 -0.05380642 -0.05698829
v 0.007023096 -0.05334609 -0.05698829
v 0.01392608 -0.05197298 -0.05698829
v 0.02059078 -0.04971063 -0.05698829
v 0.02690321 -0.04659771 -0.05698829
v 0.03275525 -0.04268747 -0.05698829
v 0.03804683 -0.03804683 -0.05698829
v 0.04268747 -0.03275525 -0.05698829
v 0.04659771 -0.02690321 -0.05698829
v 0.04971063 -0.02059078 -0.05698829
v 0.05197298 -0.01392608 -0.05698829
v 0.05334609 -0.007023096 -0.05698829
v 0.05380642 0 -0.05698829
v 0.05111885 0.0067299 -0.05905228
v 0.04980307 0.0133447 -0.05905228
v 0.04763519 0.0197311 -0.05905228
v 0.04465222 0.02577996 -0.05905228
v 0.04090523 0.03138768 -0.05905228
v 0.03645837 0.03645837 -0.05905228
v 0.03138768 0.04090523 -0.05905228
v 0.02577996 0.04465222 -0.05905228
v 0.0197311 0.04763519 -0.05905228
v 0.0133447 0.04980307 -0.05905228
v 0.0067299 0.05111885 -0.05905228
v 0 0.05155992 -0.05905228
v -0.0067299 0.05111885 -0.05905228
v -0.01334464 0.04980307 -0.05905228
v -0.0197311 0.04763519 -0.05905228
v -0.02577996 0.04465222 -0.05905228
v -0.03138768 0.04090523 -0.05905228
v -0.03645837 0.03645837 -0.05905228
v -0.04090523 0.03138768 -0.05905228
v -0.04465222 0.02577996 -0.05905228
v -0.04763519 0.0197311 -0.05905228
v -0.04980307 0.0133447 -0.05905228
v -0.05111885 0.0067299 -0.05905228
v -0.05155992 0 -0.05905228
v -0.05111885 -0.0067299 -0.05905228
v -0.04980307 -0.0133447 -0.05905228
v -0.04763519 -0.0197311 -0.05905228
v -0.04465222 -0.02577996 -0.05905228
v -0.04090523 -0.03138768 -0.05905228
v -0.03645837 -0.03645837 -0.05905228
v -0.03138768 -0.04090523 -0.05905228
v -0.02577996 -0.04465222 -0.05905228
v -0.0197311 -0.04763519 -0.05905228
v -0.01334464 -0.04980307 -0.05905228
v -0.0067299 -0.05111885 -0.05905228
v 0 -0.05155992 -0.05905228
v 0.0067299 -0.05111885 -0.05905228
v 0.0133447 -0.04980307 -0.05905228
v 0.0197311 -0.04763519 -0.05905228
v 0.02577996 -0.04465222 -0.05905228
v 0.03138768 -0.04090523 -0.05905228
v 0.03645837 -0.03645837 -0.05905228
v 0.04090523 -0.03138768 -0.05905228
v 0.04465222 -0.02577996 -0.05905228
v 0.04763519 -0.0197311 -0.05905228
v 0.04980307 -0.0133447 -0.05905228
v 0.05111885 -0.0067299 -0.05905228
v 0.05155992 0 -0.05905228
v 0.04861485 0.006400227 -0.06099551
v 0.04736351 0.01269102 -0.06099551
v 0.04530179 0.01876461 -0.06099551
v 0.04246497 0.02451717 -0.06099551
v 0.03890156 0.02985018 -0.06099551
v 0.03467249 0.03467249 -0.06099551
v 0.02985018 0.03890156 -0.06099551
v 0.02451717 0.04246497 -0.06099551
v 0.01876461 0.04530179 -0.06099551
v 0.01269102 0.04736351 -0.06099551
v 0.006400227 0.04861479 -0.06099551
v 0 0.04903429 -0.06099551
v -0.006400227 0.04861479 -0.06099551
v -0.01269102 0.04736351 -0.06099551
v -0.01876461 0.04530179 -0.06099551
v -0.02451717 0.04246497 -0.06099551
v -0.02985018 0.03890156 -0.06099551
v -0.03467249 0.03467249 -0.06099551
v -0.03890156 0.02985018 -0.06099551
v -0.04246497 0.02451717 -0.06099551
v -0.04530179 0.01876461 -0.06099551
v -0.04736351 0.01269102 -0.06099551
v -0.04861479 0.006400227 -0.06099551
v -0.04903429 0 -0.06099551
v -0.04861479 -0.006400227 -0.06099551
v -0.04736351 -0.01269102 -0.06099551
v -0.04530179 -0.01876461 -0.06099551
v -0.04246497 -0.02451717 -0.06099551
v -0.03890156 -0.02985018 -0.06099551
v -0.03467249 -0.03467249 -0.06099551
v -0.02985018 -0.03890156 -0.06099551
v -0.02451717 -0.04246497 -0.06099551
v -0.01876461 -0.04530179 -0.06099551
v -0.01269102 -0.04736351 -0.06099551
v -0.006400227 -0.04861479 -0.06099551
v 0 -0.04903429 -0.06099551
v 0.006400227 -0.04861479 -0.06099551
v 0.01269102 -0.04736351 -0.06099551
v 0.01876461 -0.04530179 -0.06099551
v 0.02451717 -0.04246497 -0.06099551
v 0.02985018 -0.03890156 -0.06099551
v 0.03467249 -0.03467249 -0.06099551
v 0.03890156 -0.02985018 -0.06099551
v 0.04246497 -0.02451717 -0.06099551
v 0.04530179 -0.01876461 -0.06099551
v 0.04736351 -0.01269102 -0.06099551
v 0.04861485 -0.006400227 -0.06099551
v 0.04903429 0 -0.06099551
v 0.04580837 0.006030738 -0.06281745
v 0.04462927 0.01195836 -0.06281745
v 0.04268658 0.01768136 -0.06281745
v 0.04001349 0.0231018 -0.06281745
v 0.03665578 0.02812695 -0.06281745
v 0.03267091 0.03267091 -0.06281745
v 0.02812695 0.03665578 -0.06281745
v 0.0231018 0.04001349 -0.06281745
v 0.01768136 0.04268658 -0.06281745
v 0.01195836 0.04462927 -0.06281745
v 0.006030738 0.04580831 -0.06281745
v 0 0.04620361 -0.06281745
v -0.006030738 0.04580831 -0.06281745
v -0.01195836 0.04462927 -0.06281745
v -0.01768136 0.04268658 -0.06281745
v -0.0231018 0.04001349 -0.06281745
v -0.02812695 0.03665578 -0.06281745
v -0.03267091 0.03267091 -0.06281745
v -0.03665578 0.02812695 -0.06281745
v -0.04001349 0.0231018 -0.06281745
v -0.04268658 0.01768136 -0.06281745
v -0.04462927 0.01195836 -0.06281745
v -0.04580831 0.006030738 -0.06281745
v -0.04620361 0 -0.06281745
v -0.04580831 -0.006030738 -0.06281745
v -0.04462927 -0.01195836 -0.06281745
v -0.04268658 -0.01768136 -0.06281745
v -0.04001349 -0.0231018 -0.06281745
v -0.03665578 -0.02812695 -0.06281745
v -0.03267091 -0.03267091 -0.06281745
v -0.02812695 -0.03665578 -0.06281745
v -0.0231018 -0.04001349 -0.06281745
v -0.01768136 -0.04268658 -0.06281745
v -0.01195836 -0.04462927 -0.06281745
v -0.006030738 -0.04580831 -0.06281745
v 0 -0.04620361 -0.06281745
v 0.006030738 -0.04580831 -0.06281745
v 0.01195836 -0.04462927 -0.06281745
v 0.01768136 -0.04268658 -0.06281745
v 0.0231018 -0.04001349 -0.06281745
v 0.02812695 -0.03665578 -0.06281745
v 0.03267091 -0.03267091 -0.06281745
v 0.03665578 -0.02812695 -0.06281745
v 0.04001349 -0.0231018 -0.06281745
v 0.04268658 -0.01768136 -0.06281745
v 0.04462927 -0.01195836 -0.06281745
v 0.04580837 -0.006030738 -0.06281745
v 0.04620361 0 -0.06281745
v 0.04267024 0.005617618 -0.06451404
v 0.04157197 0.01113915 -0.06451404
v 0.03976231 0.01647007 -0.06451404
v 0.03727239 0.02151918 -0.06451404
v 0.03414469 0.02620011 -0.06451404
v 0.03043276 0.03043276 -0.06451404
v 0.02620011 0.03414469 -0.06451404
v 0.02151918 0.03727239 -0.06451404
v 0.01647007 0.03976231 -0.06451404
v 0.01113915 0.04157191 -0.06451404
v 0.005617618 0.04267024 -0.06451404
v 0 0.04303842 -0.06451404
v -0.005617618 0.04267024 -0.06451404
v -0.01113915 0.04157191 -0.06451404
v -0.01647007 0.03976231 -0.06451404
v -0.02151918 0.03727239 -0.06451404
v -0.02620011 0.03414469 -0.06451404
v -0.03043276 0.03043276 -0.06451404
v -0.03414469 0.02620011 -0.06451404
v -0.03727239 0.02151918 -0.06451404
v -0.03976231 0.01647007 -0.06451404
v -0.04157191 0.01113915 -0.06451404
v -0.04267024 0.005617618 -0.06451404
v -0.04303842 0 -0.06451404
v -0.04267024 -0.005617618 -0.06451404
v -0.04157191 -0.01113915 -0.06451404
v -0.03976231 -0.01647007 -0.06451404
v -0.03727239 -0.02151918 -0.06451404
v -0.03414469 -0.02620011 -0.06451404
v -0.03043276 -0.03043276 -0.06451404
v -0.02620011 -0.03414469 -0.06451404
v -0.02151918 -0.03727239 -0.06451404
v -0.01647007 -0.03976231 -0.06451404
v -0.01113915 -0.04157191 -0.06451404
v -0.005617618 -0.04267024 -0.06451404
v 0 -0.04303842 -0.06451404
v 0.005617618 -0.04267024 -0.06451404
v 0.01113915 -0.04157191 -0.06451404
v 0.01647007 -0.03976231 -0.06451404
v 0.02151918 -0.03727239 -0.06451404
v 0.02620011 -0.03414469 -0.06451404
v 0.03043276 -0.03043276 -0.06451404
v 0.03414469 -0.02620011 -0.06451404
v 0.03727239 -0.02151918 -0.06451404
v 0.03976231 -0.01647007 -0.06451404
v 0.04157197 -0.01113915 -0.06451404
v 0.04267024 -0.005617618 -0.06451404
v 0.04303842 0 -0.06451404
v 0.0391786 0.005157947 -0.06607317
v 0.03817015 0.01022762 -0.06607317
v 0.03650861 0.01512235 -0.06607317
v 0.03422242 0.01975834 -0.06607317
v 0.03135067 0.02405619 -0.06607317
v 0.02794247 0.02794247 -0.06607317
v 0.02405619 0.03135067 -0.06607317
v 0.01975834 0.03422242 -0.06607317
v 0.01512235 0.03650861 -0.06607317
v 0.01022768 0.03817015 -0.06607317
v 0.005157947 0.0391786 -0.06607317
v 0 0.03951668 -0.06607317
v -0.005157947 0.0391786 -0.06607317
v -0.01022762 0.03817015 -0.06607317
v -0.01512235 0.03650861 -0.06607317
v -0.01975834 0.03422242 -0.06607317
v -0.02405619 0.03135067 -0.06607317
v -0.02794247 0.02794247 -0.06607317
v -0.03135067 0.02405619 -0.06607317
v -0.03422242 0.01975834 -0.06607317
v -0.03650861 0.01512235 -0.06607317
v -0.03817015 0.01022762 -0.06607317
v -0.0391786 0.005157947 -0.06607317
v -0.03951668 0 -0.06607317
v -0.0391786 -0.005157947 -0.06607317
v -0.03817015 -0.01022762 -0.06607317
v -0.03650861 -0.01512235 -0.06607317
v -0.03422242 -0.01975834 -0.06607317
v -0.03135067 -0.02405619 -0.06607317
v -0.02794247 -0.02794247 -0.06607317
v -0.02405619 -0.03135067 -0.06607317
v -0.01975834 -0.03422242 -0.06607317
v -0.01512235 -0.03650861 -0.06607317
v -0.01022762 -0.03817015 -0.06607317
v -0.005157947 -0.0391786 -0.06607317
v 0 -0.03951668 -0.06607317
v 0.005157947 -0.0391786 -0.06607317
v 0.01022768 -0.03817015 -0.06607317
v 0.01512235 -0.03650861 -0.06607317
v 0.01975834 -0.03422242 -0.06607317
v 0.02405619 -0.03135067 -0.06607317
v 0.02794247 -0.02794247 -0.06607317
v 0.03135067 -0.02405619 -0.06607317
v 0.03422242 -0.01975834 -0.06607317
v 0.03650861 -0.01512235 -0.06607317
v 0.03817015 -0.01022762 -0.06607317
v 0.0391786 -0.005157947 -0.06607317
v 0.03951668 0 -0.06607317
v 0.0357241 0.004703164 -0.0673452
v 0.03480458 0.009325861 -0.0673452
v 0.03328955 0.01378899 -0.0673452
v 0.03120493 0.01801615 -0.0673452
v 0.02858638 0.0219351 -0.0673452
v 0.02547872 0.02547872 -0.0673452
v 0.0219351 0.02858638 -0.0673452
v 0.01801615 0.03120493 -0.0673452
v 0.01378899 0.03328955 -0.0673452
v 0.009325861 0.03480458 -0.0673452
v 0.004703164 0.0357241 -0.0673452
v 0 0.03603237 -0.0673452
v -0.004703164 0.0357241 -0.0673452
v -0.009325861 0.03480458 -0.0673452
v -0.01378899 0.03328955 -0.0673452
v -0.01801615 0.03120493 -0.0673452
v -0.0219351 0.02858638 -0.0673452
v -0.02547872 0.02547872 -0.0673452
v -0.02858638 0.0219351 -0.0673452
v -0.03120493 0.01801615 -0.0673452
v -0.03328955 0.01378899 -0.0673452
v -0.03480458 0.009325861 -0.0673452
v -0.0357241 0.004703164 -0.0673452
v -0.03603237 0 -0.0673452
v -0.0357241 -0.004703164 -0.0673452
v -0.03480458 -0.009325861 -0.0673452
v -0.03328955 -0.01378899 -0.0673452
v -0.03120493 -0.01801615 -0.0673452
v -0.02858638 -0.0219351 -0.0673452
v -0.02547872 -0.02547872 -0.0673452
v -0.0219351 -0.02858638 -0.0673452
v -0.01801615 -0.03120493 -0.0673452
v -0.01378899 -0.03328955 -0.0673452
v -0.009325861 -0.03480458 -0.0673452
v -0.004703164 -0.0357241 -0.0673452
v 0 -0.03603237 -0.0673452
v 0.004703164 -0.0357241 -0.0673452
v 0.009325861 -0.03480458 -0.0673452
v 0.01378899 -0.03328955 -0.0673452
v 0.01801615 -0.03120493 -0.0673452
v 0.0219351 -0.02858638 -0.0673452
v 0.02547872 -0.02547872 -0.0673452
v 0.02858638 -0.0219351 -0.0673452
v 0.03120493 -0.01801615 -0.0673452
v 0.03328955 -0.01378899 -0.0673452
v 0.03480458 -0.009325861 -0.0673452
v 0.0357241 -0.004703164 -0.0673452
v 0.03603237 0 -0.0673452
v 0.03194791 0.004206001 -0.06848639
v 0.0311256 0.00834006 -0.06848639
v 0.02977073 0.01233142 -0.06848639
v 0.02790641 0.01611179 -0.06848639
v 0.02556467 0.01961648 -0.06848639
v 0.02278548 0.02278548 -0.06848639
v 0.01961648 0.02556467 -0.06848639
v 0.01611179 0.02790641 -0.06848639
v 0.01233142 0.02977073 -0.06848639
v 0.00834006 0.0311256 -0.06848639
v 0.004206001 0.03194791 -0.06848639
v 0 0.03222358 -0.06848639
v -0.004206001 0.03194791 -0.06848639
v -0.00834006 0.0311256 -0.06848639
v -0.01233142 0.02977073 -0.06848639
v -0.01611179 0.02790641 -0.06848639
v -0.01961648 0.02556467 -0.06848639
v -0.02278548 0.02278548 -0.06848639
v -0.02556467 0.01961648 -0.06848639
v -0.02790641 0.01611179 -0.06848639
v -0.02977073 0.01233142 -0.06848639
v -0.0311256 0.00834006 -0.06848639
v -0.03194791 0.004206001 -0.06848639
v -0.03222358 0 -0.06848639
v -0.03194791 -0.004206001 -0.06848639
v -0.0311256 -0.00834006 -0.06848639
v -0.02977073 -0.01233142 -0.06848639
v -0.02790641 -0.01611179 -0.06848639
v -0.02556467 -0.01961648 -0.06848639
v -0.02278548 -0.02278548 -0.06848639
v -0.01961648 -0.02556467 -0.06848639
v -0.01611179 -0.02790641 -0.06848639
v -0.01233142 -0.02977073 -0.06848639
v -0.00834006 -0.0311256 -0.06848639
v -0.004206001 -0.03194791 -0.06848639
v 0 -0.03222358 -0.06848639
v 0.004206001 -0.03194791 -0.06848639
v 0.00834006 -0.0311256 -0.06848639
v 0.01233142 -0.02977073 -0.06848639
v 0.01611179 -0.02790641 -0.06848639
v 0.01961648 -0.02556467 -0.06848639
v 0.02278548 -0.02278548 -0.06848639
v 0.02556467 -0.01961648 -0.06848639
v 0.02790641 -0.01611179 -0.06848639
v 0.02977073 -0.01233142 -0.06848639
v 0.0311256 -0.00834006 -0.06848639
v 0.03194791 -0.004206001 -0.06848639
v 0.03222358 0 -0.06848639
v 0.0278266 0.00366342 -0.06948739
v 0.02711033 0.007264196 -0.06948739
v 0.02593022 0.01074063 -0.06948739
v 0.02430647 0.01403331 -0.06948739
v 0.0222668 0.0170859 -0.06948739
v 0.01984614 0.01984614 -0.06948739
v 0.0170859 0.0222668 -0.06948739
v 0.01403331 0.02430647 -0.06948739
v 0.01074063 0.02593022 -0.06948739
v 0.007264196 0.02711033 -0.06948739
v 0.00366342 0.02782654 -0.06948739
v 0 0.02806669 -0.06948739
v -0.00366342 0.02782654 -0.06948739
v -0.007264196 0.02711033 -0.06948739
v -0.01074063 0.02593022 -0.06948739
v -0.01403331 0.02430647 -0.06948739
v -0.0170859 0.0222668 -0.06948739
v -0.01984614 0.01984614 -0.06948739
v -0.0222668 0.0170859 -0.06948739
v -0.02430647 0.01403331 -0.06948739
v -0.02593022 0.01074063 -0.06948739
v -0.02711033 0.007264196 -0.06948739
v -0.02782654 0.00366342 -0.06948739
v -0.02806669 0 -0.06948739
v -0.02782654 -0.00366342 -0.06948739
v -0.02711033 -0.007264196 -0.06948739
v -0.02593022 -0.01074063 -0.06948739
v -0.02430647 -0.01403331 -0.06948739
v -0.0222668 -0.0170859 -0.06948739
v -0.01984614 -0.01984614 -0.06948739
v -0.0170859 -0.0222668 -0.06948739
v -0.01403331 -0.02430647 -0.06948739
v -0.01074063 -0.02593022 -0.06948739
v -0.007264196 -0.02711033 -0.06948739
v -0.00366342 -0.02782654 -0.06948739
v 0 -0.02806669 -0.06948739
v 0.00366342 -0.02782654 -0.06948739
v 0.007264196 -0.02711033 -0.06948739
v 0.01074063 -0.02593022 -0.06948739
v 0.01403331 -0.02430647 -0.06948739
v 0.0170859 -0.0222668 -0.06948739
v 0.01984614 -0.01984614 -0.06948739
v 0.0222668 -0.0170859 -0.06948739
v 0.02430647 -0.01403331 -0.06948739
v 0.02593022 -0.01074063 -0.06948739
v 0.02711033 -0.007264196 -0.06948739
v 0.0278266 -0.00366342 -0.06948739
v 0.02806669 0 -0.06948739
v 0.02333408 0.003071963 -0.07033771
v 0.02273344 0.006091415 -0.07033771
v 0.02174389 0.009006559 -0.07033771
v 0.02038228 0.01176768 -0.07033771
v 0.01867187 0.0143274 -0.07033771
v 0.01664203 0.01664203 -0.07033771
v 0.01432746 0.01867187 -0.07033771
v 0.01176768 0.02038222 -0.07033771
v 0.009006559 0.02174389 -0.07033771
v 0.006091415 0.02273344 -0.07033771
v 0.003071963 0.02333402 -0.07033771
v 0 0.02353543 -0.07033771
v -0.003071963 0.02333402 -0.07033771
v -0.006091415 0.02273344 -0.07033771
v -0.009006559 0.02174389 -0.07033771
v -0.01176768 0.02038222 -0.07033771
v -0.0143274 0.01867187 -0.07033771
v -0.01664203 0.01664203 -0.07033771
v -0.01867187 0.0143274 -0.07033771
v -0.02038228 0.01176768 -0.07033771
v -0.02174389 0.009006559 -0.07033771
v -0.02273344 0.006091415 -0.07033771
v -0.02333402 0.003071963 -0.07033771
v -0.02353543 0 -0.07033771
v -0.02333402 -0.003071963 -0.07033771
v -0.02273344 -0.006091415 -0.07033771
v -0.02174389 -0.009006559 -0.07033771
v -0.02038228 -0.01176768 -0.07033771
v -0.01867187 -0.0143274 -0.07033771
v -0.01664203 -0.01664203 -0.07033771
v -0.0143274 -0.01867187 -0.07033771
v -0.01176768 -0.02038222 -0.07033771
v -0.009006559 -0.02174389 -0.07033771
v -0.006091415 -0.02273344 -0.07033771
v -0.003071963 -0.02333402 -0.07033771
v 0 -0.02353543 -0.07033771
v 0.003071963 -0.02333402 -0.07033771
v 0.006091415 -0.02273344 -0.07033771
v 0.009006559 -0.02174389 -0.07033771
v 0.01176768 -0.02038222 -0.07033771
v 0.01432746 -0.01867187 -0.07033771
v 0.01664203 -0.01664203 -0.07033771
v 0.01867187 -0.0143274 -0.07033771
v 0.02038228 -0.01176768 -0.07033771
v 0.02174389 -0.009006559 -0.07033771
v 0.02273344 -0.006091415 -0.07033771
v 0.02333408 -0.003071963 -0.07033771
v 0.02353543 0 -0.07033771
v 0.01843994 0.002427637 -0.07102596
v 0.01796531 0.00481379 -0.07102596
v 0.0171833 0.007117569 -0.07102596
v 0.01610726 0.009299516 -0.07102596
v 0.01475566 0.01132237 -0.07102596
v 0.01315152 0.01315152 -0.07102596
v 0.01132237 0.01475566 -0.07102596
v 0.009299516 0.01610726 -0.07102596
v 0.007117569 0.0171833 -0.07102596
v 0.00481379 0.01796531 -0.07102596
v 0.002427637 0.01843994 -0.07102596
v 0 0.01859909 -0.07102596
v -0.002427637 0.01843994 -0.07102596
v -0.00481379 0.01796531 -0.07102596
v -0.007117569 0.0171833 -0.07102596
v -0.009299516 0.01610726 -0.07102596
v -0.01132237 0.01475566 -0.07102596
v -0.01315152 0.01315152 -0.07102596
v -0.01475566 0.01132237 -0.07102596
v -0.01610726 0.009299516 -0.07102596
v -0.0171833 0.007117569 -0.07102596
v -0.01796531 0.00481379 -0.07102596
v -0.01843994 0.002427637 -0.07102596
v -0.01859909 0 -0.07102596
v -0.01843994 -0.002427637 -0.07102596
v -0.01796531 -0.00481379 -0.07102596
v -0.0171833 -0.007117569 -0.07102596
v -0.01610726 -0.009299516 -0.07102596
v -0.01475566 -0.01132237 -0.07102596
v -0.01315152 -0.01315152 -0.07102596
v -0.01132237 -0.01475566 -0.07102596
v -0.009299516 -0.01610726 -0.07102596
v -0.007117569 -0.0171833 -0.07102596
v -0.00481379 -0.01796531 -0.07102596
v -0.002427637 -0.01843994 -0.07102596
v 0 -0.01859909 -0.07102596
v 0.002427637 -0.01843994 -0.07102596
v 0.00481379 -0.01796531 -0.07102596
v 0.007117569 -0.0171833 -0.07102596
v 0.009299516 -0.01610726 -0.07102596
v 0.01132237 -0.01475566 -0.07102596
v 0.01315152 -0.01315152 -0.07102596
v 0.01475566 -0.01132237 -0.07102596
v 0.01610726 -0.009299516 -0.07102596
v 0.0171833 -0.007117569 -0.07102596
v 0.01796531 -0.00481379 -0.07102596
v 0.01843994 -0.002427637 -0.07102596
v 0.01859909 0 -0.07102596
v 0.01310622 0.001725435 -0.07154029
v 0.01276886 0.003421366 -0.07154029
v 0.01221305 0.005058765 -0.07154029
v 0.01144826 0.006609618 -0.07154029
v 0.01048761 0.008047401 -0.07154029
v 0.009347438 0.009347438 -0.07154029
v 0.008047401 0.01048755 -0.07154029
v 0.006609618 0.01144826 -0.07154029
v 0.005058765 0.01221305 -0.07154029
v 0.003421366 0.01276886 -0.07154029
v 0.001725435 0.01310622 -0.07154029
v 0 0.01321929 -0.07154029
v -0.001725435 0.01310622 -0.07154029
v -0.003421366 0.01276886 -0.07154029
v -0.005058765 0.01221305 -0.07154029
v -0.006609618 0.01144826 -0.07154029
v -0.008047401 0.01048755 -0.07154029
v -0.009347438 0.009347438 -0.07154029
v -0.01048755 0.008047401 -0.07154029
v -0.01144826 0.006609618 -0.07154029
v -0.01221305 0.005058765 -0.07154029
v -0.01276886 0.003421366 -0.07154029
v -0.01310622 0.001725435 -0.07154029
v -0.01321929 0 -0.07154029
v -0.01310622 -0.001725435 -0.07154029
v -0.01276886 -0.003421366 -0.07154029
v -0.01221305 -0.005058765 -0.07154029
v -0.01144826 -0.006609618 -0.07154029
v -0.01048755 -0.008047401 -0.07154029
v -0.009347438 -0.009347438 -0.07154029
v -0.008047401 -0.01048755 -0.07154029
v -0.006609618 -0.01144826 -0.07154029
v -0.005058765 -0.01221305 -0.07154029
v -0.003421366 -0.01276886 -0.07154029
v -0.001725435 -0.01310622 -0.07154029
v 0 -0.01321929 -0.07154029
v 0.001725435 -0.01310622 -0.07154029
v 0.003421366 -0.01276886 -0.07154029
v 0.005058765 -0.01221305 -0.07154029
v 0.006609618 -0.01144826 -0.07154029
v 0.008047401 -0.01048755 -0.07154029
v 0.009347438 -0.009347438 -0.07154029
v 0.01048761 -0.008047401 -0.07154029
v 0.01144826 -0.006609618 -0.07154029
v 0.01221305 -0.005058765 -0.07154029
v 0.01276886 -0.003421366 -0.07154029
v 0.01310622 -0.001725435 -0.07154029
v 0.01321929 0 -0.07154029
v 0.06510531 0.02499341 0
v 0.06510531 0.02625 0
v 0.06489288 0.02484065 0
v 0.06398171 0.02625 0
v 0.06462436 0.0246253 0
v 0.06548935 0.007953524 -0.03899997
v 0.06599998 0 -0.03899997
v 0.06532412 0 -0.04221516
v 0.02335816 0.06158679 -0.03899997
v 0.02671569 0.06035119 -0.03899997
v 0.02644211 0.05973321 -0.04221516
v 0.01576679 0.06395953 -0.03899997
v 0.0187788 0.06327205 -0.03899997
v 0.01858651 0.06262415 -0.04221516
v 0.03741514 -0.05420637 -0.03899997
v 0.0342139 -0.05643939 -0.03899997
v 0.03386354 -0.05586141 -0.04221516
v 0.04930824 -0.0436865 -0.03899997
v 0.04741102 -0.045915 -0.03899997
v 0.04692554 -0.04544484 -0.04221516
v 0.05422359 -0.03743153 -0.03899997
v 0.05289328 -0.03947526 -0.03899997
v 0.05235165 -0.03907102 -0.04221516
v 0.0583533 -0.03062993 -0.03899997
v 0.05750703 -0.03238731 -0.03899997
v 0.05691814 -0.03205567 -0.04221516
v 0.002093732 0.06529057 -0.04221516
v 0.01042568 0.0644868 -0.04221516
v 0.01015526 0.06281405 -0.04743915
v -0.06199622 -0.02058416 -0.04221516
v -0.06411951 -0.01248723 -0.04221516
v -0.06245625 -0.01216334 -0.04743915
v 0.02644211 -0.05973321 -0.04221516
v 0.01858651 -0.06262415 -0.04221516
v 0.01810437 -0.06099969 -0.04743915
v 0.0647878 -0.008353412 -0.04221516
v 0.06318765 -0.01656973 -0.04221516
v 0.06154865 -0.01613992 -0.04743915
v 0.001697063 -0.01049709 -0.07471704
v 0.000340818 -0.01062792 -0.07471704
v 0 0 -0.07499998
v 0.00430417 -0.009723305 -0.07471704
v 0.003025472 -0.01019388 -0.07471704
v 0.007986605 -0.0180419 -0.07391142
v -0.007148802 0.007871627 -0.07471704
v -0.006083488 0.008721172 -0.07471704
v -0.01326489 0.01460611 -0.07391142
v 0.009265065 0.005217969 -0.07471704
v 0.009856224 0.003990352 -0.07471704
v 0.01719164 0.009682118 -0.07391142
v 0.005512237 -0.009093046 -0.07471704
v 0.01022821 -0.01687246 -0.07391142
v 0.01440596 -0.02376419 -0.0726096
v -0.008096754 0.006892859 -0.07471704
v -0.01502376 0.0127899 -0.07391142
v -0.02116036 0.01801407 -0.0726096
v 0.008521735 0.006359934 -0.07471704
v 0.01581239 0.01180106 -0.07391142
v 0.02227103 0.01662129 -0.0726096
v 0.006629765 -0.008313477 -0.07471704
v 0.0123018 -0.01542598 -0.07391142
v 0.01732659 -0.02172684 -0.0726096
v 0.02173811 -0.02725869 -0.07085597
v -0.008911669 0.005800843 -0.07471704
v -0.01653599 0.0107637 -0.07391142
v -0.02329021 0.01516026 -0.0726096
v -0.0292201 0.01902014 -0.07085597
v 0.007638454 0.007397413 -0.07471704
v 0.01417344 0.01372623 -0.07391142
v 0.01996272 0.01933282 -0.0726096
v 0.02504539 0.02425509 -0.07085597
v 0.007638454 -0.007397413 -0.07471704
v 0.01417344 -0.01372623 -0.07391142
v 0.01996272 -0.01933282 -0.0726096
v 0.02504539 -0.02425509 -0.07085597
v 0.02911043 -0.02819186 -0.0689013
v -0.009580314 0.004613637 -0.07471704
v -0.01777666 0.008560776 -0.07391142
v -0.02503764 0.01205748 -0.0726096
v -0.03141242 0.01512742 -0.07085597
v -0.03651088 0.01758271 -0.0689013
v 0.006629765 0.008313477 -0.07471704
v 0.0123018 0.01542598 -0.07391142
v 0.01732659 0.02172684 -0.0726096
v 0.02173811 0.02725869 -0.07085597
v 0.02526628 0.03168296 -0.0689013
v 0.008521735 -0.006359934 -0.07471704
v 0.01581239 -0.01180106 -0.07391142
v 0.02227103 -0.01662129 -0.0726096
v 0.02794146 -0.02085322 -0.07085597
v 0.03247648 -0.02423781 -0.0689013
v 0.03682547 -0.02748358 -0.06639617
v 0.003148972 -0.01947772 -0.07391142
v 0.005613863 -0.01891511 -0.07391142
v 0.007906913 -0.02664113 -0.0726096
v 0.01124882 -0.02541124 -0.0726096
v 0.01411283 -0.03188115 -0.07085597
v 0.01807385 -0.02981472 -0.07085597
v 0.02100735 -0.03465384 -0.0689013
v 0.02526628 -0.03168296 -0.0689013
v 0.02864974 -0.03592568 -0.06639617
v -0.001021027 -0.01058423 -0.07471704
v -0.01009166 0.003350615 -0.07471704
v -0.01872545 0.006217241 -0.07391142
v -0.02637398 0.008756756 -0.0726096
v -0.03308898 0.01098626 -0.07085597
v -0.03845953 0.01276946 -0.0689013
v -0.04360973 0.01447939 -0.06639617
v 0.005512237 0.009093046 -0.07471704
v 0.01022821 0.01687246 -0.07391142
v 0.01440596 0.02376419 -0.0726096
v 0.01807385 0.02981472 -0.07085597
v 0.02100735 0.03465384 -0.0689013
v 0.02382045 0.03929436 -0.06639617
v 0.009265065 -0.005217969 -0.07471704
v 0.01719164 -0.009682118 -0.07391142
v 0.02421373 -0.01363688 -0.0726096
v 0.03037869 -0.01710897 -0.07085597
v 0.03530931 -0.01988583 -0.0689013
v 0.04003769 -0.02254879 -0.06639617
v 0.04411625 -0.02484583 -0.06353956
v 0.000632396 -0.01972049 -0.07391142
v 0.004435241 -0.02743351 -0.0726096
v 0.00992006 -0.03342413 -0.07085597
v 0.01640343 -0.03705567 -0.0689013
v 0.02382045 -0.03929436 -0.06639617
v 0.03156828 -0.03958541 -0.06353956
v -0.002366125 -0.01036679 -0.07471704
v -0.0104373 0.002032637 -0.07471704
v -0.01936674 0.003771662 -0.07391142
v -0.02727723 0.005312204 -0.0726096
v -0.03422224 0.006664752 -0.07085597
v -0.03977674 0.007746517 -0.0689013
v -0.04510331 0.008783817 -0.06639617
v -0.04969793 0.009678661 -0.06353956
v 0.00430417 0.009723305 -0.07471704
v 0.007986605 0.0180419 -0.07391142
v 0.01124882 0.02541124 -0.0726096
v 0.01411283 0.03188115 -0.07085597
v 0.01640343 0.03705567 -0.0689013
v 0.01860004 0.04201787 -0.06639617
v 0.02049481 0.0462982 -0.06353956
v 0.009856224 -0.003990352 -0.07471704
v 0.01828861 -0.007404208 -0.07391142
v 0.02575874 -0.01042854 -0.0726096
v 0.03231716 -0.01308375 -0.07085597
v 0.03756242 -0.01520729 -0.0689013
v 0.04259246 -0.01724374 -0.06639617
v 0.04693126 -0.01900035 -0.06353956
v 0.05064642 -0.02050441 -0.06034231
v -0.001894593 -0.01963943 -0.07391142
v 0.000890704 -0.02777546 -0.0726096
v 0.005564451 -0.03441828 -0.07085597
v 0.01153016 -0.03884905 -0.0689013
v 0.01860004 -0.04201787 -0.06639617
v 0.02624702 -0.04329723 -0.06353956
v 0.03406727 -0.042719 -0.06034231
v -0.003672361 -0.009979069 -0.07471704
v -0.01061153 0.000681284 -0.07471704
v -0.01969009 0.001264095 -0.07391142
v -0.02773261 0.00178045 -0.0726096
v -0.03479355 0.002233803 -0.07085597
v -0.04044073 0.002596378 -0.0689013
v -0.04585623 0.002944052 -0.06639617
v -0.05052757 0.003243923 -0.06353956
v -0.0545274 0.003500759 -0.06034231
v 0.003025472 0.01019388 -0.07471704
v 0.005613863 0.01891511 -0.07391142
v 0.007906913 0.02664113 -0.0726096
v 0.00992006 0.03342413 -0.07085597
v 0.01153016 0.03884905 -0.0689013
v 0.01307421 0.0440514 -0.06639617
v 0.01440608 0.04853892 -0.06353956
v 0.0155465 0.05238127 -0.06034231
v 0.01028561 -0.002697169 -0.07471704
v 0.01908534 -0.005004763 -0.07391142
v 0.02688086 -0.007048964 -0.0726096
v 0.0337249 -0.008843719 -0.07085597
v 0.03919869 -0.01027905 -0.0689013
v 0.04444783 -0.01165556 -0.06639617
v 0.0489757 -0.01284289 -0.06353956
v 0.05285263 -0.01385957 -0.06034231
v 0.05634713 -0.01477593 -0.05653673
v -0.004390478 -0.0192359 -0.07391142
v -0.00266844 -0.02766132 -0.0726096
v 0.001117467 -0.03484725 -0.07085597
v 0.00646758 -0.04000461 -0.0689013
v 0.01307421 -0.0440514 -0.06639617
v 0.02049481 -0.0462982 -0.06353956
v 0.02832478 -0.04672467 -0.06034231
v 0.03631967 -0.04554343 -0.05653673
v -0.004918336 -0.009427547 -0.07471704
v -0.01061153 -0.000681284 -0.07471704
v -0.01969009 -0.001264095 -0.07391142
v -0.02773261 -0.00178045 -0.0726096
v -0.03479355 -0.002233803 -0.07085597
v -0.04044073 -0.002596378 -0.0689013
v -0.04585623 -0.002944052 -0.06639617
v -0.05052757 -0.003243923 -0.06353956
v -0.0545274 -0.003500759 -0.06034231
v -0.05813258 -0.003732204 -0.05653673
v 0.001697063 0.01049709 -0.07471704
v 0.003148972 0.01947772 -0.07391142
v 0.004435241 0.02743351 -0.0726096
v 0.005564451 0.03441828 -0.07085597
v 0.00646758 0.04000461 -0.0689013
v 0.007333695 0.04536163 -0.06639617
v 0.00808078 0.0499826 -0.06353956
v 0.008720457 0.05393928 -0.06034231
v 0.009297013 0.05750554 -0.05653673
v 0.01054608 -0.00135976 -0.07471704
v 0.01956862 -0.002523064 -0.07391142
v 0.02756154 -0.003553628 -0.0726096
v 0.03457897 -0.004458427 -0.07085597
v 0.04019135 -0.005182087 -0.0689013
v 0.04557341 -0.005876004 -0.06639617
v 0.05021589 -0.006474614 -0.06353956
v 0.05419105 -0.006987154 -0.06034231
v 0.057774 -0.00744909 -0.05653673
v 0.06077963 -0.007836639 -0.05219626
v -0.006814241 -0.01851654 -0.07391142
v -0.006183743 -0.02709299 -0.0726096
v -0.003347814 -0.03470408 -0.07085597
v 0.001298844 -0.0405032 -0.0689013
v 0.007333695 -0.04536163 -0.06639617
v 0.01440608 -0.04853892 -0.06353956
v 0.02211719 -0.04996317 -0.06034231
v 0.0301975 -0.04981398 -0.05653673
v 0.03820914 -0.04791277 -0.05219626
v -0.006083488 -0.008721172 -0.07471704
v -0.0104373 -0.002032637 -0.07471704
v -0.01936674 -0.003771662 -0.07391142
v -0.02727723 -0.005312204 -0.0726096
v -0.03422224 -0.006664752 -0.07085597
v -0.03977674 -0.007746517 -0.0689013
v -0.04510331 -0.008783817 -0.06639617
v -0.04969793 -0.009678661 -0.06353956
v -0.05363202 -0.01044481 -0.06034231
v -0.05717802 -0.01113539 -0.05653673
v -0.06015264 -0.01171469 -0.05219626
v 0.000340818 0.01062792 -0.07471704
v 0.000632396 0.01972049 -0.07391142
v 0.000890704 0.02777546 -0.0726096
v 0.001117467 0.03484725 -0.07085597
v 0.001298844 0.0405032 -0.0689013
v 0.001472771 0.04592704 -0.06639617
v 0.001622796 0.05060559 -0.06353956
v 0.001751244 0.05461156 -0.06034231
v 0.001867055 0.05822229 -0.05653673
v 0.001964151 0.06125122 -0.05219626
v 0.01063334 0 -0.07471704
v 0.01973062 0 -0.07391142
v 0.02778971 0 -0.0726096
v 0.0348652 0 -0.07085597
v 0.040524 0 -0.0689013
v 0.04595065 0 -0.06639617
v 0.05063164 0 -0.06353956
v 0.05463963 0 -0.06034231
v 0.05825227 0 -0.05653673
v 0.06128275 0 -0.05219626
v 0.06362968 0 -0.04743915
v -0.009126126 -0.01749312 -0.07391142
v -0.009597599 -0.02607977 -0.0726096
v -0.0077582 -0.03399103 -0.07085597
v -0.003891229 -0.04033678 -0.0689013
v 0.001472771 -0.04592704 -0.06639617
v 0.00808078 -0.0499826 -0.06353956
v 0.0155465 -0.05238127 -0.06034231
v 0.02357953 -0.05326658 -0.05653673
v 0.0317685 -0.05240547 -0.05219626
v 0.03967243 -0.04974764 -0.04743915
v -0.007148802 -0.007871627 -0.07471704
v -0.01009166 -0.003350615 -0.07471704
v -0.01872545 -0.006217241 -0.07391142
v -0.02637398 -0.008756756 -0.0726096
v -0.03308898 -0.01098626 -0.07085597
v -0.03845953 -0.01276946 -0.0689013
v -0.04360973 -0.01447939 -0.06639617
v -0.04805219 -0.01595443 -0.06353956
v -0.05185604 -0.01721739 -0.06034231
v -0.05528461 -0.01835572 -0.05653673
v -0.05816072 -0.01931065 -0.05219626
v -0.06038808 -0.02005022 -0.04743915
v -0.001021027 0.01058423 -0.07471704
v -0.001894593 0.01963943 -0.07391142
v -0.00266844 0.02766132 -0.0726096
v -0.003347814 0.03470408 -0.07085597
v -0.003891229 0.04033678 -0.0689013
v -0.004412293 0.04573833 -0.06639617
v -0.004861772 0.05039763 -0.06353956
v -0.005246639 0.05438715 -0.06034231
v -0.005593538 0.05798304 -0.05653673
v -0.005884528 0.06099957 -0.05219626
v -0.006109893 0.06333565 -0.04743915
v -0.01128822 -0.01618248 -0.07391142
v -0.0128538 -0.02463835 -0.0726096
v -0.01204121 -0.03271991 -0.07085597
v -0.009017407 -0.03950798 -0.0689013
v -0.004412293 -0.04573833 -0.06639617
v 0.001622796 -0.05060559 -0.06353956
v 0.008720457 -0.05393928 -0.06034231
v 0.01657438 -0.05584454 -0.05653673
v 0.0248062 -0.05603772 -0.05219626
v 0.03298515 -0.05441242 -0.04743915
v 0.04072892 -0.05107241 -0.04221516
v 0.001751244 -0.05461156 -0.06034231
v 0.009297013 -0.05750554 -0.05653673
v 0.001867055 -0.05822229 -0.05653673
v 0.009780704 -0.06049722 -0.05219626
v 0.001964151 -0.06125122 -0.05219626
v 0.01015526 -0.06281405 -0.04743915
v 0.002039372 -0.06359696 -0.04743915
v 0.01042568 -0.0644868 -0.04221516
v 0.002093732 -0.06529057 -0.04221516
v -0.01022493 -0.04479855 -0.06639617
v -0.004861772 -0.05039763 -0.06353956
v -0.01126658 -0.04936218 -0.06353956
v -0.005246639 -0.05438715 -0.06034231
v -0.01215845 -0.05326968 -0.06034231
v -0.005593538 -0.05798304 -0.05653673
v -0.01296234 -0.05679172 -0.05653673
v -0.005884528 -0.06099957 -0.05219626
v -0.01363664 -0.05974626 -0.05219626
v -0.006109893 -0.06333565 -0.04743915
v -0.0141589 -0.0620343 -0.04743915
v -0.006272614 -0.06502228 -0.04221516
v -0.01453596 -0.06368631 -0.04221516
v -0.01612645 -0.03091144 -0.07085597
v -0.01399558 -0.0380305 -0.0689013
v -0.01874393 -0.03592854 -0.0689013
v -0.01586973 -0.04312324 -0.06639617
v -0.02125394 -0.04073983 -0.06639617
v -0.01748639 -0.04751616 -0.06353956
v -0.02341902 -0.04488992 -0.06353956
v -0.01887059 -0.05127757 -0.06034231
v -0.0252729 -0.04844349 -0.06034231
v -0.02011829 -0.05466789 -0.05653673
v -0.02694386 -0.05164641 -0.05653673
v -0.02116489 -0.05751192 -0.05219626
v -0.02834558 -0.0543332 -0.05219626
v -0.02197545 -0.05971443 -0.04743915
v -0.02943116 -0.056414 -0.04743915
v -0.02256065 -0.06130462 -0.04221516
v -0.0302149 -0.05791628 -0.04221516
v -0.008096754 -0.006892859 -0.07471704
v -0.01326489 -0.01460611 -0.07391142
v -0.01502376 -0.0127899 -0.07391142
v -0.01868307 -0.02057212 -0.0726096
v -0.02116036 -0.01801407 -0.0726096
v -0.02343988 -0.02580994 -0.07085597
v -0.02654796 -0.02260059 -0.07085597
v -0.02724432 -0.02999901 -0.0689013
v -0.03085684 -0.02626883 -0.0689013
v -0.03089267 -0.03401625 -0.06639617
v -0.03498893 -0.02978652 -0.06639617
v -0.03403967 -0.03748148 -0.06353956
v -0.03855323 -0.03282082 -0.06353956
v -0.03673428 -0.04044854 -0.06034231
v -0.04160511 -0.03541898 -0.06034231
v -0.03916305 -0.04312282 -0.05653673
v -0.04435592 -0.03776073 -0.05653673
v -0.04120045 -0.04536622 -0.05219626
v -0.04666346 -0.03972518 -0.05219626
v -0.04277825 -0.04710364 -0.04743915
v -0.04845052 -0.04124653 -0.04743915
v -0.04391747 -0.04835802 -0.04221516
v -0.04974079 -0.04234492 -0.04221516
v -0.009580314 -0.004613637 -0.07471704
v -0.01777666 -0.008560776 -0.07391142
v -0.02503764 -0.01205748 -0.0726096
v -0.03141242 -0.01512742 -0.07085597
v -0.03651088 -0.01758271 -0.0689013
v -0.04140013 -0.01993721 -0.06639617
v -0.04561752 -0.02196824 -0.06353956
v -0.0492286 -0.02370721 -0.06034231
v -0.05248343 -0.02527469 -0.05653673
v -0.0552138 -0.02658957 -0.05219626
v -0.05732834 -0.02760785 -0.04743915
v -0.05885499 -0.02834308 -0.04221516
v -0.05813258 0.003732204 -0.05653673
v -0.0611568 -0.003926396 -0.05219626
v -0.0611568 0.003926396 -0.05219626
v -0.06349891 -0.004076719 -0.04743915
v -0.06349891 0.004076719 -0.04743915
v -0.06518989 -0.004185318 -0.04221516
v -0.06518989 0.004185318 -0.04221516
v -0.04805219 0.01595443 -0.06353956
v -0.05363202 0.01044481 -0.06034231
v -0.05185604 0.01721739 -0.06034231
v -0.05717802 0.01113539 -0.05653673
v -0.05528461 0.01835572 -0.05653673
v -0.06015264 0.01171469 -0.05219626
v -0.05816072 0.01931065 -0.05219626
v -0.06245625 0.01216334 -0.04743915
v -0.06038808 0.02005022 -0.04743915
v -0.06411951 0.01248723 -0.04221516
v -0.06199622 0.02058416 -0.04221516
v -0.03396272 0.02210724 -0.0689013
v -0.04140013 0.01993721 -0.06639617
v -0.03851068 0.02506768 -0.06639617
v -0.04561752 0.02196824 -0.06353956
v -0.04243373 0.02762132 -0.06353956
v -0.0492286 0.02370721 -0.06034231
v -0.04579281 0.0298078 -0.06034231
v -0.05248343 0.02527469 -0.05653673
v -0.04882049 0.03177863 -0.05653673
v -0.0552138 0.02658957 -0.05219626
v -0.0513603 0.03343188 -0.05219626
v -0.05732834 0.02760785 -0.04743915
v -0.05332726 0.03471219 -0.04743915
v -0.05885499 0.02834308 -0.04221516
v -0.05474734 0.03563654 -0.04221516
v -0.01868307 0.02057212 -0.0726096
v -0.02654796 0.02260059 -0.07085597
v -0.02343988 0.02580994 -0.07085597
v -0.03085684 0.02626883 -0.0689013
v -0.02724432 0.02999901 -0.0689013
v -0.03498893 0.02978652 -0.06639617
v -0.03089267 0.03401625 -0.06639617
v -0.03855323 0.03282082 -0.06353956
v -0.03403967 0.03748148 -0.06353956
v -0.04160511 0.03541898 -0.06034231
v -0.03673428 0.04044854 -0.06034231
v -0.04435592 0.03776073 -0.05653673
v -0.03916305 0.04312282 -0.05653673
v -0.04666346 0.03972518 -0.05219626
v -0.04120045 0.04536622 -0.05219626
v -0.04845052 0.04124653 -0.04743915
v -0.04277825 0.04710364 -0.04743915
v -0.04974079 0.04234492 -0.04221516
v -0.04391747 0.04835802 -0.04221516
v -0.004918336 0.009427547 -0.07471704
v -0.003672361 0.009979069 -0.07471704
v -0.009126126 0.01749312 -0.07391142
v -0.006814241 0.01851654 -0.07391142
v -0.0128538 0.02463835 -0.0726096
v -0.009597599 0.02607977 -0.0726096
v -0.01612645 0.03091144 -0.07085597
v -0.01204121 0.03271991 -0.07085597
v -0.01874393 0.03592854 -0.0689013
v -0.01399558 0.0380305 -0.0689013
v -0.02125394 0.04073983 -0.06639617
v -0.01586973 0.04312324 -0.06639617
v -0.02341902 0.04488992 -0.06353956
v -0.01748639 0.04751616 -0.06353956
v -0.0252729 0.04844349 -0.06034231
v -0.01887059 0.05127757 -0.06034231
v -0.02694386 0.05164641 -0.05653673
v -0.02011829 0.05466789 -0.05653673
v -0.02834558 0.0543332 -0.05219626
v -0.02116489 0.05751192 -0.05219626
v -0.02943116 0.056414 -0.04743915
v -0.02197545 0.05971443 -0.04743915
v -0.0302149 0.05791628 -0.04221516
v -0.02256065 0.06130462 -0.04221516
v -0.002366125 0.01036679 -0.07471704
v -0.004390478 0.0192359 -0.07391142
v -0.006183743 0.02709299 -0.0726096
v -0.0077582 0.03399103 -0.07085597
v -0.009017407 0.03950798 -0.0689013
v -0.01022493 0.04479855 -0.06639617
v -0.01126658 0.04936218 -0.06353956
v -0.01215845 0.05326968 -0.06034231
v -0.01296234 0.05679172 -0.05653673
v -0.01363664 0.05974626 -0.05219626
v -0.0141589 0.0620343 -0.04743915
v -0.01453596 0.06368631 -0.04221516
v 0.02911043 0.02819186 -0.0689013
v 0.02864974 0.03592568 -0.06639617
v 0.03300863 0.03196704 -0.06639617
v 0.03156828 0.03958541 -0.06353956
v 0.03637117 0.03522354 -0.06353956
v 0.03406727 0.042719 -0.06034231
v 0.03925037 0.03801184 -0.06034231
v 0.03631967 0.04554343 -0.05653673
v 0.04184544 0.04052507 -0.05653673
v 0.03820914 0.04791277 -0.05219626
v 0.04402238 0.04263329 -0.05219626
v 0.03967243 0.04974764 -0.04743915
v 0.04570829 0.04426604 -0.04743915
v 0.04072892 0.05107241 -0.04221516
v 0.04692554 0.04544484 -0.04221516
v 0.02421373 0.01363688 -0.0726096
v 0.02794146 0.02085322 -0.07085597
v 0.03037869 0.01710897 -0.07085597
v 0.03247648 0.02423781 -0.0689013
v 0.03530931 0.01988583 -0.0689013
v 0.03682547 0.02748358 -0.06639617
v 0.04003769 0.02254879 -0.06639617
v 0.04057687 0.03028327 -0.06353956
v 0.04411625 0.02484583 -0.06353956
v 0.04378896 0.03268051 -0.06034231
v 0.04760855 0.02681261 -0.06034231
v 0.04668414 0.03484129 -0.05653673
v 0.05075627 0.02858537 -0.05653673
v 0.04911279 0.03665381 -0.05219626
v 0.05339682 0.03007251 -0.05219626
v 0.05099368 0.03805756 -0.04743915
v 0.05544173 0.03122419 -0.04743915
v 0.05235165 0.03907102 -0.04221516
v 0.05691814 0.03205567 -0.04221516
v 0.01028561 0.002697169 -0.07471704
v 0.01828861 0.007404208 -0.07391142
v 0.01908534 0.005004763 -0.07391142
v 0.02575874 0.01042854 -0.0726096
v 0.02688086 0.007048964 -0.0726096
v 0.03231716 0.01308375 -0.07085597
v 0.0337249 0.008843719 -0.07085597
v 0.03756242 0.01520729 -0.0689013
v 0.03919869 0.01027905 -0.0689013
v 0.04259246 0.01724374 -0.06639617
v 0.04444783 0.01165556 -0.06639617
v 0.04693126 0.01900035 -0.06353956
v 0.0489757 0.01284289 -0.06353956
v 0.05064642 0.02050441 -0.06034231
v 0.05285263 0.01385957 -0.06034231
v 0.05399501 0.02186012 -0.05653673
v 0.05634713 0.01477593 -0.05653673
v 0.056804 0.02299737 -0.05219626
v 0.05927848 0.01554465 -0.05219626
v 0.05897939 0.02387809 -0.04743915
v 0.06154865 0.01613992 -0.04743915
v 0.06055003 0.02451395 -0.04221516
v 0.06318765 0.01656973 -0.04221516
v 0.01054608 0.00135976 -0.07471704
v 0.01956862 0.002523064 -0.07391142
v 0.02756154 0.003553628 -0.0726096
v 0.03457897 0.004458427 -0.07085597
v 0.04019135 0.005182087 -0.0689013
v 0.04557341 0.005876004 -0.06639617
v 0.05021589 0.006474614 -0.06353956
v 0.05419105 0.006987154 -0.06034231
v 0.057774 0.00744909 -0.05653673
v 0.06077963 0.007836639 -0.05219626
v 0.06310725 0.008136749 -0.04743915
v 0.0647878 0.008353412 -0.04221516
v 0.06548935 -0.007953524 -0.03899997
v 0.06310725 -0.008136749 -0.04743915
v 0.05927848 -0.01554465 -0.05219626
v 0.06545811 -0.008439838 -0.03899997
v 0.06402778 -0.0157842 -0.03899997
v 0.06384146 -0.01674115 -0.03899997
v 0.0616374 -0.02337944 -0.03899997
v 0.05399501 -0.02186012 -0.05653673
v 0.056804 -0.02299737 -0.05219626
v 0.05897939 -0.02387809 -0.04743915
v 0.06055003 -0.02451395 -0.04221516
v 0.06117647 -0.02476757 -0.03899997
v 0.04760855 -0.02681261 -0.06034231
v 0.05075627 -0.02858537 -0.05653673
v 0.05339682 -0.03007251 -0.05219626
v 0.05544173 -0.03122419 -0.04743915
v 0.04057687 -0.03028327 -0.06353956
v 0.04378896 -0.03268051 -0.06034231
v 0.04668414 -0.03484129 -0.05653673
v 0.04911279 -0.03665381 -0.05219626
v 0.05099368 -0.03805756 -0.04743915
v 0.03300863 -0.03196704 -0.06639617
v 0.03637117 -0.03522354 -0.06353956
v 0.03925037 -0.03801184 -0.06034231
v 0.04184544 -0.04052507 -0.05653673
v 0.04402238 -0.04263329 -0.05219626
v 0.04570829 -0.04426604 -0.04743915
v 0.04367828 -0.04930502 -0.03899997
v 0.04115033 -0.05160087 -0.03899997
v 0.03060907 -0.05832004 -0.03899997
v 0.02575623 -0.05818378 -0.04743915
v 0.01743662 -0.05874979 -0.05219626
v 0.02671569 -0.06035119 -0.03899997
v 0.02335816 -0.06158679 -0.03899997
v 0.0187788 -0.06327205 -0.03899997
v 0.01576679 -0.06395953 -0.03899997
v 0.01053357 -0.06515395 -0.03899997
v 0.007944285 -0.06540375 -0.03899997
v 0.002115368 -0.06596606 -0.03899997
v 3.25829e-06 -0.06589835 -0.03899997
v -0.006337463 -0.06569498 -0.03899997
v -0.007941961 -0.06543558 -0.03899997
v -0.01468634 -0.06434524 -0.03899997
v -0.01577681 -0.06402158 -0.03899997
v -0.02279406 -0.06193888 -0.03899997
v -0.02338832 -0.06167584 -0.03899997
v -0.03052753 -0.05851554 -0.03899997
v -0.03066641 -0.05843132 -0.03899997
v -0.01589894 -0.02279233 -0.0726096
v -0.01994693 -0.02859544 -0.07085597
v -0.02318447 -0.03323668 -0.0689013
v -0.0262891 -0.03768748 -0.06639617
v -0.0289672 -0.04152661 -0.06353956
v -0.03126025 -0.04481393 -0.06034231
v -0.03332704 -0.04777687 -0.05653673
v -0.03506088 -0.05026239 -0.05219626
v -0.03640359 -0.05218726 -0.04743915
v -0.037373 -0.053577 -0.04221516
v -0.03748184 -0.05429977 -0.03899997
v -0.03775966 -0.05413132 -0.03899997
v -0.04373669 -0.04936486 -0.03899997
v -0.04437184 -0.04885834 -0.03899997
v -0.04935097 -0.04371696 -0.03899997
v -0.05025541 -0.04278302 -0.03899997
v -0.05424439 -0.03743815 -0.03899997
v -0.008911669 -0.005800843 -0.07471704
v -0.01653599 -0.0107637 -0.07391142
v -0.02329021 -0.01516026 -0.0726096
v -0.0292201 -0.01902014 -0.07085597
v -0.03396272 -0.02210724 -0.0689013
v -0.03851068 -0.02506768 -0.06639617
v -0.04243373 -0.02762132 -0.06353956
v -0.04579281 -0.0298078 -0.06034231
v -0.04882049 -0.03177863 -0.05653673
v -0.0513603 -0.03343188 -0.05219626
v -0.05332726 -0.03471219 -0.04743915
v -0.05474734 -0.03563654 -0.04221516
v -0.05531376 -0.03600525 -0.03899997
v -0.0583471 -0.03061932 -0.03899997
v -0.05946391 -0.02863627 -0.03899997
v -0.06160044 -0.02335911 -0.03899997
v -0.06263768 -0.02079713 -0.03899997
v -0.06395798 -0.01576226 -0.03899997
v -0.06478285 -0.01261645 -0.03899997
v -0.06538605 -0.007938265 -0.03899997
v -0.06586438 -0.004228591 -0.03899997
v -0.06586438 0 -0.03899997
v -0.06586438 0.004228591 -0.03899997
v -0.06538605 0.007938265 -0.03899997
v -0.06478285 0.01261645 -0.03899997
v -0.06395798 0.01576226 -0.03899997
v -0.06263768 0.02079713 -0.03899997
v -0.06160044 0.02335911 -0.03899997
v -0.05946391 0.02863627 -0.03899997
v -0.0583471 0.03061932 -0.03899997
v -0.05531376 0.03600525 -0.03899997
v -0.05424439 0.03743815 -0.03899997
v -0.05025541 0.04278302 -0.03899997
v -0.04935097 0.04371696 -0.03899997
v -0.04437184 0.04885834 -0.03899997
v -0.04373669 0.04936486 -0.03899997
v -0.01128822 0.01618248 -0.07391142
v -0.01589894 0.02279233 -0.0726096
v -0.01994693 0.02859544 -0.07085597
v -0.02318447 0.03323668 -0.0689013
v -0.0262891 0.03768748 -0.06639617
v -0.0289672 0.04152661 -0.06353956
v -0.03126025 0.04481393 -0.06034231
v -0.03332704 0.04777687 -0.05653673
v -0.03506088 0.05026239 -0.05219626
v -0.03640359 0.05218726 -0.04743915
v -0.037373 0.053577 -0.04221516
v -0.03775966 0.05413132 -0.03899997
v -0.03748184 0.05429977 -0.03899997
v -0.03066641 0.05843132 -0.03899997
v -0.03052753 0.05851554 -0.03899997
v -0.02338832 0.06167584 -0.03899997
v -0.02279406 0.06193888 -0.03899997
v -0.01577681 0.06402158 -0.03899997
v -0.01468634 0.06434524 -0.03899997
v -0.007941961 0.06543558 -0.03899997
v -0.006337463 0.06569498 -0.03899997
v -0.006272614 0.06502228 -0.04221516
v 0.002039372 0.06359696 -0.04743915
v 0.009780704 0.06049722 -0.05219626
v 3.25829e-06 0.06589835 -0.03899997
v 0.002115368 0.06596606 -0.03899997
v 0.007944285 0.06540375 -0.03899997
v 0.01053357 0.06515395 -0.03899997
v 0.01657438 0.05584454 -0.05653673
v 0.01743662 0.05874979 -0.05219626
v 0.01810437 0.06099969 -0.04743915
v 0.02211719 0.04996317 -0.06034231
v 0.02357953 0.05326658 -0.05653673
v 0.0248062 0.05603772 -0.05219626
v 0.02575623 0.05818378 -0.04743915
v 0.02624702 0.04329723 -0.06353956
v 0.02832478 0.04672467 -0.06034231
v 0.0301975 0.04981398 -0.05653673
v 0.0317685 0.05240547 -0.05219626
v 0.03298515 0.05441242 -0.04743915
v 0.03386354 0.05586141 -0.04221516
v 0.03060907 0.05832004 -0.03899997
v 0.0342139 0.05643939 -0.03899997
v 0.03741514 0.05420637 -0.03899997
v 0.04115033 0.05160087 -0.03899997
v 0.04367828 0.04930502 -0.03899997
v 0.04741102 0.045915 -0.03899997
v 0.04930824 0.0436865 -0.03899997
v 0.05289328 0.03947526 -0.03899997
v 0.05422359 0.03743153 -0.03899997
v 0.05750703 0.03238731 -0.03899997
v 0.0583533 0.03062993 -0.03899997
v 0.06117647 0.02476757 -0.03899997
v 0.0616374 0.02337944 -0.03899997
v 0.06384146 0.01674115 -0.03899997
v 0.06402778 0.0157842 -0.03899997
v 0.06545811 0.008439838 -0.03899997
v 0.0655108 -0.02477461 -0.000207494
v 0.06553214 -0.02476274 -0.000248919
v 0.06515228 -0.02449667 -0.000246356
v 0.06557869 -0.02473694 -0.000339161
v 0.06519389 -0.02444148 -0.000493656
v 0.06560516 -0.02472215 -0.000489365
v 0.06560528 -0.02472209 -0.000494371
v 0.06510531 -0.02499341 0
v 0.06510967 -0.02499109 0
v 0.06504231 -0.02464252 -6.59332e-05
v 0.06526029 -0.02491098 -2.46272e-05
v 0.06535077 -0.02486205 -7.16553e-05
v 0.06540524 -0.02483254 -9.99675e-05
v 0.06471341 -0.02437949 -7.27878e-05
v 0.06468945 -0.02444905 -3.20182e-05
v 0.06489288 -0.02484065 0
v 0.06462436 -0.0246253 0
v 0.06474369 -0.02429139 -0.000124405
v 0.06477528 -0.02418833 -0.000248264
v 0.06477999 -0.02417314 -0.000266503
v 0.06479233 -0.02410602 -0.000493
v 0.06638073 -0.02543854 -0.005941927
v 0.06638073 -0.02472209 -0.005941927
v 0.06634199 -0.02559477 -0.005794942
v 0.06614464 -0.02472209 -0.004975795
v 0.06560516 -0.02596575 -0.000489365
v 0.06658452 -0.02435898 -0.008270859
v 0.06658452 -0.02531653 -0.008270859
v 0.06548547 -0.02508378 -0.01271158
v 0.07341533 -0.0247929 -0.01826167
v 0.07104271 -0.02491176 -0.01599389
v 0.0647515 -0.0247929 -0.01826167
v 0.06996256 -0.02499723 -0.01436299
v 0.06702297 -0.02522987 -0.009924471
v 0.06691479 -0.02416843 -0.009671092
v 0.06693297 -0.02416753 -0.009713649
v 0.06702297 -0.02416306 -0.009924471
v 0.06933742 -0.02416306 -0.013893
v 0.06982594 -0.02416306 -0.01444274
v 0.0725407 -0.02416306 -0.01749747
v 0.07348132 -0.02416306 -0.01831632
v 0.07348132 -0.02478975 -0.01831632
v 0.07512807 -0.02278488 -0.02087831
v 0.07510226 -0.0228973 -0.02078557
v 0.07512807 -0.02388823 -0.02087831
v 0.07482069 -0.02354729 -0.02005064
v 0.07503151 -0.02401643 -0.02063697
v 0.07479941 -0.02359652 -0.01999497
v 0.0746876 -0.02447313 -0.01977759
v 0.07448226 -0.02384555 -0.01948267
v 0.07447731 -0.02454853 -0.01948863
v 0.07425427 -0.02402454 -0.01911443
v 0.07392686 -0.02474588 -0.0187323
v 0.07551258 -0.022174 -0.02231335
v 0.06526881 -0.02127903 -0.02277612
v 0.07557088 -0.02191394 -0.02253103
v 0.06569653 -0.01979976 -0.023
v 0.07569658 -0.01979976 -0.023
v 0.06465917 -0.0239709 -0.02075713
v 0.06483596 -0.022996 -0.02184498
v 0.06488281 -0.02278751 -0.02200919
v 0.065032 -0.02219808 -0.02232515
v 0.06521248 -0.02148497 -0.02270746
v 0.06465923 -0.02452254 -0.01947343
v 0.06466495 -0.02468782 -0.01905196
v 0.06464469 -0.02409946 -0.02055191
v 0.06465154 -0.02403879 -0.02064883
v 0.06994843 0.02499872 -0.01433485
v 0.07341533 0.0247929 -0.01826167
v 0.0647515 0.0247929 -0.01826167
v 0.06638073 0.02543854 -0.005941927
v 0.06658452 0.02531653 -0.008270859
v 0.06548547 0.02508378 -0.01271158
v 0.06702297 0.02522987 -0.009924471
v 0.06859725 0.02507895 -0.01280438
v 0.06292521 0.03720766 0.02499997
v 0.06752848 0.02799814 0.02499997
v 0.06925326 0.02799814 0.02499997
v 0.06614249 0.03471428 0.02499997
v 0.06147593 0.04243373 0.02499997
v 0.05553531 0.04753762 0.02499997
v 0.05591285 0.04953449 0.02499997
v 0.04646897 0.05643254 0.02499997
v 0.06935381 -0.02774816 0.02499997
v 0.0676316 -0.02774816 0.02499997
v 0.06614249 -0.03471428 0.02499997
v 0.06306242 -0.0369746 0.02499997
v -0.07202255 0.01251989 0.02499997
v -0.07415419 0.009003937 0.02499997
v -0.07310253 -0.000135215 0.02499997
v -0.07469886 0 0.02499997
v -0.07197576 -0.0127862 0.02499997
v -0.06343841 0.03632575 0.02499997
v -0.06614255 0.03471428 0.02499997
v -0.06876844 0.02479708 0.02499997
v -0.0698446 0.02648854 0.02499997
v -0.07252824 0.01787656 0.02499997
v 0.03623497 -0.06349033 0.02499997
v 0.04243373 -0.06147593 0.02499997
v 0.04667741 -0.05626022 0.02499997
v 0.04953449 -0.05591285 0.02499997
v 0.05571079 -0.0473318 0.02499997
v 0.05591285 -0.04953449 0.02499997
v 0.06147593 -0.04243373 0.02499997
v 0.01241683 -0.07204037 0.02499997
v 0.01787656 -0.07252824 0.02499997
v 0.02469867 -0.06880384 0.02499997
v 0.02648854 -0.0698446 0.02499997
v 0.03471428 -0.06614255 0.02499997
v -0.03665065 -0.06325125 0.02499997
v -0.03471428 -0.06614255 0.02499997
v -0.02514952 -0.06864035 0.02499997
v -0.02648854 -0.0698446 0.02499997
v -0.01288914 -0.07195734 0.02499997
v -0.01787656 -0.07252824 0.02499997
v -0.009003937 -0.07415419 0.02499997
v -0.000239772 -0.07310223 0.02499997
v 0 -0.07469886 0.02499997
v 0.009003937 -0.07415419 0.02499997
v -0.06330364 -0.03656017 0.02499997
v -0.06147593 -0.04243373 0.02499997
v -0.05602008 -0.04696536 0.02499997
v -0.05591285 -0.04953449 0.02499997
v -0.0470454 -0.05595284 0.02499997
v -0.04953449 -0.05591285 0.02499997
v -0.04243373 -0.06147593 0.02499997
v 0.01215028 0.07208579 0.02499997
v 0.009003937 0.07415419 0.02499997
v -0.000510195 0.07310086 0.02499997
v 0 0.07469886 0.02499997
v -0.01315528 0.07190918 0.02499997
v -0.07415419 -0.009003937 0.02499997
v -0.07252824 -0.01787656 0.02499997
v -0.06867623 -0.02505129 0.02499997
v -0.0698446 -0.02648854 0.02499997
v -0.06614255 -0.03471428 0.02499997
v -0.03688436 0.06311523 0.02499997
v -0.04243373 0.06147593 0.02499997
v -0.04725211 0.05577844 0.02499997
v -0.04953449 0.05591285 0.02499997
v -0.05619341 0.04675781 0.02499997
v -0.05591285 0.04953449 0.02499997
v -0.06147593 0.04243373 0.02499997
v -0.009003937 0.07415419 0.02499997
v -0.01787656 0.07252824 0.02499997
v -0.02540326 0.06854683 0.02499997
v -0.02648854 0.0698446 0.02499997
v -0.03471428 0.06614255 0.02499997
v 0.04953449 0.05591285 0.02499997
v 0.04243373 0.06147593 0.02499997
v 0.03599983 0.06362396 0.02499997
v 0.03471428 0.06614255 0.02499997
v 0.02444398 0.06889474 0.02499997
v 0.02648854 0.0698446 0.02499997
v 0.01787656 0.07252824 0.02499997
v 0.06884759 -0.02731609 0.01882106
v 0.06700205 -0.02599996 0
v 0.068201 -0.02685499 0.01222699
v 0.06494438 -0.03408545 0.01222157
v 0.06211173 -0.03259873 -0.01271456
v 0.06662154 -0.01642072 -0.023
v 0.06811511 -0.008270621 -0.023
v 0.06470179 0.02368128 -0.02115178
v 0.06467342 0.0239889 -0.02061998
v 0.06462937 0.02446711 -0.01979333
v 0.0649445 0.02252566 -0.02219158
v 0.06502848 0.022206 -0.02233296
v 0.06532794 0.02106624 -0.02283692
v 0.06861537 0 -0.023
v 0.06811511 0.008270621 -0.023
v 0.06662154 0.01642072 -0.023
v 0.06569653 0.01979976 -0.023
v 0.06690454 0.02625 0
v 0.06627559 0.02586299 -0.005533814
v 0.06211173 0.03259873 -0.01271456
v 0.06755995 0.0266819 0.006176471
v 0.0646485 0.02451813 -0.01955354
v 0.05772948 -0.03984779 -0.01271456
v 0.05250549 -0.04651576 -0.01271456
v 0.04651576 -0.05250543 -0.01271456
v 0.03984779 -0.05772948 -0.01271456
v 0.02487432 -0.06558817 -0.01271456
v 0.03259873 -0.06211173 -0.01271456
v 0.01678717 -0.06810826 -0.01271456
v 0.008455216 -0.06963515 -0.01271456
v 0 -0.07014656 -0.01271456
v -0.008455216 -0.06963515 -0.01271456
v -0.01678717 -0.06810826 -0.01271456
v -0.02487432 -0.06558817 -0.01271456
v -0.03259873 -0.06211173 -0.01271456
v -0.03984779 -0.05772948 -0.01271456
v -0.04651576 -0.05250543 -0.01271456
v -0.05250543 -0.04651576 -0.01271456
v -0.05772948 -0.03984779 -0.01271456
v -0.06211173 -0.03259873 -0.01271456
v -0.06558817 -0.02487432 -0.01271456
v -0.06810826 -0.01678717 -0.01271456
v -0.06963515 -0.008455216 -0.01271456
v -0.06963515 0.008455216 -0.01271456
v -0.07014656 0 -0.01271456
v -0.06810826 0.01678717 -0.01271456
v -0.06558817 0.02487432 -0.01271456
v -0.06211173 0.03259873 -0.01271456
v -0.05772948 0.03984779 -0.01271456
v -0.05250543 0.04651576 -0.01271456
v -0.04651576 0.05250543 -0.01271456
v -0.03984779 0.05772948 -0.01271456
v -0.03259873 0.06211173 -0.01271456
v -0.02487432 0.06558817 -0.01271456
v -0.01678717 0.06810826 -0.01271456
v -0.008455216 0.06963515 -0.01271456
v 0 0.07014656 -0.01271456
v 0.008455216 0.06963515 -0.01271456
v 0.01678717 0.06810826 -0.01271456
v 0.02487432 0.06558817 -0.01271456
v 0.03984779 0.05772948 -0.01271456
v 0.03259873 0.06211173 -0.01271456
v 0.04651576 0.05250543 -0.01271456
v 0.05250549 0.04651576 -0.01271456
v 0.05772948 0.03984779 -0.01271456
v 0.0681042 0.02710491 0.0122264
v 0.06494438 0.03408545 0.01222157
v 0.06036233 0.04166507 0.01222157
v 0.05490005 0.04863721 0.01222157
v 0.04863721 0.05490005 0.01222157
v 0.04166507 0.06036233 0.01222157
v 0.03408545 0.06494438 0.01222157
v 0.02600872 0.06857943 0.01222157
v 0.01755273 0.07121443 0.01222157
v 0.008840799 0.07281094 0.01222157
v 0 0.07334572 0.01222157
v -0.008840799 0.07281094 0.01222157
v -0.01755273 0.07121443 0.01222157
v -0.02600872 0.06857943 0.01222157
v -0.03408545 0.06494438 0.01222157
v -0.04166507 0.06036233 0.01222157
v -0.04863721 0.05490005 0.01222157
v -0.05490005 0.04863721 0.01222157
v -0.06036233 0.04166507 0.01222157
v -0.06494438 0.03408545 0.01222157
v -0.06857943 0.02600872 0.01222157
v -0.07121443 0.01755273 0.01222157
v -0.07281094 0.008840799 0.01222157
v -0.07334572 0 0.01222157
v -0.07281094 -0.008840799 0.01222157
v -0.07121443 -0.01755273 0.01222157
v -0.06857943 -0.02600872 0.01222157
v -0.06494438 -0.03408545 0.01222157
v -0.06036233 -0.04166507 0.01222157
v -0.05490005 -0.04863721 0.01222157
v -0.04863721 -0.05490005 0.01222157
v -0.04166507 -0.06036233 0.01222157
v -0.03408545 -0.06494438 0.01222157
v -0.02600872 -0.06857943 0.01222157
v -0.01755273 -0.07121443 0.01222157
v -0.008840799 -0.07281094 0.01222157
v 0 -0.07334572 0.01222157
v 0.008840799 -0.07281094 0.01222157
v 0.01755273 -0.07121443 0.01222157
v 0.02600872 -0.06857943 0.01222157
v 0.03408545 -0.06494438 0.01222157
v 0.04166507 -0.06036233 0.01222157
v 0.04863721 -0.05490005 0.01222157
v 0.05490005 -0.04863721 0.01222157
v 0.06036233 -0.04166507 0.01222157
v -0.07469886 0 0.02499997
v 0.07499283 0.02415764 -0.02045124
v 0.07505458 0.02403467 -0.02064621
v 0.07348132 0.02478975 -0.01831632
v 0.07439869 0.02462482 -0.01931095
v 0.07448601 0.02455615 -0.01947861
v 0.07512807 0.02388823 -0.02087831
v 0.07552689 0.02223509 -0.02236682
v 0.07552772 0.02222299 -0.02236998
v 0.07569658 0.01979976 -0.023
v 0.07348132 0.02416306 -0.01831632
v 0.07358658 0.02416104 -0.01840573
v 0.07432043 0.0239948 -0.01920199
v 0.07484298 0.02353322 -0.02008742
v 0.07512807 0.02278488 -0.02087831
v 0.07448482 0.0238496 -0.01948052
v 0.0748251 0.02354902 -0.0200572
v 0.06702297 0.02416306 -0.009924471
v 0.06933742 0.02416306 -0.013893
v 0.06982594 0.02416306 -0.01444274
v 0.0725407 0.02416306 -0.01749747
v 0.06695789 0.02418571 -0.009703397
v 0.06661534 0.0243048 -0.008539199
v 0.06658452 0.02435898 -0.008270859
v 0.06638073 0.02472209 -0.005941927
v 0.06614464 0.02472209 -0.004975795
v 0.06560528 0.02472209 -0.000494371
v 0.06560516 0.02621573 -0.000489365
v 0.06560516 0.02472215 -0.000489365
v 0.06557869 0.02473694 -0.000339161
v 0.06553214 0.02476274 -0.000248919
v 0.06515228 0.02449667 -0.000246356
v 0.06510967 0.02499109 0
v 0.06504231 0.02464252 -6.59332e-05
v 0.06526029 0.02491098 -2.46272e-05
v 0.0655108 0.02477461 -0.000207494
v 0.06540524 0.02483254 -9.99675e-05
v 0.06535077 0.02486205 -7.16553e-05
v 0.06519389 0.02444148 -0.000493656
v 0.06478828 0.02414065 -0.000334273
v 0.06479233 0.02410602 -0.000493
v 0.06472599 0.02434438 -8.48875e-05
v 0.06476581 0.02422171 -0.000195573
v 0.06477445 0.0241906 -0.0002488
v 0.06471431 0.02437752 -7.0344e-05
v 0.06467002 0.02450299 -1.52097e-05
v 0.06107872 0.03235232 -0.000749897
v 0.06102287 0.03225886 -0.002526164
v 0.06296253 0.02828675 -0.002526164
v 0.06474262 0.02393364 -0.002526164
v 0.06409883 0.02654403 0.004205524
v 0.06123435 0.03261297 0.004205524
v 0.06670165 0.02826035 0.02874994
v 0.06577748 0.02826035 0.02874994
v 0.06708806 0.02813804 0.02700012
v 0.06583899 0.02786374 0.02307784
v 0.06535482 0.02624529 -6.67081e-05
v 0.06553804 0.02623254 -0.000249516
v 0.06477695 0.02705913 0.01157182
v 0.06410348 0.02654898 0.004275619
v 0.06719237 -0.027888 0.02700012
v 0.06680697 -0.02801036 0.02874994
v 0.06249201 -0.03664016 0.02874994
v 0.05520689 -0.04690372 0.02874994
v 0.04625517 -0.05575138 0.02874994
v 0.0359072 -0.06291604 0.02874994
v 0.02447527 -0.06818151 0.02874994
v 0.01230454 -0.07138878 0.02874994
v -0.0002376 -0.07244104 0.02874994
v -0.01277256 -0.07130652 0.02874994
v -0.02492201 -0.06801944 0.02874994
v -0.03631913 -0.06267917 0.02874994
v -0.04661989 -0.05544674 0.02874994
v -0.05551338 -0.04654055 0.02874994
v -0.06273102 -0.03622943 0.02874994
v -0.06805503 -0.02482473 0.02874994
v -0.0713247 -0.01267057 0.02874994
v -0.07244127 -0.000133992 0.02874994
v -0.07137107 0.01240664 0.02874994
v -0.0681464 0.02457278 0.02874994
v -0.0628646 0.03599715 0.02874994
v -0.05568516 0.04633486 0.02874994
v -0.04682469 0.05527389 0.02874994
v -0.03655076 0.06254434 0.02874994
v -0.02517348 0.06792682 0.02874994
v -0.01303625 0.07125878 0.02874994
v -0.000505583 0.07243967 0.02874994
v 0.01204037 0.07143378 0.02874994
v 0.02422291 0.06827157 0.02874994
v 0.03567421 0.06304842 0.02874994
v 0.04604864 0.05592209 0.02874994
v 0.05503296 0.04710763 0.02874994
v 0.06235605 0.03687113 0.02874994
v 0.06136995 0.03686541 0.02874994
v 0.0540843 0.04690647 0.02874994
v 0.04517465 0.05553901 0.02874994
v 0.03490847 0.06250381 0.02874994
v 0.02359402 0.06759178 0.02874994
v 0.01157116 0.0706501 0.02874994
v -0.00079918 0.07158696 0.02874994
v -0.0131455 0.07037419 0.02874994
v -0.02509713 0.06704819 0.02874994
v -0.03629511 0.06170892 0.02874994
v -0.04640328 0.05451661 0.02874994
v -0.05511802 0.04568731 0.02874994
v -0.06217765 0.0354861 0.02874994
v -0.06737023 0.02421933 0.02874994
v -0.07053983 0.01222532 0.02874994
v -0.07159125 -0.000135813 0.02874994
v -0.07049298 -0.01249283 0.02874994
v -0.0672779 -0.02447479 0.02874994
v -0.06204259 -0.03572177 0.02874994
v -0.05494427 -0.04589611 0.02874994
v -0.0461961 -0.05469232 0.02874994
v -0.03606075 -0.06184619 0.02874994
v -0.02484256 -0.06714296 0.02874994
v -0.01287841 -0.07042354 0.02874994
v -0.000527569 -0.07158946 0.02874994
v 0.01183909 -0.07060569 0.02874994
v 0.02385032 -0.06750178 0.02874994
v 0.03514534 -0.06237089 0.02874994
v 0.04538506 -0.05536717 0.02874994
v 0.05426192 -0.04670089 0.02874994
v 0.06150937 -0.03663229 0.02874994
v 0.06588435 -0.02801036 0.02874994
v 0.0633018 0.0332272 0.02307784
v 0.06116873 0.03674381 0.02307784
v 0.06594425 -0.02761375 0.02307784
v 0.06343078 -0.03298026 0.02307784
v 0.06130766 -0.03651148 0.02307784
v 0.05887567 -0.04055637 0.02307784
v 0.05413764 -0.04659771 0.02307784
v 0.05342036 -0.04751235 0.02307784
v 0.04714834 -0.05374193 0.02307784
v 0.04525619 -0.05520522 0.02307784
v 0.04015541 -0.05914986 0.02307784
v 0.03503543 -0.06218105 0.02307784
v 0.03254854 -0.0636534 0.02307784
v 0.02444404 -0.06718373 0.02307784
v 0.02380657 -0.0673719 0.02307784
v 0.01596581 -0.06968683 0.02307784
v 0.01180052 -0.07037335 0.02307784
v 0.007243454 -0.07112449 0.02307784
v -0.00052913 -0.07143265 0.02307784
v -0.001589596 -0.07147473 0.02307784
v -0.01039838 -0.07073211 0.02307784
v -0.01283776 -0.07021772 0.02307784
v -0.01904821 -0.06890809 0.02307784
v -0.02476972 -0.0669384 0.02307784
v -0.02740675 -0.0660305 0.02307784
v -0.03534632 -0.06214338 0.02307784
v -0.03598719 -0.06172442 0.02307784
v -0.04274541 -0.05730611 0.02307784
v -0.04604387 -0.05451238 0.02307784
v -0.04949098 -0.05159264 0.02307784
v -0.05482929 -0.04579675 0.02307784
v -0.05547988 -0.04509037 0.02307784
v -0.06062054 -0.03789871 0.02307784
v -0.06185704 -0.0356183 0.02307784
v -0.06483435 -0.03012758 0.02307784
v -0.06707704 -0.02439874 0.02307784
v -0.06805682 -0.02189582 0.02307784
v -0.07023882 -0.01332932 0.02307784
v -0.07034742 -0.01246953 0.02307784
v -0.07134687 -0.00455904 0.02307784
v -0.07135552 -0.000135358 0.02307784
v -0.0713641 0.004280924 0.02307784
v -0.07039463 0.01220256 0.02307784
v -0.0702902 0.0130555 0.02307784
v -0.06814163 0.02163046 0.02307784
v -0.06716895 0.02414399 0.02307784
v -0.06495124 0.02987474 0.02307784
v -0.06199193 0.03538346 0.02307784
v -0.06076776 0.0376622 0.02307784
v -0.05565518 0.04487383 0.02307784
v -0.05500239 0.04558813 0.02307784
v -0.04969167 0.0513994 0.02307784
v -0.04625034 0.05433726 0.02307784
v -0.04296845 0.05713909 0.02307784
v -0.03622132 0.06158775 0.02307784
v -0.0355882 0.06200516 0.02307784
v -0.02766388 0.06592321 0.02307784
v -0.02502346 0.06684374 0.02307784
v -0.01931661 0.06883335 0.02307784
v -0.01310408 0.07016873 0.02307784
v -0.01067394 0.0706911 0.02307784
v -0.001868128 0.07146799 0.02307784
v -0.000800153 0.07142978 0.02307784
v 0.006966233 0.07115221 0.02307784
v 0.01153349 0.07041764 0.02307784
v 0.01569414 0.06974852 0.02307784
v 0.02355086 0.06746214 0.02307784
v 0.02418202 0.06727844 0.02307784
v 0.03230023 0.06377977 0.02307784
v 0.03479915 0.06231343 0.02307784
v 0.03992462 0.0593059 0.02307784
v 0.04504656 0.05537664 0.02307784
v 0.04693853 0.05392527 0.02307784
v 0.05323481 0.04772019 0.02307784
v 0.0539602 0.04680258 0.02307784
v 0.05871719 0.04078549 0.02307784
v 0.04358297 0.05267786 -0.002999961
v 0.04494398 0.05163383 -0.002999961
v 0.04612386 0.0529893 0.0115664
v 0.0366345 0.05772089 -0.002999961
v 0.03822809 0.05678576 -0.002999961
v 0.03923165 0.05827653 0.0115664
v 0.02910929 0.06185322 -0.002999961
v 0.03092771 0.06106954 -0.002999961
v 0.03173965 0.06267273 0.0115664
v 0.02112615 0.06500983 -0.002999961
v 0.02315449 0.06441956 -0.002999961
v 0.02376234 0.06611073 0.0115664
v 0.01281088 0.06714117 -0.002999961
v 0.01502722 0.06678467 -0.002999961
v 0.01542168 0.06853789 0.0115664
v 0.004294455 0.06821364 -0.002999961
v 0.006670236 0.0681287 -0.002999961
v 0.006845295 0.0699172 0.0115664
v -0.004288673 0.06821054 -0.002999961
v -0.001788735 0.06843107 -0.002999961
v -0.001835703 0.07022756 0.0115664
v -0.01280343 0.06713199 -0.002999961
v -0.01022034 0.06768721 -0.002999961
v -0.01048868 0.06946408 0.0115664
v -0.0211156 0.06499505 -0.002999961
v -0.01849573 0.06590843 -0.002999961
v -0.01898133 0.06763863 0.0115664
v -0.02909409 0.06183356 -0.002999961
v -0.02648836 0.06312197 -0.002999961
v -0.02718371 0.06477904 0.0115664
v -0.03661334 0.05769735 -0.002999961
v -0.03407597 0.05937039 -0.002999961
v -0.03497052 0.06092894 0.0115664
v -0.04355484 0.0526517 -0.002999961
v -0.04114258 0.0547111 -0.002999961
v -0.04222261 0.05614733 0.0115664
v -0.04980909 0.04677617 -0.002999961
v -0.04758012 0.04921525 -0.002999961
v -0.04882919 0.05050724 0.0115664
v -0.05527776 0.04016345 -0.002999961
v -0.05329024 0.04296702 -0.002999961
v -0.05468916 0.04409497 0.0115664
v -0.05987459 0.03291773 -0.002999961
v -0.05818557 0.03606182 -0.002999961
v -0.059713 0.03700852 0.0115664
v -0.06352716 0.02515321 -0.002999961
v -0.06219124 0.02860522 -0.002999961
v -0.06382387 0.02935618 0.0115664
v -0.06617796 0.01699239 -0.002999961
v -0.0652461 0.02071136 -0.002999961
v -0.0669589 0.02125501 0.0115664
v -0.0677852 0.008563756 -0.002999961
v -0.06730335 0.01250076 -0.002999961
v -0.06907021 0.01282894 0.0115664
v -0.06832367 2.54896e-07 -0.002999961
v -0.06833165 0.004099011 -0.002999961
v -0.07012546 0.004206657 0.0115664
v -0.06778478 -0.00856316 -0.002999961
v -0.06831514 -0.004365265 -0.002999961
v -0.07010853 -0.004479885 0.0115664
v 0.06220304 0.03265047 0.0115664
v 0.06143474 0.03224718 0.004275619
v 0.06123977 0.0326159 0.004275619
v 0.05769801 0.04007756 0.0115664
v 0.06104302 0.03285574 0.003788828
v 0.06107622 0.03282737 0.003916323
v 0.06116372 0.03273314 0.004179835
v 0.06119871 0.03268474 0.004244565
v 0.06122142 0.03264862 0.004268944
v 0.06123977 -0.0326159 0.004275619
v 0.06122142 -0.03264862 0.004268944
v 0.06232982 -0.03240782 0.0115664
v 0.05785375 -0.03985244 0.0115664
v 0.06119871 -0.03268474 0.004244565
v 0.06116372 -0.03273314 0.004179835
v 0.06024754 -0.03249996 -0.002999961
v 0.05996376 -0.03296387 -0.002999961
v 0.06104302 -0.03285574 0.003788828
v 0.06107622 -0.03282737 0.003916323
v 0.06155991 -0.03200751 0.004275619
v 0.06488078 -0.02680915 0.01157182
v 0.06420648 -0.02629894 0.004275619
v 0.05249315 -0.04668772 0.0115664
v 0.03945845 -0.05812317 0.0115664
v 0.04632997 -0.05280917 0.0115664
v 0.03198361 -0.06254857 0.0115664
v 0.02401977 -0.06601762 0.0115664
v 0.01568865 -0.06847733 0.0115664
v 0.007117688 -0.06989002 0.0115664
v -0.001561999 -0.07023417 0.0115664
v -0.0102179 -0.06950443 0.0115664
v -0.01871758 -0.06771206 0.0115664
v -0.0269311 -0.06488442 0.0115664
v -0.04200351 -0.05631142 0.0115664
v -0.03473281 -0.06106477 0.0115664
v -0.04863202 -0.05069714 0.0115664
v -0.05451697 -0.04430776 0.0115664
v -0.06370902 -0.02960467 0.0115664
v -0.05956834 -0.03724092 0.0115664
v -0.06687557 -0.02151578 0.0115664
v -0.06901967 -0.013098 0.0115664
v 0.05231082 0.04689192 0.0115664
v 0.05115038 -0.04549342 -0.002999961
v 0.05531412 -0.04018419 -0.002999961
v 0.05637383 -0.03883302 -0.002999961
v 0.04983812 -0.04679679 -0.002999961
v 0.0384491 -0.05663639 -0.002999961
v 0.04357701 -0.05267071 -0.002999961
v 0.04514485 -0.05145829 -0.002999961
v 0.03662973 -0.0577135 -0.002999961
v 0.02340531 -0.06432884 -0.002999961
v 0.02910566 -0.06184577 -0.002999961
v 0.03116548 -0.06094855 -0.002999961
v 0.02112358 -0.06500256 -0.002999961
v 0.006935656 -0.06810218 -0.002999961
v 0.01280927 -0.06713408 -0.002999961
v 0.01528733 -0.06672561 -0.002999961
v 0.004293799 -0.06820696 -0.002999961
v -0.009956538 -0.06772649 -0.002999961
v -0.004288554 -0.06820434 -0.002999961
v -0.001522064 -0.06843751 -0.002999961
v -0.01280266 -0.06712633 -0.002999961
v -0.02624219 -0.06322467 -0.002999961
v -0.02111434 -0.06499004 -0.002999961
v -0.01823878 -0.06598001 -0.002999961
v -0.02909249 -0.0618292 -0.002999961
v -0.04092907 -0.05487096 -0.002999961
v -0.03661149 -0.05769366 -0.002999961
v -0.03384435 -0.05950272 -0.002999961
v -0.04355281 -0.05264866 -0.002999961
v -0.0531224 -0.04317432 -0.002999961
v -0.04980719 -0.04677373 -0.002999961
v -0.04738795 -0.04940032 -0.002999961
v -0.05527597 -0.04016155 -0.002999961
v -0.06207931 -0.02884739 -0.002999961
v -0.05987298 -0.0329163 -0.002999961
v -0.05804455 -0.03628826 -0.002999961
v -0.06352591 -0.0251522 -0.002999961
v -0.06725418 -0.0127629 -0.002999961
v -0.06617707 -0.01699161 -0.002999961
v -0.06516492 -0.02096539 -0.002999961
v 0.04984521 0.04680353 -0.002999961
v 0.0509727 0.04569238 -0.002999961
v 0.05532246 0.04019033 -0.002999961
v 0.05622208 0.03905236 -0.002999961
v 0.05996286 0.03296327 -0.002999961
v 0.06024754 0.03249996 -0.002999961
v 0.06553262 -0.02598315 -0.000240396
v 0.06534558 -0.02599567 -6.15225e-05
v 0.06510531 -0.02599996 0
v 0.06408369 -0.02599996 0
v 0.06420183 -0.02629405 0.004205524
v 0.06297123 -0.02826738 -0.002526164
v 0.06102287 -0.03225886 -0.002526164
v 0.06117969 -0.03252142 0.002464413
v 0.06123435 -0.03261297 0.004205524
v 0.06474262 -0.02393364 -0.002526164
v 0.06091243 -0.03238588 -0.002692997
v 0.06102126 -0.03226155 -0.002529382
v 0.06290256 -0.02823656 -0.00276494
v 0.06062459 -0.0325039 -0.002925276
v 0.06067067 -0.03249484 -0.00290054
v 0.06273686 -0.02816218 -0.002937316
v 0.06073915 -0.03247845 -0.002855181
v 0.06084108 -0.03242397 -0.002759754
v 0.0605995 -0.03250354 -0.002931594
v 0.06251573 -0.02806288 -0.002999961
v 0.06032824 -0.03249996 -0.002999961
v 0.06455731 -0.02368354 -0.002932727
v 0.06453824 -0.02365952 -0.002952396
v 0.06433928 -0.02358382 -0.002999961
v 0.06445091 -0.02354907 -0.002982735
v 0.06440347 -0.02348905 -0.002999246
v 0.06472486 -0.02389985 -0.002667903
v 0.06468594 -0.02384769 -0.002760469
v 0.06465649 -0.02380824 -0.002830505
v 0.06456243 0.01882231 -0.02032858
v 0.06587308 0.01920443 -0.01999998
v 0.06548321 0.01983207 -0.01991993
v 0.06353896 0.01852393 -0.02124243
v 0.0642243 0.01958543 -0.02029097
v 0.06302684 0.01837462 -0.02254134
v 0.06321483 0.01953697 -0.02116388
v 0.06535357 0.02005177 -0.01985198
v 0.0641117 0.01985877 -0.02022618
v 0.06515544 0.02041023 -0.01967418
v 0.06386578 0.02050727 -0.01994788
v 0.06507027 0.02056431 -0.01959776
v 0.06497991 0.02074396 -0.01946967
v 0.06378757 0.02073758 -0.01979827
v 0.06480771 0.02114391 -0.01907742
v 0.06363952 0.02125388 -0.01932162
v 0.06476312 0.02128338 -0.01888847
v 0.06360208 0.02143406 -0.01908594
v 0.06475853 0.02131807 -0.01882147
v 0.06357729 0.02175885 -0.01846379
v 0.06472957 0.02153772 -0.01839756
v 0.06474691 0.02161127 -0.01817601
v 0.06359487 0.02184963 -0.01818042
v 0.0648638 0.02170097 -0.01763081
v 0.06370353 0.02194726 -0.01748216
v 0.06310713 0.01989686 -0.02106803
v 0.06287235 0.02074611 -0.02067768
v 0.06279784 0.02104634 -0.02047276
v 0.06265783 0.02171772 -0.01982891
v 0.06262284 0.02195191 -0.01951342
v 0.06260186 0.02237576 -0.0186851
v 0.06261998 0.0224955 -0.01830893
v 0.06272757 0.02263003 -0.01738196
v 0.06265485 0.01969617 -0.02236574
v 0.0625317 0.02015888 -0.02221685
v 0.0622639 0.02123892 -0.02165931
v 0.06217908 0.02161771 -0.02137845
v 0.06201916 0.02246135 -0.02051836
v 0.06197893 0.02275586 -0.02010405
v 0.06195288 0.02329367 -0.01902759
v 0.0619722 0.02344959 -0.01854175
v 0.06209069 0.02364099 -0.01734626
v 0.06358814 0.0163266 -0.02254134
v 0.06521922 0.01125997 -0.02124243
v 0.0645762 0.01114684 -0.02254134
v 0.06513297 0.008228182 -0.02254134
v 0.06607186 0.003853142 -0.02124243
v 0.06541067 0.003813982 -0.02254134
v 0.06608599 -0.003602504 -0.02124243
v 0.06565064 0 -0.02254134
v 0.06542634 -0.00356549 -0.02254134
v 0.06526148 -0.01101255 -0.02124243
v 0.06513297 -0.008228182 -0.02254134
v 0.06462287 -0.01090228 -0.02254134
v 0.06360876 -0.01828277 -0.02124243
v 0.06358814 -0.0163266 -0.02254134
v 0.06309604 -0.01813542 -0.02254134
v 0.06463336 -0.01857727 -0.02032858
v 0.06631273 -0.01118993 -0.02032858
v 0.06715053 -0.003660559 -0.02032858
v 0.06713616 0.00391525 -0.02032858
v 0.06626981 0.01144134 -0.02032858
v 0.06594544 -0.01895439 -0.01999998
v 0.06765884 -0.01141709 -0.01999998
v 0.06851363 -0.003734827 -0.01999998
v 0.06849896 0.003994703 -0.01999998
v 0.06761503 0.01167362 -0.01999998
v 0.06379473 -0.02169877 -0.01748174
v 0.06495845 -0.02145099 -0.01763081
v 0.06486278 -0.02139794 -0.01802837
v 0.06281691 -0.02238559 -0.01738154
v 0.06370633 -0.02164483 -0.01799052
v 0.06218129 -0.02340167 -0.01734626
v 0.06272971 -0.02230936 -0.01805716
v 0.06483072 -0.02133131 -0.01827472
v 0.06367552 -0.02156484 -0.01830583
v 0.06483799 -0.02110219 -0.01877945
v 0.06367683 -0.02127492 -0.01894748
v 0.06484609 -0.02107244 -0.01882338
v 0.06371366 -0.02106446 -0.01924967
v 0.06488251 -0.02093881 -0.01902061
v 0.06504005 -0.02054983 -0.01942473
v 0.06384849 -0.02056264 -0.0197435
v 0.06515747 -0.02030956 -0.0196008
v 0.06395 -0.02025473 -0.01995015
v 0.06523865 -0.02016037 -0.01967436
v 0.06419241 -0.01960581 -0.02022725
v 0.06543689 -0.01979601 -0.01985406
v 0.06559062 -0.01953256 -0.01993221
v 0.06432574 -0.01927876 -0.02030092
v 0.06269872 -0.02220284 -0.01847577
v 0.06269711 -0.02182346 -0.01932919
v 0.06273114 -0.02154958 -0.01973307
v 0.0628584 -0.02089697 -0.02039879
v 0.06295496 -0.02049559 -0.02068144
v 0.06318628 -0.01964551 -0.02107018
v 0.0633139 -0.01921451 -0.02117967
v 0.06208491 -0.02328819 -0.01821792
v 0.06205117 -0.0231468 -0.01875823
v 0.06205195 -0.02266204 -0.01986491
v 0.06209152 -0.02231687 -0.02039366
v 0.06223714 -0.02149623 -0.02127993
v 0.06234723 -0.02098971 -0.02166604
v 0.0626114 -0.01990759 -0.02222132
v 0.06275743 -0.01935267 -0.02239274
v 0.06585466 -0.02179837 -0.01100206
v 0.0644052 -0.02316999 -0.004518389
v 0.06339561 -0.02387952 -0.008214592
v 0.06405228 -0.02415192 -0.002999961
v 0.06379103 -0.0227639 -0.01015836
v 0.06315457 -0.02377957 -0.01012867
v 0.06445693 -0.02304649 -0.005014657
v 0.06507301 -0.0220943 -0.008931815
v 0.06532371 -0.02199941 -0.009595811
v 0.06476992 -0.02207767 -0.01025003
v 0.0655952 -0.0218966 -0.01031488
v 0.06560856 -0.02189153 -0.01035028
v 0.06449145 -0.02296406 -0.005346238
v 0.06470692 -0.02244961 -0.007414221
v 0.06498974 -0.02217513 -0.008586704
v 0.04779458 0.04488205 -0.02309614
v 0.04179245 0.05051839 -0.02309614
v 0.03513127 0.05535805 -0.02309614
v 0.02791607 0.05932468 -0.02309614
v 0.02026057 0.06235569 -0.02309614
v 0.01228559 0.06440329 -0.02309614
v 0.004116833 0.06543529 -0.02309614
v -0.06096047 -0.02413594 -0.02309614
v -0.0574547 -0.03158599 -0.02309614
v -0.05304288 -0.03853791 -0.02309614
v -0.04779458 -0.04488205 -0.02309614
v -0.04179245 -0.05051839 -0.02309614
v -0.03513127 -0.05535805 -0.02309614
v -0.02791607 -0.05932468 -0.02309614
v -0.02026057 -0.06235569 -0.02309614
v -0.01228559 -0.06440329 -0.02309614
v -0.004116833 -0.06543529 -0.02309614
v 0.05304288 0.03853791 -0.02309614
v 0.05745476 0.03158599 -0.02309614
v 0.0593695 0.0326386 -0.008215367
v -0.02026057 0.06235569 -0.02309614
v -0.01228559 0.06440329 -0.02309614
v -0.01269501 0.06654959 -0.008215367
v -0.04179245 0.05051839 -0.02309614
v -0.03513127 0.05535805 -0.02309614
v -0.03630208 0.05720293 -0.008215367
v -0.0574547 0.03158599 -0.02309614
v -0.05304288 0.03853791 -0.02309614
v -0.05481064 0.03982222 -0.008215367
v 0.02026057 -0.06235569 -0.02309614
v 0.01228559 -0.06440329 -0.02309614
v 0.01269501 -0.06654959 -0.008215367
v 0.04179245 -0.05051839 -0.02309614
v 0.03513127 -0.05535805 -0.02309614
v 0.03630208 -0.05720293 -0.008215367
v 0.05745476 -0.03158599 -0.02309614
v 0.05304288 -0.03853791 -0.02309614
v 0.05481064 -0.03982222 -0.008215367
v 0.05481064 0.03982222 -0.008215367
v 0.04938739 0.04637783 -0.008215367
v 0.04318523 0.05220198 -0.008215367
v 0.03630208 0.05720293 -0.008215367
v 0.02884638 0.0613017 -0.008215367
v 0.02093577 0.06443375 -0.008215367
v 0.01269501 0.06654959 -0.008215367
v -0.04318523 0.05220198 -0.008215367
v -0.04938739 0.04637783 -0.008215367
v -0.05936944 0.0326386 -0.008215367
v -0.06299203 0.02494031 -0.008215367
v -0.06562119 -0.01684862 -0.008215367
v -0.06299203 -0.02494031 -0.008215367
v -0.05936944 -0.0326386 -0.008215367
v -0.05481064 -0.03982222 -0.008215367
v -0.04938739 -0.04637783 -0.008215367
v -0.04318523 -0.05220198 -0.008215367
v -0.03630208 -0.05720293 -0.008215367
v -0.02884638 -0.0613017 -0.008215367
v -0.02093577 -0.06443375 -0.008215367
v -0.01269501 -0.06654959 -0.008215367
v 0.0593695 -0.0326386 -0.008215367
v 0.06364732 -0.02519977 -0.002999961
v 0.06299203 -0.02494031 -0.008215367
v 0.06096047 0.02413594 -0.02309614
v 0.06299203 0.02494031 -0.008215367
v 0.06306493 0.02401942 -0.01012063
v 0.0633049 0.02411901 -0.008214592
v 0.06350481 0.01630526 -0.02309614
v 0.06504762 0.008217394 -0.02309614
v 0.06556463 0 -0.02309614
v 0.06504762 -0.008217394 -0.02309614
v 0.06096047 -0.02413594 -0.02309614
v 0.06350481 -0.01630526 -0.02309614
v 0.04938739 -0.04637783 -0.008215367
v 0.04318523 -0.05220198 -0.008215367
v 0.02884638 -0.0613017 -0.008215367
v 0.02093577 -0.06443375 -0.008215367
v 0.004253983 -0.06761598 -0.008215367
v -0.004253983 -0.06761598 -0.008215367
v -0.06774967 0 -0.008215367
v -0.06721544 0.008491277 -0.008215367
v -0.06721544 -0.008491277 -0.008215367
v -0.06562119 0.01684862 -0.008215367
v -0.02884638 0.0613017 -0.008215367
v -0.02093577 0.06443375 -0.008215367
v -0.004253983 0.06761598 -0.008215367
v 0.004253983 0.06761598 -0.008215367
v 0.06396144 0.02439153 -0.002999961
v 0.06364732 0.02519977 -0.002999961
v 0.04779458 -0.04488205 -0.02309614
v 0.02791607 -0.05932468 -0.02309614
v 0.004116833 -0.06543529 -0.02309614
v -0.06350481 0.01630526 -0.02309614
v -0.06504768 0.008217394 -0.02309614
v -0.06556463 0 -0.02309614
v -0.06504768 -0.008217394 -0.02309614
v -0.06350481 -0.01630526 -0.02309614
v -0.06096047 0.02413594 -0.02309614
v -0.04779458 0.04488205 -0.02309614
v -0.02791607 0.05932468 -0.02309614
v -0.004116833 0.06543529 -0.02309614
v -0.06304341 0 -0.03849142
v 0.06580197 0.02206516 -0.01068139
v 0.06568449 0.02210593 -0.01036214
v 0.06467968 0.02232664 -0.01024234
v 0.06425058 0.02382445 -0.002999961
v 0.06370258 0.02300888 -0.01015073
v 0.06454831 0.02297627 -0.005780696
v 0.06495499 0.02244466 -0.008140265
v 0.06498795 0.02240157 -0.008331656
v 0.06453317 0.02306783 -0.005337238
v 0.06448805 0.02334028 -0.004017114
v 0.06445342 0.02354961 -0.003002822
v 0.064453 0.02355211 -0.002990722
v 0.06565678 0.02211552 -0.01028674
v 0.06513774 0.02229559 -0.008876144
v 0.06062459 0.0325039 -0.002925276
v 0.0605995 0.03250354 -0.002931594
v 0.06272822 0.02818149 -0.002937316
v 0.06102126 0.03226155 -0.002529382
v 0.06289386 0.02825593 -0.00276494
v 0.06091243 0.03238588 -0.002692997
v 0.06083911 0.0324189 -0.002755939
v 0.06067067 0.03249484 -0.00290054
v 0.06472134 0.02389466 -0.002681553
v 0.06455844 0.02368474 -0.002932965
v 0.06458234 0.02371478 -0.00291872
v 0.0646665 0.02382105 -0.002814173
v 0.06468802 0.02384996 -0.002762138
v 0.06032824 0.03249996 -0.002999961
v 0.06250709 0.02808213 -0.002999961
v 0.06447094 0.02357482 -0.002985239
v 0.07214623 0.02354973 -0.01792728
v 0.06484282 0.02354973 -0.005264282
v 0.06639587 0.02354973 -0.009954452
v 0.06886422 0.02354973 -0.0142343
v 0.0752502 0.02198773 -0.02133423
v 0.07513618 0.02274614 -0.02090871
v 0.07156038 0.02199989 -0.01856559
v 0.0711627 0.0215429 -0.01838397
v 0.07144445 0.02136164 -0.01869261
v 0.07154881 0.02129447 -0.01880699
v 0.07238221 0.02039635 -0.01965939
v 0.07182705 0.02111548 -0.01911175
v 0.07531148 0.02158039 -0.02156281
v 0.07046115 0.02170097 -0.01763081
v 0.06816154 0.02199989 -0.01474106
v 0.06830936 0.02183699 -0.0150358
v 0.06641066 0.02199989 -0.01192724
v 0.06654161 0.02198588 -0.01219451
v 0.0681377 0.02185142 -0.01475989
v 0.06582045 0.02206301 -0.01072257
v 0.07147586 -0.02103078 -0.0187965
v 0.07192158 -0.02072954 -0.01926034
v 0.0720573 -0.02058905 -0.01939153
v 0.07110053 -0.02128446 -0.01840597
v 0.07141095 -0.02107465 -0.01872903
v 0.07037025 -0.02145099 -0.01763081
v 0.0674737 -0.02164435 -0.01394098
v 0.06807678 -0.02159923 -0.01480251
v 0.06860208 -0.02155989 -0.01555293
v 0.07156038 -0.02199989 -0.01856559
v 0.06816154 -0.02199989 -0.01474106
v 0.07537245 -0.02055799 -0.02179038
v 0.0752899 -0.02178227 -0.02148222
v 0.07525587 -0.02199286 -0.02135539
v 0.07214623 -0.02354973 -0.01792728
v 0.06886422 -0.02354973 -0.0142343
v 0.06639587 -0.02354973 -0.009954452
v 0.06484282 -0.02354973 -0.005264282
v 0.06560528 -0.02199989 -0.01030886
vn 0.3331705 -0.2789392 0.9006317
vn 0.33314 -0.1138035 0.9359722
vn 0.8301035 -0.0300607 0.5567797
vn 0.3159887 -0.03067106 0.9482406
vn 0.8224128 0.008880853 0.5687735
vn 0.3031404 0.007934808 0.9528794
vn 0.3227027 0.05456709 0.9449141
vn 0.3350627 0.1511276 0.9299905
vn 0.3099765 0.2455519 0.9184545
vn 0.3221534 0.2978911 0.898587
vn 0 0 1
vn -0.03729361 -0.004882931 0.9992676
vn -0.0363475 -0.009735405 0.9992676
vn -0.0376293 0 0.9992676
vn -0.03259372 -0.01879936 0.9992676
vn -0.02984708 -0.02288883 0.9992676
vn -0.03476053 -0.01437419 0.9992676
vn -0.02288883 -0.02984708 0.9992676
vn -0.01879936 -0.03259372 0.9992676
vn -0.0266121 -0.0266121 0.9992676
vn -0.009735405 -0.0363475 0.9992676
vn -0.004882931 -0.03729361 0.9992676
vn -0.01437419 -0.03476053 0.9992676
vn 0.004882931 -0.03729361 0.9992676
vn 0.009735405 -0.0363475 0.9992676
vn 0 -0.0376293 0.9992676
vn 0.01879936 -0.03259372 0.9992676
vn 0.02288883 -0.02984708 0.9992676
vn 0.01437419 -0.03476053 0.9992676
vn 0.02984708 -0.02288883 0.9992676
vn 0.03259372 -0.01879936 0.9992676
vn 0.0266121 -0.0266121 0.9992676
vn 0.0363475 -0.009735405 0.9992676
vn 0.03729361 -0.004882931 0.9992676
vn 0.03476053 -0.01437419 0.9992676
vn 0.03729361 0.004882931 0.9992676
vn 0.0363475 0.009735405 0.9992676
vn 0.0376293 0 0.9992676
vn 0.03259372 0.01879936 0.9992676
vn 0.02984708 0.02288883 0.9992676
vn 0.03476053 0.01437419 0.9992676
vn 0.02288883 0.02984708 0.9992676
vn 0.01879936 0.03259372 0.9992676
vn 0.0266121 0.0266121 0.9992676
vn 0.009735405 0.0363475 0.9992676
vn 0.004882931 0.03729361 0.9992676
vn 0.01437419 0.03476053 0.9992676
vn -0.004882931 0.03729361 0.9992676
vn -0.009735405 0.0363475 0.9992676
vn 0 0.0376293 0.9992676
vn -0.01879936 0.03259372 0.9992676
vn -0.02288883 0.02984708 0.9992676
vn -0.01437419 0.03476053 0.9992676
vn -0.02984708 0.02288883 0.9992676
vn -0.03259372 0.01879936 0.9992676
vn -0.0266121 0.0266121 0.9992676
vn -0.0363475 0.009735405 0.9992676
vn -0.03729361 0.004882931 0.9992676
vn -0.03476053 0.01437419 0.9992676
vn 0.7219459 0.6638081 0.1952574
vn 0.6692709 0.7219154 0.175695
vn 0.6823023 0.690054 0.2413403
vn -0.9602954 0.1269264 0.2483291
vn -0.9659414 0.1842402 0.1815851
vn -0.975219 0.1217688 0.1845454
vn -0.9687185 0 0.2481154
vn -0.9524827 0.2423169 0.1843928
vn -0.9352397 0.2519913 0.2486038
vn -0.9356975 0.3040254 0.17893
vn -0.9147923 0.3592334 0.1844844
vn -0.8941008 0.3724784 0.2485733
vn -0.8905912 0.4190801 0.176519
vn -0.8626973 0.4707175 0.1847895
vn -0.8376721 0.486404 0.2483596
vn -0.8313853 0.527604 0.1743522
vn -0.7968993 0.5749382 0.1852473
vn -0.7669607 0.5918149 0.2479628
vn -0.7589648 0.6278573 0.1724296
vn -0.7184668 0.6702475 0.1857967
vn -0.6832179 0.6869412 0.2475356
vn -0.6744896 0.7182531 0.170751
vn -0.6285898 0.7550585 0.1863155
vn -0.5879086 0.7702566 0.2470473
vn -0.5792719 0.7973266 0.1693472
vn -0.5286417 0.8279977 0.1868343
vn -0.4826807 0.8403272 0.2465896
vn -0.474868 0.8637959 0.1681874
vn -0.4202399 0.8878445 0.187292
vn -0.3693045 0.8960845 0.2462233
vn -0.3629261 0.9166539 0.1673024
vn -0.305063 0.9336223 0.1876583
vn -0.2497024 0.9365521 0.2459181
vn -0.2451857 0.9550157 0.1666616
vn -0.1850337 0.964568 0.187933
vn -0.1258888 0.9611194 0.245735
vn -0.1235694 0.9783014 0.1662648
vn -0.06198304 0.9801935 0.188055
vn 0.002960264 0.9696035 0.2446364
vn 0 0.9860836 0.1661427
vn 0.1204565 0.9640492 0.2367321
vn 0.2451857 0.9399396 0.2374035
vn 0.234962 0.9561449 0.1746879
vn 0.1982787 0.9559313 0.2164067
vn 0.1122776 0.9781183 0.1750847
vn 0.077578 0.9720451 0.2215644
vn 0.3657643 0.8996857 0.2381969
vn 0.4800867 0.8439589 0.239143
vn 0.4670858 0.8667562 0.1746879
vn 0.4290597 0.8792383 0.206946
vn 0.3538621 0.9188513 0.1745659
vn 0.3160802 0.9248329 0.2115238
vn 0.58623 0.7737053 0.2402111
vn 0.6336253 0.7476425 0.198767
vn 0.5728019 0.8007752 0.1750541
vn 0.5354778 0.8198493 0.2026734
vn 0.7549669 0.631489 0.1765801
vn 0.7647023 0.5963927 0.2439344
vn 0.7968993 0.5749382 0.1852473
vn 0.8376721 0.486404 0.2483596
vn 0.8313853 0.527604 0.1743522
vn 0.8626973 0.4707175 0.1847895
vn 0.8941008 0.3724784 0.2485733
vn 0.8905912 0.4190801 0.176519
vn 0.9147923 0.3592334 0.1844844
vn 0.9352397 0.2519913 0.2486038
vn 0.9356975 0.3040254 0.17893
vn 0.9524827 0.2423169 0.1843928
vn 0.9602954 0.1269264 0.2483291
vn 0.9659414 0.1842402 0.1815851
vn 0.975219 0.1217688 0.1845454
vn 0.9687185 0 0.2481154
vn 0.9781183 0 0.2079836
vn 0.975219 -0.1217688 0.1845454
vn 0.9602954 -0.1269264 0.2483291
vn 0.9659414 -0.1842402 0.1815851
vn 0.9524827 -0.2423169 0.1843928
vn 0.9352397 -0.2519913 0.2486038
vn 0.9356975 -0.3040254 0.17893
vn 0.9147923 -0.3592334 0.1844844
vn 0.8941008 -0.3724784 0.2485733
vn 0.8905912 -0.4190801 0.176519
vn 0.8626973 -0.4707175 0.1847895
vn 0.8376721 -0.486404 0.2483596
vn 0.8313853 -0.527604 0.1743522
vn 0.7968993 -0.5749382 0.1852473
vn 0.7669607 -0.5918149 0.2479628
vn 0.7589648 -0.6278573 0.1724296
vn 0.7184668 -0.6702475 0.1857967
vn 0.6832179 -0.6869412 0.2475356
vn 0.6744896 -0.7182531 0.170751
vn 0.6285898 -0.7550585 0.1863155
vn 0.5879086 -0.7702566 0.2470473
vn 0.5792719 -0.7973266 0.1693472
vn 0.5286417 -0.8279977 0.1868343
vn 0.4826807 -0.8403272 0.2465896
vn 0.474868 -0.8637959 0.1681874
vn 0.4202399 -0.8878445 0.187292
vn 0.3693045 -0.8960845 0.2462233
vn 0.3629261 -0.9166539 0.1673024
vn 0.305063 -0.9336223 0.1876583
vn 0.2497024 -0.9365521 0.2459181
vn 0.2451857 -0.9550157 0.1666616
vn 0.1850337 -0.964568 0.187933
vn 0.1258888 -0.9611194 0.245735
vn 0.1235694 -0.9783014 0.1662648
vn 0.06198304 -0.9801935 0.188055
vn -0.002960264 -0.9696035 0.2446364
vn 0 -0.9860836 0.1661427
vn -0.1204565 -0.9640492 0.2367321
vn -0.2451857 -0.9399396 0.2373729
vn -0.234962 -0.9561449 0.1746879
vn -0.1982787 -0.9559313 0.2164067
vn -0.1122776 -0.9781183 0.1750847
vn -0.077578 -0.9720451 0.2215644
vn -0.3657643 -0.8996857 0.2381969
vn -0.4800867 -0.8439589 0.239143
vn -0.4670858 -0.8667562 0.1746879
vn -0.4290597 -0.8792383 0.206946
vn -0.3538621 -0.9188513 0.1745659
vn -0.3160802 -0.9248329 0.2115238
vn -0.58623 -0.7737053 0.2402111
vn -0.6823023 -0.690054 0.2413403
vn -0.6692709 -0.7219154 0.175695
vn -0.6336253 -0.7476425 0.198767
vn -0.5728019 -0.8007752 0.1750541
vn -0.5354778 -0.8198493 0.2026734
vn -0.8376721 -0.486404 0.2483596
vn -0.7968993 -0.5749382 0.1852473
vn -0.7647023 -0.5963927 0.2439344
vn -0.7549669 -0.631489 0.1765801
vn -0.7219459 -0.6638081 0.1952574
vn -0.8941008 -0.3724784 0.2485733
vn -0.8626973 -0.4707175 0.1847895
vn -0.8313853 -0.527604 0.1743522
vn -0.9352397 -0.2519913 0.2486038
vn -0.9147923 -0.3592334 0.1844844
vn -0.8905912 -0.4190801 0.176519
vn -0.9602954 -0.1269264 0.2483291
vn -0.9524827 -0.2423169 0.1843928
vn -0.9356975 -0.3040254 0.17893
vn -0.9827876 0 0.1846675
vn -0.975219 -0.1217688 0.1845454
vn -0.9659414 -0.1842402 0.1815851
vn -0.9368878 -0.1233253 0.3270974
vn -0.9127781 -0.2445753 0.3270974
vn -0.873043 -0.3616138 0.3270974
vn -0.8183538 -0.4724876 0.3270974
vn -0.7496872 -0.5752434 0.3270974
vn -0.6681722 -0.6681722 0.3270974
vn -0.5752434 -0.7496872 0.3270974
vn -0.4724876 -0.8183538 0.3270974
vn -0.3616138 -0.873043 0.3270974
vn -0.2445753 -0.9127781 0.3270974
vn -0.1233253 -0.9368878 0.3270974
vn 0 -0.9449751 0.3270974
vn 0.1233253 -0.9368878 0.3270974
vn 0.2445753 -0.9127781 0.3270974
vn 0.3616138 -0.873043 0.3270974
vn 0.4724876 -0.8183538 0.3270974
vn 0.5752434 -0.7496872 0.3270974
vn 0.6681722 -0.6681722 0.3270974
vn 0.7496872 -0.5752434 0.3270974
vn 0.8183538 -0.4724876 0.3270974
vn 0.873043 -0.3616138 0.3270974
vn 0.9127781 -0.2445753 0.3270974
vn 0.9368878 -0.1233253 0.3270974
vn 0.9449751 0 0.3270974
vn 0.9368878 0.1233253 0.3270974
vn 0.9127781 0.2445753 0.3270974
vn 0.873043 0.3616138 0.3270974
vn 0.8183538 0.4724876 0.3270974
vn 0.7496872 0.5752434 0.3270974
vn 0.6681722 0.6681722 0.3270974
vn 0.5752434 0.7496872 0.3270974
vn 0.4724876 0.8183538 0.3270974
vn 0.3616138 0.873043 0.3270974
vn 0.2445753 0.9127781 0.3270974
vn 0.1233253 0.9368878 0.3270974
vn 0 0.9449751 0.3270974
vn -0.1233253 0.9368878 0.3270974
vn -0.2445753 0.9127781 0.3270974
vn -0.3616138 0.873043 0.3270974
vn -0.4724876 0.8183538 0.3270974
vn -0.5752434 0.7496872 0.3270974
vn -0.6681722 0.6681722 0.3270974
vn -0.7496872 0.5752434 0.3270974
vn -0.8183538 0.4724876 0.3270974
vn -0.873043 0.3616138 0.3270974
vn -0.9127781 0.2445753 0.3270974
vn -0.9368878 0.1233253 0.3270974
vn -0.9449751 0 0.3270974
vn -0.9053011 -0.1191747 0.4076357
vn -0.8820155 -0.2363353 0.4076357
vn -0.8436232 -0.3494369 0.4076357
vn -0.7907956 -0.4565569 0.4076357
vn -0.7244179 -0.5558642 0.4076357
vn -0.6456801 -0.6456801 0.4076357
vn -0.5558642 -0.7244179 0.4076357
vn -0.4565569 -0.7907956 0.4076357
vn -0.3494369 -0.8436232 0.4076357
vn -0.2363353 -0.8820155 0.4076357
vn -0.1191747 -0.9053011 0.4076357
vn 0 -0.9131138 0.4076357
vn 0.1191747 -0.9053011 0.4076357
vn 0.2363353 -0.8820155 0.4076357
vn 0.3494369 -0.8436232 0.4076357
vn 0.4565569 -0.7907956 0.4076357
vn 0.5558642 -0.7244179 0.4076357
vn 0.6456801 -0.6456801 0.4076357
vn 0.7244179 -0.5558642 0.4076357
vn 0.7907956 -0.4565569 0.4076357
vn 0.8436232 -0.3494369 0.4076357
vn 0.8820155 -0.2363353 0.4076357
vn 0.9053011 -0.1191747 0.4076357
vn 0.9131138 0 0.4076357
vn 0.9053011 0.1191747 0.4076357
vn 0.8820155 0.2363353 0.4076357
vn 0.8436232 0.3494369 0.4076357
vn 0.7907956 0.4565569 0.4076357
vn 0.7244179 0.5558642 0.4076357
vn 0.6456801 0.6456801 0.4076357
vn 0.5558642 0.7244179 0.4076357
vn 0.4565569 0.7907956 0.4076357
vn 0.3494369 0.8436232 0.4076357
vn 0.2363353 0.8820155 0.4076357
vn 0.1191747 0.9053011 0.4076357
vn 0 0.9131138 0.4076357
vn -0.1191747 0.9053011 0.4076357
vn -0.2363353 0.8820155 0.4076357
vn -0.3494369 0.8436232 0.4076357
vn -0.4565569 0.7907956 0.4076357
vn -0.5558642 0.7244179 0.4076357
vn -0.6456801 0.6456801 0.4076357
vn -0.7244179 0.5558642 0.4076357
vn -0.7907956 0.4565569 0.4076357
vn -0.8436232 0.3494369 0.4076357
vn -0.8820155 0.2363353 0.4076357
vn -0.9053011 0.1191747 0.4076357
vn -0.9131138 0 0.4076357
vn -0.865688 -0.1139561 0.4873806
vn -0.8434095 -0.2259895 0.4873806
vn -0.8066958 -0.3341472 0.4873806
vn -0.7561876 -0.4365673 0.4873806
vn -0.6927092 -0.5315409 0.4873806
vn -0.61742 -0.61742 0.4873806
vn -0.5315409 -0.6927092 0.4873806
vn -0.4365673 -0.7561876 0.4873806
vn -0.3341472 -0.8066958 0.4873806
vn -0.2259895 -0.8434095 0.4873806
vn -0.1139561 -0.865688 0.4873806
vn 0 -0.8731651 0.4873806
vn 0.1139561 -0.865688 0.4873806
vn 0.2259895 -0.8434095 0.4873806
vn 0.3341472 -0.8066958 0.4873806
vn 0.4365673 -0.7561876 0.4873806
vn 0.5315409 -0.6927092 0.4873806
vn 0.61742 -0.61742 0.4873806
vn 0.6927092 -0.5315409 0.4873806
vn 0.7561876 -0.4365673 0.4873806
vn 0.8066958 -0.3341472 0.4873806
vn 0.8434095 -0.2259895 0.4873806
vn 0.865688 -0.1139561 0.4873806
vn 0.8731651 0 0.4873806
vn 0.865688 0.1139561 0.4873806
vn 0.8434095 0.2259895 0.4873806
vn 0.8066958 0.3341472 0.4873806
vn 0.7561876 0.4365673 0.4873806
vn 0.6927092 0.5315409 0.4873806
vn 0.61742 0.61742 0.4873806
vn 0.5315409 0.6927092 0.4873806
vn 0.4365673 0.7561876 0.4873806
vn 0.3341472 0.8066958 0.4873806
vn 0.2259895 0.8434095 0.4873806
vn 0.1139561 0.865688 0.4873806
vn 0 0.8731651 0.4873806
vn -0.1139561 0.865688 0.4873806
vn -0.2259895 0.8434095 0.4873806
vn -0.3341472 0.8066958 0.4873806
vn -0.4365673 0.7561876 0.4873806
vn -0.5315409 0.6927092 0.4873806
vn -0.61742 0.61742 0.4873806
vn -0.6927092 0.5315409 0.4873806
vn -0.7561876 0.4365673 0.4873806
vn -0.8066958 0.3341472 0.4873806
vn -0.8434095 0.2259895 0.4873806
vn -0.865688 0.1139561 0.4873806
vn -0.8731651 0 0.4873806
vn -0.8183233 -0.1077303 0.5645619
vn -0.797235 -0.213599 0.5645619
vn -0.7625355 -0.315836 0.5645619
vn -0.7148045 -0.4126713 0.5645619
vn -0.6548051 -0.5024567 0.5645619
vn -0.583636 -0.583636 0.5645619
vn -0.5024567 -0.6548051 0.5645619
vn -0.4126713 -0.7148045 0.5645619
vn -0.315836 -0.7625355 0.5645619
vn -0.213599 -0.797235 0.5645619
vn -0.1077303 -0.8183233 0.5645619
vn 0 -0.8253731 0.5645619
vn 0.1077303 -0.8183233 0.5645619
vn 0.213599 -0.797235 0.5645619
vn 0.315836 -0.7625355 0.5645619
vn 0.4126713 -0.7148045 0.5645619
vn 0.5024567 -0.6548051 0.5645619
vn 0.583636 -0.583636 0.5645619
vn 0.6548051 -0.5024567 0.5645619
vn 0.7148045 -0.4126713 0.5645619
vn 0.7625355 -0.315836 0.5645619
vn 0.797235 -0.213599 0.5645619
vn 0.8183233 -0.1077303 0.5645619
vn 0.8253731 0 0.5645619
vn 0.8183233 0.1077303 0.5645619
vn 0.797235 0.213599 0.5645619
vn 0.7625355 0.315836 0.5645619
vn 0.7148045 0.4126713 0.5645619
vn 0.6548051 0.5024567 0.5645619
vn 0.583636 0.583636 0.5645619
vn 0.5024567 0.6548051 0.5645619
vn 0.4126713 0.7148045 0.5645619
vn 0.315836 0.7625355 0.5645619
vn 0.213599 0.797235 0.5645619
vn 0.1077303 0.8183233 0.5645619
vn 0 0.8253731 0.5645619
vn -0.1077303 0.8183233 0.5645619
vn -0.213599 0.797235 0.5645619
vn -0.315836 0.7625355 0.5645619
vn -0.4126713 0.7148045 0.5645619
vn -0.5024567 0.6548051 0.5645619
vn -0.583636 0.583636 0.5645619
vn -0.6548051 0.5024567 0.5645619
vn -0.7148045 0.4126713 0.5645619
vn -0.7625355 0.315836 0.5645619
vn -0.797235 0.213599 0.5645619
vn -0.8183233 0.1077303 0.5645619
vn -0.8253731 0 0.5645619
vn -0.7639393 -0.1005585 0.6373791
vn -0.7442854 -0.1994079 0.6373791
vn -0.7118747 -0.2948698 0.6373791
vn -0.6672872 -0.3852657 0.6373791
vn -0.6112858 -0.4690695 0.6373791
vn -0.544847 -0.544847 0.6373791
vn -0.4690695 -0.6112858 0.6373791
vn -0.3852657 -0.6672872 0.6373791
vn -0.2948698 -0.7118747 0.6373791
vn -0.1994079 -0.7442854 0.6373791
vn -0.1005585 -0.7639393 0.6373791
vn 0 -0.7705314 0.6373791
vn 0.1005585 -0.7639393 0.6373791
vn 0.1994079 -0.7442854 0.6373791
vn 0.2948698 -0.7118747 0.6373791
vn 0.3852657 -0.6672872 0.6373791
vn 0.4690695 -0.6112858 0.6373791
vn 0.544847 -0.544847 0.6373791
vn 0.6112858 -0.4690695 0.6373791
vn 0.6672872 -0.3852657 0.6373791
vn 0.7118747 -0.2948698 0.6373791
vn 0.7442854 -0.1994079 0.6373791
vn 0.7639393 -0.1005585 0.6373791
vn 0.7705314 0 0.6373791
vn 0.7639393 0.1005585 0.6373791
vn 0.7442854 0.1994079 0.6373791
vn 0.7118747 0.2948698 0.6373791
vn 0.6672872 0.3852657 0.6373791
vn 0.6112858 0.4690695 0.6373791
vn 0.544847 0.544847 0.6373791
vn 0.4690695 0.6112858 0.6373791
vn 0.3852657 0.6672872 0.6373791
vn 0.2948698 0.7118747 0.6373791
vn 0.1994079 0.7442854 0.6373791
vn 0.1005585 0.7639393 0.6373791
vn 0 0.7705314 0.6373791
vn -0.1005585 0.7639393 0.6373791
vn -0.1994079 0.7442854 0.6373791
vn -0.2948698 0.7118747 0.6373791
vn -0.3852657 0.6672872 0.6373791
vn -0.4690695 0.6112858 0.6373791
vn -0.544847 0.544847 0.6373791
vn -0.6112858 0.4690695 0.6373791
vn -0.6672872 0.3852657 0.6373791
vn -0.7118747 0.2948698 0.6373791
vn -0.7442854 0.1994079 0.6373791
vn -0.7639393 0.1005585 0.6373791
vn -0.7705314 0 0.6373791
vn -0.7037873 -0.09265416 0.7043367
vn -0.6856594 -0.1837214 0.7043367
vn -0.6558123 -0.2716453 0.7043367
vn -0.6147344 -0.3549302 0.7043367
vn -0.563158 -0.4321116 0.7043367
vn -0.5019379 -0.5019379 0.7043367
vn -0.4321116 -0.563158 0.7043367
vn -0.3549302 -0.6147344 0.7043367
vn -0.2716453 -0.6558123 0.7043367
vn -0.1837214 -0.6856594 0.7043367
vn -0.09265416 -0.7037873 0.7043367
vn 0 -0.7098605 0.7043367
vn 0.09265416 -0.7037873 0.7043367
vn 0.1837214 -0.6856594 0.7043367
vn 0.2716453 -0.6558123 0.7043367
vn 0.3549302 -0.6147344 0.7043367
vn 0.4321116 -0.563158 0.7043367
vn 0.5019379 -0.5019379 0.7043367
vn 0.563158 -0.4321116 0.7043367
vn 0.6147344 -0.3549302 0.7043367
vn 0.6558123 -0.2716453 0.7043367
vn 0.6856594 -0.1837214 0.7043367
vn 0.7037873 -0.09265416 0.7043367
vn 0.7098605 0 0.7043367
vn 0.7037873 0.09265416 0.7043367
vn 0.6856594 0.1837214 0.7043367
vn 0.6558123 0.2716453 0.7043367
vn 0.6147344 0.3549302 0.7043367
vn 0.563158 0.4321116 0.7043367
vn 0.5019379 0.5019379 0.7043367
vn 0.4321116 0.563158 0.7043367
vn 0.3549302 0.6147344 0.7043367
vn 0.2716453 0.6558123 0.7043367
vn 0.1837214 0.6856594 0.7043367
vn 0.09265416 0.7037873 0.7043367
vn 0 0.7098605 0.7043367
vn -0.09265416 0.7037873 0.7043367
vn -0.1837214 0.6856594 0.7043367
vn -0.2716453 0.6558123 0.7043367
vn -0.3549302 0.6147344 0.7043367
vn -0.4321116 0.563158 0.7043367
vn -0.5019379 0.5019379 0.7043367
vn -0.563158 0.4321116 0.7043367
vn -0.6147344 0.3549302 0.7043367
vn -0.6558123 0.2716453 0.7043367
vn -0.6856594 0.1837214 0.7043367
vn -0.7037873 0.09265416 0.7043367
vn -0.7098605 0 0.7043367
vn -0.6393322 -0.08417004 0.764275
vn -0.6228828 -0.1668752 0.764275
vn -0.5957518 -0.2467727 0.764275
vn -0.5584582 -0.3224281 0.764275
vn -0.5115818 -0.3925596 0.764275
vn -0.455977 -0.455977 0.764275
vn -0.3925596 -0.5115818 0.764275
vn -0.3224281 -0.5584582 0.764275
vn -0.2467727 -0.5957518 0.764275
vn -0.1668752 -0.6228828 0.764275
vn -0.08417004 -0.6393322 0.764275
vn 0 -0.6448561 0.764275
vn 0.08417004 -0.6393322 0.764275
vn 0.1668752 -0.6228828 0.764275
vn 0.2467727 -0.5957518 0.764275
vn 0.3224281 -0.5584582 0.764275
vn 0.3925596 -0.5115818 0.764275
vn 0.455977 -0.455977 0.764275
vn 0.5115818 -0.3925596 0.764275
vn 0.5584582 -0.3224281 0.764275
vn 0.5957518 -0.2467727 0.764275
vn 0.6228828 -0.1668752 0.764275
vn 0.6393322 -0.08417004 0.764275
vn 0.6448561 0 0.764275
vn 0.6393322 0.08417004 0.764275
vn 0.6228828 0.1668752 0.764275
vn 0.5957518 0.2467727 0.764275
vn 0.5584582 0.3224281 0.764275
vn 0.5115818 0.3925596 0.764275
vn 0.455977 0.455977 0.764275
vn 0.3925596 0.5115818 0.764275
vn 0.3224281 0.5584582 0.764275
vn 0.2467727 0.5957518 0.764275
vn 0.1668752 0.6228828 0.764275
vn 0.08417004 0.6393322 0.764275
vn 0 0.6448561 0.764275
vn -0.08417004 0.6393322 0.764275
vn -0.1668752 0.6228828 0.764275
vn -0.2467727 0.5957518 0.764275
vn -0.3224281 0.5584582 0.764275
vn -0.3925596 0.5115818 0.764275
vn -0.455977 0.455977 0.764275
vn -0.5115818 0.3925596 0.764275
vn -0.5584582 0.3224281 0.764275
vn -0.5957518 0.2467727 0.764275
vn -0.6228828 0.1668752 0.764275
vn -0.6393322 0.08417004 0.764275
vn -0.6448561 0 0.764275
vn -0.5722221 -0.07531964 0.8166143
vn -0.5575121 -0.1493576 0.8166143
vn -0.5332194 -0.2208624 0.8166143
vn -0.4998322 -0.288583 0.8166143
vn -0.4578997 -0.3513596 0.8166143
vn -0.408124 -0.408124 0.8166143
vn -0.3513596 -0.4578997 0.8166143
vn -0.288583 -0.4998322 0.8166143
vn -0.2208624 -0.5332194 0.8166143
vn -0.1493576 -0.5575121 0.8166143
vn -0.07531964 -0.5722221 0.8166143
vn 0 -0.5771661 0.8166143
vn 0.07531964 -0.5722221 0.8166143
vn 0.1493576 -0.5575121 0.8166143
vn 0.2208624 -0.5332194 0.8166143
vn 0.288583 -0.4998322 0.8166143
vn 0.3513596 -0.4578997 0.8166143
vn 0.408124 -0.408124 0.8166143
vn 0.4578997 -0.3513596 0.8166143
vn 0.4998322 -0.288583 0.8166143
vn 0.5332194 -0.2208624 0.8166143
vn 0.5575121 -0.1493576 0.8166143
vn 0.5722221 -0.07531964 0.8166143
vn 0.5771661 0 0.8166143
vn 0.5722221 0.07531964 0.8166143
vn 0.5575121 0.1493576 0.8166143
vn 0.5332194 0.2208624 0.8166143
vn 0.4998322 0.288583 0.8166143
vn 0.4578997 0.3513596 0.8166143
vn 0.408124 0.408124 0.8166143
vn 0.3513596 0.4578997 0.8166143
vn 0.288583 0.4998322 0.8166143
vn 0.2208624 0.5332194 0.8166143
vn 0.1493576 0.5575121 0.8166143
vn 0.07531964 0.5722221 0.8166143
vn 0 0.5771661 0.8166143
vn -0.07531964 0.5722221 0.8166143
vn -0.1493576 0.5575121 0.8166143
vn -0.2208624 0.5332194 0.8166143
vn -0.288583 0.4998322 0.8166143
vn -0.3513596 0.4578997 0.8166143
vn -0.408124 0.408124 0.8166143
vn -0.4578997 0.3513596 0.8166143
vn -0.4998322 0.288583 0.8166143
vn -0.5332194 0.2208624 0.8166143
vn -0.5575121 0.1493576 0.8166143
vn -0.5722221 0.07531964 0.8166143
vn -0.5771661 0 0.8166143
vn -0.5041047 -0.06634724 0.8610798
vn -0.4911344 -0.1315958 0.8610798
vn -0.4697409 -0.1945555 0.8610798
vn -0.440321 -0.2542192 0.8610798
vn -0.4033631 -0.3095187 0.8610798
vn -0.359508 -0.359508 0.8610798
vn -0.3095187 -0.4033631 0.8610798
vn -0.2542192 -0.440321 0.8610798
vn -0.1945555 -0.4697409 0.8610798
vn -0.1315958 -0.4911344 0.8610798
vn -0.06634724 -0.5041047 0.8610798
vn 0 -0.5084384 0.8610798
vn 0.06634724 -0.5041047 0.8610798
vn 0.1315958 -0.4911344 0.8610798
vn 0.1945555 -0.4697409 0.8610798
vn 0.2542192 -0.440321 0.8610798
vn 0.3095187 -0.4033631 0.8610798
vn 0.359508 -0.359508 0.8610798
vn 0.4033631 -0.3095187 0.8610798
vn 0.440321 -0.2542192 0.8610798
vn 0.4697409 -0.1945555 0.8610798
vn 0.4911344 -0.1315958 0.8610798
vn 0.5041047 -0.06634724 0.8610798
vn 0.5084384 0 0.8610798
vn 0.5041047 0.06634724 0.8610798
vn 0.4911344 0.1315958 0.8610798
vn 0.4697409 0.1945555 0.8610798
vn 0.440321 0.2542192 0.8610798
vn 0.4033631 0.3095187 0.8610798
vn 0.359508 0.359508 0.8610798
vn 0.3095187 0.4033631 0.8610798
vn 0.2542192 0.440321 0.8610798
vn 0.1945555 0.4697409 0.8610798
vn 0.1315958 0.4911344 0.8610798
vn 0.06634724 0.5041047 0.8610798
vn 0 0.5084384 0.8610798
vn -0.06634724 0.5041047 0.8610798
vn -0.1315958 0.4911344 0.8610798
vn -0.1945555 0.4697409 0.8610798
vn -0.2542192 0.440321 0.8610798
vn -0.3095187 0.4033631 0.8610798
vn -0.359508 0.359508 0.8610798
vn -0.4033631 0.3095187 0.8610798
vn -0.440321 0.2542192 0.8610798
vn -0.4697409 0.1945555 0.8610798
vn -0.4911344 0.1315958 0.8610798
vn -0.5041047 0.06634724 0.8610798
vn -0.5084384 0 0.8610798
vn -0.4364147 -0.05743581 0.8978851
vn -0.4251838 -0.1139256 0.8978851
vn -0.4066591 -0.1684316 0.8978851
vn -0.3812067 -0.2200689 0.8978851
vn -0.3492233 -0.2679525 0.8978851
vn -0.3112583 -0.3112583 0.8978851
vn -0.2679525 -0.3492233 0.8978851
vn -0.2200689 -0.3812067 0.8978851
vn -0.1684316 -0.4066591 0.8978851
vn -0.1139256 -0.4251838 0.8978851
vn -0.05743581 -0.4364147 0.8978851
vn 0 -0.4401684 0.8978851
vn 0.05743581 -0.4364147 0.8978851
vn 0.1139256 -0.4251838 0.8978851
vn 0.1684316 -0.4066591 0.8978851
vn 0.2200689 -0.3812067 0.8978851
vn 0.2679525 -0.3492233 0.8978851
vn 0.3112583 -0.3112583 0.8978851
vn 0.3492233 -0.2679525 0.8978851
vn 0.3812067 -0.2200689 0.8978851
vn 0.4066591 -0.1684316 0.8978851
vn 0.4251838 -0.1139256 0.8978851
vn 0.4364147 -0.05743581 0.8978851
vn 0.4401684 0 0.8978851
vn 0.4364147 0.05743581 0.8978851
vn 0.4251838 0.1139256 0.8978851
vn 0.4066591 0.1684316 0.8978851
vn 0.3812067 0.2200689 0.8978851
vn 0.3492233 0.2679525 0.8978851
vn 0.3112583 0.3112583 0.8978851
vn 0.2679525 0.3492233 0.8978851
vn 0.2200689 0.3812067 0.8978851
vn 0.1684316 0.4066591 0.8978851
vn 0.1139256 0.4251838 0.8978851
vn 0.05743581 0.4364147 0.8978851
vn 0 0.4401684 0.8978851
vn -0.05743581 0.4364147 0.8978851
vn -0.1139256 0.4251838 0.8978851
vn -0.1684316 0.4066591 0.8978851
vn -0.2200689 0.3812067 0.8978851
vn -0.2679525 0.3492233 0.8978851
vn -0.3112583 0.3112583 0.8978851
vn -0.3492233 0.2679525 0.8978851
vn -0.3812067 0.2200689 0.8978851
vn -0.4066591 0.1684316 0.8978851
vn -0.4251838 0.1139256 0.8978851
vn -0.4364147 0.05743581 0.8978851
vn -0.4401684 0 0.8978851
vn -0.3720511 -0.0489822 0.9269082
vn -0.3624683 -0.09710985 0.9269082
vn -0.3466902 -0.1435896 0.9269082
vn -0.3249916 -0.1876277 0.9269082
vn -0.297708 -0.228431 0.9269082
vn -0.2653585 -0.2653585 0.9269082
vn -0.228431 -0.297708 0.9269082
vn -0.1876277 -0.3249916 0.9269082
vn -0.1435896 -0.3466902 0.9269082
vn -0.09710985 -0.3624683 0.9269082
vn -0.0489822 -0.3720511 0.9269082
vn 0 -0.3752556 0.9269082
vn 0.0489822 -0.3720511 0.9269082
vn 0.09710985 -0.3624683 0.9269082
vn 0.1435896 -0.3466902 0.9269082
vn 0.1876277 -0.3249916 0.9269082
vn 0.228431 -0.297708 0.9269082
vn 0.2653585 -0.2653585 0.9269082
vn 0.297708 -0.228431 0.9269082
vn 0.3249916 -0.1876277 0.9269082
vn 0.3466902 -0.1435896 0.9269082
vn 0.3624683 -0.09710985 0.9269082
vn 0.3720511 -0.0489822 0.9269082
vn 0.3752556 0 0.9269082
vn 0.3720511 0.0489822 0.9269082
vn 0.3624683 0.09710985 0.9269082
vn 0.3466902 0.1435896 0.9269082
vn 0.3249916 0.1876277 0.9269082
vn 0.297708 0.228431 0.9269082
vn 0.2653585 0.2653585 0.9269082
vn 0.228431 0.297708 0.9269082
vn 0.1876277 0.3249916 0.9269082
vn 0.1435896 0.3466902 0.9269082
vn 0.09710985 0.3624683 0.9269082
vn 0.0489822 0.3720511 0.9269082
vn 0 0.3752556 0.9269082
vn -0.0489822 0.3720511 0.9269082
vn -0.09710985 0.3624683 0.9269082
vn -0.1435896 0.3466902 0.9269082
vn -0.1876277 0.3249916 0.9269082
vn -0.228431 0.297708 0.9269082
vn -0.2653585 0.2653585 0.9269082
vn -0.297708 0.228431 0.9269082
vn -0.3249916 0.1876277 0.9269082
vn -0.3466902 0.1435896 0.9269082
vn -0.3624683 0.09710985 0.9269082
vn -0.3720511 0.0489822 0.9269082
vn -0.3752556 0 0.9269082
vn -0.3134861 -0.04126101 0.9486679
vn -0.3054292 -0.08182013 0.9486679
vn -0.2921231 -0.1210058 0.9486679
vn -0.2738426 -0.1580858 0.9486679
vn -0.2508621 -0.1924802 0.9486679
vn -0.2235786 -0.2235786 0.9486679
vn -0.1924802 -0.2508621 0.9486679
vn -0.1580858 -0.2738426 0.9486679
vn -0.1210058 -0.2921231 0.9486679
vn -0.08182013 -0.3054292 0.9486679
vn -0.04126101 -0.3134861 0.9486679
vn 0 -0.3162023 0.9486679
vn 0.04126101 -0.3134861 0.9486679
vn 0.08182013 -0.3054292 0.9486679
vn 0.1210058 -0.2921231 0.9486679
vn 0.1580858 -0.2738426 0.9486679
vn 0.1924802 -0.2508621 0.9486679
vn 0.2235786 -0.2235786 0.9486679
vn 0.2508621 -0.1924802 0.9486679
vn 0.2738426 -0.1580858 0.9486679
vn 0.2921231 -0.1210058 0.9486679
vn 0.3054292 -0.08182013 0.9486679
vn 0.3134861 -0.04126101 0.9486679
vn 0.3162023 0 0.9486679
vn 0.3134861 0.04126101 0.9486679
vn 0.3054292 0.08182013 0.9486679
vn 0.2921231 0.1210058 0.9486679
vn 0.2738426 0.1580858 0.9486679
vn 0.2508621 0.1924802 0.9486679
vn 0.2235786 0.2235786 0.9486679
vn 0.1924802 0.2508621 0.9486679
vn 0.1580858 0.2738426 0.9486679
vn 0.1210058 0.2921231 0.9486679
vn 0.08182013 0.3054292 0.9486679
vn 0.04126101 0.3134861 0.9486679
vn 0 0.3162023 0.9486679
vn -0.04126101 0.3134861 0.9486679
vn -0.08182013 0.3054292 0.9486679
vn -0.1210058 0.2921231 0.9486679
vn -0.1580858 0.2738426 0.9486679
vn -0.1924802 0.2508621 0.9486679
vn -0.2235786 0.2235786 0.9486679
vn -0.2508621 0.1924802 0.9486679
vn -0.2738426 0.1580858 0.9486679
vn -0.2921231 0.1210058 0.9486679
vn -0.3054292 0.08182013 0.9486679
vn -0.3134861 0.04126101 0.9486679
vn -0.3162023 0 0.9486679
vn -0.2594684 -0.03415018 0.9651173
vn -0.2527848 -0.06772053 0.9651173
vn -0.2417981 -0.1001312 0.9651173
vn -0.2266304 -0.1308328 0.9651173
vn -0.2076174 -0.1593066 0.9651173
vn -0.1850642 -0.1850642 0.9651173
vn -0.1593066 -0.2076174 0.9651173
vn -0.1308328 -0.2266304 0.9651173
vn -0.1001312 -0.2417981 0.9651173
vn -0.06772053 -0.2527848 0.9651173
vn -0.03415018 -0.2594684 0.9651173
vn 0 -0.2616962 0.9651173
vn 0.03415018 -0.2594684 0.9651173
vn 0.06772053 -0.2527848 0.9651173
vn 0.1001312 -0.2417981 0.9651173
vn 0.1308328 -0.2266304 0.9651173
vn 0.1593066 -0.2076174 0.9651173
vn 0.1850642 -0.1850642 0.9651173
vn 0.2076174 -0.1593066 0.9651173
vn 0.2266304 -0.1308328 0.9651173
vn 0.2417981 -0.1001312 0.9651173
vn 0.2527848 -0.06772053 0.9651173
vn 0.2594684 -0.03415018 0.9651173
vn 0.2616962 0 0.9651173
vn 0.2594684 0.03415018 0.9651173
vn 0.2527848 0.06772053 0.9651173
vn 0.2417981 0.1001312 0.9651173
vn 0.2266304 0.1308328 0.9651173
vn 0.2076174 0.1593066 0.9651173
vn 0.1850642 0.1850642 0.9651173
vn 0.1593066 0.2076174 0.9651173
vn 0.1308328 0.2266304 0.9651173
vn 0.1001312 0.2417981 0.9651173
vn 0.06772053 0.2527848 0.9651173
vn 0.03415018 0.2594684 0.9651173
vn 0 0.2616962 0.9651173
vn -0.03415018 0.2594684 0.9651173
vn -0.06772053 0.2527848 0.9651173
vn -0.1001312 0.2417981 0.9651173
vn -0.1308328 0.2266304 0.9651173
vn -0.1593066 0.2076174 0.9651173
vn -0.1850642 0.1850642 0.9651173
vn -0.2076174 0.1593066 0.9651173
vn -0.2266304 0.1308328 0.9651173
vn -0.2417981 0.1001312 0.9651173
vn -0.2527848 0.06772053 0.9651173
vn -0.2594684 0.03415018 0.9651173
vn -0.2616962 0 0.9651173
vn -0.2085329 -0.02743613 0.9775995
vn -0.2031617 -0.05441445 0.9775995
vn -0.1943113 -0.08047729 0.9775995
vn -0.182165 -0.1051667 0.9775995
vn -0.1668752 -0.1280251 0.9775995
vn -0.1487167 -0.1487167 0.9775995
vn -0.1280251 -0.1668752 0.9775995
vn -0.1051667 -0.182165 0.9775995
vn -0.08047729 -0.1943113 0.9775995
vn -0.05441445 -0.2031617 0.9775995
vn -0.02743613 -0.2085329 0.9775995
vn 0 -0.2103335 0.9775995
vn 0.02743613 -0.2085329 0.9775995
vn 0.05441445 -0.2031617 0.9775995
vn 0.08047729 -0.1943113 0.9775995
vn 0.1051667 -0.182165 0.9775995
vn 0.1280251 -0.1668752 0.9775995
vn 0.1487167 -0.1487167 0.9775995
vn 0.1668752 -0.1280251 0.9775995
vn 0.182165 -0.1051667 0.9775995
vn 0.1943113 -0.08047729 0.9775995
vn 0.2031617 -0.05441445 0.9775995
vn 0.2085329 -0.02743613 0.9775995
vn 0.2103335 0 0.9775995
vn 0.2085329 0.02743613 0.9775995
vn 0.2031617 0.05441445 0.9775995
vn 0.1943113 0.08047729 0.9775995
vn 0.182165 0.1051667 0.9775995
vn 0.1668752 0.1280251 0.9775995
vn 0.1487167 0.1487167 0.9775995
vn 0.1280251 0.1668752 0.9775995
vn 0.1051667 0.182165 0.9775995
vn 0.08047729 0.1943113 0.9775995
vn 0.05441445 0.2031617 0.9775995
vn 0.02743613 0.2085329 0.9775995
vn 0 0.2103335 0.9775995
vn -0.02743613 0.2085329 0.9775995
vn -0.05441445 0.2031617 0.9775995
vn -0.08047729 0.1943113 0.9775995
vn -0.1051667 0.182165 0.9775995
vn -0.1280251 0.1668752 0.9775995
vn -0.1487167 0.1487167 0.9775995
vn -0.1668752 0.1280251 0.9775995
vn -0.182165 0.1051667 0.9775995
vn -0.1943113 0.08047729 0.9775995
vn -0.2031617 0.05441445 0.9775995
vn -0.2085329 0.02743613 0.9775995
vn -0.2103335 0 0.9775995
vn -0.1608631 -0.02114927 0.9867244
vn -0.1567125 -0.04199343 0.9867244
vn -0.1499069 -0.0620746 0.9867244
vn -0.1405072 -0.08111816 0.9867244
vn -0.128727 -0.09875786 0.9867244
vn -0.114719 -0.114719 0.9867244
vn -0.09875786 -0.128727 0.9867244
vn -0.08111816 -0.1405072 0.9867244
vn -0.0620746 -0.1499069 0.9867244
vn -0.04199343 -0.1567125 0.9867244
vn -0.02114927 -0.1608631 0.9867244
vn 0 -0.1622363 0.9867244
vn 0.02114927 -0.1608631 0.9867244
vn 0.04199343 -0.1567125 0.9867244
vn 0.0620746 -0.1499069 0.9867244
vn 0.08111816 -0.1405072 0.9867244
vn 0.09875786 -0.128727 0.9867244
vn 0.114719 -0.114719 0.9867244
vn 0.128727 -0.09875786 0.9867244
vn 0.1405072 -0.08111816 0.9867244
vn 0.1499069 -0.0620746 0.9867244
vn 0.1567125 -0.04199343 0.9867244
vn 0.1608631 -0.02114927 0.9867244
vn 0.1622363 0 0.9867244
vn 0.1608631 0.02114927 0.9867244
vn 0.1567125 0.04199343 0.9867244
vn 0.1499069 0.0620746 0.9867244
vn 0.1405072 0.08111816 0.9867244
vn 0.128727 0.09875786 0.9867244
vn 0.114719 0.114719 0.9867244
vn 0.09875786 0.128727 0.9867244
vn 0.08111816 0.1405072 0.9867244
vn 0.0620746 0.1499069 0.9867244
vn 0.04199343 0.1567125 0.9867244
vn 0.02114927 0.1608631 0.9867244
vn 0 0.1622363 0.9867244
vn -0.02114927 0.1608631 0.9867244
vn -0.04199343 0.1567125 0.9867244
vn -0.0620746 0.1499069 0.9867244
vn -0.08111816 0.1405072 0.9867244
vn -0.09875786 0.128727 0.9867244
vn -0.114719 0.114719 0.9867244
vn -0.128727 0.09875786 0.9867244
vn -0.1405072 0.08111816 0.9867244
vn -0.1499069 0.0620746 0.9867244
vn -0.1567125 0.04199343 0.9867244
vn -0.1608631 0.02114927 0.9867244
vn -0.1622363 0 0.9867244
vn -0.1165196 -0.01532024 0.9930418
vn -0.1135289 -0.0303964 0.9930418
vn -0.1085848 -0.04495376 0.9930418
vn -0.1017792 -0.05874812 0.9930418
vn -0.093234 -0.07153534 0.9930418
vn -0.08310186 -0.08310186 0.9930418
vn -0.07153534 -0.093234 0.9930418
vn -0.05874812 -0.1017792 0.9930418
vn -0.04495376 -0.1085848 0.9930418
vn -0.0303964 -0.1135289 0.9930418
vn -0.01532024 -0.1165196 0.9930418
vn 0 -0.1175268 0.9930418
vn 0.01532024 -0.1165196 0.9930418
vn 0.0303964 -0.1135289 0.9930418
vn 0.04495376 -0.1085848 0.9930418
vn 0.05874812 -0.1017792 0.9930418
vn 0.07153534 -0.093234 0.9930418
vn 0.08310186 -0.08310186 0.9930418
vn 0.093234 -0.07153534 0.9930418
vn 0.1017792 -0.05874812 0.9930418
vn 0.1085848 -0.04495376 0.9930418
vn 0.1135289 -0.0303964 0.9930418
vn 0.1165196 -0.01532024 0.9930418
vn 0.1175268 0 0.9930418
vn 0.1165196 0.01532024 0.9930418
vn 0.1135289 0.0303964 0.9930418
vn 0.1085848 0.04495376 0.9930418
vn 0.1017792 0.05874812 0.9930418
vn 0.093234 0.07153534 0.9930418
vn 0.08310186 0.08310186 0.9930418
vn 0.07153534 0.093234 0.9930418
vn 0.05874812 0.1017792 0.9930418
vn 0.04495376 0.1085848 0.9930418
vn 0.0303964 0.1135289 0.9930418
vn 0.01532024 0.1165196 0.9930418
vn 0 0.1175268 0.9930418
vn -0.01532024 0.1165196 0.9930418
vn -0.0303964 0.1135289 0.9930418
vn -0.04495376 0.1085848 0.9930418
vn -0.05874812 0.1017792 0.9930418
vn -0.07153534 0.093234 0.9930418
vn -0.08310186 0.08310186 0.9930418
vn -0.093234 0.07153534 0.9930418
vn -0.1017792 0.05874812 0.9930418
vn -0.1085848 0.04495376 0.9930418
vn -0.1135289 0.0303964 0.9930418
vn -0.1165196 0.01532024 0.9930418
vn -0.1175268 0 0.9930418
vn -0.07562482 -0.009949028 0.9970702
vn -0.07367163 -0.01974546 0.9970702
vn -0.07046723 -0.02917569 0.9970702
vn -0.06607258 -0.0381481 0.9970702
vn -0.0605182 -0.0464186 0.9970702
vn -0.05392616 -0.05392616 0.9970702
vn -0.0464186 -0.0605182 0.9970702
vn -0.0381481 -0.06607258 0.9970702
vn -0.02917569 -0.07046723 0.9970702
vn -0.01974546 -0.07367163 0.9970702
vn -0.009949028 -0.07562482 0.9970702
vn 0 -0.07629626 0.9970702
vn 0.009949028 -0.07562482 0.9970702
vn 0.01974546 -0.07367163 0.9970702
vn 0.02917569 -0.07046723 0.9970702
vn 0.0381481 -0.06607258 0.9970702
vn 0.0464186 -0.0605182 0.9970702
vn 0.05392616 -0.05392616 0.9970702
vn 0.0605182 -0.0464186 0.9970702
vn 0.06607258 -0.0381481 0.9970702
vn 0.07046723 -0.02917569 0.9970702
vn 0.07367163 -0.01974546 0.9970702
vn 0.07562482 -0.009949028 0.9970702
vn 0.07629626 0 0.9970702
vn 0.07562482 0.009949028 0.9970702
vn 0.07367163 0.01974546 0.9970702
vn 0.07046723 0.02917569 0.9970702
vn 0.06607258 0.0381481 0.9970702
vn 0.0605182 0.0464186 0.9970702
vn 0.05392616 0.05392616 0.9970702
vn 0.0464186 0.0605182 0.9970702
vn 0.0381481 0.06607258 0.9970702
vn 0.02917569 0.07046723 0.9970702
vn 0.01974546 0.07367163 0.9970702
vn 0.009949028 0.07562482 0.9970702
vn 0 0.07629626 0.9970702
vn -0.009949028 0.07562482 0.9970702
vn -0.01974546 0.07367163 0.9970702
vn -0.02917569 0.07046723 0.9970702
vn -0.0381481 0.06607258 0.9970702
vn -0.0464186 0.0605182 0.9970702
vn -0.05392616 0.05392616 0.9970702
vn -0.0605182 0.0464186 0.9970702
vn -0.06607258 0.0381481 0.9970702
vn -0.07046723 0.02917569 0.9970702
vn -0.07367163 0.01974546 0.9970702
vn -0.07562482 0.009949028 0.9970702
vn -0.07629626 0 0.9970702
vn 0 0 1
vn 0 -0.8825953 0.4700766
vn 0.07858514 -0.09079253 0.9927366
vn -0.751793 -0.5973388 0.2792139
vn -0.5980407 -0.2892544 0.7473983
vn 0.9809564 0.06268501 -0.1837824
vn 0.9829707 0.000274667 -0.1836909
vn 0.9663991 0 -0.2569353
vn 0.3374127 0.9239784 -0.179876
vn 0.4009522 0.8985565 -0.1783196
vn 0.3911862 0.8836939 -0.2569353
vn 0.216834 0.9594104 -0.1802118
vn 0.2823267 0.9424726 -0.1788995
vn 0.2749718 0.9264504 -0.2569353
vn 0.5649892 -0.8052614 -0.1796014
vn 0.5074008 -0.8431349 -0.1778923
vn 0.5009613 -0.8264107 -0.2569353
vn 0.7502365 -0.6360973 -0.1803033
vn 0.7050691 -0.6861171 -0.1790826
vn 0.6942045 -0.6723228 -0.2569353
vn 0.82519 -0.5352031 -0.180517
vn 0.7871639 -0.5899838 -0.1795403
vn 0.7744988 -0.5780206 -0.2569353
vn 0.8863796 -0.4259468 -0.1813104
vn 0.8562883 -0.4840846 -0.1799371
vn 0.8420362 -0.4742271 -0.2569353
vn 0.03094571 0.9659109 -0.2569353
vn 0.1542405 0.9540086 -0.2569353
vn 0.1479232 0.9149449 -0.3754387
vn -0.9171728 -0.3045137 -0.2569353
vn -0.9485763 -0.1847285 -0.2569353
vn -0.9097263 -0.1771599 -0.3754387
vn 0.3911862 -0.8836939 -0.2569353
vn 0.2749718 -0.9264504 -0.2569353
vn 0.2637104 -0.8885159 -0.3754387
vn 0.9584643 -0.1235694 -0.2569353
vn 0.9348125 -0.2451246 -0.2569353
vn 0.8965117 -0.2350841 -0.3754387
vn 0.009338617 -0.05792409 -0.9982604
vn 0.001861572 -0.05865657 -0.9982604
vn 0 0 -1
vn 0.02374339 -0.05365151 -0.9982604
vn 0.01669359 -0.05624556 -0.9982604
vn 0.05072176 -0.1146275 -0.9920957
vn -0.0394299 0.04342782 -0.9982604
vn -0.03357034 0.04812765 -0.9982604
vn -0.08426159 0.09277623 -0.9920957
vn 0.05111849 0.02877891 -0.9982604
vn 0.05438393 0.02200382 -0.9982604
vn 0.1092257 0.06149476 -0.9920957
vn 0.0303964 -0.05017238 -0.9982604
vn 0.06497389 -0.107181 -0.9920957
vn 0.1045869 -0.1725516 -0.9794
vn -0.04467904 0.03802603 -0.9982604
vn -0.09543138 0.08124023 -0.9920957
vn -0.1536607 0.1308023 -0.9794
vn 0.04702901 0.03509628 -0.9982604
vn 0.1004364 0.07495343 -0.9920957
vn 0.1617175 0.1207007 -0.9794
vn 0.03656113 -0.04586929 -0.9982604
vn 0.0781579 -0.09799492 -0.9920957
vn 0.1257973 -0.1577807 -0.9794
vn 0.1779839 -0.2231819 -0.9583728
vn -0.0491653 0.03201389 -0.9982604
vn -0.1050447 0.06836146 -0.9920957
vn -0.1691336 0.1100803 -0.9794
vn -0.2392651 0.1557359 -0.9583728
vn 0.04214602 0.04080319 -0.9982604
vn 0.09002959 0.08719134 -0.9920957
vn 0.1449629 0.1403851 -0.9794
vn 0.2050538 0.1985839 -0.9583728
vn 0.04214602 -0.04080319 -0.9982604
vn 0.09002959 -0.08719134 -0.9920957
vn 0.1449629 -0.1403851 -0.9794
vn 0.2050538 -0.1985839 -0.9583728
vn 0.2693869 -0.2608722 -0.9269998
vn -0.05285805 0.02545243 -0.9982604
vn -0.1129184 0.05438393 -0.9920957
vn -0.1817987 0.08755761 -0.9794
vn -0.25721 0.1238441 -0.9583728
vn -0.3378704 0.1626942 -0.9269998
vn 0.03656113 0.04586929 -0.9982604
vn 0.0781579 0.09799492 -0.9920957
vn 0.1257973 0.1577807 -0.9794
vn 0.1779839 0.2231819 -0.9583728
vn 0.2338023 0.2931913 -0.9269998
vn 0.04702901 -0.03509628 -0.9982604
vn 0.1004364 -0.07495343 -0.9920957
vn 0.1617175 -0.1207007 -0.9794
vn 0.2287973 -0.170751 -0.9583728
vn 0.3005463 -0.2242805 -0.9269998
vn 0.3787652 -0.2826624 -0.8812525
vn 0.0199896 -0.1237525 -0.9920957
vn 0.0356456 -0.1201514 -0.9920957
vn 0.05740529 -0.1934568 -0.9794
vn 0.08166754 -0.1845149 -0.9794
vn 0.1155431 -0.2610553 -0.9583728
vn 0.1479842 -0.2441175 -0.9583728
vn 0.1944029 -0.3206885 -0.9269998
vn 0.2338023 -0.2931913 -0.9269998
vn 0.2946562 -0.3695181 -0.8812525
vn -0.005615353 -0.05841243 -0.9982604
vn -0.05569624 0.01846367 -0.9982604
vn -0.1189611 0.03949093 -0.9920957
vn -0.1915036 0.06357002 -0.9794
vn -0.2709433 0.08993804 -0.9583728
vn -0.3559069 0.1181676 -0.9269998
vn -0.448561 0.1489303 -0.8812525
vn 0.0303964 0.05017238 -0.9982604
vn 0.06497389 0.107181 -0.9920957
vn 0.1045869 0.1725516 -0.9794
vn 0.1479842 0.2441175 -0.9583728
vn 0.1944029 0.3206885 -0.9269998
vn 0.2450026 0.4041566 -0.8812525
vn 0.05111849 -0.02877891 -0.9982604
vn 0.1092257 -0.06149476 -0.9920957
vn 0.1758171 -0.099002 -0.9794
vn 0.2487258 -0.1400799 -0.9583728
vn 0.3267617 -0.1840266 -0.9269998
vn 0.4118168 -0.2319101 -0.8812525
vn 0.5010834 -0.2822046 -0.8180792
vn 0.003997921 -0.1252785 -0.9920957
vn 0.03219699 -0.1991943 -0.9794
vn 0.08120971 -0.27369 -0.9583728
vn 0.151799 -0.3429059 -0.9269998
vn 0.2450026 -0.4041566 -0.8812525
vn 0.3585619 -0.4496292 -0.8180792
vn -0.01303136 -0.05719166 -0.9982604
vn -0.05758839 0.01120024 -0.9982604
vn -0.1230201 0.02395701 -0.9920957
vn -0.1980651 0.03857535 -0.9794
vn -0.2802209 0.05456709 -0.9583728
vn -0.3680837 0.07168793 -0.9269998
vn -0.4639118 0.09033477 -0.8812525
vn -0.5644704 0.1099277 -0.8180792
vn 0.02374339 0.05365151 -0.9982604
vn 0.05072176 0.1146275 -0.9920957
vn 0.08166754 0.1845149 -0.9794
vn 0.1155431 0.2610553 -0.9583728
vn 0.151799 0.3429059 -0.9269998
vn 0.19129 0.4321726 -0.8812525
vn 0.2327647 0.5258644 -0.8180792
vn 0.05438393 -0.02200382 -0.9982604
vn 0.1161839 -0.04702901 -0.9920957
vn 0.1870479 -0.07571637 -0.9794
vn 0.264626 -0.1071199 -0.9583728
vn 0.3476058 -0.1407208 -0.9269998
vn 0.4380932 -0.177343 -0.8812525
vn 0.5330668 -0.2157964 -0.8180792
vn 0.6280404 -0.2542497 -0.7354656
vn -0.01202428 -0.1247596 -0.9920957
vn 0.006439387 -0.2016968 -0.9794
vn 0.04556411 -0.2818079 -0.9583728
vn 0.1066927 -0.359508 -0.9269998
vn 0.19129 -0.4321726 -0.8812525
vn 0.2981048 -0.4917753 -0.8180792
vn 0.4224372 -0.5297098 -0.7354656
vn -0.02026426 -0.05505537 -0.9982604
vn -0.05856502 0.003753721 -0.9982604
vn -0.1250953 0.008026361 -0.9920957
vn -0.2013916 0.01290929 -0.9794
vn -0.2848903 0.01828056 -0.9583728
vn -0.3742485 0.02401804 -0.9269998
vn -0.4716635 0.03027433 -0.8812525
vn -0.5739006 0.03683578 -0.8180792
vn -0.6761681 0.0433973 -0.7354351
vn 0.01669359 0.05624556 -0.9982604
vn 0.0356456 0.1201514 -0.9920957
vn 0.05740529 0.1934568 -0.9794
vn 0.08120971 0.27369 -0.9583728
vn 0.1066927 0.359508 -0.9269998
vn 0.1344645 0.4530778 -0.8812525
vn 0.1636097 0.5513169 -0.8180792
vn 0.1927549 0.649556 -0.7354656
vn 0.05676442 -0.01486247 -0.9982604
vn 0.12125 -0.03176975 -0.9920957
vn 0.1951963 -0.05117952 -0.9794
vn 0.2761315 -0.0723899 -0.9583728
vn 0.362743 -0.09512615 -0.9269998
vn 0.4571673 -0.1198767 -0.8812525
vn 0.5562914 -0.1458479 -0.8180792
vn 0.655385 -0.1718497 -0.7354351
vn 0.7506027 -0.1968138 -0.630726
vn -0.0278939 -0.1221961 -0.9920957
vn -0.01934874 -0.2008728 -0.9794
vn 0.009124994 -0.2853175 -0.9583728
vn 0.05984675 -0.37022 -0.9269998
vn 0.1344645 -0.4530778 -0.8812525
vn 0.2327647 -0.5258644 -0.8180792
vn 0.3512375 -0.5793939 -0.7354656
vn 0.4838099 -0.6066775 -0.630726
vn -0.02713096 -0.0520035 -0.9982604
vn -0.05856502 -0.003753721 -0.9982604
vn -0.1250953 -0.008026361 -0.9920957
vn -0.2013916 -0.01290929 -0.9794
vn -0.2848903 -0.01828056 -0.9583728
vn -0.3742485 -0.02401804 -0.9269998
vn -0.4716635 -0.03027433 -0.8812525
vn -0.5739006 -0.03683578 -0.8180792
vn -0.6761681 -0.0433973 -0.7354656
vn -0.7743766 -0.04971462 -0.630726
vn 0.009338617 0.05792409 -0.9982604
vn 0.0199896 0.1237525 -0.9920957
vn 0.03219699 0.1991943 -0.9794
vn 0.04556411 0.2818079 -0.9583728
vn 0.05984675 0.37022 -0.9269998
vn 0.0754112 0.466567 -0.8812525
vn 0.09176915 0.5677053 -0.8180792
vn 0.1081271 0.6688742 -0.7354351
vn 0.1238441 0.7660146 -0.630726
vn 0.05819875 -0.007476985 -0.9982604
vn 0.1243019 -0.0160222 -0.9920957
vn 0.2001404 -0.02578812 -0.9794
vn 0.2831202 -0.03650009 -0.9583728
vn 0.3719291 -0.04794454 -0.9269998
vn 0.4687338 -0.06042665 -0.8812525
vn 0.5703604 -0.07351905 -0.8180792
vn 0.6719871 -0.08664202 -0.7354656
vn 0.7695853 -0.09921562 -0.630726
vn 0.8545183 -0.1101718 -0.5075533
vn -0.04327523 -0.1176183 -0.9920957
vn -0.04489272 -0.1967223 -0.9794
vn -0.02740561 -0.2841578 -0.9583728
vn 0.01199376 -0.3748283 -0.9269998
vn 0.0754112 -0.466567 -0.8812525
vn 0.1636097 -0.5513169 -0.8180792
vn 0.2742393 -0.6195563 -0.7354351
vn 0.402234 -0.663564 -0.630726
vn 0.5371868 -0.6736351 -0.5075533
vn -0.03357034 -0.04812765 -0.9982604
vn -0.05758839 -0.01120024 -0.9982604
vn -0.1230201 -0.02395701 -0.9920957
vn -0.1980651 -0.03857535 -0.9794
vn -0.2802209 -0.05456709 -0.9583728
vn -0.3680837 -0.07168793 -0.9269998
vn -0.4639118 -0.09033477 -0.8812525
vn -0.5644704 -0.1099277 -0.8180792
vn -0.6650594 -0.1295205 -0.7354656
vn -0.7616505 -0.1483199 -0.630726
vn -0.8456984 -0.1646779 -0.5075533
vn 0.001861572 0.05865657 -0.9982604
vn 0.003997921 0.1252785 -0.9920957
vn 0.006439387 0.2016968 -0.9794
vn 0.009124994 0.2853175 -0.9583728
vn 0.01199376 0.3748283 -0.9269998
vn 0.01513713 0.472396 -0.8812525
vn 0.01840263 0.5747856 -0.8180792
vn 0.02169865 0.6772058 -0.7354351
vn 0.02484202 0.7755669 -0.630726
vn 0.02758872 0.8611713 -0.5075533
vn 0.05868709 0 -0.9982604
vn 0.1253395 0 -0.9920957
vn 0.2017884 0 -0.9794
vn 0.2854701 0 -0.9583728
vn 0.3750115 0 -0.9269998
vn 0.4726096 0 -0.8812525
vn 0.5750908 0 -0.8180792
vn 0.6775414 0 -0.7354351
vn 0.7759636 0 -0.630726
vn 0.8615986 0 -0.5075533
vn 0.9268167 0 -0.3754387
vn -0.0579546 -0.1111178 -0.9920957
vn -0.06967371 -0.1893673 -0.9794
vn -0.06350898 -0.2783288 -0.9583728
vn -0.03598129 -0.3732719 -0.9269998
vn 0.01513713 -0.472396 -0.8812525
vn 0.09176915 -0.5677053 -0.8180792
vn 0.1927549 -0.649556 -0.7354351
vn 0.3140965 -0.7095553 -0.630726
vn 0.4466384 -0.7367779 -0.5075533
vn 0.577868 -0.7246315 -0.3754387
vn -0.0394299 -0.04342782 -0.9982604
vn -0.05569624 -0.01846367 -0.9982604
vn -0.1189611 -0.03949093 -0.9920957
vn -0.1915036 -0.06357002 -0.9794
vn -0.2709433 -0.08993804 -0.9583728
vn -0.3559069 -0.1181676 -0.9269998
vn -0.448561 -0.1489303 -0.8812525
vn -0.545793 -0.1812189 -0.8180792
vn -0.643025 -0.213477 -0.7354656
vn -0.7364422 -0.2445143 -0.630726
vn -0.817713 -0.2714927 -0.5075533
vn -0.8796045 -0.2920316 -0.3754387
vn -0.005615353 0.05841243 -0.9982604
vn -0.01202428 0.1247596 -0.9920957
vn -0.01934874 0.2008728 -0.9794
vn -0.02740561 0.2841578 -0.9583728
vn -0.03598129 0.3732719 -0.9269998
vn -0.045381 0.4704428 -0.8812525
vn -0.05520796 0.5724357 -0.8180792
vn -0.06503492 0.6744285 -0.7354656
vn -0.07449567 0.7723929 -0.630726
vn -0.08270514 0.8576312 -0.5075533
vn -0.08899194 0.922544 -0.3754387
vn -0.07171845 -0.1028168 -0.9920957
vn -0.09332555 -0.1788995 -0.9794
vn -0.09857475 -0.267922 -0.9583728
vn -0.08343756 -0.3656117 -0.9269998
vn -0.045381 -0.4704428 -0.8812525
vn 0.01840263 -0.5747856 -0.8180792
vn 0.1081271 -0.6688742 -0.7354351
vn 0.2207708 -0.7438887 -0.630726
vn 0.3487655 -0.7878658 -0.5075533
vn 0.4804529 -0.7925657 -0.3754387
vn 0.6025269 -0.7555773 -0.2569353
vn 0.02169865 -0.6772058 -0.7354656
vn 0.1238441 -0.7660146 -0.630726
vn 0.02484202 -0.7755669 -0.630726
vn 0.1374859 -0.8505508 -0.5075533
vn 0.02758872 -0.8611713 -0.5075533
vn 0.1479232 -0.9149449 -0.3754387
vn 0.02969449 -0.9263588 -0.3754387
vn 0.1542405 -0.9540086 -0.2569353
vn 0.03094571 -0.9659109 -0.2569353
vn -0.1051667 -0.4607685 -0.8812525
vn -0.05520796 -0.5724357 -0.8180792
vn -0.1279641 -0.5606555 -0.8180792
vn -0.06503492 -0.6744285 -0.7354656
vn -0.1507614 -0.6605731 -0.7354656
vn -0.07449567 -0.7723929 -0.630726
vn -0.1726432 -0.7565233 -0.630726
vn -0.08270514 -0.8576312 -0.5075533
vn -0.1917173 -0.8399915 -0.5075533
vn -0.08899194 -0.922544 -0.3754387
vn -0.2062135 -0.9035921 -0.3754387
vn -0.09277623 -0.9619435 -0.2569353
vn -0.2150334 -0.9421674 -0.2569353
vn -0.132023 -0.25309 -0.9583728
vn -0.1295205 -0.3519394 -0.9269998
vn -0.1734367 -0.3324686 -0.9269998
vn -0.163213 -0.443556 -0.8812525
vn -0.218604 -0.4190191 -0.8812525
vn -0.1986144 -0.5396893 -0.8180792
vn -0.2659993 -0.5098727 -0.8180792
vn -0.2339854 -0.6358532 -0.7354656
vn -0.3133946 -0.6006959 -0.7354656
vn -0.267983 -0.7282327 -0.630726
vn -0.3588977 -0.6879788 -0.630726
vn -0.2975555 -0.8085879 -0.5075533
vn -0.3985107 -0.7638783 -0.5075533
vn -0.3200781 -0.869808 -0.3754387
vn -0.4286935 -0.8217109 -0.3754387
vn -0.3337504 -0.9069491 -0.2569353
vn -0.4470046 -0.8568072 -0.2569353
vn -0.04467904 -0.03802603 -0.9982604
vn -0.08426159 -0.09277623 -0.9920957
vn -0.09543138 -0.08124023 -0.9920957
vn -0.1356548 -0.1493881 -0.9794
vn -0.1536607 -0.1308023 -0.9794
vn -0.1919309 -0.2113407 -0.9583728
vn -0.2173833 -0.1850642 -0.9583728
vn -0.2521134 -0.2775964 -0.9269998
vn -0.2855617 -0.2430799 -0.9269998
vn -0.3177282 -0.3498642 -0.8812525
vn -0.3598743 -0.3063753 -0.8812525
vn -0.386639 -0.4257332 -0.8180792
vn -0.4378796 -0.3727836 -0.8180792
vn -0.4555193 -0.5015717 -0.7354351
vn -0.5159154 -0.4391919 -0.7354656
vn -0.5216834 -0.5744194 -0.630726
vn -0.5908384 -0.5030061 -0.630726
vn -0.5792413 -0.6378064 -0.5075533
vn -0.6560564 -0.5585193 -0.5075533
vn -0.6230964 -0.6861171 -0.3754387
vn -0.7057405 -0.6007874 -0.3754387
vn -0.6497086 -0.7154149 -0.2569353
vn -0.7358623 -0.6264535 -0.2569353
vn -0.05285805 -0.02545243 -0.9982604
vn -0.1129184 -0.05438393 -0.9920957
vn -0.1817987 -0.08755761 -0.9794
vn -0.25721 -0.1238441 -0.9583728
vn -0.3378704 -0.1626942 -0.9269998
vn -0.4258248 -0.2050538 -0.8812525
vn -0.5181432 -0.2495193 -0.8180792
vn -0.6104618 -0.2939543 -0.7354656
vn -0.699118 -0.3366802 -0.630726
vn -0.7762688 -0.3738212 -0.5075533
vn -0.8350475 -0.4021424 -0.3754387
vn -0.8706931 -0.4192938 -0.2569353
vn -0.7743766 0.04971462 -0.630726
vn -0.8598285 -0.05517745 -0.5075533
vn -0.8598285 0.05517745 -0.5075533
vn -0.9249245 -0.05935847 -0.3754387
vn -0.9249245 0.05935847 -0.3754387
vn -0.9644154 -0.06189149 -0.2569353
vn -0.9644154 0.06189149 -0.2569353
vn -0.545793 0.1812189 -0.8180792
vn -0.6650594 0.1295205 -0.7354351
vn -0.643025 0.213477 -0.7354656
vn -0.7616505 0.1483199 -0.630726
vn -0.7364422 0.2445143 -0.630726
vn -0.8456984 0.1646779 -0.5075533
vn -0.817713 0.2714927 -0.5075533
vn -0.9097263 0.1771599 -0.3754387
vn -0.8796045 0.2920316 -0.3754387
vn -0.9485763 0.1847285 -0.2569353
vn -0.9171728 0.3045137 -0.2569353
vn -0.3142796 0.2045655 -0.9269998
vn -0.4258248 0.2050538 -0.8812525
vn -0.3960998 0.2578204 -0.8812525
vn -0.5181432 0.2495193 -0.8180792
vn -0.4819788 0.3137302 -0.8180792
vn -0.6104618 0.2939543 -0.7354656
vn -0.5678274 0.3696097 -0.7354656
vn -0.699118 0.3366802 -0.630726
vn -0.6503189 0.4233222 -0.630726
vn -0.7762688 0.3738212 -0.5075533
vn -0.7220985 0.4700155 -0.5075533
vn -0.8350475 0.4021424 -0.3754387
vn -0.7767571 0.5056002 -0.3754387
vn -0.8706931 0.4192938 -0.2569353
vn -0.8099308 0.5272073 -0.2569353
vn -0.1356548 0.1493881 -0.9794
vn -0.2173833 0.1850642 -0.9583728
vn -0.1919309 0.2113407 -0.9583728
vn -0.2855617 0.2430799 -0.9269998
vn -0.2521134 0.2775964 -0.9269998
vn -0.3598743 0.3063753 -0.8812525
vn -0.3177282 0.3498642 -0.8812525
vn -0.4378796 0.3727836 -0.8180792
vn -0.386639 0.4257332 -0.8180792
vn -0.5159154 0.4391919 -0.7354656
vn -0.4555193 0.5015717 -0.7354351
vn -0.5908384 0.5030061 -0.630726
vn -0.5216834 0.5744194 -0.630726
vn -0.6560564 0.5585193 -0.5075533
vn -0.5792413 0.6378064 -0.5075533
vn -0.7057405 0.6007874 -0.3754387
vn -0.6230964 0.6861171 -0.3754387
vn -0.7358623 0.6264535 -0.2569353
vn -0.6497086 0.7154149 -0.2569353
vn -0.02713096 0.0520035 -0.9982604
vn -0.02026426 0.05505537 -0.9982604
vn -0.0579546 0.1111178 -0.9920957
vn -0.04327523 0.1176183 -0.9920957
vn -0.09332555 0.1788995 -0.9794
vn -0.06967371 0.1893673 -0.9794
vn -0.132023 0.25309 -0.9583728
vn -0.09857475 0.267922 -0.9583728
vn -0.1734367 0.3324992 -0.9269998
vn -0.1295205 0.3519394 -0.9269998
vn -0.218604 0.4190191 -0.8812525
vn -0.163213 0.443556 -0.8812525
vn -0.2659993 0.5098727 -0.8180792
vn -0.1986144 0.5396893 -0.8180792
vn -0.3133946 0.6006959 -0.7354656
vn -0.2339854 0.6358532 -0.7354656
vn -0.3588977 0.6879788 -0.630726
vn -0.267983 0.7282327 -0.630726
vn -0.3985107 0.7638783 -0.5075533
vn -0.2975555 0.8085879 -0.5075533
vn -0.4286935 0.8217109 -0.3754387
vn -0.3200781 0.869808 -0.3754387
vn -0.4470046 0.8568072 -0.2569353
vn -0.3337504 0.9069491 -0.2569353
vn -0.01303136 0.05719166 -0.9982604
vn -0.0278939 0.1221961 -0.9920957
vn -0.04489272 0.1967223 -0.9794
vn -0.06350898 0.2783288 -0.9583728
vn -0.08343756 0.3656117 -0.9269998
vn -0.1051667 0.4607685 -0.8812525
vn -0.1279641 0.5606555 -0.8180792
vn -0.1507614 0.6605731 -0.7354656
vn -0.1726432 0.7565233 -0.630726
vn -0.1917173 0.8399915 -0.5075533
vn -0.2062135 0.9035921 -0.3754387
vn -0.2150334 0.9421674 -0.2569353
vn 0.2693869 0.2608722 -0.9269998
vn 0.2946562 0.3695181 -0.8812525
vn 0.3395184 0.3288064 -0.8812525
vn 0.3585619 0.4496292 -0.8180792
vn 0.4130985 0.4000672 -0.8180792
vn 0.4224372 0.5297098 -0.7354351
vn 0.4867092 0.4713584 -0.7354351
vn 0.4838099 0.6066775 -0.630726
vn 0.5574206 0.5398114 -0.630726
vn 0.5371868 0.6736351 -0.5075533
vn 0.6189154 0.5993835 -0.5075533
vn 0.577868 0.7246315 -0.3754387
vn 0.6657918 0.6447646 -0.3754387
vn 0.6025269 0.7555773 -0.2569353
vn 0.6942045 0.6723228 -0.2569353
vn 0.1758171 0.099002 -0.9794
vn 0.2287973 0.170751 -0.9583728
vn 0.2487258 0.1400799 -0.9583728
vn 0.3005463 0.2242805 -0.9269998
vn 0.3267617 0.1840266 -0.9269998
vn 0.3787652 0.2826624 -0.8812525
vn 0.4118168 0.2319101 -0.8812525
vn 0.4608905 0.3439741 -0.8180792
vn 0.5010834 0.2822046 -0.8180792
vn 0.5429853 0.4052553 -0.7354351
vn 0.59035 0.3324686 -0.7354351
vn 0.6218757 0.4640949 -0.630726
vn 0.6761071 0.3807795 -0.630726
vn 0.6904813 0.5153356 -0.5075533
vn 0.7507248 0.4228034 -0.5075533
vn 0.7427595 0.5543382 -0.3754387
vn 0.8075503 0.4548174 -0.3754387
vn 0.7744988 0.5780206 -0.2569353
vn 0.8420362 0.4742271 -0.2569353
vn 0.05676442 0.01486247 -0.9982604
vn 0.1161839 0.04702901 -0.9920957
vn 0.12125 0.03176975 -0.9920957
vn 0.1870479 0.07571637 -0.9794
vn 0.1951963 0.05117952 -0.9794
vn 0.264626 0.1071199 -0.9583728
vn 0.2761315 0.0723899 -0.9583728
vn 0.3476058 0.1407208 -0.9269998
vn 0.362743 0.09512615 -0.9269998
vn 0.4380932 0.177343 -0.8812525
vn 0.4571673 0.1198767 -0.8812525
vn 0.5330668 0.2157964 -0.8180792
vn 0.5562914 0.1458479 -0.8180792
vn 0.6280404 0.2542497 -0.7354656
vn 0.655385 0.1718497 -0.7354656
vn 0.7192602 0.2911771 -0.630726
vn 0.7506027 0.1968138 -0.630726
vn 0.7986389 0.3233131 -0.5075533
vn 0.83343 0.218543 -0.5075533
vn 0.8590961 0.3477889 -0.3754387
vn 0.8965117 0.2350841 -0.3754387
vn 0.8957793 0.3626514 -0.2569353
vn 0.9348125 0.2451246 -0.2569353
vn 0.05819875 0.007476985 -0.9982604
vn 0.1243019 0.0160222 -0.9920957
vn 0.2001404 0.02578812 -0.9794
vn 0.2831202 0.03650009 -0.9583728
vn 0.3719291 0.04794454 -0.9269998
vn 0.4687338 0.06042665 -0.8812525
vn 0.5703604 0.07351905 -0.8180792
vn 0.6719871 0.08664202 -0.7354656
vn 0.7695853 0.09921562 -0.630726
vn 0.8545183 0.1101718 -0.5075533
vn 0.9192175 0.1185033 -0.3754387
vn 0.9584643 0.1235694 -0.2569353
vn 0.9808649 -0.06295967 -0.1840876
vn 0.9192175 -0.1185033 -0.3754387
vn 0.83343 -0.218543 -0.5075533
vn 0.9748833 -0.1263466 -0.1832941
vn 0.9649648 -0.1870784 -0.1839351
vn 0.9505906 -0.2505875 -0.1830805
vn 0.9331035 -0.3089694 -0.183874
vn 0.7192602 -0.2911771 -0.630726
vn 0.7986389 -0.3233131 -0.5075533
vn 0.8590961 -0.3477889 -0.3754387
vn 0.8957793 -0.3626514 -0.2569353
vn 0.9108554 -0.3703726 -0.1820429
vn 0.59035 -0.3324686 -0.7354351
vn 0.6761071 -0.3807795 -0.630726
vn 0.7507248 -0.4228034 -0.5075533
vn 0.8075503 -0.4548174 -0.3754387
vn 0.4608905 -0.3439741 -0.8180792
vn 0.5429853 -0.4052553 -0.7354656
vn 0.6218757 -0.4640949 -0.630726
vn 0.6904813 -0.5153356 -0.5075533
vn 0.7427595 -0.5543382 -0.3754387
vn 0.3395184 -0.3288064 -0.8812525
vn 0.4130985 -0.4000672 -0.8180792
vn 0.4867092 -0.4713584 -0.7354656
vn 0.5574206 -0.5398114 -0.630726
vn 0.6189154 -0.5993835 -0.5075533
vn 0.6657918 -0.6447646 -0.3754387
vn 0.6630146 -0.7266152 -0.1799982
vn 0.6112858 -0.7709891 -0.1785333
vn 0.4577471 -0.8708152 -0.1791741
vn 0.375164 -0.847499 -0.3754387
vn 0.2451246 -0.8259835 -0.5075533
vn 0.3979308 -0.8990142 -0.1827448
vn 0.3395184 -0.922605 -0.1830195
vn 0.2797021 -0.9425337 -0.1826838
vn 0.2187566 -0.9584643 -0.1828974
vn 0.1568651 -0.9705802 -0.1825312
vn 0.09439373 -0.9786065 -0.1826838
vn 0.03143405 -0.9827265 -0.1823481
vn -0.03149509 -0.982696 -0.1824396
vn -0.09448528 -0.9786981 -0.1821039
vn -0.1569262 -0.9706717 -0.1820734
vn -0.2189092 -0.9586474 -0.1817987
vn -0.2797632 -0.9426863 -0.1816766
vn -0.3397626 -0.9228187 -0.1814325
vn -0.3980529 -0.8992584 -0.1811884
vn -0.455031 -0.8718528 -0.1810052
vn -0.5098422 -0.8410596 -0.180639
vn -0.1154515 -0.1655018 -0.9794
vn -0.163335 -0.234138 -0.9583728
vn -0.2145451 -0.3075655 -0.9269998
vn -0.270394 -0.3876156 -0.8812525
vn -0.32902 -0.4716635 -0.8180792
vn -0.3876156 -0.5557116 -0.7354351
vn -0.4439222 -0.636433 -0.630726
vn -0.492935 -0.7066561 -0.5075533
vn -0.5302591 -0.760155 -0.3754387
vn -0.5529038 -0.7926267 -0.2569353
vn -0.5097812 -0.8410596 -0.1807611
vn -0.5629139 -0.8065127 -0.1806085
vn -0.6128727 -0.7691885 -0.1808221
vn -0.6617329 -0.7276529 -0.180517
vn -0.7059541 -0.6847438 -0.1808221
vn -0.7496262 -0.6367687 -0.1803339
vn -0.7875301 -0.5891599 -0.1807306
vn -0.0491653 -0.03201389 -0.9982604
vn -0.1050447 -0.06836146 -0.9920957
vn -0.1691336 -0.1100803 -0.9794
vn -0.2392651 -0.1557359 -0.9583728
vn -0.3142796 -0.2045655 -0.9269998
vn -0.3960998 -0.2578204 -0.8812525
vn -0.4819788 -0.3137302 -0.8180792
vn -0.5678274 -0.3696097 -0.7354656
vn -0.6503189 -0.4233222 -0.630726
vn -0.7220985 -0.4700155 -0.5075533
vn -0.7767571 -0.5056002 -0.3754387
vn -0.8099308 -0.5272073 -0.2569353
vn -0.8251594 -0.5353862 -0.1800592
vn -0.8562273 -0.483932 -0.1806085
vn -0.8870815 -0.4251228 -0.1796929
vn -0.911008 -0.3707999 -0.1803644
vn -0.9343852 -0.3078402 -0.1792657
vn -0.9508957 -0.2516251 -0.1800897
vn -0.9662466 -0.1854609 -0.1787164
vn -0.97528 -0.1283303 -0.179754
vn -0.9821467 -0.05999934 -0.178106
vn -0.9837642 -0.002929747 -0.1793267
vn -0.981109 0.06299018 -0.1827753
vn -0.9750053 0.1257057 -0.18305
vn -0.9650258 0.1879635 -0.1827143
vn -0.9509568 0.2493667 -0.1829279
vn -0.9330729 0.3098239 -0.1825922
vn -0.9112827 0.3689383 -0.1827753
vn -0.8857998 0.4266487 -0.1824091
vn -0.8566546 0.4824671 -0.1825312
vn -0.8239998 0.5364544 -0.1821955
vn -0.7879879 0.5880917 -0.1821955
vn -0.7486495 0.6374706 -0.1819208
vn -0.7063509 0.6840724 -0.1818292
vn -0.6610004 0.7280496 -0.1815546
vn -0.6131474 0.7688528 -0.1813715
vn -0.07171845 0.1028168 -0.9920957
vn -0.1154515 0.1655018 -0.9794
vn -0.163335 0.234138 -0.9583728
vn -0.2145451 0.3075655 -0.9269998
vn -0.270394 0.3876156 -0.8812525
vn -0.32902 0.4716635 -0.8180792
vn -0.3876156 0.5557116 -0.7354351
vn -0.4439222 0.636433 -0.630726
vn -0.492935 0.7066561 -0.5075533
vn -0.5302591 0.760155 -0.3754387
vn -0.5529038 0.7926267 -0.2569353
vn -0.5624867 0.8066653 -0.1811578
vn -0.5098422 0.8410291 -0.1808527
vn -0.5097812 0.8410902 -0.1807306
vn -0.4547868 0.8720664 -0.1806085
vn -0.3983581 0.8991973 -0.1808221
vn -0.3391827 0.9232155 -0.1805475
vn -0.2804651 0.9426558 -0.1808221
vn -0.2179327 0.9591357 -0.1803949
vn -0.1579638 0.9707328 -0.1807611
vn -0.09311193 0.9792169 -0.1801508
vn -0.09277623 0.9619435 -0.2569353
vn 0.02969449 0.9263588 -0.3754387
vn 0.1374859 0.8505508 -0.5075533
vn -0.0328989 0.9829707 -0.180639
vn 0.03323465 0.9831233 -0.179815
vn 0.0927152 0.9791864 -0.1804559
vn 0.159093 0.9707938 -0.1794183
vn 0.2207708 0.7438887 -0.630726
vn 0.2451246 0.8259835 -0.5075533
vn 0.2637104 0.8885159 -0.3754387
vn 0.2742393 0.6195563 -0.7354351
vn 0.3140965 0.7095553 -0.630726
vn 0.3487655 0.7878658 -0.5075533
vn 0.375164 0.847499 -0.3754387
vn 0.2981048 0.4917753 -0.8180792
vn 0.3512375 0.5793939 -0.7354656
vn 0.402234 0.663564 -0.630726
vn 0.4466384 0.7367779 -0.5075533
vn 0.4804529 0.7925657 -0.3754387
vn 0.5009613 0.8264107 -0.2569353
vn 0.4525284 0.8734703 -0.1794793
vn 0.5096591 0.8407239 -0.1827753
vn 0.5624256 0.806299 -0.1830805
vn 0.6129948 0.7686392 -0.1827448
vn 0.6609393 0.7277749 -0.182989
vn 0.7062899 0.6839503 -0.1826227
vn 0.7485885 0.6372875 -0.1828364
vn 0.7879574 0.5880001 -0.1824702
vn 0.8239693 0.5363323 -0.1826227
vn 0.8567461 0.4824061 -0.182287
vn 0.8858608 0.4265877 -0.1823176
vn 0.910947 0.3695181 -0.1832331
vn 0.9327678 0.3097323 -0.1843318
vn 0.9550157 0.2428053 -0.1701406
vn 0.9646901 0.1951048 -0.1767937
vn 0.9747917 0.1254616 -0.1843318
vn 0.4601581 0.6742149 0.5776239
vn 0.5087741 0.7217628 0.4691916
vn 0.5178991 0.6837062 0.5140843
vn 0.5355998 0.7867977 0.3066805
vn 0.592761 0.7873165 0.1693777
vn 0.7919858 0.6054872 0.07794427
vn 0.8784448 0.4734641 0.06393623
vn 0.001220703 0.08957183 0.9959716
vn -0.03073209 0.1799982 0.9831843
vn 0.3101902 0.3860896 0.8687094
vn 0.1752678 0.2872402 0.9416791
vn 0.2568438 0.46498 0.8472244
vn 0.2774743 0.5516831 0.7865231
vn -0.4571673 0.5603504 0.6906034
vn -0.4698019 0.4686422 0.7480697
vn 0.07892084 0.09308141 0.992523
vn -0.5744804 0.3010346 0.7611317
vn -0.3365886 0.6913968 0.6392102
vn -0.3414106 0.7634816 0.548143
vn -0.2289499 0.882931 0.4098636
vn -0.2215033 0.9574267 0.1850032
vn 0.9804987 -0.1870479 0.0597552
vn 0.905179 0.3853267 0.1791741
vn 0.9782098 -0.2073428 -0.009765923
vn 0.878811 0.449202 0.1608936
vn 0.4092227 0.9053316 0.1134373
vn 0.9029511 0.3735466 0.2123478
vn 0.683401 -0.726249 0.07397687
vn 0.537431 -0.8354442 -0.1148411
vn 0.4700766 -0.7257302 0.5022736
vn 0.4959258 -0.7731559 0.3952757
vn 0.5421614 -0.8275704 -0.1454512
vn 0.644673 -0.6374401 0.4219184
vn 0.6320384 -0.7394025 0.231788
vn 0.8630635 0.3956725 0.3138523
vn 0.8509476 0.3714713 0.3712577
vn 0.8258614 0.3730278 0.4227729
vn 0.7066256 0.4875942 0.512711
vn 0.6893216 0.4368419 0.5778985
vn 0.6401258 0.3938413 0.6595966
vn 0.6204413 0.3443709 0.7045809
vn 0.4835047 -0.7334819 0.4776757
vn 0.8288217 0.2039247 0.5209815
vn 0.8226569 0.2395398 0.5155492
vn 0.7183447 -0.6362804 -0.2811976
vn 0.7973876 0.2711875 0.539079
vn 0.7079989 -0.6988434 -0.1015655
vn 0.8371838 0.1818597 0.5157933
vn 0.681753 -0.7258828 0.0907315
vn 0.7134922 0.3344218 0.6156499
vn 0.6166265 -0.7506332 0.2371898
vn 0.7217628 0.2727134 0.6360973
vn 0.5660573 -0.7396466 0.3639332
vn 0.7603687 -0.5047761 -0.4086428
vn 0.6187933 -0.3525803 -0.7019257
vn 0.7349773 -0.3665578 -0.5704215
vn 0.6246224 -0.2409436 -0.7428205
vn 0.7723319 -0.08981597 -0.6288034
vn 0.5739006 -0.686697 -0.4461501
vn 0.588641 -0.615009 -0.5246132
vn 0.6055788 -0.5362102 -0.5879696
vn 0.5861995 -0.4999542 -0.6374706
vn 0.6046938 -0.4494461 -0.6574908
vn 0.5478072 -0.7779778 -0.3076266
vn 0.5642567 -0.7892392 -0.2422254
vn 0.5642262 -0.7440108 -0.357799
vn 0.5496078 -0.7248146 -0.4153264
vn 0.5874813 0.648793 0.4835963
vn 0.4739829 0.7358013 0.4836573
vn 0.5512558 0.8167974 -0.1700796
vn 0.9822993 0.1775872 0.05938899
vn 0.686697 0.7233497 0.07174897
vn 0.5376751 0.835139 -0.1156651
vn 0.6378369 0.7381817 0.2194891
vn 0.5731986 0.7531663 0.3227027
vn 0.5336772 0.3221229 0.7819147
vn 0.2593463 -0.8031251 0.5363323
vn 0.7324748 -0.4125797 0.5414899
vn 0.6672567 0.3535569 0.6555071
vn 0.6219062 0.4292429 0.6549272
vn 0.4717246 0.4037904 0.7838374
vn 0.5656301 0.5010834 0.6549272
vn 0.3946959 0.4793237 0.7838374
vn 0.7297586 0.41377 0.5442366
vn 0.2598346 0.8036744 0.5353252
vn 0.6664327 -0.3540147 0.6561174
vn 0.5348674 -0.3201392 0.7819147
vn -0.6117435 0.1063265 0.7838374
vn -0.750145 0.09106719 0.6549272
vn -0.6209296 -0.00112915 0.7838374
vn 0 0 1
vn -0.6113468 -0.1085848 0.7838374
vn -0.5388348 0.3085421 0.7838374
vn -0.6690878 0.3511765 0.6549272
vn -0.5841243 0.2106082 0.7838374
vn -0.7065646 0.2679525 0.6549272
vn -0.7336955 0.1808221 0.6549272
vn 0.3077791 -0.5392926 0.7838374
vn 0.4292429 -0.6219062 0.6549272
vn 0.396466 -0.4778588 0.7838374
vn 0.5010834 -0.5656301 0.6549272
vn 0.4731895 -0.4020203 0.7838374
vn 0.5656301 -0.5010834 0.6549272
vn 0.6219062 -0.4292429 0.6549272
vn 0.1054414 -0.6118961 0.7838374
vn 0.1808221 -0.7336955 0.6549272
vn 0.2097842 -0.5844295 0.7838374
vn 0.2679525 -0.7065646 0.6549272
vn 0.3511765 -0.6690878 0.6549272
vn -0.3112888 -0.5372478 0.7838374
vn -0.3511765 -0.6690878 0.6549272
vn -0.213599 -0.5830256 0.7838374
vn -0.2679525 -0.7065646 0.6549272
vn -0.1094698 -0.6111942 0.7838374
vn -0.1808221 -0.7336955 0.6549272
vn -0.09106719 -0.750145 0.6549272
vn -0.002014219 -0.6209296 0.7838374
vn 0 -0.7556688 0.6549272
vn 0.09106719 -0.750145 0.6549272
vn -0.5377056 -0.3105258 0.7838374
vn -0.6219062 -0.4292429 0.6549272
vn -0.4758141 -0.3989074 0.7838374
vn -0.5656301 -0.5010834 0.6549272
vn -0.3996093 -0.4752647 0.7838374
vn -0.5010834 -0.5656301 0.6549272
vn -0.4292429 -0.6219062 0.6549272
vn 0.103183 0.6122928 0.7838374
vn 0.09106719 0.750145 0.6549272
vn -0.004303097 0.6208991 0.7838374
vn 0 0.7556688 0.6549272
vn -0.1117283 0.6107975 0.7838374
vn -0.750145 -0.09106719 0.6549272
vn -0.7336955 -0.1808221 0.6549272
vn -0.5833308 -0.212775 0.7838374
vn -0.7065646 -0.2679525 0.6549272
vn -0.6690878 -0.3511765 0.6549272
vn -0.3132725 0.5360881 0.7838374
vn -0.4292429 0.6219062 0.6549272
vn -0.4013489 0.4737693 0.7838374
vn -0.5010834 0.5656301 0.6549272
vn -0.4773095 0.3971374 0.7838374
vn -0.5656301 0.5010834 0.6549272
vn -0.6219062 0.4292429 0.6549272
vn -0.09106719 0.750145 0.6549272
vn -0.1808221 0.7336955 0.6549272
vn -0.2157658 0.5822321 0.7838374
vn -0.2679525 0.7065646 0.6549272
vn -0.3511765 0.6690878 0.6549272
vn 0.5010834 0.5655996 0.6549272
vn 0.4292429 0.6219062 0.6549272
vn 0.3057649 0.5404218 0.7838374
vn 0.3511765 0.6690878 0.6549272
vn 0.2076174 0.5851925 0.7838374
vn 0.2679525 0.7065646 0.6549272
vn 0.1808221 0.7336955 0.6549272
vn 0.8409681 0.5398724 -0.03579819
vn 0.8404187 0.5392926 -0.05285805
vn 0.8370922 0.5452437 -0.04394662
vn 0.8781091 -0.464156 -0.1160619
vn 0.8747826 -0.4629048 -0.1430402
vn 0.6169622 -0.1441694 -0.7736442
vn 0.6274911 -0.07675403 -0.7748039
vn 0.4964141 0.7203589 -0.4843593
vn 0.4455702 0.7849971 -0.4303415
vn 0.5648061 0.7702566 -0.29606
vn 0.6083559 0.5346538 -0.5865047
vn 0.5898618 0.4646138 -0.6604205
vn 0.6185187 0.3812677 -0.6870327
vn 0.6323741 0.000335704 -0.7746208
vn 0.628071 0.07553327 -0.7744683
vn 0.6202887 0.1424909 -0.7712943
vn 0.6229133 0.2331004 -0.7467269
vn 0.8419446 -0.5369122 -0.05291908
vn 0.9766839 0.2143315 -0.01153594
vn 0.8753014 0.4624165 -0.1414533
vn 0.8411817 -0.5384686 -0.04904323
vn 0.5398724 0.8126469 -0.2193365
vn 0.814478 -0.562212 -0.1432234
vn 0.7407758 -0.6562395 -0.1433759
vn 0.65627 -0.7407147 -0.1434675
vn 0.562212 -0.814417 -0.143498
vn 0.351085 -0.92584 -0.1397747
vn 0.4613178 -0.8757897 -0.14185
vn 0.2368847 -0.9613941 -0.1398663
vn 0.1192358 -0.9829096 -0.1400189
vn -9.15555e-05 -0.990112 -0.1402325
vn -0.1194494 -0.9828181 -0.1404767
vn -0.2370678 -0.961211 -0.1407818
vn -0.3511765 -0.9255959 -0.1411176
vn -0.4601886 -0.8764306 -0.1415448
vn -0.5624256 -0.814539 -0.1419721
vn -0.6564531 -0.7408063 -0.1423383
vn -0.7408978 -0.65627 -0.142674
vn -0.814539 -0.5621815 -0.1429487
vn -0.876339 -0.4598834 -0.1431623
vn -0.9253517 -0.3509323 -0.1433149
vn -0.9608753 -0.2368541 -0.143437
vn -0.9824213 -0.1193274 -0.143498
vn -0.9829401 0.1193579 -0.1397747
vn -0.9898679 -0.001464843 -0.1418195
vn -0.9613636 0.2370067 -0.1398358
vn -0.925779 0.3511765 -0.1399579
vn -0.8766442 0.4602191 -0.140141
vn -0.8147526 0.5625172 -0.1403851
vn -0.7409589 0.6566057 -0.1406598
vn -0.6563616 0.7411115 -0.1409955
vn -0.562212 0.8147832 -0.1413922
vn -0.4598834 0.8765527 -0.1418195
vn -0.3508713 0.9255349 -0.1422162
vn -0.2367626 0.9610279 -0.1425519
vn -0.1192052 0.9825129 -0.1428571
vn 3.05185e-05 0.9896848 -0.1431013
vn 0.1192969 0.9824519 -0.1432844
vn 0.2368236 0.9609058 -0.1434065
vn 0.3508713 0.9253517 -0.1434675
vn 0.5624867 0.8148747 -0.1397442
vn 0.4586932 0.877163 -0.1418195
vn 0.6566362 0.7411115 -0.1398053
vn 0.7411725 0.6565447 -0.1399273
vn 0.8149052 0.5623646 -0.1400799
vn 0.8387097 -0.5433821 -0.03588974
vn 0.8782617 0.4642475 -0.1144444
vn 0.8173772 0.5641957 -0.1162145
vn 0.7434309 0.6586199 -0.1162145
vn 0.6586199 0.7434309 -0.1162145
vn 0.5641957 0.8173772 -0.1162145
vn 0.4615619 0.8794519 -0.1162145
vn 0.3521836 0.9286782 -0.1162145
vn 0.2376781 0.9643544 -0.1162145
vn 0.1196936 0.9859615 -0.1162145
vn 0 0.9931944 -0.1162145
vn -0.1196936 0.9859615 -0.1162145
vn -0.2376781 0.9643544 -0.1162145
vn -0.3521836 0.9286782 -0.1162145
vn -0.4615619 0.8794519 -0.1162145
vn -0.5641957 0.8173772 -0.1162145
vn -0.6586199 0.7434309 -0.1162145
vn -0.7434309 0.6586199 -0.1162145
vn -0.8173772 0.5641957 -0.1162145
vn -0.8794519 0.4615619 -0.1162145
vn -0.9286782 0.3521836 -0.1162145
vn -0.9643544 0.2376781 -0.1162145
vn -0.9859615 0.1196936 -0.1162145
vn -0.9931944 0 -0.1162145
vn -0.9859615 -0.1196936 -0.1162145
vn -0.9643544 -0.2376781 -0.1162145
vn -0.9286782 -0.3521836 -0.1162145
vn -0.8794519 -0.4615619 -0.1162145
vn -0.8173772 -0.5641957 -0.1162145
vn -0.7434309 -0.6586199 -0.1162145
vn -0.6586199 -0.7434309 -0.1162145
vn -0.5641957 -0.8173772 -0.1162145
vn -0.4615619 -0.8794519 -0.1162145
vn -0.3521836 -0.9286782 -0.1162145
vn -0.2376781 -0.9643544 -0.1162145
vn -0.1196936 -0.9859615 -0.1162145
vn 0 -0.9931944 -0.1162145
vn 0.1196936 -0.9859615 -0.1162145
vn 0.2376781 -0.9643544 -0.1162145
vn 0.3521836 -0.9286782 -0.1162145
vn 0.4615619 -0.8794519 -0.1162145
vn 0.5641957 -0.8173772 -0.1162145
vn 0.6586199 -0.7434309 -0.1162145
vn 0.7434309 -0.6586199 -0.1162145
vn 0.8173772 -0.5641957 -0.1162145
vn -0.9944151 0 -0.1052888
vn 0.7206946 0.6888943 -0.07724231
vn 0.7415388 0.6438795 -0.1883602
vn 0.504593 0.7400434 0.4445631
vn 0.6429334 0.7360454 0.2116764
vn 0.6873684 0.7219764 0.0788598
vn 0.723777 0.6232185 -0.2961211
vn 0.7353129 0.3871273 -0.5562304
vn 0.7901242 0.2103335 -0.5756707
vn 0.7711722 0.1003754 -0.6286203
vn 0.6036866 -0.3584094 0.7120579
vn 0.6377758 -0.3310648 0.6953948
vn 0.7085177 -0.3006073 0.6384167
vn 0.794641 -0.2357555 0.5594043
vn 0.8252205 -0.2359386 0.5131382
vn 0.7236855 -0.3364971 0.6024659
vn 0.743492 -0.3133335 0.5907163
vn 0.8399304 -0.3834345 0.3839839
vn 0.7084567 -0.4401074 0.5516831
vn 0.6636555 -0.4582354 0.5912046
vn 0.6391491 -0.4627522 0.614246
vn 0.8780786 -0.3753166 0.2967925
vn 0.8923002 -0.3812372 0.2416455
vn 0.9119541 -0.3740653 0.1684316
vn 0.9050264 -0.3859981 0.1785943
vn 0.8832667 -0.4402905 0.1611072
vn 0.8773156 -0.4752037 0.06683552
vn 0.4109317 -0.9040193 0.1177099
vn 0.7919858 -0.6054872 0.07794427
vn 0.5355998 -0.7867977 0.3066805
vn 0.5087741 -0.7217628 0.4691916
vn 0.5114597 -0.6859951 0.5174413
vn 0.0595721 -0.1323282 0.9894101
vn 0.2949309 -0.3992431 0.868099
vn 0.1752678 -0.2872402 0.9416791
vn 0.4601581 -0.6742149 0.5776239
vn 0.3513901 -0.5244606 0.7755059
vn 0.2710349 -0.3576159 0.893643
vn 0.5928526 -0.789758 0.1572924
vn -0.2320322 -0.9192481 0.3179724
vn -0.2370067 -0.9611194 0.1415143
vn -0.3587756 -0.5801569 0.731193
vn -0.2992645 -0.7818842 0.5468612
vn -0.3162938 -0.8404492 0.4399548
vn -0.4496902 -0.528367 0.7201148
vn -0.5082247 -0.4123661 0.756035
vn -0.9017304 -0.4297922 0.04611343
vn -0.8984649 -0.4312266 0.08203375
vn -0.8977325 -0.4067507 0.168981
vn -0.2422559 -0.9531541 0.1810052
vn -0.3596301 -0.9300516 0.07504498
vn -0.9038057 -0.4247261 0.0521866
vn 0.6417738 -0.4275643 0.6365856
vn -0.4238106 -0.6572161 0.6232185
vn 0.8256173 -0.5197302 0.2195196
vn -0.5213172 -0.8495438 0.08020263
vn 0 -0.9975585 0.06973475
vn 0 -0.9975585 0.06973475
vn -0.5344402 -0.8381298 0.1088595
vn -0.3455001 -0.9333476 0.09714037
vn 0.8247932 0.5212867 0.2189397
vn 0.6410413 0.428785 0.6365246
vn 0.5667592 -0.339549 0.7506332
vn 0.5050508 -0.4290902 0.7488327
vn 0.4231696 -0.5100558 0.7488327
vn 0.3285012 -0.5755791 0.7488327
vn 0.2239143 -0.6237678 0.7488327
vn 0.1125522 -0.6530961 0.7488327
vn -0.002166807 -0.6627399 0.7488327
vn -0.1168248 -0.6523637 0.7488327
vn -0.2280037 -0.6222724 0.7488327
vn -0.332255 -0.5734123 0.7488327
vn -0.4264962 -0.5072482 0.7488327
vn -0.5078585 -0.4257637 0.7488327
vn -0.5739006 -0.331431 0.7488327
vn -0.6226081 -0.2270882 0.7488327
vn -0.6525163 -0.1159093 0.7488327
vn -0.6627399 -0.001220703 0.7488327
vn -0.6529435 0.1134983 0.7488327
vn -0.6234321 0.2247993 0.7488327
vn -0.5751213 0.3293252 0.7488327
vn -0.5094455 0.4239021 0.7488327
vn -0.4283883 0.5056612 0.7488327
vn -0.3343913 0.5721915 0.7488327
vn -0.2302926 0.6214179 0.7488327
vn -0.1192358 0.6519059 0.7488327
vn -0.004608273 0.6627094 0.7488327
vn 0.1101413 0.6535234 0.7488327
vn 0.2215949 0.6245918 0.7488327
vn 0.3263649 0.5767998 0.7488327
vn 0.4212775 0.5116123 0.7488327
vn 0.5034639 0.4309518 0.7488327
vn 0.565508 0.3416242 0.7506332
vn -0.583575 -0.3598132 0.727958
vn -0.5193335 -0.4406262 0.7321696
vn -0.4332103 -0.5313578 0.7279886
vn -0.3317057 -0.5993225 0.7285073
vn -0.2288583 -0.644612 0.7294229
vn -0.1067537 -0.6763817 0.728721
vn 0.000335704 -0.6812342 0.732017
vn 0.1251869 -0.6740928 0.7279275
vn 0.2425001 -0.6406751 0.7284768
vn 0.3439131 -0.5914487 0.7292703
vn 0.4468215 -0.5189062 0.728721
vn 0.5200354 -0.4402905 0.7318949
vn 0.595172 -0.3404034 0.727897
vn 0.6454665 -0.2294687 0.7284768
vn 0.6737266 -0.1199988 0.7291482
vn 0.6847743 0.005157589 0.728721
vn 0.6722617 0.112064 0.7317423
vn 0.6421095 0.2374645 0.7288736
vn 0.5928221 0.3312784 0.7340007
vn 0.5272073 0.4365062 0.7290261
vn 0.4389477 0.5255898 0.728721
vn 0.3491928 0.5854366 0.7316203
vn 0.2340464 0.6433912 0.728843
vn 0.1306802 0.6665548 0.7338786
vn 0.007782161 0.6845301 0.7289041
vn -0.1169469 0.6747337 0.7286905
vn -0.2208929 0.6450697 0.7314677
vn -0.3394269 0.5945921 0.728843
vn -0.4239937 0.530839 0.7337566
vn -0.5172888 0.448561 0.728782
vn -0.5887326 0.3517258 0.7277749
vn -0.4182562 0.6580706 0.6260567
vn -0.8806421 -0.4699545 0.05990779
vn -0.8526262 -0.5171667 0.07422101
vn -0.5182348 0.8518021 0.07644885
vn -0.8866237 0.4598529 0.04895168
vn -0.8546404 0.5138401 0.07422101
vn -0.8205512 0.5688955 0.05511641
vn -0.7850582 0.6156804 0.06775104
vn -0.7420271 0.667745 0.05883967
vn -0.664388 0.7453231 0.05539107
vn -0.6020691 0.7959228 0.06305122
vn -0.5746025 0.8180487 0.02380442
vn -0.5080721 0.858211 0.07284766
vn -0.4495376 0.8914151 0.05716115
vn -0.3434248 0.9371319 0.06170839
vn -0.2766503 0.9590442 0.06048768
vn -0.2354198 0.9709769 0.04187136
vn -0.1621753 0.9839473 0.07425153
vn -0.0979644 0.9936522 0.05520796
vn -0.03952145 0.9969176 0.0673238
vn 0.02792441 0.9978637 0.05887019
vn 0.1370891 0.9890133 0.05481123
vn 0.2165593 0.9742119 0.06308174
vn 0.2508011 0.9677419 0.02261418
vn 0.3246559 0.943022 0.07263404
vn 0.3879207 0.9198889 0.05728322
vn 0.4911344 0.8688925 0.06152528
vn 0.5515915 0.8318735 0.06073182
vn 0.5870236 0.8084964 0.04095584
vn 0.6445204 0.7609485 0.07428205
vn 0.6936247 0.7181921 0.05529952
vn 0.7338786 0.6759545 0.06689655
vn 0.778222 0.6252022 0.05890071
vn 0.8421277 0.5364849 0.05423134
vn 0.8825648 0.4658955 0.06311225
vn 0.8996857 0.4359874 0.02139347
vn 0.9287393 0.363567 0.07242041
vn 0.9520859 0.3002716 0.05740529
vn 0.9800409 0.1890316 0.06134217
vn 0.9910581 0.1184118 0.06097596
vn 0.9962157 0.07675403 0.04000973
vn 0.9972229 0.001922607 0.07428205
vn 0.9964293 -0.06332588 0.05539107
vn 0.9903867 -0.1211889 0.06646931
vn 0.9804376 -0.1877499 0.05890071
vn 0.9543749 -0.2937406 0.05359047
vn 0.9301431 -0.3599353 0.07245093
vn 0.9071016 -0.4173406 0.05447548
vn 0.8786279 -0.4719992 0.07220679
vn 0.8454848 -0.530839 0.05755788
vn 0.779107 -0.6238594 0.06109803
vn 0.7320475 -0.678457 0.0612201
vn 0.704001 -0.7090671 0.03906369
vn 0.6474807 -0.7584155 0.07428205
vn 0.5970947 -0.8002259 0.05548262
vn 0.5492416 -0.8330333 0.06601148
vn 0.4921415 -0.8684958 0.05893123
vn 0.3947264 -0.9172338 0.05298012
vn 0.3283181 -0.9417402 0.07266455
vn 0.2694479 -0.9614551 0.05447548
vn 0.2096011 -0.9751274 0.07196265
vn 0.1432539 -0.9879757 0.05767995
vn 0.02975553 -0.9976806 0.06085389
vn -0.0428785 -0.9971618 0.06143373
vn -0.08389538 -0.9957274 0.03808706
vn -0.15833 -0.9845576 0.07425153
vn -0.2229682 -0.9732047 0.05557417
vn -0.2788171 -0.9580981 0.06555372
vn -0.3427228 -0.9375591 0.05890071
vn -0.4428235 -0.8950774 0.05230867
vn -0.5047151 -0.8601642 0.07284766
vn -0.5580615 -0.8279977 0.05450606
vn -0.6070742 -0.7913755 0.07171845
vn -0.6598712 -0.7491074 0.0577715
vn -0.7405316 -0.6692404 0.06057924
vn -0.7875912 -0.6130558 0.06161683
vn -0.81283 -0.5812861 0.03707998
vn -0.604236 -0.7876827 0.1200903
vn -0.6523331 -0.7472763 0.1265602
vn -0.6522111 -0.7492905 0.1147496
vn -0.5024262 -0.8562578 0.1196326
vn -0.5551317 -0.8220466 0.1265602
vn -0.554735 -0.8240303 0.1147496
vn -0.3929563 -0.911771 0.1192358
vn -0.4494156 -0.8842738 0.1265297
vn -0.4488052 -0.8861965 0.1147496
vn -0.2774133 -0.9533372 0.118839
vn -0.3368328 -0.9330119 0.1265297
vn -0.3360088 -0.9348125 0.1147496
vn -0.1576586 -0.9803461 0.1184728
vn -0.2190924 -0.9674367 0.1264992
vn -0.2180547 -0.9691458 0.1147496
vn -0.03546249 -0.9923399 0.1181066
vn -0.09799492 -0.9870907 0.1265297
vn -0.09677416 -0.9886471 0.1147496
vn 0.08725237 -0.9891659 0.1178014
vn 0.02459788 -0.991638 0.1265297
vn 0.02594071 -0.9930418 0.1147496
vn 0.2086855 -0.9708853 0.1174963
vn 0.1468551 -0.9810175 0.1265297
vn 0.1482894 -0.9822382 0.1147496
vn 0.3269143 -0.9377422 0.1172215
vn 0.2668538 -0.9553819 0.1265297
vn 0.2683798 -0.9564196 0.1147496
vn 0.4401684 -0.8902555 0.1169774
vn 0.3827937 -0.9150975 0.1265602
vn 0.3843806 -0.9159826 0.1147496
vn 0.552324 -0.8244575 0.1231116
vn 0.4928739 -0.8608051 0.1265602
vn 0.4944914 -0.8615375 0.1147496
vn 0.6500748 -0.7497788 0.1231727
vn 0.5867488 -0.7973876 0.1409345
vn 0.5970336 -0.793939 0.1147496
vn 0.737846 -0.6635945 0.1232643
vn 0.6803186 -0.7189856 0.1419721
vn 0.6904508 -0.7141942 0.1147496
vn 0.8142644 -0.5671865 0.1233863
vn 0.7635121 -0.6296884 0.1430402
vn 0.7733085 -0.6235237 0.1147496
vn 0.8781701 -0.4620807 0.1235084
vn 0.835078 -0.530839 0.1441389
vn 0.8443556 -0.5233009 0.1147496
vn 0.9285867 -0.3498642 0.1236915
vn 0.8939482 -0.4239326 0.1452681
vn 0.9024934 -0.4150822 0.1147496
vn 0.9646901 -0.2323068 0.1238746
vn 0.9391766 -0.3106174 0.1464583
vn 0.9468063 -0.3005463 0.1147496
vn 0.985992 -0.1111484 0.1240882
vn 0.9700919 -0.1926023 0.1476485
vn 0.9766839 -0.181402 0.1147496
vn 0.9921568 0.01165807 0.1243324
vn 0.9862362 -0.07168793 0.1488693
vn 0.9916074 -0.05948054 0.1147496
vn 0.9854122 0.124485 0.1157872
vn 0.9873654 0.05026394 0.1501205
vn 0.9913633 0.06332588 0.1147496
vn -0.8774071 -0.4662618 0.1126743
vn -0.889645 -0.4414808 0.1166112
vn -0.8767663 -0.4661702 0.1180456
vn -0.815363 -0.5676443 0.1136814
vn -0.8469802 -0.5181432 0.1186864
vn -0.8537248 -0.5097507 0.1061128
vn -0.8584247 -0.5034944 0.09784233
vn -0.8623921 -0.4951628 0.1051362
vn -0.8752098 -0.4691 0.117832
vn -0.8771325 0.4654988 0.117832
vn -0.8668783 0.4876247 0.1035187
vn -0.8798486 0.4619892 0.111362
vn -0.8174993 0.5645924 0.1136204
vn -0.8654744 0.4932401 0.08743548
vn -0.8590961 0.5020905 0.09894096
vn -0.8651998 0.483932 0.1311686
vn -0.845851 0.5180822 0.1266823
vn -0.8461257 0.5192114 0.1202734
vn -0.8545183 0.5082858 0.1067842
vn -0.8909268 0.4388867 0.1166112
vn -0.5355388 0.8375805 0.1078829
vn -0.3464156 0.9330119 0.09726244
vn -0.7422712 0.6601764 0.1147496
vn -0.5579394 0.8218635 0.1147496
vn -0.6551103 0.7467269 0.1147496
vn -0.4522538 0.8844569 0.1147496
vn -0.3396405 0.9335002 0.1147496
vn -0.221839 0.9682913 0.1147496
vn -0.1006195 0.9882504 0.1147496
vn 0.02206486 0.9931333 0.1147496
vn 0.1444746 0.9828181 0.1147496
vn 0.2646565 0.9574572 0.1147496
vn 0.38081 0.917478 0.1147496
vn 0.5939207 0.7962585 0.1147496
vn 0.4911344 0.8634602 0.1147496
vn 0.6876736 0.7168798 0.1147496
vn 0.7708671 0.6265145 0.1147496
vn 0.9008759 0.4186224 0.1147496
vn 0.8423109 0.5265969 0.1147496
vn 0.9456465 0.304239 0.1147496
vn 0.9759514 0.1851863 0.1147496
vn -0.7396771 -0.6630451 0.1147496
vn -0.7421491 0.6581622 0.1265602
vn -0.7811518 0.6126286 0.1200903
vn -0.816065 0.5636769 0.1275979
vn -0.6996368 0.7043977 0.1196326
vn -0.5583056 0.8199103 0.1265297
vn -0.6073794 0.7853938 0.1192052
vn -0.6552324 0.7447127 0.1265297
vn -0.5058138 0.8543962 0.118839
vn -0.3404034 0.9316996 0.1265297
vn -0.396527 0.9103366 0.1184728
vn -0.4528337 0.8825343 0.1264992
vn -0.281167 0.9523301 0.1181066
vn -0.1017182 0.9867244 0.1265297
vn -0.1614734 0.9797968 0.1178014
vn -0.2227851 0.9666128 0.1265297
vn -0.03933835 0.9922788 0.1174963
vn 0.1431623 0.9815669 0.1265602
vn 0.08340704 0.9895932 0.1172215
vn 0.0208441 0.9917295 0.1265297
vn 0.2049012 0.9717399 0.1169774
vn 0.3793756 0.9165014 0.1265907
vn 0.3232825 0.9390546 0.1167333
vn 0.2632832 0.9563586 0.1265602
vn 0.4367198 0.891995 0.1165502
vn 0.5924863 0.7955565 0.1266213
vn 0.5434736 0.8312937 0.1163671
vn 0.4896695 0.8626362 0.1265907
vn 0.6419264 0.7578967 0.1162145
vn 0.7694327 0.6260262 0.1266518
vn 0.7305521 0.6728721 0.1160619
vn 0.6862087 0.7162694 0.1266213
vn 0.8080386 0.5775628 0.1159703
vn 0.899411 0.4182562 0.1266518
vn 0.8731346 0.4734336 0.1158788
vn 0.8408765 0.5261696 0.1266518
vn 0.924894 0.3620716 0.1158177
vn 0.9745171 0.1849727 0.1266823
vn 0.9625233 0.2451552 0.1157872
vn 0.9442121 0.3039643 0.1266823
vn -0.6967986 -0.7070223 0.1205481
vn -0.7395551 -0.6610614 0.1266213
vn -0.7786798 -0.6155889 0.1210364
vn -0.8138982 -0.5666982 0.1278725
vn -0.8450881 -0.5191809 0.1273537
vn -0.8645894 -0.4850001 0.1311075
vn 0 0.9975585 0.06973475
vn 0 0.9975585 0.06973475
vn 0 0.8820765 0.4710532
vn -0.7540208 0.5937986 0.2806787
vn -0.3603931 0.9297769 0.07486188
vn -0.8983429 0.4037293 0.1730094
vn -0.8962676 0.4374828 0.07251197
vn -0.9034395 0.4259774 0.04797506
vn -0.9039888 0.4245125 0.05069124
vn -0.2561419 0.9528489 0.1626026
vn -0.7795038 0.382458 0.4960479
vn -0.8783532 0.4266182 0.2155827
vn -0.7756584 0.346324 0.527604
vn -0.3301492 0.1631824 0.9296854
vn -0.5220801 0.2558672 0.8135625
vn -0.446028 0.1988586 0.8726158
vn -0.6260262 0.30665 0.7169408
vn -0.7327494 0.3614307 0.5765557
vn -0.2408826 0.1191747 0.9631947
vn -0.2287667 0.1028168 0.9680166
vn -0.2411267 0.1188696 0.9631642
vn 0.1129795 0.6785485 0.7257912
vn 0.2988678 0.574572 0.7619251
vn -0.6547136 0.3799554 0.6534013
vn 0.3646656 0.5273904 0.7673574
vn -0.06640827 0.8085269 0.5846431
vn -0.129429 0.9089328 0.3962829
vn -0.1031525 0.8455764 0.5237281
vn 0.06100648 0.7696158 0.6355479
vn -0.4221625 -0.1720633 0.8900113
vn -0.09601122 -0.1092867 0.9893491
vn -0.1056856 -0.2670064 0.9578539
vn -0.7785882 -0.2471083 0.5767998
vn -0.4327219 -0.3024079 0.8492691
vn -0.8974578 -0.2822046 0.3389691
vn -0.7676016 -0.3315225 0.5484787
vn -0.09823906 -0.4189886 0.902646
vn -0.4152653 -0.4322031 0.8004395
vn -0.1074251 -0.4854274 0.8676412
vn -0.4103519 -0.5403913 0.7345195
vn -0.1192052 -0.5614795 0.8188421
vn -0.1069063 -0.6673178 0.737022
vn -0.4019288 -0.6396069 0.6552324
vn -0.1038545 -0.7656789 0.6347545
vn -0.3993652 -0.7207251 0.5665761
vn -0.1029084 -0.8514054 0.5142674
vn -0.3934446 -0.7921385 0.466567
vn -0.09689623 -0.8857387 0.4539018
vn -0.3913694 -0.8472854 0.3589892
vn -0.1028168 -0.915952 0.3878597
vn -0.1053498 -0.9616687 0.25309
vn -0.3920407 -0.8860134 0.2474746
vn -0.09790337 -0.9873959 0.1243324
vn -0.3837092 -0.9125339 0.1414228
vn -0.7520676 -0.4063234 0.5188757
vn -0.7426069 -0.467452 0.4795373
vn -0.7322001 -0.523484 0.4356212
vn -0.725486 -0.5702384 0.3852657
vn -0.7198401 -0.6099429 0.3312784
vn -0.7163305 -0.6421095 0.2729576
vn -0.7159948 -0.6646016 0.213599
vn -0.713126 -0.683462 0.1558885
vn -0.892819 -0.3101291 0.3265786
vn -0.897763 -0.3422956 0.2771691
vn -0.8962676 -0.3662526 0.2500687
vn -0.8929105 -0.3860896 0.2315134
vn -0.8894314 -0.4036988 0.2141484
vn -0.8865932 -0.4177069 0.1985839
vn -0.8839992 -0.4303415 0.1825312
vn -0.8822291 -0.4401684 0.1669667
vn -0.876339 -0.4577776 0.1497848
vn -0.942381 -0.2203741 0.2516251
vn -0.7817621 -0.1396527 0.6076846
vn -0.9355754 -0.1784417 0.3046663
vn -0.9599903 -0.1184423 0.2537004
vn -0.7866451 -0.03671371 0.6162908
vn -0.952971 -0.04766988 0.299234
vn -0.7868282 0.05206453 0.6149175
vn -0.984344 -0.0241096 0.1745659
vn -0.9512314 0.06949061 0.3004853
vn -0.7789239 0.1415143 0.610889
vn -0.9727775 0.1008636 0.2085329
vn -0.9361553 0.1857661 0.298471
vn -0.7800836 0.2330393 0.5806146
vn -0.9506211 0.2081362 0.2301706
vn -0.8998993 0.2793359 0.334788
vn -0.4236274 0.1519821 0.8929716
vn -0.4420911 0.07458722 0.8938567
vn -0.447676 0.02438426 0.8938567
vn -0.4475845 -0.0260933 0.8938567
vn -0.4417859 -0.07626575 0.8938567
vn -0.1032441 0.09756767 0.9898374
vn -0.112064 0.01889091 0.9934996
vn -0.1134678 0.006164729 0.9934996
vn -0.1134373 -0.006591975 0.9934996
vn -0.1119724 -0.01931822 0.9934996
vn -0.3848689 0.9131749 0.1338542
vn -0.09329503 0.9894406 0.1108737
vn -0.09982603 0.971862 0.2132633
vn -0.7145604 0.6828517 0.1518601
vn -0.3927122 0.8946806 0.212836
vn -0.8791772 0.4525895 0.1488998
vn -0.7173681 0.668691 0.1953794
vn -0.101474 0.9342936 0.3416547
vn -0.392346 0.8622089 0.3203223
vn -0.1049836 0.8718222 0.4784082
vn -0.394818 0.8091372 0.435194
vn -0.1026032 0.831721 0.5455794
vn -0.3985107 0.7392498 0.5428327
vn -0.1094393 0.7884152 0.6053041
vn -0.1161534 0.6817835 0.7222511
vn -0.4010132 0.649617 0.6458632
vn -0.1303445 0.5616016 0.8170415
vn -0.4139226 0.5435652 0.7301859
vn -0.1156957 0.4915921 0.8630635
vn -0.4193243 0.4278085 0.8006836
vn -0.1017182 0.4175848 0.9029206
vn -0.1158483 0.2699972 0.9558397
vn -0.4289071 0.2988983 0.852443
vn -0.7174291 0.6490982 0.2527848
vn -0.7200537 0.6185492 0.3144627
vn -0.7244179 0.5788751 0.3742179
vn -0.7313761 0.5286722 0.4307687
vn -0.7413862 0.4695273 0.4794152
vn -0.7520982 0.4000672 0.5236671
vn -0.7660756 0.3267922 0.5534226
vn -0.8833277 0.4397412 0.1621753
vn -0.8850978 0.4302805 0.1771904
vn -0.8875088 0.4180426 0.193762
vn -0.8901334 0.403882 0.2109134
vn -0.893582 0.3856014 0.2297738
vn -0.8966948 0.3644215 0.2511978
vn -0.897641 0.3383892 0.2822352
vn -0.8898587 0.3051546 0.3390911
vn 0.3192541 0.9050264 0.2809534
vn -0.04809713 0.9747307 0.2180547
vn -0.8847621 0.445967 0.1350444
vn -0.9053621 0.4025391 0.1350444
vn -0.7168493 0.6857509 0.1257973
vn -0.8830836 0.4477981 0.1399273
vn 0.0557878 0.9654836 0.2543718
vn 0.244148 0.9297159 0.2756432
vn 0.3744316 0.8912625 0.2557451
vn -0.3914304 0.91583 0.08948028
vn 0.5219886 0.7943053 0.3107395
vn 0.5221107 0.7942137 0.3107395
vn 0.1412091 0.957152 0.2527848
vn 0.09051787 0.9591968 0.2677999
vn 0.2495498 0.9277627 0.2773827
vn -0.7203284 -0.6764428 0.153386
vn -0.6298715 -0.7613758 0.153386
vn -0.5294656 -0.834315 0.153386
vn -0.4207282 -0.8941008 0.153386
vn -0.3053377 -0.939787 0.153386
vn -0.1851558 -0.9706412 0.153386
vn -0.06204408 -0.9862056 0.153386
vn 0.9187597 0.3637501 0.153386
vn 0.8659322 0.4760277 0.153386
vn 0.7994323 0.5808283 0.153386
vn 0.7203284 0.6764428 0.153386
vn 0.6298715 0.7613758 0.153386
vn 0.5294656 0.834315 0.153386
vn 0.4207282 0.8941008 0.153386
vn 0.3053377 0.939787 0.153386
vn 0.1851558 0.9706412 0.153386
vn 0.06204408 0.9862056 0.153386
vn -0.7994323 -0.5808283 0.153386
vn -0.8659322 -0.4760277 0.153386
vn -0.8676412 -0.4765771 0.1415143
vn 0.3053377 -0.939787 0.153386
vn 0.1851558 -0.9706412 0.153386
vn 0.1865596 -0.9721671 0.1415753
vn 0.6298715 -0.7613758 0.153386
vn 0.5294656 -0.834315 0.153386
vn 0.5365154 -0.8328501 0.1358684
vn 0.8659322 -0.4760277 0.153386
vn 0.7994323 -0.5808283 0.153386
vn 0.803766 -0.5797601 0.1333354
vn -0.3053377 0.939787 0.153386
vn -0.1851558 0.9706412 0.153386
vn -0.1843318 0.9725944 0.1415753
vn -0.6298715 0.7613758 0.153386
vn -0.5294656 0.834315 0.153386
vn -0.5293741 0.8364818 0.1415753
vn -0.8659322 0.4760277 0.153386
vn -0.7994323 0.5808283 0.153386
vn -0.8001343 0.5828425 0.1414838
vn -0.8001953 -0.582812 0.1413922
vn -0.7207862 -0.678518 0.1414533
vn -0.6300547 -0.7635426 0.1414838
vn -0.5293741 -0.8364818 0.1415143
vn -0.4203314 -0.8962371 0.1415448
vn -0.3046968 -0.9418317 0.1415753
vn -0.1842707 -0.9725944 0.1415753
vn 0.6342357 -0.7614673 0.1336711
vn 0.7247231 -0.6759545 0.1335185
vn 0.8701438 -0.4744408 0.1332133
vn 0.9227576 -0.3616138 0.1330607
vn 0.9588611 0.2460707 0.1414533
vn 0.9204993 0.3642079 0.1414533
vn 0.8676412 0.4766076 0.1414533
vn 0.8011109 0.5814997 0.1414838
vn 0.7219764 0.6772363 0.1414838
vn 0.631489 0.7623218 0.1414838
vn 0.5310526 0.8354137 0.1415143
vn 0.4222236 0.895352 0.1415143
vn 0.3067415 0.9411908 0.1415448
vn 0.1864376 0.9721977 0.1415448
vn -0.8677328 0.4763329 0.1418195
vn -0.9119541 0.3875851 0.1343424
vn -0.9112217 0.3879513 0.1382488
vn -0.9138768 -0.3723563 0.1617481
vn -0.9110385 -0.3883481 0.1383404
vn -0.8814051 -0.4511246 0.1399884
vn -0.8856166 -0.44438 0.1347087
vn -0.9577624 -0.235847 0.1644642
vn -0.9797357 -0.1237525 0.1573534
vn -0.987518 0 0.1573534
vn -0.9797357 0.1237525 0.1573534
vn -0.9139989 0.3721122 0.1615039
vn -0.9577319 0.2356944 0.1647084
vn -0.7207556 0.6785485 0.1415143
vn -0.6300241 0.7635426 0.1415448
vn -0.4203619 0.8962066 0.1415753
vn -0.3047578 0.9418317 0.1415753
vn -0.061037 0.9880368 0.1415753
vn 0.06320381 0.9878842 0.1415448
vn 0.9911191 0.003448545 0.132725
vn 0.9837337 -0.1207617 0.1328165
vn 0.9827876 0.1207617 0.1397442
vn 0.9608142 -0.2431104 0.1329386
vn 0.4223762 -0.895291 0.1415448
vn 0.3068941 -0.9411298 0.1415448
vn 0.06329536 -0.9878842 0.1415753
vn -0.06094545 -0.9880368 0.1415753
vn -0.9032258 -0.4096805 0.1275368
vn -0.9115269 -0.3888058 0.1338542
vn -0.7203284 0.6764428 0.153386
vn -0.4207282 0.8941008 0.153386
vn -0.06204408 0.9862056 0.153386
vn 0.957091 -0.245735 0.153386
vn 0.9803461 -0.1238441 0.153386
vn 0.9881588 0 0.153386
vn 0.9803461 0.1238441 0.153386
vn 0.957091 0.245735 0.153386
vn 0.9187597 -0.3637501 0.153386
vn 0.7203284 -0.6764428 0.153386
vn 0.4207282 -0.8941008 0.153386
vn 0.06204408 -0.9862056 0.153386
vn 0.9868465 0 0.1615955
vn 0.3593555 -0.8971831 0.2566301
vn 0.3591113 -0.8999909 0.2469863
vn -0.3945738 -0.9141209 0.09295934
vn -0.6763817 -0.4008301 0.6178777
vn -0.7121495 -0.6900845 0.1288491
vn 0.05063021 -0.966979 0.2497024
vn 0.1620838 -0.955443 0.2466506
vn 0.1865291 -0.9497665 0.2511673
vn 0.1097751 -0.9726859 0.204474
vn 0.05716115 -0.9739677 0.2192144
vn -0.02514719 -0.9814753 0.1898556
vn -0.06210511 -0.8005616 0.5959655
vn 0.3590808 -0.9000214 0.2469558
vn 0.2870266 -0.9234901 0.2543718
vn -0.3301492 -0.1632435 0.9296854
vn -0.2411267 -0.1200293 0.9630116
vn -0.4454177 -0.2012695 0.8724021
vn -0.8798486 -0.4239326 0.2146366
vn -0.7739189 -0.3492844 0.5282143
vn -0.756798 -0.3724479 0.5371258
vn -0.6948454 -0.3391522 0.6341136
vn -0.5618458 -0.274636 0.7802973
vn -0.1315653 -0.9065218 0.4010437
vn 0.2793664 -0.5850093 0.7613453
vn 0.2033448 -0.6391491 0.7416608
vn 0.01934874 -0.7888424 0.614246
vn -0.1118808 -0.8485366 0.5171362
vn -0.2403332 -0.119602 0.9632862
vn -0.2287667 -0.1023285 0.9680777
vn 0.3779412 -0.5540941 0.7416914
vn 0.5610218 -0.5861995 0.5844295
vn 0.7357403 -0.6566057 0.1658986
vn 0.7249367 -0.6017029 0.3351848
vn 0.6499222 -0.5928526 0.4754478
vn 0.8269906 -0.167394 0.5366985
vn 0.8297373 -0.1948301 0.5229957
vn 0.6129338 -0.3896298 0.6873379
vn 0.3877682 -0.657094 0.646382
vn 0.3522751 -0.6303598 0.6917325
vn 0.336375 -0.6241646 0.7051302
vn 0.310007 -0.4104129 0.8575396
vn 0.3300577 -0.5225074 0.7861263
vn 0.8467666 -0.1072115 0.521012
vn 0.3512681 -0.8422803 0.4087954
vn 0.7605823 -0.3684194 0.5345622
vn 0.4002503 -0.841609 0.3625599
vn 0.4158757 -0.8691672 0.2675253
vn 0.182989 -0.972869 0.1415143
vn 0.5281838 -0.7648854 0.3686636
vn 0.4390088 -0.8621784 0.2526627
vn 0.3548082 0.5833308 0.7305826
vn 0.3406476 0.5075839 0.7913755
vn 0.3167821 0.4182562 0.8512833
vn 0.3860896 0.6310007 0.6728721
vn 0.3436689 0.6015198 0.7211219
vn 0.3885922 0.8045595 0.4489883
vn 0.4356517 0.8511307 0.2928251
vn 0.4911038 0.781518 0.3847163
vn 0.400647 0.8357189 0.3755303
vn 0.6185492 0.3788568 0.688345
vn 0.7434614 0.3979308 0.5374615
vn 0.8344676 0.0464186 0.5490585
vn 0.8445082 0.1217078 0.5214698
vn 0.8266549 0.1797845 0.5331584
vn 0.560564 0.5860469 0.5850399
vn 0.6550493 0.5889462 0.4733116
vn 0.7308267 0.5905331 0.342204
vn 0.7382122 0.6501053 0.1799371
vn 0.8649556 0.3247475 0.3825495
f 1//1 2//2 3//3
f 3//3 2//2 4//4
f 3//3 4//4 5//5
f 5//5 4//4 6//6
f 5//5 6//6 7//7
f 7//7 8//8 5//5
f 5//5 8//8 9//9
f 5//5 9//9 10//10
f 11//11 12//12 13//13
f 14//14 12//12 11//11
f 11//11 15//15 16//16
f 17//17 15//15 11//11
f 13//13 17//17 11//11
f 11//11 18//18 19//19
f 20//20 18//18 11//11
f 16//16 20//20 11//11
f 11//11 21//21 22//22
f 23//23 21//21 11//11
f 19//19 23//23 11//11
f 11//11 24//24 25//25
f 26//26 24//24 11//11
f 22//22 26//26 11//11
f 11//11 27//27 28//28
f 29//29 27//27 11//11
f 25//25 29//29 11//11
f 11//11 30//30 31//31
f 32//32 30//30 11//11
f 28//28 32//32 11//11
f 11//11 33//33 34//34
f 35//35 33//33 11//11
f 31//31 35//35 11//11
f 11//11 36//36 37//37
f 38//38 36//36 11//11
f 34//34 38//38 11//11
f 11//11 39//39 40//40
f 41//41 39//39 11//11
f 37//37 41//41 11//11
f 11//11 42//42 43//43
f 44//44 42//42 11//11
f 40//40 44//44 11//11
f 11//11 45//45 46//46
f 47//47 45//45 11//11
f 43//43 47//47 11//11
f 11//11 48//48 49//49
f 50//50 48//48 11//11
f 46//46 50//50 11//11
f 11//11 51//51 52//52
f 53//53 51//51 11//11
f 49//49 53//53 11//11
f 11//11 54//54 55//55
f 56//56 54//54 11//11
f 52//52 56//56 11//11
f 11//11 57//57 58//58
f 59//59 57//57 11//11
f 55//55 59//59 11//11
f 58//58 14//14 11//11
f 60//60 61//61 62//62
f 63//63 64//64 65//65
f 63//63 65//65 66//66
f 64//64 63//63 67//67
f 67//67 63//63 68//68
f 67//67 68//68 69//69
f 69//69 68//68 70//70
f 70//70 68//68 71//71
f 70//70 71//71 72//72
f 72//72 71//71 73//73
f 73//73 71//71 74//74
f 73//73 74//74 75//75
f 75//75 74//74 76//76
f 76//76 74//74 77//77
f 76//76 77//77 78//78
f 78//78 77//77 79//79
f 79//79 77//77 80//80
f 79//79 80//80 81//81
f 81//81 80//80 82//82
f 82//82 80//80 83//83
f 82//82 83//83 84//84
f 84//84 83//83 85//85
f 85//85 83//83 86//86
f 85//85 86//86 87//87
f 87//87 86//86 88//88
f 88//88 86//86 89//89
f 88//88 89//89 90//90
f 90//90 89//89 91//91
f 91//91 89//89 92//92
f 91//91 92//92 93//93
f 93//93 92//92 94//94
f 94//94 92//92 95//95
f 94//94 95//95 96//96
f 96//96 95//95 97//97
f 97//97 95//95 98//98
f 97//97 98//98 99//99
f 100//100 101//101 102//102
f 102//102 103//103 100//100
f 100//100 103//103 104//104
f 100//100 104//104 98//98
f 98//98 104//104 105//105
f 98//98 105//105 99//99
f 106//106 107//107 108//108
f 108//108 109//109 106//106
f 106//106 109//109 110//110
f 106//106 110//110 101//101
f 101//101 110//110 111//111
f 101//101 111//111 102//102
f 62//62 61//61 112//112
f 61//61 113//113 112//112
f 112//112 113//113 114//114
f 112//112 114//114 107//107
f 107//107 114//114 115//115
f 107//107 115//115 108//108
f 60//60 62//62 116//116
f 116//116 62//62 117//117
f 116//116 117//117 118//118
f 118//118 117//117 119//119
f 118//118 119//119 120//120
f 120//120 119//119 121//121
f 121//121 119//119 122//122
f 121//121 122//122 123//123
f 123//123 122//122 124//124
f 124//124 122//122 125//125
f 124//124 125//125 126//126
f 126//126 125//125 127//127
f 127//127 125//125 128//128
f 127//127 128//128 129//129
f 129//129 128//128 130//130
f 130//130 128//128 131//131
f 130//130 131//131 132//132
f 132//132 131//131 133//133
f 133//133 131//131 134//134
f 133//133 134//134 135//135
f 135//135 134//134 136//136
f 136//136 134//134 137//137
f 136//136 137//137 138//138
f 138//138 137//137 139//139
f 139//139 137//137 140//140
f 139//139 140//140 141//141
f 141//141 140//140 142//142
f 142//142 140//140 143//143
f 142//142 143//143 144//144
f 144//144 143//143 145//145
f 145//145 143//143 146//146
f 145//145 146//146 147//147
f 147//147 146//146 148//148
f 148//148 146//146 149//149
f 148//148 149//149 150//150
f 150//150 149//149 151//151
f 151//151 149//149 152//152
f 151//151 152//152 153//153
f 153//153 152//152 154//154
f 154//154 152//152 155//155
f 154//154 155//155 156//156
f 156//156 155//155 157//157
f 157//157 155//155 158//158
f 157//157 158//158 159//159
f 159//159 158//158 160//160
f 160//160 158//158 161//161
f 160//160 161//161 162//162
f 162//162 161//161 163//163
f 163//163 161//161 164//164
f 163//163 164//164 165//165
f 165//165 164//164 166//166
f 166//166 164//164 167//167
f 166//166 167//167 168//168
f 169//169 170//170 171//171
f 171//171 172//172 169//169
f 169//169 172//172 173//173
f 169//169 173//173 167//167
f 167//167 173//173 174//174
f 167//167 174//174 168//168
f 175//175 176//176 177//177
f 177//177 178//178 175//175
f 175//175 178//178 179//179
f 175//175 179//179 170//170
f 170//170 179//179 180//180
f 170//170 180//180 171//171
f 181//181 182//182 183//183
f 183//183 184//184 181//181
f 181//181 184//184 185//185
f 181//181 185//185 176//176
f 176//176 185//185 186//186
f 176//176 186//186 177//177
f 187//187 188//188 189//189
f 189//189 188//188 190//190
f 189//189 190//190 182//182
f 182//182 190//190 191//191
f 182//182 191//191 183//183
f 192//192 193//193 187//187
f 187//187 193//193 194//194
f 187//187 194//194 188//188
f 195//195 196//196 192//192
f 192//192 196//196 197//197
f 192//192 197//197 193//193
f 198//198 199//199 195//195
f 195//195 199//199 200//200
f 195//195 200//200 196//196
f 65//65 201//201 66//66
f 66//66 201//201 202//202
f 66//66 202//202 198//198
f 198//198 202//202 203//203
f 198//198 203//203 199//199
f 204//204 198//198 205//205
f 205//205 198//198 195//195
f 205//205 195//195 206//206
f 206//206 195//195 192//192
f 206//206 192//192 207//207
f 207//207 192//192 187//187
f 207//207 187//187 208//208
f 208//208 187//187 189//189
f 208//208 189//189 209//209
f 209//209 189//189 182//182
f 209//209 182//182 210//210
f 210//210 182//182 181//181
f 210//210 181//181 211//211
f 211//211 181//181 176//176
f 211//211 176//176 212//212
f 212//212 176//176 175//175
f 212//212 175//175 213//213
f 213//213 175//175 170//170
f 213//213 170//170 214//214
f 214//214 170//170 169//169
f 214//214 169//169 215//215
f 215//215 169//169 167//167
f 215//215 167//167 216//216
f 216//216 167//167 164//164
f 216//216 164//164 217//217
f 217//217 164//164 161//161
f 217//217 161//161 218//218
f 218//218 161//161 158//158
f 218//218 158//158 219//219
f 219//219 158//158 155//155
f 219//219 155//155 220//220
f 220//220 155//155 152//152
f 220//220 152//152 221//221
f 221//221 152//152 149//149
f 221//221 149//149 222//222
f 222//222 149//149 146//146
f 222//222 146//146 223//223
f 223//223 146//146 143//143
f 223//223 143//143 224//224
f 224//224 143//143 140//140
f 224//224 140//140 225//225
f 225//225 140//140 137//137
f 225//225 137//137 226//226
f 226//226 137//137 134//134
f 226//226 134//134 227//227
f 227//227 134//134 131//131
f 227//227 131//131 228//228
f 228//228 131//131 128//128
f 228//228 128//128 229//229
f 229//229 128//128 125//125
f 229//229 125//125 230//230
f 230//230 125//125 122//122
f 230//230 122//122 231//231
f 231//231 122//122 119//119
f 231//231 119//119 232//232
f 232//232 119//119 117//117
f 232//232 117//117 233//233
f 233//233 117//117 62//62
f 233//233 62//62 234//234
f 234//234 62//62 112//112
f 234//234 112//112 235//235
f 235//235 112//112 107//107
f 235//235 107//107 236//236
f 236//236 107//107 106//106
f 236//236 106//106 237//237
f 237//237 106//106 101//101
f 237//237 101//101 238//238
f 238//238 101//101 100//100
f 238//238 100//100 239//239
f 239//239 100//100 98//98
f 239//239 98//98 240//240
f 240//240 98//98 95//95
f 240//240 95//95 241//241
f 241//241 95//95 92//92
f 241//241 92//92 242//242
f 242//242 92//92 89//89
f 242//242 89//89 243//243
f 243//243 89//89 86//86
f 243//243 86//86 244//244
f 244//244 86//86 83//83
f 244//244 83//83 245//245
f 245//245 83//83 80//80
f 245//245 80//80 246//246
f 246//246 80//80 77//77
f 246//246 77//77 247//247
f 247//247 77//77 74//74
f 247//247 74//74 248//248
f 248//248 74//74 71//71
f 248//248 71//71 249//249
f 249//249 71//71 68//68
f 249//249 68//68 250//250
f 250//250 68//68 63//63
f 250//250 63//63 251//251
f 251//251 63//63 66//66
f 251//251 66//66 204//204
f 204//204 66//66 198//198
f 252//252 204//204 253//253
f 253//253 204//204 205//205
f 253//253 205//205 254//254
f 254//254 205//205 206//206
f 254//254 206//206 255//255
f 255//255 206//206 207//207
f 255//255 207//207 256//256
f 256//256 207//207 208//208
f 256//256 208//208 257//257
f 257//257 208//208 209//209
f 257//257 209//209 258//258
f 258//258 209//209 210//210
f 258//258 210//210 259//259
f 259//259 210//210 211//211
f 259//259 211//211 260//260
f 260//260 211//211 212//212
f 260//260 212//212 261//261
f 261//261 212//212 213//213
f 261//261 213//213 262//262
f 262//262 213//213 214//214
f 262//262 214//214 263//263
f 263//263 214//214 215//215
f 263//263 215//215 264//264
f 264//264 215//215 216//216
f 264//264 216//216 265//265
f 265//265 216//216 217//217
f 265//265 217//217 266//266
f 266//266 217//217 218//218
f 266//266 218//218 267//267
f 267//267 218//218 219//219
f 267//267 219//219 268//268
f 268//268 219//219 220//220
f 268//268 220//220 269//269
f 269//269 220//220 221//221
f 269//269 221//221 270//270
f 270//270 221//221 222//222
f 270//270 222//222 271//271
f 271//271 222//222 223//223
f 271//271 223//223 272//272
f 272//272 223//223 224//224
f 272//272 224//224 273//273
f 273//273 224//224 225//225
f 273//273 225//225 274//274
f 274//274 225//225 226//226
f 274//274 226//226 275//275
f 275//275 226//226 227//227
f 275//275 227//227 276//276
f 276//276 227//227 228//228
f 276//276 228//228 277//277
f 277//277 228//228 229//229
f 277//277 229//229 278//278
f 278//278 229//229 230//230
f 278//278 230//230 279//279
f 279//279 230//230 231//231
f 279//279 231//231 280//280
f 280//280 231//231 232//232
f 280//280 232//232 281//281
f 281//281 232//232 233//233
f 281//281 233//233 282//282
f 282//282 233//233 234//234
f 282//282 234//234 283//283
f 283//283 234//234 235//235
f 283//283 235//235 284//284
f 284//284 235//235 236//236
f 284//284 236//236 285//285
f 285//285 236//236 237//237
f 285//285 237//237 286//286
f 286//286 237//237 238//238
f 286//286 238//238 287//287
f 287//287 238//238 239//239
f 287//287 239//239 288//288
f 288//288 239//239 240//240
f 288//288 240//240 289//289
f 289//289 240//240 241//241
f 289//289 241//241 290//290
f 290//290 241//241 242//242
f 290//290 242//242 291//291
f 291//291 242//242 243//243
f 291//291 243//243 292//292
f 292//292 243//243 244//244
f 292//292 244//244 293//293
f 293//293 244//244 245//245
f 293//293 245//245 294//294
f 294//294 245//245 246//246
f 294//294 246//246 295//295
f 295//295 246//246 247//247
f 295//295 247//247 296//296
f 296//296 247//247 248//248
f 296//296 248//248 297//297
f 297//297 248//248 249//249
f 297//297 249//249 298//298
f 298//298 249//249 250//250
f 298//298 250//250 299//299
f 299//299 250//250 251//251
f 299//299 251//251 252//252
f 252//252 251//251 204//204
f 300//300 252//252 301//301
f 301//301 252//252 253//253
f 301//301 253//253 302//302
f 302//302 253//253 254//254
f 302//302 254//254 303//303
f 303//303 254//254 255//255
f 303//303 255//255 304//304
f 304//304 255//255 256//256
f 304//304 256//256 305//305
f 305//305 256//256 257//257
f 305//305 257//257 306//306
f 306//306 257//257 258//258
f 306//306 258//258 307//307
f 307//307 258//258 259//259
f 307//307 259//259 308//308
f 308//308 259//259 260//260
f 308//308 260//260 309//309
f 309//309 260//260 261//261
f 309//309 261//261 310//310
f 310//310 261//261 262//262
f 310//310 262//262 311//311
f 311//311 262//262 263//263
f 311//311 263//263 312//312
f 312//312 263//263 264//264
f 312//312 264//264 313//313
f 313//313 264//264 265//265
f 313//313 265//265 314//314
f 314//314 265//265 266//266
f 314//314 266//266 315//315
f 315//315 266//266 267//267
f 315//315 267//267 316//316
f 316//316 267//267 268//268
f 316//316 268//268 317//317
f 317//317 268//268 269//269
f 317//317 269//269 318//318
f 318//318 269//269 270//270
f 318//318 270//270 319//319
f 319//319 270//270 271//271
f 319//319 271//271 320//320
f 320//320 271//271 272//272
f 320//320 272//272 321//321
f 321//321 272//272 273//273
f 321//321 273//273 322//322
f 322//322 273//273 274//274
f 322//322 274//274 323//323
f 323//323 274//274 275//275
f 323//323 275//275 324//324
f 324//324 275//275 276//276
f 324//324 276//276 325//325
f 325//325 276//276 277//277
f 325//325 277//277 326//326
f 326//326 277//277 278//278
f 326//326 278//278 327//327
f 327//327 278//278 279//279
f 327//327 279//279 328//328
f 328//328 279//279 280//280
f 328//328 280//280 329//329
f 329//329 280//280 281//281
f 329//329 281//281 330//330
f 330//330 281//281 282//282
f 330//330 282//282 331//331
f 331//331 282//282 283//283
f 331//331 283//283 332//332
f 332//332 283//283 284//284
f 332//332 284//284 333//333
f 333//333 284//284 285//285
f 333//333 285//285 334//334
f 334//334 285//285 286//286
f 334//334 286//286 335//335
f 335//335 286//286 287//287
f 335//335 287//287 336//336
f 336//336 287//287 288//288
f 336//336 288//288 337//337
f 337//337 288//288 289//289
f 337//337 289//289 338//338
f 338//338 289//289 290//290
f 338//338 290//290 339//339
f 339//339 290//290 291//291
f 339//339 291//291 340//340
f 340//340 291//291 292//292
f 340//340 292//292 341//341
f 341//341 292//292 293//293
f 341//341 293//293 342//342
f 342//342 293//293 294//294
f 342//342 294//294 343//343
f 343//343 294//294 295//295
f 343//343 295//295 344//344
f 344//344 295//295 296//296
f 344//344 296//296 345//345
f 345//345 296//296 297//297
f 345//345 297//297 346//346
f 346//346 297//297 298//298
f 346//346 298//298 347//347
f 347//347 298//298 299//299
f 347//347 299//299 300//300
f 300//300 299//299 252//252
f 348//348 300//300 349//349
f 349//349 300//300 301//301
f 349//349 301//301 350//350
f 350//350 301//301 302//302
f 350//350 302//302 351//351
f 351//351 302//302 303//303
f 351//351 303//303 352//352
f 352//352 303//303 304//304
f 352//352 304//304 353//353
f 353//353 304//304 305//305
f 353//353 305//305 354//354
f 354//354 305//305 306//306
f 354//354 306//306 355//355
f 355//355 306//306 307//307
f 355//355 307//307 356//356
f 356//356 307//307 308//308
f 356//356 308//308 357//357
f 357//357 308//308 309//309
f 357//357 309//309 358//358
f 358//358 309//309 310//310
f 358//358 310//310 359//359
f 359//359 310//310 311//311
f 359//359 311//311 360//360
f 360//360 311//311 312//312
f 360//360 312//312 361//361
f 361//361 312//312 313//313
f 361//361 313//313 362//362
f 362//362 313//313 314//314
f 362//362 314//314 363//363
f 363//363 314//314 315//315
f 363//363 315//315 364//364
f 364//364 315//315 316//316
f 364//364 316//316 365//365
f 365//365 316//316 317//317
f 365//365 317//317 366//366
f 366//366 317//317 318//318
f 366//366 318//318 367//367
f 367//367 318//318 319//319
f 367//367 319//319 368//368
f 368//368 319//319 320//320
f 368//368 320//320 369//369
f 369//369 320//320 321//321
f 369//369 321//321 370//370
f 370//370 321//321 322//322
f 370//370 322//322 371//371
f 371//371 322//322 323//323
f 371//371 323//323 372//372
f 372//372 323//323 324//324
f 372//372 324//324 373//373
f 373//373 324//324 325//325
f 373//373 325//325 374//374
f 374//374 325//325 326//326
f 374//374 326//326 375//375
f 375//375 326//326 327//327
f 375//375 327//327 376//376
f 376//376 327//327 328//328
f 376//376 328//328 377//377
f 377//377 328//328 329//329
f 377//377 329//329 378//378
f 378//378 329//329 330//330
f 378//378 330//330 379//379
f 379//379 330//330 331//331
f 379//379 331//331 380//380
f 380//380 331//331 332//332
f 380//380 332//332 381//381
f 381//381 332//332 333//333
f 381//381 333//333 382//382
f 382//382 333//333 334//334
f 382//382 334//334 383//383
f 383//383 334//334 335//335
f 383//383 335//335 384//384
f 384//384 335//335 336//336
f 384//384 336//336 385//385
f 385//385 336//336 337//337
f 385//385 337//337 386//386
f 386//386 337//337 338//338
f 386//386 338//338 387//387
f 387//387 338//338 339//339
f 387//387 339//339 388//388
f 388//388 339//339 340//340
f 388//388 340//340 389//389
f 389//389 340//340 341//341
f 389//389 341//341 390//390
f 390//390 341//341 342//342
f 390//390 342//342 391//391
f 391//391 342//342 343//343
f 391//391 343//343 392//392
f 392//392 343//343 344//344
f 392//392 344//344 393//393
f 393//393 344//344 345//345
f 393//393 345//345 394//394
f 394//394 345//345 346//346
f 394//394 346//346 395//395
f 395//395 346//346 347//347
f 395//395 347//347 348//348
f 348//348 347//347 300//300
f 396//396 348//348 397//397
f 397//397 348//348 349//349
f 397//397 349//349 398//398
f 398//398 349//349 350//350
f 398//398 350//350 399//399
f 399//399 350//350 351//351
f 399//399 351//351 400//400
f 400//400 351//351 352//352
f 400//400 352//352 401//401
f 401//401 352//352 353//353
f 401//401 353//353 402//402
f 402//402 353//353 354//354
f 402//402 354//354 403//403
f 403//403 354//354 355//355
f 403//403 355//355 404//404
f 404//404 355//355 356//356
f 404//404 356//356 405//405
f 405//405 356//356 357//357
f 405//405 357//357 406//406
f 406//406 357//357 358//358
f 406//406 358//358 407//407
f 407//407 358//358 359//359
f 407//407 359//359 408//408
f 408//408 359//359 360//360
f 408//408 360//360 409//409
f 409//409 360//360 361//361
f 409//409 361//361 410//410
f 410//410 361//361 362//362
f 410//410 362//362 411//411
f 411//411 362//362 363//363
f 411//411 363//363 412//412
f 412//412 363//363 364//364
f 412//412 364//364 413//413
f 413//413 364//364 365//365
f 413//413 365//365 414//414
f 414//414 365//365 366//366
f 414//414 366//366 415//415
f 415//415 366//366 367//367
f 415//415 367//367 416//416
f 416//416 367//367 368//368
f 416//416 368//368 417//417
f 417//417 368//368 369//369
f 417//417 369//369 418//418
f 418//418 369//369 370//370
f 418//418 370//370 419//419
f 419//419 370//370 371//371
f 419//419 371//371 420//420
f 420//420 371//371 372//372
f 420//420 372//372 421//421
f 421//421 372//372 373//373
f 421//421 373//373 422//422
f 422//422 373//373 374//374
f 422//422 374//374 423//423
f 423//423 374//374 375//375
f 423//423 375//375 424//424
f 424//424 375//375 376//376
f 424//424 376//376 425//425
f 425//425 376//376 377//377
f 425//425 377//377 426//426
f 426//426 377//377 378//378
f 426//426 378//378 427//427
f 427//427 378//378 379//379
f 427//427 379//379 428//428
f 428//428 379//379 380//380
f 428//428 380//380 429//429
f 429//429 380//380 381//381
f 429//429 381//381 430//430
f 430//430 381//381 382//382
f 430//430 382//382 431//431
f 431//431 382//382 383//383
f 431//431 383//383 432//432
f 432//432 383//383 384//384
f 432//432 384//384 433//433
f 433//433 384//384 385//385
f 433//433 385//385 434//434
f 434//434 385//385 386//386
f 434//434 386//386 435//435
f 435//435 386//386 387//387
f 435//435 387//387 436//436
f 436//436 387//387 388//388
f 436//436 388//388 437//437
f 437//437 388//388 389//389
f 437//437 389//389 438//438
f 438//438 389//389 390//390
f 438//438 390//390 439//439
f 439//439 390//390 391//391
f 439//439 391//391 440//440
f 440//440 391//391 392//392
f 440//440 392//392 441//441
f 441//441 392//392 393//393
f 441//441 393//393 442//442
f 442//442 393//393 394//394
f 442//442 394//394 443//443
f 443//443 394//394 395//395
f 443//443 395//395 396//396
f 396//396 395//395 348//348
f 444//444 396//396 445//445
f 445//445 396//396 397//397
f 445//445 397//397 446//446
f 446//446 397//397 398//398
f 446//446 398//398 447//447
f 447//447 398//398 399//399
f 447//447 399//399 448//448
f 448//448 399//399 400//400
f 448//448 400//400 449//449
f 449//449 400//400 401//401
f 449//449 401//401 450//450
f 450//450 401//401 402//402
f 450//450 402//402 451//451
f 451//451 402//402 403//403
f 451//451 403//403 452//452
f 452//452 403//403 404//404
f 452//452 404//404 453//453
f 453//453 404//404 405//405
f 453//453 405//405 454//454
f 454//454 405//405 406//406
f 454//454 406//406 455//455
f 455//455 406//406 407//407
f 455//455 407//407 456//456
f 456//456 407//407 408//408
f 456//456 408//408 457//457
f 457//457 408//408 409//409
f 457//457 409//409 458//458
f 458//458 409//409 410//410
f 458//458 410//410 459//459
f 459//459 410//410 411//411
f 459//459 411//411 460//460
f 460//460 411//411 412//412
f 460//460 412//412 461//461
f 461//461 412//412 413//413
f 461//461 413//413 462//462
f 462//462 413//413 414//414
f 462//462 414//414 463//463
f 463//463 414//414 415//415
f 463//463 415//415 464//464
f 464//464 415//415 416//416
f 464//464 416//416 465//465
f 465//465 416//416 417//417
f 465//465 417//417 466//466
f 466//466 417//417 418//418
f 466//466 418//418 467//467
f 467//467 418//418 419//419
f 467//467 419//419 468//468
f 468//468 419//419 420//420
f 468//468 420//420 469//469
f 469//469 420//420 421//421
f 469//469 421//421 470//470
f 470//470 421//421 422//422
f 470//470 422//422 471//471
f 471//471 422//422 423//423
f 471//471 423//423 472//472
f 472//472 423//423 424//424
f 472//472 424//424 473//473
f 473//473 424//424 425//425
f 473//473 425//425 474//474
f 474//474 425//425 426//426
f 474//474 426//426 475//475
f 475//475 426//426 427//427
f 475//475 427//427 476//476
f 476//476 427//427 428//428
f 476//476 428//428 477//477
f 477//477 428//428 429//429
f 477//477 429//429 478//478
f 478//478 429//429 430//430
f 478//478 430//430 479//479
f 479//479 430//430 431//431
f 479//479 431//431 480//480
f 480//480 431//431 432//432
f 480//480 432//432 481//481
f 481//481 432//432 433//433
f 481//481 433//433 482//482
f 482//482 433//433 434//434
f 482//482 434//434 483//483
f 483//483 434//434 435//435
f 483//483 435//435 484//484
f 484//484 435//435 436//436
f 484//484 436//436 485//485
f 485//485 436//436 437//437
f 485//485 437//437 486//486
f 486//486 437//437 438//438
f 486//486 438//438 487//487
f 487//487 438//438 439//439
f 487//487 439//439 488//488
f 488//488 439//439 440//440
f 488//488 440//440 489//489
f 489//489 440//440 441//441
f 489//489 441//441 490//490
f 490//490 441//441 442//442
f 490//490 442//442 491//491
f 491//491 442//442 443//443
f 491//491 443//443 444//444
f 444//444 443//443 396//396
f 492//492 444//444 493//493
f 493//493 444//444 445//445
f 493//493 445//445 494//494
f 494//494 445//445 446//446
f 494//494 446//446 495//495
f 495//495 446//446 447//447
f 495//495 447//447 496//496
f 496//496 447//447 448//448
f 496//496 448//448 497//497
f 497//497 448//448 449//449
f 497//497 449//449 498//498
f 498//498 449//449 450//450
f 498//498 450//450 499//499
f 499//499 450//450 451//451
f 499//499 451//451 500//500
f 500//500 451//451 452//452
f 500//500 452//452 501//501
f 501//501 452//452 453//453
f 501//501 453//453 502//502
f 502//502 453//453 454//454
f 502//502 454//454 503//503
f 503//503 454//454 455//455
f 503//503 455//455 504//504
f 504//504 455//455 456//456
f 504//504 456//456 505//505
f 505//505 456//456 457//457
f 505//505 457//457 506//506
f 506//506 457//457 458//458
f 506//506 458//458 507//507
f 507//507 458//458 459//459
f 507//507 459//459 508//508
f 508//508 459//459 460//460
f 508//508 460//460 509//509
f 509//509 460//460 461//461
f 509//509 461//461 510//510
f 510//510 461//461 462//462
f 510//510 462//462 511//511
f 511//511 462//462 463//463
f 511//511 463//463 512//512
f 512//512 463//463 464//464
f 512//512 464//464 513//513
f 513//513 464//464 465//465
f 513//513 465//465 514//514
f 514//514 465//465 466//466
f 514//514 466//466 515//515
f 515//515 466//466 467//467
f 515//515 467//467 516//516
f 516//516 467//467 468//468
f 516//516 468//468 517//517
f 517//517 468//468 469//469
f 517//517 469//469 518//518
f 518//518 469//469 470//470
f 518//518 470//470 519//519
f 519//519 470//470 471//471
f 519//519 471//471 520//520
f 520//520 471//471 472//472
f 520//520 472//472 521//521
f 521//521 472//472 473//473
f 521//521 473//473 522//522
f 522//522 473//473 474//474
f 522//522 474//474 523//523
f 523//523 474//474 475//475
f 523//523 475//475 524//524
f 524//524 475//475 476//476
f 524//524 476//476 525//525
f 525//525 476//476 477//477
f 525//525 477//477 526//526
f 526//526 477//477 478//478
f 526//526 478//478 527//527
f 527//527 478//478 479//479
f 527//527 479//479 528//528
f 528//528 479//479 480//480
f 528//528 480//480 529//529
f 529//529 480//480 481//481
f 529//529 481//481 530//530
f 530//530 481//481 482//482
f 530//530 482//482 531//531
f 531//531 482//482 483//483
f 531//531 483//483 532//532
f 532//532 483//483 484//484
f 532//532 484//484 533//533
f 533//533 484//484 485//485
f 533//533 485//485 534//534
f 534//534 485//485 486//486
f 534//534 486//486 535//535
f 535//535 486//486 487//487
f 535//535 487//487 536//536
f 536//536 487//487 488//488
f 536//536 488//488 537//537
f 537//537 488//488 489//489
f 537//537 489//489 538//538
f 538//538 489//489 490//490
f 538//538 490//490 539//539
f 539//539 490//490 491//491
f 539//539 491//491 492//492
f 492//492 491//491 444//444
f 540//540 492//492 541//541
f 541//541 492//492 493//493
f 541//541 493//493 542//542
f 542//542 493//493 494//494
f 542//542 494//494 543//543
f 543//543 494//494 495//495
f 543//543 495//495 544//544
f 544//544 495//495 496//496
f 544//544 496//496 545//545
f 545//545 496//496 497//497
f 545//545 497//497 546//546
f 546//546 497//497 498//498
f 546//546 498//498 547//547
f 547//547 498//498 499//499
f 547//547 499//499 548//548
f 548//548 499//499 500//500
f 548//548 500//500 549//549
f 549//549 500//500 501//501
f 549//549 501//501 550//550
f 550//550 501//501 502//502
f 550//550 502//502 551//551
f 551//551 502//502 503//503
f 551//551 503//503 552//552
f 552//552 503//503 504//504
f 552//552 504//504 553//553
f 553//553 504//504 505//505
f 553//553 505//505 554//554
f 554//554 505//505 506//506
f 554//554 506//506 555//555
f 555//555 506//506 507//507
f 555//555 507//507 556//556
f 556//556 507//507 508//508
f 556//556 508//508 557//557
f 557//557 508//508 509//509
f 557//557 509//509 558//558
f 558//558 509//509 510//510
f 558//558 510//510 559//559
f 559//559 510//510 511//511
f 559//559 511//511 560//560
f 560//560 511//511 512//512
f 560//560 512//512 561//561
f 561//561 512//512 513//513
f 561//561 513//513 562//562
f 562//562 513//513 514//514
f 562//562 514//514 563//563
f 563//563 514//514 515//515
f 563//563 515//515 564//564
f 564//564 515//515 516//516
f 564//564 516//516 565//565
f 565//565 516//516 517//517
f 565//565 517//517 566//566
f 566//566 517//517 518//518
f 566//566 518//518 567//567
f 567//567 518//518 519//519
f 567//567 519//519 568//568
f 568//568 519//519 520//520
f 568//568 520//520 569//569
f 569//569 520//520 521//521
f 569//569 521//521 570//570
f 570//570 521//521 522//522
f 570//570 522//522 571//571
f 571//571 522//522 523//523
f 571//571 523//523 572//572
f 572//572 523//523 524//524
f 572//572 524//524 573//573
f 573//573 524//524 525//525
f 573//573 525//525 574//574
f 574//574 525//525 526//526
f 574//574 526//526 575//575
f 575//575 526//526 527//527
f 575//575 527//527 576//576
f 576//576 527//527 528//528
f 576//576 528//528 577//577
f 577//577 528//528 529//529
f 577//577 529//529 578//578
f 578//578 529//529 530//530
f 578//578 530//530 579//579
f 579//579 530//530 531//531
f 579//579 531//531 580//580
f 580//580 531//531 532//532
f 580//580 532//532 581//581
f 581//581 532//532 533//533
f 581//581 533//533 582//582
f 582//582 533//533 534//534
f 582//582 534//534 583//583
f 583//583 534//534 535//535
f 583//583 535//535 584//584
f 584//584 535//535 536//536
f 584//584 536//536 585//585
f 585//585 536//536 537//537
f 585//585 537//537 586//586
f 586//586 537//537 538//538
f 586//586 538//538 587//587
f 587//587 538//538 539//539
f 587//587 539//539 540//540
f 540//540 539//539 492//492
f 588//588 540//540 589//589
f 589//589 540//540 541//541
f 589//589 541//541 590//590
f 590//590 541//541 542//542
f 590//590 542//542 591//591
f 591//591 542//542 543//543
f 591//591 543//543 592//592
f 592//592 543//543 544//544
f 592//592 544//544 593//593
f 593//593 544//544 545//545
f 593//593 545//545 594//594
f 594//594 545//545 546//546
f 594//594 546//546 595//595
f 595//595 546//546 547//547
f 595//595 547//547 596//596
f 596//596 547//547 548//548
f 596//596 548//548 597//597
f 597//597 548//548 549//549
f 597//597 549//549 598//598
f 598//598 549//549 550//550
f 598//598 550//550 599//599
f 599//599 550//550 551//551
f 599//599 551//551 600//600
f 600//600 551//551 552//552
f 600//600 552//552 601//601
f 601//601 552//552 553//553
f 601//601 553//553 602//602
f 602//602 553//553 554//554
f 602//602 554//554 603//603
f 603//603 554//554 555//555
f 603//603 555//555 604//604
f 604//604 555//555 556//556
f 604//604 556//556 605//605
f 605//605 556//556 557//557
f 605//605 557//557 606//606
f 606//606 557//557 558//558
f 606//606 558//558 607//607
f 607//607 558//558 559//559
f 607//607 559//559 608//608
f 608//608 559//559 560//560
f 608//608 560//560 609//609
f 609//609 560//560 561//561
f 609//609 561//561 610//610
f 610//610 561//561 562//562
f 610//610 562//562 611//611
f 611//611 562//562 563//563
f 611//611 563//563 612//612
f 612//612 563//563 564//564
f 612//612 564//564 613//613
f 613//613 564//564 565//565
f 613//613 565//565 614//614
f 614//614 565//565 566//566
f 614//614 566//566 615//615
f 615//615 566//566 567//567
f 615//615 567//567 616//616
f 616//616 567//567 568//568
f 616//616 568//568 617//617
f 617//617 568//568 569//569
f 617//617 569//569 618//618
f 618//618 569//569 570//570
f 618//618 570//570 619//619
f 619//619 570//570 571//571
f 619//619 571//571 620//620
f 620//620 571//571 572//572
f 620//620 572//572 621//621
f 621//621 572//572 573//573
f 621//621 573//573 622//622
f 622//622 573//573 574//574
f 622//622 574//574 623//623
f 623//623 574//574 575//575
f 623//623 575//575 624//624
f 624//624 575//575 576//576
f 624//624 576//576 625//625
f 625//625 576//576 577//577
f 625//625 577//577 626//626
f 626//626 577//577 578//578
f 626//626 578//578 627//627
f 627//627 578//578 579//579
f 627//627 579//579 628//628
f 628//628 579//579 580//580
f 628//628 580//580 629//629
f 629//629 580//580 581//581
f 629//629 581//581 630//630
f 630//630 581//581 582//582
f 630//630 582//582 631//631
f 631//631 582//582 583//583
f 631//631 583//583 632//632
f 632//632 583//583 584//584
f 632//632 584//584 633//633
f 633//633 584//584 585//585
f 633//633 585//585 634//634
f 634//634 585//585 586//586
f 634//634 586//586 635//635
f 635//635 586//586 587//587
f 635//635 587//587 588//588
f 588//588 587//587 540//540
f 636//636 588//588 637//637
f 637//637 588//588 589//589
f 637//637 589//589 638//638
f 638//638 589//589 590//590
f 638//638 590//590 639//639
f 639//639 590//590 591//591
f 639//639 591//591 640//640
f 640//640 591//591 592//592
f 640//640 592//592 641//641
f 641//641 592//592 593//593
f 641//641 593//593 642//642
f 642//642 593//593 594//594
f 642//642 594//594 643//643
f 643//643 594//594 595//595
f 643//643 595//595 644//644
f 644//644 595//595 596//596
f 644//644 596//596 645//645
f 645//645 596//596 597//597
f 645//645 597//597 646//646
f 646//646 597//597 598//598
f 646//646 598//598 647//647
f 647//647 598//598 599//599
f 647//647 599//599 648//648
f 648//648 599//599 600//600
f 648//648 600//600 649//649
f 649//649 600//600 601//601
f 649//649 601//601 650//650
f 650//650 601//601 602//602
f 650//650 602//602 651//651
f 651//651 602//602 603//603
f 651//651 603//603 652//652
f 652//652 603//603 604//604
f 652//652 604//604 653//653
f 653//653 604//604 605//605
f 653//653 605//605 654//654
f 654//654 605//605 606//606
f 654//654 606//606 655//655
f 655//655 606//606 607//607
f 655//655 607//607 656//656
f 656//656 607//607 608//608
f 656//656 608//608 657//657
f 657//657 608//608 609//609
f 657//657 609//609 658//658
f 658//658 609//609 610//610
f 658//658 610//610 659//659
f 659//659 610//610 611//611
f 659//659 611//611 660//660
f 660//660 611//611 612//612
f 660//660 612//612 661//661
f 661//661 612//612 613//613
f 661//661 613//613 662//662
f 662//662 613//613 614//614
f 662//662 614//614 663//663
f 663//663 614//614 615//615
f 663//663 615//615 664//664
f 664//664 615//615 616//616
f 664//664 616//616 665//665
f 665//665 616//616 617//617
f 665//665 617//617 666//666
f 666//666 617//617 618//618
f 666//666 618//618 667//667
f 667//667 618//618 619//619
f 667//667 619//619 668//668
f 668//668 619//619 620//620
f 668//668 620//620 669//669
f 669//669 620//620 621//621
f 669//669 621//621 670//670
f 670//670 621//621 622//622
f 670//670 622//622 671//671
f 671//671 622//622 623//623
f 671//671 623//623 672//672
f 672//672 623//623 624//624
f 672//672 624//624 673//673
f 673//673 624//624 625//625
f 673//673 625//625 674//674
f 674//674 625//625 626//626
f 674//674 626//626 675//675
f 675//675 626//626 627//627
f 675//675 627//627 676//676
f 676//676 627//627 628//628
f 676//676 628//628 677//677
f 677//677 628//628 629//629
f 677//677 629//629 678//678
f 678//678 629//629 630//630
f 678//678 630//630 679//679
f 679//679 630//630 631//631
f 679//679 631//631 680//680
f 680//680 631//631 632//632
f 680//680 632//632 681//681
f 681//681 632//632 633//633
f 681//681 633//633 682//682
f 682//682 633//633 634//634
f 682//682 634//634 683//683
f 683//683 634//634 635//635
f 683//683 635//635 636//636
f 636//636 635//635 588//588
f 684//684 636//636 685//685
f 685//685 636//636 637//637
f 685//685 637//637 686//686
f 686//686 637//637 638//638
f 686//686 638//638 687//687
f 687//687 638//638 639//639
f 687//687 639//639 688//688
f 688//688 639//639 640//640
f 688//688 640//640 689//689
f 689//689 640//640 641//641
f 689//689 641//641 690//690
f 690//690 641//641 642//642
f 690//690 642//642 691//691
f 691//691 642//642 643//643
f 691//691 643//643 692//692
f 692//692 643//643 644//644
f 692//692 644//644 693//693
f 693//693 644//644 645//645
f 693//693 645//645 694//694
f 694//694 645//645 646//646
f 694//694 646//646 695//695
f 695//695 646//646 647//647
f 695//695 647//647 696//696
f 696//696 647//647 648//648
f 696//696 648//648 697//697
f 697//697 648//648 649//649
f 697//697 649//649 698//698
f 698//698 649//649 650//650
f 698//698 650//650 699//699
f 699//699 650//650 651//651
f 699//699 651//651 700//700
f 700//700 651//651 652//652
f 700//700 652//652 701//701
f 701//701 652//652 653//653
f 701//701 653//653 702//702
f 702//702 653//653 654//654
f 702//702 654//654 703//703
f 703//703 654//654 655//655
f 703//703 655//655 704//704
f 704//704 655//655 656//656
f 704//704 656//656 705//705
f 705//705 656//656 657//657
f 705//705 657//657 706//706
f 706//706 657//657 658//658
f 706//706 658//658 707//707
f 707//707 658//658 659//659
f 707//707 659//659 708//708
f 708//708 659//659 660//660
f 708//708 660//660 709//709
f 709//709 660//660 661//661
f 709//709 661//661 710//710
f 710//710 661//661 662//662
f 710//710 662//662 711//711
f 711//711 662//662 663//663
f 711//711 663//663 712//712
f 712//712 663//663 664//664
f 712//712 664//664 713//713
f 713//713 664//664 665//665
f 713//713 665//665 714//714
f 714//714 665//665 666//666
f 714//714 666//666 715//715
f 715//715 666//666 667//667
f 715//715 667//667 716//716
f 716//716 667//667 668//668
f 716//716 668//668 717//717
f 717//717 668//668 669//669
f 717//717 669//669 718//718
f 718//718 669//669 670//670
f 718//718 670//670 719//719
f 719//719 670//670 671//671
f 719//719 671//671 720//720
f 720//720 671//671 672//672
f 720//720 672//672 721//721
f 721//721 672//672 673//673
f 721//721 673//673 722//722
f 722//722 673//673 674//674
f 722//722 674//674 723//723
f 723//723 674//674 675//675
f 723//723 675//675 724//724
f 724//724 675//675 676//676
f 724//724 676//676 725//725
f 725//725 676//676 677//677
f 725//725 677//677 726//726
f 726//726 677//677 678//678
f 726//726 678//678 727//727
f 727//727 678//678 679//679
f 727//727 679//679 728//728
f 728//728 679//679 680//680
f 728//728 680//680 729//729
f 729//729 680//680 681//681
f 729//729 681//681 730//730
f 730//730 681//681 682//682
f 730//730 682//682 731//731
f 731//731 682//682 683//683
f 731//731 683//683 684//684
f 684//684 683//683 636//636
f 732//732 684//684 733//733
f 733//733 684//684 685//685
f 733//733 685//685 734//734
f 734//734 685//685 686//686
f 734//734 686//686 735//735
f 735//735 686//686 687//687
f 735//735 687//687 736//736
f 736//736 687//687 688//688
f 736//736 688//688 737//737
f 737//737 688//688 689//689
f 737//737 689//689 738//738
f 738//738 689//689 690//690
f 738//738 690//690 739//739
f 739//739 690//690 691//691
f 739//739 691//691 740//740
f 740//740 691//691 692//692
f 740//740 692//692 741//741
f 741//741 692//692 693//693
f 741//741 693//693 742//742
f 742//742 693//693 694//694
f 742//742 694//694 743//743
f 743//743 694//694 695//695
f 743//743 695//695 744//744
f 744//744 695//695 696//696
f 744//744 696//696 745//745
f 745//745 696//696 697//697
f 745//745 697//697 746//746
f 746//746 697//697 698//698
f 746//746 698//698 747//747
f 747//747 698//698 699//699
f 747//747 699//699 748//748
f 748//748 699//699 700//700
f 748//748 700//700 749//749
f 749//749 700//700 701//701
f 749//749 701//701 750//750
f 750//750 701//701 702//702
f 750//750 702//702 751//751
f 751//751 702//702 703//703
f 751//751 703//703 752//752
f 752//752 703//703 704//704
f 752//752 704//704 753//753
f 753//753 704//704 705//705
f 753//753 705//705 754//754
f 754//754 705//705 706//706
f 754//754 706//706 755//755
f 755//755 706//706 707//707
f 755//755 707//707 756//756
f 756//756 707//707 708//708
f 756//756 708//708 757//757
f 757//757 708//708 709//709
f 757//757 709//709 758//758
f 758//758 709//709 710//710
f 758//758 710//710 759//759
f 759//759 710//710 711//711
f 759//759 711//711 760//760
f 760//760 711//711 712//712
f 760//760 712//712 761//761
f 761//761 712//712 713//713
f 761//761 713//713 762//762
f 762//762 713//713 714//714
f 762//762 714//714 763//763
f 763//763 714//714 715//715
f 763//763 715//715 764//764
f 764//764 715//715 716//716
f 764//764 716//716 765//765
f 765//765 716//716 717//717
f 765//765 717//717 766//766
f 766//766 717//717 718//718
f 766//766 718//718 767//767
f 767//767 718//718 719//719
f 767//767 719//719 768//768
f 768//768 719//719 720//720
f 768//768 720//720 769//769
f 769//769 720//720 721//721
f 769//769 721//721 770//770
f 770//770 721//721 722//722
f 770//770 722//722 771//771
f 771//771 722//722 723//723
f 771//771 723//723 772//772
f 772//772 723//723 724//724
f 772//772 724//724 773//773
f 773//773 724//724 725//725
f 773//773 725//725 774//774
f 774//774 725//725 726//726
f 774//774 726//726 775//775
f 775//775 726//726 727//727
f 775//775 727//727 776//776
f 776//776 727//727 728//728
f 776//776 728//728 777//777
f 777//777 728//728 729//729
f 777//777 729//729 778//778
f 778//778 729//729 730//730
f 778//778 730//730 779//779
f 779//779 730//730 731//731
f 779//779 731//731 732//732
f 732//732 731//731 684//684
f 780//780 732//732 781//781
f 781//781 732//732 733//733
f 781//781 733//733 782//782
f 782//782 733//733 734//734
f 782//782 734//734 783//783
f 783//783 734//734 735//735
f 783//783 735//735 784//784
f 784//784 735//735 736//736
f 784//784 736//736 785//785
f 785//785 736//736 737//737
f 785//785 737//737 786//786
f 786//786 737//737 738//738
f 786//786 738//738 787//787
f 787//787 738//738 739//739
f 787//787 739//739 788//788
f 788//788 739//739 740//740
f 788//788 740//740 789//789
f 789//789 740//740 741//741
f 789//789 741//741 790//790
f 790//790 741//741 742//742
f 790//790 742//742 791//791
f 791//791 742//742 743//743
f 791//791 743//743 792//792
f 792//792 743//743 744//744
f 792//792 744//744 793//793
f 793//793 744//744 745//745
f 793//793 745//745 794//794
f 794//794 745//745 746//746
f 794//794 746//746 795//795
f 795//795 746//746 747//747
f 795//795 747//747 796//796
f 796//796 747//747 748//748
f 796//796 748//748 797//797
f 797//797 748//748 749//749
f 797//797 749//749 798//798
f 798//798 749//749 750//750
f 798//798 750//750 799//799
f 799//799 750//750 751//751
f 799//799 751//751 800//800
f 800//800 751//751 752//752
f 800//800 752//752 801//801
f 801//801 752//752 753//753
f 801//801 753//753 802//802
f 802//802 753//753 754//754
f 802//802 754//754 803//803
f 803//803 754//754 755//755
f 803//803 755//755 804//804
f 804//804 755//755 756//756
f 804//804 756//756 805//805
f 805//805 756//756 757//757
f 805//805 757//757 806//806
f 806//806 757//757 758//758
f 806//806 758//758 807//807
f 807//807 758//758 759//759
f 807//807 759//759 808//808
f 808//808 759//759 760//760
f 808//808 760//760 809//809
f 809//809 760//760 761//761
f 809//809 761//761 810//810
f 810//810 761//761 762//762
f 810//810 762//762 811//811
f 811//811 762//762 763//763
f 811//811 763//763 812//812
f 812//812 763//763 764//764
f 812//812 764//764 813//813
f 813//813 764//764 765//765
f 813//813 765//765 814//814
f 814//814 765//765 766//766
f 814//814 766//766 815//815
f 815//815 766//766 767//767
f 815//815 767//767 816//816
f 816//816 767//767 768//768
f 816//816 768//768 817//817
f 817//817 768//768 769//769
f 817//817 769//769 818//818
f 818//818 769//769 770//770
f 818//818 770//770 819//819
f 819//819 770//770 771//771
f 819//819 771//771 820//820
f 820//820 771//771 772//772
f 820//820 772//772 821//821
f 821//821 772//772 773//773
f 821//821 773//773 822//822
f 822//822 773//773 774//774
f 822//822 774//774 823//823
f 823//823 774//774 775//775
f 823//823 775//775 824//824
f 824//824 775//775 776//776
f 824//824 776//776 825//825
f 825//825 776//776 777//777
f 825//825 777//777 826//826
f 826//826 777//777 778//778
f 826//826 778//778 827//827
f 827//827 778//778 779//779
f 827//827 779//779 780//780
f 780//780 779//779 732//732
f 828//828 780//780 829//829
f 829//829 780//780 781//781
f 829//829 781//781 830//830
f 830//830 781//781 782//782
f 830//830 782//782 831//831
f 831//831 782//782 783//783
f 831//831 783//783 832//832
f 832//832 783//783 784//784
f 832//832 784//784 833//833
f 833//833 784//784 785//785
f 833//833 785//785 834//834
f 834//834 785//785 786//786
f 834//834 786//786 835//835
f 835//835 786//786 787//787
f 835//835 787//787 836//836
f 836//836 787//787 788//788
f 836//836 788//788 837//837
f 837//837 788//788 789//789
f 837//837 789//789 838//838
f 838//838 789//789 790//790
f 838//838 790//790 839//839
f 839//839 790//790 791//791
f 839//839 791//791 840//840
f 840//840 791//791 792//792
f 840//840 792//792 841//841
f 841//841 792//792 793//793
f 841//841 793//793 842//842
f 842//842 793//793 794//794
f 842//842 794//794 843//843
f 843//843 794//794 795//795
f 843//843 795//795 844//844
f 844//844 795//795 796//796
f 844//844 796//796 845//845
f 845//845 796//796 797//797
f 845//845 797//797 846//846
f 846//846 797//797 798//798
f 846//846 798//798 847//847
f 847//847 798//798 799//799
f 847//847 799//799 848//848
f 848//848 799//799 800//800
f 848//848 800//800 849//849
f 849//849 800//800 801//801
f 849//849 801//801 850//850
f 850//850 801//801 802//802
f 850//850 802//802 851//851
f 851//851 802//802 803//803
f 851//851 803//803 852//852
f 852//852 803//803 804//804
f 852//852 804//804 853//853
f 853//853 804//804 805//805
f 853//853 805//805 854//854
f 854//854 805//805 806//806
f 854//854 806//806 855//855
f 855//855 806//806 807//807
f 855//855 807//807 856//856
f 856//856 807//807 808//808
f 856//856 808//808 857//857
f 857//857 808//808 809//809
f 857//857 809//809 858//858
f 858//858 809//809 810//810
f 858//858 810//810 859//859
f 859//859 810//810 811//811
f 859//859 811//811 860//860
f 860//860 811//811 812//812
f 860//860 812//812 861//861
f 861//861 812//812 813//813
f 861//861 813//813 862//862
f 862//862 813//813 814//814
f 862//862 814//814 863//863
f 863//863 814//814 815//815
f 863//863 815//815 864//864
f 864//864 815//815 816//816
f 864//864 816//816 865//865
f 865//865 816//816 817//817
f 865//865 817//817 866//866
f 866//866 817//817 818//818
f 866//866 818//818 867//867
f 867//867 818//818 819//819
f 867//867 819//819 868//868
f 868//868 819//819 820//820
f 868//868 820//820 869//869
f 869//869 820//820 821//821
f 869//869 821//821 870//870
f 870//870 821//821 822//822
f 870//870 822//822 871//871
f 871//871 822//822 823//823
f 871//871 823//823 872//872
f 872//872 823//823 824//824
f 872//872 824//824 873//873
f 873//873 824//824 825//825
f 873//873 825//825 874//874
f 874//874 825//825 826//826
f 874//874 826//826 875//875
f 875//875 826//826 827//827
f 875//875 827//827 828//828
f 828//828 827//827 780//780
f 876//876 828//828 877//877
f 877//877 828//828 829//829
f 877//877 829//829 878//878
f 878//878 829//829 830//830
f 878//878 830//830 879//879
f 879//879 830//830 831//831
f 879//879 831//831 880//880
f 880//880 831//831 832//832
f 880//880 832//832 881//881
f 881//881 832//832 833//833
f 881//881 833//833 882//882
f 882//882 833//833 834//834
f 882//882 834//834 883//883
f 883//883 834//834 835//835
f 883//883 835//835 884//884
f 884//884 835//835 836//836
f 884//884 836//836 885//885
f 885//885 836//836 837//837
f 885//885 837//837 886//886
f 886//886 837//837 838//838
f 886//886 838//838 887//887
f 887//887 838//838 839//839
f 887//887 839//839 888//888
f 888//888 839//839 840//840
f 888//888 840//840 889//889
f 889//889 840//840 841//841
f 889//889 841//841 890//890
f 890//890 841//841 842//842
f 890//890 842//842 891//891
f 891//891 842//842 843//843
f 891//891 843//843 892//892
f 892//892 843//843 844//844
f 892//892 844//844 893//893
f 893//893 844//844 845//845
f 893//893 845//845 894//894
f 894//894 845//845 846//846
f 894//894 846//846 895//895
f 895//895 846//846 847//847
f 895//895 847//847 896//896
f 896//896 847//847 848//848
f 896//896 848//848 897//897
f 897//897 848//848 849//849
f 897//897 849//849 898//898
f 898//898 849//849 850//850
f 898//898 850//850 899//899
f 899//899 850//850 851//851
f 899//899 851//851 900//900
f 900//900 851//851 852//852
f 900//900 852//852 901//901
f 901//901 852//852 853//853
f 901//901 853//853 902//902
f 902//902 853//853 854//854
f 902//902 854//854 903//903
f 903//903 854//854 855//855
f 903//903 855//855 904//904
f 904//904 855//855 856//856
f 904//904 856//856 905//905
f 905//905 856//856 857//857
f 905//905 857//857 906//906
f 906//906 857//857 858//858
f 906//906 858//858 907//907
f 907//907 858//858 859//859
f 907//907 859//859 908//908
f 908//908 859//859 860//860
f 908//908 860//860 909//909
f 909//909 860//860 861//861
f 909//909 861//861 910//910
f 910//910 861//861 862//862
f 910//910 862//862 911//911
f 911//911 862//862 863//863
f 911//911 863//863 912//912
f 912//912 863//863 864//864
f 912//912 864//864 913//913
f 913//913 864//864 865//865
f 913//913 865//865 914//914
f 914//914 865//865 866//866
f 914//914 866//866 915//915
f 915//915 866//866 867//867
f 915//915 867//867 916//916
f 916//916 867//867 868//868
f 916//916 868//868 917//917
f 917//917 868//868 869//869
f 917//917 869//869 918//918
f 918//918 869//869 870//870
f 918//918 870//870 919//919
f 919//919 870//870 871//871
f 919//919 871//871 920//920
f 920//920 871//871 872//872
f 920//920 872//872 921//921
f 921//921 872//872 873//873
f 921//921 873//873 922//922
f 922//922 873//873 874//874
f 922//922 874//874 923//923
f 923//923 874//874 875//875
f 923//923 875//875 876//876
f 876//876 875//875 828//828
f 924//924 876//876 925//925
f 925//925 876//876 877//877
f 925//925 877//877 926//926
f 926//926 877//877 878//878
f 926//926 878//878 927//927
f 927//927 878//878 879//879
f 927//927 879//879 928//928
f 928//928 879//879 880//880
f 928//928 880//880 929//929
f 929//929 880//880 881//881
f 929//929 881//881 930//930
f 930//930 881//881 882//882
f 930//930 882//882 931//931
f 931//931 882//882 883//883
f 931//931 883//883 932//932
f 932//932 883//883 884//884
f 932//932 884//884 933//933
f 933//933 884//884 885//885
f 933//933 885//885 934//934
f 934//934 885//885 886//886
f 934//934 886//886 935//935
f 935//935 886//886 887//887
f 935//935 887//887 936//936
f 936//936 887//887 888//888
f 936//936 888//888 937//937
f 937//937 888//888 889//889
f 937//937 889//889 938//938
f 938//938 889//889 890//890
f 938//938 890//890 939//939
f 939//939 890//890 891//891
f 939//939 891//891 940//940
f 940//940 891//891 892//892
f 940//940 892//892 941//941
f 941//941 892//892 893//893
f 941//941 893//893 942//942
f 942//942 893//893 894//894
f 942//942 894//894 943//943
f 943//943 894//894 895//895
f 943//943 895//895 944//944
f 944//944 895//895 896//896
f 944//944 896//896 945//945
f 945//945 896//896 897//897
f 945//945 897//897 946//946
f 946//946 897//897 898//898
f 946//946 898//898 947//947
f 947//947 898//898 899//899
f 947//947 899//899 948//948
f 948//948 899//899 900//900
f 948//948 900//900 949//949
f 949//949 900//900 901//901
f 949//949 901//901 950//950
f 950//950 901//901 902//902
f 950//950 902//902 951//951
f 951//951 902//902 903//903
f 951//951 903//903 952//952
f 952//952 903//903 904//904
f 952//952 904//904 953//953
f 953//953 904//904 905//905
f 953//953 905//905 954//954
f 954//954 905//905 906//906
f 954//954 906//906 955//955
f 955//955 906//906 907//907
f 955//955 907//907 956//956
f 956//956 907//907 908//908
f 956//956 908//908 957//957
f 957//957 908//908 909//909
f 957//957 909//909 958//958
f 958//958 909//909 910//910
f 958//958 910//910 959//959
f 959//959 910//910 911//911
f 959//959 911//911 960//960
f 960//960 911//911 912//912
f 960//960 912//912 961//961
f 961//961 912//912 913//913
f 961//961 913//913 962//962
f 962//962 913//913 914//914
f 962//962 914//914 963//963
f 963//963 914//914 915//915
f 963//963 915//915 964//964
f 964//964 915//915 916//916
f 964//964 916//916 965//965
f 965//965 916//916 917//917
f 965//965 917//917 966//966
f 966//966 917//917 918//918
f 966//966 918//918 967//967
f 967//967 918//918 919//919
f 967//967 919//919 968//968
f 968//968 919//919 920//920
f 968//968 920//920 969//969
f 969//969 920//920 921//921
f 969//969 921//921 970//970
f 970//970 921//921 922//922
f 970//970 922//922 971//971
f 971//971 922//922 923//923
f 971//971 923//923 924//924
f 924//924 923//923 876//876
f 972//972 924//924 973//973
f 973//973 924//924 925//925
f 973//973 925//925 974//974
f 974//974 925//925 926//926
f 974//974 926//926 975//975
f 975//975 926//926 927//927
f 975//975 927//927 976//976
f 976//976 927//927 928//928
f 976//976 928//928 977//977
f 977//977 928//928 929//929
f 977//977 929//929 978//978
f 978//978 929//929 930//930
f 978//978 930//930 979//979
f 979//979 930//930 931//931
f 979//979 931//931 980//980
f 980//980 931//931 932//932
f 980//980 932//932 981//981
f 981//981 932//932 933//933
f 981//981 933//933 982//982
f 982//982 933//933 934//934
f 982//982 934//934 983//983
f 983//983 934//934 935//935
f 983//983 935//935 984//984
f 984//984 935//935 936//936
f 984//984 936//936 985//985
f 985//985 936//936 937//937
f 985//985 937//937 986//986
f 986//986 937//937 938//938
f 986//986 938//938 987//987
f 987//987 938//938 939//939
f 987//987 939//939 988//988
f 988//988 939//939 940//940
f 988//988 940//940 989//989
f 989//989 940//940 941//941
f 989//989 941//941 990//990
f 990//990 941//941 942//942
f 990//990 942//942 991//991
f 991//991 942//942 943//943
f 991//991 943//943 992//992
f 992//992 943//943 944//944
f 992//992 944//944 993//993
f 993//993 944//944 945//945
f 993//993 945//945 994//994
f 994//994 945//945 946//946
f 994//994 946//946 995//995
f 995//995 946//946 947//947
f 995//995 947//947 996//996
f 996//996 947//947 948//948
f 996//996 948//948 997//997
f 997//997 948//948 949//949
f 997//997 949//949 998//998
f 998//998 949//949 950//950
f 998//998 950//950 999//999
f 999//999 950//950 951//951
f 999//999 951//951 1000//1000
f 1000//1000 951//951 952//952
f 1000//1000 952//952 1001//1001
f 1001//1001 952//952 953//953
f 1001//1001 953//953 1002//1002
f 1002//1002 953//953 954//954
f 1002//1002 954//954 1003//1003
f 1003//1003 954//954 955//955
f 1003//1003 955//955 1004//1004
f 1004//1004 955//955 956//956
f 1004//1004 956//956 1005//1005
f 1005//1005 956//956 957//957
f 1005//1005 957//957 1006//1006
f 1006//1006 957//957 958//958
f 1006//1006 958//958 1007//1007
f 1007//1007 958//958 959//959
f 1007//1007 959//959 1008//1008
f 1008//1008 959//959 960//960
f 1008//1008 960//960 1009//1009
f 1009//1009 960//960 961//961
f 1009//1009 961//961 1010//1010
f 1010//1010 961//961 962//962
f 1010//1010 962//962 1011//1011
f 1011//1011 962//962 963//963
f 1011//1011 963//963 1012//1012
f 1012//1012 963//963 964//964
f 1012//1012 964//964 1013//1013
f 1013//1013 964//964 965//965
f 1013//1013 965//965 1014//1014
f 1014//1014 965//965 966//966
f 1014//1014 966//966 1015//1015
f 1015//1015 966//966 967//967
f 1015//1015 967//967 1016//1016
f 1016//1016 967//967 968//968
f 1016//1016 968//968 1017//1017
f 1017//1017 968//968 969//969
f 1017//1017 969//969 1018//1018
f 1018//1018 969//969 970//970
f 1018//1018 970//970 1019//1019
f 1019//1019 970//970 971//971
f 1019//1019 971//971 972//972
f 972//972 971//971 924//924
f 12//12 972//972 13//13
f 13//13 972//972 973//973
f 13//13 973//973 17//17
f 17//17 973//973 974//974
f 17//17 974//974 15//15
f 15//15 974//974 975//975
f 15//15 975//975 16//16
f 16//16 975//975 976//976
f 16//16 976//976 20//20
f 20//20 976//976 977//977
f 20//20 977//977 18//18
f 18//18 977//977 978//978
f 18//18 978//978 19//19
f 19//19 978//978 979//979
f 19//19 979//979 23//23
f 23//23 979//979 980//980
f 23//23 980//980 21//21
f 21//21 980//980 981//981
f 21//21 981//981 22//22
f 22//22 981//981 982//982
f 22//22 982//982 26//26
f 26//26 982//982 983//983
f 26//26 983//983 24//24
f 24//24 983//983 984//984
f 24//24 984//984 25//25
f 25//25 984//984 985//985
f 25//25 985//985 29//29
f 29//29 985//985 986//986
f 29//29 986//986 27//27
f 27//27 986//986 987//987
f 27//27 987//987 28//28
f 28//28 987//987 988//988
f 28//28 988//988 32//32
f 32//32 988//988 989//989
f 32//32 989//989 30//30
f 30//30 989//989 990//990
f 30//30 990//990 31//31
f 31//31 990//990 991//991
f 31//31 991//991 35//35
f 35//35 991//991 992//992
f 35//35 992//992 33//33
f 33//33 992//992 993//993
f 33//33 993//993 34//34
f 34//34 993//993 994//994
f 34//34 994//994 38//38
f 38//38 994//994 995//995
f 38//38 995//995 36//36
f 36//36 995//995 996//996
f 36//36 996//996 37//37
f 37//37 996//996 997//997
f 37//37 997//997 41//41
f 41//41 997//997 998//998
f 41//41 998//998 39//39
f 39//39 998//998 999//999
f 39//39 999//999 40//40
f 40//40 999//999 1000//1000
f 40//40 1000//1000 44//44
f 44//44 1000//1000 1001//1001
f 44//44 1001//1001 42//42
f 42//42 1001//1001 1002//1002
f 42//42 1002//1002 43//43
f 43//43 1002//1002 1003//1003
f 43//43 1003//1003 47//47
f 47//47 1003//1003 1004//1004
f 47//47 1004//1004 45//45
f 45//45 1004//1004 1005//1005
f 45//45 1005//1005 46//46
f 46//46 1005//1005 1006//1006
f 46//46 1006//1006 50//50
f 50//50 1006//1006 1007//1007
f 50//50 1007//1007 48//48
f 48//48 1007//1007 1008//1008
f 48//48 1008//1008 49//49
f 49//49 1008//1008 1009//1009
f 49//49 1009//1009 53//53
f 53//53 1009//1009 1010//1010
f 53//53 1010//1010 51//51
f 51//51 1010//1010 1011//1011
f 51//51 1011//1011 52//52
f 52//52 1011//1011 1012//1012
f 52//52 1012//1012 56//56
f 56//56 1012//1012 1013//1013
f 56//56 1013//1013 54//54
f 54//54 1013//1013 1014//1014
f 54//54 1014//1014 55//55
f 55//55 1014//1014 1015//1015
f 55//55 1015//1015 59//59
f 59//59 1015//1015 1016//1016
f 59//59 1016//1016 57//57
f 57//57 1016//1016 1017//1017
f 57//57 1017//1017 58//58
f 58//58 1017//1017 1018//1018
f 58//58 1018//1018 14//14
f 14//14 1018//1018 1019//1019
f 14//14 1019//1019 12//12
f 12//12 1019//1019 972//972
f 1020//1020 1021//1021 1022//1022
f 1022//1022 1021//1021 1023//1023
f 1022//1022 1023//1023 1024//1024
f 1025//1025 1026//1026 1027//1027
f 1028//1028 1029//1029 1030//1030
f 1031//1031 1032//1032 1033//1033
f 1034//1034 1035//1035 1036//1036
f 1037//1037 1038//1038 1039//1039
f 1040//1040 1041//1041 1042//1042
f 1043//1043 1044//1044 1045//1045
f 1046//1046 1047//1047 1048//1048
f 1049//1049 1050//1050 1051//1051
f 1052//1052 1053//1053 1054//1054
f 1055//1055 1056//1056 1057//1057
f 1058//1058 1059//1059 1060//1060
f 1060//1060 1061//1061 1062//1062
f 1062//1062 1061//1061 1063//1063
f 1060//1060 1064//1064 1065//1065
f 1065//1065 1064//1064 1066//1066
f 1060//1060 1067//1067 1068//1068
f 1068//1068 1067//1067 1069//1069
f 1060//1060 1070//1070 1061//1061
f 1061//1061 1070//1070 1071//1071
f 1061//1061 1071//1071 1063//1063
f 1063//1063 1071//1071 1072//1072
f 1060//1060 1073//1073 1064//1064
f 1064//1064 1073//1073 1074//1074
f 1064//1064 1074//1074 1066//1066
f 1066//1066 1074//1074 1075//1075
f 1060//1060 1076//1076 1067//1067
f 1067//1067 1076//1076 1077//1077
f 1067//1067 1077//1077 1069//1069
f 1069//1069 1077//1077 1078//1078
f 1060//1060 1079//1079 1070//1070
f 1070//1070 1079//1079 1080//1080
f 1070//1070 1080//1080 1071//1071
f 1071//1071 1080//1080 1081//1081
f 1071//1071 1081//1081 1072//1072
f 1072//1072 1081//1081 1082//1082
f 1060//1060 1083//1083 1073//1073
f 1073//1073 1083//1083 1084//1084
f 1073//1073 1084//1084 1074//1074
f 1074//1074 1084//1084 1085//1085
f 1074//1074 1085//1085 1075//1075
f 1075//1075 1085//1085 1086//1086
f 1060//1060 1087//1087 1076//1076
f 1076//1076 1087//1087 1088//1088
f 1076//1076 1088//1088 1077//1077
f 1077//1077 1088//1088 1089//1089
f 1077//1077 1089//1089 1078//1078
f 1078//1078 1089//1089 1090//1090
f 1060//1060 1091//1091 1079//1079
f 1079//1079 1091//1091 1092//1092
f 1079//1079 1092//1092 1080//1080
f 1080//1080 1092//1092 1093//1093
f 1080//1080 1093//1093 1081//1081
f 1081//1081 1093//1093 1094//1094
f 1081//1081 1094//1094 1082//1082
f 1082//1082 1094//1094 1095//1095
f 1060//1060 1096//1096 1083//1083
f 1083//1083 1096//1096 1097//1097
f 1083//1083 1097//1097 1084//1084
f 1084//1084 1097//1097 1098//1098
f 1084//1084 1098//1098 1085//1085
f 1085//1085 1098//1098 1099//1099
f 1085//1085 1099//1099 1086//1086
f 1086//1086 1099//1099 1100//1100
f 1060//1060 1101//1101 1087//1087
f 1087//1087 1101//1101 1102//1102
f 1087//1087 1102//1102 1088//1088
f 1088//1088 1102//1102 1103//1103
f 1088//1088 1103//1103 1089//1089
f 1089//1089 1103//1103 1104//1104
f 1089//1089 1104//1104 1090//1090
f 1090//1090 1104//1104 1105//1105
f 1060//1060 1106//1106 1091//1091
f 1091//1091 1106//1106 1107//1107
f 1091//1091 1107//1107 1092//1092
f 1092//1092 1107//1107 1108//1108
f 1092//1092 1108//1108 1093//1093
f 1093//1093 1108//1108 1109//1109
f 1093//1093 1109//1109 1094//1094
f 1094//1094 1109//1109 1110//1110
f 1094//1094 1110//1110 1095//1095
f 1095//1095 1110//1110 1111//1111
f 1059//1059 1058//1058 1112//1112
f 1112//1112 1058//1058 1113//1113
f 1112//1112 1113//1113 1114//1114
f 1114//1114 1113//1113 1115//1115
f 1114//1114 1115//1115 1116//1116
f 1116//1116 1115//1115 1117//1117
f 1116//1116 1117//1117 1118//1118
f 1118//1118 1117//1117 1119//1119
f 1118//1118 1119//1119 1120//1120
f 1121//1121 1060//1060 1059//1059
f 1060//1060 1122//1122 1096//1096
f 1096//1096 1122//1122 1123//1123
f 1096//1096 1123//1123 1097//1097
f 1097//1097 1123//1123 1124//1124
f 1097//1097 1124//1124 1098//1098
f 1098//1098 1124//1124 1125//1125
f 1098//1098 1125//1125 1099//1099
f 1099//1099 1125//1125 1126//1126
f 1099//1099 1126//1126 1100//1100
f 1100//1100 1126//1126 1127//1127
f 1060//1060 1128//1128 1101//1101
f 1101//1101 1128//1128 1129//1129
f 1101//1101 1129//1129 1102//1102
f 1102//1102 1129//1129 1130//1130
f 1102//1102 1130//1130 1103//1103
f 1103//1103 1130//1130 1131//1131
f 1103//1103 1131//1131 1104//1104
f 1104//1104 1131//1131 1132//1132
f 1104//1104 1132//1132 1105//1105
f 1105//1105 1132//1132 1133//1133
f 1060//1060 1134//1134 1106//1106
f 1106//1106 1134//1134 1135//1135
f 1106//1106 1135//1135 1107//1107
f 1107//1107 1135//1135 1136//1136
f 1107//1107 1136//1136 1108//1108
f 1108//1108 1136//1136 1137//1137
f 1108//1108 1137//1137 1109//1109
f 1109//1109 1137//1137 1138//1138
f 1109//1109 1138//1138 1110//1110
f 1110//1110 1138//1138 1139//1139
f 1110//1110 1139//1139 1111//1111
f 1111//1111 1139//1139 1140//1140
f 1121//1121 1059//1059 1141//1141
f 1141//1141 1059//1059 1112//1112
f 1141//1141 1112//1112 1142//1142
f 1142//1142 1112//1112 1114//1114
f 1142//1142 1114//1114 1143//1143
f 1143//1143 1114//1114 1116//1116
f 1143//1143 1116//1116 1144//1144
f 1144//1144 1116//1116 1118//1118
f 1144//1144 1118//1118 1145//1145
f 1145//1145 1118//1118 1120//1120
f 1145//1145 1120//1120 1146//1146
f 1147//1147 1060//1060 1121//1121
f 1060//1060 1148//1148 1122//1122
f 1122//1122 1148//1148 1149//1149
f 1122//1122 1149//1149 1123//1123
f 1123//1123 1149//1149 1150//1150
f 1123//1123 1150//1150 1124//1124
f 1124//1124 1150//1150 1151//1151
f 1124//1124 1151//1151 1125//1125
f 1125//1125 1151//1151 1152//1152
f 1125//1125 1152//1152 1126//1126
f 1126//1126 1152//1152 1153//1153
f 1126//1126 1153//1153 1127//1127
f 1127//1127 1153//1153 1154//1154
f 1060//1060 1155//1155 1128//1128
f 1128//1128 1155//1155 1156//1156
f 1128//1128 1156//1156 1129//1129
f 1129//1129 1156//1156 1157//1157
f 1129//1129 1157//1157 1130//1130
f 1130//1130 1157//1157 1158//1158
f 1130//1130 1158//1158 1131//1131
f 1131//1131 1158//1158 1159//1159
f 1131//1131 1159//1159 1132//1132
f 1132//1132 1159//1159 1160//1160
f 1132//1132 1160//1160 1133//1133
f 1133//1133 1160//1160 1161//1161
f 1060//1060 1162//1162 1134//1134
f 1134//1134 1162//1162 1163//1163
f 1134//1134 1163//1163 1135//1135
f 1135//1135 1163//1163 1164//1164
f 1135//1135 1164//1164 1136//1136
f 1136//1136 1164//1164 1165//1165
f 1136//1136 1165//1165 1137//1137
f 1137//1137 1165//1165 1166//1166
f 1137//1137 1166//1166 1138//1138
f 1138//1138 1166//1166 1167//1167
f 1138//1138 1167//1167 1139//1139
f 1139//1139 1167//1167 1168//1168
f 1139//1139 1168//1168 1140//1140
f 1140//1140 1168//1168 1169//1169
f 1147//1147 1121//1121 1170//1170
f 1170//1170 1121//1121 1141//1141
f 1170//1170 1141//1141 1171//1171
f 1171//1171 1141//1141 1142//1142
f 1171//1171 1142//1142 1172//1172
f 1172//1172 1142//1142 1143//1143
f 1172//1172 1143//1143 1173//1173
f 1173//1173 1143//1143 1144//1144
f 1173//1173 1144//1144 1174//1174
f 1174//1174 1144//1144 1145//1145
f 1174//1174 1145//1145 1175//1175
f 1175//1175 1145//1145 1146//1146
f 1175//1175 1146//1146 1176//1176
f 1177//1177 1060//1060 1147//1147
f 1060//1060 1178//1178 1148//1148
f 1148//1148 1178//1178 1179//1179
f 1148//1148 1179//1179 1149//1149
f 1149//1149 1179//1179 1180//1180
f 1149//1149 1180//1180 1150//1150
f 1150//1150 1180//1180 1181//1181
f 1150//1150 1181//1181 1151//1151
f 1151//1151 1181//1181 1182//1182
f 1151//1151 1182//1182 1152//1152
f 1152//1152 1182//1182 1183//1183
f 1152//1152 1183//1183 1153//1153
f 1153//1153 1183//1183 1184//1184
f 1153//1153 1184//1184 1154//1154
f 1154//1154 1184//1184 1185//1185
f 1060//1060 1186//1186 1155//1155
f 1155//1155 1186//1186 1187//1187
f 1155//1155 1187//1187 1156//1156
f 1156//1156 1187//1187 1188//1188
f 1156//1156 1188//1188 1157//1157
f 1157//1157 1188//1188 1189//1189
f 1157//1157 1189//1189 1158//1158
f 1158//1158 1189//1189 1190//1190
f 1158//1158 1190//1190 1159//1159
f 1159//1159 1190//1190 1191//1191
f 1159//1159 1191//1191 1160//1160
f 1160//1160 1191//1191 1192//1192
f 1160//1160 1192//1192 1161//1161
f 1161//1161 1192//1192 1193//1193
f 1060//1060 1194//1194 1162//1162
f 1162//1162 1194//1194 1195//1195
f 1162//1162 1195//1195 1163//1163
f 1163//1163 1195//1195 1196//1196
f 1163//1163 1196//1196 1164//1164
f 1164//1164 1196//1196 1197//1197
f 1164//1164 1197//1197 1165//1165
f 1165//1165 1197//1197 1198//1198
f 1165//1165 1198//1198 1166//1166
f 1166//1166 1198//1198 1199//1199
f 1166//1166 1199//1199 1167//1167
f 1167//1167 1199//1199 1200//1200
f 1167//1167 1200//1200 1168//1168
f 1168//1168 1200//1200 1201//1201
f 1168//1168 1201//1201 1169//1169
f 1169//1169 1201//1201 1202//1202
f 1177//1177 1147//1147 1203//1203
f 1203//1203 1147//1147 1170//1170
f 1203//1203 1170//1170 1204//1204
f 1204//1204 1170//1170 1171//1171
f 1204//1204 1171//1171 1205//1205
f 1205//1205 1171//1171 1172//1172
f 1205//1205 1172//1172 1206//1206
f 1206//1206 1172//1172 1173//1173
f 1206//1206 1173//1173 1207//1207
f 1207//1207 1173//1173 1174//1174
f 1207//1207 1174//1174 1208//1208
f 1208//1208 1174//1174 1175//1175
f 1208//1208 1175//1175 1209//1209
f 1209//1209 1175//1175 1176//1176
f 1209//1209 1176//1176 1210//1210
f 1211//1211 1060//1060 1177//1177
f 1060//1060 1212//1212 1178//1178
f 1178//1178 1212//1212 1213//1213
f 1178//1178 1213//1213 1179//1179
f 1179//1179 1213//1213 1214//1214
f 1179//1179 1214//1214 1180//1180
f 1180//1180 1214//1214 1215//1215
f 1180//1180 1215//1215 1181//1181
f 1181//1181 1215//1215 1216//1216
f 1181//1181 1216//1216 1182//1182
f 1182//1182 1216//1216 1217//1217
f 1182//1182 1217//1217 1183//1183
f 1183//1183 1217//1217 1218//1218
f 1183//1183 1218//1218 1184//1184
f 1184//1184 1218//1218 1219//1219
f 1184//1184 1219//1219 1185//1185
f 1185//1185 1219//1219 1220//1220
f 1060//1060 1221//1221 1186//1186
f 1186//1186 1221//1221 1222//1222
f 1186//1186 1222//1222 1187//1187
f 1187//1187 1222//1222 1223//1223
f 1187//1187 1223//1223 1188//1188
f 1188//1188 1223//1223 1224//1224
f 1188//1188 1224//1224 1189//1189
f 1189//1189 1224//1224 1225//1225
f 1189//1189 1225//1225 1190//1190
f 1190//1190 1225//1225 1226//1226
f 1190//1190 1226//1226 1191//1191
f 1191//1191 1226//1226 1227//1227
f 1191//1191 1227//1227 1192//1192
f 1192//1192 1227//1227 1228//1228
f 1192//1192 1228//1228 1193//1193
f 1193//1193 1228//1228 1229//1229
f 1060//1060 1230//1230 1194//1194
f 1194//1194 1230//1230 1231//1231
f 1194//1194 1231//1231 1195//1195
f 1195//1195 1231//1231 1232//1232
f 1195//1195 1232//1232 1196//1196
f 1196//1196 1232//1232 1233//1233
f 1196//1196 1233//1233 1197//1197
f 1197//1197 1233//1233 1234//1234
f 1197//1197 1234//1234 1198//1198
f 1198//1198 1234//1234 1235//1235
f 1198//1198 1235//1235 1199//1199
f 1199//1199 1235//1235 1236//1236
f 1199//1199 1236//1236 1200//1200
f 1200//1200 1236//1236 1237//1237
f 1200//1200 1237//1237 1201//1201
f 1201//1201 1237//1237 1238//1238
f 1201//1201 1238//1238 1202//1202
f 1202//1202 1238//1238 1239//1239
f 1211//1211 1177//1177 1240//1240
f 1240//1240 1177//1177 1203//1203
f 1240//1240 1203//1203 1241//1241
f 1241//1241 1203//1203 1204//1204
f 1241//1241 1204//1204 1242//1242
f 1242//1242 1204//1204 1205//1205
f 1242//1242 1205//1205 1243//1243
f 1243//1243 1205//1205 1206//1206
f 1243//1243 1206//1206 1244//1244
f 1244//1244 1206//1206 1207//1207
f 1244//1244 1207//1207 1245//1245
f 1245//1245 1207//1207 1208//1208
f 1245//1245 1208//1208 1246//1246
f 1246//1246 1208//1208 1209//1209
f 1246//1246 1209//1209 1247//1247
f 1247//1247 1209//1209 1210//1210
f 1247//1247 1210//1210 1248//1248
f 1249//1249 1060//1060 1211//1211
f 1060//1060 1250//1250 1212//1212
f 1212//1212 1250//1250 1251//1251
f 1212//1212 1251//1251 1213//1213
f 1213//1213 1251//1251 1252//1252
f 1213//1213 1252//1252 1214//1214
f 1214//1214 1252//1252 1253//1253
f 1214//1214 1253//1253 1215//1215
f 1215//1215 1253//1253 1254//1254
f 1215//1215 1254//1254 1216//1216
f 1216//1216 1254//1254 1255//1255
f 1216//1216 1255//1255 1217//1217
f 1217//1217 1255//1255 1256//1256
f 1217//1217 1256//1256 1218//1218
f 1218//1218 1256//1256 1257//1257
f 1218//1218 1257//1257 1219//1219
f 1219//1219 1257//1257 1258//1258
f 1219//1219 1258//1258 1220//1220
f 1220//1220 1258//1258 1259//1259
f 1060//1060 1260//1260 1221//1221
f 1221//1221 1260//1260 1261//1261
f 1221//1221 1261//1261 1222//1222
f 1222//1222 1261//1261 1262//1262
f 1222//1222 1262//1262 1223//1223
f 1223//1223 1262//1262 1263//1263
f 1223//1223 1263//1263 1224//1224
f 1224//1224 1263//1263 1264//1264
f 1224//1224 1264//1264 1225//1225
f 1225//1225 1264//1264 1265//1265
f 1225//1225 1265//1265 1226//1226
f 1226//1226 1265//1265 1266//1266
f 1226//1226 1266//1266 1227//1227
f 1227//1227 1266//1266 1267//1267
f 1227//1227 1267//1267 1228//1228
f 1228//1228 1267//1267 1268//1268
f 1228//1228 1268//1268 1229//1229
f 1229//1229 1268//1268 1269//1269
f 1060//1060 1270//1270 1230//1230
f 1230//1230 1270//1270 1271//1271
f 1230//1230 1271//1271 1231//1231
f 1231//1231 1271//1271 1272//1272
f 1231//1231 1272//1272 1232//1232
f 1232//1232 1272//1272 1273//1273
f 1232//1232 1273//1273 1233//1233
f 1233//1233 1273//1273 1274//1274
f 1233//1233 1274//1274 1234//1234
f 1234//1234 1274//1274 1275//1275
f 1234//1234 1275//1275 1235//1235
f 1235//1235 1275//1275 1276//1276
f 1235//1235 1276//1276 1236//1236
f 1236//1236 1276//1276 1277//1277
f 1236//1236 1277//1277 1237//1237
f 1237//1237 1277//1277 1278//1278
f 1237//1237 1278//1278 1238//1238
f 1238//1238 1278//1278 1279//1279
f 1238//1238 1279//1279 1239//1239
f 1239//1239 1279//1279 1280//1280
f 1249//1249 1211//1211 1281//1281
f 1281//1281 1211//1211 1240//1240
f 1281//1281 1240//1240 1282//1282
f 1282//1282 1240//1240 1241//1241
f 1282//1282 1241//1241 1283//1283
f 1283//1283 1241//1241 1242//1242
f 1283//1283 1242//1242 1284//1284
f 1284//1284 1242//1242 1243//1243
f 1284//1284 1243//1243 1285//1285
f 1285//1285 1243//1243 1244//1244
f 1285//1285 1244//1244 1286//1286
f 1286//1286 1244//1244 1245//1245
f 1286//1286 1245//1245 1287//1287
f 1287//1287 1245//1245 1246//1246
f 1287//1287 1246//1246 1288//1288
f 1288//1288 1246//1246 1247//1247
f 1288//1288 1247//1247 1289//1289
f 1289//1289 1247//1247 1248//1248
f 1289//1289 1248//1248 1290//1290
f 1291//1291 1060//1060 1249//1249
f 1060//1060 1292//1292 1250//1250
f 1250//1250 1292//1292 1293//1293
f 1250//1250 1293//1293 1251//1251
f 1251//1251 1293//1293 1294//1294
f 1251//1251 1294//1294 1252//1252
f 1252//1252 1294//1294 1295//1295
f 1252//1252 1295//1295 1253//1253
f 1253//1253 1295//1295 1296//1296
f 1253//1253 1296//1296 1254//1254
f 1254//1254 1296//1296 1297//1297
f 1254//1254 1297//1297 1255//1255
f 1255//1255 1297//1297 1298//1298
f 1255//1255 1298//1298 1256//1256
f 1256//1256 1298//1298 1299//1299
f 1256//1256 1299//1299 1257//1257
f 1257//1257 1299//1299 1300//1300
f 1257//1257 1300//1300 1258//1258
f 1258//1258 1300//1300 1301//1301
f 1258//1258 1301//1301 1259//1259
f 1259//1259 1301//1301 1302//1302
f 1060//1060 1303//1303 1260//1260
f 1260//1260 1303//1303 1304//1304
f 1260//1260 1304//1304 1261//1261
f 1261//1261 1304//1304 1305//1305
f 1261//1261 1305//1305 1262//1262
f 1262//1262 1305//1305 1306//1306
f 1262//1262 1306//1306 1263//1263
f 1263//1263 1306//1306 1307//1307
f 1263//1263 1307//1307 1264//1264
f 1264//1264 1307//1307 1308//1308
f 1264//1264 1308//1308 1265//1265
f 1265//1265 1308//1308 1309//1309
f 1265//1265 1309//1309 1266//1266
f 1266//1266 1309//1309 1310//1310
f 1266//1266 1310//1310 1267//1267
f 1267//1267 1310//1310 1311//1311
f 1267//1267 1311//1311 1268//1268
f 1268//1268 1311//1311 1312//1312
f 1268//1268 1312//1312 1269//1269
f 1269//1269 1312//1312 1313//1313
f 1291//1291 1249//1249 1314//1314
f 1314//1314 1249//1249 1281//1281
f 1314//1314 1281//1281 1315//1315
f 1315//1315 1281//1281 1282//1282
f 1315//1315 1282//1282 1316//1316
f 1316//1316 1282//1282 1283//1283
f 1316//1316 1283//1283 1317//1317
f 1317//1317 1283//1283 1284//1284
f 1317//1317 1284//1284 1318//1318
f 1318//1318 1284//1284 1285//1285
f 1318//1318 1285//1285 1319//1319
f 1319//1319 1285//1285 1286//1286
f 1319//1319 1286//1286 1320//1320
f 1320//1320 1286//1286 1287//1287
f 1320//1320 1287//1287 1321//1321
f 1321//1321 1287//1287 1288//1288
f 1321//1321 1288//1288 1322//1322
f 1322//1322 1288//1288 1289//1289
f 1322//1322 1289//1289 1323//1323
f 1323//1323 1289//1289 1290//1290
f 1323//1323 1290//1290 1324//1324
f 1325//1325 1326//1326 1327//1327
f 1327//1327 1326//1326 1328//1328
f 1327//1327 1328//1328 1329//1329
f 1329//1329 1328//1328 1330//1330
f 1329//1329 1330//1330 1331//1331
f 1331//1331 1330//1330 1332//1332
f 1331//1331 1332//1332 1333//1333
f 1334//1334 1335//1335 1336//1336
f 1336//1336 1335//1335 1337//1337
f 1336//1336 1337//1337 1338//1338
f 1338//1338 1337//1337 1339//1339
f 1338//1338 1339//1339 1340//1340
f 1340//1340 1339//1339 1341//1341
f 1340//1340 1341//1341 1342//1342
f 1342//1342 1341//1341 1343//1343
f 1342//1342 1343//1343 1344//1344
f 1344//1344 1343//1343 1345//1345
f 1344//1344 1345//1345 1346//1346
f 1347//1347 1348//1348 1349//1349
f 1349//1349 1348//1348 1350//1350
f 1349//1349 1350//1350 1351//1351
f 1351//1351 1350//1350 1352//1352
f 1351//1351 1352//1352 1353//1353
f 1353//1353 1352//1352 1354//1354
f 1353//1353 1354//1354 1355//1355
f 1355//1355 1354//1354 1356//1356
f 1355//1355 1356//1356 1357//1357
f 1357//1357 1356//1356 1358//1358
f 1357//1357 1358//1358 1359//1359
f 1359//1359 1358//1358 1360//1360
f 1359//1359 1360//1360 1361//1361
f 1361//1361 1360//1360 1362//1362
f 1361//1361 1362//1362 1363//1363
f 1364//1364 1365//1365 1366//1366
f 1366//1366 1365//1365 1367//1367
f 1366//1366 1367//1367 1368//1368
f 1368//1368 1367//1367 1369//1369
f 1368//1368 1369//1369 1370//1370
f 1370//1370 1369//1369 1371//1371
f 1370//1370 1371//1371 1372//1372
f 1372//1372 1371//1371 1373//1373
f 1372//1372 1373//1373 1374//1374
f 1374//1374 1373//1373 1375//1375
f 1374//1374 1375//1375 1376//1376
f 1376//1376 1375//1375 1377//1377
f 1376//1376 1377//1377 1378//1378
f 1378//1378 1377//1377 1379//1379
f 1378//1378 1379//1379 1380//1380
f 1380//1380 1379//1379 1381//1381
f 1380//1380 1381//1381 1382//1382
f 1382//1382 1381//1381 1383//1383
f 1382//1382 1383//1383 1384//1384
f 1384//1384 1383//1383 1385//1385
f 1384//1384 1385//1385 1386//1386
f 1060//1060 1387//1387 1292//1292
f 1292//1292 1387//1387 1388//1388
f 1292//1292 1388//1388 1293//1293
f 1293//1293 1388//1388 1389//1389
f 1293//1293 1389//1389 1294//1294
f 1294//1294 1389//1389 1390//1390
f 1294//1294 1390//1390 1295//1295
f 1295//1295 1390//1390 1391//1391
f 1295//1295 1391//1391 1296//1296
f 1296//1296 1391//1391 1392//1392
f 1296//1296 1392//1392 1297//1297
f 1297//1297 1392//1392 1393//1393
f 1297//1297 1393//1393 1298//1298
f 1298//1298 1393//1393 1394//1394
f 1298//1298 1394//1394 1299//1299
f 1299//1299 1394//1394 1395//1395
f 1299//1299 1395//1395 1300//1300
f 1300//1300 1395//1395 1396//1396
f 1300//1300 1396//1396 1301//1301
f 1301//1301 1396//1396 1397//1397
f 1301//1301 1397//1397 1302//1302
f 1302//1302 1397//1397 1398//1398
f 1399//1399 1400//1400 1401//1401
f 1401//1401 1400//1400 1402//1402
f 1401//1401 1402//1402 1403//1403
f 1403//1403 1402//1402 1404//1404
f 1403//1403 1404//1404 1405//1405
f 1406//1406 1407//1407 1408//1408
f 1408//1408 1407//1407 1409//1409
f 1408//1408 1409//1409 1410//1410
f 1410//1410 1409//1409 1411//1411
f 1410//1410 1411//1411 1412//1412
f 1412//1412 1411//1411 1413//1413
f 1412//1412 1413//1413 1414//1414
f 1414//1414 1413//1413 1415//1415
f 1414//1414 1415//1415 1416//1416
f 1417//1417 1418//1418 1419//1419
f 1419//1419 1418//1418 1420//1420
f 1419//1419 1420//1420 1421//1421
f 1421//1421 1420//1420 1422//1422
f 1421//1421 1422//1422 1423//1423
f 1423//1423 1422//1422 1424//1424
f 1423//1423 1424//1424 1425//1425
f 1425//1425 1424//1424 1426//1426
f 1425//1425 1426//1426 1427//1427
f 1427//1427 1426//1426 1428//1428
f 1427//1427 1428//1428 1429//1429
f 1429//1429 1428//1428 1430//1430
f 1429//1429 1430//1430 1431//1431
f 1432//1432 1433//1433 1434//1434
f 1434//1434 1433//1433 1435//1435
f 1434//1434 1435//1435 1436//1436
f 1436//1436 1435//1435 1437//1437
f 1436//1436 1437//1437 1438//1438
f 1438//1438 1437//1437 1439//1439
f 1438//1438 1439//1439 1440//1440
f 1440//1440 1439//1439 1441//1441
f 1440//1440 1441//1441 1442//1442
f 1442//1442 1441//1441 1443//1443
f 1442//1442 1443//1443 1444//1444
f 1444//1444 1443//1443 1445//1445
f 1444//1444 1445//1445 1446//1446
f 1446//1446 1445//1445 1447//1447
f 1446//1446 1447//1447 1448//1448
f 1448//1448 1447//1447 1449//1449
f 1448//1448 1449//1449 1450//1450
f 1060//1060 1451//1451 1452//1452
f 1452//1452 1451//1451 1453//1453
f 1452//1452 1453//1453 1454//1454
f 1454//1454 1453//1453 1455//1455
f 1454//1454 1455//1455 1456//1456
f 1456//1456 1455//1455 1457//1457
f 1456//1456 1457//1457 1458//1458
f 1458//1458 1457//1457 1459//1459
f 1458//1458 1459//1459 1460//1460
f 1460//1460 1459//1459 1461//1461
f 1460//1460 1461//1461 1462//1462
f 1462//1462 1461//1461 1463//1463
f 1462//1462 1463//1463 1464//1464
f 1464//1464 1463//1463 1465//1465
f 1464//1464 1465//1465 1466//1466
f 1466//1466 1465//1465 1467//1467
f 1466//1466 1467//1467 1468//1468
f 1468//1468 1467//1467 1469//1469
f 1468//1468 1469//1469 1470//1470
f 1470//1470 1469//1469 1471//1471
f 1470//1470 1471//1471 1472//1472
f 1472//1472 1471//1471 1473//1473
f 1472//1472 1473//1473 1474//1474
f 1060//1060 1475//1475 1303//1303
f 1303//1303 1475//1475 1476//1476
f 1303//1303 1476//1476 1304//1304
f 1304//1304 1476//1476 1477//1477
f 1304//1304 1477//1477 1305//1305
f 1305//1305 1477//1477 1478//1478
f 1305//1305 1478//1478 1306//1306
f 1306//1306 1478//1478 1479//1479
f 1306//1306 1479//1479 1307//1307
f 1307//1307 1479//1479 1480//1480
f 1307//1307 1480//1480 1308//1308
f 1308//1308 1480//1480 1481//1481
f 1308//1308 1481//1481 1309//1309
f 1309//1309 1481//1481 1482//1482
f 1309//1309 1482//1482 1310//1310
f 1310//1310 1482//1482 1483//1483
f 1310//1310 1483//1483 1311//1311
f 1311//1311 1483//1483 1484//1484
f 1311//1311 1484//1484 1312//1312
f 1312//1312 1484//1484 1485//1485
f 1312//1312 1485//1485 1313//1313
f 1313//1313 1485//1485 1486//1486
f 1487//1487 1488//1488 1489//1489
f 1489//1489 1488//1488 1490//1490
f 1489//1489 1490//1490 1491//1491
f 1491//1491 1490//1490 1492//1492
f 1491//1491 1492//1492 1493//1493
f 1493//1493 1492//1492 1494//1494
f 1493//1493 1494//1494 1495//1495
f 1495//1495 1494//1494 1496//1496
f 1495//1495 1496//1496 1497//1497
f 1497//1497 1496//1496 1498//1498
f 1497//1497 1498//1498 1499//1499
f 1499//1499 1498//1498 1500//1500
f 1499//1499 1500//1500 1501//1501
f 1502//1502 1503//1503 1504//1504
f 1504//1504 1503//1503 1505//1505
f 1504//1504 1505//1505 1506//1506
f 1506//1506 1505//1505 1507//1507
f 1506//1506 1507//1507 1508//1508
f 1508//1508 1507//1507 1509//1509
f 1508//1508 1509//1509 1510//1510
f 1510//1510 1509//1509 1511//1511
f 1510//1510 1511//1511 1512//1512
f 1512//1512 1511//1511 1513//1513
f 1512//1512 1513//1513 1514//1514
f 1514//1514 1513//1513 1515//1515
f 1514//1514 1515//1515 1516//1516
f 1516//1516 1515//1515 1517//1517
f 1516//1516 1517//1517 1518//1518
f 1518//1518 1517//1517 1519//1519
f 1518//1518 1519//1519 1520//1520
f 1521//1521 1522//1522 1523//1523
f 1523//1523 1522//1522 1524//1524
f 1523//1523 1524//1524 1525//1525
f 1525//1525 1524//1524 1526//1526
f 1525//1525 1526//1526 1527//1527
f 1527//1527 1526//1526 1528//1528
f 1527//1527 1528//1528 1529//1529
f 1529//1529 1528//1528 1530//1530
f 1529//1529 1530//1530 1531//1531
f 1531//1531 1530//1530 1532//1532
f 1531//1531 1532//1532 1533//1533
f 1533//1533 1532//1532 1534//1534
f 1533//1533 1534//1534 1535//1535
f 1535//1535 1534//1534 1536//1536
f 1535//1535 1536//1536 1537//1537
f 1537//1537 1536//1536 1538//1538
f 1537//1537 1538//1538 1539//1539
f 1539//1539 1538//1538 1540//1540
f 1539//1539 1540//1540 1541//1541
f 1541//1541 1540//1540 1542//1542
f 1541//1541 1542//1542 1543//1543
f 1060//1060 1544//1544 1270//1270
f 1270//1270 1544//1544 1545//1545
f 1270//1270 1545//1545 1271//1271
f 1271//1271 1545//1545 1546//1546
f 1271//1271 1546//1546 1272//1272
f 1272//1272 1546//1546 1547//1547
f 1272//1272 1547//1547 1273//1273
f 1273//1273 1547//1547 1548//1548
f 1273//1273 1548//1548 1274//1274
f 1274//1274 1548//1548 1549//1549
f 1274//1274 1549//1549 1275//1275
f 1275//1275 1549//1549 1550//1550
f 1275//1275 1550//1550 1276//1276
f 1276//1276 1550//1550 1551//1551
f 1276//1276 1551//1551 1277//1277
f 1277//1277 1551//1551 1552//1552
f 1277//1277 1552//1552 1278//1278
f 1278//1278 1552//1552 1553//1553
f 1278//1278 1553//1553 1279//1279
f 1279//1279 1553//1553 1554//1554
f 1279//1279 1554//1554 1280//1280
f 1280//1280 1554//1554 1555//1555
f 1026//1026 1556//1556 1027//1027
f 1027//1027 1556//1556 1055//1055
f 1027//1027 1055//1055 1557//1557
f 1557//1557 1055//1055 1057//1057
f 1557//1557 1057//1057 1558//1558
f 1556//1556 1559//1559 1055//1055
f 1055//1055 1559//1559 1560//1560
f 1055//1055 1560//1560 1056//1056
f 1056//1056 1560//1560 1561//1561
f 1056//1056 1561//1561 1562//1562
f 1563//1563 1558//1558 1564//1564
f 1564//1564 1558//1558 1057//1057
f 1564//1564 1057//1057 1565//1565
f 1565//1565 1057//1057 1056//1056
f 1565//1565 1056//1056 1566//1566
f 1566//1566 1056//1056 1562//1562
f 1566//1566 1562//1562 1567//1567
f 1568//1568 1563//1563 1569//1569
f 1569//1569 1563//1563 1564//1564
f 1569//1569 1564//1564 1570//1570
f 1570//1570 1564//1564 1565//1565
f 1570//1570 1565//1565 1571//1571
f 1571//1571 1565//1565 1566//1566
f 1571//1571 1566//1566 1045//1045
f 1045//1045 1566//1566 1567//1567
f 1045//1045 1567//1567 1043//1043
f 1572//1572 1568//1568 1573//1573
f 1573//1573 1568//1568 1569//1569
f 1573//1573 1569//1569 1574//1574
f 1574//1574 1569//1569 1570//1570
f 1574//1574 1570//1570 1575//1575
f 1575//1575 1570//1570 1571//1571
f 1575//1575 1571//1571 1576//1576
f 1576//1576 1571//1571 1045//1045
f 1576//1576 1045//1045 1042//1042
f 1042//1042 1045//1045 1044//1044
f 1042//1042 1044//1044 1040//1040
f 1577//1577 1572//1572 1578//1578
f 1578//1578 1572//1572 1573//1573
f 1578//1578 1573//1573 1579//1579
f 1579//1579 1573//1573 1574//1574
f 1579//1579 1574//1574 1580//1580
f 1580//1580 1574//1574 1575//1575
f 1580//1580 1575//1575 1581//1581
f 1581//1581 1575//1575 1576//1576
f 1581//1581 1576//1576 1582//1582
f 1582//1582 1576//1576 1042//1042
f 1582//1582 1042//1042 1039//1039
f 1039//1039 1042//1042 1041//1041
f 1039//1039 1041//1041 1037//1037
f 1119//1119 1577//1577 1120//1120
f 1120//1120 1577//1577 1578//1578
f 1120//1120 1578//1578 1146//1146
f 1146//1146 1578//1578 1579//1579
f 1146//1146 1579//1579 1176//1176
f 1176//1176 1579//1579 1580//1580
f 1176//1176 1580//1580 1210//1210
f 1210//1210 1580//1580 1581//1581
f 1210//1210 1581//1581 1248//1248
f 1248//1248 1581//1581 1582//1582
f 1248//1248 1582//1582 1290//1290
f 1290//1290 1582//1582 1039//1039
f 1290//1290 1039//1039 1324//1324
f 1324//1324 1039//1039 1038//1038
f 1324//1324 1038//1038 1583//1583
f 1034//1034 1036//1036 1584//1584
f 1035//1035 1585//1585 1036//1036
f 1036//1036 1585//1585 1052//1052
f 1036//1036 1052//1052 1586//1586
f 1586//1586 1052//1052 1054//1054
f 1586//1586 1054//1054 1587//1587
f 1585//1585 1588//1588 1052//1052
f 1052//1052 1588//1588 1589//1589
f 1052//1052 1589//1589 1053//1053
f 1053//1053 1589//1589 1590//1590
f 1053//1053 1590//1590 1591//1591
f 1326//1326 1587//1587 1328//1328
f 1328//1328 1587//1587 1054//1054
f 1328//1328 1054//1054 1330//1330
f 1330//1330 1054//1054 1053//1053
f 1330//1330 1053//1053 1332//1332
f 1332//1332 1053//1053 1591//1591
f 1591//1591 1592//1592 1332//1332
f 1332//1332 1592//1592 1593//1593
f 1332//1332 1593//1593 1333//1333
f 1333//1333 1593//1593 1594//1594
f 1333//1333 1594//1594 1595//1595
f 1335//1335 1325//1325 1337//1337
f 1337//1337 1325//1325 1327//1327
f 1337//1337 1327//1327 1339//1339
f 1339//1339 1327//1327 1329//1329
f 1339//1339 1329//1329 1341//1341
f 1341//1341 1329//1329 1331//1331
f 1341//1341 1331//1331 1343//1343
f 1343//1343 1331//1331 1333//1333
f 1343//1343 1333//1333 1345//1345
f 1345//1345 1333//1333 1595//1595
f 1595//1595 1596//1596 1345//1345
f 1345//1345 1596//1596 1597//1597
f 1345//1345 1597//1597 1346//1346
f 1346//1346 1597//1597 1598//1598
f 1346//1346 1598//1598 1599//1599
f 1348//1348 1334//1334 1350//1350
f 1350//1350 1334//1334 1336//1336
f 1350//1350 1336//1336 1352//1352
f 1352//1352 1336//1336 1338//1338
f 1352//1352 1338//1338 1354//1354
f 1354//1354 1338//1338 1340//1340
f 1354//1354 1340//1340 1356//1356
f 1356//1356 1340//1340 1342//1342
f 1356//1356 1342//1342 1358//1358
f 1358//1358 1342//1342 1344//1344
f 1358//1358 1344//1344 1360//1360
f 1360//1360 1344//1344 1346//1346
f 1360//1360 1346//1346 1362//1362
f 1362//1362 1346//1346 1599//1599
f 1599//1599 1600//1600 1362//1362
f 1362//1362 1600//1600 1601//1601
f 1362//1362 1601//1601 1363//1363
f 1363//1363 1601//1601 1602//1602
f 1363//1363 1602//1602 1603//1603
f 1604//1604 1347//1347 1605//1605
f 1605//1605 1347//1347 1349//1349
f 1605//1605 1349//1349 1606//1606
f 1606//1606 1349//1349 1351//1351
f 1606//1606 1351//1351 1607//1607
f 1607//1607 1351//1351 1353//1353
f 1607//1607 1353//1353 1608//1608
f 1608//1608 1353//1353 1355//1355
f 1608//1608 1355//1355 1609//1609
f 1609//1609 1355//1355 1357//1357
f 1609//1609 1357//1357 1610//1610
f 1610//1610 1357//1357 1359//1359
f 1610//1610 1359//1359 1611//1611
f 1611//1611 1359//1359 1361//1361
f 1611//1611 1361//1361 1612//1612
f 1612//1612 1361//1361 1363//1363
f 1612//1612 1363//1363 1613//1613
f 1613//1613 1363//1363 1603//1603
f 1603//1603 1614//1614 1613//1613
f 1613//1613 1614//1614 1615//1615
f 1613//1613 1615//1615 1616//1616
f 1365//1365 1604//1604 1367//1367
f 1367//1367 1604//1604 1605//1605
f 1367//1367 1605//1605 1369//1369
f 1369//1369 1605//1605 1606//1606
f 1369//1369 1606//1606 1371//1371
f 1371//1371 1606//1606 1607//1607
f 1371//1371 1607//1607 1373//1373
f 1373//1373 1607//1607 1608//1608
f 1373//1373 1608//1608 1375//1375
f 1375//1375 1608//1608 1609//1609
f 1375//1375 1609//1609 1377//1377
f 1377//1377 1609//1609 1610//1610
f 1377//1377 1610//1610 1379//1379
f 1379//1379 1610//1610 1611//1611
f 1379//1379 1611//1611 1381//1381
f 1381//1381 1611//1611 1612//1612
f 1381//1381 1612//1612 1383//1383
f 1383//1383 1612//1612 1613//1613
f 1383//1383 1613//1613 1385//1385
f 1385//1385 1613//1613 1616//1616
f 1616//1616 1617//1617 1385//1385
f 1385//1385 1617//1617 1618//1618
f 1385//1385 1618//1618 1386//1386
f 1386//1386 1618//1618 1619//1619
f 1386//1386 1619//1619 1620//1620
f 1060//1060 1364//1364 1621//1621
f 1621//1621 1364//1364 1366//1366
f 1621//1621 1366//1366 1622//1622
f 1622//1622 1366//1366 1368//1368
f 1622//1622 1368//1368 1623//1623
f 1623//1623 1368//1368 1370//1370
f 1623//1623 1370//1370 1624//1624
f 1624//1624 1370//1370 1372//1372
f 1624//1624 1372//1372 1625//1625
f 1625//1625 1372//1372 1374//1374
f 1625//1625 1374//1374 1626//1626
f 1626//1626 1374//1374 1376//1376
f 1626//1626 1376//1376 1627//1627
f 1627//1627 1376//1376 1378//1378
f 1627//1627 1378//1378 1628//1628
f 1628//1628 1378//1378 1380//1380
f 1628//1628 1380//1380 1629//1629
f 1629//1629 1380//1380 1382//1382
f 1629//1629 1382//1382 1630//1630
f 1630//1630 1382//1382 1384//1384
f 1630//1630 1384//1384 1631//1631
f 1631//1631 1384//1384 1386//1386
f 1631//1631 1386//1386 1632//1632
f 1632//1632 1386//1386 1620//1620
f 1632//1632 1620//1620 1633//1633
f 1060//1060 1621//1621 1387//1387
f 1387//1387 1621//1621 1622//1622
f 1387//1387 1622//1622 1388//1388
f 1388//1388 1622//1622 1623//1623
f 1388//1388 1623//1623 1389//1389
f 1389//1389 1623//1623 1624//1624
f 1389//1389 1624//1624 1390//1390
f 1390//1390 1624//1624 1625//1625
f 1390//1390 1625//1625 1391//1391
f 1391//1391 1625//1625 1626//1626
f 1391//1391 1626//1626 1392//1392
f 1392//1392 1626//1626 1627//1627
f 1392//1392 1627//1627 1393//1393
f 1393//1393 1627//1627 1628//1628
f 1393//1393 1628//1628 1394//1394
f 1394//1394 1628//1628 1629//1629
f 1394//1394 1629//1629 1395//1395
f 1395//1395 1629//1629 1630//1630
f 1395//1395 1630//1630 1396//1396
f 1396//1396 1630//1630 1631//1631
f 1396//1396 1631//1631 1397//1397
f 1397//1397 1631//1631 1632//1632
f 1397//1397 1632//1632 1398//1398
f 1398//1398 1632//1632 1633//1633
f 1398//1398 1633//1633 1634//1634
f 1583//1583 1584//1584 1324//1324
f 1324//1324 1584//1584 1036//1036
f 1324//1324 1036//1036 1323//1323
f 1323//1323 1036//1036 1586//1586
f 1323//1323 1586//1586 1322//1322
f 1322//1322 1586//1586 1587//1587
f 1322//1322 1587//1587 1321//1321
f 1321//1321 1587//1587 1326//1326
f 1321//1321 1326//1326 1320//1320
f 1320//1320 1326//1326 1325//1325
f 1320//1320 1325//1325 1319//1319
f 1319//1319 1325//1325 1335//1335
f 1319//1319 1335//1335 1318//1318
f 1318//1318 1335//1335 1334//1334
f 1318//1318 1334//1334 1317//1317
f 1317//1317 1334//1334 1348//1348
f 1317//1317 1348//1348 1316//1316
f 1316//1316 1348//1348 1347//1347
f 1316//1316 1347//1347 1315//1315
f 1315//1315 1347//1347 1604//1604
f 1315//1315 1604//1604 1314//1314
f 1314//1314 1604//1604 1365//1365
f 1314//1314 1365//1365 1291//1291
f 1291//1291 1365//1365 1364//1364
f 1291//1291 1364//1364 1060//1060
f 1635//1635 1636//1636 1049//1049
f 1049//1049 1636//1636 1637//1637
f 1049//1049 1637//1637 1050//1050
f 1050//1050 1637//1637 1638//1638
f 1050//1050 1638//1638 1639//1639
f 1400//1400 1051//1051 1402//1402
f 1402//1402 1051//1051 1050//1050
f 1402//1402 1050//1050 1404//1404
f 1404//1404 1050//1050 1639//1639
f 1404//1404 1639//1639 1640//1640
f 1640//1640 1641//1641 1404//1404
f 1404//1404 1641//1641 1642//1642
f 1404//1404 1642//1642 1405//1405
f 1405//1405 1642//1642 1643//1643
f 1405//1405 1643//1643 1644//1644
f 1407//1407 1399//1399 1409//1409
f 1409//1409 1399//1399 1401//1401
f 1409//1409 1401//1401 1411//1411
f 1411//1411 1401//1401 1403//1403
f 1411//1411 1403//1403 1413//1413
f 1413//1413 1403//1403 1405//1405
f 1413//1413 1405//1405 1415//1415
f 1415//1415 1405//1405 1644//1644
f 1644//1644 1645//1645 1415//1415
f 1415//1415 1645//1645 1646//1646
f 1415//1415 1646//1646 1416//1416
f 1416//1416 1646//1646 1647//1647
f 1416//1416 1647//1647 1648//1648
f 1418//1418 1406//1406 1420//1420
f 1420//1420 1406//1406 1408//1408
f 1420//1420 1408//1408 1422//1422
f 1422//1422 1408//1408 1410//1410
f 1422//1422 1410//1410 1424//1424
f 1424//1424 1410//1410 1412//1412
f 1424//1424 1412//1412 1426//1426
f 1426//1426 1412//1412 1414//1414
f 1426//1426 1414//1414 1428//1428
f 1428//1428 1414//1414 1416//1416
f 1428//1428 1416//1416 1430//1430
f 1430//1430 1416//1416 1648//1648
f 1648//1648 1649//1649 1430//1430
f 1430//1430 1649//1649 1650//1650
f 1430//1430 1650//1650 1431//1431
f 1431//1431 1650//1650 1651//1651
f 1431//1431 1651//1651 1652//1652
f 1433//1433 1417//1417 1435//1435
f 1435//1435 1417//1417 1419//1419
f 1435//1435 1419//1419 1437//1437
f 1437//1437 1419//1419 1421//1421
f 1437//1437 1421//1421 1439//1439
f 1439//1439 1421//1421 1423//1423
f 1439//1439 1423//1423 1441//1441
f 1441//1441 1423//1423 1425//1425
f 1441//1441 1425//1425 1443//1443
f 1443//1443 1425//1425 1427//1427
f 1443//1443 1427//1427 1445//1445
f 1445//1445 1427//1427 1429//1429
f 1445//1445 1429//1429 1447//1447
f 1447//1447 1429//1429 1431//1431
f 1447//1447 1431//1431 1449//1449
f 1449//1449 1431//1431 1652//1652
f 1652//1652 1653//1653 1449//1449
f 1449//1449 1653//1653 1654//1654
f 1449//1449 1654//1654 1450//1450
f 1450//1450 1654//1654 1655//1655
f 1450//1450 1655//1655 1656//1656
f 1657//1657 1432//1432 1658//1658
f 1658//1658 1432//1432 1434//1434
f 1658//1658 1434//1434 1659//1659
f 1659//1659 1434//1434 1436//1436
f 1659//1659 1436//1436 1660//1660
f 1660//1660 1436//1436 1438//1438
f 1660//1660 1438//1438 1661//1661
f 1661//1661 1438//1438 1440//1440
f 1661//1661 1440//1440 1662//1662
f 1662//1662 1440//1440 1442//1442
f 1662//1662 1442//1442 1663//1663
f 1663//1663 1442//1442 1444//1444
f 1663//1663 1444//1444 1664//1664
f 1664//1664 1444//1444 1446//1446
f 1664//1664 1446//1446 1665//1665
f 1665//1665 1446//1446 1448//1448
f 1665//1665 1448//1448 1666//1666
f 1666//1666 1448//1448 1450//1450
f 1666//1666 1450//1450 1667//1667
f 1667//1667 1450//1450 1656//1656
f 1656//1656 1668//1668 1667//1667
f 1667//1667 1668//1668 1669//1669
f 1667//1667 1669//1669 1670//1670
f 1451//1451 1657//1657 1453//1453
f 1453//1453 1657//1657 1658//1658
f 1453//1453 1658//1658 1455//1455
f 1455//1455 1658//1658 1659//1659
f 1455//1455 1659//1659 1457//1457
f 1457//1457 1659//1659 1660//1660
f 1457//1457 1660//1660 1459//1459
f 1459//1459 1660//1660 1661//1661
f 1459//1459 1661//1661 1461//1461
f 1461//1461 1661//1661 1662//1662
f 1461//1461 1662//1662 1463//1463
f 1463//1463 1662//1662 1663//1663
f 1463//1463 1663//1663 1465//1465
f 1465//1465 1663//1663 1664//1664
f 1465//1465 1664//1664 1467//1467
f 1467//1467 1664//1664 1665//1665
f 1467//1467 1665//1665 1469//1469
f 1469//1469 1665//1665 1666//1666
f 1469//1469 1666//1666 1471//1471
f 1471//1471 1666//1666 1667//1667
f 1471//1471 1667//1667 1473//1473
f 1473//1473 1667//1667 1670//1670
f 1670//1670 1671//1671 1473//1473
f 1473//1473 1671//1671 1672//1672
f 1473//1473 1672//1672 1474//1474
f 1474//1474 1672//1672 1673//1673
f 1474//1474 1673//1673 1674//1674
f 1060//1060 1452//1452 1475//1475
f 1475//1475 1452//1452 1454//1454
f 1475//1475 1454//1454 1476//1476
f 1476//1476 1454//1454 1456//1456
f 1476//1476 1456//1456 1477//1477
f 1477//1477 1456//1456 1458//1458
f 1477//1477 1458//1458 1478//1478
f 1478//1478 1458//1458 1460//1460
f 1478//1478 1460//1460 1479//1479
f 1479//1479 1460//1460 1462//1462
f 1479//1479 1462//1462 1480//1480
f 1480//1480 1462//1462 1464//1464
f 1480//1480 1464//1464 1481//1481
f 1481//1481 1464//1464 1466//1466
f 1481//1481 1466//1466 1482//1482
f 1482//1482 1466//1466 1468//1468
f 1482//1482 1468//1468 1483//1483
f 1483//1483 1468//1468 1470//1470
f 1483//1483 1470//1470 1484//1484
f 1484//1484 1470//1470 1472//1472
f 1484//1484 1472//1472 1485//1485
f 1485//1485 1472//1472 1474//1474
f 1485//1485 1474//1474 1486//1486
f 1486//1486 1474//1474 1674//1674
f 1486//1486 1674//1674 1675//1675
f 1634//1634 1635//1635 1398//1398
f 1398//1398 1635//1635 1049//1049
f 1398//1398 1049//1049 1302//1302
f 1302//1302 1049//1049 1051//1051
f 1302//1302 1051//1051 1259//1259
f 1259//1259 1051//1051 1400//1400
f 1259//1259 1400//1400 1220//1220
f 1220//1220 1400//1400 1399//1399
f 1220//1220 1399//1399 1185//1185
f 1185//1185 1399//1399 1407//1407
f 1185//1185 1407//1407 1154//1154
f 1154//1154 1407//1407 1406//1406
f 1154//1154 1406//1406 1127//1127
f 1127//1127 1406//1406 1418//1418
f 1127//1127 1418//1418 1100//1100
f 1100//1100 1418//1418 1417//1417
f 1100//1100 1417//1417 1086//1086
f 1086//1086 1417//1417 1433//1433
f 1086//1086 1433//1433 1075//1075
f 1075//1075 1433//1433 1432//1432
f 1075//1075 1432//1432 1066//1066
f 1066//1066 1432//1432 1657//1657
f 1066//1066 1657//1657 1065//1065
f 1065//1065 1657//1657 1451//1451
f 1065//1065 1451//1451 1060//1060
f 1676//1676 1677//1677 1678//1678
f 1678//1678 1677//1677 1046//1046
f 1678//1678 1046//1046 1679//1679
f 1679//1679 1046//1046 1048//1048
f 1679//1679 1048//1048 1680//1680
f 1677//1677 1681//1681 1046//1046
f 1046//1046 1681//1681 1682//1682
f 1046//1046 1682//1682 1047//1047
f 1047//1047 1682//1682 1683//1683
f 1047//1047 1683//1683 1684//1684
f 1685//1685 1680//1680 1686//1686
f 1686//1686 1680//1680 1048//1048
f 1686//1686 1048//1048 1687//1687
f 1687//1687 1048//1048 1047//1047
f 1687//1687 1047//1047 1033//1033
f 1033//1033 1047//1047 1684//1684
f 1033//1033 1684//1684 1031//1031
f 1688//1688 1685//1685 1689//1689
f 1689//1689 1685//1685 1686//1686
f 1689//1689 1686//1686 1690//1690
f 1690//1690 1686//1686 1687//1687
f 1690//1690 1687//1687 1691//1691
f 1691//1691 1687//1687 1033//1033
f 1691//1691 1033//1033 1030//1030
f 1030//1030 1033//1033 1032//1032
f 1030//1030 1032//1032 1028//1028
f 1692//1692 1688//1688 1693//1693
f 1693//1693 1688//1688 1689//1689
f 1693//1693 1689//1689 1694//1694
f 1694//1694 1689//1689 1690//1690
f 1694//1694 1690//1690 1695//1695
f 1695//1695 1690//1690 1691//1691
f 1695//1695 1691//1691 1696//1696
f 1696//1696 1691//1691 1030//1030
f 1696//1696 1030//1030 1697//1697
f 1697//1697 1030//1030 1029//1029
f 1029//1029 1698//1698 1697//1697
f 1697//1697 1698//1698 1699//1699
f 1697//1697 1699//1699 1700//1700
f 1488//1488 1692//1692 1490//1490
f 1490//1490 1692//1692 1693//1693
f 1490//1490 1693//1693 1492//1492
f 1492//1492 1693//1693 1694//1694
f 1492//1492 1694//1694 1494//1494
f 1494//1494 1694//1694 1695//1695
f 1494//1494 1695//1695 1496//1496
f 1496//1496 1695//1695 1696//1696
f 1496//1496 1696//1696 1498//1498
f 1498//1498 1696//1696 1697//1697
f 1498//1498 1697//1697 1500//1500
f 1500//1500 1697//1697 1700//1700
f 1700//1700 1701//1701 1500//1500
f 1500//1500 1701//1701 1702//1702
f 1500//1500 1702//1702 1501//1501
f 1501//1501 1702//1702 1703//1703
f 1501//1501 1703//1703 1704//1704
f 1503//1503 1487//1487 1505//1505
f 1505//1505 1487//1487 1489//1489
f 1505//1505 1489//1489 1507//1507
f 1507//1507 1489//1489 1491//1491
f 1507//1507 1491//1491 1509//1509
f 1509//1509 1491//1491 1493//1493
f 1509//1509 1493//1493 1511//1511
f 1511//1511 1493//1493 1495//1495
f 1511//1511 1495//1495 1513//1513
f 1513//1513 1495//1495 1497//1497
f 1513//1513 1497//1497 1515//1515
f 1515//1515 1497//1497 1499//1499
f 1515//1515 1499//1499 1517//1517
f 1517//1517 1499//1499 1501//1501
f 1517//1517 1501//1501 1519//1519
f 1519//1519 1501//1501 1704//1704
f 1704//1704 1705//1705 1519//1519
f 1519//1519 1705//1705 1706//1706
f 1519//1519 1706//1706 1520//1520
f 1520//1520 1706//1706 1707//1707
f 1520//1520 1707//1707 1708//1708
f 1522//1522 1502//1502 1524//1524
f 1524//1524 1502//1502 1504//1504
f 1524//1524 1504//1504 1526//1526
f 1526//1526 1504//1504 1506//1506
f 1526//1526 1506//1506 1528//1528
f 1528//1528 1506//1506 1508//1508
f 1528//1528 1508//1508 1530//1530
f 1530//1530 1508//1508 1510//1510
f 1530//1530 1510//1510 1532//1532
f 1532//1532 1510//1510 1512//1512
f 1532//1532 1512//1512 1534//1534
f 1534//1534 1512//1512 1514//1514
f 1534//1534 1514//1514 1536//1536
f 1536//1536 1514//1514 1516//1516
f 1536//1536 1516//1516 1538//1538
f 1538//1538 1516//1516 1518//1518
f 1538//1538 1518//1518 1540//1540
f 1540//1540 1518//1518 1520//1520
f 1540//1540 1520//1520 1542//1542
f 1542//1542 1520//1520 1708//1708
f 1708//1708 1709//1709 1542//1542
f 1542//1542 1709//1709 1710//1710
f 1542//1542 1710//1710 1543//1543
f 1543//1543 1710//1710 1711//1711
f 1543//1543 1711//1711 1712//1712
f 1060//1060 1521//1521 1544//1544
f 1544//1544 1521//1521 1523//1523
f 1544//1544 1523//1523 1545//1545
f 1545//1545 1523//1523 1525//1525
f 1545//1545 1525//1525 1546//1546
f 1546//1546 1525//1525 1527//1527
f 1546//1546 1527//1527 1547//1547
f 1547//1547 1527//1527 1529//1529
f 1547//1547 1529//1529 1548//1548
f 1548//1548 1529//1529 1531//1531
f 1548//1548 1531//1531 1549//1549
f 1549//1549 1531//1531 1533//1533
f 1549//1549 1533//1533 1550//1550
f 1550//1550 1533//1533 1535//1535
f 1550//1550 1535//1535 1551//1551
f 1551//1551 1535//1535 1537//1537
f 1551//1551 1537//1537 1552//1552
f 1552//1552 1537//1537 1539//1539
f 1552//1552 1539//1539 1553//1553
f 1553//1553 1539//1539 1541//1541
f 1553//1553 1541//1541 1554//1554
f 1554//1554 1541//1541 1543//1543
f 1554//1554 1543//1543 1555//1555
f 1555//1555 1543//1543 1712//1712
f 1555//1555 1712//1712 1713//1713
f 1713//1713 1025//1025 1555//1555
f 1555//1555 1025//1025 1027//1027
f 1555//1555 1027//1027 1280//1280
f 1280//1280 1027//1027 1557//1557
f 1280//1280 1557//1557 1239//1239
f 1239//1239 1557//1557 1558//1558
f 1239//1239 1558//1558 1202//1202
f 1202//1202 1558//1558 1563//1563
f 1202//1202 1563//1563 1169//1169
f 1169//1169 1563//1563 1568//1568
f 1169//1169 1568//1568 1140//1140
f 1140//1140 1568//1568 1572//1572
f 1140//1140 1572//1572 1111//1111
f 1111//1111 1572//1572 1577//1577
f 1111//1111 1577//1577 1095//1095
f 1095//1095 1577//1577 1119//1119
f 1095//1095 1119//1119 1082//1082
f 1082//1082 1119//1119 1117//1117
f 1082//1082 1117//1117 1072//1072
f 1072//1072 1117//1117 1115//1115
f 1072//1072 1115//1115 1063//1063
f 1063//1063 1115//1115 1113//1113
f 1063//1063 1113//1113 1062//1062
f 1062//1062 1113//1113 1058//1058
f 1062//1062 1058//1058 1060//1060
f 1675//1675 1676//1676 1486//1486
f 1486//1486 1676//1676 1678//1678
f 1486//1486 1678//1678 1313//1313
f 1313//1313 1678//1678 1679//1679
f 1313//1313 1679//1679 1269//1269
f 1269//1269 1679//1679 1680//1680
f 1269//1269 1680//1680 1229//1229
f 1229//1229 1680//1680 1685//1685
f 1229//1229 1685//1685 1193//1193
f 1193//1193 1685//1685 1688//1688
f 1193//1193 1688//1688 1161//1161
f 1161//1161 1688//1688 1692//1692
f 1161//1161 1692//1692 1133//1133
f 1133//1133 1692//1692 1488//1488
f 1133//1133 1488//1488 1105//1105
f 1105//1105 1488//1488 1487//1487
f 1105//1105 1487//1487 1090//1090
f 1090//1090 1487//1487 1503//1503
f 1090//1090 1503//1503 1078//1078
f 1078//1078 1503//1503 1502//1502
f 1078//1078 1502//1502 1069//1069
f 1069//1069 1502//1502 1522//1522
f 1069//1069 1522//1522 1068//1068
f 1068//1068 1522//1522 1521//1521
f 1068//1068 1521//1521 1060//1060
f 1714//1714 1715//1715 1716//1716
f 1716//1716 1715//1715 1717//1717
f 1716//1716 1717//1717 1718//1718
f 1718//1718 1717//1717 1719//1719
f 1718//1718 1719//1719 1720//1720
f 1721//1721 1722//1722 1723//1723
f 1722//1722 1724//1724 1723//1723
f 1723//1723 1724//1724 1725//1725
f 1723//1723 1725//1725 1716//1716
f 1716//1716 1725//1725 1726//1726
f 1716//1716 1726//1726 1714//1714
f 1723//1723 1727//1727 1728//1728
f 1721//1721 1723//1723 1729//1729
f 1729//1729 1723//1723 1728//1728
f 1729//1729 1728//1728 1730//1730
f 1727//1727 1723//1723 1731//1731
f 1731//1731 1723//1723 1716//1716
f 1731//1731 1716//1716 1732//1732
f 1732//1732 1716//1716 1733//1733
f 1733//1733 1716//1716 1718//1718
f 1733//1733 1718//1718 1734//1734
f 1735//1735 1736//1736 1737//1737
f 1737//1737 1736//1736 1738//1738
f 1737//1737 1738//1738 1739//1739
f 1739//1739 1738//1738 1720//1720
f 1739//1739 1720//1720 1719//1719
f 1740//1740 1736//1736 1741//1741
f 1741//1741 1736//1736 1735//1735
f 1741//1741 1735//1735 1742//1742
f 1743//1743 1744//1744 1745//1745
f 1745//1745 1744//1744 1746//1746
f 1745//1745 1746//1746 1742//1742
f 1742//1742 1746//1746 1747//1747
f 1742//1742 1747//1747 1741//1741
f 1740//1740 1741//1741 1748//1748
f 1748//1748 1741//1741 1747//1747
f 1748//1748 1747//1747 1749//1749
f 1749//1749 1747//1747 1750//1750
f 1750//1750 1747//1747 1751//1751
f 1751//1751 1747//1747 1746//1746
f 1751//1751 1746//1746 1752//1752
f 1752//1752 1746//1746 1744//1744
f 1752//1752 1744//1744 1753//1753
f 1753//1753 1744//1744 1743//1743
f 1753//1753 1743//1743 1754//1754
f 1754//1754 1743//1743 1755//1755
f 1756//1756 1757//1757 1758//1758
f 1758//1758 1757//1757 1759//1759
f 1758//1758 1759//1759 1760//1760
f 1760//1760 1759//1759 1761//1761
f 1760//1760 1761//1761 1762//1762
f 1762//1762 1761//1761 1763//1763
f 1762//1762 1763//1763 1764//1764
f 1764//1764 1763//1763 1765//1765
f 1764//1764 1765//1765 1766//1766
f 1766//1766 1765//1765 1754//1754
f 1766//1766 1754//1754 1755//1755
f 1767//1767 1768//1768 1769//1769
f 1769//1769 1768//1768 1770//1770
f 1769//1769 1770//1770 1771//1771
f 1772//1772 1773//1773 1760//1760
f 1760//1760 1773//1773 1774//1774
f 1760//1760 1774//1774 1758//1758
f 1758//1758 1774//1774 1775//1775
f 1758//1758 1775//1775 1767//1767
f 1767//1767 1775//1775 1776//1776
f 1767//1767 1776//1776 1768//1768
f 1755//1755 1743//1743 1745//1745
f 1764//1764 1766//1766 1777//1777
f 1777//1777 1766//1766 1755//1755
f 1777//1777 1755//1755 1778//1778
f 1778//1778 1755//1755 1745//1745
f 1764//1764 1777//1777 1762//1762
f 1762//1762 1777//1777 1779//1779
f 1762//1762 1779//1779 1760//1760
f 1760//1760 1779//1779 1780//1780
f 1760//1760 1780//1780 1772//1772
f 1781//1781 1782//1782 1783//1783
f 1784//1784 1785//1785 1786//1786
f 1786//1786 1785//1785 1787//1787
f 1786//1786 1787//1787 1783//1783
f 1783//1783 1787//1787 1788//1788
f 1783//1783 1788//1788 1781//1781
f 1789//1789 1790//1790 1791//1791
f 1791//1791 1792//1792 1789//1789
f 1789//1789 1792//1792 1793//1793
f 1789//1789 1793//1793 1794//1794
f 1794//1794 1793//1793 1795//1795
f 1794//1794 1795//1795 1796//1796
f 1797//1797 1798//1798 1799//1799
f 1799//1799 1798//1798 1800//1800
f 1801//1801 1802//1802 1803//1803
f 1803//1803 1802//1802 1804//1804
f 1803//1803 1804//1804 1805//1805
f 1806//1806 1807//1807 1808//1808
f 1808//1808 1807//1807 1809//1809
f 1808//1808 1809//1809 1801//1801
f 1801//1801 1809//1809 1810//1810
f 1801//1801 1810//1810 1802//1802
f 1811//1811 1812//1812 1813//1813
f 1813//1813 1812//1812 1814//1814
f 1813//1813 1814//1814 1815//1815
f 1815//1815 1814//1814 1816//1816
f 1815//1815 1816//1816 1800//1800
f 1800//1800 1816//1816 1817//1817
f 1800//1800 1817//1817 1799//1799
f 1818//1818 1819//1819 1820//1820
f 1820//1820 1819//1819 1821//1821
f 1820//1820 1821//1821 1811//1811
f 1811//1811 1821//1821 1822//1822
f 1811//1811 1822//1822 1812//1812
f 1823//1823 1824//1824 1825//1825
f 1825//1825 1824//1824 1826//1826
f 1825//1825 1826//1826 1827//1827
f 1826//1826 1828//1828 1827//1827
f 1827//1827 1828//1828 1829//1829
f 1827//1827 1829//1829 1830//1830
f 1830//1830 1829//1829 1831//1831
f 1830//1830 1831//1831 1818//1818
f 1818//1818 1831//1831 1832//1832
f 1818//1818 1832//1832 1819//1819
f 1833//1833 1834//1834 1835//1835
f 1835//1835 1834//1834 1836//1836
f 1835//1835 1836//1836 1837//1837
f 1837//1837 1836//1836 1838//1838
f 1837//1837 1838//1838 1823//1823
f 1823//1823 1838//1838 1839//1839
f 1823//1823 1839//1839 1824//1824
f 1840//1840 1841//1841 1842//1842
f 1842//1842 1841//1841 1843//1843
f 1842//1842 1843//1843 1844//1844
f 1804//1804 1845//1845 1805//1805
f 1805//1805 1845//1845 1846//1846
f 1805//1805 1846//1846 1847//1847
f 1847//1847 1846//1846 1848//1848
f 1847//1847 1848//1848 1833//1833
f 1833//1833 1848//1848 1849//1849
f 1833//1833 1849//1849 1834//1834
f 1850//1850 1851//1851 1852//1852
f 1852//1852 1851//1851 1853//1853
f 1852//1852 1853//1853 1854//1854
f 1854//1854 1853//1853 1855//1855
f 1854//1854 1855//1855 1806//1806
f 1806//1806 1855//1855 1856//1856
f 1806//1806 1856//1856 1807//1807
f 1843//1843 1857//1857 1844//1844
f 1844//1844 1857//1857 1858//1858
f 1844//1844 1858//1858 1859//1859
f 1859//1859 1858//1858 1860//1860
f 1859//1859 1860//1860 1850//1850
f 1850//1850 1860//1860 1861//1861
f 1850//1850 1861//1861 1851//1851
f 1795//1795 1862//1862 1796//1796
f 1796//1796 1862//1862 1863//1863
f 1796//1796 1863//1863 1864//1864
f 1864//1864 1863//1863 1865//1865
f 1864//1864 1865//1865 1866//1866
f 1866//1866 1865//1865 1867//1867
f 1866//1866 1867//1867 1840//1840
f 1840//1840 1867//1867 1868//1868
f 1840//1840 1868//1868 1841//1841
f 1869//1869 1797//1797 1799//1799
f 1870//1870 1871//1871 1872//1872
f 1742//1742 1735//1735 1873//1873
f 1873//1873 1735//1735 1737//1737
f 1562//1562 1777//1777 1567//1567
f 1567//1567 1777//1777 1778//1778
f 1567//1567 1778//1778 1043//1043
f 1043//1043 1778//1778 1873//1873
f 1873//1873 1778//1778 1745//1745
f 1873//1873 1745//1745 1742//1742
f 1773//1773 1772//1772 1562//1562
f 1874//1874 1770//1770 1562//1562
f 1562//1562 1770//1770 1768//1768
f 1562//1562 1768//1768 1776//1776
f 1776//1776 1775//1775 1562//1562
f 1562//1562 1775//1775 1774//1774
f 1562//1562 1774//1774 1773//1773
f 1772//1772 1780//1780 1562//1562
f 1562//1562 1780//1780 1779//1779
f 1562//1562 1779//1779 1777//1777
f 1562//1562 1561//1561 1874//1874
f 1874//1874 1561//1561 1560//1560
f 1874//1874 1560//1560 1875//1875
f 1875//1875 1560//1560 1559//1559
f 1876//1876 1712//1712 1877//1877
f 1877//1877 1712//1712 1878//1878
f 1876//1876 1879//1879 1712//1712
f 1712//1712 1879//1879 1880//1880
f 1712//1712 1880//1880 1881//1881
f 1559//1559 1556//1556 1875//1875
f 1875//1875 1556//1556 1026//1026
f 1875//1875 1026//1026 1882//1882
f 1882//1882 1026//1026 1025//1025
f 1882//1882 1025//1025 1883//1883
f 1883//1883 1025//1025 1713//1713
f 1883//1883 1713//1713 1884//1884
f 1884//1884 1713//1713 1712//1712
f 1884//1884 1712//1712 1885//1885
f 1885//1885 1712//1712 1881//1881
f 1886//1886 1887//1887 1888//1888
f 1886//1886 1888//1888 1889//1889
f 1712//1712 1711//1711 1878//1878
f 1878//1878 1711//1711 1710//1710
f 1878//1878 1710//1710 1890//1890
f 1890//1890 1710//1710 1709//1709
f 1890//1890 1709//1709 1783//1783
f 1783//1783 1709//1709 1888//1888
f 1783//1783 1888//1888 1786//1786
f 1786//1786 1888//1888 1887//1887
f 1786//1786 1887//1887 1784//1784
f 1891//1891 1892//1892 1037//1037
f 1037//1037 1041//1041 1891//1891
f 1891//1891 1041//1041 1040//1040
f 1891//1891 1040//1040 1873//1873
f 1873//1873 1040//1040 1044//1044
f 1873//1873 1044//1044 1043//1043
f 1893//1893 1894//1894 1034//1034
f 1034//1034 1584//1584 1893//1893
f 1893//1893 1584//1584 1583//1583
f 1893//1893 1583//1583 1892//1892
f 1892//1892 1583//1583 1038//1038
f 1892//1892 1038//1038 1037//1037
f 1895//1895 1588//1588 1896//1896
f 1896//1896 1588//1588 1585//1585
f 1896//1896 1585//1585 1894//1894
f 1894//1894 1585//1585 1035//1035
f 1894//1894 1035//1035 1034//1034
f 1897//1897 1590//1590 1895//1895
f 1895//1895 1590//1590 1589//1589
f 1895//1895 1589//1589 1588//1588
f 1898//1898 1592//1592 1897//1897
f 1897//1897 1592//1592 1591//1591
f 1897//1897 1591//1591 1590//1590
f 1899//1899 1594//1594 1898//1898
f 1898//1898 1594//1594 1593//1593
f 1898//1898 1593//1593 1592//1592
f 1900//1900 1596//1596 1899//1899
f 1899//1899 1596//1596 1595//1595
f 1899//1899 1595//1595 1594//1594
f 1901//1901 1598//1598 1900//1900
f 1900//1900 1598//1598 1597//1597
f 1900//1900 1597//1597 1596//1596
f 1902//1902 1600//1600 1901//1901
f 1901//1901 1600//1600 1599//1599
f 1901//1901 1599//1599 1598//1598
f 1903//1903 1602//1602 1902//1902
f 1902//1902 1602//1602 1601//1601
f 1902//1902 1601//1601 1600//1600
f 1904//1904 1905//1905 1616//1616
f 1616//1616 1615//1615 1904//1904
f 1904//1904 1615//1615 1614//1614
f 1904//1904 1614//1614 1903//1903
f 1903//1903 1614//1614 1603//1603
f 1903//1903 1603//1603 1602//1602
f 1906//1906 1907//1907 1620//1620
f 1620//1620 1619//1619 1906//1906
f 1906//1906 1619//1619 1618//1618
f 1906//1906 1618//1618 1905//1905
f 1905//1905 1618//1618 1617//1617
f 1905//1905 1617//1617 1616//1616
f 1908//1908 1909//1909 1636//1636
f 1636//1636 1635//1635 1908//1908
f 1908//1908 1635//1635 1634//1634
f 1908//1908 1634//1634 1907//1907
f 1907//1907 1634//1634 1633//1633
f 1907//1907 1633//1633 1620//1620
f 1910//1910 1911//1911 1640//1640
f 1640//1640 1639//1639 1910//1910
f 1910//1910 1639//1639 1638//1638
f 1910//1910 1638//1638 1909//1909
f 1909//1909 1638//1638 1637//1637
f 1909//1909 1637//1637 1636//1636
f 1912//1912 1643//1643 1913//1913
f 1913//1913 1643//1643 1642//1642
f 1913//1913 1642//1642 1911//1911
f 1911//1911 1642//1642 1641//1641
f 1911//1911 1641//1641 1640//1640
f 1914//1914 1645//1645 1912//1912
f 1912//1912 1645//1645 1644//1644
f 1912//1912 1644//1644 1643//1643
f 1915//1915 1647//1647 1914//1914
f 1914//1914 1647//1647 1646//1646
f 1914//1914 1646//1646 1645//1645
f 1916//1916 1649//1649 1915//1915
f 1915//1915 1649//1649 1648//1648
f 1915//1915 1648//1648 1647//1647
f 1917//1917 1651//1651 1916//1916
f 1916//1916 1651//1651 1650//1650
f 1916//1916 1650//1650 1649//1649
f 1918//1918 1653//1653 1917//1917
f 1917//1917 1653//1653 1652//1652
f 1917//1917 1652//1652 1651//1651
f 1919//1919 1655//1655 1918//1918
f 1918//1918 1655//1655 1654//1654
f 1918//1918 1654//1654 1653//1653
f 1920//1920 1668//1668 1919//1919
f 1919//1919 1668//1668 1656//1656
f 1919//1919 1656//1656 1655//1655
f 1921//1921 1922//1922 1672//1672
f 1672//1672 1671//1671 1921//1921
f 1921//1921 1671//1671 1670//1670
f 1921//1921 1670//1670 1920//1920
f 1920//1920 1670//1670 1669//1669
f 1920//1920 1669//1669 1668//1668
f 1923//1923 1924//1924 1676//1676
f 1676//1676 1675//1675 1923//1923
f 1923//1923 1675//1675 1674//1674
f 1923//1923 1674//1674 1922//1922
f 1922//1922 1674//1674 1673//1673
f 1922//1922 1673//1673 1672//1672
f 1925//1925 1926//1926 1683//1683
f 1683//1683 1682//1682 1925//1925
f 1925//1925 1682//1682 1681//1681
f 1925//1925 1681//1681 1924//1924
f 1924//1924 1681//1681 1677//1677
f 1924//1924 1677//1677 1676//1676
f 1927//1927 1928//1928 1028//1028
f 1028//1028 1032//1032 1927//1927
f 1927//1927 1032//1032 1031//1031
f 1927//1927 1031//1031 1926//1926
f 1926//1926 1031//1031 1684//1684
f 1926//1926 1684//1684 1683//1683
f 1929//1929 1699//1699 1930//1930
f 1930//1930 1699//1699 1698//1698
f 1930//1930 1698//1698 1928//1928
f 1928//1928 1698//1698 1029//1029
f 1928//1928 1029//1029 1028//1028
f 1931//1931 1701//1701 1929//1929
f 1929//1929 1701//1701 1700//1700
f 1929//1929 1700//1700 1699//1699
f 1932//1932 1703//1703 1931//1931
f 1931//1931 1703//1703 1702//1702
f 1931//1931 1702//1702 1701//1701
f 1933//1933 1705//1705 1932//1932
f 1932//1932 1705//1705 1704//1704
f 1932//1932 1704//1704 1703//1703
f 1709//1709 1708//1708 1888//1888
f 1888//1888 1708//1708 1707//1707
f 1888//1888 1707//1707 1933//1933
f 1933//1933 1707//1707 1706//1706
f 1933//1933 1706//1706 1705//1705
f 1934//1934 1889//1889 1935//1935
f 1935//1935 1889//1889 1888//1888
f 1935//1935 1888//1888 1936//1936
f 1936//1936 1888//1888 1933//1933
f 1936//1936 1933//1933 1937//1937
f 1937//1937 1933//1933 1932//1932
f 1937//1937 1932//1932 1938//1938
f 1938//1938 1932//1932 1931//1931
f 1938//1938 1931//1931 1939//1939
f 1939//1939 1931//1931 1929//1929
f 1939//1939 1929//1929 1940//1940
f 1940//1940 1929//1929 1930//1930
f 1940//1940 1930//1930 1941//1941
f 1941//1941 1930//1930 1928//1928
f 1941//1941 1928//1928 1942//1942
f 1942//1942 1928//1928 1927//1927
f 1942//1942 1927//1927 1943//1943
f 1943//1943 1927//1927 1926//1926
f 1943//1943 1926//1926 1944//1944
f 1944//1944 1926//1926 1925//1925
f 1944//1944 1925//1925 1945//1945
f 1945//1945 1925//1925 1924//1924
f 1945//1945 1924//1924 1946//1946
f 1946//1946 1924//1924 1923//1923
f 1946//1946 1923//1923 1947//1947
f 1947//1947 1923//1923 1922//1922
f 1947//1947 1922//1922 1948//1948
f 1948//1948 1922//1922 1921//1921
f 1948//1948 1921//1921 1949//1949
f 1949//1949 1921//1921 1920//1920
f 1949//1949 1920//1920 1950//1950
f 1950//1950 1920//1920 1919//1919
f 1950//1950 1919//1919 1951//1951
f 1951//1951 1919//1919 1918//1918
f 1951//1951 1918//1918 1952//1952
f 1952//1952 1918//1918 1917//1917
f 1952//1952 1917//1917 1953//1953
f 1953//1953 1917//1917 1916//1916
f 1953//1953 1916//1916 1954//1954
f 1954//1954 1916//1916 1915//1915
f 1954//1954 1915//1915 1955//1955
f 1955//1955 1915//1915 1914//1914
f 1955//1955 1914//1914 1956//1956
f 1956//1956 1914//1914 1912//1912
f 1956//1956 1912//1912 1957//1957
f 1957//1957 1912//1912 1913//1913
f 1957//1957 1913//1913 1958//1958
f 1958//1958 1913//1913 1911//1911
f 1958//1958 1911//1911 1959//1959
f 1959//1959 1911//1911 1910//1910
f 1959//1959 1910//1910 1960//1960
f 1960//1960 1910//1910 1909//1909
f 1960//1960 1909//1909 1961//1961
f 1961//1961 1909//1909 1908//1908
f 1961//1961 1908//1908 1962//1962
f 1962//1962 1908//1908 1907//1907
f 1962//1962 1907//1907 1963//1963
f 1963//1963 1907//1907 1906//1906
f 1963//1963 1906//1906 1964//1964
f 1964//1964 1906//1906 1905//1905
f 1964//1964 1905//1905 1965//1965
f 1965//1965 1905//1905 1904//1904
f 1965//1965 1904//1904 1966//1966
f 1966//1966 1904//1904 1903//1903
f 1966//1966 1903//1903 1967//1967
f 1967//1967 1903//1903 1902//1902
f 1967//1967 1902//1902 1968//1968
f 1968//1968 1902//1902 1901//1901
f 1968//1968 1901//1901 1969//1969
f 1969//1969 1901//1901 1900//1900
f 1969//1969 1900//1900 1970//1970
f 1970//1970 1900//1900 1899//1899
f 1970//1970 1899//1899 1971//1971
f 1971//1971 1899//1899 1898//1898
f 1971//1971 1898//1898 1972//1972
f 1972//1972 1898//1898 1897//1897
f 1972//1972 1897//1897 1973//1973
f 1973//1973 1897//1897 1895//1895
f 1973//1973 1895//1895 1974//1974
f 1974//1974 1895//1895 1896//1896
f 1974//1974 1896//1896 1975//1975
f 1975//1975 1896//1896 1894//1894
f 1975//1975 1894//1894 1976//1976
f 1976//1976 1894//1894 1893//1893
f 1976//1976 1893//1893 1977//1977
f 1977//1977 1893//1893 1892//1892
f 1977//1977 1892//1892 1978//1978
f 1978//1978 1892//1892 1891//1891
f 1978//1978 1891//1891 1872//1872
f 1872//1872 1891//1891 1873//1873
f 1872//1872 1873//1873 1870//1870
f 1870//1870 1873//1873 1737//1737
f 1791//1791 1934//1934 1792//1792
f 1792//1792 1934//1934 1935//1935
f 1792//1792 1935//1935 1793//1793
f 1793//1793 1935//1935 1936//1936
f 1793//1793 1936//1936 1795//1795
f 1795//1795 1936//1936 1937//1937
f 1795//1795 1937//1937 1862//1862
f 1862//1862 1937//1937 1938//1938
f 1862//1862 1938//1938 1863//1863
f 1863//1863 1938//1938 1939//1939
f 1863//1863 1939//1939 1865//1865
f 1865//1865 1939//1939 1940//1940
f 1865//1865 1940//1940 1867//1867
f 1867//1867 1940//1940 1941//1941
f 1867//1867 1941//1941 1868//1868
f 1868//1868 1941//1941 1942//1942
f 1868//1868 1942//1942 1841//1841
f 1841//1841 1942//1942 1943//1943
f 1841//1841 1943//1943 1843//1843
f 1843//1843 1943//1943 1944//1944
f 1843//1843 1944//1944 1857//1857
f 1857//1857 1944//1944 1945//1945
f 1857//1857 1945//1945 1858//1858
f 1858//1858 1945//1945 1946//1946
f 1858//1858 1946//1946 1860//1860
f 1860//1860 1946//1946 1947//1947
f 1860//1860 1947//1947 1861//1861
f 1861//1861 1947//1947 1948//1948
f 1861//1861 1948//1948 1851//1851
f 1851//1851 1948//1948 1949//1949
f 1851//1851 1949//1949 1853//1853
f 1853//1853 1949//1949 1950//1950
f 1853//1853 1950//1950 1855//1855
f 1855//1855 1950//1950 1951//1951
f 1855//1855 1951//1951 1856//1856
f 1856//1856 1951//1951 1952//1952
f 1856//1856 1952//1952 1807//1807
f 1807//1807 1952//1952 1953//1953
f 1807//1807 1953//1953 1809//1809
f 1809//1809 1953//1953 1954//1954
f 1809//1809 1954//1954 1810//1810
f 1810//1810 1954//1954 1955//1955
f 1810//1810 1955//1955 1802//1802
f 1802//1802 1955//1955 1956//1956
f 1802//1802 1956//1956 1979//1979
f 1979//1979 1956//1956 1957//1957
f 1979//1979 1957//1957 1845//1845
f 1845//1845 1957//1957 1958//1958
f 1845//1845 1958//1958 1846//1846
f 1846//1846 1958//1958 1959//1959
f 1846//1846 1959//1959 1848//1848
f 1848//1848 1959//1959 1960//1960
f 1848//1848 1960//1960 1849//1849
f 1849//1849 1960//1960 1961//1961
f 1849//1849 1961//1961 1834//1834
f 1834//1834 1961//1961 1962//1962
f 1834//1834 1962//1962 1836//1836
f 1836//1836 1962//1962 1963//1963
f 1836//1836 1963//1963 1838//1838
f 1838//1838 1963//1963 1964//1964
f 1838//1838 1964//1964 1839//1839
f 1839//1839 1964//1964 1965//1965
f 1839//1839 1965//1965 1824//1824
f 1824//1824 1965//1965 1966//1966
f 1824//1824 1966//1966 1826//1826
f 1826//1826 1966//1966 1967//1967
f 1826//1826 1967//1967 1828//1828
f 1828//1828 1967//1967 1968//1968
f 1828//1828 1968//1968 1829//1829
f 1829//1829 1968//1968 1969//1969
f 1829//1829 1969//1969 1831//1831
f 1831//1831 1969//1969 1970//1970
f 1831//1831 1970//1970 1832//1832
f 1832//1832 1970//1970 1971//1971
f 1832//1832 1971//1971 1819//1819
f 1819//1819 1971//1971 1972//1972
f 1819//1819 1972//1972 1821//1821
f 1821//1821 1972//1972 1973//1973
f 1821//1821 1973//1973 1822//1822
f 1822//1822 1973//1973 1974//1974
f 1822//1822 1974//1974 1812//1812
f 1812//1812 1974//1974 1975//1975
f 1812//1812 1975//1975 1814//1814
f 1814//1814 1975//1975 1976//1976
f 1814//1814 1976//1976 1816//1816
f 1816//1816 1976//1976 1977//1977
f 1816//1816 1977//1977 1817//1817
f 1817//1817 1977//1977 1978//1978
f 1817//1817 1978//1978 1799//1799
f 1799//1799 1978//1978 1872//1872
f 1799//1799 1872//1872 1869//1869
f 1869//1869 1872//1872 1871//1871
f 1890//1890 1980//1980 1878//1878
f 1878//1878 1980//1980 1981//1981
f 1783//1783 1782//1782 1890//1890
f 1890//1890 1782//1782 1982//1982
f 1982//1982 1983//1983 1890//1890
f 1890//1890 1983//1983 1984//1984
f 1890//1890 1984//1984 1980//1980
f 1985//1985 1880//1880 1981//1981
f 1981//1981 1880//1880 1879//1879
f 1879//1879 1876//1876 1981//1981
f 1981//1981 1876//1876 1877//1877
f 1981//1981 1877//1877 1878//1878
f 1985//1985 1986//1986 1880//1880
f 1880//1880 1986//1986 1987//1987
f 1880//1880 1987//1987 1881//1881
f 1881//1881 1987//1987 1988//1988
f 1881//1881 1988//1988 1885//1885
f 1982//1982 1989//1989 1990//1990
f 1982//1982 1990//1990 1983//1983
f 1983//1983 1990//1990 1991//1991
f 1983//1983 1991//1991 1984//1984
f 1992//1992 1993//1993 1985//1985
f 1991//1991 1994//1994 1984//1984
f 1984//1984 1994//1994 1995//1995
f 1984//1984 1995//1995 1980//1980
f 1980//1980 1995//1995 1992//1992
f 1980//1980 1992//1992 1981//1981
f 1981//1981 1992//1992 1985//1985
f 1989//1989 1982//1982 1782//1782
f 1787//1787 1996//1996 1788//1788
f 1788//1788 1996//1996 1997//1997
f 1788//1788 1997//1997 1781//1781
f 1781//1781 1997//1997 1998//1998
f 1781//1781 1998//1998 1782//1782
f 1782//1782 1998//1998 1999//1999
f 1782//1782 1999//1999 1989//1989
f 2000//2000 1996//1996 1787//1787
f 2000//2000 1787//1787 2001//2001
f 2001//2001 1787//1787 1785//1785
f 2001//2001 1785//1785 2002//2002
f 1785//1785 1784//1784 2002//2002
f 2002//2002 1784//1784 2003//2003
f 2003//2003 1784//1784 2004//2004
f 2004//2004 1784//1784 1887//1887
f 2004//2004 1887//1887 2005//2005
f 2005//2005 1887//1887 2006//2006
f 2005//2005 2006//2006 2007//2007
f 2008//2008 2009//2009 2010//2010
f 1020//1020 1022//1022 2011//2011
f 2011//2011 1022//1022 2012//2012
f 2011//2011 2012//2012 2013//2013
f 2009//2009 2014//2014 2010//2010
f 2010//2010 2014//2014 2015//2015
f 2010//2010 2015//2015 2012//2012
f 2012//2012 2015//2015 2016//2016
f 2012//2012 2016//2016 2013//2013
f 2005//2005 2007//2007 2017//2017
f 2017//2017 2007//2007 2008//2008
f 2008//2008 2010//2010 2017//2017
f 2017//2017 2010//2010 2018//2018
f 2017//2017 2018//2018 2019//2019
f 2020//2020 2021//2021 2010//2010
f 2010//2010 2021//2021 2022//2022
f 2010//2010 2022//2022 2018//2018
f 2020//2020 2010//2010 2023//2023
f 2023//2023 2010//2010 2012//2012
f 2023//2023 2012//2012 2024//2024
f 2024//2024 2012//2012 1022//1022
f 2024//2024 1022//1022 1024//1024
f 2025//2025 2026//2026 2027//2027
f 2020//2020 2023//2023 2021//2021
f 2021//2021 2023//2023 2028//2028
f 2021//2021 2028//2028 2022//2022
f 2022//2022 2028//2028 2019//2019
f 2022//2022 2019//2019 2018//2018
f 1023//1023 2029//2029 2030//2030
f 2030//2030 2025//2025 1023//1023
f 1023//1023 2025//2025 2027//2027
f 1023//1023 2027//2027 1024//1024
f 1024//1024 2027//2027 2028//2028
f 1024//1024 2028//2028 2024//2024
f 2024//2024 2028//2028 2023//2023
f 2006//2006 1887//1887 1886//1886
f 1934//1934 1791//1791 1021//1021
f 2029//2029 1023//1023 1021//1021
f 2031//2031 2032//2032 2033//2033
f 2033//2033 2032//2032 2034//2034
f 2033//2033 2034//2034 1790//1790
f 1934//1934 1021//1021 1889//1889
f 1889//1889 1021//1021 2035//2035
f 1889//1889 2035//2035 1886//1886
f 1886//1886 2035//2035 2036//2036
f 1886//1886 2036//2036 2006//2006
f 1790//1790 2034//2034 1791//1791
f 1791//1791 2034//2034 2037//2037
f 1791//1791 2037//2037 1021//1021
f 1021//1021 2037//2037 2038//2038
f 1021//1021 2038//2038 2029//2029
f 2039//2039 2040//2040 2041//2041
f 2033//2033 1790//1790 1789//1789
f 1798//1798 2039//2039 1800//1800
f 1800//1800 2039//2039 2041//2041
f 1800//1800 2041//2041 1815//1815
f 1815//1815 2041//2041 2042//2042
f 1815//1815 2042//2042 1813//1813
f 1813//1813 2042//2042 2043//2043
f 1813//1813 2043//2043 1811//1811
f 1811//1811 2043//2043 2044//2044
f 1811//1811 2044//2044 1820//1820
f 1820//1820 2044//2044 2045//2045
f 1820//1820 2045//2045 1818//1818
f 1818//1818 2045//2045 2046//2046
f 1818//1818 2046//2046 1830//1830
f 1830//1830 2046//2046 2047//2047
f 1830//1830 2047//2047 1827//1827
f 1827//1827 2047//2047 2048//2048
f 1827//1827 2048//2048 1825//1825
f 1825//1825 2048//2048 2049//2049
f 1825//1825 2049//2049 1823//1823
f 1823//1823 2049//2049 2050//2050
f 1823//1823 2050//2050 1837//1837
f 1837//1837 2050//2050 2051//2051
f 1837//1837 2051//2051 1835//1835
f 1835//1835 2051//2051 2052//2052
f 1835//1835 2052//2052 1833//1833
f 1833//1833 2052//2052 2053//2053
f 1833//1833 2053//2053 1847//1847
f 1847//1847 2053//2053 2054//2054
f 1847//1847 2054//2054 1805//1805
f 1805//1805 2054//2054 2055//2055
f 1805//1805 2055//2055 1803//1803
f 1803//1803 2055//2055 2056//2056
f 1803//1803 2056//2056 1801//1801
f 1801//1801 2056//2056 2057//2057
f 1801//1801 2057//2057 1808//1808
f 1808//1808 2057//2057 2058//2058
f 1808//1808 2058//2058 1806//1806
f 1806//1806 2058//2058 2059//2059
f 1806//1806 2059//2059 1854//1854
f 1854//1854 2059//2059 2060//2060
f 1854//1854 2060//2060 1852//1852
f 1852//1852 2060//2060 2061//2061
f 1852//1852 2061//2061 1850//1850
f 1850//1850 2061//2061 2062//2062
f 1850//1850 2062//2062 1859//1859
f 1859//1859 2062//2062 2063//2063
f 1859//1859 2063//2063 1844//1844
f 1844//1844 2063//2063 2064//2064
f 1844//1844 2064//2064 1842//1842
f 1842//1842 2064//2064 2065//2065
f 1842//1842 2065//2065 1840//1840
f 1840//1840 2065//2065 2066//2066
f 1840//1840 2066//2066 1866//1866
f 1866//1866 2066//2066 2067//2067
f 1866//1866 2067//2067 1864//1864
f 1864//1864 2067//2067 2068//2068
f 1864//1864 2068//2068 1796//1796
f 1796//1796 2068//2068 2069//2069
f 1796//1796 2069//2069 1794//1794
f 1794//1794 2069//2069 2070//2070
f 1794//1794 2070//2070 1789//1789
f 1789//1789 2070//2070 2071//2071
f 1789//1789 2071//2071 2033//2033
f 2033//2033 2071//2071 2031//2031
f 2032//2032 2031//2031 2072//2072
f 2072//2072 2031//2031 2071//2071
f 2072//2072 2071//2071 2073//2073
f 2073//2073 2071//2071 2070//2070
f 2073//2073 2070//2070 2074//2074
f 2074//2074 2070//2070 2069//2069
f 2074//2074 2069//2069 2075//2075
f 2075//2075 2069//2069 2068//2068
f 2075//2075 2068//2068 2076//2076
f 2076//2076 2068//2068 2067//2067
f 2076//2076 2067//2067 2077//2077
f 2077//2077 2067//2067 2066//2066
f 2077//2077 2066//2066 2078//2078
f 2078//2078 2066//2066 2065//2065
f 2078//2078 2065//2065 2079//2079
f 2079//2079 2065//2065 2064//2064
f 2079//2079 2064//2064 2080//2080
f 2080//2080 2064//2064 2063//2063
f 2080//2080 2063//2063 2081//2081
f 2081//2081 2063//2063 2062//2062
f 2081//2081 2062//2062 2082//2082
f 2082//2082 2062//2062 2061//2061
f 2082//2082 2061//2061 2083//2083
f 2083//2083 2061//2061 2060//2060
f 2083//2083 2060//2060 2084//2084
f 2084//2084 2060//2060 2059//2059
f 2084//2084 2059//2059 2085//2085
f 2085//2085 2059//2059 2058//2058
f 2085//2085 2058//2058 2086//2086
f 2086//2086 2058//2058 2057//2057
f 2086//2086 2057//2057 2087//2087
f 2087//2087 2057//2057 2056//2056
f 2087//2087 2056//2056 2088//2088
f 2088//2088 2056//2056 2055//2055
f 2088//2088 2055//2055 2089//2089
f 2089//2089 2055//2055 2054//2054
f 2089//2089 2054//2054 2090//2090
f 2090//2090 2054//2054 2053//2053
f 2090//2090 2053//2053 2091//2091
f 2091//2091 2053//2053 2052//2052
f 2091//2091 2052//2052 2092//2092
f 2092//2092 2052//2052 2051//2051
f 2092//2092 2051//2051 2093//2093
f 2093//2093 2051//2051 2050//2050
f 2093//2093 2050//2050 2094//2094
f 2094//2094 2050//2050 2049//2049
f 2094//2094 2049//2049 2095//2095
f 2095//2095 2049//2049 2048//2048
f 2095//2095 2048//2048 2096//2096
f 2096//2096 2048//2048 2047//2047
f 2096//2096 2047//2047 2097//2097
f 2097//2097 2047//2047 2046//2046
f 2097//2097 2046//2046 2098//2098
f 2098//2098 2046//2046 2045//2045
f 2098//2098 2045//2045 2099//2099
f 2099//2099 2045//2045 2044//2044
f 2099//2099 2044//2044 2100//2100
f 2100//2100 2044//2044 2043//2043
f 2100//2100 2043//2043 2101//2101
f 2101//2101 2043//2043 2042//2042
f 2101//2101 2042//2042 2102//2102
f 2102//2102 2042//2042 2041//2041
f 2102//2102 2041//2041 2103//2103
f 2103//2103 2041//2041 2040//2040
f 2034//2034 2032//2032 2104//2104
f 2104//2104 2032//2032 2072//2072
f 2104//2104 2072//2072 2105//2105
f 2103//2103 2106//2106 2102//2102
f 2102//2102 2106//2106 2107//2107
f 2107//2107 2108//2108 2102//2102
f 2102//2102 2108//2108 2109//2109
f 2102//2102 2109//2109 2101//2101
f 2109//2109 2110//2110 2101//2101
f 2101//2101 2110//2110 2111//2111
f 2101//2101 2111//2111 2100//2100
f 2111//2111 2112//2112 2100//2100
f 2100//2100 2112//2112 2113//2113
f 2100//2100 2113//2113 2099//2099
f 2099//2099 2113//2113 2114//2114
f 2114//2114 2115//2115 2099//2099
f 2099//2099 2115//2115 2116//2116
f 2099//2099 2116//2116 2098//2098
f 2116//2116 2117//2117 2098//2098
f 2098//2098 2117//2117 2118//2118
f 2098//2098 2118//2118 2097//2097
f 2097//2097 2118//2118 2119//2119
f 2119//2119 2120//2120 2097//2097
f 2097//2097 2120//2120 2121//2121
f 2097//2097 2121//2121 2096//2096
f 2121//2121 2122//2122 2096//2096
f 2096//2096 2122//2122 2123//2123
f 2096//2096 2123//2123 2095//2095
f 2123//2123 2124//2124 2095//2095
f 2095//2095 2124//2124 2125//2125
f 2095//2095 2125//2125 2094//2094
f 2094//2094 2125//2125 2126//2126
f 2126//2126 2127//2127 2094//2094
f 2094//2094 2127//2127 2128//2128
f 2094//2094 2128//2128 2093//2093
f 2128//2128 2129//2129 2093//2093
f 2093//2093 2129//2129 2130//2130
f 2093//2093 2130//2130 2092//2092
f 2092//2092 2130//2130 2131//2131
f 2131//2131 2132//2132 2092//2092
f 2092//2092 2132//2132 2133//2133
f 2092//2092 2133//2133 2091//2091
f 2133//2133 2134//2134 2091//2091
f 2091//2091 2134//2134 2135//2135
f 2091//2091 2135//2135 2090//2090
f 2135//2135 2136//2136 2090//2090
f 2090//2090 2136//2136 2137//2137
f 2090//2090 2137//2137 2089//2089
f 2089//2089 2137//2137 2138//2138
f 2138//2138 2139//2139 2089//2089
f 2089//2089 2139//2139 2140//2140
f 2089//2089 2140//2140 2088//2088
f 2140//2140 2141//2141 2088//2088
f 2088//2088 2141//2141 2142//2142
f 2088//2088 2142//2142 2087//2087
f 2087//2087 2142//2142 2143//2143
f 2143//2143 2144//2144 2087//2087
f 2087//2087 2144//2144 2145//2145
f 2087//2087 2145//2145 2086//2086
f 2145//2145 2146//2146 2086//2086
f 2086//2086 2146//2146 2147//2147
f 2086//2086 2147//2147 2085//2085
f 2085//2085 2147//2147 2148//2148
f 2148//2148 2149//2149 2085//2085
f 2085//2085 2149//2149 2150//2150
f 2085//2085 2150//2150 2084//2084
f 2150//2150 2151//2151 2084//2084
f 2084//2084 2151//2151 2152//2152
f 2084//2084 2152//2152 2083//2083
f 2152//2152 2153//2153 2083//2083
f 2083//2083 2153//2153 2154//2154
f 2083//2083 2154//2154 2082//2082
f 2082//2082 2154//2154 2155//2155
f 2155//2155 2156//2156 2082//2082
f 2082//2082 2156//2156 2157//2157
f 2082//2082 2157//2157 2081//2081
f 2157//2157 2158//2158 2081//2081
f 2081//2081 2158//2158 2159//2159
f 2081//2081 2159//2159 2080//2080
f 2080//2080 2159//2159 2160//2160
f 2160//2160 2161//2161 2080//2080
f 2080//2080 2161//2161 2162//2162
f 2080//2080 2162//2162 2079//2079
f 2162//2162 2163//2163 2079//2079
f 2079//2079 2163//2163 2164//2164
f 2079//2079 2164//2164 2078//2078
f 2164//2164 2165//2165 2078//2078
f 2078//2078 2165//2165 2166//2166
f 2078//2078 2166//2166 2077//2077
f 2077//2077 2166//2166 2167//2167
f 2167//2167 2168//2168 2077//2077
f 2077//2077 2168//2168 2169//2169
f 2077//2077 2169//2169 2076//2076
f 2169//2169 2170//2170 2076//2076
f 2076//2076 2170//2170 2171//2171
f 2076//2076 2171//2171 2075//2075
f 2075//2075 2171//2171 2172//2172
f 2172//2172 2173//2173 2075//2075
f 2075//2075 2173//2173 2174//2174
f 2075//2075 2174//2174 2074//2074
f 2174//2174 2175//2175 2074//2074
f 2074//2074 2175//2175 2176//2176
f 2074//2074 2176//2176 2073//2073
f 2176//2176 2177//2177 2073//2073
f 2073//2073 2177//2177 2178//2178
f 2073//2073 2178//2178 2072//2072
f 2072//2072 2178//2178 2179//2179
f 2072//2072 2179//2179 2105//2105
f 2180//2180 2181//2181 2182//2182
f 2183//2183 2184//2184 2185//2185
f 2186//2186 2187//2187 2188//2188
f 2189//2189 2190//2190 2191//2191
f 2192//2192 2193//2193 2194//2194
f 2195//2195 2196//2196 2197//2197
f 2198//2198 2199//2199 2200//2200
f 2201//2201 2202//2202 2203//2203
f 2204//2204 2205//2205 2206//2206
f 2207//2207 2208//2208 2209//2209
f 2210//2210 2211//2211 2212//2212
f 2213//2213 2214//2214 2215//2215
f 2216//2216 2217//2217 2218//2218
f 2219//2219 2220//2220 2221//2221
f 2222//2222 2223//2223 2224//2224
f 2225//2225 2226//2226 2227//2227
f 2228//2228 2229//2229 2230//2230
f 2231//2231 2232//2232 2233//2233
f 2234//2234 2235//2235 2236//2236
f 2237//2237 2238//2238 2239//2239
f 2175//2175 2174//2174 2185//2185
f 2170//2170 2169//2169 2194//2194
f 2168//2168 2167//2167 2197//2197
f 2163//2163 2162//2162 2206//2206
f 2158//2158 2157//2157 2215//2215
f 2156//2156 2155//2155 2218//2218
f 2151//2151 2150//2150 2227//2227
f 2146//2146 2145//2145 2236//2236
f 2144//2144 2143//2143 2239//2239
f 2240//2240 2037//2037 2034//2034
f 2038//2038 2037//2037 2241//2241
f 2241//2241 2037//2037 2240//2240
f 2241//2241 2240//2240 2242//2242
f 2243//2243 2244//2244 2245//2245
f 2245//2245 2246//2246 2243//2243
f 2243//2243 2246//2246 2247//2247
f 2243//2243 2247//2247 2240//2240
f 2240//2240 2247//2247 2248//2248
f 2240//2240 2248//2248 2242//2242
f 2249//2249 2250//2250 2251//2251
f 2251//2251 2250//2250 2252//2252
f 2252//2252 2250//2250 2253//2253
f 2252//2252 2253//2253 2254//2254
f 2255//2255 2256//2256 2257//2257
f 2257//2257 2256//2256 2252//2252
f 2257//2257 2252//2252 2258//2258
f 2258//2258 2252//2252 2254//2254
f 2249//2249 2251//2251 2259//2259
f 2259//2259 2251//2251 2260//2260
f 2259//2259 2260//2260 2261//2261
f 2106//2106 2260//2260 2107//2107
f 2107//2107 2260//2260 2251//2251
f 2107//2107 2251//2251 2108//2108
f 2108//2108 2251//2251 2252//2252
f 2112//2112 2111//2111 2262//2262
f 2262//2262 2111//2111 2110//2110
f 2262//2262 2110//2110 2252//2252
f 2252//2252 2110//2110 2109//2109
f 2252//2252 2109//2109 2108//2108
f 2115//2115 2114//2114 2263//2263
f 2263//2263 2114//2114 2113//2113
f 2263//2263 2113//2113 2264//2264
f 2116//2116 2265//2265 2117//2117
f 2117//2117 2265//2265 2266//2266
f 2117//2117 2266//2266 2118//2118
f 2119//2119 2267//2267 2120//2120
f 2120//2120 2267//2267 2268//2268
f 2120//2120 2268//2268 2121//2121
f 2121//2121 2268//2268 2122//2122
f 2123//2123 2269//2269 2124//2124
f 2124//2124 2269//2269 2270//2270
f 2124//2124 2270//2270 2125//2125
f 2126//2126 2271//2271 2127//2127
f 2127//2127 2271//2271 2272//2272
f 2127//2127 2272//2272 2128//2128
f 2128//2128 2272//2272 2129//2129
f 2132//2132 2131//2131 2273//2273
f 2273//2273 2131//2131 2130//2130
f 2273//2273 2130//2130 2274//2274
f 2133//2133 2275//2275 2134//2134
f 2134//2134 2275//2275 2276//2276
f 2134//2134 2276//2276 2135//2135
f 2135//2135 2276//2276 2136//2136
f 2139//2139 2138//2138 2277//2277
f 2277//2277 2138//2138 2137//2137
f 2277//2277 2137//2137 2278//2278
f 2140//2140 2279//2279 2141//2141
f 2141//2141 2279//2279 2280//2280
f 2141//2141 2280//2280 2142//2142
f 2148//2148 2147//2147 2233//2233
f 2153//2153 2152//2152 2224//2224
f 2160//2160 2159//2159 2212//2212
f 2165//2165 2164//2164 2203//2203
f 2172//2172 2171//2171 2191//2191
f 2177//2177 2176//2176 2182//2182
f 2178//2178 2281//2281 2243//2243
f 2034//2034 2104//2104 2240//2240
f 2240//2240 2104//2104 2105//2105
f 2240//2240 2105//2105 2243//2243
f 2243//2243 2105//2105 2179//2179
f 2243//2243 2179//2179 2178//2178
f 2282//2282 2262//2262 2283//2283
f 2283//2283 2262//2262 2252//2252
f 2283//2283 2252//2252 2284//2284
f 2284//2284 2252//2252 2256//2256
f 2282//2282 2285//2285 2262//2262
f 2262//2262 2285//2285 2264//2264
f 2262//2262 2264//2264 2112//2112
f 2112//2112 2264//2264 2113//2113
f 2286//2286 2263//2263 2287//2287
f 2287//2287 2263//2263 2264//2264
f 2287//2287 2264//2264 2288//2288
f 2288//2288 2264//2264 2285//2285
f 2286//2286 2289//2289 2263//2263
f 2263//2263 2289//2289 2265//2265
f 2263//2263 2265//2265 2115//2115
f 2115//2115 2265//2265 2116//2116
f 2290//2290 2266//2266 2291//2291
f 2291//2291 2266//2266 2265//2265
f 2291//2291 2265//2265 2292//2292
f 2292//2292 2265//2265 2289//2289
f 2290//2290 2293//2293 2266//2266
f 2266//2266 2293//2293 2267//2267
f 2266//2266 2267//2267 2118//2118
f 2118//2118 2267//2267 2119//2119
f 2294//2294 2268//2268 2295//2295
f 2295//2295 2268//2268 2267//2267
f 2295//2295 2267//2267 2296//2296
f 2296//2296 2267//2267 2293//2293
f 2294//2294 2297//2297 2268//2268
f 2268//2268 2297//2297 2269//2269
f 2268//2268 2269//2269 2122//2122
f 2122//2122 2269//2269 2123//2123
f 2298//2298 2270//2270 2299//2299
f 2299//2299 2270//2270 2269//2269
f 2299//2299 2269//2269 2300//2300
f 2300//2300 2269//2269 2297//2297
f 2298//2298 2301//2301 2270//2270
f 2270//2270 2301//2301 2271//2271
f 2270//2270 2271//2271 2125//2125
f 2125//2125 2271//2271 2126//2126
f 2302//2302 2272//2272 2303//2303
f 2303//2303 2272//2272 2271//2271
f 2303//2303 2271//2271 2304//2304
f 2304//2304 2271//2271 2301//2301
f 2302//2302 2305//2305 2272//2272
f 2272//2272 2305//2305 2274//2274
f 2272//2272 2274//2274 2129//2129
f 2129//2129 2274//2274 2130//2130
f 2306//2306 2273//2273 2307//2307
f 2307//2307 2273//2273 2274//2274
f 2307//2307 2274//2274 2308//2308
f 2308//2308 2274//2274 2305//2305
f 2306//2306 2309//2309 2273//2273
f 2273//2273 2309//2309 2275//2275
f 2273//2273 2275//2275 2132//2132
f 2132//2132 2275//2275 2133//2133
f 2310//2310 2276//2276 2311//2311
f 2311//2311 2276//2276 2275//2275
f 2311//2311 2275//2275 2312//2312
f 2312//2312 2275//2275 2309//2309
f 2310//2310 2313//2313 2276//2276
f 2276//2276 2313//2313 2278//2278
f 2276//2276 2278//2278 2136//2136
f 2136//2136 2278//2278 2137//2137
f 2314//2314 2277//2277 2315//2315
f 2315//2315 2277//2277 2278//2278
f 2315//2315 2278//2278 2316//2316
f 2316//2316 2278//2278 2313//2313
f 2314//2314 2317//2317 2277//2277
f 2277//2277 2317//2317 2279//2279
f 2277//2277 2279//2279 2139//2139
f 2139//2139 2279//2279 2140//2140
f 2318//2318 2280//2280 2319//2319
f 2319//2319 2280//2280 2279//2279
f 2319//2319 2279//2279 2320//2320
f 2320//2320 2279//2279 2317//2317
f 2318//2318 2237//2237 2280//2280
f 2280//2280 2237//2237 2239//2239
f 2280//2280 2239//2239 2142//2142
f 2142//2142 2239//2239 2143//2143
f 2238//2238 2234//2234 2239//2239
f 2239//2239 2234//2234 2236//2236
f 2239//2239 2236//2236 2144//2144
f 2144//2144 2236//2236 2145//2145
f 2235//2235 2231//2231 2236//2236
f 2236//2236 2231//2231 2233//2233
f 2236//2236 2233//2233 2146//2146
f 2146//2146 2233//2233 2147//2147
f 2232//2232 2228//2228 2233//2233
f 2233//2233 2228//2228 2230//2230
f 2233//2233 2230//2230 2148//2148
f 2148//2148 2230//2230 2149//2149
f 2229//2229 2225//2225 2230//2230
f 2230//2230 2225//2225 2227//2227
f 2230//2230 2227//2227 2149//2149
f 2149//2149 2227//2227 2150//2150
f 2226//2226 2222//2222 2227//2227
f 2227//2227 2222//2222 2224//2224
f 2227//2227 2224//2224 2151//2151
f 2151//2151 2224//2224 2152//2152
f 2223//2223 2219//2219 2224//2224
f 2224//2224 2219//2219 2221//2221
f 2224//2224 2221//2221 2153//2153
f 2153//2153 2221//2221 2154//2154
f 2220//2220 2216//2216 2221//2221
f 2221//2221 2216//2216 2218//2218
f 2221//2221 2218//2218 2154//2154
f 2154//2154 2218//2218 2155//2155
f 2217//2217 2213//2213 2218//2218
f 2218//2218 2213//2213 2215//2215
f 2218//2218 2215//2215 2156//2156
f 2156//2156 2215//2215 2157//2157
f 2214//2214 2210//2210 2215//2215
f 2215//2215 2210//2210 2212//2212
f 2215//2215 2212//2212 2158//2158
f 2158//2158 2212//2212 2159//2159
f 2211//2211 2207//2207 2212//2212
f 2212//2212 2207//2207 2209//2209
f 2212//2212 2209//2209 2160//2160
f 2160//2160 2209//2209 2161//2161
f 2208//2208 2204//2204 2209//2209
f 2209//2209 2204//2204 2206//2206
f 2209//2209 2206//2206 2161//2161
f 2161//2161 2206//2206 2162//2162
f 2205//2205 2201//2201 2206//2206
f 2206//2206 2201//2201 2203//2203
f 2206//2206 2203//2203 2163//2163
f 2163//2163 2203//2203 2164//2164
f 2202//2202 2198//2198 2203//2203
f 2203//2203 2198//2198 2200//2200
f 2203//2203 2200//2200 2165//2165
f 2165//2165 2200//2200 2166//2166
f 2199//2199 2195//2195 2200//2200
f 2200//2200 2195//2195 2197//2197
f 2200//2200 2197//2197 2166//2166
f 2166//2166 2197//2197 2167//2167
f 2196//2196 2192//2192 2197//2197
f 2197//2197 2192//2192 2194//2194
f 2197//2197 2194//2194 2168//2168
f 2168//2168 2194//2194 2169//2169
f 2193//2193 2189//2189 2194//2194
f 2194//2194 2189//2189 2191//2191
f 2194//2194 2191//2191 2170//2170
f 2170//2170 2191//2191 2171//2171
f 2190//2190 2186//2186 2191//2191
f 2191//2191 2186//2186 2188//2188
f 2191//2191 2188//2188 2172//2172
f 2172//2172 2188//2188 2173//2173
f 2187//2187 2183//2183 2188//2188
f 2188//2188 2183//2183 2185//2185
f 2188//2188 2185//2185 2173//2173
f 2173//2173 2185//2185 2174//2174
f 2184//2184 2180//2180 2185//2185
f 2185//2185 2180//2180 2182//2182
f 2185//2185 2182//2182 2175//2175
f 2175//2175 2182//2182 2176//2176
f 2181//2181 2321//2321 2182//2182
f 2182//2182 2321//2321 2281//2281
f 2182//2182 2281//2281 2177//2177
f 2177//2177 2281//2281 2178//2178
f 2321//2321 2322//2322 2281//2281
f 2281//2281 2322//2322 2323//2323
f 2281//2281 2323//2323 2243//2243
f 2243//2243 2323//2323 2324//2324
f 2243//2243 2324//2324 2244//2244
f 2244//2244 2324//2324 2325//2325
f 2244//2244 2325//2325 2326//2326
f 2103//2103 2040//2040 2106//2106
f 2106//2106 2040//2040 2039//2039
f 2106//2106 2039//2039 1798//1798
f 1737//1737 1739//1739 1870//1870
f 1870//1870 1739//1739 2327//2327
f 1870//1870 2327//2327 1871//1871
f 1797//1797 1869//1869 1798//1798
f 1798//1798 1869//1869 1871//1871
f 2327//2327 2328//2328 1871//1871
f 1871//1871 2328//2328 2329//2329
f 1871//1871 2329//2329 1798//1798
f 1798//1798 2329//2329 2260//2260
f 1798//1798 2260//2260 2106//2106
f 2330//2330 2331//2331 2329//2329
f 2329//2329 2331//2331 2261//2261
f 2329//2329 2261//2261 2260//2260
f 2329//2329 1721//1721 2330//2330
f 2330//2330 1721//1721 1729//1729
f 2330//2330 1729//1729 1730//1730
f 2332//2332 2333//2333 2334//2334
f 1730//1730 1728//1728 1727//1727
f 2335//2335 2331//2331 2334//2334
f 2334//2334 2331//2331 2330//2330
f 2334//2334 2330//2330 2332//2332
f 2332//2332 2330//2330 1730//1730
f 1730//1730 1727//1727 2332//2332
f 2332//2332 1727//1727 1731//1731
f 2332//2332 1731//1731 1732//1732
f 1732//1732 1733//1733 2332//2332
f 2332//2332 1733//1733 1734//1734
f 2332//2332 1734//1734 2336//2336
f 2337//2337 2338//2338 2339//2339
f 2340//2340 2341//2341 2342//2342
f 2342//2342 2341//2341 2343//2343
f 2342//2342 2343//2343 2339//2339
f 2339//2339 2343//2343 2344//2344
f 2339//2339 2344//2344 2337//2337
f 2340//2340 2342//2342 2345//2345
f 2345//2345 2342//2342 2346//2346
f 2345//2345 2346//2346 2347//2347
f 2342//2342 2348//2348 2346//2346
f 2346//2346 2348//2348 2349//2349
f 2346//2346 2349//2349 2350//2350
f 2350//2350 2349//2349 2351//2351
f 2350//2350 2351//2351 2352//2352
f 2336//2336 2339//2339 2332//2332
f 2332//2332 2339//2339 2338//2338
f 2332//2332 2338//2338 2333//2333
f 2336//2336 2353//2353 2339//2339
f 2339//2339 2353//2353 2354//2354
f 2339//2339 2354//2354 2342//2342
f 2342//2342 2354//2354 2355//2355
f 2342//2342 2355//2355 2348//2348
f 2356//2356 2357//2357 2358//2358
f 2359//2359 2356//2356 2360//2360
f 2361//2361 2359//2359 2362//2362
f 2356//2356 2358//2358 2360//2360
f 2360//2360 2358//2358 2363//2363
f 2360//2360 2363//2363 2364//2364
f 2364//2364 2363//2363 2365//2365
f 2364//2364 2365//2365 2366//2366
f 2365//2365 2367//2367 2366//2366
f 2366//2366 2367//2367 2368//2368
f 2366//2366 2368//2368 2369//2369
f 2369//2369 2368//2368 2370//2370
f 2369//2369 2370//2370 2371//2371
f 2371//2371 2370//2370 2372//2372
f 2371//2371 2372//2372 2373//2373
f 2373//2373 2372//2372 2374//2374
f 2373//2373 2374//2374 2375//2375
f 2374//2374 2376//2376 2375//2375
f 2375//2375 2376//2376 2377//2377
f 2375//2375 2377//2377 2378//2378
f 2378//2378 2377//2377 2379//2379
f 2378//2378 2379//2379 2380//2380
f 2359//2359 2360//2360 2362//2362
f 2362//2362 2360//2360 2364//2364
f 2362//2362 2364//2364 2381//2381
f 2381//2381 2364//2364 2366//2366
f 2381//2381 2366//2366 2382//2382
f 2382//2382 2366//2366 2369//2369
f 2382//2382 2369//2369 2383//2383
f 2383//2383 2369//2369 2371//2371
f 2383//2383 2371//2371 2384//2384
f 2384//2384 2371//2371 2373//2373
f 2384//2384 2373//2373 2385//2385
f 2385//2385 2373//2373 2375//2375
f 2385//2385 2375//2375 2386//2386
f 2386//2386 2375//2375 2378//2378
f 2386//2386 2378//2378 2387//2387
f 2387//2387 2378//2378 2380//2380
f 2387//2387 2380//2380 2388//2388
f 2361//2361 2362//2362 2389//2389
f 2389//2389 2362//2362 2381//2381
f 2389//2389 2381//2381 2390//2390
f 2390//2390 2381//2381 2382//2382
f 2390//2390 2382//2382 2391//2391
f 2391//2391 2382//2382 2383//2383
f 2391//2391 2383//2383 2392//2392
f 2392//2392 2383//2383 2384//2384
f 2392//2392 2384//2384 2393//2393
f 2393//2393 2384//2384 2385//2385
f 2393//2393 2385//2385 2394//2394
f 2394//2394 2385//2385 2386//2386
f 2394//2394 2386//2386 2395//2395
f 2395//2395 2386//2386 2387//2387
f 2395//2395 2387//2387 2396//2396
f 2396//2396 2387//2387 2388//2388
f 2396//2396 2388//2388 2397//2397
f 2359//2359 2361//2361 2398//2398
f 2359//2359 2398//2398 2399//2399
f 2398//2398 2400//2400 2399//2399
f 2399//2399 2400//2400 2401//2401
f 2399//2399 2401//2401 2402//2402
f 2402//2402 2401//2401 2403//2403
f 2402//2402 2403//2403 2404//2404
f 2403//2403 2405//2405 2404//2404
f 2404//2404 2405//2405 2406//2406
f 2404//2404 2406//2406 2407//2407
f 2406//2406 2408//2408 2407//2407
f 2407//2407 2408//2408 2409//2409
f 2407//2407 2409//2409 2410//2410
f 2410//2410 2409//2409 2411//2411
f 2410//2410 2411//2411 2412//2412
f 2410//2410 2413//2413 2407//2407
f 2407//2407 2413//2413 2414//2414
f 2407//2407 2414//2414 2404//2404
f 2404//2404 2414//2414 2415//2415
f 2404//2404 2415//2415 2402//2402
f 2402//2402 2415//2415 2416//2416
f 2402//2402 2416//2416 2399//2399
f 2399//2399 2416//2416 2417//2417
f 2399//2399 2417//2417 2359//2359
f 2359//2359 2417//2417 2356//2356
f 2413//2413 2418//2418 2414//2414
f 2414//2414 2418//2418 2419//2419
f 2414//2414 2419//2419 2415//2415
f 2415//2415 2419//2419 2420//2420
f 2415//2415 2420//2420 2416//2416
f 2416//2416 2420//2420 2421//2421
f 2416//2416 2421//2421 2417//2417
f 2417//2417 2421//2421 2422//2422
f 2417//2417 2422//2422 2356//2356
f 2356//2356 2422//2422 2357//2357
f 2423//2423 2424//2424 2425//2425
f 2426//2426 2423//2423 2427//2427
f 2428//2428 2426//2426 2429//2429
f 2423//2423 2425//2425 2427//2427
f 2427//2427 2425//2425 2430//2430
f 2427//2427 2430//2430 2431//2431
f 2431//2431 2430//2430 2432//2432
f 2431//2431 2432//2432 2433//2433
f 2433//2433 2432//2432 2434//2434
f 2433//2433 2434//2434 2435//2435
f 2434//2434 2436//2436 2435//2435
f 2435//2435 2436//2436 2437//2437
f 2435//2435 2437//2437 2438//2438
f 2438//2438 2437//2437 2439//2439
f 2438//2438 2439//2439 2440//2440
f 2440//2440 2439//2439 2441//2441
f 2440//2440 2441//2441 2442//2442
f 2441//2441 2443//2443 2442//2442
f 2442//2442 2443//2443 2444//2444
f 2442//2442 2444//2444 2445//2445
f 2445//2445 2444//2444 2418//2418
f 2445//2445 2418//2418 2413//2413
f 2426//2426 2427//2427 2429//2429
f 2429//2429 2427//2427 2431//2431
f 2429//2429 2431//2431 2446//2446
f 2446//2446 2431//2431 2433//2433
f 2446//2446 2433//2433 2447//2447
f 2447//2447 2433//2433 2435//2435
f 2447//2447 2435//2435 2448//2448
f 2448//2448 2435//2435 2438//2438
f 2448//2448 2438//2438 2449//2449
f 2449//2449 2438//2438 2440//2440
f 2449//2449 2440//2440 2450//2450
f 2450//2450 2440//2440 2442//2442
f 2450//2450 2442//2442 2451//2451
f 2451//2451 2442//2442 2445//2445
f 2451//2451 2445//2445 2452//2452
f 2452//2452 2445//2445 2413//2413
f 2452//2452 2413//2413 2410//2410
f 2428//2428 2429//2429 2453//2453
f 2453//2453 2429//2429 2446//2446
f 2453//2453 2446//2446 2454//2454
f 2454//2454 2446//2446 2447//2447
f 2454//2454 2447//2447 2455//2455
f 2455//2455 2447//2447 2448//2448
f 2455//2455 2448//2448 2456//2456
f 2456//2456 2448//2448 2449//2449
f 2456//2456 2449//2449 2457//2457
f 2457//2457 2449//2449 2450//2450
f 2457//2457 2450//2450 2458//2458
f 2458//2458 2450//2450 2451//2451
f 2458//2458 2451//2451 2459//2459
f 2459//2459 2451//2451 2452//2452
f 2459//2459 2452//2452 2460//2460
f 2460//2460 2452//2452 2410//2410
f 2460//2460 2410//2410 2412//2412
f 2461//2461 2424//2424 2423//2423
f 2350//2350 2352//2352 2462//2462
f 2463//2463 2464//2464 2350//2350
f 2465//2465 2466//2466 2463//2463
f 2350//2350 2462//2462 2463//2463
f 2463//2463 2462//2462 2467//2467
f 2463//2463 2467//2467 2465//2465
f 2468//2468 2469//2469 2470//2470
f 2470//2470 2469//2469 2471//2471
f 2470//2470 2471//2471 2472//2472
f 2467//2467 2473//2473 2465//2465
f 2465//2465 2473//2473 2474//2474
f 2465//2465 2474//2474 2470//2470
f 2470//2470 2474//2474 2475//2475
f 2470//2470 2475//2475 2468//2468
f 2428//2428 2466//2466 2426//2426
f 2426//2426 2466//2466 2465//2465
f 2426//2426 2465//2465 2423//2423
f 2423//2423 2465//2465 2470//2470
f 2423//2423 2470//2470 2461//2461
f 2461//2461 2470//2470 2472//2472
f 183//183 191//191 2476//2476
f 185//185 184//184 2477//2477
f 177//177 186//186 2478//2478
f 179//179 178//178 2479//2479
f 171//171 180//180 2480//2480
f 173//173 172//172 2481//2481
f 168//168 174//174 2482//2482
f 123//123 124//124 2483//2483
f 120//120 121//121 2484//2484
f 116//116 118//118 2485//2485
f 61//61 60//60 2486//2486
f 114//114 113//113 2487//2487
f 108//108 115//115 2488//2488
f 110//110 109//109 2489//2489
f 102//102 111//111 2490//2490
f 104//104 103//103 2491//2491
f 99//99 105//105 2492//2492
f 2493//2493 2494//2494 2495//2495
f 2496//2496 2497//2497 2498//2498
f 2499//2499 2500//2500 2501//2501
f 2502//2502 2503//2503 2504//2504
f 2505//2505 2506//2506 2507//2507
f 2508//2508 2509//2509 2510//2510
f 2511//2511 2512//2512 2513//2513
f 2326//2326 2325//2325 2495//2495
f 2324//2324 2323//2323 2514//2514
f 2322//2322 2321//2321 2515//2515
f 2181//2181 2180//2180 2516//2516
f 2184//2184 2183//2183 2517//2517
f 2187//2187 2186//2186 2518//2518
f 2190//2190 2189//2189 2519//2519
f 2193//2193 2192//2192 2520//2520
f 2202//2202 2201//2201 2498//2498
f 2214//2214 2213//2213 2521//2521
f 2217//2217 2216//2216 2522//2522
f 2223//2223 2222//2222 2523//2523
f 2226//2226 2225//2225 2524//2524
f 2318//2318 2319//2319 2525//2525
f 2320//2320 2317//2317 2526//2526
f 2314//2314 2315//2315 2527//2527
f 2316//2316 2313//2313 2528//2528
f 2310//2310 2311//2311 2529//2529
f 2312//2312 2309//2309 2530//2530
f 2306//2306 2307//2307 2531//2531
f 2308//2308 2305//2305 2532//2532
f 2302//2302 2303//2303 2533//2533
f 2304//2304 2301//2301 2534//2534
f 2294//2294 2295//2295 2507//2507
f 2292//2292 2289//2289 2510//2510
f 2282//2282 2283//2283 2513//2513
f 2284//2284 2256//2256 2535//2535
f 2255//2255 2536//2536 2537//2537
f 2361//2361 2389//2389 2538//2538
f 2389//2389 2390//2390 2538//2538
f 2538//2538 2390//2390 2391//2391
f 2538//2538 2391//2391 2392//2392
f 2392//2392 2393//2393 2538//2538
f 2538//2538 2393//2393 2394//2394
f 2538//2538 2394//2394 2395//2395
f 2395//2395 2396//2396 2538//2538
f 2538//2538 2396//2396 2397//2397
f 2538//2538 2397//2397 2539//2539
f 2539//2539 2397//2397 2540//2540
f 2539//2539 2540//2540 2541//2541
f 2398//2398 2542//2542 2400//2400
f 2400//2400 2542//2542 2543//2543
f 2400//2400 2543//2543 2401//2401
f 2401//2401 2543//2543 2403//2403
f 2403//2403 2543//2543 2544//2544
f 2403//2403 2544//2544 2405//2405
f 2405//2405 2544//2544 2406//2406
f 2406//2406 2544//2544 2545//2545
f 2406//2406 2545//2545 2408//2408
f 2453//2453 2454//2454 2546//2546
f 2546//2546 2454//2454 2455//2455
f 2546//2546 2455//2455 2456//2456
f 2537//2537 2466//2466 2428//2428
f 2456//2456 2457//2457 2546//2546
f 2546//2546 2457//2457 2458//2458
f 2546//2546 2458//2458 2459//2459
f 2459//2459 2460//2460 2546//2546
f 2546//2546 2460//2460 2412//2412
f 2546//2546 2412//2412 2547//2547
f 2547//2547 2412//2412 2411//2411
f 2547//2547 2411//2411 2409//2409
f 2466//2466 2537//2537 2463//2463
f 2463//2463 2537//2537 2536//2536
f 2463//2463 2536//2536 2464//2464
f 2548//2548 2285//2285 2282//2282
f 2286//2286 2287//2287 2549//2549
f 2549//2549 2287//2287 2288//2288
f 2550//2550 2291//2291 2292//2292
f 2296//2296 2293//2293 2551//2551
f 2551//2551 2293//2293 2290//2290
f 2552//2552 2297//2297 2294//2294
f 2298//2298 2299//2299 2553//2553
f 2553//2553 2299//2299 2300//2300
f 2554//2554 2555//2555 2231//2231
f 2231//2231 2235//2235 2554//2554
f 2554//2554 2235//2235 2234//2234
f 2554//2554 2234//2234 2556//2556
f 2556//2556 2234//2234 2238//2238
f 2556//2556 2238//2238 2237//2237
f 2225//2225 2229//2229 2557//2557
f 2557//2557 2229//2229 2228//2228
f 2557//2557 2228//2228 2555//2555
f 2555//2555 2228//2228 2232//2232
f 2555//2555 2232//2232 2231//2231
f 2223//2223 2523//2523 2219//2219
f 2216//2216 2220//2220 2504//2504
f 2214//2214 2521//2521 2210//2210
f 2558//2558 2207//2207 2211//2211
f 2205//2205 2204//2204 2559//2559
f 2559//2559 2204//2204 2208//2208
f 2560//2560 2198//2198 2202//2202
f 2196//2196 2195//2195 2561//2561
f 2561//2561 2195//2195 2199//2199
f 2541//2541 2562//2562 2539//2539
f 2539//2539 2562//2562 2563//2563
f 2539//2539 2563//2563 2326//2326
f 2256//2256 2255//2255 2535//2535
f 2535//2535 2255//2255 2537//2537
f 2535//2535 2537//2537 2546//2546
f 2546//2546 2537//2537 2428//2428
f 2546//2546 2428//2428 2453//2453
f 2564//2564 2549//2549 2548//2548
f 2548//2548 2549//2549 2288//2288
f 2548//2548 2288//2288 2285//2285
f 2565//2565 2551//2551 2550//2550
f 2550//2550 2551//2551 2290//2290
f 2550//2550 2290//2290 2291//2291
f 2566//2566 2553//2553 2552//2552
f 2552//2552 2553//2553 2300//2300
f 2552//2552 2300//2300 2297//2297
f 2567//2567 2557//2557 2568//2568
f 2568//2568 2557//2557 2555//2555
f 2568//2568 2555//2555 2569//2569
f 2569//2569 2555//2555 2554//2554
f 2569//2569 2554//2554 2570//2570
f 2570//2570 2554//2554 2556//2556
f 2570//2570 2556//2556 2571//2571
f 2572//2572 2523//2523 2524//2524
f 2524//2524 2523//2523 2222//2222
f 2524//2524 2222//2222 2226//2226
f 2573//2573 2521//2521 2522//2522
f 2522//2522 2521//2521 2213//2213
f 2522//2522 2213//2213 2217//2217
f 2574//2574 2559//2559 2558//2558
f 2558//2558 2559//2559 2208//2208
f 2558//2558 2208//2208 2207//2207
f 2575//2575 2561//2561 2560//2560
f 2560//2560 2561//2561 2199//2199
f 2560//2560 2199//2199 2198//2198
f 64//64 2547//2547 2545//2545
f 2545//2545 2547//2547 2409//2409
f 2545//2545 2409//2409 2408//2408
f 70//70 2546//2546 69//69
f 69//69 2546//2546 2547//2547
f 69//69 2547//2547 67//67
f 67//67 2547//2547 64//64
f 70//70 72//72 2546//2546
f 2546//2546 72//72 2511//2511
f 2546//2546 2511//2511 2535//2535
f 2535//2535 2511//2511 2513//2513
f 2535//2535 2513//2513 2284//2284
f 2284//2284 2513//2513 2283//2283
f 72//72 73//73 2511//2511
f 2511//2511 73//73 75//75
f 2511//2511 75//75 2512//2512
f 2512//2512 75//75 76//76
f 2512//2512 76//76 78//78
f 2282//2282 2513//2513 2548//2548
f 2548//2548 2513//2513 2512//2512
f 2548//2548 2512//2512 2564//2564
f 2564//2564 2512//2512 78//78
f 2564//2564 78//78 79//79
f 79//79 81//81 2564//2564
f 2564//2564 81//81 2508//2508
f 2564//2564 2508//2508 2549//2549
f 2549//2549 2508//2508 2510//2510
f 2549//2549 2510//2510 2286//2286
f 2286//2286 2510//2510 2289//2289
f 81//81 82//82 2508//2508
f 2508//2508 82//82 84//84
f 2508//2508 84//84 2509//2509
f 2509//2509 84//84 85//85
f 2509//2509 85//85 87//87
f 2292//2292 2510//2510 2550//2550
f 2550//2550 2510//2510 2509//2509
f 2550//2550 2509//2509 2565//2565
f 2565//2565 2509//2509 87//87
f 2565//2565 87//87 88//88
f 88//88 90//90 2565//2565
f 2565//2565 90//90 2505//2505
f 2565//2565 2505//2505 2551//2551
f 2551//2551 2505//2505 2507//2507
f 2551//2551 2507//2507 2296//2296
f 2296//2296 2507//2507 2295//2295
f 90//90 91//91 2505//2505
f 2505//2505 91//91 93//93
f 2505//2505 93//93 2506//2506
f 2506//2506 93//93 94//94
f 2506//2506 94//94 96//96
f 2294//2294 2507//2507 2552//2552
f 2552//2552 2507//2507 2506//2506
f 2552//2552 2506//2506 2566//2566
f 2566//2566 2506//2506 96//96
f 2566//2566 96//96 97//97
f 97//97 99//99 2566//2566
f 2566//2566 99//99 2492//2492
f 2566//2566 2492//2492 2553//2553
f 2553//2553 2492//2492 2534//2534
f 2553//2553 2534//2534 2298//2298
f 2298//2298 2534//2534 2301//2301
f 105//105 104//104 2492//2492
f 2492//2492 104//104 2491//2491
f 2492//2492 2491//2491 2534//2534
f 2534//2534 2491//2491 2533//2533
f 2534//2534 2533//2533 2304//2304
f 2304//2304 2533//2533 2303//2303
f 103//103 102//102 2491//2491
f 2491//2491 102//102 2490//2490
f 2491//2491 2490//2490 2533//2533
f 2533//2533 2490//2490 2532//2532
f 2533//2533 2532//2532 2302//2302
f 2302//2302 2532//2532 2305//2305
f 111//111 110//110 2490//2490
f 2490//2490 110//110 2489//2489
f 2490//2490 2489//2489 2532//2532
f 2532//2532 2489//2489 2531//2531
f 2532//2532 2531//2531 2308//2308
f 2308//2308 2531//2531 2307//2307
f 109//109 108//108 2489//2489
f 2489//2489 108//108 2488//2488
f 2489//2489 2488//2488 2531//2531
f 2531//2531 2488//2488 2530//2530
f 2531//2531 2530//2530 2306//2306
f 2306//2306 2530//2530 2309//2309
f 115//115 114//114 2488//2488
f 2488//2488 114//114 2487//2487
f 2488//2488 2487//2487 2530//2530
f 2530//2530 2487//2487 2529//2529
f 2530//2530 2529//2529 2312//2312
f 2312//2312 2529//2529 2311//2311
f 113//113 61//61 2487//2487
f 2487//2487 61//61 2486//2486
f 2487//2487 2486//2486 2529//2529
f 2529//2529 2486//2486 2528//2528
f 2529//2529 2528//2528 2310//2310
f 2310//2310 2528//2528 2313//2313
f 60//60 116//116 2486//2486
f 2486//2486 116//116 2485//2485
f 2486//2486 2485//2485 2528//2528
f 2528//2528 2485//2485 2527//2527
f 2528//2528 2527//2527 2316//2316
f 2316//2316 2527//2527 2315//2315
f 118//118 120//120 2485//2485
f 2485//2485 120//120 2484//2484
f 2485//2485 2484//2484 2527//2527
f 2527//2527 2484//2484 2526//2526
f 2527//2527 2526//2526 2314//2314
f 2314//2314 2526//2526 2317//2317
f 121//121 123//123 2484//2484
f 2484//2484 123//123 2483//2483
f 2484//2484 2483//2483 2526//2526
f 2526//2526 2483//2483 2525//2525
f 2526//2526 2525//2525 2320//2320
f 2320//2320 2525//2525 2319//2319
f 124//124 126//126 2483//2483
f 2483//2483 126//126 2571//2571
f 2483//2483 2571//2571 2525//2525
f 2525//2525 2571//2571 2556//2556
f 2525//2525 2556//2556 2318//2318
f 2318//2318 2556//2556 2237//2237
f 126//126 127//127 2571//2571
f 2571//2571 127//127 129//129
f 2571//2571 129//129 2570//2570
f 2570//2570 129//129 130//130
f 2570//2570 130//130 2569//2569
f 2569//2569 130//130 2576//2576
f 2569//2569 2576//2576 2568//2568
f 2576//2576 133//133 2568//2568
f 2568//2568 133//133 135//135
f 2568//2568 135//135 2567//2567
f 2567//2567 135//135 136//136
f 2567//2567 136//136 138//138
f 2225//2225 2557//2557 2524//2524
f 2524//2524 2557//2557 2567//2567
f 2524//2524 2567//2567 2572//2572
f 2572//2572 2567//2567 138//138
f 2572//2572 138//138 139//139
f 139//139 141//141 2572//2572
f 2572//2572 141//141 2502//2502
f 2572//2572 2502//2502 2523//2523
f 2523//2523 2502//2502 2504//2504
f 2523//2523 2504//2504 2219//2219
f 2219//2219 2504//2504 2220//2220
f 141//141 142//142 2502//2502
f 2502//2502 142//142 144//144
f 2502//2502 144//144 2503//2503
f 2503//2503 144//144 145//145
f 2503//2503 145//145 147//147
f 2216//2216 2504//2504 2522//2522
f 2522//2522 2504//2504 2503//2503
f 2522//2522 2503//2503 2573//2573
f 2573//2573 2503//2503 147//147
f 2573//2573 147//147 148//148
f 148//148 150//150 2573//2573
f 2573//2573 150//150 2499//2499
f 2573//2573 2499//2499 2521//2521
f 2521//2521 2499//2499 2501//2501
f 2521//2521 2501//2501 2210//2210
f 2210//2210 2501//2501 2211//2211
f 150//150 151//151 2499//2499
f 2499//2499 151//151 153//153
f 2499//2499 153//153 2500//2500
f 2500//2500 153//153 154//154
f 2500//2500 154//154 156//156
f 2211//2211 2501//2501 2558//2558
f 2558//2558 2501//2501 2500//2500
f 2558//2558 2500//2500 2574//2574
f 2574//2574 2500//2500 156//156
f 2574//2574 156//156 157//157
f 157//157 159//159 2574//2574
f 2574//2574 159//159 2496//2496
f 2574//2574 2496//2496 2559//2559
f 2559//2559 2496//2496 2498//2498
f 2559//2559 2498//2498 2205//2205
f 2205//2205 2498//2498 2201//2201
f 159//159 160//160 2496//2496
f 2496//2496 160//160 162//162
f 2496//2496 162//162 2497//2497
f 2497//2497 162//162 163//163
f 2497//2497 163//163 165//165
f 2202//2202 2498//2498 2560//2560
f 2560//2560 2498//2498 2497//2497
f 2560//2560 2497//2497 2575//2575
f 2575//2575 2497//2497 165//165
f 2575//2575 165//165 166//166
f 166//166 168//168 2575//2575
f 2575//2575 168//168 2482//2482
f 2575//2575 2482//2482 2561//2561
f 2561//2561 2482//2482 2520//2520
f 2561//2561 2520//2520 2196//2196
f 2196//2196 2520//2520 2192//2192
f 174//174 173//173 2482//2482
f 2482//2482 173//173 2481//2481
f 2482//2482 2481//2481 2520//2520
f 2520//2520 2481//2481 2519//2519
f 2520//2520 2519//2519 2193//2193
f 2193//2193 2519//2519 2189//2189
f 172//172 171//171 2481//2481
f 2481//2481 171//171 2480//2480
f 2481//2481 2480//2480 2519//2519
f 2519//2519 2480//2480 2518//2518
f 2519//2519 2518//2518 2190//2190
f 2190//2190 2518//2518 2186//2186
f 180//180 179//179 2480//2480
f 2480//2480 179//179 2479//2479
f 2480//2480 2479//2479 2518//2518
f 2518//2518 2479//2479 2517//2517
f 2518//2518 2517//2517 2187//2187
f 2187//2187 2517//2517 2183//2183
f 178//178 177//177 2479//2479
f 2479//2479 177//177 2478//2478
f 2479//2479 2478//2478 2517//2517
f 2517//2517 2478//2478 2516//2516
f 2517//2517 2516//2516 2184//2184
f 2184//2184 2516//2516 2180//2180
f 186//186 185//185 2478//2478
f 2478//2478 185//185 2477//2477
f 2478//2478 2477//2477 2516//2516
f 2516//2516 2477//2477 2515//2515
f 2516//2516 2515//2515 2181//2181
f 2181//2181 2515//2515 2321//2321
f 184//184 183//183 2477//2477
f 2477//2477 183//183 2476//2476
f 2477//2477 2476//2476 2515//2515
f 2515//2515 2476//2476 2514//2514
f 2515//2515 2514//2514 2322//2322
f 2322//2322 2514//2514 2323//2323
f 191//191 190//190 2476//2476
f 2476//2476 190//190 2493//2493
f 2476//2476 2493//2493 2514//2514
f 2514//2514 2493//2493 2495//2495
f 2514//2514 2495//2495 2324//2324
f 2324//2324 2495//2495 2325//2325
f 190//190 188//188 2493//2493
f 2493//2493 188//188 194//194
f 2493//2493 194//194 2494//2494
f 2494//2494 194//194 193//193
f 2494//2494 193//193 197//197
f 2326//2326 2495//2495 2539//2539
f 2539//2539 2495//2495 2494//2494
f 2539//2539 2494//2494 2538//2538
f 2538//2538 2494//2494 197//197
f 2538//2538 197//197 196//196
f 196//196 200//200 2538//2538
f 2538//2538 200//200 2542//2542
f 2538//2538 2542//2542 2361//2361
f 2361//2361 2542//2542 2398//2398
f 200//200 199//199 2542//2542
f 2542//2542 199//199 203//203
f 2542//2542 203//203 2543//2543
f 2543//2543 203//203 202//202
f 2543//2543 202//202 2544//2544
f 2544//2544 202//202 201//201
f 2544//2544 201//201 2545//2545
f 2545//2545 201//201 65//65
f 2545//2545 65//65 64//64
f 2577//2577 2578//2578 2579//2579
f 2580//2580 2562//2562 2581//2581
f 2581//2581 2562//2562 2541//2541
f 2581//2581 2541//2541 2540//2540
f 2582//2582 2581//2581 2583//2583
f 2583//2583 2581//2581 2579//2579
f 2583//2583 2579//2579 2584//2584
f 2582//2582 2585//2585 2581//2581
f 2581//2581 2585//2585 2586//2586
f 2581//2581 2586//2586 2580//2580
f 2580//2580 2586//2586 2587//2587
f 2580//2580 2587//2587 2588//2588
f 2578//2578 2589//2589 2579//2579
f 2579//2579 2589//2589 2590//2590
f 2579//2579 2590//2590 2584//2584
f 2379//2379 2577//2577 2380//2380
f 2380//2380 2577//2577 2579//2579
f 2380//2380 2579//2579 2388//2388
f 2388//2388 2579//2579 2581//2581
f 2388//2388 2581//2581 2397//2397
f 2397//2397 2581//2581 2540//2540
f 2591//2591 2592//2592 2593//2593
f 2026//2026 2594//2594 2595//2595
f 2594//2594 2596//2596 2595//2595
f 2595//2595 2596//2596 2597//2597
f 2595//2595 2597//2597 2593//2593
f 2593//2593 2597//2597 2598//2598
f 2593//2593 2598//2598 2591//2591
f 2026//2026 2595//2595 2027//2027
f 2027//2027 2595//2595 2599//2599
f 2027//2027 2599//2599 2028//2028
f 2600//2600 2601//2601 2593//2593
f 2593//2593 2601//2601 2602//2602
f 2593//2593 2602//2602 2595//2595
f 2595//2595 2602//2602 2603//2603
f 2595//2595 2603//2603 2599//2599
f 2592//2592 2604//2604 2593//2593
f 2593//2593 2604//2604 2605//2605
f 2593//2593 2605//2605 2600//2600
f 2600//2600 2605//2605 2580//2580
f 2600//2600 2580//2580 2606//2606
f 2606//2606 2580//2580 2588//2588
f 1989//1989 1999//1999 2607//2607
f 2028//2028 2599//2599 2004//2004
f 2019//2019 2028//2028 2017//2017
f 2017//2017 2028//2028 2004//2004
f 2017//2017 2004//2004 2005//2005
f 2599//2599 2603//2603 2004//2004
f 2004//2004 2603//2603 2602//2602
f 2004//2004 2602//2602 2601//2601
f 2600//2600 2606//2606 2608//2608
f 2606//2606 2588//2588 2587//2587
f 2002//2002 2608//2608 2001//2001
f 2001//2001 2608//2608 2609//2609
f 2001//2001 2609//2609 2000//2000
f 2601//2601 2600//2600 2004//2004
f 2004//2004 2600//2600 2608//2608
f 2004//2004 2608//2608 2003//2003
f 2003//2003 2608//2608 2002//2002
f 2607//2607 1999//1999 2610//2610
f 1999//1999 1998//1998 2610//2610
f 2610//2610 1998//1998 1997//1997
f 2610//2610 1997//1997 2609//2609
f 2609//2609 1997//1997 1996//1996
f 2609//2609 1996//1996 2000//2000
f 1992//1992 1995//1995 2607//2607
f 2607//2607 1995//1995 1994//1994
f 1994//1994 1991//1991 2607//2607
f 2607//2607 1991//1991 1990//1990
f 2607//2607 1990//1990 1989//1989
f 2611//2611 2612//2612 2613//2613
f 2613//2613 2612//2612 1993//1993
f 2614//2614 2615//2615 2613//2613
f 2613//2613 2615//2615 2616//2616
f 2613//2613 2616//2616 2611//2611
f 2617//2617 1//1 3//3
f 2616//2616 2618//2618 2611//2611
f 2611//2611 2618//2618 2617//2617
f 2611//2611 2617//2617 2619//2619
f 2619//2619 2617//2617 3//3
f 2614//2614 2613//2613 2620//2620
f 2620//2620 2613//2613 2621//2621
f 2620//2620 2621//2621 2622//2622
f 2623//2623 2624//2624 2621//2621
f 2621//2621 2624//2624 2625//2625
f 2621//2621 2625//2625 2622//2622
f 2609//2609 2578//2578 2577//2577
f 2608//2608 2585//2585 2582//2582
f 2608//2608 2582//2582 2609//2609
f 2609//2609 2582//2582 2583//2583
f 2609//2609 2583//2583 2584//2584
f 2584//2584 2590//2590 2609//2609
f 2609//2609 2590//2590 2589//2589
f 2609//2609 2589//2589 2578//2578
f 2606//2606 2587//2587 2608//2608
f 2608//2608 2587//2587 2586//2586
f 2608//2608 2586//2586 2585//2585
f 2577//2577 2626//2626 2609//2609
f 2609//2609 2626//2626 2623//2623
f 2609//2609 2623//2623 2610//2610
f 2610//2610 2623//2623 2621//2621
f 2610//2610 2621//2621 2607//2607
f 2607//2607 2621//2621 2613//2613
f 2607//2607 2613//2613 1992//1992
f 1992//1992 2613//2613 1993//1993
f 2620//2620 2622//2622 2379//2379
f 2379//2379 2622//2622 2625//2625
f 2379//2379 2625//2625 2624//2624
f 2624//2624 2623//2623 2379//2379
f 2379//2379 2623//2623 2626//2626
f 2379//2379 2626//2626 2577//2577
f 2620//2620 2379//2379 2614//2614
f 2614//2614 2379//2379 2377//2377
f 2377//2377 2376//2376 2614//2614
f 2614//2614 2376//2376 2374//2374
f 2614//2614 2374//2374 2615//2615
f 2615//2615 2374//2374 2616//2616
f 2616//2616 2374//2374 2372//2372
f 2616//2616 2372//2372 2370//2370
f 2370//2370 2368//2368 2616//2616
f 2616//2616 2368//2368 2367//2367
f 2616//2616 2367//2367 2618//2618
f 2618//2618 2367//2367 2365//2365
f 2618//2618 2365//2365 2617//2617
f 2365//2365 2363//2363 2617//2617
f 2617//2617 2363//2363 2358//2358
f 2358//2358 1//1 2617//2617
f 1//1 2358//2358 2357//2357
f 1//1 2357//2357 2//2
f 2//2 2357//2357 4//4
f 4//4 2357//2357 2422//2422
f 2422//2422 2421//2421 4//4
f 4//4 2421//2421 2420//2420
f 4//4 2420//2420 6//6
f 6//6 2420//2420 2419//2419
f 6//6 2419//2419 2418//2418
f 7//7 6//6 2418//2418
f 7//7 2418//2418 8//8
f 8//8 2418//2418 2444//2444
f 8//8 2444//2444 9//9
f 2439//2439 2627//2627 2441//2441
f 2441//2441 2627//2627 2628//2628
f 2441//2441 2628//2628 2629//2629
f 2439//2439 2437//2437 2627//2627
f 2627//2627 2437//2437 2436//2436
f 2627//2627 2436//2436 2434//2434
f 2444//2444 2443//2443 9//9
f 9//9 2443//2443 2441//2441
f 9//9 2441//2441 10//10
f 10//10 2441//2441 2629//2629
f 2432//2432 2630//2630 2434//2434
f 2434//2434 2630//2630 2631//2631
f 2434//2434 2631//2631 2627//2627
f 2424//2424 2632//2632 2425//2425
f 2425//2425 2632//2632 2630//2630
f 2425//2425 2630//2630 2430//2430
f 2430//2430 2630//2630 2432//2432
f 2424//2424 2461//2461 2633//2633
f 2633//2633 2634//2634 2424//2424
f 2424//2424 2634//2634 2635//2635
f 2424//2424 2635//2635 2632//2632
f 2462//2462 2352//2352 2351//2351
f 2631//2631 2630//2630 2636//2636
f 2636//2636 2630//2630 2632//2632
f 2636//2636 2632//2632 2637//2637
f 2637//2637 2632//2632 2635//2635
f 2637//2637 2635//2635 2634//2634
f 2638//2638 5//5 10//10
f 2638//2638 10//10 2639//2639
f 2639//2639 10//10 2629//2629
f 2639//2639 2629//2629 2640//2640
f 2640//2640 2629//2629 2628//2628
f 2640//2640 2628//2628 2636//2636
f 2636//2636 2628//2628 2627//2627
f 2636//2636 2627//2627 2631//2631
f 1759//1759 1757//1757 2636//2636
f 2636//2636 1757//1757 1756//1756
f 2636//2636 1756//1756 2640//2640
f 1765//1765 1763//1763 1754//1754
f 1754//1754 1763//1763 2641//2641
f 1754//1754 2641//2641 1753//1753
f 1753//1753 2641//2641 1752//1752
f 1752//1752 2641//2641 2642//2642
f 1752//1752 2642//2642 1751//1751
f 1751//1751 2642//2642 1750//1750
f 1750//1750 2642//2642 2643//2643
f 1750//1750 2643//2643 1749//1749
f 1738//1738 1736//1736 2644//2644
f 2644//2644 1736//1736 1740//1740
f 2644//2644 1740//1740 2643//2643
f 2643//2643 1740//1740 1748//1748
f 2643//2643 1748//1748 1749//1749
f 2348//2348 2355//2355 1738//1738
f 2355//2355 2354//2354 1738//1738
f 1738//1738 2354//2354 2353//2353
f 1738//1738 2353//2353 2336//2336
f 2336//2336 1734//1734 1738//1738
f 1738//1738 1734//1734 1718//1718
f 1738//1738 1718//1718 1720//1720
f 2467//2467 2462//2462 2644//2644
f 2644//2644 2462//2462 2351//2351
f 2644//2644 2351//2351 1738//1738
f 1738//1738 2351//2351 2349//2349
f 1738//1738 2349//2349 2348//2348
f 2643//2643 2469//2469 2468//2468
f 2468//2468 2475//2475 2643//2643
f 2643//2643 2475//2475 2474//2474
f 2643//2643 2474//2474 2644//2644
f 2644//2644 2474//2474 2473//2473
f 2644//2644 2473//2473 2467//2467
f 2634//2634 2633//2633 2637//2637
f 2637//2637 2633//2633 2461//2461
f 2637//2637 2461//2461 2645//2645
f 2645//2645 2461//2461 2472//2472
f 2645//2645 2472//2472 2471//2471
f 2471//2471 2469//2469 2645//2645
f 2645//2645 2469//2469 2643//2643
f 2645//2645 2643//2643 2637//2637
f 2637//2637 2643//2643 2642//2642
f 2637//2637 2642//2642 2636//2636
f 2636//2636 2642//2642 2641//2641
f 2636//2636 2641//2641 1759//1759
f 1759//1759 2641//2641 1763//1763
f 1759//1759 1763//1763 1761//1761
f 1986//1986 1985//1985 1993//1993
f 1771//1771 2638//2638 1769//1769
f 1769//1769 2638//2638 2639//2639
f 1769//1769 2639//2639 1767//1767
f 1767//1767 2639//2639 2640//2640
f 1767//1767 2640//2640 1758//1758
f 1758//1758 2640//2640 1756//1756
f 1993//1993 2612//2612 1986//1986
f 1986//1986 2612//2612 2611//2611
f 1986//1986 2611//2611 1987//1987
f 1987//1987 2611//2611 2619//2619
f 1987//1987 2619//2619 1988//1988
f 1988//1988 2619//2619 3//3
f 1988//1988 3//3 1771//1771
f 1771//1771 3//3 5//5
f 1771//1771 5//5 2638//2638
f 1884//1884 1885//1885 1988//1988
f 1771//1771 1770//1770 1874//1874
f 1874//1874 1875//1875 1771//1771
f 1771//1771 1875//1875 1882//1882
f 1771//1771 1882//1882 1988//1988
f 1988//1988 1882//1882 1883//1883
f 1988//1988 1883//1883 1884//1884
