# Converted from the official Rethink Robotics Baxter DAE
v -0.009456574 0.02123987 0.02014839
v -0.003677666 0.02219736 0.02024149
v -0.009322583 0.02093893 0.02137154
v -0.003642976 0.02186661 0.02148616
v -0.009315073 0.02092194 0.02139002
v -0.008941411 0.02008271 0.02230465
v -0.003508925 0.02096879 0.02240025
v -0.008935153 0.02006864 0.02230888
v -0.003311216 0.01974225 0.02274113
v -0.008413434 0.01889693 0.02265888
v -0.003677666 0.02219736 -0.02024149
v -0.009456574 0.02123987 -0.02014839
v -0.003311216 0.01974225 -0.02274113
v -0.003508925 0.02096879 -0.02240025
v -0.008413434 0.01889693 -0.02265888
v -0.008934259 0.02006673 -0.02230197
v -0.008951485 0.02010536 -0.02229017
v -0.003642976 0.02186661 -0.02148616
v -0.009312987 0.02091735 -0.02138555
v -0.009328126 0.02095127 -0.02134776
v 0.004537522 0.02220898 -0.02459526
v 0.004490137 0.02204072 -0.0246675
v 0.004219889 0.02210438 -0.02468883
v 0.004353225 0.02155512 -0.02487593
v 0.003817796 0.01963835 -0.02536225
v 0.003731846 0.0196551 -0.02536064
v 0.004033565 0.0204162 -0.02527153
v 0.004116356 0.02071481 -0.02523666
v 0.004880666 0.02341103 -0.02348113
v 0.004599869 0.02389234 -0.02285927
v 0.004980027 0.02375644 -0.02283263
v 0.004770219 0.0245406 -0.02036142
v 0.005184233 0.02446013 -0.02036875
v 0.005104899 0.02419042 -0.02201795
v -0.005836725 0.01917743 -0.02520149
v 0.001274764 0.01997631 -0.02531778
v 0.003655612 0.01904475 -0.02536219
v -0.01283609 -0.01538485 -0.02523958
v -0.006356477 -0.01832109 -0.02536213
v -0.006595611 -0.01888775 -0.02536064
v -0.00651288 -0.01891624 -0.02536219
v 0.002383053 0.01437926 -0.02536171
v 0.002039849 0.01310294 -0.02536171
v -0.01221168 0.01592618 -0.02510869
v -0.00512737 -0.01365047 -0.02536171
v -0.00524497 -0.01409065 -0.02536171
v -0.01744389 -0.009909272 -0.02513718
v -0.005536317 -0.01519954 -0.02536183
v -0.00597018 -0.0168507 -0.02536201
v 0.003255009 0.01757824 -0.02536201
v 0.002805113 0.01593136 -0.02536183
v 0.002503037 0.01482546 -0.02536171
v 0.001352369 0.01054602 -0.02536165
v 0.00120753 0.01000732 -0.02536165
v -0.01703393 0.01063895 -0.02505123
v -0.001381397 0.000370134 -0.02536153
v -0.01968628 0.003992497 -0.02503657
v -0.01982909 -0.003162205 -0.02506649
v -0.004112303 -0.009851157 -0.02536171
v -0.004790246 -0.01238852 -0.02536171
v -0.007962524 -0.02299135 -0.02285927
v -0.007574856 -0.02310121 -0.02285718
v -0.008139193 -0.02363795 -0.02036142
v -0.0077129 -0.02365976 -0.02144926
v -0.007740378 -0.02377527 -0.02036875
v -0.007008314 -0.02084463 -0.02489781
v -0.007125794 -0.02131009 -0.02463185
v -0.007397651 -0.02125293 -0.02468883
v -0.00728929 -0.02195805 -0.02426165
v -0.007560551 -0.02304351 -0.02300256
v -0.006711065 -0.01968491 -0.02522718
v -0.006928145 -0.02052694 -0.0250793
v -0.01324796 -0.02120119 0.02028369
v -0.01324796 -0.02120119 -0.02028369
v -0.01099985 -0.02244997 0.0203185
v -0.008139193 -0.02363795 0.02036142
v 0.00426346 0.02124089 0.0250793
v 0.004092335 0.02146416 0.02486443
v 0.004030466 0.02040314 0.02522718
v 0.003731846 0.0196551 0.02536064
v 0.003817796 0.01963835 0.02536219
v 0.005184233 0.02446013 0.02036875
v 0.004770219 0.0245406 0.02036142
v 0.005150258 0.02434635 0.02144926
v 0.004641294 0.02405011 0.02225142
v 0.004319369 0.02143794 0.02496588
v 0.004352867 0.02155613 0.02489781
v 0.004219889 0.02210438 0.02468883
v 0.004666209 0.02266085 0.02426165
v 0.004406392 0.02298212 0.02379071
v 0.004760324 0.02298963 0.02387678
v 0.004599869 0.02389234 0.02285927
v 0.004974067 0.02373653 0.02300256
v 0.005057752 0.02402627 0.02226454
v -0.00597018 -0.0168507 0.02536201
v -0.005536317 -0.01519954 0.02536183
v -0.01464349 -0.01368981 0.02520149
v -0.006595611 -0.01888775 0.02536064
v -0.00651288 -0.01891624 0.02536219
v -0.006356477 -0.01832109 0.02536213
v -0.01853871 -0.007686674 0.02510869
v -0.00524497 -0.01409065 0.02536171
v -0.00512737 -0.01365047 0.02536171
v 0.002383053 0.01437926 0.02536171
v 0.002503037 0.01482546 0.02536171
v -0.01015222 0.01730364 0.02513718
v 0.002805113 0.0159313 0.02536183
v -0.003423929 0.01974171 0.02523958
v -0.008884131 -0.01793742 0.02531778
v 0.003255009 0.01757818 0.02536201
v 0.003655612 0.01904475 0.02536213
v -0.001381397 0.000370134 0.02536153
v 0.00120753 0.01000732 0.02536165
v -0.01559138 0.01265305 0.02506649
v 0.001352369 0.01054602 0.02536165
v 0.002039849 0.01310294 0.02536171
v -0.004790246 -0.01238852 0.02536171
v -0.004112303 -0.009851157 0.02536171
v -0.02007132 -0.00069667 0.02505123
v -0.01904511 0.006385445 0.02503657
v -0.00671488 -0.01969772 0.02527147
v -0.007188022 -0.02063471 0.02486443
v -0.006792485 -0.01999777 0.02523666
v -0.006974935 -0.02071565 0.02493065
v -0.008005499 -0.02314871 0.02225142
v -0.007740378 -0.02377527 0.02036875
v -0.007674217 -0.02350205 0.02201795
v -0.007640302 -0.02336555 0.02227169
v -0.007962524 -0.02299135 0.02285927
v -0.007478713 -0.02271491 0.02348113
v -0.007674932 -0.02210634 0.02379071
v -0.007372856 -0.02229249 0.02386927
v -0.007397651 -0.02125293 0.02468883
v -0.007174849 -0.02150237 0.02459526
v -0.007007479 -0.02084398 0.02487593
v -0.007732272 -0.02377808 -0.01426726
v -0.007713377 -0.02378457 0
v -0.007732272 -0.02377808 0.01426726
v 0.02913373 0.05499279 -0.1336698
v 0.03193813 0.06494683 -0.1336721
v 0.03624576 0.06379258 -0.13375
v 0.000484672 -0.05174928 -0.133669
v -0.000506523 -0.07336884 -0.13375
v -0.00304687 -0.06515496 -0.13367
v -0.004814088 -0.07221466 -0.1336721
v 0.005853772 -0.03130239 -0.1336672
v 0.01318627 -0.003533244 -0.1336653
v 0.02457439 0.03827136 -0.1336685
v 0.04239952 0.08675885 -0.1164754
v 0.03807109 0.0878008 -0.1164413
v 0.04271626 0.08794075 -0.10875
v 0.03820389 0.08872908 -0.1127724
v 0.03813612 0.08908265 -0.10875
v 0.03715068 0.08374065 -0.1242713
v 0.03729212 0.0843268 -0.1233612
v 0.04148048 0.08332884 -0.1234446
v 0.03771185 0.08606636 -0.1206601
v 0.03805208 0.08766806 -0.116966
v 0.03646218 0.08106285 -0.1272197
v 0.04004901 0.07798653 -0.1289754
v 0.03590917 0.07899498 -0.1288446
v 0.03350031 0.0703116 -0.1330401
v 0.03406751 0.0723201 -0.1323652
v 0.03824526 0.07125478 -0.1325264
v 0.03461992 0.07427608 -0.131708
v 0.03557121 0.07773107 -0.1298377
v 0.03239136 0.06648302 -0.1336213
v 0.03781181 0.08916354 0.09920024
v 0.03813612 0.08908265 0.10875
v 0.04271626 0.08794075 0.10875
v 0.03784477 0.08915531 -0.08425635
v 0.03787487 0.0891478 -0.0704683
v 0.03792643 0.08913499 -0.1051805
v 0.0378195 0.08916163 -0.0957508
v 0.03791213 0.08913856 -0.05437499
v 0.03804606 0.08910512 0
v 0.03791207 0.08913856 0.05438846
v 0.03422003 0.07284849 0.1322794
v 0.03407442 0.07233762 0.1324145
v 0.03824526 0.07125478 0.1325264
v 0.03624576 0.06379258 0.13375
v 0.03306949 0.06881266 0.1333463
v 0.03193813 0.06494683 0.1336721
v 0.03521007 0.07640886 0.1306414
v 0.04004901 0.07798653 0.1289754
v 0.03591352 0.07900851 0.1288557
v 0.04148048 0.08332884 0.1234446
v 0.03728842 0.08431583 0.1233468
v 0.03689837 0.08274465 0.1254814
v 0.03615295 0.07989329 0.1282479
v 0.03817468 0.0884208 0.1143312
v 0.03805571 0.08775359 0.1164225
v 0.04239952 0.08675885 0.1164754
v 0.03794056 0.0871073 0.1184483
v 0.03752881 0.08528411 0.1220312
v 0.03818768 0.08901685 0.1103499
v -0.00226581 -0.06219208 0.1336698
v -0.004814088 -0.07221466 0.1336721
v -0.000506523 -0.07336884 0.13375
v 0.02629441 0.04457384 0.133669
v 0.02993875 0.05794924 0.13367
v 0.02072072 0.02418172 0.1336672
v 0.01318627 -0.003533244 0.1336653
v 0.002146363 -0.04543119 0.1336685
v -0.006660282 -0.09633511 0.1164754
v -0.01092982 -0.09507322 0.1164413
v -0.006976962 -0.09751701 0.10875
v -0.01127892 -0.09594357 0.1127724
v -0.01151442 -0.0962159 0.10875
v -0.0096969 -0.09109687 0.1242713
v -0.009867429 -0.09167522 0.1233612
v -0.005741238 -0.09290516 0.1234446
v -0.01037365 -0.09339159 0.1206601
v -0.01087987 -0.09494876 0.116966
v -0.008954167 -0.08843356 0.1272197
v -0.004309773 -0.08756279 0.1289754
v -0.008399188 -0.08636623 0.1288446
v -0.006143629 -0.07764178 0.1330401
v -0.006656646 -0.07966482 0.1323652
v -0.002505958 -0.08083105 0.1325264
v -0.007156252 -0.08163493 0.131708
v -0.008059918 -0.08510267 0.1298377
v -0.005189716 -0.07377165 0.1336213
v -0.01183569 -0.09612381 -0.09920024
v -0.01151442 -0.0962159 -0.10875
v -0.006976962 -0.09751701 -0.10875
v -0.01180309 -0.09613317 0.08425635
v -0.01177328 -0.09614169 0.0704683
v -0.0117222 -0.09615635 0.1051805
v -0.01182812 -0.09612596 0.0957508
v -0.01173639 -0.0961523 0.05437499
v -0.01160365 -0.09619033 0
v -0.01173639 -0.0961523 -0.05438846
v -0.00678873 -0.08019864 -0.1322794
v -0.006659448 -0.07968342 -0.1324145
v -0.002505958 -0.08083105 -0.1325264
v -0.005767285 -0.07612824 -0.1333463
v -0.007711589 -0.08377701 -0.1306414
v -0.004309773 -0.08756279 -0.1289754
v -0.008402168 -0.08638012 -0.1288557
v -0.005741238 -0.09290516 -0.1234446
v -0.009865105 -0.09166383 -0.1233468
v -0.009417355 -0.09010815 -0.1254814
v -0.008637249 -0.08726608 -0.1282479
v -0.01115012 -0.09566199 -0.1143312
v -0.01091951 -0.0950247 -0.1164225
v -0.006660282 -0.09633511 -0.1164754
v -0.01069611 -0.09440737 -0.1184483
v -0.01014107 -0.09262263 -0.1220312
v -0.01143687 -0.09618467 -0.1103499
v -0.01798838 -0.09040796 -0.1093211
v -0.01871436 -0.08599823 -0.1094608
v -0.01863527 -0.08595287 -0.1104829
v -0.01541703 -0.09405702 -0.1090673
v -0.01790481 -0.09035825 -0.1106168
v -0.01504731 -0.0934841 -0.1143084
v -0.0153343 -0.09401196 -0.1105693
v -0.01838743 -0.08554917 -0.11303
v -0.01763141 -0.08987331 -0.1138437
v -0.01807868 -0.08476364 -0.1153905
v -0.01723271 -0.08879393 -0.1171853
v -0.01408129 -0.09056556 -0.121549
v -0.01460951 -0.09227055 -0.118178
v -0.01804232 -0.08467119 -0.1156683
v -0.01764863 -0.08346498 -0.1179689
v -0.01676243 -0.08729511 -0.1200983
v -0.01715612 -0.08179652 -0.1201923
v -0.01615983 -0.08520841 -0.1229104
v -0.0169692 -0.08112144 -0.1208416
v -0.01551645 -0.08286613 -0.1251739
v -0.01265805 -0.08548605 -0.1274105
v -0.01339578 -0.08817708 -0.1247996
v -0.01544821 -0.07532989 -0.1246514
v -0.01400381 -0.0770716 -0.1285104
v -0.01559299 -0.07590049 -0.1243825
v -0.01475733 -0.08000195 -0.1271451
v -0.01603847 -0.07765573 -0.1235553
v -0.01663964 -0.07993143 -0.121986
v -0.01178312 -0.08218836 -0.1296762
v -0.01091104 -0.07881051 -0.1312348
v -0.009946286 -0.07497084 -0.1322633
v -0.01317328 -0.07374191 -0.1294254
v -0.01480358 -0.07268697 -0.1253997
v -0.009047627 -0.07128024 -0.132599
v -0.01240307 -0.07054126 -0.1297455
v -0.01421105 -0.07014507 -0.1256808
v -0.01876646 -0.08608114 -0.1081816
v -0.01884609 -0.08642363 0
v -0.01897019 -0.08650267 -0.05040049
v -0.01807606 -0.09069436 -0.05436927
v -0.01550436 -0.09411811 -0.05437785
v -0.01540273 -0.09412926 0
v -0.01797717 -0.09065753 0
v -0.01557815 -0.0941115 -0.09919077
v -0.01814723 -0.09072691 -0.09918296
v -0.01897996 -0.08650887 -0.05436414
v -0.01902717 -0.08654338 -0.07572758
v -0.01907908 -0.08658117 -0.09917831
v -0.01908177 -0.08658331 -0.1004304
v -0.01905006 -0.08653283 -0.1012099
v -0.01880306 -0.08603751 0.107995
v -0.01894533 -0.08610057 0.1056421
v -0.01816505 -0.0904473 0.1055495
v -0.01871436 -0.08599823 0.1094608
v -0.01798838 -0.09040796 0.1093211
v -0.01541703 -0.09405702 0.1090673
v -0.01558983 -0.0940324 0.105385
v -0.01906305 -0.08651709 0.1011453
v -0.01908177 -0.08658331 0.1004304
v -0.01814192 -0.09072417 0.09573352
v -0.01907151 -0.08657521 0.09572881
v -0.0190466 -0.08655542 0.08423483
v -0.01902824 -0.08654195 0.07572907
v -0.01810312 -0.09070515 0.07045102
v -0.01812446 -0.09071505 0.08423942
v -0.01797717 -0.09065753 0
v -0.01897019 -0.08650267 0.05040049
v -0.01807606 -0.09069436 0.0543558
v -0.0189799 -0.08650887 0.05435067
v -0.01901686 -0.08653354 0.07044637
v -0.01557266 -0.09411191 0.09574127
v -0.01555442 -0.09411323 0.08424705
v -0.01553231 -0.09411519 0.07045876
v -0.01550436 -0.09411811 0.05436438
v -0.01540273 -0.09412926 0
v -0.01240307 -0.07054126 0.1297455
v -0.01421105 -0.07014507 0.1256808
v -0.01444345 -0.07115674 0.1256183
v -0.009047627 -0.07128024 0.132599
v -0.01270592 -0.07181477 0.1296811
v -0.01030158 -0.07639825 0.1319654
v -0.009401559 -0.07274848 0.1325389
v -0.01503998 -0.07366949 0.1251782
v -0.01347875 -0.07497966 0.1291577
v -0.01559406 -0.07590669 0.1243907
v -0.01430356 -0.07824724 0.1280314
v -0.01211237 -0.08344072 0.1289144
v -0.0112583 -0.08016598 0.1306897
v -0.01568233 -0.07626295 0.1242653
v -0.01626348 -0.07851904 0.1230256
v -0.0150426 -0.08108907 0.1264812
v -0.01684814 -0.0806958 0.1213177
v -0.01577734 -0.08382689 0.1243314
v -0.01696997 -0.08112633 0.1208497
v -0.01639169 -0.08602684 0.121923
v -0.01366031 -0.08911514 0.1236589
v -0.01295775 -0.0865907 0.1264396
v -0.01817834 -0.08504486 0.1147179
v -0.01739168 -0.08925509 0.1159815
v -0.01807606 -0.0847485 0.1153782
v -0.01695823 -0.08793801 0.118983
v -0.01781123 -0.08398121 0.117088
v -0.01734447 -0.08244991 0.1194112
v -0.01430219 -0.09129858 0.1202586
v -0.01478564 -0.09279143 0.1167843
v -0.01517421 -0.09376263 0.1128442
v -0.01775032 -0.0901255 0.1125799
v -0.01849359 -0.08575713 0.1120323
v -0.009158253 -0.05079334 0.1259287
v -0.01152431 -0.05975222 0.1258973
v -0.009691834 -0.06023496 0.1298611
v -0.001964211 -0.04435086 0.1326378
v 0.00912559 -0.00244522 0.1326574
v -0.005256354 -0.04348582 0.1298919
v 0.005855381 -0.001568913 0.1299692
v -0.007100403 -0.04300147 0.125956
v 0.003986656 -0.001068234 0.1261032
v -0.006393432 -0.06110417 0.1326301
v -0.01244497 -0.06323379 0.1258861
v -0.0130608 -0.06556272 0.1258786
v -0.01406794 -0.06957507 0.1257054
v 0.02260428 0.0672878 0.1257054
v 0.0214703 0.06330943 0.1258786
v 0.02252489 0.05996787 0.129856
v 0.02083927 0.06098449 0.125886
v 0.02276533 0.06785297 0.1256808
v 0.02452921 0.06729209 0.1297455
v 0.02780461 0.06625437 0.132599
v 0.02581715 0.05907142 0.1326287
v 0.02069836 0.06046539 0.1258877
v 0.0174663 0.04856735 0.1259279
v 0.01890033 0.0465908 0.1298797
v 0.01706546 0.0470916 0.1259328
v 0.01151353 0.02670371 0.1260149
v 0.0133633 0.02619677 0.1299229
v 0.02218693 0.04569423 0.1326348
v 0.01663929 0.02529942 0.1326456
v 0.02962553 0.08728981 0.1093211
v 0.02679193 0.08383393 0.1094608
v 0.02683776 0.08375501 0.1104829
v 0.03367692 0.08916431 0.1090673
v 0.02967309 0.08720499 0.1106168
v 0.03371065 0.08848333 0.1143084
v 0.03372603 0.0890839 0.1105693
v 0.02685058 0.08328151 0.11303
v 0.02966731 0.08664828 0.1138437
v 0.02672517 0.08244681 0.1153905
v 0.02947294 0.08551418 0.1171853
v 0.03308796 0.08547276 0.121549
v 0.03348302 0.08721345 0.118178
v 0.02671045 0.08234858 0.1156683
v 0.0264483 0.08110713 0.1179689
v 0.02913081 0.08398103 0.1200983
v 0.02604055 0.07941597 0.1201923
v 0.02860933 0.08187258 0.1229104
v 0.02586489 0.07873785 0.1208416
v 0.0279954 0.07952249 0.1251739
v 0.03178077 0.08036214 0.1274105
v 0.03248745 0.08306151 0.1247996
v 0.02428638 0.07296174 0.1246514
v 0.02640807 0.07374793 0.1285104
v 0.02444624 0.07352828 0.1243825
v 0.02722072 0.07666242 0.1271451
v 0.0249381 0.07527107 0.1235553
v 0.02555531 0.07754248 0.121986
v 0.03088968 0.0770688 0.1296762
v 0.02995598 0.07370746 0.1312348
v 0.02887159 0.06989979 0.1322633
v 0.0254625 0.07044905 0.1294254
v 0.02352321 0.07035058 0.1253997
v 0.02678829 0.08393168 0.1081816
v 0.02689057 0.08426815 0
v 0.02682262 0.08439862 0.05040049
v 0.02969282 0.08758169 0.05436927
v 0.03363186 0.08926087 0.05437785
v 0.03372544 0.08921974 0
v 0.02976006 0.08750033 0
v 0.03356462 0.08929204 0.09919077
v 0.02964746 0.08764547 0.09918296
v 0.02681732 0.08440887 0.05436414
v 0.02679359 0.08446234 0.07572758
v 0.02676761 0.08452105 0.09917831
v 0.0267663 0.08452427 0.1004304
v 0.0267685 0.08446472 0.1012099
v 0.02673482 0.08391225 -0.107995
v 0.02664309 0.08403795 -0.1056421
v 0.02949225 0.08741223 -0.1055495
v 0.02679193 0.08383393 -0.1094608
v 0.02962553 0.08728981 -0.1093211
v 0.03367692 0.08916431 -0.1090673
v 0.03351497 0.0892294 -0.105385
v 0.02674943 0.08445757 -0.1011453
v 0.0267663 0.08452427 -0.1004304
v 0.02965068 0.08764046 -0.09573352
v 0.02677118 0.08451217 -0.09572881
v 0.02678281 0.08448255 -0.08423483
v 0.02679198 0.08446168 -0.07572907
v 0.02967476 0.08760458 -0.07045102
v 0.02966123 0.08762377 -0.08423942
v 0.02976006 0.08750033 0
v 0.02682262 0.08439862 -0.05040049
v 0.02969282 0.08758169 -0.0543558
v 0.02681732 0.08440887 -0.05435067
v 0.02679765 0.08444875 -0.07044637
v 0.03356963 0.08928966 -0.09574127
v 0.03358608 0.08928173 -0.08424705
v 0.03360617 0.08927232 -0.07045876
v 0.03363186 0.08926087 -0.05436438
v 0.03372544 0.08921974 0
v 0.02452921 0.06729209 -0.1297455
v 0.02276533 0.06785297 -0.1256808
v 0.02306997 0.06884527 -0.1256183
v 0.02780461 0.06625437 -0.132599
v 0.02490365 0.06854641 -0.1296811
v 0.02927762 0.07131367 -0.1319654
v 0.02823227 0.06770282 -0.1325389
v 0.02380973 0.07131969 -0.1251782
v 0.02581685 0.07167369 -0.1291577
v 0.02444845 0.07353419 -0.1243907
v 0.02673631 0.07491594 -0.1280314
v 0.03123068 0.07831799 -0.1289144
v 0.03033298 0.075055 -0.1306897
v 0.02455013 0.07388681 -0.1242653
v 0.02517485 0.07613128 -0.1230256
v 0.02751725 0.07774657 -0.1264812
v 0.02575689 0.0783087 -0.1213177
v 0.02824985 0.08048492 -0.1243314
v 0.02586668 0.0787425 -0.1208497
v 0.02881771 0.08269733 -0.121923
v 0.03272736 0.08400619 -0.1236589
v 0.03207361 0.08146864 -0.1264396
v 0.02677947 0.08274018 -0.1147179
v 0.02956587 0.08599305 -0.1159815
v 0.02671986 0.08243238 -0.1153782
v 0.02928268 0.08463573 -0.118983
v 0.02656555 0.08163553 -0.117088
v 0.02620416 0.08007597 -0.1194112
v 0.0332632 0.08621799 -0.1202586
v 0.03359097 0.08775258 -0.1167843
v 0.03373998 0.08878797 -0.1128442
v 0.0296905 0.08692616 -0.1125799
v 0.02686262 0.08351469 -0.1120323
v 0.01746535 0.04856741 -0.1259287
v 0.01989573 0.05750906 -0.1258973
v 0.02172404 0.05701088 -0.1298611
v 0.02047431 0.0393911 -0.1326378
v 0.00912559 -0.00244522 -0.1326574
v 0.01719075 0.04028797 -0.1298919
v 0.005855381 -0.001568913 -0.1299692
v 0.01535159 0.04079055 -0.125956
v 0.003986656 -0.001068234 -0.1261032
v 0.02501517 0.05611443 -0.1326301
v 0.02083921 0.06098449 -0.1258861
v 0.0214703 0.06330943 -0.1258786
v 0.02260428 0.0672878 -0.1257054
v -0.01406794 -0.06957507 -0.1257054
v -0.0130608 -0.06556272 -0.1258786
v -0.01047676 -0.06319618 -0.129856
v -0.01244491 -0.06323385 -0.125886
v -0.007177352 -0.06406593 -0.1326287
v -0.01230734 -0.0627138 -0.1258877
v -0.009157359 -0.05079376 -0.1259279
v -0.006927251 -0.04979908 -0.1298797
v -0.00876671 -0.04931527 -0.1259328
v -0.003380835 -0.02888286 -0.1260149
v -0.001525402 -0.02936875 -0.1299229
v -0.003632605 -0.05066585 -0.1326348
v 0.001760303 -0.03022968 -0.1326456
v -0.01876008 -0.08000618 -0.07024544
v -0.001015782 0.000272204 -0.05012553
v -0.001015722 0.000272144 -0.0501281
v -0.006450474 -0.01966369 -0.05027055
v -0.001287341 0.000344922 -0.03776907
v -0.008440911 -0.02714627 -0.05018377
v -0.007778584 -0.02465713 -0.05030572
v -0.009071826 -0.02951776 -0.04941582
v -0.009624123 -0.03159588 -0.04801088
v -0.01005619 -0.03322523 -0.04607498
v -0.0103352 -0.03428381 -0.04375368
v -0.01038658 -0.0346328 -0.02060574
v -0.01043999 -0.03469234 -0.04122108
v -0.01869946 -0.08018106 -0.04683941
v -0.01858156 -0.0788564 -0.09940135
v -0.01881623 -0.0798304 -0.09364998
v -0.01795685 -0.07642793 -0.1046791
v -0.01698958 -0.07272285 -0.1090935
v -0.01575326 -0.0680139 -0.1123201
v -0.01434123 -0.06264847 -0.1141226
v -0.01285916 -0.05701947 -0.1144823
v -0.009888768 -0.04572635 -0.1145878
v 0.001723647 -0.000461827 -0.1127836
v 0.002096652 -0.000561784 -0.114979
v 0.002098143 -0.000562201 -0.1149879
v -0.01433616 -0.05282986 0
v -0.01433557 -0.05282622 0
v -0.01441335 -0.0526297 -0.03104251
v -0.01415646 -0.05180132 0
v -0.01019948 -0.03459525 0
v -0.01019912 -0.03459346 0
v -0.01836323 -0.08055776 0
v -0.0183627 -0.08055132 0
v -0.01766151 -0.07086557 -0.0415315
v -0.01770478 -0.07068073 -0.06228274
v -0.01443666 -0.05253475 -0.04655706
v -0.01774454 -0.07049661 -0.08303242
v -0.01753431 -0.06962728 -0.08813148
v -0.01697885 -0.06747061 -0.09281122
v -0.01612025 -0.06418401 -0.09672683
v -0.01502352 -0.06000894 -0.09959101
v -0.01377123 -0.05525279 -0.101195
v -0.01245695 -0.05026334 -0.1015221
v -0.009822785 -0.04025328 -0.101634
v -0.01763427 -0.07170134 0
v -0.01755505 -0.07124835 0
v -0.01755416 -0.07124292 0
v -4.97982e-06 1.36042e-06 -0.0901342
v 0.000904825 -0.000242423 -0.102055
v 0.000905422 -0.000242601 -0.1020627
v -0.000444788 0.000119199 -0.07611089
v -0.000444683 0.000119139 -0.07611602
v -0.00849384 -0.02982467 -0.07591205
v -0.000262725 7.03826e-05 -0.08439582
v -0.01047593 -0.03731602 -0.0758599
v -0.01146459 -0.04105007 -0.07562941
v -0.01240658 -0.04460912 -0.07444024
v -0.01323187 -0.04773211 -0.07230502
v -0.0138784 -0.05018824 -0.0693807
v -0.01429748 -0.05179625 -0.06588298
v -0.01445758 -0.05243813 -0.06207078
v -0.01763427 -0.07170134 0
v -0.01869899 -0.08017456 0.04683578
v 0.000905422 -0.000242601 0.1020627
v 0.000904825 -0.000242423 0.102055
v -0.009822547 -0.04025012 0.1016264
v -0.0187596 -0.07999968 0.0702399
v -0.01043957 -0.03469061 0.04121905
v -0.01038622 -0.03463101 0.02060472
v -0.01033478 -0.03428214 0.04375147
v -0.01005578 -0.03322362 0.04607272
v -0.009623765 -0.03159433 0.0480085
v -0.009071469 -0.02951633 0.04941338
v -0.001015722 0.000272144 0.0501281
v -0.001015782 0.000272204 0.05012553
v -0.006450295 -0.01966273 0.05026805
v -0.001287341 0.000344922 0.03776907
v -0.008440613 -0.02714496 0.05018126
v -0.007778346 -0.02465587 0.05030328
v -0.009889006 -0.04572248 0.1145789
v 0.002098143 -0.000562201 0.1149879
v 0.002096652 -0.000561784 0.114979
v -0.01285916 -0.0570147 0.1144734
v -0.01434105 -0.06264322 0.1141137
v -0.01575297 -0.06800824 0.1123113
v -0.01698923 -0.07271683 0.1090849
v -0.01795637 -0.07642167 0.1046708
v -0.01858103 -0.07884991 0.09939348
v -0.01881575 -0.07982385 0.09364259
v 0.001723647 -0.000461827 0.1127836
v -0.000444788 0.000119199 0.07611089
v -0.008493483 -0.0298227 0.07590705
v -0.01047545 -0.03731352 0.07585489
v -0.01146405 -0.04104733 0.07562446
v -0.01240599 -0.04460614 0.07443535
v -0.01323121 -0.04772895 0.07230025
v -0.01387768 -0.0501849 0.06937611
v -0.01429677 -0.0517928 0.06587868
v -0.0144568 -0.05243468 0.06206673
v -0.01441258 -0.05262613 0.03104048
v -0.01766073 -0.07086014 0.0415284
v -0.01443588 -0.05253124 0.04655396
v -0.01770401 -0.07067531 0.06227803
v -0.01415646 -0.05180132 0
v -4.97982e-06 1.36042e-06 0.0901342
v -0.000262725 7.03826e-05 0.08439582
v -0.000444683 0.000119139 0.07611602
v -0.01245653 -0.05025941 0.1015144
v -0.01377075 -0.05524849 0.1011874
v -0.01502293 -0.06000423 0.09958356
v -0.01611959 -0.06417906 0.0967195
v -0.01697814 -0.06746542 0.09280425
v -0.01753354 -0.06962186 0.08812487
v -0.01774376 -0.07049119 0.08302617
v 0.02375632 0.07866752 0.07024544
v 0.008191347 0.03485822 0.04375368
v 0.006263017 0.0277298 0.05018377
v 0.005592048 0.02524298 0.05030572
v 0.004245519 0.02025449 0.05027055
v 0.006902396 0.03009903 0.04941582
v 0.007463157 0.03217488 0.04801088
v 0.007903695 0.03380197 0.04607498
v 0.008304834 0.03526443 0.04122108
v 0.005192637 0.02445852 0.01426726
v 0.008321285 0.03518617 0.02060574
v 0.02389627 0.07878863 0.04683941
v 0.02333605 0.07758241 0.09940135
v 0.02361983 0.0785433 0.09364998
v 0.02266287 0.075167 0.1046791
v 0.02164798 0.07147467 0.1090935
v 0.02036416 0.06677842 0.1123201
v 0.01890432 0.06142574 0.1141226
v 0.01737332 0.05580985 0.1144823
v 0.01429915 0.04454451 0.1145878
v 0.0139994 0.05292004 0
v 0.01399809 0.05291658 0
v 0.0138325 0.05278527 0.03104251
v 0.01364076 0.05193942 0
v 0.008464515 0.0350601 0
v 0.008463978 0.03505837 0
v 0.005212306 0.02445471 0
v 0.02437579 0.0789467 0
v 0.02437305 0.07894086 0
v 0.02013742 0.07020217 0.0415315
v 0.02000755 0.07006376 0.06228274
v 0.01376485 0.0527147 0.04655706
v 0.01988101 0.06992417 0.08303242
v 0.0196284 0.06906616 0.08813148
v 0.01903116 0.06692075 0.09281122
v 0.01813137 0.06364512 0.09672683
v 0.0169937 0.05948096 0.09959101
v 0.0157001 0.05473589 0.101195
v 0.01434361 0.04975777 0.1015221
v 0.0116198 0.03977173 0.101634
v 0.02057892 0.07091236 0
v 0.02042102 0.07048046 0
v 0.02041912 0.07047528 0
v 0.007556378 0.03007584 0.07591205
v 0.009585559 0.03755456 0.0758599
v 0.01059639 0.04128265 0.07562941
v 0.01156008 0.04483592 0.07444024
v 0.01240688 0.04795312 0.07230502
v 0.01307505 0.05040347 0.0693807
v 0.01351612 0.05200558 0.06588304
v 0.01369839 0.05264151 0.06207078
v 0.02057892 0.07091236 0
v 0.02389341 0.07878273 -0.04683578
v 0.004245221 0.02025353 -0.05026805
v 0.01161843 0.03976887 -0.1016264
v 0.02375352 0.07866162 -0.0702399
v 0.008304297 0.0352627 -0.04121905
v 0.008320748 0.03518444 -0.02060472
v 0.005192637 0.02445852 -0.01426726
v 0.00819081 0.03485655 -0.04375147
v 0.007903218 0.03380036 -0.04607272
v 0.00746268 0.03217333 -0.0480085
v 0.006901979 0.0300976 -0.04941338
v 0.00626266 0.02772849 -0.05018126
v 0.00559169 0.02524173 -0.05030328
v 0.01429706 0.04454129 -0.1145789
v 0.01737093 0.05580568 -0.1144734
v 0.01890182 0.06142115 -0.1141137
v 0.0203616 0.06677341 -0.1123113
v 0.02164524 0.07146924 -0.1090849
v 0.02266007 0.07516133 -0.1046708
v 0.02333325 0.07757657 -0.09939348
v 0.02361696 0.0785374 -0.09364259
v 0.007555723 0.03007394 -0.07590705
v 0.009584665 0.03755211 -0.07585489
v 0.0105955 0.04128003 -0.07562446
v 0.01155912 0.044833 -0.07443535
v 0.01240587 0.04795002 -0.07230025
v 0.01307398 0.05040025 -0.06937611
v 0.01351499 0.05200225 -0.06587868
v 0.01369732 0.05263811 -0.06206673
v 0.01383137 0.05278187 -0.03104048
v 0.02013534 0.0701971 -0.0415284
v 0.01376372 0.0527113 -0.04655396
v 0.02000552 0.07005864 -0.06227803
v 0.01364076 0.05193942 0
v 0.01434201 0.0497542 -0.1015144
v 0.01569837 0.05473196 -0.1011874
v 0.01699185 0.05947661 -0.09958356
v 0.01812946 0.06364053 -0.0967195
v 0.0190292 0.06691586 -0.09280425
v 0.01962643 0.0690611 -0.08812487
v 0.01987898 0.0699191 -0.08302617
v -0.01016837 0.02283859 -0.02016603
v -0.01016837 0.02283859 0.02016603
v -0.007190525 0.02394354 -0.02020221
v -0.00417459 0.02464896 0.02024036
v -0.002785027 0.02443844 -0.02025985
v -0.002832531 0.02463269 0.02025854
v 0.001698791 0.02494215 -0.0203185
v -0.01005375 0.02258104 -0.02182132
v -0.01479244 0.01935541 -0.02254927
v -0.01340311 0.02034401 -0.02256822
v -0.01478099 0.01933991 -0.02258932
v -0.009907007 0.02225142 -0.02261859
v -0.007035434 0.02329868 -0.02268868
v -0.02063208 0.0129106 -0.02247995
v -0.02042001 0.01330292 -0.02248173
v -0.02063781 0.01291149 -0.02252787
v -0.01783251 0.0166074 -0.02251046
v -0.01487118 0.01929944 -0.02254819
v -0.02232325 0.009782314 -0.02246558
v -0.02385956 0.004834949 -0.02251213
v -0.02367079 0.005808591 -0.02246081
v -0.02398443 -0.003849506 -0.02249914
v -0.02425789 -0.002338647 -0.02248769
v -0.02403551 -0.003858923 -0.02254414
v -0.02430152 0.001856446 -0.02246803
v -0.02382683 0.004830837 -0.0224626
v -0.02354508 -0.006276845 -0.0225175
v -0.02108806 -0.01203066 -0.02258491
v -0.02211564 -0.01022082 -0.02255946
v -0.02013957 -0.0137012 -0.02260845
v -0.0174852 -0.01695001 -0.02266788
v -0.01550567 -0.01867634 -0.02270907
v -0.01289969 -0.02064383 -0.02276188
v -0.01447218 -0.01957756 -0.02273058
v -0.01316803 -0.02107328 -0.02150267
v 0.001455664 0.02246266 -0.0246424
v 0.001610815 0.02427953 -0.02281332
v -0.006540417 0.02155607 -0.02451652
v -0.01370394 0.01789534 -0.02441608
v -0.01912075 0.01195019 -0.02435404
v -0.02210044 0.004480659 -0.02433812
v -0.02226299 -0.003559827 -0.02437049
v -0.01958686 -0.01114511 -0.02444696
v -0.01441192 -0.01730585 -0.02455776
v -0.01289969 -0.02064383 0.02276188
v -0.0110951 -0.01775586 0.02277928
v -0.01177299 -0.01884078 0.02243041
v -0.0110951 -0.01775586 -0.02277928
v -0.01177352 -0.01884156 -0.02243363
v -0.01178294 -0.0188567 -0.02242881
v -0.01178902 -0.01886641 0.02242213
v -0.01226752 -0.01963222 0.02151304
v -0.01309859 -0.02096211 0.02193903
v -0.01228111 -0.01965391 0.02148729
v -0.01245307 -0.01992911 0.02026885
v -0.01245307 -0.01992911 -0.02026885
v -0.01227772 -0.01964855 -0.02149832
v -0.01226878 -0.01963418 -0.02151519
v -0.007267653 -0.01907378 0.02284979
v -0.007354915 -0.01963275 0.02278798
v -0.007379949 -0.01979357 0.02274602
v -0.007460176 -0.02032327 0.0225076
v -0.007473349 -0.02041012 0.02246856
v -0.007494151 -0.02054733 0.02237641
v -0.007570147 -0.02103531 0.02191245
v -0.007586121 -0.02113425 0.02177983
v -0.007602274 -0.02122747 0.02159667
v -0.007638752 -0.02143883 0.02118146
v -0.007648348 -0.02148789 0.02102309
v -0.007672846 -0.02157509 0.02035689
v -0.007657945 -0.02158021 -0.01017844
v -0.007644712 -0.02158474 0
v -0.006327211 -0.02244949 -0.01018124
v -0.006314218 -0.02245378 0
v -0.005567908 -0.02384585 -0.01018345
v -0.005554795 -0.02384978 0
v -0.00556153 -0.02543532 -0.0101844
v -0.005548059 -0.0254389 0
v -0.007672846 -0.02157509 -0.02035689
v -0.006341576 -0.02244502 -0.02035897
v -0.005582392 -0.02384239 -0.02036058
v -0.005577087 -0.0254327 -0.0203613
v -0.005545914 -0.0253005 -0.02160352
v -0.005558967 -0.0237472 -0.0212686
v -0.00632286 -0.02237749 -0.02101278
v -0.007654964 -0.02151882 -0.02089709
v -0.006311357 -0.02232748 -0.02120989
v -0.007646262 -0.02147752 -0.02106004
v -0.007603347 -0.02123624 -0.02160161
v -0.006239712 -0.02199643 -0.02194905
v -0.007597684 -0.02120417 -0.02167344
v -0.006215572 -0.02188199 -0.02211833
v -0.007582128 -0.02110952 -0.0218147
v -0.006099641 -0.02132314 -0.02269649
v -0.007509112 -0.02064526 -0.02230215
v -0.006066083 -0.02115976 -0.02281516
v -0.00748825 -0.02050876 -0.02240365
v -0.005523085 -0.02520692 -0.02197837
v -0.005542337 -0.0236783 -0.02154248
v -0.005372107 -0.02459412 -0.02338969
v -0.005432963 -0.02322518 -0.0225712
v -0.005319714 -0.02438288 -0.02371495
v -0.005395293 -0.02306884 -0.0228073
v -0.005062162 -0.02334934 -0.02483767
v -0.005210995 -0.02230519 -0.02361726
v -0.004986226 -0.02304607 -0.02507162
v -0.005156993 -0.02208167 -0.02378451
v -0.004650473 -0.02171379 -0.02577269
v -0.004920899 -0.02110451 -0.02427846
v -0.004559576 -0.02135819 -0.02588617
v -0.004857718 -0.02084505 -0.02435642
v -0.004176676 -0.0198754 -0.02608901
v -0.004592359 -0.01976776 -0.02448475
v -0.005921006 -0.0204463 -0.02316331
v -0.005882322 -0.02025723 -0.02321761
v -0.005720913 -0.0194751 -0.02330207
v -0.00745958 -0.0203188 -0.02250015
v -0.007397294 -0.01990604 -0.02270978
v -0.007372319 -0.01974457 -0.02275997
v -0.007267653 -0.01907378 -0.02284979
v -0.005977451 -0.0141642 -0.02284932
v -0.004435539 -0.01457387 -0.02330011
v -0.00330913 -0.01487308 -0.02447915
v -0.002891302 -0.01498401 -0.02607965
v -0.004667818 -0.009259819 -0.02284926
v -0.003126978 -0.009671509 -0.02329975
v -0.002001047 -0.009972274 -0.02447801
v -0.001582801 -0.01008403 -0.02607774
v -0.002046763 0.000548471 -0.02284914
v -0.000505972 0.00013559 -0.02329981
v 0.000619796 -0.000166069 -0.02447855
v 0.001037538 -0.000278007 -0.02607876
v 0.000534368 0.01015555 -0.02284926
v 0.002074599 0.009741604 -0.02329975
v 0.003200054 0.00943917 -0.02447801
v 0.003618121 0.009326815 -0.0260778
v 0.001825392 0.01495885 -0.02284932
v 0.003365516 0.01454323 -0.02329999
v 0.004490733 0.01423954 -0.02447885
v 0.004908263 0.01412683 -0.02607911
v 0.003133833 0.01975744 -0.02284973
v 0.004674017 0.01933264 -0.02330183
v 0.005797922 0.01902252 -0.02448409
v 0.006212115 0.01890808 -0.02608793
v 0.006552159 0.02013766 -0.02594888
v 0.00605756 0.01991212 -0.02440392
v 0.004893422 0.01996511 -0.02325314
v 0.003355324 0.02028316 -0.02278876
v 0.004956364 0.02014935 -0.02320951
v 0.003417849 0.02043545 -0.02274686
v 0.003620505 0.0209369 -0.02250838
v 0.005196869 0.02085685 -0.02290016
v 0.00365293 0.02101719 -0.02247017
v 0.005251765 0.02102071 -0.02279013
v 0.00370568 0.02115005 -0.0223757
v 0.005440413 0.0215913 -0.02223998
v 0.003884077 0.02161109 -0.02191185
v 0.006650865 0.02049249 -0.02585369
v 0.00613296 0.02017009 -0.02434015
v 0.007031798 0.02184367 -0.02522373
v 0.006423592 0.0211569 -0.02389985
v 0.007120251 0.02215409 -0.02500599
v 0.006490826 0.02138501 -0.02374452
v 0.00742793 0.02322942 -0.0239374
v 0.006724178 0.02217751 -0.02297377
v 0.007604897 0.02384424 -0.02293759
v 0.006857872 0.02263176 -0.02224594
v 0.007649242 0.02399766 -0.02259147
v 0.00689125 0.02274507 -0.02199321
v 0.007762134 0.02438461 -0.02110016
v 0.006975054 0.02303022 -0.02090191
v 0.0077762 0.02443009 -0.02036213
v 0.006984531 0.02306288 -0.02036142
v 0.005546629 0.02191913 -0.02171742
v 0.005572736 0.02200102 -0.02153563
v 0.005636334 0.02220702 -0.02074944
v 0.005641698 0.0222305 -0.02035987
v 0.003954529 0.02180069 -0.02160036
v 0.003982305 0.02187544 -0.02147752
v 0.004006028 0.0219416 -0.02132707
v 0.004061996 0.02210921 -0.02067875
v 0.004065036 0.02212971 -0.02035778
v 0.004078269 0.02212727 -0.01020443
v 0.005654811 0.02222704 -0.01020717
v 0.006998062 0.02305835 -0.01020932
v 0.007790684 0.02442479 -0.01021027
v 0.004090249 0.02212506 0
v 0.00566703 0.02222406 0
v 0.007010877 0.02305489 0
v 0.007804095 0.02442127 0
v 0.004078269 0.02212727 0.01020443
v 0.005654811 0.02222704 0.01020717
v 0.00566703 0.02222406 0
v 0.006998062 0.02305835 0.01020932
v 0.007010877 0.02305489 0
v 0.007790684 0.02442479 0.01021027
v 0.004065036 0.02212971 0.02035778
v 0.005641698 0.0222305 0.02035987
v 0.006984531 0.02306288 0.02036142
v 0.0077762 0.02443009 0.02036213
v 0.007737278 0.02430021 0.02160257
v 0.006956875 0.02296829 0.02126979
v 0.005623102 0.02216231 0.02101457
v 0.00405091 0.02207243 0.0208972
v 0.005608081 0.02211332 0.02121138
v 0.004037737 0.02203249 0.02105945
v 0.003954887 0.02180135 0.02160239
v 0.005505084 0.0217902 0.02195268
v 0.003944158 0.02177149 0.0216726
v 0.005469918 0.02168184 0.02211821
v 0.003911554 0.02168411 0.02181029
v 0.005291163 0.0211389 0.02269965
v 0.00374329 0.02124571 0.02229863
v 0.007710397 0.02420818 0.02197575
v 0.006936967 0.02290052 0.02154296
v 0.007535219 0.02360266 0.02338653
v 0.00680536 0.02245324 0.02257329
v 0.007476747 0.02339935 0.02370351
v 0.006761133 0.02230304 0.0228039
v 0.007184028 0.02237749 0.02482825
v 0.006539225 0.02154946 0.0236172
v 0.006900787 0.02138286 0.02549237
v 0.006323873 0.02081912 0.02408975
v 0.006803214 0.02103698 0.02565491
v 0.006249308 0.02056676 0.02420336
v 0.006402373 0.01959711 0.0260455
v 0.005943179 0.01952016 0.02446532
v 0.006212115 0.01890808 0.02608793
v 0.005797922 0.01902252 0.02448409
v 0.005114912 0.02061438 0.02303415
v 0.005053102 0.0204333 0.0231142
v 0.004797279 0.01968592 0.02329349
v 0.004674017 0.01933264 0.02330183
v 0.00361967 0.02093535 0.02250868
v 0.003573477 0.02081948 0.02258718
v 0.003513038 0.02066987 0.02265918
v 0.003259062 0.02005171 0.02283114
v 0.003133833 0.01975744 0.02284973
v 0.001825332 0.01495879 0.02284932
v 0.003365516 0.01454311 0.02329999
v 0.004490733 0.01423949 0.02447885
v 0.004908263 0.01412671 0.02607911
v 0.000534323 0.01015537 0.02284926
v 0.002074539 0.009741485 0.02329975
v 0.003200054 0.009438991 0.02447801
v 0.003618061 0.009326636 0.0260778
v -0.002046763 0.000548471 0.02284914
v -0.000505972 0.00013559 0.02329981
v 0.000619796 -0.000166069 0.02447855
v 0.001037538 -0.000278007 0.02607876
v -0.004667878 -0.009259998 0.02284926
v -0.003126978 -0.009671688 0.02329975
v -0.002001047 -0.009972512 0.02447801
v -0.00158286 -0.01008421 0.02607774
v -0.005977511 -0.01416432 0.02284932
v -0.004435598 -0.01457393 0.02330011
v -0.00330913 -0.0148732 0.02447915
v -0.002891302 -0.01498413 0.02607965
v -0.005720913 -0.0194751 0.02330207
v -0.004592359 -0.01976776 0.02448475
v -0.004176676 -0.0198754 0.02608901
v -0.004496216 -0.02111148 0.02594941
v -0.004813671 -0.02066528 0.02439922
v -0.005855441 -0.0201264 0.02324712
v -0.005894124 -0.02031463 0.02320259
v -0.006041944 -0.02104198 0.0228905
v -0.006075561 -0.0212059 0.02278345
v -0.006196796 -0.02179235 0.02223509
v -0.00622183 -0.02191179 0.0220766
v -0.004587233 -0.02146619 0.02585452
v -0.004876911 -0.02092379 0.02433478
v -0.004931271 -0.02282696 0.02522116
v -0.005118012 -0.02192038 0.02389097
v -0.005007684 -0.02313178 0.02500885
v -0.005172252 -0.02214479 0.02373975
v -0.005278646 -0.02421736 0.02394002
v -0.005365729 -0.02294635 0.02297043
v -0.005333423 -0.02443796 0.02363467
v -0.005405128 -0.02310961 0.02274906
v -0.005501747 -0.02511972 0.02225762
v -0.005526781 -0.02361398 0.02174639
v -0.005528867 -0.0252304 0.02189338
v -0.00554651 -0.02369564 0.02148038
v -0.005577087 -0.0254327 0.0203613
v -0.005582392 -0.02384239 0.02036058
v -0.006300866 -0.02228063 0.02135658
v -0.006314218 -0.02234005 0.02116519
v -0.006341576 -0.02244502 0.02035897
v -0.007657945 -0.02158021 0.01017844
v -0.006327211 -0.02244949 0.01018124
v -0.005567908 -0.02384585 0.01018345
v -0.00556153 -0.02543532 0.0101844
v -0.006314218 -0.02245378 0
v -0.005554795 -0.02384978 0
v 0.000157041 0.02001023 -0.02279835
v 0.000199688 0.02216595 -0.02154546
v 0.000224081 0.02249884 -0.02029877
v 0.00017516 0.02125555 -0.02245986
v 0.000223872 0.02249884 0.02029877
v 0.000156862 0.02001023 0.02279835
v 0.000174967 0.02125555 0.02245986
v 0.000199494 0.02216595 0.02154546
v -0.01447218 -0.01957756 0.02273058
v -0.01883804 0.01532322 0.02249932
v -0.02042001 0.01330292 0.02248173
v -0.02232325 0.009782314 0.02246558
v -0.009907007 0.02225142 0.02261859
v -0.01225459 0.02097058 0.02258479
v -0.01340311 0.02034401 0.02256822
v -0.0174852 -0.01695001 0.02266788
v -0.01772946 -0.01665103 0.02266246
v -0.02013957 -0.0137012 0.02260845
v -0.02211564 -0.01022082 0.02255946
v -0.02243262 -0.009346187 0.02255016
v -0.02354508 -0.006276845 0.0225175
v -0.01783251 0.0166074 0.02251046
v -0.01487118 0.01929944 0.02254819
v -0.02425789 -0.002338647 0.02248769
v -0.02427327 -0.000863145 0.02248078
v -0.02430152 0.001856446 0.02246803
v -0.02367079 0.005808591 0.02246081
v -0.02302175 0.007722556 0.02246308
v -0.01774221 -0.01665955 0.02268868
v -0.02247071 -0.009358346 0.02258932
v -0.02432864 -0.000862788 0.02252787
v -0.02308052 0.007742524 0.02251213
v -0.01888591 0.01535964 0.02254414
v -0.01222389 0.02091693 0.02262908
v -0.0101093 0.02270591 0.0213626
v -0.004102706 0.02398782 0.02272957
v -0.009970605 -0.02018111 0.0246424
v -0.01074469 -0.02183216 0.02281332
v -0.01644223 -0.0153979 0.02451652
v -0.02081567 -0.008645832 0.02441608
v -0.02253419 -0.000788818 0.02435404
v -0.02137988 0.007169783 0.02433812
v -0.0175004 0.01421433 0.02437049
v -0.01139014 0.01944535 0.02444696
v -0.003828167 0.02219325 0.02455776
v 0.006389796 -0.07521677 -0.1336253
v 0.04314208 0.06194466 -0.1336253
v -4.84018e-05 -0.09924453 -0.10875
v 0.000113022 -0.09864211 -0.1142852
v 0.000303385 -0.09793162 -0.1163873
v 0.002619266 -0.08928847 -0.1287899
v 0.002375602 -0.0901978 -0.1281983
v 0.001356184 -0.09400242 -0.1242595
v 0.00120306 -0.09457379 -0.1233181
v 0.000589174 -0.09686499 -0.119543
v 0.003596365 -0.08564198 -0.1311619
v 0.004413127 -0.08259385 -0.1322661
v 0.004957139 -0.08056342 -0.1330017
v -4.84018e-05 -0.09924453 0.10875
v 0.002375602 -0.0901978 0.1281983
v 0.002619266 -0.08928847 0.1287899
v 0.006389796 -0.07521677 0.1336253
v 0.004957139 -0.08056342 0.1330017
v 0.004413127 -0.08259385 0.1322661
v 0.003596365 -0.08564198 0.1311619
v 0.001356184 -0.09400242 0.1242595
v 0.00120306 -0.09457379 0.1233181
v 0.000589174 -0.09686499 0.119543
v 0.000303385 -0.09793162 0.1163873
v 0.000113022 -0.09864211 0.1142852
v 0.04314208 0.06194466 0.1336253
v 0.04958033 0.08597248 0.10875
v 0.04941892 0.08537006 0.1142852
v 0.04922854 0.08465957 0.1163873
v 0.04691261 0.07601648 0.1287899
v 0.04715627 0.07692581 0.1281983
v 0.04817569 0.08073037 0.1242595
v 0.04832881 0.08130174 0.1233181
v 0.04894274 0.08359301 0.119543
v 0.04593557 0.07236999 0.1311619
v 0.0451188 0.06932181 0.1322661
v 0.04457473 0.06729137 0.1330017
v 0.04958033 0.08597248 -0.10875
v 0.04715627 0.07692581 -0.1281983
v 0.04691261 0.07601648 -0.1287899
v 0.04457473 0.06729137 -0.1330017
v 0.0451188 0.06932181 -0.1322661
v 0.04593557 0.07236999 -0.1311619
v 0.04817569 0.08073037 -0.1242595
v 0.04832881 0.08130174 -0.1233181
v 0.04894274 0.08359301 -0.119543
v 0.04922854 0.08465957 -0.1163873
v 0.04941892 0.08537006 -0.1142852
v 0.05498778 0.08026587 -0.10875
v 0.05531126 0.07929199 -0.10875
v 0.05518209 0.07880991 -0.1131795
v 0.04961401 0.06021052 -0.1295127
v 0.04851883 0.06050395 -0.1312338
v 0.04981374 0.0653367 -0.1306701
v 0.05299615 0.08378607 -0.10875
v 0.05433809 0.0822218 -0.10875
v 0.05419218 0.08167725 -0.1137531
v 0.04687571 0.06094425 -0.1323975
v 0.04605758 0.06116348 -0.1329769
v 0.04745286 0.06637084 -0.1323695
v 0.04877823 0.07131701 -0.1305777
v 0.04996711 0.07575404 -0.1276913
v 0.05096 0.07945948 -0.1238552
v 0.05170702 0.08224743 -0.1192616
v 0.05217075 0.08397823 -0.114141
v 0.05232799 0.08456492 -0.10875
v 0.05376178 0.08007103 -0.1185054
v 0.05306851 0.07748365 -0.1227684
v 0.05214709 0.07404482 -0.1263286
v 0.05104368 0.06992703 -0.1290072
v 0.05480104 0.07738786 -0.1173868
v 0.05418723 0.07509714 -0.1211611
v 0.05337148 0.07205265 -0.1243129
v 0.05239462 0.06840699 -0.1266844
v 0.05130571 0.06434297 -0.1281567
v 0.05015927 0.06006443 -0.1286557
v 0.05510264 0.07621186 -0.10875
v 0.05499309 0.07580316 -0.1125054
v 0.05467009 0.07459747 -0.1160725
v 0.05414968 0.07265537 -0.1192724
v 0.05345803 0.07007414 -0.1219446
v 0.05262982 0.06698328 -0.1239553
v 0.05170661 0.06353771 -0.1252034
v 0.05073463 0.05991023 -0.1256266
v 0.05510264 0.07621186 0.10875
v 0.05531126 0.07929199 0.10875
v 0.05498778 0.08026587 0.10875
v 0.05433809 0.0822218 0.10875
v 0.05299615 0.08378607 0.10875
v 0.05232799 0.08456492 0.10875
v 0.04961401 0.06021052 0.1295127
v 0.05015927 0.06006443 0.1286557
v 0.05130571 0.06434297 0.1281567
v 0.05419218 0.08167725 0.1137531
v 0.04687571 0.06094425 0.1323975
v 0.04851883 0.06050395 0.1312338
v 0.04981374 0.0653367 0.1306701
v 0.05217075 0.08397823 0.114141
v 0.05170702 0.08224743 0.1192616
v 0.05096 0.07945948 0.1238552
v 0.04996711 0.07575404 0.1276913
v 0.04877823 0.07131701 0.1305777
v 0.04745286 0.06637084 0.1323695
v 0.04605758 0.06116348 0.1329769
v 0.05104368 0.06992703 0.1290072
v 0.05214709 0.07404482 0.1263286
v 0.05306851 0.07748365 0.1227684
v 0.05376178 0.08007103 0.1185054
v 0.05239462 0.06840699 0.1266844
v 0.05337148 0.07205265 0.1243129
v 0.05418723 0.07509714 0.1211611
v 0.05480104 0.07738786 0.1173868
v 0.05518209 0.07880991 0.1131795
v 0.05073463 0.05991023 0.1256266
v 0.05170661 0.06353771 0.1252034
v 0.05262982 0.06698328 0.1239553
v 0.05345803 0.07007414 0.1219446
v 0.05414968 0.07265537 0.1192724
v 0.05467009 0.07459747 0.1160725
v 0.05499309 0.07580316 0.1125054
v 0.009305238 -0.07599794 0.1329769
v 0.01012337 -0.07621717 0.1323975
v 0.01176649 -0.07665741 0.1312338
v 0.01286166 -0.0769509 0.1295127
v 0.01340699 -0.07709699 0.1286557
v 0.01398235 -0.07725113 0.1256266
v 0.007487893 -0.09700614 0.10875
v 0.008254945 -0.0963245 0.10875
v 0.008384108 -0.09584242 0.1131795
v 0.01047158 -0.08149009 0.1306701
v 0.004002928 -0.09905892 0.10875
v 0.005947232 -0.0983752 0.10875
v 0.006093144 -0.09783065 0.1137531
v 0.007909953 -0.08120524 0.1323695
v 0.006584644 -0.08615142 0.1305777
v 0.00539577 -0.09058851 0.1276913
v 0.004402875 -0.09429389 0.1238552
v 0.00365585 -0.09708189 0.1192616
v 0.003192067 -0.09881263 0.114141
v 0.003034889 -0.09939938 0.10875
v 0.006523549 -0.09622442 0.1185054
v 0.007216811 -0.09363704 0.1227684
v 0.008138239 -0.09019821 0.1263286
v 0.00924164 -0.08608043 0.1290072
v 0.008765161 -0.09442037 0.1173868
v 0.009378969 -0.09212964 0.1211611
v 0.01019471 -0.08908516 0.1243129
v 0.01117157 -0.0854395 0.1266844
v 0.01226055 -0.08137553 0.1281567
v 0.009614348 -0.0935527 0.10875
v 0.009723842 -0.09314399 0.1125054
v 0.01004689 -0.09193831 0.1160725
v 0.0105673 -0.08999621 0.1192724
v 0.01125895 -0.08741497 0.1219446
v 0.01208716 -0.08432412 0.1239553
v 0.01301038 -0.08087861 0.1252034
v 0.003034889 -0.09939938 -0.10875
v 0.004002928 -0.09905892 -0.10875
v 0.005947232 -0.0983752 -0.10875
v 0.007487893 -0.09700614 -0.10875
v 0.008254945 -0.0963245 -0.10875
v 0.009614348 -0.0935527 -0.10875
v 0.01286166 -0.0769509 -0.1295127
v 0.01340699 -0.07709699 -0.1286557
v 0.01226055 -0.08137553 -0.1281567
v 0.006093144 -0.09783065 -0.1137531
v 0.01012337 -0.07621717 -0.1323975
v 0.01176649 -0.07665741 -0.1312338
v 0.01047158 -0.08149009 -0.1306701
v 0.003192067 -0.09881263 -0.114141
v 0.00365585 -0.09708189 -0.1192616
v 0.004402875 -0.09429389 -0.1238552
v 0.00539577 -0.09058851 -0.1276913
v 0.006584644 -0.08615142 -0.1305777
v 0.007909953 -0.08120524 -0.1323695
v 0.009305238 -0.07599794 -0.1329769
v 0.00924164 -0.08608043 -0.1290072
v 0.008138239 -0.09019821 -0.1263286
v 0.007216811 -0.09363704 -0.1227684
v 0.006523549 -0.09622442 -0.1185054
v 0.01117157 -0.0854395 -0.1266844
v 0.01019471 -0.08908516 -0.1243129
v 0.009378969 -0.09212964 -0.1211611
v 0.008765161 -0.09442037 -0.1173868
v 0.008384108 -0.09584242 -0.1131795
v 0.01398235 -0.07725113 -0.1256266
v 0.01301038 -0.08087861 -0.1252034
v 0.01208716 -0.08432412 -0.1239553
v 0.01125895 -0.08741497 -0.1219446
v 0.0105673 -0.08999621 -0.1192724
v 0.01004689 -0.09193831 -0.1160725
v 0.009723842 -0.09314399 -0.1125054
v 0.05432617 0.07331407 0.1086266
v 0.05238527 0.073798 0.1086266
v 0.05432617 0.07331407 -0.1086266
v 0.05238527 0.073798 -0.1086266
v 0.05212986 0.07284468 0.1135881
v 0.05407005 0.07235825 0.1136015
v 0.05140244 0.07012999 0.1177943
v 0.05334067 0.06963622 0.117819
v 0.05031383 0.06606715 0.1206048
v 0.05224913 0.06556242 0.120637
v 0.04902964 0.06127458 0.1215916
v 0.05096155 0.06075698 0.1216266
v 0.01182359 -0.07758027 0.1215916
v 0.01375544 -0.07809787 0.1216266
v 0.01053947 -0.08237272 0.1206048
v 0.01246786 -0.08290326 0.120637
v 0.009450793 -0.08643555 0.1177943
v 0.01137632 -0.08697706 0.117819
v 0.008723437 -0.0891503 0.1135881
v 0.01064693 -0.08969908 0.1136015
v 0.008467972 -0.09010356 0.1086266
v 0.01039081 -0.0906549 0.1086266
v 0.008467972 -0.09010356 -0.1086266
v 0.01039081 -0.0906549 -0.1086266
v 0.01064693 -0.08969908 -0.1136015
v 0.01137632 -0.08697706 -0.117819
v 0.05224913 0.06556242 -0.120637
v 0.05334067 0.06963622 -0.117819
v 0.05407005 0.07235825 -0.1136015
v 0.01246786 -0.08290326 -0.120637
v 0.05096155 0.06075698 -0.1216266
v 0.01375544 -0.07809787 -0.1216266
v 0.008723437 -0.0891503 -0.1135881
v 0.009450793 -0.08643555 -0.1177943
v 0.01053947 -0.08237272 -0.1206048
v 0.01182359 -0.07758027 -0.1215916
v 0.04902964 0.06127458 -0.1215916
v 0.05031383 0.06606715 -0.1206048
v 0.05140244 0.07012999 -0.1177943
v 0.05212986 0.07284468 -0.1135881
v 0.04344266 0.04042357 -0.11136
v 0.01101779 -0.08058756 -0.11136
v 0.01101779 -0.08058756 0.11136
v 0.0467267 0.05267983 0.003982543
v 0.04344266 0.04042357 0.11136
v 0.04645049 0.05164909 0
v 0.0467267 0.05267983 -0.003982543
v 0.04851204 0.05934274 -0.007965087
v 0.04954278 0.06318968 -0.006897926
v 0.05029737 0.06600576 -0.003982543
v 0.04748129 0.05549591 0.006897926
v 0.04851204 0.05934274 0.007965087
v 0.04954278 0.06318968 0.006897926
v 0.05057352 0.0670365 0
v 0.05029737 0.06600576 0.003982543
v 0.04748129 0.05549591 -0.006897926
v 0.009408771 -0.0769332 -0.1240484
v 0.007881343 -0.08263379 -0.1228745
v 0.006586372 -0.08746653 -0.1195315
v 0.05060631 0.07681804 0.1086266
v 0.04712235 0.06381565 0.006860136
v 0.04609721 0.0599898 0.007921397
v 0.04787278 0.06661629 0.003960669
v 0.04661488 0.06192165 0.1240484
v 0.04102784 0.04107058 0.11136
v 0.009408771 -0.0769332 0.1240484
v 0.008602976 -0.07994049 0.11136
v 0.007881343 -0.08263379 0.1228745
v 0.006586372 -0.08746653 0.1195315
v 0.04661488 0.06192165 -0.1240484
v 0.04609721 0.0599898 -0.007921397
v 0.04712235 0.06381565 -0.006860136
v 0.008602976 -0.07994049 -0.11136
v 0.04102784 0.04107058 -0.11136
v 0.04507213 0.05616402 -0.006860136
v 0.04814743 0.06764137 0
v 0.05060631 0.07681804 -0.1086266
v 0.04787278 0.06661629 -0.003960669
v 0.04814231 0.0676223 0.1228745
v 0.04943722 0.07245504 0.1195315
v 0.04507213 0.05616402 0.006860136
v 0.04432165 0.05336338 0.003960669
v 0.04404699 0.05233824 0
v 0.04432165 0.05336338 -0.003960669
v 0.005721151 -0.09069561 0.1145282
v 0.005417346 -0.09182953 0.1086266
v 0.005417346 -0.09182953 -0.1086266
v 0.005721151 -0.09069561 -0.1145282
v 0.0503025 0.07568413 0.1145282
v 0.04943722 0.07245504 -0.1195315
v 0.04814231 0.0676223 -0.1228745
v 0.0503025 0.07568413 -0.1145282
v 0.01105403 -0.08045232 0.10925
v 0.04340642 0.04028832 0.10925
v 0.01105403 -0.08045232 -0.10925
v 0.04340642 0.04028832 -0.10925
v 0.04314762 0.03932237 0.110982
v 0.04333704 0.04002952 0.11025
v 0.04288876 0.03835648 0.11125
v 0.0115717 -0.07852047 0.11125
v 0.01131284 -0.07948642 0.110982
v 0.01112335 -0.08019351 0.11025
v 0.01131284 -0.07948642 -0.110982
v 0.01112335 -0.08019351 -0.11025
v 0.0115717 -0.07852047 -0.11125
v 0.04288876 0.03835648 -0.11125
v 0.04314762 0.03932237 -0.110982
v 0.04333704 0.04002952 -0.11025
v 0.05084139 0.06803613 0.006999969
v 0.05213552 0.07286578 0.1086266
v 0.05084139 0.06803613 -0.006999969
v 0.05213552 0.07286578 -0.1086266
v 0.05070269 0.06751853 -0.008999943
v 0.04902964 0.06127458 0.1206266
v 0.05021822 0.06571042 0.1197131
v 0.04632139 0.05116707 -0.008999943
v 0.04670029 0.05258125 -0.01046407
v 0.009627461 -0.08577638 0.1171119
v 0.01063507 -0.08201599 0.1197131
v 0.01182359 -0.07758027 0.1206266
v 0.04902964 0.06127458 -0.1206266
v 0.01182359 -0.07758027 -0.1206266
v 0.01063507 -0.08201599 -0.1197131
v 0.009627461 -0.08577638 -0.1171119
v 0.008954167 -0.08828902 -0.1132188
v 0.008717775 -0.08917135 -0.1086266
v 0.008717775 -0.08917135 0.1086266
v 0.008954167 -0.08828902 0.1132188
v 0.04721796 0.05451315 0.01099997
v 0.04670029 0.05258125 0.01046407
v 0.05070269 0.06751853 0.008999943
v 0.05032378 0.06610429 0.01046407
v 0.04980611 0.06417244 0.01099997
v 0.04632139 0.05116707 0.008999943
v 0.04618269 0.0506494 0.006999969
v 0.04618269 0.0506494 -0.006999969
v 0.05189907 0.07198345 0.1132188
v 0.05122584 0.06947082 0.1171119
v 0.04721796 0.05451315 -0.01099997
v 0.04980611 0.06417244 -0.01099997
v 0.05032378 0.06610429 -0.01046407
v 0.05021822 0.06571042 -0.1197131
v 0.05122584 0.06947082 -0.1171119
v 0.05189907 0.07198345 -0.1132188
v 0.05056309 0.06086373 0.1206266
v 0.01335704 -0.07799112 0.1206266
v 0.01025116 -0.08958226 0.1086266
v 0.01048761 -0.08869993 0.1132188
v 0.01116085 -0.0861873 0.1171119
v 0.01216846 -0.08242684 0.1197131
v 0.01025116 -0.08958226 -0.1086266
v 0.01335704 -0.07799112 -0.1206266
v 0.01216846 -0.08242684 -0.1197131
v 0.01116085 -0.0861873 -0.1171119
v 0.01048761 -0.08869993 -0.1132188
v 0.05056309 0.06086373 -0.1206266
v 0.05366891 0.07245492 -0.1086266
v 0.05343252 0.0715726 -0.1132188
v 0.05275923 0.06905996 -0.1171119
v 0.05175161 0.06529951 -0.1197131
v 0.05366891 0.07245492 0.1086266
v 0.05175161 0.06529951 0.1197131
v 0.05275923 0.06905996 0.1171119
v 0.05343252 0.0715726 0.1132188
v -0.01601225 -0.08052492 0
v -0.0160126 -0.08053123 0
v -0.01619112 -0.08016735 -0.04673331
v -0.01171737 -0.05251216 0
v -0.01171815 -0.05251574 0
v -0.01179796 -0.05232936 -0.03058421
v 0.00315845 -0.000846337 -0.1013178
v 0.003157973 -0.000846218 -0.101312
v -0.007395625 -0.04064905 -0.1008723
v -0.01037335 -0.06107378 -0.1204236
v -0.00680226 -0.05141466 -0.1253652
v -0.007229864 -0.04914468 -0.1205053
v 0.006328701 -0.001695752 -0.1254941
v 0.005405485 -0.001448392 -0.1208131
v -0.01115483 -0.06404179 -0.1203986
v -0.01070308 -0.06618463 -0.1253269
v -0.01008796 -0.0638554 -0.1253329
v -0.01191931 -0.06695526 -0.1200938
v -0.01168072 -0.07011514 -0.1251974
v -0.0108993 -0.06697344 -0.1253009
v -0.01181966 -0.07067376 -0.125179
v -0.01266819 -0.06980419 -0.1193745
v -0.01243579 -0.07331848 -0.1248569
v -0.01252537 -0.07370311 -0.12481
v -0.01338613 -0.07253319 -0.1182553
v -0.01302772 -0.07576179 -0.1241987
v -0.01405882 -0.07508945 -0.1167578
v -0.01372969 -0.0785225 -0.122847
v -0.01316863 -0.07631593 -0.1239274
v -0.01467287 -0.07742339 -0.1149109
v -0.01419389 -0.08027225 -0.1215962
v -0.01387 -0.07905131 -0.122469
v -0.01521617 -0.07948982 -0.1127503
v -0.014804 -0.08245849 -0.1194127
v -0.01451337 -0.08141714 -0.1204527
v -0.01564049 -0.0850932 -0.1148911
v -0.01560318 -0.08498144 -0.1151162
v -0.01567816 -0.08124864 -0.1103174
v -0.01518213 -0.08372259 -0.1176525
v -0.01510065 -0.08345019 -0.1180319
v -0.01630145 -0.08618193 -0.1078913
v -0.01622533 -0.08614951 -0.1092831
v -0.01604968 -0.0826646 -0.1076593
v -0.01618808 -0.08613932 -0.1097845
v -0.0160098 -0.08588463 -0.1116837
v -0.01590543 -0.08573555 -0.1127955
v -0.01632368 -0.08370876 -0.104828
v -0.01649516 -0.08435809 -0.1018797
v -0.01651513 -0.08627277 -0.1039866
v -0.01656174 -0.08459472 -0.09887474
v -0.01656931 -0.08651024 -0.1011024
v -0.01658189 -0.08656507 -0.1004359
v -0.01645892 -0.08651125 -0.05039077
v -0.01639765 -0.08648443 -0.02543604
v -0.01634639 -0.08646214 0
v -0.004756927 -0.0221585 -0.02040868
v -0.004747867 -0.0221616 -0.012968
v -0.007666289 -0.0340048 -0.01990723
v -0.00474447 -0.02216279 -0.01020431
v -0.00473237 -0.02216696 0
v -0.007721781 -0.03408318 -0.03981786
v -0.004150569 -0.01975423 -0.02290093
v -0.004348933 -0.02053481 -0.02276408
v -0.004529774 -0.02125036 -0.02235525
v -0.004666209 -0.0217927 -0.02172595
v -0.00474298 -0.02210068 -0.02094942
v -0.004144072 -0.01972866 -0.0229054
v -0.007624626 -0.03370577 -0.04225087
v -0.003832221 -0.01852256 -0.02290523
v -0.003514111 -0.01729261 -0.02290499
v -0.007357954 -0.03269511 -0.04448425
v -0.003450632 -0.01705092 -0.02290499
v -0.006942868 -0.03113055 -0.04634714
v -0.003080606 -0.01564258 -0.02290487
v -0.002874732 -0.01485902 -0.02290481
v -0.006411314 -0.02913135 -0.04769766
v -0.002729833 -0.01431536 -0.02290481
v -0.005803883 -0.02684873 -0.04843246
v -0.002411425 -0.01312017 -0.02290475
v -0.005165398 -0.02444964 -0.04854452
v -0.002081573 -0.01188236 -0.02290469
v -0.001579105 -0.009996414 -0.02290469
v -0.003881633 -0.01962447 -0.04850524
v -0.001439273 -0.009473383 -0.02290469
v 0.001162767 -0.000311564 -0.04120773
v 0.001020133 -0.000273357 -0.02290457
v -0.007496595 -0.0462327 -0.1139858
v -0.01045972 -0.0574994 -0.1138811
v -0.01192253 -0.06306695 -0.1135499
v -0.01515805 -0.07022845 -0.08509826
v -0.01169329 -0.05155891 -0.06487065
v -0.01521205 -0.07045704 -0.08256638
v -0.0118438 -0.05215793 -0.06114315
v -0.01408463 -0.06607931 -0.09423875
v -0.01065379 -0.04759871 -0.07116425
v -0.01128596 -0.0499987 -0.06829768
v -0.01501452 -0.06966048 -0.08757865
v -0.01478451 -0.06876659 -0.08995896
v -0.01447248 -0.06756502 -0.09219324
v -0.01362848 -0.06433802 -0.09605693
v -0.0131129 -0.06237423 -0.09761363
v -0.009845316 -0.04454034 -0.07325541
v 0.003694236 -0.000989865 -0.1085029
v 0.005404293 -0.001448094 -0.1208069
v 0.004930973 -0.001321256 -0.118407
v 0.004429161 -0.001186788 -0.1143885
v 0.004428863 -0.001186728 -0.1143862
v 0.001758873 -0.000471304 -0.0730043
v 0.001297354 -0.000347625 -0.04838645
v 0.001296579 -0.000347446 -0.04834777
v -0.007592558 -0.03392231 0
v -0.007592976 -0.0339241 0
v -0.00811541 -0.03607124 0
v -0.008922159 -0.04105293 -0.07441502
v -0.007951617 -0.03738743 -0.07463395
v -0.005998313 -0.03000682 -0.07468384
v -0.01512825 -0.07080858 -0.04130762
v -0.0163086 -0.07983088 -0.09341478
v -0.01624816 -0.07959133 -0.09626525
v -0.01608729 -0.07896453 -0.09906011
v -0.01582902 -0.07796657 -0.1017434
v -0.01547825 -0.07661879 -0.1042624
v -0.01504176 -0.07494825 -0.1065683
v -0.01452821 -0.07298779 -0.1086172
v -0.0139476 -0.07077509 -0.11037
v -0.01331126 -0.06835258 -0.1117932
v -0.01263183 -0.06576669 -0.11286
v -0.01214963 -0.0544852 0
v -0.01460099 -0.06818157 0
v -0.01497733 -0.07118332 0
v -0.01497805 -0.07118874 0
v -0.0159012 -0.07855182 0
v 0.002628564 -0.000704359 -0.09421229
v 0.001836657 -0.000492166 -0.07490122
v 0.001835763 -0.000491868 -0.07487899
v -0.01001566 -0.05060416 -0.1007593
v -0.01131409 -0.05553668 -0.1004499
v -0.01194435 -0.05793148 -0.0998308
v -0.01254791 -0.06022512 -0.09887945
v -0.01512748 -0.07080316 0.04130446
v -0.01179724 -0.05232584 0.03058212
v -0.01184302 -0.05215448 0.06113904
v -0.007665872 -0.03400307 0.01990622
v -0.01478374 -0.06876134 0.08995223
v -0.01447176 -0.06755983 0.09218627
v -0.01547783 -0.07661259 0.1042543
v -0.01525425 -0.08395236 0.117271
v -0.01559901 -0.08495628 0.1150974
v -0.01567804 -0.08124184 0.1103087
v -0.01649504 -0.08435112 0.1018716
v -0.01656317 -0.08651745 0.1011363
v -0.01656156 -0.08458775 0.09886682
v -0.01658189 -0.08656507 0.1004359
v -0.01632356 -0.08370184 0.1048196
v -0.01644074 -0.08620524 0.1057274
v -0.01647931 -0.08630359 0.1042809
v -0.01604956 -0.08265775 0.1076507
v -0.01622533 -0.08614951 0.1092831
v -0.01631301 -0.08617222 0.1078351
v -0.01570075 -0.08525264 0.1144558
v -0.01595687 -0.08583813 0.1123235
v -0.01601231 -0.08590239 0.111696
v -0.01509916 -0.08344167 0.1180248
v -0.01521611 -0.07948321 0.1127414
v -0.01488423 -0.0827338 0.1190696
v -0.01467287 -0.07741689 0.1149018
v -0.01451355 -0.08141869 0.1204565
v -0.01428377 -0.08060324 0.1213164
v -0.01405882 -0.07508313 0.1167486
v -0.01387155 -0.07906097 0.1224837
v -0.01382553 -0.07888901 0.1226139
v -0.01338624 -0.07252705 0.1182459
v -0.01317048 -0.0763303 0.1239557
v -0.01266831 -0.06979829 0.119365
v -0.01262873 -0.07413274 0.1247077
v -0.01312929 -0.07616943 0.12404
v -0.01168072 -0.07011514 0.1251974
v -0.01181966 -0.07067376 0.125179
v -0.01192218 -0.0711255 0.1251622
v -0.01243549 -0.07331031 0.124832
v -0.01191955 -0.06694954 0.1200843
v -0.01115512 -0.0640363 0.1203891
v -0.0108993 -0.06697344 0.1253009
v -0.004746556 -0.04362022 0.1253845
v -0.006803691 -0.05141299 0.1253646
v -0.00723046 -0.04914039 0.1204959
v -0.01008814 -0.06385511 0.1253328
v -0.01037371 -0.06106853 0.1204141
v -0.01070308 -0.06618463 0.1253269
v 0.006328701 -0.001695752 0.1254941
v 0.005406081 -0.001448571 0.1208161
v 0.005403697 -0.001447916 0.120804
v 0.004930973 -0.001321256 0.118407
v -0.006410956 -0.02912986 0.04769521
v -0.002411425 -0.01312017 0.02290475
v -0.005803585 -0.02684736 0.04843002
v -0.002081573 -0.01188236 0.02290469
v -0.0051651 -0.02444839 0.04854202
v -0.001579105 -0.009996414 0.02290469
v -0.003881394 -0.01962345 0.04850274
v -0.001439273 -0.009473383 0.02290469
v 0.001162767 -0.000311564 0.04120773
v 0.001020133 -0.000273357 0.02290457
v -0.003080606 -0.01564258 0.02290487
v -0.002874732 -0.01485902 0.02290481
v -0.002729833 -0.01431536 0.02290481
v -0.006942451 -0.031129 0.04634475
v -0.007357537 -0.03269344 0.04448199
v -0.003450632 -0.01705092 0.02290499
v -0.007624208 -0.03370404 0.04224866
v -0.003832221 -0.01852256 0.02290523
v -0.003514111 -0.01729261 0.02290499
v -0.004747867 -0.0221616 0.012968
v -0.004756927 -0.0221585 0.02040868
v -0.004723489 -0.02202194 0.02123337
v -0.007721364 -0.03408145 0.03981584
v -0.004625022 -0.02162855 0.02196508
v -0.004472255 -0.02102243 0.02252215
v -0.004281759 -0.02027004 0.0228427
v -0.004150807 -0.01975512 0.0229023
v -0.004144072 -0.01972866 0.0229054
v -0.00473237 -0.02216696 0
v -0.00474447 -0.02216279 0.01020431
v -0.01646453 -0.08651381 0.0503996
v -0.01630812 -0.0798245 0.09340739
v -0.01624763 -0.07958495 0.09625768
v -0.01608681 -0.07895815 0.09905236
v -0.01582854 -0.07796025 0.1017354
v -0.01045966 -0.05749464 0.1138722
v -0.01192235 -0.06306177 0.1135411
v -0.01263159 -0.06576132 0.1128512
v -0.01331102 -0.06834697 0.1117845
v -0.01394724 -0.07076936 0.1103613
v -0.01452785 -0.07298189 0.1086087
v -0.01504135 -0.07494217 0.10656
v 0.003694236 -0.000989865 0.1085029
v 0.004428029 -0.00118649 0.1143797
v -0.007496774 -0.04622882 0.113977
v 0.004429936 -0.001187026 0.1143949
v -0.01128524 -0.04999536 0.06829315
v -0.01065313 -0.04759556 0.07115948
v -0.01408392 -0.06607425 0.09423166
v -0.01169252 -0.05155551 0.0648663
v -0.01194381 -0.05792707 0.09982329
v -0.00984472 -0.04453736 0.07325047
v -0.008921623 -0.04105019 0.07441002
v -0.01254725 -0.06022053 0.098872
v -0.01311224 -0.06236946 0.0976063
v -0.01362776 -0.06433308 0.09604972
v -0.005997955 -0.03000485 0.07467883
v -0.007395386 -0.04064589 0.1008647
v -0.00795114 -0.03738492 0.07462894
v -0.01001524 -0.05060023 0.1007517
v -0.01131355 -0.05553239 0.1004423
v 0.001296579 -0.000347446 0.04834526
v 0.001297354 -0.000347625 0.04838895
v -0.01619064 -0.08016097 0.04672962
v -0.0159012 -0.07855182 0
v -0.01634639 -0.08646214 0
v -0.01521122 -0.07045167 0.08256012
v -0.01515728 -0.07022309 0.08509182
v -0.01501375 -0.06965517 0.08757203
v -0.01460099 -0.06818157 0
v -0.01214963 -0.0544852 0
v -0.00811541 -0.03607124 0
v 0.002628564 -0.000704359 0.09421229
v 0.003157436 -0.000846039 0.1013044
v 0.003158986 -0.000846456 0.1013254
v 0.001758873 -0.000471304 0.0730043
v 0.001835525 -0.000491868 0.07487392
v 0.001836836 -0.000492166 0.07490628
v 0.02639752 0.07774692 0
v 0.02640032 0.07775259 0
v 0.02606374 0.07752674 0.046736
v 0.01611441 0.05135422 0
v 0.01611554 0.05135774 0
v 0.0159533 0.05123585 0.03059518
v 0.02155423 0.05807954 0.1204267
v 0.01981633 0.04792749 0.1253652
v 0.01831191 0.04617655 0.1205084
v 0.02236145 0.06104075 0.1204016
v 0.02382314 0.06266915 0.1253269
v 0.02319127 0.06034433 0.1253329
v 0.02315616 0.06394624 0.1200969
v 0.02494174 0.06656187 0.1251974
v 0.02404761 0.06345039 0.1253009
v 0.0251007 0.06711512 0.125179
v 0.02393209 0.06678795 0.1193776
v 0.02588951 0.06971353 0.1248569
v 0.02600425 0.07009148 0.12481
v 0.02467489 0.0695104 0.1182583
v 0.02659851 0.07212555 0.1241987
v 0.02537041 0.07206058 0.1167608
v 0.02737092 0.07486736 0.122847
v 0.02675354 0.07267594 0.1239274
v 0.02600562 0.07438892 0.1149139
v 0.02784383 0.07661479 0.1215962
v 0.02751386 0.07539546 0.122469
v 0.02656835 0.07645022 0.1127532
v 0.02840858 0.07881319 0.1194127
v 0.02813959 0.07776606 0.1204527
v 0.02900147 0.08151316 0.1148911
v 0.02897793 0.08139771 0.1151162
v 0.02704769 0.07820439 0.1103203
v 0.0287131 0.08009701 0.1176525
v 0.02864748 0.07982033 0.1180319
v 0.02897346 0.0827865 0.1078913
v 0.02902317 0.08272033 0.1092831
v 0.02743393 0.07961648 0.1076621
v 0.02905035 0.08269292 0.1097845
v 0.02907741 0.08238321 0.1116837
v 0.0290932 0.08220189 0.1127955
v 0.02771872 0.08065778 0.1048307
v 0.02789485 0.08130586 0.1018823
v 0.0288338 0.08297204 0.1039866
v 0.02795553 0.08154404 0.09887731
v 0.02890563 0.08320474 0.1011024
v 0.0289222 0.08325856 0.1004359
v 0.02900171 0.08315044 0.05039077
v 0.02904134 0.08309656 0.02543604
v 0.02907466 0.08305162 0
v 0.006959557 0.02156823 0.02040868
v 0.006968975 0.02156645 0.012968
v 0.0103715 0.03331017 0.01992386
v 0.006972491 0.02156573 0.01020431
v 0.006985068 0.02156329 0
v 0.0103625 0.03340554 0.03985106
v 0.006282567 0.01918292 0.02290093
v 0.006501078 0.01995807 0.02276408
v 0.006702184 0.0206682 0.02235525
v 0.006855249 0.02120608 0.02172595
v 0.006942749 0.02151125 0.02094942
v 0.006275415 0.01915758 0.0229054
v 0.01025778 0.03302973 0.04228609
v 0.005942463 0.01795709 0.02290523
v 0.005602955 0.01673305 0.02290499
v 0.009983181 0.03202027 0.04452133
v 0.005548059 0.01653105 0.02290499
v 0.009560048 0.03045648 0.04638582
v 0.005219459 0.01532191 0.02290493
v 0.009020328 0.0284577 0.04773747
v 0.004842758 0.01393556 0.02290481
v 0.008404493 0.02617532 0.04847294
v 0.004442512 0.01246285 0.02290475
v 0.004283308 0.01187711 0.02290469
v 0.007757365 0.02377641 0.04858517
v 0.004100203 0.01119524 0.02290469
v 0.006455481 0.01895183 0.04854601
v 0.003490984 0.008927166 0.02290469
v 0.002978086 0.007017314 0.02290463
v 0.01662558 0.04378938 0.1139923
v 0.01969301 0.05502885 0.1138876
v 0.02121001 0.06058222 0.1135564
v 0.02199041 0.06840753 0.08510959
v 0.01565861 0.05051589 0.06489396
v 0.02205801 0.06863254 0.08257734
v 0.01582783 0.05111008 0.06116509
v 0.02084535 0.06427705 0.09425127
v 0.01457834 0.04656505 0.07118976
v 0.01523107 0.04896044 0.06832224
v 0.02183073 0.06784385 0.08759033
v 0.02158296 0.06695461 0.08997094
v 0.02125233 0.06575787 0.09220546
v 0.02036964 0.06254076 0.09606969
v 0.01983422 0.06058198 0.09762662
v 0.013749 0.04351109 0.0732817
v 0.01039409 0.03320223 0
v 0.01039463 0.03320395 0
v 0.01100742 0.03529626 0
v 0.009812414 0.0289961 0.07471078
v 0.01181179 0.03636711 0.07466083
v 0.01280444 0.04002815 0.07444173
v 0.02230638 0.06889504 0.04131311
v 0.02579373 0.07729417 0.0934202
v 0.02572637 0.07705646 0.09627079
v 0.02555221 0.07643318 0.09906584
v 0.02527689 0.07543975 0.1017493
v 0.02490681 0.07409709 0.1042684
v 0.02444952 0.07243204 0.1065745
v 0.02391403 0.07047736 0.1086235
v 0.02331048 0.06827068 0.1103764
v 0.02265018 0.06585443 0.1117997
v 0.02194565 0.06327509 0.1128665
v 0.01672065 0.05326038 0
v 0.02144587 0.06634747 0
v 0.02262461 0.06914412 0
v 0.02262669 0.06914913 0
v 0.02550506 0.07597851 0
v 0.01392215 0.03890591 0.1008856
v 0.016631 0.04883861 0.1007726
v 0.017973 0.05376017 0.1004632
v 0.01862466 0.0561496 0.09984403
v 0.0192489 0.058438 0.09889256
v 0.02230435 0.06889003 -0.04131001
v 0.01595216 0.05123245 -0.03059315
v 0.0158267 0.05110675 -0.06116098
v 0.01037096 0.03330844 -0.01992285
v 0.009811699 0.02899414 -0.07470577
v 0.006455183 0.01895087 -0.04854351
v 0.02847677 0.07909172 -0.1190696
v 0.02864456 0.07981222 -0.1180248
v 0.02656507 0.07644444 -0.1127442
v 0.02876555 0.08033204 -0.117271
v 0.02896898 0.08137387 -0.1150974
v 0.02704435 0.07819849 -0.1103115
v 0.02789151 0.08129972 -0.1018742
v 0.02891457 0.08320796 -0.1011363
v 0.02795219 0.08153796 -0.09886938
v 0.0289222 0.08325856 -0.1004359
v 0.02771538 0.0806517 -0.1048223
v 0.0288645 0.08287632 -0.1057274
v 0.02888023 0.08298081 -0.1042809
v 0.02743059 0.07961046 -0.1076535
v 0.02902317 0.08272033 -0.1092831
v 0.02895855 0.08278387 -0.1078351
v 0.02902901 0.08168137 -0.1144558
v 0.02909994 0.08231645 -0.1123235
v 0.02908408 0.08239984 -0.111696
v 0.02793145 0.07694637 -0.1213164
v 0.02814018 0.07776743 -0.1204565
v 0.0260024 0.07438325 -0.1149048
v 0.02747118 0.07523268 -0.1226139
v 0.02751737 0.07540458 -0.1224837
v 0.02536725 0.0720551 -0.1167516
v 0.02671438 0.07252937 -0.12404
v 0.02675914 0.07268923 -0.1239557
v 0.02467173 0.06950515 -0.1182489
v 0.0251007 0.06711512 -0.125179
v 0.02523779 0.06755757 -0.1251622
v 0.02392899 0.06678295 -0.1193681
v 0.02588564 0.06970638 -0.124832
v 0.02612948 0.07051521 -0.1247077
v 0.02235847 0.0610361 -0.1203922
v 0.02404761 0.06345039 -0.1253009
v 0.02494174 0.06656187 -0.1251974
v 0.01769942 0.04014945 -0.1253845
v 0.01981431 0.04792678 -0.1253646
v 0.01830923 0.04617315 -0.120499
v 0.02319091 0.06034415 -0.1253328
v 0.02155131 0.05807512 -0.1204172
v 0.02382314 0.06266915 -0.1253269
v 0.002978086 0.007017314 -0.02290463
v 0.003490984 0.008927166 -0.02290469
v 0.007757008 0.02377521 -0.04858267
v 0.004100203 0.01119524 -0.02290469
v 0.004283308 0.01187711 -0.02290469
v 0.008404076 0.026174 -0.04847049
v 0.004442512 0.01246285 -0.02290475
v 0.009019851 0.02845627 -0.04773503
v 0.004842758 0.01393556 -0.02290481
v 0.009559571 0.03045493 -0.04638344
v 0.005219459 0.01532191 -0.02290493
v 0.009982705 0.03201866 -0.04451906
v 0.005548059 0.01653105 -0.02290499
v 0.0102573 0.03302806 -0.04228395
v 0.005942463 0.01795709 -0.02290523
v 0.005602955 0.01673305 -0.02290499
v 0.006968975 0.02156645 -0.012968
v 0.006959557 0.02156823 -0.02040868
v 0.006920278 0.02143329 -0.02123337
v 0.01036196 0.03340381 -0.03984904
v 0.006808876 0.02104336 -0.02196508
v 0.00663805 0.02044206 -0.02252215
v 0.00642687 0.01969522 -0.0228427
v 0.006282806 0.01918387 -0.0229023
v 0.006275415 0.01915758 -0.0229054
v 0.006985068 0.02156329 0
v 0.006972491 0.02156573 -0.01020431
v 0.02899813 0.08315545 -0.0503996
v 0.02579098 0.07728838 -0.09341281
v 0.02572357 0.07705068 -0.09626322
v 0.02554947 0.07642745 -0.09905809
v 0.02527415 0.07543408 -0.1017413
v 0.01924711 0.05843371 -0.09888511
v 0.02194315 0.06327027 -0.1128576
v 0.02264767 0.06584942 -0.1117909
v 0.02315312 0.06394141 -0.1200874
v 0.02120757 0.06057763 -0.1135476
v 0.01969069 0.05502468 -0.1138787
v 0.02391135 0.070472 -0.1086149
v 0.02330785 0.06826549 -0.1103677
v 0.0203678 0.06253612 -0.09606248
v 0.01983237 0.06057751 -0.09761923
v 0.01662349 0.0437861 -0.1139835
v 0.02444684 0.07242655 -0.1065661
v 0.02125036 0.06575298 -0.09219855
v 0.02084344 0.06427228 -0.09424418
v 0.01523005 0.04895722 -0.06831765
v 0.01457732 0.04656201 -0.07118505
v 0.01565754 0.05051255 -0.0648896
v 0.02158099 0.06694966 -0.08996415
v 0.02490407 0.07409149 -0.1042602
v 0.01862293 0.05614548 -0.09983652
v 0.01374804 0.04350823 -0.07327681
v 0.01280355 0.04002553 -0.07443678
v 0.01797133 0.05375623 -0.1004556
v 0.01662939 0.04883503 -0.1007651
v 0.01392078 0.03890305 -0.1008781
v 0.01181095 0.03636473 -0.07465583
v 0.02606099 0.07752102 -0.04673236
v 0.02550506 0.07597851 0
v 0.02907466 0.08305162 0
v 0.02205598 0.06862747 -0.08257114
v 0.02198845 0.06840246 -0.08510315
v 0.02182871 0.06783884 -0.08758372
v 0.02144587 0.06634747 0
v 0.01672065 0.05326038 0
v 0.01100742 0.03529626 0
vn -0.5111545 -0.8562883 -0.07367163
vn 0.1209753 -0.9841609 -0.1295511
vn -0.5625172 -0.782281 -0.2675253
vn 0.112064 -0.8615375 -0.4951018
vn -0.5131993 -0.7263405 -0.4571673
vn -0.6079897 -0.6152532 -0.5017548
vn 0.07480084 -0.503647 -0.8606525
vn -0.5889157 -0.4604022 -0.6642048
vn 0.03274631 -0.1372112 -0.9899899
vn -0.008178949 -0.09619432 -0.9953002
vn 0.1208838 -0.9841914 0.1292459
vn -0.5103305 -0.8569293 0.07223731
vn 0.03259372 -0.1370891 0.9899899
vn 0.07449567 -0.5035554 0.8607136
vn -0.008270502 -0.09756767 0.9951781
vn -0.5872982 -0.4639118 0.6631978
vn -0.6073794 -0.619068 0.4977874
vn 0.1118198 -0.861568 0.4951323
vn -0.5114902 -0.7309793 0.4516739
vn -0.5609912 -0.7846919 0.2636189
vn -0.6548967 0.5642567 -0.5026704
vn -0.5849483 0.4534745 -0.6723838
vn 0.05090487 0.4910428 -0.8696249
vn -0.5849788 0.4535356 -0.6723533
vn -0.6876431 0.2305368 -0.6884365
vn -0.02539139 0.1081271 -0.9938048
vn -0.8537858 0.3193151 -0.4111453
vn -0.9073764 0.2966094 -0.2977691
vn -0.7026887 0.6085696 -0.3685415
vn 0.1407513 0.8598895 -0.4906156
vn -0.4696798 0.8074282 -0.356975
vn 0.1569567 0.9790338 -0.1297952
vn -0.558916 0.8252816 -0.08056885
vn -0.7280801 0.6779382 -0.1012299
vn -0.05810719 0.142735 -0.9880368
vn -0.0160222 0.1448714 -0.989288
vn -0.6848049 0.1871395 -0.7042452
vn -0.1087069 -0.1068453 -0.9883114
vn -0.6863918 0.1803949 -0.7044893
vn -0.08111816 -0.09735405 -0.9919126
vn -0.7224952 0.1268349 -0.6795862
vn -0.684988 0.1841792 -0.7048555
vn -0.6850185 0.1842097 -0.704825
vn -0.1038545 0.1189611 -0.9874264
vn -0.6852016 0.1830805 -0.7049471
vn -0.6852626 0.1820734 -0.7051302
vn -0.1416059 -0.06707966 -0.98764
vn -0.686697 0.1804254 -0.7041536
vn -0.6866055 0.1803339 -0.7042757
vn -0.6849269 0.1870784 -0.7041536
vn -0.6849575 0.1870174 -0.7041231
vn -0.6844996 0.1850032 -0.7050997
vn -0.685049 0.1841792 -0.7047945
vn -0.6847133 0.1843013 -0.7050997
vn -0.1383709 0.08075195 -0.9870601
vn -0.6859645 0.1831721 -0.7041536
vn -0.1573534 0.03295993 -0.9869686
vn -0.1585131 -0.01843315 -0.9871822
vn -0.6853237 0.18305 -0.704825
vn -0.6852626 0.18305 -0.704886
vn -0.3567919 -0.8070925 -0.4703513
vn -0.8645894 -0.4511246 -0.2211066
vn -0.3957335 -0.9124424 -0.103885
vn -0.9733573 -0.1768547 -0.1458784
vn -0.8858303 -0.4626301 -0.0356456
vn -0.7058321 -0.2086855 -0.6769311
vn -0.7057405 -0.208716 -0.6769921
vn -0.1807611 -0.4737388 -0.8619037
vn -0.9150059 -0.1281167 -0.382519
vn -0.8816492 -0.3158971 -0.3505356
vn -0.8591571 0.1067537 -0.500412
vn -0.9065828 0.1447492 -0.3963439
vn -0.9602954 -0.2719504 0.06179994
vn -0.9541307 -0.2955412 -0.04742574
vn -0.4279 -0.8948943 0.1264687
vn -0.3533738 -0.9264504 0.1295816
vn -0.8452712 0.351146 0.4026917
vn -0.1803949 0.3390606 0.9232765
vn -0.7975402 0.3366191 0.5005646
vn -0.0216071 0.1249427 0.9919126
vn -0.6891385 0.2514114 0.6795862
vn -0.535844 0.8435316 0.0356456
vn 0.07959222 0.99176 0.1002838
vn -0.6754357 0.724601 0.1368449
vn 0.02581864 0.9553514 0.2942289
vn -0.7409589 0.4803308 0.4692526
vn -0.7088534 0.4274423 0.5610218
vn 0.08191168 0.4942167 0.8654439
vn -0.7283242 0.5716727 0.3777581
vn -0.09881889 0.7293618 0.6769006
vn -0.6756493 0.6243477 0.3920102
vn 0.09524822 0.8854945 0.4547258
vn -0.6114689 0.7189245 0.3304544
vn -0.5880917 0.7734916 0.2362437
vn -0.686697 0.1804254 0.7041536
vn -0.6867275 0.1804865 0.7041231
vn -0.1216773 -0.09457683 0.9880368
vn -0.07562482 -0.08099609 0.9938353
vn -0.7104404 0.1440473 0.6888333
vn -0.6866055 0.1803339 0.7042757
vn -0.1494186 -0.05105745 0.9874264
vn -0.6852626 0.1820734 0.7051302
vn -0.6852626 0.18305 0.704886
vn -0.6849269 0.1841487 0.7049165
vn -0.6844996 0.1850032 0.7050997
vn -0.08908349 0.1289101 0.98764
vn -0.6849269 0.1870784 0.7041536
vn -0.0406506 0.1469466 0.9882809
vn -0.08630633 -0.1174047 0.9893186
vn -0.6848049 0.1871089 0.7042757
vn -0.6846218 0.1869564 0.7044893
vn -0.6861171 0.1838129 0.7038484
vn -0.6837062 0.1850032 0.7058626
vn -0.1280556 0.0952177 0.9871822
vn -0.6845301 0.183111 0.7055879
vn -0.684988 0.1841792 0.704886
vn -0.6853237 0.18305 0.704825
vn -0.6859035 0.1826227 0.7043672
vn -0.1602221 -0.000732444 0.9870601
vn -0.1527757 0.05011135 0.9869686
vn -0.8988311 0.1510361 0.41142
vn -0.246437 -0.2474135 0.9370403
vn -0.9285562 0.1885128 0.3196814
vn -0.8359325 -0.02142399 0.5483566
vn -0.4563127 -0.8500626 0.2628559
vn -0.8966338 -0.4354991 0.07962274
vn -0.9575793 -0.2543718 0.1353496
vn -0.894528 -0.3621326 0.2619709
vn -0.3070467 -0.8164617 0.488937
vn -0.912656 -0.1735892 0.3700064
vn -0.4017761 -0.5940123 0.6968902
vn -0.8901639 -0.1759392 0.4202399
vn -0.1460921 -0.4341563 0.8888821
vn -0.8496353 -0.1445661 0.5070956
vn -0.835902 -0.02139347 0.5484176
vn -0.8764611 -0.4813989 0.003082334
vn -0.8751183 -0.4838709 -0.001617431
vn -0.8775292 -0.4794458 -0.000915555
vn -0.123661 0.03442484 -0.991699
vn -0.1209753 0.05127108 -0.9913023
vn 0.02090513 0.0635395 -0.9977416
vn -0.1232337 0.03241062 -0.9918211
vn -0.01232945 -0.07327491 -0.9972229
vn -0.1242408 0.03204441 -0.9917295
vn -0.1348002 -0.007446467 -0.9908139
vn -0.1226233 0.03228855 -0.9919126
vn -0.122013 0.03277683 -0.9919736
vn -0.122898 0.03344827 -0.9918516
vn 0.2451857 0.9234901 -0.2949309
vn 0.1329081 0.9631947 -0.2335886
vn 0.2646565 0.9614551 -0.07422101
vn 0.1807611 0.9659414 -0.1850032
vn 0.1340983 0.9899289 -0.04498428
vn 0.07959222 0.7793817 -0.6214484
vn 0.08047729 0.8319041 -0.5489975
vn 0.2164067 0.7777642 -0.5901059
vn 0.1166112 0.8722496 -0.4748985
vn 0.1186254 0.9368267 -0.32902
vn 0.06320381 0.6771447 -0.7331156
vn 0.1665395 0.5584277 -0.8126469
vn 0.02008116 0.6143682 -0.7887509
vn -0.05249178 0.2356334 -0.9703971
vn -0.05575728 0.3326823 -0.941374
vn 0.08868676 0.2999054 -0.9498276
vn -0.009949028 0.4110538 -0.9115269
vn 0.02020323 0.5363934 -0.8437147
vn -0.08432263 0.1251564 -0.988525
vn 0.1348307 0.9908444 0.002777159
vn 0.1309244 0.9911801 0.02047789
vn 0.2615131 0.962859 0.06711018
vn 0.1365398 0.9906308 0.000274667
vn 0.1362651 0.9906613 0.000274667
vn 0.1315653 0.9912717 -0.004760861
vn 0.1362956 0.9906613 -0.000457778
vn 0.1359905 0.9906919 0.000274667
vn 0.135197 0.9908139 -3.05185e-05
vn 0.1360515 0.9906919 -0.000274667
vn -0.03857535 0.3504745 0.9357585
vn -0.05688649 0.2550737 0.9652394
vn 0.07415997 0.285287 0.9555345
vn 0.02594071 0.06961268 0.9972229
vn -0.02194279 0.1973937 0.9800714
vn -0.11301 0.0738548 0.9908139
vn 0.01318395 0.4871059 0.8732261
vn 0.1602526 0.5681021 0.8071841
vn 0.008819818 0.5646229 0.8252816
vn 0.2259895 0.7808161 0.5823847
vn 0.06936854 0.7970214 0.5999023
vn 0.07873773 0.7372051 0.671041
vn 0.04031491 0.632313 0.7736442
vn 0.1429792 0.966094 0.2149418
vn 0.1089205 0.9448531 0.3088168
vn 0.2533341 0.9154943 0.3125095
vn 0.1230201 0.9103061 0.3952147
vn 0.1033356 0.8455458 0.5237587
vn 0.1449324 0.9843135 0.1003143
vn -0.1243019 0.03198337 0.991699
vn -0.1304056 0.01605272 0.9913023
vn -0.01364177 -0.06549268 0.9977416
vn -0.122959 0.03353983 0.9918211
vn -0.1236 0.0343638 0.9917295
vn -0.1223487 0.0333262 0.9919126
vn -0.122074 0.03259372 0.9919736
vn -0.1231727 0.03244113 0.9918516
vn -0.2493972 -0.9223609 0.2949309
vn -0.3664662 -0.9006012 0.2335886
vn -0.2515031 -0.9649953 0.07422101
vn -0.3263955 -0.9269387 0.1850032
vn -0.3788263 -0.9243446 0.04498428
vn -0.3207495 -0.7147435 0.6214484
vn -0.3462325 -0.7607043 0.5489975
vn -0.2014527 -0.7817621 0.5901059
vn -0.3350932 -0.8137151 0.4748985
vn -0.3656423 -0.8706321 0.32902
vn -0.2838221 -0.6180303 0.7331156
vn -0.1349833 -0.5668813 0.8126469
vn -0.2897732 -0.5421003 0.7887509
vn -0.163274 -0.1778008 0.9703971
vn -0.2146366 -0.2602313 0.941374
vn -0.07312232 -0.3040559 0.9498276
vn -0.2141484 -0.3509933 0.9115269
vn -0.250679 -0.4746544 0.8437147
vn -0.1355937 -0.06619465 0.988525
vn -0.3786432 -0.9255043 -0.002777159
vn -0.3821833 -0.9238258 -0.02047789
vn -0.2549211 -0.9645985 -0.06711018
vn -0.3770257 -0.9261757 -0.000244148
vn -0.3772698 -0.9260842 -0.000274667
vn -0.381695 -0.9242531 0.004760861
vn -0.3772698 -0.9260842 0.000457778
vn -0.3775445 -0.9259621 -0.000274667
vn -0.3782769 -0.9256569 3.05185e-05
vn -0.377514 -0.9259926 0.000274667
vn -0.208655 -0.2842189 -0.9357585
vn -0.1767937 -0.1924497 -0.9652394
vn -0.07840204 -0.2841578 -0.9555345
vn -0.1177099 -0.1599475 -0.9800714
vn -0.2321237 -0.4284493 -0.8732261
vn -0.1452376 -0.5721305 -0.8071841
vn -0.2746666 -0.4933927 -0.8252816
vn -0.1946775 -0.7892087 -0.5823847
vn -0.3384197 -0.7249367 -0.5999023
vn -0.3003937 -0.6778161 -0.671041
vn -0.2812281 -0.5677664 -0.7736442
vn -0.3592029 -0.9081393 -0.2149418
vn -0.3780938 -0.8727073 -0.3088168
vn -0.238319 -0.9195227 -0.3125095
vn -0.3485824 -0.8498489 -0.3952147
vn -0.3332621 -0.7839289 -0.5237587
vn -0.3666188 -0.9249245 -0.1003143
vn -0.9212623 -0.3851131 -0.05386513
vn -0.9973754 -0.0293588 -0.06604206
vn -0.9955748 -0.02749717 -0.08978545
vn -0.6662191 -0.7448347 -0.03659164
vn -0.9182409 -0.381756 -0.1049836
vn -0.6545305 -0.722068 -0.2239448
vn -0.6602374 -0.7433394 -0.107303
vn -0.9929502 -0.01867729 -0.1170079
vn -0.9130527 -0.3665578 -0.1786553
vn -0.9915769 -0.003234922 -0.1293374
vn -0.9050264 -0.3330485 -0.2644734
vn -0.6251717 -0.6093021 -0.4877163
vn -0.6425062 -0.6758629 -0.3610035
vn -0.9887997 0.002075254 -0.1491439
vn -0.9838557 0.02133244 -0.1776482
vn -0.8936125 -0.2870266 -0.3449812
vn -0.9775995 0.0462355 -0.205298
vn -0.8789331 -0.2298043 -0.4178594
vn -0.9748222 0.06436353 -0.2133244
vn -0.8610798 -0.1622974 -0.4818262
vn -0.5749687 -0.4203619 -0.7018952
vn -0.6024354 -0.5230873 -0.6028016
vn -0.9536424 0.1362041 -0.2682577
vn -0.8184454 -0.004364132 -0.5745415
vn -0.9588916 0.1236 -0.2553178
vn -0.8408154 -0.08648943 -0.5343181
vn -0.9625233 0.1046479 -0.2500687
vn -0.9703971 0.07525861 -0.2294381
vn -0.5435346 -0.303415 -0.7825862
vn -0.5088657 -0.1755119 -0.8427381
vn -0.4721213 -0.04034543 -0.8805811
vn -0.7942748 0.08230841 -0.6019166
vn -0.9443953 0.1707205 -0.2809229
vn -0.4447767 0.06921595 -0.8929411
vn -0.7761467 0.1604663 -0.6097598
vn -0.9363994 0.2052369 -0.284524
vn -0.9978942 -0.04754781 -0.04367196
vn -0.9981384 -0.06094545 0.001068115
vn -0.9963073 -0.08551281 0.002563536
vn -0.9096347 -0.4153874 0.002075254
vn -0.6523942 -0.7578356 0.001068115
vn -0.6552629 -0.7553942 0.001281738
vn -0.9129612 -0.4079715 0.001922607
vn -0.6521195 -0.7580187 -0.009826958
vn -0.9058809 -0.4232612 -0.01245152
vn -0.9963378 -0.08539074 0.002410948
vn -0.9960326 -0.08865624 0.002044737
vn -0.9957579 -0.09179967 0.00238043
vn -0.99588 -0.08560442 -0.02923673
vn -0.9965819 -0.07373267 -0.0366832
vn -0.9976501 -0.03228855 0.05996882
vn -0.9978637 -0.04138308 0.05032497
vn -0.9198889 -0.3906369 0.03421121
vn -0.9968261 -0.02749717 0.0745567
vn -0.9202857 -0.384228 0.07333594
vn -0.6613361 -0.7474288 0.06299018
vn -0.6639607 -0.7475204 0.01733446
vn -0.9978942 -0.05624556 0.03222751
vn -0.9963683 -0.08404797 0.01312291
vn -0.9067049 -0.4217353 0.000793481
vn -0.9957885 -0.09146398 -0.002319395
vn -0.99588 -0.09033477 -0.001953184
vn -0.9960631 -0.08832055 -0.002441465
vn -0.9085971 -0.4176458 -0.001983702
vn -0.9077426 -0.4195075 -0.001586914
vn -0.9128086 -0.4083682 -0.002075254
vn -0.9963683 -0.08474987 -0.003051817
vn -0.9096042 -0.4154179 -0.001861572
vn -0.9962767 -0.08594012 -0.002533018
vn -0.9960936 -0.08804589 -0.002349913
vn -0.6502884 -0.7596362 0.00125122
vn -0.6508072 -0.759209 -0.000976592
vn -0.6515702 -0.7585681 -0.00100708
vn -0.6524552 -0.7577746 -0.001098632
vn -0.655324 -0.7553026 -0.000976592
vn -0.7730644 0.1720023 0.6105228
vn -0.9355449 0.2072511 0.2859279
vn -0.9402447 0.1860103 0.285165
vn -0.441969 0.09112823 0.8923612
vn -0.7845699 0.1231421 0.607654
vn -0.4864956 -0.09143346 0.868862
vn -0.4561296 0.02313297 0.889584
vn -0.9474471 0.157445 0.2784203
vn -0.8033692 0.04947048 0.5933714
vn -0.9534593 0.1436811 0.2650532
vn -0.826899 -0.03570663 0.5611743
vn -0.5558031 -0.3487655 0.7546007
vn -0.522538 -0.2247077 0.8224433
vn -0.9570605 0.1239356 0.2619404
vn -0.9656056 0.09320348 0.2427137
vn -0.8486893 -0.1156651 0.5160375
vn -0.9732047 0.06479078 0.2205877
vn -0.8682821 -0.1884518 0.4588458
vn -0.9774773 0.05426186 0.2039247
vn -0.8848842 -0.2518998 0.3917661
vn -0.6112552 -0.5579089 0.5612964
vn -0.5857418 -0.4608295 0.6667073
vn -0.9904477 -0.005890071 0.1375774
vn -0.9086581 -0.3465071 0.2328867
vn -0.9888913 0.007812738 0.1483199
vn -0.8983734 -0.3055818 0.3154088
vn -0.9859615 0.01470988 0.1662648
vn -0.9800104 0.03753775 0.1953184
vn -0.6319468 -0.6369213 0.4415418
vn -0.647206 -0.6962798 0.3102512
vn -0.6568804 -0.7341228 0.1717581
vn -0.9153722 -0.3754387 0.1452681
vn -0.9943236 -0.02117979 0.1040376
vn -0.9204688 0.2424696 0.3064669
vn -0.9212012 0.2421948 0.3043916
vn -0.7595142 0.1968443 0.619953
vn -0.4279611 0.1126743 0.8967254
vn -0.4234138 0.113071 0.8988311
vn -0.7570727 0.1993774 0.6221199
vn -0.7503281 0.2003235 0.6299631
vn -0.9200415 0.2423474 0.3077791
vn -0.9172949 0.2453383 0.3135777
vn -0.4310434 0.1107211 0.8955046
vn -0.920896 0.2412488 0.3061311
vn -0.9234291 0.2334666 0.3044832
vn -0.9308451 0.2210761 0.2908719
vn -0.9175085 0.2723777 0.2897732
vn -0.9133275 0.2655416 0.3086337
vn -0.7570117 0.2113102 0.618244
vn -0.919187 0.2504654 0.3038728
vn -0.9135716 0.2904446 0.284524
vn -0.7524033 0.2490921 0.6097598
vn -0.4198126 0.16245 0.8929411
vn -0.428663 0.1192969 0.8955352
vn -0.9191565 0.250557 0.3038728
vn -0.9184545 0.2505264 0.3059785
vn -0.7561266 0.2065187 0.6209296
vn -0.9181494 0.2508011 0.3066805
vn -0.9176306 0.2498245 0.3090609
vn -0.7528001 0.2052064 0.6254158
vn -0.4274117 0.1167027 0.8964812
vn -0.4250923 0.1158788 0.8976715
vn -0.6052736 0.7941527 0.05386513
vn -0.8490555 0.5241249 0.06604206
vn -0.8484145 0.5215919 0.08978545
vn -0.2045045 0.9781488 0.03659164
vn -0.6043275 0.789758 0.1049836
vn -0.2057863 0.9526048 0.2239448
vn -0.2001098 0.9738762 0.107303
vn -0.8505508 0.5126499 0.1170079
vn -0.6074404 0.7739799 0.1786553
vn -0.8571124 0.4985809 0.1293374
vn -0.6172674 0.7409589 0.2644734
vn -0.2367626 0.8402661 0.4877163
vn -0.218482 0.9065828 0.3610035
vn -0.8573565 0.4925993 0.1491134
vn -0.8626973 0.4734336 0.1776482
vn -0.6303904 0.6953948 0.3449812
vn -0.869747 0.4487136 0.205298
vn -0.6462905 0.6384778 0.4178594
vn -0.8764001 0.4316843 0.2133244
vn -0.6645711 0.5710929 0.4818262
vn -0.2877285 0.6515397 0.7018952
vn -0.2601703 0.7542344 0.6028016
vn -0.8940092 0.3588366 0.2682577
vn -0.7065951 0.413007 0.5745415
vn -0.8922392 0.3723868 0.2553178
vn -0.6849269 0.4953154 0.5343181
vn -0.8858913 0.3906369 0.2500687
vn -0.8780176 0.4199957 0.2294076
vn -0.31901 0.5345317 0.7825862
vn -0.3529465 0.4064455 0.8427381
vn -0.3886532 0.2710044 0.8805811
vn -0.7290261 0.3258461 0.6019166
vn -0.9032563 0.3243202 0.2809229
vn -0.8404187 0.5401166 0.04367196
vn -0.8339183 0.5518662 -0.001068115
vn -0.8200629 0.5722221 -0.002563536
vn -0.5800653 0.814539 -0.002075254
vn -0.1860408 0.9825129 -0.001068115
vn -0.1897641 0.981811 -0.001281738
vn -0.5866573 0.8098087 -0.001922607
vn -0.1857356 0.9825434 0.009826958
vn -0.5728935 0.8195136 0.01245152
vn -0.8201544 0.5721 -0.002410948
vn -0.8182623 0.5748161 -0.002044737
vn -0.8164617 0.5773797 -0.00238043
vn -0.8196662 0.5720695 0.02923673
vn -0.8261971 0.562151 0.0366832
vn -0.8478652 0.52678 -0.05996882
vn -0.8434706 0.5347759 -0.05032497
vn -0.6013062 0.7982422 -0.03421121
vn -0.8495132 0.5222327 -0.0745567
vn -0.6048769 0.7929014 -0.07333594
vn -0.1990112 0.9779657 -0.06299018
vn -0.201239 0.9793695 -0.01733446
vn -0.8360546 0.5476546 -0.03222751
vn -0.8208258 0.5709708 -0.01312291
vn -0.5743278 0.818598 -0.000793481
vn -0.8166448 0.577105 0.002319395
vn -0.8172857 0.5761895 0.001953184
vn -0.8184454 0.5745109 0.002441465
vn -0.5780206 0.8160039 0.001983702
vn -0.5763726 0.8171636 0.001586914
vn -0.5863216 0.8100528 0.002075254
vn -0.8205206 0.5715812 0.003051817
vn -0.5800043 0.8145695 0.001861572
vn -0.8198187 0.5725578 0.002533018
vn -0.8186285 0.5742973 0.002349913
vn -0.1833552 0.9830317 -0.00125122
vn -0.1839961 0.9829096 0.000976592
vn -0.1850032 0.9827265 0.00100708
vn -0.1861629 0.9825129 0.001098632
vn -0.1898556 0.9817805 0.000976592
vn -0.7554857 0.2375255 -0.6105228
vn -0.9138463 0.2882778 -0.2859279
vn -0.9072848 0.3089999 -0.285165
vn -0.4283273 0.1420636 -0.8923612
vn -0.7410504 0.2855922 -0.607654
vn -0.3755608 0.3224281 -0.868862
vn -0.4065981 0.2080141 -0.889584
vn -0.8992279 0.3373516 -0.2784203
vn -0.720481 0.3588366 -0.5933714
vn -0.8975494 0.3522751 -0.2650532
vn -0.698233 0.44438 -0.5611743
vn -0.3069247 0.5799432 -0.7546007
vn -0.3401593 0.4558855 -0.8224433
vn -0.8908353 0.3711661 -0.2619404
vn -0.8828395 0.4020509 -0.2427137
vn -0.6771447 0.5245217 -0.5160375
vn -0.8752098 0.4304636 -0.2205877
vn -0.6577044 0.5973388 -0.4588458
vn -0.8736534 0.4417249 -0.2039247
vn -0.6403699 0.6605731 -0.3917661
vn -0.2504044 0.7887814 -0.5612964
vn -0.2768639 0.6919462 -0.6667073
vn -0.854793 0.5003204 -0.1375774
vn -0.6136357 0.7544175 -0.2328867
vn -0.8603168 0.4876552 -0.1483199
vn -0.6252327 0.7138279 -0.3154088
vn -0.8612018 0.4802393 -0.1662648
vn -0.8674886 0.4574725 -0.1953184
vn -0.2287973 0.8675497 -0.4415418
vn -0.2123478 0.926603 -0.3102512
vn -0.2018189 0.9642323 -0.1717581
vn -0.604999 0.7828303 -0.1452681
vn -0.8505203 0.5155187 -0.1040376
vn -0.9183935 0.2502213 -0.3064669
vn -0.9189123 0.2508316 -0.3043916
vn -0.7561876 0.2092654 -0.619953
vn -0.4269539 0.1163976 -0.8967254
vn -0.4232307 0.113773 -0.8988311
vn -0.7553331 0.2058473 -0.6221199
vn -0.7499619 0.2016358 -0.6299631
vn -0.9179663 0.2501297 -0.3077791
vn -0.9170812 0.2461622 -0.3135777
vn -0.428663 0.1196326 -0.8955046
vn -0.9181494 0.2515031 -0.3061311
vn -0.9164708 0.2594989 -0.3044832
vn -0.9166845 0.2739341 -0.2908719
vn -0.9307841 0.2228461 -0.2897732
vn -0.9237648 0.2266609 -0.3086337
vn -0.7612537 0.1955015 -0.618244
vn -0.9212623 0.2426527 -0.3038728
vn -0.4308908 0.1109958 -0.8955352
vn -0.9212928 0.2425611 -0.3038423
vn -0.9206824 0.2422559 -0.3059785
vn -0.7581103 0.1991943 -0.6209296
vn -0.9205603 0.2418286 -0.3066805
vn -0.9196143 0.242439 -0.3090609
vn -0.7545396 0.1986449 -0.6254158
vn -0.4285104 0.1126133 -0.8964812
vn -0.4260994 0.1121555 -0.8976715
vn -0.9972229 0.07422101 0.002899229
vn -0.965331 0.2601398 -0.02114927
vn -0.9654836 0.2592853 -0.02346873
vn -0.9657582 0.2587664 -0.01849418
vn -0.9639882 0.2653279 -0.01611375
vn -0.9669485 0.2543718 -0.01718187
vn -0.9663076 0.2566912 -0.01776176
vn -0.9680472 0.2502213 -0.01486247
vn -0.9691458 0.2460707 -0.01226842
vn -0.970336 0.2415235 -0.009186029
vn -0.9718009 0.2356944 -0.004852414
vn -0.9738152 0.2272408 0.003723204
vn -0.9732047 0.2298654 0
vn -0.9971313 0.07556378 0.003692686
vn -0.9926145 0.1149021 -0.0386669
vn -0.9963378 0.08493298 -0.009460687
vn -0.9865719 0.1484115 -0.06781208
vn -0.9804682 0.1745048 -0.09042632
vn -0.9732353 0.2018189 -0.1097751
vn -0.9648427 0.2301706 -0.1266518
vn -0.9591357 0.2483901 -0.1354106
vn -0.9580981 0.2510452 -0.1378216
vn -0.9580676 0.2566912 -0.127079
vn -0.9512314 0.2548906 -0.1736198
vn -0.9512314 0.2548601 -0.1736198
vn -0.9852901 0.1707205 -0.00061037
vn -0.985229 0.1711478 -0.000305185
vn -0.9808039 0.1948912 0.00314337
vn -0.9803766 0.1969969 0.004577755
vn -0.9748528 0.2228156 0.000671407
vn -0.97528 0.2208319 -0.004242062
vn -0.9965819 0.08224737 0.001464843
vn -0.9967345 0.08047729 -0.001586914
vn -0.9901731 0.1395916 0.004821896
vn -0.9898374 0.1420026 0.00326544
vn -0.9804987 0.1964476 0.002563536
vn -0.9887692 0.1492965 -0.003967404
vn -0.9852595 0.1695608 -0.02215641
vn -0.9808344 0.1907101 -0.03915524
vn -0.9766839 0.2081667 -0.05203402
vn -0.9723808 0.2246162 -0.0630207
vn -0.9676504 0.2414014 -0.07306128
vn -0.9648122 0.2512894 -0.07712024
vn -0.964446 0.2526017 -0.07733386
vn -0.9919126 0.1266518 0.003173887
vn -0.985168 0.1715445 -0.000244148
vn -0.985229 0.1711783 -0.00061037
vn -0.9641103 0.2583087 -0.06097596
vn -0.9628285 0.257973 -0.07980591
vn -0.9628285 0.257973 -0.07980591
vn -0.9655446 0.2591326 -0.02316349
vn -0.9656667 0.2587359 -0.02273625
vn -0.9661855 0.2551042 -0.03735464
vn -0.9652699 0.2586444 -0.03659164
vn -0.9662771 0.2544328 -0.03903317
vn -0.9676504 0.2494277 -0.03741568
vn -0.9700614 0.2406384 -0.0323801
vn -0.9723502 0.2319101 -0.02673417
vn -0.9747002 0.2225104 -0.0199896
vn -0.9773858 0.211066 -0.01092559
vn -0.9797357 0.2002319 -0.001159667
vn -0.991699 0.1283608 -0.005676388
vn -0.9972839 0.07342749 -0.004669308
vn -0.9628285 0.257973 0.07980591
vn -0.9628285 0.257973 0.07980591
vn -0.9644765 0.2525407 0.07718127
vn -0.9971923 0.0745567 -0.002777159
vn -0.9732047 0.2298959 3.05185e-05
vn -0.974334 0.2249214 -0.004486203
vn -0.9718009 0.2356639 0.004852414
vn -0.9703665 0.2413709 0.009216547
vn -0.9691763 0.2459791 0.01239049
vn -0.9680777 0.2501907 0.01498454
vn -0.9657887 0.2582476 0.02346873
vn -0.965331 0.2601398 0.02114927
vn -0.9655751 0.2592853 0.01956236
vn -0.963805 0.2660298 0.01660203
vn -0.9669485 0.2543413 0.01730394
vn -0.9663076 0.2567217 0.0180059
vn -0.9580371 0.2513199 0.1377605
vn -0.9512314 0.2548601 0.1736198
vn -0.9512314 0.2548601 0.1736198
vn -0.9592273 0.2481765 0.1350749
vn -0.9648122 0.2304452 0.1264687
vn -0.9732963 0.2016358 0.1094698
vn -0.9804376 0.1746879 0.09051787
vn -0.9866329 0.1481063 0.06759846
vn -0.9924619 0.116306 0.03836172
vn -0.9962767 0.08532971 0.009491205
vn -0.9580676 0.2566912 0.127079
vn -0.9657582 0.2583392 0.02316349
vn -0.9661245 0.2552873 0.03707998
vn -0.9662466 0.2545244 0.03918576
vn -0.9676504 0.2494277 0.03747671
vn -0.9700614 0.2406079 0.03244113
vn -0.9723502 0.2318491 0.02676469
vn -0.9747002 0.2224799 0.02002012
vn -0.9774163 0.2109744 0.0109561
vn -0.9797968 0.1998352 0.001068115
vn -0.9807123 0.1953184 -0.003418028
vn -0.9898984 0.1416059 -0.003173887
vn -0.9805597 0.1960509 -0.002655088
vn -0.9897763 0.1425214 -0.00314337
vn -0.9800409 0.1986449 -0.002807676
vn -0.9641103 0.2583087 0.06097596
vn -0.9652699 0.2586444 0.03659164
vn -0.9656667 0.2587359 0.02273625
vn -0.9648122 0.2513199 0.07693713
vn -0.9676504 0.2414319 0.07296973
vn -0.9723808 0.2246467 0.06295967
vn -0.9766839 0.2082278 0.05197298
vn -0.9808344 0.1907407 0.03912472
vn -0.9852595 0.1696218 0.02215641
vn -0.9887081 0.1496017 0.004058957
vn -0.9007538 0.4343089 -0.002899229
vn -0.9594714 0.2817469 0.004852414
vn -0.964568 0.2631611 0.01718187
vn -0.9652089 0.2608417 0.01779228
vn -0.9659414 0.2580645 0.01806694
vn -0.9634693 0.2673116 0.01486247
vn -0.9623707 0.2714316 0.01226842
vn -0.9610889 0.2759789 0.009186029
vn -0.9577624 0.2874844 0
vn -0.5182958 0.8551592 -0.003082334
vn -0.9569689 0.2901089 -0.003753721
vn -0.9013031 0.4331187 -0.003692686
vn -0.9170812 0.3967711 0.0386669
vn -0.9053011 0.424604 0.009460687
vn -0.9286172 0.3647267 0.06781208
vn -0.9363689 0.3390911 0.09042632
vn -0.9437544 0.3118076 0.1097751
vn -0.9506821 0.2830592 0.1266518
vn -0.9548326 0.2644429 0.1354106
vn -0.9552599 0.2616047 0.1378216
vn -0.9390546 0.3437605 0.000335704
vn -0.9390851 0.3436079 0.000122074
vn -0.9468368 0.321604 -0.00314337
vn -0.9475387 0.3195593 -0.004577755
vn -0.9558397 0.2938017 -0.001098632
vn -0.9552599 0.2956938 0.003723204
vn -0.5159459 0.8565936 0.001617431
vn -0.9045686 0.426252 -0.001617431
vn -0.9038667 0.4278085 0.001403808
vn -0.9273355 0.3741874 -0.004821896
vn -0.928251 0.3719291 -0.00326544
vn -0.9473556 0.3200781 -0.002563536
vn -0.9309366 0.3650624 0.003967404
vn -0.9380474 0.3457442 0.02215641
vn -0.944792 0.3252357 0.03915524
vn -0.9499191 0.3080538 0.05203402
vn -0.9544359 0.2916349 0.0630207
vn -0.9587085 0.2747276 0.07306128
vn -0.961211 0.264748 0.07712024
vn -0.9615467 0.2634358 0.07733386
vn -0.9223609 0.3862423 -0.003173887
vn -0.9389325 0.3440657 0.000244148
vn -0.9387799 0.3444624 0.000640889
vn -0.9642934 0.2621235 0.03735464
vn -0.9640492 0.2627643 0.03903317
vn -0.9627369 0.2677999 0.03741568
vn -0.9604175 0.2766197 0.0323801
vn -0.9580371 0.2853175 0.02673417
vn -0.9553819 0.2946257 0.0199896
vn -0.9519944 0.305887 0.01092559
vn -0.9486069 0.3164464 0.001159667
vn -0.9230324 0.3846553 0.005676388
vn -0.9003876 0.4350108 0.004669308
vn -0.9660634 0.2574847 -0.01907402
vn -0.9615467 0.2634968 -0.07718127
vn -0.9008759 0.4340037 0.002777159
vn -0.9577929 0.2873928 -3.05185e-05
vn -0.9562975 0.2923063 0.004455685
vn -0.520249 0.8539994 0.000915555
vn -0.9594409 0.2817774 -0.004821896
vn -0.9610584 0.2761315 -0.009216547
vn -0.9623402 0.2715537 -0.01239049
vn -0.9634693 0.2673422 -0.01498454
vn -0.964568 0.2631611 -0.01730394
vn -0.9652089 0.2608112 -0.0180059
vn -0.9553514 0.26133 -0.1377605
vn -0.9548021 0.264687 -0.1350749
vn -0.9507737 0.282815 -0.1264687
vn -0.9437239 0.3120213 -0.1094698
vn -0.9364299 0.3389385 -0.09051787
vn -0.9285256 0.3650319 -0.06759846
vn -0.9176306 0.3954893 -0.03836172
vn -0.9054842 0.4242073 -0.009491205
vn -0.9643544 0.2619709 -0.03707998
vn -0.9640492 0.2627033 -0.03918576
vn -0.9627369 0.2677999 -0.03747671
vn -0.9604175 0.2766503 -0.03244113
vn -0.9580371 0.2853481 -0.02676469
vn -0.9553819 0.2946562 -0.02002012
vn -0.9519639 0.3059785 -0.0109561
vn -0.9484543 0.3168126 -0.001068115
vn -0.9469894 0.3211768 0.003418028
vn -0.9280984 0.3722953 0.003173887
vn -0.9472335 0.3204749 0.002655088
vn -0.9284341 0.3714408 0.00314337
vn -0.948088 0.3179724 0.002807676
vn -0.961211 0.264748 -0.07693713
vn -0.958739 0.2747276 -0.07296973
vn -0.9544359 0.2916043 -0.06295967
vn -0.9499496 0.3079928 -0.05197298
vn -0.9448226 0.3252052 -0.03912472
vn -0.9380474 0.3457137 -0.02215641
vn -0.9310587 0.3647878 -0.004058957
vn -0.9106113 0.4084903 -0.06219667
vn -0.9013336 0.4305246 0.04715108
vn -0.2280648 0.9650868 -0.1285744
vn -0.1368755 0.9822993 0.1277505
vn -0.1121555 0.9849544 -0.1312906
vn 0.007721126 0.9914854 0.1297647
vn 0.009216547 0.9915769 -0.1290932
vn -0.8715476 0.4185919 -0.2552568
vn -0.4837183 0.6903592 0.5379498
vn -0.4797509 0.8716086 0.100528
vn -0.4804529 0.6328013 -0.6071658
vn -0.7311319 0.2701498 -0.626423
vn -0.2255012 0.8356578 -0.5007782
vn -0.5785394 0.3162023 0.7518235
vn -0.7533189 0.5802179 0.3095492
vn -0.8077029 0.464919 -0.3625293
vn -0.7311319 0.6788538 0.06756794
vn -0.585345 0.6750389 0.4490494
vn -0.9242531 0.3739128 0.07696765
vn -0.9754936 0.1753288 -0.1328775
vn -0.9313334 0.3079928 0.1941587
vn -0.3354289 -0.06781208 0.9396039
vn -0.9919431 -0.01825004 0.1251869
vn -0.9855953 -0.169103 0.001464843
vn -0.9965514 0.02133244 0.08011108
vn -0.4588763 0.07159638 0.8855861
vn -0.9233375 -0.3793146 0.05960261
vn -0.8012329 -0.4691916 0.3712272
vn 0.8779565 0.4752037 -0.05761891
vn 0.9561144 -0.07928705 -0.281991
vn -0.7548448 -0.6004211 -0.2639241
vn -0.5901364 -0.7200843 0.3649404
vn -0.7474594 -0.1209753 -0.6531571
vn -0.622303 -0.7827388 0.006591975
vn -0.9303568 -0.3039033 -0.2050233
vn -0.01052886 0.5181432 -0.8551897
vn 0.000335704 0.8721275 -0.4892422
vn -0.1634571 0.5009003 -0.84991
vn -0.3280435 0.415479 -0.8483535
vn -0.4521622 0.2781762 -0.8474075
vn -0.5204932 0.1063875 -0.8471938
vn -0.5245827 -0.07846307 -0.8477126
vn -0.4724876 -0.2607501 -0.8418531
vn -0.3523362 -0.4043092 -0.8439894
vn -0.7562792 -0.1345866 0.6402173
vn 0.009765923 0.08365124 -0.9964293
vn -0.5117039 0.540025 -0.6681722
vn 0.009765923 0.08279669 0.9964904
vn -0.5127415 0.539079 0.6681722
vn -0.5117649 0.6910306 0.5104221
vn -0.5115513 0.6937773 -0.506882
vn -0.3967101 0.7949767 -0.4588763
vn -0.9174475 -0.2977691 0.263741
vn -0.4351024 0.8572955 -0.2750939
vn -0.3710135 0.9258095 -0.07208472
vn -0.371044 0.9257485 0.07245093
vn -0.4353466 0.8564104 0.2774743
vn -0.3964965 0.7933897 0.4618061
vn 0.1580553 0.02139347 -0.9871822
vn 0.2129886 0.149266 -0.9655751
vn 0.2530289 0.2860195 -0.924192
vn 0.2709128 0.3578906 -0.893582
vn 0.313364 0.4326304 -0.8453322
vn 0.3549607 0.546495 -0.7584765
vn 0.3806269 0.6634114 -0.6441847
vn 0.4029664 0.7582934 -0.5123752
vn 0.4095278 0.7973266 -0.4432814
vn 0.4293039 0.82696 -0.3630177
vn 0.4420301 0.8709067 -0.2146061
vn 0.4400159 0.8954741 -0.06695759
vn 0.4395886 0.8981903 -0.000183111
vn 0.4396497 0.8981598 0
vn 0.7350078 0.6780297 -0.000701926
vn 0.7350688 0.6779687 -0.000640889
vn 0.9686575 0.2483901 -0.001220703
vn 0.968627 0.2484512 -0.001159667
vn 0.9999695 0.003997921 -0.001403808
vn 0.9999695 0.004211544 0
vn 0.440199 0.8962676 0.05401772
vn 0.7375714 0.6737571 0.04492324
vn 0.970336 0.2404859 0.0241096
vn 0.9999085 0.003326475 0.01153594
vn 0.999054 -0.000732444 0.04306161
vn 0.9695425 0.2303842 0.08288824
vn 0.7370525 0.6591998 0.1488693
vn 0.4421827 0.8791467 0.1775566
vn 0.7290872 0.6269418 0.2744224
vn 0.432783 0.8435011 0.3180334
vn 0.4162725 0.8172246 0.3985412
vn 0.7135227 0.573046 0.4030885
vn 0.4094363 0.7818232 0.4701681
vn 0.6928617 0.4972686 0.5221107
vn 0.3848079 0.6938078 0.6086917
vn 0.6651204 0.4082156 0.6252632
vn 0.3592639 0.5839717 0.727897
vn 0.6326182 0.2990509 0.7143773
vn 0.3220008 0.4702292 0.8216804
vn 0.9968261 -0.009979546 0.07895135
vn 0.9655751 0.2109134 0.1521958
vn 0.992645 -0.0266121 0.1180151
vn 0.9575793 0.180517 0.2245857
vn 0.9871822 -0.0484023 0.1520127
vn 0.9466842 0.1386455 0.2907193
vn 0.9799188 -0.07626575 0.1841487
vn 0.9326151 0.0878933 0.3499863
vn 0.9717094 -0.1083712 0.2098147
vn 0.9162572 0.02658158 0.3996704
vn 0.9614551 -0.1463972 0.2326425
vn 0.8968474 -0.04077267 0.4404126
vn 0.9506211 -0.1872005 0.2474746
vn 0.8756065 -0.11713 0.4685507
vn 0.9392682 -0.2269967 0.257271
vn 0.852382 -0.1867733 0.4883877
vn 0.5948668 0.1812799 0.783105
vn 0.5551622 0.04696798 0.8303781
vn 0.5101779 -0.07013154 0.8571734
vn 0.2822352 0.3976256 0.873043
vn 0.2631306 0.3271584 0.9075595
vn 0.2169255 0.1788995 0.959624
vn 0.159215 0.03534042 0.9866024
vn 0.1408429 -0.03735464 0.9893186
vn 0.4911038 -0.1301309 0.8612934
vn 0.8379467 -0.2219306 0.4985198
vn 0.933256 -0.2471999 0.260506
vn 0.1408734 -0.0376293 0.989288
vn 0.4909512 -0.131138 0.8612323
vn 0.8373974 -0.2236701 0.4986724
vn 0.9325846 -0.2490921 0.2611469
vn 0.1408123 -0.03772085 0.989288
vn 0.4908597 -0.1315348 0.8612323
vn 0.8373059 -0.224372 0.4985198
vn 0.932432 -0.249855 0.2609332
vn 0.1408429 -0.03781241 0.989288
vn 0.4907681 -0.1318399 0.8612323
vn 0.8370922 -0.2248909 0.4986724
vn 0.9322184 -0.2504654 0.2611774
vn 0.1406903 -0.03799551 0.9893186
vn 0.490463 -0.1326334 0.8612934
vn 0.8367565 -0.2263557 0.4985504
vn 0.9318522 -0.2520524 0.2609027
vn 0.128666 -0.1011688 0.9864803
vn 0.4788659 -0.1788995 0.8594318
vn 0.8325144 -0.2560808 0.4911954
vn 0.9276711 -0.268868 0.25898
vn 0.9188207 -0.304239 0.2512589
vn 0.8202155 -0.320658 0.4737083
vn 0.4645833 -0.2925199 0.8358104
vn 0.1235389 -0.2451246 0.9615772
vn 0.439436 -0.417249 0.7954649
vn 0.09530925 -0.3815729 0.9193701
vn 0.07824945 -0.450911 0.8890957
vn 0.4141667 -0.5413373 0.7316813
vn 0.08609271 -0.5419477 0.835963
vn 0.3848384 -0.6540727 0.6512039
vn 0.07123017 -0.6575824 0.7499619
vn 0.3621631 -0.7695853 0.5258644
vn 0.03198337 -0.7919858 0.6096377
vn 0.9090548 -0.3412885 0.2389599
vn 0.8035523 -0.3898434 0.4497513
vn 0.898587 -0.381695 0.2162846
vn 0.7862484 -0.4622638 0.4099857
vn 0.8897367 -0.4141362 0.1918393
vn 0.7698294 -0.5240333 0.3642689
vn 0.8803675 -0.4485 0.1541795
vn 0.7564623 -0.5855892 0.2912381
vn 0.8736228 -0.4726707 0.1154515
vn 0.7395856 -0.6353954 0.2219001
vn 0.8695334 -0.4869228 0.08239996
vn 0.7332987 -0.6614887 0.1570177
vn 0.8663595 -0.49794 0.03799551
vn 0.7291177 -0.6803491 0.07388532
vn 0.8654134 -0.5009919 0.006347835
vn 0.7206031 -0.6931974 0.01391643
vn 0.3376263 -0.8527787 0.3983886
vn 0.3250526 -0.9025849 0.2822046
vn 0.3168126 -0.9388409 0.1348002
vn 0.3067721 -0.951384 0.02633744
vn 0.01199376 -0.854854 0.5186621
vn 0.01034575 -0.8885159 0.4586932
vn 0.003753721 -0.9461653 0.3235877
vn -0.005859553 -0.9870601 0.1601306
vn -0.01553392 -0.9993591 0.03201389
vn -0.01629686 -0.9998474 -0.00021363
vn 0.3038117 -0.9527269 -0.000671407
vn 0.7171239 -0.6969207 -0.001159667
vn 0.8650166 -0.5017243 -0.001342773
vn -0.0167241 -0.9998474 0
vn 0.3035371 -0.9527879 -0.000579852
vn 0.7169103 -0.6971343 -0.001098632
vn 0.8648335 -0.5020295 0
vn -0.01626634 -0.9998474 0.00021363
vn 0.3038117 -0.9527269 0.000671407
vn 0.3035371 -0.9527879 0.000671407
vn 0.7171239 -0.6969207 0.001190185
vn 0.7169103 -0.6971343 0.001159667
vn 0.8649861 -0.5017548 0.001373291
vn -0.0147404 -0.9984741 -0.05316323
vn 0.3086032 -0.9501022 -0.04474014
vn 0.7226478 -0.6907865 -0.02401804
vn 0.8652913 -0.5010834 -0.0114749
vn 0.8665731 -0.497177 -0.04275637
vn 0.7268288 -0.6818445 -0.08230841
vn 0.315012 -0.9374371 -0.1481063
vn -0.004882931 -0.9844966 -0.1751762
vn 0.3241676 -0.9056978 -0.2731102
vn 0.003295958 -0.9500107 -0.3121433
vn -0.000549333 -0.9197669 -0.3923765
vn 0.3375653 -0.85168 -0.4007996
vn 0.008575677 -0.8866848 -0.4622333
vn 0.3574633 -0.7765435 -0.5187842
vn 0.02716147 -0.7998902 -0.5994751
vn 0.3856319 -0.6639302 -0.6406446
vn 0.05114901 -0.6735435 -0.7373577
vn 0.8691977 -0.4881436 -0.07840204
vn 0.7330546 -0.6631367 -0.1511582
vn 0.873867 -0.4718161 -0.1171605
vn 0.7412336 -0.633076 -0.2230293
vn 0.8799402 -0.4504837 -0.1507614
vn 0.752617 -0.591876 -0.2884304
vn 0.8894619 -0.4164251 -0.1881771
vn 0.7726066 -0.5265359 -0.3547166
vn 0.8998993 -0.3780328 -0.2173833
vn 0.7865231 -0.4583269 -0.413831
vn 0.9095126 -0.3425092 -0.2354808
vn 0.804529 -0.3913694 -0.4466994
vn 0.9209266 -0.2975555 -0.2515946
vn 0.8247627 -0.3095187 -0.4731895
vn 0.9295633 -0.2634053 -0.2578204
vn 0.8339488 -0.2455519 -0.4941557
vn 0.4107181 -0.5352947 -0.7380596
vn 0.4400769 -0.4170659 -0.7951903
vn 0.4695578 -0.2739036 -0.8393201
vn 0.4818872 -0.1612903 -0.8612323
vn 0.05877864 -0.573809 -0.8168584
vn 0.06888025 -0.5200659 -0.8513138
vn 0.09509563 -0.3827632 -0.9189123
vn 0.1182287 -0.2199469 -0.9682913
vn 0.1283913 -0.0770592 -0.9887081
vn 0.1406598 -0.03802603 -0.9893186
vn 0.4904019 -0.132725 -0.8612934
vn 0.8366649 -0.2265388 -0.4986114
vn 0.9318522 -0.2522965 -0.2606586
vn 0.1408123 -0.03781241 -0.989288
vn 0.4907681 -0.1318705 -0.8612323
vn 0.8370617 -0.2249519 -0.4986724
vn 0.9321879 -0.2505264 -0.2611469
vn 0.1408123 -0.03772085 -0.989288
vn 0.4908597 -0.1315042 -0.8612323
vn 0.8373059 -0.2243415 -0.4985198
vn 0.9324625 -0.2498245 -0.2609332
vn 0.1408734 -0.0376293 -0.989288
vn 0.4909512 -0.1311686 -0.8612323
vn 0.8373974 -0.2237312 -0.4986724
vn 0.9325541 -0.2491531 -0.2611774
vn 0.1408429 -0.03738516 -0.9893186
vn 0.4911344 -0.1302224 -0.8612629
vn 0.8379162 -0.2221442 -0.4984893
vn 0.933134 -0.2474135 -0.2607806
vn 0.5052645 -0.08352911 -0.8588824
vn 0.8494827 -0.193762 -0.4906766
vn 0.9380474 -0.2303842 -0.2587359
vn 0.9479659 -0.1950743 -0.2515336
vn 0.8702659 -0.131138 -0.4747459
vn 0.545854 0.02267521 -0.83755
vn 0.5854671 0.145024 -0.7976012
vn 0.6245613 0.2658773 -0.7343059
vn 0.655324 0.3779717 -0.6539201
vn 0.6853847 0.4738914 -0.5528428
vn 0.70806 0.5526597 -0.4395276
vn 0.9580676 -0.1574144 -0.2393261
vn 0.8903775 -0.06176942 -0.450972
vn 0.9690542 -0.1171605 -0.2171697
vn 0.9110996 0.009765923 -0.4120304
vn 0.9775078 -0.08478039 -0.192999
vn 0.9276711 0.07144379 -0.3664662
vn 0.9852595 -0.05517745 -0.1617481
vn 0.9428083 0.1257362 -0.3086642
vn 0.9910886 -0.0323801 -0.1290932
vn 0.9544054 0.1695608 -0.2456129
vn 0.9957579 -0.0140385 -0.09067046
vn 0.9634388 0.2033143 -0.1742912
vn 0.9985961 -0.002624571 -0.05249178
vn 0.9690847 0.2254097 -0.1001923
vn 0.9998779 0.003173887 -0.0145573
vn 0.9706412 0.2386242 -0.03015226
vn 0.7256081 0.6122318 -0.3139744
vn 0.7361065 0.6524857 -0.1799066
vn 0.7380291 0.6724143 -0.05612349
vn 0.4395581 0.8981903 0.000183111
vn 0.7350078 0.6780297 0.000671407
vn 0.968627 0.2483901 0.001190185
vn 0.9999695 0.003936886 0.001373291
vn 0.7350688 0.6779687 0.000640889
vn 0.968627 0.2484512 0.00112915
vn 0.02243107 -0.1372722 0.9902646
vn 0.006927669 -0.8698691 0.4932096
vn -0.004028439 -0.9919431 0.1265297
vn 0.0178228 -0.5156102 0.8566241
vn -0.002716124 -0.9920347 -0.1257362
vn 0.0212714 -0.1382183 -0.9901425
vn 0.02026426 -0.5131993 -0.8579974
vn 0.01031523 -0.8702964 -0.4923551
vn -0.5648061 -0.8247017 -0.0285958
vn -0.2380443 0.194647 -0.9515366
vn -0.8677938 0.4898831 -0.0831629
vn -0.8787805 0.4669332 -0.09830009
vn -0.7228004 0.2980743 0.6234016
vn -0.4516129 0.8359935 -0.311594
vn -0.5698722 0.8140507 -0.1119419
vn -0.6395459 -0.7277444 -0.2475966
vn -0.375164 -0.3224281 -0.8690451
vn -0.8272653 -0.5594348 -0.05117952
vn -0.8586078 -0.4818872 -0.1747184
vn -0.346263 -0.1353496 -0.928312
vn -0.9717704 -0.2252571 -0.06976526
vn -0.6453444 0.7581408 -0.0934782
vn -0.6660665 0.7440718 -0.05175936
vn -0.9758294 -0.1703543 -0.1366924
vn -0.3370464 -0.007904291 -0.941435
vn -0.9873043 0.1350139 -0.08355963
vn -0.9807428 0.1638844 -0.1060213
vn -0.3026521 0.1037629 -0.9474166
vn -0.7446211 -0.6465957 0.1656239
vn -0.9312418 -0.3630482 0.03015226
vn -0.9996643 -0.02383494 -0.006469905
vn -0.947264 0.3194372 -0.02468943
vn -0.7795953 0.6250801 -0.03820914
vn -0.3174535 0.544084 0.7766351
vn -0.8777734 0.4347056 0.2012085
vn -0.1397747 0.8581805 0.4939116
vn -0.2682577 -0.4433729 0.8552202
vn -0.401532 -0.7625355 0.5071871
vn -0.3920102 -0.352031 0.84991
vn -0.4918363 -0.1957762 0.8483535
vn -0.5306864 -0.01483196 0.8474075
vn -0.5039522 0.1680959 0.8471938
vn -0.4150822 0.3302713 0.8477126
vn -0.2791833 0.463271 0.8410596
vn -0.1031525 0.5167089 0.8498795
vn 0.08835107 -0.08737444 -0.9922178
vn 0.1242103 0.02417063 -0.9919431
vn -0.1468856 -0.987579 -0.05551314
vn -0.1424298 -0.9656667 -0.2172002
vn -0.1225318 -0.9367657 -0.3277078
vn -0.02020323 -0.5413373 -0.8405408
vn -0.05438393 -0.6314585 -0.7734611
vn -0.09305089 -0.775811 -0.6240119
vn -0.1141087 -0.8472854 -0.5186926
vn -0.1430402 -0.8833582 -0.4463027
vn -0.002899229 -0.4468826 -0.8945586
vn 0.03500473 -0.3486739 -0.9365826
vn 0.04507583 -0.2301095 -0.9721061
vn -0.1525009 -0.9863582 0.06152528
vn -0.05438393 -0.6314585 0.7734611
vn -0.02890098 -0.529252 0.8479568
vn 0.0954619 -0.08304083 0.9919431
vn 0.05227816 -0.2388684 0.9696341
vn 0.03500473 -0.3486434 0.9365826
vn -0.02810752 -0.4545121 0.890286
vn -0.09305089 -0.775811 0.6240119
vn -0.1010468 -0.8431044 0.5281228
vn -0.1225318 -0.8933073 0.4323862
vn -0.1225318 -0.9367657 0.3277078
vn -0.1519821 -0.9656667 0.2106082
vn 0.1202124 0.03149509 0.9922178
vn 0.3665883 0.9287087 0.05551314
vn 0.359447 0.9074984 0.2172002
vn 0.3622547 0.8725547 0.3277078
vn 0.253151 0.478927 0.8405408
vn 0.2686239 0.5740532 0.7734611
vn 0.3072909 0.7184057 0.6240119
vn 0.3248085 0.7908262 0.5186926
vn 0.3177892 0.8365123 0.4463027
vn 0.2208929 0.3884396 0.8945586
vn 0.2046571 0.2844325 0.9365826
vn 0.1540879 0.1767327 0.9721061
vn 0.361095 0.9304788 -0.06152528
vn 0.2686239 0.5740532 -0.7734611
vn 0.2396008 0.4727928 -0.8479568
vn 0.1647084 0.1807306 -0.9696341
vn 0.2046571 0.2844325 -0.9365826
vn 0.202887 0.4076662 -0.890286
vn 0.3072909 0.7184057 -0.6240119
vn 0.3339946 0.780694 -0.5281228
vn 0.3405255 0.8348948 -0.4323862
vn 0.3622242 0.8725547 -0.3277078
vn 0.3511765 0.9122898 -0.2106082
vn 0.9485458 0.3150731 -0.03094571
vn 0.990936 0.1323893 -0.02191227
vn 0.9877926 0.1292764 -0.08685564
vn 0.8142338 -0.1861324 -0.5498215
vn 0.6953642 -0.1453291 -0.7037568
vn 0.7231056 -0.03070157 -0.6900235
vn 0.7581408 0.65038 -0.04632705
vn 0.867275 0.4962005 -0.03958249
vn 0.8609272 0.4836573 -0.1574755
vn 0.5567492 -0.1011993 -0.8244575
vn 0.3917356 -0.05178987 -0.9186071
vn 0.4295786 0.0970183 -0.8977935
vn 0.4799646 0.2850429 -0.8296762
vn 0.525132 0.4536882 -0.7199622
vn 0.5628834 0.5945311 -0.5741447
vn 0.5912961 0.7004914 -0.3995483
vn 0.6089053 0.7662892 -0.2049012
vn 0.6161992 0.7859126 -0.05133211
vn 0.847377 0.4331187 -0.3070772
vn 0.8255562 0.3516648 -0.4412671
vn 0.7965636 0.2434156 -0.5533616
vn 0.7618336 0.113773 -0.6376842
vn 0.9803156 0.1013824 -0.1693472
vn 0.9682608 0.05645924 -0.2433546
vn 0.9522691 -0.003204405 -0.3051546
vn 0.933134 -0.07467877 -0.3516648
vn 0.911771 -0.1543626 -0.3805353
vn 0.8971221 -0.2176885 -0.3843806
vn 0.9869991 -0.1605579 -0.005828976
vn 0.986877 -0.1596728 -0.02307194
vn 0.9848933 -0.1670888 -0.04501479
vn 0.9816889 -0.1790215 -0.06469923
vn 0.9774468 -0.1948912 -0.08111816
vn 0.9723502 -0.2139042 -0.0934782
vn 0.9666738 -0.2351146 -0.1011688
vn 0.9625233 -0.2518388 -0.1003448
vn 0.9869991 -0.1605579 0.005828976
vn 0.990936 0.1323893 0.02191227
vn 0.9485458 0.3150731 0.03094571
vn 0.867275 0.4962005 0.03958249
vn 0.7581408 0.65038 0.04632705
vn 0.6161992 0.7858821 0.05133211
vn 0.8142338 -0.1861324 0.5498215
vn 0.8971221 -0.2176885 0.3843806
vn 0.911771 -0.1543626 0.3805353
vn 0.8609272 0.4836573 0.1574755
vn 0.5567492 -0.1011993 0.8244575
vn 0.6953642 -0.1453291 0.7037568
vn 0.7231056 -0.03070157 0.6900235
vn 0.6089053 0.7662892 0.2049012
vn 0.5912961 0.7004914 0.3995483
vn 0.5628834 0.5945311 0.5741447
vn 0.525132 0.4536882 0.7199622
vn 0.4799646 0.2850429 0.8296762
vn 0.4295786 0.0970183 0.8977935
vn 0.3917356 -0.05178987 0.9186071
vn 0.7618336 0.113773 0.6376842
vn 0.7965636 0.2434156 0.5533616
vn 0.8255562 0.3516648 0.4412671
vn 0.847377 0.4331187 0.3070772
vn 0.933134 -0.07467877 0.3516648
vn 0.9522691 -0.003204405 0.3051546
vn 0.9682608 0.05645924 0.2433546
vn 0.9803156 0.1013824 0.1693472
vn 0.9877926 0.1292764 0.08685564
vn 0.9625233 -0.2518388 0.1003448
vn 0.9666738 -0.2351146 0.1011688
vn 0.9723502 -0.2139042 0.0934782
vn 0.9774468 -0.1948912 0.08111816
vn 0.9816889 -0.1790215 0.06469923
vn 0.9848933 -0.1670888 0.04501479
vn 0.986877 -0.1596728 0.02307194
vn 0.365154 -0.1509751 0.9186071
vn 0.5327616 -0.1907407 0.8244575
vn 0.6748864 -0.2218085 0.7037568
vn 0.7982116 -0.2459181 0.549852
vn 0.8857693 -0.2600177 0.3843806
vn 0.9595019 -0.2631306 0.1003448
vn 0.6639302 -0.7471237 0.03094571
vn 0.7919553 -0.6101565 0.02191227
vn 0.7907956 -0.6058534 0.08685564
vn 0.6415906 -0.3349406 0.6900235
vn 0.3314005 -0.9423505 0.04632705
vn 0.5029756 -0.8633686 0.03958249
vn 0.5037385 -0.8493301 0.1574755
vn 0.3234962 -0.2988067 0.8977935
vn 0.2731407 -0.4868313 0.8296762
vn 0.2279427 -0.6554766 0.7199622
vn 0.1901913 -0.7963195 0.5741447
vn 0.1618091 -0.9023103 0.3995483
vn 0.1441694 -0.9680777 0.2049012
vn 0.1406903 -0.9887081 0.05133211
vn 0.5172888 -0.7987915 0.3070772
vn 0.5391095 -0.7173376 0.4412671
vn 0.5681326 -0.6090884 0.5533616
vn 0.6028627 -0.4794458 0.6376842
vn 0.7982727 -0.5779595 0.1693472
vn 0.810297 -0.5330363 0.2433546
vn 0.8262887 -0.4733421 0.3051546
vn 0.8454543 -0.4018678 0.3516648
vn 0.8668172 -0.3221839 0.3805353
vn 0.9350566 -0.3544114 0.005828976
vn 0.9345073 -0.3551439 0.02307194
vn 0.936491 -0.3477279 0.04501479
vn 0.9396954 -0.3357952 0.06469923
vn 0.9439375 -0.319895 0.08111816
vn 0.9490341 -0.3009125 0.0934782
vn 0.9547106 -0.2797021 0.1011688
vn 0.1406903 -0.9887081 -0.05133211
vn 0.3314005 -0.9423505 -0.04632705
vn 0.5029756 -0.8633686 -0.03958249
vn 0.6639302 -0.7471237 -0.03094571
vn 0.7919553 -0.6101565 -0.02191227
vn 0.9350566 -0.3544114 -0.005828976
vn 0.7982116 -0.2459181 -0.549852
vn 0.8857693 -0.2600177 -0.3843806
vn 0.8668172 -0.3221839 -0.3805353
vn 0.5037385 -0.8493607 -0.1574755
vn 0.5327616 -0.1907407 -0.8244575
vn 0.6748864 -0.2218085 -0.7037568
vn 0.6415906 -0.3349406 -0.6900235
vn 0.1441694 -0.9680777 -0.2049012
vn 0.1618091 -0.9023103 -0.3995483
vn 0.1901913 -0.7963195 -0.5741447
vn 0.2279427 -0.6554766 -0.7199622
vn 0.2731407 -0.4868313 -0.8296762
vn 0.3234962 -0.2988067 -0.8977935
vn 0.365154 -0.1509751 -0.9186071
vn 0.6028627 -0.4794458 -0.6376842
vn 0.5681326 -0.6090884 -0.5533616
vn 0.5391095 -0.7173376 -0.4412671
vn 0.5172888 -0.7987915 -0.3070772
vn 0.8454543 -0.4018678 -0.3516648
vn 0.8262887 -0.4733421 -0.3051546
vn 0.810297 -0.5330363 -0.2433546
vn 0.7982727 -0.5779595 -0.1693472
vn 0.7907956 -0.6058534 -0.08685564
vn 0.9595019 -0.2631306 -0.1003448
vn 0.9547106 -0.2797021 -0.1011688
vn 0.9490341 -0.3009125 -0.0934782
vn 0.9439375 -0.319895 -0.08111816
vn 0.9396954 -0.3357952 -0.06469923
vn 0.936491 -0.3477279 -0.04501479
vn 0.9345073 -0.3551439 -0.02307194
vn 0.5362102 -0.8414564 -0.0662862
vn 0.4824366 -0.873043 -0.07083344
vn 0.5362102 -0.8414564 0.0662862
vn 0.4824366 -0.873043 0.07083344
vn 0.4721824 -0.8346812 -0.2833338
vn 0.577929 -0.7771539 -0.24897
vn 0.5137181 -0.6796777 -0.523545
vn 0.6144292 -0.6409192 -0.460036
vn 0.5758843 -0.4476455 -0.6840419
vn 0.6690573 -0.4370251 -0.6010926
vn 0.6500443 -0.2475051 -0.7184057
vn 0.6935026 -0.2544633 -0.6740013
vn 0.6867275 -0.1106601 -0.7184057
vn 0.7278054 -0.1263466 -0.6740013
vn 0.7225562 0.09970396 -0.6840419
vn 0.797937 0.04394662 -0.6010926
vn 0.784753 0.3317362 -0.523545
vn 0.8525651 0.2478408 -0.4600665
vn 0.8262887 0.4867702 -0.2833338
vn 0.8890652 0.3840754 -0.24897
vn 0.8543351 0.5148473 -0.07083344
vn 0.8850978 0.4606159 -0.0662862
vn 0.8543351 0.5148473 0.07083344
vn 0.8850978 0.4606159 0.0662862
vn 0.8890652 0.3840754 0.24897
vn 0.8525651 0.2478408 0.460036
vn 0.6690573 -0.4370251 0.6010926
vn 0.6144292 -0.6409192 0.460036
vn 0.577929 -0.7771539 0.24897
vn 0.797937 0.04394662 0.6010926
vn 0.6935026 -0.2544633 0.6740013
vn 0.7278054 -0.1263466 0.6740013
vn 0.8262581 0.4867702 0.2833338
vn 0.784753 0.3317362 0.523545
vn 0.7225562 0.09970396 0.6840419
vn 0.6867275 -0.1106601 0.7184057
vn 0.6500443 -0.2475051 0.7184057
vn 0.5758843 -0.4476455 0.6840419
vn 0.5137181 -0.6796777 0.523545
vn 0.4721824 -0.8346812 0.2833338
vn 0.8344981 -0.5509812 0
vn 0.9659109 -0.2587969 0
vn 0.9659109 -0.2587969 0
vn 0.9659109 -0.2587969 0
vn 0.8344981 -0.5509812 0
vn 0.9659109 -0.2587969 0
vn 0.9659109 -0.2587969 0
vn 0.9659109 -0.2587969 0
vn 0.9659109 -0.2587969 0
vn 0.9659109 -0.2587969 0
vn 0.9659109 -0.2587969 0
vn 0.9659109 -0.2587969 0
vn 0.9659109 -0.2587969 0
vn 0.9659109 -0.2587969 0
vn 0.9659109 -0.2587969 0
vn 0.9659109 -0.2587969 0
vn -0.9659109 0.2587969 0
vn -0.9659109 0.2587969 0
vn -0.9659109 0.2587969 0
vn -0.9659109 0.2587969 0
vn -0.9659109 0.2587969 0
vn -0.9659109 0.2587969 0
vn -0.9659109 0.2587969 0
vn -0.9659109 0.2587969 0
vn -0.9981994 -0.05990779 0
vn -0.9659109 0.2587969 0
vn -0.9659109 0.2587969 0
vn -0.9659109 0.2587969 0
vn -0.9659109 0.2587969 0
vn -0.9659109 0.2587969 0
vn -0.9659109 0.2587969 0
vn -0.9659109 0.2587969 0
vn -0.9659109 0.2587969 0
vn -0.9981994 -0.05990779 0
vn -0.9659109 0.2587969 0
vn -0.9659109 0.2587969 0
vn -0.9659109 0.2587969 0
vn -0.9659109 0.2587969 0
vn -0.9659109 0.2587969 0
vn -0.9659109 0.2587969 0
vn -0.9659109 0.2587969 0
vn -0.9659109 0.2587969 0
vn -0.9659109 0.2587969 0
vn -0.9659109 0.2587969 0
vn -0.9659109 0.2588275 0
vn -0.9659109 0.2587969 0
vn -0.9659109 0.2587969 0
vn -0.9659109 0.2587969 0
vn -0.9659109 0.2587969 0
vn -0.9659109 0.2587969 0
vn -0.9659109 0.2587969 0
vn -0.9659109 0.2587969 0
vn -0.9659109 0.2587969 0
vn -0.9659109 0.2587969 0
vn -0.9659109 0.2587969 0
vn -0.9659109 0.2587969 0
vn -0.9659109 0.2587969 0
vn -0.9659109 0.2587969 0
vn -0.9659109 0.2587969 0
vn -0.9659109 0.2587969 0
vn -0.9659109 0.2587969 0
vn -0.9659109 0.2588275 0
vn -0.9659109 0.2587969 0
vn -0.9659109 0.2587969 0
vn -0.9659109 0.2587969 0
vn -0.9659109 0.2587969 0
vn -0.9659109 0.2587969 0
vn -0.9659109 0.2587969 0
vn -0.9659109 0.2587969 0
vn -0.4748375 0.877163 0.07132172
vn -0.9659109 0.2587969 0
vn -0.4748375 0.877163 -0.07132172
vn -0.9659109 0.2587969 0
vn -0.643849 0.2463759 0.7243568
vn -0.5691092 0.4481033 0.6893826
vn -0.9659109 0.2587969 0
vn -0.9659109 0.2587969 0
vn -0.7795953 -0.3373516 0.5276345
vn -0.7169408 -0.1035187 0.6893826
vn -0.6807764 0.1085543 0.7243568
vn -0.643849 0.2463759 -0.7243568
vn -0.6807764 0.1085543 -0.7243568
vn -0.7169408 -0.1035187 -0.6893826
vn -0.7795953 -0.3373516 -0.5276345
vn -0.8214668 -0.4935758 -0.2855312
vn -0.8498184 -0.5222022 -0.07132172
vn -0.8498184 -0.5222022 0.07132172
vn -0.8214668 -0.4935758 0.2855312
vn -0.9659109 0.2587969 0
vn -0.9659109 0.2587969 0
vn -0.9659109 0.2587969 0
vn -0.9659109 0.2587969 0
vn -0.9659109 0.2587969 0
vn -0.9659109 0.2587969 0
vn -0.9659109 0.2587969 0
vn -0.9659109 0.2587969 0
vn -0.4645833 0.8381909 0.2855312
vn -0.5064547 0.6819666 0.5276345
vn -0.9659109 0.2587969 0
vn -0.9659109 0.2587969 0
vn -0.9659109 0.2587969 0
vn -0.5691092 0.4481033 -0.6893826
vn -0.5064547 0.6819361 -0.5276345
vn -0.4645833 0.8381909 -0.2855312
vn 0.6807764 -0.1085543 0.7243568
vn 0.643849 -0.2463759 0.7243568
vn 0.474807 -0.877163 0.07132172
vn 0.4645833 -0.8381909 0.2855312
vn 0.5064547 -0.6819666 0.5276345
vn 0.5691092 -0.4481033 0.6893826
vn 0.474807 -0.877163 -0.07132172
vn 0.643849 -0.2463759 -0.7243568
vn 0.5691092 -0.4481033 -0.6893826
vn 0.5064547 -0.6819666 -0.5276345
vn 0.4645833 -0.8381909 -0.2855312
vn 0.6807764 -0.1085543 -0.7243568
vn 0.8497879 0.5222327 -0.07132172
vn 0.8214362 0.4936063 -0.2855312
vn 0.7795953 0.3373516 -0.5276345
vn 0.7169408 0.1035187 -0.6893826
vn 0.8497879 0.5222327 0.07132172
vn 0.7169408 0.1035187 0.6893826
vn 0.7795953 0.3373516 0.5276345
vn 0.8214362 0.4936063 0.2855312
vn 0.9983825 -0.05633711 0
vn 0.9984436 -0.05566573 3.05185e-05
vn 0.9970702 -0.07605212 -0.00326544
vn 0.976867 -0.2137821 0
vn 0.9770501 -0.2128666 0
vn 0.980163 -0.1980651 -0.002349913
vn 0.9630421 -0.258034 0.0770592
vn 0.9630421 -0.258034 0.0770592
vn 0.9647511 -0.2520829 0.0754112
vn 0.9526048 -0.2499465 0.173223
vn 0.9477523 -0.2490921 0.1992248
vn 0.952147 -0.249916 0.1758171
vn 0.946379 -0.2535478 0.2000488
vn 0.9465316 -0.2536088 0.1993774
vn 0.9555345 -0.2417981 0.1686453
vn 0.9522081 -0.2381969 0.1911374
vn 0.9480575 -0.249855 0.1966918
vn 0.9611194 -0.2251045 0.1597949
vn 0.9545885 -0.2312387 0.1877804
vn 0.9545885 -0.2311777 0.1878719
vn 0.9607532 -0.2136296 0.1768853
vn 0.9673757 -0.2058168 0.147618
vn 0.9638966 -0.20365 0.1713919
vn 0.9670095 -0.1941587 0.1647389
vn 0.9725028 -0.1883297 0.1367839
vn 0.9711295 -0.1800897 0.1563768
vn 0.9771416 -0.1716361 0.1252174
vn 0.9753105 -0.1650136 0.1466719
vn 0.9730827 -0.1727347 0.1525009
vn 0.9813837 -0.1551866 0.1130405
vn 0.9790643 -0.150914 0.1365398
vn 0.9772027 -0.1578417 0.141789
vn 0.9852901 -0.1384014 0.0999481
vn 0.9826655 -0.1367229 0.1251564
vn 0.9810175 -0.1427655 0.1311075
vn 0.9884945 -0.1116367 0.1019623
vn 0.9874874 -0.1165196 0.1060518
vn 0.9887997 -0.1221351 0.08572649
vn 0.9857479 -0.1239967 0.1135289
vn 0.9844661 -0.1293985 0.1185644
vn 0.9958495 -0.07126069 0.05618453
vn 0.9946287 -0.08038574 0.06494337
vn 0.9921262 -0.1043733 0.06918543
vn 0.9931028 -0.08728289 0.07806634
vn 0.9922178 -0.09363079 0.0819422
vn 0.9911191 -0.09906303 0.08844262
vn 0.9953002 -0.0819422 0.05136263
vn 0.9975585 -0.06295967 0.02990812
vn 0.9973144 -0.05816823 0.04403817
vn 0.999176 -0.03939938 0.007629573
vn 0.9995728 -0.02356028 0.01681566
vn 0.9997254 -0.01907402 0.01116973
vn 0.999176 -0.03988766 -0.003234922
vn 0.9988708 -0.04687643 -0.003845274
vn 0.998413 -0.05618453 -0.001953184
vn 0.9711295 -0.2385327 -0.000854518
vn 0.971099 -0.2385327 -0.001281738
vn 0.9736015 -0.2281563 -0.002014219
vn 0.971099 -0.2385632 -0.00125122
vn 0.9714652 -0.2371593 -0.00213629
vn 0.9728996 -0.2310861 -0.000122074
vn 0.9693289 -0.245674 0.003448545
vn 0.969512 -0.2449721 0.002868711
vn 0.9699088 -0.2433241 0.001525878
vn 0.9707022 -0.2401806 0.000274667
vn 0.97116 -0.2384105 0.000701926
vn 0.9685354 -0.2487258 0.005554318
vn 0.9715262 -0.2368236 0.004577755
vn 0.9681082 -0.2503433 0.006683528
vn 0.9674367 -0.2529069 0.008301019
vn 0.9701529 -0.2422254 0.008728265
vn 0.9671621 -0.253975 0.008636713
vn 0.9690237 -0.2466201 0.01178014
vn 0.9671316 -0.2540971 0.008514642
vn 0.9665212 -0.2562944 0.009735405
vn 0.9679556 -0.250618 0.01425212
vn 0.9662466 -0.2573626 0.01010161
vn 0.9668874 -0.2545854 0.01644945
vn 0.966216 -0.2574236 0.009979546
vn 0.9662771 -0.2568132 0.0170598
vn 0.966216 -0.2574236 0.009949028
vn 0.966094 -0.2579119 0.01010161
vn 0.966216 -0.2570879 0.01657152
vn 0.9661855 -0.2576068 0.009216547
vn 0.9626759 -0.2701193 0.0155034
vn 0.9658803 -0.2587969 0.008056879
vn 0.9598071 -0.2509537 0.1254616
vn 0.9606311 -0.2488784 0.1232948
vn 0.9648122 -0.2357555 0.1161839
vn 0.9868465 -0.1611072 0.01190221
vn 0.9771416 -0.2123172 0.01046782
vn 0.9887081 -0.1496627 0.001342773
vn 0.9793695 -0.201941 0.001068115
vn 0.9783929 -0.2018189 0.04477065
vn 0.9721671 -0.2327342 0.02584916
vn 0.974456 -0.2236701 0.01931822
vn 0.9845576 -0.1734367 0.02252262
vn 0.9824213 -0.1839961 0.03109836
vn 0.9803766 -0.1932737 0.03839224
vn 0.9764092 -0.2098453 0.05050808
vn 0.974395 -0.217658 0.05584883
vn 0.9699393 -0.2411878 0.03131198
vn 0.9607837 -0.2574236 0.1028168
vn 0.9465316 -0.2536088 0.1993774
vn 0.9527879 -0.2552873 0.16422
vn 0.9578234 -0.2566606 0.1289712
vn 0.9578539 -0.2566301 0.1290017
vn 0.9654225 -0.2586749 0.03158664
vn 0.9657277 -0.2587664 0.01940977
vn 0.9654225 -0.2600787 0.01763969
vn 0.972747 -0.2318186 0
vn 0.972747 -0.231788 0
vn 0.974456 -0.2244636 -0.001312255
vn 0.9675893 -0.2497634 0.0363475
vn 0.9662771 -0.2546464 0.03799551
vn 0.9663686 -0.2544023 0.03665268
vn 0.9897458 -0.1426129 -0.003479063
vn 0.9960326 -0.08868676 0.004303097
vn 0.9939879 -0.1072725 0.02105772
vn 0.9913023 -0.1261635 0.03732413
vn 0.9884945 -0.1422773 0.05075228
vn 0.9856868 -0.156621 0.0622577
vn 0.9827876 -0.1698355 0.0723899
vn 0.9798273 -0.1823481 0.08163696
vn 0.9767144 -0.194586 0.09027373
vn 0.9733573 -0.2069154 0.09857475
vn 0.9696951 -0.2196722 0.1067842
vn 0.9809259 -0.1943418 -0.002502501
vn 0.988464 -0.1514023 -0.002960264
vn 0.9923093 -0.1235389 0
vn 0.9924314 -0.1226233 0
vn 0.995819 -0.09109771 -0.003021299
vn 0.9641713 -0.2583392 0.05978572
vn 0.9650258 -0.2585528 0.04266482
vn 0.9650258 -0.2585528 0.04266482
vn 0.9649037 -0.2514114 0.07547223
vn 0.967101 -0.2437818 0.07232886
vn 0.9700919 -0.2335276 0.06595045
vn 0.9723197 -0.2254707 0.06094545
vn 0.9897153 -0.1429792 0.003234922
vn 0.980224 -0.1977294 0.002410948
vn 0.9794915 -0.2013306 -0.000793481
vn 0.9736015 -0.2281869 0.002105772
vn 0.9824213 -0.1839961 -0.03109836
vn 0.9803766 -0.1933042 -0.03836172
vn 0.9856868 -0.15656 -0.0622577
vn 0.9862667 -0.1214637 -0.1117283
vn 0.9880368 -0.1134373 -0.1043123
vn 0.9887387 -0.1226539 -0.08560442
vn 0.9978027 -0.05899226 -0.02926725
vn 0.9993897 -0.02523881 -0.02310246
vn 0.999176 -0.039613 -0.008117914
vn 0.9995728 -0.02352976 -0.0167241
vn 0.9948118 -0.08783227 -0.05102694
vn 0.9969481 -0.05948054 -0.05008083
vn 0.9994202 -0.02291935 -0.02508616
vn 0.9919431 -0.1059908 -0.06927698
vn 0.9938963 -0.08243048 -0.07287818
vn 0.9959105 -0.0680868 -0.0592364
vn 0.9890133 -0.1087985 -0.09982603
vn 0.9914548 -0.09662157 -0.08749651
vn 0.9931028 -0.08679461 -0.07876825
vn 0.9850154 -0.1267433 -0.1167638
vn 0.9852595 -0.1387676 -0.09979552
vn 0.9831843 -0.1344035 -0.1234169
vn 0.9813837 -0.1553087 -0.1129184
vn 0.9816279 -0.1403241 -0.1292459
vn 0.9796442 -0.1487167 -0.1347392
vn 0.9771416 -0.1716971 -0.125248
vn 0.9778741 -0.1555528 -0.1398053
vn 0.9759514 -0.1628468 -0.1448408
vn 0.9725639 -0.1882687 -0.1366008
vn 0.9738152 -0.1704764 -0.1503341
vn 0.9672536 -0.2061525 -0.1479842
vn 0.9677114 -0.1916868 -0.1635792
vn 0.9718925 -0.1774041 -0.1546068
vn 0.9569994 -0.2280343 -0.1791131
vn 0.959563 -0.2215644 -0.1734367
vn 0.9634388 -0.206061 -0.1711783
vn 0.9646901 -0.2009338 -0.1701406
vn 0.961211 -0.2246772 -0.1598864
vn 0.9555345 -0.2418286 -0.1685842
vn 0.954558 -0.2312387 -0.1879635
vn 0.9475387 -0.2497024 -0.1994995
vn 0.9475387 -0.2496109 -0.1995605
vn 0.9522386 -0.249916 -0.1752678
vn 0.9481796 -0.2494583 -0.1966918
vn 0.9527879 -0.2497329 -0.1726737
vn 0.9522081 -0.2381969 -0.1910763
vn 0.946379 -0.2536088 -0.2000488
vn 0.946379 -0.2535783 -0.2000183
vn 0.946379 -0.2535783 -0.2000183
vn 0.9527879 -0.2552873 -0.16422
vn 0.9679556 -0.2506485 -0.01416057
vn 0.9662466 -0.2573626 -0.01010161
vn 0.9668874 -0.2546159 -0.01629686
vn 0.966216 -0.2574236 -0.009979546
vn 0.9663076 -0.2567827 -0.01687669
vn 0.966094 -0.2579119 -0.01010161
vn 0.9660024 -0.2578814 -0.01760917
vn 0.9661855 -0.2576068 -0.009216547
vn 0.9626759 -0.2701193 -0.0155034
vn 0.9658803 -0.2587969 -0.008056879
vn 0.9671621 -0.2539445 -0.008423089
vn 0.9665212 -0.2563555 -0.009704828
vn 0.966216 -0.2574236 -0.01034575
vn 0.9690237 -0.2466506 -0.01165807
vn 0.9701224 -0.2423474 -0.008697748
vn 0.9671316 -0.2540971 -0.009094476
vn 0.9715262 -0.2368236 -0.004547238
vn 0.9681387 -0.2502518 -0.006317317
vn 0.9674062 -0.2529984 -0.008239984
vn 0.971099 -0.2385327 0.001281738
vn 0.9711295 -0.2385021 0.000640889
vn 0.9708548 -0.2396313 0.000427259
vn 0.972808 -0.2315439 -3.05185e-05
vn 0.9701529 -0.242439 -0.000854518
vn 0.9697867 -0.2438428 -0.001922607
vn 0.9693899 -0.2454298 -0.00326544
vn 0.9692068 -0.2461012 -0.003540098
vn 0.9684744 -0.249031 -0.005676388
vn 0.9714652 -0.2371593 0.00213629
vn 0.971099 -0.2385632 0.00125122
vn 0.999115 -0.04159671 0.003204405
vn 0.9960936 -0.08819848 -0.003936886
vn 0.9940184 -0.1070284 -0.0210272
vn 0.9913023 -0.1260109 -0.03735464
vn 0.988525 -0.1421857 -0.05078279
vn 0.9605701 -0.2490615 -0.1235084
vn 0.9648122 -0.2357249 -0.1161839
vn 0.9696951 -0.2196722 -0.1068453
vn 0.9733573 -0.2068849 -0.09863579
vn 0.9767144 -0.1945555 -0.09033477
vn 0.9798273 -0.182287 -0.08166754
vn 0.9827876 -0.1697744 -0.07242041
vn 0.9607837 -0.2574236 -0.1028168
vn 0.9578844 -0.2566606 -0.1286965
vn 0.9598376 -0.2508621 -0.1254616
vn 0.9578844 -0.2566606 -0.1286965
vn 0.974456 -0.2236396 -0.01931822
vn 0.9721671 -0.2327342 -0.02587968
vn 0.9783624 -0.2018494 -0.04474014
vn 0.9770806 -0.2125309 -0.01049834
vn 0.9700919 -0.2335276 -0.06588941
vn 0.9699393 -0.2411878 -0.0313425
vn 0.9676198 -0.2497329 -0.03628647
vn 0.9723197 -0.2254707 -0.06091493
vn 0.974395 -0.2176885 -0.05584883
vn 0.9764092 -0.2098453 -0.05050808
vn 0.9659414 -0.2558977 -0.03781241
vn 0.9646291 -0.2525712 -0.07522809
vn 0.9663076 -0.2545549 -0.03784292
vn 0.9649037 -0.2513809 -0.07556378
vn 0.967101 -0.2437818 -0.07229834
vn 0.9655751 -0.2594379 -0.01812797
vn 0.9663381 -0.2564165 -0.01925712
vn 0.9971008 -0.07599109 0.003540098
vn 0.995819 -0.09109771 0.003021299
vn 0.998413 -0.05618453 0.00225836
vn 0.9887997 -0.1490524 -0.00112915
vn 0.986877 -0.1610156 -0.01199376
vn 0.9845576 -0.1734367 -0.02252262
vn 0.9884335 -0.1514633 0.002868711
vn 0.9809259 -0.1942503 0.002410948
vn 0.974456 -0.2244636 0.001312255
vn 0.9645375 -0.25721 -0.05883967
vn 0.9630421 -0.258034 -0.07690662
vn 0.9630421 -0.258034 -0.07690662
vn 0.9629811 -0.2673116 -0.03393656
vn 0.9621266 -0.2691733 -0.04300057
vn 0.965392 -0.2577899 -0.0394299
vn 0.8930937 -0.4498123 0
vn 0.8927885 -0.4504227 -3.05185e-05
vn 0.9015168 -0.4326914 0.00326544
vn 0.953856 -0.3002411 0
vn 0.9535508 -0.3011261 0
vn 0.9478744 -0.3185827 0.002349913
vn 0.9499801 -0.2598346 -0.173223
vn 0.9453108 -0.2581256 -0.1992553
vn 0.9495529 -0.259621 -0.1758476
vn 0.9484238 -0.2683492 -0.1686758
vn 0.9437239 -0.2697836 -0.1911374
vn 0.9459822 -0.2576068 -0.1966918
vn 0.9449141 -0.2855922 -0.1598254
vn 0.94232 -0.2770165 -0.1878109
vn 0.942259 -0.2770776 -0.1878719
vn 0.9388409 -0.2953581 -0.1768853
vn 0.940672 -0.3054292 -0.1476485
vn 0.9365826 -0.3055513 -0.1714224
vn 0.9345378 -0.3153477 -0.1647389
vn 0.9363689 -0.3231605 -0.1368144
vn 0.9310587 -0.3295693 -0.1564073
vn 0.9320658 -0.3399457 -0.1252174
vn 0.9271523 -0.3447065 -0.1467024
vn 0.929075 -0.3369243 -0.1525009
vn 0.927488 -0.3563036 -0.1130405
vn 0.9233375 -0.3588061 -0.1365398
vn 0.9252297 -0.3518784 -0.1418195
vn 0.922483 -0.3727836 -0.09997862
vn 0.9193701 -0.3729057 -0.1251564
vn 0.9209571 -0.3668325 -0.131138
vn 0.9118931 -0.3975036 -0.1020234
vn 0.9134495 -0.3928037 -0.1060823
vn 0.9173864 -0.3886227 -0.08572649
vn 0.9156774 -0.3854793 -0.1135289
vn 0.9172644 -0.3801385 -0.1185644
vn 0.8980682 -0.436201 -0.05618453
vn 0.9015473 -0.4277169 -0.06494337
vn 0.9113743 -0.4056825 -0.06921595
vn 0.9036836 -0.4209723 -0.07803583
vn 0.9060946 -0.4149907 -0.0819422
vn 0.9078646 -0.409772 -0.08844262
vn 0.9029206 -0.4266793 -0.05136263
vn 0.8953825 -0.4442579 -0.02990812
vn 0.8927885 -0.4482864 -0.04403817
vn 0.8850063 -0.4654683 -0.00766009
vn 0.8774071 -0.4793847 -0.01684617
vn 0.8753319 -0.4833521 -0.01116973
vn 0.8852504 -0.4650716 0.003234922
vn 0.8884854 -0.4588458 0.003845274
vn 0.8927274 -0.4505447 0.001953184
vn 0.9602649 -0.2790002 0.000854518
vn 0.9602649 -0.2789697 0.001281738
vn 0.9572436 -0.2891934 0.002014219
vn 0.9602954 -0.2789392 0.00125122
vn 0.9598681 -0.2803125 0.002105772
vn 0.9580981 -0.2863246 0.000122074
vn 0.9622486 -0.2721335 -0.003234922
vn 0.9621266 -0.2725608 -0.002899229
vn 0.9616382 -0.2742088 -0.001525878
vn 0.9607532 -0.2773522 -0.000274667
vn 0.9602344 -0.2790918 -0.000701926
vn 0.9631336 -0.2689291 -0.005462765
vn 0.9597766 -0.2806787 -0.004577755
vn 0.9635914 -0.2672506 -0.006683528
vn 0.964507 -0.263802 -0.008972406
vn 0.9613025 -0.2753075 -0.008728265
vn 0.9649037 -0.2623676 -0.009460687
vn 0.9624928 -0.2709433 -0.01178014
vn 0.9649342 -0.2623066 -0.009033441
vn 0.9635914 -0.2669149 -0.01425212
vn 0.9649342 -0.2622455 -0.008880853
vn 0.9646596 -0.2629474 -0.01644945
vn 0.9649342 -0.2622455 -0.008880853
vn 0.965453 -0.2603229 -0.00991851
vn 0.9652394 -0.2607196 -0.01712083
vn 0.9656972 -0.2594074 -0.01028472
vn 0.9654836 -0.2599261 -0.01651048
vn 0.9657887 -0.2590716 -0.01074248
vn 0.9654836 -0.2602008 -0.01031523
vn 0.9566943 -0.2625507 -0.1254921
vn 0.9563891 -0.264748 -0.1233253
vn 0.9534288 -0.2782067 -0.1162145
vn 0.9351787 -0.3539232 -0.01190221
vn 0.9523606 -0.3046968 -0.01049834
vn 0.9310587 -0.3647878 -0.001342773
vn 0.9491257 -0.3148289 -0.001068115
vn 0.9482101 -0.3144017 -0.04480117
vn 0.9583117 -0.284524 -0.02584916
vn 0.9557482 -0.293527 -0.01931822
vn 0.9393903 -0.342082 -0.02252262
vn 0.9427778 -0.3318583 -0.03109836
vn 0.9456771 -0.3227943 -0.03839224
vn 0.9505295 -0.3064669 -0.05053859
vn 0.9526963 -0.2986847 -0.05587935
vn 0.9606006 -0.2760704 -0.0313425
vn 0.9596545 -0.281167 0
vn 0.9596545 -0.281167 0
vn 0.9561449 -0.2928251 0.001312255
vn 0.9641713 -0.2626423 -0.03656113
vn 0.9641408 -0.2626118 -0.03802603
vn 0.962859 -0.2674642 -0.03637802
vn 0.9284646 -0.3713797 0.003479063
vn 0.9069185 -0.4212164 -0.004303097
vn 0.9144566 -0.4041261 -0.02105772
vn 0.9215674 -0.3863949 -0.03735464
vn 0.9272134 -0.371044 -0.05078279
vn 0.9319437 -0.3571887 -0.0622577
vn 0.9360332 -0.3443403 -0.07242041
vn 0.9397259 -0.3319804 -0.08166754
vn 0.943144 -0.319834 -0.09030425
vn 0.9464095 -0.307474 -0.09860527
vn 0.9496139 -0.2945647 -0.1068148
vn 0.9466842 -0.3221229 0.002502501
vn 0.9317301 -0.3630787 0.002960264
vn 0.9212928 -0.3888058 0
vn 0.9209266 -0.3896603 0
vn 0.9079562 -0.4189886 0.003021299
vn 0.9615467 -0.2640461 -0.07544171
vn 0.961333 -0.2647175 -0.07550275
vn 0.9594409 -0.2724082 -0.07235938
vn 0.9568774 -0.282815 -0.06598097
vn 0.9548021 -0.2909024 -0.06097596
vn 0.9285867 -0.3710746 -0.003234922
vn 0.9477523 -0.3189184 -0.002410948
vn 0.9489426 -0.3154088 0.000793481
vn 0.9572436 -0.2891934 -0.002105772
vn 0.9641408 -0.2627338 0.03671371
vn 0.9654836 -0.2599261 0.01623582
vn 0.9186682 -0.3751946 0.1234169
vn 0.9164098 -0.3827326 0.1167638
vn 0.9226661 -0.3724479 0.09979552
vn 0.9148839 -0.3879207 0.1117588
vn 0.9123814 -0.395764 0.1043123
vn 0.9176 -0.3881344 0.08560442
vn 0.8936125 -0.4478286 0.02926725
vn 0.8781091 -0.4778283 0.02310246
vn 0.8851283 -0.4652547 0.008117914
vn 0.8774071 -0.4793847 0.0167241
vn 0.9054537 -0.4213385 0.05102694
vn 0.8931242 -0.4469436 0.05008083
vn 0.8769494 -0.479873 0.02508616
vn 0.9120457 -0.4041566 0.06927698
vn 0.9019746 -0.4255806 0.07287818
vn 0.8965117 -0.4389783 0.05926692
vn 0.9109165 -0.4002808 0.09982603
vn 0.9069185 -0.4120304 0.08749651
vn 0.9034395 -0.4213385 0.07879877
vn 0.9227576 -0.3610035 0.1347392
vn 0.9202551 -0.369274 0.1292459
vn 0.9275491 -0.3561815 0.112949
vn 0.926603 -0.3469649 0.1448408
vn 0.9246193 -0.3542283 0.1398053
vn 0.9320658 -0.3398541 0.125248
vn 0.9303873 -0.3323161 0.1546068
vn 0.9285562 -0.3393048 0.1503341
vn 0.9363689 -0.3232215 0.1366313
vn 0.9418012 -0.2878811 0.1734367
vn 0.937376 -0.3032624 0.1711783
vn 0.9407331 -0.3050935 0.1479842
vn 0.9359111 -0.3083285 0.1701712
vn 0.9338969 -0.3178502 0.1636097
vn 0.9484238 -0.2683187 0.1686148
vn 0.9422895 -0.2770165 0.187994
vn 0.9428389 -0.2809839 0.1791131
vn 0.9454329 -0.2575152 0.1994995
vn 0.9454024 -0.2575762 0.1995911
vn 0.9496445 -0.2596515 0.1752983
vn 0.9458907 -0.2580035 0.1966918
vn 0.9499801 -0.2601093 0.1727042
vn 0.9437239 -0.2698141 0.1910763
vn 0.9654836 -0.2602008 0.01031523
vn 0.9657582 -0.2591021 0.01080352
vn 0.9652394 -0.2607501 0.01690721
vn 0.9656972 -0.2593463 0.0104373
vn 0.965453 -0.2603229 0.00991851
vn 0.9646596 -0.2629474 0.01632738
vn 0.9649342 -0.2622455 0.008880853
vn 0.9635914 -0.2668843 0.01413005
vn 0.9649342 -0.2623066 0.009033441
vn 0.9625233 -0.2708517 0.01165807
vn 0.9649037 -0.2623676 0.009460687
vn 0.961333 -0.2751549 0.008697748
vn 0.9649342 -0.262215 0.01007109
vn 0.9597766 -0.2806787 0.004547238
vn 0.9635609 -0.2673422 0.006317317
vn 0.9645375 -0.2637104 0.008911371
vn 0.9602649 -0.2789697 -0.001281738
vn 0.9602649 -0.2790002 -0.000640889
vn 0.9606006 -0.277871 -0.000427259
vn 0.9582507 -0.2858974 3.05185e-05
vn 0.9613941 -0.2750939 0.000854518
vn 0.9617908 -0.27369 0.001922607
vn 0.9622486 -0.2721335 0.00326544
vn 0.9623707 -0.2716147 0.003418028
vn 0.9632252 -0.2685934 0.005645871
vn 0.9598681 -0.2803125 -0.002105772
vn 0.9602954 -0.2789392 -0.00125122
vn 0.8860439 -0.4635456 -0.003204405
vn 0.9067049 -0.4216743 0.003936886
vn 0.9143345 -0.4043397 0.0210272
vn 0.9215064 -0.3865475 0.03735464
vn 0.9271829 -0.3711356 0.05078279
vn 0.9548021 -0.2909024 0.06094545
vn 0.9496139 -0.2945952 0.1068758
vn 0.9464095 -0.307474 0.09866631
vn 0.9447615 -0.2860195 0.1598864
vn 0.9534288 -0.2782372 0.1162145
vn 0.9563891 -0.2645649 0.1235389
vn 0.9396954 -0.3320414 0.08169806
vn 0.9431135 -0.3198645 0.09033477
vn 0.9505295 -0.3064669 0.05050808
vn 0.9526963 -0.2986847 0.05584883
vn 0.9566637 -0.2626423 0.1254921
vn 0.9360027 -0.3443709 0.07245093
vn 0.9456771 -0.3227943 0.03839224
vn 0.9482101 -0.3144017 0.04477065
vn 0.9557176 -0.2935575 0.01934874
vn 0.9582812 -0.2845546 0.02587968
vn 0.9524217 -0.3044832 0.01052886
vn 0.9428083 -0.3318583 0.03109836
vn 0.9319132 -0.3572497 0.06228822
vn 0.9568774 -0.2827845 0.06591993
vn 0.9606006 -0.2761009 0.03137302
vn 0.962859 -0.2675253 0.03631699
vn 0.9594409 -0.2724387 0.07232886
vn 0.961333 -0.2647175 0.0755943
vn 0.9615467 -0.2639851 0.07556378
vn 0.9641103 -0.2626728 0.03787344
vn 0.9014863 -0.4327524 -0.003540098
vn 0.9079562 -0.4189886 -0.003021299
vn 0.8927274 -0.4505447 -0.00225836
vn 0.9308451 -0.3653371 0.00112915
vn 0.9351482 -0.3540147 0.01199376
vn 0.9393597 -0.3421125 0.02252262
vn 0.9317606 -0.3630177 -0.002868711
vn 0.9466537 -0.3222144 -0.002410948
vn 0.9561449 -0.2928251 -0.001312255
f 1//1 2//2 3//3
f 3//3 2//2 4//4
f 3//3 4//4 5//5
f 5//5 4//4 6//6
f 6//6 4//4 7//7
f 6//6 7//7 8//8
f 8//8 7//7 9//9
f 8//8 9//9 10//10
f 11//11 2//2 12//12
f 2//2 1//1 12//12
f 13//13 14//14 15//15
f 15//15 14//14 16//16
f 16//16 14//14 17//17
f 17//17 14//14 18//18
f 17//17 18//18 19//19
f 19//19 18//18 20//20
f 20//20 18//18 11//11
f 20//20 11//11 12//12
f 21//21 22//22 23//23
f 23//23 22//22 24//24
f 25//25 26//26 27//27
f 27//27 26//26 23//23
f 27//27 23//23 28//28
f 28//28 23//23 24//24
f 21//21 23//23 29//29
f 29//29 23//23 30//30
f 29//29 30//30 31//31
f 32//32 33//33 30//30
f 30//30 33//33 34//34
f 30//30 34//34 31//31
f 35//35 36//36 37//37
f 37//37 36//36 26//26
f 37//37 26//26 25//25
f 38//38 39//39 40//40
f 40//40 39//39 41//41
f 42//42 43//43 44//44
f 45//45 46//46 47//47
f 47//47 46//46 48//48
f 47//47 48//48 38//38
f 38//38 48//48 49//49
f 38//38 49//49 39//39
f 37//37 50//50 35//35
f 35//35 50//50 51//51
f 35//35 51//51 44//44
f 44//44 51//51 52//52
f 44//44 52//52 42//42
f 43//43 53//53 44//44
f 44//44 53//53 54//54
f 44//44 54//54 55//55
f 55//55 54//54 56//56
f 55//55 56//56 57//57
f 57//57 56//56 58//58
f 58//58 56//56 59//59
f 58//58 59//59 47//47
f 47//47 59//59 60//60
f 47//47 60//60 45//45
f 61//61 62//62 63//63
f 63//63 62//62 64//64
f 63//63 64//64 65//65
f 66//66 67//67 68//68
f 68//68 67//67 69//69
f 68//68 69//69 61//61
f 61//61 69//69 70//70
f 61//61 70//70 62//62
f 40//40 41//41 71//71
f 40//40 71//71 68//68
f 68//68 71//71 72//72
f 68//68 72//72 66//66
f 73//73 74//74 75//75
f 75//75 74//74 63//63
f 75//75 63//63 76//76
f 77//77 78//78 79//79
f 79//79 78//78 80//80
f 79//79 80//80 81//81
f 82//82 83//83 84//84
f 84//84 83//83 85//85
f 77//77 86//86 78//78
f 78//78 86//86 87//87
f 78//78 87//87 88//88
f 88//88 87//87 89//89
f 88//88 89//89 90//90
f 90//90 89//89 91//91
f 90//90 91//91 92//92
f 92//92 91//91 93//93
f 92//92 93//93 85//85
f 85//85 93//93 94//94
f 85//85 94//94 84//84
f 95//95 96//96 97//97
f 98//98 99//99 100//100
f 97//97 96//96 101//101
f 101//101 96//96 102//102
f 101//101 102//102 103//103
f 104//104 105//105 106//106
f 106//106 105//105 107//107
f 106//106 107//107 108//108
f 95//95 97//97 100//100
f 100//100 97//97 109//109
f 100//100 109//109 98//98
f 107//107 110//110 108//108
f 108//108 110//110 111//111
f 108//108 111//111 80//80
f 80//80 111//111 81//81
f 112//112 113//113 114//114
f 114//114 113//113 115//115
f 114//114 115//115 106//106
f 106//106 115//115 116//116
f 106//106 116//116 104//104
f 103//103 117//117 101//101
f 101//101 117//117 118//118
f 101//101 118//118 119//119
f 119//119 118//118 112//112
f 119//119 112//112 120//120
f 120//120 112//112 114//114
f 99//99 98//98 121//121
f 121//121 98//98 122//122
f 121//121 122//122 123//123
f 123//123 122//122 124//124
f 125//125 76//76 126//126
f 126//126 127//127 125//125
f 125//125 127//127 128//128
f 125//125 128//128 129//129
f 129//129 128//128 130//130
f 129//129 130//130 131//131
f 131//131 130//130 132//132
f 131//131 132//132 133//133
f 133//133 132//132 134//134
f 133//133 134//134 122//122
f 122//122 134//134 135//135
f 122//122 135//135 124//124
f 65//65 136//136 63//63
f 63//63 136//136 137//137
f 63//63 137//137 76//76
f 76//76 137//137 138//138
f 76//76 138//138 126//126
f 139//139 140//140 141//141
f 142//142 143//143 144//144
f 144//144 143//143 145//145
f 142//142 146//146 143//143
f 143//143 146//146 147//147
f 143//143 147//147 141//141
f 141//141 147//147 148//148
f 141//141 148//148 139//139
f 149//149 150//150 151//151
f 151//151 150//150 152//152
f 151//151 152//152 153//153
f 154//154 155//155 156//156
f 156//156 155//155 157//157
f 156//156 157//157 149//149
f 149//149 157//157 158//158
f 149//149 158//158 150//150
f 154//154 156//156 159//159
f 159//159 156//156 160//160
f 159//159 160//160 161//161
f 162//162 163//163 164//164
f 164//164 163//163 165//165
f 164//164 165//165 160//160
f 160//160 165//165 166//166
f 160//160 166//166 161//161
f 162//162 164//164 167//167
f 167//167 164//164 141//141
f 167//167 141//141 140//140
f 168//168 169//169 170//170
f 151//151 171//171 172//172
f 153//153 173//173 151//151
f 151//151 173//173 174//174
f 151//151 174//174 171//171
f 172//172 175//175 151//151
f 151//151 175//175 176//176
f 151//151 176//176 170//170
f 170//170 176//176 177//177
f 170//170 177//177 168//168
f 178//178 179//179 180//180
f 180//180 179//179 181//181
f 181//181 179//179 182//182
f 181//181 182//182 183//183
f 178//178 180//180 184//184
f 184//184 180//180 185//185
f 184//184 185//185 186//186
f 187//187 188//188 189//189
f 187//187 189//189 185//185
f 185//185 189//189 190//190
f 185//185 190//190 186//186
f 191//191 192//192 193//193
f 193//193 192//192 194//194
f 193//193 194//194 187//187
f 187//187 194//194 195//195
f 187//187 195//195 188//188
f 191//191 193//193 196//196
f 196//196 193//193 170//170
f 196//196 170//170 169//169
f 197//197 198//198 199//199
f 200//200 181//181 201//201
f 201//201 181//181 183//183
f 200//200 202//202 181//181
f 181//181 202//202 203//203
f 181//181 203//203 199//199
f 199//199 203//203 204//204
f 199//199 204//204 197//197
f 205//205 206//206 207//207
f 207//207 206//206 208//208
f 207//207 208//208 209//209
f 210//210 211//211 212//212
f 212//212 211//211 213//213
f 212//212 213//213 205//205
f 205//205 213//213 214//214
f 205//205 214//214 206//206
f 210//210 212//212 215//215
f 215//215 212//212 216//216
f 215//215 216//216 217//217
f 218//218 219//219 220//220
f 220//220 219//219 221//221
f 220//220 221//221 216//216
f 216//216 221//221 222//222
f 216//216 222//222 217//217
f 218//218 220//220 223//223
f 223//223 220//220 199//199
f 223//223 199//199 198//198
f 224//224 225//225 226//226
f 207//207 227//227 228//228
f 209//209 229//229 207//207
f 207//207 229//229 230//230
f 207//207 230//230 227//227
f 228//228 231//231 207//207
f 207//207 231//231 232//232
f 207//207 232//232 226//226
f 226//226 232//232 233//233
f 226//226 233//233 224//224
f 234//234 235//235 236//236
f 236//236 235//235 143//143
f 143//143 235//235 237//237
f 143//143 237//237 145//145
f 234//234 236//236 238//238
f 238//238 236//236 239//239
f 238//238 239//239 240//240
f 241//241 242//242 243//243
f 241//241 243//243 239//239
f 239//239 243//243 244//244
f 239//239 244//244 240//240
f 245//245 246//246 247//247
f 247//247 246//246 248//248
f 247//247 248//248 241//241
f 241//241 248//248 249//249
f 241//241 249//249 242//242
f 245//245 247//247 250//250
f 250//250 247//247 226//226
f 250//250 226//226 225//225
f 251//251 252//252 253//253
f 254//254 251//251 255//255
f 256//256 250//250 257//257
f 257//257 250//250 225//225
f 257//257 225//225 254//254
f 251//251 253//253 255//255
f 255//255 253//253 258//258
f 255//255 258//258 259//259
f 259//259 258//258 260//260
f 259//259 260//260 261//261
f 262//262 248//248 263//263
f 263//263 248//248 246//246
f 263//263 246//246 256//256
f 256//256 246//246 245//245
f 256//256 245//245 250//250
f 260//260 264//264 261//261
f 261//261 264//264 265//265
f 261//261 265//265 266//266
f 266//266 265//265 267//267
f 266//266 267//267 268//268
f 268//268 267//267 269//269
f 268//268 269//269 270//270
f 271//271 243//243 272//272
f 272//272 243//243 242//242
f 272//272 242//242 262//262
f 262//262 242//242 249//249
f 262//262 249//249 248//248
f 273//273 274//274 275//275
f 275//275 274//274 276//276
f 275//275 276//276 277//277
f 277//277 276//276 270//270
f 277//277 270//270 278//278
f 278//278 270//270 269//269
f 254//254 255//255 257//257
f 257//257 255//255 259//259
f 257//257 259//259 256//256
f 256//256 259//259 261//261
f 256//256 261//261 263//263
f 263//263 261//261 266//266
f 263//263 266//266 262//262
f 262//262 266//266 268//268
f 262//262 268//268 272//272
f 272//272 268//268 270//270
f 272//272 270//270 271//271
f 271//271 270//270 276//276
f 271//271 276//276 279//279
f 279//279 276//276 274//274
f 279//279 274//274 280//280
f 235//235 234//234 280//280
f 280//280 234//234 238//238
f 280//280 238//238 279//279
f 279//279 238//238 240//240
f 279//279 240//240 271//271
f 271//271 240//240 244//244
f 271//271 244//244 243//243
f 237//237 235//235 281//281
f 281//281 235//235 280//280
f 281//281 280//280 282//282
f 282//282 280//280 274//274
f 282//282 274//274 283//283
f 283//283 274//274 273//273
f 145//145 237//237 284//284
f 284//284 237//237 281//281
f 284//284 281//281 285//285
f 285//285 281//281 282//282
f 285//285 282//282 286//286
f 286//286 282//282 283//283
f 287//287 252//252 251//251
f 288//288 289//289 290//290
f 233//233 232//232 291//291
f 291//291 232//232 292//292
f 291//291 292//292 290//290
f 290//290 292//292 293//293
f 290//290 293//293 288//288
f 224//224 233//233 294//294
f 294//294 233//233 291//291
f 294//294 291//291 295//295
f 295//295 291//291 290//290
f 289//289 296//296 290//290
f 290//290 296//296 297//297
f 290//290 297//297 295//295
f 295//295 297//297 298//298
f 295//295 298//298 299//299
f 287//287 251//251 300//300
f 225//225 224//224 254//254
f 254//254 224//224 294//294
f 254//254 294//294 251//251
f 251//251 294//294 295//295
f 251//251 295//295 300//300
f 300//300 295//295 299//299
f 301//301 302//302 303//303
f 304//304 301//301 305//305
f 305//305 301//301 303//303
f 305//305 303//303 306//306
f 209//209 306//306 307//307
f 302//302 308//308 303//303
f 303//303 308//308 309//309
f 303//303 309//309 310//310
f 310//310 309//309 311//311
f 310//310 311//311 312//312
f 313//313 314//314 312//312
f 312//312 314//314 315//315
f 312//312 315//315 310//310
f 288//288 316//316 317//317
f 317//317 316//316 318//318
f 317//317 318//318 319//319
f 319//319 318//318 314//314
f 319//319 314//314 320//320
f 320//320 314//314 313//313
f 306//306 303//303 307//307
f 307//307 303//303 310//310
f 307//307 310//310 321//321
f 321//321 310//310 315//315
f 321//321 315//315 322//322
f 322//322 315//315 314//314
f 322//322 314//314 323//323
f 323//323 314//314 318//318
f 323//323 318//318 324//324
f 324//324 318//318 316//316
f 324//324 316//316 325//325
f 209//209 307//307 229//229
f 229//229 307//307 321//321
f 229//229 321//321 230//230
f 230//230 321//321 322//322
f 230//230 322//322 227//227
f 227//227 322//322 323//323
f 227//227 323//323 228//228
f 228//228 323//323 324//324
f 228//228 324//324 231//231
f 231//231 324//324 325//325
f 231//231 325//325 232//232
f 326//326 327//327 328//328
f 329//329 326//326 330//330
f 331//331 223//223 332//332
f 332//332 223//223 198//198
f 332//332 198//198 329//329
f 326//326 328//328 330//330
f 330//330 328//328 333//333
f 330//330 333//333 334//334
f 334//334 333//333 335//335
f 334//334 335//335 336//336
f 337//337 221//221 338//338
f 338//338 221//221 219//219
f 338//338 219//219 331//331
f 331//331 219//219 218//218
f 331//331 218//218 223//223
f 335//335 339//339 336//336
f 336//336 339//339 340//340
f 336//336 340//340 341//341
f 341//341 340//340 342//342
f 341//341 342//342 343//343
f 343//343 342//342 344//344
f 343//343 344//344 345//345
f 346//346 215//215 347//347
f 347//347 215//215 217//217
f 347//347 217//217 337//337
f 337//337 217//217 222//222
f 337//337 222//222 221//221
f 348//348 349//349 350//350
f 350//350 349//349 351//351
f 350//350 351//351 352//352
f 352//352 351//351 345//345
f 352//352 345//345 353//353
f 353//353 345//345 344//344
f 329//329 330//330 332//332
f 332//332 330//330 334//334
f 332//332 334//334 331//331
f 331//331 334//334 336//336
f 331//331 336//336 338//338
f 338//338 336//336 341//341
f 338//338 341//341 337//337
f 337//337 341//341 343//343
f 337//337 343//343 347//347
f 347//347 343//343 345//345
f 347//347 345//345 346//346
f 346//346 345//345 351//351
f 346//346 351//351 354//354
f 354//354 351//351 349//349
f 354//354 349//349 355//355
f 206//206 214//214 355//355
f 355//355 214//214 213//213
f 355//355 213//213 354//354
f 354//354 213//213 211//211
f 354//354 211//211 346//346
f 346//346 211//211 210//210
f 346//346 210//210 215//215
f 208//208 206//206 356//356
f 356//356 206//206 355//355
f 356//356 355//355 357//357
f 357//357 355//355 349//349
f 357//357 349//349 358//358
f 358//358 349//349 348//348
f 209//209 208//208 306//306
f 306//306 208//208 356//356
f 306//306 356//356 305//305
f 305//305 356//356 357//357
f 305//305 357//357 304//304
f 304//304 357//357 358//358
f 359//359 360//360 361//361
f 204//204 203//203 362//362
f 362//362 203//203 363//363
f 362//362 363//363 364//364
f 364//364 363//363 365//365
f 364//364 365//365 366//366
f 366//366 365//365 367//367
f 197//197 204//204 368//368
f 368//368 204//204 362//362
f 368//368 362//362 361//361
f 361//361 362//362 364//364
f 361//361 364//364 359//359
f 359//359 364//364 366//366
f 369//369 370//370 326//326
f 326//326 370//370 371//371
f 326//326 371//371 327//327
f 198//198 197//197 329//329
f 329//329 197//197 368//368
f 329//329 368//368 326//326
f 326//326 368//368 361//361
f 326//326 361//361 369//369
f 369//369 361//361 360//360
f 372//372 373//373 374//374
f 374//374 373//373 375//375
f 376//376 372//372 377//377
f 377//377 372//372 374//374
f 377//377 374//374 378//378
f 183//183 378//378 379//379
f 375//375 380//380 374//374
f 374//374 380//380 381//381
f 374//374 381//381 382//382
f 381//381 383//383 382//382
f 382//382 383//383 384//384
f 382//382 384//384 385//385
f 385//385 384//384 367//367
f 385//385 367//367 365//365
f 378//378 374//374 379//379
f 379//379 374//374 382//382
f 379//379 382//382 386//386
f 386//386 382//382 385//385
f 386//386 385//385 387//387
f 387//387 385//385 365//365
f 387//387 365//365 363//363
f 183//183 379//379 201//201
f 201//201 379//379 386//386
f 201//201 386//386 200//200
f 200//200 386//386 387//387
f 200//200 387//387 202//202
f 202//202 387//387 363//363
f 202//202 363//363 203//203
f 388//388 389//389 390//390
f 391//391 388//388 392//392
f 393//393 196//196 394//394
f 394//394 196//196 169//169
f 394//394 169//169 391//391
f 388//388 390//390 392//392
f 392//392 390//390 395//395
f 392//392 395//395 396//396
f 396//396 395//395 397//397
f 396//396 397//397 398//398
f 399//399 194//194 400//400
f 400//400 194//194 192//192
f 400//400 192//192 393//393
f 393//393 192//192 191//191
f 393//393 191//191 196//196
f 397//397 401//401 398//398
f 398//398 401//401 402//402
f 398//398 402//402 403//403
f 403//403 402//402 404//404
f 403//403 404//404 405//405
f 405//405 404//404 406//406
f 405//405 406//406 407//407
f 408//408 189//189 409//409
f 409//409 189//189 188//188
f 409//409 188//188 399//399
f 399//399 188//188 195//195
f 399//399 195//195 194//194
f 410//410 411//411 412//412
f 412//412 411//411 413//413
f 412//412 413//413 414//414
f 414//414 413//413 407//407
f 414//414 407//407 415//415
f 415//415 407//407 406//406
f 391//391 392//392 394//394
f 394//394 392//392 396//396
f 394//394 396//396 393//393
f 393//393 396//396 398//398
f 393//393 398//398 400//400
f 400//400 398//398 403//403
f 400//400 403//403 399//399
f 399//399 403//403 405//405
f 399//399 405//405 409//409
f 409//409 405//405 407//407
f 409//409 407//407 408//408
f 408//408 407//407 413//413
f 408//408 413//413 416//416
f 416//416 413//413 411//411
f 416//416 411//411 417//417
f 179//179 178//178 417//417
f 417//417 178//178 184//184
f 417//417 184//184 416//416
f 416//416 184//184 186//186
f 416//416 186//186 408//408
f 408//408 186//186 190//190
f 408//408 190//190 189//189
f 182//182 179//179 418//418
f 418//418 179//179 417//417
f 418//418 417//417 419//419
f 419//419 417//417 411//411
f 419//419 411//411 420//420
f 420//420 411//411 410//410
f 183//183 182//182 378//378
f 378//378 182//182 418//418
f 378//378 418//418 377//377
f 377//377 418//418 419//419
f 377//377 419//419 376//376
f 376//376 419//419 420//420
f 421//421 389//389 388//388
f 422//422 423//423 424//424
f 177//177 176//176 425//425
f 425//425 176//176 426//426
f 425//425 426//426 424//424
f 424//424 426//426 427//427
f 424//424 427//427 422//422
f 168//168 177//177 428//428
f 428//428 177//177 425//425
f 428//428 425//425 429//429
f 429//429 425//425 424//424
f 423//423 430//430 424//424
f 424//424 430//430 431//431
f 424//424 431//431 429//429
f 429//429 431//431 432//432
f 429//429 432//432 433//433
f 421//421 388//388 434//434
f 169//169 168//168 391//391
f 391//391 168//168 428//428
f 391//391 428//428 388//388
f 388//388 428//428 429//429
f 388//388 429//429 434//434
f 434//434 429//429 433//433
f 435//435 436//436 437//437
f 438//438 435//435 439//439
f 439//439 435//435 437//437
f 439//439 437//437 440//440
f 153//153 440//440 441//441
f 436//436 442//442 437//437
f 437//437 442//442 443//443
f 437//437 443//443 444//444
f 444//444 443//443 445//445
f 444//444 445//445 446//446
f 447//447 448//448 446//446
f 446//446 448//448 449//449
f 446//446 449//449 444//444
f 422//422 450//450 451//451
f 451//451 450//450 452//452
f 451//451 452//452 453//453
f 453//453 452//452 448//448
f 453//453 448//448 454//454
f 454//454 448//448 447//447
f 440//440 437//437 441//441
f 441//441 437//437 444//444
f 441//441 444//444 455//455
f 455//455 444//444 449//449
f 455//455 449//449 456//456
f 456//456 449//449 448//448
f 456//456 448//448 457//457
f 457//457 448//448 452//452
f 457//457 452//452 458//458
f 458//458 452//452 450//450
f 458//458 450//450 459//459
f 153//153 441//441 173//173
f 173//173 441//441 455//455
f 173//173 455//455 174//174
f 174//174 455//455 456//456
f 174//174 456//456 171//171
f 171//171 456//456 457//457
f 171//171 457//457 172//172
f 172//172 457//457 458//458
f 172//172 458//458 175//175
f 175//175 458//458 459//459
f 175//175 459//459 176//176
f 460//460 461//461 462//462
f 463//463 460//460 464//464
f 465//465 167//167 466//466
f 466//466 167//167 140//140
f 466//466 140//140 463//463
f 460//460 462//462 464//464
f 464//464 462//462 467//467
f 464//464 467//467 468//468
f 468//468 467//467 469//469
f 468//468 469//469 470//470
f 471//471 165//165 472//472
f 472//472 165//165 163//163
f 472//472 163//163 465//465
f 465//465 163//163 162//162
f 465//465 162//162 167//167
f 469//469 473//473 470//470
f 470//470 473//473 474//474
f 470//470 474//474 475//475
f 475//475 474//474 476//476
f 475//475 476//476 477//477
f 477//477 476//476 478//478
f 477//477 478//478 479//479
f 480//480 159//159 481//481
f 481//481 159//159 161//161
f 481//481 161//161 471//471
f 471//471 161//161 166//166
f 471//471 166//166 165//165
f 482//482 483//483 484//484
f 484//484 483//483 485//485
f 484//484 485//485 486//486
f 486//486 485//485 479//479
f 486//486 479//479 487//487
f 487//487 479//479 478//478
f 463//463 464//464 466//466
f 466//466 464//464 468//468
f 466//466 468//468 465//465
f 465//465 468//468 470//470
f 465//465 470//470 472//472
f 472//472 470//470 475//475
f 472//472 475//475 471//471
f 471//471 475//475 477//477
f 471//471 477//477 481//481
f 481//481 477//477 479//479
f 481//481 479//479 480//480
f 480//480 479//479 485//485
f 480//480 485//485 488//488
f 488//488 485//485 483//483
f 488//488 483//483 489//489
f 150//150 158//158 489//489
f 489//489 158//158 157//157
f 489//489 157//157 488//488
f 488//488 157//157 155//155
f 488//488 155//155 480//480
f 480//480 155//155 154//154
f 480//480 154//154 159//159
f 152//152 150//150 490//490
f 490//490 150//150 489//489
f 490//490 489//489 491//491
f 491//491 489//489 483//483
f 491//491 483//483 492//492
f 492//492 483//483 482//482
f 153//153 152//152 440//440
f 440//440 152//152 490//490
f 440//440 490//490 439//439
f 439//439 490//490 491//491
f 439//439 491//491 438//438
f 438//438 491//491 492//492
f 493//493 494//494 495//495
f 148//148 147//147 496//496
f 496//496 147//147 497//497
f 496//496 497//497 498//498
f 498//498 497//497 499//499
f 498//498 499//499 500//500
f 500//500 499//499 501//501
f 139//139 148//148 502//502
f 502//502 148//148 496//496
f 502//502 496//496 495//495
f 495//495 496//496 498//498
f 495//495 498//498 493//493
f 493//493 498//498 500//500
f 503//503 504//504 460//460
f 460//460 504//504 505//505
f 460//460 505//505 461//461
f 140//140 139//139 463//463
f 463//463 139//139 502//502
f 463//463 502//502 460//460
f 460//460 502//502 495//495
f 460//460 495//495 503//503
f 503//503 495//495 494//494
f 506//506 507//507 508//508
f 508//508 507//507 509//509
f 286//286 506//506 285//285
f 285//285 506//506 508//508
f 285//285 508//508 284//284
f 145//145 284//284 510//510
f 509//509 511//511 508//508
f 508//508 511//511 512//512
f 508//508 512//512 513//513
f 512//512 514//514 513//513
f 513//513 514//514 515//515
f 513//513 515//515 516//516
f 516//516 515//515 501//501
f 516//516 501//501 499//499
f 284//284 508//508 510//510
f 510//510 508//508 513//513
f 510//510 513//513 517//517
f 517//517 513//513 516//516
f 517//517 516//516 518//518
f 518//518 516//516 499//499
f 518//518 499//499 497//497
f 145//145 510//510 144//144
f 144//144 510//510 517//517
f 144//144 517//517 142//142
f 142//142 517//517 518//518
f 142//142 518//518 146//146
f 146//146 518//518 497//497
f 146//146 497//497 147//147
f 298//298 297//297 519//519
f 520//520 521//521 522//522
f 520//520 522//522 523//523
f 524//524 60//60 525//525
f 525//525 60//60 59//59
f 525//525 59//59 522//522
f 522//522 59//59 56//56
f 522//522 56//56 523//523
f 48//48 46//46 524//524
f 524//524 46//46 45//45
f 524//524 45//45 60//60
f 524//524 526//526 48//48
f 48//48 526//526 527//527
f 48//48 527//527 49//49
f 49//49 527//527 528//528
f 49//49 528//528 39//39
f 529//529 71//71 528//528
f 528//528 71//71 41//41
f 528//528 41//41 39//39
f 136//136 65//65 530//530
f 530//530 65//65 64//64
f 530//530 64//64 62//62
f 531//531 70//70 69//69
f 69//69 67//67 531//531
f 531//531 67//67 66//66
f 531//531 66//66 529//529
f 529//529 66//66 72//72
f 529//529 72//72 71//71
f 296//296 289//289 532//532
f 532//532 289//289 288//288
f 533//533 300//300 534//534
f 534//534 300//300 299//299
f 534//534 299//299 298//298
f 258//258 253//253 535//535
f 535//535 253//253 252//252
f 535//535 252//252 533//533
f 533//533 252//252 287//287
f 533//533 287//287 300//300
f 278//278 269//269 536//536
f 536//536 269//269 267//267
f 267//267 265//265 536//536
f 536//536 265//265 264//264
f 536//536 264//264 535//535
f 535//535 264//264 260//260
f 535//535 260//260 258//258
f 278//278 536//536 277//277
f 277//277 536//536 537//537
f 277//277 537//537 275//275
f 286//286 283//283 537//537
f 537//537 283//283 273//273
f 537//537 273//273 275//275
f 286//286 537//537 506//506
f 506//506 537//537 538//538
f 506//506 538//538 507//507
f 507//507 538//538 539//539
f 507//507 539//539 509//509
f 540//540 512//512 539//539
f 539//539 512//512 511//511
f 539//539 511//511 509//509
f 501//501 515//515 540//540
f 540//540 515//515 514//514
f 540//540 514//514 512//512
f 541//541 542//542 540//540
f 540//540 542//542 543//543
f 540//540 543//543 501//501
f 544//544 545//545 546//546
f 546//546 545//545 547//547
f 546//546 547//547 530//530
f 530//530 547//547 548//548
f 530//530 548//548 136//136
f 136//136 548//548 549//549
f 136//136 549//549 137//137
f 550//550 551//551 552//552
f 288//288 550//550 532//532
f 532//532 550//550 552//552
f 532//532 552//552 553//553
f 553//553 552//552 546//546
f 553//553 546//546 554//554
f 554//554 546//546 530//530
f 554//554 530//530 531//531
f 531//531 530//530 62//62
f 531//531 62//62 70//70
f 298//298 519//519 534//534
f 534//534 519//519 555//555
f 534//534 555//555 533//533
f 533//533 555//555 556//556
f 533//533 556//556 535//535
f 535//535 556//556 557//557
f 535//535 557//557 536//536
f 536//536 557//557 558//558
f 536//536 558//558 537//537
f 537//537 558//558 559//559
f 537//537 559//559 538//538
f 538//538 559//559 560//560
f 538//538 560//560 539//539
f 539//539 560//560 561//561
f 539//539 561//561 540//540
f 540//540 561//561 562//562
f 540//540 562//562 541//541
f 551//551 563//563 552//552
f 552//552 563//563 564//564
f 552//552 564//564 546//546
f 546//546 564//564 565//565
f 546//546 565//565 544//544
f 566//566 567//567 562//562
f 562//562 567//567 568//568
f 562//562 568//568 541//541
f 569//569 570//570 571//571
f 571//571 570//570 572//572
f 572//572 566//566 571//571
f 571//571 566//566 562//562
f 571//571 562//562 573//573
f 573//573 562//562 561//561
f 573//573 561//561 574//574
f 574//574 561//561 560//560
f 574//574 560//560 575//575
f 575//575 560//560 559//559
f 575//575 559//559 576//576
f 576//576 559//559 558//558
f 576//576 558//558 577//577
f 577//577 558//558 557//557
f 577//577 557//557 578//578
f 578//578 557//557 556//556
f 578//578 556//556 579//579
f 579//579 556//556 555//555
f 521//521 569//569 522//522
f 522//522 569//569 571//571
f 522//522 571//571 525//525
f 525//525 571//571 573//573
f 525//525 573//573 524//524
f 524//524 573//573 574//574
f 524//524 574//574 526//526
f 526//526 574//574 575//575
f 526//526 575//575 527//527
f 527//527 575//575 576//576
f 527//527 576//576 528//528
f 528//528 576//576 577//577
f 528//528 577//577 529//529
f 529//529 577//577 578//578
f 529//529 578//578 531//531
f 531//531 578//578 579//579
f 531//531 579//579 554//554
f 554//554 579//579 555//555
f 554//554 555//555 553//553
f 553//553 555//555 519//519
f 553//553 519//519 532//532
f 532//532 519//519 297//297
f 532//532 297//297 296//296
f 580//580 551//551 581//581
f 582//582 583//583 584//584
f 320//320 313//313 585//585
f 134//134 132//132 586//586
f 586//586 132//132 130//130
f 586//586 130//130 128//128
f 127//127 126//126 587//587
f 587//587 126//126 138//138
f 587//587 138//138 137//137
f 121//121 123//123 588//588
f 588//588 123//123 124//124
f 588//588 124//124 586//586
f 586//586 124//124 135//135
f 586//586 135//135 134//134
f 121//121 588//588 99//99
f 99//99 588//588 589//589
f 99//99 589//589 100//100
f 100//100 589//589 590//590
f 100//100 590//590 95//95
f 95//95 590//590 591//591
f 95//95 591//591 96//96
f 592//592 593//593 594//594
f 594//594 593//593 595//595
f 96//96 591//591 102//102
f 102//102 591//591 596//596
f 102//102 596//596 103//103
f 103//103 596//596 597//597
f 103//103 597//597 117//117
f 117//117 597//597 594//594
f 117//117 594//594 118//118
f 118//118 594//594 595//595
f 118//118 595//595 112//112
f 366//366 367//367 598//598
f 598//598 367//367 599//599
f 598//598 599//599 600//600
f 601//601 360//360 598//598
f 598//598 360//360 359//359
f 598//598 359//359 366//366
f 602//602 370//370 601//601
f 601//601 370//370 369//369
f 601//601 369//369 360//360
f 339//339 335//335 603//603
f 603//603 335//335 333//333
f 333//333 328//328 603//603
f 603//603 328//328 327//327
f 603//603 327//327 602//602
f 602//602 327//327 371//371
f 602//602 371//371 370//370
f 353//353 344//344 604//604
f 604//604 344//344 342//342
f 604//604 342//342 603//603
f 603//603 342//342 340//340
f 603//603 340//340 339//339
f 353//353 604//604 352//352
f 352//352 604//604 605//605
f 352//352 605//605 350//350
f 606//606 301//301 605//605
f 605//605 301//301 304//304
f 304//304 358//358 605//605
f 605//605 358//358 348//348
f 605//605 348//348 350//350
f 607//607 312//312 311//311
f 311//311 309//309 607//607
f 607//607 309//309 308//308
f 607//607 308//308 606//606
f 606//606 308//308 302//302
f 606//606 302//302 301//301
f 581//581 317//317 319//319
f 581//581 551//551 317//317
f 317//317 551//551 550//550
f 317//317 550//550 288//288
f 582//582 584//584 608//608
f 609//609 592//592 610//610
f 610//610 592//592 594//594
f 610//610 594//594 611//611
f 611//611 594//594 597//597
f 611//611 597//597 612//612
f 612//612 597//597 596//596
f 612//612 596//596 613//613
f 613//613 596//596 591//591
f 613//613 591//591 614//614
f 614//614 591//591 590//590
f 614//614 590//590 615//615
f 615//615 590//590 589//589
f 615//615 589//589 616//616
f 616//616 589//589 588//588
f 616//616 588//588 617//617
f 617//617 588//588 586//586
f 549//549 548//548 618//618
f 619//619 565//565 564//564
f 564//564 580//580 619//619
f 619//619 580//580 581//581
f 619//619 581//581 585//585
f 585//585 581//581 319//319
f 585//585 319//319 320//320
f 137//137 549//549 587//587
f 587//587 549//549 618//618
f 587//587 618//618 620//620
f 620//620 618//618 619//619
f 620//620 619//619 621//621
f 621//621 619//619 585//585
f 621//621 585//585 607//607
f 607//607 585//585 313//313
f 607//607 313//313 312//312
f 548//548 622//622 618//618
f 618//618 622//622 545//545
f 618//618 545//545 619//619
f 619//619 545//545 544//544
f 619//619 544//544 565//565
f 623//623 624//624 610//610
f 610//610 624//624 625//625
f 610//610 625//625 609//609
f 583//583 623//623 584//584
f 584//584 623//623 610//610
f 584//584 610//610 626//626
f 626//626 610//610 611//611
f 626//626 611//611 627//627
f 627//627 611//611 612//612
f 627//627 612//612 628//628
f 628//628 612//612 613//613
f 628//628 613//613 629//629
f 629//629 613//613 614//614
f 629//629 614//614 630//630
f 630//630 614//614 615//615
f 630//630 615//615 631//631
f 631//631 615//615 616//616
f 631//631 616//616 632//632
f 632//632 616//616 617//617
f 600//600 608//608 598//598
f 598//598 608//608 584//584
f 598//598 584//584 601//601
f 601//601 584//584 626//626
f 601//601 626//626 602//602
f 602//602 626//626 627//627
f 602//602 627//627 603//603
f 603//603 627//627 628//628
f 603//603 628//628 604//604
f 604//604 628//628 629//629
f 604//604 629//629 605//605
f 605//605 629//629 630//630
f 605//605 630//630 606//606
f 606//606 630//630 631//631
f 606//606 631//631 607//607
f 607//607 631//631 632//632
f 607//607 632//632 621//621
f 621//621 632//632 617//617
f 621//621 617//617 620//620
f 620//620 617//617 586//586
f 620//620 586//586 587//587
f 587//587 586//586 128//128
f 587//587 128//128 127//127
f 432//432 431//431 633//633
f 77//77 79//79 634//634
f 112//112 595//595 113//113
f 113//113 595//595 593//593
f 113//113 593//593 115//115
f 635//635 116//116 636//636
f 636//636 116//116 115//115
f 636//636 115//115 637//637
f 637//637 115//115 593//593
f 637//637 593//593 592//592
f 107//107 105//105 635//635
f 635//635 105//105 104//104
f 635//635 104//104 116//116
f 635//635 638//638 107//107
f 107//107 638//638 639//639
f 107//107 639//639 110//110
f 110//110 639//639 640//640
f 110//110 640//640 111//111
f 634//634 79//79 640//640
f 640//640 79//79 81//81
f 640//640 81//81 111//111
f 641//641 87//87 634//634
f 634//634 87//87 86//86
f 634//634 86//86 77//77
f 642//642 82//82 643//643
f 643//643 82//82 84//84
f 643//643 84//84 94//94
f 93//93 91//91 641//641
f 641//641 91//91 89//89
f 641//641 89//89 87//87
f 430//430 423//423 644//644
f 644//644 423//423 422//422
f 645//645 434//434 646//646
f 646//646 434//434 433//433
f 646//646 433//433 432//432
f 395//395 390//390 647//647
f 647//647 390//390 389//389
f 647//647 389//389 645//645
f 645//645 389//389 421//421
f 645//645 421//421 434//434
f 415//415 406//406 648//648
f 648//648 406//406 404//404
f 404//404 402//402 648//648
f 648//648 402//402 401//401
f 648//648 401//401 647//647
f 647//647 401//401 397//397
f 647//647 397//397 395//395
f 415//415 648//648 414//414
f 414//414 648//648 649//649
f 414//414 649//649 412//412
f 376//376 420//420 649//649
f 649//649 420//420 410//410
f 649//649 410//410 412//412
f 376//376 649//649 372//372
f 372//372 649//649 650//650
f 372//372 650//650 373//373
f 373//373 650//650 651//651
f 373//373 651//651 375//375
f 652//652 381//381 651//651
f 651//651 381//381 380//380
f 651//651 380//380 375//375
f 367//367 384//384 652//652
f 652//652 384//384 383//383
f 652//652 383//383 381//381
f 608//608 600//600 652//652
f 652//652 600//600 599//599
f 652//652 599//599 367//367
f 653//653 654//654 655//655
f 655//655 654//654 656//656
f 655//655 656//656 643//643
f 643//643 656//656 657//657
f 643//643 657//657 642//642
f 642//642 657//657 658//658
f 642//642 658//658 659//659
f 660//660 661//661 662//662
f 422//422 660//660 644//644
f 644//644 660//660 662//662
f 644//644 662//662 663//663
f 663//663 662//662 655//655
f 663//663 655//655 664//664
f 664//664 655//655 643//643
f 664//664 643//643 641//641
f 641//641 643//643 94//94
f 641//641 94//94 93//93
f 432//432 633//633 646//646
f 646//646 633//633 665//665
f 646//646 665//665 645//645
f 645//645 665//665 666//666
f 645//645 666//666 647//647
f 647//647 666//666 667//667
f 647//647 667//667 648//648
f 648//648 667//667 668//668
f 648//648 668//668 649//649
f 649//649 668//668 669//669
f 649//649 669//669 650//650
f 650//650 669//669 670//670
f 650//650 670//670 651//651
f 651//651 670//670 671//671
f 651//651 671//671 652//652
f 652//652 671//671 672//672
f 652//652 672//672 608//608
f 661//661 673//673 662//662
f 662//662 673//673 674//674
f 662//662 674//674 655//655
f 655//655 674//674 675//675
f 655//655 675//675 653//653
f 623//623 583//583 672//672
f 672//672 583//583 582//582
f 672//672 582//582 608//608
f 609//609 625//625 676//676
f 676//676 625//625 624//624
f 624//624 623//623 676//676
f 676//676 623//623 672//672
f 676//676 672//672 677//677
f 677//677 672//672 671//671
f 677//677 671//671 678//678
f 678//678 671//671 670//670
f 678//678 670//670 679//679
f 679//679 670//670 669//669
f 679//679 669//669 680//680
f 680//680 669//669 668//668
f 680//680 668//668 681//681
f 681//681 668//668 667//667
f 681//681 667//667 682//682
f 682//682 667//667 666//666
f 682//682 666//666 683//683
f 683//683 666//666 665//665
f 592//592 609//609 637//637
f 637//637 609//609 676//676
f 637//637 676//676 636//636
f 636//636 676//676 677//677
f 636//636 677//677 635//635
f 635//635 677//677 678//678
f 635//635 678//678 638//638
f 638//638 678//678 679//679
f 638//638 679//679 639//639
f 639//639 679//679 680//680
f 639//639 680//680 640//640
f 640//640 680//680 681//681
f 640//640 681//681 634//634
f 634//634 681//681 682//682
f 634//634 682//682 641//641
f 641//641 682//682 683//683
f 641//641 683//683 664//664
f 664//664 683//683 665//665
f 664//664 665//665 663//663
f 663//663 665//665 633//633
f 663//663 633//633 644//644
f 644//644 633//633 431//431
f 644//644 431//431 430//430
f 684//684 661//661 685//685
f 521//521 520//520 686//686
f 568//568 567//567 687//687
f 454//454 447//447 688//688
f 689//689 24//24 22//22
f 22//22 21//21 689//689
f 689//689 21//21 29//29
f 689//689 29//29 31//31
f 34//34 33//33 690//690
f 690//690 33//33 691//691
f 690//690 691//691 659//659
f 24//24 689//689 28//28
f 28//28 689//689 692//692
f 28//28 692//692 27//27
f 27//27 692//692 25//25
f 25//25 692//692 693//693
f 25//25 693//693 37//37
f 37//37 693//693 694//694
f 37//37 694//694 50//50
f 50//50 694//694 695//695
f 50//50 695//695 51//51
f 51//51 695//695 52//52
f 52//52 695//695 696//696
f 52//52 696//696 42//42
f 42//42 696//696 697//697
f 42//42 697//697 43//43
f 43//43 697//697 686//686
f 43//43 686//686 53//53
f 523//523 56//56 54//54
f 53//53 686//686 54//54
f 54//54 686//686 520//520
f 54//54 520//520 523//523
f 500//500 501//501 698//698
f 698//698 501//501 543//543
f 698//698 543//543 542//542
f 699//699 494//494 698//698
f 698//698 494//494 493//493
f 698//698 493//493 500//500
f 700//700 504//504 699//699
f 699//699 504//504 503//503
f 699//699 503//503 494//494
f 473//473 469//469 701//701
f 701//701 469//469 467//467
f 467//467 462//462 701//701
f 701//701 462//462 461//461
f 701//701 461//461 700//700
f 700//700 461//461 505//505
f 700//700 505//505 504//504
f 487//487 478//478 702//702
f 702//702 478//478 476//476
f 702//702 476//476 701//701
f 701//701 476//476 474//474
f 701//701 474//474 473//473
f 487//487 702//702 486//486
f 486//486 702//702 703//703
f 486//486 703//703 484//484
f 704//704 435//435 703//703
f 703//703 435//435 438//438
f 438//438 492//492 703//703
f 703//703 492//492 482//482
f 703//703 482//482 484//484
f 705//705 446//446 445//445
f 445//445 443//443 705//705
f 705//705 443//443 442//442
f 705//705 442//442 704//704
f 704//704 442//442 436//436
f 704//704 436//436 435//435
f 685//685 451//451 453//453
f 685//685 661//661 451//451
f 451//451 661//661 660//660
f 451//451 660//660 422//422
f 568//568 687//687 541//541
f 569//569 521//521 706//706
f 706//706 521//521 686//686
f 706//706 686//686 707//707
f 707//707 686//686 697//697
f 707//707 697//697 708//708
f 708//708 697//697 696//696
f 708//708 696//696 709//709
f 709//709 696//696 695//695
f 709//709 695//695 710//710
f 710//710 695//695 694//694
f 710//710 694//694 711//711
f 711//711 694//694 693//693
f 711//711 693//693 712//712
f 712//712 693//693 692//692
f 712//712 692//692 713//713
f 713//713 692//692 689//689
f 658//658 657//657 714//714
f 715//715 675//675 674//674
f 674//674 684//684 715//715
f 715//715 684//684 685//685
f 715//715 685//685 688//688
f 688//688 685//685 453//453
f 688//688 453//453 454//454
f 659//659 658//658 690//690
f 690//690 658//658 714//714
f 690//690 714//714 716//716
f 716//716 714//714 715//715
f 716//716 715//715 717//717
f 717//717 715//715 688//688
f 717//717 688//688 705//705
f 705//705 688//688 447//447
f 705//705 447//447 446//446
f 657//657 718//718 714//714
f 714//714 718//718 654//654
f 714//714 654//654 715//715
f 715//715 654//654 653//653
f 715//715 653//653 675//675
f 566//566 572//572 706//706
f 706//706 572//572 570//570
f 706//706 570//570 569//569
f 567//567 566//566 687//687
f 687//687 566//566 706//706
f 687//687 706//706 719//719
f 719//719 706//706 707//707
f 719//719 707//707 720//720
f 720//720 707//707 708//708
f 720//720 708//708 721//721
f 721//721 708//708 709//709
f 721//721 709//709 722//722
f 722//722 709//709 710//710
f 722//722 710//710 723//723
f 723//723 710//710 711//711
f 723//723 711//711 724//724
f 724//724 711//711 712//712
f 724//724 712//712 725//725
f 725//725 712//712 713//713
f 542//542 541//541 698//698
f 698//698 541//541 687//687
f 698//698 687//687 699//699
f 699//699 687//687 719//719
f 699//699 719//719 700//700
f 700//700 719//719 720//720
f 700//700 720//720 701//701
f 701//701 720//720 721//721
f 701//701 721//721 702//702
f 702//702 721//721 722//722
f 702//702 722//722 703//703
f 703//703 722//722 723//723
f 703//703 723//723 704//704
f 704//704 723//723 724//724
f 704//704 724//724 705//705
f 705//705 724//724 725//725
f 705//705 725//725 717//717
f 717//717 725//725 713//713
f 717//717 713//713 716//716
f 716//716 713//713 689//689
f 716//716 689//689 690//690
f 690//690 689//689 31//31
f 690//690 31//31 34//34
f 82//82 642//642 83//83
f 83//83 642//642 659//659
f 83//83 659//659 32//32
f 32//32 659//659 691//691
f 32//32 691//691 33//33
f 726//726 727//727 728//728
f 728//728 727//727 729//729
f 728//728 729//729 730//730
f 730//730 729//729 731//731
f 730//730 731//731 732//732
f 732//732 731//731 83//83
f 732//732 83//83 32//32
f 733//733 726//726 728//728
f 734//734 735//735 736//736
f 736//736 735//735 737//737
f 736//736 737//737 738//738
f 739//739 740//740 741//741
f 741//741 740//740 742//742
f 741//741 742//742 736//736
f 736//736 742//742 743//743
f 736//736 743//743 734//734
f 739//739 741//741 744//744
f 744//744 741//741 745//745
f 744//744 745//745 746//746
f 747//747 748//748 749//749
f 749//749 748//748 750//750
f 749//749 750//750 745//745
f 745//745 750//750 751//751
f 745//745 751//751 746//746
f 747//747 749//749 752//752
f 752//752 749//749 753//753
f 752//752 753//753 754//754
f 755//755 753//753 756//756
f 756//756 753//753 757//757
f 758//758 759//759 757//757
f 757//757 61//61 758//758
f 758//758 61//61 63//63
f 758//758 63//63 760//760
f 760//760 63//63 74//74
f 23//23 26//26 36//36
f 30//30 23//23 761//761
f 732//732 32//32 762//762
f 762//762 32//32 30//30
f 732//732 762//762 730//730
f 730//730 762//762 738//738
f 730//730 738//738 728//728
f 728//728 738//738 737//737
f 728//728 737//737 733//733
f 23//23 36//36 761//761
f 761//761 36//36 35//35
f 761//761 35//35 763//763
f 763//763 35//35 44//44
f 763//763 44//44 764//764
f 764//764 44//44 55//55
f 764//764 55//55 765//765
f 765//765 55//55 57//57
f 765//765 57//57 766//766
f 766//766 57//57 58//58
f 766//766 58//58 767//767
f 767//767 58//58 47//47
f 767//767 47//47 768//768
f 768//768 47//47 38//38
f 768//768 38//38 769//769
f 769//769 38//38 40//40
f 769//769 40//40 68//68
f 30//30 761//761 762//762
f 762//762 761//761 763//763
f 762//762 763//763 738//738
f 738//738 763//763 764//764
f 738//738 764//764 736//736
f 736//736 764//764 765//765
f 736//736 765//765 741//741
f 741//741 765//765 766//766
f 741//741 766//766 745//745
f 745//745 766//766 767//767
f 745//745 767//767 749//749
f 749//749 767//767 768//768
f 749//749 768//768 753//753
f 753//753 768//768 769//769
f 753//753 769//769 757//757
f 757//757 769//769 68//68
f 757//757 68//68 61//61
f 770//770 771//771 772//772
f 773//773 758//758 774//774
f 774//774 758//758 775//775
f 772//772 776//776 770//770
f 770//770 776//776 777//777
f 770//770 777//777 778//778
f 778//778 777//777 779//779
f 778//778 779//779 73//73
f 73//73 779//779 780//780
f 73//73 780//780 74//74
f 74//74 780//780 781//781
f 74//74 781//781 760//760
f 760//760 781//781 782//782
f 760//760 782//782 758//758
f 758//758 782//782 783//783
f 758//758 783//783 775//775
f 784//784 785//785 771//771
f 771//771 785//785 772//772
f 785//785 786//786 772//772
f 772//772 786//786 787//787
f 772//772 787//787 776//776
f 776//776 787//787 788//788
f 776//776 788//788 777//777
f 777//777 788//788 789//789
f 777//777 789//789 790//790
f 790//790 791//791 777//777
f 777//777 791//791 792//792
f 777//777 792//792 779//779
f 779//779 792//792 793//793
f 779//779 793//793 780//780
f 780//780 793//793 794//794
f 780//780 794//794 795//795
f 796//796 797//797 798//798
f 798//798 797//797 799//799
f 798//798 799//799 800//800
f 800//800 799//799 801//801
f 800//800 801//801 802//802
f 802//802 801//801 803//803
f 804//804 796//796 805//805
f 805//805 796//796 798//798
f 805//805 798//798 806//806
f 806//806 798//798 800//800
f 806//806 800//800 807//807
f 807//807 800//800 802//802
f 806//806 807//807 808//808
f 805//805 806//806 809//809
f 804//804 805//805 810//810
f 804//804 810//810 811//811
f 811//811 810//810 812//812
f 811//811 812//812 813//813
f 813//813 812//812 814//814
f 814//814 812//812 815//815
f 814//814 815//815 816//816
f 816//816 815//815 817//817
f 816//816 817//817 818//818
f 818//818 817//817 819//819
f 818//818 819//819 820//820
f 820//820 819//819 821//821
f 820//820 821//821 822//822
f 806//806 808//808 809//809
f 809//809 808//808 823//823
f 809//809 823//823 824//824
f 824//824 823//823 825//825
f 824//824 825//825 826//826
f 826//826 825//825 827//827
f 826//826 827//827 828//828
f 828//828 827//827 829//829
f 828//828 829//829 830//830
f 830//830 829//829 831//831
f 830//830 831//831 832//832
f 832//832 831//831 833//833
f 832//832 833//833 834//834
f 834//834 833//833 835//835
f 834//834 835//835 836//836
f 836//836 835//835 837//837
f 836//836 837//837 838//838
f 805//805 809//809 810//810
f 810//810 809//809 824//824
f 810//810 824//824 812//812
f 812//812 824//824 826//826
f 812//812 826//826 815//815
f 815//815 826//826 828//828
f 815//815 828//828 817//817
f 817//817 828//828 830//830
f 817//817 830//830 819//819
f 819//819 830//830 832//832
f 819//819 832//832 821//821
f 821//821 832//832 834//834
f 821//821 834//834 839//839
f 839//839 834//834 836//836
f 839//839 836//836 840//840
f 840//840 836//836 838//838
f 840//840 838//838 841//841
f 822//822 821//821 842//842
f 842//842 821//821 839//839
f 842//842 839//839 843//843
f 843//843 839//839 840//840
f 843//843 840//840 844//844
f 844//844 840//840 841//841
f 844//844 841//841 845//845
f 846//846 845//845 847//847
f 847//847 845//845 841//841
f 847//847 841//841 848//848
f 848//848 841//841 838//838
f 848//848 838//838 849//849
f 849//849 838//838 837//837
f 850//850 846//846 851//851
f 851//851 846//846 847//847
f 851//851 847//847 852//852
f 852//852 847//847 848//848
f 852//852 848//848 853//853
f 853//853 848//848 849//849
f 854//854 850//850 855//855
f 855//855 850//850 851//851
f 855//855 851//851 856//856
f 856//856 851//851 852//852
f 856//856 852//852 857//857
f 857//857 852//852 853//853
f 858//858 854//854 859//859
f 859//859 854//854 855//855
f 859//859 855//855 860//860
f 860//860 855//855 856//856
f 860//860 856//856 861//861
f 861//861 856//856 857//857
f 862//862 858//858 863//863
f 863//863 858//858 859//859
f 863//863 859//859 864//864
f 864//864 859//859 860//860
f 864//864 860//860 865//865
f 865//865 860//860 861//861
f 866//866 862//862 867//867
f 867//867 862//862 863//863
f 867//867 863//863 868//868
f 868//868 863//863 864//864
f 868//868 864//864 869//869
f 869//869 864//864 865//865
f 868//868 869//869 870//870
f 867//867 868//868 871//871
f 866//866 867//867 872//872
f 866//866 872//872 873//873
f 873//873 872//872 874//874
f 873//873 874//874 875//875
f 875//875 874//874 876//876
f 876//876 874//874 877//877
f 876//876 877//877 878//878
f 878//878 877//877 879//879
f 878//878 879//879 880//880
f 880//880 879//879 881//881
f 880//880 881//881 882//882
f 868//868 870//870 871//871
f 871//871 870//870 883//883
f 871//871 883//883 884//884
f 884//884 883//883 885//885
f 884//884 885//885 886//886
f 886//886 885//885 887//887
f 886//886 887//887 888//888
f 888//888 887//887 889//889
f 888//888 889//889 890//890
f 890//890 889//889 891//891
f 890//890 891//891 892//892
f 892//892 891//891 893//893
f 892//892 893//893 894//894
f 894//894 893//893 895//895
f 894//894 895//895 896//896
f 896//896 895//895 897//897
f 896//896 897//897 898//898
f 867//867 871//871 872//872
f 872//872 871//871 884//884
f 872//872 884//884 874//874
f 874//874 884//884 886//886
f 874//874 886//886 877//877
f 877//877 886//886 888//888
f 877//877 888//888 879//879
f 879//879 888//888 890//890
f 879//879 890//890 881//881
f 881//881 890//890 892//892
f 881//881 892//892 899//899
f 899//899 892//892 894//894
f 899//899 894//894 900//900
f 900//900 894//894 896//896
f 900//900 896//896 901//901
f 901//901 896//896 898//898
f 901//901 898//898 902//902
f 882//882 881//881 903//903
f 903//903 881//881 899//899
f 903//903 899//899 904//904
f 904//904 899//899 900//900
f 904//904 900//900 905//905
f 905//905 900//900 901//901
f 905//905 901//901 906//906
f 906//906 901//901 902//902
f 906//906 902//902 907//907
f 908//908 907//907 909//909
f 909//909 907//907 902//902
f 909//909 902//902 910//910
f 910//910 902//902 898//898
f 910//910 898//898 911//911
f 911//911 898//898 897//897
f 912//912 908//908 913//913
f 913//913 908//908 909//909
f 913//913 909//909 914//914
f 914//914 909//909 910//910
f 914//914 910//910 915//915
f 915//915 910//910 911//911
f 916//916 912//912 917//917
f 917//917 912//912 918//918
f 917//917 918//918 919//919
f 919//919 918//918 920//920
f 919//919 920//920 921//921
f 921//921 920//920 915//915
f 922//922 916//916 923//923
f 923//923 916//916 917//917
f 923//923 917//917 924//924
f 924//924 917//917 919//919
f 924//924 919//919 925//925
f 925//925 919//919 921//921
f 924//924 925//925 926//926
f 923//923 924//924 927//927
f 922//922 923//923 928//928
f 922//922 928//928 929//929
f 929//929 928//928 930//930
f 929//929 930//930 931//931
f 931//931 930//930 932//932
f 932//932 930//930 933//933
f 932//932 933//933 934//934
f 934//934 933//933 935//935
f 934//934 935//935 936//936
f 936//936 935//935 937//937
f 936//936 937//937 938//938
f 924//924 926//926 927//927
f 927//927 926//926 939//939
f 927//927 939//939 940//940
f 940//940 939//939 941//941
f 940//940 941//941 942//942
f 942//942 941//941 943//943
f 942//942 943//943 944//944
f 944//944 943//943 945//945
f 944//944 945//945 946//946
f 946//946 945//945 947//947
f 946//946 947//947 948//948
f 948//948 947//947 949//949
f 948//948 949//949 950//950
f 950//950 949//949 951//951
f 950//950 951//951 952//952
f 952//952 951//951 953//953
f 952//952 953//953 954//954
f 923//923 927//927 928//928
f 928//928 927//927 940//940
f 928//928 940//940 930//930
f 930//930 940//940 942//942
f 930//930 942//942 933//933
f 933//933 942//942 944//944
f 933//933 944//944 935//935
f 935//935 944//944 946//946
f 935//935 946//946 937//937
f 937//937 946//946 948//948
f 937//937 948//948 955//955
f 955//955 948//948 950//950
f 955//955 950//950 956//956
f 956//956 950//950 952//952
f 956//956 952//952 957//957
f 957//957 952//952 954//954
f 957//957 954//954 958//958
f 938//938 937//937 959//959
f 959//959 937//937 955//955
f 959//959 955//955 960//960
f 960//960 955//955 956//956
f 960//960 956//956 961//961
f 961//961 956//956 957//957
f 961//961 957//957 962//962
f 962//962 957//957 958//958
f 962//962 958//958 963//963
f 964//964 963//963 965//965
f 965//965 963//963 958//958
f 965//965 958//958 966//966
f 966//966 958//958 954//954
f 966//966 954//954 967//967
f 967//967 954//954 953//953
f 968//968 964//964 969//969
f 969//969 964//964 965//965
f 969//969 965//965 970//970
f 970//970 965//965 966//966
f 970//970 966//966 971//971
f 971//971 966//966 967//967
f 972//972 968//968 973//973
f 973//973 968//968 969//969
f 973//973 969//969 974//974
f 974//974 969//969 970//970
f 974//974 970//970 975//975
f 975//975 970//970 971//971
f 976//976 972//972 977//977
f 977//977 972//972 973//973
f 977//977 973//973 978//978
f 978//978 973//973 974//974
f 978//978 974//974 979//979
f 979//979 974//974 975//975
f 980//980 976//976 981//981
f 981//981 976//976 977//977
f 981//981 977//977 982//982
f 982//982 977//977 978//978
f 982//982 978//978 983//983
f 983//983 978//978 979//979
f 784//784 980//980 984//984
f 984//984 980//980 981//981
f 984//984 981//981 985//985
f 985//985 981//981 982//982
f 985//985 982//982 986//986
f 986//986 982//982 983//983
f 985//985 986//986 987//987
f 984//984 985//985 988//988
f 784//784 984//984 989//989
f 784//784 989//989 785//785
f 785//785 989//989 990//990
f 785//785 990//990 786//786
f 786//786 990//990 787//787
f 787//787 990//990 991//991
f 787//787 991//991 788//788
f 788//788 991//991 992//992
f 788//788 992//992 789//789
f 789//789 992//992 993//993
f 789//789 993//993 790//790
f 790//790 993//993 994//994
f 790//790 994//994 791//791
f 985//985 987//987 988//988
f 988//988 987//987 995//995
f 988//988 995//995 996//996
f 996//996 995//995 997//997
f 996//996 997//997 998//998
f 998//998 997//997 999//999
f 998//998 999//999 1000//1000
f 1000//1000 999//999 1001//1001
f 1000//1000 1001//1001 1002//1002
f 1002//1002 1001//1001 1003//1003
f 1002//1002 1003//1003 1004//1004
f 1004//1004 1003//1003 1005//1005
f 1004//1004 1005//1005 1006//1006
f 1006//1006 1005//1005 1007//1007
f 1006//1006 1007//1007 1008//1008
f 1008//1008 1007//1007 1009//1009
f 1008//1008 1009//1009 1010//1010
f 984//984 988//988 989//989
f 989//989 988//988 996//996
f 989//989 996//996 990//990
f 990//990 996//996 998//998
f 990//990 998//998 991//991
f 991//991 998//998 1000//1000
f 991//991 1000//1000 992//992
f 992//992 1000//1000 1002//1002
f 992//992 1002//1002 993//993
f 993//993 1002//1002 1004//1004
f 993//993 1004//1004 994//994
f 994//994 1004//1004 1006//1006
f 994//994 1006//1006 1011//1011
f 1011//1011 1006//1006 1008//1008
f 1011//1011 1008//1008 1012//1012
f 1012//1012 1008//1008 1010//1010
f 1012//1012 1010//1010 1013//1013
f 791//791 994//994 792//792
f 792//792 994//994 1011//1011
f 792//792 1011//1011 793//793
f 793//793 1011//1011 1012//1012
f 793//793 1012//1012 794//794
f 794//794 1012//1012 1013//1013
f 794//794 1013//1013 795//795
f 1014//1014 795//795 1015//1015
f 1015//1015 795//795 1013//1013
f 1015//1015 1013//1013 1016//1016
f 1016//1016 1013//1013 1010//1010
f 1016//1016 1010//1010 1017//1017
f 1017//1017 1010//1010 1009//1009
f 797//797 1014//1014 1018//1018
f 1018//1018 1014//1014 1015//1015
f 1018//1018 1015//1015 1019//1019
f 1019//1019 1015//1015 1016//1016
f 1019//1019 1016//1016 803//803
f 803//803 1016//1016 1017//1017
f 795//795 1014//1014 780//780
f 780//780 1014//1014 797//797
f 780//780 797//797 781//781
f 781//781 797//797 796//796
f 781//781 796//796 804//804
f 804//804 811//811 781//781
f 781//781 811//811 813//813
f 781//781 813//813 782//782
f 782//782 813//813 814//814
f 782//782 814//814 783//783
f 783//783 814//814 816//816
f 783//783 816//816 818//818
f 818//818 820//820 783//783
f 783//783 820//820 822//822
f 783//783 822//822 775//775
f 775//775 822//822 842//842
f 775//775 842//842 774//774
f 845//845 773//773 844//844
f 844//844 773//773 774//774
f 844//844 774//774 843//843
f 843//843 774//774 842//842
f 773//773 845//845 846//846
f 755//755 756//756 773//773
f 756//756 757//757 773//773
f 773//773 757//757 759//759
f 773//773 759//759 758//758
f 739//739 744//744 753//753
f 753//753 744//744 746//746
f 753//753 746//746 751//751
f 747//747 751//751 748//748
f 748//748 751//751 750//750
f 15//15 737//737 773//773
f 773//773 737//737 735//735
f 735//735 734//734 773//773
f 773//773 734//734 743//743
f 773//773 743//743 742//742
f 747//747 752//752 751//751
f 751//751 752//752 754//754
f 751//751 754//754 753//753
f 862//862 15//15 858//858
f 858//858 15//15 854//854
f 866//866 1020//1020 862//862
f 862//862 1020//1020 13//13
f 862//862 13//13 15//15
f 753//753 755//755 739//739
f 739//739 755//755 773//773
f 739//739 773//773 740//740
f 740//740 773//773 742//742
f 773//773 846//846 15//15
f 15//15 846//846 850//850
f 15//15 850//850 854//854
f 882//882 903//903 1021//1021
f 1021//1021 903//903 904//904
f 907//907 1022//1022 906//906
f 906//906 1022//1022 1021//1021
f 906//906 1021//1021 905//905
f 905//905 1021//1021 904//904
f 875//875 876//876 1023//1023
f 1023//1023 876//876 878//878
f 1023//1023 878//878 1021//1021
f 1021//1021 878//878 880//880
f 1021//1021 880//880 882//882
f 875//875 1023//1023 873//873
f 873//873 1023//1023 1020//1020
f 873//873 1020//1020 866//866
f 13//13 1020//1020 14//14
f 14//14 1020//1020 1023//1023
f 14//14 1023//1023 18//18
f 18//18 1023//1023 1021//1021
f 18//18 1021//1021 11//11
f 11//11 1021//1021 1022//1022
f 916//916 922//922 1024//1024
f 916//916 1024//1024 912//912
f 1022//1022 907//907 908//908
f 2//2 11//11 1024//1024
f 1024//1024 11//11 1022//1022
f 1024//1024 1022//1022 912//912
f 912//912 1022//1022 908//908
f 963//963 1025//1025 962//962
f 962//962 1025//1025 1026//1026
f 962//962 1026//1026 961//961
f 961//961 1026//1026 960//960
f 934//934 936//936 1027//1027
f 1027//1027 936//936 938//938
f 1027//1027 938//938 1026//1026
f 1026//1026 938//938 959//959
f 1026//1026 959//959 960//960
f 922//922 929//929 1024//1024
f 1024//1024 929//929 931//931
f 1024//1024 931//931 1027//1027
f 1027//1027 931//931 932//932
f 1027//1027 932//932 934//934
f 1025//1025 9//9 1026//1026
f 1026//1026 9//9 7//7
f 1026//1026 7//7 1027//1027
f 1027//1027 7//7 4//4
f 1027//1027 4//4 1024//1024
f 1024//1024 4//4 2//2
f 771//771 770//770 1028//1028
f 1029//1029 771//771 1030//1030
f 1030//1030 771//771 1031//1031
f 1025//1025 963//963 964//964
f 1032//1032 10//10 1033//1033
f 1033//1033 10//10 771//771
f 1033//1033 771//771 1034//1034
f 1028//1028 1035//1035 771//771
f 771//771 1035//1035 1036//1036
f 771//771 1036//1036 1037//1037
f 968//968 10//10 964//964
f 964//964 10//10 9//9
f 964//964 9//9 1025//1025
f 1037//1037 1038//1038 771//771
f 771//771 1038//1038 1039//1039
f 771//771 1039//1039 1040//1040
f 1029//1029 1041//1041 771//771
f 771//771 1041//1041 1042//1042
f 771//771 1042//1042 1034//1034
f 968//968 972//972 10//10
f 10//10 972//972 976//976
f 10//10 976//976 771//771
f 771//771 976//976 980//980
f 771//771 980//980 784//784
f 1040//1040 1043//1043 771//771
f 771//771 1043//1043 1044//1044
f 771//771 1044//1044 1045//1045
f 1045//1045 1046//1046 771//771
f 771//771 1046//1046 1047//1047
f 771//771 1047//1047 1031//1031
f 1048//1048 1036//1036 1035//1035
f 73//73 75//75 778//778
f 778//778 75//75 770//770
f 1036//1036 1048//1048 1037//1037
f 1037//1037 1048//1048 1049//1049
f 1037//1037 1049//1049 1038//1038
f 1044//1044 1043//1043 1050//1050
f 1050//1050 1043//1043 1040//1040
f 1050//1050 1040//1040 1049//1049
f 1049//1049 1040//1040 1039//1039
f 1049//1049 1039//1039 1038//1038
f 1044//1044 1050//1050 1045//1045
f 1045//1045 1050//1050 1051//1051
f 1045//1045 1051//1051 1046//1046
f 1030//1030 1051//1051 1052//1052
f 1030//1030 1031//1031 1051//1051
f 1051//1051 1031//1031 1047//1047
f 1051//1051 1047//1047 1046//1046
f 1034//1034 1042//1042 1053//1053
f 1053//1053 1042//1042 1041//1041
f 1053//1053 1041//1041 1052//1052
f 1052//1052 1041//1041 1029//1029
f 1052//1052 1029//1029 1030//1030
f 729//729 727//727 1054//1054
f 1055//1055 1032//1032 1053//1053
f 1053//1053 1032//1032 1033//1033
f 1053//1053 1033//1033 1034//1034
f 131//131 133//133 1056//1056
f 1056//1056 133//133 122//122
f 125//125 129//129 1057//1057
f 1057//1057 129//129 131//131
f 76//76 125//125 75//75
f 75//75 125//125 1057//1057
f 75//75 1057//1057 770//770
f 770//770 1057//1057 1048//1048
f 770//770 1048//1048 1028//1028
f 1028//1028 1048//1048 1035//1035
f 131//131 1056//1056 1057//1057
f 1057//1057 1056//1056 1058//1058
f 1057//1057 1058//1058 1048//1048
f 1048//1048 1058//1058 1059//1059
f 1048//1048 1059//1059 1049//1049
f 1049//1049 1059//1059 1060//1060
f 1049//1049 1060//1060 1050//1050
f 1050//1050 1060//1060 1061//1061
f 1050//1050 1061//1061 1051//1051
f 1051//1051 1061//1061 1062//1062
f 1051//1051 1062//1062 1052//1052
f 1052//1052 1062//1062 1063//1063
f 1052//1052 1063//1063 1053//1053
f 1053//1053 1063//1063 1064//1064
f 1053//1053 1064//1064 1055//1055
f 108//108 80//80 78//78
f 78//78 1064//1064 108//108
f 108//108 1064//1064 1063//1063
f 108//108 1063//1063 106//106
f 106//106 1063//1063 1062//1062
f 106//106 1062//1062 114//114
f 114//114 1062//1062 1061//1061
f 114//114 1061//1061 120//120
f 120//120 1061//1061 1060//1060
f 120//120 1060//1060 119//119
f 119//119 1060//1060 1059//1059
f 119//119 1059//1059 101//101
f 101//101 1059//1059 1058//1058
f 101//101 1058//1058 97//97
f 97//97 1058//1058 1056//1056
f 97//97 1056//1056 109//109
f 109//109 1056//1056 122//122
f 109//109 122//122 98//98
f 78//78 88//88 1064//1064
f 1064//1064 88//88 90//90
f 1064//1064 90//90 1055//1055
f 1055//1055 90//90 92//92
f 1055//1055 92//92 85//85
f 1054//1054 1032//1032 729//729
f 729//729 1032//1032 1055//1055
f 729//729 1055//1055 731//731
f 731//731 1055//1055 85//85
f 731//731 85//85 83//83
f 17//17 737//737 16//16
f 16//16 737//737 15//15
f 10//10 1032//1032 8//8
f 8//8 1032//1032 6//6
f 17//17 19//19 737//737
f 737//737 19//19 20//20
f 737//737 20//20 733//733
f 733//733 20//20 12//12
f 733//733 12//12 726//726
f 726//726 12//12 727//727
f 12//12 1//1 727//727
f 727//727 1//1 1054//1054
f 1054//1054 1//1 3//3
f 1054//1054 3//3 1032//1032
f 1032//1032 3//3 5//5
f 1032//1032 5//5 6//6
f 1065//1065 143//143 1066//1066
f 1066//1066 143//143 141//141
f 1067//1067 226//226 1068//1068
f 1068//1068 226//226 247//247
f 1068//1068 247//247 1069//1069
f 239//239 1070//1070 1071//1071
f 239//239 1071//1071 241//241
f 1071//1071 1072//1072 241//241
f 241//241 1072//1072 1073//1073
f 241//241 1073//1073 247//247
f 247//247 1073//1073 1074//1074
f 247//247 1074//1074 1069//1069
f 1070//1070 239//239 1075//1075
f 1075//1075 239//239 236//236
f 1075//1075 236//236 1076//1076
f 143//143 1065//1065 236//236
f 236//236 1065//1065 1077//1077
f 236//236 1077//1077 1076//1076
f 1078//1078 207//207 1067//1067
f 1067//1067 207//207 226//226
f 1079//1079 1080//1080 216//216
f 1081//1081 199//199 1082//1082
f 1082//1082 199//199 220//220
f 1082//1082 220//220 1083//1083
f 216//216 1080//1080 220//220
f 220//220 1080//1080 1084//1084
f 220//220 1084//1084 1083//1083
f 1079//1079 216//216 1085//1085
f 1085//1085 216//216 212//212
f 1085//1085 212//212 1086//1086
f 1086//1086 212//212 1087//1087
f 1087//1087 212//212 205//205
f 1087//1087 205//205 1088//1088
f 207//207 1078//1078 205//205
f 205//205 1078//1078 1089//1089
f 205//205 1089//1089 1088//1088
f 1090//1090 181//181 1081//1081
f 1081//1081 181//181 199//199
f 1091//1091 170//170 1092//1092
f 1092//1092 170//170 193//193
f 1092//1092 193//193 1093//1093
f 185//185 1094//1094 1095//1095
f 185//185 1095//1095 187//187
f 1095//1095 1096//1096 187//187
f 187//187 1096//1096 1097//1097
f 187//187 1097//1097 193//193
f 193//193 1097//1097 1098//1098
f 193//193 1098//1098 1093//1093
f 1094//1094 185//185 1099//1099
f 1099//1099 185//185 180//180
f 1099//1099 180//180 1100//1100
f 181//181 1090//1090 180//180
f 180//180 1090//1090 1101//1101
f 180//180 1101//1101 1100//1100
f 1102//1102 151//151 1091//1091
f 1091//1091 151//151 170//170
f 1103//1103 1104//1104 160//160
f 1066//1066 141//141 1105//1105
f 1105//1105 141//141 164//164
f 1105//1105 164//164 1106//1106
f 160//160 1104//1104 164//164
f 164//164 1104//1104 1107//1107
f 164//164 1107//1107 1106//1106
f 1103//1103 160//160 1108//1108
f 1108//1108 160//160 156//156
f 1108//1108 156//156 1109//1109
f 1109//1109 156//156 1110//1110
f 1110//1110 156//156 149//149
f 1110//1110 149//149 1111//1111
f 151//151 1102//1102 149//149
f 149//149 1102//1102 1112//1112
f 149//149 1112//1112 1111//1111
f 1113//1113 1114//1114 1115//1115
f 1116//1116 1117//1117 1118//1118
f 1119//1119 1120//1120 1121//1121
f 1122//1122 1123//1123 1124//1124
f 1124//1124 1123//1123 1066//1066
f 1066//1066 1105//1105 1124//1124
f 1124//1124 1105//1105 1106//1106
f 1124//1124 1106//1106 1125//1125
f 1106//1106 1107//1107 1125//1125
f 1125//1125 1107//1107 1104//1104
f 1125//1125 1104//1104 1126//1126
f 1126//1126 1104//1104 1103//1103
f 1126//1126 1103//1103 1127//1127
f 1103//1103 1108//1108 1127//1127
f 1127//1127 1108//1108 1109//1109
f 1127//1127 1109//1109 1128//1128
f 1128//1128 1109//1109 1110//1110
f 1128//1128 1110//1110 1129//1129
f 1102//1102 1130//1130 1112//1112
f 1112//1112 1130//1130 1129//1129
f 1112//1112 1129//1129 1111//1111
f 1111//1111 1129//1129 1110//1110
f 1130//1130 1119//1119 1129//1129
f 1129//1129 1119//1119 1121//1121
f 1129//1129 1121//1121 1128//1128
f 1128//1128 1121//1121 1131//1131
f 1128//1128 1131//1131 1127//1127
f 1127//1127 1131//1131 1132//1132
f 1127//1127 1132//1132 1126//1126
f 1126//1126 1132//1132 1133//1133
f 1126//1126 1133//1133 1125//1125
f 1125//1125 1133//1133 1134//1134
f 1125//1125 1134//1134 1124//1124
f 1124//1124 1134//1134 1118//1118
f 1124//1124 1118//1118 1122//1122
f 1122//1122 1118//1118 1117//1117
f 1120//1120 1113//1113 1121//1121
f 1121//1121 1113//1113 1115//1115
f 1121//1121 1115//1115 1131//1131
f 1131//1131 1115//1115 1135//1135
f 1131//1131 1135//1135 1132//1132
f 1132//1132 1135//1135 1136//1136
f 1132//1132 1136//1136 1133//1133
f 1133//1133 1136//1136 1137//1137
f 1133//1133 1137//1137 1134//1134
f 1134//1134 1137//1137 1138//1138
f 1134//1134 1138//1138 1118//1118
f 1118//1118 1138//1138 1139//1139
f 1118//1118 1139//1139 1116//1116
f 1116//1116 1139//1139 1140//1140
f 1114//1114 1141//1141 1115//1115
f 1115//1115 1141//1141 1142//1142
f 1115//1115 1142//1142 1135//1135
f 1135//1135 1142//1142 1143//1143
f 1135//1135 1143//1143 1136//1136
f 1136//1136 1143//1143 1144//1144
f 1136//1136 1144//1144 1137//1137
f 1137//1137 1144//1144 1145//1145
f 1137//1137 1145//1145 1138//1138
f 1138//1138 1145//1145 1146//1146
f 1138//1138 1146//1146 1139//1139
f 1139//1139 1146//1146 1147//1147
f 1139//1139 1147//1147 1140//1140
f 1140//1140 1147//1147 1148//1148
f 1149//1149 1141//1141 1150//1150
f 1150//1150 1141//1141 1114//1114
f 1150//1150 1114//1114 1151//1151
f 1151//1151 1114//1114 1113//1113
f 1151//1151 1113//1113 1152//1152
f 1152//1152 1113//1113 1120//1120
f 1152//1152 1120//1120 1153//1153
f 1153//1153 1120//1120 1119//1119
f 1153//1153 1119//1119 1154//1154
f 1154//1154 1119//1119 1130//1130
f 1154//1154 1130//1130 1091//1091
f 1091//1091 1130//1130 1102//1102
f 1155//1155 1156//1156 1157//1157
f 1151//1151 1152//1152 1158//1158
f 1159//1159 1160//1160 1161//1161
f 1153//1153 1154//1154 1162//1162
f 1162//1162 1154//1154 1091//1091
f 1091//1091 1092//1092 1162//1162
f 1162//1162 1092//1092 1093//1093
f 1162//1162 1093//1093 1163//1163
f 1093//1093 1098//1098 1163//1163
f 1163//1163 1098//1098 1097//1097
f 1163//1163 1097//1097 1164//1164
f 1164//1164 1097//1097 1096//1096
f 1164//1164 1096//1096 1165//1165
f 1096//1096 1095//1095 1165//1165
f 1165//1165 1095//1095 1094//1094
f 1165//1165 1094//1094 1166//1166
f 1166//1166 1094//1094 1099//1099
f 1166//1166 1099//1099 1167//1167
f 1090//1090 1168//1168 1101//1101
f 1101//1101 1168//1168 1167//1167
f 1101//1101 1167//1167 1100//1100
f 1100//1100 1167//1167 1099//1099
f 1168//1168 1159//1159 1167//1167
f 1167//1167 1159//1159 1161//1161
f 1167//1167 1161//1161 1166//1166
f 1166//1166 1161//1161 1169//1169
f 1166//1166 1169//1169 1165//1165
f 1165//1165 1169//1169 1170//1170
f 1165//1165 1170//1170 1164//1164
f 1164//1164 1170//1170 1171//1171
f 1164//1164 1171//1171 1163//1163
f 1163//1163 1171//1171 1172//1172
f 1163//1163 1172//1172 1162//1162
f 1162//1162 1172//1172 1158//1158
f 1162//1162 1158//1158 1153//1153
f 1153//1153 1158//1158 1152//1152
f 1160//1160 1155//1155 1161//1161
f 1161//1161 1155//1155 1157//1157
f 1161//1161 1157//1157 1169//1169
f 1169//1169 1157//1157 1173//1173
f 1169//1169 1173//1173 1170//1170
f 1170//1170 1173//1173 1174//1174
f 1170//1170 1174//1174 1171//1171
f 1171//1171 1174//1174 1175//1175
f 1171//1171 1175//1175 1172//1172
f 1172//1172 1175//1175 1176//1176
f 1172//1172 1176//1176 1158//1158
f 1158//1158 1176//1176 1177//1177
f 1158//1158 1177//1177 1151//1151
f 1151//1151 1177//1177 1150//1150
f 1156//1156 1178//1178 1157//1157
f 1157//1157 1178//1178 1179//1179
f 1157//1157 1179//1179 1173//1173
f 1173//1173 1179//1179 1180//1180
f 1173//1173 1180//1180 1174//1174
f 1174//1174 1180//1180 1181//1181
f 1174//1174 1181//1181 1175//1175
f 1175//1175 1181//1181 1182//1182
f 1175//1175 1182//1182 1176//1176
f 1176//1176 1182//1182 1183//1183
f 1176//1176 1183//1183 1177//1177
f 1177//1177 1183//1183 1184//1184
f 1177//1177 1184//1184 1150//1150
f 1150//1150 1184//1184 1149//1149
f 1090//1090 1081//1081 1168//1168
f 1168//1168 1081//1081 1185//1185
f 1168//1168 1185//1185 1159//1159
f 1159//1159 1185//1185 1186//1186
f 1159//1159 1186//1186 1160//1160
f 1160//1160 1186//1186 1187//1187
f 1160//1160 1187//1187 1155//1155
f 1155//1155 1187//1187 1188//1188
f 1155//1155 1188//1188 1156//1156
f 1156//1156 1188//1188 1189//1189
f 1156//1156 1189//1189 1178//1178
f 1178//1178 1189//1189 1190//1190
f 1191//1191 1192//1192 1193//1193
f 1188//1188 1187//1187 1194//1194
f 1195//1195 1196//1196 1197//1197
f 1186//1186 1185//1185 1198//1198
f 1198//1198 1185//1185 1081//1081
f 1081//1081 1082//1082 1198//1198
f 1198//1198 1082//1082 1083//1083
f 1198//1198 1083//1083 1199//1199
f 1083//1083 1084//1084 1199//1199
f 1199//1199 1084//1084 1080//1080
f 1199//1199 1080//1080 1200//1200
f 1200//1200 1080//1080 1079//1079
f 1200//1200 1079//1079 1201//1201
f 1079//1079 1085//1085 1201//1201
f 1201//1201 1085//1085 1086//1086
f 1201//1201 1086//1086 1202//1202
f 1202//1202 1086//1086 1087//1087
f 1202//1202 1087//1087 1203//1203
f 1078//1078 1204//1204 1089//1089
f 1089//1089 1204//1204 1203//1203
f 1089//1089 1203//1203 1088//1088
f 1088//1088 1203//1203 1087//1087
f 1204//1204 1195//1195 1203//1203
f 1203//1203 1195//1195 1197//1197
f 1203//1203 1197//1197 1202//1202
f 1202//1202 1197//1197 1205//1205
f 1202//1202 1205//1205 1201//1201
f 1201//1201 1205//1205 1206//1206
f 1201//1201 1206//1206 1200//1200
f 1200//1200 1206//1206 1207//1207
f 1200//1200 1207//1207 1199//1199
f 1199//1199 1207//1207 1208//1208
f 1199//1199 1208//1208 1198//1198
f 1198//1198 1208//1208 1194//1194
f 1198//1198 1194//1194 1186//1186
f 1186//1186 1194//1194 1187//1187
f 1196//1196 1191//1191 1197//1197
f 1197//1197 1191//1191 1193//1193
f 1197//1197 1193//1193 1205//1205
f 1205//1205 1193//1193 1209//1209
f 1205//1205 1209//1209 1206//1206
f 1206//1206 1209//1209 1210//1210
f 1206//1206 1210//1210 1207//1207
f 1207//1207 1210//1210 1211//1211
f 1207//1207 1211//1211 1208//1208
f 1208//1208 1211//1211 1212//1212
f 1208//1208 1212//1212 1194//1194
f 1194//1194 1212//1212 1213//1213
f 1194//1194 1213//1213 1188//1188
f 1188//1188 1213//1213 1189//1189
f 1192//1192 1214//1214 1193//1193
f 1193//1193 1214//1214 1215//1215
f 1193//1193 1215//1215 1209//1209
f 1209//1209 1215//1215 1216//1216
f 1209//1209 1216//1216 1210//1210
f 1210//1210 1216//1216 1217//1217
f 1210//1210 1217//1217 1211//1211
f 1211//1211 1217//1217 1218//1218
f 1211//1211 1218//1218 1212//1212
f 1212//1212 1218//1218 1219//1219
f 1212//1212 1219//1219 1213//1213
f 1213//1213 1219//1219 1220//1220
f 1213//1213 1220//1220 1189//1189
f 1189//1189 1220//1220 1190//1190
f 1078//1078 1067//1067 1204//1204
f 1204//1204 1067//1067 1221//1221
f 1204//1204 1221//1221 1195//1195
f 1195//1195 1221//1221 1222//1222
f 1195//1195 1222//1222 1196//1196
f 1196//1196 1222//1222 1223//1223
f 1196//1196 1223//1223 1191//1191
f 1191//1191 1223//1223 1224//1224
f 1191//1191 1224//1224 1192//1192
f 1192//1192 1224//1224 1225//1225
f 1192//1192 1225//1225 1214//1214
f 1214//1214 1225//1225 1226//1226
f 1227//1227 1228//1228 1229//1229
f 1224//1224 1223//1223 1230//1230
f 1231//1231 1232//1232 1233//1233
f 1222//1222 1221//1221 1234//1234
f 1234//1234 1221//1221 1067//1067
f 1067//1067 1068//1068 1234//1234
f 1234//1234 1068//1068 1069//1069
f 1234//1234 1069//1069 1235//1235
f 1069//1069 1074//1074 1235//1235
f 1235//1235 1074//1074 1073//1073
f 1235//1235 1073//1073 1236//1236
f 1236//1236 1073//1073 1072//1072
f 1236//1236 1072//1072 1237//1237
f 1072//1072 1071//1071 1237//1237
f 1237//1237 1071//1071 1070//1070
f 1237//1237 1070//1070 1238//1238
f 1238//1238 1070//1070 1075//1075
f 1238//1238 1075//1075 1239//1239
f 1065//1065 1240//1240 1077//1077
f 1077//1077 1240//1240 1239//1239
f 1077//1077 1239//1239 1076//1076
f 1076//1076 1239//1239 1075//1075
f 1240//1240 1231//1231 1239//1239
f 1239//1239 1231//1231 1233//1233
f 1239//1239 1233//1233 1238//1238
f 1238//1238 1233//1233 1241//1241
f 1238//1238 1241//1241 1237//1237
f 1237//1237 1241//1241 1242//1242
f 1237//1237 1242//1242 1236//1236
f 1236//1236 1242//1242 1243//1243
f 1236//1236 1243//1243 1235//1235
f 1235//1235 1243//1243 1244//1244
f 1235//1235 1244//1244 1234//1234
f 1234//1234 1244//1244 1230//1230
f 1234//1234 1230//1230 1222//1222
f 1222//1222 1230//1230 1223//1223
f 1232//1232 1227//1227 1233//1233
f 1233//1233 1227//1227 1229//1229
f 1233//1233 1229//1229 1241//1241
f 1241//1241 1229//1229 1245//1245
f 1241//1241 1245//1245 1242//1242
f 1242//1242 1245//1245 1246//1246
f 1242//1242 1246//1246 1243//1243
f 1243//1243 1246//1246 1247//1247
f 1243//1243 1247//1247 1244//1244
f 1244//1244 1247//1247 1248//1248
f 1244//1244 1248//1248 1230//1230
f 1230//1230 1248//1248 1249//1249
f 1230//1230 1249//1249 1224//1224
f 1224//1224 1249//1249 1225//1225
f 1228//1228 1250//1250 1229//1229
f 1229//1229 1250//1250 1251//1251
f 1229//1229 1251//1251 1245//1245
f 1245//1245 1251//1251 1252//1252
f 1245//1245 1252//1252 1246//1246
f 1246//1246 1252//1252 1253//1253
f 1246//1246 1253//1253 1247//1247
f 1247//1247 1253//1253 1254//1254
f 1247//1247 1254//1254 1248//1248
f 1248//1248 1254//1254 1255//1255
f 1248//1248 1255//1255 1249//1249
f 1249//1249 1255//1255 1256//1256
f 1249//1249 1256//1256 1225//1225
f 1225//1225 1256//1256 1226//1226
f 1148//1148 1250//1250 1140//1140
f 1140//1140 1250//1250 1228//1228
f 1140//1140 1228//1228 1116//1116
f 1116//1116 1228//1228 1227//1227
f 1116//1116 1227//1227 1117//1117
f 1117//1117 1227//1227 1232//1232
f 1117//1117 1232//1232 1122//1122
f 1122//1122 1232//1232 1231//1231
f 1122//1122 1231//1231 1123//1123
f 1123//1123 1231//1231 1240//1240
f 1123//1123 1240//1240 1066//1066
f 1066//1066 1240//1240 1065//1065
f 1257//1257 1258//1258 1259//1259
f 1259//1259 1258//1258 1260//1260
f 1258//1258 1257//1257 1261//1261
f 1261//1261 1257//1257 1262//1262
f 1261//1261 1262//1262 1263//1263
f 1263//1263 1262//1262 1264//1264
f 1263//1263 1264//1264 1265//1265
f 1265//1265 1264//1264 1266//1266
f 1265//1265 1266//1266 1267//1267
f 1267//1267 1266//1266 1268//1268
f 1269//1269 1267//1267 1270//1270
f 1270//1270 1267//1267 1268//1268
f 1269//1269 1270//1270 1271//1271
f 1271//1271 1270//1270 1272//1272
f 1271//1271 1272//1272 1273//1273
f 1273//1273 1272//1272 1274//1274
f 1273//1273 1274//1274 1275//1275
f 1275//1275 1274//1274 1276//1276
f 1275//1275 1276//1276 1277//1277
f 1277//1277 1276//1276 1278//1278
f 1279//1279 1277//1277 1280//1280
f 1280//1280 1277//1277 1278//1278
f 1280//1280 1256//1256 1281//1281
f 1281//1281 1256//1256 1255//1255
f 1281//1281 1255//1255 1282//1282
f 1276//1276 1215//1215 1278//1278
f 1278//1278 1215//1215 1214//1214
f 1278//1278 1214//1214 1280//1280
f 1280//1280 1214//1214 1226//1226
f 1280//1280 1226//1226 1256//1256
f 1272//1272 1218//1218 1274//1274
f 1274//1274 1218//1218 1217//1217
f 1274//1274 1217//1217 1276//1276
f 1276//1276 1217//1217 1216//1216
f 1276//1276 1216//1216 1215//1215
f 1270//1270 1220//1220 1272//1272
f 1272//1272 1220//1220 1219//1219
f 1272//1272 1219//1219 1218//1218
f 1266//1266 1179//1179 1268//1268
f 1268//1268 1179//1179 1178//1178
f 1268//1268 1178//1178 1270//1270
f 1270//1270 1178//1178 1190//1190
f 1270//1270 1190//1190 1220//1220
f 1264//1264 1181//1181 1266//1266
f 1266//1266 1181//1181 1180//1180
f 1266//1266 1180//1180 1179//1179
f 1283//1283 1145//1145 1284//1284
f 1284//1284 1145//1145 1144//1144
f 1284//1284 1144//1144 1285//1285
f 1255//1255 1254//1254 1282//1282
f 1282//1282 1254//1254 1253//1253
f 1282//1282 1253//1253 1286//1286
f 1287//1287 1147//1147 1283//1283
f 1283//1283 1147//1147 1146//1146
f 1283//1283 1146//1146 1145//1145
f 1253//1253 1252//1252 1286//1286
f 1286//1286 1252//1252 1251//1251
f 1286//1286 1251//1251 1288//1288
f 1288//1288 1251//1251 1250//1250
f 1288//1288 1250//1250 1287//1287
f 1287//1287 1250//1250 1148//1148
f 1287//1287 1148//1148 1147//1147
f 1257//1257 1184//1184 1262//1262
f 1262//1262 1184//1184 1183//1183
f 1262//1262 1183//1183 1264//1264
f 1264//1264 1183//1183 1182//1182
f 1264//1264 1182//1182 1181//1181
f 1144//1144 1143//1143 1285//1285
f 1285//1285 1143//1143 1142//1142
f 1285//1285 1142//1142 1259//1259
f 1259//1259 1142//1142 1141//1141
f 1259//1259 1141//1141 1257//1257
f 1257//1257 1141//1141 1149//1149
f 1257//1257 1149//1149 1184//1184
f 1279//1279 1280//1280 1289//1289
f 1289//1289 1280//1280 1281//1281
f 1289//1289 1281//1281 1290//1290
f 1290//1290 1281//1281 1282//1282
f 1290//1290 1282//1282 1291//1291
f 1291//1291 1282//1282 1286//1286
f 1291//1291 1286//1286 1292//1292
f 1292//1292 1286//1286 1288//1288
f 1287//1287 1293//1293 1288//1288
f 1288//1288 1293//1293 1292//1292
f 1293//1293 1287//1287 1294//1294
f 1294//1294 1287//1287 1283//1283
f 1294//1294 1283//1283 1295//1295
f 1295//1295 1283//1283 1284//1284
f 1295//1295 1284//1284 1296//1296
f 1296//1296 1284//1284 1285//1285
f 1296//1296 1285//1285 1260//1260
f 1260//1260 1285//1285 1259//1259
f 1293//1293 1297//1297 1292//1292
f 1292//1292 1297//1297 1298//1298
f 1292//1292 1298//1298 1291//1291
f 1291//1291 1298//1298 1290//1290
f 1289//1289 1290//1290 1279//1279
f 1279//1279 1290//1290 1298//1298
f 1279//1279 1298//1298 1277//1277
f 1277//1277 1298//1298 1299//1299
f 1277//1277 1299//1299 1275//1275
f 1275//1275 1299//1299 1273//1273
f 1300//1300 1301//1301 1302//1302
f 1302//1302 1301//1301 1297//1297
f 1302//1302 1297//1297 1303//1303
f 1304//1304 1260//1260 1305//1305
f 1305//1305 1260//1260 1306//1306
f 1307//1307 1308//1308 1267//1267
f 1267//1267 1308//1308 1309//1309
f 1306//1306 1260//1260 1310//1310
f 1310//1310 1260//1260 1258//1258
f 1310//1310 1258//1258 1311//1311
f 1300//1300 1307//1307 1301//1301
f 1301//1301 1307//1307 1267//1267
f 1301//1301 1267//1267 1299//1299
f 1299//1299 1267//1267 1269//1269
f 1299//1299 1269//1269 1273//1273
f 1273//1273 1269//1269 1271//1271
f 1263//1263 1265//1265 1261//1261
f 1261//1261 1265//1265 1267//1267
f 1261//1261 1267//1267 1258//1258
f 1258//1258 1267//1267 1309//1309
f 1258//1258 1309//1309 1311//1311
f 1295//1295 1296//1296 1294//1294
f 1294//1294 1296//1296 1260//1260
f 1294//1294 1260//1260 1293//1293
f 1293//1293 1260//1260 1304//1304
f 1293//1293 1304//1304 1297//1297
f 1297//1297 1304//1304 1312//1312
f 1297//1297 1312//1312 1303//1303
f 1313//1313 1314//1314 1315//1315
f 1316//1316 1317//1317 1318//1318
f 1317//1317 1316//1316 1319//1319
f 1320//1320 1321//1321 1322//1322
f 1322//1322 1321//1321 1323//1323
f 1322//1322 1323//1323 1324//1324
f 1324//1324 1323//1323 1325//1325
f 1326//1326 1327//1327 1328//1328
f 1315//1315 1329//1329 1313//1313
f 1313//1313 1329//1329 1330//1330
f 1313//1313 1330//1330 1326//1326
f 1326//1326 1330//1330 1331//1331
f 1326//1326 1331//1331 1327//1327
f 1319//1319 1316//1316 1332//1332
f 1332//1332 1316//1316 1333//1333
f 1332//1332 1333//1333 1334//1334
f 1320//1320 1335//1335 1336//1336
f 1337//1337 1338//1338 1321//1321
f 1321//1321 1338//1338 1339//1339
f 1321//1321 1339//1339 1330//1330
f 1330//1330 1339//1339 1340//1340
f 1330//1330 1340//1340 1331//1331
f 1341//1341 1325//1325 1342//1342
f 1342//1342 1325//1325 1323//1323
f 1342//1342 1323//1323 1343//1343
f 1343//1343 1323//1323 1329//1329
f 1343//1343 1329//1329 1344//1344
f 1344//1344 1329//1329 1315//1315
f 1337//1337 1321//1321 1318//1318
f 1318//1318 1321//1321 1320//1320
f 1318//1318 1320//1320 1316//1316
f 1316//1316 1320//1320 1336//1336
f 1316//1316 1336//1336 1345//1345
f 1346//1346 1347//1347 1348//1348
f 1348//1348 1347//1347 1326//1326
f 1348//1348 1326//1326 1333//1333
f 1333//1333 1326//1326 1328//1328
f 1333//1333 1328//1328 1334//1334
f 1330//1330 1297//1297 1321//1321
f 1321//1321 1297//1297 1301//1301
f 1349//1349 1350//1350 1351//1351
f 1351//1351 1350//1350 1352//1352
f 1353//1353 1354//1354 1355//1355
f 1355//1355 1354//1354 1350//1350
f 1355//1355 1350//1350 1356//1356
f 1356//1356 1350//1350 1349//1349
f 1356//1356 1349//1349 1357//1357
f 1357//1357 1349//1349 1358//1358
f 1359//1359 1360//1360 1361//1361
f 1361//1361 1360//1360 1351//1351
f 1361//1361 1351//1351 1362//1362
f 1362//1362 1351//1351 1352//1352
f 1362//1362 1352//1352 1363//1363
f 1363//1363 1352//1352 1364//1364
f 1365//1365 1366//1366 1367//1367
f 1367//1367 1366//1366 1368//1368
f 1367//1367 1368//1368 1369//1369
f 1354//1354 1370//1370 1350//1350
f 1350//1350 1370//1370 1371//1371
f 1352//1352 1372//1372 1373//1373
f 1358//1358 1374//1374 1357//1357
f 1357//1357 1374//1374 1375//1375
f 1357//1357 1375//1375 1356//1356
f 1356//1356 1375//1375 1376//1376
f 1356//1356 1376//1376 1355//1355
f 1355//1355 1376//1376 1370//1370
f 1355//1355 1370//1370 1353//1353
f 1353//1353 1370//1370 1354//1354
f 1362//1362 1377//1377 1361//1361
f 1361//1361 1377//1377 1378//1378
f 1361//1361 1378//1378 1359//1359
f 1378//1378 1379//1379 1359//1359
f 1359//1359 1379//1379 1380//1380
f 1359//1359 1380//1380 1360//1360
f 1360//1360 1380//1380 1381//1381
f 1360//1360 1381//1381 1351//1351
f 1351//1351 1381//1381 1382//1382
f 1351//1351 1382//1382 1349//1349
f 1349//1349 1382//1382 1383//1383
f 1349//1349 1383//1383 1358//1358
f 1358//1358 1383//1383 1384//1384
f 1358//1358 1384//1384 1374//1374
f 1385//1385 1386//1386 1350//1350
f 1365//1365 1387//1387 1366//1366
f 1366//1366 1387//1387 1388//1388
f 1366//1366 1388//1388 1389//1389
f 1386//1386 1390//1390 1350//1350
f 1350//1350 1390//1390 1391//1391
f 1350//1350 1391//1391 1352//1352
f 1352//1352 1391//1391 1392//1392
f 1352//1352 1392//1392 1372//1372
f 1389//1389 1385//1385 1366//1366
f 1366//1366 1385//1385 1350//1350
f 1366//1366 1350//1350 1393//1393
f 1393//1393 1350//1350 1371//1371
f 1393//1393 1371//1371 1394//1394
f 1373//1373 1395//1395 1352//1352
f 1352//1352 1395//1395 1396//1396
f 1352//1352 1396//1396 1368//1368
f 1368//1368 1396//1396 1397//1397
f 1368//1368 1397//1397 1369//1369
f 1362//1362 1363//1363 1377//1377
f 1377//1377 1363//1363 1364//1364
f 1377//1377 1364//1364 1398//1398
f 1398//1398 1364//1364 1352//1352
f 1398//1398 1352//1352 1399//1399
f 1399//1399 1352//1352 1368//1368
f 1399//1399 1368//1368 1400//1400
f 1370//1370 1376//1376 1401//1401
f 1401//1401 1376//1376 1402//1402
f 1383//1383 1403//1403 1404//1404
f 1383//1383 1404//1404 1384//1384
f 1384//1384 1404//1404 1405//1405
f 1384//1384 1405//1405 1374//1374
f 1374//1374 1405//1405 1406//1406
f 1374//1374 1406//1406 1375//1375
f 1375//1375 1406//1406 1402//1402
f 1375//1375 1402//1402 1376//1376
f 1383//1383 1382//1382 1403//1403
f 1403//1403 1382//1382 1407//1407
f 1378//1378 1408//1408 1409//1409
f 1378//1378 1409//1409 1379//1379
f 1379//1379 1409//1409 1410//1410
f 1379//1379 1410//1410 1380//1380
f 1380//1380 1410//1410 1411//1411
f 1380//1380 1411//1411 1381//1381
f 1381//1381 1411//1411 1407//1407
f 1381//1381 1407//1407 1382//1382
f 1378//1378 1377//1377 1408//1408
f 1408//1408 1377//1377 1412//1412
f 1368//1368 1413//1413 1414//1414
f 1368//1368 1414//1414 1400//1400
f 1400//1400 1414//1414 1415//1415
f 1400//1400 1415//1415 1399//1399
f 1399//1399 1415//1415 1416//1416
f 1399//1399 1416//1416 1398//1398
f 1398//1398 1416//1416 1412//1412
f 1398//1398 1412//1412 1377//1377
f 1368//1368 1366//1366 1413//1413
f 1413//1413 1366//1366 1417//1417
f 1370//1370 1401//1401 1418//1418
f 1370//1370 1418//1418 1371//1371
f 1371//1371 1418//1418 1419//1419
f 1371//1371 1419//1419 1394//1394
f 1394//1394 1419//1419 1420//1420
f 1394//1394 1420//1420 1393//1393
f 1393//1393 1420//1420 1417//1417
f 1393//1393 1417//1417 1366//1366
f 1410//1410 1409//1409 1408//1408
f 1419//1419 1418//1418 1420//1420
f 1420//1420 1418//1418 1401//1401
f 1420//1420 1401//1401 1417//1417
f 1417//1417 1401//1401 1403//1403
f 1405//1405 1404//1404 1406//1406
f 1406//1406 1404//1404 1403//1403
f 1406//1406 1403//1403 1402//1402
f 1402//1402 1403//1403 1401//1401
f 1412//1412 1416//1416 1415//1415
f 1411//1411 1410//1410 1407//1407
f 1407//1407 1410//1410 1408//1408
f 1407//1407 1408//1408 1413//1413
f 1413//1413 1408//1408 1412//1412
f 1413//1413 1412//1412 1414//1414
f 1414//1414 1412//1412 1415//1415
f 1421//1421 1422//1422 1423//1423
f 1424//1424 1425//1425 1426//1426
f 1427//1427 1428//1428 1429//1429
f 1430//1430 1431//1431 1432//1432
f 1432//1432 1431//1431 1433//1433
f 1432//1432 1433//1433 1434//1434
f 1435//1435 1436//1436 1430//1430
f 1430//1430 1436//1436 1437//1437
f 1430//1430 1437//1437 1431//1431
f 1438//1438 1439//1439 1440//1440
f 1439//1439 1438//1438 1441//1441
f 1441//1441 1438//1438 1442//1442
f 1441//1441 1442//1442 1443//1443
f 1443//1443 1442//1442 1444//1444
f 1444//1444 1442//1442 1445//1445
f 1444//1444 1445//1445 1446//1446
f 1447//1447 1448//1448 1445//1445
f 1445//1445 1448//1448 1449//1449
f 1445//1445 1449//1449 1446//1446
f 1450//1450 1451//1451 1447//1447
f 1447//1447 1451//1451 1452//1452
f 1447//1447 1452//1452 1448//1448
f 1453//1453 1454//1454 1450//1450
f 1450//1450 1454//1454 1455//1455
f 1450//1450 1455//1455 1451//1451
f 1456//1456 1457//1457 1458//1458
f 1458//1458 1457//1457 1459//1459
f 1458//1458 1459//1459 1453//1453
f 1453//1453 1459//1459 1460//1460
f 1453//1453 1460//1460 1454//1454
f 1461//1461 1462//1462 1463//1463
f 1462//1462 1464//1464 1463//1463
f 1463//1463 1464//1464 1465//1465
f 1463//1463 1465//1465 1458//1458
f 1458//1458 1465//1465 1466//1466
f 1458//1458 1466//1466 1456//1456
f 1463//1463 1467//1467 1461//1461
f 1461//1461 1467//1467 1468//1468
f 1461//1461 1468//1468 1469//1469
f 1469//1469 1468//1468 1470//1470
f 1469//1469 1470//1470 1471//1471
f 1471//1471 1470//1470 1472//1472
f 1472//1472 1470//1470 1473//1473
f 1473//1473 1470//1470 1423//1423
f 1473//1473 1423//1423 1474//1474
f 1474//1474 1423//1423 1422//1422
f 1474//1474 1422//1422 1475//1475
f 1476//1476 1477//1477 1478//1478
f 1478//1478 1477//1477 1479//1479
f 1478//1478 1479//1479 1480//1480
f 1481//1481 1482//1482 1483//1483
f 1483//1483 1484//1484 1481//1481
f 1481//1481 1484//1484 1485//1485
f 1481//1481 1485//1485 1478//1478
f 1478//1478 1485//1485 1486//1486
f 1478//1478 1486//1486 1476//1476
f 1482//1482 1481//1481 1487//1487
f 1487//1487 1481//1481 1488//1488
f 1487//1487 1488//1488 1489//1489
f 1489//1489 1488//1488 1490//1490
f 1490//1490 1488//1488 1491//1491
f 1490//1490 1491//1491 1492//1492
f 1492//1492 1491//1491 1493//1493
f 1492//1492 1493//1493 1494//1494
f 1494//1494 1493//1493 1495//1495
f 1495//1495 1493//1493 1496//1496
f 1495//1495 1496//1496 1497//1497
f 1497//1497 1496//1496 1498//1498
f 1497//1497 1498//1498 1499//1499
f 1499//1499 1498//1498 1500//1500
f 1499//1499 1500//1500 1501//1501
f 1501//1501 1500//1500 1502//1502
f 1502//1502 1500//1500 1503//1503
f 1502//1502 1503//1503 1504//1504
f 1504//1504 1503//1503 1505//1505
f 1504//1504 1505//1505 1506//1506
f 1432//1432 1507//1507 1430//1430
f 1430//1430 1507//1507 1508//1508
f 1430//1430 1508//1508 1435//1435
f 1435//1435 1508//1508 1509//1509
f 1510//1510 1511//1511 1512//1512
f 1512//1512 1511//1511 1513//1513
f 1512//1512 1513//1513 1426//1426
f 1514//1514 1515//1515 1516//1516
f 1510//1510 1517//1517 1511//1511
f 1511//1511 1517//1517 1518//1518
f 1511//1511 1518//1518 1516//1516
f 1516//1516 1518//1518 1519//1519
f 1516//1516 1519//1519 1514//1514
f 1514//1514 1520//1520 1515//1515
f 1515//1515 1520//1520 1521//1521
f 1515//1515 1521//1521 1522//1522
f 1427//1427 1429//1429 1523//1523
f 1434//1434 1524//1524 1432//1432
f 1432//1432 1524//1524 1525//1525
f 1432//1432 1525//1525 1507//1507
f 1507//1507 1525//1525 1526//1526
f 1507//1507 1526//1526 1527//1527
f 1528//1528 1529//1529 1503//1503
f 1503//1503 1529//1529 1530//1530
f 1503//1503 1530//1530 1505//1505
f 1480//1480 1531//1531 1478//1478
f 1478//1478 1531//1531 1532//1532
f 1478//1478 1532//1532 1533//1533
f 1533//1533 1424//1424 1478//1478
f 1478//1478 1424//1424 1426//1426
f 1478//1478 1426//1426 1481//1481
f 1481//1481 1426//1426 1513//1513
f 1481//1481 1513//1513 1488//1488
f 1488//1488 1513//1513 1511//1511
f 1488//1488 1511//1511 1491//1491
f 1491//1491 1511//1511 1516//1516
f 1491//1491 1516//1516 1493//1493
f 1493//1493 1516//1516 1515//1515
f 1493//1493 1515//1515 1496//1496
f 1496//1496 1515//1515 1522//1522
f 1496//1496 1522//1522 1498//1498
f 1498//1498 1522//1522 1534//1534
f 1498//1498 1534//1534 1500//1500
f 1500//1500 1534//1534 1535//1535
f 1500//1500 1535//1535 1503//1503
f 1503//1503 1535//1535 1536//1536
f 1503//1503 1536//1536 1528//1528
f 1537//1537 1423//1423 1538//1538
f 1538//1538 1423//1423 1470//1470
f 1538//1538 1470//1470 1539//1539
f 1539//1539 1470//1470 1468//1468
f 1539//1539 1468//1468 1540//1540
f 1540//1540 1468//1468 1467//1467
f 1540//1540 1467//1467 1541//1541
f 1541//1541 1467//1467 1463//1463
f 1541//1541 1463//1463 1542//1542
f 1542//1542 1463//1463 1458//1458
f 1542//1542 1458//1458 1543//1543
f 1543//1543 1458//1458 1453//1453
f 1543//1543 1453//1453 1544//1544
f 1544//1544 1453//1453 1450//1450
f 1544//1544 1450//1450 1545//1545
f 1545//1545 1450//1450 1447//1447
f 1545//1545 1447//1447 1546//1546
f 1546//1546 1447//1447 1445//1445
f 1546//1546 1445//1445 1547//1547
f 1547//1547 1445//1445 1442//1442
f 1547//1547 1442//1442 1509//1509
f 1509//1509 1442//1442 1438//1438
f 1509//1509 1438//1438 1435//1435
f 1435//1435 1438//1438 1440//1440
f 1435//1435 1440//1440 1436//1436
f 1548//1548 1549//1549 1537//1537
f 1549//1549 1550//1550 1537//1537
f 1537//1537 1550//1550 1551//1551
f 1537//1537 1551//1551 1423//1423
f 1423//1423 1551//1551 1552//1552
f 1423//1423 1552//1552 1421//1421
f 1553//1553 1554//1554 1536//1536
f 1536//1536 1554//1554 1555//1555
f 1536//1536 1555//1555 1528//1528
f 1428//1428 1553//1553 1429//1429
f 1429//1429 1553//1553 1536//1536
f 1429//1429 1536//1536 1556//1556
f 1556//1556 1536//1536 1535//1535
f 1556//1556 1535//1535 1557//1557
f 1557//1557 1535//1535 1534//1534
f 1557//1557 1534//1534 1558//1558
f 1558//1558 1534//1534 1522//1522
f 1558//1558 1522//1522 1559//1559
f 1559//1559 1522//1522 1521//1521
f 1527//1527 1523//1523 1507//1507
f 1507//1507 1523//1523 1429//1429
f 1507//1507 1429//1429 1508//1508
f 1508//1508 1429//1429 1556//1556
f 1508//1508 1556//1556 1509//1509
f 1509//1509 1556//1556 1557//1557
f 1509//1509 1557//1557 1547//1547
f 1547//1547 1557//1557 1558//1558
f 1547//1547 1558//1558 1546//1546
f 1546//1546 1558//1558 1559//1559
f 1546//1546 1559//1559 1545//1545
f 1545//1545 1559//1559 1521//1521
f 1545//1545 1521//1521 1544//1544
f 1544//1544 1521//1521 1520//1520
f 1544//1544 1520//1520 1543//1543
f 1543//1543 1520//1520 1514//1514
f 1543//1543 1514//1514 1542//1542
f 1542//1542 1514//1514 1519//1519
f 1542//1542 1519//1519 1541//1541
f 1541//1541 1519//1519 1518//1518
f 1541//1541 1518//1518 1540//1540
f 1540//1540 1518//1518 1517//1517
f 1540//1540 1517//1517 1539//1539
f 1539//1539 1517//1517 1510//1510
f 1539//1539 1510//1510 1538//1538
f 1538//1538 1510//1510 1512//1512
f 1538//1538 1512//1512 1537//1537
f 1537//1537 1512//1512 1426//1426
f 1537//1537 1426//1426 1548//1548
f 1548//1548 1426//1426 1425//1425
f 1560//1560 1561//1561 1562//1562
f 1532//1532 1531//1531 1563//1563
f 1564//1564 1565//1565 1566//1566
f 1567//1567 1568//1568 1569//1569
f 1570//1570 1571//1571 1572//1572
f 1572//1572 1571//1571 1573//1573
f 1574//1574 1575//1575 1570//1570
f 1570//1570 1575//1575 1576//1576
f 1570//1570 1576//1576 1571//1571
f 1577//1577 1578//1578 1574//1574
f 1574//1574 1578//1578 1579//1579
f 1574//1574 1579//1579 1575//1575
f 1568//1568 1580//1580 1569//1569
f 1569//1569 1580//1580 1581//1581
f 1569//1569 1581//1581 1577//1577
f 1577//1577 1581//1581 1582//1582
f 1577//1577 1582//1582 1578//1578
f 1583//1583 1584//1584 1585//1585
f 1585//1585 1584//1584 1586//1586
f 1585//1585 1586//1586 1587//1587
f 1587//1587 1586//1586 1588//1588
f 1588//1588 1586//1586 1589//1589
f 1588//1588 1589//1589 1590//1590
f 1590//1590 1589//1589 1591//1591
f 1591//1591 1589//1589 1592//1592
f 1591//1591 1592//1592 1593//1593
f 1594//1594 1595//1595 1592//1592
f 1592//1592 1595//1595 1596//1596
f 1592//1592 1596//1596 1593//1593
f 1597//1597 1598//1598 1594//1594
f 1598//1598 1599//1599 1594//1594
f 1594//1594 1599//1599 1600//1600
f 1594//1594 1600//1600 1595//1595
f 1594//1594 1601//1601 1597//1597
f 1597//1597 1601//1601 1602//1602
f 1597//1597 1602//1602 1603//1603
f 1604//1604 1605//1605 1606//1606
f 1606//1606 1605//1605 1607//1607
f 1606//1606 1607//1607 1608//1608
f 1608//1608 1607//1607 1609//1609
f 1610//1610 1604//1604 1611//1611
f 1611//1611 1604//1604 1606//1606
f 1611//1611 1606//1606 1612//1612
f 1612//1612 1606//1606 1613//1613
f 1614//1614 1615//1615 1616//1616
f 1616//1616 1615//1615 1617//1617
f 1616//1616 1617//1617 1618//1618
f 1618//1618 1617//1617 1619//1619
f 1618//1618 1619//1619 1620//1620
f 1620//1620 1619//1619 1621//1621
f 1620//1620 1621//1621 1622//1622
f 1622//1622 1621//1621 1623//1623
f 1624//1624 1625//1625 1614//1614
f 1614//1614 1625//1625 1626//1626
f 1614//1614 1626//1626 1615//1615
f 1614//1614 1627//1627 1624//1624
f 1624//1624 1627//1627 1628//1628
f 1624//1624 1628//1628 1629//1629
f 1630//1630 1631//1631 1628//1628
f 1628//1628 1631//1631 1632//1632
f 1628//1628 1632//1632 1629//1629
f 1633//1633 1634//1634 1563//1563
f 1563//1563 1634//1634 1635//1635
f 1563//1563 1635//1635 1636//1636
f 1636//1636 1635//1635 1637//1637
f 1636//1636 1637//1637 1638//1638
f 1638//1638 1639//1639 1636//1636
f 1636//1636 1639//1639 1640//1640
f 1636//1636 1640//1640 1630//1630
f 1630//1630 1640//1640 1641//1641
f 1630//1630 1641//1641 1631//1631
f 1531//1531 1642//1642 1563//1563
f 1563//1563 1642//1642 1643//1643
f 1563//1563 1643//1643 1633//1633
f 1573//1573 1644//1644 1572//1572
f 1572//1572 1644//1644 1645//1645
f 1572//1572 1645//1645 1570//1570
f 1570//1570 1645//1645 1646//1646
f 1570//1570 1646//1646 1574//1574
f 1574//1574 1646//1646 1647//1647
f 1574//1574 1647//1647 1577//1577
f 1577//1577 1647//1647 1648//1648
f 1577//1577 1648//1648 1569//1569
f 1649//1649 1602//1602 1650//1650
f 1650//1650 1602//1602 1601//1601
f 1650//1650 1601//1601 1651//1651
f 1651//1651 1601//1601 1594//1594
f 1651//1651 1594//1594 1652//1652
f 1652//1652 1594//1594 1592//1592
f 1652//1652 1592//1592 1653//1653
f 1653//1653 1592//1592 1589//1589
f 1653//1653 1589//1589 1654//1654
f 1654//1654 1589//1589 1586//1586
f 1654//1654 1586//1586 1655//1655
f 1655//1655 1586//1586 1584//1584
f 1655//1655 1584//1584 1566//1566
f 1656//1656 1657//1657 1658//1658
f 1658//1658 1657//1657 1659//1659
f 1659//1659 1613//1613 1658//1658
f 1658//1658 1613//1613 1606//1606
f 1658//1658 1606//1606 1649//1649
f 1649//1649 1606//1606 1608//1608
f 1649//1649 1608//1608 1602//1602
f 1602//1602 1608//1608 1609//1609
f 1602//1602 1609//1609 1603//1603
f 1660//1660 1661//1661 1662//1662
f 1662//1662 1565//1565 1660//1660
f 1660//1660 1565//1565 1564//1564
f 1660//1660 1564//1564 1663//1663
f 1664//1664 1665//1665 1666//1666
f 1664//1664 1667//1667 1665//1665
f 1665//1665 1667//1667 1668//1668
f 1665//1665 1668//1668 1661//1661
f 1661//1661 1668//1668 1669//1669
f 1661//1661 1669//1669 1662//1662
f 1670//1670 1671//1671 1672//1672
f 1672//1672 1671//1671 1673//1673
f 1672//1672 1673//1673 1666//1666
f 1666//1666 1673//1673 1674//1674
f 1666//1666 1674//1674 1664//1664
f 1566//1566 1565//1565 1655//1655
f 1655//1655 1565//1565 1662//1662
f 1655//1655 1662//1662 1654//1654
f 1654//1654 1662//1662 1669//1669
f 1654//1654 1669//1669 1653//1653
f 1653//1653 1669//1669 1668//1668
f 1653//1653 1668//1668 1652//1652
f 1652//1652 1668//1668 1667//1667
f 1652//1652 1667//1667 1651//1651
f 1651//1651 1667//1667 1664//1664
f 1651//1651 1664//1664 1650//1650
f 1650//1650 1664//1664 1674//1674
f 1650//1650 1674//1674 1649//1649
f 1649//1649 1674//1674 1673//1673
f 1649//1649 1673//1673 1658//1658
f 1658//1658 1673//1673 1671//1671
f 1658//1658 1671//1671 1656//1656
f 1675//1675 1676//1676 1670//1670
f 1622//1622 1675//1675 1620//1620
f 1620//1620 1675//1675 1670//1670
f 1620//1620 1670//1670 1618//1618
f 1618//1618 1670//1670 1672//1672
f 1618//1618 1672//1672 1616//1616
f 1616//1616 1672//1672 1666//1666
f 1616//1616 1666//1666 1614//1614
f 1614//1614 1666//1666 1665//1665
f 1614//1614 1665//1665 1627//1627
f 1627//1627 1665//1665 1661//1661
f 1627//1627 1661//1661 1628//1628
f 1628//1628 1661//1661 1660//1660
f 1628//1628 1660//1660 1630//1630
f 1630//1630 1660//1660 1663//1663
f 1630//1630 1663//1663 1636//1636
f 1636//1636 1663//1663 1562//1562
f 1636//1636 1562//1562 1563//1563
f 1563//1563 1562//1562 1561//1561
f 1422//1422 1421//1421 1677//1677
f 1677//1677 1421//1421 1678//1678
f 1679//1679 1422//1422 1644//1644
f 1644//1644 1422//1422 1677//1677
f 1644//1644 1677//1677 1645//1645
f 1645//1645 1677//1677 1680//1680
f 1645//1645 1680//1680 1646//1646
f 1646//1646 1680//1680 1681//1681
f 1646//1646 1681//1681 1647//1647
f 1647//1647 1681//1681 1682//1682
f 1647//1647 1682//1682 1648//1648
f 1551//1551 1550//1550 1560//1560
f 1560//1560 1550//1550 1683//1683
f 1560//1560 1683//1683 1561//1561
f 1561//1561 1683//1683 1684//1684
f 1684//1684 1425//1425 1561//1561
f 1561//1561 1425//1425 1424//1424
f 1561//1561 1424//1424 1563//1563
f 1563//1563 1424//1424 1685//1685
f 1563//1563 1685//1685 1532//1532
f 1686//1686 1687//1687 1671//1671
f 1671//1671 1687//1687 1688//1688
f 1671//1671 1688//1688 1656//1656
f 1676//1676 1689//1689 1670//1670
f 1670//1670 1689//1689 1690//1690
f 1670//1670 1690//1690 1671//1671
f 1671//1671 1690//1690 1691//1691
f 1671//1671 1691//1691 1686//1686
f 1678//1678 1551//1551 1677//1677
f 1677//1677 1551//1551 1560//1560
f 1677//1677 1560//1560 1680//1680
f 1680//1680 1560//1560 1562//1562
f 1680//1680 1562//1562 1681//1681
f 1681//1681 1562//1562 1663//1663
f 1681//1681 1663//1663 1682//1682
f 1682//1682 1663//1663 1564//1564
f 1682//1682 1564//1564 1648//1648
f 1648//1648 1564//1564 1566//1566
f 1648//1648 1566//1566 1569//1569
f 1569//1569 1566//1566 1584//1584
f 1569//1569 1584//1584 1567//1567
f 1567//1567 1584//1584 1583//1583
f 1692//1692 1693//1693 1694//1694
f 1695//1695 1696//1696 1697//1697
f 1698//1698 1699//1699 1700//1700
f 1700//1700 1699//1699 1610//1610
f 1700//1700 1610//1610 1611//1611
f 1701//1701 1702//1702 1698//1698
f 1698//1698 1702//1702 1703//1703
f 1698//1698 1703//1703 1699//1699
f 1704//1704 1705//1705 1706//1706
f 1705//1705 1704//1704 1707//1707
f 1707//1707 1704//1704 1708//1708
f 1707//1707 1708//1708 1709//1709
f 1709//1709 1708//1708 1710//1710
f 1710//1710 1708//1708 1711//1711
f 1710//1710 1711//1711 1712//1712
f 1713//1713 1714//1714 1711//1711
f 1711//1711 1714//1714 1715//1715
f 1711//1711 1715//1715 1712//1712
f 1716//1716 1717//1717 1713//1713
f 1713//1713 1717//1717 1718//1718
f 1713//1713 1718//1718 1714//1714
f 1719//1719 1720//1720 1716//1716
f 1716//1716 1720//1720 1721//1721
f 1716//1716 1721//1721 1717//1717
f 1722//1722 1723//1723 1724//1724
f 1724//1724 1723//1723 1725//1725
f 1724//1724 1725//1725 1719//1719
f 1719//1719 1725//1725 1726//1726
f 1719//1719 1726//1726 1720//1720
f 1727//1727 1728//1728 1729//1729
f 1728//1728 1730//1730 1729//1729
f 1729//1729 1730//1730 1731//1731
f 1729//1729 1731//1731 1724//1724
f 1724//1724 1731//1731 1732//1732
f 1724//1724 1732//1732 1722//1722
f 1729//1729 1733//1733 1727//1727
f 1727//1727 1733//1733 1734//1734
f 1727//1727 1734//1734 1735//1735
f 1735//1735 1734//1734 1736//1736
f 1735//1735 1736//1736 1737//1737
f 1737//1737 1736//1736 1738//1738
f 1738//1738 1736//1736 1739//1739
f 1739//1739 1736//1736 1694//1694
f 1739//1739 1694//1694 1740//1740
f 1740//1740 1694//1694 1693//1693
f 1740//1740 1693//1693 1741//1741
f 1742//1742 1743//1743 1744//1744
f 1744//1744 1743//1743 1745//1745
f 1744//1744 1745//1745 1746//1746
f 1747//1747 1748//1748 1749//1749
f 1749//1749 1750//1750 1747//1747
f 1747//1747 1750//1750 1751//1751
f 1747//1747 1751//1751 1744//1744
f 1744//1744 1751//1751 1752//1752
f 1744//1744 1752//1752 1742//1742
f 1748//1748 1747//1747 1753//1753
f 1753//1753 1747//1747 1754//1754
f 1753//1753 1754//1754 1755//1755
f 1755//1755 1754//1754 1756//1756
f 1756//1756 1754//1754 1757//1757
f 1756//1756 1757//1757 1758//1758
f 1758//1758 1757//1757 1759//1759
f 1758//1758 1759//1759 1760//1760
f 1760//1760 1759//1759 1761//1761
f 1760//1760 1761//1761 1762//1762
f 1762//1762 1761//1761 1763//1763
f 1762//1762 1763//1763 1764//1764
f 1764//1764 1763//1763 1765//1765
f 1765//1765 1763//1763 1766//1766
f 1765//1765 1766//1766 1767//1767
f 1767//1767 1766//1766 1768//1768
f 1767//1767 1768//1768 1769//1769
f 1769//1769 1768//1768 1675//1675
f 1769//1769 1675//1675 1770//1770
f 1770//1770 1675//1675 1622//1622
f 1770//1770 1622//1622 1623//1623
f 1700//1700 1771//1771 1698//1698
f 1698//1698 1771//1771 1772//1772
f 1698//1698 1772//1772 1701//1701
f 1701//1701 1772//1772 1773//1773
f 1774//1774 1775//1775 1776//1776
f 1776//1776 1775//1775 1777//1777
f 1776//1776 1777//1777 1697//1697
f 1778//1778 1779//1779 1780//1780
f 1774//1774 1781//1781 1775//1775
f 1775//1775 1781//1781 1782//1782
f 1775//1775 1782//1782 1780//1780
f 1780//1780 1782//1782 1783//1783
f 1780//1780 1783//1783 1778//1778
f 1778//1778 1784//1784 1779//1779
f 1779//1779 1784//1784 1785//1785
f 1779//1779 1785//1785 1786//1786
f 1611//1611 1612//1612 1700//1700
f 1700//1700 1612//1612 1613//1613
f 1700//1700 1613//1613 1771//1771
f 1771//1771 1613//1613 1659//1659
f 1771//1771 1659//1659 1657//1657
f 1691//1691 1690//1690 1768//1768
f 1690//1690 1689//1689 1768//1768
f 1768//1768 1689//1689 1676//1676
f 1768//1768 1676//1676 1675//1675
f 1746//1746 1787//1787 1744//1744
f 1744//1744 1787//1787 1788//1788
f 1744//1744 1788//1788 1789//1789
f 1686//1686 1691//1691 1790//1790
f 1790//1790 1691//1691 1768//1768
f 1790//1790 1768//1768 1791//1791
f 1791//1791 1768//1768 1766//1766
f 1791//1791 1766//1766 1792//1792
f 1792//1792 1766//1766 1763//1763
f 1792//1792 1763//1763 1786//1786
f 1786//1786 1763//1763 1761//1761
f 1786//1786 1761//1761 1779//1779
f 1779//1779 1761//1761 1759//1759
f 1779//1779 1759//1759 1780//1780
f 1780//1780 1759//1759 1757//1757
f 1780//1780 1757//1757 1775//1775
f 1775//1775 1757//1757 1754//1754
f 1775//1775 1754//1754 1777//1777
f 1777//1777 1754//1754 1747//1747
f 1777//1777 1747//1747 1697//1697
f 1697//1697 1747//1747 1744//1744
f 1697//1697 1744//1744 1695//1695
f 1695//1695 1744//1744 1789//1789
f 1793//1793 1694//1694 1794//1794
f 1794//1794 1694//1694 1736//1736
f 1794//1794 1736//1736 1795//1795
f 1795//1795 1736//1736 1734//1734
f 1795//1795 1734//1734 1796//1796
f 1796//1796 1734//1734 1733//1733
f 1796//1796 1733//1733 1797//1797
f 1797//1797 1733//1733 1729//1729
f 1797//1797 1729//1729 1798//1798
f 1798//1798 1729//1729 1724//1724
f 1798//1798 1724//1724 1799//1799
f 1799//1799 1724//1724 1719//1719
f 1799//1799 1719//1719 1800//1800
f 1800//1800 1719//1719 1716//1716
f 1800//1800 1716//1716 1801//1801
f 1801//1801 1716//1716 1713//1713
f 1801//1801 1713//1713 1802//1802
f 1802//1802 1713//1713 1711//1711
f 1802//1802 1711//1711 1803//1803
f 1803//1803 1711//1711 1708//1708
f 1803//1803 1708//1708 1773//1773
f 1773//1773 1708//1708 1704//1704
f 1773//1773 1704//1704 1701//1701
f 1701//1701 1704//1704 1706//1706
f 1701//1701 1706//1706 1702//1702
f 1804//1804 1805//1805 1793//1793
f 1805//1805 1806//1806 1793//1793
f 1793//1793 1806//1806 1807//1807
f 1793//1793 1807//1807 1694//1694
f 1694//1694 1807//1807 1808//1808
f 1694//1694 1808//1808 1692//1692
f 1656//1656 1688//1688 1809//1809
f 1809//1809 1688//1688 1687//1687
f 1687//1687 1686//1686 1809//1809
f 1809//1809 1686//1686 1790//1790
f 1809//1809 1790//1790 1810//1810
f 1810//1810 1790//1790 1791//1791
f 1810//1810 1791//1791 1811//1811
f 1811//1811 1791//1791 1792//1792
f 1811//1811 1792//1792 1812//1812
f 1812//1812 1792//1792 1786//1786
f 1812//1812 1786//1786 1813//1813
f 1813//1813 1786//1786 1785//1785
f 1657//1657 1656//1656 1771//1771
f 1771//1771 1656//1656 1809//1809
f 1771//1771 1809//1809 1772//1772
f 1772//1772 1809//1809 1810//1810
f 1772//1772 1810//1810 1773//1773
f 1773//1773 1810//1810 1811//1811
f 1773//1773 1811//1811 1803//1803
f 1803//1803 1811//1811 1812//1812
f 1803//1803 1812//1812 1802//1802
f 1802//1802 1812//1812 1813//1813
f 1802//1802 1813//1813 1801//1801
f 1801//1801 1813//1813 1785//1785
f 1801//1801 1785//1785 1800//1800
f 1800//1800 1785//1785 1784//1784
f 1800//1800 1784//1784 1799//1799
f 1799//1799 1784//1784 1778//1778
f 1799//1799 1778//1778 1798//1798
f 1798//1798 1778//1778 1783//1783
f 1798//1798 1783//1783 1797//1797
f 1797//1797 1783//1783 1782//1782
f 1797//1797 1782//1782 1796//1796
f 1796//1796 1782//1782 1781//1781
f 1796//1796 1781//1781 1795//1795
f 1795//1795 1781//1781 1774//1774
f 1795//1795 1774//1774 1794//1794
f 1794//1794 1774//1774 1776//1776
f 1794//1794 1776//1776 1793//1793
f 1793//1793 1776//1776 1697//1697
f 1793//1793 1697//1697 1804//1804
f 1804//1804 1697//1697 1696//1696
f 1814//1814 1815//1815 1816//1816
f 1788//1788 1787//1787 1817//1817
f 1555//1555 1554//1554 1818//1818
f 1530//1530 1529//1529 1819//1819
f 1820//1820 1821//1821 1822//1822
f 1823//1823 1824//1824 1825//1825
f 1826//1826 1827//1827 1828//1828
f 1828//1828 1827//1827 1829//1829
f 1830//1830 1831//1831 1826//1826
f 1826//1826 1831//1831 1832//1832
f 1826//1826 1832//1832 1827//1827
f 1833//1833 1834//1834 1830//1830
f 1830//1830 1834//1834 1835//1835
f 1830//1830 1835//1835 1831//1831
f 1824//1824 1836//1836 1825//1825
f 1825//1825 1836//1836 1837//1837
f 1825//1825 1837//1837 1833//1833
f 1833//1833 1837//1837 1838//1838
f 1833//1833 1838//1838 1834//1834
f 1839//1839 1840//1840 1841//1841
f 1841//1841 1840//1840 1820//1820
f 1842//1842 1843//1843 1844//1844
f 1844//1844 1843//1843 1839//1839
f 1845//1845 1846//1846 1847//1847
f 1847//1847 1846//1846 1842//1842
f 1848//1848 1849//1849 1850//1850
f 1850//1850 1849//1849 1851//1851
f 1850//1850 1851//1851 1852//1852
f 1853//1853 1854//1854 1855//1855
f 1856//1856 1857//1857 1858//1858
f 1858//1858 1857//1857 1859//1859
f 1858//1858 1859//1859 1860//1860
f 1860//1860 1859//1859 1861//1861
f 1433//1433 1856//1856 1434//1434
f 1434//1434 1856//1856 1858//1858
f 1434//1434 1858//1858 1524//1524
f 1524//1524 1858//1858 1525//1525
f 1506//1506 1505//1505 1862//1862
f 1862//1862 1505//1505 1530//1530
f 1862//1862 1530//1530 1863//1863
f 1530//1530 1819//1819 1863//1863
f 1863//1863 1819//1819 1864//1864
f 1863//1863 1864//1864 1865//1865
f 1865//1865 1864//1864 1866//1866
f 1866//1866 1864//1864 1867//1867
f 1866//1866 1867//1867 1868//1868
f 1868//1868 1867//1867 1869//1869
f 1868//1868 1869//1869 1870//1870
f 1870//1870 1869//1869 1871//1871
f 1870//1870 1871//1871 1872//1872
f 1872//1872 1871//1871 1873//1873
f 1872//1872 1873//1873 1874//1874
f 1875//1875 1876//1876 1873//1873
f 1873//1873 1876//1876 1877//1877
f 1873//1873 1877//1877 1874//1874
f 1878//1878 1879//1879 1817//1817
f 1817//1817 1879//1879 1880//1880
f 1817//1817 1880//1880 1881//1881
f 1881//1881 1880//1880 1882//1882
f 1881//1881 1882//1882 1883//1883
f 1883//1883 1884//1884 1881//1881
f 1881//1881 1884//1884 1885//1885
f 1881//1881 1885//1885 1875//1875
f 1875//1875 1885//1885 1886//1886
f 1875//1875 1886//1886 1876//1876
f 1787//1787 1887//1887 1817//1817
f 1817//1817 1887//1887 1888//1888
f 1817//1817 1888//1888 1878//1878
f 1829//1829 1889//1889 1828//1828
f 1828//1828 1889//1889 1890//1890
f 1828//1828 1890//1890 1826//1826
f 1826//1826 1890//1890 1891//1891
f 1826//1826 1891//1891 1830//1830
f 1830//1830 1891//1891 1892//1892
f 1830//1830 1892//1892 1833//1833
f 1833//1833 1892//1892 1893//1893
f 1833//1833 1893//1893 1825//1825
f 1894//1894 1895//1895 1896//1896
f 1896//1896 1895//1895 1850//1850
f 1896//1896 1850//1850 1847//1847
f 1847//1847 1850//1850 1852//1852
f 1847//1847 1852//1852 1845//1845
f 1855//1855 1897//1897 1853//1853
f 1853//1853 1897//1897 1898//1898
f 1853//1853 1898//1898 1899//1899
f 1839//1839 1841//1841 1844//1844
f 1844//1844 1841//1841 1900//1900
f 1844//1844 1900//1900 1901//1901
f 1901//1901 1900//1900 1902//1902
f 1901//1901 1902//1902 1903//1903
f 1842//1842 1844//1844 1847//1847
f 1847//1847 1844//1844 1901//1901
f 1847//1847 1901//1901 1896//1896
f 1896//1896 1901//1901 1903//1903
f 1896//1896 1903//1903 1894//1894
f 1523//1523 1527//1527 1904//1904
f 1904//1904 1527//1527 1526//1526
f 1526//1526 1525//1525 1904//1904
f 1904//1904 1525//1525 1858//1858
f 1904//1904 1858//1858 1899//1899
f 1899//1899 1858//1858 1860//1860
f 1899//1899 1860//1860 1853//1853
f 1853//1853 1860//1860 1861//1861
f 1853//1853 1861//1861 1854//1854
f 1905//1905 1906//1906 1907//1907
f 1907//1907 1906//1906 1908//1908
f 1907//1907 1908//1908 1909//1909
f 1910//1910 1908//1908 1911//1911
f 1911//1911 1908//1908 1906//1906
f 1911//1911 1906//1906 1912//1912
f 1912//1912 1906//1906 1905//1905
f 1912//1912 1905//1905 1822//1822
f 1913//1913 1914//1914 1915//1915
f 1820//1820 1822//1822 1841//1841
f 1841//1841 1822//1822 1905//1905
f 1841//1841 1905//1905 1900//1900
f 1900//1900 1905//1905 1907//1907
f 1900//1900 1907//1907 1902//1902
f 1902//1902 1907//1907 1909//1909
f 1902//1902 1909//1909 1903//1903
f 1903//1903 1909//1909 1914//1914
f 1903//1903 1914//1914 1894//1894
f 1894//1894 1914//1914 1913//1913
f 1894//1894 1913//1913 1895//1895
f 1898//1898 1916//1916 1899//1899
f 1899//1899 1916//1916 1917//1917
f 1899//1899 1917//1917 1904//1904
f 1904//1904 1917//1917 1918//1918
f 1904//1904 1918//1918 1523//1523
f 1555//1555 1818//1818 1528//1528
f 1529//1529 1528//1528 1819//1819
f 1819//1819 1528//1528 1818//1818
f 1819//1819 1818//1818 1864//1864
f 1864//1864 1818//1818 1919//1919
f 1864//1864 1919//1919 1867//1867
f 1867//1867 1919//1919 1915//1915
f 1867//1867 1915//1915 1869//1869
f 1869//1869 1915//1915 1914//1914
f 1869//1869 1914//1914 1871//1871
f 1871//1871 1914//1914 1909//1909
f 1871//1871 1909//1909 1873//1873
f 1873//1873 1909//1909 1908//1908
f 1873//1873 1908//1908 1875//1875
f 1875//1875 1908//1908 1910//1910
f 1875//1875 1910//1910 1881//1881
f 1881//1881 1910//1910 1816//1816
f 1881//1881 1816//1816 1817//1817
f 1817//1817 1816//1816 1815//1815
f 1693//1693 1692//1692 1920//1920
f 1920//1920 1692//1692 1921//1921
f 1922//1922 1693//1693 1889//1889
f 1889//1889 1693//1693 1920//1920
f 1889//1889 1920//1920 1890//1890
f 1890//1890 1920//1920 1923//1923
f 1890//1890 1923//1923 1891//1891
f 1891//1891 1923//1923 1924//1924
f 1891//1891 1924//1924 1892//1892
f 1892//1892 1924//1924 1925//1925
f 1892//1892 1925//1925 1893//1893
f 1807//1807 1806//1806 1814//1814
f 1814//1814 1806//1806 1926//1926
f 1814//1814 1926//1926 1815//1815
f 1815//1815 1926//1926 1927//1927
f 1927//1927 1696//1696 1815//1815
f 1815//1815 1696//1696 1695//1695
f 1815//1815 1695//1695 1817//1817
f 1817//1817 1695//1695 1928//1928
f 1817//1817 1928//1928 1788//1788
f 1553//1553 1428//1428 1918//1918
f 1918//1918 1428//1428 1427//1427
f 1918//1918 1427//1427 1523//1523
f 1554//1554 1553//1553 1818//1818
f 1818//1818 1553//1553 1918//1918
f 1818//1818 1918//1918 1919//1919
f 1919//1919 1918//1918 1917//1917
f 1919//1919 1917//1917 1915//1915
f 1915//1915 1917//1917 1916//1916
f 1915//1915 1916//1916 1913//1913
f 1913//1913 1916//1916 1898//1898
f 1913//1913 1898//1898 1895//1895
f 1895//1895 1898//1898 1897//1897
f 1895//1895 1897//1897 1850//1850
f 1850//1850 1897//1897 1855//1855
f 1850//1850 1855//1855 1848//1848
f 1921//1921 1807//1807 1920//1920
f 1920//1920 1807//1807 1814//1814
f 1920//1920 1814//1814 1923//1923
f 1923//1923 1814//1814 1816//1816
f 1923//1923 1816//1816 1924//1924
f 1924//1924 1816//1816 1910//1910
f 1924//1924 1910//1910 1925//1925
f 1925//1925 1910//1910 1911//1911
f 1925//1925 1911//1911 1893//1893
f 1893//1893 1911//1911 1912//1912
f 1893//1893 1912//1912 1825//1825
f 1825//1825 1912//1912 1822//1822
f 1825//1825 1822//1822 1823//1823
f 1823//1823 1822//1822 1821//1821
