# Converted from the official Rethink Robotics Baxter DAE
v -0.06799995 0.01456511 0.1660833
v -0.06900215 0.01634889 0.1646131
v -0.06799995 0.01844018 0.162658
v -0.069 0.01004821 0.1685917
v -0.069 0.01257187 0.1673089
v -0.06799995 -0.01006925 0.1686397
v -0.069 -0.01004821 0.1685917
v -0.069 -0.00513345 0.1701672
v -0.06799995 -0.01456511 0.1660833
v -0.06900221 -0.0165922 0.1644
v -0.06900173 -0.01525515 0.165473
v -0.06823658 -0.02151876 0.07289606
v -0.069 -0.02252024 0.07484441
v -0.06823658 -0.02368938 0.0775876
v -0.069 -0.01257187 0.06409102
v -0.06823658 -0.01455783 0.06532675
v -0.06823658 -0.01006424 0.06277155
v -0.07285141 -0.004729866 0.09359961
v -0.07110702 -0.00497657 0.09370064
v -0.07114434 -0.002670228 0.09330242
v -0.07287287 -0.003505766 0.0933721
v -0.07289558 -0.001183271 0.09312897
v -0.071159 -0.000316899 0.09314566
v -0.0728957 0 0.09312766
v -0.07115787 -5.42348e-07 0.0931577
v -0.07289582 0.001134753 0.09312647
v -0.0711506 0.002026855 0.09323489
v -0.07287019 0.003684639 0.09340101
v -0.07113534 0.003388822 0.09340012
v -0.07284176 0.005022883 0.09369415
v -0.07110327 0.005013883 0.09373509
v -0.07282209 0.005950987 0.09389746
v -0.07109004 0.005684137 0.09387326
v -0.07274371 0.008131444 0.09461563
v -0.0710147 0.007894814 0.09457421
v -0.0726484 0.009796142 0.0953592
v -0.07091081 0.009779393 0.09539383
v -0.07262414 0.01021981 0.09554845
v -0.07089781 0.01001429 0.09549599
v -0.0725792 0.01080781 0.09585893
v -0.07086175 0.01050716 0.09574896
v -0.07237875 0.01272743 0.09703856
v -0.07066684 0.01245832 0.09691154
v -0.07214283 0.01406794 0.09805989
v -0.07039397 0.01404494 0.0980888
v -0.07206982 0.01448297 0.09837609
v -0.07036048 0.0142396 0.09823328
v -0.07165032 0.01617527 0.09996038
v -0.06993556 0.01596981 0.09981548
v -0.07153016 0.01662623 0.1004422
v -0.0698269 0.01638102 0.1002441
v -0.07124936 0.01761686 0.1016514
v -0.06948786 0.01758611 0.1016762
v -0.07111322 0.0180971 0.1022375
v -0.06940209 0.01789081 0.1020383
v -0.07072204 0.01936691 0.1041586
v -0.07110577 -0.005018353 0.0937125
v -0.07284331 -0.005025506 0.09367913
v -0.07104104 -0.00724107 0.09434056
v -0.07279026 -0.006967008 0.0942015
v -0.07090842 -0.009775102 0.09540295
v -0.07275629 -0.007845282 0.09450709
v -0.07265084 -0.009800732 0.09534925
v -0.07087862 -0.0102837 0.09563237
v -0.07264262 -0.009953141 0.09541487
v -0.07247292 -0.01194041 0.09652251
v -0.07069158 -0.01225978 0.09678059
v -0.0722143 -0.01378148 0.09780824
v -0.07040172 -0.01405084 0.09808081
v -0.07032895 -0.01437574 0.09834623
v -0.07210916 -0.01430821 0.09823012
v -0.06990814 -0.01607459 0.09992259
v -0.07171326 -0.01593381 0.09971356
v -0.07130157 -0.01744943 0.1014003
v -0.06948685 -0.01760035 0.1016642
v -0.06907135 -0.01897609 0.1036069
v -0.0708425 -0.01898586 0.1035363
v -0.06868022 -0.02017635 0.1057609
v -0.07047528 -0.02012228 0.1055472
v -0.06836569 -0.02108603 0.1078975
v -0.07041811 -0.02028924 0.1059285
v -0.07015931 -0.02104526 0.1076557
v -0.07215428 0.0140776 0.1333525
v -0.07048529 0.01363599 0.133646
v -0.07242637 0.01235014 0.1346148
v -0.07074683 0.01177263 0.1349279
v -0.07261133 0.0103957 0.1357609
v -0.07091295 0.009783327 0.1360155
v -0.07264715 0.009793877 0.136036
v -0.07091516 0.009756684 0.1360301
v -0.07273536 0.008312761 0.1367133
v -0.07102626 0.007618725 0.1369272
v -0.07277625 0.007349371 0.1370704
v -0.0710569 0.006795465 0.1372057
v -0.07284319 0.005110085 0.1377153
v -0.07110357 0.005013823 0.1376698
v -0.07284462 0.005028367 0.13773
v -0.0711162 0.004530966 0.1377956
v -0.07288181 0.002829134 0.1381239
v -0.07113587 0.003352284 0.1380054
v -0.07289826 0.000345145 0.1382994
v -0.07115709 0.001005232 0.138234
v -0.07289713 5.46763e-07 0.138287
v -0.07115638 2.19123e-07 0.1382266
v -0.07289034 -0.001975715 0.1382153
v -0.07287484 -0.003368735 0.138049
v -0.07115548 -0.001335859 0.1382168
v -0.07112938 -0.003787755 0.1379354
v -0.07284241 -0.005024373 0.1377108
v -0.07283031 -0.005643784 0.1375842
v -0.07110261 -0.005012333 0.13766
v -0.07107949 -0.006071329 0.1374219
v -0.07275664 -0.007836759 0.136896
v -0.07099801 -0.008265256 0.1366831
v -0.07265096 -0.00980097 0.1360512
v -0.07090789 -0.009774148 0.1359951
v -0.07264339 -0.009941458 0.1359907
v -0.07087272 -0.01036286 0.1357267
v -0.07260298 -0.01050645 0.1357029
v -0.07083123 -0.01088351 0.1354473
v -0.07241475 -0.01244586 0.1345515
v -0.07061934 -0.01281011 0.1342489
v -0.07215166 -0.01407521 0.1333494
v -0.07212883 -0.01421648 0.1332452
v -0.07038497 -0.01403677 0.133301
v -0.07028192 -0.01457619 0.1328841
v -0.07172006 -0.01590746 0.1317129
v -0.06985491 -0.01627618 0.1312674
v -0.0715897 -0.0164045 0.1311982
v -0.06975257 -0.01665604 0.1308562
v -0.07124871 -0.01762336 0.1297535
v -0.06948864 -0.01757895 0.1297185
v -0.07117062 -0.01790243 0.1294227
v -0.06933057 -0.01813167 0.1290372
v -0.07077485 -0.01920086 0.1275182
v -0.07039225 0.01409822 0.1332821
v -0.07214331 0.0141471 0.1333017
v -0.07205283 0.01455569 0.1329622
v -0.06999069 0.01575696 0.1317977
v -0.07164239 0.01620554 0.131408
v -0.06957221 0.01730364 0.1301051
v -0.07124799 0.01763278 0.1297613
v -0.06948852 0.01758545 0.1297248
v -0.07122594 0.01771253 0.1296693
v -0.06915909 0.01869499 0.1282272
v -0.07082188 0.01905167 0.1277595
v -0.0687437 0.01998698 0.1260182
v -0.07042312 0.02027785 0.1255353
v -0.06993955 0.02200001 0.1206585
v -0.06988453 0.02246189 0.1184332
v -0.06979769 0.02238291 0.1184276
v -0.06964451 -0.0120207 0.07367914
v -0.06721258 -0.01228088 0.07341903
v -0.06964451 -0.008499979 0.07097756
v -0.06721258 -0.008683919 0.07065898
v -0.06964451 -0.004399836 0.06927925
v -0.06964451 0.01642072 0.08130007
v -0.06721258 0.01504099 0.07701605
v -0.06721258 0.01677602 0.08120483
v -0.06964451 -0.01472234 0.07719999
v -0.07045376 -0.01527756 0.07819551
v -0.06964451 -0.01642072 0.08130007
v -0.070306 -0.01327782 0.07505637
v -0.07019102 -0.0104013 0.07223528
v -0.07009506 -0.005347371 0.06955045
v -0.07007181 -0.001702666 0.06877422
v -0.06964451 0 0.06869995
v -0.06964451 0.01472234 0.07719999
v -0.07039177 0.01459348 0.07694238
v -0.07031589 0.01345717 0.07528358
v -0.07056963 0.01615208 0.08032101
v -0.07046645 0.01539605 0.07844114
v -0.07040441 0.01472914 0.07719564
v -0.06964451 0.0169999 0.08569997
v -0.07094264 0.01703399 0.08569997
v -0.0708059 0.01693934 0.0839411
v -0.07068943 0.01667654 0.08226156
v -0.07063013 0.0164169 0.08130115
v -0.06964451 0.01472234 0.1542
v -0.06721258 0.01504099 0.1543838
v -0.06964451 0.0120207 0.1577208
v -0.06721258 0.01228088 0.1579809
v -0.06964451 0.008499979 0.1604224
v -0.07065343 0.01655066 0.1496968
v -0.06964451 0.0169999 0.1457
v -0.06964451 0.01642072 0.1500999
v -0.07045376 0.01527756 0.1532045
v -0.07055473 0.01606321 0.1513378
v -0.070306 0.01327782 0.1563436
v -0.07024806 0.01202535 0.1577261
v -0.07015436 0.00899595 0.1601403
v -0.07019102 0.0104013 0.1591647
v -0.06964451 0.004399836 0.1621206
v -0.07009506 0.005347371 0.1618494
v -0.06964451 -0.004399836 0.1621206
v -0.07007271 -0.002004623 0.1625927
v -0.06964451 0 0.1626999
v -0.06964451 -0.008499979 0.1604224
v -0.07010161 -0.005921602 0.161648
v -0.06964451 -0.0120207 0.1577208
v -0.0702055 -0.01086944 0.1587902
v -0.07016026 -0.009248733 0.1599799
v -0.06964451 -0.01472234 0.1542
v -0.07039177 -0.01459348 0.1544576
v -0.07031589 -0.01345717 0.1561163
v -0.06964451 -0.01642072 0.1500999
v -0.07063013 -0.0164169 0.1500988
v -0.07056963 -0.01615208 0.1510789
v -0.07046645 -0.01539605 0.1529588
v -0.07040441 -0.01472914 0.1542043
v -0.06964451 -0.0169999 0.1457
v -0.0708059 -0.01693934 0.1474589
v -0.07068943 -0.01667654 0.1491384
v -0.06967496 -0.01690936 0.1370021
v -0.07141631 -0.01695919 0.1369883
v -0.07138246 -0.01704543 0.137546
v -0.06964451 -0.0169999 0.137546
v -0.0726552 -0.01262062 0.1347706
v -0.07259345 -0.01300734 0.1344861
v -0.07242727 -0.01380044 0.1356353
v -0.0724073 -0.01395303 0.135533
v -0.0703606 -0.02143573 0.1309328
v -0.069 -0.02499997 0.1335484
v -0.069 -0.02499997 0.135174
v -0.07256358 -0.01273471 0.09504771
v -0.07254672 -0.01288908 0.09515368
v -0.07271385 -0.01210623 0.09629845
v -0.0724073 0.01395303 0.09586697
v -0.07242733 0.01380044 0.09576469
v -0.07260012 0.01301544 0.09690457
v -0.06986021 0.02282607 0.1145672
v -0.06985414 0.02284216 0.1157
v -0.069 0.02499997 0.1157
v -0.0708087 0.01642739 0.08021515
v -0.07088863 0.01678532 0.08153325
v -0.0702064 0.0185092 0.0779851
v -0.0708087 -0.01642739 0.1511847
v -0.07088863 -0.01678532 0.1498667
v -0.0702064 -0.0185092 0.1534149
v -0.06960701 0.02344506 0.1449683
v -0.06954532 0.02361619 0.145021
v -0.069 0.02499997 0.1424726
v -0.07151108 0.01775401 0.1377527
v -0.06930679 0.02423381 0.1454716
v -0.06927394 0.02431643 0.1455585
v -0.06910544 0.02472996 0.1461881
v -0.06903272 0.02488905 0.1468257
v -0.06908601 0.02477592 0.146296
v -0.0703144 0.02124011 0.1450912
v -0.0701065 0.02197909 0.1448038
v -0.06984061 0.02279746 0.1447687
v -0.07121425 0.01733118 0.1452624
v -0.07038211 0.0197066 0.1493741
v -0.07041436 0.01984822 0.1487023
v -0.07050549 0.02003419 0.1470386
v -0.07051646 0.02021718 0.146265
v -0.07139438 0.01733911 0.1427853
v -0.0704562 0.02061307 0.1456291
v -0.07147115 0.01734536 0.1409876
v -0.07045269 0.02063602 0.1455922
v -0.07151085 0.01734864 0.1400592
v -0.07118099 0.01732975 0.14572
v -0.07102555 0.01720118 0.1477721
v -0.07031023 0.01939076 0.1508718
v -0.07089233 0.01683408 0.1497806
v -0.07028055 0.01915562 0.1515854
v -0.07054573 0.01350063 0.1565327
v -0.07008463 0.01657634 0.1569915
v -0.07060801 0.01452487 0.1551192
v -0.07008618 0.01660537 0.1569436
v -0.07067489 0.01531976 0.1537241
v -0.07012248 0.01728713 0.1558169
v -0.07069307 0.01553618 0.153344
v -0.07014578 0.01772379 0.1550951
v -0.0707938 0.01633673 0.1514477
v -0.07020699 0.0185005 0.1534078
v -0.07088625 0.01680338 0.1498835
v -0.07022213 0.01869249 0.1529908
v -0.07043111 0.01057446 0.1593981
v -0.06998783 0.01360571 0.1604295
v -0.07048302 0.01211678 0.1580576
v -0.0700013 0.01408833 0.1599299
v -0.07052963 0.01314586 0.1569237
v -0.0700128 0.01449877 0.1595051
v -0.07003283 0.01521557 0.1587634
v -0.07036012 0.007334887 0.1613702
v -0.06992191 0.01002675 0.1630608
v -0.07039451 0.009145319 0.1603891
v -0.06993663 0.01094502 0.1624608
v -0.07042694 0.01041185 0.1595108
v -0.06993871 0.01107639 0.162375
v -0.06995183 0.01189631 0.1618392
v -0.06987237 0.003892958 0.1653543
v -0.06988161 0.005878448 0.1648648
v -0.07033538 0.005435883 0.1621248
v -0.06988888 0.006808698 0.1645227
v -0.07035845 0.00720483 0.161422
v -0.06989532 0.007637858 0.1642176
v -0.06989783 0.007957637 0.1640999
v -0.07032138 0.003764092 0.1625859
v -0.06987154 0.00371021 0.1653993
v -0.07032102 0.003680706 0.1625993
v -0.0703122 0.001730859 0.1629131
v -0.07031309 -0.002037823 0.1628795
v -0.06986635 -0.000804473 0.1657292
v -0.07031005 -0.000311082 0.162997
v -0.06986653 -3.93904e-07 0.1657171
v -0.07031041 -5.34949e-07 0.1629843
v -0.06986683 0.001410186 0.1656957
v -0.06986868 0.002309978 0.1655797
v -0.07032144 -0.003678441 0.1625854
v -0.06986957 -0.003026843 0.1655157
v -0.06986856 -0.002311348 0.1655845
v -0.07035881 -0.007201731 0.1614137
v -0.06989276 -0.007398664 0.1643314
v -0.07034194 -0.006019592 0.1619202
v -0.06988871 -0.00681138 0.1645277
v -0.0703234 -0.004064977 0.1625161
v -0.06987828 -0.005297601 0.1650334
v -0.06987291 -0.003889024 0.1653326
v -0.07000136 -0.01408731 0.1599278
v -0.06997758 -0.01316386 0.1608248
v -0.07044553 -0.01105052 0.1590178
v -0.0699433 -0.01141381 0.1621834
v -0.07042777 -0.01040154 0.1594936
v -0.06993842 -0.0110827 0.1623849
v -0.07040041 -0.009402334 0.1602262
v -0.06993645 -0.01094943 0.1624661
v -0.07036459 -0.007609248 0.1612391
v -0.06991398 -0.009425342 0.163394
v -0.06989526 -0.007638037 0.1642208
v -0.07049125 -0.01232504 0.1578504
v -0.07052993 -0.01314181 0.1569191
v -0.07001227 -0.01451092 0.1595162
v -0.07001882 -0.01476562 0.1592689
v -0.07055562 -0.01368314 0.1563019
v -0.07007044 -0.01624542 0.1574615
v -0.07008719 -0.0165888 0.1569288
v -0.07063126 -0.01483958 0.154617
v -0.07067495 -0.01531916 0.1537238
v -0.07070571 -0.015657 0.1530945
v -0.07019901 -0.01844203 0.1535999
v -0.07012885 -0.01744627 0.1555992
v -0.07012182 -0.01730084 0.1558248
v -0.0710445 -0.01723164 0.147507
v -0.07038033 -0.01972401 0.1493853
v -0.07092821 -0.01696264 0.1492133
v -0.07028669 -0.01923805 0.1514095
v -0.07027941 -0.01917225 0.1515905
v -0.07120913 -0.01733112 0.1452884
v -0.07051771 -0.02007102 0.146753
v -0.07050549 -0.02003419 0.1470386
v -0.07118099 -0.01732975 0.14572
v -0.07038635 -0.01975542 0.1492545
v -0.07151007 -0.01778882 0.1346076
v -0.06961417 -0.02342891 0.1449509
v -0.07151108 -0.01775401 0.1377527
v -0.07149803 -0.01734548 0.1408568
v -0.07040184 -0.02087748 0.1453518
v -0.07044875 -0.02062863 0.1456555
v -0.07050156 -0.02034831 0.1459975
v -0.06994253 -0.02249532 0.1447498
v -0.07017838 -0.02173703 0.1448683
v -0.07021021 -0.02162593 0.1449069
v -0.07038217 -0.02096349 0.1452807
v -0.069 -0.02499997 0.1455481
v -0.06904453 -0.02487099 0.1465862
v -0.06917542 -0.02456074 0.1458777
v -0.069 -0.02499997 0.1424726
v -0.06938147 -0.02404379 0.1453
v -0.069 -0.02499997 0.08892738
v -0.06927394 -0.02431643 0.08584147
v -0.06910544 -0.02472996 0.08521175
v -0.07035082 -0.02108108 0.08617687
v -0.0703144 -0.02124011 0.08630871
v -0.07151108 -0.01775401 0.09364724
v -0.07151085 -0.01734864 0.09134072
v -0.07147115 -0.01734536 0.09041225
v -0.07045269 -0.02063602 0.08580774
v -0.0701065 -0.02197909 0.08659619
v -0.07007795 -0.02206683 0.08659994
v -0.06984061 -0.02279746 0.08663117
v -0.0697149 -0.02314603 0.08652383
v -0.06960701 -0.02344506 0.08643162
v -0.06954532 -0.02361619 0.08637893
v -0.06935387 -0.0241118 0.08601737
v -0.07121425 -0.01733118 0.08613753
v -0.07038211 -0.0197066 0.08202588
v -0.07041436 -0.01984822 0.08269762
v -0.07050549 -0.02003419 0.08436137
v -0.07051646 -0.02021718 0.08513492
v -0.07139438 -0.01733911 0.08861464
v -0.07049345 -0.02036845 0.08537793
v -0.0704562 -0.02061307 0.08577084
v -0.07118099 -0.01732975 0.08568
v -0.07102555 -0.01720118 0.08362782
v -0.07031023 -0.01939076 0.08052808
v -0.07089233 -0.01683408 0.08161932
v -0.07028055 -0.01915562 0.07981461
v -0.07054573 -0.01350063 0.07486724
v -0.07008463 -0.01657634 0.07440847
v -0.07060801 -0.01452487 0.07628065
v -0.07008618 -0.01660537 0.07445639
v -0.07067489 -0.01531976 0.07767587
v -0.07012248 -0.01728713 0.07558304
v -0.07069307 -0.01553618 0.07805597
v -0.07014578 -0.01772379 0.07630485
v -0.0707938 -0.01633673 0.07995229
v -0.07020699 -0.0185005 0.07799214
v -0.07088625 -0.01680338 0.08151644
v -0.07022213 -0.01869249 0.07840913
v -0.07043111 -0.01057446 0.07200187
v -0.06998783 -0.01360571 0.07097047
v -0.07048302 -0.01211678 0.07334232
v -0.0700013 -0.01408833 0.07146996
v -0.07052963 -0.01314586 0.0744763
v -0.0700128 -0.01449877 0.07189482
v -0.07003283 -0.01521557 0.0726366
v -0.07036012 -0.007334887 0.07002973
v -0.06992191 -0.01002675 0.0683391
v -0.07039451 -0.009145319 0.07101088
v -0.06993663 -0.01094502 0.06893914
v -0.07042694 -0.01041185 0.07188916
v -0.06993871 -0.01107639 0.06902498
v -0.06995183 -0.01189631 0.06956076
v -0.06987237 -0.003892958 0.0660457
v -0.06988161 -0.005878448 0.06653505
v -0.07033538 -0.005435883 0.0692752
v -0.06988888 -0.006808698 0.0668773
v -0.07035845 -0.00720483 0.06997799
v -0.06989532 -0.007637858 0.06718236
v -0.06989783 -0.007957637 0.06729996
v -0.07032138 -0.003764092 0.06881409
v -0.06987154 -0.00371021 0.06600069
v -0.07032102 -0.003680706 0.06880068
v -0.0703122 -0.001730859 0.06848686
v -0.07031309 0.002037823 0.06852042
v -0.06986635 0.000804473 0.06567072
v -0.07031005 0.000311082 0.06840294
v -0.06986653 3.93904e-07 0.06568288
v -0.07031041 5.34949e-07 0.0684157
v -0.06986683 -0.001410186 0.06570422
v -0.06986868 -0.002309978 0.06582021
v -0.07032144 0.003678441 0.06881457
v -0.06986957 0.003026843 0.06588429
v -0.06986856 0.002311348 0.0658155
v -0.07035881 0.007201731 0.06998622
v -0.06989276 0.007398664 0.06706851
v -0.07034194 0.006019592 0.0694797
v -0.06988871 0.00681138 0.06687229
v -0.0703234 0.004064977 0.06888389
v -0.06987828 0.005297601 0.06636661
v -0.06987291 0.003889024 0.06606739
v -0.07000136 0.01408731 0.07147216
v -0.06997758 0.01316386 0.07057505
v -0.07044553 0.01105052 0.07238221
v -0.0699433 0.01141381 0.06921654
v -0.07042777 0.01040154 0.07190638
v -0.06993842 0.0110827 0.06901496
v -0.07040041 0.009402334 0.07117378
v -0.06993645 0.01094943 0.06893384
v -0.07036459 0.007609248 0.07016086
v -0.06991398 0.009425342 0.06800591
v -0.06989526 0.007638037 0.0671792
v -0.07049125 0.01232504 0.07354956
v -0.07052993 0.01314181 0.07448083
v -0.07001227 0.01451092 0.07188373
v -0.07001882 0.01476562 0.07213109
v -0.07055562 0.01368314 0.07509809
v -0.07007044 0.01624542 0.07393848
v -0.07008719 0.0165888 0.07447105
v -0.07063126 0.01483958 0.076783
v -0.07067495 0.01531916 0.07767617
v -0.07070571 0.015657 0.07830548
v -0.07019901 0.01844203 0.07780009
v -0.07012885 0.01744627 0.07580071
v -0.07012182 0.01730084 0.07557517
v -0.0710445 0.01723164 0.083893
v -0.07038033 0.01972401 0.08201467
v -0.07092821 0.01696264 0.08218663
v -0.07028669 0.01923805 0.0799905
v -0.07027941 0.01917225 0.07980942
v -0.07120913 0.01733112 0.08611154
v -0.0705018 0.02034485 0.08539307
v -0.07051771 0.02007102 0.08464699
v -0.07050549 0.02003419 0.08436137
v -0.07118099 0.01732975 0.08568
v -0.07038635 0.01975542 0.08214551
v -0.07050156 0.02034831 0.08540242
v -0.07044875 0.02062863 0.08574444
v -0.07149803 0.01734548 0.09054315
v -0.07040184 0.02087748 0.08604812
v -0.07151007 0.01778882 0.09679234
v -0.06961417 0.02342891 0.08644908
v -0.07151108 0.01775401 0.09364724
v -0.06971341 0.02315217 0.08653336
v -0.06994253 0.02249532 0.08665013
v -0.07007455 0.02207088 0.08658385
v -0.07017838 0.02173703 0.08653169
v -0.07021021 0.02162593 0.08649301
v -0.07035362 0.02107352 0.0861814
v -0.06910079 0.02473765 0.08511829
v -0.06917542 0.02456074 0.08552223
v -0.069 0.02499997 0.08760321
v -0.06935411 0.02411252 0.08602321
v -0.06938147 0.02404379 0.08609992
v -0.069 0.02499997 0.08892738
v -0.07134652 0.01836818 0.1020883
v -0.07126402 0.01863884 0.1024962
v -0.069 0.02499997 0.09785157
v -0.07095378 0.01965719 0.1040307
v -0.07056564 0.02084469 0.1063202
v -0.06987696 0.02278131 0.1138755
v -0.07027637 0.02168226 0.1084685
v -0.07005649 0.02229487 0.1106705
v -0.06991291 0.02268481 0.1129209
v -0.07151281 0.01777505 0.1013671
v -0.07207059 0.01566332 0.09908264
v -0.0718857 0.0164175 0.09978586
v -0.07176506 0.01687514 0.100273
v -0.07167053 0.01719862 0.0946958
v -0.07177621 0.01681405 0.09533745
v -0.07192695 0.01623523 0.09582453
v -0.07230687 0.01469939 0.09818392
v -0.07236731 0.01435232 0.09792023
v -0.07199859 0.01593846 0.0959376
v -0.07210266 0.01550769 0.09610164
v -0.07225686 0.01479125 0.09613019
v -0.07227289 0.01471018 0.0961194
v -0.0723952 0.01402896 0.09590607
v -0.07275491 0.01159185 0.09601581
v -0.0726189 0.01290732 0.09682244
v -0.07261031 0.0122807 0.09485131
v -0.07282072 0.01095503 0.09562534
v -0.0727095 0.01131689 0.09443438
v -0.07286584 0.01035791 0.09531062
v -0.07275712 0.01066464 0.0940988
v -0.07287919 0.01012283 0.09520578
v -0.07277882 0.01036739 0.09394598
v -0.07296669 0.008579611 0.09451746
v -0.07284945 0.00903815 0.09337979
v -0.07298594 0.00823903 0.09436559
v -0.0728951 0.008177936 0.0930134
v -0.07303094 0.006975293 0.09394985
v -0.07292258 0.00735712 0.09275746
v -0.07306462 0.006028532 0.09363842
v -0.07297128 0.005901098 0.09230345
v -0.0730797 0.005310118 0.09348124
v -0.07298821 0.00518918 0.09213185
v -0.07311284 0.003732264 0.09313595
v -0.07301133 0.003770828 0.09188759
v -0.07311439 0.003578305 0.09311938
v -0.07313215 0.001794934 0.09292757
v -0.07302671 0.002831161 0.09172576
v -0.07303547 0.001898407 0.09163254
v -0.07313853 0.001149535 0.09285813
v -0.07303571 0.001871824 0.09162986
v -0.07313841 0 0.09285938
v -0.0730409 -1.29285e-06 0.09157633
v -0.07304227 -0.000520146 0.09156155
v -0.07313829 -0.00119853 0.09286069
v -0.07303518 -0.001898348 0.09163606
v -0.07313251 -0.001795709 0.0929231
v -0.07303446 -0.002033889 0.09164339
v -0.07311558 -0.003551006 0.09310668
v -0.07301193 -0.003773391 0.091883
v -0.07311511 -0.003578484 0.09311181
v -0.07300359 -0.004415929 0.09197151
v -0.07309406 -0.0047912 0.09333693
v -0.07297503 -0.005599558 0.09225875
v -0.07308006 -0.005308747 0.09347599
v -0.07294768 -0.006732285 0.09253364
v -0.0730347 -0.006984055 0.09392619
v -0.07292288 -0.007356107 0.09275329
v -0.07303267 -0.007058382 0.09394621
v -0.07299858 -0.007948815 0.09425568
v -0.07285857 -0.008977711 0.09332424
v -0.07296508 -0.008576393 0.09452551
v -0.07285469 -0.009049713 0.09335505
v -0.07282114 -0.0096789 0.09362453
v -0.07288444 -0.01008725 0.0951752
v -0.07275426 -0.01065957 0.09410929
v -0.07288122 -0.01012557 0.0951966
v -0.07270932 -0.01131951 0.09443551
v -0.07275688 -0.01159656 0.09601485
v -0.07261317 -0.01227843 0.09485042
v -0.07259041 -0.01250565 0.0949487
v -0.07258915 -0.01300323 0.09692323
v -0.07242739 -0.0138002 0.09576499
v -0.07240772 -0.01395016 0.09586566
v -0.07245302 -0.01398217 0.09760522
v -0.07239538 -0.01402807 0.09590584
v -0.07237833 -0.0143603 0.09790718
v -0.07199865 -0.01593828 0.09593784
v -0.07234668 -0.01452052 0.09803509
v -0.0719276 -0.01623255 0.0958262
v -0.0720703 -0.01566815 0.09907811
v -0.07151007 -0.01778882 0.09679234
v -0.07194888 -0.01617223 0.09953635
v -0.07153558 -0.0177108 0.1012418
v -0.07112866 -0.01909518 0.1031305
v -0.0712642 -0.01863396 0.1025012
v -0.069 -0.02499997 0.09785157
v -0.07150965 -0.01779896 0.101362
v -0.069 -0.02499997 0.1152747
v -0.06985998 -0.02282667 0.1157
v -0.0698561 -0.0228371 0.1148177
v -0.069 -0.02499997 0.1131949
v -0.0699315 -0.02263492 0.1125393
v -0.069 -0.02499997 0.1129195
v -0.069 -0.02499997 0.1126137
v -0.069 -0.02499997 0.1134431
v -0.069 -0.02499997 0.1136667
v -0.069 -0.02499997 0.1138681
v -0.069 -0.02499997 0.1140496
v -0.069 -0.02499997 0.1099288
v -0.069 -0.02499997 0.1105005
v -0.0700891 -0.02220547 0.1102883
v -0.069 -0.02499997 0.1110156
v -0.069 -0.02499997 0.1114796
v -0.069 -0.02499997 0.1118977
v -0.069 -0.02499997 0.1122744
v -0.069 -0.02499997 0.1059772
v -0.069 -0.02499997 0.1069403
v -0.07038891 -0.02136087 0.1075665
v -0.069 -0.02499997 0.1078081
v -0.07013481 -0.02207893 0.1097923
v -0.069 -0.02499997 0.1085899
v -0.069 -0.02499997 0.1092942
v -0.069 -0.02499997 0.1049081
v -0.07070606 -0.02042388 0.1054345
v -0.07107472 -0.01927042 0.1034013
v -0.069 -0.02499997 0.1292659
v -0.07036042 -0.02144014 0.1235799
v -0.07031708 -0.02156662 0.1232699
v -0.069 -0.02499997 0.1227766
v -0.07008612 -0.02221357 0.121078
v -0.06993031 -0.02263808 0.1188381
v -0.069 -0.02499997 0.1157
v -0.06986629 -0.02280986 0.1171221
v -0.07061624 -0.02069407 0.1254082
v -0.07100683 -0.01948851 0.1276493
v -0.069 -0.02499997 0.1405168
v -0.07151198 -0.01778084 0.1300351
v -0.07140415 -0.01817053 0.1295748
v -0.07126474 -0.018633 0.1288992
v -0.07206988 -0.01566803 0.1323214
v -0.07195568 -0.01614552 0.1318904
v -0.07182484 -0.01665014 0.1313701
v -0.07167053 -0.01719862 0.1367042
v -0.07177621 -0.01681405 0.1360625
v -0.07192695 -0.01623523 0.1355754
v -0.07199859 -0.01593846 0.1354624
v -0.07210266 -0.01550769 0.1352983
v -0.07237732 -0.01435989 0.1334909
v -0.07236659 -0.0144267 0.1334417
v -0.07225686 -0.01479125 0.1352698
v -0.07227289 -0.01471018 0.1352806
v -0.0723952 -0.01402896 0.1354939
v -0.07275408 -0.01159125 0.1353805
v -0.07254731 -0.01288366 0.13625
v -0.07257097 -0.01266497 0.1364001
v -0.07272958 -0.01075071 0.1374817
v -0.07284462 -0.01064908 0.1359387
v -0.07261013 -0.01226818 0.1366726
v -0.07260459 -0.01232486 0.1366336
v -0.07277518 -0.01017093 0.1377907
v -0.07288521 -0.01007539 0.1362305
v -0.07288157 -0.01012659 0.1362045
v -0.07283115 -0.009127855 0.138236
v -0.072905 -0.007427871 0.1388702
v -0.073031 -0.006976187 0.1374496
v -0.0727753 -0.01017004 0.1377913
v -0.07281696 -0.009454667 0.138114
v -0.07296508 -0.008576333 0.1368743
v -0.07299894 -0.007940232 0.1371474
v -0.07291483 -0.007200658 0.1389549
v -0.07292085 -0.006995499 0.1390129
v -0.07307285 -0.005717277 0.1378443
v -0.07295733 -0.005750298 0.1393646
v -0.07308071 -0.005312204 0.1379269
v -0.07299399 -0.003806889 0.1397443
v -0.07311433 -0.003576636 0.1382811
v -0.07295912 -0.005657732 0.1393826
v -0.07299828 -0.003581166 0.1397884
v -0.07311755 -0.003412187 0.1383146
v -0.07300204 -0.003382742 0.1398271
v -0.07313305 -0.002001166 0.1384829
v -0.07301741 -0.001915872 0.1399905
v -0.07313376 -0.001798987 0.1384903
v -0.07301789 -0.001819372 0.1399953
v -0.07313984 1.23837e-06 0.1385554
v -0.0730229 -1.77016e-05 0.1400471
v -0.07302296 1.30676e-06 0.1400477
v -0.07314103 0.000349616 0.1385681
v -0.07302439 0.000522862 0.1400627
v -0.07313156 0.001796782 0.1384659
v -0.07301723 0.001915991 0.1399882
v -0.0730167 0.002022624 0.1399825
v -0.07312452 0.002865672 0.1383904
v -0.07299709 0.003539085 0.1397755
v -0.07311266 0.003573596 0.1382637
v -0.07299363 0.003808498 0.1397387
v -0.07298576 0.004414618 0.139656
v -0.07308578 0.005176365 0.137977
v -0.07295888 0.005657136 0.1393811
v -0.07308179 0.0053128 0.1379377
v -0.07295411 0.0058797 0.1393319
v -0.07303243 0.006980001 0.1374582
v -0.07291793 0.006969571 0.1389954
v -0.07290285 0.00742501 0.1388547
v -0.07301861 0.00744611 0.137324
v -0.07287788 0.00817734 0.1386224
v -0.07297754 0.008422911 0.1369624
v -0.0728324 0.009129703 0.138243
v -0.07296812 0.008582949 0.1368893
v -0.07281619 0.009468615 0.138108
v -0.07287752 0.01012003 0.1361877
v -0.07261002 0.01226979 0.1366714
v -0.0727542 0.01159167 0.13538
v -0.07285296 0.01053661 0.1359975
v -0.07277047 0.01013916 0.1377775
v -0.07272881 0.01075059 0.1374761
v -0.0726704 0.01160758 0.1370537
v -0.07242733 0.0138002 0.135635
v -0.07259178 0.01300537 0.1344833
v -0.07254832 0.01287472 0.136256
v -0.07266694 0.01252317 0.1348348
v -0.07257109 0.01266372 0.1364009
v -0.07260459 0.01232486 0.1366336
v -0.07239538 0.01402807 0.1354941
v -0.07238125 0.01435577 0.1334993
v -0.07227343 0.01470762 0.1352809
v -0.0719276 0.01623255 0.1355738
v -0.07177668 0.01681226 0.1360602
v -0.07151007 0.01778882 0.1346076
v -0.07225722 0.01478928 0.1352699
v -0.0721032 0.01550537 0.1352978
v -0.07237994 0.01436167 0.1334944
v -0.07199865 0.01593828 0.1354621
v -0.07228976 0.01477342 0.1331534
v -0.07207071 0.0156638 0.1323181
v -0.07187771 0.01644814 0.1315823
v -0.07151055 0.0177918 0.1300379
v -0.07126492 0.01863056 0.1288969
v -0.07145971 0.01797783 0.1298242
v -0.069 0.02499997 0.1335484
v -0.06985157 0.02284908 0.1161786
v -0.06991201 0.02268725 0.1184592
v -0.069 0.02499997 0.1264919
v -0.07005536 0.02229797 0.1207157
v -0.07010298 0.02216714 0.1212668
v -0.07034587 0.02148449 0.1235005
v -0.07065373 0.02058184 0.1256445
v -0.07105404 0.01933705 0.1278933
v -0.07163745 0.01730209 0.09421336
v -0.06964814 0.02333903 0.08650016
v -0.07151198 0.01734626 0.09075689
v -0.07152199 0.01734668 0.09091055
v -0.07161808 0.0173574 0.09384971
v -0.07165855 -0.01723998 0.09458196
v -0.0716384 -0.0172984 0.09421777
v -0.07161808 -0.0173574 0.09384977
v -0.07161808 -0.0173574 0.09384971
v -0.07163745 -0.01730209 0.1371866
v -0.06964814 -0.02333903 0.1448998
v -0.07151198 -0.01734626 0.1406431
v -0.07152199 -0.01734668 0.1404893
v -0.07161808 -0.0173574 0.1375502
v -0.07167088 0.01719743 0.136701
v -0.07165855 0.01723998 0.136818
v -0.07161808 0.0173574 0.1375502
v -0.069 0 0.06069993
v -0.069 0.00513345 0.06123262
v -0.069 0.005907237 0.0598185
v -0.069 0 0.1707
v -0.069 -0.005907237 0.1715813
v -0.069 0.009698688 0.060988
v -0.069 0.01004821 0.06280821
v -0.069 0.01327341 0.06270962
v -0.069 0.01257187 0.06409102
v -0.069 0.01655173 0.06494474
v -0.069 -0.009698688 0.1704118
v -0.069 -0.01327341 0.1686903
v -0.069 0.02625042 0.08174335
v -0.069 0.02536749 0.07787513
v -0.069 0.02399617 0.07868444
v -0.069 0.02654695 0.08569997
v -0.069 0.02654695 0.1457
v -0.069 0.02487301 0.1469205
v -0.069 0.02625042 0.1496566
v -0.069 0.02466773 0.1497688
v -0.069 0.02536749 0.1535248
v -0.069 -0.02536749 0.1535248
v -0.069 -0.02391797 0.1572183
v -0.069 -0.02168816 0.1581346
v -0.069 0.02429348 0.08019065
v -0.069 0.02486217 0.08307147
v -0.069 0.02490478 0.08447438
v -0.069 0.02429479 0.1512041
v -0.069 0.02353066 0.1541444
v -0.069 0.02391797 0.1572183
v -0.069 0.02168816 0.1581346
v -0.069 -0.01983994 0.1607801
v -0.069 -0.02193409 0.1606544
v -0.069 -0.01909095 0.1618522
v -0.069 -0.01946026 0.1637565
v -0.069 -0.01767867 0.1632453
v -0.069 -0.01655173 0.1664552
v -0.069 -0.01587033 0.1650294
v -0.069 0.01531243 0.06592679
v -0.069 0.01587033 0.0663706
v -0.069 0.01946026 0.06764346
v -0.069 0.01909095 0.06954777
v -0.069 0.02193409 0.07074552
v -0.069 0.02168816 0.07326531
v -0.069 0.02391797 0.07418167
v -0.069 0.02286827 0.07559812
v -0.069 0.02353066 0.0772556
v -0.069 -0.001983821 0.1721727
v -0.069 0.001983821 0.1721727
v -0.069 0.00513345 0.1701672
v -0.069 0.005907237 0.1715813
v -0.069 0.009698688 0.1704118
v -0.069 0.01327341 0.1686903
v -0.069 0.01621556 0.164741
v -0.069 0.01655173 0.1664552
v -0.069 0.01931709 0.1615802
v -0.069 0.01946026 0.1637565
v -0.069 0.02193409 0.1606544
v -0.069 -0.01257187 0.1673089
v -0.069 -0.01527255 0.1654998
v -0.069 -0.01531243 0.1654732
v -0.069 0.02499997 0.1451594
v -0.069 -0.02353066 0.1541444
v -0.069 -0.02430146 0.1512055
v -0.069 -0.02625042 0.1496566
v -0.069 -0.0246492 0.1498801
v -0.069 -0.02654695 0.1457
v -0.069 -0.02488881 0.1469209
v -0.069 0.001983821 0.05922716
v -0.069 -0.001983821 0.05922716
v -0.069 -0.00513345 0.06123262
v -0.069 -0.005907237 0.0598185
v -0.069 -0.01004821 0.06280821
v -0.069 -0.009698688 0.060988
v -0.069 -0.01327341 0.06270962
v -0.069 -0.01621556 0.06665891
v -0.069 -0.01655173 0.06494474
v -0.069 -0.01931709 0.0698198
v -0.069 -0.01946026 0.06764346
v -0.069 -0.02168816 0.07326531
v -0.069 -0.02193409 0.07074552
v -0.069 -0.02391797 0.07418167
v -0.069 -0.02353066 0.0772556
v -0.069 -0.02536749 0.07787513
v -0.069 -0.02499997 0.08624053
v -0.069 -0.02654695 0.08569997
v -0.069 -0.02487301 0.08447939
v -0.069 -0.02625042 0.08174335
v -0.069 -0.02466773 0.08163118
v -0.069 -0.02429479 0.0801959
v -0.069 -0.02499997 0.1156979
v -0.074 0.002419233 0.153886
v -0.074 0.000369159 0.1538859
v -0.074 0.000371525 0.1539385
v -0.074 0.002417027 0.1539386
v -0.074 0.001394867 0.1509425
v -0.074 0.000847857 0.1510744
v -0.074 0.000527638 0.1513414
v -0.074 0.000369284 0.1517981
v -0.074 0.00038039 0.1516719
v -0.074 -0.001398921 0.1509423
v -0.074 -0.001945436 0.1510739
v -0.074 -0.002265751 0.1513414
v -0.074 -0.002423644 0.151798
v -0.074 -0.002412617 0.1516724
v -0.074 -0.000763047 0.150228
v -0.074 -0.002039015 0.1489102
v -0.074 -0.002070724 0.1489428
v -0.074 -0.000585461 0.1491433
v -0.074 -0.000875061 0.1488141
v -0.074 -0.00048221 0.149567
v -0.074 -0.002212405 0.1499904
v -0.074 -0.00192219 0.1503206
v -0.074 -0.00231564 0.149567
v -0.074 0.000497874 0.1503264
v -0.074 0.001615524 0.1509623
v -0.074 0.00395143 0.1540142
v -0.074 -0.003890275 0.1541007
v -0.074 -0.001129031 0.1504443
v -0.074 -0.000374512 0.1517981
v -0.074 -0.003163993 0.1476911
v -0.074 -0.000458747 0.1514576
v -0.07397967 0.01458257 0.1385309
v -0.07391965 0.01484519 0.1382582
v -0.07393431 0.01467216 0.138161
v -0.07263225 0.01580297 0.1367449
v -0.07264149 0.01552307 0.1365536
v -0.07317692 0.01535928 0.1368674
v -0.07260447 0.01602822 0.1369907
v -0.07310044 0.01583045 0.1372173
v -0.07345056 0.01560121 0.1374474
v -0.07353305 0.01519775 0.1371755
v -0.07391965 0.0144968 0.138068
v -0.07381665 0.01458811 0.1376988
v -0.07374781 0.01431214 0.1377059
v -0.07255858 0.01455551 0.1364174
v -0.07269573 0.0142703 0.1366019
v -0.07300466 0.01453006 0.1366527
v -0.07297456 0.01428079 0.1367816
v -0.07334673 0.01451569 0.1369416
v -0.07359284 0.01447814 0.1372851
v -0.07366484 0.01465779 0.1373522
v -0.07345056 0.01474684 0.1369928
v -0.0731005 0.01480495 0.1366745
v -0.07263225 0.01520729 0.1364306
v -0.07315784 0.01508593 0.136748
v -0.07387107 -0.01499247 0.1454
v -0.07390528 -0.01483023 0.147071
v -0.07390528 -0.01492398 0.1454
v -0.07387125 -0.01499438 0.1383761
v -0.07345056 -0.01474684 0.1369928
v -0.07317692 -0.01535928 0.1368674
v -0.07353305 -0.01519775 0.1371755
v -0.07391965 -0.01484519 0.1382582
v -0.07396787 -0.01467221 0.1385824
v -0.07398313 -0.01449626 0.1384828
v -0.07359284 -0.015509 0.1378378
v -0.07366478 -0.01535373 0.1377252
v -0.07334673 -0.01577275 0.1376106
v -0.074 -0.01431596 0.1388089
v -0.07398271 -0.01431804 0.1384986
v -0.07397967 -0.01440966 0.1384356
v -0.07393431 -0.01467216 0.138161
v -0.07366484 -0.01465779 0.1373522
v -0.07348948 -0.01430171 0.1372324
v -0.07298558 0.01225084 0.1380001
v -0.07246005 0.01395887 0.1367259
v -0.07246005 0.01215153 0.1378195
v -0.07298558 0 0.1411437
v -0.07246005 0 0.1409376
v -0.07298558 -0.002127707 0.1410546
v -0.07298558 -0.004240632 0.1407878
v -0.07246005 -0.002110481 0.1408492
v -0.07246005 -0.00420624 0.1405846
v -0.06724345 -0.01418411 0.1363579
v -0.07205235 -0.01425546 0.1364617
v -0.07205235 -0.01392948 0.1366817
v -0.06651932 -0.0129953 0.1371034
v -0.06711125 -0.01190662 0.1377429
v -0.07205235 -0.01212602 0.1377732
v -0.07205235 -0.01196604 0.1378525
v -0.07205235 -0.009132862 0.1391471
v -0.07205235 -0.008277595 0.1394854
v -0.06899428 -0.007161319 0.1397615
v -0.07205235 0 0.1408846
v -0.06999266 5.35713e-07 0.1408231
v -0.06999397 -0.000558792 0.1408244
v -0.0699374 -0.001802325 0.1407645
v -0.07205235 -0.00210613 0.1407964
v -0.06991189 -0.002138257 0.1407374
v -0.07205235 -0.003107011 0.1406701
v -0.07205235 -0.006171882 0.1401129
v -0.06977379 -0.00342226 0.1405908
v -0.06957405 -0.004686594 0.1403787
v -0.07205235 5.55252e-07 0.1408846
v -0.06992864 0.001924872 0.1407552
v -0.06999099 0.000683377 0.1408213
v -0.06724345 0.01418411 0.1363579
v -0.06636089 0.01326602 0.1369318
v -0.07205235 0.01425546 0.1364617
v -0.06697422 0.01217299 0.1375952
v -0.07205235 0.01392948 0.1366817
v -0.07205235 0.01212602 0.1377732
v -0.06710761 0.01190572 0.137739
v -0.07205235 0.01196712 0.137852
v -0.06754028 0.01103866 0.138205
v -0.06801539 0.009962856 0.1387151
v -0.07205468 -0.01429569 0.1364352
v -0.06724345 -0.01466804 0.1361435
v -0.07206827 -0.01457494 0.1363054
v -0.06724345 -0.01535034 0.136148
v -0.07208061 -0.01492345 0.1362386
v -0.07207292 -0.01469886 0.1362765
v -0.06724345 0.01466804 0.1361435
v -0.07207286 0.01469933 0.1362774
v -0.07208061 0.01491636 0.1362341
v -0.06724345 0.01535034 0.136148
v -0.07208073 0.01492249 0.1362345
v -0.07208871 0.01526802 0.1362593
v -0.07206827 0.01457023 0.1363033
v -0.06499803 0.0169999 0.09115004
v -0.06499499 0.01532959 0.08569997
v -0.06499516 0.01899999 0.08599996
v -0.06499803 0.0169999 0.09115004
v -0.06499516 0.01899999 0.08599996
v -0.06499803 0.01899999 0.09115004
v -0.06499803 -0.01899999 0.09115004
v -0.06499499 -0.01532959 0.08569997
v -0.06499803 -0.0169999 0.09115004
v -0.06499928 -0.01532959 0.09347385
v -0.06499516 -0.01899999 0.08599996
v -0.06499195 0.01807004 0.08012866
v -0.0649935 0.01876604 0.08302772
v -0.06499004 -0.01110762 0.07667958
v -0.06499117 -0.01255726 0.07875001
v -0.0649904 -0.01692909 0.07737416
v -0.06499195 -0.01807004 0.08012866
v -0.06498897 -0.01537132 0.07483208
v -0.06498771 -0.01343494 0.07256495
v -0.06498903 -0.009320378 0.07489234
v -0.06498664 -0.01116788 0.07062864
v -0.06499379 -0.01427966 0.08348208
v -0.06499242 -0.0136255 0.08104068
v -0.06559062 -0.0144844 0.09289538
v -0.06399589 -0.01661622 0.09698957
v -0.06572133 -0.014288 0.0951631
v -0.06500065 -0.01532959 0.09595155
v -0.06482493 -0.01556766 0.09613287
v -0.06364154 0.01703554 0.09479928
v -0.06339538 0.0173133 0.09157341
v -0.06299668 0.01775008 0.09184026
v -0.06398886 -0.01661157 0.09446042
v -0.06455844 -0.01591634 0.09390473
v -0.07319599 -0.01591533 0.08599543
v -0.07319945 -0.01591509 0.09360736
v -0.07342743 -0.01570665 0.0934751
v -0.07263237 0.01520729 0.0949651
v -0.07264161 0.01552307 0.09484213
v -0.0731768 0.01535928 0.09452807
v -0.07260471 0.0148772 0.095012
v -0.0731005 0.01480495 0.09472095
v -0.07345038 0.01474684 0.09440255
v -0.07386124 0.01431608 0.09341233
v -0.07371973 0.01431131 0.09379243
v -0.07381612 0.01458811 0.09369629
v -0.07391887 0.0144968 0.09332704
v -0.07372009 0.01501524 0.09387403
v -0.07391881 0.01484519 0.09313678
v -0.07381594 0.01510417 0.09341716
v -0.07381641 0.01515114 0.09311932
v -0.07255828 0.01618224 0.09412062
v -0.07300418 0.01600319 0.0939632
v -0.07310014 0.01583045 0.09417819
v -0.07345014 0.01560121 0.09394794
v -0.07260435 0.01602822 0.09440499
v -0.0731576 0.01561158 0.09436917
v -0.07263219 0.01580297 0.09465086
v -0.0738672 0.01499319 0.09301811
v -0.07396197 0.01469868 0.09282952
v -0.07366448 0.01465779 0.09404289
v -0.07348918 0.01430171 0.09416288
v -0.07334661 0.01451569 0.09445369
v -0.07300466 0.01453006 0.09474289
v -0.07247865 0.01426404 0.09487044
v -0.07256942 0.01385718 0.09456795
v -0.07205229 0.01381224 0.09463691
v -0.07256883 0.01191765 0.09341621
v -0.07256752 0.005594432 0.09105616
v -0.07205039 0.005576252 0.09113651
v -0.07205069 0.007744491 0.09173172
v -0.07256782 0.007769763 0.09165328
v -0.0720508 0.008336246 0.09195262
v -0.07256829 0.009883105 0.09244209
v -0.0720511 0.009850978 0.09251797
v -0.07205158 0.01146024 0.09328848
v -0.07205164 0.0118789 0.09348893
v -0.07205033 0.005064189 0.09104406
v -0.07205015 0.003363609 0.09073704
v -0.07256728 0.003374636 0.09065538
v -0.07205003 0.001697361 0.09058785
v -0.07256716 0.001127839 0.09045416
v -0.07205003 0.001124203 0.09053653
v -0.07256716 -0.001127839 0.09045416
v -0.07205003 -0.001124203 0.09053653
v -0.07205003 -0.001698434 0.09058791
v -0.07390141 -0.01431632 0.09318989
v -0.07384115 -0.01431488 0.0934078
v -0.07364684 -0.01228737 0.09272438
v -0.07393002 0.01257705 0.09218269
v -0.07395422 0.01431763 0.09300583
v -0.07399439 0.01431739 0.09274452
v -0.07395285 -0.01431745 0.09300386
v -0.07393002 -0.01257705 0.09218269
v -0.07317578 0.01402145 0.09431719
v -0.07319986 0.01428914 0.09447264
v -0.07317578 -0.01402145 0.09431719
v -0.07316744 -0.01428824 0.09447783
v -0.07256942 -0.01385718 0.09456795
v -0.07263219 -0.01580297 0.09465092
v -0.07264161 -0.01552307 0.09484213
v -0.0731768 -0.01535928 0.09452807
v -0.07345014 -0.01560121 0.09394794
v -0.07310014 -0.01583045 0.09417819
v -0.07393348 -0.01467216 0.093234
v -0.07372009 -0.01501524 0.09387403
v -0.07381612 -0.01458811 0.09369629
v -0.07300466 -0.01453006 0.09474289
v -0.0731005 -0.01480495 0.09472095
v -0.07255876 -0.01455551 0.09497833
v -0.07315784 -0.01508593 0.0946474
v -0.07345038 -0.01474684 0.09440255
v -0.07381594 -0.01510417 0.09341716
v -0.0737099 -0.01534867 0.09324592
v -0.07366424 -0.01535373 0.09366995
v -0.07348877 -0.01565057 0.09343951
v -0.07375568 -0.01431304 0.09371709
v -0.07391887 -0.0144968 0.09332704
v -0.07263237 -0.01520729 0.0949651
v -0.07366448 -0.01465779 0.09404289
v -0.07364416 -0.01430827 0.09387671
v -0.06724357 -0.01595407 0.09493285
v -0.07208049 -0.01612102 0.094527
v -0.06724327 -0.01634407 0.09437298
v -0.06724375 -0.01535034 0.09525072
v -0.07209193 -0.01561218 0.09501302
v -0.07208949 -0.0158692 0.09483379
v -0.06724375 -0.01466804 0.09525519
v -0.07205247 -0.01425546 0.09493434
v -0.07206857 -0.0145744 0.09509181
v -0.0692619 0.006143271 0.091349
v -0.06962311 -0.004398763 0.09096443
v -0.07205033 -0.005065262 0.09104424
v -0.0695337 -0.004887223 0.09105956
v -0.06871014 -0.008056938 0.09193807
v -0.06888794 -0.007517099 0.09174799
v -0.0720508 -0.008337318 0.09195297
v -0.07205069 -0.007744491 0.09173172
v -0.06923466 -0.006254494 0.09137809
v -0.07205039 -0.005576252 0.09113651
v -0.06949973 -0.005054414 0.09109568
v -0.06750273 -0.01110059 0.09323328
v -0.06766247 -0.01077228 0.0930612
v -0.07205158 -0.01146119 0.09328895
v -0.06801432 -0.009962856 0.09268319
v -0.0720511 -0.009850978 0.09251797
v -0.06848078 -0.008753418 0.09218329
v -0.0686261 -0.008312046 0.0920279
v -0.06735318 -0.01140797 0.09339445
v -0.07208889 0.01527708 0.09513115
v -0.07208216 0.01496249 0.09516406
v -0.06724375 0.01535034 0.09525072
v -0.07208085 0.01492345 0.09515744
v -0.06724375 0.01466804 0.09525519
v -0.07207316 0.01469886 0.09511953
v -0.07209193 0.01561218 0.09501302
v -0.07208967 0.01531893 0.09512346
v -0.0731818 0.003050625 0.09384644
v -0.07314372 0.003066003 0.09373229
v -0.07319241 0.001733124 0.09372866
v -0.07292175 -0.0102601 0.1352381
v -0.07292169 -0.0108453 0.1341051
v -0.07283979 -0.01119703 0.1347038
v -0.0714966 0.01786535 0.115034
v -0.0714938 0.01787513 0.1157
v -0.07116943 0.01897251 0.1157
v -0.0714932 0.01787722 0.1158427
v -0.07150542 0.01783424 0.1169474
v -0.07158142 0.01756489 0.1190298
v -0.07117104 0.01895695 0.1271733
v -0.07170957 0.01710015 0.1209148
v -0.07188576 0.01643782 0.1227283
v -0.07204765 0.01580291 0.1073416
v -0.07183974 0.01661372 0.1090978
v -0.07117086 0.01895838 0.1042255
v -0.07167536 0.0172255 0.1109154
v -0.07156062 0.01763916 0.1127888
v -0.07154643 0.0176894 0.1131123
v -0.0725364 0.01369601 0.1042111
v -0.07233566 0.01459187 0.1054047
v -0.07214629 0.0153982 0.1048271
v -0.07227522 0.01486158 0.1057642
v -0.07214748 0.01538985 0.1066495
v -0.0721966 0.01515293 0.09962981
v -0.07282423 0.01227658 0.1027067
v -0.07215249 0.01533591 0.09980285
v -0.07247149 0.01396197 0.09856957
v -0.07292002 0.01174604 0.1011704
v -0.07234734 0.01452749 0.09903866
v -0.0729199 0.01171988 0.1022282
v -0.07285159 0.0121333 0.102572
v -0.07292085 0.01145774 0.09917128
v -0.07308858 0.01069915 0.1013794
v -0.07300168 0.01122468 0.1018165
v -0.07331305 0.007911801 0.09969437
v -0.07324475 0.009079992 0.1003053
v -0.07292169 0.0108453 0.09729486
v -0.07324188 0.009128332 0.1003306
v -0.07313954 0.01017707 0.1010308
v -0.07292193 0.0102759 0.09616714
v -0.07295286 0.009767949 0.09592801
v -0.07334196 0.007418394 0.09943634
v -0.07303178 0.008471727 0.09531778
v -0.07336699 0.006707847 0.09916144
v -0.07303965 0.008287191 0.09524768
v -0.07308286 0.007276177 0.09486365
v -0.07341092 0.005463719 0.09868001
v -0.07309883 0.00673598 0.09470534
v -0.07341098 0.00546211 0.09867948
v -0.07314485 0.005181014 0.09424954
v -0.0734378 0.004151225 0.09833604
v -0.0731458 0.005128741 0.09423971
v -0.07344937 0.003585696 0.09818786
v -0.07345783 0.002795696 0.09807074
v -0.07347482 0.000648387 0.09783631
v -0.0734713 0.001406729 0.09788525
v -0.07347011 0.001650512 0.09790092
v -0.07317489 0.003449559 0.09392195
v -0.07319921 0.000891072 0.09365338
v -0.07320064 0.000309561 0.09363764
v -0.07347398 9.66951e-07 0.09784817
v -0.07319968 1.02445e-06 0.09364843
v -0.07347226 -0.001300573 0.09787195
v -0.07319408 -0.001735806 0.09370934
v -0.0734713 -0.001406013 0.09788525
v -0.07319366 -0.001861155 0.09371376
v -0.07317799 -0.003340899 0.09388875
v -0.07345867 -0.002797782 0.09806036
v -0.0731759 -0.003451824 0.09391129
v -0.07345539 -0.003158152 0.09810572
v -0.07343751 -0.004151463 0.09834039
v -0.07314449 -0.005126774 0.09425163
v -0.07313793 -0.005475521 0.0943225
v -0.07342129 -0.005050659 0.09855288
v -0.07309818 -0.006734073 0.09470933
v -0.07340872 -0.005456686 0.098697
v -0.07307279 -0.007538497 0.09495657
v -0.07336974 -0.00671494 0.09914374
v -0.07303601 -0.008278906 0.09526538
v -0.07336413 -0.006894886 0.09920763
v -0.07334917 -0.007256567 0.09936356
v -0.07297408 -0.009525477 0.09578531
v -0.07331258 -0.007910847 0.09969747
v -0.07292085 -0.01145774 0.09917128
v -0.07324355 -0.009076952 0.1003074
v -0.07292169 -0.0108453 0.09729486
v -0.07325309 -0.008974015 0.10024
v -0.07292217 -0.01029258 0.09616971
v -0.07295715 -0.009775221 0.09591048
v -0.07299977 -0.01122355 0.1018189
v -0.07310479 -0.01056867 0.1012829
v -0.07314097 -0.01017946 0.1010283
v -0.07219564 -0.01515895 0.09962546
v -0.07282423 -0.01226598 0.1027165
v -0.07286733 -0.01204979 0.1024953
v -0.07291948 -0.01172429 0.1022289
v -0.07292002 -0.01174604 0.1011704
v -0.07248377 -0.01390057 0.09852045
v -0.07258331 -0.01347535 0.1039532
v -0.07214933 -0.01536124 0.0998032
v -0.07233464 -0.014602 0.1053971
v -0.07231879 -0.01467388 0.1054891
v -0.07214629 -0.0153982 0.1048271
v -0.07214754 -0.01538956 0.1066481
v -0.07156062 -0.01763916 0.112789
v -0.07167702 -0.01721942 0.1108937
v -0.07117158 -0.0189535 0.1042334
v -0.07149469 -0.01787197 0.1161569
v -0.07149833 -0.01785916 0.1157
v -0.07116943 -0.01897251 0.1157
v -0.07150995 -0.01781839 0.1142441
v -0.07181912 -0.01669174 0.1221024
v -0.07166004 -0.01728147 0.1202782
v -0.07117122 -0.018956 0.1271702
v -0.0715512 -0.01767253 0.1184006
v -0.07153809 -0.01771903 0.1180767
v -0.07250845 -0.01382577 0.1270323
v -0.07233613 -0.01458787 0.1259925
v -0.07214629 -0.0153982 0.1265728
v -0.07224899 -0.01497316 0.1254668
v -0.07214748 -0.01539003 0.1247493
v -0.07278037 -0.01250427 0.1284752
v -0.07215178 -0.0153414 0.1315972
v -0.07282119 -0.01229298 0.1286786
v -0.07219636 -0.01515358 0.1317697
v -0.07282406 -0.01227641 0.1286927
v -0.07292073 -0.01171398 0.1291718
v -0.07239693 -0.01430827 0.1325469
v -0.07292002 -0.01174604 0.1302295
v -0.07322835 -0.009305238 0.1309629
v -0.07313829 -0.01017487 0.1303676
v -0.07292085 -0.01145774 0.1322287
v -0.073067 -0.01086294 0.1298967
v -0.07300442 -0.01122683 0.1295868
v -0.07331418 -0.007914304 0.131711
v -0.07324248 -0.009076178 0.1310861
v -0.07293879 -0.01006525 0.1353492
v -0.07295525 -0.009772539 0.1354807
v -0.07333308 -0.007607281 0.1318761
v -0.07336664 -0.006706178 0.1322368
v -0.07303881 -0.008284509 0.136149
v -0.07304912 -0.00810045 0.1362317
v -0.07340562 -0.005657017 0.1326568
v -0.07309478 -0.006945729 0.1366482
v -0.07340991 -0.005461633 0.1327103
v -0.07344621 -0.003786861 0.1331697
v -0.07343828 -0.004152357 0.1330695
v -0.07314461 -0.005125284 0.1371514
v -0.07310044 -0.00673902 0.1367053
v -0.073152 -0.004854202 0.1372263
v -0.07317554 -0.003515124 0.137484
v -0.07345777 -0.002794921 0.1333284
v -0.07317614 -0.003453016 0.1374908
v -0.07346868 -0.001855552 0.1334788
v -0.07319325 -0.001733303 0.1376807
v -0.07347118 -0.001406431 0.1335129
v -0.07347422 -0.000853347 0.1335549
v -0.07319706 -0.001343548 0.1377238
v -0.07347381 -3.99364e-07 0.1335492
v -0.07319855 6.62396e-07 0.1377395
v -0.07319945 0.000824762 0.1377491
v -0.07347321 0.00109589 0.1335418
v -0.07319235 0.001733243 0.1376706
v -0.07347071 0.001404941 0.1335065
v -0.07318258 0.002984762 0.1375626
v -0.07345926 0.002798736 0.1333479
v -0.07317626 0.003452897 0.1374921
v -0.07345807 0.002942562 0.1333315
v -0.07317405 0.003617167 0.1374673
v -0.07343775 0.004152536 0.1330612
v -0.0731436 0.005124986 0.1371411
v -0.07342612 0.004840612 0.1329076
v -0.07313108 0.005745053 0.1370069
v -0.07340812 0.005455315 0.1326977
v -0.07309794 0.006733 0.1366897
v -0.07306218 0.007798492 0.1363475
v -0.07337194 0.006692886 0.1322753
v -0.0730369 0.008280336 0.1361396
v -0.07337093 0.006717324 0.1322651
v -0.07335752 0.007059693 0.1321223
v -0.0729584 0.009773135 0.1354951
v -0.0733124 0.007911026 0.1317006
v -0.07295811 0.009777069 0.135493
v -0.07292199 0.0102809 0.1352326
v -0.07326585 0.00878936 0.1312656
v -0.07292169 0.0108453 0.1341051
v -0.07324111 0.009071767 0.1310856
v -0.07292085 0.01145774 0.1322287
v -0.07314366 0.01018327 0.1303773
v -0.07243609 0.01413112 0.1326932
v -0.07219606 0.01515424 0.1317695
v -0.07282406 0.0122615 0.1286786
v -0.07292002 0.01174604 0.1302295
v -0.0729193 0.0117442 0.1291649
v -0.07299864 0.0112245 0.1295801
v -0.07312458 0.01040005 0.1302391
v -0.07214701 0.01539379 0.1247586
v -0.07233494 0.01460099 0.1260029
v -0.07214629 0.0153982 0.1265728
v -0.0726183 0.01330846 0.1276354
v -0.0721513 0.01534509 0.1315973
v -0.07235211 0.01452869 0.1261163
v -0.07116061 0.01899254 0.1271211
v -0.07083874 0.02001905 0.1252433
v -0.07074141 0.02031809 0.1246005
v -0.07048434 0.0210852 0.1226281
v -0.07028669 0.02165395 0.1206094
v -0.07015413 0.02202636 0.1185489
v -0.07010865 0.02215242 0.1173258
v -0.07205897 0.01573878 0.1312419
v -0.07189077 0.01640129 0.1305531
v -0.07210224 0.01558262 0.1244621
v -0.07143384 0.01806253 0.1284874
v -0.0715149 0.01778662 0.1288927
v -0.07289665 0.01189225 0.1290466
v -0.07247835 0.01387572 0.1328834
v -0.07269358 0.01257365 0.1338524
v -0.07289761 0.01062101 0.1350567
v -0.07283997 0.01119619 0.1347072
v -0.07271492 0.01244473 0.1339485
v -0.07277595 -0.01192635 0.1342879
v -0.07248479 -0.01387965 0.1328919
v -0.07252895 -0.01366406 0.1330655
v -0.07268524 -0.01256448 0.133839
v -0.07202923 -0.01585811 0.1311222
v -0.07165324 -0.01729083 0.1295256
v -0.07202279 -0.0159024 0.1238676
v -0.0711894 -0.01889777 0.1272747
v -0.071285 -0.01857882 0.1277714
v -0.07143419 -0.01805692 0.1284822
v -0.07009178 -0.02219891 0.1164844
v -0.07015538 -0.02202278 0.1185758
v -0.07028943 -0.02164626 0.1206429
v -0.07035553 -0.02145791 0.1213932
v -0.07058221 -0.02079695 0.1234372
v -0.0708633 -0.01994282 0.1253989
v -0.07087773 -0.01989781 0.1059107
v -0.0707823 -0.02019304 0.1065241
v -0.07051742 -0.02098828 0.1084885
v -0.07031112 -0.02158463 0.1104993
v -0.07016903 -0.02198487 0.1125517
v -0.07010138 -0.02217251 0.1143702
v -0.0700953 -0.02218914 0.1157
v -0.07211458 -0.01551288 0.0999363
v -0.07194012 -0.0162099 0.1006417
v -0.07184302 -0.01660114 0.1090662
v -0.0720722 -0.01570433 0.1071578
v -0.07120478 -0.0188468 0.104044
v -0.07143431 -0.01805812 0.1029161
v -0.07156258 -0.01761752 0.102286
v -0.07248675 -0.01388144 0.09850656
v -0.07268846 -0.01256769 0.09755486
v -0.07291728 -0.01036453 0.09620577
v -0.07283914 -0.01119548 0.09669613
v -0.07274442 -0.01220303 0.09729075
v -0.07248431 0.01387977 0.09850966
v -0.07268923 0.01256859 0.09755355
v -0.07273828 0.01225513 0.09732496
v -0.0728392 0.01119548 0.09669572
v -0.07291328 0.01041811 0.09623414
v -0.0728088 0.01235771 0.102783
v -0.07197111 0.0160883 0.1005141
v -0.07159304 0.01750844 0.1021463
v -0.07122701 0.0187729 0.1039272
v -0.07143449 0.01805615 0.1029177
v -0.07009625 0.02218645 0.1167758
v -0.070091 0.022201 0.1157
v -0.07008862 0.02220749 0.1152124
v -0.07014197 0.02205997 0.1131196
v -0.07026624 0.02171194 0.1110489
v -0.07033252 0.02152371 0.1102564
v -0.07055151 0.02088779 0.1082072
v -0.07082617 0.02005797 0.1062373
v -0.07114726 0.01903623 0.1043505
v -0.06987708 0.008143246 0.06724107
v -0.0698834 0.008715689 0.06751972
v -0.06902682 0.009561955 0.06277388
v -0.06996726 0.01380097 0.07098025
v -0.06997746 0.01418524 0.07136845
v -0.06903403 0.01572281 0.06647861
v -0.07001322 0.01543098 0.0727021
v -0.07002252 0.01568931 0.07302969
v -0.06903553 0.01748722 0.06805884
v -0.06972485 0.02311551 0.08641916
v -0.06962156 0.02336221 0.08572196
v -0.06984853 0.02276426 0.08650404
v -0.06995916 0.02242898 0.08648556
v -0.06967288 0.02326309 0.08638346
v -0.06958508 0.02350246 0.08628123
v -0.06942188 0.02393323 0.08600533
v -0.06935411 0.02410715 0.08584964
v -0.06922703 0.0244255 0.0854572
v -0.06907844 0.0247702 0.08454293
v -0.06905841 0.02479082 0.08404356
v -0.06905603 0.02470779 0.0830819
v -0.07041984 0.02074074 0.08573484
v -0.07037967 0.02093875 0.08594912
v -0.06905233 0.02447533 0.08142304
v -0.0703333 0.02113413 0.08609694
v -0.07031869 0.02119582 0.08614367
v -0.07019954 0.02164387 0.08637142
v -0.07010734 0.02196013 0.08646631
v -0.06905573 0.02468729 0.08293581
v -0.07006978 0.02207958 0.08647966
v -0.07006752 0.02208679 0.08648049
v -0.06904894 0.02413177 0.07978421
v -0.06904584 0.02367711 0.07816743
v -0.07045251 0.02009594 0.08388167
v -0.06904578 0.02366179 0.07812446
v -0.07039552 0.01998502 0.08283799
v -0.06905037 0.02427965 0.08048951
v -0.07047826 0.02014613 0.08435392
v -0.07048964 0.02018016 0.08462166
v -0.07049244 0.02024191 0.08487379
v -0.07047402 0.02044034 0.08533722
v -0.06905049 0.02428692 0.08052432
v -0.07044887 0.02059805 0.08558034
v -0.0704739 0.02044105 0.08533823
v -0.06904309 0.02311021 0.07657492
v -0.06904208 0.02280253 0.07586598
v -0.0703234 0.0197162 0.08136898
v -0.06904405 0.02330046 0.07710963
v -0.07025772 0.01933115 0.0798906
v -0.07022345 0.01903969 0.0790404
v -0.06904089 0.02244955 0.07505255
v -0.07031571 0.01967269 0.08119672
v -0.06903767 0.02050626 0.07169169
v -0.07014244 0.01813358 0.07687008
v -0.06903797 0.02081561 0.072133
v -0.0690391 0.02168202 0.0735656
v -0.06903946 0.0218389 0.07386952
v -0.06903928 0.02175742 0.07371175
v -0.07020014 0.01884162 0.07846277
v -0.07018846 0.01871514 0.07815182
v -0.07017385 0.01855689 0.07776272
v -0.07008266 0.01715368 0.07506936
v -0.0700764 0.01701438 0.07486248
v -0.06903719 0.0199303 0.07087016
v -0.07009011 0.01728469 0.07529908
v -0.07012534 0.0179032 0.07638448
v -0.06903713 0.01985073 0.07075661
v -0.06903666 0.01908087 0.06980341
v -0.07004487 0.01631087 0.07381826
v -0.06903642 0.01878672 0.06943917
v -0.0690357 0.01766097 0.06822293
v -0.06903475 0.0164445 0.0670737
v -0.06999576 0.01487416 0.07206445
v -0.07001125 0.01537626 0.07263267
v -0.0690335 0.01515269 0.06600844
v -0.06993961 0.01251745 0.06988263
v -0.06994217 0.01265817 0.06998753
v -0.06995368 0.01318061 0.0704413
v -0.06902927 0.0117504 0.06382244
v -0.06990849 0.01068401 0.06860077
v -0.06902951 0.0119366 0.06392091
v -0.0690332 0.01492536 0.06584548
v -0.06903195 0.01381647 0.06505042
v -0.06992006 0.01144862 0.06908619
v -0.06903195 0.01378655 0.0650289
v -0.06903004 0.01234632 0.06413769
v -0.06902813 0.01087921 0.06336146
v -0.06989216 0.009514868 0.06790876
v -0.06990075 0.01017409 0.06827712
v -0.06990736 0.01060998 0.0685538
v -0.06987398 0.007774591 0.0670948
v -0.06902658 0.009351074 0.06267982
v -0.06986522 0.006736218 0.06668275
v -0.06902623 0.008704304 0.06244218
v -0.06902575 0.007779598 0.06210225
v -0.06986463 0.006637871 0.06665205
v -0.06902569 0.007262468 0.06195104
v -0.06985634 0.005296409 0.06623286
v -0.06902557 0.006166279 0.0616303
v -0.06985402 0.004743278 0.06610441
v -0.06902587 0.00529474 0.06143844
v -0.06985288 0.004469037 0.06604075
v -0.06902599 0.004885137 0.06134819
v -0.0698502 0.003826022 0.06589144
v -0.06984812 0.003084838 0.06576263
v -0.06902611 0.004512548 0.06126624
v -0.06902694 0.002873659 0.06101971
v -0.06984663 0.002247869 0.06566542
v -0.06902718 0.002455413 0.06098526
v -0.06984549 0.001595199 0.0655896
v -0.06902748 0.001776993 0.06092935
v -0.06984543 0.001569569 0.06558662
v -0.06902778 0.001205921 0.06088227
v -0.06984466 5.71317e-05 0.06552559
v -0.0690279 -4.73583e-07 0.06086438
v -0.06984466 -2.0647e-07 0.06552755
v -0.06902796 -0.000468265 0.06085747
v -0.06984531 -0.0014503 0.06557768
v -0.06902748 -0.00177747 0.06092643
v -0.06984555 -0.001594781 0.06559354
v -0.06902736 -0.002146959 0.06094592
v -0.06984663 -0.002248585 0.0656653
v -0.06902718 -0.00245577 0.06098335
v -0.06984776 -0.002950847 0.06574237
v -0.06902647 -0.003828167 0.06114965
v -0.06984978 -0.003691077 0.06586593
v -0.06902599 -0.004885435 0.06135094
v -0.06985288 -0.004469633 0.0660414
v -0.06902581 -0.005296826 0.06142926
v -0.06985402 -0.004743576 0.06610316
v -0.06902575 -0.005458593 0.06145995
v -0.06985574 -0.005179405 0.06620138
v -0.06902557 -0.007077693 0.06188231
v -0.06986445 -0.006626904 0.06664443
v -0.06902563 -0.007264614 0.06194484
v -0.06902611 -0.008665621 0.06241303
v -0.06986457 -0.006639242 0.06664919
v -0.06902617 -0.008708477 0.06243067
v -0.06987392 -0.007775545 0.06709241
v -0.06902688 -0.009559988 0.06278085
v -0.06902927 -0.01175683 0.06381148
v -0.06990736 -0.01060926 0.06855511
v -0.06989902 -0.01005023 0.06820547
v -0.06902927 -0.01173901 0.0638011
v -0.06989067 -0.009393811 0.06784462
v -0.06902742 -0.01022017 0.06305229
v -0.0698834 -0.008716225 0.06752008
v -0.06987601 -0.008032262 0.06719255
v -0.06902951 -0.01193851 0.06391674
v -0.06990849 -0.01068407 0.06860184
v -0.06903117 -0.0131731 0.06463265
v -0.06991833 -0.01134371 0.06901448
v -0.06903195 -0.0138098 0.06506133
v -0.06993949 -0.01251995 0.06987977
v -0.06903403 -0.01572859 0.06647288
v -0.06997752 -0.01418519 0.0713694
v -0.06996506 -0.01370823 0.07089382
v -0.06995368 -0.01318073 0.0704413
v -0.06994032 -0.01256316 0.06991153
v -0.0690332 -0.01492303 0.06584793
v -0.06903284 -0.01456129 0.06556719
v -0.06903553 -0.01748389 0.06806254
v -0.07002258 -0.01568847 0.0730313
v -0.07001334 -0.01542747 0.07270497
v -0.07000809 -0.01527732 0.07251727
v -0.06999295 -0.01477736 0.07195973
v -0.06903529 -0.01713973 0.06771147
v -0.06903421 -0.01588422 0.06659364
v -0.06903564 -0.0176025 0.06818348
v -0.06903612 -0.01832526 0.06892085
v -0.07004171 -0.01623046 0.07370877
v -0.0690366 -0.01908147 0.06980413
v -0.07007628 -0.01701742 0.07486051
v -0.06903684 -0.01940339 0.07018023
v -0.06903719 -0.01992255 0.07087606
v -0.06903755 -0.0204041 0.07152158
v -0.0700792 -0.01708453 0.0749588
v -0.06903767 -0.02051168 0.07168823
v -0.07009023 -0.0172823 0.07530051
v -0.06903934 -0.02174985 0.07371693
v -0.07022351 -0.01903927 0.07904148
v -0.07019454 -0.01878428 0.07831561
v -0.0701884 -0.01871597 0.07815146
v -0.07016879 -0.01849675 0.07762402
v -0.06903856 -0.02131265 0.07292795
v -0.0701425 -0.01813316 0.07687115
v -0.07012134 -0.01784026 0.07626456
v -0.06903952 -0.02183556 0.07387161
v -0.06904006 -0.02212733 0.07439815
v -0.07025188 -0.01928895 0.07975244
v -0.06904202 -0.02281308 0.07586193
v -0.07031536 -0.01967716 0.08119553
v -0.07042723 -0.02071362 0.08572405
v -0.07045537 -0.02056062 0.08552831
v -0.06905037 -0.02428704 0.08048868
v -0.07046991 -0.02045273 0.08533179
v -0.07048815 -0.02031821 0.08508652
v -0.06904214 -0.02284574 0.07593166
v -0.06904405 -0.02330327 0.07710897
v -0.07032388 -0.01971215 0.08137226
v -0.06904464 -0.02344632 0.07747703
v -0.07038819 -0.01996386 0.0826953
v -0.06904584 -0.02365034 0.07812869
v -0.07045274 -0.02009439 0.08388328
v -0.06904757 -0.02394652 0.0790739
v -0.07047826 -0.02014613 0.08435392
v -0.0704925 -0.02023488 0.08485037
v -0.07033383 -0.021133 0.08609831
v -0.06905436 -0.02462047 0.08235871
v -0.07029622 -0.02128487 0.08619898
v -0.07017004 -0.02174741 0.08640789
v -0.07042241 -0.02073556 0.08574426
v -0.07034587 -0.02108442 0.08606618
v -0.06905078 -0.0243383 0.08070164
v -0.06961852 -0.02337127 0.08572632
v -0.06905573 -0.02467894 0.08293724
v -0.06905841 -0.02479082 0.08404356
v -0.0690639 -0.0247938 0.0842992
v -0.06908172 -0.02476388 0.0845831
v -0.0691424 -0.02462941 0.08506238
v -0.06920188 -0.02448689 0.08535629
v -0.06932008 -0.0241934 0.08575958
v -0.06941378 -0.02395421 0.08598816
v -0.06957429 -0.02353161 0.08626657
v -0.06985062 -0.022758 0.08650481
v -0.06993931 -0.02249336 0.08652257
v -0.07006776 -0.02208662 0.0864818
v -0.0700702 -0.02207887 0.08648103
v -0.07010018 -0.02198398 0.08647149
v -0.06824344 -0.01316052 0.07046455
v -0.06824344 -0.01539796 0.07273
v -0.06824344 -0.01059389 0.06858015
v -0.06824344 0.01539796 0.07273
v -0.06987708 -0.008143246 0.1641589
v -0.0698834 -0.008715689 0.1638802
v -0.06902682 -0.009561955 0.1686261
v -0.06996726 -0.01380097 0.1604197
v -0.06997746 -0.01418524 0.1600314
v -0.06903403 -0.01572281 0.1649214
v -0.07001322 -0.01543098 0.1586979
v -0.07002252 -0.01568931 0.1583703
v -0.06903553 -0.01748722 0.1633411
v -0.06972485 -0.02311551 0.1449808
v -0.06962156 -0.02336221 0.145678
v -0.06984853 -0.02276426 0.1448959
v -0.06995916 -0.02242898 0.1449143
v -0.06967288 -0.02326309 0.1450165
v -0.06958508 -0.02350246 0.1451187
v -0.06942188 -0.02393323 0.1453946
v -0.06935411 -0.02410715 0.1455503
v -0.06922703 -0.0244255 0.1459428
v -0.06907844 -0.0247702 0.146857
v -0.06905841 -0.02479082 0.1473564
v -0.06905603 -0.02470779 0.1483181
v -0.07041984 -0.02074074 0.1456651
v -0.07037967 -0.02093875 0.1454508
v -0.06905233 -0.02447533 0.1499769
v -0.0703333 -0.02113413 0.145303
v -0.07031869 -0.02119582 0.1452563
v -0.07019954 -0.02164387 0.1450285
v -0.07010734 -0.02196013 0.1449337
v -0.06905573 -0.02468729 0.1484642
v -0.07006978 -0.02207958 0.1449203
v -0.07006752 -0.02208679 0.1449195
v -0.06904894 -0.02413177 0.1516157
v -0.06904584 -0.02367711 0.1532325
v -0.07045251 -0.02009594 0.1475183
v -0.06904578 -0.02366179 0.1532755
v -0.07039552 -0.01998502 0.148562
v -0.06905037 -0.02427965 0.1509104
v -0.07047826 -0.02014613 0.147046
v -0.07048964 -0.02018016 0.1467782
v -0.07049244 -0.02024191 0.1465262
v -0.07047402 -0.02044034 0.1460627
v -0.06905049 -0.02428692 0.1508756
v -0.07044887 -0.02059805 0.1458196
v -0.0704739 -0.02044105 0.1460617
v -0.06904309 -0.02311021 0.154825
v -0.06904208 -0.02280253 0.155534
v -0.0703234 -0.0197162 0.150031
v -0.06904405 -0.02330046 0.1542903
v -0.07025772 -0.01933115 0.1515094
v -0.07022345 -0.01903969 0.1523596
v -0.06904089 -0.02244955 0.1563474
v -0.07031571 -0.01967269 0.1502032
v -0.06903767 -0.02050626 0.1597083
v -0.07014244 -0.01813358 0.1545298
v -0.06903797 -0.02081561 0.159267
v -0.0690391 -0.02168202 0.1578343
v -0.06903946 -0.0218389 0.1575304
v -0.06903928 -0.02175742 0.1576882
v -0.07020014 -0.01884162 0.1529372
v -0.07018846 -0.01871514 0.1532481
v -0.07017385 -0.01855689 0.1536372
v -0.07008266 -0.01715368 0.1563306
v -0.0700764 -0.01701438 0.1565375
v -0.06903719 -0.0199303 0.1605298
v -0.07009011 -0.01728469 0.1561009
v -0.07012534 -0.0179032 0.1550155
v -0.06903713 -0.01985073 0.1606433
v -0.06903666 -0.01908087 0.1615965
v -0.07004487 -0.01631087 0.1575817
v -0.06903642 -0.01878672 0.1619608
v -0.0690357 -0.01766097 0.163177
v -0.06903475 -0.0164445 0.1643263
v -0.06999576 -0.01487416 0.1593355
v -0.07001125 -0.01537626 0.1587673
v -0.0690335 -0.01515269 0.1653915
v -0.06993961 -0.01251745 0.1615173
v -0.06994217 -0.01265817 0.1614124
v -0.06995368 -0.01318061 0.1609587
v -0.06902927 -0.0117504 0.1675775
v -0.06990849 -0.01068401 0.1627992
v -0.06902951 -0.0119366 0.167479
v -0.0690332 -0.01492536 0.1655545
v -0.06903195 -0.01381647 0.1663495
v -0.06992006 -0.01144862 0.1623138
v -0.06903195 -0.01378655 0.1663711
v -0.06903004 -0.01234632 0.1672623
v -0.06902813 -0.01087921 0.1680384
v -0.06989216 -0.009514868 0.1634911
v -0.06990075 -0.01017409 0.1631228
v -0.06990736 -0.01060998 0.1628462
v -0.06987398 -0.007774591 0.1643052
v -0.06902658 -0.009351074 0.1687201
v -0.06986522 -0.006736218 0.1647171
v -0.06902623 -0.008704304 0.1689578
v -0.06902575 -0.007779598 0.1692976
v -0.06986463 -0.006637871 0.1647479
v -0.06902569 -0.007262468 0.1694489
v -0.06985634 -0.005296409 0.1651671
v -0.06902557 -0.006166279 0.1697696
v -0.06985402 -0.004743278 0.1652956
v -0.06902587 -0.00529474 0.1699615
v -0.06985288 -0.004469037 0.1653591
v -0.06902599 -0.004885137 0.1700517
v -0.0698502 -0.003826022 0.1655085
v -0.06984812 -0.003084838 0.1656373
v -0.06902557 0.007077693 0.1695175
v -0.06902563 0.007264614 0.1694551
v -0.06986457 0.006639242 0.1647506
v -0.06902611 -0.004512548 0.1701337
v -0.06902694 -0.002873659 0.1703801
v -0.06984663 -0.002247869 0.1657345
v -0.06902718 -0.002455413 0.1704146
v -0.06984549 -0.001595199 0.1658104
v -0.06902748 -0.001776993 0.1704705
v -0.06984543 -0.001569569 0.1658133
v -0.06902778 -0.001205921 0.1705176
v -0.06984466 -5.71317e-05 0.1658744
v -0.0690279 4.73583e-07 0.1705355
v -0.06984466 2.0647e-07 0.1658723
v -0.06902796 0.000468265 0.1705424
v -0.06984531 0.0014503 0.1658223
v -0.06902748 0.00177747 0.1704733
v -0.06984555 0.001594781 0.1658064
v -0.06902736 0.002146959 0.170454
v -0.06984663 0.002248585 0.1657347
v -0.06902718 0.00245577 0.1704165
v -0.06984776 0.002950847 0.1656576
v -0.06902647 0.003828167 0.1702502
v -0.06984978 0.003691077 0.165534
v -0.06902599 0.004885435 0.170049
v -0.06985288 0.004469633 0.1653586
v -0.06902581 0.005296826 0.1699707
v -0.06985402 0.004743576 0.1652968
v -0.06902575 0.005458593 0.1699399
v -0.06985574 0.005179405 0.1651986
v -0.06986445 0.006626904 0.1647555
v -0.06902611 0.008665621 0.1689867
v -0.06902617 0.008708477 0.1689692
v -0.06987392 0.007775545 0.1643075
v -0.06902688 0.009559988 0.168619
v -0.06902927 0.01175683 0.1675885
v -0.06990736 0.01060926 0.1628448
v -0.06989902 0.01005023 0.1631945
v -0.06902927 0.01173901 0.1675989
v -0.06989067 0.009393811 0.1635553
v -0.06902742 0.01022017 0.1683475
v -0.0698834 0.008716225 0.1638799
v -0.06987601 0.008032262 0.1642073
v -0.06902951 0.01193851 0.1674832
v -0.06990849 0.01068407 0.1627981
v -0.06903117 0.0131731 0.1667672
v -0.06991833 0.01134371 0.1623855
v -0.06903195 0.0138098 0.1663386
v -0.06993949 0.01251995 0.1615202
v -0.06903403 0.01572859 0.1649271
v -0.06997752 0.01418519 0.1600305
v -0.06996506 0.01370823 0.1605061
v -0.06995368 0.01318073 0.1609587
v -0.06994032 0.01256316 0.1614884
v -0.0690332 0.01492303 0.165552
v -0.06903284 0.01456129 0.1658328
v -0.06903553 0.01748389 0.1633374
v -0.07002258 0.01568847 0.1583687
v -0.07001334 0.01542747 0.158695
v -0.07000809 0.01527732 0.1588827
v -0.06999295 0.01477736 0.1594402
v -0.06903529 0.01713973 0.1636885
v -0.06903421 0.01588422 0.1648063
v -0.06903564 0.0176025 0.1632165
v -0.06903612 0.01832526 0.1624791
v -0.07004171 0.01623046 0.1576912
v -0.0690366 0.01908147 0.1615958
v -0.07007628 0.01701742 0.1565394
v -0.06903684 0.01940339 0.1612197
v -0.06903719 0.01992255 0.1605238
v -0.06903755 0.0204041 0.1598784
v -0.0700792 0.01708453 0.1564412
v -0.06903767 0.02051168 0.1597117
v -0.07009023 0.0172823 0.1560994
v -0.06903934 0.02174985 0.157683
v -0.07022351 0.01903927 0.1523585
v -0.07019454 0.01878428 0.1530843
v -0.0701884 0.01871597 0.1532485
v -0.07016879 0.01849675 0.1537759
v -0.06903856 0.02131265 0.158472
v -0.0701425 0.01813316 0.1545287
v -0.07012134 0.01784026 0.1551354
v -0.06903952 0.02183556 0.1575283
v -0.06904006 0.02212733 0.1570018
v -0.07025188 0.01928895 0.1516475
v -0.06904202 0.02281308 0.155538
v -0.07031536 0.01967716 0.1502044
v -0.07042723 0.02071362 0.1456758
v -0.07045537 0.02056062 0.1458716
v -0.06905037 0.02428704 0.1509113
v -0.07046991 0.02045273 0.1460682
v -0.07048815 0.02031821 0.1463134
v -0.06904214 0.02284574 0.1554682
v -0.06904405 0.02330327 0.154291
v -0.07032388 0.01971215 0.1500277
v -0.06904464 0.02344632 0.1539229
v -0.07038819 0.01996386 0.1487047
v -0.06904584 0.02365034 0.1532713
v -0.07045274 0.02009439 0.1475167
v -0.06904757 0.02394652 0.1523261
v -0.07047826 0.02014613 0.147046
v -0.0704925 0.02023488 0.1465496
v -0.07033383 0.021133 0.1453016
v -0.06905436 0.02462047 0.1490412
v -0.07029622 0.02128487 0.145201
v -0.07017004 0.02174741 0.1449921
v -0.07042241 0.02073556 0.1456557
v -0.07034587 0.02108442 0.1453338
v -0.06905078 0.0243383 0.1506983
v -0.06961852 0.02337127 0.1456736
v -0.06905573 0.02467894 0.1484627
v -0.06905841 0.02479082 0.1473564
v -0.0690639 0.0247938 0.1471008
v -0.06908172 0.02476388 0.1468168
v -0.0691424 0.02462941 0.1463376
v -0.06920188 0.02448689 0.1460437
v -0.06932008 0.0241934 0.1456404
v -0.06941378 0.02395421 0.1454117
v -0.06957429 0.02353161 0.1451334
v -0.06972485 0.02311557 0.1449806
v -0.06985062 0.022758 0.1448951
v -0.06993931 0.02249336 0.1448773
v -0.07006776 0.02208662 0.1449182
v -0.0700702 0.02207887 0.1449189
v -0.07010018 0.02198398 0.1449285
v -0.06824344 0.01539796 0.1586699
v -0.06824344 0.01316052 0.1609354
v -0.06824344 0.01059389 0.1628198
v -0.06824344 -0.007762134 0.164276
v -0.06824344 -0.01539796 0.1586699
v -0.06824344 -0.01316052 0.1609354
v -0.07743024 0.01786375 0.1136119
v -0.0752564 0.01835757 0.1135542
v -0.07743024 0.01750051 0.1115522
v -0.0752564 0.01798439 0.1114376
v -0.07743024 0.01690065 0.1095486
v -0.0752564 0.01736789 0.1093785
v -0.07743024 0.01607233 0.1076281
v -0.0752564 0.01651662 0.107405
v -0.07743024 0.0150265 0.1058169
v -0.0752564 0.01544195 0.1055436
v -0.07743024 0.0107401 0.1012735
v -0.0752564 0.01268351 0.1022562
v -0.0752564 0.01103699 0.1008747
v -0.07743024 0.008992671 0.1001241
v -0.0752564 0.009241282 0.09969359
v -0.07743024 0.007123649 0.09918546
v -0.0752564 0.007320523 0.09872895
v -0.07743024 0.005158185 0.09847015
v -0.0752564 0.00530076 0.09799385
v -0.07743024 0.003123044 0.09798783
v -0.0752564 0.003209412 0.09749817
v -0.07743024 0.001045644 0.097745
v -0.0752564 0.001074612 0.09724867
v -0.07743024 -0.001045644 0.097745
v -0.0752564 -0.001074612 0.09724867
v -0.07743024 -0.003123044 0.09798783
v -0.0752564 -0.003209412 0.09749817
v -0.07743024 -0.005158185 0.09847015
v -0.0752564 -0.00530076 0.09799385
v -0.07743024 -0.007123649 0.09918546
v -0.0752564 -0.007320523 0.09872895
v -0.07743024 -0.008992671 0.1001241
v -0.0752564 -0.009241282 0.09969359
v -0.07743024 -0.0107401 0.1012735
v -0.0752564 -0.01103699 0.1008747
v -0.07743024 -0.01234233 0.1026179
v -0.0752564 -0.01268351 0.1022562
v -0.07743024 -0.01377761 0.1041392
v -0.0752564 -0.01415842 0.1038196
v -0.07743024 -0.0150265 0.1058169
v -0.0752564 -0.01544195 0.1055436
v -0.07743024 -0.01607233 0.1076281
v -0.0752564 -0.01651662 0.107405
v -0.07743024 -0.01690065 0.1095486
v -0.0752564 -0.01736789 0.1093785
v -0.07743024 0.01234233 0.1287821
v -0.0752564 0.01103699 0.1305253
v -0.0752564 0.01268351 0.1291437
v -0.07743024 0.01377761 0.1272608
v -0.07743024 0.0150265 0.1255831
v -0.0752564 0.01415842 0.1275804
v -0.0752564 0.01544195 0.1258563
v -0.07743024 0.01607233 0.1237718
v -0.0752564 0.01651662 0.123995
v -0.07743024 0.01690065 0.1218513
v -0.0752564 0.01736789 0.1220214
v -0.07743024 0.01750051 0.1198477
v -0.0752564 0.01798439 0.1199623
v -0.07743024 0.01786375 0.117788
v -0.0752564 0.01835757 0.1178457
v -0.07743024 0.0179854 0.1157
v -0.0752564 0.01848256 0.1157
v -0.0752564 -0.01798439 0.1114376
v -0.07504737 -0.01737844 0.1093747
v -0.07504737 -0.01799523 0.1114349
v -0.0752564 0.009241282 0.1317064
v -0.07504737 0.007324934 0.1326813
v -0.07504737 0.009246885 0.1317161
v -0.07504737 -0.01836878 0.113553
v -0.07485204 -0.01829385 0.1135617
v -0.07504737 -0.01849383 0.1157
v -0.07485204 -0.01841843 0.1157
v -0.07504737 -0.01836878 0.117847
v -0.07485204 -0.01829385 0.1178382
v -0.07504737 -0.01799523 0.119965
v -0.07485204 -0.01792198 0.1199476
v -0.07504737 -0.01737844 0.1220253
v -0.07485204 -0.01730763 0.1219995
v -0.07504737 0.003211379 0.1339128
v -0.07485204 0.001070857 0.1340873
v -0.07485204 0.003198266 0.1338386
v -0.07504737 0.005304038 0.1334168
v -0.07485204 0.005282402 0.1333447
v -0.07485204 0.007295072 0.1326121
v -0.07485204 0.009209215 0.1316508
v -0.07504737 0.01104366 0.1305343
v -0.07485204 0.01829385 0.1135617
v -0.0747047 0.01814615 0.113579
v -0.07485204 0.01792198 0.1114524
v -0.0747047 0.01777726 0.1114867
v -0.07485204 0.01730763 0.1094005
v -0.07485204 0.01645934 0.1074338
v -0.0747047 0.01716792 0.1094514
v -0.0747047 0.01632636 0.1075005
v -0.07485204 0.0153883 0.1055788
v -0.0747047 0.01526415 0.1056606
v -0.07485204 0.01410937 0.1038608
v -0.0747047 0.01399534 0.1039564
v -0.07485204 0.01263952 0.1023029
v -0.0747047 0.01253736 0.102411
v -0.07485204 0.01099866 0.1009261
v -0.0747047 0.01090991 0.1010454
v -0.07485204 0.009209215 0.09974908
v -0.0747047 0.009134829 0.09987789
v -0.07485204 0.007295072 0.09878784
v -0.0747047 0.007236242 0.09892439
v -0.07485204 0.005282402 0.0980553
v -0.0747047 0.005239725 0.09819775
v -0.07485204 0.003198266 0.09756129
v -0.07485204 0.001070857 0.09731268
v -0.0747047 0.003172457 0.0977078
v -0.0747047 0.001062214 0.09746116
v -0.07485204 -0.001070857 0.09731268
v -0.0747047 -0.001062214 0.09746116
v -0.07485204 -0.003198266 0.09756129
v -0.0747047 -0.003172457 0.0977078
v -0.07485204 -0.005282402 0.0980553
v -0.07485204 -0.01263952 0.1023029
v -0.0747047 -0.01253736 0.102411
v -0.07485204 -0.01410937 0.1038608
v -0.0747047 -0.01399534 0.1039564
v -0.07485204 -0.0153883 0.1055788
v -0.0747047 -0.01814615 0.113579
v -0.0747047 -0.01826965 0.1157
v -0.0747047 -0.01814615 0.117821
v -0.0747047 -0.01777726 0.1199133
v -0.0747047 -0.01716792 0.1219485
v -0.07485204 -0.01645934 0.1239662
v -0.0747047 -0.01632636 0.1238994
v -0.07485204 -0.0153883 0.1258211
v -0.0747047 -0.01526415 0.1257393
v -0.07485204 -0.01410937 0.1275392
v -0.0747047 -0.01399534 0.1274436
v -0.07485204 -0.003198266 0.1338386
v -0.0747047 -0.005239725 0.1332021
v -0.0747047 -0.003172457 0.1336922
v -0.07485204 -0.001070857 0.1340873
v -0.0747047 -0.001062214 0.1339388
v -0.0747047 0.001062214 0.1339388
v -0.0747047 0.003172457 0.1336922
v -0.0747047 0.005239725 0.1332021
v -0.07485204 0.01099866 0.1304739
v -0.0747047 0.01090991 0.1303545
v -0.07485204 0.01263952 0.1290971
v -0.0747047 0.01253736 0.1289889
v -0.07485204 0.01410937 0.1275392
v -0.0747047 0.01399534 0.1274436
v -0.07485204 0.0153883 0.1258211
v -0.07485204 0.01645934 0.1239662
v -0.0747047 0.01632636 0.1238994
v -0.07485204 0.01730763 0.1219995
v -0.07463115 0.01795142 0.1136018
v -0.07463115 0.01758646 0.1115319
v -0.07463115 0.01698368 0.1095184
v -0.07463115 0.01615118 0.1075885
v -0.07463115 0.0151003 0.1057683
v -0.07463115 0.01384526 0.1040824
v -0.07463115 0.01240289 0.1025536
v -0.07463115 0.01079285 0.1012026
v -0.07463115 0.009036839 0.1000477
v -0.07463115 0.007158637 0.0991044
v -0.07463115 0.005183577 0.09838557
v -0.07463115 0.003138363 0.09790086
v -0.07463115 0.001050889 0.09765684
v -0.07463115 -0.001050889 0.09765684
v -0.07463115 -0.003138363 0.09790086
v -0.0747047 -0.005239725 0.09819775
v -0.07463115 -0.005183577 0.09838557
v -0.0747047 -0.007236242 0.09892439
v -0.07463115 -0.007158637 0.0991044
v -0.0747047 -0.009134829 0.09987789
v -0.07463115 -0.009036839 0.1000477
v -0.0747047 -0.01090991 0.1010454
v -0.07463115 -0.01079285 0.1012026
v -0.07463115 -0.01240289 0.1025536
v -0.07463115 -0.01384526 0.1040824
v -0.0747047 -0.01526415 0.1056606
v -0.07463115 -0.0151003 0.1057683
v -0.0747047 -0.01632636 0.1075005
v -0.07463115 -0.01615118 0.1075885
v -0.0747047 -0.01716792 0.1094514
v -0.07463115 -0.01698368 0.1095184
v -0.0747047 -0.01777726 0.1114867
v -0.07463115 -0.01758646 0.1115319
v -0.07463115 -0.01795142 0.1136018
v -0.07463115 -0.01807361 0.1157
v -0.07463115 -0.01795142 0.1177982
v -0.07463115 -0.01758646 0.119868
v -0.07463115 -0.01698368 0.1218816
v -0.07463115 -0.01615118 0.1238114
v -0.07463115 -0.0151003 0.1256316
v -0.07463115 -0.01384526 0.1273176
v -0.0747047 -0.01253736 0.1289889
v -0.07463115 -0.01240289 0.1288463
v -0.0747047 -0.01090991 0.1303545
v -0.07463115 -0.01079285 0.1301973
v -0.0747047 -0.009134829 0.1315219
v -0.07463115 -0.009036839 0.1313523
v -0.0747047 -0.007236242 0.1324756
v -0.07463115 -0.007158637 0.1322956
v -0.07463115 -0.005183577 0.1330144
v -0.07463115 -0.003138363 0.1334991
v -0.07463115 -0.001050889 0.1337431
v -0.07463115 0.001050889 0.1337431
v -0.07463115 0.003138363 0.1334991
v -0.07463115 0.005183577 0.1330144
v -0.0747047 0.007236242 0.1324756
v -0.07463115 0.007158637 0.1322956
v -0.0747047 0.009134829 0.1315219
v -0.07463115 0.009036839 0.1313523
v -0.07463115 0.01079285 0.1301973
v -0.07463115 0.01240289 0.1288463
v -0.07463115 0.01384526 0.1273176
v -0.0747047 0.01526415 0.1257393
v -0.07463115 0.0151003 0.1256316
v -0.07463115 0.01615118 0.1238114
v -0.0747047 0.01716792 0.1219485
v -0.07463115 0.01698368 0.1218816
v -0.0747047 0.01777726 0.1199133
v -0.07463115 0.01758646 0.119868
v -0.0747047 0.01814615 0.117821
v -0.07463115 0.01795142 0.1177982
v -0.0747047 0.01826965 0.1157
v -0.07463115 0.01807361 0.1157
v -0.06729513 -0.02755361 0.08569997
v -0.06149995 -0.02724999 0.08569997
v -0.06729447 -0.02744996 0.08331197
v -0.06349998 -0.02574247 0.07644748
v -0.06741058 -0.02673375 0.07900321
v -0.06771922 -0.02509653 0.07427215
v -0.06349998 -0.02411788 0.07279223
v -0.06811249 -0.02298361 0.07042515
v -0.06843984 -0.02107656 0.0680108
v -0.06149995 -0.02087461 0.06818401
v -0.06862604 -0.01999193 0.06663751
v -0.06912034 -0.01671952 0.06367856
v -0.06149995 -0.0136249 0.0621007
v -0.06948709 -0.01379585 0.06179791
v -0.06149995 -0.004731893 0.05886387
v -0.06998687 -0.008826375 0.05944937
v -0.069606 -0.01284766 0.0611881
v -0.07015913 0.006281614 0.05871766
v -0.07021534 0.004799604 0.05848956
v -0.06149995 0.004731893 0.05886387
v -0.07032084 0.002016901 0.05806118
v -0.07033991 0 0.05798661
v -0.07025426 -0.004305601 0.05832773
v -0.07022488 -0.004802048 0.05845087
v -0.0693643 0.01488596 0.06238472
v -0.0694853 0.01380097 0.06179982
v -0.06149995 0.0136249 0.0621007
v -0.0697928 0.01104485 0.06031394
v -0.0701192 0.00695008 0.05888426
v -0.06149995 0.02087461 0.06818401
v -0.06843596 0.0211113 0.06798851
v -0.06882488 0.01873278 0.06538462
v -0.06931161 0.01529777 0.0626561
v -0.06833851 0.02170735 0.06864088
v -0.06349998 0.02411788 0.07279223
v -0.06787061 0.02429533 0.07263845
v -0.06757074 0.02587717 0.07628339
v -0.06349998 0.02570503 0.07634407
v -0.06753844 0.0260474 0.07667565
v -0.06349998 0.02574247 0.07644748
v -0.06732863 0.02720683 0.08133101
v -0.06723839 0.02581024 0.1550958
v -0.06712108 0.02666181 0.1526173
v -0.06149995 0.02560657 0.1550199
v -0.06710416 0.02680027 0.1520559
v -0.06149995 0.02724999 0.1457
v -0.06705164 0.0274657 0.1477338
v -0.06707382 0.02754211 0.1457
v -0.06799703 0.02024137 0.1644487
v -0.06788885 0.02106386 0.1633794
v -0.06149995 0.02087461 0.1632159
v -0.06761103 0.02317613 0.1606326
v -0.06731677 0.02524071 0.1567531
v -0.0683602 0.01701027 0.1674471
v -0.06149995 0.0136249 0.1692992
v -0.06864523 0.01377749 0.1695706
v -0.06149995 0.01235771 0.1699868
v -0.06916409 -0.001903831 0.173286
v -0.06917333 0 0.1733521
v -0.06149995 -0.004731893 0.172536
v -0.06149995 0.004731893 0.172536
v -0.06912481 0.004360914 0.1730034
v -0.06910949 0.004792571 0.1728947
v -0.06349998 0.00844103 0.1717199
v -0.06895953 0.00900948 0.1718314
v -0.06349998 0.0121454 0.1702107
v -0.06871157 0.01302456 0.1700652
v -0.06907355 -0.00621891 0.1726384
v -0.06910353 -0.00478971 0.1728529
v -0.06349998 -0.00844103 0.1717199
v -0.06149995 -0.008132755 0.1717081
v -0.06853145 -0.01521944 0.1687466
v -0.06149995 -0.0136249 0.1692992
v -0.06818336 -0.01865959 0.166037
v -0.06149995 -0.02087461 0.1632159
v -0.06788611 -0.02109205 0.1633952
v -0.06856948 -0.01478755 0.1690285
v -0.06864362 -0.01378071 0.1695643
v -0.06349998 -0.0121454 0.1702107
v -0.06885433 -0.01092177 0.1710855
v -0.06905359 -0.006798565 0.1724969
v -0.06149995 -0.02560657 0.1550199
v -0.06722903 -0.02586209 0.1551111
v -0.06745785 -0.02425926 0.1587828
v -0.06781893 -0.02164185 0.1627982
v -0.06149995 -0.02724999 0.1457
v -0.06707382 -0.02754211 0.1457
v -0.06706303 -0.02719187 0.1500741
v -0.06720632 -0.0260213 0.1547467
v -0.06808567 0.02793973 0.1242499
v -0.06749737 0.02766126 0.1457075
v -0.06782877 0.02795076 0.1457136
v -0.06747639 0.02758502 0.1477442
v -0.06772381 0.02535128 0.1567766
v -0.06754082 0.02677839 0.1526343
v -0.06752502 0.02691739 0.1520721
v -0.06780827 0.02787512 0.1477668
v -0.06785547 0.02719795 0.1521293
v -0.06787085 0.02705669 0.1526958
v -0.06831622 0.02349698 0.1607771
v -0.06804883 0.02560526 0.1568674
v -0.0679993 0.0232768 0.1606636
v -0.06866633 0.02050513 0.1646181
v -0.06836116 0.0203275 0.1644883
v -0.06899517 0.01721847 0.1676321
v -0.06870216 0.01708054 0.1674937
v -0.06903266 0.01307636 0.1701182
v -0.06931316 0.01317358 0.1702611
v -0.06974661 0.009192526 0.1722509
v -0.06952267 0.01330572 0.1704784
v -0.0695374 0.009106993 0.1720333
v -0.06926614 0.009043872 0.1718887
v -0.06942212 0.004377067 0.1730635
v -0.0698955 0.004445672 0.1734262
v -0.06968712 0.004406154 0.1732088
v -0.06971651 1.84027e-05 0.1735762
v -0.06946295 1.35655e-05 0.1734289
v -0.06762045 -0.02613526 0.1547669
v -0.06945925 -0.001910746 0.1733466
v -0.06937366 -0.006242156 0.1726975
v -0.06935483 -0.006824076 0.1725557
v -0.06916701 -0.01096433 0.1711411
v -0.06889885 -0.01484727 0.169079
v -0.06971889 0 0.1735745
v -0.06972283 -0.001923382 0.1734922
v -0.06944221 -0.01104295 0.1712851
v -0.06918454 -0.0149616 0.1692204
v -0.06886309 -0.01528126 0.1687964
v -0.06853604 -0.01873785 0.1660802
v -0.06915014 -0.01539993 0.1689373
v -0.06819415 -0.02173489 0.1628339
v -0.06850492 -0.021932 0.1629574
v -0.06883507 -0.01889514 0.1662151
v -0.06785577 -0.02436524 0.1588101
v -0.06817704 -0.02460277 0.1589134
v -0.06870442 -0.0222035 0.1631503
v -0.06836688 -0.02493155 0.1590753
v -0.06794834 -0.02640253 0.154844
v -0.06812936 -0.02677375 0.1549638
v -0.06827622 -0.02613246 0.157419
v -0.06748676 -0.02731055 0.1500875
v -0.06781828 -0.02759718 0.1501291
v -0.06799322 -0.02799648 0.1501909
v -0.06749737 -0.02766126 0.1457075
v -0.06782877 -0.02795076 0.1457136
v -0.06800383 -0.02835446 0.145717
v -0.06737208 -0.02755773 0.1071575
v -0.067779 -0.02766799 0.1071579
v -0.06810432 -0.02793627 0.1071581
v -0.06829011 -0.02831482 0.1071583
v -0.06770533 -0.02766573 0.0856961
v -0.0680319 -0.027938 0.08569294
v -0.06770437 -0.02756172 0.08330589
v -0.06803083 -0.02783298 0.08328533
v -0.06781214 -0.02684241 0.07899367
v -0.07083225 0.008351564 0.05885028
v -0.07076865 0.007059693 0.05861592
v -0.07047683 0.01122915 0.06004005
v -0.06959152 0.01535308 0.06262576
v -0.06913357 0.01880288 0.06535851
v -0.06867802 0.02179139 0.06861966
v -0.06824094 0.02439224 0.07262253
v -0.07076328 0.002034485 0.05793243
v -0.07039499 0.00630331 0.05868053
v -0.07061433 0.006336808 0.05858951
v -0.07057774 0.007011353 0.05875617
v -0.07035696 0.006974101 0.05884736
v -0.07004654 0.01108366 0.06027966
v -0.07027977 0.01114642 0.06018632
v -0.06964117 0.01493954 0.06235384
v -0.069844 0.01544928 0.06252944
v -0.06940585 0.01893419 0.065261
v -0.06896942 0.02196162 0.06852519
v -0.06854921 0.02460414 0.0725395
v -0.06961423 0.01911354 0.06510192
v 0.06958585 0 0.07420837
v 0.0687437 0 0.08909416
v 0.06838256 0.006595671 0.0890758
v 0.07010054 0 0.05039232
v 0.06979835 0 0.06437617
v 0.06943219 0.006635189 0.06434673
v 0.04742181 0.0491364 0.1381863
v 0.04624074 0.04866039 0.1556296
v 0.04298162 0.05400544 0.1381664
v 0.04495263 0.05026876 0.1566421
v 0.04178458 0.05338513 0.1590024
v 0.06367349 0.006474018 0.1383422
v 0.06403994 0 0.138346
v 0.06377398 0 0.1403108
v 0.06345218 0.005723357 0.1405767
v 0.06333613 0.006460905 0.1406795
v 0.06268352 0.01296305 0.1383104
v 0.06471288 0.00553441 0.1309061
v 0.06466931 0.002888858 0.132907
v 0.06463104 0.001387596 0.1336879
v 0.06410151 0 0.1378909
v 0.06632447 0.009180843 0.1110764
v 0.06591606 0.01010316 0.1137339
v 0.06531769 0.01311516 0.1137145
v 0.06580334 0.01035755 0.1144669
v 0.06556671 0.01068645 0.1163018
v 0.06505346 0.01051819 0.121696
v 0.0648598 0.009501278 0.1251203
v 0.06519556 0.01076167 0.1198913
v 0.0648005 0.00873655 0.1267275
v 0.06473338 0.006767511 0.129609
v 0.06472897 0.006503701 0.1298865
v 0.06775963 0.002085447 0.1035352
v 0.0674054 0.004850327 0.1053959
v 0.0679115 0.001339912 0.1020022
v 0.06824058 0 0.09798878
v 0.06661504 0.00829786 0.1094322
v 0.06714498 0.01321995 0.08903652
v 0.06705474 0.006560504 0.1071569
v 0.0671572 0.00615561 0.1066266
v 0.04396426 0.05443018 0.1135264
v 0.0445519 0.05458998 0.08885145
v 0.04862207 0.04954707 0.1135518
v 0.04937177 0.04972398 0.08887618
v 0.05618059 0.03844738 0.1135925
v 0.0573107 0.03865522 0.08891791
v 0.05913364 0.03240597 0.1136129
v 0.06046253 0.03261286 0.08893913
v 0.06160688 0.02612972 0.1136381
v 0.06534469 0.01983195 0.08899635
v 0.06312537 0.02631932 0.08896434
v 0.05941772 0.02583158 0.1382473
v 0.05719238 0.03205889 0.1382287
v 0.06961041 0.006650269 0.03960454
v 0.06836968 0.013305 0.03957462
v 0.0681625 0.01328754 0.06431132
v 0.06650751 0.01990979 0.03954893
v 0.06629526 0.01991182 0.06427866
v 0.06127417 0.03258496 0.03951442
v 0.06117641 0.03267413 0.06423145
v 0.05788379 0.03852927 0.03950279
v 0.06397122 0.0263974 0.06425243
v 0.04473763 0.05447393 0.06415998
v 0.06816107 -0.005380392 0.09480625
v 0.06827849 -0.00455749 0.09433043
v 0.06845843 -0.006003916 0.08907878
v 0.06834065 -0.003972351 0.09418815
v 0.0687437 0 0.08909422
v 0.06838667 -0.003358542 0.09421467
v 0.06841552 -0.002600193 0.09450268
v 0.06841474 -0.001975059 0.09496361
v 0.06834441 -0.000781092 0.09647214
v 0.06657797 -0.01111143 0.1039224
v 0.06693667 -0.009546041 0.1031321
v 0.06727296 -0.01266652 0.08904004
v 0.06712704 -0.00911647 0.1016615
v 0.06756746 -0.007903814 0.09844237
v 0.06792026 -0.006602287 0.09612888
v 0.06804037 -0.005992889 0.09546923
v 0.06398624 -0.01851189 0.1136269
v 0.06431072 -0.01789015 0.111819
v 0.06549954 -0.01932227 0.08899915
v 0.06501066 -0.01622343 0.1087175
v 0.06541019 -0.0151118 0.1072655
v 0.06617653 -0.01263743 0.1049378
v 0.06618481 -0.01260608 0.1049169
v 0.06317275 -0.01621574 0.1280654
v 0.06310689 -0.01720958 0.1264027
v 0.05956053 -0.02537912 0.1382489
v 0.0635457 -0.01246386 0.1318883
v 0.0634436 -0.01341521 0.1312292
v 0.06338542 -0.01396721 0.1307269
v 0.06310606 -0.01851195 0.1231193
v 0.06318241 -0.01894634 0.1211392
v 0.06176698 -0.02567309 0.1136401
v 0.06345963 -0.01914864 0.1175795
v 0.06350791 -0.01912248 0.1171276
v 0.0637995 -0.01917088 0.1136745
v 0.0639792 -0.01852089 0.1136785
v 0.0632674 -0.008510351 0.1395173
v 0.0633493 -0.008984804 0.1383317
v 0.06278604 -0.01242101 0.1383136
v 0.06351315 -0.009933829 0.1359606
v 0.06320297 -0.007710218 0.1407907
v 0.06236255 -0.0123949 0.1415495
v 0.06226938 -0.01291394 0.1416336
v 0.06046825 -0.02008217 0.1433476
v 0.06374162 -0.0106396 0.1331524
v 0.0549677 -0.03493231 0.1484135
v 0.05466794 -0.0377168 0.1382156
v 0.05362772 -0.03745162 0.1495698
v 0.05177074 -0.04094296 0.1511721
v 0.03934288 -0.05564582 0.1607984
v 0.04317885 -0.05381315 0.1381673
v 0.03814977 -0.05815351 0.1381421
v 0.03697699 -0.05735957 0.1624661
v 0.06968533 -0.006054461 0.03960722
v 0.06950962 -0.006040275 0.06434983
v 0.05383735 -0.04408556 0.08889901
v 0.05289369 -0.04388922 0.1135744
v 0.05751317 -0.03830289 0.08891916
v 0.05637127 -0.03809469 0.1135936
v 0.06065165 -0.03220701 0.08894062
v 0.05930995 -0.03200078 0.1136144
v 0.0632984 -0.02586084 0.08896636
v 0.05735224 -0.03165638 0.1382297
v 0.0514422 -0.04349184 0.1382026
v 0.0441702 -0.05423718 0.1135275
v 0.03894728 -0.0586012 0.1134977
v 0.06829428 -0.01273226 0.06431424
v 0.0684995 -0.01275038 0.03957694
v 0.06645673 -0.01940166 0.06428092
v 0.06667023 -0.0194019 0.03955072
v 0.06415283 -0.02593958 0.0642541
v 0.05426865 -0.04407316 0.06419813
v 0.0580905 -0.03833466 0.06421476
v 0.0613749 -0.03226977 0.06423276
v 0.02298176 -0.02452331 0.1837385
v 0.0299248 -0.0244022 0.182453
v 0.0303207 -0.02439522 0.181129
v 0.02298176 -0.02452331 0.1837385
v 0.02954745 -0.02440869 0.1855566
v 0.0299248 -0.0244022 0.182453
v 0.0303207 -0.02439522 0.181129
v 0.03174859 -0.02437037 0.1782273
v 0.02298176 -0.02452331 0.1837385
v 0.02954745 -0.02440869 0.2194291
v 0.03008598 -0.02272832 0.1850443
v 0.03002983 -0.02291208 0.2197209
v 0.03128665 -0.01810717 0.1838917
v 0.03134709 -0.01774173 0.1838325
v 0.03135424 -0.01774185 0.2205619
v 0.03219193 -0.01263326 0.1830038
v 0.03140872 -0.01752907 0.2205966
v 0.03222799 -0.01230514 0.2211511
v 0.0322749 -0.01121705 0.1829196
v 0.03228795 -0.01121795 0.2211936
v 0.0324999 -0.007374942 0.2213436
v 0.0324999 -0.007374942 0.1826912
v 0.03249543 -0.006765127 0.1826959
v 0.03222799 -0.002444744 0.2211511
v 0.03216916 -0.001918911 0.1830266
v 0.03202366 -0.001141965 0.2210128
v 0.03204125 -0.001139283 0.183152
v 0.03140872 0.002779126 0.2205966
v 0.03136038 0.003011763 0.1838203
v 0.0307005 0.005543947 0.2201468
v 0.03070992 0.005546808 0.184445
v 0.03002983 0.008162081 0.2197209
v 0.03008598 0.00797832 0.1850443
v 0.02954745 0.009658753 0.2194291
v 0.02954745 0.009658753 0.1855566
vn 0.01953184 -0.5806757 -0.8138676
vn -0.05850398 -0.6558733 -0.7525559
vn 0.02636796 -0.7391888 -0.6729637
vn -0.7128514 -0.2800378 -0.6429334
vn -0.7743156 -0.2940763 -0.5602893
vn 0.03796499 0.3848384 -0.9221778
vn -0.707297 0.268868 -0.6537675
vn -0.7130039 0.1439558 -0.6862087
vn 0.02011168 0.5804315 -0.8140507
vn 0.6925871 0.4769433 -0.5410932
vn -0.7101047 0.4416028 -0.5483566
vn 0.02197331 0.8549456 0.5182348
vn -0.7479782 0.6016114 0.2802515
vn 0.01733446 0.9461348 0.323191
vn -0.7527695 0.3261818 0.5717643
vn 0.01873832 0.5843379 0.811243
vn 0.03772085 0.3838008 0.922605
vn -0.1301004 0.2126834 0.9684134
vn -0.02560502 0.2261726 0.9737236
vn -0.0293588 0.1191137 0.9924314
vn -0.1317789 0.1458784 0.9804682
vn -0.1259804 0.05209505 0.9906308
vn -0.02478098 0.006836116 0.9996643
vn -0.1207922 -6.1037e-05 0.992645
vn -0.02533036 -0.03073209 0.999176
vn -0.1260414 -0.05032497 0.9907224
vn -0.02276676 -0.08645892 0.9959716
vn -0.1274758 -0.1612903 0.9786065
vn -0.0241096 -0.1592761 0.9869076
vn -0.1274453 -0.2081667 0.9697256
vn -0.02172917 -0.2033448 0.9788507
vn -0.1297952 -0.2593158 0.9569994
vn -0.02221745 -0.250618 0.967803
vn -0.1305581 -0.3524277 0.926664
vn -0.02294987 -0.3493149 0.9367046
vn -0.1264076 -0.3972899 0.9089328
vn -0.02096617 -0.3984802 0.9169286
vn -0.1281167 -0.4273507 0.8949248
vn -0.02166813 -0.4266793 0.9041109
vn -0.1331523 -0.4825587 0.8656575
vn -0.02520829 -0.4839931 0.874691
vn -0.1333659 -0.5469527 0.8264412
vn -0.02215641 -0.553209 0.832728
vn -0.1267128 -0.5856197 0.8005921
vn -0.01940977 -0.5945616 0.803766
vn -0.1329081 -0.6229133 0.7708976
vn -0.0228278 -0.6357311 0.771569
vn -0.1313517 -0.6824244 0.7190161
vn -0.02111876 -0.6972564 0.7164831
vn -0.1374859 -0.7281411 0.6714377
vn -0.02584916 -0.7424238 0.669393
vn -0.1325724 -0.7503281 0.6476028
vn -0.02002012 -0.7638173 0.6451002
vn -0.1361125 -0.7826472 0.6073489
vn -0.02258366 -0.7972045 0.6032289
vn -0.1394696 -0.8415784 0.5217444
vn -0.01959288 0.2718894 0.962096
vn -0.1258583 0.256325 0.9583423
vn -0.02435374 0.3085421 0.9508957
vn -0.1312906 0.2867519 0.9489426
vn -0.02975553 0.4052858 0.9136937
vn -0.1297952 0.3530687 0.9265419
vn -0.1318399 0.3868526 0.912656
vn -0.0216071 0.4638813 0.8856166
vn -0.1329386 0.4282052 0.8937956
vn -0.1326029 0.5108188 0.8493607
vn -0.02600175 0.543321 0.8391065
vn -0.1299783 0.579455 0.804529
vn -0.02917569 0.5868709 0.8091372
vn -0.0241096 0.657857 0.752739
vn -0.131962 0.6265755 0.7680898
vn -0.02233952 0.7200843 0.6935026
vn -0.134495 0.6835536 0.7173681
vn -0.136082 0.7503586 0.6468398
vn -0.02276676 0.7500534 0.6609393
vn -0.02877891 0.8481704 0.5288858
vn -0.1388897 0.8352916 0.5319376
vn -0.02349925 0.8995026 0.4362316
vn -0.1396222 0.8743248 0.4647664
vn -0.02233952 0.9399396 0.3405866
vn -0.1405682 0.8996857 0.4132206
vn -0.1424604 0.918363 0.3691824
vn -0.1233558 -0.5744499 -0.8091678
vn -0.02453684 -0.5945006 -0.8037049
vn -0.1286355 -0.5322734 -0.8366954
vn -0.0305795 -0.5222632 -0.8522294
vn -0.1277505 -0.4496902 -0.8839687
vn -0.02423167 -0.4710227 -0.8817713
vn -0.1204565 -0.4070864 -0.9053927
vn -0.02002012 -0.4411146 -0.8972136
vn -0.1290322 -0.371868 -0.9192481
vn -0.03225803 -0.3497421 -0.9362773
vn -0.1251869 -0.3068941 -0.9434492
vn -0.02575761 -0.2878506 -0.9573046
vn -0.1308633 -0.2195196 -0.9667654
vn -0.03732413 -0.2498855 -0.9675283
vn -0.1268654 -0.176519 -0.9760735
vn -0.0228278 -0.2072511 -0.9779962
vn -0.1314737 -0.1157262 -0.9845271
vn -0.01977598 -0.1373943 -0.9902951
vn -0.134434 -0.01364177 -0.9908139
vn -0.01452678 -0.05554366 -0.9983215
vn -0.13361 0.03299045 -0.9904782
vn -0.02710038 0.01510661 -0.9995117
vn -0.131901 0.07797479 -0.9881588
vn -0.1295816 0.1521347 -0.9797968
vn -0.01657152 0.04956203 -0.9986267
vn -0.02914518 0.1696829 -0.9850459
vn -0.1267738 0.1981261 -0.971923
vn -0.1283303 0.2423474 -0.9616382
vn -0.03274631 0.2164372 -0.9757378
vn -0.02966398 0.2707602 -0.9621571
vn -0.1270485 0.3388775 -0.9321879
vn -0.02951139 0.3687857 -0.929014
vn -0.1288796 0.3883786 -0.9124119
vn -0.03656113 0.4122135 -0.9103366
vn -0.1313211 0.4123051 -0.9015168
vn -0.03094571 0.4461196 -0.894406
vn -0.1277199 0.4684897 -0.8741722
vn -0.02560502 0.4983673 -0.8665731
vn -0.129429 0.5349895 -0.8348643
vn -0.02938932 0.571276 -0.8202155
vn -0.1277505 0.5775933 -0.806238
vn -0.1325724 0.6075015 -0.7831355
vn -0.03604233 0.6061891 -0.7944884
vn -0.02951139 0.6510514 -0.7584155
vn -0.1311686 0.6722007 -0.7286294
vn -0.03088468 0.7129429 -0.7004914
vn -0.1320536 0.7173376 -0.6840724
vn -0.02502512 0.7541429 -0.656209
vn -0.1315958 0.7439192 -0.6551408
vn -0.03430277 0.7712333 -0.6355785
vn -0.1348918 0.7711722 -0.6221504
vn -0.02917569 0.8083743 -0.5878781
vn -0.1354411 0.8338878 -0.53502
vn -0.03061002 -0.6376842 -0.7696768
vn -0.1296731 -0.5932493 -0.7944884
vn -0.132725 -0.6372875 -0.7590564
vn -0.0303964 -0.7013154 -0.7121495
vn -0.130375 -0.6976836 -0.7044283
vn -0.02868735 -0.7713553 -0.6357311
vn -0.1291238 -0.7362285 -0.6642659
vn -0.03677475 -0.797998 -0.6014893
vn -0.1365398 -0.7626575 -0.632191
vn -0.03128147 -0.8327586 -0.5526902
vn -0.1348918 -0.8279977 -0.5442061
vn -0.02990812 -0.8880581 -0.4587237
vn -0.1387676 -0.8832972 -0.447737
vn -0.4780114 -0.8529618 -0.2095706
vn -0.8298288 -0.5482956 -0.1034272
vn -0.4807276 -0.8676717 -0.1264687
vn 0.0406506 0.7080905 0.7049165
vn 0.1495407 0.6991485 0.6991485
vn 0.04886013 0.4957427 0.8670614
vn 0.1495407 0.4943693 0.8562578
vn 0.04705953 0.2604144 0.9643239
vn 0.04382455 -0.9649342 0.2587664
vn 0.1495407 -0.8562578 0.4943693
vn 0.1495407 -0.9550462 0.2558977
vn 0.04510635 0.86639 0.4972686
vn -0.1843013 0.8930021 0.4105045
vn 0.04348886 0.9665517 0.2526322
vn -0.2198248 0.7667776 0.6030458
vn -0.2426221 0.5963927 0.7650991
vn -0.2236396 0.3348796 0.9153112
vn -0.265511 0.1085848 0.9579455
vn -0.06137269 0.0109561 0.9980468
vn 0.03946042 -0.866451 0.4976348
vn -0.1378521 -0.8462783 0.5145421
vn -0.219245 -0.7750176 0.5926389
vn -0.1731315 -0.9303568 0.3230994
vn -0.2100284 -0.8975494 0.3876461
vn -0.1243629 -0.877163 0.4637287
vn 0.03964352 -0.9935911 0.1057161
vn -0.1730704 -0.9846187 0.02331614
vn -0.1778008 -0.9789727 0.09967344
vn -0.1606189 -0.970214 0.1812494
vn -0.1186559 -0.9602954 0.2523881
vn 0.04510635 -0.86639 -0.4972991
vn 0.1495407 -0.8562578 -0.4943693
vn 0.04062008 -0.7080905 -0.7049165
vn 0.1495407 -0.6991485 -0.6991485
vn 0.04892116 -0.4957122 -0.8670919
vn -0.1532334 -0.9675588 -0.2007202
vn 0.04199343 -0.9930723 -0.1094698
vn 0.04348886 -0.9665517 -0.2526322
vn -0.1842402 -0.8930021 -0.410535
vn -0.1813409 -0.9239174 -0.3368023
vn -0.2197027 -0.7668081 -0.6030763
vn -0.1242713 -0.7379071 -0.6633504
vn -0.1568956 -0.5330973 -0.8313547
vn -0.2425306 -0.5964232 -0.7651296
vn 0.04705953 -0.2604449 -0.9643239
vn -0.2238532 -0.3349101 -0.9152501
vn 0.04733419 0.2632527 -0.9635609
vn -0.2730186 0.1212806 -0.9543138
vn -0.06167787 -0.01101714 -0.9980163
vn 0.05288857 0.4986419 -0.8651692
vn -0.2546769 0.348735 -0.9019441
vn 0.03872793 0.7071139 -0.7060152
vn -0.2300485 0.6111332 -0.7573168
vn -0.1883602 0.5527818 -0.8117313
vn 0.03946042 0.866451 -0.4976348
vn -0.1378826 0.8462783 -0.5145421
vn -0.2194586 0.7749871 -0.5926084
vn 0.04382455 0.9649342 -0.2587664
vn -0.1186559 0.9602954 -0.2523881
vn -0.173162 0.9303568 -0.3230994
vn -0.2100894 0.8975189 -0.3876461
vn -0.1244544 0.877163 -0.4636982
vn 0.03964352 0.9935911 -0.1057161
vn -0.1777703 0.9790033 -0.09970396
vn -0.1606494 0.970214 -0.1812494
vn -0.02813804 0.9859615 0.1644642
vn -0.1432234 0.9768059 0.159154
vn -0.1727958 0.9787896 0.1099582
vn -0.02581864 0.9858394 0.1656239
vn -0.9945677 -0.0970183 -0.03726309
vn -0.991638 -0.1141392 -0.05999934
vn -0.9722892 -0.2031311 0.1156346
vn -0.9724113 -0.2063966 0.1084933
vn -0.9492477 -0.3126621 0.03396707
vn -0.9833979 -0.1813104 0
vn -0.9857174 -0.1682485 0.002594053
vn -0.6710715 -0.3685415 -0.6432691
vn -0.9363384 -0.266335 -0.2287057
vn -0.9954223 -0.0864284 0.04022336
vn -0.9718009 0.2079531 -0.1110873
vn -0.9720451 0.2032227 -0.1174047
vn -0.9904172 0.122074 0.06439405
vn -0.9636219 0.2671591 0.002716124
vn -0.9691153 0.2464675 0.001647949
vn -0.9823298 0.1870479 -0.000152593
vn -0.995117 0.06201356 -0.07657092
vn -0.9949644 0.06332588 -0.0773949
vn -0.6169317 0.7303079 -0.2932524
vn -0.995117 -0.06201356 0.07660144
vn -0.9949644 -0.06332588 0.0773949
vn -0.6169317 -0.7303079 0.2932829
vn -0.9396344 0.3416242 -0.01815849
vn -0.9358806 0.3521531 -0.009033441
vn -0.9849849 0.1724601 -0.004577755
vn -0.9595935 0.2807092 0.01864677
vn -0.9301736 0.3671072 -0.001342773
vn -0.9273355 0.3741569 0.000549333
vn -0.9233375 0.3839533 0.001678466
vn 0.2693564 0.9603565 0.07177948
vn -0.9128391 0.4082156 0.00338751
vn -0.9639577 0.2642598 0.0303964
vn -0.9546495 0.2974029 0.01193273
vn -0.9417096 0.3359172 -0.01721239
vn -0.9931028 0.09152501 0.07296973
vn -0.5901059 0.7854549 0.1865901
vn -0.5805231 0.7959228 0.1715445
vn -0.8136845 0.5718253 0.1043123
vn -0.973571 0.2199469 0.06115907
vn -0.9926145 0.1085543 0.05383461
vn -0.9713126 0.2322153 0.05105745
vn -0.9926756 0.1127048 0.04284799
vn -0.9699698 0.2390515 0.04422128
vn -0.9912106 0.1248512 0.04330575
vn -0.9927976 0.09375286 0.07431256
vn -0.9935911 0.08078247 0.07870721
vn -0.594348 0.7712943 0.227546
vn -0.9944761 0.06958216 0.07818841
vn -0.6154057 0.7405927 0.2696921
vn -0.9969481 0.0356456 0.06915491
vn -0.5955382 0.6472671 0.4757225
vn -0.9965209 0.04147464 0.07220679
vn -0.6229743 0.6594745 0.4206366
vn -0.9964293 0.04345834 0.07208472
vn -0.6215094 0.6610614 0.4203009
vn -0.9959105 0.05078279 0.07431256
vn -0.5977966 0.7033906 0.3844722
vn -0.9952697 0.06033504 0.07602161
vn -0.5940123 0.724601 0.3493454
vn -0.9949949 0.06350898 0.0770592
vn -0.586169 0.7396771 0.3304849
vn -0.9976806 0.02182072 0.06402778
vn -0.5990478 0.525193 0.604358
vn -0.9973449 0.02764976 0.06704914
vn -0.6280099 0.5507065 0.5498215
vn -0.9973754 0.02795493 0.06643879
vn -0.6271859 0.5514084 0.5500046
vn -0.6000854 0.6048159 0.523484
vn -0.9981079 0.01297032 0.05984675
vn -0.6021607 0.3791314 0.7025666
vn -0.9979248 0.01678514 0.06204408
vn -0.6307566 0.4170049 0.6543474
vn -0.9979858 0.0167241 0.061037
vn -0.6302988 0.4175238 0.6545
vn -0.6016724 0.4762108 0.6412244
vn -0.6004211 0.1886959 0.7770623
vn -0.604236 0.2147587 0.7672964
vn -0.9982604 0.009063959 0.05789357
vn -0.6328929 0.2628864 0.7282327
vn -0.9983825 0.009277582 0.05575728
vn -0.6328013 0.262978 0.7282632
vn -0.6011536 0.3254494 0.7298197
vn -0.998352 0.00640887 0.0567339
vn -0.5987122 0.1608936 0.7846004
vn -0.9985961 0.004089474 0.05243074
vn -0.998413 0.003051817 0.05581831
vn -0.9984436 -0.003479063 0.0554521
vn -0.5967285 -0.01535075 0.8022706
vn -0.9984436 -0.000183111 0.05560469
vn -0.5983154 0.0120548 0.8011414
vn -0.9986572 0.000762963 0.05175936
vn -0.6053957 0.03988766 0.7948851
vn -0.6340831 0.09753715 0.7670522
vn -0.9985656 -0.005249142 0.05325478
vn -0.6108585 -0.1276284 0.7813654
vn -0.6329844 -0.07312232 0.770684
vn -0.998352 -0.01089507 0.05624556
vn -0.6113468 -0.2941984 0.734611
vn -0.9982299 -0.00943017 0.05859553
vn -0.6319773 -0.240791 0.7365947
vn -0.9982604 -0.006775081 0.05838185
vn -0.5939818 -0.1919614 0.7812128
vn -0.6083254 -0.1705679 0.7751091
vn -0.625782 -0.5340739 0.5684072
vn -0.5854061 -0.5107272 0.6295968
vn -0.9976196 -0.02392649 0.06454664
vn -0.6045107 -0.4578997 0.6518144
vn -0.9980163 -0.01669359 0.06039613
vn -0.6296274 -0.3975951 0.6674093
vn -0.9978027 -0.01742607 0.06357002
vn -0.6299326 -0.3959776 0.6680807
vn -0.9979858 -0.01376384 0.06152528
vn -0.589343 -0.3583788 0.7240211
vn -0.6103397 -0.3357952 0.7173986
vn -0.9972534 -0.02874839 0.0680868
vn -0.9973754 -0.028077 0.06643879
vn -0.624897 -0.5355998 0.5679495
vn -0.6020691 -0.5893735 0.5386212
vn -0.9968871 -0.03701895 0.06958216
vn -0.5807367 -0.638966 0.5043794
vn -0.621601 -0.647908 0.4401684
vn -0.9963378 -0.04428231 0.07269507
vn -0.9963988 -0.04397714 0.07242041
vn -0.995819 -0.05322426 0.07422101
vn -0.5747856 -0.7364116 0.3567613
vn -0.597705 -0.6953948 0.3989074
vn -0.6192816 -0.6508682 0.4391003
vn -0.9934996 -0.08145385 0.07943964
vn -0.5699637 -0.7926267 0.2164677
vn -0.994232 -0.0736106 0.07788324
vn -0.5923948 -0.7684255 0.2420117
vn -0.6132389 -0.7341533 0.2914212
vn -0.993347 -0.0945158 0.0655232
vn -0.9751884 -0.2117679 0.06418043
vn -0.8070315 -0.5794855 0.1132541
vn -0.9927976 -0.09747612 0.06949061
vn -0.5692617 -0.7989746 0.193762
vn -0.9561449 -0.2928251 -0.000518815
vn -0.935606 -0.3526414 -0.01480144
vn -0.9602649 -0.2785119 0.01718187
vn -0.9902646 -0.124607 0.0615558
vn -0.9682913 -0.2460707 0.04275637
vn -0.9724418 -0.22837 0.04672384
vn -0.9748528 -0.2186956 0.04214602
vn -0.9417402 -0.3306375 -0.06106752
vn -0.9569079 -0.2903531 -0.003051817
vn -0.9616687 -0.273629 0.01657152
vn -0.9653005 -0.2591021 0.03152561
vn -0.9820551 -0.1884823 0.001312255
vn -0.9124729 -0.408948 0.01165807
vn -0.9277932 -0.3729972 0.003418028
vn -0.9846187 -0.1745964 -0.00451672
vn -0.9311197 -0.3646656 -0.002288877
vn -0.9849849 -0.1724601 0.004577755
vn -0.7904294 0.3318278 -0.5148168
vn -0.8072451 0.4082461 -0.426191
vn -0.6024964 -0.5850399 -0.5428327
vn -0.6578875 -0.5060579 -0.5576953
vn -0.9595935 -0.2807092 -0.01861625
vn -0.9912412 -0.124607 -0.04330575
vn -0.9926756 -0.1127353 -0.04293954
vn -0.6433302 -0.6321299 -0.4318369
vn -0.6979888 -0.3476058 -0.6260567
vn -0.6619465 -0.2746666 -0.6973785
vn -0.7020783 -0.1884518 -0.686697
vn -0.683462 -0.02172917 -0.7296366
vn -0.6812952 -0.01794487 -0.7317423
vn -0.7539293 0.05285805 -0.6547746
vn -0.7292398 0.1678518 -0.6633198
vn -0.9931028 -0.0914945 -0.07296973
vn -0.5901059 -0.7854549 -0.1865901
vn -0.5805231 -0.7959228 -0.171575
vn -0.6199225 -0.7692191 -0.1547899
vn -0.6443373 -0.7128208 -0.276925
vn -0.992523 -0.1094698 -0.05368202
vn -0.5976745 -0.7062594 -0.3793451
vn -0.5953246 -0.7067782 -0.3820917
vn -0.9927976 -0.09375286 -0.07431256
vn -0.9935911 -0.08078247 -0.07870721
vn -0.594348 -0.7712943 -0.227546
vn -0.9944761 -0.06958216 -0.07818841
vn -0.6154057 -0.7405927 -0.2697226
vn -0.9969481 -0.0356456 -0.06915491
vn -0.5955382 -0.6472976 -0.4756615
vn -0.9965209 -0.04147464 -0.07220679
vn -0.6230354 -0.659505 -0.4205145
vn -0.9964293 -0.04345834 -0.07208472
vn -0.6215094 -0.6610614 -0.4203009
vn -0.9959105 -0.05078279 -0.07431256
vn -0.5977966 -0.7033906 -0.3844722
vn -0.9952697 -0.06033504 -0.07602161
vn -0.5940123 -0.724601 -0.3493454
vn -0.9949949 -0.06350898 -0.07708972
vn -0.586169 -0.7396771 -0.3304849
vn -0.9976806 -0.02182072 -0.06402778
vn -0.5990478 -0.525193 -0.6043885
vn -0.9973449 -0.02764976 -0.06704914
vn -0.6280099 -0.550676 -0.5498215
vn -0.9973754 -0.02795493 -0.06643879
vn -0.6271859 -0.5514084 -0.5500046
vn -0.6000854 -0.6048159 -0.523484
vn -0.9981079 -0.01297032 -0.05984675
vn -0.6021607 -0.379162 -0.7025666
vn -0.9979248 -0.01678514 -0.06204408
vn -0.6307566 -0.4170964 -0.6543169
vn -0.9979858 -0.0167241 -0.061037
vn -0.6302988 -0.4175543 -0.6544389
vn -0.6016724 -0.4762108 -0.6412244
vn -0.6004517 -0.1886959 -0.7770318
vn -0.604236 -0.2147892 -0.7672964
vn -0.9982604 -0.009063959 -0.05789357
vn -0.6328929 -0.2628864 -0.7282022
vn -0.9983825 -0.009247064 -0.05575728
vn -0.6328013 -0.2629474 -0.7282632
vn -0.6011536 -0.3254188 -0.7298197
vn -0.998352 -0.00640887 -0.05667287
vn -0.5987122 -0.1609241 -0.7846004
vn -0.9985961 -0.004089474 -0.05240023
vn -0.998413 -0.003051817 -0.05581831
vn -0.9984436 0.003479063 -0.05551314
vn -0.5966979 0.01532024 -0.8023011
vn -0.9984436 0.000183111 -0.05560469
vn -0.5983459 -0.0120548 -0.8011109
vn -0.9986572 -0.000793481 -0.05175936
vn -0.6053957 -0.03988766 -0.7948851
vn -0.6340831 -0.09756767 -0.7670522
vn -0.9985351 0.005249142 -0.05325478
vn -0.610889 0.1276284 -0.7813349
vn -0.6329844 0.07315284 -0.7706534
vn -0.998352 0.01089507 -0.05624556
vn -0.6112858 0.29429 -0.734611
vn -0.9982299 0.00943017 -0.05859553
vn -0.6320078 0.24073 -0.7365947
vn -0.9982604 0.006775081 -0.05838185
vn -0.5939818 0.1919614 -0.7812128
vn -0.6083254 0.1705679 -0.7751091
vn -0.6258125 0.5340739 -0.5684072
vn -0.5854061 0.5107272 -0.6295968
vn -0.9976196 0.02392649 -0.06454664
vn -0.6045107 0.4579302 -0.6517533
vn -0.9980163 0.01669359 -0.06039613
vn -0.6295358 0.3975341 -0.6675314
vn -0.9978027 0.01742607 -0.06357002
vn -0.6299936 0.3957945 -0.6681417
vn -0.9979858 0.01376384 -0.06152528
vn -0.5893124 0.3583788 -0.7240517
vn -0.6103397 0.3358562 -0.7173376
vn -0.9972534 0.02874839 -0.0680868
vn -0.9973754 0.028077 -0.06643879
vn -0.624897 0.5356304 -0.567919
vn -0.6020691 0.589404 -0.5385907
vn -0.9968871 0.03701895 -0.06958216
vn -0.5807367 0.638966 -0.5043794
vn -0.621601 0.647908 -0.440199
vn -0.9963378 0.04428231 -0.07272559
vn -0.9963988 0.04397714 -0.07242041
vn -0.995819 0.05322426 -0.07422101
vn -0.5747856 0.7364116 -0.3567308
vn -0.597705 0.6953642 -0.3989074
vn -0.6192816 0.6508377 -0.4391309
vn -0.9934996 0.08145385 -0.07943964
vn -0.5699637 0.7926267 -0.2164372
vn -0.994232 0.0736106 -0.07788324
vn -0.5923948 0.7684255 -0.2419507
vn -0.6132084 0.7341838 -0.2913602
vn -0.993347 0.0945158 -0.0655232
vn -0.6042665 0.750145 -0.2685018
vn -0.63567 0.749382 -0.1851863
vn -0.6106754 0.7804499 -0.1339152
vn -0.9927976 0.09747612 -0.06952112
vn -0.5692617 0.7989746 -0.1937315
vn -0.6581317 0.6784875 -0.3263039
vn -0.6047548 0.6604205 -0.4450514
vn -0.9902646 0.1246681 -0.06152528
vn -0.6299326 0.611652 -0.4785608
vn -0.956328 0.2922147 0.000915555
vn -0.7247231 -0.1170079 -0.6790063
vn -0.9602649 0.2785119 -0.01718187
vn -0.6890164 0.1133762 -0.7157811
vn -0.7044283 0.2623981 -0.659444
vn -0.649495 0.3286538 -0.6856288
vn -0.6737571 0.3675344 -0.6410108
vn -0.6456496 0.4564653 -0.6121402
vn -0.6130558 0.5059969 -0.6066775
vn -0.7845699 -0.5015717 -0.3644825
vn -0.8065432 -0.3597217 -0.4690695
vn -0.9820246 0.1886349 -0.000122074
vn -0.7521592 -0.3345439 -0.5677053
vn -0.7636952 -0.1655934 -0.6239204
vn -0.9846187 0.1745964 0.00451672
vn -0.9748833 0.2171087 0.04928737
vn -0.9749138 0.21601 0.05340737
vn -0.9857479 0.1680959 -0.002349913
vn -0.9730827 0.2252876 0.04831075
vn -0.9715567 0.2328562 0.04297006
vn -0.9685354 0.2485733 0.009216547
vn -0.9704581 0.2386547 0.03485208
vn -0.968566 0.2472915 0.0255745
vn -0.9677114 0.2515336 0.0140385
vn -0.9759514 0.2087771 0.06259346
vn -0.9823603 0.1719107 0.07345801
vn -0.9812311 0.1790521 0.0712912
vn -0.9798578 0.186285 0.07159638
vn -0.9839473 0.1711173 -0.05029445
vn -0.9805292 0.1850947 -0.06518751
vn -0.9766839 0.1989196 -0.08062988
vn -0.9859005 0.1540879 0.06476026
vn -0.9896543 0.1301004 0.06033504
vn -0.97528 0.1991332 -0.09558397
vn -0.9739372 0.2076784 -0.09100615
vn -0.9726859 0.2065492 -0.1057466
vn -0.9724723 0.2072511 -0.1063875
vn -0.9720756 0.2096316 -0.1053193
vn -0.9959716 0.07919549 0.04138308
vn -0.9934996 0.1046479 0.04419076
vn -0.6787317 0.3500473 -0.6455581
vn -0.9970092 0.06915491 0.03442484
vn -0.959563 0.1895809 -0.2079226
vn -0.9981994 0.05301064 0.02734458
vn -0.9732963 0.1565905 -0.1676381
vn -0.9985656 0.04495376 0.02801597
vn -0.9740593 0.1432234 -0.1750847
vn -0.9986572 0.04300057 0.02853477
vn -0.97528 0.128605 -0.1796014
vn -0.9989624 0.03799551 0.02401804
vn -0.9761345 0.1097751 -0.187231
vn -0.9992981 0.02649003 0.02630692
vn -0.97763 0.09201329 -0.1889706
vn -0.9994812 0.0228278 0.02243107
vn -0.9779962 0.07992798 -0.1926023
vn -0.9995117 0.01553392 0.02649003
vn -0.9786981 0.06076234 -0.1959899
vn -0.9997254 0.01123076 0.0205084
vn -0.979339 0.04788351 -0.1963256
vn -0.9996948 0.007507503 0.02294987
vn -0.9996033 0.007507503 0.02691727
vn -0.9799799 0.04016232 -0.1948301
vn -0.9801325 0.02874839 -0.196173
vn -0.9997864 0.00225836 0.02002012
vn -0.9794915 0.01901298 -0.2005371
vn -0.9996643 0.00100708 0.02536088
vn -0.9800409 0.008331537 -0.1985534
vn -0.9794915 -0.003326475 -0.2013611
vn -0.9997254 -0.003845274 0.02255314
vn -0.9800104 -0.01641893 -0.1982177
vn -0.9996033 -0.006714046 0.02655106
vn -0.9793695 -0.02746665 -0.2001709
vn -0.9996948 -0.01104766 0.0216071
vn -0.9791253 -0.04019284 -0.1991943
vn -0.9996033 -0.01202428 0.02441477
vn -0.9782403 -0.0557878 -0.1998047
vn -0.9995728 -0.01763969 0.022309
vn -0.9784234 -0.07101655 -0.1939451
vn -0.9994812 -0.01953184 0.02548295
vn -0.9772942 -0.08749651 -0.1928464
vn -0.9994507 -0.02215641 0.02404856
vn -0.9767449 -0.1043733 -0.1871089
vn -0.9994202 -0.02645951 0.02081358
vn -0.9990845 -0.03494364 0.02414011
vn -0.9759209 -0.1181676 -0.1832026
vn -0.9987182 -0.03991818 0.03082364
vn -0.9762261 -0.1273232 -0.1752372
vn -0.9748222 -0.1379131 -0.1750236
vn -0.9979858 -0.05639815 0.02816855
vn -0.9648122 -0.1692861 -0.2010559
vn -0.997406 -0.06268501 0.0351268
vn -0.952147 -0.1922666 -0.237495
vn -0.9972229 -0.06558424 0.03515732
vn -0.6789148 -0.3471786 -0.6469314
vn -0.6791895 -0.3519089 -0.6440626
vn -0.9935606 -0.1006805 0.05178987
vn -0.9690542 -0.2071291 -0.1340678
vn -0.9725639 -0.2050843 -0.1095309
vn -0.9898679 -0.1306192 0.0554521
vn -0.9717399 -0.2096011 -0.1083102
vn -0.98764 -0.1426435 0.06472975
vn -0.9751579 -0.1960204 -0.1028473
vn -0.9852901 -0.1551256 0.0712912
vn -0.9764092 -0.1992248 -0.08297979
vn -0.9824824 -0.1705374 0.07510602
vn -0.9559313 -0.293527 -0.000396741
vn -0.9812616 -0.178869 0.07123017
vn -0.9784539 -0.1949217 0.06765949
vn -0.9742424 -0.2196112 0.05056911
vn -0.9751884 -0.2150639 0.05203402
vn -0.9857479 -0.1681569 -0.001953184
vn -0.9755852 -0.2102725 0.06286811
vn -0.9822993 -0.187292 0
vn -0.9692068 -0.2461317 -0.001342773
vn -0.9681082 -0.2504654 0.004333615
vn -0.9824519 -0.1864986 0
vn -0.9682913 -0.2492446 0.01519817
vn -0.9824519 -0.1864986 0
vn -0.9824519 -0.1864986 0
vn -0.9824519 -0.1864986 0
vn -0.9823603 -0.1868953 -0.000244148
vn -0.9822688 -0.1873226 0
vn -0.9822688 -0.1873226 0
vn -0.982757 -0.1847285 0
vn -0.982757 -0.1847285 0
vn -0.9692068 -0.2449415 0.02471995
vn -0.982757 -0.1847285 0
vn -0.982757 -0.1847285 0
vn -0.9825739 -0.1857356 -0.000518815
vn -0.9824519 -0.1864986 0
vn -0.9834285 -0.1812799 0
vn -0.9834285 -0.1812799 0
vn -0.9697867 -0.2410962 0.03671371
vn -0.9832453 -0.1822565 -0.000854518
vn -0.9692679 -0.2441175 0.02966398
vn -0.9828486 -0.1843318 -0.000122074
vn -0.982757 -0.1847285 0
vn -0.9839168 -0.1785333 -0.001068115
vn -0.97116 -0.2338938 0.04568618
vn -0.9738152 -0.2215338 0.05087435
vn -0.9833979 -0.1813715 3.05185e-05
vn -0.9700919 -0.2389294 -0.04220706
vn -0.9689627 -0.2450941 -0.03170871
vn -0.9830927 -0.1830195 0.001281738
vn -0.9689016 -0.2461317 -0.02514719
vn -0.9683828 -0.2488479 -0.01660203
vn -0.9342326 -0.3566393 0.000549333
vn -0.9681082 -0.2503738 -0.005981624
vn -0.9733268 -0.2241584 -0.04834127
vn -0.9750969 -0.2146061 -0.05536055
vn -0.985992 -0.1666921 0
vn -0.9763787 -0.2067629 -0.06228822
vn -0.9766228 -0.208655 -0.05105745
vn -0.9767144 -0.2058168 -0.060274
vn -0.9826045 -0.1699575 -0.07446515
vn -0.98175 -0.176458 -0.07083344
vn -0.980224 -0.1840876 -0.07217627
vn -0.9839473 -0.1711173 0.05032497
vn -0.9805292 -0.1850947 0.06518751
vn -0.9773858 -0.1981567 0.07373267
vn -0.9744255 -0.2022461 0.09772026
vn -0.9738152 -0.2063661 0.09527873
vn -0.990936 -0.1228675 -0.05383461
vn -0.9874264 -0.1451765 -0.06204408
vn -0.9722892 -0.2065798 0.1091341
vn -0.9725028 -0.2059694 0.1085543
vn -0.9726249 -0.2085635 0.102298
vn -0.9963378 -0.07571637 -0.03933835
vn -0.9781183 -0.1958678 0.07000946
vn -0.9863582 -0.1494186 0.06891077
vn -0.671926 -0.3882565 0.6306345
vn -0.9974365 -0.0644856 -0.03064054
vn -0.6704001 -0.4125492 0.6166875
vn -0.9857174 -0.1496322 0.07708972
vn -0.6599017 -0.4099552 0.6296274
vn -0.998291 -0.05185091 -0.02685624
vn -0.9979858 -0.05618453 -0.02838218
vn -0.6839198 -0.2809229 0.6732689
vn -0.6825464 -0.2785119 0.6756493
vn -0.9992676 -0.02740561 -0.02563554
vn -0.6739097 -0.3723563 0.6380505
vn -0.6778161 -0.3085727 0.6673178
vn -0.9987487 -0.03982663 -0.02966398
vn -0.9992371 -0.0336619 -0.01879936
vn -0.6751 -0.2507706 0.6937773
vn -0.6846828 -0.2195196 0.6949675
vn -0.9995117 -0.02044737 -0.02243107
vn -0.6790369 -0.1843623 0.710532
vn -0.9995728 -0.01409953 -0.02465891
vn -0.6841029 -0.1499069 0.7137669
vn -0.9995728 -0.01437419 -0.02471995
vn -0.6875515 -0.1515549 0.7101047
vn -0.6819971 -0.152562 0.7152318
vn -0.9996643 -0.01202428 -0.022309
vn -0.6771142 -0.1231421 0.7254555
vn -0.9997254 -0.005615353 -0.022309
vn -0.6880703 -0.08658099 0.72042
vn -0.9996643 -0.002533018 -0.02514719
vn -0.6872768 -0.02075254 0.7260659
vn -0.9996643 -0.002319395 -0.02459788
vn -0.6849269 -0.02389597 0.7282022
vn -0.6844081 -0.02392649 0.7286905
vn -0.9997559 0.000946074 -0.02130192
vn -0.6790369 0.008178949 0.7340312
vn -0.9996338 0.004333615 -0.02612382
vn -0.6900845 0.04208499 0.7224647
vn -0.680929 0.07428205 0.7285379
vn -0.9997254 0.009765923 -0.02124083
vn -0.6852931 0.1092562 0.7200232
vn -0.9996033 0.01156651 -0.02520829
vn -0.6849269 0.1072115 0.7206336
vn -0.678457 0.1376079 0.7216101
vn -0.9995728 0.01843315 -0.02206486
vn -0.6871548 0.1711173 0.7060152
vn -0.9993897 0.02148503 -0.02636796
vn -0.6786096 0.2050538 0.7052522
vn -0.9994202 0.0232551 -0.02426218
vn -0.6826381 0.2368236 0.6912748
vn -0.6819971 0.2360301 0.6921903
vn -0.9993286 0.02819907 -0.02246159
vn -0.6753746 0.2671285 0.6873684
vn -0.9988403 0.04007077 -0.02551347
vn -0.6828212 0.2985931 0.6667379
vn -0.9985351 0.04434335 -0.03045743
vn -0.6747642 0.3314005 0.6594135
vn -0.9984741 0.04773092 -0.02731406
vn -0.6745201 0.425428 0.6033204
vn -0.996704 0.07086396 -0.03894162
vn -0.9978027 0.05951106 -0.02874839
vn -0.6763207 0.3625293 0.6411634
vn -0.6756188 0.361858 0.6422926
vn -0.6713462 0.3896603 0.6303904
vn -0.9692679 0.207068 0.132725
vn -0.9923093 0.1102634 -0.0557878
vn -0.9784845 0.1926633 0.07370215
vn -0.9941099 0.09930723 -0.04269534
vn -0.9807123 0.1670583 0.1012909
vn -0.9803156 0.1678823 0.103824
vn -0.9725028 0.2073122 0.1059603
vn -0.9877621 0.141911 -0.0643025
vn -0.9718009 0.2081972 0.1105075
vn -0.9763787 0.1993163 0.08310186
vn -0.9805292 0.1850337 0.0655232
vn -0.9559007 0.2936186 0.000244148
vn -0.9721671 0.206946 0.1097446
vn -0.9737541 0.206061 0.09653002
vn -0.9851375 0.1550645 -0.07364112
vn -0.9751579 0.1956847 0.1036103
vn -0.9837642 0.1627552 -0.07538068
vn -0.9821467 0.1720938 -0.07593005
vn -0.9807733 0.1817682 -0.07089447
vn -0.975982 0.2088381 -0.0615558
vn -0.9750664 0.2153996 -0.05282753
vn -0.9753715 0.215125 -0.04831075
vn -0.9857479 0.1681264 0.002014219
vn -0.9681692 0.2502213 -0.002990782
vn -0.9682608 0.2494277 -0.01413005
vn -0.9837947 0.1792047 0.001434326
vn -0.9696951 0.2431409 -0.02307194
vn -0.9697256 0.2424085 -0.02902305
vn -0.9700309 0.2403027 -0.03530991
vn -0.9709464 0.235023 -0.04461801
vn -0.9735099 0.2231513 -0.04919582
vn -0.9883114 0.1498764 -0.02743613
vn -0.7402265 0.05282753 -0.6702475
vn -0.9889523 0.1368755 -0.05661183
vn -0.9754936 0.2128055 -0.05539107
vn -0.9898068 0.1414838 -0.01400798
vn -0.9858394 -0.1638538 -0.03479105
vn -0.9891049 -0.1436201 -0.03225803
vn -0.9887997 -0.1483809 -0.01586961
vn -0.9898679 -0.1406292 -0.01825004
vn -0.9883114 -0.1498764 0.02743613
vn -0.9289224 -0.366741 -0.05075228
vn -0.9889523 -0.1368144 0.05661183
vn -0.9755241 -0.2127445 0.05539107
vn -0.9898068 -0.1414838 0.01400798
vn -0.9840083 0.1705374 0.05099642
vn -0.98587 0.1638538 0.03479105
vn -0.9924009 0.1152684 0.04275637
vn -0.7129734 0 0.7011628
vn -0.7130039 -0.1439558 0.6862087
vn -0.9909055 0.02990812 -0.1310769
vn -0.7130039 0 -0.7011322
vn -0.9909055 -0.0298776 0.1309549
vn -0.9909055 0.04910427 -0.1251564
vn -0.707297 -0.268868 0.6537675
vn -0.9909055 0.06720173 -0.1163976
vn -0.7499924 -0.328135 0.5742668
vn -0.9909055 0.08377331 -0.1050752
vn -0.990936 -0.04907375 0.1250343
vn -0.9909055 -0.06717121 0.116306
vn -0.9909055 0.1328775 -0.02002012
vn -0.9909055 0.1284524 -0.03958249
vn -0.9999695 0.002502501 -0.000824
vn -0.9913023 0.1314127 -0.005035519
vn -0.9913023 0.1314127 0.005005002
vn -0.6726279 0.7339397 0.0941801
vn -0.9909055 0.132847 0.02002012
vn -1 0 0
vn -0.9909055 0.1284524 0.03958249
vn -0.9909055 -0.1284524 0.03958249
vn -0.9909055 -0.1210974 0.05832082
vn -0.7104404 0.6235542 -0.3262429
vn -0.001983702 0.9815058 -0.1913205
vn -0.9999695 0.005828976 -0.000549333
vn -0.7330546 0.6780908 0.0525223
vn -0.002685606 0.9851375 0.171575
vn -0.7093112 -0.6537675 -0.2634663
vn -0.9909055 0.1210974 0.05832082
vn -0.7142247 -0.6191595 -0.3262734
vn -0.0117191 -0.7656484 0.6431165
vn -0.9909055 -0.1109958 0.07568585
vn -1 0 0
vn -0.9909055 -0.09854423 0.09140288
vn -0.01605272 -0.7256386 0.6878567
vn -0.9909055 -0.08377331 0.1050447
vn -0.9996643 -0.01538127 0.01934874
vn -1 0 0
vn -0.9999695 0 0
vn -0.9909055 0.09851372 -0.09140288
vn -1 0 0
vn -0.9909055 0.1110568 -0.07571637
vn -0.7097995 -0.6177251 0.3384197
vn -0.9909055 0.1210974 -0.05832082
vn -0.747734 -0.6034425 0.2769555
vn -0.7004609 -0.6704916 0.2444533
vn -0.9909055 -0.01004058 0.1339762
vn -0.9909055 0.01004058 0.1339762
vn -0.7130039 -0.1439558 -0.6862087
vn -0.9909055 0.0298776 0.1309549
vn -0.990936 0.04907375 0.1250343
vn -0.9909055 0.06717121 0.116306
vn -1 0 0
vn -0.9909055 0.08377331 0.1050447
vn -0.9999695 0 0
vn -0.9909055 0.09854423 0.09140288
vn -0.9909055 0.1109958 0.07568585
vn -0.7354351 0.3364666 -0.5881222
vn -0.9996033 -0.01623582 0.02227848
vn -0.9996948 -0.01452678 0.01892143
vn -0.9897153 0.1428877 0.00021363
vn -0.7101352 0.6539201 -0.2608112
vn -0.002533018 -0.9813227 0.1922361
vn -0.9909055 -0.132847 0.02002012
vn -1 0 0
vn -0.9913023 -0.1314127 0.005035519
vn -0.7794122 -0.6211737 0.08133178
vn -0.9909055 0.01004058 -0.1340067
vn -0.9909055 -0.01004058 -0.1340067
vn -0.7130039 0.1439558 0.6862087
vn -0.9909055 -0.02990812 -0.1310769
vn -0.707297 0.268868 0.6537675
vn -0.9909055 -0.04910427 -0.1251564
vn -0.9909055 -0.06720173 -0.1163976
vn -1 0 0
vn -0.9909055 -0.08377331 -0.1050752
vn -1 0 0
vn -0.9909055 -0.09851372 -0.09140288
vn -0.7046724 0.6176641 0.3491012
vn -0.9909055 -0.1110568 -0.07571637
vn -0.9909055 -0.1210974 -0.05832082
vn -0.7036042 0.6639912 0.2529679
vn -0.9909055 -0.1284524 -0.03958249
vn -0.9897153 -0.1428877 -0.00021363
vn -0.9913023 -0.1313822 -0.005005002
vn -0.6727805 -0.7338176 -0.0941801
vn -0.9909055 -0.1328775 -0.02002012
vn -1 0 0
vn -0.002777159 -0.985168 -0.1715445
vn -0.9822993 -0.1872615 0
vn -1 0 0
vn -1 0 0
vn -1 0 0
vn -1 0 0
vn -1 0 0
vn -1 0 0
vn -1 0 0
vn -1 0 0
vn -1 0 0
vn -1 0 0
vn -1 0 0
vn -1 0 0
vn -1 0 0
vn -1 0 0
vn -1 0 0
vn -1 0 0
vn -1 0 0
vn -1 0 0
vn -1 0 0
vn -1 0 0
vn -1 0 0
vn -1 0 0
vn -1 0 0
vn -1 0 0
vn -1 0 0
vn -1 0 0
vn -1 0 0
vn -1 0 0
vn -1 0 0
vn -1 0 0
vn -1 0 0
vn -0.9934996 0.1048005 -0.04437386
vn -0.9684439 0.225074 -0.1067537
vn -0.9788507 0.09979552 -0.1784417
vn -0.4885098 0.5906247 -0.6422315
vn -0.4969329 0.4035767 -0.7682119
vn -0.6322825 0.3983276 -0.664449
vn -0.4408398 0.7606738 -0.4764245
vn -0.6014588 0.6567278 -0.4548784
vn -0.7656484 0.5541856 -0.326487
vn -0.815363 0.2738121 -0.5100558
vn -0.9628285 -0.09112823 -0.2541887
vn -0.9407941 -0.06292915 -0.333018
vn -0.916837 -0.2344431 -0.3231605
vn -0.3227943 -0.2992035 -0.8979156
vn -0.3688162 -0.4874111 -0.791406
vn -0.5328837 -0.2662435 -0.8031861
vn -0.4881741 -0.438612 -0.7544786
vn -0.6914579 -0.2706992 -0.6697287
vn -0.7978149 -0.2653585 -0.5413068
vn -0.877987 -0.04788351 -0.4762719
vn -0.7762688 -0.0509659 -0.6283151
vn -0.585345 -0.028077 -0.8102664
vn -0.4803919 0.1933652 -0.8554643
vn -0.6213263 0.1781671 -0.7629933
vn -0.894467 -0.4468826 0.01260411
vn -0.9510178 -0.3071078 0.03457742
vn -0.9518418 -0.3064364 0.008728265
vn -0.9550157 -0.2962126 0.01217687
vn -0.7650685 0.03848379 -0.6427809
vn -0.6321604 -0.325663 -0.7030244
vn -0.815363 -0.2702414 -0.5119785
vn -0.971099 -0.2253181 -0.07840204
vn -0.9732658 -0.2252266 -0.04434335
vn -0.9958495 -0.06033504 -0.06805628
vn -0.8167669 -0.5659963 -0.1119114
vn -0.8791467 -0.4235969 -0.2181768
vn -0.6918851 -0.7018342 -0.1692861
vn -0.9993591 -0.02795493 -0.0216071
vn -0.9904782 0.05951106 -0.1239662
vn -0.9903562 0.03662216 -0.133549
vn -0.9787286 -0.09588915 -0.1812189
vn -0.8752098 0.08072143 -0.4769433
vn -0.7621693 0.3691214 -0.5317545
vn -0.4944304 -0.4184393 -0.761803
vn -0.2396923 -0.5056917 -0.8287301
vn -0.2494888 -0.4662312 -0.8487503
vn -0.4944304 0 -0.8691977
vn -0.2496109 0 -0.9683218
vn -0.4943999 0.07266455 -0.8661763
vn -0.4944304 0.1448714 -0.8570513
vn -0.2496109 0.08096557 -0.9649342
vn -0.2495498 0.1613513 -0.9548021
vn -0.03836172 0.5117649 -0.8582415
vn -0.07647937 0.5543993 -0.8286996
vn -0.07675403 0.5377972 -0.8395337
vn -0.0260933 0.5262612 -0.84991
vn -0.02649003 0.4949187 -0.8685263
vn -0.07650989 0.4795373 -0.8741417
vn -0.07821893 0.4413892 -0.8938567
vn -0.07913446 0.3631703 -0.9283425
vn -0.08377331 0.3319498 -0.9395428
vn -0.02130192 0.2954802 -0.9550768
vn -0.02484202 0.01715135 -0.9995422
vn -0.02984708 -0.002471983 -0.9995422
vn -0.02392649 0.02526932 -0.9993897
vn -0.02392649 0.06198304 -0.9977722
vn -0.07596057 0.0844447 -0.9934996
vn -0.02331614 0.0979644 -0.9949034
vn -0.07513654 0.1239356 -0.9894101
vn -0.0778222 0.2064577 -0.975341
vn -0.0135197 0.1432234 -0.9895932
vn -0.004882931 0.1840266 -0.9828791
vn -0.07748645 -0.01959288 -0.9967955
vn -0.02304142 -0.07388532 -0.9969787
vn -0.01974546 -0.03295993 -0.9992371
vn -0.03247165 -0.5154576 -0.8562883
vn -0.02368235 -0.5340129 -0.8451186
vn -0.1126438 -0.5006867 -0.8582415
vn -0.02252262 -0.4961699 -0.8679159
vn -0.09158605 -0.5320597 -0.8417005
vn -0.07730334 -0.4797815 -0.873928
vn -0.02645951 -0.4629658 -0.8859524
vn -0.07745593 -0.4426099 -0.8933378
vn -0.02157658 -0.4452651 -0.8951079
vn -0.02117979 -0.4063845 -0.9134495
vn -0.08972442 0.4802393 -0.8724937
vn -0.02227848 0.2052064 -0.9784539
vn -0.1044954 0.4231086 -0.9000214
vn -0.01950132 -0.2427137 -0.9698783
vn -0.08709979 0.1782586 -0.980102
vn -0.1287881 0.1694692 -0.9770806
vn -0.02087461 -0.2048707 -0.9785455
vn -0.1105991 -0.2079226 -0.971862
vn -0.09042632 -0.0662862 -0.9936827
vn -0.01910454 0.2430189 -0.9698172
vn -0.09292882 0.06869715 -0.993286
vn -0.103061 0.2002624 -0.9742729
vn -0.1179235 -0.3178197 -0.9407636
vn 0.9999695 0 0.000549333
vn 0.9890744 -0.1473739 0.000518815
vn 0.9999695 0 0.000549333
vn 0.9999998 0 0.000556976
vn 0.9999998 0 0.000556976
vn 0.9999998 0 0.000556976
vn 0.9999695 0 0.000549333
vn 0.9890744 0.1473739 0.000518815
vn 0.9999695 0 0.000549333
vn 0.9220557 0.3867611 -0.01416057
vn 0.9999695 0 0.000549333
vn 0.9999695 0 0.000549333
vn 0.9999695 0 0.000518815
vn 0.7358928 0.5184484 0.4354381
vn 0.7359539 0.5861385 0.338786
vn 0.9999695 0 0.000549333
vn 0.9999695 0 0.000549333
vn 0.9999695 0 0.000549333
vn 0.9999695 0 0.000549333
vn 0.7358623 0.4350413 0.5188757
vn 0.9999695 0 0.000549333
vn 0.7349162 0.6671652 0.1214331
vn 0.7360149 0.6359753 0.2318796
vn 0.8625752 0.4738914 -0.1769463
vn 0.7822199 0.6229133 0.006836116
vn 0.4900357 0.7150792 0.4984893
vn 0.5137791 0.7356792 0.4412977
vn 0.7778863 0.6278268 0.0260933
vn 0.742729 -0.6695761 0.001770019
vn 0.7459334 -0.6660054 -0.000396741
vn 0.733665 -0.6794641 -0.004181027
vn 0.7722098 0.6353343 0.003295958
vn 0.796289 0.6048159 -0.007995843
vn -0.5984985 -0.8007141 -0.02502512
vn -0.6840419 -0.7240211 0.08853417
vn -0.6925871 -0.7188025 0.06018245
vn -0.4888455 0.1966002 0.84991
vn -0.4974517 0.4059572 0.7665944
vn -0.6325266 0.325663 0.7027192
vn -0.4411756 -0.03689682 0.8966338
vn -0.6014283 0.00653094 0.798883
vn -0.7667471 -0.04019284 0.6406751
vn -0.9245887 -0.186407 0.3321329
vn -0.8676412 -0.2042909 0.4531999
vn -0.9410383 -0.04300057 0.3355205
vn -0.9682608 -0.04177981 0.2464064
vn -0.9218726 0.1889401 0.3382672
vn -0.9699698 0.2312387 0.07528913
vn -0.9344767 0.3225501 0.1506088
vn -0.9080477 0.4184393 0.0167241
vn -0.3332316 0.9030122 0.2710349
vn -0.5356914 0.8064516 0.2502518
vn -0.586108 0.6854457 0.4319895
vn -0.7698294 0.5687124 0.2895291
vn -0.4414197 0.7571642 0.48146
vn -0.6219672 0.530839 0.5755791
vn -0.4809107 0.5966979 0.6423536
vn -0.9489731 0.3150731 -0.01242101
vn -0.9804376 0.1958983 0.01794487
vn -0.8753929 -0.08505505 0.4758141
vn -0.7553331 -0.3739128 0.5381329
vn -0.6981109 -0.2487564 0.6713462
vn -0.5230262 -0.2419507 0.8172246
vn -0.2433241 -0.4752342 0.8455153
vn -0.2991424 -0.5197302 0.8002259
vn -0.08975493 -0.5343791 0.8404492
vn -0.3049104 -0.449263 0.8397168
vn -0.3049409 -0.2108829 0.9287087
vn -0.08999907 -0.220191 0.9712821
vn -0.106357 -0.3129368 0.9437849
vn -0.3049715 -0.2928861 0.9061861
vn -0.09634691 -0.342204 0.9346599
vn -0.3049715 -0.37257 0.8764306
vn -0.09823906 -0.3930174 0.914243
vn -0.09341716 -0.4275033 0.8991668
vn -0.0916776 -0.4696493 0.8780481
vn -0.08960235 -0.1767022 0.980163
vn -0.08993804 -0.1342509 0.9868465
vn -0.3049715 -0.1271706 0.9438154
vn -0.08832055 -0.08774071 0.9922178
vn -0.3049715 -0.04251223 0.951384
vn -0.08981597 -0.04516738 0.9949034
vn -0.3049715 0.04251223 0.951384
vn -0.08935815 0.04489272 0.9949644
vn -0.08880883 0.08905297 0.9920347
vn -0.9589526 0.1570177 0.2360606
vn -0.938139 0.2310556 0.2578509
vn -0.8279367 0.2613911 0.4961089
vn -0.9616382 -0.1310464 0.2409436
vn -0.9794 -0.1199682 0.1622363
vn -0.9970397 0.00326544 0.07647937
vn -0.9609058 0.07901239 0.2652364
vn -0.9610584 0.1264382 0.2456434
vn -0.5863521 -0.4482558 0.6747032
vn -0.6786706 -0.4027222 0.6141545
vn -0.5892514 0.4267708 0.6859951
vn -0.5149999 0.4045534 0.7556688
vn -0.2988373 0.5028229 0.8110599
vn -0.488815 -0.5906552 0.6419874
vn -0.4973296 -0.4035157 0.7679678
vn -0.6326182 -0.3982971 0.6641438
vn -0.7541429 -0.5772576 0.3130283
vn -0.6085086 -0.6606952 0.4394665
vn -0.9821162 -0.07528913 0.1725211
vn -0.9218116 -0.178106 0.3442183
vn -0.9342021 0.05786305 0.3520005
vn -0.5346843 0.2761925 0.7986084
vn -0.5829951 0.02343821 0.812067
vn -0.3237098 0.3023469 0.8965117
vn -0.6217231 -0.1781671 0.7626575
vn -0.7786798 0.04934841 0.6254158
vn -0.9420759 -0.2995392 0.150792
vn -0.83343 -0.5494247 0.05880916
vn -0.8754845 -0.4422742 0.1945555
vn -0.7557909 -0.6526383 0.05322426
vn -0.8694723 0.2157964 0.444319
vn -0.9776605 0.1123996 0.1775261
vn -0.4808802 -0.1933652 0.8551592
vn -0.8693503 0.106418 0.4825282
vn -0.7998597 0.2966399 0.5217139
vn -0.01974546 -0.6622517 0.7489852
vn -0.08740496 -0.9089328 0.4076052
vn -0.02197331 -0.9226356 0.384991
vn -0.02356028 -0.2399975 0.9704581
vn -0.108951 -0.4627522 0.8797571
vn -0.1112704 -0.5701773 0.8139287
vn -0.02777183 0.2030701 0.9787591
vn -0.1093783 0.5009613 0.8585162
vn -0.1042512 0.4445326 0.889645
vn 0.6590167 -0.3433333 0.6691489
vn 0.6788538 0.2376781 0.6946929
vn -0.08816796 0.1776177 0.9801325
vn 0.6750389 0.2586444 0.6909391
vn 0.6310312 0.4339732 0.6429945
vn 0.6371044 0.4069338 0.654561
vn -0.09097564 0.3467208 0.9335307
vn -0.09179967 0.3077791 0.9469894
vn 0.6541643 0.3488876 0.671041
vn -0.08966338 0.2202826 0.9712821
vn 0.6653341 0.3038423 0.6819056
vn 0.5688345 0.5824458 0.5806452
vn 0.5793024 0.5631886 0.5892209
vn -0.09106719 0.4300974 0.8981598
vn 0.5947142 0.5188757 0.6140324
vn -0.09060943 0.3903012 0.9161962
vn 0.6125065 0.4678792 0.6370739
vn 0.6255989 0.4388561 0.6449782
vn 0.5607471 0.5870846 0.5838191
vn -0.09497356 0.1015961 0.9902646
vn -0.08539074 -0.03176975 0.995819
vn -0.01986753 0.2425611 0.9699088
vn -0.08761864 -0.1785943 0.9800104
vn -0.022309 -0.2048402 0.978515
vn -0.129368 -0.1691336 0.9770501
vn -0.1089816 0.4633625 0.8794214
vn -0.1111484 0.3472091 0.9311503
vn -0.9805597 0.03918576 -0.192114
vn -0.841731 0.08478039 -0.5331584
vn -0.9814447 0.02471995 -0.1900693
vn -0.9739067 -0.1683401 0.1520432
vn -0.9923399 -0.1127353 0.05023342
vn -0.9707938 -0.177221 0.161565
vn -0.985168 0.1713614 0.005584836
vn -0.9857784 0.1679738 0.001678466
vn -0.9540696 0.2995086 0
vn -0.9819636 0.1889401 -0.001373291
vn -0.9849544 0.1725211 -0.008575677
vn -0.9850459 0.1710257 -0.02020323
vn -0.9297464 0.3626209 0.06357002
vn -0.9855953 0.1661732 -0.03100675
vn -0.9858394 0.1626331 -0.04019284
vn -0.9861141 0.1595813 0.04528945
vn -0.9857784 0.1635792 0.03820914
vn -0.9282815 0.3673818 -0.05706959
vn -0.9855037 0.1670583 0.02865684
vn -0.9851985 0.1700491 0.02063047
vn -0.9850154 0.1719717 0.01290929
vn -0.988464 0.1371502 0.06399726
vn -0.9883419 0.1390423 0.06152528
vn -0.9698477 0.2435682 -0.000122074
vn -0.9878231 0.1442304 0.05801564
vn -0.9866634 0.1536607 0.05340737
vn -0.9507126 0.3002411 -0.07724231
vn -0.9898679 0.1238136 0.0693075
vn -0.948851 0.3044221 -0.083346
vn -0.9590442 0.2624287 -0.1063265
vn -0.9840083 0.1778923 -0.005890071
vn -0.9524827 0.2929167 -0.08325445
vn -0.9910886 0.1131016 0.07019257
vn -0.9907834 0.1196326 0.06332588
vn -0.9891049 0.1438642 -0.03100675
vn -0.9946593 0.08343756 0.06033504
vn -0.9920347 0.09830009 0.07849359
vn -0.9984436 0.03769034 0.04040646
vn -0.9985046 0.03860586 0.03845328
vn -0.9921262 0.1149327 -0.04943996
vn -0.9977111 0.05215609 0.0424512
vn -0.9966735 0.06271553 0.05145418
vn -0.9767144 0.138493 -0.1638233
vn -0.9765313 0.1375469 -0.1656544
vn -0.9988403 0.03118991 0.0358287
vn -0.9772942 0.1229895 -0.1724296
vn -0.999054 0.02087461 0.03769034
vn -0.9786981 0.108066 -0.1745048
vn -0.9788202 0.0959807 -0.1807001
vn -0.9989929 0.02267521 0.03833121
vn -0.9797968 0.08239996 -0.1820734
vn -0.9991455 0.01892143 0.03650009
vn -0.9797968 0.06793415 -0.1879635
vn -0.9992066 0.01040679 0.03805655
vn -0.9809259 0.0525223 -0.1871089
vn -0.9993897 0.008209466 0.03320413
vn -0.9992676 0.005859553 0.03729361
vn -0.9993591 0.001098632 0.03503525
vn -0.9992676 0.002288877 0.03769034
vn -0.9993591 0.003875792 0.0351268
vn -0.981048 0.05227816 -0.1864986
vn -0.9811396 0.01641893 -0.1924497
vn -0.9812006 -0.001190185 -0.1928464
vn -0.9992371 -0.000640889 0.03827017
vn -0.9815669 -0.00967431 -0.1908017
vn -0.9993897 -0.002807676 0.03479105
vn -0.9815669 -0.00991851 -0.1908322
vn -0.9992371 -0.004242062 0.03833121
vn -0.980987 -0.0216071 -0.1928159
vn -0.9806513 -0.04486221 -0.190466
vn -0.9992676 -0.004333615 0.03781241
vn -0.9809564 -0.05603194 -0.1859188
vn -0.9993591 -0.007629573 0.03408914
vn -0.9992371 -0.009002923 0.0374462
vn -0.9807428 -0.05639815 -0.1868343
vn -0.9796442 -0.07187104 -0.1873531
vn -0.9992981 -0.01480144 0.03421121
vn -0.9796442 -0.0866115 -0.1809442
vn -0.999115 -0.01733446 0.03787344
vn -0.9782403 -0.1039766 -0.1794793
vn -0.9991455 -0.01873832 0.03640854
vn -0.9778131 -0.1199682 -0.1716055
vn -0.9991455 -0.02270573 0.03433328
vn -0.9988098 -0.03070157 0.03775137
vn -0.9764092 -0.1346171 -0.1687063
vn -0.9985351 -0.03518784 0.04086428
vn -0.9891659 -0.1432539 -0.03118991
vn -0.9969176 -0.05911433 0.05105745
vn -0.9909665 -0.1247291 -0.04879909
vn -0.9978637 -0.04980617 0.04177981
vn -0.975982 -0.1471602 -0.1605579
vn -0.9762261 -0.1462141 -0.159978
vn -0.9927976 -0.09509563 0.07266455
vn -0.9946898 -0.0851466 0.05758839
vn -0.9969481 -0.06039613 0.04910427
vn -0.9519333 -0.2930387 -0.08905297
vn -0.9896848 -0.1242103 0.07089447
vn -0.9908444 -0.1198767 0.06167787
vn -0.9914243 -0.1110873 0.06854456
vn -0.9855343 -0.1691641 -0.007049739
vn -0.9582812 -0.2660909 -0.1041902
vn -0.9887997 -0.1342509 0.06497389
vn -0.9501327 -0.2979522 -0.09173864
vn -0.9881893 -0.1397137 0.06247138
vn -0.9879757 -0.1431318 0.05819875
vn -0.9697256 -0.2439954 0.000274667
vn -0.9866939 -0.1530503 0.05432289
vn -0.9850764 -0.1709342 0.01867729
vn -0.9855037 -0.1671193 0.02868735
vn -0.9266335 -0.3725394 -0.05032497
vn -0.9849849 -0.1725211 -0.002655088
vn -0.9857479 -0.1680654 0.003112852
vn -0.9541001 -0.2994476 0
vn -0.9849544 -0.1725211 0.007751643
vn -0.9857174 -0.164098 -0.03720206
vn -0.9855037 -0.1672109 -0.02752768
vn -0.92584 -0.3745232 0.04998928
vn -0.9851985 -0.1702628 -0.01928764
vn -0.9850459 -0.1717886 -0.01168859
vn -0.988403 -0.1376995 -0.06369209
vn -0.9883725 -0.1387981 -0.06170839
vn -0.9699393 -0.2432325 0.000122074
vn -0.9877011 -0.1452986 -0.05740529
vn -0.986755 -0.1532334 -0.05301064
vn -0.9895017 -0.1275674 -0.06778156
vn -0.9491257 -0.30253 0.08722186
vn -0.9903256 -0.1225623 -0.06485182
vn -0.9507431 -0.2990509 0.08151489
vn -0.9910886 -0.1169774 -0.06332588
vn -0.9906919 -0.114597 -0.07306128
vn -0.953917 -0.2866909 0.08829003
vn -0.9838252 -0.1788995 0.006164729
vn -0.997528 -0.05459761 -0.04406869
vn -0.9963378 -0.06601148 -0.0539872
vn -0.9892269 -0.1429182 0.03143405
vn -0.9942015 -0.08749651 -0.06241035
vn -0.9915159 -0.1017792 -0.08050781
vn -0.9983215 -0.03930783 -0.04184085
vn -0.9983825 -0.04031491 -0.03949093
vn -0.9750664 -0.1521042 0.1615344
vn -0.9770196 -0.1300393 0.1687979
vn -0.9988708 -0.03244113 -0.03415018
vn -0.9990234 -0.02356028 -0.03723257
vn -0.9775384 -0.1294595 0.1659291
vn -0.9778741 -0.1167027 0.1735892
vn -0.9992371 -0.01806694 -0.03378397
vn -0.9790338 -0.09057891 0.1823481
vn -0.9992371 -0.01208531 -0.03665268
vn -0.9993591 -0.00955224 -0.03421121
vn -0.9992066 -0.0112918 -0.0376293
vn -0.980224 -0.07681506 0.1822565
vn -0.9799494 -0.07754749 0.1834772
vn -0.980102 -0.06582838 0.18717
vn -0.9806513 -0.04177981 0.1911679
vn -0.9992371 -0.005462765 -0.03811758
vn -0.9813837 -0.03064054 0.1895809
vn -0.9993591 -0.004364132 -0.03527939
vn -0.9813837 -0.03036588 0.1895504
vn -0.9992676 -0.002624571 -0.03793448
vn -0.9993591 -0.001190185 -0.03500473
vn -0.9808954 -0.01715135 0.1936705
vn -0.9992676 0 -0.03808706
vn -0.9815974 -0.003295958 0.1908017
vn -0.9808954 0.01037627 0.1941282
vn -0.9993897 0.002441465 -0.0343638
vn -0.9814447 0.02404856 0.1900388
vn -0.9992676 0.003723204 -0.03793448
vn -0.9809259 0.03299045 0.191412
vn -0.9992676 0.004058957 -0.0376293
vn -0.9812006 0.04159671 0.1882687
vn -0.9993897 0.006805598 -0.0341807
vn -0.9805597 0.05111849 0.1893978
vn -0.9992371 0.008575677 -0.03738516
vn -0.9806513 0.06006038 0.186285
vn -0.9993286 0.0137028 -0.03390604
vn -0.9795221 0.07599109 0.186346
vn -0.9991455 0.01660203 -0.03738516
vn -0.9795832 0.09051787 0.1794488
vn -0.9780877 0.1081271 0.1777397
vn -0.999115 0.02227848 -0.03549301
vn -0.9775995 0.1244544 0.1695913
vn -0.9989624 0.02441477 -0.03778189
vn -0.9988708 0.02905356 -0.03720206
vn -0.9758904 0.1415753 0.1659596
vn -0.9986267 0.03357034 -0.03964352
vn -0.9757989 0.1529893 0.1561326
vn -0.9755547 0.1516464 0.1588183
vn -0.9980468 0.04687643 -0.04062008
vn -0.9912106 0.1232337 0.04773092
vn -0.9971923 0.05639815 -0.04907375
vn -0.9890744 0.1440778 0.03076261
vn -0.9972229 0.0579546 -0.04635757
vn -0.9565417 0.2730186 0.1022065
vn -0.950438 0.2987762 0.08575701
vn -0.9896543 0.1236305 -0.07269507
vn -0.986877 0.1609546 0.01168859
vn -0.9929502 0.09277623 -0.07370215
vn -0.993286 0.09121978 -0.07074189
vn -0.9952086 0.0803247 -0.05539107
vn -0.9865719 0.1537522 -0.05465865
vn -0.988403 0.1390118 -0.06079286
vn -0.9698477 0.2436903 -0.000152593
vn -0.9889218 0.1330912 -0.06558424
vn -0.948851 0.3026521 0.08972442
vn -0.9880368 0.141789 -0.06054872
vn -0.9246498 0.3759575 0.06024348
vn -0.9181799 0.3927732 0.05114901
vn -0.9147923 0.401593 0.04290902
vn -0.9103977 0.4122745 0.03454691
vn -0.9074069 0.419538 0.02331614
vn -0.906064 0.4228644 0.01388591
vn -0.9060946 0.4229865 0.007782161
vn -0.9457686 0.3129673 0.08682513
vn -0.9400922 0.3319498 0.07754749
vn -0.9862056 0.1588183 -0.04647964
vn -0.9320353 0.3577075 0.05764943
vn -0.9336223 0.3518784 0.06717121
vn -0.9908139 0.1148411 -0.07098603
vn -0.9620045 0.2461928 0.1177709
vn -0.9630726 0.2439344 0.113773
vn -0.9732353 0.1678212 0.1567736
vn -0.9699088 0.1909848 0.150792
vn -0.9667348 0.2174139 0.1346781
vn -0.9684134 -0.2026429 0.1452376
vn -0.9571825 -0.2732322 0.09540086
vn -0.9609668 -0.2520524 0.1138646
vn -0.9650868 -0.2279732 0.1287881
vn -0.9440596 -0.3186438 0.08481091
vn -0.9360332 -0.3443403 0.07232886
vn -0.9860836 -0.1599169 -0.04489272
vn -0.927366 -0.3702811 0.05307167
vn -0.9308146 -0.360271 0.06128114
vn -0.9335307 -0.352916 0.06286811
vn -0.90524 -0.4248481 0.00338751
vn -0.9058504 -0.4233528 0.01300084
vn -0.9076815 -0.4191107 0.02124083
vn -0.9089022 -0.4159368 0.02905356
vn -0.9122593 -0.4076967 0.03903317
vn -0.9179663 -0.3933836 0.05050808
vn -0.9190955 -0.3904843 -0.05243074
vn -0.9155858 -0.3996399 -0.0444349
vn -0.911008 -0.4107486 -0.03613388
vn -0.907651 -0.4189581 -0.02490305
vn -0.905942 -0.4231086 -0.01467937
vn -0.9053011 -0.424665 -0.0055238
vn -0.9067965 -0.4215217 -0.00112915
vn -0.9472945 -0.3078707 -0.088229
vn -0.9411603 -0.3284402 -0.07919549
vn -0.9857174 -0.1637928 0.03836172
vn -0.9861141 -0.1593981 0.04608291
vn -0.9279763 -0.3682058 -0.05716115
vn -0.932493 -0.356151 -0.0597552
vn -0.9343852 -0.3494369 -0.06915491
vn -0.9633778 -0.2380443 -0.1232032
vn -0.9640187 -0.2363353 -0.1216468
vn -0.9744255 -0.1603442 -0.1572619
vn -0.9704886 -0.1852778 -0.15421
vn -0.9680472 -0.2083193 -0.1394696
vn -0.9630421 0.2397839 -0.1225928
vn -0.9637745 0.2382274 -0.1198462
vn -0.9671621 0.2126834 -0.1389813
vn -0.9699698 0.1857051 -0.1568651
vn -0.975219 0.1545152 -0.1582079
vn -0.9896237 0.1264382 0.0678426
vn -0.9428389 0.3227332 -0.08294928
vn -0.9349651 0.3477279 -0.07003998
vn -0.929899 0.3630177 -0.05917537
vn -0.9329203 0.3550218 -0.05999934
vn -0.8951079 0.4457839 0.003112852
vn -0.9067965 0.4215522 0.001220703
vn -0.9054842 0.4242988 -0.002716124
vn -0.9056063 0.4239021 -0.01162755
vn -0.9073458 0.4199042 -0.01977598
vn -0.9086276 0.4166387 -0.02758872
vn -0.9116795 0.4091616 -0.0376293
vn -0.9172338 0.3953062 -0.04895168
vn -0.9231239 0.3802606 -0.05633711
vn -0.7858821 -0.2596515 0.5611743
vn -0.7798395 -0.2806787 0.5594653
vn -0.6298715 0.3196814 -0.7078463
vn -0.793878 -0.4310129 0.4289071
vn -0.7894223 -0.4465468 0.4211249
vn -0.6263619 0.5043489 -0.594348
vn -0.7825556 -0.4994964 0.3715323
vn -0.7829219 -0.4989471 0.3715323
vn -0.643727 0.5252541 -0.5564745
vn -0.6516618 0.3646046 0.6650899
vn -0.9459212 0.3223365 -0.03567612
vn -0.6340831 0.3244118 0.7018647
vn -0.9515976 0.3051241 -0.03640854
vn -0.6367687 0.4314402 0.6390271
vn -0.6044801 0.5361797 0.5891293
vn -0.553972 0.6369518 0.5360576
vn -0.590228 0.6806543 0.4339122
vn -0.5530869 0.7556078 0.3508713
vn -0.5180517 0.8538469 0.0502029
vn -0.5584277 0.8294931 -0.009460687
vn -0.5701468 0.8146916 -0.1056856
vn -0.7828303 -0.3765374 0.4953459
vn -0.7651296 -0.3429365 0.544908
vn -0.5822016 0.8020875 -0.1327555
vn -0.775811 -0.2533951 0.577807
vn -0.7514573 -0.2113712 0.6249886
vn -0.7200537 -0.07431256 0.6899014
vn -0.6729637 0.05984675 0.7372356
vn -0.5717948 0.8122196 -0.1152378
vn -0.6667073 0.1257057 0.734611
vn -0.6983856 0.1034882 0.7081515
vn -0.5954467 0.7770013 -0.2041078
vn -0.5926694 0.7694632 -0.2380138
vn -0.8017517 -0.5972473 0.02063047
vn -0.626545 0.7338481 -0.2624287
vn -0.8121891 -0.5816523 0.04495376
vn -0.6166265 0.7700125 -0.1636707
vn -0.8019349 -0.5965148 0.03192234
vn -0.7920164 -0.6030458 0.09482097
vn -0.7791986 -0.5879086 0.2172002
vn -0.7826167 -0.5295877 0.3270974
vn -0.6148564 0.7715384 -0.163274
vn -0.7762383 -0.4384594 0.4529252
vn -0.7986389 -0.4601275 0.3877987
vn -0.6097598 0.7331156 -0.3011261
vn -0.6127507 0.7243568 -0.3159276
vn -0.7989441 -0.5971862 0.07074189
vn -0.6263314 0.7340617 -0.2623676
vn -0.8073366 -0.5724662 0.1429182
vn -0.795587 -0.5819575 0.1682485
vn -0.5990784 0.725547 -0.3385418
vn -0.7942748 -0.5954467 0.1205176
vn -0.6376842 0.6302683 -0.442793
vn -0.7977233 -0.5520799 0.2425001
vn -0.6045107 0.6684774 -0.4332103
vn -0.6225776 0.6795557 -0.3880123
vn -0.6326792 0.6877651 -0.3558458
vn -0.6346019 0.6859035 -0.3560289
vn -0.7994629 -0.5724967 0.1818597
vn -0.7901853 -0.5774407 0.2051759
vn -0.7986084 -0.5596179 0.2213202
vn -0.7961974 -0.5234535 0.3033235
vn -0.7922911 -0.5113071 0.3328959
vn -0.638081 0.6303293 -0.4421522
vn -0.7858211 -0.5478988 0.2867825
vn -0.806238 -0.5392315 0.2432325
vn -0.6301462 0.6181524 -0.4698019
vn -0.6357616 0.6001465 -0.4853969
vn -0.805414 -0.4958342 0.3246559
vn -0.6097293 0.5989868 -0.5190283
vn -0.635609 0.5485397 -0.543199
vn -0.5927305 0.5197607 -0.6151921
vn -0.793939 -0.4496597 0.4091311
vn -0.7893307 -0.4810022 0.3815119
vn -0.6379284 0.4726402 -0.6079592
vn -0.787286 -0.3748283 0.4895474
vn -0.7916501 -0.3868831 0.4728233
vn -0.7773675 -0.422132 0.4663228
vn -0.6547746 0.3526719 -0.6684774
vn -0.7754448 -0.3460799 0.5280618
vn -0.654622 0.3527939 -0.6685385
vn -0.6502579 0.4421216 -0.6177862
vn -0.6512345 0.4418165 -0.6169622
vn -0.7937254 -0.3615528 0.4890896
vn -0.6060976 0.4277474 -0.6705222
vn -0.6324656 0.3969542 -0.6650899
vn -0.6165655 0.3308511 -0.7143773
vn -0.7903989 -0.2894681 0.5398419
vn -0.7846004 -0.3218177 0.5298624
vn -0.7748955 -0.3470565 0.5282449
vn -0.7736442 -0.239143 0.5867183
vn -0.6345409 0.2996307 -0.7123936
vn -0.7929624 -0.1977905 0.57622
vn -0.6579791 0.2594074 -0.7069002
vn -0.6258125 0.2314829 -0.7448042
vn -0.785638 -0.1933957 0.5876339
vn -0.6259346 0.2187566 -0.748558
vn -0.7859432 -0.1715445 0.5939818
vn -0.6287729 0.2053591 -0.7499619
vn -0.7719962 -0.1467024 0.6184271
vn -0.6594135 0.1618091 -0.7341228
vn -0.7719047 -0.1467635 0.6185187
vn -0.6597492 0.1613513 -0.7339091
vn -0.7882016 -0.1133152 0.6048769
vn -0.7926573 -0.09851372 0.6016114
vn -0.6334422 0.1301614 -0.7626881
vn -0.6267892 0.1006805 -0.7726066
vn -0.7737968 -0.07449567 0.629017
vn -0.6592609 0.06213563 -0.749321
vn -0.7740104 -0.07467877 0.6287423
vn -0.6591082 0.06210511 -0.7494431
vn -0.7827693 -0.04892116 0.6203498
vn -0.6394848 0.02853477 -0.7682424
vn -0.7990356 0.01092559 0.6011536
vn -0.6405835 0.0114749 -0.7677847
vn -0.7858211 0.008819818 0.6183661
vn -0.624958 -0.007110774 -0.7806025
vn -0.7828913 0.04364144 0.6205634
vn -0.657796 -0.03991818 -0.7520982
vn -0.7730339 0.07061982 0.6303904
vn -0.6434217 -0.07269507 -0.7620167
vn -0.7730033 0.07037568 0.6304514
vn -0.645497 -0.09207433 -0.7581408
vn -0.7884152 0.09237951 0.6081423
vn -0.6231575 -0.1158177 -0.7734306
vn -0.7866451 0.1132541 0.6068911
vn -0.6550188 -0.1416059 -0.7422102
vn -0.7720572 0.142735 0.6192511
vn -0.6551103 -0.1414838 -0.7421491
vn -0.7720878 0.1427045 0.6192511
vn -0.6451918 -0.1705069 -0.7447127
vn -0.7876217 0.1718192 0.5916624
vn -0.6213874 -0.221839 -0.7513962
vn -0.7941832 0.1932126 0.5760979
vn -0.6506546 -0.2405469 -0.7202368
vn -0.6448256 -0.2656636 -0.7166662
vn -0.7748955 0.2340769 0.5871151
vn -0.6521806 -0.2872707 -0.7014679
vn -0.7741325 0.2350841 0.5877255
vn -0.6515092 -0.2879421 -0.7018342
vn -0.6522416 -0.3804743 -0.6555987
vn -0.7743461 0.343791 0.5311747
vn -0.7852107 0.3168432 0.5319986
vn -0.6363415 -0.352092 -0.6863307
vn -0.7976928 0.2741478 0.5371258
vn -0.596759 -0.3441267 -0.7248451
vn -0.7844173 0.2836085 0.5515305
vn -0.7852718 0.2552873 0.5640431
vn -0.6518449 -0.3796808 -0.6564226
vn -0.7748039 0.3431196 0.5309305
vn -0.605121 -0.4340648 -0.6673483
vn -0.7917112 0.3580431 0.4948881
vn -0.6246224 -0.4275338 -0.6534624
vn -0.7872555 0.374279 0.4900052
vn -0.6511734 -0.4646138 -0.6000549
vn -0.7896359 0.4447462 0.4226508
vn -0.7923521 0.4287545 0.4339427
vn -0.7772454 0.4192327 0.4691
vn -0.7929319 0.3822443 0.4744713
vn -0.6514481 -0.4646443 -0.5997192
vn -0.6354869 -0.4456923 -0.6304514
vn -0.6484573 -0.5430769 -0.5334025
vn -0.7817011 0.4975432 0.375927
vn -0.7816401 0.4976043 0.375988
vn -0.7893002 0.4773705 0.3860591
vn -0.7956786 0.4447462 0.4111453
vn -0.6235237 -0.5278481 -0.5766777
vn -0.610828 -0.516007 -0.6004822
vn -0.6480911 -0.5435652 -0.533372
vn -0.6136967 -0.5898007 -0.5247963
vn -0.7980285 0.4964446 0.3415632
vn -0.6151006 -0.5976745 -0.5141453
vn -0.7891476 0.5171667 0.3312479
vn -0.6166875 -0.6065859 -0.5016633
vn -0.6433302 -0.6134831 -0.4579913
vn -0.6163824 -0.6523637 -0.4409314
vn -0.7964721 0.5202185 0.3081149
vn -0.614948 -0.6616108 -0.4289987
vn -0.7851802 0.5465865 0.290994
vn -0.6363415 -0.6743675 -0.3744621
vn -0.7985168 0.5800348 0.1609241
vn -0.7987304 0.5715202 0.187933
vn -0.7902768 0.5756707 0.2098147
vn -0.7993408 0.556383 0.226783
vn -0.6064333 -0.6754967 -0.4193243
vn -0.7934507 0.5583667 0.2420728
vn -0.801294 0.5409101 0.255501
vn -0.6362499 -0.674459 -0.3744621
vn -0.6144597 -0.7055879 -0.352855
vn -0.8138371 0.5604114 0.1535081
vn -0.5976745 -0.7283242 -0.3350932
vn -0.7946715 0.5940428 0.1246986
vn -0.7661672 0.3918576 0.5092929
vn -0.7836238 0.4763634 0.3987243
vn -0.614246 -0.7667471 -0.1864681
vn -0.8036439 0.4946135 0.3308817
vn -0.7850276 0.5570849 0.2707907
vn -0.5890378 -0.7360759 -0.3334452
vn -0.6265755 -0.7260659 -0.2831813
vn -0.8009888 0.5952941 0.06320381
vn -0.6106144 -0.7483749 -0.258858
vn -0.8209479 0.5680105 0.05789357
vn -0.6088443 -0.7566759 -0.2381054
vn -0.8001648 0.599292 0.02243107
vn -0.5863826 -0.7785272 -0.2236396
vn -0.7978454 0.600238 0.05594038
vn -0.7839289 0.5988037 0.1637928
vn -0.7692801 0.2081972 0.6039918
vn -0.5708182 -0.8127384 -0.1165196
vn -0.7461776 0.1683401 0.6440932
vn -0.7134617 0.04464852 0.6992401
vn -0.7692801 0.333781 0.5447249
vn -0.7585375 0.3001495 0.5783258
vn -0.6019776 -0.7819758 -0.1615039
vn -0.9459212 -0.322306 -0.03610336
vn -0.591937 -0.8016602 -0.08307135
vn -0.5777459 -0.8143864 -0.05423134
vn -0.5603809 -0.8278756 0.02304142
vn -0.5492721 -0.8293405 0.1023285
vn -0.5685598 -0.7941222 0.2146366
vn -0.5656301 -0.7555162 0.3304544
vn -0.5808893 -0.7012238 0.4132816
vn -0.5988037 -0.6183661 0.5089572
vn -0.6094546 -0.5336161 0.5862911
vn -0.6545 -0.306711 0.6910306
vn -0.6793115 -0.2044435 0.704764
vn -0.7112339 -0.1555528 0.6855068
vn -0.6953948 -0.1122471 0.7097995
vn -0.6689352 -0.07443463 0.7395551
vn -0.04422128 0.6533708 0.7557299
vn -0.04568618 0.7635121 0.6441237
vn -0.04504531 0.5256203 0.8495132
vn -0.04431283 -0.7653432 0.6420484
vn -0.7858821 0.259682 -0.5611438
vn -0.7798395 0.2807397 -0.5594653
vn -0.6298105 -0.3196814 0.7078768
vn -0.793878 0.4310129 -0.4289071
vn -0.7894223 0.4465468 -0.4211249
vn -0.6263314 -0.5043489 0.5943785
vn -0.7826167 0.4994049 -0.3715628
vn -0.7829524 0.4989471 -0.3715018
vn -0.643727 -0.5252236 0.556505
vn -0.6516618 -0.3646351 -0.6650899
vn -0.9459212 -0.3223365 0.03567612
vn -0.6340831 -0.3243812 -0.7018952
vn -0.9515976 -0.3051241 0.03646957
vn -0.6367992 -0.4314097 -0.6389966
vn -0.6044496 -0.5361186 -0.5891599
vn -0.5539415 -0.6369823 -0.5360576
vn -0.5901975 -0.6806543 -0.4339427
vn -0.5531175 -0.7555773 -0.3508713
vn -0.5180517 -0.8538469 -0.0502029
vn -0.5583972 -0.8294931 0.009460687
vn -0.5701468 -0.8146916 0.1056551
vn -0.7828303 0.3765374 -0.4953154
vn -0.7651296 0.3429365 -0.544908
vn -0.5822016 -0.8020875 0.1327555
vn -0.7757805 0.2533341 -0.5778985
vn -0.7514878 0.2112491 -0.6249886
vn -0.7200232 0.07425153 -0.6899319
vn -0.6730552 -0.05984675 -0.7371441
vn -0.5717948 -0.8122196 0.1152378
vn -0.6656392 -0.1269264 -0.7353435
vn -0.6984466 -0.10477 -0.7079378
vn -0.5954467 -0.7770013 0.2041078
vn -0.5926389 -0.7694632 0.2379833
vn -0.8017517 0.5972473 -0.02063047
vn -0.626423 -0.7339702 0.2623676
vn -0.8121891 0.5816523 -0.04495376
vn -0.6166875 -0.769982 0.1636402
vn -0.8019349 0.5965148 -0.03192234
vn -0.7919858 0.6030763 -0.09488201
vn -0.7791986 0.5878781 -0.2172307
vn -0.7822199 0.5294656 -0.3282876
vn -0.6148564 -0.7715384 0.163274
vn -0.7762688 0.4384594 -0.4529252
vn -0.7989135 0.4589374 -0.3886837
vn -0.6097598 -0.7331156 0.3011261
vn -0.6127201 -0.7243568 0.3159276
vn -0.7989746 0.5971557 -0.0707724
vn -0.6263314 -0.7340312 0.2623676
vn -0.8073672 0.5724662 -0.1429182
vn -0.7956175 0.581927 -0.1682485
vn -0.5990784 -0.725547 0.3385418
vn -0.7942442 0.5954772 -0.1205176
vn -0.6376842 -0.6302683 0.442793
vn -0.7977233 0.5520799 -0.2425001
vn -0.6045107 -0.6684774 0.4331797
vn -0.6226081 -0.6795251 0.3880123
vn -0.6327098 -0.6877651 0.3558153
vn -0.6346019 -0.6859035 0.3560594
vn -0.7994629 0.5724662 -0.1819208
vn -0.7901853 0.5774407 -0.2052064
vn -0.7986084 0.5596179 -0.2213202
vn -0.7961974 0.5234535 -0.3033235
vn -0.7922911 0.5113071 -0.3328654
vn -0.6380505 -0.6302683 0.4422437
vn -0.7858211 0.5478377 -0.2867825
vn -0.8062685 0.539201 -0.243202
vn -0.6302073 -0.6180914 0.4698629
vn -0.6357921 -0.6001465 0.4853053
vn -0.805414 0.4958342 -0.3246559
vn -0.6097293 -0.5989868 0.5190283
vn -0.6356395 -0.5486618 0.5430158
vn -0.5927 -0.5197913 0.6151921
vn -0.793939 0.4496597 -0.4091311
vn -0.7893002 0.4810022 -0.3815729
vn -0.637959 -0.4726402 0.6079287
vn -0.787286 0.3748283 -0.4895474
vn -0.7916501 0.3868831 -0.4728233
vn -0.777398 0.4221015 -0.4662923
vn -0.6547136 -0.3527329 0.6685079
vn -0.7754143 0.3461714 -0.5280312
vn -0.6546525 -0.3527939 0.6685079
vn -0.6502274 -0.4421522 0.6177862
vn -0.6523942 -0.4420911 0.6155278
vn -0.7937559 0.3615528 -0.4890591
vn -0.6060976 -0.4279916 0.6703696
vn -0.6324351 -0.3969237 0.665151
vn -0.6166265 -0.3308817 0.7143163
vn -0.7903684 0.2894681 -0.5398724
vn -0.7846004 0.3217872 -0.5299234
vn -0.7749565 0.347087 -0.5281228
vn -0.7736442 0.239143 -0.5867183
vn -0.6346324 -0.2994781 0.7123936
vn -0.7929319 0.1978515 -0.5762505
vn -0.657918 -0.2594379 0.7069308
vn -0.6258125 -0.2314829 0.7447737
vn -0.785638 0.1933957 -0.5876339
vn -0.6259346 -0.2187566 0.7485275
vn -0.7859432 0.171575 -0.5939818
vn -0.6287423 -0.2053591 0.7499619
vn -0.7720572 0.1466414 -0.6183966
vn -0.6594135 -0.1618091 0.7341228
vn -0.7718741 0.1467024 -0.6185797
vn -0.6597492 -0.1613208 0.7339397
vn -0.7881711 0.1133152 -0.6048769
vn -0.7926573 0.09851372 -0.6016419
vn -0.6214179 0.2218085 0.7513962
vn -0.650441 0.2404248 0.7204505
vn -0.7738578 -0.2361827 -0.5876339
vn -0.6334422 -0.1301004 0.7627491
vn -0.6268502 -0.1006805 0.7725761
vn -0.7737663 0.07452619 -0.6290475
vn -0.6592304 -0.06219667 0.749321
vn -0.7744072 0.07354956 -0.6283456
vn -0.6591387 -0.06210511 0.7494125
vn -0.782342 0.04788351 -0.6209601
vn -0.6395153 -0.02853477 0.7682119
vn -0.7993408 -0.01135283 -0.6007569
vn -0.6404615 -0.01138335 0.7678762
vn -0.7857601 -0.008941888 -0.6184271
vn -0.6249886 0.007141292 0.7805719
vn -0.7829219 -0.04370248 -0.6205329
vn -0.657857 0.03982663 0.7520371
vn -0.7729728 -0.07068085 -0.6304514
vn -0.6433607 0.07272559 0.7620777
vn -0.7730033 -0.07037568 -0.6304209
vn -0.6455581 0.09213536 0.7581103
vn -0.7884152 -0.09237951 -0.6081423
vn -0.623188 0.1158177 0.7734306
vn -0.7866146 -0.1132847 -0.6069216
vn -0.6550188 0.1415753 0.7422102
vn -0.7720878 -0.142735 -0.6192206
vn -0.6550493 0.1415753 0.7421491
vn -0.7720572 -0.142735 -0.6192816
vn -0.6451918 0.170629 0.7446821
vn -0.7876522 -0.1717886 -0.5916624
vn -0.7943968 -0.1936399 -0.5756707
vn -0.6448866 0.2653585 0.7166967
vn -0.652089 0.2870266 0.7016816
vn -0.774102 -0.2350535 -0.587756
vn -0.6514481 0.2880032 0.7018647
vn -0.6523026 0.3808405 0.6552935
vn -0.7742851 -0.343791 -0.5312662
vn -0.7852107 -0.3168432 -0.5319681
vn -0.6362194 0.3523972 0.6863002
vn -0.7976623 -0.2741783 -0.5371563
vn -0.59682 0.3440962 0.7248146
vn -0.7844173 -0.2836085 -0.5515305
vn -0.7852718 -0.2552568 -0.5640736
vn -0.6518449 0.3797418 0.6563921
vn -0.7748345 -0.343028 -0.530961
vn -0.60506 0.4340648 0.6673788
vn -0.7917417 -0.3580431 -0.4948881
vn -0.6245918 0.4275338 0.6534929
vn -0.787286 -0.37434 -0.4898831
vn -0.6510819 0.4647054 0.6000549
vn -0.7896359 -0.4447462 -0.4226508
vn -0.7923216 -0.428785 -0.4339427
vn -0.7772759 -0.4192022 -0.4690695
vn -0.7928099 -0.3824885 -0.4744408
vn -0.6514787 0.4646443 0.5996887
vn -0.6354259 0.4457228 0.6304819
vn -0.6484878 0.5430464 0.5334025
vn -0.7817316 -0.4975127 -0.375927
vn -0.7816401 -0.4976043 -0.375988
vn -0.7893307 -0.47734 -0.3860591
vn -0.7956786 -0.4447157 -0.4111453
vn -0.6234931 0.5278481 0.5766777
vn -0.610828 0.516007 0.6004822
vn -0.6480606 0.5435346 0.533433
vn -0.6136967 0.5898312 0.5247963
vn -0.7980285 -0.4964446 -0.3415632
vn -0.6151006 0.5976745 0.5141453
vn -0.7891171 -0.5171667 -0.3313699
vn -0.6167181 0.6065859 0.5016633
vn -0.6433607 0.613422 0.4579607
vn -0.6163213 0.6524552 0.4409009
vn -0.7965636 -0.5200659 -0.3081759
vn -0.614948 0.6616413 0.4289681
vn -0.7851802 -0.546617 -0.2909635
vn -0.636372 0.674398 0.3744316
vn -0.7985168 -0.5800348 -0.1609241
vn -0.7987304 -0.5715507 -0.1879025
vn -0.7903074 -0.5756402 -0.2097842
vn -0.7993408 -0.556383 -0.226783
vn -0.6064944 0.6754967 0.4193243
vn -0.7934507 -0.5583667 -0.2420728
vn -0.8013245 -0.5408796 -0.255501
vn -0.6362804 0.674459 0.3744316
vn -0.6144902 0.7055879 0.352855
vn -0.8138371 -0.5604114 -0.1535081
vn -0.5976745 0.7283548 0.3350322
vn -0.7947325 -0.5939818 -0.124607
vn -0.7660756 -0.3917356 -0.5095065
vn -0.7835932 -0.4763939 -0.3987243
vn -0.614185 0.7668081 0.1863155
vn -0.8036744 -0.4945524 -0.3308511
vn -0.7850276 -0.5571154 -0.2707907
vn -0.5892819 0.7360149 0.3331705
vn -0.6265755 0.7260659 0.2831813
vn -0.8009888 -0.5952941 -0.06320381
vn -0.6106144 0.7483749 0.258858
vn -0.8209479 -0.5680105 -0.05789357
vn -0.6088443 0.7566759 0.2381359
vn -0.8001953 -0.599292 -0.02243107
vn -0.5863521 0.7785272 0.2236396
vn -0.7978454 -0.600238 -0.05594038
vn -0.7839289 -0.5988037 -0.1637928
vn -0.7691885 -0.208594 -0.6039613
vn -0.5708182 0.8127384 0.1165196
vn -0.7461776 -0.1681874 -0.6441237
vn -0.7134617 -0.04464852 -0.6992401
vn -0.7693106 -0.3335978 -0.5448164
vn -0.7586901 -0.3003632 -0.5780511
vn -0.6019776 0.7819758 0.1615344
vn -0.9459212 0.322306 0.03610336
vn -0.591937 0.8016602 0.08307135
vn -0.5777459 0.8143864 0.05423134
vn -0.5603809 0.8278756 -0.02304142
vn -0.5492416 0.8293405 -0.1023591
vn -0.5686819 0.7941527 -0.2141484
vn -0.5656301 0.7555162 -0.3304544
vn -0.5808893 0.7012543 -0.4132206
vn -0.5986205 0.6184271 -0.5090183
vn -0.6094852 0.5335856 -0.5863216
vn -0.6635945 0.3864559 -0.640492
vn -0.6544389 0.3068331 -0.6910306
vn -0.6792505 0.2043214 -0.704825
vn -0.7117221 0.1596728 -0.6840419
vn -0.6940214 0.1142918 -0.7108066
vn -0.6690878 0.07422101 -0.739433
vn -0.04568618 -0.7635121 -0.6441237
vn -0.04422128 -0.6533708 -0.7556993
vn -0.04504531 -0.5256203 -0.8495132
vn -0.04574722 0.3850826 -0.92172
vn -0.04434335 0.7653432 -0.6420484
vn -0.043733 0.6526994 -0.7563097
vn -0.1843013 0.9761956 -0.1140782
vn -0.1384624 0.9836421 -0.1149632
vn -0.1843318 0.9563586 -0.2266609
vn -0.1383098 0.963683 -0.22837
vn -0.1843318 0.9235817 -0.3361309
vn -0.1383404 0.9306314 -0.3387249
vn -0.1843013 0.8782922 -0.4411146
vn -0.1382488 0.8850368 -0.4444715
vn -0.1843013 0.8211615 -0.5400861
vn -0.1384624 0.8274179 -0.5441756
vn -0.1843013 0.5869014 -0.7883542
vn -0.1383709 0.6796167 -0.7203589
vn -0.1383709 0.5913877 -0.7943968
vn -0.1843013 0.4914395 -0.8511613
vn -0.1383098 0.4951933 -0.8576922
vn -0.1843013 0.3892636 -0.9024628
vn -0.1383098 0.3922544 -0.9093601
vn -0.1843013 0.2818689 -0.9415571
vn -0.1384319 0.2840358 -0.9487594
vn -0.1843013 0.1706595 -0.9679251
vn -0.1384319 0.1719717 -0.9753105
vn -0.1843013 0.05713063 -0.9812006
vn -0.1383404 0.05755788 -0.9886776
vn -0.1843013 -0.05713063 -0.9812006
vn -0.1383404 -0.05755788 -0.9886776
vn -0.1843013 -0.1706595 -0.9679251
vn -0.1384014 -0.1719412 -0.9753105
vn -0.1843013 -0.2818689 -0.9415571
vn -0.1384319 -0.2840052 -0.9487594
vn -0.1843013 -0.3892636 -0.9024628
vn -0.1383098 -0.3922544 -0.9093601
vn -0.1843013 -0.4914395 -0.8511613
vn -0.1383098 -0.4951933 -0.8576617
vn -0.1843013 -0.5869014 -0.7883542
vn -0.1383709 -0.5913877 -0.7943968
vn -0.1843013 -0.674459 -0.7148961
vn -0.1383709 -0.6796167 -0.7203589
vn -0.1843013 -0.7529221 -0.6317636
vn -0.1384624 -0.7586596 -0.6365856
vn -0.1843318 -0.8211615 -0.5400861
vn -0.138493 -0.8274179 -0.5442061
vn -0.1843013 -0.8782922 -0.441084
vn -0.1382793 -0.8850368 -0.4444715
vn -0.1843318 -0.9235817 -0.3361309
vn -0.1383404 -0.9306314 -0.3387249
vn -0.1843013 0.674459 0.7148961
vn -0.1383709 0.5913877 0.7943968
vn -0.1383709 0.6796167 0.7203589
vn -0.1843013 0.7528916 0.6317636
vn -0.1843013 0.8211615 0.540025
vn -0.1383098 0.7586596 0.6365856
vn -0.1384624 0.8274179 0.5442061
vn -0.1843318 0.8782922 0.441084
vn -0.1382793 0.8850368 0.4444715
vn -0.1843318 0.9235817 0.3361309
vn -0.1384014 0.9306314 0.3387249
vn -0.1843318 0.9563586 0.2266609
vn -0.1383709 0.963683 0.22837
vn -0.1843013 0.9761956 0.1141087
vn -0.138493 0.9836421 0.1149632
vn -0.1843013 0.9828486 0
vn -0.1384624 0.9903562 0
vn -0.1383098 -0.963683 -0.22837
vn 0.1554613 -0.928251 -0.3378399
vn 0.1554613 -0.961211 -0.2277596
vn -0.1383098 0.4951933 0.8576922
vn 0.1554918 0.3912473 0.9070406
vn 0.1555528 0.4939116 0.8554643
vn 0.1553392 -0.9811701 -0.114658
vn 0.5437788 -0.8335216 -0.09741508
vn 0.1554307 -0.9878231 0
vn 0.5438398 -0.8391675 0
vn 0.1553697 -0.9811701 0.114658
vn 0.5437788 -0.8335216 0.09741508
vn 0.1554002 -0.961211 0.2278206
vn 0.5437483 -0.8166143 0.1935178
vn 0.1554002 -0.928251 0.3378704
vn 0.5438093 -0.7885678 0.2870266
vn 0.1554918 0.1715445 0.972808
vn 0.5437483 0.04879909 0.8377941
vn 0.5436567 0.1457259 0.8265328
vn 0.1553697 0.2833033 0.9463485
vn 0.5436262 0.2406995 0.8040407
vn 0.5436872 0.3324076 0.7706229
vn 0.5438398 0.4195685 0.7267373
vn 0.1553392 0.5898923 0.7923826
vn 0.5437788 0.8335216 -0.09741508
vn 0.8384655 0.5412458 -0.06323432
vn 0.5437483 0.8165838 -0.1935178
vn 0.8384655 0.5302286 -0.1256447
vn 0.5438093 0.7885678 -0.2870266
vn 0.5436567 0.7500229 -0.3766595
vn 0.8384655 0.5120701 -0.1863765
vn 0.838435 0.4869838 -0.2445753
vn 0.5438398 0.7011017 -0.4611347
vn 0.8384655 0.4552751 -0.2994171
vn 0.5438398 0.6428419 -0.5393841
vn 0.8384655 0.4174321 -0.3502609
vn 0.5438093 0.5758843 -0.6104007
vn 0.838435 0.3739738 -0.3964049
vn 0.5436872 0.501175 -0.6731773
vn 0.838435 0.3254188 -0.4371166
vn 0.5436872 0.4196295 -0.7268288
vn 0.8384655 0.2724387 -0.4719077
vn 0.5437788 0.3323771 -0.7705619
vn 0.838435 0.2158269 -0.5003815
vn 0.5438093 0.240669 -0.8039186
vn 0.838435 0.1562852 -0.5220496
vn 0.5438093 0.1457259 -0.8264412
vn 0.5437483 0.04876857 -0.8377941
vn 0.838496 0.09460735 -0.5365765
vn 0.838435 0.03167819 -0.544023
vn 0.5437483 -0.04876857 -0.8377941
vn 0.838435 -0.03167819 -0.544023
vn 0.5438093 -0.1457259 -0.8264412
vn 0.838496 -0.09460735 -0.5365765
vn 0.5438093 -0.240669 -0.8039186
vn 0.5438093 -0.5758843 -0.6104007
vn 0.838435 -0.3739738 -0.3964049
vn 0.5438398 -0.6428419 -0.5393841
vn 0.8384655 -0.4174321 -0.3502609
vn 0.5438398 -0.7011017 -0.4611347
vn 0.8384655 -0.5412458 -0.06323432
vn 0.8384655 -0.5449385 0
vn 0.838435 -0.5412763 0.06326484
vn 0.8384655 -0.5302286 0.1256447
vn 0.8384655 -0.5120701 0.1863765
vn 0.5437178 -0.7499619 0.3766289
vn 0.838496 -0.4869228 0.2445448
vn 0.5438398 -0.7011017 0.4611347
vn 0.8384655 -0.4552751 0.2994171
vn 0.5437178 -0.6429029 0.5394452
vn 0.8384655 -0.4174321 0.3502609
vn 0.5436567 -0.1457259 0.8265328
vn 0.8384655 -0.1562547 0.5220191
vn 0.838435 -0.09460735 0.5366985
vn 0.5437483 -0.04879909 0.8378247
vn 0.8384655 -0.03167819 0.5439925
vn 0.8384655 0.03167819 0.5439925
vn 0.838435 0.09460735 0.5366985
vn 0.8384655 0.1562852 0.5219886
vn 0.5438093 0.501114 0.6731468
vn 0.838496 0.3253578 0.4370251
vn 0.5437483 0.5759148 0.6104313
vn 0.838496 0.3738822 0.3963134
vn 0.5437178 0.6428724 0.5394452
vn 0.8384655 0.4174321 0.3502609
vn 0.5438093 0.7011322 0.4611347
vn 0.5437178 0.7499619 0.3766595
vn 0.838496 0.4869228 0.2445143
vn 0.5438093 0.7885678 0.2869961
vn 0.9362773 0.3488571 -0.04077267
vn 0.9362468 0.3418378 -0.08099609
vn 0.9362163 0.3301492 -0.1201514
vn 0.9362468 0.3139134 -0.1576281
vn 0.9362468 0.2934965 -0.1930295
vn 0.9362468 0.2691122 -0.2258064
vn 0.9362468 0.2410657 -0.255501
vn 0.9362468 0.2097842 -0.2818079
vn 0.9362773 0.1756035 -0.3041779
vn 0.9362468 0.1391339 -0.3225501
vn 0.9362773 0.1006805 -0.3364971
vn 0.9362468 0.06097596 -0.3459273
vn 0.9362468 0.02038633 -0.3507187
vn 0.9362468 -0.02038633 -0.3507187
vn 0.9362468 -0.06097596 -0.3459273
vn 0.838435 -0.1562852 -0.5220496
vn 0.9362468 -0.1007416 -0.3364971
vn 0.838435 -0.2158269 -0.5003815
vn 0.9362468 -0.1391339 -0.3225501
vn 0.838496 -0.2724387 -0.4718772
vn 0.9362773 -0.1756035 -0.3041779
vn 0.838435 -0.3254188 -0.4371166
vn 0.9362163 -0.2097842 -0.2818079
vn 0.9362468 -0.2410657 -0.255501
vn 0.9362468 -0.2691122 -0.2258064
vn 0.8384655 -0.4552751 -0.2994171
vn 0.9362468 -0.2934355 -0.1930295
vn 0.838435 -0.4869838 -0.2445753
vn 0.9362468 -0.3139134 -0.1576281
vn 0.8384655 -0.5120701 -0.1863765
vn 0.9362163 -0.3301492 -0.1201514
vn 0.8384655 -0.5302591 -0.1256447
vn 0.9362468 -0.3418073 -0.08099609
vn 0.9362773 -0.3488571 -0.04074215
vn 0.9362468 -0.3512681 0
vn 0.9362773 -0.3488571 0.04077267
vn 0.9362468 -0.3417768 0.08099609
vn 0.9362163 -0.3301492 0.1201514
vn 0.9362468 -0.3138828 0.1576281
vn 0.9362468 -0.2934355 0.1930295
vn 0.9362468 -0.2691428 0.2258064
vn 0.838496 -0.3738822 0.3963134
vn 0.9362468 -0.2410352 0.255501
vn 0.838496 -0.3253578 0.4370251
vn 0.9362468 -0.2097842 0.2818079
vn 0.838435 -0.2724692 0.4719382
vn 0.9362163 -0.175695 0.3043001
vn 0.838374 -0.2158879 0.500473
vn 0.9362468 -0.1391339 0.3225806
vn 0.9362468 -0.1007416 0.3365276
vn 0.9362773 -0.06097596 0.3458663
vn 0.9362468 -0.02038633 0.3506882
vn 0.9362468 0.02038633 0.3506882
vn 0.9362773 0.06097596 0.3458663
vn 0.9362468 0.1007416 0.3365276
vn 0.838374 0.2158574 0.500473
vn 0.9362468 0.1391339 0.3225806
vn 0.838435 0.2724692 0.4719382
vn 0.9362163 0.175695 0.3043001
vn 0.9362468 0.2097842 0.2818079
vn 0.9362468 0.2410352 0.255501
vn 0.9362163 0.2691122 0.2258064
vn 0.8384655 0.4552751 0.2994171
vn 0.9362468 0.2934355 0.192999
vn 0.9362468 0.3139134 0.1576281
vn 0.8384655 0.5120701 0.1863765
vn 0.9362163 0.3301492 0.1201514
vn 0.8384655 0.5302286 0.1256447
vn 0.9362468 0.3417768 0.08099609
vn 0.838435 0.5412763 0.06326484
vn 0.9362773 0.3488571 0.04074215
vn 0.8384655 0.5449385 0
vn 0.9362468 0.3512681 0
vn -0.1943724 0.9804987 0.02819907
vn -0.08426159 0.9855953 0.1464583
vn -0.1785943 0.976989 0.1163671
vn -0.05471968 0.9665822 0.2504044
vn -0.1902219 0.9605091 0.2029175
vn -0.1455122 0.8966033 0.4181951
vn -0.05194246 0.8560442 0.5142674
vn -0.1681569 0.8031251 0.5715202
vn -0.140965 0.7736747 0.6176336
vn -0.06253242 0.7522507 0.6558733
vn -0.1408429 0.7060152 0.6940214
vn -0.1373333 0.5930357 0.7933592
vn -0.08673357 0.4973906 0.863155
vn -0.1181371 0.5266885 0.8417921
vn -0.07367163 0.1620227 0.9840083
vn -0.1238441 0.3103427 0.9425032
vn -0.1222876 0.4512772 0.8839381
vn -0.1115757 -0.1922056 0.9749748
vn -0.1058077 -0.1474044 0.9833674
vn -0.08081299 -0.1666921 0.9826655
vn -0.1176488 -0.08566546 0.9893491
vn -0.1432844 0.02853477 0.9892575
vn -0.1233253 0.1420636 0.9821162
vn -0.1100497 0.2332224 0.966155
vn -0.1206091 -0.4990081 0.85815
vn -0.114597 -0.4615009 0.8796655
vn -0.08676409 -0.4965056 0.8636738
vn -0.1275674 -0.3829768 0.9148839
vn -0.1232948 -0.2784814 0.9524827
vn -0.07242041 -0.74926 0.6582537
vn -0.1309854 -0.722129 0.67922
vn -0.1434065 -0.6583758 0.7388836
vn -0.1329081 -0.5710013 0.8100833
vn -0.1396832 -0.7743461 0.6170843
vn -0.05032497 -0.8612934 0.5055696
vn -0.1478011 -0.8643147 0.4807276
vn -0.1482284 -0.9023103 0.404767
vn -0.04797506 -0.9254128 0.3758659
vn -0.1538438 -0.9331035 0.3250221
vn -0.0482192 -0.9573351 0.2848293
vn -0.1712698 -0.9714652 0.1640369
vn -0.152562 -0.9324015 -0.3275856
vn -0.1663259 -0.9457686 -0.2789697
vn -0.09320348 -0.9350872 -0.3418684
vn -0.1850642 -0.9634388 -0.1936705
vn -0.09555345 -0.9860225 -0.1362956
vn -0.1754814 -0.9793695 -0.1001312
vn -0.1996826 -0.9795832 -0.02243107
vn -0.1507309 -0.7171239 -0.6804102
vn -0.1425824 -0.7775811 -0.6123844
vn -0.09048736 -0.7620167 -0.6411634
vn -0.1670583 -0.8254647 -0.53914
vn -0.1654103 -0.8971221 -0.4095889
vn -0.1528367 -0.6027711 -0.783105
vn -0.06622517 -0.5452742 -0.8355968
vn -0.1376385 -0.5319681 -0.8354747
vn -0.04397714 -0.4785608 -0.8769189
vn -0.1365092 0.08270514 -0.9871517
vn -0.1690115 -0.01559495 -0.9854732
vn -0.06588941 0.137791 -0.9882504
vn -0.06753742 -0.1367229 -0.9882809
vn -0.1295816 -0.1563158 -0.9791558
vn -0.1260109 -0.2379528 -0.9630421
vn -0.04959255 -0.2843104 -0.9574267
vn -0.1290627 -0.3151341 -0.9402142
vn -0.04882961 -0.4516434 -0.8908353
vn -0.1374248 -0.4672384 -0.8733482
vn -0.1477401 0.1809442 -0.9723197
vn -0.131901 0.1528977 -0.9793695
vn -0.05023342 0.281991 -0.9580676
vn -0.04220706 0.2363658 -0.9707328
vn -0.146794 0.5695365 -0.80871
vn -0.06820887 0.5463119 -0.8347728
vn -0.1570177 0.6566057 -0.7376934
vn -0.09134185 0.7619861 -0.6410718
vn -0.1416059 0.7202063 -0.6790979
vn -0.1351054 0.4968718 -0.8572344
vn -0.1279946 0.4593036 -0.8789941
vn -0.04919582 0.4495376 -0.8919035
vn -0.1290627 0.3869137 -0.9130222
vn -0.1316568 0.2687155 -0.9541612
vn -0.09356975 0.9353618 -0.3410138
vn -0.1551866 0.9017609 -0.4033936
vn -0.1706595 0.8598285 -0.4811853
vn -0.1511276 0.7737358 -0.6151921
vn -0.09454631 0.9865413 -0.1333354
vn -0.1997436 0.9784845 -0.05154573
vn -0.1793572 0.9701224 -0.163213
vn -0.1603747 0.9321879 -0.3244423
vn -0.7885983 -0.6148564 0.004211544
vn -0.4770348 -0.8787805 -0.01110869
vn -0.8085879 -0.5883053 -0.001647949
vn -0.4792627 -0.8736228 -0.08371227
vn -0.4628132 -0.8025147 -0.3765069
vn -0.4727928 -0.8402356 -0.2654195
vn -0.4756615 -0.8606525 -0.1816156
vn -0.8121891 -0.5807062 -0.05566573
vn -0.8066958 -0.5760674 -0.1315958
vn -0.8037965 -0.5618458 -0.19541
vn -0.7625355 -0.5121921 -0.3951537
vn -0.7891781 -0.5447554 -0.283517
vn -0.4442884 -0.7351604 -0.511948
vn -0.7270119 -0.4665975 -0.5036775
vn -0.4207587 -0.6471755 -0.63567
vn -0.6923429 -0.4020203 -0.5991699
vn -0.398114 -0.5412153 -0.7406232
vn -0.3774834 -0.4206061 -0.8249458
vn -0.6590777 -0.3214209 -0.6798914
vn -0.8430739 -0.1387676 -0.5195471
vn -0.867275 -0.1865596 -0.4614704
vn -0.634846 -0.2237312 -0.7395246
vn -0.3626514 -0.2870266 -0.8865932
vn -0.3539232 -0.1452681 -0.9238868
vn -0.8270821 -0.07553327 -0.5569323
vn -0.6194647 -0.116245 -0.7763298
vn -0.610828 0.08667254 -0.7869808
vn -0.3244728 0.06591993 -0.9435713
vn -0.4697409 0.8288522 -0.3038423
vn -0.3515122 0.08401745 -0.932371
vn -0.3531602 0.1712088 -0.9197363
vn -0.356212 0.2491531 -0.9005402
vn -0.3684805 0.3515122 -0.8605915
vn -0.3812067 0.4475539 -0.8089236
vn -0.604999 0.0877102 -0.791345
vn -0.6122928 0.06640827 -0.7878048
vn -0.644673 0.272042 -0.7143773
vn -0.6679281 0.338908 -0.6625263
vn -0.3877682 0.5137791 -0.7652516
vn -0.4083987 0.5957518 -0.6915494
vn -0.6749474 0.3885922 -0.6272164
vn -0.4311044 0.6911527 -0.5800043
vn -0.7432478 0.4909207 -0.4544816
vn -0.7086093 0.4366283 -0.5542467
vn -0.4533219 0.7699515 -0.4489883
vn -0.7761467 0.529252 -0.3426923
vn -0.9412824 0.2145146 -0.2605975
vn -0.9641103 0.1966307 -0.1782281
vn -0.7991577 0.5569933 -0.2259285
vn -0.9777215 0.1808221 -0.1064485
vn -0.9953002 -0.09381389 -0.02331614
vn -0.4791406 0.8650166 -0.1486556
vn -0.8122501 0.5736564 -0.1055024
vn -0.9844661 0.1704459 -0.04174929
vn -0.4782861 0.8775597 -0.03299045
vn -0.8099613 0.586108 -0.01953184
vn -0.9834895 0.1809442 -0.002075254
vn -0.2616657 0.9651479 0.000488296
vn -0.4598834 0.8879666 0.000946074
vn -0.7849056 0.6195563 0.001708984
vn -0.9704581 0.2411878 0.002166807
vn -0.4636372 0.8857998 0.01843315
vn -0.7904294 0.612415 0.01174962
vn -0.4640644 0.8803369 0.09802544
vn -0.7918637 0.6062807 0.07327491
vn -0.456618 0.8666647 0.2009033
vn -0.8315989 -0.1219825 0.5417646
vn -0.7050691 -0.1581469 0.6912443
vn -0.740379 -0.211829 0.6378979
vn -0.3365581 -0.5230873 0.7829829
vn -0.3634449 -0.6061281 0.7074496
vn -0.3946043 -0.7018647 0.5929747
vn -0.4249092 -0.7799921 0.4593951
vn -0.4976043 -0.07095551 0.8644673
vn -0.2880032 -0.1754814 0.9414045
vn -0.5081027 -0.1466109 0.8487198
vn -0.5141453 -0.2132633 0.8307443
vn -0.2930998 -0.2551042 0.9213843
vn -0.3085727 -0.359386 0.8806726
vn -0.5427717 -0.2962737 0.7858516
vn -0.3270974 -0.4560075 0.827662
vn -0.5891904 -0.4221931 0.6888943
vn -0.6370739 -0.4735557 0.6081423
vn -0.687582 -0.5292825 0.4970244
vn -0.7349773 -0.5655691 0.3740043
vn -0.8457289 -0.2907804 0.4473708
vn -0.9989013 0.009155511 -0.045381
vn -0.9968871 -0.05471968 -0.05636763
vn -0.9906308 -0.1241188 -0.05664235
vn -0.9998779 0.01068145 -0.01074248
vn -0.9998169 -0.001434326 -0.0185247
vn -0.9916685 -0.1263771 -0.0242927
vn -0.7758415 -0.628193 -0.05847346
vn -0.7885983 -0.612537 -0.05325478
vn -0.6947539 -0.7174596 -0.05041652
vn -0.7528916 -0.6560259 -0.05233919
vn -0.7107456 -0.7019257 -0.04593032
vn -0.985229 -0.108829 -0.1319925
vn -0.9893796 -0.05606245 -0.1338847
vn -0.9899899 -0.05487227 -0.1299478
vn -0.9880673 -0.08682513 -0.127018
vn -0.9803766 -0.1413007 -0.1373638
vn -0.9718925 -0.2040467 -0.1172521
vn -0.9867855 -0.1029999 -0.1249122
vn -0.9882809 -0.06576734 -0.137669
vn -0.9879757 -0.05325478 -0.145024
vn -0.9888302 -0.05569624 -0.1380657
vn -0.9774773 -0.1973631 -0.07458722
vn -0.9773553 -0.1946775 -0.08261358
vn -0.9674978 -0.2371898 -0.08749651
vn -0.9768059 -0.1956542 -0.08664202
vn -0.9749748 -0.2009643 -0.09482097
vn -0.9706107 -0.2156133 -0.1067232
vn -0.9762566 -0.1849421 -0.1125217
vn -0.9693594 -0.2224189 -0.1041597
vn -0.9792474 -0.1638233 -0.1191747
vn -0.9820857 -0.1414838 -0.1243629
vn -0.9858394 -0.1133762 -0.1234474
vn -0.995056 -0.07083344 -0.06942957
vn -0.991638 -0.1075167 -0.07086396
vn -0.9956969 -0.06601148 -0.0648213
vn -0.996704 -0.05447548 -0.05960261
vn -0.9806818 -0.1826533 -0.06955164
vn -0.9730216 -0.2237922 -0.05587935
vn -0.9841304 -0.1640675 -0.06747639
vn -0.9866634 -0.1455733 -0.07251197
vn -0.681692 -0.7309488 -0.03082364
vn -0.6700644 -0.7421796 -0.01153594
vn -0.760796 -0.6478469 -0.03823965
vn -0.7474899 -0.6640217 -0.01763969
vn -0.8760949 -0.4788354 -0.05609297
vn -0.8643147 -0.5018464 -0.0323801
vn -0.9131444 -0.4022645 -0.06537061
vn -0.9038362 -0.4260079 -0.03988766
vn -0.9437849 -0.3210547 -0.07837152
vn -0.9549547 -0.2921231 -0.0520035
vn -0.9328288 -0.3573718 -0.04550307
vn -0.9511094 -0.2941069 -0.09405803
vn -0.9236427 -0.3729667 -0.08798485
vn -0.9924314 -0.1223487 0.01031523
vn -0.9737846 -0.2272408 0.007599055
vn -0.9729911 -0.2294076 -0.02465891
vn -0.951384 -0.3078707 0.006561458
vn -0.9522691 -0.3043611 -0.02294987
vn -0.8892178 -0.4572893 0.01062041
vn -0.8958404 -0.4440748 -0.0145573
vn -0.8447829 -0.5348674 0.01483196
vn -0.9279458 -0.3721732 -0.01947081
vn -0.6596881 -0.7514573 0.008056879
vn -0.990875 0.1181982 -0.0643025
vn -0.9932249 0.09866631 -0.06118959
vn -0.9922483 0.1144139 -0.04803609
vn -0.9963378 0.0736106 -0.04300057
vn -0.9979248 0.04705953 -0.04382455
vn -0.9974365 0.06619465 -0.0260933
vn -0.998291 0.04150515 -0.04055905
vn -0.9985656 0.01709032 -0.0502029
vn -0.9983215 -0.01574754 -0.05569624
vn -0.9766533 0.2039857 -0.06689655
vn -0.9788812 0.1933347 -0.06616413
vn -0.9745476 0.2178106 -0.05261391
vn -0.9778741 0.1980651 -0.06698811
vn -0.9815058 0.1813715 -0.06112855
vn -0.9850764 0.1619617 -0.05810719
vn -0.990051 0.1247596 -0.06497389
vn -0.9598376 0.270394 -0.07449567
vn -0.9531846 0.2945952 -0.06811732
vn -0.956267 0.2878811 -0.05154573
vn -0.959624 0.2732322 -0.06671345
vn -0.9647206 0.2553789 -0.06357002
vn -0.9697867 0.2354503 -0.0635395
vn -0.9749138 0.2119205 -0.06759846
vn -0.9616687 0.2471694 -0.1186559
vn -0.9594714 0.2603839 -0.1076388
vn -0.9512925 0.2917875 -0.09930723
vn -0.9674978 0.2145756 -0.133549
vn -0.9627369 0.2216254 -0.1547899
vn -0.962859 0.234199 -0.1342509
vn -0.9520859 0.2905973 -0.09509563
vn -0.9441511 0.3130283 -0.1025727
vn -0.9412214 0.3295388 -0.0740379
vn -0.949797 0.2999664 -0.08871728
vn -0.9515061 0.2957854 -0.08438366
vn -0.956267 0.2822962 -0.07632678
vn -0.9602344 0.2659688 -0.08468884
vn -0.9780267 0.1563463 -0.1377605
vn -0.9780572 0.1610156 -0.1319925
vn -0.9731437 0.19718 -0.1187475
vn -0.9773553 0.1718497 -0.1233558
vn -0.977691 0.1519211 -0.1449019
vn -0.9789727 0.1563463 -0.1309549
vn -0.973632 0.1918699 -0.1229895
vn -0.9635304 0.2500076 -0.09530925
vn -0.972869 0.1929075 -0.1276284
vn -0.9088717 0.4063234 -0.09384441
vn -0.891873 0.4457228 -0.07663196
vn -0.896054 0.4342479 -0.09222692
vn -0.8659932 0.4930875 -0.08307135
vn -0.6421095 0.7644886 -0.05667287
vn -0.6981414 0.7142857 -0.0482192
vn -0.6035646 0.7961669 -0.04190188
vn -0.6109501 0.7896969 -0.05520796
vn -0.9935301 0.1127048 0.01306188
vn -0.9929807 0.1160924 -0.0217902
vn -0.8155156 0.5781427 -0.02475047
vn -0.8287301 0.5576648 -0.04687643
vn -0.8670004 0.4972075 -0.03234958
vn -0.8786279 0.4741661 -0.05609297
vn -0.9061251 0.4211249 -0.03976559
vn -0.9152501 0.3975036 -0.06530958
vn -0.9349956 0.3515122 -0.0464186
vn -0.9259011 0.3674429 -0.087466
vn -0.8437147 0.5326396 -0.06625568
vn -0.6848659 0.7279886 -0.03082364
vn -0.5847346 0.8108158 -0.02514719
vn -0.9747917 0.2218085 -0.0237739
vn -0.9755852 0.2193976 0.008728265
vn -0.9541001 0.2985016 -0.02221745
vn -0.9534593 0.3013703 0.007507503
vn -0.9300821 0.366802 -0.0190435
vn -0.8037965 0.5948363 -0.002624571
vn -0.8568072 0.5155492 -0.00866723
vn -0.8983429 0.4389783 -0.01434367
vn -0.01744699 0.9998477 1.08035e-05
vn -0.01744699 0.9998477 1.08035e-05
vn -0.01744699 0.9998477 1.08035e-05
vn -0.01742607 0.9998474 0
vn -0.4297617 0.9029206 0
vn -0.01742607 0.9998474 0
vn -0.01745271 0.9998478 -5.23731e-06
vn -0.01745271 0.9998478 -5.23731e-06
vn -0.01745271 0.9998478 -5.23731e-06
vn -0.5923032 0.8056276 0.009582757
vn -0.9617603 0.2738121 -0.000122074
vn -0.9587085 0.2718284 0.08325445
vn -0.9804376 0.1966002 -0.008026361
vn -0.9860225 0.1663564 -0.005096554
vn -0.9684134 0.2316355 0.09204381
vn -0.9942015 0.107303 0.000305185
vn -0.9775384 0.1893978 0.09189122
vn -0.9913938 0.09726244 0.08728289
vn -0.998291 0.05835133 0.00021363
vn -0.9950865 0.05178987 0.08417004
vn -0.9962157 0 0.08682513
vn -0.9996643 0.02502512 0
vn -0.9993286 -0.0363475 0.000244148
vn -0.9914243 -0.09741508 0.08697772
vn -0.9937437 -0.1114841 9.15555e-05
vn -0.9855648 -0.14597 0.08572649
vn -0.9868465 -0.1615955 -0.000152593
vn -0.9782098 -0.1877193 0.08853417
vn -0.9797663 -0.2000183 3.05185e-05
vn -0.9681082 -0.2344737 0.08783227
vn -0.968627 -0.2484817 -0.000244148
vn -0.9608142 -0.2630695 0.0869472
vn -0.9622486 -0.2721335 -0.000122074
vn -0.5780511 -0.8148747 0.04266482
vn -0.4306467 -0.9024934 0
f 1//1 2//2 3//3
f 4//4 5//5 1//1
f 6//6 7//7 8//8
f 9//9 10//10 11//11
f 12//12 13//13 14//14
f 15//15 16//16 17//17
f 18//18 19//19 20//20
f 18//18 20//20 21//21
f 21//21 20//20 22//22
f 22//22 20//20 23//23
f 22//22 23//23 24//24
f 24//24 25//25 26//26
f 26//26 25//25 27//27
f 26//26 27//27 28//28
f 28//28 29//29 30//30
f 30//30 31//31 32//32
f 32//32 33//33 34//34
f 34//34 35//35 36//36
f 36//36 35//35 37//37
f 36//36 37//37 38//38
f 38//38 39//39 40//40
f 40//40 41//41 42//42
f 42//42 41//41 43//43
f 42//42 43//43 44//44
f 44//44 45//45 46//46
f 46//46 47//47 48//48
f 48//48 47//47 49//49
f 48//48 49//49 50//50
f 50//50 51//51 52//52
f 52//52 53//53 54//54
f 54//54 55//55 56//56
f 57//57 58//58 59//59
f 59//59 58//58 60//60
f 61//61 62//62 63//63
f 61//61 63//63 64//64
f 65//65 66//66 67//67
f 67//67 68//68 69//69
f 70//70 71//71 72//72
f 73//73 74//74 75//75
f 76//76 77//77 78//78
f 78//78 77//77 79//79
f 80//80 81//81 82//82
f 83//83 84//84 85//85
f 85//85 84//84 86//86
f 85//85 86//86 87//87
f 87//87 86//86 88//88
f 87//87 88//88 89//89
f 89//89 90//90 91//91
f 91//91 90//90 92//92
f 91//91 92//92 93//93
f 93//93 94//94 95//95
f 95//95 94//94 96//96
f 97//97 98//98 99//99
f 99//99 100//100 101//101
f 101//101 100//100 102//102
f 103//103 104//104 105//105
f 106//106 107//107 108//108
f 106//106 108//108 109//109
f 110//110 111//111 112//112
f 110//110 112//112 113//113
f 113//113 112//112 114//114
f 113//113 114//114 115//115
f 115//115 114//114 116//116
f 117//117 118//118 119//119
f 119//119 120//120 121//121
f 121//121 120//120 122//122
f 121//121 122//122 123//123
f 124//124 125//125 126//126
f 124//124 126//126 127//127
f 127//127 126//126 128//128
f 127//127 128//128 129//129
f 129//129 130//130 131//131
f 131//131 130//130 132//132
f 131//131 132//132 133//133
f 133//133 134//134 135//135
f 136//136 137//137 138//138
f 136//136 138//138 139//139
f 139//139 138//138 140//140
f 139//139 140//140 141//141
f 141//141 140//140 142//142
f 143//143 144//144 145//145
f 145//145 144//144 146//146
f 147//147 146//146 148//148
f 149//149 150//150 151//151
f 152//152 153//153 154//154
f 154//154 153//153 155//155
f 154//154 155//155 156//156
f 157//157 158//158 159//159
f 160//160 161//161 162//162
f 163//163 160//160 152//152
f 154//154 164//164 152//152
f 156//156 165//165 154//154
f 166//166 156//156 167//167
f 168//168 169//169 170//170
f 157//157 171//171 168//168
f 168//168 171//171 172//172
f 168//168 172//172 173//173
f 174//174 175//175 176//176
f 174//174 176//176 157//157
f 157//157 176//176 177//177
f 157//157 177//177 178//178
f 179//179 180//180 181//181
f 181//181 182//182 183//183
f 184//184 185//185 186//186
f 179//179 187//187 186//186
f 186//186 187//187 188//188
f 189//189 179//179 181//181
f 189//189 181//181 190//190
f 183//183 191//191 192//192
f 183//183 192//192 181//181
f 193//193 194//194 183//183
f 195//195 196//196 197//197
f 198//198 199//199 195//195
f 200//200 201//201 198//198
f 198//198 201//201 202//202
f 203//203 204//204 205//205
f 203//203 205//205 200//200
f 206//206 207//207 208//208
f 206//206 208//208 203//203
f 203//203 208//208 209//209
f 203//203 209//209 210//210
f 211//211 212//212 206//206
f 206//206 212//212 213//213
f 206//206 213//213 207//207
f 214//214 215//215 216//216
f 214//214 216//216 217//217
f 218//218 219//219 220//220
f 220//220 219//219 221//221
f 222//222 223//223 224//224
f 225//225 226//226 227//227
f 228//228 229//229 230//230
f 231//231 232//232 233//233
f 234//234 235//235 236//236
f 237//237 238//238 239//239
f 240//240 241//241 242//242
f 240//240 242//242 243//243
f 241//241 244//244 242//242
f 242//242 245//245 246//246
f 247//247 242//242 248//248
f 249//249 250//250 243//243
f 243//243 250//250 251//251
f 243//243 251//251 240//240
f 252//252 253//253 254//254
f 254//254 255//255 252//252
f 252//252 255//255 256//256
f 252//252 256//256 257//257
f 257//257 256//256 258//258
f 257//257 258//258 259//259
f 259//259 260//260 261//261
f 252//252 262//262 253//253
f 253//253 262//262 263//263
f 263//263 264//264 253//253
f 264//264 263//263 265//265
f 264//264 265//265 266//266
f 267//267 268//268 269//269
f 269//269 270//270 271//271
f 271//271 270//270 272//272
f 271//271 272//272 273//273
f 273//273 272//272 274//274
f 273//273 274//274 275//275
f 275//275 274//274 276//276
f 275//275 276//276 277//277
f 277//277 276//276 278//278
f 277//277 278//278 266//266
f 279//279 280//280 281//281
f 281//281 280//280 282//282
f 281//281 282//282 283//283
f 283//283 282//282 284//284
f 283//283 284//284 267//267
f 267//267 284//284 285//285
f 267//267 285//285 268//268
f 286//286 287//287 288//288
f 288//288 287//287 289//289
f 288//288 289//289 290//290
f 290//290 291//291 279//279
f 279//279 291//291 292//292
f 279//279 292//292 280//280
f 293//293 294//294 295//295
f 295//295 294//294 296//296
f 295//295 296//296 297//297
f 297//297 296//296 298//298
f 286//286 298//298 299//299
f 286//286 299//299 287//287
f 295//295 300//300 293//293
f 301//301 302//302 303//303
f 304//304 305//305 306//306
f 306//306 305//305 307//307
f 306//306 307//307 308//308
f 308//308 307//307 309//309
f 308//308 309//309 303//303
f 303//303 309//309 310//310
f 303//303 310//310 301//301
f 311//311 312//312 304//304
f 304//304 312//312 313//313
f 304//304 313//313 305//305
f 314//314 315//315 316//316
f 316//316 315//315 317//317
f 316//316 317//317 318//318
f 318//318 317//317 319//319
f 318//318 319//319 311//311
f 311//311 319//319 320//320
f 311//311 320//320 312//312
f 321//321 322//322 323//323
f 323//323 322//322 324//324
f 323//323 324//324 325//325
f 325//325 324//324 326//326
f 325//325 326//326 327//327
f 327//327 326//326 328//328
f 327//327 328//328 329//329
f 329//329 328//328 330//330
f 329//329 330//330 314//314
f 314//314 330//330 331//331
f 314//314 331//331 315//315
f 323//323 332//332 321//321
f 321//321 332//332 333//333
f 321//321 333//333 334//334
f 334//334 333//333 335//335
f 335//335 333//333 336//336
f 335//335 336//336 337//337
f 337//337 336//336 338//338
f 338//338 336//336 339//339
f 338//338 339//339 340//340
f 237//237 239//239 341//341
f 239//239 342//342 341//341
f 341//341 342//342 343//343
f 341//341 343//343 340//340
f 340//340 343//343 344//344
f 340//340 344//344 338//338
f 345//345 346//346 347//347
f 347//347 346//346 348//348
f 347//347 348//348 238//238
f 238//238 348//348 349//349
f 238//238 349//349 239//239
f 350//350 351//351 352//352
f 345//345 353//353 346//346
f 346//346 353//353 350//350
f 354//354 350//350 352//352
f 355//355 356//356 357//357
f 358//358 359//359 360//360
f 358//358 360//360 350//350
f 350//350 360//360 361//361
f 350//350 361//361 351//351
f 362//362 363//363 358//358
f 358//358 363//363 364//364
f 358//358 364//364 365//365
f 366//366 367//367 368//368
f 366//366 368//368 369//369
f 369//369 368//368 370//370
f 371//371 372//372 373//373
f 374//374 375//375 376//376
f 377//377 378//378 379//379
f 375//375 380//380 376//376
f 376//376 381//381 382//382
f 382//382 383//383 376//376
f 376//376 383//383 384//384
f 376//376 384//384 371//371
f 371//371 385//385 386//386
f 387//387 388//388 389//389
f 389//389 390//390 387//387
f 387//387 390//390 391//391
f 387//387 391//391 392//392
f 392//392 391//391 393//393
f 392//392 393//393 378//378
f 378//378 393//393 394//394
f 387//387 395//395 388//388
f 388//388 395//395 396//396
f 388//388 396//396 397//397
f 397//397 396//396 398//398
f 397//397 398//398 399//399
f 400//400 401//401 402//402
f 402//402 403//403 404//404
f 404//404 403//403 405//405
f 404//404 405//405 406//406
f 406//406 405//405 407//407
f 406//406 407//407 408//408
f 408//408 407//407 409//409
f 408//408 409//409 410//410
f 410//410 409//409 411//411
f 410//410 411//411 399//399
f 412//412 413//413 414//414
f 414//414 413//413 415//415
f 414//414 415//415 416//416
f 416//416 415//415 417//417
f 416//416 417//417 400//400
f 400//400 417//417 418//418
f 400//400 418//418 401//401
f 419//419 420//420 421//421
f 421//421 420//420 422//422
f 421//421 422//422 423//423
f 412//412 424//424 425//425
f 412//412 425//425 413//413
f 426//426 427//427 428//428
f 428//428 427//427 429//429
f 428//428 429//429 430//430
f 430//430 429//429 431//431
f 419//419 431//431 432//432
f 419//419 432//432 420//420
f 428//428 433//433 426//426
f 434//434 435//435 436//436
f 437//437 438//438 439//439
f 439//439 438//438 440//440
f 439//439 440//440 441//441
f 441//441 440//440 442//442
f 441//441 442//442 436//436
f 436//436 442//442 443//443
f 436//436 443//443 434//434
f 444//444 445//445 437//437
f 437//437 445//445 446//446
f 437//437 446//446 438//438
f 447//447 448//448 449//449
f 449//449 448//448 450//450
f 449//449 450//450 451//451
f 451//451 450//450 452//452
f 451//451 452//452 444//444
f 444//444 452//452 453//453
f 444//444 453//453 445//445
f 454//454 455//455 456//456
f 456//456 455//455 457//457
f 456//456 457//457 458//458
f 458//458 457//457 459//459
f 458//458 459//459 460//460
f 460//460 461//461 462//462
f 462//462 461//461 463//463
f 462//462 463//463 447//447
f 447//447 463//463 464//464
f 456//456 465//465 454//454
f 454//454 465//465 466//466
f 454//454 466//466 467//467
f 467//467 466//466 468//468
f 468//468 466//466 469//469
f 468//468 469//469 470//470
f 470//470 469//469 471//471
f 471//471 469//469 472//472
f 471//471 472//472 473//473
f 234//234 236//236 474//474
f 474//474 475//475 476//476
f 474//474 476//476 473//473
f 473//473 476//476 477//477
f 473//473 477//477 471//471
f 478//478 479//479 480//480
f 480//480 479//479 481//481
f 480//480 481//481 235//235
f 235//235 481//481 482//482
f 235//235 482//482 236//236
f 483//483 484//484 485//485
f 483//483 485//485 486//486
f 478//478 487//487 479//479
f 479//479 487//487 483//483
f 488//488 483//483 486//486
f 489//489 483//483 490//490
f 490//490 483//483 491//491
f 490//490 491//491 492//492
f 493//493 494//494 495//495
f 496//496 497//497 491//491
f 497//497 498//498 491//491
f 491//491 498//498 499//499
f 500//500 501//501 491//491
f 502//502 503//503 504//504
f 503//503 505//505 504//504
f 504//504 506//506 507//507
f 508//508 509//509 510//510
f 510//510 509//509 511//511
f 510//510 511//511 512//512
f 231//231 233//233 513//513
f 512//512 514//514 510//510
f 510//510 514//514 515//515
f 510//510 515//515 233//233
f 233//233 515//515 516//516
f 233//233 516//516 513//513
f 506//506 494//494 507//507
f 507//507 494//494 493//493
f 507//507 493//493 510//510
f 510//510 493//493 517//517
f 510//510 517//517 508//508
f 518//518 519//519 493//493
f 493//493 519//519 520//520
f 493//493 520//520 517//517
f 521//521 522//522 493//493
f 493//493 522//522 523//523
f 518//518 493//493 524//524
f 524//524 493//493 523//523
f 524//524 523//523 525//525
f 525//525 526//526 527//527
f 527//527 528//528 525//525
f 525//525 529//529 230//230
f 230//230 529//529 530//530
f 229//229 531//531 532//532
f 531//531 533//533 534//534
f 534//534 535//535 536//536
f 536//536 537//537 538//538
f 538//538 537//537 539//539
f 538//538 539//539 540//540
f 540//540 539//539 541//541
f 540//540 541//541 542//542
f 542//542 541//541 543//543
f 542//542 543//543 544//544
f 544//544 545//545 546//546
f 546//546 547//547 548//548
f 548//548 549//549 550//550
f 550//550 549//549 551//551
f 552//552 551//551 553//553
f 553//553 554//554 555//555
f 553//553 555//555 556//556
f 556//556 557//557 558//558
f 557//557 559//559 558//558
f 558//558 559//559 560//560
f 558//558 560//560 561//561
f 561//561 560//560 562//562
f 561//561 562//562 563//563
f 563//563 564//564 565//565
f 565//565 564//564 566//566
f 567//567 566//566 568//568
f 567//567 568//568 569//569
f 569//569 568//568 570//570
f 569//569 570//570 571//571
f 571//571 570//570 572//572
f 571//571 572//572 573//573
f 573//573 572//572 574//574
f 575//575 574//574 576//576
f 576//576 574//574 577//577
f 576//576 577//577 578//578
f 578//578 579//579 580//580
f 578//578 580//580 581//581
f 581//581 580//580 582//582
f 583//583 582//582 584//584
f 583//583 584//584 585//585
f 585//585 584//584 586//586
f 585//585 586//586 227//227
f 227//227 587//587 225//225
f 588//588 589//589 590//590
f 591//591 592//592 593//593
f 593//593 594//594 595//595
f 595//595 594//594 596//596
f 597//597 598//598 599//599
f 599//599 598//598 600//600
f 601//601 602//602 603//603
f 603//603 602//602 604//604
f 603//603 604//604 371//371
f 371//371 604//604 598//598
f 371//371 598//598 376//376
f 605//605 606//606 607//607
f 608//608 609//609 610//610
f 610//610 609//609 611//611
f 608//608 612//612 609//609
f 609//609 612//612 613//613
f 609//609 613//613 607//607
f 607//607 614//614 615//615
f 616//616 617//617 618//618
f 618//618 617//617 619//619
f 619//619 620//620 618//618
f 618//618 620//620 621//621
f 618//618 621//621 609//609
f 609//609 621//621 622//622
f 609//609 622//622 611//611
f 623//623 624//624 625//625
f 625//625 624//624 626//626
f 625//625 626//626 627//627
f 627//627 626//626 628//628
f 627//627 628//628 618//618
f 618//618 628//628 629//629
f 618//618 629//629 616//616
f 623//623 625//625 630//630
f 630//630 625//625 631//631
f 630//630 631//631 603//603
f 603//603 631//631 632//632
f 603//603 632//632 601//601
f 223//223 222//222 633//633
f 634//634 635//635 636//636
f 635//635 637//637 636//636
f 636//636 637//637 638//638
f 636//636 638//638 639//639
f 639//639 638//638 640//640
f 639//639 640//640 606//606
f 636//636 633//633 634//634
f 634//634 633//633 222//222
f 634//634 222//222 641//641
f 641//641 222//222 642//642
f 370//370 356//356 369//369
f 369//369 356//356 355//355
f 369//369 355//355 643//643
f 643//643 355//355 224//224
f 355//355 644//644 224//224
f 224//224 644//644 645//645
f 224//224 645//645 222//222
f 222//222 645//645 646//646
f 222//222 646//646 642//642
f 647//647 648//648 355//355
f 355//355 648//648 649//649
f 355//355 649//649 644//644
f 650//650 651//651 355//355
f 651//651 652//652 355//355
f 355//355 652//652 653//653
f 355//355 653//653 647//647
f 654//654 655//655 653//653
f 653//653 656//656 647//647
f 654//654 657//657 655//655
f 655//655 658//658 219//219
f 219//219 658//658 659//659
f 218//218 220//220 660//660
f 660//660 220//220 661//661
f 660//660 661//661 662//662
f 663//663 664//664 665//665
f 665//665 664//664 660//660
f 666//666 660//660 662//662
f 667//667 668//668 663//663
f 663//663 669//669 664//664
f 670//670 671//671 672//672
f 668//668 673//673 674//674
f 668//668 674//674 675//675
f 675//675 674//674 670//670
f 675//675 670//670 676//676
f 676//676 670//670 672//672
f 671//671 677//677 672//672
f 672//672 678//678 679//679
f 679//679 678//678 680//680
f 679//679 680//680 681//681
f 682//682 683//683 681//681
f 682//682 681//681 684//684
f 682//682 685//685 686//686
f 686//686 687//687 688//688
f 688//688 687//687 689//689
f 690//690 691//691 692//692
f 691//691 693//693 692//692
f 692//692 694//694 695//695
f 695//695 694//694 696//696
f 695//695 696//696 697//697
f 696//696 698//698 697//697
f 697//697 699//699 700//700
f 700//700 699//699 701//701
f 700//700 701//701 702//702
f 701//701 703//703 702//702
f 702//702 703//703 704//704
f 702//702 704//704 705//705
f 705//705 704//704 706//706
f 707//707 706//706 708//708
f 707//707 708//708 709//709
f 708//708 710//710 709//709
f 709//709 710//710 711//711
f 709//709 711//711 712//712
f 712//712 711//711 713//713
f 712//712 713//713 714//714
f 714//714 713//713 715//715
f 716//716 715//715 717//717
f 716//716 717//717 718//718
f 719//719 720//720 721//721
f 717//717 722//722 718//718
f 718//718 722//722 723//723
f 718//718 723//723 721//721
f 721//721 723//723 724//724
f 721//721 724//724 719//719
f 725//725 726//726 727//727
f 727//727 726//726 728//728
f 727//727 728//728 729//729
f 729//729 728//728 720//720
f 729//729 720//720 730//730
f 726//726 731//731 732//732
f 732//732 731//731 733//733
f 734//734 735//735 736//736
f 737//737 738//738 739//739
f 739//739 738//738 740//740
f 739//739 740//740 741//741
f 741//741 740//740 734//734
f 741//741 734//734 742//742
f 742//742 734//734 736//736
f 742//742 736//736 743//743
f 743//743 736//736 744//744
f 745//745 746//746 747//747
f 747//747 746//746 744//744
f 747//747 744//744 242//242
f 242//242 744//744 736//736
f 242//242 736//736 243//243
f 232//232 748//748 233//233
f 233//233 748//748 749//749
f 233//233 749//749 750//750
f 750//750 749//749 751//751
f 750//750 751//751 752//752
f 752//752 753//753 750//750
f 750//750 753//753 754//754
f 750//750 754//754 747//747
f 747//747 754//754 755//755
f 747//747 755//755 745//745
f 495//495 756//756 493//493
f 757//757 491//491 758//758
f 757//757 758//758 495//495
f 495//495 759//759 760//760
f 598//598 761//761 376//376
f 376//376 762//762 763//763
f 379//379 374//374 377//377
f 377//377 374//374 376//376
f 377//377 376//376 764//764
f 357//357 765//765 355//355
f 362//362 358//358 766//766
f 766//766 358//358 767//767
f 766//766 767//767 357//357
f 357//357 768//768 769//769
f 735//735 770//770 736//736
f 736//736 771//771 243//243
f 260//260 249//249 261//261
f 261//261 249//249 243//243
f 261//261 243//243 772//772
f 773//773 774//774 775//775
f 776//776 8//8 777//777
f 775//775 774//774 778//778
f 778//778 774//774 779//779
f 778//778 779//779 780//780
f 780//780 779//779 781//781
f 780//780 781//781 782//782
f 777//777 8//8 783//783
f 783//783 8//8 7//7
f 783//783 7//7 784//784
f 785//785 786//786 787//787
f 788//788 504//504 507//507
f 789//789 790//790 791//791
f 791//791 790//790 792//792
f 791//791 792//792 793//793
f 794//794 795//795 796//796
f 787//787 797//797 785//785
f 785//785 797//797 798//798
f 785//785 798//798 788//788
f 788//788 798//798 799//799
f 788//788 799//799 504//504
f 792//792 800//800 793//793
f 793//793 800//800 801//801
f 793//793 801//801 802//802
f 802//802 801//801 803//803
f 796//796 795//795 804//804
f 804//804 795//795 805//805
f 804//804 805//805 806//806
f 806//806 805//805 807//807
f 806//806 807//807 808//808
f 808//808 807//807 809//809
f 808//808 809//809 810//810
f 781//781 811//811 782//782
f 782//782 811//811 812//812
f 782//782 812//812 813//813
f 813//813 812//812 814//814
f 813//813 814//814 815//815
f 815//815 814//814 816//816
f 815//815 816//816 817//817
f 817//817 816//816 818//818
f 817//817 818//818 786//786
f 786//786 818//818 819//819
f 786//786 819//819 787//787
f 777//777 820//820 776//776
f 776//776 820//820 821//821
f 776//776 821//821 822//822
f 822//822 821//821 823//823
f 822//822 823//823 4//4
f 4//4 823//823 824//824
f 4//4 824//824 5//5
f 5//5 824//824 825//825
f 5//5 825//825 826//826
f 826//826 825//825 827//827
f 826//826 827//827 828//828
f 828//828 827//827 829//829
f 828//828 829//829 803//803
f 803//803 829//829 830//830
f 803//803 830//830 802//802
f 7//7 831//831 784//784
f 784//784 831//831 832//832
f 784//784 832//832 809//809
f 809//809 833//833 810//810
f 747//747 242//242 789//789
f 789//789 242//242 834//834
f 789//789 834//834 790//790
f 507//507 510//510 788//788
f 788//788 510//510 233//233
f 788//788 233//233 789//789
f 789//789 233//233 750//750
f 789//789 750//750 747//747
f 796//796 835//835 794//794
f 794//794 835//835 836//836
f 794//794 836//836 837//837
f 837//837 836//836 838//838
f 837//837 838//838 839//839
f 839//839 838//838 840//840
f 775//775 841//841 773//773
f 773//773 841//841 842//842
f 773//773 842//842 843//843
f 843//843 842//842 844//844
f 843//843 844//844 845//845
f 845//845 844//844 846//846
f 845//845 846//846 15//15
f 15//15 846//846 847//847
f 15//15 847//847 848//848
f 848//848 847//847 849//849
f 848//848 849//849 850//850
f 850//850 849//849 851//851
f 850//850 851//851 852//852
f 852//852 851//851 853//853
f 852//852 853//853 13//13
f 13//13 853//853 854//854
f 13//13 854//854 855//855
f 855//855 854//854 856//856
f 371//371 857//857 858//858
f 858//858 857//857 859//859
f 858//858 859//859 860//860
f 860//860 859//859 861//861
f 860//860 861//861 856//856
f 856//856 861//861 862//862
f 856//856 862//862 855//855
f 840//840 366//366 839//839
f 839//839 366//366 369//369
f 839//839 369//369 643//643
f 839//839 863//863 858//858
f 643//643 224//224 839//839
f 839//839 224//224 223//223
f 839//839 223//223 633//633
f 858//858 630//630 603//603
f 858//858 603//603 371//371
f 633//633 636//636 839//839
f 839//839 636//636 639//639
f 864//864 865//865 866//866
f 864//864 866//866 867//867
f 868//868 869//869 870//870
f 871//871 868//868 872//872
f 872//872 868//868 870//870
f 873//873 874//874 875//875
f 876//876 873//873 877//877
f 877//877 873//873 875//875
f 878//878 879//879 880//880
f 881//881 882//882 883//883
f 884//884 885//885 886//886
f 887//887 868//868 888//888
f 889//889 864//864 867//867
f 890//890 877//877 875//875
f 890//890 875//875 885//885
f 873//873 878//878 891//891
f 872//872 892//892 871//871
f 893//893 880//880 879//879
f 870//870 869//869 894//894
f 895//895 896//896 897//897
f 898//898 899//899 900//900
f 901//901 898//898 902//902
f 902//902 898//898 900//900
f 902//902 900//900 903//903
f 903//903 900//900 904//904
f 905//905 906//906 907//907
f 908//908 909//909 910//910
f 910//910 911//911 912//912
f 913//913 914//914 912//912
f 912//912 914//914 915//915
f 910//910 915//915 916//916
f 899//899 917//917 900//900
f 904//904 918//918 915//915
f 919//919 920//920 921//921
f 922//922 919//919 921//921
f 923//923 924//924 925//925
f 926//926 927//927 928//928
f 929//929 930//930 931//931
f 932//932 933//933 934//934
f 935//935 928//928 934//934
f 934//934 928//928 932//932
f 936//936 937//937 923//923
f 938//938 939//939 940//940
f 941//941 942//942 943//943
f 944//944 945//945 946//946
f 947//947 948//948 949//949
f 947//947 949//949 950//950
f 951//951 952//952 953//953
f 954//954 955//955 956//956
f 957//957 958//958 959//959
f 959//959 960//960 961//961
f 961//961 962//962 963//963
f 964//964 965//965 966//966
f 967//967 968//968 969//969
f 970//970 971//971 972//972
f 972//972 971//971 973//973
f 974//974 973//973 975//975
f 975//975 973//973 976//976
f 975//975 976//976 977//977
f 977//977 976//976 978//978
f 977//977 978//978 979//979
f 980//980 947//947 981//981
f 980//980 981//981 982//982
f 983//983 984//984 981//981
f 981//981 984//984 985//985
f 986//986 987//987 988//988
f 986//986 988//988 989//989
f 989//989 990//990 991//991
f 992//992 986//986 970//970
f 992//992 970//970 972//972
f 993//993 994//994 995//995
f 996//996 997//997 998//998
f 999//999 1000//1000 1001//1001
f 1001//1001 1000//1000 1002//1002
f 999//999 1003//1003 1000//1000
f 994//994 1004//1004 1005//1005
f 994//994 1005//1005 995//995
f 1006//1006 1007//1007 1008//1008
f 1008//1008 1007//1007 1009//1009
f 1008//1008 1010//1010 1006//1006
f 1006//1006 1010//1010 1011//1011
f 1006//1006 1011//1011 1012//1012
f 1012//1012 1011//1011 1013//1013
f 1014//1014 1000//1000 1009//1009
f 1014//1014 1009//1009 1015//1015
f 1015//1015 1009//1009 1007//1007
f 1002//1002 1016//1016 1017//1017
f 1018//1018 1019//1019 1016//1016
f 1016//1016 1020//1020 1017//1017
f 1021//1021 1022//1022 1023//1023
f 1017//1017 1024//1024 1025//1025
f 1026//1026 1027//1027 1028//1028
f 1029//1029 1030//1030 1031//1031
f 1032//1032 1029//1029 1033//1033
f 1033//1033 1031//1031 1034//1034
f 1035//1035 1036//1036 1037//1037
f 1038//1038 1037//1037 1039//1039
f 1040//1040 1041//1041 1042//1042
f 1043//1043 1044//1044 1045//1045
f 1044//1044 1046//1046 1045//1045
f 1047//1047 1048//1048 1049//1049
f 1040//1040 1050//1050 1051//1051
f 1052//1052 1053//1053 1054//1054
f 1034//1034 1054//1054 1055//1055
f 1030//1030 1049//1049 1031//1031
f 1056//1056 1057//1057 1058//1058
f 1058//1058 1057//1057 1059//1059
f 1060//1060 1061//1061 1062//1062
f 1060//1060 1062//1062 1063//1063
f 1063//1063 1062//1062 1064//1064
f 1063//1063 1064//1064 1065//1065
f 1065//1065 1064//1064 1066//1066
f 1065//1065 1066//1066 1059//1059
f 1059//1059 1067//1067 1068//1068
f 1069//1069 1060//1060 1070//1070
f 1070//1070 1060//1060 1071//1071
f 1070//1070 1071//1071 1072//1072
f 1072//1072 1071//1071 1073//1073
f 1072//1072 1073//1073 1074//1074
f 1074//1074 1075//1075 1076//1076
f 1075//1075 1077//1077 1076//1076
f 1078//1078 1079//1079 1080//1080
f 1081//1081 1082//1082 1083//1083
f 1084//1084 1078//1078 1085//1085
f 1053//1053 1086//1086 1087//1087
f 1088//1088 1089//1089 1090//1090
f 1091//1091 1092//1092 1093//1093
f 1093//1093 1094//1094 1095//1095
f 1096//1096 1097//1097 1098//1098
f 1099//1099 1100//1100 1101//1101
f 1102//1102 1100//1100 1103//1103
f 1104//1104 1105//1105 1106//1106
f 1106//1106 1105//1105 1107//1107
f 1106//1106 1107//1107 1094//1094
f 1098//1098 1108//1108 1109//1109
f 1092//1092 1110//1110 1093//1093
f 1093//1093 1110//1110 1102//1102
f 1097//1097 1103//1103 1111//1111
f 1097//1097 1111//1111 1098//1098
f 1098//1098 1111//1111 1112//1112
f 1113//1113 1114//1114 1115//1115
f 1116//1116 1117//1117 1113//1113
f 1113//1113 1117//1117 1118//1118
f 1119//1119 1120//1120 1121//1121
f 1064//1064 1062//1062 1122//1122
f 1123//1123 1124//1124 1125//1125
f 1126//1126 1127//1127 1128//1128
f 1128//1128 1127//1127 1129//1129
f 1129//1129 1127//1127 1130//1130
f 1131//1131 1130//1130 1132//1132
f 1131//1131 1132//1132 1124//1124
f 1133//1133 1134//1134 1135//1135
f 1135//1135 1134//1134 1136//1136
f 1135//1135 1136//1136 1137//1137
f 1137//1137 1136//1136 1138//1138
f 1137//1137 1138//1138 1128//1128
f 1128//1128 1138//1138 1139//1139
f 1133//1133 1135//1135 1140//1140
f 1141//1141 1142//1142 1143//1143
f 1143//1143 1144//1144 1145//1145
f 1145//1145 1144//1144 1146//1146
f 1143//1143 1147//1147 1148//1148
f 1149//1149 1150//1150 1151//1151
f 1152//1152 1153//1153 1154//1154
f 1155//1155 1156//1156 1157//1157
f 1157//1157 1158//1158 1159//1159
f 1157//1157 1159//1159 1160//1160
f 1161//1161 1162//1162 1163//1163
f 1164//1164 1165//1165 1166//1166
f 1165//1165 1167//1167 1166//1166
f 1166//1166 1167//1167 1168//1168
f 1166//1166 1168//1168 1157//1157
f 1157//1157 1169//1169 1155//1155
f 1170//1170 1171//1171 1172//1172
f 1172//1172 1171//1171 1173//1173
f 1172//1172 1173//1173 1174//1174
f 1175//1175 1176//1176 1177//1177
f 1178//1178 1179//1179 1180//1180
f 1180//1180 1179//1179 1181//1181
f 1180//1180 1181//1181 1175//1175
f 1175//1175 1181//1181 1182//1182
f 1175//1175 1182//1182 1176//1176
f 1183//1183 1184//1184 1179//1179
f 1179//1179 1184//1184 1185//1185
f 1179//1179 1185//1185 1181//1181
f 1186//1186 1187//1187 1188//1188
f 1188//1188 1189//1189 1183//1183
f 1183//1183 1189//1189 1190//1190
f 1183//1183 1190//1190 1184//1184
f 1188//1188 1191//1191 1186//1186
f 1186//1186 1191//1191 1192//1192
f 1186//1186 1192//1192 1193//1193
f 1193//1193 1192//1192 1194//1194
f 1193//1193 1194//1194 1195//1195
f 1194//1194 1196//1196 1195//1195
f 1195//1195 1196//1196 1197//1197
f 1195//1195 1197//1197 1198//1198
f 1198//1198 1197//1197 1199//1199
f 1200//1200 1199//1199 1201//1201
f 1200//1200 1201//1201 1202//1202
f 1202//1202 1203//1203 1204//1204
f 1204//1204 1203//1203 1205//1205
f 1206//1206 1207//1207 1151//1151
f 1151//1151 1207//1207 1208//1208
f 1151//1151 1208//1208 1149//1149
f 1149//1149 1208//1208 1205//1205
f 1149//1149 1205//1205 1209//1209
f 1209//1209 1205//1205 1203//1203
f 1151//1151 1210//1210 1206//1206
f 1206//1206 1210//1210 1211//1211
f 1206//1206 1211//1211 1212//1212
f 1212//1212 1211//1211 1213//1213
f 1212//1212 1213//1213 1214//1214
f 1214//1214 1213//1213 1215//1215
f 1216//1216 1217//1217 1218//1218
f 1216//1216 1218//1218 1219//1219
f 1219//1219 1220//1220 1221//1221
f 1221//1221 1220//1220 1222//1222
f 1220//1220 1223//1223 1222//1222
f 1222//1222 1223//1223 1224//1224
f 1222//1222 1224//1224 1225//1225
f 1225//1225 1224//1224 1226//1226
f 1225//1225 1226//1226 1227//1227
f 1227//1227 1226//1226 1228//1228
f 1227//1227 1228//1228 1229//1229
f 1229//1229 1228//1228 1230//1230
f 1231//1231 1230//1230 1232//1232
f 1232//1232 1230//1230 1233//1233
f 1232//1232 1233//1233 1234//1234
f 1235//1235 1236//1236 1237//1237
f 1237//1237 1238//1238 1239//1239
f 1239//1239 1238//1238 1234//1234
f 1239//1239 1234//1234 1240//1240
f 1240//1240 1234//1234 1233//1233
f 1241//1241 1242//1242 1235//1235
f 1235//1235 1242//1242 1243//1243
f 1235//1235 1243//1243 1236//1236
f 1244//1244 1245//1245 1246//1246
f 1246//1246 1247//1247 1244//1244
f 1244//1244 1247//1247 1248//1248
f 1244//1244 1248//1248 1249//1249
f 1245//1245 1244//1244 1250//1250
f 1250//1250 1244//1244 1251//1251
f 1250//1250 1251//1251 1252//1252
f 1253//1253 1254//1254 1255//1255
f 1256//1256 1257//1257 1258//1258
f 1259//1259 1260//1260 1261//1261
f 1261//1261 1260//1260 1262//1262
f 1261//1261 1262//1262 1256//1256
f 1263//1263 1264//1264 1265//1265
f 1265//1265 1264//1264 1266//1266
f 1265//1265 1266//1266 1261//1261
f 1261//1261 1267//1267 1259//1259
f 1268//1268 1269//1269 1270//1270
f 1270//1270 1269//1269 1271//1271
f 1270//1270 1271//1271 1272//1272
f 1273//1273 1274//1274 1275//1275
f 1275//1275 1274//1274 1276//1276
f 1277//1277 1276//1276 1278//1278
f 1278//1278 1276//1276 1279//1279
f 1278//1278 1279//1279 1280//1280
f 1281//1281 1282//1282 1283//1283
f 1283//1283 1282//1282 1284//1284
f 1283//1283 1284//1284 1280//1280
f 1280//1280 1284//1284 1285//1285
f 1280//1280 1285//1285 1278//1278
f 1152//1152 1286//1286 1153//1153
f 1153//1153 1286//1286 1287//1287
f 1153//1153 1287//1287 1281//1281
f 1152//1152 1288//1288 1286//1286
f 1286//1286 1288//1288 1289//1289
f 1286//1286 1289//1289 1290//1290
f 1290//1290 1289//1289 1291//1291
f 1289//1289 1292//1292 1291//1291
f 1291//1291 1292//1292 1293//1293
f 1291//1291 1293//1293 1294//1294
f 1294//1294 1293//1293 1295//1295
f 1294//1294 1295//1295 1296//1296
f 1297//1297 1298//1298 1299//1299
f 1299//1299 1298//1298 1296//1296
f 1299//1299 1296//1296 1300//1300
f 1300//1300 1296//1296 1295//1295
f 1299//1299 1301//1301 1297//1297
f 1297//1297 1301//1301 1302//1302
f 1297//1297 1302//1302 1303//1303
f 1303//1303 1304//1304 1305//1305
f 1305//1305 1304//1304 1306//1306
f 1305//1305 1306//1306 1307//1307
f 1307//1307 1306//1306 1308//1308
f 1308//1308 1306//1306 1309//1309
f 1308//1308 1309//1309 1310//1310
f 1309//1309 1311//1311 1310//1310
f 1310//1310 1311//1311 1312//1312
f 1310//1310 1312//1312 1313//1313
f 1313//1313 1312//1312 1314//1314
f 1313//1313 1314//1314 1315//1315
f 1315//1315 1314//1314 1316//1316
f 1315//1315 1316//1316 1317//1317
f 1317//1317 1316//1316 1318//1318
f 1319//1319 1320//1320 1321//1321
f 1321//1321 1320//1320 1322//1322
f 1321//1321 1322//1322 1323//1323
f 1323//1323 1322//1322 1324//1324
f 1323//1323 1324//1324 1325//1325
f 1324//1324 1326//1326 1325//1325
f 1325//1325 1326//1326 1327//1327
f 1325//1325 1327//1327 1328//1328
f 1328//1328 1327//1327 1329//1329
f 1330//1330 1329//1329 1331//1331
f 1331//1331 1329//1329 1332//1332
f 1331//1331 1332//1332 1333//1333
f 1333//1333 1334//1334 1335//1335
f 1333//1333 1335//1335 1336//1336
f 1336//1336 1335//1335 1337//1337
f 1336//1336 1337//1337 1338//1338
f 1338//1338 1337//1337 1339//1339
f 1338//1338 1339//1339 1340//1340
f 1341//1341 1342//1342 1343//1343
f 1344//1344 1345//1345 1346//1346
f 1344//1344 1346//1346 1339//1339
f 1339//1339 1346//1346 1347//1347
f 1339//1339 1347//1347 1340//1340
f 1348//1348 1349//1349 1350//1350
f 1343//1343 1342//1342 1351//1351
f 1351//1351 1342//1342 1352//1352
f 1351//1351 1352//1352 1353//1353
f 1161//1161 1157//1157 1160//1160
f 1161//1161 1160//1160 1162//1162
f 1354//1354 1355//1355 1157//1157
f 1157//1157 1355//1355 1356//1356
f 1157//1157 1356//1356 1357//1357
f 1357//1357 1358//1358 1157//1157
f 1157//1157 1358//1358 1359//1359
f 1157//1157 1359//1359 1360//1360
f 1353//1353 1352//1352 1350//1350
f 1350//1350 1352//1352 1361//1361
f 1350//1350 1361//1361 1362//1362
f 1163//1163 1363//1363 1161//1161
f 1161//1161 1363//1363 1348//1348
f 1161//1161 1348//1348 1364//1364
f 1364//1364 1348//1348 1350//1350
f 1364//1364 1350//1350 1365//1365
f 1365//1365 1350//1350 1362//1362
f 1343//1343 1366//1366 1341//1341
f 1341//1341 1366//1366 1344//1344
f 1341//1341 1344//1344 1367//1367
f 1367//1367 1344//1344 1339//1339
f 1367//1367 1339//1339 1368//1368
f 1335//1335 1369//1369 1337//1337
f 1337//1337 1369//1369 1370//1370
f 1337//1337 1370//1370 1339//1339
f 1339//1339 1370//1370 1371//1371
f 1281//1281 1283//1283 1153//1153
f 1153//1153 1283//1283 1372//1372
f 1153//1153 1372//1372 1154//1154
f 1279//1279 1373//1373 1280//1280
f 1280//1280 1373//1373 1374//1374
f 1280//1280 1374//1374 1283//1283
f 1283//1283 1374//1374 1375//1375
f 1283//1283 1375//1375 1372//1372
f 1273//1273 1268//1268 1274//1274
f 1274//1274 1268//1268 1270//1270
f 1274//1274 1270//1270 1376//1376
f 1376//1376 1270//1270 1377//1377
f 1263//1263 1265//1265 1378//1378
f 1378//1378 1379//1379 1272//1272
f 1272//1272 1379//1379 1380//1380
f 1272//1272 1380//1380 1270//1270
f 1270//1270 1380//1380 1381//1381
f 1270//1270 1381//1381 1377//1377
f 1382//1382 1383//1383 1261//1261
f 1261//1261 1383//1383 1384//1384
f 1261//1261 1384//1384 1385//1385
f 1385//1385 1386//1386 1261//1261
f 1261//1261 1386//1386 1387//1387
f 1261//1261 1387//1387 1265//1265
f 1256//1256 1258//1258 1261//1261
f 1261//1261 1258//1258 1388//1388
f 1261//1261 1388//1388 1389//1389
f 1389//1389 1390//1390 1261//1261
f 1261//1261 1390//1390 1391//1391
f 1261//1261 1391//1391 1392//1392
f 1392//1392 1393//1393 1261//1261
f 1261//1261 1393//1393 1394//1394
f 1261//1261 1394//1394 1382//1382
f 1252//1252 1251//1251 1254//1254
f 1254//1254 1395//1395 1396//1396
f 1257//1257 1397//1397 1258//1258
f 1258//1258 1397//1397 1398//1398
f 1258//1258 1398//1398 1399//1399
f 1399//1399 1398//1398 1255//1255
f 1399//1399 1255//1255 1400//1400
f 1400//1400 1255//1255 1254//1254
f 1400//1400 1254//1254 1401//1401
f 1401//1401 1254//1254 1396//1396
f 1247//1247 1241//1241 1248//1248
f 1248//1248 1241//1241 1235//1235
f 1248//1248 1235//1235 1402//1402
f 1402//1402 1235//1235 1403//1403
f 1237//1237 1404//1404 1405//1405
f 1237//1237 1405//1405 1235//1235
f 1235//1235 1405//1405 1406//1406
f 1235//1235 1406//1406 1403//1403
f 1179//1179 1407//1407 1408//1408
f 1179//1179 1408//1408 1183//1183
f 1183//1183 1408//1408 1409//1409
f 1183//1183 1409//1409 1188//1188
f 1188//1188 1409//1409 1410//1410
f 1188//1188 1410//1410 1411//1411
f 1412//1412 1170//1170 1177//1177
f 1177//1177 1170//1170 1172//1172
f 1177//1177 1172//1172 1413//1413
f 1413//1413 1172//1172 1414//1414
f 1164//1164 1166//1166 1174//1174
f 1174//1174 1166//1166 1415//1415
f 1174//1174 1415//1415 1172//1172
f 1172//1172 1415//1415 1416//1416
f 1172//1172 1416//1416 1414//1414
f 1360//1360 1417//1417 1157//1157
f 1157//1157 1417//1417 1418//1418
f 1157//1157 1418//1418 1419//1419
f 1419//1419 1420//1420 1157//1157
f 1157//1157 1420//1420 1421//1421
f 1157//1157 1421//1421 1422//1422
f 1422//1422 1423//1423 1157//1157
f 1157//1157 1423//1423 1424//1424
f 1157//1157 1424//1424 1425//1425
f 1426//1426 1427//1427 1428//1428
f 1429//1429 1430//1430 1431//1431
f 1432//1432 1433//1433 1434//1434
f 1435//1435 1436//1436 1437//1437
f 1437//1437 1436//1436 1438//1438
f 1436//1436 1439//1439 1440//1440
f 1436//1436 1440//1440 1441//1441
f 1436//1436 1442//1442 1443//1443
f 1436//1436 1444//1444 1445//1445
f 1436//1436 1445//1445 1446//1446
f 1447//1447 1448//1448 1449//1449
f 1449//1449 1448//1448 1450//1450
f 1451//1451 1452//1452 1449//1449
f 1449//1449 1452//1452 1453//1453
f 1449//1449 1453//1453 1454//1454
f 1454//1454 1455//1455 1436//1436
f 1436//1436 1456//1456 1438//1438
f 1457//1457 1458//1458 1459//1459
f 1459//1459 1460//1460 1461//1461
f 1457//1457 1459//1459 1462//1462
f 1462//1462 1459//1459 1463//1463
f 1462//1462 1463//1463 1464//1464
f 1464//1464 1465//1465 1462//1462
f 1462//1462 1465//1465 1466//1466
f 1449//1449 1467//1467 1447//1447
f 1447//1447 1462//1462 1468//1468
f 1468//1468 1462//1462 1469//1469
f 1470//1470 1471//1471 1472//1472
f 1461//1461 1460//1460 1472//1472
f 1472//1472 1460//1460 1473//1473
f 1472//1472 1473//1473 1470//1470
f 1474//1474 1471//1471 1475//1475
f 1475//1475 1471//1471 1476//1476
f 1474//1474 1477//1477 1471//1471
f 1478//1478 1479//1479 1480//1480
f 1480//1480 1479//1479 1481//1481
f 1476//1476 1482//1482 1475//1475
f 1475//1475 1483//1483 1484//1484
f 1484//1484 1483//1483 1485//1485
f 1481//1481 1479//1479 1483//1483
f 1483//1483 1479//1479 1486//1486
f 1483//1483 1486//1486 1485//1485
f 1487//1487 1478//1478 1488//1488
f 1488//1488 1478//1478 1489//1489
f 1487//1487 1490//1490 1478//1478
f 1478//1478 1490//1490 1491//1491
f 1478//1478 1491//1491 1479//1479
f 1488//1488 1492//1492 1493//1493
f 1488//1488 1493//1493 1494//1494
f 1494//1494 1493//1493 1495//1495
f 1494//1494 1495//1495 1433//1433
f 1433//1433 1495//1495 1496//1496
f 1431//1431 1430//1430 1497//1497
f 1497//1497 1430//1430 1498//1498
f 1497//1497 1498//1498 1434//1434
f 1434//1434 1498//1498 1499//1499
f 1500//1500 1501//1501 1502//1502
f 1500//1500 1502//1502 1431//1431
f 1431//1431 1502//1502 1503//1503
f 1431//1431 1503//1503 1429//1429
f 1504//1504 1505//1505 1506//1506
f 1500//1500 1507//1507 1501//1501
f 1501//1501 1507//1507 1508//1508
f 1501//1501 1508//1508 1509//1509
f 1509//1509 1510//1510 1505//1505
f 1505//1505 1510//1510 1511//1511
f 1505//1505 1511//1511 1506//1506
f 1428//1428 1427//1427 1512//1512
f 1512//1512 1427//1427 1513//1513
f 1512//1512 1513//1513 1504//1504
f 1504//1504 1513//1513 1514//1514
f 1504//1504 1514//1514 1515//1515
f 1426//1426 1428//1428 1516//1516
f 1516//1516 1428//1428 1517//1517
f 1516//1516 1517//1517 1518//1518
f 1517//1517 1519//1519 1518//1518
f 1518//1518 1519//1519 1520//1520
f 1521//1521 1520//1520 1522//1522
f 1521//1521 1522//1522 1523//1523
f 1523//1523 1522//1522 1524//1524
f 1523//1523 1524//1524 1525//1525
f 1525//1525 1524//1524 1526//1526
f 1525//1525 1526//1526 1527//1527
f 1527//1527 1526//1526 1528//1528
f 1527//1527 1528//1528 1529//1529
f 1529//1529 1528//1528 1530//1530
f 1528//1528 1531//1531 1530//1530
f 1530//1530 1531//1531 1532//1532
f 1530//1530 1532//1532 1533//1533
f 1533//1533 1532//1532 1534//1534
f 1533//1533 1534//1534 1535//1535
f 1535//1535 1534//1534 1536//1536
f 1537//1537 1536//1536 1538//1538
f 1537//1537 1538//1538 1539//1539
f 1539//1539 1538//1538 1540//1540
f 1541//1541 1540//1540 1542//1542
f 1541//1541 1542//1542 1543//1543
f 1543//1543 1542//1542 1544//1544
f 1545//1545 1544//1544 1546//1546
f 1545//1545 1546//1546 1547//1547
f 1547//1547 1546//1546 1548//1548
f 1547//1547 1548//1548 1549//1549
f 1549//1549 1548//1548 1550//1550
f 1549//1549 1550//1550 1551//1551
f 1551//1551 1550//1550 1552//1552
f 1551//1551 1552//1552 1553//1553
f 1553//1553 1552//1552 1554//1554
f 1553//1553 1554//1554 1555//1555
f 1555//1555 1556//1556 1557//1557
f 1557//1557 1556//1556 1558//1558
f 1557//1557 1558//1558 1559//1559
f 1560//1560 1561//1561 1562//1562
f 1562//1562 1563//1563 1564//1564
f 1564//1564 1563//1563 1565//1565
f 1566//1566 1567//1567 1568//1568
f 1569//1569 1568//1568 1570//1570
f 1569//1569 1570//1570 1571//1571
f 1571//1571 1570//1570 1572//1572
f 1571//1571 1572//1572 1565//1565
f 1565//1565 1572//1572 1573//1573
f 1565//1565 1573//1573 1564//1564
f 1566//1566 1574//1574 1575//1575
f 1575//1575 1574//1574 1576//1576
f 1575//1575 1576//1576 1577//1577
f 1577//1577 1576//1576 1578//1578
f 1577//1577 1578//1578 1579//1579
f 1580//1580 1581//1581 1582//1582
f 1582//1582 1583//1583 1580//1580
f 1580//1580 1583//1583 1584//1584
f 1580//1580 1584//1584 1585//1585
f 1585//1585 1579//1579 1586//1586
f 1586//1586 1579//1579 1578//1578
f 1587//1587 1588//1588 1589//1589
f 1589//1589 1590//1590 1587//1587
f 1587//1587 1590//1590 1591//1591
f 1587//1587 1591//1591 1592//1592
f 1592//1592 1591//1591 1581//1581
f 1592//1592 1581//1581 1593//1593
f 1593//1593 1581//1581 1580//1580
f 1587//1587 1594//1594 1588//1588
f 1588//1588 1594//1594 1595//1595
f 1588//1588 1595//1595 1596//1596
f 1596//1596 1595//1595 1597//1597
f 1596//1596 1597//1597 1598//1598
f 1598//1598 1597//1597 1599//1599
f 1599//1599 1600//1600 1598//1598
f 1598//1598 1600//1600 1601//1601
f 1602//1602 1601//1601 1603//1603
f 1602//1602 1603//1603 1604//1604
f 1605//1605 1606//1606 1607//1607
f 1605//1605 1608//1608 1609//1609
f 1605//1605 1609//1609 1610//1610
f 1610//1610 1609//1609 1611//1611
f 1610//1610 1611//1611 1603//1603
f 1603//1603 1611//1611 1612//1612
f 1603//1603 1612//1612 1604//1604
f 1606//1606 1613//1613 1614//1614
f 1606//1606 1614//1614 1615//1615
f 1615//1615 1614//1614 1616//1616
f 1615//1615 1616//1616 1617//1617
f 1618//1618 1619//1619 1620//1620
f 1620//1620 1619//1619 1621//1621
f 1620//1620 1621//1621 1622//1622
f 1623//1623 1624//1624 1625//1625
f 1625//1625 1624//1624 1626//1626
f 1625//1625 1626//1626 1627//1627
f 1627//1627 1626//1626 1628//1628
f 1627//1627 1628//1628 1629//1629
f 1629//1629 1628//1628 1630//1630
f 1629//1629 1630//1630 1631//1631
f 1631//1631 1630//1630 1620//1620
f 1631//1631 1620//1620 1632//1632
f 1632//1632 1620//1620 1622//1622
f 1633//1633 1634//1634 1635//1635
f 1635//1635 1634//1634 1636//1636
f 1637//1637 1620//1620 1638//1638
f 1633//1633 1639//1639 1634//1634
f 1640//1640 1641//1641 1642//1642
f 1642//1642 1643//1643 1640//1640
f 1640//1640 1643//1643 1644//1644
f 1640//1640 1644//1644 1645//1645
f 1640//1640 1646//1646 1647//1647
f 1640//1640 1648//1648 1649//1649
f 1650//1650 1651//1651 1640//1640
f 1640//1640 1652//1652 1641//1641
f 1641//1641 1653//1653 1634//1634
f 1634//1634 1654//1654 1636//1636
f 1655//1655 1582//1582 1581//1581
f 1656//1656 1581//1581 1591//1591
f 1657//1657 1575//1575 1577//1577
f 1658//1658 1488//1488 1494//1494
f 1658//1658 1494//1494 1433//1433
f 1659//1659 1660//1660 1661//1661
f 1662//1662 1663//1663 1664//1664
f 1665//1665 1666//1666 1667//1667
f 1668//1668 1669//1669 1670//1670
f 1670//1670 1669//1669 1671//1671
f 1669//1669 1672//1672 1673//1673
f 1669//1669 1673//1673 1674//1674
f 1669//1669 1675//1675 1676//1676
f 1669//1669 1677//1677 1678//1678
f 1669//1669 1678//1678 1679//1679
f 1680//1680 1681//1681 1682//1682
f 1682//1682 1681//1681 1683//1683
f 1684//1684 1685//1685 1682//1682
f 1682//1682 1685//1685 1686//1686
f 1682//1682 1686//1686 1687//1687
f 1687//1687 1688//1688 1669//1669
f 1669//1669 1689//1689 1671//1671
f 1690//1690 1691//1691 1692//1692
f 1692//1692 1693//1693 1694//1694
f 1690//1690 1692//1692 1695//1695
f 1695//1695 1692//1692 1696//1696
f 1695//1695 1696//1696 1697//1697
f 1697//1697 1698//1698 1695//1695
f 1695//1695 1698//1698 1699//1699
f 1682//1682 1700//1700 1680//1680
f 1680//1680 1695//1695 1701//1701
f 1701//1701 1695//1695 1702//1702
f 1703//1703 1704//1704 1705//1705
f 1694//1694 1693//1693 1705//1705
f 1705//1705 1693//1693 1706//1706
f 1705//1705 1706//1706 1703//1703
f 1707//1707 1704//1704 1708//1708
f 1708//1708 1704//1704 1709//1709
f 1707//1707 1710//1710 1704//1704
f 1711//1711 1712//1712 1713//1713
f 1713//1713 1712//1712 1714//1714
f 1709//1709 1715//1715 1708//1708
f 1708//1708 1716//1716 1717//1717
f 1717//1717 1716//1716 1718//1718
f 1714//1714 1712//1712 1716//1716
f 1716//1716 1712//1712 1719//1719
f 1716//1716 1719//1719 1718//1718
f 1720//1720 1711//1711 1721//1721
f 1721//1721 1711//1711 1722//1722
f 1720//1720 1723//1723 1711//1711
f 1711//1711 1723//1723 1724//1724
f 1711//1711 1724//1724 1712//1712
f 1721//1721 1725//1725 1726//1726
f 1721//1721 1726//1726 1727//1727
f 1727//1727 1726//1726 1728//1728
f 1727//1727 1728//1728 1666//1666
f 1666//1666 1728//1728 1729//1729
f 1664//1664 1663//1663 1730//1730
f 1730//1730 1663//1663 1731//1731
f 1730//1730 1731//1731 1667//1667
f 1667//1667 1731//1731 1732//1732
f 1733//1733 1734//1734 1735//1735
f 1733//1733 1735//1735 1664//1664
f 1664//1664 1735//1735 1736//1736
f 1664//1664 1736//1736 1662//1662
f 1737//1737 1738//1738 1739//1739
f 1733//1733 1740//1740 1734//1734
f 1734//1734 1740//1740 1741//1741
f 1734//1734 1741//1741 1742//1742
f 1742//1742 1743//1743 1738//1738
f 1738//1738 1743//1743 1744//1744
f 1738//1738 1744//1744 1739//1739
f 1661//1661 1660//1660 1745//1745
f 1745//1745 1660//1660 1746//1746
f 1745//1745 1746//1746 1737//1737
f 1737//1737 1746//1746 1747//1747
f 1737//1737 1747//1747 1748//1748
f 1659//1659 1661//1661 1749//1749
f 1749//1749 1661//1661 1750//1750
f 1749//1749 1750//1750 1751//1751
f 1750//1750 1752//1752 1751//1751
f 1751//1751 1752//1752 1753//1753
f 1754//1754 1753//1753 1755//1755
f 1754//1754 1755//1755 1756//1756
f 1756//1756 1755//1755 1757//1757
f 1756//1756 1757//1757 1758//1758
f 1758//1758 1757//1757 1759//1759
f 1758//1758 1759//1759 1760//1760
f 1760//1760 1759//1759 1761//1761
f 1760//1760 1761//1761 1762//1762
f 1762//1762 1761//1761 1763//1763
f 1764//1764 1765//1765 1766//1766
f 1761//1761 1767//1767 1763//1763
f 1763//1763 1767//1767 1768//1768
f 1763//1763 1768//1768 1769//1769
f 1769//1769 1768//1768 1770//1770
f 1769//1769 1770//1770 1771//1771
f 1771//1771 1770//1770 1772//1772
f 1773//1773 1772//1772 1774//1774
f 1773//1773 1774//1774 1775//1775
f 1775//1775 1774//1774 1776//1776
f 1777//1777 1776//1776 1778//1778
f 1777//1777 1778//1778 1779//1779
f 1779//1779 1778//1778 1780//1780
f 1781//1781 1780//1780 1782//1782
f 1781//1781 1782//1782 1783//1783
f 1783//1783 1782//1782 1784//1784
f 1783//1783 1784//1784 1785//1785
f 1785//1785 1784//1784 1786//1786
f 1785//1785 1786//1786 1787//1787
f 1787//1787 1786//1786 1788//1788
f 1787//1787 1788//1788 1789//1789
f 1789//1789 1788//1788 1790//1790
f 1789//1789 1790//1790 1791//1791
f 1791//1791 1792//1792 1793//1793
f 1793//1793 1792//1792 1764//1764
f 1793//1793 1764//1764 1794//1794
f 1765//1765 1795//1795 1766//1766
f 1766//1766 1796//1796 1797//1797
f 1797//1797 1796//1796 1798//1798
f 1799//1799 1800//1800 1801//1801
f 1802//1802 1801//1801 1803//1803
f 1802//1802 1803//1803 1804//1804
f 1804//1804 1803//1803 1805//1805
f 1804//1804 1805//1805 1798//1798
f 1798//1798 1805//1805 1806//1806
f 1798//1798 1806//1806 1797//1797
f 1799//1799 1807//1807 1808//1808
f 1808//1808 1807//1807 1809//1809
f 1808//1808 1809//1809 1810//1810
f 1810//1810 1809//1809 1811//1811
f 1810//1810 1811//1811 1812//1812
f 1813//1813 1814//1814 1815//1815
f 1815//1815 1816//1816 1813//1813
f 1813//1813 1816//1816 1817//1817
f 1813//1813 1817//1817 1818//1818
f 1818//1818 1812//1812 1819//1819
f 1819//1819 1812//1812 1811//1811
f 1820//1820 1821//1821 1822//1822
f 1822//1822 1823//1823 1820//1820
f 1820//1820 1823//1823 1824//1824
f 1820//1820 1824//1824 1825//1825
f 1825//1825 1824//1824 1814//1814
f 1825//1825 1814//1814 1826//1826
f 1826//1826 1814//1814 1813//1813
f 1821//1821 1827//1827 1828//1828
f 1821//1821 1828//1828 1829//1829
f 1829//1829 1828//1828 1830//1830
f 1829//1829 1830//1830 1831//1831
f 1831//1831 1830//1830 1832//1832
f 1832//1832 1833//1833 1831//1831
f 1831//1831 1833//1833 1834//1834
f 1835//1835 1834//1834 1836//1836
f 1835//1835 1836//1836 1837//1837
f 1838//1838 1839//1839 1840//1840
f 1840//1840 1841//1841 1838//1838
f 1838//1838 1841//1841 1842//1842
f 1838//1838 1842//1842 1843//1843
f 1843//1843 1842//1842 1844//1844
f 1843//1843 1844//1844 1836//1836
f 1836//1836 1844//1844 1845//1845
f 1836//1836 1845//1845 1837//1837
f 1839//1839 1846//1846 1847//1847
f 1839//1839 1847//1847 1848//1848
f 1848//1848 1847//1847 1849//1849
f 1848//1848 1849//1849 1850//1850
f 1851//1851 1852//1852 1853//1853
f 1853//1853 1852//1852 1854//1854
f 1853//1853 1854//1854 1855//1855
f 1856//1856 1857//1857 1858//1858
f 1858//1858 1857//1857 1859//1859
f 1858//1858 1859//1859 1860//1860
f 1860//1860 1859//1859 1861//1861
f 1860//1860 1861//1861 1862//1862
f 1862//1862 1861//1861 1863//1863
f 1862//1862 1863//1863 1864//1864
f 1864//1864 1863//1863 1853//1853
f 1864//1864 1853//1853 1865//1865
f 1865//1865 1853//1853 1855//1855
f 1866//1866 1867//1867 1868//1868
f 1868//1868 1867//1867 1869//1869
f 1870//1870 1853//1853 1871//1871
f 1866//1866 1872//1872 1867//1867
f 1873//1873 1874//1874 1875//1875
f 1875//1875 1876//1876 1873//1873
f 1873//1873 1877//1877 1878//1878
f 1873//1873 1879//1879 1880//1880
f 1873//1873 1881//1881 1882//1882
f 1873//1873 1883//1883 1884//1884
f 1873//1873 1885//1885 1886//1886
f 1873//1873 1886//1886 1874//1874
f 1874//1874 1887//1887 1867//1867
f 1867//1867 1888//1888 1869//1869
f 1889//1889 1821//1821 1829//1829
f 1816//1816 1815//1815 1890//1890
f 1889//1889 1814//1814 1824//1824
f 1891//1891 1808//1808 1810//1810
f 1890//1890 1810//1810 1812//1812
f 1891//1891 1805//1805 1803//1803
f 1892//1892 1660//1660 1659//1659
f 1893//1893 1732//1732 1731//1731
f 1894//1894 1731//1731 1663//1663
f 1894//1894 1663//1663 1662//1662
f 1893//1893 1727//1727 1666//1666
f 1895//1895 1896//1896 1897//1897
f 1897//1897 1896//1896 1898//1898
f 1897//1897 1898//1898 1899//1899
f 1899//1899 1898//1898 1900//1900
f 1899//1899 1900//1900 1901//1901
f 1901//1901 1900//1900 1902//1902
f 1901//1901 1902//1902 1903//1903
f 1903//1903 1902//1902 1904//1904
f 1905//1905 1906//1906 1907//1907
f 1908//1908 1907//1907 1909//1909
f 1908//1908 1909//1909 1910//1910
f 1910//1910 1909//1909 1911//1911
f 1910//1910 1911//1911 1912//1912
f 1912//1912 1911//1911 1913//1913
f 1912//1912 1913//1913 1914//1914
f 1914//1914 1913//1913 1915//1915
f 1914//1914 1915//1915 1916//1916
f 1916//1916 1915//1915 1917//1917
f 1918//1918 1919//1919 1920//1920
f 1920//1920 1919//1919 1921//1921
f 1920//1920 1921//1921 1922//1922
f 1922//1922 1921//1921 1923//1923
f 1922//1922 1923//1923 1924//1924
f 1924//1924 1923//1923 1925//1925
f 1924//1924 1925//1925 1926//1926
f 1926//1926 1925//1925 1927//1927
f 1926//1926 1927//1927 1928//1928
f 1928//1928 1927//1927 1929//1929
f 1928//1928 1929//1929 1930//1930
f 1930//1930 1929//1929 1931//1931
f 1932//1932 1931//1931 1933//1933
f 1934//1934 1933//1933 1935//1935
f 1936//1936 1935//1935 1937//1937
f 1938//1938 1937//1937 1939//1939
f 1940//1940 1941//1941 1942//1942
f 1940//1940 1942//1942 1943//1943
f 1944//1944 1945//1945 1946//1946
f 1944//1944 1946//1946 1947//1947
f 1947//1947 1946//1946 1948//1948
f 1947//1947 1948//1948 1949//1949
f 1949//1949 1948//1948 1950//1950
f 1951//1951 1950//1950 1952//1952
f 1951//1951 1952//1952 1953//1953
f 1953//1953 1952//1952 1954//1954
f 1955//1955 1954//1954 1956//1956
f 1895//1895 1956//1956 1896//1896
f 1957//1957 1958//1958 1959//1959
f 1960//1960 1961//1961 1962//1962
f 1963//1963 1964//1964 1965//1965
f 1965//1965 1964//1964 1966//1966
f 1965//1965 1966//1966 1967//1967
f 1967//1967 1966//1966 1968//1968
f 1967//1967 1968//1968 1969//1969
f 1969//1969 1968//1968 1970//1970
f 1971//1971 1970//1970 1972//1972
f 1973//1973 1974//1974 1975//1975
f 1973//1973 1975//1975 1976//1976
f 1976//1976 1975//1975 1977//1977
f 1976//1976 1977//1977 1961//1961
f 1961//1961 1977//1977 1978//1978
f 1961//1961 1978//1978 1962//1962
f 1962//1962 1979//1979 1980//1980
f 1981//1981 1982//1982 1983//1983
f 1983//1983 1984//1984 1985//1985
f 1986//1986 1987//1987 1988//1988
f 1986//1986 1988//1988 1989//1989
f 1989//1989 1990//1990 1991//1991
f 1991//1991 1992//1992 1993//1993
f 1993//1993 1992//1992 1994//1994
f 1993//1993 1994//1994 1995//1995
f 1995//1995 1996//1996 1997//1997
f 1997//1997 1996//1996 1998//1998
f 1997//1997 1998//1998 1999//1999
f 1999//1999 1998//1998 2000//2000
f 1999//1999 2000//2000 2001//2001
f 2001//2001 2002//2002 2003//2003
f 2004//2004 2005//2005 2006//2006
f 2007//2007 2006//2006 2008//2008
f 2007//2007 2008//2008 2009//2009
f 2009//2009 2010//2010 2011//2011
f 2012//2012 2013//2013 2014//2014
f 2014//2014 2015//2015 2016//2016
f 1964//1964 2017//2017 1966//1966
f 1966//1966 2018//2018 1968//1968
f 1968//1968 2018//2018 2019//2019
f 1968//1968 2019//2019 1970//1970
f 1970//1970 2019//2019 2020//2020
f 1970//1970 2020//2020 1972//1972
f 1972//1972 2020//2020 2021//2021
f 1972//1972 2021//2021 2022//2022
f 2022//2022 2021//2021 2023//2023
f 2022//2022 2023//2023 2024//2024
f 2024//2024 2023//2023 2025//2025
f 2026//2026 2025//2025 2027//2027
f 2028//2028 2029//2029 2030//2030
f 2031//2031 2030//2030 2032//2032
f 2031//2031 2032//2032 1974//1974
f 1974//1974 2032//2032 2033//2033
f 1974//1974 2033//2033 1975//1975
f 1975//1975 2033//2033 2034//2034
f 1975//1975 2034//2034 1977//1977
f 1977//1977 2034//2034 2035//2035
f 1977//1977 2035//2035 1978//1978
f 2036//2036 2037//2037 2038//2038
f 2038//2038 2037//2037 2039//2039
f 2040//2040 2041//2041 2042//2042
f 2043//2043 2044//2044 2045//2045
f 1984//1984 2046//2046 2047//2047
f 1987//1987 2047//2047 2048//2048
f 1987//1987 2048//2048 1988//1988
f 1988//1988 2048//2048 2049//2049
f 1988//1988 2049//2049 1990//1990
f 1990//1990 2049//2049 2050//2050
f 1990//1990 2050//2050 1992//1992
f 1992//1992 2050//2050 2051//2051
f 1992//1992 2051//2051 1994//1994
f 1994//1994 2051//2051 2052//2052
f 1994//1994 2052//2052 1996//1996
f 1996//1996 2053//2053 1998//1998
f 1998//1998 2053//2053 2054//2054
f 1998//1998 2054//2054 2000//2000
f 2000//2000 2054//2054 2055//2055
f 2000//2000 2055//2055 2002//2002
f 2002//2002 2055//2055 2056//2056
f 2002//2002 2056//2056 2005//2005
f 2005//2005 2056//2056 2057//2057
f 2006//2006 2058//2058 2008//2008
f 2010//2010 2059//2059 2060//2060
f 2061//2061 2060//2060 2062//2062
f 2061//2061 2062//2062 2063//2063
f 2063//2063 2062//2062 2064//2064
f 2063//2063 2064//2064 2065//2065
f 2065//2065 2066//2066 2067//2067
f 2067//2067 2066//2066 2068//2068
f 2067//2067 2068//2068 2013//2013
f 2013//2013 2068//2068 2069//2069
f 2015//2015 2070//2070 2071//2071
f 2071//2071 2070//2070 2072//2072
f 2071//2071 2072//2072 2073//2073
f 2073//2073 2072//2072 2074//2074
f 2073//2073 2074//2074 2075//2075
f 2075//2075 2074//2074 2076//2076
f 2075//2075 2076//2076 2077//2077
f 2077//2077 2076//2076 2078//2078
f 2017//2017 2078//2078 2079//2079
f 2018//2018 2079//2079 2080//2080
f 2019//2019 2081//2081 2020//2020
f 2020//2020 2081//2081 2082//2082
f 2020//2020 2082//2082 2021//2021
f 2021//2021 2082//2082 2083//2083
f 2021//2021 2083//2083 2023//2023
f 2023//2023 2083//2083 2084//2084
f 2023//2023 2084//2084 2025//2025
f 2025//2025 2084//2084 2085//2085
f 2025//2025 2085//2085 2027//2027
f 2027//2027 2085//2085 2086//2086
f 2027//2027 2086//2086 2087//2087
f 2087//2087 2086//2086 2088//2088
f 2087//2087 2088//2088 2089//2089
f 2089//2089 2088//2088 2090//2090
f 2089//2089 2090//2090 2091//2091
f 2091//2091 2090//2090 2092//2092
f 2091//2091 2092//2092 2093//2093
f 2093//2093 2092//2092 2094//2094
f 2093//2093 2094//2094 2029//2029
f 2029//2029 2094//2094 2095//2095
f 2029//2029 2095//2095 2030//2030
f 2030//2030 2095//2095 2096//2096
f 2030//2030 2096//2096 2032//2032
f 2032//2032 2096//2096 2097//2097
f 2032//2032 2097//2097 2033//2033
f 2033//2033 2097//2097 2098//2098
f 2033//2033 2098//2098 2034//2034
f 2034//2034 2098//2098 2099//2099
f 2034//2034 2099//2099 2035//2035
f 2035//2035 2100//2100 2101//2101
f 2101//2101 2100//2100 2102//2102
f 2101//2101 2102//2102 2103//2103
f 2103//2103 2102//2102 2104//2104
f 2103//2103 2104//2104 2037//2037
f 2037//2037 2104//2104 2105//2105
f 2037//2037 2105//2105 2039//2039
f 2039//2039 2105//2105 2106//2106
f 2039//2039 2106//2106 2041//2041
f 2041//2041 2106//2106 2107//2107
f 2041//2041 2107//2107 2108//2108
f 2108//2108 2107//2107 2109//2109
f 2108//2108 2109//2109 2044//2044
f 2044//2044 2109//2109 2110//2110
f 2044//2044 2110//2110 2111//2111
f 2111//2111 2110//2110 2112//2112
f 2111//2111 2112//2112 2113//2113
f 2113//2113 2112//2112 2114//2114
f 2115//2115 2114//2114 2116//2116
f 2117//2117 2116//2116 2118//2118
f 2117//2117 2118//2118 1982//1982
f 1982//1982 2118//2118 2046//2046
f 2119//2119 2120//2120 2121//2121
f 2121//2121 2120//2120 2122//2122
f 2121//2121 2122//2122 2123//2123
f 2124//2124 2125//2125 2126//2126
f 2126//2126 2125//2125 2127//2127
f 2127//2127 2128//2128 2129//2129
f 2129//2129 2128//2128 2130//2130
f 2130//2130 2131//2131 2132//2132
f 2133//2133 2134//2134 2131//2131
f 2131//2131 2134//2134 2135//2135
f 2131//2131 2135//2135 2132//2132
f 2136//2136 2137//2137 2138//2138
f 2138//2138 2137//2137 2139//2139
f 2139//2139 2140//2140 2138//2138
f 2138//2138 2140//2140 2141//2141
f 2138//2138 2141//2141 2133//2133
f 2133//2133 2141//2141 2142//2142
f 2133//2133 2142//2142 2134//2134
f 2143//2143 2144//2144 2145//2145
f 2145//2145 2144//2144 2146//2146
f 2145//2145 2146//2146 2138//2138
f 2138//2138 2146//2146 2147//2147
f 2138//2138 2147//2147 2136//2136
f 2148//2148 2149//2149 2150//2150
f 2148//2148 2150//2150 2145//2145
f 2145//2145 2150//2150 2151//2151
f 2145//2145 2151//2151 2143//2143
f 2149//2149 2148//2148 2152//2152
f 2152//2152 2148//2148 2153//2153
f 2152//2152 2153//2153 2154//2154
f 2154//2154 2153//2153 2155//2155
f 2155//2155 2153//2153 2156//2156
f 2155//2155 2156//2156 2157//2157
f 2157//2157 2158//2158 2159//2159
f 2160//2160 2161//2161 2162//2162
f 2162//2162 2161//2161 2163//2163
f 2162//2162 2163//2163 2164//2164
f 2164//2164 2163//2163 2165//2165
f 2164//2164 2165//2165 2166//2166
f 2167//2167 2168//2168 2169//2169
f 2169//2169 2168//2168 2170//2170
f 2169//2169 2170//2170 2162//2162
f 2162//2162 2170//2170 2171//2171
f 2162//2162 2171//2171 2160//2160
f 2167//2167 2169//2169 2172//2172
f 2172//2172 2169//2169 2173//2173
f 2172//2172 2173//2173 2174//2174
f 2174//2174 2173//2173 2175//2175
f 2176//2176 2177//2177 2178//2178
f 2178//2178 2177//2177 2179//2179
f 2177//2177 2180//2180 2179//2179
f 2179//2179 2180//2180 2181//2181
f 2179//2179 2181//2181 2182//2182
f 2182//2182 2181//2181 2183//2183
f 2182//2182 2183//2183 2184//2184
f 2184//2184 2183//2183 2185//2185
f 2184//2184 2185//2185 2174//2174
f 2186//2186 2187//2187 2188//2188
f 2176//2176 2178//2178 2187//2187
f 2187//2187 2178//2178 2189//2189
f 2187//2187 2189//2189 2188//2188
f 2190//2190 2191//2191 2192//2192
f 2192//2192 2191//2191 2193//2193
f 2192//2192 2193//2193 2194//2194
f 2190//2190 2195//2195 2191//2191
f 2191//2191 2195//2195 2196//2196
f 2191//2191 2196//2196 2197//2197
f 2197//2197 2196//2196 2198//2198
f 2197//2197 2198//2198 2188//2188
f 2188//2188 2198//2198 2199//2199
f 2188//2188 2199//2199 2186//2186
f 2200//2200 2201//2201 2202//2202
f 2200//2200 2202//2202 2193//2193
f 2193//2193 2202//2202 2203//2203
f 2193//2193 2203//2203 2194//2194
f 2204//2204 2205//2205 2206//2206
f 2200//2200 2206//2206 2207//2207
f 2200//2200 2207//2207 2201//2201
f 2208//2208 2209//2209 2210//2210
f 2210//2210 2209//2209 2211//2211
f 2171//2171 2212//2212 2160//2160
f 2160//2160 2212//2212 2213//2213
f 2160//2160 2213//2213 2161//2161
f 2163//2163 2214//2214 2211//2211
f 2163//2163 2211//2211 2165//2165
f 2215//2215 2211//2211 2214//2214
f 2215//2215 2214//2214 2216//2216
f 2217//2217 2213//2213 2212//2212
f 2218//2218 2219//2219 2220//2220
f 2220//2220 2219//2219 2212//2212
f 2220//2220 2212//2212 2170//2170
f 2170//2170 2212//2212 2171//2171
f 2221//2221 2218//2218 2222//2222
f 2222//2222 2218//2218 2220//2220
f 2222//2222 2220//2220 2168//2168
f 2168//2168 2220//2220 2170//2170
f 2223//2223 2221//2221 2224//2224
f 2224//2224 2221//2221 2222//2222
f 2172//2172 2174//2174 2225//2225
f 2226//2226 2223//2223 2225//2225
f 2225//2225 2223//2223 2224//2224
f 2225//2225 2224//2224 2172//2172
f 2172//2172 2222//2222 2167//2167
f 2167//2167 2222//2222 2168//2168
f 2227//2227 2228//2228 2229//2229
f 2229//2229 2226//2226 2230//2230
f 2230//2230 2226//2226 2225//2225
f 2181//2181 2231//2231 2183//2183
f 2232//2232 2227//2227 2233//2233
f 2233//2233 2227//2227 2229//2229
f 2233//2233 2229//2229 2231//2231
f 2231//2231 2229//2229 2230//2230
f 2231//2231 2230//2230 2183//2183
f 2183//2183 2225//2225 2185//2185
f 2234//2234 2232//2232 2233//2233
f 2234//2234 2233//2233 2235//2235
f 2235//2235 2233//2233 2231//2231
f 2235//2235 2231//2231 2177//2177
f 2201//2201 2207//2207 2236//2236
f 2237//2237 2176//2176 2187//2187
f 2237//2237 2187//2187 2238//2238
f 2239//2239 2198//2198 2240//2240
f 2240//2240 2198//2198 2196//2196
f 2240//2240 2196//2196 2241//2241
f 2242//2242 2237//2237 2243//2243
f 2244//2244 2240//2240 2241//2241
f 2244//2244 2241//2241 2245//2245
f 2246//2246 2247//2247 2248//2248
f 2192//2192 2194//2194 2249//2249
f 2250//2250 2251//2251 2249//2249
f 2249//2249 2251//2251 2247//2247
f 2249//2249 2247//2247 2192//2192
f 2192//2192 2247//2247 2246//2246
f 2192//2192 2246//2246 2190//2190
f 2195//2195 2241//2241 2196//2196
f 2249//2249 2252//2252 2250//2250
f 2250//2250 2252//2252 2253//2253
f 2250//2250 2253//2253 2254//2254
f 2254//2254 2253//2253 2255//2255
f 2201//2201 2236//2236 2202//2202
f 2249//2249 2203//2203 2202//2202
f 2249//2249 2202//2202 2252//2252
f 2252//2252 2202//2202 2236//2236
f 2252//2252 2236//2236 2253//2253
f 2253//2253 2236//2236 2256//2256
f 2253//2253 2256//2256 2255//2255
f 2255//2255 2256//2256 2257//2257
f 2255//2255 2257//2257 2258//2258
f 2207//2207 2206//2206 2236//2236
f 2236//2236 2206//2206 2259//2259
f 2236//2236 2259//2259 2256//2256
f 2256//2256 2259//2259 2260//2260
f 2256//2256 2260//2260 2257//2257
f 2257//2257 2260//2260 2261//2261
f 2206//2206 2205//2205 2259//2259
f 2259//2259 2205//2205 2262//2262
f 2259//2259 2262//2262 2260//2260
f 2260//2260 2262//2262 2263//2263
f 2260//2260 2263//2263 2261//2261
f 2261//2261 2263//2263 2264//2264
f 2205//2205 2265//2265 2262//2262
f 2262//2262 2266//2266 2263//2263
f 2263//2263 2267//2267 2264//2264
f 2264//2264 2267//2267 2268//2268
f 2267//2267 2269//2269 2270//2270
f 2270//2270 2269//2269 2271//2271
f 2123//2123 2271//2271 2121//2121
f 2270//2270 2271//2271 2272//2272
f 2272//2272 2271//2271 2273//2273
f 2274//2274 2275//2275 2276//2276
f 2277//2277 2151//2151 2150//2150
f 2277//2277 2150//2150 2278//2278
f 2278//2278 2150//2150 2279//2279
f 2150//2150 2149//2149 2279//2279
f 2279//2279 2152//2152 2154//2154
f 2154//2154 2280//2280 2279//2279
f 2281//2281 2282//2282 2283//2283
f 2284//2284 2285//2285 2286//2286
f 2287//2287 2286//2286 2288//2288
f 2289//2289 2277//2277 2278//2278
f 2289//2289 2278//2278 2290//2290
f 2290//2290 2278//2278 2279//2279
f 2290//2290 2279//2279 2291//2291
f 2291//2291 2279//2279 2280//2280
f 2291//2291 2280//2280 2292//2292
f 2275//2275 2284//2284 2287//2287
f 2293//2293 2290//2290 2291//2291
f 2294//2294 2295//2295 2296//2296
f 2297//2297 2298//2298 2299//2299
f 2300//2300 2301//2301 2302//2302
f 2302//2302 2301//2301 2303//2303
f 2302//2302 2303//2303 2304//2304
f 2305//2305 2306//2306 2307//2307
f 2307//2307 2308//2308 2305//2305
f 2305//2305 2308//2308 2309//2309
f 2305//2305 2309//2309 2310//2310
f 2311//2311 2312//2312 2305//2305
f 2312//2312 2313//2313 2305//2305
f 2305//2305 2313//2313 2314//2314
f 2315//2315 2316//2316 2317//2317
f 2317//2317 2316//2316 2318//2318
f 2317//2317 2318//2318 2319//2319
f 2320//2320 2321//2321 2310//2310
f 2320//2320 2310//2310 2322//2322
f 2321//2321 2323//2323 2310//2310
f 2310//2310 2323//2323 2324//2324
f 2310//2310 2324//2324 2305//2305
f 2305//2305 2325//2325 2311//2311
f 2326//2326 2327//2327 2296//2296
f 2328//2328 2326//2326 2296//2296
f 2328//2328 2296//2296 2329//2329
f 2329//2329 2296//2296 2295//2295
f 2330//2330 2331//2331 2332//2332
f 2332//2332 2331//2331 2296//2296
f 2332//2332 2296//2296 2333//2333
f 2333//2333 2296//2296 2327//2327
f 2334//2334 2335//2335 2336//2336
f 2336//2336 2335//2335 2337//2337
f 2338//2338 2339//2339 2340//2340
f 2340//2340 2339//2339 2341//2341
f 2340//2340 2341//2341 2342//2342
f 2330//2330 2315//2315 2331//2331
f 2331//2331 2315//2315 2317//2317
f 2331//2331 2317//2317 2343//2343
f 2343//2343 2317//2317 2342//2342
f 2343//2343 2342//2342 2344//2344
f 2344//2344 2342//2342 2341//2341
f 2319//2319 2322//2322 2317//2317
f 2317//2317 2322//2322 2310//2310
f 2317//2317 2310//2310 2342//2342
f 2342//2342 2310//2310 2345//2345
f 2342//2342 2345//2345 2340//2340
f 2340//2340 2345//2345 2346//2346
f 2340//2340 2346//2346 2338//2338
f 2336//2336 2300//2300 2334//2334
f 2334//2334 2300//2300 2302//2302
f 2347//2347 2297//2297 2299//2299
f 2347//2347 2299//2299 2348//2348
f 2348//2348 2299//2299 2349//2349
f 2350//2350 2349//2349 2351//2351
f 2352//2352 2353//2353 2354//2354
f 2298//2298 2294//2294 2299//2299
f 2299//2299 2294//2294 2296//2296
f 2299//2299 2296//2296 2349//2349
f 2349//2349 2296//2296 2331//2331
f 2349//2349 2331//2331 2351//2351
f 2351//2351 2331//2331 2343//2343
f 2351//2351 2343//2343 2355//2355
f 2355//2355 2343//2343 2344//2344
f 2355//2355 2344//2344 2353//2353
f 2353//2353 2344//2344 2341//2341
f 2356//2356 2337//2337 2335//2335
f 2357//2357 2358//2358 2359//2359
f 2359//2359 2358//2358 2360//2360
f 2361//2361 2362//2362 2363//2363
f 2363//2363 2364//2364 2361//2361
f 2361//2361 2364//2364 2365//2365
f 2361//2361 2365//2365 2329//2329
f 2366//2366 2367//2367 2368//2368
f 2368//2368 2367//2367 2369//2369
f 2369//2369 2370//2370 2368//2368
f 2368//2368 2370//2370 2371//2371
f 2368//2368 2371//2371 2359//2359
f 2359//2359 2371//2371 2372//2372
f 2359//2359 2372//2372 2357//2357
f 2373//2373 2374//2374 2375//2375
f 2375//2375 2374//2374 2376//2376
f 2376//2376 2377//2377 2375//2375
f 2375//2375 2377//2377 2378//2378
f 2375//2375 2378//2378 2368//2368
f 2368//2368 2379//2379 2366//2366
f 2380//2380 2381//2381 2382//2382
f 2383//2383 2384//2384 2382//2382
f 2382//2382 2384//2384 2385//2385
f 2382//2382 2385//2385 2380//2380
f 2386//2386 2387//2387 2388//2388
f 2387//2387 2389//2389 2388//2388
f 2388//2388 2390//2390 2391//2391
f 2391//2391 2390//2390 2392//2392
f 2393//2393 2394//2394 2395//2395
f 2395//2395 2394//2394 2396//2396
f 2397//2397 2393//2393 2398//2398
f 2398//2398 2393//2393 2395//2395
f 2399//2399 2395//2395 2400//2400
f 2382//2382 2400//2400 2395//2395
f 2382//2382 2395//2395 2383//2383
f 2383//2383 2395//2395 2396//2396
f 2383//2383 2396//2396 2401//2401
f 2402//2402 2403//2403 2404//2404
f 2404//2404 2403//2403 2405//2405
f 2406//2406 2407//2407 2408//2408
f 2406//2406 2408//2408 2409//2409
f 2298//2298 2297//2297 2410//2410
f 2361//2361 2294//2294 2411//2411
f 2412//2412 2413//2413 2414//2414
f 2414//2414 2413//2413 2415//2415
f 2414//2414 2415//2415 2416//2416
f 2416//2416 2415//2415 2417//2417
f 2416//2416 2417//2417 2418//2418
f 2418//2418 2417//2417 2388//2388
f 2418//2418 2388//2388 2375//2375
f 2375//2375 2388//2388 2391//2391
f 2375//2375 2391//2391 2373//2373
f 2381//2381 2386//2386 2382//2382
f 2382//2382 2386//2386 2388//2388
f 2382//2382 2388//2388 2419//2419
f 2419//2419 2388//2388 2417//2417
f 2419//2419 2417//2417 2403//2403
f 2403//2403 2417//2417 2415//2415
f 2403//2403 2415//2415 2420//2420
f 2420//2420 2415//2415 2413//2413
f 2407//2407 2421//2421 2408//2408
f 2408//2408 2421//2421 2422//2422
f 2294//2294 2298//2298 2411//2411
f 2411//2411 2298//2298 2410//2410
f 2411//2411 2410//2410 2423//2423
f 2423//2423 2410//2410 2424//2424
f 2423//2423 2424//2424 2425//2425
f 2425//2425 2424//2424 2426//2426
f 2425//2425 2426//2426 2427//2427
f 2428//2428 2412//2412 2429//2429
f 2429//2429 2412//2412 2414//2414
f 2430//2430 2414//2414 2416//2416
f 2430//2430 2416//2416 2427//2427
f 2427//2427 2416//2416 2418//2418
f 2427//2427 2418//2418 2425//2425
f 2425//2425 2418//2418 2375//2375
f 2425//2425 2375//2375 2423//2423
f 2423//2423 2375//2375 2368//2368
f 2423//2423 2368//2368 2411//2411
f 2411//2411 2368//2368 2359//2359
f 2411//2411 2359//2359 2361//2361
f 2361//2361 2359//2359 2360//2360
f 2361//2361 2360//2360 2362//2362
f 2431//2431 2432//2432 2433//2433
f 2434//2434 2435//2435 2436//2436
f 2437//2437 2438//2438 2439//2439
f 2435//2435 2440//2440 2441//2441
f 2441//2441 2442//2442 2443//2443
f 2443//2443 2442//2442 2444//2444
f 2444//2444 2442//2442 2445//2445
f 2444//2444 2445//2445 2446//2446
f 2446//2446 2447//2447 2448//2448
f 2446//2446 2448//2448 2449//2449
f 2449//2449 2450//2450 2451//2451
f 2449//2449 2451//2451 2452//2452
f 2452//2452 2451//2451 2453//2453
f 2453//2453 2451//2451 2454//2454
f 2453//2453 2454//2454 2455//2455
f 2455//2455 2456//2456 2457//2457
f 2457//2457 2456//2456 2458//2458
f 2457//2457 2458//2458 2459//2459
f 2459//2459 2458//2458 2460//2460
f 2459//2459 2460//2460 2461//2461
f 2461//2461 2460//2460 2462//2462
f 2461//2461 2462//2462 2463//2463
f 2463//2463 2464//2464 2465//2465
