# Converted from the official Rethink Robotics Baxter DAE
v -0.08567506 0.000267345 0.1216529
v -0.08567506 0.001061499 0.1215453
v -0.08529341 0.000712827 0.119628
v -0.08567506 0.001325905 0.1215095
v -0.08567506 0.002088189 0.1212618
v -0.08529341 0.001402676 0.1194376
v -0.08567506 0.002341926 0.1211794
v -0.08567506 0.003047764 0.1207996
v -0.08529341 0.002047479 0.119127
v -0.08567506 0.003282666 0.1206731
v -0.08567506 0.003909349 0.1201734
v -0.08529341 0.002626538 0.1187064
v -0.08567506 0.004117906 0.120007
v -0.08567506 0.004645228 0.1194034
v -0.08529341 0.003121078 0.118189
v -0.08567506 0.004820764 0.1192025
v -0.08567506 0.005231857 0.1185145
v -0.08529341 0.003515422 0.1175917
v -0.08567506 0.005368769 0.1182854
v -0.08567506 0.005650401 0.1175351
v -0.08529341 0.003796756 0.1169336
v -0.08567506 0.00574404 0.1172853
v -0.08567506 0.00588721 0.1164966
v -0.08529341 0.00395596 0.1162359
v -0.08567506 0.004820764 0.1121973
v -0.08567506 0.004293501 0.1115939
v -0.08529341 0.002885401 0.1129412
v -0.08567506 0.004117906 0.1113929
v -0.08567506 0.003491282 0.1108932
v -0.08529341 0.002346456 0.1124703
v -0.08567506 0.003282666 0.1107268
v -0.08567506 0.002576828 0.110347
v -0.08529341 0.001732051 0.1121032
v -0.08567506 0.002341926 0.1102206
v -0.08567506 0.001579642 0.1099729
v -0.08529341 0.001061975 0.1118517
v -0.08567506 0.001325905 0.1098905
v -0.08567506 0.000531737 0.1097829
v -0.08529341 0.000357854 0.1117238
v -0.08567506 0.000267345 0.1097471
v -0.08567506 -0.000533344 0.1097831
v -0.08529341 -0.000357854 0.1117238
v -0.08567506 -0.000799882 0.109795
v -0.08567506 -0.001581192 0.1099734
v -0.08529341 -0.001061975 0.1118517
v -0.08567506 -0.001841366 0.1100327
v -0.08567506 -0.002578318 0.1103478
v -0.08529341 -0.001732051 0.1121032
v -0.08567506 -0.00282371 0.1104526
v -0.08567506 -0.003492534 0.1108942
v -0.08529341 -0.002346456 0.1124703
v -0.08567506 -0.003715217 0.1110411
v -0.08567506 -0.004294574 0.111595
v -0.08529341 -0.002885401 0.1129412
v -0.08567506 -0.004487395 0.1117794
v -0.08567506 -0.00495857 0.1124278
v -0.08529341 -0.003331661 0.1135007
v -0.08567506 -0.00511533 0.1126437
v -0.08567506 -0.005463123 0.1133658
v -0.08529341 -0.003670871 0.114131
v -0.08567506 -0.005578815 0.1136062
v -0.08567506 -0.005792081 0.1143788
v -0.08529341 -0.003892064 0.1148115
v -0.08567506 -0.00586313 0.114636
v -0.08567506 -0.005934894 0.1154342
v -0.08529341 -0.003988087 0.1155208
v -0.08567506 -0.005958855 0.1157
v -0.08567506 -0.005886971 0.1164982
v -0.08529341 -0.00395596 0.1162359
v -0.08567506 -0.00586313 0.116764
v -0.08567506 -0.005649805 0.1175366
v -0.08529341 -0.003796756 0.1169336
v -0.08567506 -0.005578815 0.1177937
v -0.08567506 -0.005231142 0.1185159
v -0.08529341 -0.003515422 0.1175917
v -0.08567506 -0.00511533 0.1187563
v -0.08567506 -0.004644215 0.1194047
v -0.08529341 -0.003121078 0.118189
v -0.08567506 -0.004487395 0.1196206
v -0.08567506 -0.003908157 0.1201745
v -0.08529341 -0.002626538 0.1187064
v -0.08567506 -0.003715217 0.1203588
v -0.08567506 -0.003046393 0.1208004
v -0.08529341 -0.002047479 0.119127
v -0.08567506 -0.00282371 0.1209474
v -0.08567506 -0.002086699 0.1212624
v -0.08529341 -0.001402676 0.1194376
v -0.08567506 -0.001841366 0.1213672
v -0.08567506 -0.001059949 0.1215456
v -0.08529341 -0.000712827 0.119628
v -0.08567506 -0.000799882 0.1216049
v -0.08567506 8.07054e-07 0.1216409
v -0.08529341 0 0.1196922
v -0.08506351 0.001670718 0.1145971
v -0.08506351 0.00184077 0.1149132
v -0.08529341 0.003670871 0.114131
v -0.08506351 0.001176655 0.1140804
v -0.08506351 0.001446962 0.1143165
v -0.08498674 0 0.1157
v -0.08506351 0.001951754 0.1152545
v -0.08529341 0.003892064 0.1148115
v -0.08506351 0 0.117702
v -0.08506351 0.000357464 0.1176698
v -0.08506351 -0.000357464 0.1176698
v -0.08506351 -0.00102669 0.1174185
v -0.08506351 -0.000703438 0.1175743
v -0.08506351 -0.001317143 0.1172076
v -0.08506351 -0.001565158 0.1169482
v -0.08506351 -0.001762807 0.1166486
v -0.08506351 -0.001903951 0.1163186
v -0.08506351 -0.001983821 0.1159687
v -0.08506351 -0.001999855 0.1156101
v -0.08506351 -0.001951754 0.1152545
v -0.08506351 -0.00184077 0.1149132
v -0.08506351 -0.001670718 0.1145971
v -0.08506351 -0.001446962 0.1143165
v -0.08506351 -0.001176655 0.1140804
v -0.08506351 -0.000868617 0.1138963
v -0.08506351 -0.000532595 0.1137701
v -0.08506351 -0.000179454 0.1137061
v -0.08506351 0.000179454 0.1137061
v -0.08506351 0.000532595 0.1137701
v -0.08506351 0.000868617 0.1138963
v -0.08529341 0.003331661 0.1135007
v -0.08567506 0.004957616 0.1124265
v -0.08567506 0.005368769 0.1131145
v -0.08567506 0.005934894 0.1151658
v -0.08567506 0.005791783 0.1143772
v -0.08567506 0.00574404 0.1141147
v -0.08567506 0.005462527 0.1133643
v -0.08529341 0.003988087 0.1155208
v -0.08567506 0.005934894 0.1162341
v -0.08567506 0.005958855 0.1157
v -0.08567506 0.005946815 0.1154329
v -0.08506351 0.001999855 0.1156101
v -0.08506351 0.001983821 0.1159687
v -0.08506351 0.001903951 0.1163186
v -0.08506351 0.001762807 0.1166486
v -0.08506351 0.001565158 0.1169482
v -0.08506351 0.001317143 0.1172076
v -0.08506351 0.00102669 0.1174185
v -0.08506351 0.000703438 0.1175743
v -0.08404475 0.000423603 0.130528
v -0.08404475 0.001686871 0.1304195
v -0.08476167 0.00168699 0.127422
v -0.08404475 0.009244799 0.1272728
v -0.08417868 0.008405804 0.1273002
v -0.08404475 0.008405745 0.1279199
v -0.08404475 0.01200097 0.1244192
v -0.08404475 0.01232928 0.1239085
v -0.08417868 0.01172721 0.1239275
v -0.08404475 0.002111077 0.1010169
v -0.08404475 0.001686871 0.1009804
v -0.08476167 0.00168699 0.1039777
v -0.08404475 -0.01474088 0.1173301
v -0.08476167 -0.01172721 0.1173512
v -0.08404475 -0.01483398 0.1157
v -0.08476167 -0.01172721 0.1140487
v -0.08404475 -0.01474088 0.1140698
v -0.08417868 -0.01172721 0.1074724
v -0.08404475 -0.01172709 0.1066448
v -0.08404475 -0.01234251 0.1074919
v -0.08456712 -0.01172721 0.110752
v -0.08404475 -0.01247912 0.10768
v -0.08404475 -0.0133121 0.1091548
v -0.08404475 -0.01397132 0.110715
v -0.08404475 -0.01399576 0.1107982
v -0.08404475 -0.01444858 0.1123401
v -0.08404475 -0.0147373 0.114009
v -0.08404475 -0.009259819 0.1041274
v -0.08404475 -0.01033836 0.105062
v -0.08476579 -0.008405804 0.1073852
v -0.08404475 -0.005054712 0.1017752
v -0.08404475 -0.006162226 0.1022064
v -0.08456712 -0.005055189 0.1040185
v -0.08404475 -0.00766021 0.1029968
v -0.08417868 -0.008405804 0.1040998
v -0.08404475 -0.008405327 0.1035063
v -0.08404475 -0.009058356 0.1039528
v -0.08404475 -0.004583895 0.1015919
v -0.08476167 -0.00168699 0.1039777
v -0.08404475 -0.00294584 0.1011613
v -0.08404475 0.000423603 0.1008719
v -0.08404475 -0.0012694 0.1009203
v -0.08404475 -0.001686811 0.1009803
v -0.08404475 0.006922543 0.1025802
v -0.08456712 0.005055189 0.1040185
v -0.08404475 0.008372962 0.1034548
v -0.08417868 0.008405804 0.1040998
v -0.08404475 0.008405745 0.1034801
v -0.08404475 0.009244799 0.1041271
v -0.08404475 0.005381882 0.1018766
v -0.08404475 0.005054891 0.1017704
v -0.08404475 0.003771007 0.1013532
v -0.08404475 0.01232928 0.1074915
v -0.08404475 0.01200097 0.1069807
v -0.08417868 0.01172721 0.1074724
v -0.08404475 0.01172703 0.1066457
v -0.08476579 0.008405804 0.1073852
v -0.08404475 0.0109288 0.1056694
v -0.08404475 0.009714245 0.1044891
v -0.08404475 0.01366394 0.1099255
v -0.08404475 0.01291668 0.1084055
v -0.08456712 0.01172721 0.110752
v -0.08404475 0.01471996 0.1140697
v -0.08404475 0.01461672 0.1131705
v -0.08476167 0.01172721 0.1140487
v -0.08404475 0.01423317 0.1115207
v -0.08404475 0.0139752 0.1107977
v -0.08404475 0.01461672 0.1182295
v -0.08404475 0.01471996 0.1173303
v -0.08476167 0.01172721 0.1173512
v -0.08404475 0.01480984 0.1165468
v -0.08404475 0.01480984 0.1148531
v -0.08404475 0.01291668 0.1229944
v -0.08404475 0.01366394 0.1214745
v -0.08456712 0.01172721 0.120648
v -0.08404475 0.0139752 0.1206023
v -0.08404475 0.01423317 0.1198792
v -0.08404475 0.009714245 0.1269108
v -0.08476579 0.008405804 0.1240147
v -0.08404475 0.0109288 0.1257303
v -0.08404475 0.01172703 0.1247543
v -0.08404475 0.005381882 0.1295233
v -0.08404475 0.006922543 0.1288197
v -0.08456712 0.005055189 0.1273814
v -0.08404475 0.008372962 0.1279451
v -0.08404475 0.002111077 0.1303831
v -0.08404475 0.003771007 0.1300467
v -0.08404475 0.005054891 0.1296296
v -0.08404475 -0.0012694 0.1304796
v -0.08476167 -0.00168699 0.127422
v -0.08404475 -0.001686811 0.1304196
v -0.08456712 -0.005055189 0.1273814
v -0.08404475 -0.004583895 0.129808
v -0.08404475 -0.00294584 0.1302386
v -0.08404475 -0.008405327 0.1278936
v -0.08404475 -0.00766021 0.1284031
v -0.08404475 -0.006162226 0.1291936
v -0.08404475 -0.005054712 0.1296247
v -0.08404475 -0.01172709 0.1247551
v -0.08404475 -0.0114836 0.1250901
v -0.08476579 -0.008405804 0.1240147
v -0.08404475 -0.01033836 0.126338
v -0.08417868 -0.008405804 0.1273002
v -0.08404475 -0.009259819 0.1272726
v -0.08404475 -0.01247912 0.1237199
v -0.08417868 -0.01172721 0.1239275
v -0.08456712 -0.01172721 0.120648
v -0.08404475 -0.0133121 0.1222451
v -0.08404475 -0.01397132 0.120685
v -0.08404475 -0.0147373 0.1173909
v -0.08404475 -0.01444858 0.1190599
v -0.08404475 -0.01399576 0.1206018
v -0.08535492 -0.008405804 0.1173686
v -0.08568024 -0.005945146 0.1167789
v -0.08535492 -0.008405804 0.1140313
v -0.08568024 -0.006042242 0.1157
v -0.08568024 -0.005055129 0.1189805
v -0.08568024 -0.005186975 0.118799
v -0.08515828 -0.008405804 0.1207004
v -0.08568024 -0.005656898 0.1178231
v -0.08568024 -0.005779623 0.1173784
v -0.08555358 -0.005055189 0.1207354
v -0.08568024 -0.003767192 0.120424
v -0.08568024 -0.004550158 0.1196753
v -0.08568024 -0.003278315 0.1207468
v -0.08568024 -0.002863228 0.1210208
v -0.08515828 -0.005055189 0.124073
v -0.08568024 -0.001867055 0.1214465
v -0.08535492 -0.00168699 0.1241021
v -0.08568024 0.001686871 0.1214795
v -0.08568024 0.001344442 0.1215907
v -0.08535492 0.00168699 0.1241021
v -0.08568024 0.000271086 0.1217362
v -0.08568024 -0.000811075 0.1216876
v -0.08568024 -0.001686871 0.1214876
v -0.08568024 0.002374649 0.121256
v -0.08515828 0.005055189 0.124073
v -0.08568024 0.00332129 0.1207467
v -0.08568024 0.004888296 0.1192516
v -0.08568024 0.004175484 0.1200672
v -0.08555358 0.005055189 0.1207354
v -0.08568024 0.003328621 0.1207427
v -0.08568024 0.006017923 0.1162416
v -0.08568024 0.005824506 0.1173074
v -0.08535492 0.008405804 0.1173686
v -0.08568024 0.005797863 0.1173783
v -0.08515828 0.008405804 0.1207004
v -0.08568024 0.005443871 0.1183216
v -0.08568024 0.005055129 0.1189723
v -0.08568024 0.006017923 0.1151583
v -0.08535492 0.008405804 0.1140313
v -0.08568024 0.005824506 0.1140925
v -0.08568024 0.002374649 0.1101438
v -0.08568024 0.00332129 0.1106533
v -0.08555358 0.005055189 0.1106645
v -0.08568024 0.003328621 0.1106572
v -0.08568024 0.004175484 0.1113327
v -0.08568024 0.004888296 0.1121484
v -0.08568024 0.005055129 0.1124277
v -0.08515828 0.008405804 0.1106995
v -0.08568024 0.005443871 0.1130783
v -0.08568024 0.005797863 0.1140215
v -0.08515828 0.005055189 0.107327
v -0.08568024 0.001686871 0.1099205
v -0.08535492 0.00168699 0.1072978
v -0.08568024 0.001344442 0.1098092
v -0.08535492 -0.00168699 0.1072978
v -0.08568024 -0.001686871 0.1099123
v -0.08568024 -0.000811075 0.1097124
v -0.08568024 0.000271086 0.1096638
v -0.08555358 -0.005055189 0.1106645
v -0.08568024 -0.003278315 0.1106532
v -0.08515828 -0.005055189 0.107327
v -0.08568024 -0.002863228 0.1103792
v -0.08568024 -0.001867055 0.1099534
v -0.08568024 -0.005055129 0.1124195
v -0.08568024 -0.004550158 0.1117245
v -0.08568024 -0.003767192 0.1109759
v -0.08568024 -0.005945146 0.1146211
v -0.08568024 -0.005779623 0.1140215
v -0.08515828 -0.008405804 0.1106995
v -0.08568024 -0.005656898 0.1135769
v -0.08404475 -0.009058356 0.1274471
v -0.08568024 -0.005186975 0.1126009
v -0.08404475 -0.0114836 0.1063098
v -0.08404475 -0.01234251 0.1239081
v -0.08400642 -0.01497149 0.1157
v -0.08374994 -0.01597183 0.1157
v -0.08374994 -0.01597183 0.1166478
v -0.08400642 -0.01474404 0.1182997
v -0.08374994 -0.01575386 0.118478
v -0.08400642 -0.01472479 0.1183716
v -0.08374994 -0.01574766 0.1185302
v -0.08400642 -0.0140686 0.1208205
v -0.08374994 -0.01530236 0.1203729
v -0.08374994 -0.01500898 0.1211627
v -0.08400642 -0.01400572 0.1209554
v -0.08374994 -0.01464223 0.12215
v -0.08400642 -0.01296561 0.1231857
v -0.08374994 -0.01384872 0.123696
v -0.08400642 -0.01283758 0.1233686
v -0.08374994 -0.0137766 0.1238365
v -0.08374994 -0.01271766 0.1254088
v -0.08400642 -0.01146876 0.1253235
v -0.08374994 -0.01223641 0.1259672
v -0.08400642 -0.0112583 0.1255339
v -0.08374994 -0.01148009 0.1268448
v -0.08400642 -0.009623467 0.1271688
v -0.08374994 -0.01027548 0.1279467
v -0.08400642 -0.00931853 0.1273823
v -0.08374994 -0.01008141 0.1281244
v -0.08374994 -0.008541166 0.1292295
v -0.08400642 -0.007485747 0.1286657
v -0.08374994 -0.007987916 0.1295345
v -0.08400642 -0.007080793 0.1288545
v -0.08374994 -0.006880939 0.1301447
v -0.08400642 -0.005120456 0.1297686
v -0.08374994 -0.005465686 0.1307187
v -0.08400642 -0.004616916 0.1299034
v -0.08374994 -0.005124211 0.1308572
v -0.08374994 -0.0032956 0.1313568
v -0.08400642 -0.002599716 0.130444
v -0.08374994 -0.002775013 0.1314346
v -0.08400642 -0.002006173 0.130496
v -0.08374994 -0.001420617 0.1316367
v -0.08400642 0 0.1306715
v -0.08374994 6.24483e-07 0.1316789
v -0.08400642 0.000667901 0.130613
v -0.08374994 0.000474133 0.131693
v -0.08374994 0.002362251 0.1315246
v -0.08400642 0.002599716 0.130444
v -0.08374994 0.002774298 0.1314378
v -0.08400642 0.003319323 0.1302512
v -0.08374994 0.004217386 0.1311342
v -0.08400642 0.005120456 0.1297686
v -0.08374994 0.005464673 0.1307125
v -0.08400642 0.005863368 0.1294222
v -0.08374994 0.006013154 0.130527
v -0.08374994 0.007724583 0.1297118
v -0.08400642 0.007485747 0.1286657
v -0.08374994 0.007991611 0.1295432
v -0.08400642 0.008218288 0.1281527
v -0.08374994 0.00932765 0.1286998
v -0.08400642 0.009623467 0.1271688
v -0.08374994 0.01026821 0.1279366
v -0.08400642 0.01030862 0.1264837
v -0.08374994 0.01079964 0.1275053
v -0.08374994 0.01212006 0.1261451
v -0.08400642 0.01146876 0.1253235
v -0.08374994 0.01224786 0.1259778
v -0.08400642 0.01206731 0.1244686
v -0.08374994 0.01327037 0.1246383
v -0.08400642 0.01296561 0.1231857
v -0.08374994 0.0138328 0.1236861
v -0.08400642 0.01343828 0.1221723
v -0.08374994 0.01423448 0.1230061
v -0.08374994 0.01499867 0.1212712
v -0.08400642 0.0140686 0.1208205
v -0.08374994 0.01502943 0.1211706
v -0.08400642 0.01437729 0.1196683
v -0.08374994 0.01555234 0.1194581
v -0.08400642 0.01474404 0.1182997
v -0.08374994 0.01572924 0.1184734
v -0.08400642 0.01485449 0.1170371
v -0.08374994 0.01588761 0.1175923
v -0.08400642 0.01497149 0.1157
v -0.08374994 0.01599997 0.1157
v -0.08400642 0.01485449 0.1143629
v -0.08374994 0.01588761 0.1138076
v -0.08400642 0.01474404 0.1131002
v -0.08374994 0.01572924 0.1129266
v -0.08400642 0.01437729 0.1117317
v -0.08374994 0.01555234 0.1119418
v -0.08400642 0.0140686 0.1105794
v -0.08374994 0.01502943 0.1102294
v -0.08374994 0.01499867 0.1101288
v -0.08400642 0.01343828 0.1092277
v -0.08374994 0.01423448 0.1083939
v -0.08400642 0.01296561 0.1082141
v -0.08374994 0.0138328 0.1077139
v -0.08400642 0.01206731 0.1069313
v -0.08374994 0.01327037 0.1067616
v -0.08400642 0.01146876 0.1060765
v -0.08374994 0.01224786 0.1054221
v -0.08374994 0.01212006 0.1052548
v -0.08400642 0.01030862 0.1049163
v -0.08374994 0.01079964 0.1038947
v -0.08400642 0.009623467 0.1042311
v -0.08374994 0.01026821 0.1034634
v -0.08400642 0.008218288 0.1032472
v -0.08374994 0.00932765 0.1027002
v -0.08400642 0.007485747 0.1027343
v -0.08374994 0.007991611 0.1018568
v -0.08374994 0.007724583 0.1016882
v -0.08400642 0.005863368 0.1019778
v -0.08374994 0.006013154 0.1008729
v -0.08400642 0.005120456 0.1016314
v -0.08374994 0.005464673 0.1006875
v -0.08400642 0.003319323 0.1011487
v -0.08374994 0.004217386 0.1002658
v -0.08400642 0.002599716 0.1009559
v -0.08374994 0.002774298 0.09996205
v -0.08374994 0.002362251 0.09987533
v -0.08400642 0.000667901 0.1007869
v -0.08374994 0.000474133 0.099707
v -0.08400642 0 0.1007285
v -0.08374994 6.24483e-07 0.09972107
v -0.08400642 -0.002006173 0.100904
v -0.08374994 -0.001420617 0.09976315
v -0.08400642 -0.002599716 0.1009559
v -0.08374994 -0.002775013 0.09996533
v -0.08374994 -0.0032956 0.1000431
v -0.08400642 -0.004616916 0.1014963
v -0.08374994 -0.005124211 0.1005427
v -0.08400642 -0.005120456 0.1016314
v -0.08374994 -0.005465686 0.1006812
v -0.08400642 -0.007080793 0.1025454
v -0.08374994 -0.006880939 0.1012552
v -0.08374994 -0.007987916 0.1018654
v -0.08400642 -0.007485747 0.1027343
v -0.08374994 -0.008541166 0.1021704
v -0.08400642 -0.00931853 0.1040176
v -0.08374994 -0.01008141 0.1032756
v -0.08400642 -0.009623467 0.1042311
v -0.08374994 -0.01027548 0.1034532
v -0.08400642 -0.0112583 0.105866
v -0.08374994 -0.01148009 0.1045551
v -0.08374994 -0.01223641 0.1054328
v -0.08400642 -0.01146876 0.1060765
v -0.08374994 -0.01271766 0.1059912
v -0.08400642 -0.01283758 0.1080313
v -0.08374994 -0.0137766 0.1075635
v -0.08400642 -0.01296561 0.1082141
v -0.08374994 -0.01384872 0.1077039
v -0.08400642 -0.01400572 0.1104446
v -0.08374994 -0.01464223 0.10925
v -0.08374994 -0.01500898 0.1102373
v -0.08400642 -0.0140686 0.1105794
v -0.08374994 -0.01530236 0.1110271
v -0.08400642 -0.01472479 0.1130284
v -0.08374994 -0.01574766 0.1128697
v -0.08400642 -0.01474404 0.1131002
v -0.08374994 -0.01575386 0.112922
v -0.08374994 -0.01597183 0.1147521
v -0.08186173 0.001018345 0.09821414
v -0.08186173 0.000519042 0.09821414
v -0.08249753 0.000515443 0.09831357
v -0.08186173 -0.001018345 0.09821414
v -0.08186173 -0.001552522 0.09827655
v -0.08249753 -0.001544415 0.09837466
v -0.08186173 -0.006937444 0.099617
v -0.08186173 -0.007521092 0.09991014
v -0.08249753 -0.007480502 0.09999668
v -0.08186173 -0.01045948 0.1016504
v -0.08186173 -0.01101875 0.1021197
v -0.08249753 -0.01095974 0.1021931
v -0.08186173 -0.0134176 0.1044412
v -0.08186173 -0.0138995 0.1050885
v -0.08249753 -0.01382571 0.1051453
v -0.08186173 -0.01463395 0.1060751
v -0.08186173 -0.01505661 0.1068072
v -0.08249753 -0.01497691 0.1068546
v -0.08186173 -0.01565229 0.1078391
v -0.08186173 -0.01600247 0.1086506
v -0.08249753 -0.01591807 0.1086879
v -0.08186173 -0.01645904 0.1097093
v -0.08186173 -0.01672363 0.1105929
v -0.08249753 -0.01663565 0.1106199
v -0.08186173 -0.01704329 0.1116605
v -0.08186173 -0.01721012 0.1126068
v -0.08249753 -0.0171197 0.1126232
v -0.08349382 0.01613008 0.1118022
v -0.08349382 0.01647794 0.1137373
v -0.08306121 0.01695603 0.1136804
v -0.08349382 0.01555585 0.1099218
v -0.08349382 0.01257044 0.1048668
v -0.08349382 0.008011639 0.1011676
v -0.08349382 0.002450048 0.09928739
v -0.08349382 -0.001473486 0.0991711
v -0.08349382 -0.005314648 0.09997963
v -0.08349382 -0.007136583 0.1007186
v -0.08349382 -0.01045584 0.102814
v -0.08349382 -0.01587086 0.1205465
v -0.08349382 -0.01518625 0.1223896
v -0.08349382 -0.01319015 0.1257694
v -0.08349382 -0.01190662 0.1272588
v -0.08349382 -0.008858442 0.1297321
v -0.08349382 -0.007136583 0.1306813
v -0.08349382 -0.003418028 0.1319386
v -0.08349382 -0.001473486 0.1322289
v -0.08349382 0.002450048 0.1321125
v -0.08349382 0.004374027 0.1317076
v -0.08349382 0.01647794 0.1176627
v -0.08349382 0.01613008 0.1195978
v -0.08349382 0.01476329 0.1232775
v -0.08349382 0.01376342 0.1249704
v -0.08349382 0.01120096 0.1279439
v -0.08349382 0.009674191 0.1291826
v -0.08349382 0.006236553 0.1310778
v -0.08349382 0.000491748 0.1322871
v -0.08349382 -0.005314648 0.1314203
v -0.08349382 -0.01045584 0.1285859
v -0.08349382 -0.01428842 0.1241388
v -0.08349382 -0.01633274 0.1186354
v -0.08349382 -0.01656526 0.116683
v -0.08349382 -0.01656526 0.1147169
v -0.08349382 -0.01587086 0.1108534
v -0.08349382 -0.01518625 0.1090103
v -0.08349382 -0.01319015 0.1056305
v -0.08349382 -0.01190662 0.1041411
v -0.08349382 -0.008858442 0.1016678
v -0.08349382 -0.003418028 0.09946137
v -0.08349382 0.000491748 0.0991128
v -0.08349382 0.006236553 0.1003221
v -0.08349382 0.01120096 0.103456
v -0.08349382 0.01476329 0.1081225
v -0.08249753 0.017394 0.1157
v -0.08306121 0.01707589 0.1157
v -0.08349382 0.01659435 0.1157
v -0.08249753 0.004584789 0.09892106
v -0.08249753 0.002568066 0.09849655
v -0.08306121 0.002521157 0.0988112
v -0.08306121 0.01695603 0.1177196
v -0.08249753 0.01727193 0.1177572
v -0.08186173 0.01739692 0.1177334
v -0.08186173 0.01751542 0.1157
v -0.08306121 0.01659816 0.1197109
v -0.08249753 0.01690739 0.1197856
v -0.08186173 0.01704329 0.1197393
v -0.08186173 0.01739037 0.1177712
v -0.08349382 0.01555585 0.1214781
v -0.08306121 0.0160073 0.1216458
v -0.08249753 0.0163055 0.1217566
v -0.08186173 0.01645904 0.1216906
v -0.08186173 0.01702123 0.1198129
v -0.08306121 0.01519167 0.1234973
v -0.08249753 0.01547467 0.1236426
v -0.08186173 0.01565229 0.1235609
v -0.08186173 0.01641345 0.1217964
v -0.08306121 0.01416277 0.1252394
v -0.08249753 0.01442664 0.1254171
v -0.08186173 0.01463395 0.1253249
v -0.08186173 0.01557552 0.1236939
v -0.08349382 0.01257044 0.1265332
v -0.08306121 0.01293516 0.1268475
v -0.08249753 0.01317614 0.1270552
v -0.08186173 0.0134176 0.1269587
v -0.08186173 0.01451927 0.1254789
v -0.08306121 0.01152586 0.1282992
v -0.08249753 0.01174068 0.1285338
v -0.08186173 0.01201981 0.1284403
v -0.08186173 0.01325947 0.1271263
v -0.08306121 0.009954869 0.129574
v -0.08249753 0.01014029 0.1298324
v -0.08186173 0.01045948 0.1297495
v -0.08186173 0.01181381 0.1286131
v -0.08349382 0.008011639 0.1302323
v -0.08306121 0.008244097 0.1306539
v -0.08249753 0.008397698 0.1309325
v -0.08186173 0.00875771 0.1308688
v -0.08186173 0.0102027 0.1299183
v -0.08249753 0.006537139 0.1318188
v -0.08186173 0.006576538 0.1319143
v -0.08186173 0.006937444 0.131783
v -0.08306121 0.006417572 0.131524
v -0.08186173 0.008448779 0.131024
v -0.08249753 0.004584789 0.1324789
v -0.08186173 0.004612267 0.1325771
v -0.08186173 0.005023479 0.1324796
v -0.08306121 0.004500985 0.132172
v -0.08249753 0.002568066 0.1329033
v -0.08186173 0.002583622 0.1330029
v -0.08186173 0.003041446 0.1329494
v -0.08306121 0.002521157 0.1325888
v -0.08306121 0.000506016 0.1327684
v -0.08249753 0.000515443 0.1330864
v -0.08186173 0.001018345 0.1331858
v -0.08306121 -0.001516163 0.1327084
v -0.08249753 -0.001544415 0.1330253
v -0.08186173 -0.001018345 0.1331858
v -0.08186173 0.000519042 0.1331858
v -0.08249753 -0.003582715 0.132721
v -0.08186173 -0.003602266 0.1328164
v -0.08186173 -0.003041446 0.1329494
v -0.08306121 -0.00351727 0.1324097
v -0.08186173 -0.001552522 0.1331233
v -0.08249753 -0.005570769 0.1321778
v -0.08186173 -0.005601108 0.1322694
v -0.08186173 -0.005023479 0.1324796
v -0.08306121 -0.005468845 0.1318764
v -0.08249753 -0.007480502 0.1314033
v -0.08186173 -0.007521092 0.1314898
v -0.08186173 -0.006937444 0.131783
v -0.08306121 -0.007343709 0.1311161
v -0.08249753 -0.00928533 0.1304083
v -0.08186173 -0.009335517 0.1304888
v -0.08186173 -0.00875771 0.1308688
v -0.08306121 -0.009115517 0.1301393
v -0.08249753 -0.01095974 0.1292068
v -0.08186173 -0.01101875 0.1292803
v -0.08186173 -0.01045948 0.1297495
v -0.08306121 -0.01075929 0.1289598
v -0.08249753 -0.01248025 0.1278158
v -0.08186173 -0.01254719 0.1278813
v -0.08186173 -0.01201981 0.1284403
v -0.08306121 -0.01225209 0.1275942
v -0.08249753 -0.01382571 0.1262547
v -0.08186173 -0.0138995 0.1263114
v -0.08186173 -0.0134176 0.1269587
v -0.08306121 -0.01357287 0.1260616
v -0.08249753 -0.01497691 0.1245454
v -0.08186173 -0.01505661 0.1245927
v -0.08186173 -0.01463395 0.1253249
v -0.08306121 -0.01470309 0.1243836
v -0.08249753 -0.01591807 0.1227119
v -0.08186173 -0.01600247 0.1227493
v -0.08186173 -0.01565229 0.1235609
v -0.08306121 -0.01562684 0.1225837
v -0.08249753 -0.01663565 0.12078
v -0.08186173 -0.01672363 0.1208071
v -0.08186173 -0.01645904 0.1216906
v -0.08306121 -0.01633143 0.1206871
v -0.08249753 -0.0171197 0.1187767
v -0.08186173 -0.01721012 0.1187931
v -0.08186173 -0.01704329 0.1197393
v -0.08306121 -0.0168066 0.1187205
v -0.08249753 -0.01736342 0.1167304
v -0.08186173 -0.0174551 0.1167359
v -0.08186173 -0.01739692 0.1177334
v -0.08306121 -0.01704591 0.1167116
v -0.08186173 -0.01739692 0.1136665
v -0.08186173 -0.0174551 0.1146641
v -0.08249753 -0.01736342 0.1146696
v -0.08186173 -0.01751542 0.1157
v -0.08306121 -0.01704591 0.1146884
v -0.08349382 -0.01633274 0.1127646
v -0.08306121 -0.0168066 0.1126794
v -0.08306121 -0.01633143 0.1107128
v -0.08306121 -0.01562684 0.1088163
v -0.08349382 -0.01428842 0.1072612
v -0.08306121 -0.01470309 0.1070163
v -0.08306121 -0.01357287 0.1053383
v -0.08306121 -0.01225209 0.1038057
v -0.08249753 -0.01248025 0.1035841
v -0.08186173 -0.01254719 0.1035187
v -0.08306121 -0.01075929 0.1024401
v -0.08186173 -0.01201981 0.1029597
v -0.08306121 -0.009115517 0.1012607
v -0.08249753 -0.00928533 0.1009916
v -0.08186173 -0.009335517 0.1009112
v -0.08306121 -0.007343709 0.1002839
v -0.08186173 -0.00875771 0.1005311
v -0.08306121 -0.005468845 0.09952348
v -0.08249753 -0.005570769 0.09922212
v -0.08186173 -0.005601108 0.09913057
v -0.08306121 -0.00351727 0.0989902
v -0.08249753 -0.003582715 0.09867894
v -0.08186173 -0.003602266 0.09858351
v -0.08186173 -0.005023479 0.09892034
v -0.08306121 -0.001516163 0.09869152
v -0.08186173 -0.003041446 0.0984506
v -0.08306121 0.000506016 0.09863156
v -0.08186173 0.002583622 0.09839707
v -0.08186173 0.006937444 0.099617
v -0.08186173 0.006576538 0.09948563
v -0.08249753 0.006537139 0.09958112
v -0.08306121 0.004500985 0.09922796
v -0.08186173 0.005023479 0.09892034
v -0.08186173 0.004612267 0.09882289
v -0.08186173 0.003041446 0.0984506
v -0.08186173 0.008448779 0.100376
v -0.08249753 0.008397698 0.1004674
v -0.08306121 0.006417572 0.09987592
v -0.08349382 0.004374027 0.0996924
v -0.08186173 0.0102027 0.1014816
v -0.08186173 0.00875771 0.1005311
v -0.08249753 0.01014029 0.1015675
v -0.08306121 0.008244097 0.100746
v -0.08186173 0.01181381 0.1027868
v -0.08186173 0.01045948 0.1016504
v -0.08249753 0.01174068 0.1028661
v -0.08306121 0.009954869 0.101826
v -0.08186173 0.01325947 0.1042736
v -0.08186173 0.01201981 0.1029597
v -0.08249753 0.01317614 0.1043447
v -0.08306121 0.01152586 0.1031008
v -0.08349382 0.009674191 0.1022172
v -0.08186173 0.01451927 0.105921
v -0.08186173 0.0134176 0.1044412
v -0.08249753 0.01442664 0.1059828
v -0.08306121 0.01293516 0.1045525
v -0.08186173 0.01557552 0.107706
v -0.08186173 0.01463395 0.1060751
v -0.08249753 0.01547467 0.1077573
v -0.08306121 0.01416277 0.1061606
v -0.08186173 0.01641345 0.1096036
v -0.08186173 0.01565229 0.1078391
v -0.08249753 0.0163055 0.1096433
v -0.08306121 0.01519167 0.1079026
v -0.08349382 0.01376342 0.1064295
v -0.08186173 0.01702123 0.1115871
v -0.08186173 0.01645904 0.1097093
v -0.08249753 0.01690739 0.1116144
v -0.08306121 0.0160073 0.1097541
v -0.08186173 0.01739037 0.1136288
v -0.08186173 0.01704329 0.1116605
v -0.08249753 0.01727193 0.1136427
v -0.08306121 0.01659816 0.1116891
v -0.08186173 0.01739692 0.1136665
v -0.07963663 0.01718622 0.1197732
v -0.07963663 0.01754283 0.1177505
v -0.07963663 0.01659715 0.1217408
v -0.07963663 0.01578354 0.1236268
v -0.07963663 0.01475661 0.1254056
v -0.07963663 0.01353007 0.1270531
v -0.07963663 0.0121206 0.1285471
v -0.07963663 0.01054722 0.1298673
v -0.07963663 0.008831143 0.130996
v -0.07963663 0.006995618 0.1319178
v -0.07963663 0.00506556 0.1326203
v -0.07963663 0.003066956 0.133094
v -0.07963663 0.001026928 0.1333324
v -0.07963663 -0.001026928 0.1333324
v -0.07963663 -0.003066956 0.133094
v -0.07963663 -0.00506556 0.1326203
v -0.07963663 -0.006995618 0.1319178
v -0.07963663 -0.008831143 0.130996
v -0.07963663 -0.01054722 0.1298673
v -0.07963663 -0.0121206 0.1285471
v -0.07963663 -0.01353007 0.1270531
v -0.07963663 -0.01475661 0.1254056
v -0.07963663 -0.01578354 0.1236268
v -0.07963663 -0.01659715 0.1217408
v -0.07963663 -0.01718622 0.1197732
v -0.07963663 -0.01754283 0.1177505
v -0.07963663 -0.01766234 0.1157
v -0.07963663 -0.01754283 0.1136495
v -0.07963663 -0.01718622 0.1116268
v -0.07963663 -0.01659715 0.1096591
v -0.07963663 -0.01578354 0.1077731
v -0.07963663 -0.01475661 0.1059944
v -0.07963663 -0.01353007 0.1043468
v -0.07963663 -0.0121206 0.1028528
v -0.07963663 -0.01054722 0.1015326
v -0.07963663 -0.008831143 0.1004039
v -0.07963663 -0.006995618 0.09948211
v -0.07963663 -0.00506556 0.09877961
v -0.07963663 -0.003066956 0.09830594
v -0.07963663 -0.001026928 0.09806752
v -0.07963663 0.001026928 0.09806752
v -0.07963663 0.003066956 0.09830594
v -0.07963663 0.00506556 0.09877961
v -0.07963663 0.006995618 0.09948211
v -0.07963663 0.008831143 0.1004039
v -0.07963663 0.01054722 0.1015326
v -0.07963663 0.0121206 0.1028528
v -0.07963663 0.01353007 0.1043468
v -0.07963663 0.01475661 0.1059944
v -0.07963663 0.01578354 0.1077731
v -0.07963663 0.01659715 0.1096591
v -0.07963663 0.01718622 0.1116268
v -0.07963663 0.01754283 0.1136495
v -0.07963663 0.01766234 0.1157
v -0.07743024 0.01786375 0.1136119
v -0.07743024 0.01750051 0.1115522
v -0.07743024 0.01690065 0.1095486
v -0.07743024 0.01607233 0.1076281
v -0.07743024 0.0150265 0.1058169
v -0.07743024 0.01377761 0.1041392
v -0.07743024 0.01234233 0.1026179
v -0.07743024 0.0107401 0.1012735
v -0.07743024 0.008992671 0.1001241
v -0.07743024 0.007123649 0.09918546
v -0.07743024 0.005158185 0.09847015
v -0.07743024 0.003123044 0.09798783
v -0.07743024 0.001045644 0.097745
v -0.07743024 -0.001045644 0.097745
v -0.07743024 -0.003123044 0.09798783
v -0.07743024 -0.005158185 0.09847015
v -0.07743024 -0.007123649 0.09918546
v -0.07743024 -0.008992671 0.1001241
v -0.07743024 -0.0107401 0.1012735
v -0.07743024 -0.01234233 0.1026179
v -0.07743024 -0.01377761 0.1041392
v -0.07743024 -0.0150265 0.1058169
v -0.07743024 -0.01607233 0.1076281
v -0.07743024 -0.01690065 0.1095486
v -0.07743024 -0.01750051 0.1115522
v -0.07743024 -0.01786375 0.1136119
v -0.07743024 -0.0179854 0.1157
v -0.07743024 -0.01786375 0.117788
v -0.07743024 -0.01750051 0.1198477
v -0.07743024 -0.01690065 0.1218513
v -0.07743024 -0.01607233 0.1237718
v -0.07743024 -0.0150265 0.1255831
v -0.07743024 -0.01377761 0.1272608
v -0.07743024 -0.01234233 0.1287821
v -0.07743024 -0.0107401 0.1301265
v -0.07743024 -0.008992671 0.1312758
v -0.07743024 -0.007123649 0.1322144
v -0.07743024 -0.005158185 0.1329298
v -0.07743024 -0.003123044 0.1334121
v -0.07743024 -0.001045644 0.133655
v -0.07743024 0.001045644 0.133655
v -0.07743024 0.003123044 0.1334121
v -0.07743024 0.005158185 0.1329298
v -0.07743024 0.007123649 0.1322144
v -0.07743024 0.008992671 0.1312758
v -0.07743024 0.0107401 0.1301265
v -0.07743024 0.01234233 0.1287821
v -0.07743024 0.01377761 0.1272608
v -0.07743024 0.0150265 0.1255831
v -0.07743024 0.01607233 0.1237718
v -0.07743024 0.01690065 0.1218513
v -0.07743024 0.01750051 0.1198477
v -0.07743024 0.01786375 0.117788
v -0.07743024 0.0179854 0.1157
v -0.0752564 0.01544195 0.1055436
v -0.0752564 0.01415842 0.1038196
v -0.0752564 0.01268351 0.1022562
v -0.0752564 0.01103699 0.1008747
v -0.0752564 0.001074612 0.09724867
v -0.0752564 -0.001074612 0.09724867
v -0.0752564 -0.01268351 0.1022562
v -0.0752564 -0.01415842 0.1038196
v -0.0752564 -0.01544195 0.1055436
v -0.0752564 -0.01651662 0.107405
v -0.0752564 -0.01736789 0.1093785
v -0.0752564 -0.01798439 0.1114376
v -0.0752564 -0.01835757 0.1135542
v -0.0752564 -0.01848256 0.1157
v -0.0752564 -0.01835757 0.1178457
v -0.0752564 -0.01798439 0.1199623
v -0.0752564 -0.01736789 0.1220214
v -0.0752564 -0.01651662 0.123995
v -0.0752564 -0.01544195 0.1258563
v -0.0752564 -0.01415842 0.1275804
v -0.0752564 -0.01268351 0.1291437
v -0.0752564 -0.01103699 0.1305253
v -0.0752564 -0.009241282 0.1317064
v -0.0752564 -0.007320523 0.1326709
v -0.0752564 -0.00530076 0.1334061
v -0.0752564 -0.003209412 0.1339018
v -0.0752564 -0.001074612 0.1341513
v -0.0752564 0.001074612 0.1341513
v -0.0752564 0.003209412 0.1339018
v -0.0752564 0.00530076 0.1334061
v -0.0752564 0.007320523 0.1326709
v -0.0752564 0.009241282 0.1317064
v -0.0752564 0.01103699 0.1305253
v -0.0752564 0.01268351 0.1291437
v -0.0752564 0.01415842 0.1275804
v -0.0752564 0.01736789 0.1220214
v -0.0752564 0.01835757 0.1178457
v -0.0752564 0.01848256 0.1157
vn -0.9923704 -0.0055238 -0.1231421
vn -0.9918211 -0.01709032 -0.1264382
vn -0.9880062 -0.02746665 -0.1517685
vn -0.9923399 -0.02743613 -0.1202124
vn -0.9918211 -0.03939938 -0.1213416
vn -0.9880062 -0.05417031 -0.1444135
vn -0.9923399 -0.04843282 -0.1133762
vn -0.9918211 -0.06045717 -0.1123386
vn -0.9880062 -0.07907342 -0.1324198
vn -0.9923704 -0.06790363 -0.1028473
vn -0.9918211 -0.07953119 -0.09970396
vn -0.9880062 -0.101474 -0.1161839
vn -0.9923704 -0.08517712 -0.08908349
vn -0.9918211 -0.09604173 -0.0839259
vn -0.9880062 -0.1205786 -0.09619432
vn -0.9923704 -0.09970396 -0.07242041
vn -0.9918211 -0.1094698 -0.06543165
vn -0.9880062 -0.1358073 -0.07312232
vn -0.9923704 -0.1110568 -0.0534684
vn -0.9918211 -0.1194494 -0.04480117
vn -0.9880062 -0.1467024 -0.0477004
vn -0.9923704 -0.118839 -0.03274631
vn -0.9918211 -0.1255226 -0.02276676
vn -0.9880062 -0.1528672 -0.02072203
vn -0.9923704 -0.09970396 0.07245093
vn -0.9918211 -0.09607225 0.0839259
vn -0.9880062 -0.1115146 0.1065401
vn -0.9923399 -0.08520764 0.08911401
vn -0.9918211 -0.07953119 0.09970396
vn -0.9880062 -0.09067046 0.1247596
vn -0.9923704 -0.06790363 0.1028779
vn -0.9918211 -0.06042665 0.1123386
vn -0.9880062 -0.06695759 0.1389508
vn -0.9923704 -0.04843282 0.1133457
vn -0.9918211 -0.03939938 0.1213416
vn -0.9880062 -0.04104739 0.1486556
vn -0.9923704 -0.02740561 0.1201819
vn -0.9918211 -0.01709032 0.1264076
vn -0.9880062 -0.01382488 0.1536301
vn -0.9923704 -0.005493283 0.1231421
vn -0.9918211 0.005706906 0.1274453
vn -0.9880062 0.01379436 0.1536301
vn -0.9923704 0.016541 0.1221656
vn -0.9918211 0.02832114 0.1243629
vn -0.9880062 0.04101687 0.1486556
vn -0.9923704 0.03808706 0.1172215
vn -0.9918211 0.05008083 0.1172826
vn -0.9880062 0.06689655 0.1389813
vn -0.9923704 0.05838185 0.1085543
vn -0.9918211 0.07025361 0.1064485
vn -0.9880062 0.09063994 0.1247901
vn -0.9923704 0.07684558 0.09637743
vn -0.9918211 0.08813744 0.0921964
vn -0.9880062 0.1114841 0.1066011
vn -0.9923704 0.09283727 0.08108764
vn -0.9918211 0.1032136 0.07498395
vn -0.9880062 0.128727 0.08499401
vn -0.9923704 0.1058077 0.06320381
vn -0.9918211 0.1149327 0.05533003
vn -0.9880062 0.1418195 0.06064027
vn -0.9923704 0.1153905 0.04330575
vn -0.9918211 0.122959 0.03393656
vn -0.9880062 0.1503952 0.03433328
vn -0.9923704 0.1212806 0.02197331
vn -0.9918211 0.1270485 0.01141387
vn -0.9880062 0.1540879 0.006927669
vn -0.9923704 0.1232643 0
vn -0.9918211 0.1270485 -0.01141387
vn -0.9880062 0.1528672 -0.02063047
vn -0.9923704 0.1212806 -0.02197331
vn -0.9918211 0.122959 -0.03393656
vn -0.9880062 0.1467024 -0.04763936
vn -0.9923704 0.1153905 -0.04330575
vn -0.9918211 0.1149327 -0.05533003
vn -0.9880062 0.1358379 -0.07306128
vn -0.9923704 0.1058077 -0.06323432
vn -0.9918211 0.1032136 -0.07498395
vn -0.9880062 0.1206091 -0.09613329
vn -0.9923399 0.09283727 -0.08111816
vn -0.9918211 0.08816796 -0.09222692
vn -0.9880062 0.1015045 -0.1161534
vn -0.9923704 0.07684558 -0.09637743
vn -0.9918211 0.07028412 -0.1064485
vn -0.9880062 0.07913446 -0.1323893
vn -0.9923704 0.05838185 -0.1085543
vn -0.9918211 0.05008083 -0.1172826
vn -0.9880062 0.05423134 -0.1444135
vn -0.9923704 0.03805655 -0.1172521
vn -0.9918211 0.02838218 -0.1243629
vn -0.9880062 0.0275582 -0.1517685
vn -0.9923704 0.01647996 -0.1221351
vn -0.9918211 0.005706906 -0.1274453
vn -0.9880062 0 -0.154271
vn -0.9968871 -0.06573683 0.04336678
vn -0.9968871 -0.07242041 0.03094571
vn -0.9880062 -0.1418195 0.06057924
vn -0.9968871 -0.04629653 0.06372261
vn -0.9968871 -0.05691701 0.05441445
vn -0.9999695 0 0
vn -0.9968871 -0.07675403 0.01751762
vn -0.9880062 -0.1503952 0.03430277
vn -0.9968871 0 -0.07876825
vn -0.9968871 -0.01406902 -0.07748645
vn -0.9968871 0.0140385 -0.07748645
vn -0.9968871 0.04037594 -0.06759846
vn -0.9968871 0.02768027 -0.07373267
vn -0.9968871 0.05178987 -0.05929744
vn -0.9968871 0.0615558 -0.04910427
vn -0.9968871 0.06933802 -0.03729361
vn -0.9968871 0.0748924 -0.0242927
vn -0.9968871 0.07803583 -0.01055938
vn -0.9968871 0.0786767 0.003509581
vn -0.9968871 0.07675403 0.01751762
vn -0.9968871 0.07242041 0.03094571
vn -0.9968871 0.06573683 0.04336678
vn -0.9968871 0.05691701 0.05441445
vn -0.9968871 0.04629653 0.06372261
vn -0.9968871 0.0341807 0.07095551
vn -0.9968871 0.02093565 0.07593005
vn -0.9968871 0.007049739 0.07843255
vn -0.9968871 -0.007049739 0.07843255
vn -0.9968871 -0.02093565 0.07593005
vn -0.9968871 -0.0341807 0.07095551
vn -0.9880062 -0.1287575 0.0849635
vn -0.9918211 -0.1094698 0.06543165
vn -0.9923704 -0.1110568 0.0534684
vn -0.9922483 -0.1232643 0.01373332
vn -0.9918211 -0.1255226 0.02276676
vn -0.9923704 -0.1188085 0.03274631
vn -0.9918211 -0.1194189 0.04480117
vn -0.9880368 -0.1539048 0.006897151
vn -0.9923093 -0.1230201 -0.0134586
vn -0.9906613 -0.1362041 -0.00021363
vn -0.9919126 -0.1266823 0.005676388
vn -0.9968871 -0.0786767 0.003509581
vn -0.9968871 -0.07803583 -0.01055938
vn -0.9968871 -0.0748924 -0.0242927
vn -0.9968871 -0.06933802 -0.03732413
vn -0.9968871 -0.0615558 -0.04910427
vn -0.9968871 -0.05178987 -0.05929744
vn -0.9968871 -0.04037594 -0.06759846
vn -0.9968871 -0.02768027 -0.07373267
vn -0.9396344 0.008209466 0.3420515
vn -0.9396039 0.02926725 0.3409222
vn -0.9791864 0.02832114 0.2008728
vn -0.9387189 0.2139652 0.2700888
vn -0.9716178 0.1404156 0.1903134
vn -0.9341716 0.2176275 0.2826624
vn -0.9351177 0.2855922 0.2096927
vn -0.937376 0.2956023 0.1841487
vn -0.9715567 0.1964171 0.1321756
vn -0.9384441 0.0491653 -0.3418989
vn -0.9395428 0.02929776 -0.3411359
vn -0.9791253 0.02887046 -0.2011474
vn -0.939787 -0.3411054 0.01959288
vn -0.9792169 -0.2006897 0.02819907
vn -0.939024 -0.343791 0
vn -0.9791558 -0.2009338 -0.02862632
vn -0.939787 -0.3411359 -0.01953184
vn -0.971221 -0.1966307 -0.1341899
vn -0.9337443 -0.2894986 -0.2103335
vn -0.9382305 -0.2841883 -0.1973326
vn -0.9766228 -0.197821 -0.08398693
vn -0.9410993 -0.2829371 -0.1850947
vn -0.9375897 -0.3114719 -0.1545763
vn -0.9376202 -0.3278298 -0.1156346
vn -0.9399396 -0.3278604 -0.09494304
vn -0.9391156 -0.3343303 -0.07901239
vn -0.9384747 -0.3430891 -0.0390942
vn -0.9392377 -0.2256233 -0.2585528
vn -0.9384747 -0.2404248 -0.2478103
vn -0.9791864 -0.1440778 -0.142735
vn -0.9379559 -0.1257973 -0.3230994
vn -0.9371319 -0.1453902 -0.3172094
vn -0.9767449 -0.08600115 -0.1963256
vn -0.9377728 -0.1781365 -0.2980437
vn -0.9715873 -0.1388897 -0.1915036
vn -0.9341105 -0.2014832 -0.2946562
vn -0.9359416 -0.2172307 -0.2770776
vn -0.9383831 -0.1050447 -0.3292031
vn -0.9791253 -0.02844321 -0.2012085
vn -0.9387189 -0.06924647 -0.3376263
vn -0.9395428 0.008209466 -0.3422651
vn -0.9390546 -0.02771079 -0.3425703
vn -0.9392682 -0.04879909 -0.33961
vn -0.9380474 0.1631519 -0.3056429
vn -0.9765923 0.08539074 -0.1973937
vn -0.9365826 0.1944944 -0.2914212
vn -0.9715567 0.1375774 -0.1926938
vn -0.9341716 0.2179021 -0.2824488
vn -0.9341716 0.2178411 -0.2824793
vn -0.937315 0.1255837 -0.3250221
vn -0.9398785 0.1034577 -0.3253883
vn -0.9395428 0.08853417 -0.3307596
vn -0.9346599 0.2990509 -0.192175
vn -0.9350566 0.2856838 -0.2097842
vn -0.9717704 0.1925107 -0.1362651
vn -0.9389935 0.2647786 -0.2193976
vn -0.9791864 0.1441999 -0.1426129
vn -0.9385663 0.2545854 -0.2329173
vn -0.9378948 0.2285225 -0.2609027
vn -0.9370709 0.321543 -0.1358989
vn -0.9376812 0.3028657 -0.1702322
vn -0.9767449 0.1969359 -0.08447521
vn -0.9393597 0.3406476 -0.0390942
vn -0.9384747 0.3400983 -0.05932796
vn -0.9791864 0.2009338 -0.028077
vn -0.9384441 0.3317667 -0.09607225
vn -0.9382 0.3259377 -0.1162755
vn -0.9384747 0.3400983 0.05932796
vn -0.9393597 0.3406476 0.0390942
vn -0.9791253 0.2011474 0.02850425
vn -0.9389935 0.3433638 0.01843315
vn -0.9389935 0.3433638 -0.01843315
vn -0.9390546 0.2981658 0.1709342
vn -0.9370403 0.321604 0.1359294
vn -0.9765313 0.1983398 0.08368176
vn -0.939848 0.3228248 0.1115146
vn -0.9402753 0.3260598 0.09765923
vn -0.9389935 0.224372 0.2605975
vn -0.9791864 0.1440778 0.142735
vn -0.9382305 0.2545244 0.23426
vn -0.9369793 0.2704245 0.2211371
vn -0.937315 0.1256447 0.3250221
vn -0.9377728 0.1628468 0.30665
vn -0.9767754 0.08624529 0.1961119
vn -0.9357891 0.1965087 0.292581
vn -0.9384441 0.04910427 0.3418684
vn -0.9386578 0.08728289 0.3335978
vn -0.9388409 0.1063875 0.3274331
vn -0.9391461 -0.02768027 0.3423566
vn -0.9791253 -0.02844321 0.2012085
vn -0.9393292 -0.04879909 0.3394269
vn -0.9767144 -0.08621478 0.1963561
vn -0.9383831 -0.1050447 0.3292031
vn -0.9387189 -0.06924647 0.3376263
vn -0.9374065 -0.1916257 0.2907193
vn -0.9397259 -0.1786248 0.2914823
vn -0.9371319 -0.1453596 0.3172399
vn -0.9379559 -0.1257362 0.3230689
vn -0.9388104 -0.2755516 0.2064577
vn -0.9392682 -0.2664571 0.2161931
vn -0.9791864 -0.1441694 0.142674
vn -0.938261 -0.2411878 0.2478713
vn -0.9713126 -0.1351665 0.1955015
vn -0.9381695 -0.2266609 0.2616047
vn -0.9369488 -0.2957854 0.1859188
vn -0.9714347 -0.1932432 0.1376385
vn -0.9767144 -0.1970275 0.0846278
vn -0.9375897 -0.3114719 0.1545763
vn -0.9375897 -0.3278909 0.1156651
vn -0.9384747 -0.3430891 0.0390942
vn -0.9385968 -0.3359783 0.07821893
vn -0.9393292 -0.3290811 0.09662157
vn -0.9879147 -0.1520127 0.02978605
vn -0.999176 -0.04007077 0.004791378
vn -0.9879757 -0.1514939 -0.03064054
vn -0.9989624 -0.04495376 0.002807676
vn -0.9993286 -0.03064054 0.01983702
vn -0.9990234 -0.03778189 0.02258366
vn -0.9849849 -0.1481063 0.08859521
vn -0.9990845 -0.03878897 0.01657152
vn -0.9994507 -0.03161716 0.008728265
vn -0.9904782 -0.09759819 0.09695726
vn -0.9993286 -0.02063047 0.03015226
vn -0.9994202 -0.02606278 0.02063047
vn -0.9994202 -0.01861625 0.02819907
vn -0.9990234 -0.01959288 0.03924679
vn -0.9849849 -0.08941918 0.1475875
vn -0.999115 -0.0152592 0.03894162
vn -0.9878231 -0.03097623 0.1523789
vn -0.9994202 0.01040679 0.03201389
vn -0.9992371 0.008911371 0.03738516
vn -0.9877621 0.03064054 0.1527757
vn -0.999176 0.000976592 0.04037594
vn -0.9992066 -0.004333615 0.03881949
vn -0.9994507 -0.007171809 0.03149509
vn -0.9990845 0.01794487 0.03860586
vn -0.9849544 0.08960235 0.147679
vn -0.9992066 0.0199896 0.03393656
vn -0.9991455 0.03506577 0.02105772
vn -0.9994812 0.0216071 0.02349925
vn -0.9904782 0.09787285 0.09674364
vn -0.9988403 0.02246159 0.0419324
vn -0.999176 0.03982663 0.001464843
vn -0.9992066 0.03756827 0.01141387
vn -0.9878842 0.1518906 0.03082364
vn -0.9992676 0.03460794 0.01470988
vn -0.9850154 0.1479842 0.08838158
vn -0.9989624 0.04101687 0.01867729
vn -0.9992371 0.03299045 0.01965391
vn -0.999176 0.03982663 -0.001464843
vn -0.9877926 0.1526536 -0.03021329
vn -0.9992066 0.03756827 -0.01141387
vn -0.9988708 0.0178228 -0.04348886
vn -0.9989318 0.02185124 -0.04062008
vn -0.9904782 0.09704881 -0.09735405
vn -0.9987792 0.02276676 -0.04370248
vn -0.9994812 0.0216071 -0.02343821
vn -0.9991455 0.03503525 -0.02099668
vn -0.9992676 0.03244113 -0.01953184
vn -0.9849544 0.1481368 -0.08865624
vn -0.999054 0.03851431 -0.01928764
vn -0.9993591 0.03295993 -0.01235997
vn -0.9850459 0.08917504 -0.1473433
vn -0.9992981 0.01400798 -0.03466898
vn -0.9879147 0.03112888 -0.1516464
vn -0.9992371 0.008911371 -0.0374462
vn -0.9878231 -0.0303964 -0.1524094
vn -0.9994507 -0.007171809 -0.03149509
vn -0.999176 -0.003295958 -0.04016232
vn -0.9990845 -0.000274667 -0.04235965
vn -0.9904782 -0.09710985 -0.09747612
vn -0.9992981 -0.01965391 -0.03143405
vn -0.9849544 -0.08954131 -0.147618
vn -0.9990234 -0.02075254 -0.03833121
vn -0.9991455 -0.01409953 -0.03808706
vn -0.9995422 -0.02417063 -0.01757866
vn -0.9994202 -0.02606278 -0.02069151
vn -0.9993286 -0.02063047 -0.03015226
vn -0.9992371 -0.03784292 -0.006622493
vn -0.9992676 -0.03506577 -0.01318395
vn -0.9850154 -0.1480453 -0.08835107
vn -0.9988098 -0.04583877 -0.01489299
vn -0.9360027 -0.2170782 0.276986
vn -0.9990845 -0.03747671 -0.02014219
vn -0.9378033 -0.2672201 -0.2215644
vn -0.9337443 -0.2895291 0.2103641
vn -0.7750786 0.6318553 -0.001800537
vn -0.9462874 -0.3233131 0
vn -0.9471725 -0.3200476 0.0199896
vn -0.7754448 0.6226692 -0.1044648
vn -0.9473556 -0.3177892 0.03817862
vn -0.7522202 0.6357005 -0.1731925
vn -0.9469894 -0.3159582 0.05761891
vn -0.7767876 0.5948668 -0.2066103
vn -0.9478133 -0.3055818 0.09063994
vn -0.9465011 -0.3023164 0.1127659
vn -0.7511216 0.5945616 -0.2867519
vn -0.947264 -0.2929777 0.1296426
vn -0.7765435 0.5510727 -0.3053987
vn -0.9474776 -0.2839747 0.1469466
vn -0.7494431 0.5375835 -0.3863644
vn -0.947142 -0.2763756 0.1628468
vn -0.9470809 -0.2559587 0.1936399
vn -0.7777947 0.4911649 -0.3921018
vn -0.9466537 -0.2435072 0.2109439
vn -0.7488937 0.460036 -0.4769433
vn -0.9473251 -0.2296212 0.2231208
vn -0.7784051 0.4160588 -0.4700461
vn -0.9475387 -0.2145146 0.2369152
vn -0.7476425 0.3713797 -0.5505234
vn -0.9474776 -0.2018799 0.2479323
vn -0.9470199 -0.1727042 0.2707602
vn -0.7796869 0.3302713 -0.5319376
vn -0.9467757 -0.1544236 0.2823267
vn -0.7470626 0.2671896 -0.6086001
vn -0.9473861 -0.1378521 0.2887967
vn -0.7809382 0.2338938 -0.5790887
vn -0.9475387 -0.1181066 0.2970061
vn -0.7462386 0.1580248 -0.6465957
vn -0.9478133 -0.1026948 0.301767
vn -0.9469588 -0.06769001 0.3140965
vn -0.7822199 0.1319315 -0.6088138
vn -0.9469283 -0.0462355 0.3180944
vn -0.7456893 0.0401318 -0.6650288
vn -0.9474166 -0.02899253 0.3185827
vn -0.9700003 0.004455685 0.2429578
vn -0.9474776 -0.006958186 0.3196814
vn -0.745201 -0.07568585 -0.6624958
vn -0.948088 0.008575677 0.3178502
vn -0.9468978 0.04593032 0.318186
vn -0.7855159 -0.07998901 -0.6136052
vn -0.9470199 0.06735432 0.3139744
vn -0.7446821 -0.1927854 -0.6389355
vn -0.9474471 0.08343756 0.3088168
vn -0.7878353 -0.1817072 -0.5884274
vn -0.9474166 0.1050752 0.3021942
vn -0.7446211 -0.3004547 -0.5960265
vn -0.9483017 0.1183202 0.2943815
vn -0.9468368 0.1540269 0.2823877
vn -0.7894223 -0.2799463 -0.5462508
vn -0.947142 0.172338 0.2705771
vn -0.7440718 -0.402295 -0.5333415
vn -0.9474166 0.1855525 0.2606281
vn -0.7921079 -0.3656728 -0.4886929
vn -0.9473556 0.2039857 0.2467421
vn -0.744438 -0.4881131 -0.4555193
vn -0.9485153 0.2129276 0.2344126
vn -0.9468063 0.2428358 0.211066
vn -0.793878 -0.4438917 -0.4155095
vn -0.947264 0.2554094 0.1934873
vn -0.7439497 -0.5620289 -0.3614307
vn -0.9473861 0.2645955 0.1799066
vn -0.7968078 -0.503769 -0.3335368
vn -0.9472945 0.2773522 0.1603137
vn -0.7446821 -0.6152226 -0.2586749
vn -0.9486679 0.2807397 0.1455428
vn -0.9467757 0.3012482 0.1131626
vn -0.7988525 -0.5524156 -0.2379528
vn -0.9473861 0.3063753 0.09247106
vn -0.7442854 -0.6519364 -0.1448103
vn -0.9473556 0.3108005 0.07672351
vn -0.8019654 -0.5801569 -0.1422467
vn -0.9472335 0.3159887 0.05371254
vn -0.7390362 -0.6720481 -0.04611343
vn -0.9486374 0.3138523 0.03946042
vn -0.7716605 -0.6358837 -0.01153594
vn -0.9467757 0.3217872 -0.000854518
vn -0.7358623 -0.6743065 0.06149476
vn -0.9472945 0.3182775 -0.0361644
vn -0.7766961 -0.6209296 0.105533
vn -0.9471725 0.3150731 -0.05960261
vn -0.7352519 -0.6538896 0.1781976
vn -0.9486984 0.3078097 -0.07202368
vn -0.7753227 -0.5934019 0.2161015
vn -0.9470504 0.3069857 -0.09378337
vn -0.9467757 0.3012482 -0.1131626
vn -0.7360759 -0.6126591 0.287759
vn -0.947203 0.2859889 -0.1447492
vn -0.7764825 -0.5467086 0.3132115
vn -0.947142 0.2747276 -0.1655629
vn -0.7354961 -0.5533921 0.39082
vn -0.9487289 0.2634663 -0.1744743
vn -0.7750176 -0.4826807 0.4078494
vn -0.9468673 0.255562 -0.1951048
vn -0.9468063 0.2428358 -0.211066
vn -0.7367779 -0.4771874 0.4789575
vn -0.947142 0.2178411 -0.2354503
vn -0.7762078 -0.405591 0.4826502
vn -0.947142 0.2000183 -0.2508011
vn -0.736198 -0.3860896 0.5558031
vn -0.9487289 0.186346 -0.2552263
vn -0.7746514 -0.3128147 0.5495468
vn -0.9467147 0.1718802 -0.2722556
vn -0.9468368 0.1539964 -0.2823572
vn -0.7379071 -0.2845851 0.6119571
vn -0.9470199 0.1222571 -0.2968841
vn -0.7757805 -0.2148808 0.5932493
vn -0.947142 0.1003143 -0.3046968
vn -0.7373272 -0.1726127 0.6530656
vn -0.9486984 0.08597064 -0.3041779
vn -0.7743156 -0.1048921 0.6240119
vn -0.9465926 0.06637775 -0.3154698
vn -0.9468978 0.04593032 -0.318186
vn -0.7395551 -0.05850398 0.6705222
vn -0.9469283 0.01110869 -0.3211768
vn -0.970214 -0.004089474 -0.2421338
vn -0.9471725 -0.01184117 -0.3204749
vn -0.7388531 0.06073182 0.6710715
vn -0.9486374 -0.02523881 -0.3152562
vn -0.7740104 0.115421 0.6225166
vn -0.9464706 -0.04763936 -0.3191626
vn -0.9469588 -0.06769001 -0.3140965
vn -0.7416303 0.1732535 0.6479995
vn -0.9468368 -0.1017182 -0.3051546
vn -0.7750481 0.2186651 0.5928221
vn -0.947203 -0.1224402 -0.2962431
vn -0.7442854 0.2794885 0.6065249
vn -0.9486679 -0.1338847 -0.2864467
vn -0.9468063 -0.1544236 -0.2822962
vn -0.7752007 0.3243812 0.5420088
vn -0.9470199 -0.1727042 -0.2707602
vn -0.7441328 0.3823969 0.5477157
vn -0.9467147 -0.202063 -0.2507095
vn -0.7749565 0.4083987 0.4823145
vn -0.9472945 -0.2176275 -0.2350535
vn -0.746971 0.4677267 0.4724265
vn -0.9485458 -0.2254402 -0.2222968
vn -0.9466537 -0.2435072 -0.2109134
vn -0.7753533 0.4896084 0.3988159
vn -0.9470809 -0.2559587 -0.1936399
vn -0.7471542 0.5436262 0.3823359
vn -0.9466232 -0.2771081 -0.1644948
vn -0.7750786 0.5483871 0.3137913
vn -0.9473861 -0.2854701 -0.1446882
vn -0.7501145 0.5978271 0.2826014
vn -0.9483627 -0.2891629 -0.1302224
vn -0.9465011 -0.3022859 -0.1127659
vn -0.775811 0.5954467 0.2085329
vn -0.947142 -0.3071688 -0.09253209
vn -0.7505417 0.6377758 0.1728568
vn -0.9465316 -0.317423 -0.05716115
vn -0.7756584 0.6217536 0.1082186
vn -0.9475082 -0.3176061 -0.03637802
vn -0.9481185 -0.3171178 -0.02157658
vn -0.1407208 0.06915491 -0.9876095
vn -0.114658 -0.005859553 -0.9933775
vn -0.3345134 0.02111876 -0.9421369
vn -0.1427655 -0.04525893 -0.9887081
vn -0.1142002 -0.1215552 -0.9859615
vn -0.333842 -0.09067046 -0.9382305
vn -0.1493576 -0.3787958 -0.9133275
vn -0.1130405 -0.4527116 -0.8844264
vn -0.3318583 -0.4124271 -0.8483535
vn -0.1542405 -0.5779901 -0.8013245
vn -0.1126438 -0.6451613 -0.7556688
vn -0.3306986 -0.6005432 -0.727958
vn -0.1593981 -0.746025 -0.6465346
vn -0.1124912 -0.8025758 -0.5858028
vn -0.3296915 -0.755028 -0.5667287
vn -0.1620532 -0.8154851 -0.5555894
vn -0.1125217 -0.8653829 -0.4882962
vn -0.3292337 -0.8168889 -0.4735557
vn -0.1647389 -0.8738975 -0.4572893
vn -0.1125828 -0.9163793 -0.3841364
vn -0.3288674 -0.8672445 -0.3737297
vn -0.1675466 -0.9205298 -0.352855
vn -0.1127048 -0.9548937 -0.2746971
vn -0.3284402 -0.9054842 -0.2685934
vn -0.1704764 -0.9547106 -0.2438123
vn -0.1128879 -0.9803766 -0.161565
vn -0.3281961 -0.9309977 -0.1597338
vn -0.8394116 0.5282449 -0.1276284
vn -0.8394116 0.5396283 -0.06427198
vn -0.6229438 0.7767571 -0.09250158
vn -0.8394421 0.509415 -0.1892147
vn -0.8394116 0.4116642 -0.3547776
vn -0.8394116 0.2623676 -0.4759361
vn -0.8394116 0.08023315 -0.537492
vn -0.8394116 -0.04824972 -0.5413068
vn -0.8394116 -0.174047 -0.5148168
vn -0.8394116 -0.2337107 -0.4906156
vn -0.8394116 -0.3424177 -0.42201
vn -0.8394116 -0.5197607 0.1586962
vn -0.8394116 -0.4973296 0.2190924
vn -0.8394116 -0.431959 0.329783
vn -0.8394116 -0.389935 0.3785516
vn -0.8394421 -0.2901089 0.4595172
vn -0.8394421 -0.2337107 0.4906156
vn -0.8394116 -0.1119114 0.5318155
vn -0.8394116 -0.04824972 0.5413068
vn -0.8394421 0.08017212 0.5374615
vn -0.8394116 0.1432539 0.5242469
vn -0.8394116 0.5396283 0.06427198
vn -0.8394116 0.5282449 0.1276284
vn -0.8394116 0.4835047 0.2481459
vn -0.8394116 0.4507279 0.3035981
vn -0.8394116 0.366802 0.4009522
vn -0.8394421 0.3167821 0.4415418
vn -0.8394116 0.2042298 0.5036165
vn -0.8394116 0.01608324 0.543199
vn -0.8394116 -0.174047 0.5148473
vn -0.8394116 -0.3424177 0.42201
vn -0.8394116 -0.4679403 0.2763451
vn -0.8394116 -0.5348979 0.09613329
vn -0.8394116 -0.542497 0.03216648
vn -0.8394116 -0.542497 -0.03219699
vn -0.8394116 -0.5197607 -0.1586962
vn -0.8394116 -0.4973601 -0.2190619
vn -0.8394116 -0.431959 -0.3297525
vn -0.8394116 -0.389935 -0.3785211
vn -0.8394116 -0.2901089 -0.4595477
vn -0.8394116 -0.1119114 -0.531785
vn -0.8394116 0.01608324 -0.5432295
vn -0.8394116 0.2042298 -0.5036165
vn -0.8394116 0.3668325 -0.4009827
vn -0.8394116 0.4834742 -0.2481459
vn -0.3424177 0.9395428 0
vn -0.6229438 0.7822199 0
vn -0.8394116 0.5434431 0
vn -0.3359478 0.2422559 -0.9101535
vn -0.3352153 0.1326334 -0.9327372
vn -0.6229438 0.115482 -0.7736747
vn -0.6229438 0.7767571 0.09250158
vn -0.3425397 0.9328288 0.1115146
vn -0.1265907 0.9854122 0.1136204
vn -0.1266823 0.9919126 0
vn -0.6229438 0.7603687 0.1837214
vn -0.3426618 0.9129002 0.2216559
vn -0.1264382 0.9655751 0.2272103
vn -0.1251258 0.9771721 0.171575
vn -0.8394116 0.5094455 0.1892147
vn -0.6229438 0.7332682 0.2723777
vn -0.3426923 0.8800623 0.3285928
vn -0.1264076 0.9328288 0.3373211
vn -0.1235084 0.9506821 0.284402
vn -0.6229438 0.6959136 0.3571887
vn -0.3426923 0.8348033 0.4308603
vn -0.1264687 0.8875393 0.4429762
vn -0.122013 0.9114048 0.3929868
vn -0.6229438 0.648793 0.4369945
vn -0.3425397 0.7777642 0.5269631
vn -0.1266518 0.8302561 0.5427412
vn -0.1205176 0.8597369 0.496292
vn -0.8394116 0.4116642 0.3547776
vn -0.6229438 0.5925474 0.5106662
vn -0.3423261 0.7097995 0.6155889
vn -0.1268959 0.7618641 0.6351512
vn -0.1191442 0.79635 0.5929442
vn -0.6229133 0.5280312 0.5771661
vn -0.3420209 0.6318553 0.6955168
vn -0.1272317 0.6831569 0.7190771
vn -0.1177709 0.7222816 0.6814478
vn -0.6229438 0.4560075 0.6355785
vn -0.3416547 0.5450301 0.7656179
vn -0.1275063 0.595172 0.7933897
vn -0.1165807 0.6383557 0.7608265
vn -0.8394116 0.2623981 0.4759361
vn -0.6229438 0.377636 0.685049
vn -0.3413801 0.4505142 0.8248848
vn -0.1279336 0.4992828 0.8569293
vn -0.1152684 0.545793 0.8299204
vn -0.3409833 0.3497421 0.8725547
vn -0.1131016 0.3397321 0.9336833
vn -0.1283608 0.3963744 0.9090548
vn -0.6229438 0.2939848 0.7248756
vn -0.1142308 0.4459059 0.887753
vn -0.3405866 0.244087 0.9079562
vn -0.1120945 0.229194 0.9668874
vn -0.1287881 0.2883083 0.9488205
vn -0.6229438 0.2062135 0.7545701
vn -0.3401288 0.1349833 0.9306314
vn -0.1111484 0.1153294 0.9870601
vn -0.1292459 0.1761528 0.9758294
vn -0.6229438 0.115482 0.7736747
vn -0.6229743 0.02316349 0.7818842
vn -0.339671 0.02401804 0.9402142
vn -0.1296426 0.0615558 0.9896237
vn -0.6229438 -0.06942957 0.7791681
vn -0.3392742 -0.08725237 0.9366131
vn -0.1301004 -0.05380409 0.9900205
vn -0.1102023 0 0.9938963
vn -0.3388775 -0.1973021 0.9198889
vn -0.1086153 -0.2292855 0.9672536
vn -0.1305581 -0.1684927 0.976989
vn -0.6229133 -0.1611072 0.7654958
vn -0.1093478 -0.1153905 0.9872738
vn -0.3385418 -0.3045747 0.8902555
vn -0.107944 -0.3399762 0.9342021
vn -0.1309854 -0.2808924 0.9507431
vn -0.6229438 -0.2505264 0.7410199
vn -0.3381146 -0.4076052 0.8482314
vn -0.107242 -0.4462416 0.8884549
vn -0.1313517 -0.3895993 0.9115574
vn -0.6229438 -0.3364055 0.7061983
vn -0.3377789 -0.5049288 0.7943053
vn -0.1067232 -0.5463424 0.8307138
vn -0.1317179 -0.492935 0.8600116
vn -0.6229743 -0.4175848 0.6614277
vn -0.3375042 -0.595172 0.7292703
vn -0.1062349 -0.6391186 0.7617115
vn -0.1320536 -0.5896481 0.7967773
vn -0.6229438 -0.4928739 0.6074404
vn -0.337199 -0.6771142 0.6540422
vn -0.1057772 -0.7232887 0.6823633
vn -0.1323893 -0.6783349 0.7226783
vn -0.6229438 -0.5612659 0.5448775
vn -0.3369548 -0.7495957 0.569689
vn -0.1053498 -0.7976318 0.5938292
vn -0.1326334 -0.7578356 0.6387829
vn -0.6229438 -0.6217536 0.4746544
vn -0.3367107 -0.8116093 0.47734
vn -0.1050142 -0.8612323 0.4972075
vn -0.1328775 -0.8270516 0.5461593
vn -0.6229438 -0.6735435 0.3977782
vn -0.3365886 -0.8622699 0.3783684
vn -0.10477 -0.9131444 0.3938719
vn -0.1330301 -0.8849757 0.4461501
vn -0.6229438 -0.7158727 0.3153477
vn -0.3364055 -0.9009064 0.2740867
vn -0.1045869 -0.9527269 0.285226
vn -0.1331828 -0.9309061 0.3400372
vn -0.6229133 -0.7481613 0.2284615
vn -0.3363445 -0.9269692 0.1659901
vn -0.1044648 -0.9794 0.1726737
vn -0.1333048 -0.9641713 0.2292855
vn -0.6229133 -0.769921 0.1383709
vn -0.336314 -0.9400922 0.05557417
vn -0.1043733 -0.9928281 0.05780202
vn -0.1333659 -0.9843135 0.115421
vn -0.6229438 -0.7808771 0.04632705
vn -0.1733451 -0.9760125 -0.1315348
vn -0.1043733 -0.9928281 -0.05780202
vn -0.3356731 -0.9401837 -0.05804616
vn -0.1333659 -0.9910581 0
vn -0.6229438 -0.7808771 -0.04632705
vn -0.8394116 -0.5348979 -0.09610277
vn -0.6229133 -0.769921 -0.1383709
vn -0.6229438 -0.7481307 -0.2284615
vn -0.6229438 -0.7158116 -0.3153477
vn -0.8394421 -0.4679098 -0.2763451
vn -0.6229133 -0.6735435 -0.3977782
vn -0.6229438 -0.6217841 -0.4746544
vn -0.6229438 -0.5612659 -0.5448775
vn -0.3301187 -0.682577 -0.6519364
vn -0.1125217 -0.728843 -0.6753441
vn -0.6229438 -0.4928739 -0.6074404
vn -0.1567431 -0.6665242 -0.728782
vn -0.6229743 -0.4175543 -0.6614277
vn -0.3312479 -0.5100864 -0.7937559
vn -0.1127659 -0.5527513 -0.8256478
vn -0.6229743 -0.3364055 -0.7061983
vn -0.151738 -0.4816431 -0.863094
vn -0.6229438 -0.2505264 -0.7410199
vn -0.3324686 -0.3090304 -0.8910184
vn -0.1133457 -0.3465377 -0.9311503
vn -0.6229133 -0.1611072 -0.7654653
vn -0.3331095 -0.2012695 -0.9211402
vn -0.1137425 -0.2356639 -0.9651479
vn -0.1470687 -0.2707602 -0.951323
vn -0.6229438 -0.06942957 -0.7791376
vn -0.1448714 -0.1591235 -0.9765618
vn -0.6229438 0.02316349 -0.7819147
vn -0.1152378 0.1099277 -0.9872127
vn -0.1283608 0.3964354 -0.9090243
vn -0.1165502 0.3353679 -0.9348125
vn -0.3377178 0.3460189 -0.8753014
vn -0.6229438 0.206183 -0.7545701
vn -0.1370281 0.2939237 -0.9459212
vn -0.1158788 0.2241889 -0.9676198
vn -0.1387981 0.1827753 -0.9732963
vn -0.1141697 0.4457839 -0.887814
vn -0.3413496 0.4505142 -0.8249153
vn -0.6229438 0.2939848 -0.7249062
vn -0.8394116 0.1432539 -0.5242469
vn -0.1152684 0.545793 -0.8299204
vn -0.1279031 0.4991912 -0.8569903
vn -0.3416852 0.5450301 -0.7656179
vn -0.6229438 0.377636 -0.685049
vn -0.1165502 0.6383862 -0.760796
vn -0.1275063 0.5952025 -0.7933592
vn -0.3420209 0.6318553 -0.6955168
vn -0.6229438 0.4560075 -0.6355479
vn -0.1177709 0.7222816 -0.6814478
vn -0.1271706 0.6831569 -0.7190771
vn -0.3423566 0.709769 -0.6155889
vn -0.6229133 0.5280007 -0.5771661
vn -0.8394116 0.3168126 -0.4415418
vn -0.1191442 0.7964416 -0.5928221
vn -0.1268959 0.7618641 -0.6351512
vn -0.3425397 0.7777642 -0.5269631
vn -0.6229743 0.5925474 -0.5106357
vn -0.1205176 0.859798 -0.4961699
vn -0.1266518 0.8303476 -0.5426496
vn -0.3426618 0.8348033 -0.4308298
vn -0.6229438 0.648793 -0.4369945
vn -0.1219825 0.9113438 -0.3931394
vn -0.1264687 0.8876003 -0.4428541
vn -0.3426923 0.8800623 -0.3285928
vn -0.6229743 0.6959136 -0.3571887
vn -0.8394116 0.4507584 -0.3035981
vn -0.1235084 0.9506516 -0.2845851
vn -0.1264076 0.9327983 -0.3374432
vn -0.3426618 0.9129002 -0.2216559
vn -0.6229438 0.7332682 -0.2723472
vn -0.1251258 0.9771416 -0.1717886
vn -0.1264382 0.9655446 -0.2273629
vn -0.3425397 0.9328288 -0.1115146
vn -0.6229438 0.7603381 -0.1837214
vn -0.1265907 0.9853511 -0.113834
vn -0.1055635 0.9675893 0.2293161
vn -0.1055635 0.9876706 0.115421
vn -0.1055635 0.9344157 0.3400983
vn -0.1055635 0.888638 0.4462721
vn -0.1055635 0.8308054 0.5464034
vn -0.1055635 0.761742 0.6391797
vn -0.1055635 0.6823939 0.7232887
vn -0.1055635 0.5937986 0.7976318
vn -0.1055635 0.4972075 0.8611713
vn -0.1055635 0.3938413 0.9130833
vn -0.1055635 0.2851955 0.9526048
vn -0.1055635 0.1726737 0.9792779
vn -0.1055635 0.05780202 0.9927061
vn -0.1055635 -0.05780202 0.9927061
vn -0.1055635 -0.1726432 0.9792779
vn -0.1055635 -0.2851955 0.9526048
vn -0.1055635 -0.3938413 0.9130527
vn -0.1055635 -0.497177 0.8611713
vn -0.1055635 -0.5937986 0.7976318
vn -0.1055635 -0.6823939 0.7232887
vn -0.1055635 -0.761742 0.6391797
vn -0.1055635 -0.8308054 0.5464034
vn -0.1055635 -0.888638 0.4462721
vn -0.1055635 -0.9344157 0.3400983
vn -0.1055635 -0.9675893 0.2293161
vn -0.1055635 -0.9876706 0.1154515
vn -0.1055635 -0.9943846 0
vn -0.1055635 -0.9876706 -0.115421
vn -0.1055635 -0.9675893 -0.2293161
vn -0.1055635 -0.9344157 -0.3400983
vn -0.1055635 -0.8886075 -0.4462721
vn -0.1055635 -0.8308054 -0.5464034
vn -0.1055635 -0.761742 -0.6391797
vn -0.1055635 -0.6823939 -0.7232887
vn -0.1055635 -0.5937986 -0.7976318
vn -0.1055635 -0.497177 -0.8611713
vn -0.1055635 -0.3938413 -0.9130527
vn -0.1055635 -0.2851955 -0.9526048
vn -0.1055635 -0.1726737 -0.9792779
vn -0.1055635 -0.05780202 -0.9927061
vn -0.1055635 0.05780202 -0.9927061
vn -0.1055635 0.1726432 -0.9792779
vn -0.1055635 0.2851955 -0.9526048
vn -0.1055635 0.3938413 -0.9130527
vn -0.1055635 0.497177 -0.8611713
vn -0.1055635 0.5937986 -0.7976318
vn -0.1055635 0.6823939 -0.7232887
vn -0.1055635 0.761742 -0.6391797
vn -0.1055635 0.8308054 -0.5464034
vn -0.1055635 0.8886075 -0.4462721
vn -0.1055635 0.9344157 -0.3400983
vn -0.1055635 0.9675893 -0.2293161
vn -0.1055635 0.9876706 -0.115421
vn -0.1055635 0.9943846 0
vn -0.1843013 0.9761956 -0.1140782
vn -0.1843318 0.9563586 -0.2266609
vn -0.1843318 0.9235817 -0.3361309
vn -0.1843013 0.8782922 -0.4411146
vn -0.1843013 0.8211615 -0.5400861
vn -0.1843013 0.7529221 -0.6317636
vn -0.1843013 0.674459 -0.7148961
vn -0.1843013 0.5869014 -0.7883542
vn -0.1843013 0.4914395 -0.8511613
vn -0.1843013 0.3892636 -0.9024628
vn -0.1843013 0.2818689 -0.9415571
vn -0.1843013 0.1706595 -0.9679251
vn -0.1843013 0.05713063 -0.9812006
vn -0.1843013 -0.05713063 -0.9812006
vn -0.1843013 -0.1706595 -0.9679251
vn -0.1843013 -0.2818689 -0.9415571
vn -0.1843013 -0.3892636 -0.9024628
vn -0.1843013 -0.4914395 -0.8511613
vn -0.1843013 -0.5869014 -0.7883542
vn -0.1843013 -0.674459 -0.7148961
vn -0.1843013 -0.7529221 -0.6317636
vn -0.1843318 -0.8211615 -0.5400861
vn -0.1843013 -0.8782922 -0.441084
vn -0.1843318 -0.9235817 -0.3361309
vn -0.1843318 -0.9563586 -0.2266609
vn -0.1843013 -0.9761956 -0.1140782
vn -0.1843013 -0.9828486 0
vn -0.1843013 -0.9761956 0.1141087
vn -0.1843013 -0.9563586 0.2266609
vn -0.1843318 -0.9235817 0.3361309
vn -0.1843318 -0.8782922 0.441084
vn -0.1843013 -0.8211615 0.5400861
vn -0.1843318 -0.7529221 0.6317636
vn -0.1843013 -0.674459 0.7148961
vn -0.1843013 -0.5869014 0.7883542
vn -0.1843318 -0.491409 0.8511613
vn -0.1843318 -0.3892636 0.9024628
vn -0.1843318 -0.2818689 0.9415571
vn -0.1843318 -0.1706595 0.9679251
vn -0.1843318 -0.05713063 0.9811701
vn -0.1843013 0.05713063 0.9812006
vn -0.1843013 0.1706595 0.9679251
vn -0.1843013 0.2818689 0.9415571
vn -0.1843318 0.3892636 0.9024628
vn -0.1843318 0.491409 0.8511613
vn -0.1843318 0.5869014 0.7883542
vn -0.1843013 0.674459 0.7148961
vn -0.1843013 0.7528916 0.6317636
vn -0.1843013 0.8211615 0.540025
vn -0.1843318 0.8782922 0.441084
vn -0.1843318 0.9235817 0.3361309
vn -0.1843318 0.9563586 0.2266609
vn -0.1843013 0.9761956 0.1141087
vn -0.1843013 0.9828486 0
vn -0.1384624 0.8274179 -0.5441756
vn -0.1384624 0.7586596 -0.6365856
vn -0.1383709 0.6796167 -0.7203589
vn -0.1383709 0.5913877 -0.7943968
vn -0.1383404 0.05755788 -0.9886776
vn -0.1383404 -0.05755788 -0.9886776
vn -0.1383709 -0.6796167 -0.7203589
vn -0.1384624 -0.7586596 -0.6365856
vn -0.138493 -0.8274179 -0.5442061
vn -0.1382793 -0.8850368 -0.4444715
vn -0.1383404 -0.9306314 -0.3387249
vn -0.1383098 -0.963683 -0.22837
vn -0.1384624 -0.9836421 -0.1149632
vn -0.1384624 -0.9903562 0
vn -0.138493 -0.9836421 0.1149632
vn -0.1383709 -0.963683 0.22837
vn -0.1384014 -0.9306314 0.3386944
vn -0.1382793 -0.8850368 0.4445021
vn -0.1384624 -0.8274179 0.5441756
vn -0.1383098 -0.7586596 0.6365856
vn -0.1383404 -0.6796167 0.7203589
vn -0.1383709 -0.5913877 0.7943968
vn -0.1383098 -0.4951628 0.8576922
vn -0.1383098 -0.3922544 0.9093906
vn -0.1382183 -0.2840358 0.94879
vn -0.1382183 -0.1719717 0.975341
vn -0.1383404 -0.05755788 0.9886776
vn -0.1383404 0.05755788 0.9886776
vn -0.1382488 0.1719717 0.975341
vn -0.1382183 0.2840358 0.94879
vn -0.1383098 0.3922544 0.9093906
vn -0.1383098 0.4951933 0.8576922
vn -0.1383709 0.5913877 0.7943968
vn -0.1383709 0.6796167 0.7203589
vn -0.1383098 0.7586596 0.6365856
vn -0.1384014 0.9306314 0.3387249
vn -0.138493 0.9836421 0.1149632
vn -0.1384624 0.9903562 0
f 1//1 2//2 3//3
f 4//4 5//5 6//6
f 7//7 8//8 9//9
f 10//10 11//11 12//12
f 13//13 14//14 15//15
f 16//16 17//17 18//18
f 19//19 20//20 21//21
f 22//22 23//23 24//24
f 25//25 26//26 27//27
f 28//28 29//29 30//30
f 31//31 32//32 33//33
f 34//34 35//35 36//36
f 37//37 38//38 39//39
f 40//40 41//41 42//42
f 43//43 44//44 45//45
f 46//46 47//47 48//48
f 49//49 50//50 51//51
f 52//52 53//53 54//54
f 55//55 56//56 57//57
f 58//58 59//59 60//60
f 61//61 62//62 63//63
f 64//64 65//65 66//66
f 67//67 68//68 69//69
f 70//70 71//71 72//72
f 73//73 74//74 75//75
f 76//76 77//77 78//78
f 79//79 80//80 81//81
f 82//82 83//83 84//84
f 85//85 86//86 87//87
f 88//88 89//89 90//90
f 91//91 92//92 93//93
f 94//94 95//95 96//96
f 97//97 98//98 27//27
f 99//99 100//100 95//95
f 98//98 97//97 99//99
f 96//96 95//95 101//101
f 89//89 91//91 90//90
f 90//90 91//91 93//93
f 90//90 93//93 102//102
f 102//102 93//93 103//103
f 102//102 103//103 99//99
f 86//86 88//88 87//87
f 87//87 88//88 90//90
f 87//87 90//90 104//104
f 104//104 90//90 102//102
f 104//104 102//102 99//99
f 80//80 82//82 81//81
f 81//81 82//82 84//84
f 81//81 84//84 105//105
f 105//105 84//84 106//106
f 105//105 106//106 99//99
f 77//77 79//79 78//78
f 78//78 79//79 81//81
f 78//78 81//81 107//107
f 107//107 81//81 105//105
f 107//107 105//105 99//99
f 74//74 76//76 75//75
f 75//75 76//76 78//78
f 75//75 78//78 108//108
f 108//108 78//78 107//107
f 108//108 107//107 99//99
f 71//71 73//73 72//72
f 72//72 73//73 75//75
f 72//72 75//75 109//109
f 109//109 75//75 108//108
f 109//109 108//108 99//99
f 68//68 70//70 69//69
f 69//69 70//70 72//72
f 69//69 72//72 110//110
f 110//110 72//72 109//109
f 110//110 109//109 99//99
f 65//65 67//67 66//66
f 66//66 67//67 69//69
f 66//66 69//69 111//111
f 111//111 69//69 110//110
f 111//111 110//110 99//99
f 63//63 64//64 66//66
f 63//63 66//66 112//112
f 112//112 66//66 111//111
f 112//112 111//111 99//99
f 59//59 61//61 60//60
f 60//60 61//61 63//63
f 60//60 63//63 113//113
f 113//113 63//63 112//112
f 113//113 112//112 99//99
f 56//56 58//58 57//57
f 57//57 58//58 60//60
f 57//57 60//60 114//114
f 114//114 60//60 113//113
f 114//114 113//113 99//99
f 53//53 55//55 54//54
f 54//54 55//55 57//57
f 54//54 57//57 115//115
f 115//115 57//57 114//114
f 115//115 114//114 99//99
f 50//50 52//52 51//51
f 51//51 52//52 54//54
f 51//51 54//54 116//116
f 116//116 54//54 115//115
f 116//116 115//115 99//99
f 47//47 49//49 48//48
f 48//48 49//49 51//51
f 48//48 51//51 117//117
f 117//117 51//51 116//116
f 117//117 116//116 99//99
f 44//44 46//46 45//45
f 45//45 46//46 48//48
f 45//45 48//48 118//118
f 118//118 48//48 117//117
f 118//118 117//117 99//99
f 41//41 43//43 42//42
f 42//42 43//43 45//45
f 42//42 45//45 119//119
f 119//119 45//45 118//118
f 119//119 118//118 99//99
f 39//39 40//40 42//42
f 39//39 42//42 120//120
f 120//120 42//42 119//119
f 120//120 119//119 99//99
f 35//35 37//37 36//36
f 36//36 37//37 39//39
f 36//36 39//39 121//121
f 121//121 39//39 120//120
f 121//121 120//120 99//99
f 32//32 34//34 33//33
f 33//33 34//34 36//36
f 33//33 36//36 122//122
f 122//122 36//36 121//121
f 122//122 121//121 99//99
f 29//29 31//31 30//30
f 30//30 31//31 33//33
f 30//30 33//33 123//123
f 123//123 33//33 122//122
f 123//123 122//122 99//99
f 26//26 28//28 27//27
f 27//27 28//28 30//30
f 27//27 30//30 97//97
f 97//97 30//30 123//123
f 97//97 123//123 99//99
f 124//124 125//125 25//25
f 94//94 96//96 124//124
f 124//124 96//96 126//126
f 124//124 126//126 125//125
f 127//127 128//128 101//101
f 101//101 128//128 129//129
f 101//101 129//129 96//96
f 96//96 129//129 130//130
f 96//96 130//130 126//126
f 95//95 100//100 101//101
f 101//101 100//100 131//131
f 101//101 131//131 127//127
f 94//94 99//99 95//95
f 25//25 27//27 124//124
f 124//124 27//27 98//98
f 124//124 98//98 94//94
f 94//94 98//98 99//99
f 132//132 133//133 131//131
f 131//131 134//134 127//127
f 23//23 132//132 24//24
f 24//24 132//132 131//131
f 24//24 131//131 135//135
f 135//135 131//131 100//100
f 135//135 100//100 99//99
f 20//20 22//22 21//21
f 21//21 22//22 24//24
f 21//21 24//24 136//136
f 136//136 24//24 135//135
f 136//136 135//135 99//99
f 17//17 19//19 18//18
f 18//18 19//19 21//21
f 18//18 21//21 137//137
f 137//137 21//21 136//136
f 137//137 136//136 99//99
f 14//14 16//16 15//15
f 15//15 16//16 18//18
f 15//15 18//18 138//138
f 138//138 18//18 137//137
f 138//138 137//137 99//99
f 11//11 13//13 12//12
f 12//12 13//13 15//15
f 12//12 15//15 139//139
f 139//139 15//15 138//138
f 139//139 138//138 99//99
f 8//8 10//10 9//9
f 9//9 10//10 12//12
f 9//9 12//12 140//140
f 140//140 12//12 139//139
f 140//140 139//139 99//99
f 5//5 7//7 6//6
f 6//6 7//7 9//9
f 6//6 9//9 141//141
f 141//141 9//9 140//140
f 141//141 140//140 99//99
f 2//2 4//4 3//3
f 3//3 4//4 6//6
f 3//3 6//6 142//142
f 142//142 6//6 141//141
f 142//142 141//141 99//99
f 92//92 1//1 93//93
f 93//93 1//1 3//3
f 93//93 3//3 103//103
f 103//103 3//3 142//142
f 103//103 142//142 99//99
f 83//83 85//85 84//84
f 84//84 85//85 87//87
f 84//84 87//87 106//106
f 106//106 87//87 104//104
f 106//106 104//104 99//99
f 143//143 144//144 145//145
f 146//146 147//147 148//148
f 149//149 150//150 151//151
f 152//152 153//153 154//154
f 155//155 156//156 157//157
f 157//157 156//156 158//158
f 157//157 158//158 159//159
f 160//160 161//161 162//162
f 160//160 162//162 163//163
f 163//163 162//162 164//164
f 163//163 164//164 165//165
f 165//165 166//166 163//163
f 163//163 167//167 158//158
f 158//158 167//167 168//168
f 158//158 168//168 169//169
f 170//170 171//171 172//172
f 173//173 174//174 175//175
f 175//175 174//174 176//176
f 175//175 176//176 177//177
f 177//177 176//176 178//178
f 177//177 178//178 179//179
f 173//173 175//175 180//180
f 180//180 175//175 181//181
f 180//180 181//181 182//182
f 153//153 183//183 154//154
f 154//154 183//183 184//184
f 154//154 184//184 181//181
f 181//181 184//184 185//185
f 181//181 185//185 182//182
f 186//186 187//187 188//188
f 188//188 187//187 189//189
f 190//190 189//189 191//191
f 186//186 192//192 187//187
f 187//187 193//193 154//154
f 154//154 193//193 194//194
f 154//154 194//194 152//152
f 195//195 196//196 197//197
f 197//197 196//196 198//198
f 197//197 198//198 199//199
f 199//199 198//198 200//200
f 199//199 200//200 201//201
f 202//202 203//203 204//204
f 205//205 206//206 207//207
f 207//207 206//206 208//208
f 207//207 208//208 204//204
f 204//204 208//208 209//209
f 204//204 209//209 202//202
f 210//210 211//211 212//212
f 212//212 211//211 213//213
f 212//212 213//213 207//207
f 207//207 213//213 214//214
f 207//207 214//214 205//205
f 215//215 216//216 217//217
f 217//217 216//216 218//218
f 217//217 218//218 212//212
f 212//212 218//218 219//219
f 212//212 219//219 210//210
f 146//146 220//220 221//221
f 221//221 220//220 222//222
f 221//221 222//222 151//151
f 151//151 222//222 223//223
f 151//151 223//223 149//149
f 224//224 225//225 226//226
f 226//226 225//225 147//147
f 147//147 225//225 227//227
f 144//144 228//228 145//145
f 145//145 228//228 229//229
f 145//145 229//229 226//226
f 226//226 229//229 230//230
f 226//226 230//230 224//224
f 143//143 145//145 231//231
f 231//231 145//145 232//232
f 231//231 232//232 233//233
f 234//234 235//235 232//232
f 232//232 235//235 236//236
f 232//232 236//236 233//233
f 237//237 238//238 234//234
f 238//238 239//239 234//234
f 234//234 239//239 240//240
f 234//234 240//240 235//235
f 241//241 242//242 243//243
f 243//243 242//242 244//244
f 243//243 244//244 245//245
f 245//245 244//244 246//246
f 247//247 248//248 249//249
f 247//247 249//249 250//250
f 250//250 249//249 251//251
f 156//156 252//252 253//253
f 156//156 253//253 249//249
f 249//249 253//253 254//254
f 255//255 256//256 257//257
f 257//257 256//256 258//258
f 259//259 260//260 261//261
f 261//261 260//260 262//262
f 261//261 262//262 255//255
f 255//255 262//262 263//263
f 255//255 263//263 256//256
f 264//264 265//265 266//266
f 267//267 264//264 268//268
f 268//268 264//264 269//269
f 268//268 269//269 270//270
f 270//270 269//269 271//271
f 272//272 273//273 274//274
f 274//274 273//273 275//275
f 274//274 275//275 271//271
f 271//271 275//275 276//276
f 271//271 276//276 277//277
f 272//272 274//274 278//278
f 278//278 274//274 279//279
f 278//278 279//279 280//280
f 281//281 282//282 283//283
f 283//283 282//282 284//284
f 285//285 286//286 287//287
f 287//287 288//288 289//289
f 289//289 288//288 290//290
f 289//289 290//290 283//283
f 283//283 290//290 291//291
f 285//285 287//287 292//292
f 292//292 287//287 293//293
f 292//292 293//293 294//294
f 295//295 296//296 297//297
f 297//297 298//298 299//299
f 299//299 300//300 297//297
f 297//297 301//301 302//302
f 302//302 301//301 303//303
f 302//302 303//303 293//293
f 293//293 303//303 304//304
f 295//295 305//305 306//306
f 306//306 305//305 307//307
f 306//306 307//307 308//308
f 309//309 310//310 311//311
f 309//309 311//311 307//307
f 307//307 311//311 312//312
f 307//307 312//312 308//308
f 313//313 314//314 315//315
f 315//315 314//314 316//316
f 315//315 316//316 309//309
f 309//309 316//316 317//317
f 318//318 319//319 313//313
f 313//313 319//319 320//320
f 313//313 320//320 314//314
f 258//258 321//321 257//257
f 257//257 321//321 322//322
f 257//257 322//322 323//323
f 323//323 322//322 324//324
f 204//204 302//302 207//207
f 207//207 302//302 293//293
f 207//207 293//293 212//212
f 212//212 293//293 287//287
f 212//212 287//287 217//217
f 217//217 287//287 289//289
f 280//280 279//279 283//283
f 283//283 279//279 221//221
f 283//283 221//221 289//289
f 289//289 221//221 151//151
f 289//289 151//151 217//217
f 217//217 151//151 150//150
f 217//217 150//150 215//215
f 295//295 297//297 305//305
f 305//305 297//297 302//302
f 305//305 302//302 199//199
f 199//199 302//302 204//204
f 199//199 204//204 197//197
f 197//197 204//204 203//203
f 197//197 203//203 195//195
f 146//146 221//221 147//147
f 147//147 221//221 279//279
f 147//147 279//279 226//226
f 226//226 279//279 274//274
f 226//226 274//274 145//145
f 145//145 274//274 271//271
f 145//145 271//271 232//232
f 232//232 271//271 269//269
f 232//232 269//269 234//234
f 266//266 259//259 264//264
f 264//264 259//259 261//261
f 264//264 261//261 269//269
f 269//269 261//261 243//243
f 269//269 243//243 234//234
f 234//234 243//243 245//245
f 234//234 245//245 237//237
f 237//237 245//245 325//325
f 315//315 172//172 313//313
f 313//313 172//172 323//323
f 313//313 323//323 326//326
f 326//326 323//323 324//324
f 170//170 172//172 177//177
f 177//177 172//172 315//315
f 177//177 315//315 175//175
f 175//175 315//315 309//309
f 175//175 309//309 181//181
f 181//181 309//309 307//307
f 181//181 307//307 154//154
f 154//154 307//307 305//305
f 154//154 305//305 187//187
f 187//187 305//305 199//199
f 187//187 199//199 189//189
f 189//189 199//199 201//201
f 171//171 327//327 172//172
f 172//172 327//327 160//160
f 172//172 160//160 323//323
f 323//323 160//160 163//163
f 323//323 163//163 257//257
f 257//257 163//163 158//158
f 257//257 158//158 255//255
f 255//255 158//158 156//156
f 255//255 156//156 261//261
f 261//261 156//156 249//249
f 261//261 249//249 243//243
f 243//243 249//249 248//248
f 243//243 248//248 241//241
f 241//241 248//248 328//328
f 329//329 330//330 331//331
f 329//329 331//331 332//332
f 332//332 331//331 333//333
f 334//334 335//335 336//336
f 335//335 337//337 336//336
f 336//336 337//337 338//338
f 339//339 338//338 340//340
f 339//339 340//340 341//341
f 341//341 340//340 342//342
f 343//343 344//344 345//345
f 343//343 345//345 346//346
f 346//346 345//345 347//347
f 348//348 347//347 349//349
f 348//348 349//349 350//350
f 350//350 349//349 351//351
f 350//350 351//351 352//352
f 351//351 353//353 352//352
f 352//352 353//353 354//354
f 352//352 354//354 355//355
f 355//355 354//354 356//356
f 355//355 356//356 357//357
f 357//357 356//356 358//358
f 357//357 358//358 359//359
f 359//359 358//358 360//360
f 359//359 360//360 361//361
f 360//360 362//362 361//361
f 361//361 362//362 363//363
f 361//361 363//363 364//364
f 364//364 363//363 365//365
f 364//364 365//365 366//366
f 366//366 365//365 367//367
f 366//366 367//367 368//368
f 368//368 367//367 369//369
f 368//368 369//369 370//370
f 369//369 371//371 370//370
f 370//370 371//371 372//372
f 370//370 372//372 373//373
f 373//373 372//372 374//374
f 373//373 374//374 375//375
f 375//375 374//374 376//376
f 375//375 376//376 377//377
f 377//377 376//376 378//378
f 377//377 378//378 379//379
f 378//378 380//380 379//379
f 379//379 380//380 381//381
f 379//379 381//381 382//382
f 382//382 381//381 383//383
f 382//382 383//383 384//384
f 384//384 383//383 385//385
f 384//384 385//385 386//386
f 386//386 385//385 387//387
f 386//386 387//387 388//388
f 387//387 389//389 388//388
f 388//388 389//389 390//390
f 388//388 390//390 391//391
f 391//391 392//392 393//393
f 393//393 392//392 394//394
f 393//393 394//394 395//395
f 395//395 394//394 396//396
f 395//395 396//396 397//397
f 396//396 398//398 397//397
f 397//397 398//398 399//399
f 397//397 399//399 400//400
f 400//400 401//401 402//402
f 402//402 401//401 403//403
f 402//402 403//403 404//404
f 404//404 403//403 405//405
f 404//404 405//405 406//406
f 406//406 405//405 407//407
f 406//406 407//407 408//408
f 408//408 407//407 409//409
f 408//408 409//409 410//410
f 410//410 409//409 411//411
f 410//410 411//411 412//412
f 412//412 411//411 413//413
f 412//412 413//413 414//414
f 414//414 413//413 415//415
f 414//414 415//415 416//416
f 415//415 417//417 416//416
f 416//416 418//418 419//419
f 419//419 418//418 420//420
f 419//419 420//420 421//421
f 421//421 420//420 422//422
f 421//421 422//422 423//423
f 423//423 422//422 424//424
f 423//423 424//424 425//425
f 424//424 426//426 425//425
f 425//425 427//427 428//428
f 428//428 427//427 429//429
f 428//428 429//429 430//430
f 430//430 429//429 431//431
f 430//430 431//431 432//432
f 432//432 431//431 433//433
f 432//432 433//433 434//434
f 433//433 435//435 434//434
f 434//434 436//436 437//437
f 437//437 436//436 438//438
f 437//437 438//438 439//439
f 439//439 438//438 440//440
f 439//439 440//440 441//441
f 441//441 440//440 442//442
f 441//441 442//442 443//443
f 442//442 444//444 443//443
f 443//443 445//445 446//446
f 446//446 445//445 447//447
f 446//446 447//447 448//448
f 448//448 447//447 449//449
f 448//448 449//449 450//450
f 450//450 449//449 451//451
f 450//450 451//451 452//452
f 451//451 453//453 452//452
f 452//452 453//453 454//454
f 452//452 454//454 455//455
f 455//455 454//454 456//456
f 455//455 456//456 457//457
f 457//457 456//456 458//458
f 457//457 458//458 459//459
f 458//458 460//460 459//459
f 459//459 460//460 461//461
f 459//459 461//461 462//462
f 462//462 461//461 463//463
f 462//462 463//463 464//464
f 464//464 463//463 465//465
f 464//464 465//465 466//466
f 466//466 465//465 467//467
f 466//466 467//467 468//468
f 467//467 469//469 468//468
f 468//468 469//469 470//470
f 468//468 470//470 471//471
f 471//471 470//470 472//472
f 471//471 472//472 473//473
f 473//473 472//472 474//474
f 473//473 474//474 475//475
f 475//475 476//476 477//477
f 476//476 478//478 477//477
f 477//477 478//478 479//479
f 480//480 479//479 481//481
f 480//480 481//481 482//482
f 482//482 481//481 483//483
f 484//484 485//485 329//329
f 329//329 485//485 486//486
f 329//329 486//486 330//330
f 487//487 488//488 489//489
f 490//490 491//491 492//492
f 493//493 494//494 495//495
f 496//496 497//497 498//498
f 499//499 500//500 501//501
f 502//502 503//503 504//504
f 505//505 506//506 507//507
f 508//508 509//509 510//510
f 511//511 512//512 513//513
f 514//514 515//515 516//516
f 417//417 415//415 514//514
f 420//420 418//418 517//517
f 429//429 427//427 518//518
f 438//438 436//436 519//519
f 447//447 445//445 520//520
f 453//453 451//451 521//521
f 458//458 456//456 522//522
f 461//461 460//460 523//523
f 467//467 465//465 524//524
f 338//338 337//337 525//525
f 342//342 340//340 526//526
f 347//347 345//345 527//527
f 351//351 349//349 528//528
f 356//356 354//354 529//529
f 360//360 358//358 530//530
f 365//365 363//363 531//531
f 369//369 367//367 532//532
f 374//374 372//372 533//533
f 378//378 376//376 534//534
f 409//409 407//407 535//535
f 535//535 407//407 405//405
f 405//405 403//403 536//536
f 536//536 403//403 401//401
f 399//399 398//398 537//537
f 537//537 398//398 396//396
f 396//396 394//394 538//538
f 538//538 394//394 392//392
f 390//390 389//389 539//539
f 539//539 389//389 387//387
f 387//387 385//385 540//540
f 540//540 385//385 383//383
f 381//381 380//380 541//541
f 541//541 380//380 378//378
f 374//374 533//533 376//376
f 372//372 371//371 542//542
f 542//542 371//371 369//369
f 365//365 531//531 367//367
f 363//363 362//362 543//543
f 356//356 529//529 358//358
f 354//354 353//353 544//544
f 347//347 527//527 349//349
f 345//345 344//344 545//545
f 338//338 525//525 340//340
f 337//337 335//335 546//546
f 333//333 331//331 547//547
f 547//547 331//331 330//330
f 330//330 486//486 548//548
f 548//548 486//486 485//485
f 483//483 481//481 549//549
f 549//549 481//481 479//479
f 479//479 478//478 550//550
f 550//550 478//478 476//476
f 474//474 472//472 551//551
f 551//551 472//472 470//470
f 470//470 469//469 552//552
f 552//552 469//469 467//467
f 465//465 463//463 553//553
f 553//553 463//463 461//461
f 458//458 522//522 460//460
f 456//456 454//454 554//554
f 554//554 454//454 453//453
f 451//451 449//449 555//555
f 442//442 440//440 556//556
f 433//433 431//431 557//557
f 424//424 422//422 558//558
f 514//514 415//415 515//515
f 515//515 413//413 411//411
f 559//559 516//516 560//560
f 560//560 516//516 515//515
f 560//560 515//515 561//561
f 561//561 515//515 411//411
f 561//561 411//411 409//409
f 562//562 563//563 564//564
f 409//409 535//535 561//561
f 561//561 535//535 565//565
f 561//561 565//565 560//560
f 560//560 565//565 566//566
f 560//560 566//566 559//559
f 559//559 566//566 567//567
f 559//559 567//567 568//568
f 405//405 536//536 535//535
f 535//535 536//536 569//569
f 535//535 569//569 565//565
f 565//565 569//569 570//570
f 565//565 570//570 566//566
f 566//566 570//570 571//571
f 566//566 571//571 572//572
f 401//401 573//573 536//536
f 536//536 573//573 574//574
f 536//536 574//574 569//569
f 569//569 574//574 575//575
f 569//569 575//575 570//570
f 570//570 575//575 576//576
f 570//570 576//576 577//577
f 399//399 537//537 573//573
f 573//573 537//537 578//578
f 573//573 578//578 574//574
f 574//574 578//578 579//579
f 574//574 579//579 575//575
f 575//575 579//579 580//580
f 575//575 580//580 581//581
f 396//396 538//538 537//537
f 537//537 538//538 582//582
f 537//537 582//582 578//578
f 578//578 582//582 583//583
f 578//578 583//583 579//579
f 579//579 583//583 584//584
f 579//579 584//584 585//585
f 392//392 586//586 538//538
f 538//538 586//586 587//587
f 538//538 587//587 582//582
f 582//582 587//587 588//588
f 582//582 588//588 583//583
f 583//583 588//588 589//589
f 583//583 589//589 590//590
f 390//390 539//539 586//586
f 586//586 539//539 591//591
f 586//586 591//591 587//587
f 587//587 591//591 592//592
f 587//587 592//592 588//588
f 588//588 592//592 593//593
f 588//588 593//593 594//594
f 387//387 540//540 539//539
f 539//539 540//540 595//595
f 539//539 595//595 591//591
f 591//591 595//595 596//596
f 591//591 596//596 592//592
f 592//592 596//596 597//597
f 592//592 597//597 598//598
f 383//383 599//599 540//540
f 540//540 599//599 600//600
f 540//540 600//600 595//595
f 595//595 600//600 601//601
f 595//595 601//601 596//596
f 596//596 601//601 602//602
f 596//596 602//602 603//603
f 604//604 605//605 606//606
f 381//381 541//541 599//599
f 599//599 541//541 607//607
f 599//599 607//607 600//600
f 600//600 607//607 604//604
f 600//600 604//604 601//601
f 601//601 604//604 606//606
f 601//601 606//606 608//608
f 609//609 610//610 611//611
f 378//378 534//534 541//541
f 541//541 534//534 612//612
f 541//541 612//612 607//607
f 607//607 612//612 609//609
f 607//607 609//609 604//604
f 604//604 609//609 611//611
f 604//604 611//611 605//605
f 613//613 614//614 615//615
f 376//376 533//533 534//534
f 534//534 533//533 616//616
f 534//534 616//616 612//612
f 612//612 616//616 613//613
f 612//612 613//613 609//609
f 609//609 613//613 615//615
f 609//609 615//615 610//610
f 372//372 542//542 533//533
f 533//533 542//542 617//617
f 533//533 617//617 616//616
f 616//616 617//617 618//618
f 616//616 618//618 613//613
f 613//613 618//618 619//619
f 613//613 619//619 614//614
f 369//369 532//532 542//542
f 542//542 532//532 620//620
f 542//542 620//620 617//617
f 617//617 620//620 621//621
f 617//617 621//621 618//618
f 618//618 621//621 622//622
f 618//618 622//622 623//623
f 624//624 625//625 626//626
f 367//367 531//531 532//532
f 532//532 531//531 627//627
f 532//532 627//627 620//620
f 620//620 627//627 624//624
f 620//620 624//624 621//621
f 621//621 624//624 626//626
f 621//621 626//626 628//628
f 629//629 630//630 631//631
f 363//363 543//543 531//531
f 531//531 543//543 632//632
f 531//531 632//632 627//627
f 627//627 632//632 629//629
f 627//627 629//629 624//624
f 624//624 629//629 631//631
f 624//624 631//631 625//625
f 633//633 634//634 635//635
f 360//360 530//530 543//543
f 543//543 530//530 636//636
f 543//543 636//636 632//632
f 632//632 636//636 633//633
f 632//632 633//633 629//629
f 629//629 633//633 635//635
f 629//629 635//635 630//630
f 637//637 638//638 639//639
f 358//358 529//529 530//530
f 530//530 529//529 640//640
f 530//530 640//640 636//636
f 636//636 640//640 637//637
f 636//636 637//637 633//633
f 633//633 637//637 639//639
f 633//633 639//639 634//634
f 641//641 642//642 643//643
f 354//354 544//544 529//529
f 529//529 544//544 644//644
f 529//529 644//644 640//640
f 640//640 644//644 641//641
f 640//640 641//641 637//637
f 637//637 641//641 643//643
f 637//637 643//643 638//638
f 645//645 646//646 647//647
f 351//351 528//528 544//544
f 544//544 528//528 648//648
f 544//544 648//648 644//644
f 644//644 648//648 645//645
f 644//644 645//645 641//641
f 641//641 645//645 647//647
f 641//641 647//647 642//642
f 649//649 650//650 651//651
f 349//349 527//527 528//528
f 528//528 527//527 652//652
f 528//528 652//652 648//648
f 648//648 652//652 649//649
f 648//648 649//649 645//645
f 645//645 649//649 651//651
f 645//645 651//651 646//646
f 653//653 654//654 655//655
f 345//345 545//545 527//527
f 527//527 545//545 656//656
f 527//527 656//656 652//652
f 652//652 656//656 653//653
f 652//652 653//653 649//649
f 649//649 653//653 655//655
f 649//649 655//655 650//650
f 657//657 658//658 659//659
f 342//342 526//526 545//545
f 545//545 526//526 660//660
f 545//545 660//660 656//656
f 656//656 660//660 657//657
f 656//656 657//657 653//653
f 653//653 657//657 659//659
f 653//653 659//659 654//654
f 661//661 662//662 663//663
f 340//340 525//525 526//526
f 526//526 525//525 664//664
f 526//526 664//664 660//660
f 660//660 664//664 661//661
f 660//660 661//661 657//657
f 657//657 661//661 663//663
f 657//657 663//663 658//658
f 665//665 666//666 667//667
f 337//337 546//546 525//525
f 525//525 546//546 668//668
f 525//525 668//668 664//664
f 664//664 668//668 665//665
f 664//664 665//665 661//661
f 661//661 665//665 667//667
f 661//661 667//667 662//662
f 669//669 670//670 671//671
f 333//333 547//547 546//546
f 546//546 547//547 672//672
f 546//546 672//672 668//668
f 668//668 672//672 669//669
f 668//668 669//669 665//665
f 665//665 669//669 671//671
f 665//665 671//671 666//666
f 673//673 674//674 675//675
f 675//675 674//674 676//676
f 330//330 548//548 547//547
f 547//547 548//548 677//677
f 547//547 677//677 672//672
f 672//672 677//677 675//675
f 672//672 675//675 669//669
f 669//669 675//675 676//676
f 669//669 676//676 670//670
f 485//485 678//678 548//548
f 548//548 678//678 679//679
f 548//548 679//679 677//677
f 677//677 679//679 513//513
f 677//677 513//513 675//675
f 675//675 513//513 512//512
f 675//675 512//512 673//673
f 483//483 549//549 678//678
f 678//678 549//549 680//680
f 678//678 680//680 679//679
f 679//679 680//680 510//510
f 679//679 510//510 513//513
f 513//513 510//510 509//509
f 513//513 509//509 511//511
f 479//479 550//550 549//549
f 549//549 550//550 681//681
f 549//549 681//681 680//680
f 680//680 681//681 507//507
f 680//680 507//507 510//510
f 510//510 507//507 506//506
f 510//510 506//506 508//508
f 476//476 682//682 550//550
f 550//550 682//682 683//683
f 550//550 683//683 681//681
f 681//681 683//683 504//504
f 681//681 504//504 507//507
f 507//507 504//504 503//503
f 507//507 503//503 505//505
f 474//474 551//551 682//682
f 682//682 551//551 684//684
f 682//682 684//684 683//683
f 683//683 684//684 501//501
f 683//683 501//501 504//504
f 504//504 501//501 500//500
f 504//504 500//500 502//502
f 470//470 552//552 551//551
f 551//551 552//552 685//685
f 551//551 685//685 684//684
f 684//684 685//685 686//686
f 684//684 686//686 501//501
f 501//501 686//686 687//687
f 501//501 687//687 499//499
f 467//467 524//524 552//552
f 552//552 524//524 688//688
f 552//552 688//688 685//685
f 685//685 688//688 498//498
f 685//685 498//498 686//686
f 686//686 498//498 497//497
f 686//686 497//497 689//689
f 465//465 553//553 524//524
f 524//524 553//553 690//690
f 524//524 690//690 688//688
f 688//688 690//690 691//691
f 688//688 691//691 498//498
f 498//498 691//691 692//692
f 498//498 692//692 496//496
f 461//461 523//523 553//553
f 553//553 523//523 693//693
f 553//553 693//693 690//690
f 690//690 693//693 495//495
f 690//690 495//495 691//691
f 691//691 495//495 494//494
f 691//691 494//494 694//694
f 460//460 522//522 523//523
f 523//523 522//522 695//695
f 523//523 695//695 693//693
f 693//693 695//695 696//696
f 693//693 696//696 495//495
f 495//495 696//696 697//697
f 495//495 697//697 493//493
f 456//456 554//554 522//522
f 522//522 554//554 698//698
f 522//522 698//698 695//695
f 695//695 698//698 699//699
f 695//695 699//699 696//696
f 696//696 699//699 700//700
f 696//696 700//700 701//701
f 453//453 521//521 554//554
f 554//554 521//521 702//702
f 554//554 702//702 698//698
f 698//698 702//702 492//492
f 698//698 492//492 699//699
f 699//699 492//492 491//491
f 699//699 491//491 703//703
f 451//451 555//555 521//521
f 521//521 555//555 704//704
f 521//521 704//704 702//702
f 702//702 704//704 489//489
f 702//702 489//489 492//492
f 492//492 489//489 488//488
f 492//492 488//488 490//490
f 555//555 564//564 704//704
f 704//704 564//564 563//563
f 704//704 563//563 489//489
f 489//489 563//563 705//705
f 489//489 705//705 487//487
f 706//706 707//707 708//708
f 708//708 707//707 562//562
f 708//708 562//562 709//709
f 709//709 562//562 564//564
f 709//709 564//564 520//520
f 520//520 564//564 555//555
f 520//520 555//555 447//447
f 447//447 555//555 449//449
f 707//707 710//710 562//562
f 562//562 710//710 711//711
f 562//562 711//711 563//563
f 563//563 711//711 712//712
f 563//563 712//712 705//705
f 713//713 706//706 714//714
f 714//714 706//706 708//708
f 714//714 708//708 715//715
f 715//715 708//708 709//709
f 715//715 709//709 716//716
f 716//716 709//709 520//520
f 716//716 520//520 444//444
f 444//444 520//520 445//445
f 717//717 718//718 719//719
f 719//719 718//718 714//714
f 719//719 714//714 720//720
f 720//720 714//714 715//715
f 720//720 715//715 556//556
f 556//556 715//715 716//716
f 556//556 716//716 442//442
f 442//442 716//716 444//444
f 721//721 722//722 723//723
f 723//723 722//722 719//719
f 723//723 719//719 724//724
f 724//724 719//719 720//720
f 724//724 720//720 519//519
f 519//519 720//720 556//556
f 519//519 556//556 438//438
f 438//438 556//556 440//440
f 725//725 726//726 727//727
f 727//727 726//726 723//723
f 727//727 723//723 728//728
f 728//728 723//723 724//724
f 728//728 724//724 729//729
f 729//729 724//724 519//519
f 729//729 519//519 435//435
f 730//730 731//731 732//732
f 732//732 731//731 727//727
f 732//732 727//727 733//733
f 733//733 727//727 728//728
f 733//733 728//728 557//557
f 557//557 728//728 729//729
f 557//557 729//729 433//433
f 433//433 729//729 435//435
f 734//734 735//735 736//736
f 736//736 735//735 732//732
f 736//736 732//732 737//737
f 737//737 732//732 733//733
f 737//737 733//733 518//518
f 518//518 733//733 557//557
f 518//518 557//557 429//429
f 429//429 557//557 431//431
f 738//738 739//739 740//740
f 740//740 739//739 736//736
f 740//740 736//736 741//741
f 741//741 736//736 737//737
f 741//741 737//737 742//742
f 742//742 737//737 518//518
f 742//742 518//518 426//426
f 743//743 744//744 745//745
f 745//745 744//744 740//740
f 745//745 740//740 746//746
f 746//746 740//740 741//741
f 746//746 741//741 558//558
f 558//558 741//741 742//742
f 558//558 742//742 424//424
f 424//424 742//742 426//426
f 747//747 748//748 749//749
f 749//749 748//748 745//745
f 749//749 745//745 750//750
f 750//750 745//745 746//746
f 750//750 746//746 517//517
f 517//517 746//746 558//558
f 517//517 558//558 420//420
f 420//420 558//558 422//422
f 568//568 751//751 559//559
f 559//559 751//751 749//749
f 559//559 749//749 516//516
f 516//516 749//749 750//750
f 516//516 750//750 514//514
f 514//514 750//750 517//517
f 514//514 517//517 417//417
f 752//752 753//753 572//572
f 572//572 571//571 752//752
f 752//752 577//577 754//754
f 577//577 576//576 754//754
f 754//754 581//581 755//755
f 581//581 580//580 755//755
f 755//755 585//585 756//756
f 585//585 584//584 756//756
f 756//756 584//584 590//590
f 756//756 590//590 757//757
f 590//590 589//589 757//757
f 757//757 594//594 758//758
f 594//594 593//593 758//758
f 758//758 593//593 598//598
f 758//758 598//598 759//759
f 598//598 597//597 759//759
f 759//759 597//597 603//603
f 759//759 603//603 760//760
f 603//603 602//602 760//760
f 760//760 602//602 608//608
f 760//760 608//608 761//761
f 608//608 606//606 761//761
f 761//761 606//606 605//605
f 761//761 605//605 762//762
f 605//605 611//611 762//762
f 762//762 611//611 610//610
f 762//762 610//610 763//763
f 610//610 615//615 763//763
f 763//763 615//615 614//614
f 763//763 614//614 764//764
f 614//614 619//619 764//764
f 764//764 619//619 623//623
f 764//764 623//623 765//765
f 623//623 622//622 765//765
f 765//765 622//622 628//628
f 765//765 628//628 766//766
f 628//628 626//626 766//766
f 766//766 626//626 625//625
f 766//766 625//625 767//767
f 625//625 631//631 767//767
f 767//767 631//631 630//630
f 767//767 630//630 768//768
f 630//630 635//635 768//768
f 768//768 635//635 634//634
f 768//768 634//634 769//769
f 634//634 639//639 769//769
f 769//769 639//639 638//638
f 769//769 638//638 770//770
f 638//638 643//643 770//770
f 770//770 643//643 642//642
f 770//770 642//642 771//771
f 642//642 647//647 771//771
f 771//771 647//647 646//646
f 771//771 646//646 772//772
f 646//646 651//651 772//772
f 772//772 651//651 650//650
f 772//772 650//650 773//773
f 650//650 655//655 773//773
f 773//773 655//655 654//654
f 773//773 654//654 774//774
f 654//654 659//659 774//774
f 774//774 659//659 658//658
f 774//774 658//658 775//775
f 658//658 663//663 775//775
f 775//775 663//663 662//662
f 775//775 662//662 776//776
f 662//662 667//667 776//776
f 776//776 667//667 666//666
f 776//776 666//666 777//777
f 666//666 671//671 777//777
f 777//777 671//671 670//670
f 777//777 670//670 778//778
f 670//670 676//676 778//778
f 778//778 676//676 674//674
f 778//778 674//674 779//779
f 674//674 673//673 779//779
f 779//779 673//673 512//512
f 779//779 512//512 780//780
f 512//512 511//511 780//780
f 780//780 511//511 509//509
f 780//780 509//509 781//781
f 509//509 508//508 781//781
f 781//781 508//508 506//506
f 781//781 506//506 782//782
f 506//506 505//505 782//782
f 782//782 505//505 503//503
f 782//782 503//503 783//783
f 503//503 502//502 783//783
f 783//783 502//502 500//500
f 783//783 500//500 784//784
f 500//500 499//499 784//784
f 784//784 499//499 687//687
f 784//784 687//687 785//785
f 687//687 689//689 785//785
f 785//785 689//689 497//497
f 785//785 497//497 786//786
f 497//497 496//496 786//786
f 786//786 496//496 692//692
f 786//786 692//692 787//787
f 692//692 694//694 787//787
f 787//787 694//694 494//494
f 787//787 494//494 788//788
f 494//494 493//493 788//788
f 788//788 493//493 697//697
f 788//788 697//697 789//789
f 697//697 701//701 789//789
f 789//789 701//701 700//700
f 789//789 700//700 790//790
f 700//700 703//703 790//790
f 790//790 703//703 491//491
f 790//790 491//491 791//791
f 491//491 490//490 791//791
f 791//791 490//490 488//488
f 791//791 488//488 792//792
f 488//488 487//487 792//792
f 792//792 487//487 705//705
f 792//792 705//705 793//793
f 705//705 712//712 793//793
f 793//793 712//712 711//711
f 793//793 711//711 794//794
f 711//711 710//710 794//794
f 794//794 710//710 707//707
f 794//794 707//707 795//795
f 795//795 706//706 713//713
f 795//795 713//713 796//796
f 796//796 718//718 717//717
f 796//796 717//717 797//797
f 717//717 722//722 797//797
f 797//797 722//722 721//721
f 797//797 721//721 798//798
f 798//798 726//726 725//725
f 798//798 725//725 799//799
f 799//799 731//731 730//730
f 799//799 730//730 800//800
f 800//800 735//735 734//734
f 800//800 734//734 801//801
f 801//801 739//739 738//738
f 801//801 738//738 802//802
f 802//802 744//744 743//743
f 802//802 743//743 803//803
f 803//803 748//748 747//747
f 803//803 747//747 804//804
f 804//804 751//751 805//805
f 805//805 751//751 568//568
f 805//805 568//568 753//753
f 753//753 568//568 567//567
f 804//804 806//806 803//803
f 803//803 806//806 807//807
f 803//803 807//807 802//802
f 802//802 807//807 808//808
f 802//802 808//808 801//801
f 801//801 808//808 809//809
f 801//801 809//809 800//800
f 800//800 809//809 810//810
f 800//800 810//810 799//799
f 799//799 810//810 811//811
f 799//799 811//811 798//798
f 798//798 811//811 812//812
f 798//798 812//812 797//797
f 797//797 812//812 813//813
f 797//797 813//813 796//796
f 796//796 813//813 814//814
f 796//796 814//814 795//795
f 795//795 814//814 815//815
f 795//795 815//815 794//794
f 794//794 815//815 816//816
f 794//794 816//816 793//793
f 793//793 816//816 817//817
f 793//793 817//817 792//792
f 792//792 817//817 818//818
f 792//792 818//818 791//791
f 791//791 818//818 819//819
f 791//791 819//819 790//790
f 790//790 819//819 820//820
f 790//790 820//820 789//789
f 789//789 820//820 821//821
f 789//789 821//821 788//788
f 788//788 821//821 822//822
f 788//788 822//822 787//787
f 787//787 822//822 823//823
f 787//787 823//823 786//786
f 786//786 823//823 824//824
f 786//786 824//824 785//785
f 785//785 824//824 825//825
f 785//785 825//825 784//784
f 784//784 825//825 826//826
f 784//784 826//826 783//783
f 783//783 826//826 827//827
f 783//783 827//827 782//782
f 782//782 827//827 828//828
f 782//782 828//828 781//781
f 781//781 828//828 829//829
f 781//781 829//829 780//780
f 780//780 829//829 830//830
f 780//780 830//830 779//779
f 779//779 830//830 831//831
f 779//779 831//831 778//778
f 778//778 831//831 832//832
f 778//778 832//832 777//777
f 777//777 832//832 833//833
f 777//777 833//833 776//776
f 776//776 833//833 834//834
f 776//776 834//834 775//775
f 775//775 834//834 835//835
f 775//775 835//835 774//774
f 774//774 835//835 836//836
f 774//774 836//836 773//773
f 773//773 836//836 837//837
f 773//773 837//837 772//772
f 772//772 837//837 838//838
f 772//772 838//838 771//771
f 771//771 838//838 839//839
f 771//771 839//839 770//770
f 770//770 839//839 840//840
f 770//770 840//840 769//769
f 769//769 840//840 841//841
f 769//769 841//841 768//768
f 768//768 841//841 842//842
f 768//768 842//842 767//767
f 767//767 842//842 843//843
f 767//767 843//843 766//766
f 766//766 843//843 844//844
f 766//766 844//844 765//765
f 765//765 844//844 845//845
f 765//765 845//845 764//764
f 764//764 845//845 846//846
f 764//764 846//846 763//763
f 763//763 846//846 847//847
f 763//763 847//847 762//762
f 762//762 847//847 848//848
f 762//762 848//848 761//761
f 761//761 848//848 849//849
f 761//761 849//849 760//760
f 760//760 849//849 850//850
f 760//760 850//850 759//759
f 759//759 850//850 851//851
f 759//759 851//851 758//758
f 758//758 851//851 852//852
f 758//758 852//852 757//757
f 757//757 852//852 853//853
f 757//757 853//853 756//756
f 756//756 853//853 854//854
f 756//756 854//854 755//755
f 755//755 854//854 855//855
f 755//755 855//855 754//754
f 754//754 855//855 856//856
f 754//754 856//856 752//752
f 752//752 856//856 857//857
f 752//752 857//857 753//753
f 753//753 857//857 858//858
f 753//753 858//858 805//805
f 805//805 858//858 859//859
f 805//805 859//859 804//804
f 804//804 859//859 806//806
f 810//810 860//860 811//811
f 811//811 860//860 861//861
f 811//811 861//861 812//812
f 812//812 861//861 862//862
f 812//812 862//862 813//813
f 813//813 863//863 814//814
f 818//818 864//864 819//819
f 819//819 864//864 865//865
f 825//825 866//866 826//826
f 826//826 867//867 827//827
f 827//827 868//868 828//828
f 828//828 869//869 829//829
f 829//829 870//870 830//830
f 830//830 870//870 871//871
f 830//830 871//871 831//831
f 831//831 871//871 872//872
f 831//831 872//872 832//832
f 832//832 872//872 873//873
f 832//832 873//873 833//833
f 833//833 873//873 874//874
f 833//833 874//874 834//834
f 834//834 874//874 875//875
f 834//834 875//875 835//835
f 835//835 875//875 876//876
f 835//835 876//876 836//836
f 836//836 876//876 877//877
f 836//836 877//877 837//837
f 837//837 877//877 878//878
f 837//837 878//878 838//838
f 838//838 878//878 879//879
f 838//838 879//879 839//839
f 839//839 879//879 880//880
f 839//839 880//880 840//840
f 840//840 880//880 881//881
f 840//840 881//881 841//841
f 841//841 881//881 882//882
f 841//841 882//882 842//842
f 842//842 882//882 883//883
f 842//842 883//883 843//843
f 843//843 883//883 884//884
f 843//843 884//884 844//844
f 844//844 884//884 885//885
f 844//844 885//885 845//845
f 845//845 885//885 886//886
f 845//845 886//886 846//846
f 846//846 886//886 887//887
f 846//846 887//887 847//847
f 847//847 887//887 888//888
f 847//847 888//888 848//848
f 848//848 888//888 889//889
f 848//848 889//889 849//849
f 849//849 889//889 890//890
f 849//849 890//890 850//850
f 850//850 890//890 891//891
f 850//850 891//891 851//851
f 851//851 891//891 892//892
f 851//851 892//892 852//852
f 853//853 893//893 894//894
f 853//853 894//894 854//854
f 856//856 895//895 857//857
f 858//858 896//896 859//859
f 859//859 897//897 806//806
